t,x,y,yaw,v,w,t_abs
0.022,1.2000,5.0000,0.0000,0.0000,0.0000,1788740061.887
0.042,1.2000,5.0000,0.0000,0.0000,0.0000,1788740061.907
0.062,1.2000,5.0000,0.0000,0.0000,0.0000,1788740061.927
0.082,1.2000,5.0000,0.0000,0.0000,0.0000,1788740061.947
0.102,1.2000,5.0000,0.0000,0.0000,0.0000,1788740061.967
0.123,1.2000,5.0000,0.0000,0.0000,0.0000,1788740061.988
0.143,1.2000,5.0000,0.0000,0.0000,0.0000,1788740062.008
0.163,1.2000,5.0000,0.0000,0.0000,0.0000,1788740062.028
0.182,1.2000,5.0000,0.0000,0.0000,0.0000,1788740062.047
0.202,1.2000,5.0000,0.0000,0.0000,0.0000,1788740062.067
0.222,1.2000,5.0000,0.0000,0.0000,0.0000,1788740062.087
0.242,1.2000,5.0000,0.0000,0.0000,0.0000,1788740062.107
0.262,1.2000,5.0000,0.0000,0.0000,0.0000,1788740062.127
0.282,1.2000,5.0000,0.0000,0.0000,0.0000,1788740062.147
0.302,1.2000,5.0000,0.0000,0.0000,0.0000,1788740062.167
0.322,1.2000,5.0000,0.0000,0.0000,0.0000,1788740062.187
0.342,1.2000,5.0000,0.0000,0.0000,0.0000,1788740062.207
0.362,1.2000,5.0000,0.0000,0.0000,0.0000,1788740062.227
0.382,1.2000,5.0000,0.0000,0.0000,0.0000,1788740062.247
0.402,1.2000,5.0000,0.0000,0.0000,0.0000,1788740062.267
0.422,1.2000,5.0000,0.0000,0.0000,0.0000,1788740062.287
0.442,1.2000,5.0000,0.0000,0.0000,0.0000,1788740062.307
0.462,1.2000,5.0000,0.0000,0.0000,0.0000,1788740062.327
0.482,1.2000,5.0000,0.0000,0.0000,0.0000,1788740062.347
0.502,1.2000,5.0000,0.0000,0.0000,0.0000,1788740062.367
0.522,1.2000,5.0000,0.0000,0.0000,0.0000,1788740062.387
0.542,1.2000,5.0000,0.0000,0.0000,0.0000,1788740062.407
0.562,1.2000,5.0000,0.0000,0.0000,0.0000,1788740062.427
0.582,1.2000,5.0000,0.0000,0.0000,0.0000,1788740062.447
0.603,1.2000,5.0000,0.0000,0.0000,0.0000,1788740062.468
0.622,1.2000,5.0000,0.0000,0.0000,0.0000,1788740062.487
0.642,1.2000,5.0000,0.0000,0.0000,0.0000,1788740062.507
0.662,1.2000,5.0000,0.0000,0.0000,0.0000,1788740062.527
0.683,1.2000,5.0000,0.0000,0.0000,0.0000,1788740062.548
0.702,1.2000,5.0000,0.0000,0.0000,0.0000,1788740062.567
0.722,1.2000,5.0000,0.0000,0.0000,0.0000,1788740062.587
0.742,1.2000,5.0000,0.0000,0.0000,0.0000,1788740062.607
0.762,1.2000,5.0000,0.0000,0.0000,0.0000,1788740062.627
0.782,1.2000,5.0000,0.0000,0.0000,0.0000,1788740062.647
0.803,1.2000,5.0000,0.0000,0.0000,0.0000,1788740062.668
0.822,1.2000,5.0000,0.0000,0.0000,0.0000,1788740062.687
0.843,1.2000,5.0000,0.0000,0.0000,0.0000,1788740062.708
0.862,1.2000,5.0000,0.0000,0.0000,0.0000,1788740062.727
0.883,1.2000,5.0000,0.0000,0.0000,0.0000,1788740062.748
0.902,1.2000,5.0000,0.0000,0.0000,0.0000,1788740062.767
0.922,1.2000,5.0000,0.0000,0.0000,0.0000,1788740062.787
0.942,1.2000,5.0000,0.0000,0.0000,0.0000,1788740062.807
0.962,1.2000,5.0000,0.0000,0.0000,0.0000,1788740062.827
0.982,1.2000,5.0000,0.0000,0.0000,0.0000,1788740062.847
1.002,1.2000,5.0000,0.0000,0.0000,0.0000,1788740062.867
1.022,1.2000,5.0000,0.0000,0.0000,0.0000,1788740062.887
1.042,1.2000,5.0000,0.0000,0.0000,0.0000,1788740062.907
1.062,1.2000,5.0000,0.0000,0.0000,0.0000,1788740062.927
1.082,1.2000,5.0000,0.0000,0.0000,0.0000,1788740062.947
1.102,1.2000,5.0000,0.0000,0.0000,0.0000,1788740062.967
1.122,1.2000,5.0000,0.0000,0.0000,0.0000,1788740062.987
1.142,1.2000,5.0000,0.0000,0.0000,0.0000,1788740063.007
1.163,1.2000,5.0000,0.0000,0.0000,0.0000,1788740063.028
1.183,1.2000,5.0000,0.0000,0.0000,0.0000,1788740063.048
1.203,1.2000,5.0000,0.0000,0.0000,0.0000,1788740063.068
1.222,1.2000,5.0000,0.0000,0.0000,0.0000,1788740063.087
1.242,1.2000,5.0000,0.0000,0.0000,0.0000,1788740063.107
1.262,1.2000,5.0000,0.0000,0.0000,0.0000,1788740063.127
1.282,1.2000,5.0000,0.0000,0.0000,0.0000,1788740063.147
1.302,1.2000,5.0000,0.0000,0.0000,0.0000,1788740063.167
1.322,1.2000,5.0000,0.0000,0.0000,0.0000,1788740063.187
1.342,1.2000,5.0000,0.0000,0.0000,0.0000,1788740063.207
1.362,1.2000,5.0000,0.0000,0.0000,0.0000,1788740063.227
1.382,1.2000,5.0000,0.0000,0.0000,0.0000,1788740063.247
1.402,1.2000,5.0000,0.0000,0.0000,0.0000,1788740063.267
1.422,1.2000,5.0000,0.0000,0.0000,0.0000,1788740063.287
1.443,1.2000,5.0000,0.0000,0.0000,0.0000,1788740063.308
1.462,1.2000,5.0000,0.0000,0.0000,0.0000,1788740063.327
1.482,1.2000,5.0000,0.0000,0.0000,0.0000,1788740063.347
1.503,1.2000,5.0000,0.0000,0.0000,0.0000,1788740063.368
1.522,1.2000,5.0000,0.0000,0.0000,0.0000,1788740063.387
1.542,1.2000,5.0000,0.0000,0.0000,0.0000,1788740063.407
1.563,1.2000,5.0000,0.0000,0.0000,0.0000,1788740063.428
1.582,1.2000,5.0000,0.0000,0.0000,0.0000,1788740063.447
1.602,1.2000,5.0000,0.0000,0.0000,0.0000,1788740063.467
1.622,1.2000,5.0000,0.0000,0.0000,0.0000,1788740063.487
1.642,1.2000,5.0000,0.0000,0.0000,0.0000,1788740063.507
1.662,1.2000,5.0000,0.0000,0.0000,0.0000,1788740063.527
1.683,1.2000,5.0000,0.0000,0.0000,0.0000,1788740063.548
1.703,1.2000,5.0000,0.0000,0.0000,0.0000,1788740063.568
1.722,1.2000,5.0000,0.0000,0.0000,0.0000,1788740063.587
1.742,1.2000,5.0000,0.0000,0.0000,0.0000,1788740063.607
1.762,1.2000,5.0000,0.0000,0.0000,0.0000,1788740063.627
1.782,1.2000,5.0000,0.0000,0.0000,0.0000,1788740063.647
1.802,1.2000,5.0000,0.0000,0.0000,0.0000,1788740063.667
1.822,1.2000,5.0000,0.0000,0.0000,0.0000,1788740063.687
1.843,1.2000,5.0000,0.0000,0.0000,0.0000,1788740063.708
1.862,1.2000,5.0000,0.0000,0.0000,0.0000,1788740063.727
1.882,1.2000,5.0000,0.0000,0.0000,0.0000,1788740063.747
1.902,1.2000,5.0000,0.0000,0.0000,0.0000,1788740063.767
1.922,1.2000,5.0000,0.0000,0.0000,0.0000,1788740063.787
1.942,1.2000,5.0000,0.0000,0.0000,0.0000,1788740063.807
1.962,1.2000,5.0000,0.0000,0.0000,0.0000,1788740063.827
1.983,1.2000,5.0000,0.0000,0.0000,0.0000,1788740063.848
2.002,1.2000,5.0000,0.0000,0.0000,0.0000,1788740063.867
2.022,1.2000,5.0000,0.0000,0.0000,0.0000,1788740063.887
2.042,1.2000,5.0000,0.0000,0.0000,0.0000,1788740063.907
2.062,1.2000,5.0000,0.0000,0.0000,0.0000,1788740063.927
2.082,1.2000,5.0000,0.0000,0.0000,0.0000,1788740063.947
2.102,1.2000,5.0000,0.0000,0.0000,0.0000,1788740063.967
2.122,1.2000,5.0000,0.0000,0.0000,0.0000,1788740063.987
2.142,1.2000,5.0000,0.0000,0.0000,0.0000,1788740064.007
2.162,1.2000,5.0000,0.0000,0.0000,0.0000,1788740064.027
2.182,1.2000,5.0000,0.0000,0.0000,0.0000,1788740064.047
2.202,1.2000,5.0000,0.0000,0.0000,0.0000,1788740064.067
2.222,1.2000,5.0000,0.0000,0.0000,0.0000,1788740064.087
2.242,1.2000,5.0000,0.0000,0.0000,0.0000,1788740064.107
2.262,1.2000,5.0000,0.0000,0.0000,0.0000,1788740064.127
2.282,1.2000,5.0000,0.0000,0.0000,0.0000,1788740064.147
2.302,1.2000,5.0000,0.0000,0.0000,0.0000,1788740064.167
2.322,1.2000,5.0000,0.0000,0.0000,0.0000,1788740064.187
2.342,1.2000,5.0000,0.0000,0.0000,0.0000,1788740064.207
2.362,1.2000,5.0000,0.0000,0.0000,0.0000,1788740064.227
2.382,1.2000,5.0000,0.0000,0.0000,0.0000,1788740064.247
2.402,1.2000,5.0000,0.0000,0.0000,0.0000,1788740064.267
2.422,1.2000,5.0000,0.0000,0.0000,0.0000,1788740064.287
2.442,1.2000,5.0000,0.0000,0.0000,0.0000,1788740064.307
2.463,1.2000,5.0000,0.0000,0.0000,0.0000,1788740064.328
2.483,1.2000,5.0000,0.0000,0.0000,0.0000,1788740064.348
2.503,1.2000,5.0000,0.0000,0.0000,0.0000,1788740064.368
2.522,1.2000,5.0000,0.0000,0.0000,0.0000,1788740064.387
2.543,1.2000,5.0000,0.0000,0.0000,0.0000,1788740064.408
2.563,1.2000,5.0000,0.0000,0.0000,0.0000,1788740064.428
2.582,1.2000,5.0000,0.0000,0.0000,0.0000,1788740064.447
2.602,1.2000,5.0000,0.0000,0.0000,0.0000,1788740064.467
2.622,1.2000,5.0000,0.0000,0.0000,0.0000,1788740064.487
2.642,1.2000,5.0000,0.0000,0.0000,0.0000,1788740064.507
2.662,1.2000,5.0000,0.0000,0.0000,0.0000,1788740064.527
2.682,1.2000,5.0000,0.0000,0.0000,0.0000,1788740064.547
2.703,1.2000,5.0000,0.0000,0.0000,0.0000,1788740064.568
2.722,1.2000,5.0000,0.0000,0.0000,0.0000,1788740064.587
2.742,1.2000,5.0000,0.0000,0.0000,0.0000,1788740064.607
2.762,1.2000,5.0000,0.0000,0.0000,0.0000,1788740064.627
2.782,1.2000,5.0000,0.0000,0.0000,0.0000,1788740064.647
2.802,1.2000,5.0000,0.0000,0.0000,0.0000,1788740064.667
2.822,1.2000,5.0000,0.0000,0.0000,0.0000,1788740064.687
2.842,1.2000,5.0000,0.0000,0.0000,0.0000,1788740064.707
2.862,1.2000,5.0000,0.0000,0.0000,0.0000,1788740064.727
2.882,1.2000,5.0000,0.0000,0.0000,0.0000,1788740064.747
2.902,1.2000,5.0000,0.0000,0.0000,0.0000,1788740064.767
2.922,1.2000,5.0000,0.0000,0.0000,0.0000,1788740064.787
2.942,1.2000,5.0000,0.0000,0.0000,0.0000,1788740064.807
2.962,1.2000,5.0000,0.0000,0.0000,0.0000,1788740064.827
2.982,1.2000,5.0000,0.0000,0.0000,0.0000,1788740064.847
3.002,1.2000,5.0000,0.0000,0.0000,0.0000,1788740064.867
3.022,1.2000,5.0000,0.0000,0.0000,0.0000,1788740064.887
3.042,1.2000,5.0000,0.0000,0.0000,0.0000,1788740064.907
3.062,1.2000,5.0000,0.0000,0.0000,0.0000,1788740064.927
3.082,1.2000,5.0000,0.0000,0.0000,0.0000,1788740064.947
3.102,1.2000,5.0000,0.0000,0.0000,0.0000,1788740064.967
3.122,1.2000,5.0000,0.0000,0.0000,0.0000,1788740064.987
3.142,1.2000,5.0000,0.0000,0.0000,0.0000,1788740065.007
3.162,1.2000,5.0000,0.0000,0.0000,0.0000,1788740065.027
3.183,1.2000,5.0000,0.0000,0.0000,0.0000,1788740065.048
3.202,1.2000,5.0000,0.0000,0.0000,0.0000,1788740065.067
3.222,1.2000,5.0000,0.0000,0.0000,0.0000,1788740065.087
3.242,1.2000,5.0000,0.0000,0.0000,0.0000,1788740065.107
3.262,1.2000,5.0000,0.0000,0.0000,0.0000,1788740065.127
3.283,1.2000,5.0000,0.0000,0.0000,0.0000,1788740065.148
3.302,1.2000,5.0000,0.0000,0.0000,0.0000,1788740065.167
3.322,1.2000,5.0000,0.0000,0.0000,0.0000,1788740065.187
3.342,1.2000,5.0000,0.0000,0.0000,0.0000,1788740065.207
3.362,1.2000,5.0000,0.0000,0.0000,0.0000,1788740065.227
3.382,1.2000,5.0000,0.0000,0.0000,0.0000,1788740065.247
3.402,1.2000,5.0000,0.0000,0.0000,0.0000,1788740065.267
3.422,1.2000,5.0000,0.0000,0.0000,0.0000,1788740065.287
3.442,1.2000,5.0000,0.0000,0.0000,0.0000,1788740065.307
3.462,1.2000,5.0000,0.0000,0.0000,0.0000,1788740065.327
3.482,1.2000,5.0000,0.0000,0.0000,0.0000,1788740065.347
3.502,1.2000,5.0000,0.0000,0.0000,0.0000,1788740065.367
3.522,1.2000,5.0000,0.0000,0.0000,0.0000,1788740065.387
3.542,1.2000,5.0000,0.0000,0.0000,0.0000,1788740065.407
3.562,1.2000,5.0000,0.0000,0.0000,0.0000,1788740065.427
3.582,1.2000,5.0000,0.0000,0.0000,0.0000,1788740065.447
3.602,1.2000,5.0000,0.0000,0.0000,0.0000,1788740065.467
3.622,1.2000,5.0000,0.0000,0.0000,0.0000,1788740065.487
3.642,1.2000,5.0000,0.0000,0.0000,0.0000,1788740065.507
3.662,1.2000,5.0000,0.0000,0.0000,0.0000,1788740065.527
3.682,1.2000,5.0000,0.0000,0.0000,0.0000,1788740065.547
3.702,1.2000,5.0000,0.0000,0.0000,0.0000,1788740065.567
3.722,1.2000,5.0000,0.0000,0.0000,0.0000,1788740065.587
3.742,1.2000,5.0000,0.0000,0.0000,0.0000,1788740065.607
3.762,1.2000,5.0000,0.0000,0.0000,0.0000,1788740065.627
3.782,1.2000,5.0000,0.0000,0.0000,0.0000,1788740065.647
3.802,1.2000,5.0000,0.0000,0.0000,0.0000,1788740065.667
3.822,1.2000,5.0000,0.0000,0.0000,0.0000,1788740065.687
3.842,1.2000,5.0000,0.0000,0.0000,0.0000,1788740065.707
3.862,1.2000,5.0000,0.0000,0.0000,0.0000,1788740065.727
3.882,1.2000,5.0000,0.0000,0.0000,0.0000,1788740065.747
3.902,1.2000,5.0000,0.0000,0.0000,0.0000,1788740065.767
3.922,1.2000,5.0000,0.0000,0.0000,0.0000,1788740065.787
3.942,1.2000,5.0000,0.0000,0.0000,0.0000,1788740065.807
3.963,1.2000,5.0000,0.0000,0.0000,0.0000,1788740065.828
3.982,1.2000,5.0000,0.0000,0.0000,0.0000,1788740065.847
4.002,1.2000,5.0000,0.0000,0.0000,0.0000,1788740065.867
4.022,1.2000,5.0000,0.0000,0.0000,0.0000,1788740065.887
4.042,1.2000,5.0000,0.0000,0.0000,0.0000,1788740065.907
4.062,1.2000,5.0000,0.0000,0.0000,0.0000,1788740065.927
4.083,1.2000,5.0000,0.0000,0.0000,0.0000,1788740065.948
4.102,1.2000,5.0000,0.0000,0.0000,0.0000,1788740065.967
4.122,1.2000,5.0000,0.0000,0.0000,0.0000,1788740065.987
4.143,1.2000,5.0000,0.0000,0.0000,0.0000,1788740066.007
4.162,1.2000,5.0000,0.0000,0.0000,0.0000,1788740066.027
4.183,1.2000,5.0000,0.0000,0.0000,0.0000,1788740066.048
4.203,1.2000,5.0000,0.0000,0.0000,0.0000,1788740066.068
4.222,1.2000,5.0000,0.0000,0.0000,0.0000,1788740066.087
4.242,1.2000,5.0000,0.0000,0.0000,0.0000,1788740066.107
4.262,1.2000,5.0000,0.0000,0.0000,0.0000,1788740066.127
4.282,1.2000,5.0000,0.0000,0.0000,0.0000,1788740066.147
4.303,1.2000,5.0000,0.0000,0.0000,0.0000,1788740066.168
4.322,1.2000,5.0000,0.0000,0.0000,0.0000,1788740066.187
4.342,1.2000,5.0000,0.0000,0.0000,0.0000,1788740066.207
4.362,1.2000,5.0000,0.0000,0.0000,0.0000,1788740066.227
4.382,1.2000,5.0000,0.0000,0.0000,0.0000,1788740066.247
4.402,1.2000,5.0000,0.0000,0.0000,0.0000,1788740066.267
4.422,1.2000,5.0000,0.0000,0.0000,0.0000,1788740066.287
4.442,1.2000,5.0000,0.0000,0.0000,0.0000,1788740066.307
4.462,1.2000,5.0000,0.0000,0.0000,0.0000,1788740066.327
4.482,1.2000,5.0000,0.0000,0.0000,0.0000,1788740066.347
4.502,1.2000,5.0000,0.0000,0.0000,0.0000,1788740066.367
4.522,1.2000,5.0000,0.0000,0.0000,0.0000,1788740066.387
4.542,1.2000,5.0000,0.0000,0.0000,0.0000,1788740066.407
4.563,1.2000,5.0000,0.0000,0.0000,0.0000,1788740066.428
4.582,1.2000,5.0000,0.0000,0.0000,0.0000,1788740066.447
4.602,1.2000,5.0000,0.0000,0.0000,0.0000,1788740066.467
4.622,1.2000,5.0000,0.0000,0.0000,0.0000,1788740066.487
4.642,1.2000,5.0000,0.0000,0.0000,0.0000,1788740066.507
4.663,1.2000,5.0000,0.0000,0.0000,0.0000,1788740066.528
4.682,1.2000,5.0000,0.0000,0.0000,0.0000,1788740066.547
4.703,1.2000,5.0000,0.0000,0.0000,0.0000,1788740066.568
4.722,1.2000,5.0000,0.0000,0.0000,0.0000,1788740066.587
4.742,1.2000,5.0000,0.0000,0.0000,0.0000,1788740066.607
4.762,1.2000,5.0000,0.0000,0.0000,0.0000,1788740066.627
4.782,1.2000,5.0000,0.0000,0.0000,0.0000,1788740066.647
4.802,1.2000,5.0000,0.0000,0.0000,0.0000,1788740066.667
4.822,1.2000,5.0000,0.0000,0.0000,0.0000,1788740066.687
4.842,1.2000,5.0000,0.0000,0.0000,0.0000,1788740066.707
4.862,1.2000,5.0000,0.0000,0.0000,0.0000,1788740066.727
4.882,1.2000,5.0000,0.0000,0.0000,0.0000,1788740066.747
4.902,1.2000,5.0000,0.0000,0.0000,0.0000,1788740066.767
4.922,1.2000,5.0000,0.0000,0.0000,0.0000,1788740066.787
4.942,1.2000,5.0000,0.0000,0.0000,0.0000,1788740066.807
4.962,1.2000,5.0000,0.0000,0.0000,0.0000,1788740066.827
4.982,1.2000,5.0000,0.0000,0.0000,0.0000,1788740066.847
5.002,1.2000,5.0000,0.0000,0.0000,0.0000,1788740066.867
5.022,1.2000,5.0000,0.0000,0.0000,0.0000,1788740066.887
5.042,1.2000,5.0000,0.0000,0.0000,0.0000,1788740066.907
5.062,1.2000,5.0000,0.0000,0.0000,0.0000,1788740066.927
5.082,1.2000,5.0000,0.0000,0.0000,0.0000,1788740066.947
5.102,1.2000,5.0000,0.0000,0.0000,0.0000,1788740066.967
5.122,1.2000,5.0000,0.0000,0.0000,0.0000,1788740066.987
5.142,1.2000,5.0000,0.0000,0.0000,0.0000,1788740067.007
5.163,1.2000,5.0000,0.0000,0.0000,0.0000,1788740067.028
5.182,1.2000,5.0000,0.0000,0.0000,0.0000,1788740067.047
5.202,1.2000,5.0000,0.0000,0.0000,0.0000,1788740067.067
5.222,1.2000,5.0000,0.0000,0.0000,0.0000,1788740067.087
5.242,1.2000,5.0000,0.0000,0.0000,0.0000,1788740067.107
5.263,1.2000,5.0000,0.0000,0.0000,0.0000,1788740067.128
5.282,1.2000,5.0000,0.0000,0.0000,0.0000,1788740067.147
5.302,1.2000,5.0000,0.0000,0.0000,0.0000,1788740067.167
5.322,1.2000,5.0000,0.0000,0.0000,0.0000,1788740067.187
5.342,1.2000,5.0000,0.0000,0.0000,0.0000,1788740067.207
5.362,1.2000,5.0000,0.0000,0.0000,0.0000,1788740067.227
5.383,1.2000,5.0000,0.0000,0.0000,0.0000,1788740067.248
5.403,1.2000,5.0000,0.0000,0.0000,0.0000,1788740067.268
5.422,1.2000,5.0000,0.0000,0.0000,0.0000,1788740067.287
5.442,1.2000,5.0000,0.0000,0.0000,0.0000,1788740067.307
5.462,1.2000,5.0000,0.0000,0.0000,0.0000,1788740067.327
5.482,1.2000,5.0000,0.0000,0.0000,0.0000,1788740067.347
5.502,1.2000,5.0000,0.0000,0.0000,0.0000,1788740067.367
5.522,1.2000,5.0000,0.0000,0.0000,0.0000,1788740067.387
5.542,1.2000,5.0000,0.0000,0.0000,0.0000,1788740067.407
5.563,1.2000,5.0000,0.0000,0.0000,0.0000,1788740067.428
5.582,1.2000,5.0000,0.0000,0.0000,0.0000,1788740067.447
5.602,1.2000,5.0000,0.0000,0.0000,0.0000,1788740067.467
5.622,1.2000,5.0000,0.0000,0.0000,0.0000,1788740067.487
5.642,1.2000,5.0000,0.0000,0.0000,0.0000,1788740067.507
5.662,1.2000,5.0000,0.0000,0.0000,0.0000,1788740067.527
5.682,1.2000,5.0000,0.0000,0.0000,0.0000,1788740067.547
5.702,1.2000,5.0000,0.0000,0.0000,0.0000,1788740067.567
5.722,1.2000,5.0000,0.0000,0.0000,0.0000,1788740067.587
5.742,1.2000,5.0000,0.0000,0.0000,0.0000,1788740067.607
5.762,1.2000,5.0000,0.0000,0.0000,0.0000,1788740067.627
5.782,1.2000,5.0000,0.0000,0.0000,0.0000,1788740067.647
5.802,1.2000,5.0000,0.0000,0.0000,0.0000,1788740067.667
5.822,1.2000,5.0000,0.0000,0.0000,0.0000,1788740067.687
5.842,1.2000,5.0000,0.0000,0.0000,0.0000,1788740067.707
5.862,1.2000,5.0000,0.0000,0.0000,0.0000,1788740067.727
5.883,1.2000,5.0000,0.0000,0.0000,0.0000,1788740067.748
5.902,1.2000,5.0000,0.0000,0.0000,0.0000,1788740067.767
5.922,1.2000,5.0000,0.0000,0.0000,0.0000,1788740067.787
5.942,1.2000,5.0000,0.0000,0.0000,0.0000,1788740067.807
5.962,1.2000,5.0000,0.0000,0.0000,0.0000,1788740067.827
5.982,1.2000,5.0000,0.0000,0.0000,0.0000,1788740067.847
6.002,1.2000,5.0000,0.0000,0.0000,0.0000,1788740067.867
6.022,1.2000,5.0000,0.0000,0.0000,0.0000,1788740067.887
6.042,1.2000,5.0000,0.0000,0.0000,0.0000,1788740067.907
6.063,1.2000,5.0000,0.0000,0.0000,0.0000,1788740067.928
6.082,1.2000,5.0000,0.0000,0.0000,0.0000,1788740067.947
6.102,1.2000,5.0000,0.0000,0.0000,0.0000,1788740067.967
6.122,1.2000,5.0000,0.0000,0.0000,0.0000,1788740067.987
6.142,1.2000,5.0000,0.0000,0.0000,0.0000,1788740068.007
6.162,1.2000,5.0000,0.0000,0.0000,0.0000,1788740068.027
6.182,1.2000,5.0000,0.0000,0.0000,0.0000,1788740068.047
6.202,1.2000,5.0000,0.0000,0.0000,0.0000,1788740068.067
6.222,1.2000,5.0000,0.0000,0.0000,0.0000,1788740068.087
6.243,1.2000,5.0000,0.0000,0.0000,0.0000,1788740068.107
6.262,1.2000,5.0000,0.0000,0.0000,0.0000,1788740068.127
6.283,1.2000,5.0000,0.0000,0.0000,0.0000,1788740068.148
6.303,1.2000,5.0000,0.0000,0.0000,0.0000,1788740068.168
6.322,1.2000,5.0000,0.0000,0.0000,0.0000,1788740068.187
6.343,1.2000,5.0000,0.0000,0.0000,0.0000,1788740068.208
6.362,1.2000,5.0000,0.0000,0.0000,0.0000,1788740068.227
6.383,1.2000,5.0000,0.0000,0.0000,0.0000,1788740068.248
6.402,1.2000,5.0000,0.0000,0.0000,0.0000,1788740068.267
6.422,1.2000,5.0000,0.0000,0.0000,0.0000,1788740068.287
6.442,1.2000,5.0000,0.0000,0.0000,0.0000,1788740068.307
6.462,1.2000,5.0000,0.0000,0.0000,0.0000,1788740068.327
6.482,1.2000,5.0000,0.0000,0.0000,0.0000,1788740068.347
6.502,1.2000,5.0000,0.0000,0.0000,0.0000,1788740068.367
6.522,1.2000,5.0000,0.0000,0.0000,0.0000,1788740068.387
6.542,1.2000,5.0000,0.0000,0.0000,0.0000,1788740068.407
6.562,1.2000,5.0000,0.0000,0.0000,0.0000,1788740068.427
6.583,1.2000,5.0000,0.0000,0.0000,0.0000,1788740068.448
6.602,1.2000,5.0000,0.0000,0.0000,0.0000,1788740068.467
6.622,1.2000,5.0000,0.0000,0.0000,0.0000,1788740068.487
6.642,1.2000,5.0000,0.0000,0.0000,0.0000,1788740068.507
6.662,1.2000,5.0000,0.0000,0.0000,0.0000,1788740068.527
6.682,1.2000,5.0000,0.0000,0.0000,0.0000,1788740068.547
6.702,1.2000,5.0000,0.0000,0.0000,0.0000,1788740068.567
6.722,1.2000,5.0000,0.0000,0.0000,0.0000,1788740068.587
6.742,1.2000,5.0000,0.0000,0.0000,0.0000,1788740068.607
6.762,1.2000,5.0000,0.0000,0.0000,0.0000,1788740068.627
6.782,1.2000,5.0000,0.0000,0.0000,0.0000,1788740068.647
6.803,1.2000,5.0000,0.0000,0.0000,0.0000,1788740068.668
6.822,1.2000,5.0000,0.0000,0.0000,0.0000,1788740068.687
6.843,1.2000,5.0000,0.0000,0.0000,0.0000,1788740068.708
6.862,1.2000,5.0000,0.0000,0.0000,0.0000,1788740068.727
6.882,1.2000,5.0000,0.0000,0.0000,0.0000,1788740068.747
6.902,1.2000,5.0000,0.0000,0.0000,0.0000,1788740068.767
6.922,1.2000,5.0000,0.0000,0.0000,0.0000,1788740068.787
6.942,1.2000,5.0000,0.0000,0.0000,0.0000,1788740068.807
6.962,1.2000,5.0000,0.0000,0.0000,0.0000,1788740068.827
6.982,1.2000,5.0000,0.0000,0.0000,0.0000,1788740068.847
7.003,1.2000,5.0000,0.0000,0.0000,0.0000,1788740068.868
7.022,1.2000,5.0000,0.0000,0.0000,0.0000,1788740068.887
7.043,1.2000,5.0000,0.0000,0.0000,0.0000,1788740068.908
7.063,1.2000,5.0000,0.0000,0.0000,0.0000,1788740068.928
7.083,1.2000,5.0000,0.0000,0.0000,0.0000,1788740068.947
7.103,1.2000,5.0000,0.0000,0.0000,0.0000,1788740068.968
7.122,1.2000,5.0000,0.0000,0.0000,0.0000,1788740068.987
7.142,1.2000,5.0000,0.0000,0.0000,0.0000,1788740069.007
7.162,1.2000,5.0000,0.0000,0.0000,0.0000,1788740069.027
7.182,1.2000,5.0000,0.0000,0.0000,0.0000,1788740069.047
7.202,1.2000,5.0000,0.0000,0.0000,0.0000,1788740069.067
7.222,1.2000,5.0000,0.0000,0.0000,0.0000,1788740069.087
7.242,1.2000,5.0000,0.0000,0.0000,0.0000,1788740069.107
7.262,1.2000,5.0000,0.0000,0.0000,0.0000,1788740069.127
7.282,1.2000,5.0000,0.0000,0.0000,0.0000,1788740069.147
7.302,1.2000,5.0000,0.0000,0.0000,0.0000,1788740069.167
7.322,1.2000,5.0000,0.0000,0.0000,0.0000,1788740069.187
7.343,1.2000,5.0000,0.0000,0.0000,0.0000,1788740069.208
7.362,1.2000,5.0000,0.0000,0.0000,0.0000,1788740069.227
7.383,1.2000,5.0000,0.0000,0.0000,0.0000,1788740069.248
7.403,1.2000,5.0000,0.0000,0.0000,0.0000,1788740069.268
7.422,1.2000,5.0000,0.0000,0.0000,0.0000,1788740069.287
7.442,1.2000,5.0000,0.0000,0.0000,0.0000,1788740069.307
7.462,1.2000,5.0000,0.0000,0.0000,0.0000,1788740069.327
7.482,1.2000,5.0000,0.0000,0.0000,0.0000,1788740069.347
7.502,1.2000,5.0000,0.0000,0.0000,0.0000,1788740069.367
7.522,1.2000,5.0000,0.0000,0.0000,0.0000,1788740069.387
7.542,1.2000,5.0000,0.0000,0.0000,0.0000,1788740069.407
7.562,1.2000,5.0000,0.0000,0.0000,0.0000,1788740069.427
7.583,1.2000,5.0000,0.0000,0.0000,0.0000,1788740069.448
7.603,1.2000,5.0000,0.0000,0.0000,0.0000,1788740069.468
7.622,1.2000,5.0000,0.0000,0.0000,0.0000,1788740069.487
7.642,1.2000,5.0000,0.0000,0.0000,0.0000,1788740069.507
7.662,1.2000,5.0000,0.0000,0.0000,0.0000,1788740069.527
7.683,1.2000,5.0000,0.0000,0.0000,0.0000,1788740069.548
7.702,1.2000,5.0000,0.0000,0.0000,0.0000,1788740069.567
7.722,1.2000,5.0000,0.0000,0.0000,0.0000,1788740069.587
7.742,1.2000,5.0000,0.0000,0.0000,0.0000,1788740069.607
7.762,1.2000,5.0000,0.0000,0.0000,0.0000,1788740069.627
7.782,1.2000,5.0000,0.0000,0.0000,0.0000,1788740069.647
7.802,1.2000,5.0000,0.0000,0.0000,0.0000,1788740069.667
7.822,1.2000,5.0000,0.0000,0.0000,0.0000,1788740069.687
7.842,1.2000,5.0000,0.0000,0.0000,0.0000,1788740069.707
7.863,1.2000,5.0000,0.0000,0.0000,0.0000,1788740069.728
7.882,1.2000,5.0000,0.0000,0.0000,0.0000,1788740069.747
7.902,1.2000,5.0000,0.0000,0.0000,0.0000,1788740069.767
7.923,1.2000,5.0000,0.0000,0.0000,0.0000,1788740069.788
7.942,1.2000,5.0000,0.0000,0.0000,0.0000,1788740069.807
7.962,1.2000,5.0000,0.0000,0.0000,0.0000,1788740069.827
7.982,1.2000,5.0000,0.0000,0.0000,0.0000,1788740069.847
8.002,1.2000,5.0000,0.0000,0.0000,0.0000,1788740069.867
8.022,1.2000,5.0000,0.0000,0.0000,0.0000,1788740069.887
8.042,1.2000,5.0000,0.0000,0.0000,0.0000,1788740069.907
8.062,1.2000,5.0000,0.0000,0.0000,0.0000,1788740069.927
8.082,1.2000,5.0000,0.0000,0.0000,0.0000,1788740069.947
8.102,1.2000,5.0000,0.0000,0.0000,0.0000,1788740069.967
8.122,1.2000,5.0000,0.0000,0.0000,0.0000,1788740069.987
8.142,1.2000,5.0000,0.0000,0.0000,0.0000,1788740070.007
8.163,1.2000,5.0000,0.0000,0.0000,0.0000,1788740070.028
8.182,1.2000,5.0000,0.0000,0.0000,0.0000,1788740070.047
8.202,1.2000,5.0000,0.0000,0.0000,0.0000,1788740070.067
8.222,1.2000,5.0000,0.0000,0.0000,0.0000,1788740070.087
8.242,1.2000,5.0000,0.0000,0.0000,0.0000,1788740070.107
8.262,1.2000,5.0000,0.0000,0.0000,0.0000,1788740070.127
8.282,1.2000,5.0000,0.0000,0.0000,0.0000,1788740070.147
8.302,1.2000,5.0000,0.0000,0.0000,0.0000,1788740070.167
8.322,1.2000,5.0000,0.0000,0.0000,0.0000,1788740070.187
8.342,1.2000,5.0000,0.0000,0.0000,0.0000,1788740070.207
8.362,1.2005,5.0000,-0.0003,0.0238,-0.0157,1788740070.227
8.382,1.2010,5.0000,-0.0006,0.0238,-0.0157,1788740070.247
8.402,1.2014,5.0000,-0.0009,0.0238,-0.0157,1788740070.267
8.422,1.2019,5.0000,-0.0013,0.0238,-0.0157,1788740070.287
8.442,1.2028,5.0000,-0.0036,0.0467,-0.1186,1788740070.307
8.463,1.2038,5.0000,-0.0060,0.0467,-0.1186,1788740070.328
8.482,1.2047,5.0000,-0.0084,0.0467,-0.1186,1788740070.347
8.502,1.2056,5.0000,-0.0107,0.0467,-0.1186,1788740070.367
8.522,1.2066,5.0000,-0.0131,0.0467,-0.1186,1788740070.387
8.542,1.2079,4.9999,-0.0148,0.0656,-0.0839,1788740070.407
8.562,1.2092,4.9999,-0.0165,0.0656,-0.0839,1788740070.427
8.582,1.2105,4.9999,-0.0182,0.0656,-0.0839,1788740070.447
8.602,1.2118,4.9999,-0.0198,0.0656,-0.0839,1788740070.467
8.622,1.2131,4.9998,-0.0215,0.0656,-0.0839,1788740070.487
8.642,1.2148,4.9998,-0.0233,0.0832,-0.0891,1788740070.507
8.662,1.2165,4.9998,-0.0251,0.0832,-0.0891,1788740070.527
8.682,1.2181,4.9997,-0.0268,0.0832,-0.0891,1788740070.547
8.702,1.2198,4.9997,-0.0286,0.0832,-0.0891,1788740070.567
8.722,1.2214,4.9996,-0.0304,0.0832,-0.0891,1788740070.587
8.742,1.2235,4.9996,-0.0318,0.1017,-0.0720,1788740070.607
8.762,1.2255,4.9995,-0.0333,0.1017,-0.0720,1788740070.627
8.782,1.2275,4.9994,-0.0347,0.1017,-0.0720,1788740070.647
8.802,1.2296,4.9993,-0.0362,0.1017,-0.0720,1788740070.667
8.822,1.2316,4.9993,-0.0376,0.1017,-0.0720,1788740070.687
8.842,1.2340,4.9992,-0.0391,0.1187,-0.0745,1788740070.707
8.863,1.2364,4.9991,-0.0406,0.1187,-0.0745,1788740070.728
8.882,1.2387,4.9990,-0.0421,0.1187,-0.0745,1788740070.747
8.902,1.2411,4.9989,-0.0436,0.1187,-0.0745,1788740070.767
8.922,1.2435,4.9988,-0.0451,0.1187,-0.0745,1788740070.787
8.942,1.2463,4.9986,-0.0462,0.1400,-0.0561,1788740070.807
8.962,1.2491,4.9985,-0.0473,0.1400,-0.0561,1788740070.827
8.982,1.2519,4.9984,-0.0484,0.1400,-0.0561,1788740070.847
9.002,1.2547,4.9982,-0.0496,0.1400,-0.0561,1788740070.867
9.022,1.2575,4.9981,-0.0507,0.1400,-0.0561,1788740070.887
9.042,1.2606,4.9979,-0.0509,0.1599,-0.0093,1788740070.907
9.062,1.2638,4.9978,-0.0510,0.1599,-0.0093,1788740070.927
9.083,1.2670,4.9976,-0.0512,0.1599,-0.0093,1788740070.948
9.103,1.2702,4.9974,-0.0514,0.1599,-0.0093,1788740070.968
9.122,1.2734,4.9973,-0.0516,0.1599,-0.0093,1788740070.987
9.142,1.2770,4.9971,-0.0504,0.1807,0.0580,1788740071.007
9.163,1.2806,4.9969,-0.0493,0.1807,0.0580,1788740071.028
9.182,1.2843,4.9967,-0.0481,0.1807,0.0580,1788740071.047
9.202,1.2879,4.9966,-0.0470,0.1807,0.0580,1788740071.067
9.222,1.2915,4.9964,-0.0458,0.1807,0.0580,1788740071.087
9.242,1.2955,4.9962,-0.0428,0.1994,0.1492,1788740071.107
9.262,1.2994,4.9961,-0.0398,0.1994,0.1492,1788740071.127
9.282,1.3034,4.9959,-0.0369,0.1994,0.1492,1788740071.147
9.302,1.3074,4.9958,-0.0339,0.1994,0.1492,1788740071.167
9.322,1.3114,4.9957,-0.0309,0.1994,0.1492,1788740071.187
9.342,1.3156,4.9955,-0.0277,0.2118,0.1585,1788740071.207
9.362,1.3199,4.9954,-0.0245,0.2118,0.1585,1788740071.227
9.382,1.3241,4.9954,-0.0214,0.2118,0.1585,1788740071.247
9.402,1.3283,4.9953,-0.0182,0.2118,0.1585,1788740071.267
9.422,1.3326,4.9952,-0.0150,0.2118,0.1585,1788740071.287
9.442,1.3371,4.9952,-0.0122,0.2254,0.1437,1788740071.307
9.462,1.3416,4.9951,-0.0093,0.2254,0.1437,1788740071.327
9.482,1.3461,4.9951,-0.0064,0.2254,0.1437,1788740071.347
9.502,1.3506,4.9951,-0.0035,0.2254,0.1437,1788740071.367
9.522,1.3551,4.9951,-0.0007,0.2254,0.1437,1788740071.387
9.542,1.3600,4.9951,0.0011,0.2421,0.0881,1788740071.407
9.562,1.3648,4.9951,0.0029,0.2421,0.0881,1788740071.427
9.582,1.3696,4.9951,0.0046,0.2421,0.0881,1788740071.447
9.602,1.3745,4.9951,0.0064,0.2421,0.0881,1788740071.467
9.622,1.3793,4.9952,0.0081,0.2421,0.0881,1788740071.487
9.642,1.3845,4.9952,0.0090,0.2590,0.0426,1788740071.507
9.662,1.3897,4.9953,0.0099,0.2590,0.0426,1788740071.527
9.682,1.3949,4.9953,0.0107,0.2590,0.0426,1788740071.547
9.703,1.4000,4.9954,0.0116,0.2590,0.0426,1788740071.567
9.722,1.4052,4.9955,0.0124,0.2590,0.0426,1788740071.587
9.742,1.4108,4.9955,0.0120,0.2764,-0.0208,1788740071.607
9.762,1.4163,4.9956,0.0116,0.2764,-0.0208,1788740071.627
9.782,1.4218,4.9956,0.0112,0.2764,-0.0208,1788740071.647
9.803,1.4273,4.9957,0.0107,0.2764,-0.0208,1788740071.667
9.822,1.4329,4.9958,0.0103,0.2764,-0.0208,1788740071.687
9.842,1.4388,4.9958,0.0095,0.2966,-0.0435,1788740071.707
9.862,1.4447,4.9959,0.0086,0.2966,-0.0435,1788740071.727
9.882,1.4507,4.9959,0.0077,0.2966,-0.0435,1788740071.747
9.902,1.4566,4.9960,0.0068,0.2966,-0.0435,1788740071.767
9.922,1.4625,4.9960,0.0060,0.2966,-0.0435,1788740071.787
9.942,1.4688,4.9960,0.0047,0.3128,-0.0628,1788740071.807
9.962,1.4750,4.9960,0.0035,0.3128,-0.0628,1788740071.827
9.982,1.4813,4.9961,0.0022,0.3128,-0.0628,1788740071.847
10.002,1.4876,4.9961,0.0010,0.3128,-0.0628,1788740071.867
10.022,1.4938,4.9961,-0.0003,0.3128,-0.0628,1788740071.887
10.042,1.5004,4.9961,-0.0017,0.3281,-0.0679,1788740071.907
10.062,1.5069,4.9960,-0.0030,0.3281,-0.0679,1788740071.927
10.082,1.5135,4.9960,-0.0044,0.3281,-0.0679,1788740071.947
10.103,1.5201,4.9960,-0.0057,0.3281,-0.0679,1788740071.968
10.122,1.5266,4.9959,-0.0071,0.3281,-0.0679,1788740071.987
10.142,1.5335,4.9959,-0.0082,0.3425,-0.0535,1788740072.007
10.162,1.5403,4.9958,-0.0092,0.3425,-0.0535,1788740072.027
10.182,1.5472,4.9957,-0.0103,0.3425,-0.0535,1788740072.047
10.202,1.5540,4.9957,-0.0114,0.3425,-0.0535,1788740072.067
10.222,1.5609,4.9956,-0.0124,0.3425,-0.0535,1788740072.087
10.242,1.5681,4.9955,-0.0140,0.3629,-0.0754,1788740072.107
10.262,1.5754,4.9954,-0.0155,0.3629,-0.0754,1788740072.127
10.282,1.5826,4.9952,-0.0170,0.3629,-0.0754,1788740072.147
10.302,1.5899,4.9951,-0.0185,0.3629,-0.0754,1788740072.167
10.322,1.5971,4.9950,-0.0200,0.3629,-0.0754,1788740072.187
10.342,1.6047,4.9948,-0.0211,0.3791,-0.0555,1788740072.207
10.362,1.6123,4.9946,-0.0222,0.3791,-0.0555,1788740072.227
10.382,1.6199,4.9944,-0.0233,0.3791,-0.0555,1788740072.247
10.402,1.6275,4.9943,-0.0244,0.3791,-0.0555,1788740072.267
10.422,1.6350,4.9941,-0.0255,0.3791,-0.0555,1788740072.287
10.442,1.6428,4.9939,-0.0251,0.3889,0.0200,1788740072.307
10.462,1.6506,4.9937,-0.0247,0.3889,0.0200,1788740072.327
10.482,1.6584,4.9935,-0.0243,0.3889,0.0200,1788740072.347
10.502,1.6661,4.9933,-0.0239,0.3889,0.0200,1788740072.367
10.522,1.6739,4.9931,-0.0235,0.3889,0.0200,1788740072.387
10.542,1.6818,4.9929,-0.0225,0.3914,0.0530,1788740072.407
10.562,1.6896,4.9928,-0.0214,0.3914,0.0530,1788740072.427
10.582,1.6974,4.9926,-0.0204,0.3914,0.0530,1788740072.447
10.602,1.7052,4.9925,-0.0193,0.3914,0.0530,1788740072.467
10.622,1.7131,4.9923,-0.0182,0.3914,0.0530,1788740072.487
10.642,1.7208,4.9922,-0.0157,0.3872,0.1269,1788740072.507
10.662,1.7285,4.9921,-0.0132,0.3872,0.1269,1788740072.527
10.682,1.7363,4.9920,-0.0106,0.3872,0.1269,1788740072.547
10.702,1.7440,4.9920,-0.0081,0.3872,0.1269,1788740072.567
10.722,1.7518,4.9919,-0.0055,0.3872,0.1269,1788740072.587
10.742,1.7595,4.9919,-0.0040,0.3870,0.0763,1788740072.607
10.763,1.7672,4.9919,-0.0025,0.3870,0.0763,1788740072.628
10.782,1.7750,4.9919,-0.0010,0.3870,0.0763,1788740072.647
10.802,1.7827,4.9919,0.0006,0.3870,0.0763,1788740072.667
10.822,1.7905,4.9919,0.0021,0.3870,0.0763,1788740072.687
10.842,1.7981,4.9919,0.0032,0.3834,0.0569,1788740072.707
10.862,1.8058,4.9919,0.0044,0.3834,0.0569,1788740072.727
10.882,1.8135,4.9920,0.0055,0.3834,0.0569,1788740072.747
10.902,1.8211,4.9920,0.0066,0.3834,0.0569,1788740072.767
10.922,1.8288,4.9921,0.0078,0.3834,0.0569,1788740072.787
10.942,1.8367,4.9922,0.0095,0.3925,0.0840,1788740072.807
10.962,1.8445,4.9922,0.0111,0.3925,0.0840,1788740072.827
10.982,1.8524,4.9923,0.0128,0.3925,0.0840,1788740072.847
11.002,1.8602,4.9925,0.0145,0.3925,0.0840,1788740072.867
11.022,1.8680,4.9926,0.0162,0.3925,0.0840,1788740072.887
11.042,1.8759,4.9927,0.0176,0.3923,0.0684,1788740072.907
11.062,1.8837,4.9929,0.0189,0.3923,0.0684,1788740072.927
11.082,1.8916,4.9930,0.0203,0.3923,0.0684,1788740072.947
11.103,1.8994,4.9932,0.0217,0.3923,0.0684,1788740072.968
11.122,1.9073,4.9934,0.0230,0.3923,0.0684,1788740072.987
11.142,1.9151,4.9936,0.0241,0.3906,0.0537,1788740073.007
11.163,1.9229,4.9938,0.0252,0.3906,0.0537,1788740073.028
11.183,1.9307,4.9940,0.0262,0.3906,0.0537,1788740073.048
11.203,1.9385,4.9942,0.0273,0.3906,0.0537,1788740073.068
11.222,1.9463,4.9944,0.0284,0.3906,0.0537,1788740073.087
11.242,1.9541,4.9946,0.0283,0.3873,-0.0063,1788740073.107
11.262,1.9618,4.9948,0.0281,0.3873,-0.0063,1788740073.127
11.283,1.9695,4.9951,0.0280,0.3873,-0.0063,1788740073.148
11.302,1.9773,4.9953,0.0279,0.3873,-0.0063,1788740073.167
11.322,1.9850,4.9955,0.0278,0.3873,-0.0063,1788740073.187
11.342,1.9929,4.9957,0.0274,0.3925,-0.0182,1788740073.207
11.362,2.0007,4.9959,0.0270,0.3925,-0.0182,1788740073.227
11.383,2.0086,4.9961,0.0267,0.3925,-0.0182,1788740073.248
11.402,2.0164,4.9963,0.0263,0.3925,-0.0182,1788740073.267
11.422,2.0243,4.9965,0.0259,0.3925,-0.0182,1788740073.287
11.442,2.0320,4.9967,0.0255,0.3886,-0.0238,1788740073.307
11.462,2.0398,4.9969,0.0250,0.3886,-0.0238,1788740073.327
11.483,2.0476,4.9971,0.0245,0.3886,-0.0238,1788740073.348
11.502,2.0553,4.9973,0.0240,0.3886,-0.0238,1788740073.367
11.522,2.0631,4.9975,0.0236,0.3886,-0.0238,1788740073.387
11.542,2.0708,4.9977,0.0232,0.3863,-0.0173,1788740073.407
11.562,2.0786,4.9979,0.0229,0.3863,-0.0173,1788740073.427
11.582,2.0863,4.9980,0.0225,0.3863,-0.0173,1788740073.447
11.602,2.0940,4.9982,0.0222,0.3863,-0.0173,1788740073.467
11.622,2.1017,4.9984,0.0218,0.3863,-0.0173,1788740073.487
11.642,2.1095,4.9985,0.0214,0.3869,-0.0204,1788740073.507
11.662,2.1172,4.9987,0.0210,0.3869,-0.0204,1788740073.527
11.682,2.1249,4.9989,0.0206,0.3869,-0.0204,1788740073.547
11.702,2.1327,4.9990,0.0202,0.3869,-0.0204,1788740073.567
11.722,2.1404,4.9992,0.0198,0.3869,-0.0204,1788740073.587
11.742,2.1482,4.9993,0.0194,0.3880,-0.0190,1788740073.607
11.762,2.1559,4.9995,0.0190,0.3880,-0.0190,1788740073.627
11.782,2.1637,4.9996,0.0187,0.3880,-0.0190,1788740073.647
11.802,2.1714,4.9997,0.0183,0.3880,-0.0190,1788740073.667
11.822,2.1792,4.9999,0.0179,0.3880,-0.0190,1788740073.687
11.842,2.1870,5.0000,0.0175,0.3917,-0.0221,1788740073.707
11.862,2.1949,5.0002,0.0170,0.3917,-0.0221,1788740073.727
11.882,2.2027,5.0003,0.0166,0.3917,-0.0221,1788740073.747
11.903,2.2105,5.0004,0.0161,0.3917,-0.0221,1788740073.768
11.922,2.2184,5.0005,0.0157,0.3917,-0.0221,1788740073.787
11.942,2.2261,5.0007,0.0156,0.3855,-0.0042,1788740073.807
11.963,2.2338,5.0008,0.0155,0.3855,-0.0042,1788740073.828
11.982,2.2415,5.0009,0.0154,0.3855,-0.0042,1788740073.847
12.002,2.2492,5.0010,0.0154,0.3855,-0.0042,1788740073.867
12.022,2.2569,5.0011,0.0153,0.3855,-0.0042,1788740073.887
12.042,2.2647,5.0012,0.0146,0.3895,-0.0338,1788740073.907
12.063,2.2725,5.0014,0.0139,0.3895,-0.0338,1788740073.928
12.083,2.2803,5.0015,0.0133,0.3895,-0.0338,1788740073.948
12.102,2.2881,5.0016,0.0126,0.3895,-0.0338,1788740073.967
12.122,2.2958,5.0016,0.0119,0.3895,-0.0338,1788740073.987
12.142,2.3036,5.0017,0.0114,0.3902,-0.0262,1788740074.007
12.162,2.3115,5.0018,0.0109,0.3902,-0.0262,1788740074.027
12.182,2.3193,5.0019,0.0103,0.3902,-0.0262,1788740074.047
12.202,2.3271,5.0020,0.0098,0.3902,-0.0262,1788740074.067
12.222,2.3349,5.0021,0.0093,0.3902,-0.0262,1788740074.087
12.242,2.3427,5.0021,0.0085,0.3910,-0.0375,1788740074.107
12.262,2.3505,5.0022,0.0078,0.3910,-0.0375,1788740074.127
12.282,2.3583,5.0022,0.0070,0.3910,-0.0375,1788740074.147
12.302,2.3661,5.0023,0.0063,0.3910,-0.0375,1788740074.167
12.322,2.3740,5.0023,0.0055,0.3910,-0.0375,1788740074.187
12.342,2.3816,5.0024,0.0050,0.3831,-0.0276,1788740074.207
12.362,2.3893,5.0024,0.0044,0.3831,-0.0276,1788740074.227
12.382,2.3969,5.0024,0.0039,0.3831,-0.0276,1788740074.247
12.402,2.4046,5.0025,0.0033,0.3831,-0.0276,1788740074.267
12.422,2.4123,5.0025,0.0028,0.3831,-0.0276,1788740074.287
12.442,2.4200,5.0025,0.0023,0.3851,-0.0212,1788740074.307
12.463,2.4277,5.0025,0.0019,0.3851,-0.0212,1788740074.328
12.483,2.4354,5.0025,0.0015,0.3851,-0.0212,1788740074.348
12.502,2.4431,5.0025,0.0011,0.3851,-0.0212,1788740074.367
12.522,2.4508,5.0025,0.0007,0.3851,-0.0212,1788740074.387
12.542,2.4586,5.0025,0.0003,0.3890,-0.0160,1788740074.407
12.563,2.4663,5.0025,0.0000,0.3890,-0.0160,1788740074.428
12.582,2.4741,5.0025,-0.0003,0.3890,-0.0160,1788740074.447
12.602,2.4819,5.0025,-0.0006,0.3890,-0.0160,1788740074.467
12.622,2.4897,5.0025,-0.0009,0.3890,-0.0160,1788740074.487
12.642,2.4975,5.0025,-0.0010,0.3890,-0.0030,1788740074.507
12.662,2.5052,5.0025,-0.0011,0.3890,-0.0030,1788740074.527
12.682,2.5130,5.0025,-0.0011,0.3890,-0.0030,1788740074.547
12.702,2.5208,5.0025,-0.0012,0.3890,-0.0030,1788740074.567
12.722,2.5286,5.0025,-0.0012,0.3890,-0.0030,1788740074.587
12.742,2.5364,5.0025,-0.0019,0.3898,-0.0311,1788740074.607
12.762,2.5442,5.0024,-0.0025,0.3898,-0.0311,1788740074.627
12.782,2.5520,5.0024,-0.0031,0.3898,-0.0311,1788740074.647
12.802,2.5598,5.0024,-0.0037,0.3898,-0.0311,1788740074.667
12.822,2.5676,5.0024,-0.0044,0.3898,-0.0311,1788740074.687
12.842,2.5754,5.0023,-0.0042,0.3899,0.0057,1788740074.707
12.863,2.5832,5.0023,-0.0041,0.3899,0.0057,1788740074.728
12.882,2.5910,5.0023,-0.0040,0.3899,0.0057,1788740074.747
12.902,2.5988,5.0022,-0.0039,0.3899,0.0057,1788740074.767
12.922,2.6066,5.0022,-0.0038,0.3899,0.0057,1788740074.787
12.942,2.6143,5.0022,-0.0038,0.3862,0.0010,1788740074.807
12.962,2.6220,5.0021,-0.0037,0.3862,0.0010,1788740074.827
12.982,2.6297,5.0021,-0.0037,0.3862,0.0010,1788740074.847
13.002,2.6374,5.0021,-0.0037,0.3862,0.0010,1788740074.867
13.022,2.6452,5.0021,-0.0037,0.3862,0.0010,1788740074.887
13.042,2.6528,5.0020,-0.0028,0.3842,0.0453,1788740074.907
13.062,2.6605,5.0020,-0.0019,0.3842,0.0453,1788740074.927
13.082,2.6682,5.0020,-0.0010,0.3842,0.0453,1788740074.947
13.102,2.6759,5.0020,-0.0001,0.3842,0.0453,1788740074.967
13.122,2.6836,5.0020,0.0008,0.3842,0.0453,1788740074.987
13.142,2.6914,5.0020,0.0016,0.3888,0.0386,1788740075.007
13.162,2.6991,5.0020,0.0024,0.3888,0.0386,1788740075.027
13.182,2.7069,5.0021,0.0032,0.3888,0.0386,1788740075.047
13.202,2.7147,5.0021,0.0039,0.3888,0.0386,1788740075.067
13.222,2.7225,5.0021,0.0047,0.3888,0.0386,1788740075.087
13.242,2.7303,5.0022,0.0050,0.3912,0.0175,1788740075.107
13.262,2.7381,5.0022,0.0054,0.3912,0.0175,1788740075.127
13.282,2.7459,5.0023,0.0057,0.3912,0.0175,1788740075.147
13.303,2.7538,5.0023,0.0061,0.3912,0.0175,1788740075.168
13.322,2.7616,5.0024,0.0064,0.3912,0.0175,1788740075.187
13.342,2.7693,5.0024,0.0072,0.3883,0.0386,1788740075.207
13.362,2.7771,5.0025,0.0080,0.3883,0.0386,1788740075.227
13.383,2.7849,5.0026,0.0088,0.3883,0.0386,1788740075.248
13.403,2.7926,5.0026,0.0095,0.3883,0.0386,1788740075.268
13.422,2.8004,5.0027,0.0103,0.3883,0.0386,1788740075.287
13.442,2.8082,5.0028,0.0123,0.3876,0.0997,1788740075.307
13.463,2.8159,5.0029,0.0143,0.3876,0.0997,1788740075.328
13.483,2.8237,5.0030,0.0163,0.3876,0.0997,1788740075.348
13.503,2.8314,5.0032,0.0183,0.3876,0.0997,1788740075.367
13.522,2.8392,5.0033,0.0203,0.3876,0.0997,1788740075.387
13.542,2.8469,5.0035,0.0222,0.3875,0.0941,1788740075.407
13.562,2.8547,5.0037,0.0240,0.3875,0.0941,1788740075.427
13.582,2.8624,5.0039,0.0259,0.3875,0.0941,1788740075.447
13.603,2.8702,5.0041,0.0278,0.3875,0.0941,1788740075.468
13.622,2.8779,5.0043,0.0297,0.3875,0.0941,1788740075.487
13.642,2.8857,5.0046,0.0310,0.3888,0.0673,1788740075.507
13.662,2.8935,5.0048,0.0324,0.3888,0.0673,1788740075.527
13.682,2.9012,5.0051,0.0337,0.3888,0.0673,1788740075.547
13.703,2.9090,5.0054,0.0351,0.3888,0.0673,1788740075.568
13.722,2.9168,5.0057,0.0364,0.3888,0.0673,1788740075.587
13.742,2.9246,5.0059,0.0376,0.3928,0.0594,1788740075.607
13.762,2.9325,5.0063,0.0388,0.3928,0.0594,1788740075.627
13.782,2.9403,5.0066,0.0400,0.3928,0.0594,1788740075.647
13.802,2.9482,5.0069,0.0412,0.3928,0.0594,1788740075.667
13.822,2.9560,5.0072,0.0424,0.3928,0.0594,1788740075.687
13.842,2.9638,5.0076,0.0433,0.3900,0.0481,1788740075.707
13.862,2.9716,5.0079,0.0443,0.3900,0.0481,1788740075.727
13.882,2.9794,5.0083,0.0452,0.3900,0.0481,1788740075.747
13.902,2.9872,5.0086,0.0462,0.3900,0.0481,1788740075.767
13.922,2.9950,5.0090,0.0472,0.3900,0.0481,1788740075.787
13.942,3.0027,5.0094,0.0478,0.3847,0.0331,1788740075.807
13.963,3.0103,5.0097,0.0485,0.3847,0.0331,1788740075.828
13.983,3.0180,5.0101,0.0492,0.3847,0.0331,1788740075.848
14.003,3.0257,5.0105,0.0498,0.3847,0.0331,1788740075.868
14.023,3.0334,5.0109,0.0505,0.3847,0.0331,1788740075.887
14.042,3.0412,5.0113,0.0514,0.3896,0.0452,1788740075.907
14.062,3.0490,5.0117,0.0523,0.3896,0.0452,1788740075.927
14.082,3.0567,5.0121,0.0532,0.3896,0.0452,1788740075.947
14.103,3.0645,5.0125,0.0541,0.3896,0.0452,1788740075.968
14.122,3.0723,5.0129,0.0550,0.3896,0.0452,1788740075.987
14.142,3.0801,5.0134,0.0549,0.3897,-0.0044,1788740076.007
14.163,3.0879,5.0138,0.0548,0.3897,-0.0044,1788740076.028
14.182,3.0957,5.0142,0.0547,0.3897,-0.0044,1788740076.047
14.203,3.1034,5.0147,0.0546,0.3897,-0.0044,1788740076.068
14.222,3.1112,5.0151,0.0546,0.3897,-0.0044,1788740076.087
14.242,3.1189,5.0155,0.0541,0.3853,-0.0249,1788740076.107
14.263,3.1266,5.0159,0.0536,0.3853,-0.0249,1788740076.128
14.282,3.1343,5.0163,0.0531,0.3853,-0.0249,1788740076.147
14.302,3.1420,5.0167,0.0526,0.3853,-0.0249,1788740076.167
14.322,3.1497,5.0171,0.0521,0.3853,-0.0249,1788740076.187
14.342,3.1576,5.0175,0.0514,0.3938,-0.0331,1788740076.207
14.362,3.1654,5.0179,0.0507,0.3938,-0.0331,1788740076.227
14.382,3.1733,5.0183,0.0501,0.3938,-0.0331,1788740076.247
14.402,3.1812,5.0187,0.0494,0.3938,-0.0331,1788740076.267
14.422,3.1890,5.0191,0.0488,0.3938,-0.0331,1788740076.287
14.442,3.1968,5.0195,0.0484,0.3867,-0.0184,1788740076.307
14.462,3.2045,5.0198,0.0480,0.3867,-0.0184,1788740076.327
14.483,3.2122,5.0202,0.0476,0.3867,-0.0184,1788740076.348
14.502,3.2199,5.0206,0.0473,0.3867,-0.0184,1788740076.367
14.522,3.2277,5.0209,0.0469,0.3867,-0.0184,1788740076.387
14.542,3.2353,5.0213,0.0465,0.3817,-0.0228,1788740076.407
14.562,3.2429,5.0216,0.0460,0.3817,-0.0228,1788740076.427
14.582,3.2505,5.0220,0.0455,0.3817,-0.0228,1788740076.447
14.602,3.2582,5.0223,0.0451,0.3817,-0.0228,1788740076.467
14.622,3.2658,5.0227,0.0446,0.3817,-0.0228,1788740076.487
14.642,3.2735,5.0230,0.0440,0.3868,-0.0328,1788740076.507
14.662,3.2812,5.0234,0.0433,0.3868,-0.0328,1788740076.527
14.682,3.2890,5.0237,0.0427,0.3868,-0.0328,1788740076.547
14.703,3.2967,5.0240,0.0420,0.3868,-0.0328,1788740076.568
14.722,3.3044,5.0243,0.0414,0.3868,-0.0328,1788740076.587
14.742,3.3122,5.0246,0.0402,0.3867,-0.0573,1788740076.607
14.763,3.3199,5.0249,0.0391,0.3867,-0.0573,1788740076.628
14.782,3.3276,5.0252,0.0379,0.3867,-0.0573,1788740076.647
14.802,3.3353,5.0255,0.0368,0.3867,-0.0573,1788740076.667
14.822,3.3431,5.0258,0.0356,0.3867,-0.0573,1788740076.687
14.842,3.3508,5.0261,0.0345,0.3885,-0.0558,1788740076.707
14.862,3.3586,5.0263,0.0334,0.3885,-0.0558,1788740076.727
14.882,3.3664,5.0266,0.0323,0.3885,-0.0558,1788740076.747
14.903,3.3741,5.0268,0.0312,0.3885,-0.0558,1788740076.768
14.922,3.3819,5.0270,0.0300,0.3885,-0.0558,1788740076.787
14.942,3.3898,5.0273,0.0290,0.3933,-0.0520,1788740076.807
14.962,3.3976,5.0275,0.0280,0.3933,-0.0520,1788740076.827
14.982,3.4055,5.0277,0.0269,0.3933,-0.0520,1788740076.847
15.003,3.4133,5.0279,0.0259,0.3933,-0.0520,1788740076.868
15.022,3.4212,5.0281,0.0248,0.3933,-0.0520,1788740076.887
15.042,3.4289,5.0283,0.0244,0.3859,-0.0211,1788740076.907
15.062,3.4366,5.0285,0.0240,0.3859,-0.0211,1788740076.927
15.082,3.4444,5.0287,0.0236,0.3859,-0.0211,1788740076.947
15.102,3.4521,5.0288,0.0232,0.3859,-0.0211,1788740076.967
15.122,3.4598,5.0290,0.0227,0.3859,-0.0211,1788740076.987
15.142,3.4675,5.0292,0.0216,0.3834,-0.0549,1788740077.007
15.163,3.4751,5.0293,0.0205,0.3834,-0.0549,1788740077.028
15.183,3.4828,5.0295,0.0194,0.3834,-0.0549,1788740077.048
15.202,3.4905,5.0296,0.0183,0.3834,-0.0549,1788740077.067
15.223,3.4981,5.0298,0.0172,0.3834,-0.0549,1788740077.088
15.242,3.5058,5.0299,0.0157,0.3829,-0.0752,1788740077.107
15.263,3.5134,5.0300,0.0142,0.3829,-0.0752,1788740077.128
15.282,3.5211,5.0301,0.0127,0.3829,-0.0752,1788740077.147
15.302,3.5288,5.0302,0.0112,0.3829,-0.0752,1788740077.167
15.322,3.5364,5.0302,0.0097,0.3829,-0.0752,1788740077.187
15.342,3.5441,5.0303,0.0086,0.3844,-0.0548,1788740077.207
15.362,3.5518,5.0304,0.0075,0.3844,-0.0548,1788740077.227
15.383,3.5595,5.0304,0.0064,0.3844,-0.0548,1788740077.248
15.402,3.5672,5.0305,0.0053,0.3844,-0.0548,1788740077.267
15.422,3.5749,5.0305,0.0042,0.3844,-0.0548,1788740077.287
15.442,3.5825,5.0305,0.0025,0.3814,-0.0888,1788740077.307
15.463,3.5901,5.0305,0.0007,0.3814,-0.0888,1788740077.327
15.483,3.5977,5.0305,-0.0011,0.3814,-0.0888,1788740077.348
15.502,3.6054,5.0305,-0.0029,0.3814,-0.0888,1788740077.367
15.522,3.6130,5.0305,-0.0046,0.3814,-0.0888,1788740077.387
15.542,3.6205,5.0304,-0.0057,0.3735,-0.0550,1788740077.407
15.562,3.6279,5.0304,-0.0068,0.3735,-0.0550,1788740077.427
15.582,3.6354,5.0303,-0.0079,0.3735,-0.0550,1788740077.447
15.602,3.6429,5.0302,-0.0090,0.3735,-0.0550,1788740077.467
15.622,3.6503,5.0302,-0.0101,0.3735,-0.0550,1788740077.487
15.642,3.6580,5.0301,-0.0118,0.3843,-0.0838,1788740077.507
15.662,3.6657,5.0300,-0.0135,0.3843,-0.0838,1788740077.527
15.683,3.6734,5.0298,-0.0152,0.3843,-0.0838,1788740077.548
15.702,3.6811,5.0297,-0.0168,0.3843,-0.0838,1788740077.567
15.722,3.6888,5.0296,-0.0185,0.3843,-0.0838,1788740077.587
15.742,3.6965,5.0294,-0.0198,0.3886,-0.0626,1788740077.607
15.762,3.7043,5.0293,-0.0210,0.3886,-0.0626,1788740077.627
15.782,3.7121,5.0291,-0.0223,0.3886,-0.0626,1788740077.647
15.802,3.7198,5.0289,-0.0235,0.3886,-0.0626,1788740077.667
15.822,3.7276,5.0287,-0.0248,0.3886,-0.0626,1788740077.687
15.842,3.7354,5.0285,-0.0262,0.3904,-0.0705,1788740077.707
15.862,3.7432,5.0283,-0.0276,0.3904,-0.0705,1788740077.727
15.882,3.7510,5.0281,-0.0290,0.3904,-0.0705,1788740077.747
15.902,3.7588,5.0278,-0.0304,0.3904,-0.0705,1788740077.767
15.922,3.7666,5.0276,-0.0318,0.3904,-0.0705,1788740077.787
15.942,3.7745,5.0273,-0.0340,0.3906,-0.1105,1788740077.807
15.962,3.7823,5.0270,-0.0362,0.3906,-0.1105,1788740077.827
15.983,3.7901,5.0267,-0.0384,0.3906,-0.1105,1788740077.847
16.003,3.7979,5.0264,-0.0407,0.3906,-0.1105,1788740077.867
16.022,3.8057,5.0261,-0.0429,0.3906,-0.1105,1788740077.887
16.042,3.8135,5.0257,-0.0456,0.3902,-0.1346,1788740077.907
16.062,3.8213,5.0253,-0.0483,0.3902,-0.1346,1788740077.927
16.082,3.8291,5.0249,-0.0509,0.3902,-0.1346,1788740077.947
16.102,3.8369,5.0245,-0.0536,0.3902,-0.1346,1788740077.967
16.122,3.8447,5.0241,-0.0563,0.3902,-0.1346,1788740077.987
16.142,3.8524,5.0236,-0.0589,0.3897,-0.1299,1788740078.007
16.162,3.8602,5.0231,-0.0615,0.3897,-0.1299,1788740078.027
16.182,3.8680,5.0226,-0.0641,0.3897,-0.1299,1788740078.047
16.202,3.8758,5.0221,-0.0667,0.3897,-0.1299,1788740078.067
16.222,3.8835,5.0216,-0.0693,0.3897,-0.1299,1788740078.087
16.242,3.8913,5.0210,-0.0711,0.3902,-0.0884,1788740078.107
16.262,3.8991,5.0205,-0.0729,0.3902,-0.0884,1788740078.127
16.282,3.9069,5.0199,-0.0746,0.3902,-0.0884,1788740078.147
16.303,3.9147,5.0193,-0.0764,0.3902,-0.0884,1788740078.168
16.322,3.9224,5.0187,-0.0782,0.3902,-0.0884,1788740078.187
16.342,3.9302,5.0181,-0.0790,0.3866,-0.0425,1788740078.207
16.362,3.9379,5.0175,-0.0799,0.3866,-0.0425,1788740078.227
16.382,3.9456,5.0168,-0.0807,0.3866,-0.0425,1788740078.247
16.402,3.9533,5.0162,-0.0816,0.3866,-0.0425,1788740078.267
16.422,3.9610,5.0156,-0.0824,0.3866,-0.0425,1788740078.287
16.442,3.9687,5.0149,-0.0827,0.3851,-0.0165,1788740078.307
16.462,3.9763,5.0143,-0.0831,0.3851,-0.0165,1788740078.327
16.483,3.9840,5.0136,-0.0834,0.3851,-0.0165,1788740078.348
16.502,3.9917,5.0130,-0.0837,0.3851,-0.0165,1788740078.367
16.522,3.9994,5.0124,-0.0841,0.3851,-0.0165,1788740078.387
16.542,4.0071,5.0117,-0.0836,0.3898,0.0239,1788740078.407
16.563,4.0149,5.0111,-0.0831,0.3898,0.0239,1788740078.428
16.582,4.0227,5.0104,-0.0826,0.3898,0.0239,1788740078.447
16.602,4.0304,5.0098,-0.0821,0.3898,0.0239,1788740078.467
16.622,4.0382,5.0091,-0.0817,0.3898,0.0239,1788740078.487
16.642,4.0460,5.0085,-0.0806,0.3893,0.0515,1788740078.507
16.662,4.0537,5.0079,-0.0796,0.3893,0.0515,1788740078.527
16.682,4.0615,5.0073,-0.0786,0.3893,0.0515,1788740078.547
16.702,4.0692,5.0067,-0.0775,0.3893,0.0515,1788740078.567
16.722,4.0770,5.0061,-0.0765,0.3893,0.0515,1788740078.587
16.742,4.0848,5.0055,-0.0745,0.3905,0.1020,1788740078.607
16.762,4.0926,5.0049,-0.0724,0.3905,0.1020,1788740078.627
16.782,4.1004,5.0044,-0.0704,0.3905,0.1020,1788740078.647
16.802,4.1082,5.0039,-0.0684,0.3905,0.1020,1788740078.667
16.822,4.1160,5.0033,-0.0663,0.3905,0.1020,1788740078.687
16.842,4.1237,5.0028,-0.0645,0.3865,0.0902,1788740078.707
16.862,4.1314,5.0024,-0.0627,0.3865,0.0902,1788740078.727
16.883,4.1391,5.0019,-0.0609,0.3865,0.0902,1788740078.748
16.903,4.1468,5.0014,-0.0591,0.3865,0.0902,1788740078.768
16.922,4.1545,5.0010,-0.0573,0.3865,0.0902,1788740078.787
16.942,4.1623,5.0006,-0.0558,0.3899,0.0762,1788740078.807
16.963,4.1701,5.0001,-0.0543,0.3899,0.0762,1788740078.828
16.982,4.1779,4.9997,-0.0527,0.3899,0.0762,1788740078.847
17.003,4.1857,4.9993,-0.0512,0.3899,0.0762,1788740078.868
17.022,4.1935,4.9989,-0.0497,0.3899,0.0762,1788740078.887
17.042,4.2013,4.9985,-0.0491,0.3921,0.0274,1788740078.907
17.063,4.2091,4.9982,-0.0486,0.3921,0.0274,1788740078.928
17.083,4.2170,4.9978,-0.0480,0.3921,0.0274,1788740078.948
17.102,4.2248,4.9974,-0.0475,0.3921,0.0274,1788740078.967
17.123,4.2326,4.9970,-0.0469,0.3921,0.0274,1788740078.988
17.142,4.2404,4.9967,-0.0468,0.3899,0.0075,1788740079.007
17.163,4.2482,4.9963,-0.0466,0.3899,0.0075,1788740079.028
17.183,4.2560,4.9960,-0.0465,0.3899,0.0075,1788740079.048
17.203,4.2638,4.9956,-0.0463,0.3899,0.0075,1788740079.068
17.222,4.2716,4.9952,-0.0462,0.3899,0.0075,1788740079.087
17.242,4.2794,4.9949,-0.0457,0.3904,0.0267,1788740079.107
17.262,4.2872,4.9945,-0.0451,0.3904,0.0267,1788740079.127
17.282,4.2950,4.9942,-0.0446,0.3904,0.0267,1788740079.147
17.302,4.3028,4.9938,-0.0440,0.3904,0.0267,1788740079.167
17.322,4.3106,4.9935,-0.0435,0.3904,0.0267,1788740079.187
17.342,4.3184,4.9932,-0.0426,0.3916,0.0444,1788740079.207
17.362,4.3262,4.9928,-0.0417,0.3916,0.0444,1788740079.227
17.382,4.3340,4.9925,-0.0409,0.3916,0.0444,1788740079.247
17.402,4.3419,4.9922,-0.0400,0.3916,0.0444,1788740079.267
17.422,4.3497,4.9919,-0.0391,0.3916,0.0444,1788740079.287
17.442,4.3575,4.9916,-0.0387,0.3886,0.0199,1788740079.307
17.462,4.3652,4.9913,-0.0383,0.3886,0.0199,1788740079.327
17.482,4.3730,4.9910,-0.0379,0.3886,0.0199,1788740079.347
17.502,4.3808,4.9907,-0.0375,0.3886,0.0199,1788740079.367
17.522,4.3885,4.9904,-0.0371,0.3886,0.0199,1788740079.387
17.542,4.3959,4.9902,-0.0347,0.3684,0.1175,1788740079.407
17.562,4.4033,4.9899,-0.0324,0.3684,0.1175,1788740079.427
17.582,4.4106,4.9897,-0.0300,0.3684,0.1175,1788740079.447
17.603,4.4180,4.9895,-0.0277,0.3684,0.1175,1788740079.468
17.622,4.4254,4.9893,-0.0253,0.3684,0.1175,1788740079.487
17.642,4.4330,4.9892,-0.0220,0.3838,0.1671,1788740079.507
17.662,4.4407,4.9890,-0.0187,0.3838,0.1671,1788740079.527
17.682,4.4484,4.9889,-0.0153,0.3838,0.1671,1788740079.547
17.702,4.4560,4.9888,-0.0120,0.3838,0.1671,1788740079.567
17.722,4.4637,4.9887,-0.0086,0.3838,0.1671,1788740079.587
17.742,4.4714,4.9887,-0.0003,0.3848,0.4164,1788740079.607
17.762,4.4791,4.9888,0.0080,0.3848,0.4164,1788740079.627
17.783,4.4868,4.9889,0.0164,0.3848,0.4164,1788740079.648
17.802,4.4945,4.9891,0.0247,0.3848,0.4164,1788740079.667
17.822,4.5022,4.9894,0.0330,0.3848,0.4164,1788740079.687
17.842,4.5100,4.9897,0.0425,0.3900,0.4754,1788740079.707
17.863,4.5178,4.9901,0.0520,0.3900,0.4754,1788740079.728
17.882,4.5256,4.9906,0.0615,0.3900,0.4754,1788740079.747
17.902,4.5333,4.9911,0.0710,0.3900,0.4754,1788740079.767
17.922,4.5411,4.9918,0.0806,0.3900,0.4754,1788740079.787
17.942,4.5487,4.9925,0.0936,0.3809,0.6548,1788740079.807
17.962,4.5563,4.9933,0.1067,0.3809,0.6548,1788740079.827
17.982,4.5638,4.9942,0.1198,0.3809,0.6548,1788740079.847
18.002,4.5714,4.9952,0.1329,0.3809,0.6548,1788740079.867
18.022,4.5789,4.9963,0.1460,0.3809,0.6548,1788740079.887
18.042,4.5865,4.9975,0.1606,0.3831,0.7295,1788740079.907
18.062,4.5940,4.9989,0.1752,0.3831,0.7295,1788740079.927
18.082,4.6016,5.0003,0.1898,0.3831,0.7295,1788740079.947
18.102,4.6091,5.0019,0.2044,0.3831,0.7295,1788740079.967
18.122,4.6165,5.0035,0.2190,0.3831,0.7295,1788740079.987
18.142,4.6235,5.0052,0.2386,0.3568,0.9812,1788740080.007
18.162,4.6304,5.0070,0.2582,0.3568,0.9812,1788740080.027
18.182,4.6372,5.0090,0.2779,0.3568,0.9812,1788740080.047
18.203,4.6441,5.0111,0.2975,0.3568,0.9812,1788740080.068
18.222,4.6508,5.0133,0.3171,0.3568,0.9812,1788740080.087
18.242,4.6577,5.0157,0.3356,0.3620,0.9235,1788740080.107
18.262,4.6645,5.0182,0.3540,0.3620,0.9235,1788740080.127
18.282,4.6712,5.0209,0.3725,0.3620,0.9235,1788740080.147
18.302,4.6779,5.0236,0.3910,0.3620,0.9235,1788740080.167
18.322,4.6846,5.0265,0.4095,0.3620,0.9235,1788740080.187
18.342,4.6900,5.0290,0.4293,0.2986,0.9921,1788740080.207
18.362,4.6954,5.0316,0.4491,0.2986,0.9921,1788740080.227
18.382,4.7007,5.0343,0.4690,0.2986,0.9921,1788740080.247
18.402,4.7060,5.0371,0.4888,0.2986,0.9921,1788740080.267
18.422,4.7112,5.0400,0.5087,0.2986,0.9921,1788740080.287
18.442,4.7152,5.0423,0.5277,0.2326,0.9507,1788740080.307
18.462,4.7192,5.0447,0.5467,0.2326,0.9507,1788740080.327
18.482,4.7231,5.0472,0.5657,0.2326,0.9507,1788740080.347
18.502,4.7270,5.0498,0.5847,0.2326,0.9507,1788740080.367
18.522,4.7308,5.0524,0.6037,0.2326,0.9507,1788740080.387
18.542,4.7340,5.0548,0.6237,0.2000,0.9998,1788740080.407
18.562,4.7372,5.0572,0.6437,0.2000,0.9998,1788740080.427
18.582,4.7404,5.0596,0.6637,0.2000,0.9998,1788740080.447
18.602,4.7435,5.0622,0.6837,0.2000,0.9998,1788740080.467
18.622,4.7465,5.0648,0.7037,0.2000,0.9998,1788740080.487
18.642,4.7498,5.0676,0.7234,0.2165,0.9821,1788740080.507
18.662,4.7530,5.0706,0.7430,0.2165,0.9821,1788740080.527
18.682,4.7561,5.0735,0.7626,0.2165,0.9821,1788740080.547
18.702,4.7592,5.0766,0.7823,0.2165,0.9821,1788740080.567
18.722,4.7622,5.0797,0.8019,0.2165,0.9821,1788740080.587
18.742,4.7638,5.0814,0.8219,0.1165,1.0000,1788740080.607
18.762,4.7653,5.0832,0.8419,0.1165,1.0000,1788740080.627
18.782,4.7669,5.0849,0.8619,0.1165,1.0000,1788740080.647
18.802,4.7683,5.0867,0.8819,0.1165,1.0000,1788740080.667
18.822,4.7698,5.0885,0.9019,0.1165,1.0000,1788740080.687
18.842,4.7706,5.0897,0.9218,0.0709,0.9949,1788740080.707
18.862,4.7715,5.0908,0.9417,0.0709,0.9949,1788740080.727
18.882,4.7723,5.0920,0.9616,0.0709,0.9949,1788740080.747
18.902,4.7731,5.0932,0.9815,0.0709,0.9949,1788740080.767
18.922,4.7738,5.0944,1.0014,0.0709,0.9949,1788740080.787
18.942,4.7748,5.0960,1.0214,0.0941,1.0000,1788740080.807
18.962,4.7758,5.0976,1.0414,0.0941,1.0000,1788740080.827
18.982,4.7767,5.0992,1.0614,0.0941,1.0000,1788740080.847
19.002,4.7776,5.1009,1.0814,0.0941,1.0000,1788740080.867
19.023,4.7784,5.1026,1.1014,0.0941,1.0000,1788740080.888
19.042,4.7794,5.1046,1.1211,0.1139,0.9859,1788740080.907
19.062,4.7804,5.1067,1.1408,0.1139,0.9859,1788740080.927
19.082,4.7813,5.1088,1.1606,0.1139,0.9859,1788740080.947
19.102,4.7821,5.1109,1.1803,0.1139,0.9859,1788740080.967
19.122,4.7830,5.1130,1.2000,0.1139,0.9859,1788740080.987
19.142,4.7839,5.1156,1.2200,0.1375,1.0000,1788740081.007
19.162,4.7848,5.1182,1.2400,0.1375,1.0000,1788740081.027
19.182,4.7856,5.1208,1.2600,0.1375,1.0000,1788740081.047
19.203,4.7864,5.1235,1.2800,0.1375,1.0000,1788740081.068
19.222,4.7872,5.1261,1.3000,0.1375,1.0000,1788740081.087
19.242,4.7880,5.1292,1.3197,0.1599,0.9835,1788740081.107
19.262,4.7887,5.1323,1.3393,0.1599,0.9835,1788740081.127
19.282,4.7894,5.1354,1.3590,0.1599,0.9835,1788740081.147
19.303,4.7900,5.1386,1.3787,0.1599,0.9835,1788740081.168
19.322,4.7905,5.1417,1.3984,0.1599,0.9835,1788740081.187
19.342,4.7911,5.1453,1.4181,0.1815,0.9862,1788740081.207
19.362,4.7916,5.1489,1.4378,0.1815,0.9862,1788740081.227
19.382,4.7920,5.1525,1.4575,0.1815,0.9862,1788740081.247
19.403,4.7923,5.1561,1.4772,0.1815,0.9862,1788740081.268
19.422,4.7926,5.1598,1.4970,0.1815,0.9862,1788740081.287
19.442,4.7928,5.1638,1.5145,0.2031,0.8762,1788740081.307
19.462,4.7930,5.1679,1.5320,0.2031,0.8762,1788740081.327
19.482,4.7930,5.1719,1.5495,0.2031,0.8762,1788740081.347
19.502,4.7931,5.1760,1.5671,0.2031,0.8762,1788740081.367
19.522,4.7930,5.1801,1.5846,0.2031,0.8762,1788740081.387
19.542,4.7929,5.1846,1.5995,0.2249,0.7468,1788740081.407
19.562,4.7927,5.1890,1.6145,0.2249,0.7468,1788740081.427
19.582,4.7924,5.1935,1.6294,0.2249,0.7468,1788740081.447
19.602,4.7921,5.1980,1.6443,0.2249,0.7468,1788740081.467
19.622,4.7917,5.2025,1.6593,0.2249,0.7468,1788740081.487
19.642,4.7912,5.2074,1.6687,0.2480,0.4700,1788740081.507
19.662,4.7907,5.2124,1.6781,0.2480,0.4700,1788740081.527
19.683,4.7901,5.2173,1.6875,0.2480,0.4700,1788740081.548
19.702,4.7895,5.2222,1.6969,0.2480,0.4700,1788740081.567
19.723,4.7888,5.2271,1.7063,0.2480,0.4700,1788740081.588
19.742,4.7880,5.2325,1.7110,0.2718,0.2363,1788740081.607
19.762,4.7873,5.2379,1.7157,0.2718,0.2363,1788740081.627
19.782,4.7864,5.2433,1.7204,0.2718,0.2363,1788740081.647
19.803,4.7856,5.2486,1.7252,0.2718,0.2363,1788740081.668
19.822,4.7848,5.2540,1.7299,0.2718,0.2363,1788740081.687
19.842,4.7838,5.2598,1.7294,0.2957,-0.0259,1788740081.707
19.863,4.7829,5.2657,1.7289,0.2957,-0.0259,1788740081.728
19.882,4.7820,5.2715,1.7283,0.2957,-0.0259,1788740081.747
19.902,4.7810,5.2774,1.7278,0.2957,-0.0259,1788740081.767
19.922,4.7801,5.2832,1.7273,0.2957,-0.0259,1788740081.787
19.942,4.7791,5.2895,1.7263,0.3162,-0.0478,1788740081.807
19.963,4.7782,5.2957,1.7254,0.3162,-0.0478,1788740081.828
19.982,4.7772,5.3020,1.7244,0.3162,-0.0478,1788740081.847
20.002,4.7762,5.3082,1.7235,0.3162,-0.0478,1788740081.867
20.022,4.7753,5.3145,1.7225,0.3162,-0.0478,1788740081.887
20.042,4.7743,5.3212,1.7159,0.3393,-0.3325,1788740081.907
20.062,4.7734,5.3279,1.7092,0.3393,-0.3325,1788740081.927
20.082,4.7725,5.3346,1.7026,0.3393,-0.3325,1788740081.947
20.102,4.7716,5.3414,1.6959,0.3393,-0.3325,1788740081.967
20.122,4.7708,5.3481,1.6893,0.3393,-0.3325,1788740081.987
20.142,4.7700,5.3553,1.6816,0.3623,-0.3830,1788740082.007
20.162,4.7693,5.3625,1.6740,0.3623,-0.3830,1788740082.027
20.182,4.7686,5.3697,1.6663,0.3623,-0.3830,1788740082.047
20.202,4.7679,5.3769,1.6586,0.3623,-0.3830,1788740082.067
20.222,4.7674,5.3842,1.6510,0.3623,-0.3830,1788740082.087
20.242,4.7668,5.3918,1.6395,0.3830,-0.5726,1788740082.107
20.262,4.7664,5.3994,1.6281,0.3830,-0.5726,1788740082.127
20.282,4.7660,5.4071,1.6166,0.3830,-0.5726,1788740082.147
20.302,4.7658,5.4147,1.6052,0.3830,-0.5726,1788740082.167
20.322,4.7656,5.4224,1.5937,0.3830,-0.5726,1788740082.187
20.342,4.7655,5.4303,1.5835,0.3956,-0.5123,1788740082.207
20.362,4.7655,5.4382,1.5732,0.3956,-0.5123,1788740082.227
20.382,4.7655,5.4461,1.5630,0.3956,-0.5123,1788740082.247
20.402,4.7657,5.4541,1.5527,0.3956,-0.5123,1788740082.267
20.422,4.7659,5.4620,1.5425,0.3956,-0.5123,1788740082.287
20.442,4.7662,5.4699,1.5316,0.3963,-0.5438,1788740082.307
20.462,4.7666,5.4778,1.5207,0.3963,-0.5438,1788740082.327
20.482,4.7671,5.4857,1.5099,0.3963,-0.5438,1788740082.347
20.502,4.7677,5.4936,1.4990,0.3963,-0.5438,1788740082.367
20.522,4.7683,5.5015,1.4881,0.3963,-0.5438,1788740082.387
20.542,4.7690,5.5090,1.4831,0.3749,-0.2480,1788740082.407
20.562,4.7697,5.5165,1.4782,0.3749,-0.2480,1788740082.427
20.582,4.7704,5.5239,1.4732,0.3749,-0.2480,1788740082.447
20.602,4.7712,5.5314,1.4683,0.3749,-0.2480,1788740082.467
20.622,4.7720,5.5388,1.4633,0.3749,-0.2480,1788740082.487
20.642,4.7728,5.5464,1.4614,0.3817,-0.0954,1788740082.507
20.662,4.7737,5.5540,1.4595,0.3817,-0.0954,1788740082.527
20.682,4.7745,5.5616,1.4576,0.3817,-0.0954,1788740082.547
20.702,4.7754,5.5692,1.4557,0.3817,-0.0954,1788740082.567
20.722,4.7763,5.5768,1.4538,0.3817,-0.0954,1788740082.587
20.742,4.7772,5.5842,1.4539,0.3740,0.0070,1788740082.607
20.762,4.7780,5.5916,1.4540,0.3740,0.0070,1788740082.627
20.782,4.7789,5.5990,1.4542,0.3740,0.0070,1788740082.647
20.802,4.7798,5.6065,1.4543,0.3740,0.0070,1788740082.667
20.822,4.7806,5.6139,1.4545,0.3740,0.0070,1788740082.687
20.842,4.7816,5.6218,1.4524,0.3954,-0.1033,1788740082.707
20.862,4.7825,5.6296,1.4503,0.3954,-0.1033,1788740082.727
20.882,4.7835,5.6375,1.4483,0.3954,-0.1033,1788740082.747
20.902,4.7845,5.6453,1.4462,0.3954,-0.1033,1788740082.767
20.922,4.7855,5.6531,1.4441,0.3954,-0.1033,1788740082.787
20.942,4.7864,5.6606,1.4481,0.3770,0.1967,1788740082.807
20.962,4.7873,5.6681,1.4520,0.3770,0.1967,1788740082.827
20.982,4.7882,5.6756,1.4559,0.3770,0.1967,1788740082.847
21.002,4.7890,5.6831,1.4599,0.3770,0.1967,1788740082.867
21.022,4.7898,5.6906,1.4638,0.3770,0.1967,1788740082.887
21.042,4.7904,5.6970,1.4706,0.3214,0.3398,1788740082.907
21.062,4.7910,5.7034,1.4774,0.3214,0.3398,1788740082.927
21.082,4.7916,5.7098,1.4842,0.3214,0.3398,1788740082.947
21.102,4.7921,5.7162,1.4910,0.3214,0.3398,1788740082.967
21.122,4.7926,5.7226,1.4978,0.3214,0.3398,1788740082.987
21.142,4.7930,5.7289,1.5063,0.3167,0.4248,1788740083.007
21.162,4.7933,5.7353,1.5148,0.3167,0.4248,1788740083.027
21.183,4.7936,5.7416,1.5233,0.3167,0.4248,1788740083.048
21.202,4.7939,5.7479,1.5318,0.3167,0.4248,1788740083.067
21.222,4.7941,5.7542,1.5402,0.3167,0.4248,1788740083.087
21.242,4.7943,5.7607,1.5439,0.3231,0.1811,1788740083.107
21.262,4.7944,5.7672,1.5475,0.3231,0.1811,1788740083.127
21.283,4.7945,5.7736,1.5511,0.3231,0.1811,1788740083.148
21.302,4.7946,5.7801,1.5547,0.3231,0.1811,1788740083.167
21.322,4.7947,5.7865,1.5584,0.3231,0.1811,1788740083.187
21.342,4.7948,5.7932,1.5620,0.3341,0.1814,1788740083.207
21.362,4.7948,5.7999,1.5656,0.3341,0.1814,1788740083.227
21.382,4.7948,5.8066,1.5692,0.3341,0.1814,1788740083.247
21.402,4.7948,5.8133,1.5729,0.3341,0.1814,1788740083.267
21.422,4.7948,5.8200,1.5765,0.3341,0.1814,1788740083.287
21.442,4.7947,5.8268,1.5760,0.3436,-0.0268,1788740083.307
21.462,4.7947,5.8337,1.5754,0.3436,-0.0268,1788740083.327
21.482,4.7947,5.8406,1.5749,0.3436,-0.0268,1788740083.347
21.502,4.7947,5.8474,1.5744,0.3436,-0.0268,1788740083.367
21.522,4.7946,5.8543,1.5738,0.3436,-0.0268,1788740083.387
21.542,4.7946,5.8613,1.5733,0.3483,-0.0250,1788740083.407
21.562,4.7946,5.8683,1.5728,0.3483,-0.0250,1788740083.427
21.582,4.7946,5.8752,1.5723,0.3483,-0.0250,1788740083.447
21.602,4.7946,5.8822,1.5718,0.3483,-0.0250,1788740083.467
21.622,4.7946,5.8892,1.5713,0.3483,-0.0250,1788740083.487
21.642,4.7946,5.8965,1.5654,0.3669,-0.2974,1788740083.507
21.663,4.7947,5.9038,1.5594,0.3669,-0.2974,1788740083.528
21.682,4.7948,5.9112,1.5535,0.3669,-0.2974,1788740083.547
21.702,4.7950,5.9185,1.5475,0.3669,-0.2974,1788740083.567
21.722,4.7952,5.9258,1.5416,0.3669,-0.2974,1788740083.587
21.742,4.7954,5.9325,1.5416,0.3343,0.0026,1788740083.607
21.763,4.7956,5.9392,1.5417,0.3343,0.0026,1788740083.628
21.782,4.7958,5.9459,1.5417,0.3343,0.0026,1788740083.647
21.802,4.7960,5.9526,1.5418,0.3343,0.0026,1788740083.667
21.822,4.7962,5.9592,1.5418,0.3343,0.0026,1788740083.687
21.842,4.7963,5.9647,1.5436,0.2746,0.0873,1788740083.707
21.862,4.7965,5.9702,1.5453,0.2746,0.0873,1788740083.727
21.882,4.7966,5.9757,1.5471,0.2746,0.0873,1788740083.747
21.902,4.7967,5.9812,1.5488,0.2746,0.0873,1788740083.767
21.922,4.7968,5.9867,1.5506,0.2746,0.0873,1788740083.787
21.942,4.7969,5.9924,1.5529,0.2864,0.1147,1788740083.807
21.962,4.7970,5.9982,1.5551,0.2864,0.1147,1788740083.827
21.982,4.7971,6.0039,1.5574,0.2864,0.1147,1788740083.847
22.002,4.7972,6.0096,1.5597,0.2864,0.1147,1788740083.867
22.022,4.7972,6.0153,1.5620,0.2864,0.1147,1788740083.887
22.042,4.7973,6.0208,1.5627,0.2747,0.0359,1788740083.907
22.063,4.7973,6.0263,1.5635,0.2747,0.0359,1788740083.928
22.083,4.7973,6.0318,1.5642,0.2747,0.0359,1788740083.948
22.103,4.7974,6.0373,1.5649,0.2747,0.0359,1788740083.968
22.122,4.7974,6.0428,1.5656,0.2747,0.0359,1788740083.987
22.142,4.7974,6.0487,1.5664,0.2950,0.0369,1788740084.007
22.162,4.7975,6.0546,1.5671,0.2950,0.0369,1788740084.027
22.183,4.7975,6.0605,1.5678,0.2950,0.0369,1788740084.048
22.202,4.7975,6.0664,1.5686,0.2950,0.0369,1788740084.067
22.222,4.7975,6.0723,1.5693,0.2950,0.0369,1788740084.087
22.242,4.7975,6.0785,1.5714,0.3114,0.1054,1788740084.107
22.262,4.7975,6.0848,1.5735,0.3114,0.1054,1788740084.127
22.282,4.7974,6.0910,1.5756,0.3114,0.1054,1788740084.147
22.302,4.7974,6.0972,1.5777,0.3114,0.1054,1788740084.167
22.322,4.7973,6.1035,1.5798,0.3114,0.1054,1788740084.187
22.342,4.7973,6.1100,1.5775,0.3288,-0.1178,1788740084.207
22.362,4.7973,6.1166,1.5751,0.3288,-0.1178,1788740084.227
22.382,4.7973,6.1232,1.5728,0.3288,-0.1178,1788740084.247
22.402,4.7973,6.1298,1.5704,0.3288,-0.1178,1788740084.267
22.422,4.7973,6.1363,1.5681,0.3288,-0.1178,1788740084.287
22.442,4.7973,6.1427,1.5668,0.3172,-0.0653,1788740084.307
22.463,4.7973,6.1490,1.5655,0.3172,-0.0653,1788740084.328
22.483,4.7974,6.1554,1.5641,0.3172,-0.0653,1788740084.348
22.502,4.7974,6.1617,1.5628,0.3172,-0.0653,1788740084.367
22.522,4.7975,6.1681,1.5615,0.3172,-0.0653,1788740084.387
22.542,4.7975,6.1749,1.5638,0.3415,0.1115,1788740084.407
22.562,4.7976,6.1817,1.5660,0.3415,0.1115,1788740084.427
22.582,4.7976,6.1886,1.5682,0.3415,0.1115,1788740084.447
22.602,4.7976,6.1954,1.5705,0.3415,0.1115,1788740084.467
22.622,4.7976,6.2022,1.5727,0.3415,0.1115,1788740084.487
22.642,4.7976,6.2078,1.5733,0.2803,0.0316,1788740084.507
22.662,4.7975,6.2134,1.5740,0.2803,0.0316,1788740084.527
22.682,4.7975,6.2190,1.5746,0.2803,0.0316,1788740084.547
22.702,4.7975,6.2246,1.5752,0.2803,0.0316,1788740084.567
22.723,4.7975,6.2302,1.5758,0.2803,0.0316,1788740084.588
22.742,4.7974,6.2363,1.5778,0.3029,0.0967,1788740084.607
22.763,4.7974,6.2424,1.5797,0.3029,0.0967,1788740084.628
22.783,4.7973,6.2484,1.5816,0.3029,0.0967,1788740084.648
22.802,4.7972,6.2545,1.5836,0.3029,0.0967,1788740084.667
22.822,4.7971,6.2605,1.5855,0.3029,0.0967,1788740084.687
22.842,4.7971,6.2669,1.5830,0.3181,-0.1248,1788740084.707
22.862,4.7970,6.2733,1.5805,0.3181,-0.1248,1788740084.727
22.882,4.7970,6.2796,1.5780,0.3181,-0.1248,1788740084.747
22.902,4.7969,6.2860,1.5755,0.3181,-0.1248,1788740084.767
22.922,4.7969,6.2923,1.5730,0.3181,-0.1248,1788740084.787
22.942,4.7969,6.2987,1.5722,0.3168,-0.0430,1788740084.807
22.962,4.7969,6.3050,1.5713,0.3168,-0.0430,1788740084.827
22.982,4.7969,6.3113,1.5705,0.3168,-0.0430,1788740084.847
23.002,4.7969,6.3177,1.5696,0.3168,-0.0430,1788740084.867
23.022,4.7969,6.3240,1.5687,0.3168,-0.0430,1788740084.887
23.042,4.7969,6.3305,1.5698,0.3235,0.0521,1788740084.907
23.062,4.7969,6.3370,1.5708,0.3235,0.0521,1788740084.927
23.082,4.7969,6.3434,1.5719,0.3235,0.0521,1788740084.947
23.102,4.7969,6.3499,1.5729,0.3235,0.0521,1788740084.967
23.122,4.7969,6.3564,1.5739,0.3235,0.0521,1788740084.987
23.142,4.7969,6.3631,1.5721,0.3379,-0.0945,1788740085.007
23.162,4.7969,6.3699,1.5702,0.3379,-0.0945,1788740085.027
23.182,4.7969,6.3766,1.5683,0.3379,-0.0945,1788740085.047
23.202,4.7969,6.3834,1.5664,0.3379,-0.0945,1788740085.067
23.222,4.7970,6.3902,1.5645,0.3379,-0.0945,1788740085.087
23.242,4.7970,6.3968,1.5649,0.3325,0.0188,1788740085.107
23.262,4.7970,6.4035,1.5652,0.3325,0.0188,1788740085.127
23.282,4.7971,6.4101,1.5656,0.3325,0.0188,1788740085.147
23.302,4.7971,6.4168,1.5660,0.3325,0.0188,1788740085.167
23.322,4.7971,6.4234,1.5664,0.3325,0.0188,1788740085.187
23.342,4.7972,6.4298,1.5694,0.3214,0.1533,1788740085.207
23.362,4.7971,6.4363,1.5725,0.3214,0.1533,1788740085.227
23.382,4.7971,6.4427,1.5756,0.3214,0.1533,1788740085.247
23.402,4.7971,6.4491,1.5786,0.3214,0.1533,1788740085.267
23.422,4.7970,6.4556,1.5817,0.3214,0.1533,1788740085.287
23.442,4.7969,6.4619,1.5807,0.3195,-0.0524,1788740085.307
23.462,4.7969,6.4683,1.5796,0.3195,-0.0524,1788740085.327
23.482,4.7968,6.4747,1.5786,0.3195,-0.0524,1788740085.347
23.502,4.7968,6.4811,1.5775,0.3195,-0.0524,1788740085.367
23.523,4.7967,6.4875,1.5765,0.3195,-0.0524,1788740085.388
23.542,4.7967,6.4939,1.5764,0.3200,-0.0054,1788740085.407
23.562,4.7967,6.5003,1.5762,0.3200,-0.0054,1788740085.427
23.583,4.7966,6.5067,1.5761,0.3200,-0.0054,1788740085.448
23.602,4.7966,6.5131,1.5760,0.3200,-0.0054,1788740085.467
23.622,4.7966,6.5195,1.5759,0.3200,-0.0054,1788740085.487
23.642,4.7966,6.5260,1.5707,0.3276,-0.2631,1788740085.507
23.662,4.7966,6.5326,1.5654,0.3276,-0.2631,1788740085.527
23.682,4.7967,6.5392,1.5601,0.3276,-0.2631,1788740085.547
23.702,4.7968,6.5457,1.5549,0.3276,-0.2631,1788740085.567
23.722,4.7969,6.5523,1.5496,0.3276,-0.2631,1788740085.587
23.742,4.7971,6.5584,1.5446,0.3055,-0.2520,1788740085.607
23.762,4.7973,6.5645,1.5395,0.3055,-0.2520,1788740085.627
23.783,4.7975,6.5706,1.5345,0.3055,-0.2520,1788740085.648
23.802,4.7977,6.5767,1.5294,0.3055,-0.2520,1788740085.667
23.822,4.7980,6.5828,1.5244,0.3055,-0.2520,1788740085.687
23.842,4.7982,6.5869,1.5242,0.2061,-0.0099,1788740085.707
23.862,4.7984,6.5910,1.5240,0.2061,-0.0099,1788740085.727
23.882,4.7986,6.5951,1.5238,0.2061,-0.0099,1788740085.747
23.902,4.7988,6.5993,1.5236,0.2061,-0.0099,1788740085.767
23.922,4.7990,6.6034,1.5234,0.2061,-0.0099,1788740085.787
23.942,4.7991,6.6057,1.5192,0.1149,-0.2098,1788740085.807
23.962,4.7992,6.6080,1.5150,0.1149,-0.2098,1788740085.827
23.982,4.7994,6.6103,1.5108,0.1149,-0.2098,1788740085.847
24.002,4.7995,6.6125,1.5066,0.1149,-0.2098,1788740085.867
24.023,4.7997,6.6148,1.5024,0.1149,-0.2098,1788740085.888
24.042,4.7997,6.6151,1.4929,0.0149,-0.4754,1788740085.907
24.063,4.7997,6.6154,1.4834,0.0149,-0.4754,1788740085.928
24.082,4.7998,6.6157,1.4739,0.0149,-0.4754,1788740085.947
24.102,4.7998,6.6160,1.4644,0.0149,-0.4754,1788740085.967
24.122,4.7998,6.6163,1.4549,0.0149,-0.4754,1788740085.987
24.142,4.7998,6.6163,1.4404,0.0000,-0.7251,1788740086.007
24.162,4.7998,6.6163,1.4259,0.0000,-0.7251,1788740086.027
24.182,4.7998,6.6163,1.4114,0.0000,-0.7251,1788740086.047
24.202,4.7998,6.6163,1.3969,0.0000,-0.7251,1788740086.067
24.222,4.7998,6.6163,1.3824,0.0000,-0.7251,1788740086.087
24.242,4.7998,6.6163,1.3639,0.0000,-0.9249,1788740086.107
24.262,4.7998,6.6163,1.3454,0.0000,-0.9249,1788740086.127
24.282,4.7998,6.6163,1.3269,0.0000,-0.9249,1788740086.147
24.302,4.7998,6.6163,1.3084,0.0000,-0.9249,1788740086.167
24.322,4.7998,6.6163,1.2899,0.0000,-0.9249,1788740086.187
24.342,4.7998,6.6163,1.2710,0.0000,-0.9460,1788740086.207
24.362,4.7998,6.6163,1.2520,0.0000,-0.9460,1788740086.227
24.382,4.7998,6.6163,1.2331,0.0000,-0.9460,1788740086.247
24.402,4.7998,6.6163,1.2142,0.0000,-0.9460,1788740086.267
24.422,4.7998,6.6163,1.1953,0.0000,-0.9460,1788740086.287
24.442,4.7998,6.6163,1.1762,0.0000,-0.9557,1788740086.307
24.462,4.7998,6.6163,1.1571,0.0000,-0.9557,1788740086.327
24.482,4.7998,6.6163,1.1379,0.0000,-0.9557,1788740086.347
24.502,4.7998,6.6163,1.1188,0.0000,-0.9557,1788740086.367
24.522,4.7998,6.6163,1.0997,0.0000,-0.9557,1788740086.387
24.542,4.7998,6.6163,1.0805,0.0000,-0.9613,1788740086.407
24.562,4.7998,6.6163,1.0613,0.0000,-0.9613,1788740086.427
24.583,4.7998,6.6163,1.0420,0.0000,-0.9613,1788740086.448
24.603,4.7998,6.6163,1.0228,0.0000,-0.9613,1788740086.468
24.622,4.7998,6.6163,1.0036,0.0000,-0.9613,1788740086.487
24.642,4.7998,6.6163,0.9842,0.0000,-0.9689,1788740086.507
24.663,4.7998,6.6163,0.9648,0.0000,-0.9689,1788740086.528
24.683,4.7998,6.6163,0.9455,0.0000,-0.9689,1788740086.548
24.703,4.7998,6.6163,0.9261,0.0000,-0.9689,1788740086.568
24.722,4.7998,6.6163,0.9067,0.0000,-0.9689,1788740086.587
24.742,4.7998,6.6163,0.8875,0.0000,-0.9614,1788740086.607
24.762,4.7998,6.6163,0.8682,0.0000,-0.9614,1788740086.627
24.782,4.7998,6.6163,0.8490,0.0000,-0.9614,1788740086.647
24.802,4.7998,6.6163,0.8298,0.0000,-0.9614,1788740086.667
24.822,4.7998,6.6163,0.8106,0.0000,-0.9614,1788740086.687
24.842,4.7998,6.6163,0.7917,0.0000,-0.9447,1788740086.707
24.862,4.7998,6.6163,0.7728,0.0000,-0.9447,1788740086.727
24.882,4.7998,6.6163,0.7539,0.0000,-0.9447,1788740086.747
24.903,4.7998,6.6163,0.7350,0.0000,-0.9447,1788740086.768
24.922,4.7998,6.6163,0.7161,0.0000,-0.9447,1788740086.787
24.942,4.7998,6.6163,0.6971,0.0000,-0.9507,1788740086.807
24.962,4.7998,6.6163,0.6781,0.0000,-0.9507,1788740086.827
24.982,4.7998,6.6163,0.6590,0.0000,-0.9507,1788740086.847
25.002,4.7998,6.6163,0.6400,0.0000,-0.9507,1788740086.867
25.022,4.7998,6.6163,0.6210,0.0000,-0.9507,1788740086.887
25.042,4.7998,6.6163,0.6016,0.0000,-0.9718,1788740086.907
25.062,4.7998,6.6163,0.5822,0.0000,-0.9718,1788740086.927
25.082,4.7998,6.6163,0.5627,0.0000,-0.9718,1788740086.947
25.102,4.7998,6.6163,0.5433,0.0000,-0.9718,1788740086.967
25.122,4.7998,6.6163,0.5238,0.0000,-0.9718,1788740086.987
25.142,4.7998,6.6163,0.5049,0.0000,-0.9494,1788740087.007
25.162,4.7998,6.6163,0.4859,0.0000,-0.9494,1788740087.027
25.182,4.7998,6.6163,0.4669,0.0000,-0.9494,1788740087.047
25.202,4.7998,6.6163,0.4479,0.0000,-0.9494,1788740087.067
25.222,4.7998,6.6163,0.4289,0.0000,-0.9494,1788740087.087
25.242,4.7998,6.6163,0.4099,0.0000,-0.9491,1788740087.107
25.262,4.7998,6.6163,0.3909,0.0000,-0.9491,1788740087.127
25.282,4.7998,6.6163,0.3720,0.0000,-0.9491,1788740087.147
25.303,4.7998,6.6163,0.3530,0.0000,-0.9491,1788740087.168
25.322,4.7998,6.6163,0.3340,0.0000,-0.9491,1788740087.187
25.342,4.7998,6.6163,0.3145,0.0000,-0.9758,1788740087.207
25.362,4.7998,6.6163,0.2950,0.0000,-0.9758,1788740087.227
25.382,4.7998,6.6163,0.2754,0.0000,-0.9758,1788740087.247
25.402,4.7998,6.6163,0.2559,0.0000,-0.9758,1788740087.267
25.422,4.7998,6.6163,0.2364,0.0000,-0.9758,1788740087.287
25.442,4.7998,6.6163,0.2174,0.0000,-0.9484,1788740087.307
25.462,4.7998,6.6163,0.1985,0.0000,-0.9484,1788740087.327
25.482,4.7998,6.6163,0.1795,0.0000,-0.9484,1788740087.347
25.502,4.7998,6.6163,0.1605,0.0000,-0.9484,1788740087.367
25.522,4.7998,6.6163,0.1416,0.0000,-0.9484,1788740087.387
25.542,4.7998,6.6163,0.1221,0.0000,-0.9736,1788740087.407
25.562,4.7998,6.6163,0.1026,0.0000,-0.9736,1788740087.427
25.583,4.7998,6.6163,0.0831,0.0000,-0.9736,1788740087.448
25.603,4.7998,6.6163,0.0637,0.0000,-0.9736,1788740087.468
25.623,4.7998,6.6163,0.0442,0.0000,-0.9736,1788740087.488
25.642,4.7998,6.6163,0.0248,0.0000,-0.9680,1788740087.507
25.662,4.7998,6.6163,0.0055,0.0000,-0.9680,1788740087.527
25.683,4.7998,6.6163,-0.0139,0.0000,-0.9680,1788740087.548
25.702,4.7998,6.6163,-0.0332,0.0000,-0.9680,1788740087.567
25.722,4.7998,6.6163,-0.0526,0.0000,-0.9680,1788740087.587
25.742,4.7998,6.6163,-0.0724,0.0000,-0.9919,1788740087.607
25.762,4.7998,6.6163,-0.0923,0.0000,-0.9919,1788740087.627
25.782,4.7998,6.6163,-0.1121,0.0000,-0.9919,1788740087.647
25.802,4.7998,6.6163,-0.1320,0.0000,-0.9919,1788740087.667
25.822,4.7998,6.6163,-0.1518,0.0000,-0.9919,1788740087.687
25.842,4.7998,6.6163,-0.1711,0.0000,-0.9676,1788740087.707
25.862,4.7998,6.6163,-0.1905,0.0000,-0.9676,1788740087.727
25.882,4.7998,6.6163,-0.2098,0.0000,-0.9676,1788740087.747
25.902,4.7998,6.6163,-0.2292,0.0000,-0.9676,1788740087.767
25.923,4.7998,6.6163,-0.2486,0.0000,-0.9676,1788740087.788
25.942,4.7998,6.6163,-0.2665,0.0000,-0.8961,1788740087.807
25.962,4.7998,6.6163,-0.2844,0.0000,-0.8961,1788740087.827
25.982,4.7998,6.6163,-0.3023,0.0000,-0.8961,1788740087.847
26.002,4.7998,6.6163,-0.3202,0.0000,-0.8961,1788740087.867
26.022,4.7998,6.6163,-0.3382,0.0000,-0.8961,1788740087.887
26.042,4.7998,6.6163,-0.3547,0.0000,-0.8280,1788740087.907
26.063,4.7998,6.6163,-0.3713,0.0000,-0.8280,1788740087.928
26.082,4.7998,6.6163,-0.3878,0.0000,-0.8280,1788740087.947
26.102,4.7998,6.6163,-0.4044,0.0000,-0.8280,1788740087.967
26.122,4.7998,6.6163,-0.4210,0.0000,-0.8280,1788740087.987
26.142,4.7998,6.6163,-0.4352,0.0000,-0.7106,1788740088.007
26.162,4.7998,6.6163,-0.4494,0.0000,-0.7106,1788740088.027
26.182,4.7998,6.6163,-0.4636,0.0000,-0.7106,1788740088.047
26.202,4.7998,6.6163,-0.4778,0.0000,-0.7106,1788740088.067
26.222,4.7998,6.6163,-0.4920,0.0000,-0.7106,1788740088.087
26.242,4.7998,6.6163,-0.5057,0.0000,-0.6822,1788740088.107
26.262,4.7998,6.6163,-0.5193,0.0000,-0.6822,1788740088.127
26.282,4.7998,6.6163,-0.5329,0.0000,-0.6822,1788740088.147
26.303,4.7998,6.6163,-0.5466,0.0000,-0.6822,1788740088.168
26.322,4.7998,6.6163,-0.5602,0.0000,-0.6822,1788740088.187
26.342,4.7998,6.6163,-0.5724,0.0000,-0.6104,1788740088.207
26.362,4.7998,6.6163,-0.5846,0.0000,-0.6104,1788740088.227
26.383,4.7998,6.6163,-0.5969,0.0000,-0.6104,1788740088.248
26.402,4.7998,6.6163,-0.6091,0.0000,-0.6104,1788740088.267
26.423,4.7998,6.6163,-0.6213,0.0000,-0.6104,1788740088.288
26.442,4.7998,6.6163,-0.6392,0.0000,-0.8972,1788740088.307
26.463,4.7998,6.6163,-0.6572,0.0000,-0.8972,1788740088.328
26.483,4.7998,6.6163,-0.6751,0.0000,-0.8972,1788740088.347
26.503,4.7998,6.6163,-0.6930,0.0000,-0.8972,1788740088.368
26.522,4.7998,6.6163,-0.7110,0.0000,-0.8972,1788740088.387
26.542,4.7998,6.6163,-0.7306,0.0000,-0.9813,1788740088.407
26.562,4.7998,6.6163,-0.7502,0.0000,-0.9813,1788740088.427
26.582,4.7998,6.6163,-0.7699,0.0000,-0.9813,1788740088.447
26.602,4.7998,6.6163,-0.7895,0.0000,-0.9813,1788740088.467
26.622,4.7998,6.6163,-0.8091,0.0000,-0.9813,1788740088.487
26.642,4.7998,6.6163,-0.8285,0.0000,-0.9705,1788740088.507
26.663,4.7998,6.6163,-0.8479,0.0000,-0.9705,1788740088.528
26.682,4.7998,6.6163,-0.8673,0.0000,-0.9705,1788740088.547
26.702,4.7998,6.6163,-0.8868,0.0000,-0.9705,1788740088.567
26.722,4.7998,6.6163,-0.9062,0.0000,-0.9705,1788740088.587
26.742,4.7998,6.6163,-0.9247,0.0000,-0.9258,1788740088.607
26.763,4.7998,6.6163,-0.9432,0.0000,-0.9258,1788740088.628
26.783,4.7998,6.6163,-0.9617,0.0000,-0.9258,1788740088.648
26.803,4.7998,6.6163,-0.9802,0.0000,-0.9258,1788740088.668
26.822,4.7998,6.6163,-0.9987,0.0000,-0.9258,1788740088.687
26.842,4.7998,6.6163,-1.0155,0.0000,-0.8386,1788740088.707
26.862,4.7998,6.6163,-1.0323,0.0000,-0.8386,1788740088.727
26.882,4.7998,6.6163,-1.0491,0.0000,-0.8386,1788740088.747
26.902,4.7998,6.6163,-1.0658,0.0000,-0.8386,1788740088.767
26.922,4.7998,6.6163,-1.0826,0.0000,-0.8386,1788740088.787
26.942,4.7998,6.6163,-1.0982,0.0000,-0.7792,1788740088.807
26.962,4.7998,6.6163,-1.1138,0.0000,-0.7792,1788740088.827
26.982,4.7998,6.6163,-1.1294,0.0000,-0.7792,1788740088.847
27.002,4.7998,6.6163,-1.1449,0.0000,-0.7792,1788740088.867
27.023,4.7998,6.6163,-1.1605,0.0000,-0.7792,1788740088.888
27.042,4.7998,6.6163,-1.1755,0.0000,-0.7475,1788740088.907
27.062,4.7998,6.6163,-1.1904,0.0000,-0.7475,1788740088.927
27.082,4.7998,6.6163,-1.2054,0.0000,-0.7475,1788740088.947
27.103,4.7998,6.6163,-1.2203,0.0000,-0.7475,1788740088.968
27.122,4.7998,6.6163,-1.2353,0.0000,-0.7475,1788740088.987
27.142,4.7998,6.6163,-1.2489,0.0002,-0.6791,1788740089.007
27.163,4.7998,6.6163,-1.2624,0.0002,-0.6791,1788740089.028
27.182,4.7998,6.6163,-1.2760,0.0002,-0.6791,1788740089.047
27.202,4.7998,6.6163,-1.2896,0.0002,-0.6791,1788740089.067
27.223,4.7998,6.6163,-1.3032,0.0002,-0.6791,1788740089.088
27.242,4.7998,6.6163,-1.3138,0.0001,-0.5304,1788740089.107
27.263,4.7998,6.6163,-1.3244,0.0001,-0.5304,1788740089.128
27.282,4.7998,6.6163,-1.3350,0.0001,-0.5304,1788740089.147
27.302,4.7998,6.6163,-1.3456,0.0001,-0.5304,1788740089.167
27.322,4.7998,6.6163,-1.3562,0.0001,-0.5304,1788740089.187
27.342,4.7998,6.6163,-1.3673,0.0022,-0.5552,1788740089.207
27.362,4.7999,6.6162,-1.3784,0.0022,-0.5552,1788740089.227
27.383,4.7999,6.6162,-1.3895,0.0022,-0.5552,1788740089.248
27.403,4.7999,6.6161,-1.4006,0.0022,-0.5552,1788740089.268
27.422,4.7999,6.6161,-1.4117,0.0022,-0.5552,1788740089.287
27.442,4.7999,6.6160,-1.4241,0.0017,-0.6171,1788740089.307
27.462,4.7999,6.6160,-1.4364,0.0017,-0.6171,1788740089.327
27.482,4.7999,6.6160,-1.4488,0.0017,-0.6171,1788740089.347
27.502,4.7999,6.6159,-1.4611,0.0017,-0.6171,1788740089.367
27.522,4.7999,6.6159,-1.4735,0.0017,-0.6171,1788740089.387
27.542,4.7999,6.6154,-1.4867,0.0266,-0.6633,1788740089.407
27.562,4.8000,6.6149,-1.5000,0.0266,-0.6633,1788740089.427
27.582,4.8000,6.6143,-1.5133,0.0266,-0.6633,1788740089.447
27.602,4.8000,6.6138,-1.5265,0.0266,-0.6633,1788740089.467
27.622,4.8001,6.6133,-1.5398,0.0266,-0.6633,1788740089.487
27.642,4.8001,6.6122,-1.5505,0.0509,-0.5339,1788740089.507
27.662,4.8001,6.6112,-1.5611,0.0509,-0.5339,1788740089.527
27.682,4.8001,6.6102,-1.5718,0.0509,-0.5339,1788740089.547
27.702,4.8001,6.6092,-1.5825,0.0509,-0.5339,1788740089.567
27.722,4.8000,6.6082,-1.5932,0.0509,-0.5339,1788740089.587
27.742,4.8000,6.6067,-1.6035,0.0748,-0.5148,1788740089.607
27.762,4.7999,6.6052,-1.6138,0.0748,-0.5148,1788740089.627
27.782,4.7999,6.6037,-1.6241,0.0748,-0.5148,1788740089.647
27.802,4.7998,6.6022,-1.6344,0.0748,-0.5148,1788740089.667
27.822,4.7996,6.6007,-1.6447,0.0748,-0.5148,1788740089.687
27.842,4.7995,6.5987,-1.6556,0.0995,-0.5480,1788740089.707
27.862,4.7993,6.5967,-1.6666,0.0995,-0.5480,1788740089.727
27.882,4.7991,6.5948,-1.6775,0.0995,-0.5480,1788740089.747
27.903,4.7988,6.5928,-1.6885,0.0995,-0.5480,1788740089.768
27.922,4.7986,6.5908,-1.6995,0.0995,-0.5480,1788740089.787
27.942,4.7982,6.5884,-1.7111,0.1234,-0.5811,1788740089.807
27.962,4.7979,6.5859,-1.7227,0.1234,-0.5811,1788740089.827
27.982,4.7975,6.5835,-1.7343,0.1234,-0.5811,1788740089.847
28.002,4.7970,6.5811,-1.7459,0.1234,-0.5811,1788740089.867
28.022,4.7966,6.5786,-1.7576,0.1234,-0.5811,1788740089.887
28.042,4.7960,6.5757,-1.7696,0.1477,-0.6037,1788740089.907
28.062,4.7954,6.5728,-1.7817,0.1477,-0.6037,1788740089.927
28.083,4.7947,6.5700,-1.7938,0.1477,-0.6037,1788740089.948
28.102,4.7940,6.5671,-1.8059,0.1477,-0.6037,1788740089.967
28.122,4.7933,6.5642,-1.8179,0.1477,-0.6037,1788740089.987
28.142,4.7924,6.5609,-1.8291,0.1716,-0.5574,1788740090.007
28.162,4.7915,6.5576,-1.8402,0.1716,-0.5574,1788740090.027
28.183,4.7906,6.5543,-1.8514,0.1716,-0.5574,1788740090.048
28.202,4.7896,6.5510,-1.8625,0.1716,-0.5574,1788740090.067
28.222,4.7886,6.5477,-1.8737,0.1716,-0.5574,1788740090.087
28.242,4.7874,6.5440,-1.8815,0.1956,-0.3912,1788740090.107
28.262,4.7861,6.5403,-1.8893,0.1956,-0.3912,1788740090.127
28.282,4.7849,6.5366,-1.8972,0.1956,-0.3912,1788740090.147
28.302,4.7836,6.5329,-1.9050,0.1956,-0.3912,1788740090.167
28.322,4.7823,6.5292,-1.9128,0.1956,-0.3912,1788740090.187
28.342,4.7808,6.5251,-1.9165,0.2192,-0.1858,1788740090.207
28.362,4.7793,6.5210,-1.9202,0.2192,-0.1858,1788740090.227
28.382,4.7778,6.5169,-1.9239,0.2192,-0.1858,1788740090.247
28.403,4.7763,6.5128,-1.9277,0.2192,-0.1858,1788740090.268
28.423,4.7747,6.5086,-1.9314,0.2192,-0.1858,1788740090.288
28.442,4.7730,6.5041,-1.9308,0.2431,0.0278,1788740090.307
28.463,4.7713,6.4995,-1.9303,0.2431,0.0278,1788740090.328
28.483,4.7696,6.4950,-1.9297,0.2431,0.0278,1788740090.348
28.502,4.7679,6.4904,-1.9292,0.2431,0.0278,1788740090.367
28.522,4.7662,6.4859,-1.9286,0.2431,0.0278,1788740090.387
28.542,4.7643,6.4809,-1.9237,0.2676,0.2430,1788740090.407
28.562,4.7625,6.4758,-1.9189,0.2676,0.2430,1788740090.427
28.582,4.7607,6.4708,-1.9140,0.2676,0.2430,1788740090.447
28.602,4.7589,6.4657,-1.9092,0.2676,0.2430,1788740090.467
28.622,4.7572,6.4607,-1.9043,0.2676,0.2430,1788740090.487
28.642,4.7553,6.4552,-1.8978,0.2916,0.3258,1788740090.507
28.662,4.7535,6.4496,-1.8913,0.2916,0.3258,1788740090.527
28.682,4.7516,6.4441,-1.8848,0.2916,0.3258,1788740090.547
28.702,4.7499,6.4385,-1.8782,0.2916,0.3258,1788740090.567
28.723,4.7482,6.4329,-1.8717,0.2916,0.3258,1788740090.588
28.742,4.7463,6.4269,-1.8615,0.3153,0.5105,1788740090.607
28.762,4.7446,6.4208,-1.8513,0.3153,0.5105,1788740090.627
28.783,4.7429,6.4148,-1.8411,0.3153,0.5105,1788740090.648
28.803,4.7413,6.4087,-1.8309,0.3153,0.5105,1788740090.668
28.822,4.7397,6.4026,-1.8207,0.3153,0.5105,1788740090.687
28.842,4.7381,6.3960,-1.8068,0.3394,0.6934,1788740090.707
28.862,4.7367,6.3893,-1.7929,0.3394,0.6934,1788740090.727
28.882,4.7353,6.3827,-1.7791,0.3394,0.6934,1788740090.747
28.902,4.7339,6.3760,-1.7652,0.3394,0.6934,1788740090.767
28.922,4.7327,6.3694,-1.7513,0.3394,0.6934,1788740090.787
28.942,4.7315,6.3622,-1.7360,0.3623,0.7686,1788740090.807
28.962,4.7304,6.3551,-1.7206,0.3623,0.7686,1788740090.827
28.982,4.7295,6.3479,-1.7052,0.3623,0.7686,1788740090.847
29.003,4.7286,6.3407,-1.6898,0.3623,0.7686,1788740090.868
29.023,4.7279,6.3335,-1.6745,0.3623,0.7686,1788740090.888
29.042,4.7272,6.3258,-1.6567,0.3856,0.8873,1788740090.907
29.062,4.7267,6.3181,-1.6390,0.3856,0.8873,1788740090.927
29.083,4.7263,6.3104,-1.6212,0.3856,0.8873,1788740090.948
29.102,4.7260,6.3027,-1.6035,0.3856,0.8873,1788740090.967
29.123,4.7259,6.2950,-1.5857,0.3856,0.8873,1788740090.988
29.142,4.7259,6.2870,-1.5676,0.3992,0.9088,1788740091.007
29.163,4.7261,6.2790,-1.5494,0.3992,0.9088,1788740091.028
29.182,4.7264,6.2710,-1.5312,0.3992,0.9088,1788740091.047
29.202,4.7269,6.2631,-1.5130,0.3992,0.9088,1788740091.067
29.222,4.7275,6.2551,-1.4949,0.3992,0.9088,1788740091.087
29.242,4.7282,6.2472,-1.4774,0.3989,0.8715,1788740091.107
29.262,4.7291,6.2392,-1.4600,0.3989,0.8715,1788740091.127
29.282,4.7301,6.2313,-1.4426,0.3989,0.8715,1788740091.147
29.302,4.7313,6.2234,-1.4251,0.3989,0.8715,1788740091.167
29.322,4.7326,6.2155,-1.4077,0.3989,0.8715,1788740091.187
29.342,4.7340,6.2077,-1.3910,0.3982,0.8375,1788740091.207
29.362,4.7356,6.1999,-1.3742,0.3982,0.8375,1788740091.227
29.382,4.7373,6.1921,-1.3575,0.3982,0.8375,1788740091.247
29.403,4.7391,6.1844,-1.3407,0.3982,0.8375,1788740091.268
29.423,4.7410,6.1766,-1.3240,0.3982,0.8375,1788740091.288
29.442,4.7431,6.1690,-1.3072,0.3972,0.8367,1788740091.307
29.463,4.7453,6.1613,-1.2905,0.3972,0.8367,1788740091.328
29.483,4.7476,6.1537,-1.2738,0.3972,0.8367,1788740091.347
29.502,4.7501,6.1462,-1.2570,0.3972,0.8367,1788740091.367
29.522,4.7527,6.1387,-1.2403,0.3972,0.8367,1788740091.387
29.542,4.7553,6.1312,-1.2241,0.3952,0.8119,1788740091.407
29.562,4.7581,6.1238,-1.2078,0.3952,0.8119,1788740091.427
29.582,4.7611,6.1165,-1.1916,0.3952,0.8119,1788740091.447
29.602,4.7641,6.1092,-1.1753,0.3952,0.8119,1788740091.467
29.622,4.7673,6.1020,-1.1591,0.3952,0.8119,1788740091.487
29.642,4.7706,6.0947,-1.1434,0.3975,0.7837,1788740091.507
29.662,4.7740,6.0875,-1.1277,0.3975,0.7837,1788740091.527
29.682,4.7775,6.0804,-1.1121,0.3975,0.7837,1788740091.547
29.703,4.7811,6.0733,-1.0964,0.3975,0.7837,1788740091.568
29.722,4.7849,6.0663,-1.0807,0.3975,0.7837,1788740091.587
29.742,4.7887,6.0594,-1.0655,0.3963,0.7629,1788740091.607
29.763,4.7927,6.0525,-1.0502,0.3963,0.7629,1788740091.628
29.782,4.7967,6.0457,-1.0350,0.3963,0.7629,1788740091.647
29.802,4.8009,6.0390,-1.0197,0.3963,0.7629,1788740091.667
29.822,4.8051,6.0323,-1.0044,0.3963,0.7629,1788740091.687
29.842,4.8095,6.0256,-0.9902,0.3973,0.7115,1788740091.707
29.862,4.8139,6.0190,-0.9760,0.3973,0.7115,1788740091.727
29.882,4.8185,6.0125,-0.9617,0.3973,0.7115,1788740091.747
29.902,4.8231,6.0061,-0.9475,0.3973,0.7115,1788740091.767
29.922,4.8278,5.9997,-0.9333,0.3973,0.7115,1788740091.787
29.942,4.8326,5.9934,-0.9213,0.3970,0.6014,1788740091.807
29.962,4.8375,5.9871,-0.9092,0.3970,0.6014,1788740091.827
29.982,4.8425,5.9809,-0.8972,0.3970,0.6014,1788740091.847
30.002,4.8475,5.9747,-0.8852,0.3970,0.6014,1788740091.867
30.023,4.8526,5.9687,-0.8732,0.3970,0.6014,1788740091.888
30.042,4.8577,5.9626,-0.8638,0.3959,0.4670,1788740091.907
30.063,4.8629,5.9567,-0.8545,0.3959,0.4670,1788740091.928
30.083,4.8682,5.9507,-0.8451,0.3959,0.4670,1788740091.948
30.103,4.8735,5.9449,-0.8358,0.3959,0.4670,1788740091.968
30.122,4.8789,5.9390,-0.8265,0.3959,0.4670,1788740091.987
30.142,4.8843,5.9332,-0.8188,0.3974,0.3848,1788740092.007
30.162,4.8898,5.9275,-0.8111,0.3974,0.3848,1788740092.027
30.182,4.8953,5.9218,-0.8034,0.3974,0.3848,1788740092.047
30.202,4.9009,5.9161,-0.7957,0.3974,0.3848,1788740092.067
30.222,4.9065,5.9104,-0.7880,0.3974,0.3848,1788740092.087
30.242,4.9121,5.9049,-0.7817,0.3957,0.3114,1788740092.107
30.262,4.9177,5.8993,-0.7755,0.3957,0.3114,1788740092.127
30.282,4.9234,5.8938,-0.7693,0.3957,0.3114,1788740092.147
30.302,4.9291,5.8884,-0.7631,0.3957,0.3114,1788740092.167
30.322,4.9349,5.8829,-0.7568,0.3957,0.3114,1788740092.187
30.342,4.9407,5.8775,-0.7515,0.3957,0.2655,1788740092.207
30.362,4.9465,5.8721,-0.7462,0.3957,0.2655,1788740092.227
30.382,4.9523,5.8668,-0.7409,0.3957,0.2655,1788740092.247
30.402,4.9582,5.8615,-0.7356,0.3957,0.2655,1788740092.267
30.422,4.9641,5.8562,-0.7303,0.3957,0.2655,1788740092.287
30.442,4.9700,5.8510,-0.7259,0.3947,0.2168,1788740092.307
30.463,4.9759,5.8458,-0.7216,0.3947,0.2168,1788740092.328
30.482,4.9819,5.8406,-0.7173,0.3947,0.2168,1788740092.347
30.502,4.9878,5.8354,-0.7129,0.3947,0.2168,1788740092.367
30.522,4.9938,5.8303,-0.7086,0.3947,0.2168,1788740092.387
30.542,4.9999,5.8251,-0.7057,0.3967,0.1441,1788740092.407
30.562,5.0059,5.8200,-0.7028,0.3967,0.1441,1788740092.427
30.582,5.0120,5.8149,-0.7000,0.3967,0.1441,1788740092.447
30.602,5.0181,5.8098,-0.6971,0.3967,0.1441,1788740092.467
30.622,5.0242,5.8047,-0.6942,0.3967,0.1441,1788740092.487
30.642,5.0303,5.7997,-0.6913,0.3965,0.1440,1788740092.507
30.662,5.0364,5.7946,-0.6884,0.3965,0.1440,1788740092.527
30.682,5.0425,5.7896,-0.6856,0.3965,0.1440,1788740092.547
30.703,5.0487,5.7846,-0.6827,0.3965,0.1440,1788740092.568
30.722,5.0548,5.7796,-0.6798,0.3965,0.1440,1788740092.587
30.742,5.0610,5.7747,-0.6769,0.3948,0.1449,1788740092.607
30.762,5.0672,5.7697,-0.6740,0.3948,0.1449,1788740092.627
30.782,5.0734,5.7648,-0.6711,0.3948,0.1449,1788740092.647
30.802,5.0796,5.7599,-0.6682,0.3948,0.1449,1788740092.667
30.822,5.0858,5.7551,-0.6653,0.3948,0.1449,1788740092.687
30.842,5.0920,5.7502,-0.6630,0.3974,0.1171,1788740092.707
30.863,5.0983,5.7453,-0.6606,0.3974,0.1171,1788740092.728
30.882,5.1046,5.7404,-0.6583,0.3974,0.1171,1788740092.747
30.903,5.1109,5.7356,-0.6559,0.3974,0.1171,1788740092.768
30.922,5.1172,5.7308,-0.6536,0.3974,0.1171,1788740092.787
30.942,5.1235,5.7259,-0.6505,0.3977,0.1557,1788740092.807
30.963,5.1299,5.7211,-0.6474,0.3977,0.1557,1788740092.828
30.982,5.1362,5.7164,-0.6442,0.3977,0.1557,1788740092.847
31.002,5.1426,5.7116,-0.6411,0.3977,0.1557,1788740092.867
31.022,5.1490,5.7069,-0.6380,0.3977,0.1557,1788740092.887
31.042,5.1554,5.7022,-0.6353,0.3954,0.1358,1788740092.907
31.062,5.1618,5.6975,-0.6326,0.3954,0.1358,1788740092.927
31.082,5.1681,5.6928,-0.6299,0.3954,0.1358,1788740092.947
31.102,5.1745,5.6882,-0.6272,0.3954,0.1358,1788740092.967
31.122,5.1810,5.6836,-0.6244,0.3954,0.1358,1788740092.987
31.142,5.1874,5.6790,-0.6226,0.3947,0.0927,1788740093.007
31.162,5.1938,5.6744,-0.6207,0.3947,0.0927,1788740093.027
31.182,5.2002,5.6698,-0.6189,0.3947,0.0927,1788740093.047
31.202,5.2067,5.6652,-0.6170,0.3947,0.0927,1788740093.067
31.222,5.2131,5.6607,-0.6152,0.3947,0.0927,1788740093.087
31.242,5.2196,5.6561,-0.6128,0.3962,0.1193,1788740093.107
31.262,5.2261,5.6516,-0.6104,0.3962,0.1193,1788740093.127
31.282,5.2326,5.6471,-0.6080,0.3962,0.1193,1788740093.147
31.303,5.2391,5.6425,-0.6056,0.3962,0.1193,1788740093.168
31.322,5.2456,5.6380,-0.6032,0.3962,0.1193,1788740093.187
31.342,5.2521,5.6336,-0.6013,0.3941,0.0986,1788740093.207
31.362,5.2586,5.6291,-0.5993,0.3941,0.0986,1788740093.227
31.382,5.2652,5.6247,-0.5973,0.3941,0.0986,1788740093.247
31.402,5.2717,5.6203,-0.5953,0.3941,0.0986,1788740093.267
31.422,5.2782,5.6159,-0.5934,0.3941,0.0986,1788740093.287
31.442,5.2848,5.6115,-0.5923,0.3948,0.0513,1788740093.307
31.462,5.2913,5.6071,-0.5913,0.3948,0.0513,1788740093.327
31.482,5.2979,5.6027,-0.5903,0.3948,0.0513,1788740093.347
31.502,5.3044,5.5983,-0.5893,0.3948,0.0513,1788740093.367
31.522,5.3110,5.5939,-0.5882,0.3948,0.0513,1788740093.387
31.542,5.3176,5.5895,-0.5876,0.3970,0.0343,1788740093.407
31.562,5.3242,5.5851,-0.5869,0.3970,0.0343,1788740093.427
31.582,5.3308,5.5807,-0.5862,0.3970,0.0343,1788740093.447
31.602,5.3375,5.5763,-0.5855,0.3970,0.0343,1788740093.467
31.622,5.3441,5.5719,-0.5848,0.3970,0.0343,1788740093.487
31.642,5.3507,5.5676,-0.5842,0.3934,0.0333,1788740093.507
31.662,5.3572,5.5633,-0.5835,0.3934,0.0333,1788740093.527
31.682,5.3638,5.5589,-0.5828,0.3934,0.0333,1788740093.547
31.703,5.3704,5.5546,-0.5822,0.3934,0.0333,1788740093.568
31.722,5.3769,5.5503,-0.5815,0.3934,0.0333,1788740093.587
31.742,5.3835,5.5460,-0.5803,0.3938,0.0618,1788740093.607
31.763,5.3901,5.5417,-0.5790,0.3938,0.0618,1788740093.628
31.782,5.3967,5.5374,-0.5778,0.3938,0.0618,1788740093.647
31.803,5.4033,5.5331,-0.5766,0.3938,0.0618,1788740093.668
31.822,5.4099,5.5288,-0.5753,0.3938,0.0618,1788740093.687
31.842,5.4166,5.5245,-0.5741,0.3951,0.0624,1788740093.707
31.862,5.4232,5.5202,-0.5728,0.3951,0.0624,1788740093.727
31.882,5.4298,5.5159,-0.5716,0.3951,0.0624,1788740093.747
31.902,5.4365,5.5117,-0.5703,0.3951,0.0624,1788740093.767
31.922,5.4432,5.5074,-0.5691,0.3951,0.0624,1788740093.787
31.942,5.4498,5.5032,-0.5673,0.3921,0.0899,1788740093.807
31.962,5.4564,5.4990,-0.5655,0.3921,0.0899,1788740093.827
31.982,5.4630,5.4948,-0.5637,0.3921,0.0899,1788740093.847
32.002,5.4697,5.4906,-0.5619,0.3921,0.0899,1788740093.867
32.022,5.4763,5.4865,-0.5601,0.3921,0.0899,1788740093.887
32.042,5.4830,5.4823,-0.5574,0.3946,0.1344,1788740093.907
32.063,5.4897,5.4781,-0.5547,0.3946,0.1344,1788740093.928
32.082,5.4964,5.4740,-0.5520,0.3946,0.1344,1788740093.947
32.103,5.5032,5.4699,-0.5493,0.3946,0.1344,1788740093.968
32.123,5.5099,5.4658,-0.5466,0.3946,0.1344,1788740093.988
32.142,5.5166,5.4617,-0.5436,0.3926,0.1543,1788740094.007
32.162,5.5233,5.4577,-0.5405,0.3926,0.1543,1788740094.027
32.182,5.5301,5.4536,-0.5374,0.3926,0.1543,1788740094.047
32.202,5.5369,5.4496,-0.5343,0.3926,0.1543,1788740094.067
32.222,5.5436,5.4457,-0.5312,0.3926,0.1543,1788740094.087
32.242,5.5504,5.4417,-0.5276,0.3939,0.1794,1788740094.107
32.262,5.5572,5.4378,-0.5240,0.3939,0.1794,1788740094.127
32.282,5.5641,5.4338,-0.5204,0.3939,0.1794,1788740094.147
32.302,5.5709,5.4299,-0.5169,0.3939,0.1794,1788740094.167
32.322,5.5778,5.4261,-0.5133,0.3939,0.1794,1788740094.187
32.342,5.5846,5.4222,-0.5103,0.3923,0.1471,1788740094.207
32.362,5.5915,5.4184,-0.5074,0.3923,0.1471,1788740094.227
32.382,5.5984,5.4146,-0.5044,0.3923,0.1471,1788740094.247
32.402,5.6053,5.4109,-0.5015,0.3923,0.1471,1788740094.267
32.422,5.6121,5.4071,-0.4986,0.3923,0.1471,1788740094.287
32.442,5.6191,5.4034,-0.4944,0.3947,0.2063,1788740094.307
32.462,5.6261,5.3997,-0.4903,0.3947,0.2063,1788740094.327
32.482,5.6330,5.3960,-0.4862,0.3947,0.2063,1788740094.347
32.502,5.6400,5.3923,-0.4821,0.3947,0.2063,1788740094.367
32.522,5.6470,5.3887,-0.4779,0.3947,0.2063,1788740094.387
32.542,5.6541,5.3851,-0.4739,0.3948,0.2041,1788740094.407
32.562,5.6611,5.3815,-0.4698,0.3948,0.2041,1788740094.427
32.582,5.6682,5.3780,-0.4657,0.3948,0.2041,1788740094.447
32.602,5.6752,5.3744,-0.4616,0.3948,0.2041,1788740094.467
32.622,5.6823,5.3710,-0.4575,0.3948,0.2041,1788740094.487
32.642,5.6893,5.3675,-0.4546,0.3908,0.1437,1788740094.507
32.662,5.6964,5.3641,-0.4518,0.3908,0.1437,1788740094.527
32.682,5.7034,5.3607,-0.4489,0.3908,0.1437,1788740094.547
32.702,5.7105,5.3573,-0.4460,0.3908,0.1437,1788740094.567
32.722,5.7175,5.3540,-0.4432,0.3908,0.1437,1788740094.587
32.742,5.7246,5.3506,-0.4404,0.3925,0.1356,1788740094.607
32.763,5.7317,5.3473,-0.4377,0.3925,0.1356,1788740094.628
32.783,5.7388,5.3440,-0.4350,0.3925,0.1356,1788740094.648
32.802,5.7460,5.3407,-0.4323,0.3925,0.1356,1788740094.667
32.822,5.7531,5.3375,-0.4296,0.3925,0.1356,1788740094.687
32.842,5.7603,5.3342,-0.4266,0.3958,0.1475,1788740094.707
32.863,5.7675,5.3309,-0.4237,0.3958,0.1475,1788740094.728
32.882,5.7748,5.3277,-0.4207,0.3958,0.1475,1788740094.747
32.902,5.7820,5.3245,-0.4178,0.3958,0.1475,1788740094.767
32.922,5.7892,5.3213,-0.4148,0.3958,0.1475,1788740094.787
32.942,5.7965,5.3181,-0.4118,0.3938,0.1511,1788740094.807
32.962,5.8037,5.3150,-0.4088,0.3938,0.1511,1788740094.827
32.982,5.8109,5.3119,-0.4058,0.3938,0.1511,1788740094.847
33.002,5.8182,5.3088,-0.4027,0.3938,0.1511,1788740094.867
33.023,5.8254,5.3057,-0.3997,0.3938,0.1511,1788740094.888
33.042,5.8326,5.3027,-0.3960,0.3891,0.1884,1788740094.907
33.062,5.8398,5.2998,-0.3922,0.3891,0.1884,1788740094.927
33.083,5.8470,5.2968,-0.3884,0.3891,0.1884,1788740094.948
33.103,5.8542,5.2939,-0.3847,0.3891,0.1884,1788740094.968
33.122,5.8614,5.2910,-0.3809,0.3891,0.1884,1788740094.987
33.142,5.8687,5.2881,-0.3779,0.3893,0.1480,1788740095.007
33.162,5.8759,5.2853,-0.3750,0.3893,0.1480,1788740095.027
33.183,5.8832,5.2825,-0.3720,0.3893,0.1480,1788740095.048
33.202,5.8904,5.2796,-0.3690,0.3893,0.1480,1788740095.067
33.223,5.8977,5.2769,-0.3661,0.3893,0.1480,1788740095.088
33.242,5.9050,5.2741,-0.3635,0.3910,0.1295,1788740095.107
33.262,5.9123,5.2713,-0.3609,0.3910,0.1295,1788740095.127
33.282,5.9196,5.2686,-0.3583,0.3910,0.1295,1788740095.147
33.302,5.9270,5.2658,-0.3557,0.3910,0.1295,1788740095.167
33.322,5.9343,5.2631,-0.3531,0.3910,0.1295,1788740095.187
33.342,5.9417,5.2604,-0.3499,0.3928,0.1600,1788740095.207
33.362,5.9491,5.2578,-0.3467,0.3928,0.1600,1788740095.227
33.382,5.9565,5.2551,-0.3435,0.3928,0.1600,1788740095.247
33.402,5.9639,5.2525,-0.3403,0.3928,0.1600,1788740095.267
33.422,5.9713,5.2499,-0.3371,0.3928,0.1600,1788740095.287
33.442,5.9787,5.2473,-0.3352,0.3916,0.0981,1788740095.307
33.462,5.9861,5.2448,-0.3332,0.3916,0.0981,1788740095.327
33.482,5.9935,5.2422,-0.3313,0.3916,0.0981,1788740095.347
33.502,6.0009,5.2397,-0.3293,0.3916,0.0981,1788740095.367
33.522,6.0083,5.2372,-0.3273,0.3916,0.0981,1788740095.387
33.542,6.0157,5.2347,-0.3246,0.3909,0.1364,1788740095.407
33.562,6.0232,5.2322,-0.3219,0.3909,0.1364,1788740095.427
33.582,6.0306,5.2298,-0.3192,0.3909,0.1364,1788740095.447
33.602,6.0380,5.2273,-0.3164,0.3909,0.1364,1788740095.467
33.622,6.0454,5.2249,-0.3137,0.3909,0.1364,1788740095.487
33.642,6.0529,5.2225,-0.3109,0.3919,0.1384,1788740095.507
33.663,6.0604,5.2201,-0.3082,0.3919,0.1384,1788740095.528
33.683,6.0679,5.2178,-0.3054,0.3919,0.1384,1788740095.548
33.703,6.0753,5.2154,-0.3026,0.3919,0.1384,1788740095.568
33.722,6.0828,5.2131,-0.2999,0.3919,0.1384,1788740095.587
33.742,6.0902,5.2109,-0.2972,0.3879,0.1354,1788740095.607
33.763,6.0977,5.2086,-0.2944,0.3879,0.1354,1788740095.628
33.782,6.1051,5.2064,-0.2917,0.3879,0.1354,1788740095.647
33.802,6.1125,5.2042,-0.2890,0.3879,0.1354,1788740095.667
33.822,6.1200,5.2020,-0.2863,0.3879,0.1354,1788740095.687
33.842,6.1274,5.1998,-0.2834,0.3891,0.1445,1788740095.707
33.862,6.1349,5.1976,-0.2805,0.3891,0.1445,1788740095.727
33.883,6.1424,5.1955,-0.2777,0.3891,0.1445,1788740095.748
33.902,6.1499,5.1934,-0.2748,0.3891,0.1445,1788740095.767
33.922,6.1574,5.1913,-0.2719,0.3891,0.1445,1788740095.787
33.942,6.1650,5.1892,-0.2693,0.3937,0.1297,1788740095.807
33.963,6.1726,5.1871,-0.2667,0.3937,0.1297,1788740095.828
33.982,6.1802,5.1851,-0.2641,0.3937,0.1297,1788740095.847
34.002,6.1878,5.1830,-0.2615,0.3937,0.1297,1788740095.867
34.022,6.1954,5.1810,-0.2589,0.3937,0.1297,1788740095.887
34.042,6.2030,5.1790,-0.2563,0.3903,0.1317,1788740095.907
34.062,6.2105,5.1771,-0.2536,0.3903,0.1317,1788740095.927
34.082,6.2181,5.1751,-0.2510,0.3903,0.1317,1788740095.947
34.102,6.2256,5.1732,-0.2484,0.3903,0.1317,1788740095.967
34.123,6.2332,5.1713,-0.2457,0.3903,0.1317,1788740095.988
34.142,6.2407,5.1695,-0.2427,0.3868,0.1530,1788740096.007
34.163,6.2482,5.1676,-0.2396,0.3868,0.1530,1788740096.028
34.183,6.2558,5.1658,-0.2366,0.3868,0.1530,1788740096.048
34.203,6.2633,5.1640,-0.2335,0.3868,0.1530,1788740096.068
34.222,6.2708,5.1623,-0.2304,0.3868,0.1530,1788740096.087
34.242,6.2784,5.1605,-0.2265,0.3886,0.1947,1788740096.107
34.263,6.2860,5.1588,-0.2227,0.3886,0.1947,1788740096.128
34.282,6.2936,5.1571,-0.2188,0.3886,0.1947,1788740096.147
34.302,6.3011,5.1555,-0.2149,0.3886,0.1947,1788740096.167
34.322,6.3087,5.1538,-0.2110,0.3886,0.1947,1788740096.187
34.342,6.3165,5.1522,-0.2077,0.3942,0.1659,1788740096.207
34.362,6.3242,5.1506,-0.2043,0.3942,0.1659,1788740096.227
34.382,6.3319,5.1490,-0.2010,0.3942,0.1659,1788740096.247
34.402,6.3396,5.1475,-0.1977,0.3942,0.1659,1788740096.267
34.422,6.3474,5.1460,-0.1944,0.3942,0.1659,1788740096.287
34.442,6.3551,5.1445,-0.1915,0.3915,0.1440,1788740096.307
34.463,6.3627,5.1430,-0.1886,0.3915,0.1440,1788740096.328
34.482,6.3704,5.1416,-0.1857,0.3915,0.1440,1788740096.347
34.502,6.3781,5.1401,-0.1829,0.3915,0.1440,1788740096.367
34.522,6.3858,5.1387,-0.1800,0.3915,0.1440,1788740096.387
34.542,6.3935,5.1374,-0.1775,0.3908,0.1244,1788740096.407
34.562,6.4012,5.1360,-0.1750,0.3908,0.1244,1788740096.427
34.582,6.4089,5.1346,-0.1725,0.3908,0.1244,1788740096.447
34.603,6.4166,5.1333,-0.1700,0.3908,0.1244,1788740096.468
34.623,6.4243,5.1320,-0.1676,0.3908,0.1244,1788740096.488
34.642,6.4321,5.1307,-0.1657,0.3917,0.0916,1788740096.507
34.663,6.4398,5.1295,-0.1639,0.3917,0.0916,1788740096.528
34.683,6.4475,5.1282,-0.1621,0.3917,0.0916,1788740096.548
34.702,6.4553,5.1269,-0.1602,0.3917,0.0916,1788740096.567
34.722,6.4630,5.1257,-0.1584,0.3917,0.0916,1788740096.587
34.742,6.4707,5.1245,-0.1568,0.3924,0.0786,1788740096.607
34.762,6.4785,5.1233,-0.1552,0.3924,0.0786,1788740096.627
34.782,6.4863,5.1221,-0.1537,0.3924,0.0786,1788740096.647
34.802,6.4940,5.1209,-0.1521,0.3924,0.0786,1788740096.667
34.822,6.5018,5.1197,-0.1505,0.3924,0.0786,1788740096.687
34.842,6.5095,5.1185,-0.1498,0.3919,0.0376,1788740096.707
34.862,6.5173,5.1174,-0.1490,0.3919,0.0376,1788740096.727
34.882,6.5250,5.1162,-0.1483,0.3919,0.0376,1788740096.747
34.902,6.5328,5.1151,-0.1475,0.3919,0.0376,1788740096.767
34.922,6.5405,5.1139,-0.1468,0.3919,0.0376,1788740096.787
34.942,6.5482,5.1128,-0.1464,0.3890,0.0165,1788740096.807
34.962,6.5559,5.1116,-0.1461,0.3890,0.0165,1788740096.827
34.982,6.5636,5.1105,-0.1458,0.3890,0.0165,1788740096.847
35.002,6.5713,5.1094,-0.1454,0.3890,0.0165,1788740096.867
35.022,6.5790,5.1083,-0.1451,0.3890,0.0165,1788740096.887
35.042,6.5867,5.1071,-0.1452,0.3881,-0.0050,1788740096.907
35.062,6.5944,5.1060,-0.1453,0.3881,-0.0050,1788740096.927
35.082,6.6021,5.1049,-0.1454,0.3881,-0.0050,1788740096.947
35.102,6.6097,5.1038,-0.1455,0.3881,-0.0050,1788740096.967
35.122,6.6174,5.1026,-0.1456,0.3881,-0.0050,1788740096.987
35.142,6.6250,5.1015,-0.1455,0.3841,0.0048,1788740097.007
35.162,6.6326,5.1004,-0.1454,0.3841,0.0048,1788740097.027
35.182,6.6402,5.0993,-0.1453,0.3841,0.0048,1788740097.047
35.203,6.6478,5.0982,-0.1452,0.3841,0.0048,1788740097.068
35.222,6.6554,5.0971,-0.1451,0.3841,0.0048,1788740097.087
35.242,6.6632,5.0959,-0.1454,0.3928,-0.0126,1788740097.107
35.262,6.6710,5.0948,-0.1456,0.3928,-0.0126,1788740097.127
35.282,6.6788,5.0937,-0.1459,0.3928,-0.0126,1788740097.147
35.303,6.6865,5.0925,-0.1461,0.3928,-0.0126,1788740097.168
35.322,6.6943,5.0914,-0.1464,0.3928,-0.0126,1788740097.187
35.342,6.7021,5.0902,-0.1469,0.3939,-0.0275,1788740097.207
35.362,6.7099,5.0890,-0.1475,0.3939,-0.0275,1788740097.227
35.383,6.7177,5.0879,-0.1480,0.3939,-0.0275,1788740097.248
35.403,6.7255,5.0867,-0.1486,0.3939,-0.0275,1788740097.268
35.422,6.7333,5.0855,-0.1491,0.3939,-0.0275,1788740097.287
35.442,6.7410,5.0844,-0.1495,0.3926,-0.0197,1788740097.307
35.462,6.7488,5.0832,-0.1499,0.3926,-0.0197,1788740097.327
35.482,6.7566,5.0820,-0.1503,0.3926,-0.0197,1788740097.347
35.502,6.7643,5.0809,-0.1507,0.3926,-0.0197,1788740097.367
35.522,6.7721,5.0797,-0.1511,0.3926,-0.0197,1788740097.387
35.542,6.7798,5.0785,-0.1515,0.3884,-0.0196,1788740097.407
35.562,6.7874,5.0773,-0.1519,0.3884,-0.0196,1788740097.427
35.582,6.7951,5.0761,-0.1523,0.3884,-0.0196,1788740097.447
35.602,6.8028,5.0750,-0.1527,0.3884,-0.0196,1788740097.467
35.623,6.8105,5.0738,-0.1531,0.3884,-0.0196,1788740097.488
35.642,6.8182,5.0726,-0.1529,0.3905,0.0108,1788740097.507
35.663,6.8259,5.0714,-0.1526,0.3905,0.0108,1788740097.528
35.683,6.8336,5.0702,-0.1524,0.3905,0.0108,1788740097.548
35.702,6.8413,5.0690,-0.1522,0.3905,0.0108,1788740097.567
35.722,6.8491,5.0678,-0.1520,0.3905,0.0108,1788740097.587
35.742,6.8567,5.0667,-0.1510,0.3878,0.0504,1788740097.607
35.762,6.8644,5.0655,-0.1500,0.3878,0.0504,1788740097.627
35.782,6.8721,5.0644,-0.1490,0.3878,0.0504,1788740097.647
35.803,6.8797,5.0632,-0.1480,0.3878,0.0504,1788740097.668
35.822,6.8874,5.0621,-0.1469,0.3878,0.0504,1788740097.687
35.842,6.8951,5.0610,-0.1461,0.3868,0.0429,1788740097.707
35.862,6.9027,5.0598,-0.1452,0.3868,0.0429,1788740097.727
35.882,6.9104,5.0587,-0.1444,0.3868,0.0429,1788740097.747
35.902,6.9180,5.0576,-0.1435,0.3868,0.0429,1788740097.767
35.922,6.9257,5.0565,-0.1427,0.3868,0.0429,1788740097.787
35.942,6.9334,5.0554,-0.1418,0.3886,0.0445,1788740097.807
35.962,6.9411,5.0543,-0.1409,0.3886,0.0445,1788740097.827
35.983,6.9488,5.0533,-0.1400,0.3886,0.0445,1788740097.848
36.002,6.9565,5.0522,-0.1391,0.3886,0.0445,1788740097.867
36.023,6.9642,5.0511,-0.1382,0.3886,0.0445,1788740097.888
36.042,6.9719,5.0500,-0.1373,0.3872,0.0432,1788740097.907
36.063,6.9795,5.0490,-0.1365,0.3872,0.0432,1788740097.928
36.082,6.9872,5.0479,-0.1356,0.3872,0.0432,1788740097.947
36.102,6.9949,5.0469,-0.1347,0.3872,0.0432,1788740097.967
36.122,7.0025,5.0459,-0.1339,0.3872,0.0432,1788740097.987
36.142,7.0102,5.0449,-0.1324,0.3859,0.0754,1788740098.007
36.162,7.0178,5.0438,-0.1309,0.3859,0.0754,1788740098.027
36.182,7.0255,5.0429,-0.1294,0.3859,0.0754,1788740098.047
36.202,7.0332,5.0419,-0.1279,0.3859,0.0754,1788740098.067
36.222,7.0408,5.0409,-0.1263,0.3859,0.0754,1788740098.087
36.242,7.0486,5.0399,-0.1253,0.3914,0.0505,1788740098.107
36.263,7.0563,5.0389,-0.1243,0.3914,0.0505,1788740098.128
36.283,7.0641,5.0380,-0.1233,0.3914,0.0505,1788740098.148
36.302,7.0719,5.0370,-0.1223,0.3914,0.0505,1788740098.167
36.322,7.0796,5.0361,-0.1213,0.3914,0.0505,1788740098.187
36.342,7.0873,5.0352,-0.1194,0.3871,0.0937,1788740098.207
36.362,7.0950,5.0342,-0.1175,0.3871,0.0937,1788740098.227
36.382,7.1027,5.0334,-0.1157,0.3871,0.0937,1788740098.247
36.402,7.1104,5.0325,-0.1138,0.3871,0.0937,1788740098.267
36.422,7.1181,5.0316,-0.1119,0.3871,0.0937,1788740098.287
36.442,7.1259,5.0308,-0.1094,0.3922,0.1272,1788740098.307
36.462,7.1337,5.0299,-0.1068,0.3922,0.1272,1788740098.327
36.483,7.1415,5.0291,-0.1043,0.3922,0.1272,1788740098.348
36.502,7.1493,5.0283,-0.1017,0.3922,0.1272,1788740098.367
36.522,7.1571,5.0275,-0.0992,0.3922,0.1272,1788740098.387
36.542,7.1649,5.0268,-0.0964,0.3924,0.1393,1788740098.407
36.562,7.1727,5.0260,-0.0936,0.3924,0.1393,1788740098.427
36.582,7.1806,5.0253,-0.0908,0.3924,0.1393,1788740098.447
36.602,7.1884,5.0246,-0.0881,0.3924,0.1393,1788740098.467
36.622,7.1962,5.0240,-0.0853,0.3924,0.1393,1788740098.487
36.642,7.2040,5.0233,-0.0830,0.3926,0.1129,1788740098.507
36.663,7.2118,5.0227,-0.0808,0.3926,0.1129,1788740098.528
36.682,7.2197,5.0221,-0.0785,0.3926,0.1129,1788740098.547
36.702,7.2275,5.0215,-0.0762,0.3926,0.1129,1788740098.567
36.722,7.2353,5.0209,-0.0740,0.3926,0.1129,1788740098.587
36.742,7.2431,5.0203,-0.0717,0.3888,0.1127,1788740098.607
36.762,7.2508,5.0198,-0.0695,0.3888,0.1127,1788740098.627
36.782,7.2586,5.0193,-0.0672,0.3888,0.1127,1788740098.647
36.802,7.2664,5.0188,-0.0650,0.3888,0.1127,1788740098.667
36.822,7.2741,5.0183,-0.0627,0.3888,0.1127,1788740098.687
36.842,7.2819,5.0178,-0.0610,0.3885,0.0864,1788740098.707
36.862,7.2896,5.0173,-0.0593,0.3885,0.0864,1788740098.727
36.882,7.2974,5.0169,-0.0575,0.3885,0.0864,1788740098.747
36.902,7.3051,5.0165,-0.0558,0.3885,0.0864,1788740098.767
36.922,7.3129,5.0160,-0.0541,0.3885,0.0864,1788740098.787
36.942,7.3207,5.0156,-0.0528,0.3890,0.0612,1788740098.807
36.962,7.3284,5.0152,-0.0516,0.3890,0.0612,1788740098.827
36.982,7.3362,5.0148,-0.0504,0.3890,0.0612,1788740098.847
37.002,7.3440,5.0145,-0.0492,0.3890,0.0612,1788740098.867
37.022,7.3518,5.0141,-0.0479,0.3890,0.0612,1788740098.887
37.042,7.3595,5.0137,-0.0469,0.3859,0.0504,1788740098.907
37.063,7.3672,5.0134,-0.0459,0.3859,0.0504,1788740098.928
37.082,7.3749,5.0130,-0.0449,0.3859,0.0504,1788740098.947
37.103,7.3826,5.0127,-0.0439,0.3859,0.0504,1788740098.967
37.122,7.3903,5.0124,-0.0429,0.3859,0.0504,1788740098.987
37.142,7.3980,5.0120,-0.0427,0.3859,0.0104,1788740099.007
37.162,7.4057,5.0117,-0.0425,0.3859,0.0104,1788740099.027
37.182,7.4134,5.0114,-0.0423,0.3859,0.0104,1788740099.047
37.202,7.4212,5.0110,-0.0421,0.3859,0.0104,1788740099.067
37.222,7.4289,5.0107,-0.0419,0.3859,0.0104,1788740099.087
37.242,7.4367,5.0104,-0.0421,0.3899,-0.0089,1788740099.107
37.262,7.4445,5.0101,-0.0422,0.3899,-0.0089,1788740099.127
37.282,7.4522,5.0097,-0.0424,0.3899,-0.0089,1788740099.147
37.303,7.4600,5.0094,-0.0426,0.3899,-0.0089,1788740099.168
37.322,7.4678,5.0091,-0.0428,0.3899,-0.0089,1788740099.187
37.342,7.4756,5.0087,-0.0430,0.3914,-0.0143,1788740099.207
37.362,7.4835,5.0084,-0.0433,0.3914,-0.0143,1788740099.227
37.382,7.4913,5.0081,-0.0436,0.3914,-0.0143,1788740099.247
37.402,7.4991,5.0077,-0.0439,0.3914,-0.0143,1788740099.267
37.422,7.5069,5.0074,-0.0442,0.3914,-0.0143,1788740099.287
37.442,7.5148,5.0070,-0.0446,0.3932,-0.0217,1788740099.307
37.462,7.5226,5.0067,-0.0451,0.3932,-0.0217,1788740099.327
37.482,7.5305,5.0063,-0.0455,0.3932,-0.0217,1788740099.347
37.502,7.5383,5.0059,-0.0459,0.3932,-0.0217,1788740099.367
37.522,7.5462,5.0056,-0.0464,0.3932,-0.0217,1788740099.387
37.542,7.5540,5.0052,-0.0464,0.3885,-0.0001,1788740099.407
37.562,7.5617,5.0049,-0.0464,0.3885,-0.0001,1788740099.427
37.583,7.5695,5.0045,-0.0464,0.3885,-0.0001,1788740099.448
37.602,7.5773,5.0041,-0.0464,0.3885,-0.0001,1788740099.467
37.622,7.5850,5.0038,-0.0464,0.3885,-0.0001,1788740099.487
37.642,7.5928,5.0034,-0.0463,0.3902,0.0043,1788740099.507
37.663,7.6006,5.0031,-0.0462,0.3902,0.0043,1788740099.528
37.683,7.6084,5.0027,-0.0461,0.3902,0.0043,1788740099.548
37.703,7.6162,5.0023,-0.0460,0.3902,0.0043,1788740099.568
37.722,7.6240,5.0020,-0.0459,0.3902,0.0043,1788740099.587
37.742,7.6315,5.0016,-0.0458,0.3766,0.0059,1788740099.607
37.762,7.6390,5.0013,-0.0457,0.3766,0.0059,1788740099.627
37.782,7.6466,5.0009,-0.0456,0.3766,0.0059,1788740099.647
37.802,7.6541,5.0006,-0.0455,0.3766,0.0059,1788740099.667
37.822,7.6616,5.0003,-0.0453,0.3766,0.0059,1788740099.687
37.842,7.6691,4.9999,-0.0455,0.3744,-0.0067,1788740099.707
37.862,7.6766,4.9996,-0.0456,0.3744,-0.0067,1788740099.727
37.882,7.6841,4.9992,-0.0457,0.3744,-0.0067,1788740099.747
37.902,7.6915,4.9989,-0.0459,0.3744,-0.0067,1788740099.767
37.922,7.6990,4.9985,-0.0460,0.3744,-0.0067,1788740099.787
37.942,7.7064,4.9982,-0.0462,0.3687,-0.0072,1788740099.807
37.962,7.7137,4.9979,-0.0463,0.3687,-0.0072,1788740099.827
37.982,7.7211,4.9975,-0.0464,0.3687,-0.0072,1788740099.847
38.002,7.7285,4.9972,-0.0466,0.3687,-0.0072,1788740099.867
38.023,7.7358,4.9968,-0.0467,0.3687,-0.0072,1788740099.888
38.042,7.7431,4.9965,-0.0465,0.3621,0.0125,1788740099.907
38.063,7.7503,4.9962,-0.0462,0.3621,0.0125,1788740099.928
38.082,7.7576,4.9958,-0.0460,0.3621,0.0125,1788740099.947
38.102,7.7648,4.9955,-0.0457,0.3621,0.0125,1788740099.967
38.122,7.7720,4.9952,-0.0455,0.3621,0.0125,1788740099.987
38.142,7.7792,4.9948,-0.0449,0.3604,0.0307,1788740100.007
38.162,7.7864,4.9945,-0.0443,0.3604,0.0307,1788740100.027
38.182,7.7936,4.9942,-0.0436,0.3604,0.0307,1788740100.047
38.202,7.8008,4.9939,-0.0430,0.3604,0.0307,1788740100.067
38.222,7.8080,4.9936,-0.0424,0.3604,0.0307,1788740100.087
38.242,7.8153,4.9933,-0.0414,0.3627,0.0487,1788740100.107
38.262,7.8225,4.9930,-0.0405,0.3627,0.0487,1788740100.127
38.282,7.8298,4.9927,-0.0395,0.3627,0.0487,1788740100.147
38.302,7.8370,4.9924,-0.0385,0.3627,0.0487,1788740100.167
38.322,7.8443,4.9922,-0.0375,0.3627,0.0487,1788740100.187
38.342,7.8514,4.9919,-0.0356,0.3554,0.0947,1788740100.207
38.362,7.8585,4.9917,-0.0338,0.3554,0.0947,1788740100.227
38.383,7.8656,4.9914,-0.0319,0.3554,0.0947,1788740100.248
38.403,7.8727,4.9912,-0.0300,0.3554,0.0947,1788740100.268
38.422,7.8798,4.9910,-0.0281,0.3554,0.0947,1788740100.287
38.442,7.8869,4.9908,-0.0256,0.3569,0.1254,1788740100.307
38.462,7.8941,4.9907,-0.0231,0.3569,0.1254,1788740100.327
38.482,7.9012,4.9905,-0.0205,0.3569,0.1254,1788740100.347
38.502,7.9083,4.9904,-0.0180,0.3569,0.1254,1788740100.367
38.522,7.9155,4.9903,-0.0155,0.3569,0.1254,1788740100.387
38.542,7.9226,4.9902,-0.0128,0.3551,0.1354,1788740100.407
38.562,7.9297,4.9901,-0.0101,0.3551,0.1354,1788740100.427
38.582,7.9368,4.9901,-0.0074,0.3551,0.1354,1788740100.447
38.602,7.9439,4.9900,-0.0047,0.3551,0.1354,1788740100.467
38.623,7.9510,4.9900,-0.0020,0.3551,0.1354,1788740100.488
38.642,7.9581,4.9900,0.0002,0.3541,0.1105,1788740100.507
38.662,7.9651,4.9901,0.0024,0.3541,0.1105,1788740100.527
38.683,7.9722,4.9901,0.0046,0.3541,0.1105,1788740100.548
38.702,7.9793,4.9901,0.0068,0.3541,0.1105,1788740100.567
38.722,7.9864,4.9902,0.0091,0.3541,0.1105,1788740100.587
38.742,7.9933,4.9903,0.0108,0.3441,0.0858,1788740100.607
38.762,8.0002,4.9904,0.0125,0.3441,0.0858,1788740100.627
38.782,8.0070,4.9905,0.0142,0.3441,0.0858,1788740100.647
38.802,8.0139,4.9906,0.0159,0.3441,0.0858,1788740100.667
38.822,8.0208,4.9907,0.0176,0.3441,0.0858,1788740100.687
38.842,8.0275,4.9908,0.0189,0.3351,0.0655,1788740100.707
38.862,8.0342,4.9910,0.0203,0.3351,0.0655,1788740100.727
38.882,8.0409,4.9911,0.0216,0.3351,0.0655,1788740100.747
38.903,8.0476,4.9912,0.0229,0.3351,0.0655,1788740100.768
38.922,8.0543,4.9914,0.0242,0.3351,0.0655,1788740100.787
38.942,8.0608,4.9916,0.0250,0.3230,0.0420,1788740100.807
38.962,8.0672,4.9917,0.0259,0.3230,0.0420,1788740100.827
38.983,8.0737,4.9919,0.0267,0.3230,0.0420,1788740100.847
39.002,8.0801,4.9921,0.0275,0.3230,0.0420,1788740100.867
39.022,8.0866,4.9923,0.0284,0.3230,0.0420,1788740100.887
39.042,8.0930,4.9925,0.0289,0.3224,0.0234,1788740100.907
39.062,8.0995,4.9926,0.0293,0.3224,0.0234,1788740100.927
39.083,8.1059,4.9928,0.0298,0.3224,0.0234,1788740100.948
39.102,8.1124,4.9930,0.0303,0.3224,0.0234,1788740100.967
39.122,8.1188,4.9932,0.0307,0.3224,0.0234,1788740100.987
39.142,8.1251,4.9934,0.0307,0.3159,-0.0000,1788740101.007
39.162,8.1314,4.9936,0.0307,0.3159,-0.0000,1788740101.027
39.182,8.1378,4.9938,0.0307,0.3159,-0.0000,1788740101.047
39.202,8.1441,4.9940,0.0307,0.3159,-0.0000,1788740101.067
39.222,8.1504,4.9942,0.0307,0.3159,-0.0000,1788740101.087
39.242,8.1566,4.9944,0.0302,0.3114,-0.0241,1788740101.107
39.262,8.1628,4.9946,0.0298,0.3114,-0.0241,1788740101.127
39.282,8.1691,4.9948,0.0293,0.3114,-0.0241,1788740101.147
39.302,8.1753,4.9949,0.0288,0.3114,-0.0241,1788740101.167
39.322,8.1815,4.9951,0.0283,0.3114,-0.0241,1788740101.187
39.342,8.1877,4.9953,0.0282,0.3079,-0.0083,1788740101.207
39.362,8.1938,4.9955,0.0280,0.3079,-0.0083,1788740101.227
39.382,8.2000,4.9956,0.0278,0.3079,-0.0083,1788740101.247
39.402,8.2061,4.9958,0.0277,0.3079,-0.0083,1788740101.267
39.422,8.2123,4.9960,0.0275,0.3079,-0.0083,1788740101.287
39.442,8.2184,4.9961,0.0271,0.3061,-0.0218,1788740101.307
39.462,8.2245,4.9963,0.0266,0.3061,-0.0218,1788740101.327
39.482,8.2307,4.9965,0.0262,0.3061,-0.0218,1788740101.347
39.502,8.2368,4.9966,0.0257,0.3061,-0.0218,1788740101.367
39.522,8.2429,4.9968,0.0253,0.3061,-0.0218,1788740101.387
39.542,8.2489,4.9969,0.0251,0.3002,-0.0090,1788740101.407
39.563,8.2549,4.9971,0.0249,0.3002,-0.0090,1788740101.428
39.582,8.2609,4.9972,0.0248,0.3002,-0.0090,1788740101.447
39.603,8.2669,4.9974,0.0246,0.3002,-0.0090,1788740101.468
39.622,8.2729,4.9975,0.0244,0.3002,-0.0090,1788740101.487
39.642,8.2787,4.9977,0.0238,0.2891,-0.0321,1788740101.507
39.663,8.2845,4.9978,0.0231,0.2891,-0.0321,1788740101.528
39.682,8.2903,4.9979,0.0225,0.2891,-0.0321,1788740101.547
39.702,8.2960,4.9980,0.0218,0.2891,-0.0321,1788740101.567
39.722,8.3018,4.9982,0.0212,0.2891,-0.0321,1788740101.587
39.742,8.3075,4.9983,0.0204,0.2834,-0.0414,1788740101.607
39.762,8.3131,4.9984,0.0195,0.2834,-0.0414,1788740101.627
39.782,8.3188,4.9985,0.0187,0.2834,-0.0414,1788740101.647
39.802,8.3245,4.9986,0.0179,0.2834,-0.0414,1788740101.667
39.822,8.3301,4.9987,0.0171,0.2834,-0.0414,1788740101.687
39.842,8.3356,4.9988,0.0162,0.2709,-0.0402,1788740101.707
39.862,8.3410,4.9989,0.0154,0.2709,-0.0402,1788740101.727
39.882,8.3464,4.9989,0.0146,0.2709,-0.0402,1788740101.747
39.902,8.3518,4.9990,0.0138,0.2709,-0.0402,1788740101.767
39.922,8.3572,4.9991,0.0130,0.2709,-0.0402,1788740101.787
39.942,8.3625,4.9992,0.0124,0.2654,-0.0306,1788740101.807
39.962,8.3679,4.9992,0.0118,0.2654,-0.0306,1788740101.827
39.982,8.3732,4.9993,0.0112,0.2654,-0.0306,1788740101.847
40.002,8.3785,4.9993,0.0106,0.2654,-0.0306,1788740101.867
40.022,8.3838,4.9994,0.0100,0.2654,-0.0306,1788740101.887
40.042,8.3888,4.9994,0.0100,0.2510,-0.0001,1788740101.907
40.062,8.3938,4.9995,0.0100,0.2510,-0.0001,1788740101.927
40.082,8.3988,4.9995,0.0100,0.2510,-0.0001,1788740101.947
40.103,8.4039,4.9996,0.0100,0.2510,-0.0001,1788740101.968
40.122,8.4089,4.9996,0.0100,0.2510,-0.0001,1788740101.987
40.142,8.4137,4.9997,0.0103,0.2404,0.0170,1788740102.007
40.162,8.4185,4.9997,0.0106,0.2404,0.0170,1788740102.027
40.182,8.4233,4.9998,0.0110,0.2404,0.0170,1788740102.047
40.202,8.4281,4.9999,0.0113,0.2404,0.0170,1788740102.067
40.222,8.4329,4.9999,0.0117,0.2404,0.0170,1788740102.087
40.242,8.4375,5.0000,0.0115,0.2280,-0.0098,1788740102.107
40.262,8.4420,5.0000,0.0113,0.2280,-0.0098,1788740102.127
40.282,8.4466,5.0001,0.0111,0.2280,-0.0098,1788740102.147
40.302,8.4512,5.0001,0.0109,0.2280,-0.0098,1788740102.167
40.322,8.4557,5.0002,0.0107,0.2280,-0.0098,1788740102.187
40.342,8.4599,5.0002,0.0103,0.2096,-0.0172,1788740102.207
40.362,8.4641,5.0002,0.0100,0.2096,-0.0172,1788740102.227
40.382,8.4683,5.0003,0.0097,0.2096,-0.0172,1788740102.247
40.403,8.4725,5.0003,0.0093,0.2096,-0.0172,1788740102.268
40.423,8.4767,5.0004,0.0090,0.2096,-0.0172,1788740102.288
40.442,8.4804,5.0004,0.0089,0.1873,-0.0023,1788740102.307
40.462,8.4842,5.0004,0.0089,0.1873,-0.0023,1788740102.327
40.482,8.4879,5.0005,0.0088,0.1873,-0.0023,1788740102.347
40.502,8.4917,5.0005,0.0088,0.1873,-0.0023,1788740102.367
40.522,8.4954,5.0005,0.0087,0.1873,-0.0023,1788740102.387
40.542,8.4986,5.0006,0.0090,0.1620,0.0131,1788740102.407
40.562,8.5019,5.0006,0.0093,0.1620,0.0131,1788740102.427
40.582,8.5051,5.0006,0.0095,0.1620,0.0131,1788740102.447
40.602,8.5084,5.0006,0.0098,0.1620,0.0131,1788740102.467
40.622,8.5116,5.0007,0.0101,0.1620,0.0131,1788740102.487
40.642,8.5144,5.0007,0.0109,0.1420,0.0405,1788740102.507
40.662,8.5173,5.0007,0.0117,0.1420,0.0405,1788740102.527
40.683,8.5201,5.0008,0.0125,0.1420,0.0405,1788740102.548
40.702,8.5230,5.0008,0.0133,0.1420,0.0405,1788740102.567
40.722,8.5258,5.0009,0.0141,0.1420,0.0405,1788740102.587
40.742,8.5282,5.0009,0.0150,0.1214,0.0428,1788740102.607
40.763,8.5307,5.0009,0.0158,0.1214,0.0428,1788740102.628
40.782,8.5331,5.0010,0.0167,0.1214,0.0428,1788740102.647
40.802,8.5355,5.0010,0.0175,0.1214,0.0428,1788740102.667
40.822,8.5379,5.0011,0.0184,0.1214,0.0428,1788740102.687
40.842,8.5401,5.0011,0.0181,0.1083,-0.0156,1788740102.707
40.862,8.5423,5.0011,0.0178,0.1083,-0.0156,1788740102.727
40.882,8.5444,5.0012,0.0175,0.1083,-0.0156,1788740102.747
40.902,8.5466,5.0012,0.0171,0.1083,-0.0156,1788740102.767
40.922,8.5488,5.0013,0.0168,0.1083,-0.0156,1788740102.787
40.942,8.5506,5.0013,0.0165,0.0924,-0.0170,1788740102.807
40.962,8.5525,5.0013,0.0161,0.0924,-0.0170,1788740102.827
40.982,8.5543,5.0013,0.0158,0.0924,-0.0170,1788740102.847
41.002,8.5562,5.0014,0.0155,0.0924,-0.0170,1788740102.867
41.023,8.5580,5.0014,0.0151,0.0924,-0.0170,1788740102.888
41.042,8.5580,5.0014,0.0151,0.0000,0.0000,1788740102.907
41.063,8.5580,5.0014,0.0151,0.0000,0.0000,1788740102.927
41.082,8.5580,5.0014,0.0151,0.0000,0.0000,1788740102.947
41.103,8.5580,5.0014,0.0151,0.0000,0.0000,1788740102.968
41.123,8.5580,5.0014,0.0151,0.0000,0.0000,1788740102.988
41.142,8.5580,5.0014,0.0151,0.0000,0.0000,1788740103.007
