t,x,y,yaw,v,w,t_abs
0.023,1.2000,5.0000,0.0000,0.0000,0.0000,1788739379.994
0.042,1.2000,5.0000,0.0000,0.0000,0.0000,1788739380.014
0.063,1.2000,5.0000,0.0000,0.0000,0.0000,1788739380.035
0.082,1.2000,5.0000,0.0000,0.0000,0.0000,1788739380.054
0.102,1.2000,5.0000,0.0000,0.0000,0.0000,1788739380.074
0.122,1.2000,5.0000,0.0000,0.0000,0.0000,1788739380.094
0.142,1.2000,5.0000,0.0000,0.0000,0.0000,1788739380.114
0.162,1.2000,5.0000,0.0000,0.0000,0.0000,1788739380.134
0.182,1.2000,5.0000,0.0000,0.0000,0.0000,1788739380.154
0.202,1.2000,5.0000,0.0000,0.0000,0.0000,1788739380.174
0.222,1.2000,5.0000,0.0000,0.0000,0.0000,1788739380.194
0.242,1.2000,5.0000,0.0000,0.0000,0.0000,1788739380.214
0.262,1.2000,5.0000,0.0000,0.0000,0.0000,1788739380.234
0.282,1.2000,5.0000,0.0000,0.0000,0.0000,1788739380.254
0.302,1.2000,5.0000,0.0000,0.0000,0.0000,1788739380.274
0.322,1.2000,5.0000,0.0000,0.0000,0.0000,1788739380.294
0.343,1.2000,5.0000,0.0000,0.0000,0.0000,1788739380.314
0.362,1.2000,5.0000,0.0000,0.0000,0.0000,1788739380.334
0.383,1.2000,5.0000,0.0000,0.0000,0.0000,1788739380.354
0.403,1.2000,5.0000,0.0000,0.0000,0.0000,1788739380.375
0.422,1.2000,5.0000,0.0000,0.0000,0.0000,1788739380.394
0.442,1.2000,5.0000,0.0000,0.0000,0.0000,1788739380.414
0.462,1.2000,5.0000,0.0000,0.0000,0.0000,1788739380.434
0.482,1.2000,5.0000,0.0000,0.0000,0.0000,1788739380.454
0.502,1.2000,5.0000,0.0000,0.0000,0.0000,1788739380.474
0.523,1.2000,5.0000,0.0000,0.0000,0.0000,1788739380.495
0.542,1.2000,5.0000,0.0000,0.0000,0.0000,1788739380.514
0.562,1.2000,5.0000,0.0000,0.0000,0.0000,1788739380.534
0.582,1.2000,5.0000,0.0000,0.0000,0.0000,1788739380.554
0.603,1.2000,5.0000,0.0000,0.0000,0.0000,1788739380.574
0.623,1.2000,5.0000,0.0000,0.0000,0.0000,1788739380.594
0.643,1.2000,5.0000,0.0000,0.0000,0.0000,1788739380.615
0.663,1.2000,5.0000,0.0000,0.0000,0.0000,1788739380.635
0.682,1.2000,5.0000,0.0000,0.0000,0.0000,1788739380.654
0.702,1.2000,5.0000,0.0000,0.0000,0.0000,1788739380.674
0.722,1.2000,5.0000,0.0000,0.0000,0.0000,1788739380.694
0.742,1.2000,5.0000,0.0000,0.0000,0.0000,1788739380.714
0.762,1.2000,5.0000,0.0000,0.0000,0.0000,1788739380.734
0.782,1.2000,5.0000,0.0000,0.0000,0.0000,1788739380.754
0.802,1.2000,5.0000,0.0000,0.0000,0.0000,1788739380.774
0.822,1.2000,5.0000,0.0000,0.0000,0.0000,1788739380.794
0.842,1.2000,5.0000,0.0000,0.0000,0.0000,1788739380.814
0.862,1.2000,5.0000,0.0000,0.0000,0.0000,1788739380.834
0.882,1.2000,5.0000,0.0000,0.0000,0.0000,1788739380.854
0.902,1.2000,5.0000,0.0000,0.0000,0.0000,1788739380.874
0.922,1.2000,5.0000,0.0000,0.0000,0.0000,1788739380.894
0.942,1.2000,5.0000,0.0000,0.0000,0.0000,1788739380.914
0.962,1.2000,5.0000,0.0000,0.0000,0.0000,1788739380.934
0.983,1.2000,5.0000,0.0000,0.0000,0.0000,1788739380.955
1.003,1.2000,5.0000,0.0000,0.0000,0.0000,1788739380.974
1.023,1.2000,5.0000,0.0000,0.0000,0.0000,1788739380.994
1.042,1.2000,5.0000,0.0000,0.0000,0.0000,1788739381.014
1.062,1.2000,5.0000,0.0000,0.0000,0.0000,1788739381.034
1.082,1.2000,5.0000,0.0000,0.0000,0.0000,1788739381.054
1.102,1.2000,5.0000,0.0000,0.0000,0.0000,1788739381.074
1.122,1.2000,5.0000,0.0000,0.0000,0.0000,1788739381.094
1.142,1.2000,5.0000,0.0000,0.0000,0.0000,1788739381.114
1.162,1.2000,5.0000,0.0000,0.0000,0.0000,1788739381.134
1.182,1.2000,5.0000,0.0000,0.0000,0.0000,1788739381.154
1.202,1.2000,5.0000,0.0000,0.0000,0.0000,1788739381.174
1.222,1.2000,5.0000,0.0000,0.0000,0.0000,1788739381.194
1.242,1.2000,5.0000,0.0000,0.0000,0.0000,1788739381.214
1.262,1.2000,5.0000,0.0000,0.0000,0.0000,1788739381.234
1.282,1.2000,5.0000,0.0000,0.0000,0.0000,1788739381.254
1.303,1.2000,5.0000,0.0000,0.0000,0.0000,1788739381.274
1.322,1.2000,5.0000,0.0000,0.0000,0.0000,1788739381.294
1.342,1.2000,5.0000,0.0000,0.0000,0.0000,1788739381.314
1.362,1.2000,5.0000,0.0000,0.0000,0.0000,1788739381.334
1.382,1.2000,5.0000,0.0000,0.0000,0.0000,1788739381.354
1.402,1.2000,5.0000,0.0000,0.0000,0.0000,1788739381.374
1.423,1.2000,5.0000,0.0000,0.0000,0.0000,1788739381.394
1.442,1.2000,5.0000,0.0000,0.0000,0.0000,1788739381.414
1.462,1.2000,5.0000,0.0000,0.0000,0.0000,1788739381.434
1.482,1.2000,5.0000,0.0000,0.0000,0.0000,1788739381.454
1.502,1.2000,5.0000,0.0000,0.0000,0.0000,1788739381.474
1.523,1.2000,5.0000,0.0000,0.0000,0.0000,1788739381.495
1.542,1.2000,5.0000,0.0000,0.0000,0.0000,1788739381.514
1.562,1.2000,5.0000,0.0000,0.0000,0.0000,1788739381.534
1.583,1.2000,5.0000,0.0000,0.0000,0.0000,1788739381.555
1.603,1.2000,5.0000,0.0000,0.0000,0.0000,1788739381.574
1.622,1.2000,5.0000,0.0000,0.0000,0.0000,1788739381.594
1.642,1.2000,5.0000,0.0000,0.0000,0.0000,1788739381.614
1.662,1.2000,5.0000,0.0000,0.0000,0.0000,1788739381.634
1.682,1.2000,5.0000,0.0000,0.0000,0.0000,1788739381.654
1.702,1.2000,5.0000,0.0000,0.0000,0.0000,1788739381.674
1.722,1.2000,5.0000,0.0000,0.0000,0.0000,1788739381.694
1.742,1.2000,5.0000,0.0000,0.0000,0.0000,1788739381.714
1.762,1.2000,5.0000,0.0000,0.0000,0.0000,1788739381.734
1.782,1.2000,5.0000,0.0000,0.0000,0.0000,1788739381.754
1.802,1.2000,5.0000,0.0000,0.0000,0.0000,1788739381.774
1.822,1.2000,5.0000,0.0000,0.0000,0.0000,1788739381.794
1.842,1.2000,5.0000,0.0000,0.0000,0.0000,1788739381.814
1.862,1.2000,5.0000,0.0000,0.0000,0.0000,1788739381.834
1.882,1.2000,5.0000,0.0000,0.0000,0.0000,1788739381.854
1.902,1.2000,5.0000,0.0000,0.0000,0.0000,1788739381.874
1.923,1.2000,5.0000,0.0000,0.0000,0.0000,1788739381.894
1.943,1.2000,5.0000,0.0000,0.0000,0.0000,1788739381.914
1.963,1.2000,5.0000,0.0000,0.0000,0.0000,1788739381.935
1.983,1.2000,5.0000,0.0000,0.0000,0.0000,1788739381.955
2.003,1.2000,5.0000,0.0000,0.0000,0.0000,1788739381.975
2.023,1.2000,5.0000,0.0000,0.0000,0.0000,1788739381.995
2.042,1.2000,5.0000,0.0000,0.0000,0.0000,1788739382.014
2.062,1.2000,5.0000,0.0000,0.0000,0.0000,1788739382.034
2.082,1.2000,5.0000,0.0000,0.0000,0.0000,1788739382.054
2.102,1.2000,5.0000,0.0000,0.0000,0.0000,1788739382.074
2.122,1.2000,5.0000,0.0000,0.0000,0.0000,1788739382.094
2.142,1.2000,5.0000,0.0000,0.0000,0.0000,1788739382.114
2.162,1.2000,5.0000,0.0000,0.0000,0.0000,1788739382.134
2.182,1.2000,5.0000,0.0000,0.0000,0.0000,1788739382.154
2.202,1.2000,5.0000,0.0000,0.0000,0.0000,1788739382.174
2.222,1.2000,5.0000,0.0000,0.0000,0.0000,1788739382.194
2.243,1.2000,5.0000,0.0000,0.0000,0.0000,1788739382.214
2.262,1.2000,5.0000,0.0000,0.0000,0.0000,1788739382.234
2.283,1.2000,5.0000,0.0000,0.0000,0.0000,1788739382.255
2.302,1.2000,5.0000,0.0000,0.0000,0.0000,1788739382.274
2.322,1.2000,5.0000,0.0000,0.0000,0.0000,1788739382.294
2.342,1.2000,5.0000,0.0000,0.0000,0.0000,1788739382.314
2.363,1.2000,5.0000,0.0000,0.0000,0.0000,1788739382.335
2.382,1.2000,5.0000,0.0000,0.0000,0.0000,1788739382.354
2.402,1.2000,5.0000,0.0000,0.0000,0.0000,1788739382.374
2.422,1.2000,5.0000,0.0000,0.0000,0.0000,1788739382.394
2.442,1.2000,5.0000,0.0000,0.0000,0.0000,1788739382.414
2.462,1.2000,5.0000,0.0000,0.0000,0.0000,1788739382.434
2.482,1.2000,5.0000,0.0000,0.0000,0.0000,1788739382.454
2.502,1.2000,5.0000,0.0000,0.0000,0.0000,1788739382.474
2.523,1.2000,5.0000,0.0000,0.0000,0.0000,1788739382.494
2.543,1.2000,5.0000,0.0000,0.0000,0.0000,1788739382.514
2.563,1.2000,5.0000,0.0000,0.0000,0.0000,1788739382.535
2.583,1.2000,5.0000,0.0000,0.0000,0.0000,1788739382.554
2.602,1.2000,5.0000,0.0000,0.0000,0.0000,1788739382.574
2.622,1.2000,5.0000,0.0000,0.0000,0.0000,1788739382.594
2.642,1.2000,5.0000,0.0000,0.0000,0.0000,1788739382.614
2.662,1.2000,5.0000,0.0000,0.0000,0.0000,1788739382.634
2.682,1.2000,5.0000,0.0000,0.0000,0.0000,1788739382.654
2.702,1.2000,5.0000,0.0000,0.0000,0.0000,1788739382.674
2.722,1.2000,5.0000,0.0000,0.0000,0.0000,1788739382.694
2.743,1.2000,5.0000,0.0000,0.0000,0.0000,1788739382.714
2.762,1.2000,5.0000,0.0000,0.0000,0.0000,1788739382.734
2.783,1.2000,5.0000,0.0000,0.0000,0.0000,1788739382.754
2.803,1.2000,5.0000,0.0000,0.0000,0.0000,1788739382.774
2.822,1.2000,5.0000,0.0000,0.0000,0.0000,1788739382.794
2.843,1.2000,5.0000,0.0000,0.0000,0.0000,1788739382.814
2.863,1.2000,5.0000,0.0000,0.0000,0.0000,1788739382.835
2.883,1.2000,5.0000,0.0000,0.0000,0.0000,1788739382.854
2.903,1.2000,5.0000,0.0000,0.0000,0.0000,1788739382.874
2.922,1.2000,5.0000,0.0000,0.0000,0.0000,1788739382.894
2.942,1.2000,5.0000,0.0000,0.0000,0.0000,1788739382.914
2.962,1.2000,5.0000,0.0000,0.0000,0.0000,1788739382.934
2.982,1.2000,5.0000,0.0000,0.0000,0.0000,1788739382.954
3.002,1.2000,5.0000,0.0000,0.0000,0.0000,1788739382.974
3.022,1.2000,5.0000,0.0000,0.0000,0.0000,1788739382.994
3.043,1.2000,5.0000,0.0000,0.0000,0.0000,1788739383.014
3.062,1.2000,5.0000,0.0000,0.0000,0.0000,1788739383.034
3.082,1.2000,5.0000,0.0000,0.0000,0.0000,1788739383.054
3.103,1.2000,5.0000,0.0000,0.0000,0.0000,1788739383.074
3.122,1.2000,5.0000,0.0000,0.0000,0.0000,1788739383.094
3.142,1.2000,5.0000,0.0000,0.0000,0.0000,1788739383.114
3.162,1.2000,5.0000,0.0000,0.0000,0.0000,1788739383.134
3.182,1.2000,5.0000,0.0000,0.0000,0.0000,1788739383.154
3.203,1.2000,5.0000,0.0000,0.0000,0.0000,1788739383.174
3.223,1.2000,5.0000,0.0000,0.0000,0.0000,1788739383.195
3.243,1.2000,5.0000,0.0000,0.0000,0.0000,1788739383.215
3.263,1.2000,5.0000,0.0000,0.0000,0.0000,1788739383.235
3.283,1.2000,5.0000,0.0000,0.0000,0.0000,1788739383.254
3.302,1.2000,5.0000,0.0000,0.0000,0.0000,1788739383.274
3.322,1.2000,5.0000,0.0000,0.0000,0.0000,1788739383.294
3.343,1.2000,5.0000,0.0000,0.0000,0.0000,1788739383.314
3.362,1.2000,5.0000,0.0000,0.0000,0.0000,1788739383.334
3.382,1.2000,5.0000,0.0000,0.0000,0.0000,1788739383.354
3.402,1.2000,5.0000,0.0000,0.0000,0.0000,1788739383.374
3.422,1.2000,5.0000,0.0000,0.0000,0.0000,1788739383.394
3.442,1.2000,5.0000,0.0000,0.0000,0.0000,1788739383.414
3.462,1.2000,5.0000,0.0000,0.0000,0.0000,1788739383.434
3.483,1.2000,5.0000,0.0000,0.0000,0.0000,1788739383.454
3.503,1.2000,5.0000,0.0000,0.0000,0.0000,1788739383.474
3.523,1.2000,5.0000,0.0000,0.0000,0.0000,1788739383.494
3.543,1.2000,5.0000,0.0000,0.0000,0.0000,1788739383.514
3.562,1.2000,5.0000,0.0000,0.0000,0.0000,1788739383.534
3.582,1.2000,5.0000,0.0000,0.0000,0.0000,1788739383.554
3.602,1.2000,5.0000,0.0000,0.0000,0.0000,1788739383.574
3.623,1.2000,5.0000,0.0000,0.0000,0.0000,1788739383.595
3.642,1.2000,5.0000,0.0000,0.0000,0.0000,1788739383.614
3.662,1.2000,5.0000,0.0000,0.0000,0.0000,1788739383.634
3.682,1.2000,5.0000,0.0000,0.0000,0.0000,1788739383.654
3.702,1.2000,5.0000,0.0000,0.0000,0.0000,1788739383.674
3.722,1.2000,5.0000,0.0000,0.0000,0.0000,1788739383.694
3.742,1.2000,5.0000,0.0000,0.0000,0.0000,1788739383.714
3.762,1.2000,5.0000,0.0000,0.0000,0.0000,1788739383.734
3.782,1.2000,5.0000,0.0000,0.0000,0.0000,1788739383.754
3.802,1.2000,5.0000,0.0000,0.0000,0.0000,1788739383.774
3.822,1.2000,5.0000,0.0000,0.0000,0.0000,1788739383.794
3.842,1.2000,5.0000,0.0000,0.0000,0.0000,1788739383.814
3.862,1.2000,5.0000,0.0000,0.0000,0.0000,1788739383.834
3.882,1.2000,5.0000,0.0000,0.0000,0.0000,1788739383.854
3.902,1.2000,5.0000,0.0000,0.0000,0.0000,1788739383.874
3.922,1.2000,5.0000,0.0000,0.0000,0.0000,1788739383.894
3.942,1.2000,5.0000,0.0000,0.0000,0.0000,1788739383.914
3.962,1.2000,5.0000,0.0000,0.0000,0.0000,1788739383.934
3.982,1.2000,5.0000,0.0000,0.0000,0.0000,1788739383.954
4.002,1.2000,5.0000,0.0000,0.0000,0.0000,1788739383.974
4.023,1.2000,5.0000,0.0000,0.0000,0.0000,1788739383.994
4.042,1.2000,5.0000,0.0000,0.0000,0.0000,1788739384.014
4.063,1.2000,5.0000,0.0000,0.0000,0.0000,1788739384.034
4.083,1.2000,5.0000,0.0000,0.0000,0.0000,1788739384.054
4.103,1.2000,5.0000,0.0000,0.0000,0.0000,1788739384.075
4.122,1.2000,5.0000,0.0000,0.0000,0.0000,1788739384.094
4.142,1.2000,5.0000,0.0000,0.0000,0.0000,1788739384.114
4.162,1.2000,5.0000,0.0000,0.0000,0.0000,1788739384.134
4.182,1.2000,5.0000,0.0000,0.0000,0.0000,1788739384.154
4.202,1.2000,5.0000,0.0000,0.0000,0.0000,1788739384.174
4.222,1.2000,5.0000,0.0000,0.0000,0.0000,1788739384.194
4.242,1.2000,5.0000,0.0000,0.0000,0.0000,1788739384.214
4.262,1.2000,5.0000,0.0000,0.0000,0.0000,1788739384.234
4.282,1.2000,5.0000,0.0000,0.0000,0.0000,1788739384.254
4.302,1.2000,5.0000,0.0000,0.0000,0.0000,1788739384.274
4.322,1.2000,5.0000,0.0000,0.0000,0.0000,1788739384.294
4.342,1.2000,5.0000,0.0000,0.0000,0.0000,1788739384.314
4.362,1.2000,5.0000,0.0000,0.0000,0.0000,1788739384.334
4.382,1.2000,5.0000,0.0000,0.0000,0.0000,1788739384.354
4.402,1.2000,5.0000,0.0000,0.0000,0.0000,1788739384.374
4.422,1.2000,5.0000,0.0000,0.0000,0.0000,1788739384.394
4.442,1.2000,5.0000,0.0000,0.0000,0.0000,1788739384.414
4.462,1.2000,5.0000,0.0000,0.0000,0.0000,1788739384.434
4.482,1.2000,5.0000,0.0000,0.0000,0.0000,1788739384.454
4.503,1.2000,5.0000,0.0000,0.0000,0.0000,1788739384.474
4.522,1.2000,5.0000,0.0000,0.0000,0.0000,1788739384.494
4.543,1.2000,5.0000,0.0000,0.0000,0.0000,1788739384.515
4.562,1.2000,5.0000,0.0000,0.0000,0.0000,1788739384.534
4.582,1.2000,5.0000,0.0000,0.0000,0.0000,1788739384.554
4.602,1.2000,5.0000,0.0000,0.0000,0.0000,1788739384.574
4.622,1.2000,5.0000,0.0000,0.0000,0.0000,1788739384.594
4.642,1.2000,5.0000,0.0000,0.0000,0.0000,1788739384.614
4.662,1.2000,5.0000,0.0000,0.0000,0.0000,1788739384.634
4.682,1.2000,5.0000,0.0000,0.0000,0.0000,1788739384.654
4.702,1.2000,5.0000,0.0000,0.0000,0.0000,1788739384.674
4.723,1.2000,5.0000,0.0000,0.0000,0.0000,1788739384.694
4.742,1.2000,5.0000,0.0000,0.0000,0.0000,1788739384.714
4.762,1.2000,5.0000,0.0000,0.0000,0.0000,1788739384.734
4.783,1.2000,5.0000,0.0000,0.0000,0.0000,1788739384.755
4.803,1.2000,5.0000,0.0000,0.0000,0.0000,1788739384.774
4.822,1.2000,5.0000,0.0000,0.0000,0.0000,1788739384.794
4.842,1.2000,5.0000,0.0000,0.0000,0.0000,1788739384.814
4.863,1.2000,5.0000,0.0000,0.0000,0.0000,1788739384.834
4.882,1.2000,5.0000,0.0000,0.0000,0.0000,1788739384.854
4.903,1.2000,5.0000,0.0000,0.0000,0.0000,1788739384.875
4.923,1.2000,5.0000,0.0000,0.0000,0.0000,1788739384.895
4.943,1.2000,5.0000,0.0000,0.0000,0.0000,1788739384.915
4.962,1.2000,5.0000,0.0000,0.0000,0.0000,1788739384.934
4.983,1.2000,5.0000,0.0000,0.0000,0.0000,1788739384.954
5.003,1.2000,5.0000,0.0000,0.0000,0.0000,1788739384.975
5.022,1.2000,5.0000,0.0000,0.0000,0.0000,1788739384.994
5.042,1.2000,5.0000,0.0000,0.0000,0.0000,1788739385.014
5.063,1.2000,5.0000,0.0000,0.0000,0.0000,1788739385.034
5.082,1.2000,5.0000,0.0000,0.0000,0.0000,1788739385.054
5.102,1.2000,5.0000,0.0000,0.0000,0.0000,1788739385.074
5.122,1.2000,5.0000,0.0000,0.0000,0.0000,1788739385.094
5.142,1.2000,5.0000,0.0000,0.0000,0.0000,1788739385.114
5.162,1.2000,5.0000,0.0000,0.0000,0.0000,1788739385.134
5.182,1.2000,5.0000,0.0000,0.0000,0.0000,1788739385.154
5.202,1.2000,5.0000,0.0000,0.0000,0.0000,1788739385.174
5.223,1.2000,5.0000,0.0000,0.0000,0.0000,1788739385.194
5.242,1.2000,5.0000,0.0000,0.0000,0.0000,1788739385.214
5.263,1.2000,5.0000,0.0000,0.0000,0.0000,1788739385.234
5.282,1.2000,5.0000,0.0000,0.0000,0.0000,1788739385.254
5.302,1.2000,5.0000,0.0000,0.0000,0.0000,1788739385.274
5.322,1.2000,5.0000,0.0000,0.0000,0.0000,1788739385.294
5.342,1.2000,5.0000,0.0000,0.0000,0.0000,1788739385.314
5.362,1.2000,5.0000,0.0000,0.0000,0.0000,1788739385.334
5.382,1.2000,5.0000,0.0000,0.0000,0.0000,1788739385.354
5.402,1.2000,5.0000,0.0000,0.0000,0.0000,1788739385.374
5.422,1.2000,5.0000,0.0000,0.0000,0.0000,1788739385.394
5.442,1.2000,5.0000,0.0000,0.0000,0.0000,1788739385.414
5.462,1.2000,5.0000,0.0000,0.0000,0.0000,1788739385.434
5.483,1.2000,5.0000,0.0000,0.0000,0.0000,1788739385.455
5.502,1.2000,5.0000,0.0000,0.0000,0.0000,1788739385.474
5.522,1.2000,5.0000,0.0000,0.0000,0.0000,1788739385.494
5.542,1.2000,5.0000,0.0000,0.0000,0.0000,1788739385.514
5.562,1.2000,5.0000,0.0000,0.0000,0.0000,1788739385.534
5.582,1.2000,5.0000,0.0000,0.0000,0.0000,1788739385.554
5.602,1.2000,5.0000,0.0000,0.0000,0.0000,1788739385.574
5.622,1.2000,5.0000,0.0000,0.0000,0.0000,1788739385.594
5.642,1.2000,5.0000,0.0000,0.0000,0.0000,1788739385.614
5.662,1.2000,5.0000,0.0000,0.0000,0.0000,1788739385.634
5.682,1.2000,5.0000,0.0000,0.0000,0.0000,1788739385.654
5.703,1.2000,5.0000,0.0000,0.0000,0.0000,1788739385.674
5.722,1.2000,5.0000,0.0000,0.0000,0.0000,1788739385.694
5.743,1.2000,5.0000,0.0000,0.0000,0.0000,1788739385.714
5.762,1.2000,5.0000,0.0000,0.0000,0.0000,1788739385.734
5.783,1.2000,5.0000,0.0000,0.0000,0.0000,1788739385.755
5.802,1.2000,5.0000,0.0000,0.0000,0.0000,1788739385.774
5.822,1.2000,5.0000,0.0000,0.0000,0.0000,1788739385.794
5.842,1.2000,5.0000,0.0000,0.0000,0.0000,1788739385.814
5.862,1.2000,5.0000,0.0000,0.0000,0.0000,1788739385.834
5.883,1.2000,5.0000,0.0000,0.0000,0.0000,1788739385.854
5.903,1.2000,5.0000,0.0000,0.0000,0.0000,1788739385.874
5.922,1.2000,5.0000,0.0000,0.0000,0.0000,1788739385.894
5.943,1.2000,5.0000,0.0000,0.0000,0.0000,1788739385.914
5.962,1.2000,5.0000,0.0000,0.0000,0.0000,1788739385.934
5.983,1.2000,5.0000,0.0000,0.0000,0.0000,1788739385.954
6.002,1.2000,5.0000,0.0000,0.0000,0.0000,1788739385.974
6.023,1.2000,5.0000,0.0000,0.0000,0.0000,1788739385.994
6.043,1.2000,5.0000,0.0000,0.0000,0.0000,1788739386.014
6.063,1.2000,5.0000,0.0000,0.0000,0.0000,1788739386.034
6.082,1.2000,5.0000,0.0000,0.0000,0.0000,1788739386.054
6.103,1.2000,5.0000,0.0000,0.0000,0.0000,1788739386.074
6.123,1.2000,5.0000,0.0000,0.0000,0.0000,1788739386.095
6.143,1.2000,5.0000,0.0000,0.0000,0.0000,1788739386.114
6.163,1.2000,5.0000,0.0000,0.0000,0.0000,1788739386.135
6.182,1.2000,5.0000,0.0000,0.0000,0.0000,1788739386.154
6.202,1.2000,5.0000,0.0000,0.0000,0.0000,1788739386.174
6.222,1.2000,5.0000,0.0000,0.0000,0.0000,1788739386.194
6.242,1.2000,5.0000,0.0000,0.0000,0.0000,1788739386.214
6.263,1.2000,5.0000,0.0000,0.0000,0.0000,1788739386.234
6.282,1.2000,5.0000,0.0000,0.0000,0.0000,1788739386.254
6.302,1.2000,5.0000,0.0000,0.0000,0.0000,1788739386.274
6.322,1.2000,5.0000,0.0000,0.0000,0.0000,1788739386.294
6.343,1.2000,5.0000,0.0000,0.0000,0.0000,1788739386.314
6.363,1.2000,5.0000,0.0000,0.0000,0.0000,1788739386.334
6.383,1.2000,5.0000,0.0000,0.0000,0.0000,1788739386.354
6.403,1.2000,5.0000,0.0000,0.0000,0.0000,1788739386.375
6.422,1.2000,5.0000,0.0000,0.0000,0.0000,1788739386.394
6.442,1.2000,5.0000,0.0000,0.0000,0.0000,1788739386.414
6.462,1.2000,5.0000,0.0000,0.0000,0.0000,1788739386.434
6.482,1.2000,5.0000,0.0000,0.0000,0.0000,1788739386.454
6.502,1.2000,5.0000,0.0000,0.0000,0.0000,1788739386.474
6.522,1.2000,5.0000,0.0000,0.0000,0.0000,1788739386.494
6.542,1.2000,5.0000,0.0000,0.0000,0.0000,1788739386.514
6.563,1.2000,5.0000,0.0000,0.0000,0.0000,1788739386.534
6.582,1.2000,5.0000,0.0000,0.0000,0.0000,1788739386.554
6.602,1.2000,5.0000,0.0000,0.0000,0.0000,1788739386.574
6.623,1.2000,5.0000,0.0000,0.0000,0.0000,1788739386.594
6.643,1.2000,5.0000,0.0000,0.0000,0.0000,1788739386.614
6.663,1.2000,5.0000,0.0000,0.0000,0.0000,1788739386.634
6.683,1.2000,5.0000,0.0000,0.0000,0.0000,1788739386.654
6.703,1.2000,5.0000,0.0000,0.0000,0.0000,1788739386.674
6.723,1.2000,5.0000,0.0000,0.0000,0.0000,1788739386.695
6.743,1.2000,5.0000,0.0000,0.0000,0.0000,1788739386.715
6.762,1.2000,5.0000,0.0000,0.0000,0.0000,1788739386.734
6.782,1.2000,5.0000,0.0000,0.0000,0.0000,1788739386.754
6.803,1.2000,5.0000,0.0000,0.0000,0.0000,1788739386.774
6.822,1.2000,5.0000,0.0000,0.0000,0.0000,1788739386.794
6.842,1.2000,5.0000,0.0000,0.0000,0.0000,1788739386.814
6.862,1.2000,5.0000,0.0000,0.0000,0.0000,1788739386.834
6.882,1.2000,5.0000,0.0000,0.0000,0.0000,1788739386.854
6.902,1.2000,5.0000,0.0000,0.0000,0.0000,1788739386.874
6.922,1.2000,5.0000,0.0000,0.0000,0.0000,1788739386.894
6.942,1.2000,5.0000,0.0000,0.0000,0.0000,1788739386.914
6.962,1.2000,5.0000,0.0000,0.0000,0.0000,1788739386.934
6.982,1.2000,5.0000,0.0000,0.0000,0.0000,1788739386.954
7.002,1.2000,5.0000,0.0000,0.0000,0.0000,1788739386.974
7.022,1.2000,5.0000,0.0000,0.0000,0.0000,1788739386.994
7.042,1.2000,5.0000,0.0000,0.0000,0.0000,1788739387.014
7.062,1.2000,5.0000,0.0000,0.0000,0.0000,1788739387.034
7.083,1.2000,5.0000,0.0000,0.0000,0.0000,1788739387.054
7.103,1.2000,5.0000,0.0000,0.0000,0.0000,1788739387.074
7.123,1.2000,5.0000,0.0000,0.0000,0.0000,1788739387.094
7.142,1.2000,5.0000,0.0000,0.0000,0.0000,1788739387.114
7.162,1.2000,5.0000,0.0000,0.0000,0.0000,1788739387.134
7.182,1.2000,5.0000,0.0000,0.0000,0.0000,1788739387.154
7.202,1.2000,5.0000,0.0000,0.0000,0.0000,1788739387.174
7.222,1.2000,5.0000,0.0000,0.0000,0.0000,1788739387.194
7.242,1.2000,5.0000,0.0000,0.0000,0.0000,1788739387.214
7.262,1.2000,5.0000,0.0000,0.0000,0.0000,1788739387.234
7.282,1.2000,5.0000,0.0000,0.0000,0.0000,1788739387.254
7.302,1.2000,5.0000,0.0000,0.0000,0.0000,1788739387.274
7.322,1.2000,5.0000,0.0000,0.0000,0.0000,1788739387.294
7.342,1.2000,5.0000,0.0000,0.0000,0.0000,1788739387.314
7.362,1.2000,5.0000,0.0000,0.0000,0.0000,1788739387.334
7.382,1.2000,5.0000,0.0000,0.0000,0.0000,1788739387.354
7.402,1.2000,5.0000,0.0000,0.0000,0.0000,1788739387.374
7.423,1.2000,5.0000,0.0000,0.0000,0.0000,1788739387.394
7.443,1.2000,5.0000,0.0000,0.0000,0.0000,1788739387.414
7.462,1.2000,5.0000,0.0000,0.0000,0.0000,1788739387.434
7.482,1.2000,5.0000,0.0000,0.0000,0.0000,1788739387.454
7.502,1.2000,5.0000,0.0000,0.0000,0.0000,1788739387.474
7.522,1.2000,5.0000,0.0000,0.0000,0.0000,1788739387.494
7.542,1.2000,5.0000,0.0000,0.0000,0.0000,1788739387.514
7.562,1.2000,5.0000,0.0000,0.0000,0.0000,1788739387.534
7.582,1.2000,5.0000,0.0000,0.0000,0.0000,1788739387.554
7.602,1.2000,5.0000,0.0000,0.0000,0.0000,1788739387.574
7.622,1.2000,5.0000,0.0000,0.0000,0.0000,1788739387.594
7.642,1.2000,5.0000,0.0000,0.0000,0.0000,1788739387.614
7.662,1.2000,5.0000,0.0000,0.0000,0.0000,1788739387.634
7.683,1.2000,5.0000,0.0000,0.0000,0.0000,1788739387.654
7.702,1.2000,5.0000,0.0000,0.0000,0.0000,1788739387.674
7.723,1.2000,5.0000,0.0000,0.0000,0.0000,1788739387.695
7.743,1.2000,5.0000,0.0000,0.0000,0.0000,1788739387.715
7.763,1.2000,5.0000,0.0000,0.0000,0.0000,1788739387.735
7.783,1.2000,5.0000,0.0000,0.0000,0.0000,1788739387.754
7.802,1.2000,5.0000,0.0000,0.0000,0.0000,1788739387.774
7.822,1.2000,5.0000,0.0000,0.0000,0.0000,1788739387.794
7.842,1.2000,5.0000,0.0000,0.0000,0.0000,1788739387.814
7.862,1.2000,5.0000,0.0000,0.0000,0.0000,1788739387.834
7.883,1.2000,5.0000,0.0000,0.0000,0.0000,1788739387.855
7.902,1.2000,5.0000,0.0000,0.0000,0.0000,1788739387.874
7.924,1.2000,5.0000,0.0000,0.0000,0.0000,1788739387.896
7.942,1.2000,5.0000,0.0000,0.0000,0.0000,1788739387.914
7.962,1.2000,5.0000,0.0000,0.0000,0.0000,1788739387.934
7.982,1.2000,5.0000,0.0000,0.0000,0.0000,1788739387.954
8.002,1.2000,5.0000,0.0000,0.0000,0.0000,1788739387.974
8.022,1.2000,5.0000,0.0000,0.0000,0.0000,1788739387.994
8.042,1.2000,5.0000,0.0000,0.0000,0.0000,1788739388.014
8.063,1.2000,5.0000,0.0000,0.0000,0.0000,1788739388.034
8.082,1.2000,5.0000,0.0000,0.0000,0.0000,1788739388.054
8.102,1.2000,5.0000,0.0000,0.0000,0.0000,1788739388.074
8.122,1.2000,5.0000,0.0000,0.0000,0.0000,1788739388.094
8.142,1.2000,5.0000,0.0000,0.0000,0.0000,1788739388.114
8.162,1.2000,5.0000,0.0000,0.0000,0.0000,1788739388.134
8.182,1.2000,5.0000,0.0000,0.0000,0.0000,1788739388.154
8.202,1.2000,5.0000,0.0000,0.0000,0.0000,1788739388.174
8.222,1.2000,5.0000,0.0000,0.0000,0.0000,1788739388.194
8.242,1.2000,5.0000,0.0000,0.0000,0.0000,1788739388.214
8.263,1.2000,5.0000,0.0000,0.0000,0.0000,1788739388.234
8.282,1.2000,5.0000,0.0000,0.0000,0.0000,1788739388.254
8.302,1.2000,5.0000,0.0000,0.0000,0.0000,1788739388.274
8.322,1.2000,5.0000,0.0000,0.0000,0.0000,1788739388.294
8.342,1.2000,5.0000,0.0000,0.0000,0.0000,1788739388.314
8.362,1.2004,5.0000,-0.0005,0.0196,-0.0257,1788739388.334
8.382,1.2008,5.0000,-0.0010,0.0196,-0.0257,1788739388.354
8.402,1.2012,5.0000,-0.0015,0.0196,-0.0257,1788739388.374
8.423,1.2016,5.0000,-0.0021,0.0196,-0.0257,1788739388.395
8.442,1.2024,5.0000,-0.0027,0.0420,-0.0308,1788739388.414
8.463,1.2032,5.0000,-0.0033,0.0420,-0.0308,1788739388.434
8.482,1.2041,5.0000,-0.0039,0.0420,-0.0308,1788739388.454
8.503,1.2049,5.0000,-0.0045,0.0420,-0.0308,1788739388.475
8.522,1.2058,5.0000,-0.0051,0.0420,-0.0308,1788739388.494
8.542,1.2070,5.0000,-0.0067,0.0637,-0.0803,1788739388.514
8.562,1.2083,5.0000,-0.0083,0.0637,-0.0803,1788739388.534
8.583,1.2096,4.9999,-0.0100,0.0637,-0.0803,1788739388.554
8.602,1.2109,4.9999,-0.0116,0.0637,-0.0803,1788739388.574
8.622,1.2121,4.9999,-0.0132,0.0637,-0.0803,1788739388.594
8.642,1.2138,4.9999,-0.0137,0.0821,-0.0284,1788739388.614
8.662,1.2154,4.9999,-0.0143,0.0821,-0.0284,1788739388.634
8.683,1.2171,4.9998,-0.0149,0.0821,-0.0284,1788739388.655
8.703,1.2187,4.9998,-0.0154,0.0821,-0.0284,1788739388.675
8.723,1.2203,4.9998,-0.0160,0.0821,-0.0284,1788739388.694
8.742,1.2224,4.9998,-0.0163,0.1023,-0.0130,1788739388.714
8.763,1.2244,4.9997,-0.0165,0.1023,-0.0130,1788739388.734
8.782,1.2265,4.9997,-0.0168,0.1023,-0.0130,1788739388.754
8.802,1.2285,4.9997,-0.0170,0.1023,-0.0130,1788739388.774
8.822,1.2306,4.9996,-0.0173,0.1023,-0.0130,1788739388.794
8.842,1.2330,4.9996,-0.0178,0.1191,-0.0225,1788739388.814
8.863,1.2353,4.9995,-0.0182,0.1191,-0.0225,1788739388.834
8.882,1.2377,4.9995,-0.0186,0.1191,-0.0225,1788739388.854
8.902,1.2401,4.9994,-0.0191,0.1191,-0.0225,1788739388.874
8.922,1.2425,4.9994,-0.0195,0.1191,-0.0225,1788739388.894
8.942,1.2452,4.9993,-0.0203,0.1373,-0.0396,1788739388.914
8.963,1.2480,4.9993,-0.0211,0.1373,-0.0396,1788739388.934
8.983,1.2507,4.9992,-0.0219,0.1373,-0.0396,1788739388.954
9.003,1.2535,4.9992,-0.0227,0.1373,-0.0396,1788739388.975
9.023,1.2562,4.9991,-0.0235,0.1373,-0.0396,1788739388.995
9.042,1.2593,4.9990,-0.0242,0.1554,-0.0361,1788739389.014
9.063,1.2624,4.9989,-0.0250,0.1554,-0.0361,1788739389.034
9.082,1.2655,4.9989,-0.0257,0.1554,-0.0361,1788739389.054
9.102,1.2686,4.9988,-0.0264,0.1554,-0.0361,1788739389.074
9.122,1.2717,4.9987,-0.0271,0.1554,-0.0361,1788739389.094
9.142,1.2752,4.9986,-0.0268,0.1737,0.0160,1788739389.114
9.162,1.2787,4.9985,-0.0265,0.1737,0.0160,1788739389.134
9.182,1.2822,4.9984,-0.0262,0.1737,0.0160,1788739389.154
9.202,1.2856,4.9983,-0.0258,0.1737,0.0160,1788739389.174
9.222,1.2891,4.9982,-0.0255,0.1737,0.0160,1788739389.194
9.242,1.2929,4.9982,-0.0249,0.1896,0.0297,1788739389.214
9.263,1.2967,4.9981,-0.0243,0.1896,0.0297,1788739389.235
9.283,1.3005,4.9980,-0.0237,0.1896,0.0297,1788739389.254
9.302,1.3043,4.9979,-0.0231,0.1896,0.0297,1788739389.274
9.322,1.3081,4.9978,-0.0225,0.1896,0.0297,1788739389.294
9.342,1.3123,4.9977,-0.0213,0.2100,0.0635,1788739389.314
9.363,1.3165,4.9976,-0.0200,0.2100,0.0635,1788739389.335
9.382,1.3207,4.9975,-0.0187,0.2100,0.0635,1788739389.354
9.402,1.3249,4.9975,-0.0175,0.2100,0.0635,1788739389.374
9.422,1.3291,4.9974,-0.0162,0.2100,0.0635,1788739389.394
9.442,1.3336,4.9973,-0.0156,0.2265,0.0281,1788739389.414
9.462,1.3381,4.9973,-0.0151,0.2265,0.0281,1788739389.434
9.483,1.3426,4.9972,-0.0145,0.2265,0.0281,1788739389.454
9.502,1.3472,4.9971,-0.0139,0.2265,0.0281,1788739389.474
9.523,1.3517,4.9971,-0.0134,0.2265,0.0281,1788739389.494
9.542,1.3565,4.9970,-0.0139,0.2413,-0.0272,1788739389.514
9.563,1.3614,4.9969,-0.0145,0.2413,-0.0272,1788739389.535
9.582,1.3662,4.9969,-0.0150,0.2413,-0.0272,1788739389.554
9.602,1.3710,4.9968,-0.0156,0.2413,-0.0272,1788739389.574
9.622,1.3758,4.9967,-0.0161,0.2413,-0.0272,1788739389.594
9.642,1.3810,4.9966,-0.0166,0.2590,-0.0245,1788739389.614
9.662,1.3862,4.9965,-0.0171,0.2590,-0.0245,1788739389.634
9.682,1.3914,4.9964,-0.0176,0.2590,-0.0245,1788739389.654
9.702,1.3965,4.9964,-0.0181,0.2590,-0.0245,1788739389.674
9.722,1.4017,4.9963,-0.0185,0.2590,-0.0245,1788739389.694
9.742,1.4072,4.9962,-0.0193,0.2763,-0.0373,1788739389.714
9.763,1.4128,4.9960,-0.0200,0.2763,-0.0373,1788739389.734
9.782,1.4183,4.9959,-0.0208,0.2763,-0.0373,1788739389.754
9.802,1.4238,4.9958,-0.0215,0.2763,-0.0373,1788739389.774
9.822,1.4293,4.9957,-0.0223,0.2763,-0.0373,1788739389.794
9.843,1.4353,4.9956,-0.0225,0.2959,-0.0106,1788739389.814
9.863,1.4412,4.9954,-0.0227,0.2959,-0.0106,1788739389.834
9.883,1.4471,4.9953,-0.0229,0.2959,-0.0106,1788739389.854
9.903,1.4530,4.9951,-0.0231,0.2959,-0.0106,1788739389.874
9.923,1.4589,4.9950,-0.0233,0.2959,-0.0106,1788739389.894
9.943,1.4652,4.9949,-0.0228,0.3159,0.0260,1788739389.914
9.963,1.4716,4.9947,-0.0223,0.3159,0.0260,1788739389.934
9.982,1.4779,4.9946,-0.0218,0.3159,0.0260,1788739389.954
10.002,1.4842,4.9944,-0.0213,0.3159,0.0260,1788739389.974
10.022,1.4905,4.9943,-0.0207,0.3159,0.0260,1788739389.994
10.042,1.4971,4.9942,-0.0205,0.3319,0.0144,1788739390.014
10.062,1.5038,4.9940,-0.0202,0.3319,0.0144,1788739390.034
10.082,1.5104,4.9939,-0.0199,0.3319,0.0144,1788739390.054
10.102,1.5171,4.9938,-0.0196,0.3319,0.0144,1788739390.074
10.122,1.5237,4.9937,-0.0193,0.3319,0.0144,1788739390.094
10.142,1.5306,4.9935,-0.0197,0.3476,-0.0203,1788739390.114
10.162,1.5376,4.9934,-0.0201,0.3476,-0.0203,1788739390.134
10.183,1.5445,4.9932,-0.0205,0.3476,-0.0203,1788739390.154
10.203,1.5515,4.9931,-0.0209,0.3476,-0.0203,1788739390.175
10.223,1.5584,4.9929,-0.0213,0.3476,-0.0203,1788739390.194
10.242,1.5658,4.9928,-0.0221,0.3663,-0.0391,1788739390.214
10.262,1.5731,4.9926,-0.0229,0.3663,-0.0391,1788739390.234
10.283,1.5804,4.9924,-0.0237,0.3663,-0.0391,1788739390.255
10.302,1.5877,4.9923,-0.0245,0.3663,-0.0391,1788739390.274
10.323,1.5951,4.9921,-0.0252,0.3663,-0.0391,1788739390.295
10.342,1.6027,4.9919,-0.0250,0.3839,0.0136,1788739390.314
10.362,1.6104,4.9917,-0.0247,0.3839,0.0136,1788739390.334
10.382,1.6181,4.9915,-0.0244,0.3839,0.0136,1788739390.354
10.402,1.6258,4.9913,-0.0242,0.3839,0.0136,1788739390.374
10.422,1.6334,4.9911,-0.0239,0.3839,0.0136,1788739390.394
10.442,1.6413,4.9910,-0.0238,0.3914,0.0052,1788739390.414
10.462,1.6491,4.9908,-0.0237,0.3914,0.0052,1788739390.434
10.482,1.6569,4.9906,-0.0236,0.3914,0.0052,1788739390.454
10.502,1.6647,4.9904,-0.0235,0.3914,0.0052,1788739390.474
10.522,1.6726,4.9902,-0.0234,0.3914,0.0052,1788739390.494
10.542,1.6803,4.9900,-0.0226,0.3883,0.0393,1788739390.514
10.563,1.6881,4.9899,-0.0218,0.3883,0.0393,1788739390.534
10.583,1.6959,4.9897,-0.0210,0.3883,0.0393,1788739390.554
10.603,1.7036,4.9896,-0.0202,0.3883,0.0393,1788739390.574
10.623,1.7114,4.9894,-0.0194,0.3883,0.0393,1788739390.594
10.643,1.7192,4.9892,-0.0200,0.3920,-0.0255,1788739390.614
10.663,1.7271,4.9891,-0.0205,0.3920,-0.0255,1788739390.634
10.683,1.7349,4.9889,-0.0210,0.3920,-0.0255,1788739390.654
10.703,1.7427,4.9888,-0.0215,0.3920,-0.0255,1788739390.674
10.723,1.7506,4.9886,-0.0220,0.3920,-0.0255,1788739390.695
10.743,1.7584,4.9884,-0.0227,0.3913,-0.0375,1788739390.714
10.762,1.7662,4.9882,-0.0235,0.3913,-0.0375,1788739390.734
10.782,1.7741,4.9880,-0.0242,0.3913,-0.0375,1788739390.754
10.802,1.7819,4.9878,-0.0250,0.3913,-0.0375,1788739390.774
10.822,1.7897,4.9876,-0.0257,0.3913,-0.0375,1788739390.794
10.842,1.7975,4.9874,-0.0265,0.3901,-0.0391,1788739390.814
10.862,1.8053,4.9872,-0.0273,0.3901,-0.0391,1788739390.834
10.882,1.8131,4.9870,-0.0281,0.3901,-0.0391,1788739390.854
10.902,1.8209,4.9868,-0.0289,0.3901,-0.0391,1788739390.874
10.922,1.8287,4.9865,-0.0296,0.3901,-0.0391,1788739390.894
10.943,1.8366,4.9863,-0.0289,0.3941,0.0357,1788739390.914
10.963,1.8445,4.9861,-0.0282,0.3941,0.0357,1788739390.934
10.982,1.8523,4.9859,-0.0275,0.3941,0.0357,1788739390.954
11.003,1.8602,4.9857,-0.0268,0.3941,0.0357,1788739390.975
11.023,1.8681,4.9855,-0.0261,0.3941,0.0357,1788739390.995
11.042,1.8758,4.9853,-0.0254,0.3877,0.0351,1788739391.014
11.063,1.8836,4.9851,-0.0247,0.3877,0.0351,1788739391.035
11.082,1.8913,4.9849,-0.0240,0.3877,0.0351,1788739391.054
11.103,1.8991,4.9847,-0.0233,0.3877,0.0351,1788739391.074
11.123,1.9068,4.9845,-0.0226,0.3877,0.0351,1788739391.095
11.143,1.9146,4.9844,-0.0214,0.3896,0.0565,1788739391.114
11.163,1.9224,4.9842,-0.0203,0.3896,0.0565,1788739391.134
11.183,1.9302,4.9840,-0.0192,0.3896,0.0565,1788739391.154
11.202,1.9380,4.9839,-0.0180,0.3896,0.0565,1788739391.174
11.222,1.9458,4.9838,-0.0169,0.3896,0.0565,1788739391.194
11.242,1.9535,4.9836,-0.0166,0.3865,0.0150,1788739391.214
11.262,1.9613,4.9835,-0.0163,0.3865,0.0150,1788739391.234
11.282,1.9690,4.9834,-0.0160,0.3865,0.0150,1788739391.254
11.302,1.9767,4.9833,-0.0157,0.3865,0.0150,1788739391.274
11.322,1.9844,4.9832,-0.0154,0.3865,0.0150,1788739391.294
11.342,1.9922,4.9830,-0.0157,0.3870,-0.0144,1788739391.314
11.362,1.9999,4.9829,-0.0160,0.3870,-0.0144,1788739391.334
11.382,2.0077,4.9828,-0.0163,0.3870,-0.0144,1788739391.354
11.403,2.0154,4.9827,-0.0166,0.3870,-0.0144,1788739391.374
11.423,2.0231,4.9825,-0.0169,0.3870,-0.0144,1788739391.395
11.443,2.0310,4.9824,-0.0156,0.3923,0.0633,1788739391.414
11.463,2.0388,4.9823,-0.0143,0.3923,0.0633,1788739391.434
11.483,2.0467,4.9822,-0.0131,0.3923,0.0633,1788739391.454
11.503,2.0545,4.9821,-0.0118,0.3923,0.0633,1788739391.475
11.523,2.0624,4.9820,-0.0105,0.3923,0.0633,1788739391.495
11.542,2.0702,4.9819,-0.0085,0.3902,0.1019,1788739391.514
11.563,2.0780,4.9819,-0.0065,0.3902,0.1019,1788739391.534
11.582,2.0858,4.9819,-0.0044,0.3902,0.1019,1788739391.554
11.602,2.0936,4.9818,-0.0024,0.3902,0.1019,1788739391.574
11.622,2.1014,4.9818,-0.0003,0.3902,0.1019,1788739391.594
11.643,2.1091,4.9819,0.0026,0.3881,0.1449,1788739391.614
11.662,2.1169,4.9819,0.0055,0.3881,0.1449,1788739391.634
11.682,2.1247,4.9820,0.0084,0.3881,0.1449,1788739391.654
11.702,2.1324,4.9821,0.0113,0.3881,0.1449,1788739391.674
11.722,2.1402,4.9822,0.0141,0.3881,0.1449,1788739391.694
11.742,2.1479,4.9823,0.0165,0.3859,0.1190,1788739391.714
11.762,2.1556,4.9824,0.0189,0.3859,0.1190,1788739391.734
11.783,2.1633,4.9826,0.0213,0.3859,0.1190,1788739391.755
11.802,2.1711,4.9828,0.0237,0.3859,0.1190,1788739391.774
11.822,2.1788,4.9830,0.0260,0.3859,0.1190,1788739391.794
11.842,2.1866,4.9832,0.0275,0.3915,0.0704,1788739391.814
11.862,2.1944,4.9834,0.0289,0.3915,0.0704,1788739391.834
11.882,2.2022,4.9837,0.0303,0.3915,0.0704,1788739391.854
11.902,2.2101,4.9839,0.0317,0.3915,0.0704,1788739391.874
11.923,2.2179,4.9842,0.0331,0.3915,0.0704,1788739391.894
11.942,2.2257,4.9844,0.0338,0.3909,0.0341,1788739391.914
11.963,2.2335,4.9847,0.0344,0.3909,0.0341,1788739391.934
11.982,2.2413,4.9850,0.0351,0.3909,0.0341,1788739391.954
12.003,2.2492,4.9853,0.0358,0.3909,0.0341,1788739391.975
12.022,2.2570,4.9855,0.0365,0.3909,0.0341,1788739391.994
12.042,2.2647,4.9858,0.0380,0.3848,0.0775,1788739392.014
12.062,2.2723,4.9861,0.0396,0.3848,0.0775,1788739392.034
12.083,2.2800,4.9865,0.0411,0.3848,0.0775,1788739392.055
12.103,2.2877,4.9868,0.0427,0.3848,0.0775,1788739392.074
12.122,2.2954,4.9871,0.0442,0.3848,0.0775,1788739392.094
12.142,2.3032,4.9875,0.0463,0.3885,0.1046,1788739392.114
12.162,2.3109,4.9879,0.0484,0.3885,0.1046,1788739392.134
12.182,2.3187,4.9883,0.0505,0.3885,0.1046,1788739392.154
12.202,2.3265,4.9887,0.0526,0.3885,0.1046,1788739392.174
12.222,2.3342,4.9891,0.0547,0.3885,0.1046,1788739392.194
12.242,2.3420,4.9895,0.0560,0.3898,0.0670,1788739392.214
12.262,2.3498,4.9900,0.0574,0.3898,0.0670,1788739392.234
12.282,2.3576,4.9904,0.0587,0.3898,0.0670,1788739392.254
12.302,2.3653,4.9909,0.0601,0.3898,0.0670,1788739392.274
12.322,2.3731,4.9914,0.0614,0.3898,0.0670,1788739392.294
12.342,2.3809,4.9919,0.0622,0.3913,0.0390,1788739392.314
12.363,2.3888,4.9924,0.0630,0.3913,0.0390,1788739392.334
12.383,2.3966,4.9929,0.0637,0.3913,0.0390,1788739392.355
12.403,2.4044,4.9934,0.0645,0.3913,0.0390,1788739392.374
12.423,2.4122,4.9939,0.0653,0.3913,0.0390,1788739392.395
12.443,2.4199,4.9944,0.0648,0.3883,-0.0274,1788739392.414
12.463,2.4277,4.9949,0.0642,0.3883,-0.0274,1788739392.435
12.483,2.4354,4.9954,0.0637,0.3883,-0.0274,1788739392.454
12.503,2.4432,4.9959,0.0631,0.3883,-0.0274,1788739392.475
12.523,2.4509,4.9963,0.0626,0.3883,-0.0274,1788739392.494
12.542,2.4588,4.9968,0.0609,0.3944,-0.0827,1788739392.514
12.562,2.4667,4.9973,0.0593,0.3944,-0.0827,1788739392.534
12.582,2.4746,4.9977,0.0576,0.3944,-0.0827,1788739392.554
12.602,2.4824,4.9982,0.0560,0.3944,-0.0827,1788739392.574
12.622,2.4903,4.9986,0.0543,0.3944,-0.0827,1788739392.594
12.642,2.4982,4.9990,0.0531,0.3931,-0.0607,1788739392.614
12.662,2.5060,4.9994,0.0519,0.3931,-0.0607,1788739392.634
12.682,2.5139,4.9998,0.0507,0.3931,-0.0607,1788739392.654
12.702,2.5217,5.0002,0.0494,0.3931,-0.0607,1788739392.674
12.723,2.5296,5.0006,0.0482,0.3931,-0.0607,1788739392.694
12.742,2.5374,5.0010,0.0468,0.3927,-0.0695,1788739392.714
12.762,2.5453,5.0013,0.0455,0.3927,-0.0695,1788739392.734
12.783,2.5531,5.0017,0.0441,0.3927,-0.0695,1788739392.755
12.802,2.5610,5.0020,0.0427,0.3927,-0.0695,1788739392.774
12.822,2.5688,5.0023,0.0413,0.3927,-0.0695,1788739392.794
12.842,2.5766,5.0026,0.0407,0.3884,-0.0308,1788739392.814
12.862,2.5843,5.0030,0.0401,0.3884,-0.0308,1788739392.834
12.882,2.5921,5.0033,0.0394,0.3884,-0.0308,1788739392.854
12.902,2.5998,5.0036,0.0388,0.3884,-0.0308,1788739392.874
12.923,2.6076,5.0039,0.0382,0.3884,-0.0308,1788739392.894
12.942,2.6154,5.0042,0.0370,0.3906,-0.0626,1788739392.914
12.962,2.6232,5.0044,0.0357,0.3906,-0.0626,1788739392.934
12.982,2.6310,5.0047,0.0344,0.3906,-0.0626,1788739392.954
13.002,2.6388,5.0050,0.0332,0.3906,-0.0626,1788739392.974
13.023,2.6466,5.0052,0.0319,0.3906,-0.0626,1788739392.994
13.042,2.6545,5.0054,0.0305,0.3931,-0.0723,1788739393.014
13.062,2.6624,5.0057,0.0291,0.3931,-0.0723,1788739393.034
13.082,2.6702,5.0059,0.0276,0.3931,-0.0723,1788739393.054
13.102,2.6781,5.0061,0.0262,0.3931,-0.0723,1788739393.074
13.123,2.6859,5.0063,0.0247,0.3931,-0.0723,1788739393.094
13.142,2.6937,5.0065,0.0241,0.3892,-0.0316,1788739393.114
13.162,2.7015,5.0067,0.0235,0.3892,-0.0316,1788739393.134
13.182,2.7093,5.0068,0.0228,0.3892,-0.0316,1788739393.154
13.202,2.7171,5.0070,0.0222,0.3892,-0.0316,1788739393.174
13.222,2.7249,5.0072,0.0216,0.3892,-0.0316,1788739393.194
13.243,2.7324,5.0073,0.0208,0.3797,-0.0401,1788739393.214
13.263,2.7400,5.0075,0.0200,0.3797,-0.0401,1788739393.234
13.283,2.7476,5.0076,0.0192,0.3797,-0.0401,1788739393.254
13.303,2.7552,5.0078,0.0183,0.3797,-0.0401,1788739393.274
13.323,2.7628,5.0079,0.0175,0.3797,-0.0401,1788739393.294
13.343,2.7705,5.0080,0.0167,0.3863,-0.0398,1788739393.314
13.363,2.7783,5.0082,0.0160,0.3863,-0.0398,1788739393.334
13.383,2.7860,5.0083,0.0152,0.3863,-0.0398,1788739393.354
13.403,2.7937,5.0084,0.0144,0.3863,-0.0398,1788739393.374
13.422,2.8014,5.0085,0.0136,0.3863,-0.0398,1788739393.394
13.443,2.8091,5.0086,0.0131,0.3853,-0.0252,1788739393.414
13.463,2.8168,5.0087,0.0126,0.3853,-0.0252,1788739393.435
13.483,2.8245,5.0088,0.0121,0.3853,-0.0252,1788739393.454
13.502,2.8323,5.0089,0.0115,0.3853,-0.0252,1788739393.474
13.523,2.8400,5.0090,0.0110,0.3853,-0.0252,1788739393.494
13.542,2.8477,5.0090,0.0107,0.3868,-0.0163,1788739393.514
13.563,2.8554,5.0091,0.0104,0.3868,-0.0163,1788739393.534
13.583,2.8632,5.0092,0.0101,0.3868,-0.0163,1788739393.554
13.603,2.8709,5.0093,0.0097,0.3868,-0.0163,1788739393.574
13.623,2.8786,5.0093,0.0094,0.3868,-0.0163,1788739393.594
13.643,2.8864,5.0094,0.0101,0.3875,0.0324,1788739393.614
13.663,2.8941,5.0095,0.0107,0.3875,0.0324,1788739393.635
13.682,2.9019,5.0096,0.0114,0.3875,0.0324,1788739393.654
13.702,2.9096,5.0097,0.0120,0.3875,0.0324,1788739393.674
13.722,2.9174,5.0098,0.0127,0.3875,0.0324,1788739393.694
13.742,2.9252,5.0099,0.0130,0.3891,0.0171,1788739393.714
13.762,2.9329,5.0100,0.0133,0.3891,0.0171,1788739393.734
13.782,2.9407,5.0101,0.0137,0.3891,0.0171,1788739393.754
13.802,2.9485,5.0102,0.0140,0.3891,0.0171,1788739393.774
13.822,2.9563,5.0103,0.0144,0.3891,0.0171,1788739393.794
13.842,2.9641,5.0104,0.0148,0.3885,0.0237,1788739393.814
13.863,2.9718,5.0106,0.0153,0.3885,0.0237,1788739393.835
13.883,2.9796,5.0107,0.0158,0.3885,0.0237,1788739393.855
13.902,2.9874,5.0108,0.0163,0.3885,0.0237,1788739393.874
13.922,2.9951,5.0109,0.0167,0.3885,0.0237,1788739393.894
13.943,3.0029,5.0111,0.0169,0.3905,0.0075,1788739393.914
13.962,3.0108,5.0112,0.0170,0.3905,0.0075,1788739393.934
13.982,3.0186,5.0113,0.0172,0.3905,0.0075,1788739393.954
14.002,3.0264,5.0115,0.0173,0.3905,0.0075,1788739393.974
14.022,3.0342,5.0116,0.0175,0.3905,0.0075,1788739393.994
14.042,3.0420,5.0117,0.0173,0.3903,-0.0072,1788739394.014
14.063,3.0498,5.0119,0.0172,0.3903,-0.0072,1788739394.035
14.082,3.0576,5.0120,0.0171,0.3903,-0.0072,1788739394.054
14.103,3.0654,5.0121,0.0169,0.3903,-0.0072,1788739394.074
14.123,3.0732,5.0123,0.0168,0.3903,-0.0072,1788739394.094
14.142,3.0810,5.0124,0.0153,0.3923,-0.0711,1788739394.114
14.163,3.0889,5.0125,0.0139,0.3923,-0.0711,1788739394.135
14.182,3.0967,5.0126,0.0125,0.3923,-0.0711,1788739394.154
14.202,3.1046,5.0127,0.0111,0.3923,-0.0711,1788739394.174
14.222,3.1124,5.0128,0.0096,0.3923,-0.0711,1788739394.194
14.242,3.1201,5.0128,0.0085,0.3843,-0.0582,1788739394.214
14.262,3.1278,5.0129,0.0073,0.3843,-0.0582,1788739394.234
14.282,3.1355,5.0129,0.0062,0.3843,-0.0582,1788739394.254
14.302,3.1432,5.0130,0.0050,0.3843,-0.0582,1788739394.274
14.322,3.1509,5.0130,0.0038,0.3843,-0.0582,1788739394.294
14.342,3.1586,5.0130,0.0016,0.3890,-0.1121,1788739394.314
14.363,3.1664,5.0130,-0.0007,0.3890,-0.1121,1788739394.334
14.383,3.1742,5.0130,-0.0029,0.3890,-0.1121,1788739394.354
14.402,3.1820,5.0129,-0.0051,0.3890,-0.1121,1788739394.374
14.423,3.1898,5.0129,-0.0074,0.3890,-0.1121,1788739394.394
14.442,3.1976,5.0128,-0.0105,0.3944,-0.1574,1788739394.414
14.462,3.2055,5.0127,-0.0137,0.3944,-0.1574,1788739394.434
14.483,3.2134,5.0126,-0.0168,0.3944,-0.1574,1788739394.454
14.502,3.2213,5.0124,-0.0200,0.3944,-0.1574,1788739394.474
14.522,3.2292,5.0122,-0.0231,0.3944,-0.1574,1788739394.494
14.542,3.2369,5.0120,-0.0260,0.3874,-0.1415,1788739394.514
14.562,3.2447,5.0118,-0.0288,0.3874,-0.1415,1788739394.534
14.583,3.2524,5.0115,-0.0316,0.3874,-0.1415,1788739394.554
14.602,3.2602,5.0113,-0.0344,0.3874,-0.1415,1788739394.574
14.623,3.2679,5.0110,-0.0373,0.3874,-0.1415,1788739394.594
14.642,3.2757,5.0107,-0.0391,0.3919,-0.0892,1788739394.614
14.662,3.2836,5.0104,-0.0408,0.3919,-0.0892,1788739394.634
14.682,3.2914,5.0100,-0.0426,0.3919,-0.0892,1788739394.654
14.702,3.2992,5.0097,-0.0444,0.3919,-0.0892,1788739394.674
14.722,3.3071,5.0093,-0.0462,0.3919,-0.0892,1788739394.694
14.742,3.3149,5.0089,-0.0484,0.3907,-0.1123,1788739394.714
14.762,3.3227,5.0085,-0.0507,0.3907,-0.1123,1788739394.734
14.783,3.3305,5.0081,-0.0529,0.3907,-0.1123,1788739394.754
14.803,3.3383,5.0077,-0.0552,0.3907,-0.1123,1788739394.775
14.823,3.3461,5.0073,-0.0574,0.3907,-0.1123,1788739394.794
14.842,3.3539,5.0068,-0.0595,0.3940,-0.1061,1788739394.814
14.862,3.3618,5.0063,-0.0617,0.3940,-0.1061,1788739394.834
14.882,3.3697,5.0058,-0.0638,0.3940,-0.1061,1788739394.854
14.903,3.3775,5.0053,-0.0659,0.3940,-0.1061,1788739394.875
14.922,3.3854,5.0047,-0.0680,0.3940,-0.1061,1788739394.894
14.942,3.3932,5.0042,-0.0693,0.3924,-0.0607,1788739394.914
14.962,3.4011,5.0036,-0.0705,0.3924,-0.0607,1788739394.934
14.982,3.4089,5.0031,-0.0717,0.3924,-0.0607,1788739394.954
15.002,3.4167,5.0025,-0.0729,0.3924,-0.0607,1788739394.974
15.022,3.4245,5.0019,-0.0741,0.3924,-0.0607,1788739394.994
15.042,3.4323,5.0014,-0.0748,0.3867,-0.0353,1788739395.014
15.063,3.4400,5.0008,-0.0755,0.3867,-0.0353,1788739395.034
15.083,3.4477,5.0002,-0.0762,0.3867,-0.0353,1788739395.054
15.103,3.4554,4.9996,-0.0769,0.3867,-0.0353,1788739395.075
15.123,3.4631,4.9990,-0.0776,0.3867,-0.0353,1788739395.094
15.142,3.4708,4.9984,-0.0766,0.3887,0.0539,1788739395.114
15.162,3.4786,4.9978,-0.0755,0.3887,0.0539,1788739395.134
15.182,3.4864,4.9972,-0.0744,0.3887,0.0539,1788739395.154
15.202,3.4941,4.9967,-0.0733,0.3887,0.0539,1788739395.174
15.222,3.5019,4.9961,-0.0723,0.3887,0.0539,1788739395.194
15.242,3.5097,4.9956,-0.0700,0.3909,0.1121,1788739395.214
15.262,3.5175,4.9950,-0.0678,0.3909,0.1121,1788739395.234
15.282,3.5253,4.9945,-0.0655,0.3909,0.1121,1788739395.254
15.303,3.5331,4.9940,-0.0633,0.3909,0.1121,1788739395.274
15.322,3.5409,4.9935,-0.0611,0.3909,0.1121,1788739395.294
15.342,3.5487,4.9931,-0.0590,0.3909,0.1030,1788739395.314
15.363,3.5565,4.9926,-0.0569,0.3909,0.1030,1788739395.335
15.383,3.5643,4.9922,-0.0549,0.3909,0.1030,1788739395.354
15.403,3.5721,4.9918,-0.0528,0.3909,0.1030,1788739395.374
15.423,3.5799,4.9914,-0.0507,0.3909,0.1030,1788739395.395
15.442,3.5876,4.9910,-0.0494,0.3864,0.0679,1788739395.414
15.463,3.5953,4.9906,-0.0480,0.3864,0.0679,1788739395.435
15.483,3.6031,4.9903,-0.0467,0.3864,0.0679,1788739395.454
15.502,3.6108,4.9899,-0.0453,0.3864,0.0679,1788739395.474
15.522,3.6185,4.9896,-0.0440,0.3864,0.0679,1788739395.494
15.542,3.6263,4.9893,-0.0426,0.3929,0.0703,1788739395.514
15.562,3.6342,4.9889,-0.0411,0.3929,0.0703,1788739395.534
15.582,3.6420,4.9886,-0.0397,0.3929,0.0703,1788739395.554
15.603,3.6499,4.9883,-0.0383,0.3929,0.0703,1788739395.574
15.622,3.6578,4.9880,-0.0369,0.3929,0.0703,1788739395.594
15.642,3.6656,4.9878,-0.0351,0.3915,0.0931,1788739395.614
15.662,3.6734,4.9875,-0.0332,0.3915,0.0931,1788739395.634
15.682,3.6812,4.9873,-0.0313,0.3915,0.0931,1788739395.654
15.702,3.6891,4.9870,-0.0295,0.3915,0.0931,1788739395.674
15.722,3.6969,4.9868,-0.0276,0.3915,0.0931,1788739395.694
15.743,3.7047,4.9866,-0.0254,0.3915,0.1125,1788739395.714
15.763,3.7125,4.9864,-0.0231,0.3915,0.1125,1788739395.734
15.783,3.7204,4.9863,-0.0209,0.3915,0.1125,1788739395.755
15.803,3.7282,4.9861,-0.0186,0.3915,0.1125,1788739395.774
15.822,3.7360,4.9860,-0.0164,0.3915,0.1125,1788739395.794
15.842,3.7438,4.9859,-0.0143,0.3874,0.1014,1788739395.814
15.863,3.7515,4.9858,-0.0123,0.3874,0.1014,1788739395.834
15.883,3.7593,4.9857,-0.0103,0.3874,0.1014,1788739395.854
15.902,3.7670,4.9856,-0.0083,0.3874,0.1014,1788739395.874
15.922,3.7748,4.9856,-0.0062,0.3874,0.1014,1788739395.894
15.942,3.7825,4.9856,-0.0051,0.3861,0.0590,1788739395.914
15.962,3.7902,4.9855,-0.0039,0.3861,0.0590,1788739395.934
15.983,3.7979,4.9855,-0.0027,0.3861,0.0590,1788739395.954
16.003,3.8057,4.9855,-0.0015,0.3861,0.0590,1788739395.974
16.023,3.8134,4.9855,-0.0003,0.3861,0.0590,1788739395.995
16.042,3.8211,4.9855,0.0004,0.3884,0.0356,1788739396.014
16.062,3.8289,4.9855,0.0011,0.3884,0.0356,1788739396.034
16.082,3.8367,4.9855,0.0018,0.3884,0.0356,1788739396.054
16.102,3.8444,4.9855,0.0025,0.3884,0.0356,1788739396.074
16.122,3.8522,4.9856,0.0032,0.3884,0.0356,1788739396.094
16.142,3.8601,4.9856,0.0036,0.3925,0.0183,1788739396.114
16.162,3.8679,4.9856,0.0040,0.3925,0.0183,1788739396.134
16.182,3.8758,4.9856,0.0043,0.3925,0.0183,1788739396.154
16.202,3.8836,4.9857,0.0047,0.3925,0.0183,1788739396.174
16.222,3.8915,4.9857,0.0051,0.3925,0.0183,1788739396.194
16.242,3.8991,4.9858,0.0057,0.3824,0.0340,1788739396.214
16.262,3.9068,4.9858,0.0064,0.3824,0.0340,1788739396.234
16.282,3.9144,4.9859,0.0071,0.3824,0.0340,1788739396.254
16.302,3.9221,4.9859,0.0078,0.3824,0.0340,1788739396.274
16.322,3.9297,4.9860,0.0085,0.3824,0.0340,1788739396.294
16.342,3.9376,4.9861,0.0096,0.3936,0.0553,1788739396.314
16.363,3.9455,4.9862,0.0107,0.3936,0.0553,1788739396.334
16.383,3.9533,4.9862,0.0118,0.3936,0.0553,1788739396.355
16.403,3.9612,4.9864,0.0129,0.3936,0.0553,1788739396.374
16.422,3.9691,4.9865,0.0140,0.3936,0.0553,1788739396.394
16.442,3.9769,4.9866,0.0162,0.3917,0.1107,1788739396.414
16.463,3.9847,4.9867,0.0184,0.3917,0.1107,1788739396.434
16.483,3.9926,4.9869,0.0206,0.3917,0.1107,1788739396.454
16.502,4.0004,4.9871,0.0228,0.3917,0.1107,1788739396.474
16.523,4.0082,4.9873,0.0251,0.3917,0.1107,1788739396.494
16.542,4.0160,4.9875,0.0271,0.3899,0.1041,1788739396.514
16.562,4.0238,4.9877,0.0292,0.3899,0.1041,1788739396.534
16.582,4.0316,4.9880,0.0313,0.3899,0.1041,1788739396.554
16.602,4.0394,4.9882,0.0334,0.3899,0.1041,1788739396.574
16.622,4.0472,4.9885,0.0355,0.3899,0.1041,1788739396.594
16.642,4.0550,4.9888,0.0376,0.3905,0.1071,1788739396.614
16.662,4.0628,4.9891,0.0397,0.3905,0.1071,1788739396.634
16.683,4.0706,4.9894,0.0419,0.3905,0.1071,1788739396.654
16.703,4.0784,4.9898,0.0440,0.3905,0.1071,1788739396.674
16.723,4.0862,4.9901,0.0462,0.3905,0.1071,1788739396.694
16.742,4.0938,4.9905,0.0476,0.3815,0.0706,1788739396.714
16.763,4.1015,4.9909,0.0490,0.3815,0.0706,1788739396.734
16.783,4.1091,4.9912,0.0504,0.3815,0.0706,1788739396.754
16.803,4.1167,4.9916,0.0518,0.3815,0.0706,1788739396.774
16.823,4.1243,4.9920,0.0532,0.3815,0.0706,1788739396.794
16.842,4.1320,4.9925,0.0543,0.3863,0.0535,1788739396.814
16.863,4.1398,4.9929,0.0554,0.3863,0.0535,1788739396.834
16.883,4.1475,4.9933,0.0564,0.3863,0.0535,1788739396.854
16.902,4.1552,4.9938,0.0575,0.3863,0.0535,1788739396.874
16.922,4.1629,4.9942,0.0586,0.3863,0.0535,1788739396.894
16.943,4.1706,4.9947,0.0589,0.3875,0.0153,1788739396.914
16.962,4.1784,4.9951,0.0592,0.3875,0.0153,1788739396.934
16.983,4.1861,4.9956,0.0595,0.3875,0.0153,1788739396.954
17.003,4.1938,4.9961,0.0598,0.3875,0.0153,1788739396.974
17.022,4.2016,4.9965,0.0601,0.3875,0.0153,1788739396.994
17.042,4.2093,4.9970,0.0594,0.3895,-0.0372,1788739397.014
17.062,4.2171,4.9974,0.0586,0.3895,-0.0372,1788739397.034
17.082,4.2249,4.9979,0.0579,0.3895,-0.0372,1788739397.054
17.103,4.2327,4.9983,0.0571,0.3895,-0.0372,1788739397.074
17.123,4.2404,4.9988,0.0564,0.3895,-0.0372,1788739397.095
17.142,4.2482,4.9992,0.0554,0.3860,-0.0505,1788739397.114
17.163,4.2559,4.9996,0.0544,0.3860,-0.0505,1788739397.134
17.183,4.2636,5.0000,0.0534,0.3860,-0.0505,1788739397.154
17.203,4.2713,5.0004,0.0524,0.3860,-0.0505,1788739397.174
17.222,4.2790,5.0008,0.0513,0.3860,-0.0505,1788739397.194
17.242,4.2868,5.0012,0.0493,0.3887,-0.1036,1788739397.214
17.262,4.2945,5.0016,0.0472,0.3887,-0.1036,1788739397.234
17.282,4.3023,5.0019,0.0451,0.3887,-0.1036,1788739397.254
17.303,4.3101,5.0023,0.0431,0.3887,-0.1036,1788739397.274
17.323,4.3178,5.0026,0.0410,0.3887,-0.1036,1788739397.294
17.342,4.3256,5.0029,0.0383,0.3894,-0.1340,1788739397.314
17.363,4.3334,5.0032,0.0356,0.3894,-0.1340,1788739397.334
17.383,4.3412,5.0034,0.0329,0.3894,-0.1340,1788739397.355
17.402,4.3490,5.0037,0.0303,0.3894,-0.1340,1788739397.374
17.422,4.3567,5.0039,0.0276,0.3894,-0.1340,1788739397.394
17.442,4.3644,5.0041,0.0246,0.3840,-0.1500,1788739397.414
17.462,4.3721,5.0042,0.0216,0.3840,-0.1500,1788739397.434
17.482,4.3798,5.0044,0.0186,0.3840,-0.1500,1788739397.454
17.502,4.3875,5.0045,0.0156,0.3840,-0.1500,1788739397.474
17.523,4.3951,5.0046,0.0126,0.3840,-0.1500,1788739397.494
17.542,4.4029,5.0047,0.0091,0.3869,-0.1760,1788739397.514
17.562,4.4106,5.0047,0.0055,0.3869,-0.1760,1788739397.534
17.582,4.4184,5.0047,0.0020,0.3869,-0.1760,1788739397.554
17.603,4.4261,5.0047,-0.0015,0.3869,-0.1760,1788739397.574
17.623,4.4338,5.0047,-0.0050,0.3869,-0.1760,1788739397.595
17.642,4.4416,5.0046,-0.0078,0.3906,-0.1390,1788739397.614
17.662,4.4495,5.0045,-0.0106,0.3906,-0.1390,1788739397.634
17.682,4.4573,5.0044,-0.0134,0.3906,-0.1390,1788739397.654
17.702,4.4651,5.0043,-0.0161,0.3906,-0.1390,1788739397.674
17.722,4.4729,5.0041,-0.0189,0.3906,-0.1390,1788739397.694
17.742,4.4807,5.0040,-0.0205,0.3905,-0.0773,1788739397.714
17.762,4.4885,5.0038,-0.0220,0.3905,-0.0773,1788739397.734
17.782,4.4963,5.0036,-0.0236,0.3905,-0.0773,1788739397.754
17.802,4.5041,5.0034,-0.0251,0.3905,-0.0773,1788739397.774
17.822,4.5119,5.0032,-0.0267,0.3905,-0.0773,1788739397.794
17.842,4.5198,5.0030,-0.0274,0.3943,-0.0358,1788739397.814
17.862,4.5277,5.0028,-0.0281,0.3943,-0.0358,1788739397.834
17.882,4.5356,5.0026,-0.0288,0.3943,-0.0358,1788739397.854
17.902,4.5435,5.0023,-0.0295,0.3943,-0.0358,1788739397.874
17.922,4.5513,5.0021,-0.0302,0.3943,-0.0358,1788739397.894
17.942,4.5592,5.0018,-0.0309,0.3919,-0.0311,1788739397.914
17.962,4.5670,5.0016,-0.0315,0.3919,-0.0311,1788739397.934
17.982,4.5748,5.0014,-0.0321,0.3919,-0.0311,1788739397.954
18.002,4.5827,5.0011,-0.0327,0.3919,-0.0311,1788739397.974
18.022,4.5905,5.0008,-0.0334,0.3919,-0.0311,1788739397.994
18.042,4.5983,5.0006,-0.0336,0.3922,-0.0114,1788739398.014
18.062,4.6062,5.0003,-0.0338,0.3922,-0.0114,1788739398.034
18.083,4.6140,5.0000,-0.0340,0.3922,-0.0114,1788739398.054
18.103,4.6219,4.9998,-0.0343,0.3922,-0.0114,1788739398.075
18.123,4.6297,4.9995,-0.0345,0.3922,-0.0114,1788739398.094
18.142,4.6374,4.9992,-0.0340,0.3859,0.0239,1788739398.114
18.163,4.6451,4.9990,-0.0335,0.3859,0.0239,1788739398.135
18.183,4.6528,4.9987,-0.0331,0.3859,0.0239,1788739398.154
18.202,4.6606,4.9985,-0.0326,0.3859,0.0239,1788739398.174
18.222,4.6683,4.9982,-0.0321,0.3859,0.0239,1788739398.194
18.242,4.6759,4.9980,-0.0318,0.3838,0.0143,1788739398.214
18.262,4.6836,4.9977,-0.0315,0.3838,0.0143,1788739398.234
18.283,4.6913,4.9975,-0.0313,0.3838,0.0143,1788739398.254
18.302,4.6990,4.9973,-0.0310,0.3838,0.0143,1788739398.274
18.322,4.7066,4.9970,-0.0307,0.3838,0.0143,1788739398.294
18.342,4.7144,4.9968,-0.0296,0.3901,0.0550,1788739398.314
18.363,4.7222,4.9966,-0.0285,0.3901,0.0550,1788739398.335
18.383,4.7300,4.9964,-0.0274,0.3901,0.0550,1788739398.354
18.402,4.7378,4.9962,-0.0263,0.3901,0.0550,1788739398.374
18.422,4.7456,4.9960,-0.0252,0.3901,0.0550,1788739398.394
18.442,4.7533,4.9958,-0.0241,0.3860,0.0528,1788739398.414
18.462,4.7611,4.9956,-0.0231,0.3860,0.0528,1788739398.434
18.482,4.7688,4.9954,-0.0220,0.3860,0.0528,1788739398.454
18.502,4.7765,4.9953,-0.0210,0.3860,0.0528,1788739398.474
18.522,4.7842,4.9951,-0.0199,0.3860,0.0528,1788739398.494
18.542,4.7921,4.9949,-0.0200,0.3947,-0.0031,1788739398.514
18.562,4.8000,4.9948,-0.0200,0.3947,-0.0031,1788739398.534
18.583,4.8079,4.9946,-0.0201,0.3947,-0.0031,1788739398.555
18.602,4.8158,4.9945,-0.0201,0.3947,-0.0031,1788739398.574
18.622,4.8237,4.9943,-0.0202,0.3947,-0.0031,1788739398.594
18.642,4.8314,4.9941,-0.0220,0.3866,-0.0870,1788739398.614
18.662,4.8391,4.9940,-0.0237,0.3866,-0.0870,1788739398.634
18.682,4.8469,4.9938,-0.0254,0.3866,-0.0870,1788739398.654
18.702,4.8546,4.9936,-0.0272,0.3866,-0.0870,1788739398.674
18.722,4.8623,4.9933,-0.0289,0.3866,-0.0870,1788739398.694
18.742,4.8700,4.9931,-0.0336,0.3819,-0.2349,1788739398.714
18.762,4.8776,4.9928,-0.0383,0.3819,-0.2349,1788739398.734
18.782,4.8852,4.9925,-0.0430,0.3819,-0.2349,1788739398.754
18.803,4.8929,4.9921,-0.0477,0.3819,-0.2349,1788739398.774
18.823,4.9005,4.9917,-0.0524,0.3819,-0.2349,1788739398.794
18.842,4.9078,4.9913,-0.0586,0.3645,-0.3079,1788739398.814
18.862,4.9150,4.9908,-0.0647,0.3645,-0.3079,1788739398.834
18.883,4.9223,4.9903,-0.0709,0.3645,-0.3079,1788739398.855
18.903,4.9296,4.9897,-0.0770,0.3645,-0.3079,1788739398.874
18.923,4.9368,4.9891,-0.0832,0.3645,-0.3079,1788739398.895
18.942,4.9441,4.9884,-0.0953,0.3634,-0.6079,1788739398.914
18.962,4.9513,4.9876,-0.1075,0.3634,-0.6079,1788739398.934
18.983,4.9585,4.9868,-0.1197,0.3634,-0.6079,1788739398.954
19.003,4.9657,4.9858,-0.1318,0.3634,-0.6079,1788739398.975
19.023,4.9729,4.9848,-0.1440,0.3634,-0.6079,1788739398.994
19.042,4.9798,4.9836,-0.1621,0.3506,-0.9044,1788739399.014
19.062,4.9867,4.9824,-0.1802,0.3506,-0.9044,1788739399.034
19.082,4.9936,4.9810,-0.1982,0.3506,-0.9044,1788739399.054
19.102,5.0005,4.9795,-0.2163,0.3506,-0.9044,1788739399.074
19.122,5.0073,4.9779,-0.2344,0.3506,-0.9044,1788739399.094
19.142,5.0121,4.9766,-0.2544,0.2506,-1.0000,1788739399.114
19.162,5.0170,4.9752,-0.2744,0.2506,-1.0000,1788739399.134
19.182,5.0218,4.9738,-0.2944,0.2506,-1.0000,1788739399.154
19.202,5.0265,4.9722,-0.3144,0.2506,-1.0000,1788739399.174
19.222,5.0313,4.9706,-0.3344,0.2506,-1.0000,1788739399.194
19.242,5.0341,4.9695,-0.3544,0.1532,-0.9993,1788739399.214
19.262,5.0370,4.9684,-0.3744,0.1532,-0.9993,1788739399.234
19.282,5.0398,4.9672,-0.3944,0.1532,-0.9993,1788739399.254
19.303,5.0426,4.9660,-0.4144,0.1532,-0.9993,1788739399.274
19.323,5.0454,4.9647,-0.4343,0.1532,-0.9993,1788739399.294
19.342,5.0463,4.9642,-0.4543,0.0532,-1.0000,1788739399.314
19.362,5.0473,4.9638,-0.4743,0.0532,-1.0000,1788739399.334
19.383,5.0482,4.9633,-0.4943,0.0532,-1.0000,1788739399.354
19.403,5.0492,4.9627,-0.5143,0.0532,-1.0000,1788739399.374
19.423,5.0501,4.9622,-0.5343,0.0532,-1.0000,1788739399.394
19.443,5.0503,4.9621,-0.5543,0.0113,-0.9991,1788739399.414
19.463,5.0505,4.9619,-0.5743,0.0113,-0.9991,1788739399.434
19.483,5.0506,4.9618,-0.5943,0.0113,-0.9991,1788739399.454
19.503,5.0508,4.9617,-0.6143,0.0113,-0.9991,1788739399.474
19.523,5.0510,4.9616,-0.6343,0.0113,-0.9991,1788739399.495
19.543,5.0515,4.9612,-0.6543,0.0294,-1.0000,1788739399.514
19.562,5.0519,4.9608,-0.6743,0.0294,-1.0000,1788739399.534
19.583,5.0524,4.9605,-0.6943,0.0294,-1.0000,1788739399.554
19.602,5.0528,4.9601,-0.7143,0.0294,-1.0000,1788739399.574
19.623,5.0533,4.9597,-0.7343,0.0294,-1.0000,1788739399.594
19.642,5.0539,4.9591,-0.7543,0.0427,-0.9999,1788739399.614
19.662,5.0545,4.9585,-0.7743,0.0427,-0.9999,1788739399.634
19.683,5.0551,4.9579,-0.7942,0.0427,-0.9999,1788739399.655
19.703,5.0557,4.9573,-0.8142,0.0427,-0.9999,1788739399.675
19.722,5.0563,4.9566,-0.8342,0.0427,-0.9999,1788739399.694
19.742,5.0569,4.9559,-0.8542,0.0454,-1.0000,1788739399.714
19.762,5.0574,4.9552,-0.8742,0.0454,-1.0000,1788739399.734
19.782,5.0580,4.9545,-0.8942,0.0454,-1.0000,1788739399.754
19.802,5.0586,4.9538,-0.9142,0.0454,-1.0000,1788739399.774
19.822,5.0591,4.9531,-0.9342,0.0454,-1.0000,1788739399.794
19.843,5.0599,4.9519,-0.9531,0.0703,-0.9449,1788739399.814
19.863,5.0607,4.9508,-0.9720,0.0703,-0.9449,1788739399.834
19.883,5.0615,4.9496,-0.9909,0.0703,-0.9449,1788739399.855
19.903,5.0622,4.9484,-1.0098,0.0703,-0.9449,1788739399.874
19.923,5.0630,4.9472,-1.0287,0.0703,-0.9449,1788739399.895
19.942,5.0639,4.9456,-1.0487,0.0924,-1.0000,1788739399.914
19.962,5.0648,4.9440,-1.0687,0.0924,-1.0000,1788739399.934
19.983,5.0656,4.9423,-1.0887,0.0924,-1.0000,1788739399.954
20.003,5.0664,4.9407,-1.1087,0.0924,-1.0000,1788739399.974
20.022,5.0672,4.9390,-1.1287,0.0924,-1.0000,1788739399.994
20.042,5.0682,4.9369,-1.1487,0.1169,-0.9994,1788739400.014
20.062,5.0691,4.9347,-1.1687,0.1169,-0.9994,1788739400.034
20.082,5.0700,4.9326,-1.1887,0.1169,-0.9994,1788739400.054
20.102,5.0708,4.9304,-1.2087,0.1169,-0.9994,1788739400.074
20.122,5.0716,4.9282,-1.2287,0.1169,-0.9994,1788739400.094
20.142,5.0725,4.9256,-1.2487,0.1370,-1.0000,1788739400.114
20.162,5.0733,4.9230,-1.2687,0.1370,-1.0000,1788739400.134
20.183,5.0740,4.9203,-1.2887,0.1370,-1.0000,1788739400.154
20.203,5.0748,4.9177,-1.3087,0.1370,-1.0000,1788739400.174
20.223,5.0754,4.9150,-1.3287,0.1370,-1.0000,1788739400.195
20.242,5.0761,4.9119,-1.3487,0.1616,-1.0000,1788739400.214
20.263,5.0768,4.9087,-1.3687,0.1616,-1.0000,1788739400.235
20.283,5.0774,4.9055,-1.3887,0.1616,-1.0000,1788739400.254
20.302,5.0779,4.9023,-1.4087,0.1616,-1.0000,1788739400.274
20.322,5.0783,4.8991,-1.4287,0.1616,-1.0000,1788739400.294
20.342,5.0788,4.8956,-1.4487,0.1766,-1.0000,1788739400.314
20.363,5.0791,4.8921,-1.4687,0.1766,-1.0000,1788739400.335
20.382,5.0794,4.8886,-1.4887,0.1766,-1.0000,1788739400.354
20.402,5.0796,4.8851,-1.5087,0.1766,-1.0000,1788739400.374
20.422,5.0798,4.8815,-1.5287,0.1766,-1.0000,1788739400.394
20.442,5.0799,4.8775,-1.5464,0.2012,-0.8871,1788739400.414
20.462,5.0799,4.8735,-1.5642,0.2012,-0.8871,1788739400.434
20.482,5.0799,4.8695,-1.5819,0.2012,-0.8871,1788739400.454
20.502,5.0797,4.8654,-1.5997,0.2012,-0.8871,1788739400.474
20.522,5.0796,4.8614,-1.6174,0.2012,-0.8871,1788739400.494
20.542,5.0793,4.8570,-1.6332,0.2238,-0.7916,1788739400.514
20.563,5.0789,4.8525,-1.6491,0.2238,-0.7916,1788739400.534
20.583,5.0785,4.8480,-1.6649,0.2238,-0.7916,1788739400.554
20.603,5.0780,4.8436,-1.6807,0.2238,-0.7916,1788739400.574
20.623,5.0775,4.8391,-1.6966,0.2238,-0.7916,1788739400.594
20.642,5.0768,4.8342,-1.7065,0.2483,-0.4968,1788739400.614
20.663,5.0761,4.8293,-1.7164,0.2483,-0.4968,1788739400.634
20.683,5.0753,4.8244,-1.7264,0.2483,-0.4968,1788739400.654
20.702,5.0745,4.8195,-1.7363,0.2483,-0.4968,1788739400.674
20.722,5.0736,4.8146,-1.7462,0.2483,-0.4968,1788739400.694
20.742,5.0726,4.8092,-1.7524,0.2731,-0.3096,1788739400.714
20.762,5.0716,4.8039,-1.7586,0.2731,-0.3096,1788739400.734
20.782,5.0705,4.7985,-1.7648,0.2731,-0.3096,1788739400.754
20.803,5.0695,4.7932,-1.7710,0.2731,-0.3096,1788739400.774
20.822,5.0683,4.7878,-1.7772,0.2731,-0.3096,1788739400.794
20.843,5.0671,4.7820,-1.7778,0.2956,-0.0307,1788739400.814
20.863,5.0659,4.7763,-1.7784,0.2956,-0.0307,1788739400.834
20.883,5.0647,4.7705,-1.7790,0.2956,-0.0307,1788739400.855
20.903,5.0635,4.7647,-1.7796,0.2956,-0.0307,1788739400.874
20.923,5.0622,4.7589,-1.7803,0.2956,-0.0307,1788739400.895
20.942,5.0609,4.7527,-1.7806,0.3197,-0.0185,1788739400.914
20.962,5.0596,4.7464,-1.7810,0.3197,-0.0185,1788739400.934
20.983,5.0582,4.7401,-1.7814,0.3197,-0.0185,1788739400.955
21.003,5.0569,4.7339,-1.7817,0.3197,-0.0185,1788739400.974
21.023,5.0556,4.7276,-1.7821,0.3197,-0.0185,1788739400.994
21.042,5.0541,4.7209,-1.7774,0.3445,0.2365,1788739401.014
21.062,5.0528,4.7141,-1.7727,0.3445,0.2365,1788739401.034
21.082,5.0514,4.7074,-1.7679,0.3445,0.2365,1788739401.054
21.102,5.0501,4.7006,-1.7632,0.3445,0.2365,1788739401.074
21.122,5.0488,4.6939,-1.7585,0.3445,0.2365,1788739401.094
21.143,5.0475,4.6866,-1.7542,0.3687,0.2115,1788739401.114
21.163,5.0461,4.6794,-1.7500,0.3687,0.2115,1788739401.134
21.183,5.0449,4.6721,-1.7458,0.3687,0.2115,1788739401.154
21.203,5.0436,4.6648,-1.7415,0.3687,0.2115,1788739401.175
21.223,5.0424,4.6576,-1.7373,0.3687,0.2115,1788739401.195
21.242,5.0411,4.6498,-1.7296,0.3932,0.3875,1788739401.214
21.263,5.0400,4.6420,-1.7218,0.3932,0.3875,1788739401.235
21.283,5.0388,4.6342,-1.7141,0.3932,0.3875,1788739401.255
21.303,5.0378,4.6264,-1.7063,0.3932,0.3875,1788739401.274
21.322,5.0368,4.6186,-1.6986,0.3932,0.3875,1788739401.294
21.342,5.0358,4.6107,-1.6929,0.3981,0.2805,1788739401.314
21.362,5.0349,4.6028,-1.6873,0.3981,0.2805,1788739401.334
21.382,5.0340,4.5949,-1.6817,0.3981,0.2805,1788739401.354
21.402,5.0332,4.5870,-1.6761,0.3981,0.2805,1788739401.374
21.422,5.0324,4.5791,-1.6705,0.3981,0.2805,1788739401.394
21.442,5.0316,4.5711,-1.6643,0.3980,0.3098,1788739401.414
21.463,5.0309,4.5632,-1.6581,0.3980,0.3098,1788739401.435
21.482,5.0303,4.5553,-1.6519,0.3980,0.3098,1788739401.454
21.502,5.0297,4.5473,-1.6457,0.3980,0.3098,1788739401.474
21.522,5.0291,4.5394,-1.6395,0.3980,0.3098,1788739401.494
21.542,5.0286,4.5316,-1.6351,0.3905,0.2227,1788739401.514
21.563,5.0282,4.5238,-1.6306,0.3905,0.2227,1788739401.534
21.583,5.0277,4.5160,-1.6262,0.3905,0.2227,1788739401.555
21.602,5.0273,4.5082,-1.6217,0.3905,0.2227,1788739401.574
21.622,5.0270,4.5004,-1.6172,0.3905,0.2227,1788739401.594
21.642,5.0267,4.4925,-1.6123,0.3949,0.2493,1788739401.614
21.662,5.0264,4.4846,-1.6073,0.3949,0.2493,1788739401.634
21.682,5.0261,4.4767,-1.6023,0.3949,0.2493,1788739401.654
21.702,5.0259,4.4688,-1.5973,0.3949,0.2493,1788739401.674
21.722,5.0257,4.4609,-1.5923,0.3949,0.2493,1788739401.694
21.742,5.0256,4.4534,-1.5878,0.3748,0.2231,1788739401.714
21.762,5.0255,4.4460,-1.5834,0.3748,0.2231,1788739401.734
21.782,5.0255,4.4385,-1.5789,0.3748,0.2231,1788739401.754
21.802,5.0254,4.4310,-1.5745,0.3748,0.2231,1788739401.774
21.822,5.0254,4.4235,-1.5700,0.3748,0.2231,1788739401.794
21.842,5.0255,4.4157,-1.5617,0.3880,0.4151,1788739401.814
21.862,5.0256,4.4079,-1.5534,0.3880,0.4151,1788739401.834
21.882,5.0258,4.4002,-1.5451,0.3880,0.4151,1788739401.854
21.902,5.0261,4.3924,-1.5368,0.3880,0.4151,1788739401.874
21.923,5.0264,4.3847,-1.5285,0.3880,0.4151,1788739401.894
21.942,5.0268,4.3768,-1.5236,0.3954,0.2445,1788739401.914
21.962,5.0272,4.3689,-1.5187,0.3954,0.2445,1788739401.934
21.983,5.0277,4.3610,-1.5138,0.3954,0.2445,1788739401.954
22.002,5.0282,4.3531,-1.5089,0.3954,0.2445,1788739401.974
22.022,5.0287,4.3452,-1.5040,0.3954,0.2445,1788739401.994
22.042,5.0292,4.3374,-1.4994,0.3901,0.2313,1788739402.014
22.062,5.0298,4.3296,-1.4948,0.3901,0.2313,1788739402.034
22.082,5.0305,4.3219,-1.4902,0.3901,0.2313,1788739402.054
22.102,5.0311,4.3141,-1.4855,0.3901,0.2313,1788739402.074
22.122,5.0318,4.3063,-1.4809,0.3901,0.2313,1788739402.094
22.142,5.0324,4.3002,-1.4816,0.3082,-0.0343,1788739402.114
22.162,5.0329,4.2940,-1.4823,0.3082,-0.0343,1788739402.134
22.182,5.0335,4.2879,-1.4830,0.3082,-0.0343,1788739402.154
22.202,5.0340,4.2818,-1.4836,0.3082,-0.0343,1788739402.174
22.222,5.0345,4.2756,-1.4843,0.3082,-0.0343,1788739402.194
22.242,5.0349,4.2715,-1.4805,0.2085,0.1927,1788739402.214
22.262,5.0353,4.2673,-1.4766,0.2085,0.1927,1788739402.234
22.282,5.0357,4.2632,-1.4728,0.2085,0.1927,1788739402.254
22.302,5.0361,4.2590,-1.4689,0.2085,0.1927,1788739402.274
22.322,5.0366,4.2549,-1.4651,0.2085,0.1927,1788739402.294
22.342,5.0368,4.2527,-1.4559,0.1102,0.4595,1788739402.314
22.363,5.0371,4.2505,-1.4467,0.1102,0.4595,1788739402.334
22.382,5.0374,4.2483,-1.4375,0.1102,0.4595,1788739402.354
22.402,5.0377,4.2461,-1.4283,0.1102,0.4595,1788739402.374
22.422,5.0380,4.2439,-1.4191,0.1102,0.4595,1788739402.394
22.442,5.0381,4.2437,-1.4048,0.0133,0.7156,1788739402.414
22.462,5.0381,4.2434,-1.3905,0.0133,0.7156,1788739402.434
22.482,5.0382,4.2432,-1.3762,0.0133,0.7156,1788739402.454
22.503,5.0382,4.2429,-1.3619,0.0133,0.7156,1788739402.475
22.523,5.0383,4.2426,-1.3475,0.0133,0.7156,1788739402.494
22.543,5.0383,4.2426,-1.3284,0.0017,0.9580,1788739402.514
22.563,5.0383,4.2426,-1.3092,0.0017,0.9580,1788739402.535
22.583,5.0383,4.2425,-1.2901,0.0017,0.9580,1788739402.554
22.603,5.0383,4.2425,-1.2709,0.0017,0.9580,1788739402.574
22.623,5.0383,4.2425,-1.2517,0.0017,0.9580,1788739402.594
22.643,5.0384,4.2424,-1.2323,0.0021,0.9714,1788739402.614
22.663,5.0384,4.2424,-1.2129,0.0021,0.9714,1788739402.634
22.683,5.0384,4.2424,-1.1935,0.0021,0.9714,1788739402.654
22.703,5.0384,4.2423,-1.1740,0.0021,0.9714,1788739402.674
22.723,5.0384,4.2423,-1.1546,0.0021,0.9714,1788739402.694
22.743,5.0384,4.2423,-1.1351,0.0018,0.9733,1788739402.714
22.763,5.0384,4.2422,-1.1157,0.0018,0.9733,1788739402.734
22.783,5.0385,4.2422,-1.0962,0.0018,0.9733,1788739402.754
22.803,5.0385,4.2422,-1.0767,0.0018,0.9733,1788739402.774
22.823,5.0385,4.2421,-1.0573,0.0018,0.9733,1788739402.794
22.843,5.0385,4.2421,-1.0377,0.0011,0.9795,1788739402.814
22.863,5.0385,4.2421,-1.0181,0.0011,0.9795,1788739402.834
22.883,5.0385,4.2421,-0.9985,0.0011,0.9795,1788739402.855
22.903,5.0385,4.2420,-0.9789,0.0011,0.9795,1788739402.875
22.923,5.0386,4.2420,-0.9593,0.0011,0.9795,1788739402.894
22.943,5.0386,4.2420,-0.9396,0.0008,0.9851,1788739402.914
22.963,5.0386,4.2420,-0.9199,0.0008,0.9851,1788739402.934
22.983,5.0386,4.2420,-0.9002,0.0008,0.9851,1788739402.955
23.003,5.0386,4.2420,-0.8805,0.0008,0.9851,1788739402.974
23.023,5.0386,4.2420,-0.8608,0.0008,0.9851,1788739402.994
23.043,5.0386,4.2419,-0.8413,0.0020,0.9778,1788739403.014
23.063,5.0387,4.2419,-0.8217,0.0020,0.9778,1788739403.034
23.082,5.0387,4.2419,-0.8021,0.0020,0.9778,1788739403.054
23.102,5.0387,4.2418,-0.7826,0.0020,0.9778,1788739403.074
23.122,5.0387,4.2418,-0.7630,0.0020,0.9778,1788739403.094
23.142,5.0388,4.2418,-0.7434,0.0040,0.9800,1788739403.114
23.162,5.0389,4.2417,-0.7238,0.0040,0.9800,1788739403.134
23.182,5.0389,4.2417,-0.7042,0.0040,0.9800,1788739403.154
23.203,5.0390,4.2416,-0.6846,0.0040,0.9800,1788739403.175
23.222,5.0391,4.2416,-0.6650,0.0040,0.9800,1788739403.194
23.243,5.0391,4.2415,-0.6458,0.0022,0.9602,1788739403.214
23.262,5.0391,4.2415,-0.6266,0.0022,0.9602,1788739403.234
23.282,5.0392,4.2415,-0.6074,0.0022,0.9602,1788739403.254
23.303,5.0392,4.2415,-0.5882,0.0022,0.9602,1788739403.274
23.322,5.0392,4.2414,-0.5690,0.0022,0.9602,1788739403.294
23.342,5.0393,4.2414,-0.5496,0.0024,0.9706,1788739403.314
23.362,5.0393,4.2414,-0.5302,0.0024,0.9706,1788739403.334
23.382,5.0394,4.2414,-0.5108,0.0024,0.9706,1788739403.354
23.402,5.0394,4.2413,-0.4914,0.0024,0.9706,1788739403.374
23.422,5.0394,4.2413,-0.4720,0.0024,0.9706,1788739403.394
23.442,5.0395,4.2413,-0.4525,0.0020,0.9711,1788739403.414
23.463,5.0395,4.2413,-0.4331,0.0020,0.9711,1788739403.435
23.482,5.0395,4.2413,-0.4137,0.0020,0.9711,1788739403.454
23.502,5.0396,4.2413,-0.3943,0.0020,0.9711,1788739403.474
23.523,5.0396,4.2412,-0.3749,0.0020,0.9711,1788739403.494
23.542,5.0396,4.2412,-0.3550,0.0000,0.9947,1788739403.514
23.563,5.0396,4.2412,-0.3351,0.0000,0.9947,1788739403.535
23.583,5.0396,4.2412,-0.3152,0.0000,0.9947,1788739403.554
23.602,5.0396,4.2412,-0.2953,0.0000,0.9947,1788739403.574
23.623,5.0396,4.2412,-0.2754,0.0000,0.9947,1788739403.594
23.642,5.0396,4.2412,-0.2557,0.0001,0.9835,1788739403.614
23.662,5.0396,4.2412,-0.2360,0.0001,0.9835,1788739403.634
23.682,5.0396,4.2412,-0.2164,0.0001,0.9835,1788739403.654
23.702,5.0396,4.2412,-0.1967,0.0001,0.9835,1788739403.674
23.722,5.0396,4.2412,-0.1770,0.0001,0.9835,1788739403.694
23.742,5.0401,4.2412,-0.1572,0.0249,0.9920,1788739403.714
23.762,5.0406,4.2411,-0.1374,0.0249,0.9920,1788739403.734
23.782,5.0411,4.2410,-0.1175,0.0249,0.9920,1788739403.754
23.802,5.0416,4.2410,-0.0977,0.0249,0.9920,1788739403.774
23.822,5.0421,4.2409,-0.0778,0.0249,0.9920,1788739403.794
23.842,5.0431,4.2409,-0.0580,0.0478,0.9938,1788739403.814
23.863,5.0440,4.2409,-0.0381,0.0478,0.9938,1788739403.834
23.883,5.0450,4.2408,-0.0182,0.0478,0.9938,1788739403.854
23.903,5.0459,4.2408,0.0017,0.0478,0.9938,1788739403.875
23.923,5.0469,4.2409,0.0215,0.0478,0.9938,1788739403.894
23.942,5.0483,4.2409,0.0392,0.0705,0.8816,1788739403.914
23.962,5.0497,4.2410,0.0568,0.0705,0.8816,1788739403.934
23.982,5.0511,4.2411,0.0744,0.0705,0.8816,1788739403.954
24.002,5.0525,4.2412,0.0921,0.0705,0.8816,1788739403.974
24.022,5.0539,4.2414,0.1097,0.0705,0.8816,1788739403.994
24.042,5.0558,4.2416,0.1256,0.0941,0.7945,1788739404.014
24.062,5.0576,4.2419,0.1415,0.0941,0.7945,1788739404.034
24.082,5.0595,4.2422,0.1574,0.0941,0.7945,1788739404.054
24.102,5.0613,4.2425,0.1733,0.0941,0.7945,1788739404.074
24.122,5.0632,4.2429,0.1891,0.0941,0.7945,1788739404.094
24.143,5.0655,4.2433,0.2024,0.1170,0.6610,1788739404.114
24.163,5.0678,4.2438,0.2156,0.1170,0.6610,1788739404.134
24.183,5.0701,4.2444,0.2288,0.1170,0.6610,1788739404.154
24.203,5.0723,4.2449,0.2420,0.1170,0.6610,1788739404.175
24.223,5.0746,4.2455,0.2552,0.1170,0.6610,1788739404.194
24.243,5.0773,4.2462,0.2665,0.1397,0.5634,1788739404.214
24.263,5.0800,4.2470,0.2778,0.1397,0.5634,1788739404.235
24.282,5.0826,4.2478,0.2890,0.1397,0.5634,1788739404.254
24.302,5.0853,4.2486,0.3003,0.1397,0.5634,1788739404.274
24.322,5.0880,4.2495,0.3116,0.1397,0.5634,1788739404.294
24.342,5.0911,4.2505,0.3216,0.1626,0.5030,1788739404.314
24.362,5.0941,4.2516,0.3317,0.1626,0.5030,1788739404.334
24.382,5.0972,4.2527,0.3418,0.1626,0.5030,1788739404.354
24.403,5.1003,4.2538,0.3518,0.1626,0.5030,1788739404.374
24.422,5.1033,4.2549,0.3619,0.1626,0.5030,1788739404.394
24.443,5.1068,4.2563,0.3700,0.1857,0.4069,1788739404.414
24.463,5.1102,4.2577,0.3782,0.1857,0.4069,1788739404.435
24.482,5.1137,4.2591,0.3863,0.1857,0.4069,1788739404.454
24.502,5.1171,4.2605,0.3944,0.1857,0.4069,1788739404.474
24.522,5.1205,4.2619,0.4026,0.1857,0.4069,1788739404.494
24.542,5.1243,4.2636,0.4082,0.2075,0.2837,1788739404.514
24.562,5.1281,4.2653,0.4139,0.2075,0.2837,1788739404.534
24.582,5.1319,4.2669,0.4196,0.2075,0.2837,1788739404.554
24.602,5.1357,4.2687,0.4253,0.2075,0.2837,1788739404.574
24.622,5.1394,4.2704,0.4309,0.2075,0.2837,1788739404.594
24.642,5.1436,4.2723,0.4348,0.2295,0.1929,1788739404.614
24.663,5.1478,4.2743,0.4387,0.2295,0.1929,1788739404.634
24.682,5.1519,4.2762,0.4425,0.2295,0.1929,1788739404.654
24.702,5.1561,4.2782,0.4464,0.2295,0.1929,1788739404.674
24.722,5.1602,4.2802,0.4502,0.2295,0.1929,1788739404.694
24.743,5.1646,4.2824,0.4522,0.2471,0.0977,1788739404.714
24.763,5.1691,4.2845,0.4541,0.2471,0.0977,1788739404.735
24.783,5.1735,4.2867,0.4561,0.2471,0.0977,1788739404.755
24.802,5.1779,4.2889,0.4580,0.2471,0.0977,1788739404.774
24.823,5.1824,4.2911,0.4600,0.2471,0.0977,1788739404.794
24.842,5.1872,4.2935,0.4609,0.2683,0.0450,1788739404.814
24.863,5.1920,4.2959,0.4618,0.2683,0.0450,1788739404.834
24.883,5.1968,4.2983,0.4627,0.2683,0.0450,1788739404.854
24.902,5.2016,4.3007,0.4636,0.2683,0.0450,1788739404.874
24.923,5.2064,4.3031,0.4645,0.2683,0.0450,1788739404.894
24.942,5.2116,4.3057,0.4657,0.2893,0.0576,1788739404.914
24.963,5.2167,4.3083,0.4668,0.2893,0.0576,1788739404.934
24.982,5.2219,4.3109,0.4680,0.2893,0.0576,1788739404.954
25.002,5.2270,4.3135,0.4691,0.2893,0.0576,1788739404.974
25.022,5.2322,4.3161,0.4703,0.2893,0.0576,1788739404.994
25.043,5.2378,4.3190,0.4711,0.3115,0.0435,1788739405.014
25.063,5.2433,4.3218,0.4720,0.3115,0.0435,1788739405.034
25.083,5.2489,4.3246,0.4729,0.3115,0.0435,1788739405.054
25.103,5.2544,4.3275,0.4737,0.3115,0.0435,1788739405.074
25.123,5.2599,4.3303,0.4746,0.3115,0.0435,1788739405.094
25.143,5.2658,4.3334,0.4760,0.3324,0.0680,1788739405.114
25.163,5.2717,4.3364,0.4773,0.3324,0.0680,1788739405.134
25.183,5.2776,4.3395,0.4787,0.3324,0.0680,1788739405.154
25.203,5.2835,4.3425,0.4801,0.3324,0.0680,1788739405.174
25.223,5.2894,4.3456,0.4814,0.3324,0.0680,1788739405.194
25.243,5.2957,4.3489,0.4828,0.3536,0.0711,1788739405.214
25.262,5.3020,4.3522,0.4843,0.3536,0.0711,1788739405.234
25.283,5.3082,4.3555,0.4857,0.3536,0.0711,1788739405.254
25.303,5.3145,4.3588,0.4871,0.3536,0.0711,1788739405.274
25.323,5.3207,4.3621,0.4885,0.3536,0.0711,1788739405.294
25.343,5.3273,4.3657,0.4895,0.3756,0.0505,1788739405.314
25.363,5.3340,4.3692,0.4905,0.3756,0.0505,1788739405.334
25.383,5.3406,4.3727,0.4916,0.3756,0.0505,1788739405.354
25.403,5.3472,4.3763,0.4926,0.3756,0.0505,1788739405.374
25.423,5.3538,4.3799,0.4936,0.3756,0.0505,1788739405.394
25.443,5.3608,4.3836,0.4947,0.3940,0.0574,1788739405.414
25.463,5.3677,4.3873,0.4959,0.3940,0.0574,1788739405.434
25.483,5.3746,4.3911,0.4970,0.3940,0.0574,1788739405.454
25.503,5.3815,4.3949,0.4982,0.3940,0.0574,1788739405.475
25.523,5.3885,4.3986,0.4993,0.3940,0.0574,1788739405.494
25.543,5.3954,4.4024,0.5007,0.3962,0.0680,1788739405.514
25.563,5.4023,4.4063,0.5020,0.3962,0.0680,1788739405.534
25.582,5.4093,4.4101,0.5034,0.3962,0.0680,1788739405.554
25.602,5.4162,4.4139,0.5048,0.3962,0.0680,1788739405.574
25.622,5.4232,4.4178,0.5061,0.3962,0.0680,1788739405.594
25.642,5.4301,4.4216,0.5067,0.3972,0.0280,1788739405.614
25.663,5.4370,4.4255,0.5072,0.3972,0.0280,1788739405.634
25.683,5.4440,4.4293,0.5078,0.3972,0.0280,1788739405.655
25.703,5.4509,4.4332,0.5084,0.3972,0.0280,1788739405.674
25.722,5.4579,4.4371,0.5089,0.3972,0.0280,1788739405.694
25.743,5.4648,4.4409,0.5087,0.3962,-0.0130,1788739405.714
25.762,5.4717,4.4448,0.5084,0.3962,-0.0130,1788739405.734
25.782,5.4786,4.4486,0.5081,0.3962,-0.0130,1788739405.754
25.802,5.4856,4.4525,0.5079,0.3962,-0.0130,1788739405.774
25.822,5.4925,4.4564,0.5076,0.3962,-0.0130,1788739405.794
25.842,5.4994,4.4602,0.5072,0.3946,-0.0211,1788739405.814
25.862,5.5063,4.4640,0.5068,0.3946,-0.0211,1788739405.834
25.882,5.5132,4.4678,0.5064,0.3946,-0.0211,1788739405.854
25.902,5.5201,4.4717,0.5059,0.3946,-0.0211,1788739405.874
25.922,5.5270,4.4755,0.5055,0.3946,-0.0211,1788739405.894
25.942,5.5339,4.4793,0.5048,0.3927,-0.0357,1788739405.914
25.963,5.5407,4.4831,0.5041,0.3927,-0.0357,1788739405.934
25.982,5.5476,4.4869,0.5034,0.3927,-0.0357,1788739405.954
26.002,5.5545,4.4907,0.5027,0.3927,-0.0357,1788739405.974
26.022,5.5614,4.4944,0.5020,0.3927,-0.0357,1788739405.994
26.042,5.5683,4.4982,0.5013,0.3943,-0.0320,1788739406.014
26.063,5.5752,4.5020,0.5007,0.3943,-0.0320,1788739406.034
26.082,5.5821,4.5058,0.5000,0.3943,-0.0320,1788739406.054
26.102,5.5891,4.5096,0.4994,0.3943,-0.0320,1788739406.074
26.122,5.5960,4.5133,0.4988,0.3943,-0.0320,1788739406.094
26.142,5.6029,4.5171,0.4983,0.3946,-0.0222,1788739406.114
26.162,5.6099,4.5209,0.4979,0.3946,-0.0222,1788739406.134
26.182,5.6168,4.5246,0.4974,0.3946,-0.0222,1788739406.154
26.202,5.6237,4.5284,0.4970,0.3946,-0.0222,1788739406.174
26.223,5.6307,4.5322,0.4965,0.3946,-0.0222,1788739406.195
26.242,5.6376,4.5359,0.4946,0.3962,-0.0964,1788739406.214
26.263,5.6446,4.5397,0.4927,0.3962,-0.0964,1788739406.234
26.282,5.6516,4.5434,0.4907,0.3962,-0.0964,1788739406.254
26.302,5.6586,4.5471,0.4888,0.3962,-0.0964,1788739406.274
26.323,5.6656,4.5508,0.4869,0.3962,-0.0964,1788739406.294
26.342,5.6726,4.5545,0.4857,0.3926,-0.0601,1788739406.314
26.362,5.6795,4.5582,0.4845,0.3926,-0.0601,1788739406.334
26.382,5.6865,4.5618,0.4833,0.3926,-0.0601,1788739406.354
26.402,5.6934,4.5654,0.4821,0.3926,-0.0601,1788739406.374
26.422,5.7004,4.5691,0.4809,0.3926,-0.0601,1788739406.394
26.442,5.7074,4.5727,0.4797,0.3936,-0.0589,1788739406.414
26.462,5.7143,4.5763,0.4785,0.3936,-0.0589,1788739406.434
26.483,5.7213,4.5800,0.4773,0.3936,-0.0589,1788739406.455
26.503,5.7283,4.5836,0.4762,0.3936,-0.0589,1788739406.474
26.523,5.7353,4.5872,0.4750,0.3936,-0.0589,1788739406.494
26.542,5.7423,4.5908,0.4729,0.3942,-0.1025,1788739406.514
26.562,5.7494,4.5943,0.4709,0.3942,-0.1025,1788739406.534
26.582,5.7564,4.5979,0.4688,0.3942,-0.1025,1788739406.554
26.602,5.7634,4.6014,0.4668,0.3942,-0.1025,1788739406.574
26.622,5.7705,4.6050,0.4647,0.3942,-0.1025,1788739406.594
26.642,5.7775,4.6085,0.4631,0.3935,-0.0810,1788739406.614
26.662,5.7846,4.6120,0.4615,0.3935,-0.0810,1788739406.634
26.682,5.7916,4.6155,0.4599,0.3935,-0.0810,1788739406.654
26.702,5.7987,4.6190,0.4583,0.3935,-0.0810,1788739406.674
26.723,5.8058,4.6224,0.4566,0.3935,-0.0810,1788739406.695
26.742,5.8128,4.6259,0.4547,0.3926,-0.0968,1788739406.714
26.763,5.8199,4.6293,0.4528,0.3926,-0.0968,1788739406.734
26.783,5.8269,4.6327,0.4508,0.3926,-0.0968,1788739406.754
26.803,5.8340,4.6362,0.4489,0.3926,-0.0968,1788739406.774
26.823,5.8411,4.6395,0.4470,0.3926,-0.0968,1788739406.794
26.842,5.8482,4.6429,0.4451,0.3940,-0.0945,1788739406.814
26.863,5.8553,4.6463,0.4432,0.3940,-0.0945,1788739406.834
26.882,5.8625,4.6497,0.4413,0.3940,-0.0945,1788739406.854
26.902,5.8696,4.6530,0.4394,0.3940,-0.0945,1788739406.874
26.923,5.8767,4.6564,0.4375,0.3940,-0.0945,1788739406.894
26.942,5.8839,4.6597,0.4356,0.3939,-0.0961,1788739406.914
26.962,5.8910,4.6630,0.4337,0.3939,-0.0961,1788739406.934
26.983,5.8982,4.6663,0.4317,0.3939,-0.0961,1788739406.954
27.003,5.9053,4.6696,0.4298,0.3939,-0.0961,1788739406.975
27.023,5.9125,4.6729,0.4279,0.3939,-0.0961,1788739406.994
27.042,5.9197,4.6761,0.4257,0.3931,-0.1099,1788739407.014
27.062,5.9268,4.6793,0.4235,0.3931,-0.1099,1788739407.034
27.082,5.9340,4.6825,0.4213,0.3931,-0.1099,1788739407.054
27.102,5.9412,4.6857,0.4191,0.3931,-0.1099,1788739407.074
27.122,5.9484,4.6889,0.4169,0.3931,-0.1099,1788739407.094
27.142,5.9556,4.6921,0.4131,0.3964,-0.1908,1788739407.114
27.162,5.9629,4.6953,0.4093,0.3964,-0.1908,1788739407.134
27.182,5.9702,4.6984,0.4055,0.3964,-0.1908,1788739407.154
27.202,5.9775,4.7015,0.4016,0.3964,-0.1908,1788739407.174
27.222,5.9848,4.7046,0.3978,0.3964,-0.1908,1788739407.194
27.243,5.9920,4.7076,0.3937,0.3924,-0.2057,1788739407.215
27.262,5.9993,4.7106,0.3896,0.3924,-0.2057,1788739407.234
27.282,6.0066,4.7135,0.3855,0.3924,-0.2057,1788739407.254
27.302,6.0139,4.7164,0.3814,0.3924,-0.2057,1788739407.274
27.322,6.0212,4.7193,0.3772,0.3924,-0.2057,1788739407.294
27.342,6.0284,4.7222,0.3742,0.3894,-0.1503,1788739407.314
27.363,6.0357,4.7250,0.3712,0.3894,-0.1503,1788739407.334
27.383,6.0429,4.7278,0.3682,0.3894,-0.1503,1788739407.354
27.402,6.0502,4.7306,0.3652,0.3894,-0.1503,1788739407.374
27.423,6.0575,4.7333,0.3622,0.3894,-0.1503,1788739407.394
27.442,6.0648,4.7361,0.3591,0.3888,-0.1570,1788739407.414
27.462,6.0720,4.7388,0.3559,0.3888,-0.1570,1788739407.434
27.483,6.0793,4.7415,0.3528,0.3888,-0.1570,1788739407.455
27.502,6.0867,4.7441,0.3497,0.3888,-0.1570,1788739407.474
27.523,6.0940,4.7468,0.3465,0.3888,-0.1570,1788739407.495
27.542,6.1013,4.7494,0.3437,0.3896,-0.1391,1788739407.514
27.562,6.1086,4.7520,0.3409,0.3896,-0.1391,1788739407.534
27.583,6.1160,4.7546,0.3382,0.3896,-0.1391,1788739407.554
27.603,6.1234,4.7571,0.3354,0.3896,-0.1391,1788739407.575
27.622,6.1307,4.7597,0.3326,0.3896,-0.1391,1788739407.594
27.642,6.1381,4.7622,0.3293,0.3894,-0.1650,1788739407.614
27.662,6.1455,4.7647,0.3260,0.3894,-0.1650,1788739407.634
27.682,6.1529,4.7672,0.3227,0.3894,-0.1650,1788739407.654
27.702,6.1602,4.7696,0.3194,0.3894,-0.1650,1788739407.674
27.722,6.1676,4.7720,0.3161,0.3894,-0.1650,1788739407.694
27.742,6.1751,4.7745,0.3149,0.3916,-0.0592,1788739407.714
27.762,6.1825,4.7769,0.3137,0.3916,-0.0592,1788739407.734
27.782,6.1900,4.7793,0.3125,0.3916,-0.0592,1788739407.754
27.802,6.1974,4.7817,0.3114,0.3916,-0.0592,1788739407.774
27.822,6.2049,4.7841,0.3102,0.3916,-0.0592,1788739407.794
27.842,6.2124,4.7865,0.3092,0.3922,-0.0508,1788739407.814
27.862,6.2199,4.7888,0.3081,0.3922,-0.0508,1788739407.834
27.882,6.2273,4.7912,0.3071,0.3922,-0.0508,1788739407.854
27.903,6.2348,4.7936,0.3061,0.3922,-0.0508,1788739407.874
27.923,6.2423,4.7959,0.3051,0.3922,-0.0508,1788739407.894
27.942,6.2498,4.7983,0.3046,0.3957,-0.0251,1788739407.914
27.962,6.2574,4.8007,0.3041,0.3957,-0.0251,1788739407.934
27.983,6.2649,4.8030,0.3036,0.3957,-0.0251,1788739407.954
28.003,6.2725,4.8054,0.3031,0.3957,-0.0251,1788739407.974
28.023,6.2800,4.8078,0.3026,0.3957,-0.0251,1788739407.995
28.042,6.2876,4.8101,0.3016,0.3951,-0.0498,1788739408.014
28.063,6.2951,4.8125,0.3006,0.3951,-0.0498,1788739408.034
28.082,6.3027,4.8148,0.2996,0.3951,-0.0498,1788739408.054
28.103,6.3102,4.8171,0.2986,0.3951,-0.0498,1788739408.074
28.123,6.3178,4.8194,0.2976,0.3951,-0.0498,1788739408.094
28.142,6.3253,4.8217,0.2965,0.3900,-0.0532,1788739408.114
28.162,6.3327,4.8240,0.2955,0.3900,-0.0532,1788739408.134
28.182,6.3402,4.8262,0.2944,0.3900,-0.0532,1788739408.154
28.202,6.3477,4.8285,0.2934,0.3900,-0.0532,1788739408.174
28.222,6.3551,4.8307,0.2923,0.3900,-0.0532,1788739408.194
28.243,6.3627,4.8330,0.2902,0.3935,-0.1070,1788739408.214
28.263,6.3702,4.8352,0.2880,0.3935,-0.1070,1788739408.234
28.283,6.3778,4.8375,0.2859,0.3935,-0.1070,1788739408.254
28.303,6.3853,4.8397,0.2837,0.3935,-0.1070,1788739408.274
28.323,6.3929,4.8418,0.2816,0.3935,-0.1070,1788739408.294
28.343,6.4004,4.8440,0.2797,0.3923,-0.0948,1788739408.314
28.363,6.4080,4.8462,0.2778,0.3923,-0.0948,1788739408.334
28.383,6.4155,4.8483,0.2759,0.3923,-0.0948,1788739408.354
28.403,6.4231,4.8504,0.2740,0.3923,-0.0948,1788739408.374
28.423,6.4306,4.8525,0.2721,0.3923,-0.0948,1788739408.394
28.443,6.4382,4.8546,0.2696,0.3915,-0.1249,1788739408.414
28.463,6.4457,4.8567,0.2671,0.3915,-0.1249,1788739408.434
28.483,6.4533,4.8587,0.2646,0.3915,-0.1249,1788739408.454
28.503,6.4608,4.8608,0.2621,0.3915,-0.1249,1788739408.474
28.523,6.4684,4.8628,0.2596,0.3915,-0.1249,1788739408.494
28.542,6.4759,4.8647,0.2565,0.3890,-0.1581,1788739408.514
28.562,6.4835,4.8667,0.2533,0.3890,-0.1581,1788739408.534
28.582,6.4910,4.8686,0.2501,0.3890,-0.1581,1788739408.554
28.602,6.4986,4.8705,0.2470,0.3890,-0.1581,1788739408.574
28.623,6.5061,4.8724,0.2438,0.3890,-0.1581,1788739408.594
28.642,6.5137,4.8743,0.2394,0.3930,-0.2187,1788739408.614
28.663,6.5214,4.8761,0.2351,0.3930,-0.2187,1788739408.634
28.683,6.5290,4.8779,0.2307,0.3930,-0.2187,1788739408.655
28.702,6.5367,4.8797,0.2263,0.3930,-0.2187,1788739408.674
28.722,6.5444,4.8814,0.2219,0.3930,-0.2187,1788739408.694
28.742,6.5520,4.8831,0.2183,0.3891,-0.1840,1788739408.714
28.763,6.5596,4.8847,0.2146,0.3891,-0.1840,1788739408.734
28.782,6.5672,4.8864,0.2109,0.3891,-0.1840,1788739408.754
28.802,6.5748,4.8880,0.2072,0.3891,-0.1840,1788739408.774
28.822,6.5824,4.8895,0.2035,0.3891,-0.1840,1788739408.794
28.842,6.5901,4.8911,0.2009,0.3906,-0.1321,1788739408.814
28.862,6.5977,4.8926,0.1983,0.3906,-0.1321,1788739408.834
28.882,6.6054,4.8941,0.1956,0.3906,-0.1321,1788739408.854
28.902,6.6131,4.8956,0.1930,0.3906,-0.1321,1788739408.874
28.922,6.6207,4.8971,0.1903,0.3906,-0.1321,1788739408.894
28.942,6.6285,4.8986,0.1889,0.3944,-0.0700,1788739408.914
28.963,6.6362,4.9001,0.1875,0.3944,-0.0700,1788739408.934
28.982,6.6440,4.9015,0.1861,0.3944,-0.0700,1788739408.954
29.002,6.6517,4.9030,0.1847,0.3944,-0.0700,1788739408.974
29.022,6.6595,4.9044,0.1833,0.3944,-0.0700,1788739408.994
29.042,6.6672,4.9058,0.1824,0.3921,-0.0478,1788739409.014
29.062,6.6749,4.9073,0.1814,0.3921,-0.0478,1788739409.034
29.082,6.6826,4.9087,0.1805,0.3921,-0.0478,1788739409.054
29.102,6.6903,4.9101,0.1795,0.3921,-0.0478,1788739409.074
29.122,6.6981,4.9115,0.1786,0.3921,-0.0478,1788739409.094
29.142,6.7058,4.9128,0.1776,0.3921,-0.0468,1788739409.114
29.163,6.7135,4.9142,0.1767,0.3921,-0.0468,1788739409.134
29.182,6.7212,4.9156,0.1757,0.3921,-0.0468,1788739409.154
29.203,6.7289,4.9170,0.1748,0.3921,-0.0468,1788739409.175
29.223,6.7367,4.9183,0.1739,0.3921,-0.0468,1788739409.194
29.243,6.7444,4.9197,0.1733,0.3934,-0.0284,1788739409.214
29.263,6.7522,4.9210,0.1727,0.3934,-0.0284,1788739409.234
29.283,6.7599,4.9224,0.1722,0.3934,-0.0284,1788739409.254
29.303,6.7677,4.9237,0.1716,0.3934,-0.0284,1788739409.274
29.323,6.7754,4.9251,0.1710,0.3934,-0.0284,1788739409.295
29.342,6.7831,4.9264,0.1712,0.3892,0.0105,1788739409.314
29.362,6.7908,4.9277,0.1715,0.3892,0.0105,1788739409.334
29.382,6.7984,4.9290,0.1717,0.3892,0.0105,1788739409.354
29.402,6.8061,4.9304,0.1719,0.3892,0.0105,1788739409.374
29.423,6.8138,4.9317,0.1721,0.3892,0.0105,1788739409.394
29.442,6.8215,4.9330,0.1713,0.3918,-0.0415,1788739409.414
29.462,6.8292,4.9344,0.1704,0.3918,-0.0415,1788739409.434
29.483,6.8369,4.9357,0.1696,0.3918,-0.0415,1788739409.454
29.503,6.8447,4.9370,0.1688,0.3918,-0.0415,1788739409.474
29.523,6.8524,4.9383,0.1679,0.3918,-0.0415,1788739409.495
29.543,6.8601,4.9396,0.1670,0.3912,-0.0488,1788739409.514
29.563,6.8678,4.9409,0.1660,0.3912,-0.0488,1788739409.534
29.583,6.8755,4.9422,0.1650,0.3912,-0.0488,1788739409.555
29.602,6.8833,4.9435,0.1640,0.3912,-0.0488,1788739409.574
29.623,6.8910,4.9447,0.1630,0.3912,-0.0488,1788739409.595
29.643,6.8986,4.9460,0.1620,0.3871,-0.0549,1788739409.614
29.663,6.9063,4.9472,0.1609,0.3871,-0.0549,1788739409.635
29.683,6.9139,4.9485,0.1598,0.3871,-0.0549,1788739409.654
29.703,6.9215,4.9497,0.1587,0.3871,-0.0549,1788739409.675
29.723,6.9292,4.9509,0.1576,0.3871,-0.0549,1788739409.695
29.742,6.9369,4.9521,0.1561,0.3889,-0.0730,1788739409.714
29.763,6.9446,4.9533,0.1546,0.3889,-0.0730,1788739409.734
29.783,6.9522,4.9545,0.1532,0.3889,-0.0730,1788739409.755
29.803,6.9599,4.9557,0.1517,0.3889,-0.0730,1788739409.774
29.823,6.9676,4.9568,0.1503,0.3889,-0.0730,1788739409.795
29.843,6.9752,4.9580,0.1481,0.3816,-0.1098,1788739409.814
29.863,6.9827,4.9591,0.1459,0.3816,-0.1098,1788739409.834
29.883,6.9903,4.9602,0.1437,0.3816,-0.1098,1788739409.854
29.903,6.9978,4.9612,0.1415,0.3816,-0.1098,1788739409.874
29.923,7.0054,4.9623,0.1393,0.3816,-0.1098,1788739409.894
29.943,7.0130,4.9633,0.1366,0.3850,-0.1332,1788739409.914
29.962,7.0207,4.9644,0.1340,0.3850,-0.1332,1788739409.934
29.982,7.0283,4.9654,0.1313,0.3850,-0.1332,1788739409.954
30.002,7.0359,4.9664,0.1286,0.3850,-0.1332,1788739409.974
30.022,7.0436,4.9673,0.1260,0.3850,-0.1332,1788739409.994
30.042,7.0513,4.9683,0.1225,0.3895,-0.1753,1788739410.014
30.062,7.0590,4.9692,0.1190,0.3895,-0.1753,1788739410.034
30.082,7.0668,4.9701,0.1155,0.3895,-0.1753,1788739410.054
30.102,7.0745,4.9710,0.1119,0.3895,-0.1753,1788739410.074
30.122,7.0823,4.9718,0.1084,0.3895,-0.1753,1788739410.094
30.142,7.0900,4.9726,0.1054,0.3903,-0.1516,1788739410.114
30.163,7.0978,4.9734,0.1024,0.3903,-0.1516,1788739410.134
30.183,7.1056,4.9742,0.0993,0.3903,-0.1516,1788739410.154
30.202,7.1133,4.9750,0.0963,0.3903,-0.1516,1788739410.174
30.223,7.1211,4.9757,0.0933,0.3903,-0.1516,1788739410.194
30.242,7.1289,4.9764,0.0917,0.3902,-0.0799,1788739410.214
30.262,7.1366,4.9771,0.0901,0.3902,-0.0799,1788739410.234
30.282,7.1444,4.9778,0.0885,0.3902,-0.0799,1788739410.254
30.302,7.1522,4.9785,0.0869,0.3902,-0.0799,1788739410.274
30.322,7.1600,4.9791,0.0853,0.3902,-0.0799,1788739410.294
30.342,7.1676,4.9798,0.0841,0.3838,-0.0602,1788739410.314
30.362,7.1753,4.9804,0.0829,0.3838,-0.0602,1788739410.334
30.382,7.1829,4.9811,0.0817,0.3838,-0.0602,1788739410.354
30.402,7.1906,4.9817,0.0805,0.3838,-0.0602,1788739410.374
30.422,7.1982,4.9823,0.0793,0.3838,-0.0602,1788739410.394
30.442,7.2060,4.9829,0.0782,0.3892,-0.0535,1788739410.414
30.462,7.2137,4.9835,0.0771,0.3892,-0.0535,1788739410.434
30.482,7.2215,4.9841,0.0761,0.3892,-0.0535,1788739410.454
30.502,7.2293,4.9847,0.0750,0.3892,-0.0535,1788739410.474
30.522,7.2370,4.9852,0.0739,0.3892,-0.0535,1788739410.494
30.542,7.2449,4.9858,0.0729,0.3931,-0.0491,1788739410.514
30.562,7.2527,4.9864,0.0720,0.3931,-0.0491,1788739410.534
30.582,7.2606,4.9869,0.0710,0.3931,-0.0491,1788739410.554
30.602,7.2684,4.9875,0.0700,0.3931,-0.0491,1788739410.574
30.622,7.2762,4.9880,0.0690,0.3931,-0.0491,1788739410.594
30.642,7.2840,4.9885,0.0680,0.3878,-0.0502,1788739410.614
30.662,7.2917,4.9891,0.0670,0.3878,-0.0502,1788739410.634
30.682,7.2995,4.9896,0.0660,0.3878,-0.0502,1788739410.654
30.702,7.3072,4.9901,0.0650,0.3878,-0.0502,1788739410.674
30.722,7.3149,4.9906,0.0640,0.3878,-0.0502,1788739410.694
30.742,7.3227,4.9911,0.0626,0.3896,-0.0720,1788739410.714
30.762,7.3305,4.9915,0.0611,0.3896,-0.0720,1788739410.734
30.782,7.3383,4.9920,0.0597,0.3896,-0.0720,1788739410.754
30.802,7.3461,4.9925,0.0582,0.3896,-0.0720,1788739410.774
30.822,7.3538,4.9929,0.0568,0.3896,-0.0720,1788739410.794
30.842,7.3616,4.9933,0.0557,0.3902,-0.0548,1788739410.814
30.862,7.3694,4.9938,0.0546,0.3902,-0.0548,1788739410.834
30.882,7.3772,4.9942,0.0535,0.3902,-0.0548,1788739410.854
30.903,7.3850,4.9946,0.0524,0.3902,-0.0548,1788739410.874
30.923,7.3928,4.9950,0.0513,0.3902,-0.0548,1788739410.894
30.942,7.4005,4.9954,0.0498,0.3874,-0.0777,1788739410.914
30.963,7.4083,4.9957,0.0482,0.3874,-0.0777,1788739410.934
30.982,7.4160,4.9961,0.0467,0.3874,-0.0777,1788739410.954
31.002,7.4238,4.9965,0.0451,0.3874,-0.0777,1788739410.974
31.023,7.4315,4.9968,0.0436,0.3874,-0.0777,1788739410.994
31.042,7.4391,4.9971,0.0426,0.3829,-0.0470,1788739411.014
31.062,7.4468,4.9974,0.0417,0.3829,-0.0470,1788739411.034
31.082,7.4544,4.9978,0.0407,0.3829,-0.0470,1788739411.054
31.102,7.4621,4.9981,0.0398,0.3829,-0.0470,1788739411.074
31.123,7.4697,4.9984,0.0389,0.3829,-0.0470,1788739411.094
31.142,7.4775,4.9986,0.0375,0.3891,-0.0685,1788739411.114
31.162,7.4853,4.9989,0.0361,0.3891,-0.0685,1788739411.134
31.182,7.4931,4.9992,0.0347,0.3891,-0.0685,1788739411.154
31.203,7.5009,4.9995,0.0334,0.3891,-0.0685,1788739411.174
31.222,7.5086,4.9997,0.0320,0.3891,-0.0685,1788739411.194
31.243,7.5164,4.9999,0.0304,0.3902,-0.0779,1788739411.214
31.263,7.5242,5.0002,0.0289,0.3902,-0.0779,1788739411.234
31.282,7.5320,5.0004,0.0273,0.3902,-0.0779,1788739411.254
31.302,7.5398,5.0006,0.0258,0.3902,-0.0779,1788739411.274
31.322,7.5476,5.0008,0.0242,0.3902,-0.0779,1788739411.294
31.343,7.5555,5.0010,0.0229,0.3909,-0.0633,1788739411.314
31.363,7.5633,5.0011,0.0217,0.3909,-0.0633,1788739411.334
31.383,7.5711,5.0013,0.0204,0.3909,-0.0633,1788739411.355
31.403,7.5789,5.0014,0.0191,0.3909,-0.0633,1788739411.374
31.423,7.5867,5.0016,0.0179,0.3909,-0.0633,1788739411.395
31.443,7.5944,5.0017,0.0171,0.3839,-0.0415,1788739411.414
31.463,7.6021,5.0018,0.0162,0.3839,-0.0415,1788739411.435
31.483,7.6098,5.0019,0.0154,0.3839,-0.0415,1788739411.455
31.503,7.6174,5.0021,0.0146,0.3839,-0.0415,1788739411.475
31.523,7.6251,5.0022,0.0137,0.3839,-0.0415,1788739411.494
31.543,7.6328,5.0023,0.0133,0.3839,-0.0224,1788739411.514
31.563,7.6405,5.0024,0.0128,0.3839,-0.0224,1788739411.535
31.583,7.6481,5.0025,0.0124,0.3839,-0.0224,1788739411.554
31.602,7.6558,5.0025,0.0119,0.3839,-0.0224,1788739411.574
31.622,7.6635,5.0026,0.0115,0.3839,-0.0224,1788739411.594
31.642,7.6711,5.0027,0.0115,0.3809,-0.0018,1788739411.614
31.662,7.6787,5.0028,0.0114,0.3809,-0.0018,1788739411.634
31.682,7.6863,5.0029,0.0114,0.3809,-0.0018,1788739411.654
31.703,7.6940,5.0030,0.0114,0.3809,-0.0018,1788739411.674
31.723,7.7016,5.0031,0.0113,0.3809,-0.0018,1788739411.694
31.742,7.7091,5.0032,0.0116,0.3758,0.0159,1788739411.714
31.762,7.7166,5.0032,0.0120,0.3758,0.0159,1788739411.734
31.782,7.7241,5.0033,0.0123,0.3758,0.0159,1788739411.754
31.802,7.7316,5.0034,0.0126,0.3758,0.0159,1788739411.774
31.822,7.7392,5.0035,0.0129,0.3758,0.0159,1788739411.794
31.842,7.7465,5.0036,0.0129,0.3671,-0.0014,1788739411.814
31.862,7.7538,5.0037,0.0129,0.3671,-0.0014,1788739411.834
31.882,7.7612,5.0038,0.0128,0.3671,-0.0014,1788739411.854
31.902,7.7685,5.0039,0.0128,0.3671,-0.0014,1788739411.874
31.922,7.7759,5.0040,0.0128,0.3671,-0.0014,1788739411.894
31.942,7.7832,5.0041,0.0131,0.3657,0.0157,1788739411.914
31.962,7.7905,5.0042,0.0134,0.3657,0.0157,1788739411.934
31.982,7.7978,5.0043,0.0137,0.3657,0.0157,1788739411.954
32.002,7.8051,5.0044,0.0140,0.3657,0.0157,1788739411.974
32.022,7.8124,5.0045,0.0143,0.3657,0.0157,1788739411.994
32.042,7.8194,5.0046,0.0152,0.3495,0.0427,1788739412.014
32.062,7.8264,5.0047,0.0160,0.3495,0.0427,1788739412.034
32.082,7.8334,5.0048,0.0169,0.3495,0.0427,1788739412.054
32.102,7.8404,5.0050,0.0177,0.3495,0.0427,1788739412.074
32.122,7.8474,5.0051,0.0186,0.3495,0.0427,1788739412.094
32.142,7.8544,5.0052,0.0198,0.3505,0.0590,1788739412.114
32.162,7.8614,5.0054,0.0210,0.3505,0.0590,1788739412.134
32.182,7.8684,5.0055,0.0221,0.3505,0.0590,1788739412.154
32.202,7.8754,5.0057,0.0233,0.3505,0.0590,1788739412.174
32.222,7.8824,5.0059,0.0245,0.3505,0.0590,1788739412.194
32.242,7.8892,5.0060,0.0253,0.3416,0.0386,1788739412.214
32.262,7.8961,5.0062,0.0261,0.3416,0.0386,1788739412.234
32.282,7.9029,5.0064,0.0268,0.3416,0.0386,1788739412.254
32.302,7.9097,5.0066,0.0276,0.3416,0.0386,1788739412.274
32.322,7.9165,5.0068,0.0284,0.3416,0.0386,1788739412.294
32.343,7.9233,5.0070,0.0285,0.3361,0.0092,1788739412.314
32.363,7.9300,5.0072,0.0287,0.3361,0.0092,1788739412.334
32.383,7.9367,5.0074,0.0289,0.3361,0.0092,1788739412.354
32.403,7.9434,5.0076,0.0291,0.3361,0.0092,1788739412.374
32.423,7.9501,5.0078,0.0293,0.3361,0.0092,1788739412.395
32.443,7.9568,5.0080,0.0287,0.3349,-0.0277,1788739412.414
32.463,7.9635,5.0081,0.0282,0.3349,-0.0277,1788739412.434
32.483,7.9702,5.0083,0.0276,0.3349,-0.0277,1788739412.455
32.503,7.9769,5.0085,0.0271,0.3349,-0.0277,1788739412.475
32.523,7.9836,5.0087,0.0265,0.3349,-0.0277,1788739412.494
32.542,7.9902,5.0089,0.0255,0.3290,-0.0488,1788739412.514
32.562,7.9968,5.0090,0.0246,0.3290,-0.0488,1788739412.534
32.583,8.0033,5.0092,0.0236,0.3290,-0.0488,1788739412.554
32.602,8.0099,5.0093,0.0226,0.3290,-0.0488,1788739412.574
32.622,8.0165,5.0095,0.0216,0.3290,-0.0488,1788739412.594
32.642,8.0231,5.0096,0.0201,0.3317,-0.0763,1788739412.614
32.662,8.0298,5.0097,0.0186,0.3317,-0.0763,1788739412.634
32.682,8.0364,5.0098,0.0171,0.3317,-0.0763,1788739412.654
32.702,8.0430,5.0099,0.0155,0.3317,-0.0763,1788739412.674
32.722,8.0497,5.0100,0.0140,0.3317,-0.0763,1788739412.694
32.743,8.0562,5.0101,0.0127,0.3273,-0.0626,1788739412.714
32.763,8.0628,5.0102,0.0115,0.3273,-0.0626,1788739412.735
32.783,8.0693,5.0103,0.0102,0.3273,-0.0626,1788739412.755
32.803,8.0759,5.0103,0.0090,0.3273,-0.0626,1788739412.775
32.823,8.0824,5.0104,0.0077,0.3273,-0.0626,1788739412.794
32.843,8.0889,5.0104,0.0064,0.3255,-0.0660,1788739412.814
32.863,8.0954,5.0104,0.0051,0.3255,-0.0660,1788739412.835
32.883,8.1019,5.0105,0.0038,0.3255,-0.0660,1788739412.855
32.903,8.1084,5.0105,0.0025,0.3255,-0.0660,1788739412.874
32.923,8.1150,5.0105,0.0011,0.3255,-0.0660,1788739412.895
32.943,8.1214,5.0105,0.0003,0.3229,-0.0424,1788739412.914
32.963,8.1279,5.0105,-0.0006,0.3229,-0.0424,1788739412.934
32.983,8.1343,5.0105,-0.0014,0.3229,-0.0424,1788739412.954
33.003,8.1408,5.0105,-0.0022,0.3229,-0.0424,1788739412.974
33.023,8.1472,5.0104,-0.0031,0.3229,-0.0424,1788739412.994
33.043,8.1536,5.0104,-0.0034,0.3183,-0.0128,1788739413.014
33.063,8.1600,5.0104,-0.0036,0.3183,-0.0128,1788739413.034
33.083,8.1663,5.0104,-0.0039,0.3183,-0.0128,1788739413.054
33.103,8.1727,5.0103,-0.0041,0.3183,-0.0128,1788739413.074
33.123,8.1791,5.0103,-0.0044,0.3183,-0.0128,1788739413.094
33.143,8.1853,5.0103,-0.0044,0.3134,0.0004,1788739413.114
33.163,8.1916,5.0103,-0.0044,0.3134,0.0004,1788739413.134
33.183,8.1979,5.0102,-0.0044,0.3134,0.0004,1788739413.154
33.203,8.2041,5.0102,-0.0043,0.3134,0.0004,1788739413.174
33.223,8.2104,5.0102,-0.0043,0.3134,0.0004,1788739413.194
33.243,8.2165,5.0102,-0.0039,0.3043,0.0207,1788739413.214
33.263,8.2226,5.0101,-0.0035,0.3043,0.0207,1788739413.234
33.283,8.2287,5.0101,-0.0031,0.3043,0.0207,1788739413.254
33.303,8.2348,5.0101,-0.0027,0.3043,0.0207,1788739413.274
33.323,8.2408,5.0101,-0.0023,0.3043,0.0207,1788739413.294
33.343,8.2469,5.0101,-0.0015,0.3043,0.0384,1788739413.314
33.363,8.2530,5.0101,-0.0007,0.3043,0.0384,1788739413.334
33.383,8.2591,5.0101,0.0000,0.3043,0.0384,1788739413.355
33.403,8.2652,5.0101,0.0008,0.3043,0.0384,1788739413.375
33.423,8.2713,5.0101,0.0016,0.3043,0.0384,1788739413.394
33.443,8.2772,5.0101,0.0022,0.2955,0.0326,1788739413.414
33.463,8.2831,5.0101,0.0029,0.2955,0.0326,1788739413.434
33.483,8.2890,5.0101,0.0035,0.2955,0.0326,1788739413.455
33.503,8.2949,5.0102,0.0042,0.2955,0.0326,1788739413.474
33.523,8.3008,5.0102,0.0048,0.2955,0.0326,1788739413.494
33.543,8.3067,5.0102,0.0063,0.2955,0.0739,1788739413.514
33.563,8.3126,5.0103,0.0078,0.2955,0.0739,1788739413.534
33.583,8.3185,5.0103,0.0093,0.2955,0.0739,1788739413.554
33.603,8.3245,5.0104,0.0107,0.2955,0.0739,1788739413.575
33.623,8.3304,5.0105,0.0122,0.2955,0.0739,1788739413.594
33.643,8.3359,5.0105,0.0135,0.2788,0.0622,1788739413.614
33.663,8.3415,5.0106,0.0147,0.2788,0.0622,1788739413.634
33.683,8.3471,5.0107,0.0159,0.2788,0.0622,1788739413.654
33.703,8.3527,5.0108,0.0172,0.2788,0.0622,1788739413.675
33.723,8.3582,5.0109,0.0184,0.2788,0.0622,1788739413.694
33.743,8.3635,5.0110,0.0200,0.2626,0.0808,1788739413.714
33.763,8.3687,5.0111,0.0217,0.2626,0.0808,1788739413.734
33.783,8.3740,5.0112,0.0233,0.2626,0.0808,1788739413.754
33.803,8.3792,5.0114,0.0249,0.2626,0.0808,1788739413.774
33.823,8.3845,5.0115,0.0265,0.2626,0.0808,1788739413.794
33.843,8.3894,5.0117,0.0277,0.2429,0.0623,1788739413.814
33.863,8.3942,5.0118,0.0290,0.2429,0.0623,1788739413.834
33.883,8.3991,5.0119,0.0302,0.2429,0.0623,1788739413.854
33.903,8.4039,5.0121,0.0315,0.2429,0.0623,1788739413.874
33.923,8.4088,5.0123,0.0327,0.2429,0.0623,1788739413.894
33.943,8.4135,5.0124,0.0340,0.2351,0.0627,1788739413.914
33.963,8.4182,5.0126,0.0352,0.2351,0.0627,1788739413.934
33.982,8.4229,5.0128,0.0365,0.2351,0.0627,1788739413.954
34.003,8.4276,5.0129,0.0377,0.2351,0.0627,1788739413.974
34.022,8.4323,5.0131,0.0390,0.2351,0.0627,1788739413.994
34.043,8.4366,5.0133,0.0386,0.2168,-0.0205,1788739414.014
34.063,8.4409,5.0134,0.0382,0.2168,-0.0205,1788739414.034
34.083,8.4453,5.0136,0.0378,0.2168,-0.0205,1788739414.055
34.103,8.4496,5.0138,0.0374,0.2168,-0.0205,1788739414.074
34.123,8.4539,5.0139,0.0369,0.2168,-0.0205,1788739414.094
34.143,8.4579,5.0141,0.0365,0.1965,-0.0230,1788739414.114
34.163,8.4618,5.0142,0.0360,0.1965,-0.0230,1788739414.135
34.182,8.4657,5.0144,0.0356,0.1965,-0.0230,1788739414.154
34.202,8.4696,5.0145,0.0351,0.1965,-0.0230,1788739414.174
34.222,8.4736,5.0146,0.0346,0.1965,-0.0230,1788739414.194
34.242,8.4771,5.0147,0.0341,0.1755,-0.0250,1788739414.214
34.263,8.4806,5.0149,0.0336,0.1755,-0.0250,1788739414.235
34.282,8.4841,5.0150,0.0331,0.1755,-0.0250,1788739414.254
34.302,8.4876,5.0151,0.0326,0.1755,-0.0250,1788739414.274
34.322,8.4911,5.0152,0.0321,0.1755,-0.0250,1788739414.294
34.343,8.4943,5.0153,0.0311,0.1616,-0.0543,1788739414.314
34.363,8.4976,5.0154,0.0300,0.1616,-0.0543,1788739414.334
34.382,8.5008,5.0155,0.0289,0.1616,-0.0543,1788739414.354
34.402,8.5040,5.0156,0.0278,0.1616,-0.0543,1788739414.374
34.422,8.5073,5.0157,0.0267,0.1616,-0.0543,1788739414.394
34.442,8.5103,5.0158,0.0252,0.1527,-0.0759,1788739414.414
34.462,8.5134,5.0158,0.0237,0.1527,-0.0759,1788739414.434
34.482,8.5164,5.0159,0.0222,0.1527,-0.0759,1788739414.454
34.502,8.5195,5.0160,0.0207,0.1527,-0.0759,1788739414.474
34.522,8.5225,5.0160,0.0191,0.1527,-0.0759,1788739414.494
34.542,8.5252,5.0161,0.0164,0.1353,-0.1377,1788739414.514
34.562,8.5279,5.0161,0.0136,0.1353,-0.1377,1788739414.534
34.582,8.5306,5.0161,0.0109,0.1353,-0.1377,1788739414.554
34.603,8.5334,5.0161,0.0081,0.1353,-0.1377,1788739414.574
34.622,8.5361,5.0162,0.0054,0.1353,-0.1377,1788739414.594
34.642,8.5384,5.0162,0.0015,0.1170,-0.1951,1788739414.614
34.662,8.5407,5.0162,-0.0024,0.1170,-0.1951,1788739414.634
34.682,8.5431,5.0161,-0.0063,0.1170,-0.1951,1788739414.654
34.703,8.5454,5.0161,-0.0102,0.1170,-0.1951,1788739414.674
34.723,8.5478,5.0161,-0.0142,0.1170,-0.1951,1788739414.694
34.742,8.5495,5.0161,-0.0179,0.0875,-0.1892,1788739414.714
34.763,8.5513,5.0160,-0.0217,0.0875,-0.1892,1788739414.735
34.782,8.5530,5.0160,-0.0255,0.0875,-0.1892,1788739414.754
34.803,8.5548,5.0159,-0.0293,0.0875,-0.1892,1788739414.774
34.822,8.5565,5.0159,-0.0331,0.0875,-0.1892,1788739414.794
34.843,8.5565,5.0159,-0.0331,0.0000,0.0000,1788739414.814
34.862,8.5565,5.0159,-0.0331,0.0000,0.0000,1788739414.834
34.882,8.5565,5.0159,-0.0331,0.0000,0.0000,1788739414.854
34.902,8.5565,5.0159,-0.0331,0.0000,0.0000,1788739414.874
34.922,8.5565,5.0159,-0.0331,0.0000,0.0000,1788739414.894
34.942,8.5565,5.0159,-0.0331,0.0000,0.0000,1788739414.914
