t,x,y,yaw,v,w,t_abs
0.023,1.2000,5.0000,0.0000,0.0000,0.0000,1788740024.529
0.042,1.2000,5.0000,0.0000,0.0000,0.0000,1788740024.549
0.062,1.2000,5.0000,0.0000,0.0000,0.0000,1788740024.569
0.082,1.2000,5.0000,0.0000,0.0000,0.0000,1788740024.589
0.102,1.2000,5.0000,0.0000,0.0000,0.0000,1788740024.609
0.122,1.2000,5.0000,0.0000,0.0000,0.0000,1788740024.629
0.142,1.2000,5.0000,0.0000,0.0000,0.0000,1788740024.649
0.162,1.2000,5.0000,0.0000,0.0000,0.0000,1788740024.669
0.182,1.2000,5.0000,0.0000,0.0000,0.0000,1788740024.689
0.202,1.2000,5.0000,0.0000,0.0000,0.0000,1788740024.709
0.222,1.2000,5.0000,0.0000,0.0000,0.0000,1788740024.729
0.242,1.2000,5.0000,0.0000,0.0000,0.0000,1788740024.749
0.262,1.2000,5.0000,0.0000,0.0000,0.0000,1788740024.769
0.282,1.2000,5.0000,0.0000,0.0000,0.0000,1788740024.789
0.302,1.2000,5.0000,0.0000,0.0000,0.0000,1788740024.809
0.322,1.2000,5.0000,0.0000,0.0000,0.0000,1788740024.829
0.342,1.2000,5.0000,0.0000,0.0000,0.0000,1788740024.849
0.362,1.2000,5.0000,0.0000,0.0000,0.0000,1788740024.869
0.382,1.2000,5.0000,0.0000,0.0000,0.0000,1788740024.889
0.402,1.2000,5.0000,0.0000,0.0000,0.0000,1788740024.909
0.422,1.2000,5.0000,0.0000,0.0000,0.0000,1788740024.929
0.443,1.2000,5.0000,0.0000,0.0000,0.0000,1788740024.949
0.462,1.2000,5.0000,0.0000,0.0000,0.0000,1788740024.969
0.483,1.2000,5.0000,0.0000,0.0000,0.0000,1788740024.989
0.503,1.2000,5.0000,0.0000,0.0000,0.0000,1788740025.009
0.523,1.2000,5.0000,0.0000,0.0000,0.0000,1788740025.029
0.542,1.2000,5.0000,0.0000,0.0000,0.0000,1788740025.049
0.562,1.2000,5.0000,0.0000,0.0000,0.0000,1788740025.069
0.582,1.2000,5.0000,0.0000,0.0000,0.0000,1788740025.089
0.602,1.2000,5.0000,0.0000,0.0000,0.0000,1788740025.109
0.622,1.2000,5.0000,0.0000,0.0000,0.0000,1788740025.129
0.643,1.2000,5.0000,0.0000,0.0000,0.0000,1788740025.149
0.662,1.2000,5.0000,0.0000,0.0000,0.0000,1788740025.169
0.682,1.2000,5.0000,0.0000,0.0000,0.0000,1788740025.189
0.702,1.2000,5.0000,0.0000,0.0000,0.0000,1788740025.209
0.723,1.2000,5.0000,0.0000,0.0000,0.0000,1788740025.230
0.742,1.2000,5.0000,0.0000,0.0000,0.0000,1788740025.249
0.762,1.2000,5.0000,0.0000,0.0000,0.0000,1788740025.269
0.783,1.2000,5.0000,0.0000,0.0000,0.0000,1788740025.289
0.802,1.2000,5.0000,0.0000,0.0000,0.0000,1788740025.309
0.822,1.2000,5.0000,0.0000,0.0000,0.0000,1788740025.329
0.842,1.2000,5.0000,0.0000,0.0000,0.0000,1788740025.349
0.862,1.2000,5.0000,0.0000,0.0000,0.0000,1788740025.369
0.882,1.2000,5.0000,0.0000,0.0000,0.0000,1788740025.389
0.902,1.2000,5.0000,0.0000,0.0000,0.0000,1788740025.409
0.922,1.2000,5.0000,0.0000,0.0000,0.0000,1788740025.429
0.942,1.2000,5.0000,0.0000,0.0000,0.0000,1788740025.449
0.962,1.2000,5.0000,0.0000,0.0000,0.0000,1788740025.469
0.983,1.2000,5.0000,0.0000,0.0000,0.0000,1788740025.489
1.003,1.2000,5.0000,0.0000,0.0000,0.0000,1788740025.509
1.022,1.2000,5.0000,0.0000,0.0000,0.0000,1788740025.529
1.043,1.2000,5.0000,0.0000,0.0000,0.0000,1788740025.550
1.063,1.2000,5.0000,0.0000,0.0000,0.0000,1788740025.569
1.082,1.2000,5.0000,0.0000,0.0000,0.0000,1788740025.589
1.102,1.2000,5.0000,0.0000,0.0000,0.0000,1788740025.609
1.123,1.2000,5.0000,0.0000,0.0000,0.0000,1788740025.629
1.142,1.2000,5.0000,0.0000,0.0000,0.0000,1788740025.649
1.162,1.2000,5.0000,0.0000,0.0000,0.0000,1788740025.669
1.182,1.2000,5.0000,0.0000,0.0000,0.0000,1788740025.689
1.202,1.2000,5.0000,0.0000,0.0000,0.0000,1788740025.709
1.222,1.2000,5.0000,0.0000,0.0000,0.0000,1788740025.729
1.243,1.2000,5.0000,0.0000,0.0000,0.0000,1788740025.749
1.263,1.2000,5.0000,0.0000,0.0000,0.0000,1788740025.769
1.283,1.2000,5.0000,0.0000,0.0000,0.0000,1788740025.789
1.302,1.2000,5.0000,0.0000,0.0000,0.0000,1788740025.809
1.323,1.2000,5.0000,0.0000,0.0000,0.0000,1788740025.829
1.342,1.2000,5.0000,0.0000,0.0000,0.0000,1788740025.849
1.362,1.2000,5.0000,0.0000,0.0000,0.0000,1788740025.869
1.383,1.2000,5.0000,0.0000,0.0000,0.0000,1788740025.889
1.402,1.2000,5.0000,0.0000,0.0000,0.0000,1788740025.909
1.422,1.2000,5.0000,0.0000,0.0000,0.0000,1788740025.929
1.442,1.2000,5.0000,0.0000,0.0000,0.0000,1788740025.949
1.462,1.2000,5.0000,0.0000,0.0000,0.0000,1788740025.969
1.482,1.2000,5.0000,0.0000,0.0000,0.0000,1788740025.989
1.502,1.2000,5.0000,0.0000,0.0000,0.0000,1788740026.009
1.522,1.2000,5.0000,0.0000,0.0000,0.0000,1788740026.029
1.542,1.2000,5.0000,0.0000,0.0000,0.0000,1788740026.049
1.563,1.2000,5.0000,0.0000,0.0000,0.0000,1788740026.069
1.583,1.2000,5.0000,0.0000,0.0000,0.0000,1788740026.089
1.603,1.2000,5.0000,0.0000,0.0000,0.0000,1788740026.109
1.622,1.2000,5.0000,0.0000,0.0000,0.0000,1788740026.129
1.642,1.2000,5.0000,0.0000,0.0000,0.0000,1788740026.149
1.662,1.2000,5.0000,0.0000,0.0000,0.0000,1788740026.169
1.682,1.2000,5.0000,0.0000,0.0000,0.0000,1788740026.189
1.702,1.2000,5.0000,0.0000,0.0000,0.0000,1788740026.209
1.722,1.2000,5.0000,0.0000,0.0000,0.0000,1788740026.229
1.742,1.2000,5.0000,0.0000,0.0000,0.0000,1788740026.249
1.762,1.2000,5.0000,0.0000,0.0000,0.0000,1788740026.269
1.782,1.2000,5.0000,0.0000,0.0000,0.0000,1788740026.289
1.802,1.2000,5.0000,0.0000,0.0000,0.0000,1788740026.309
1.822,1.2000,5.0000,0.0000,0.0000,0.0000,1788740026.329
1.842,1.2000,5.0000,0.0000,0.0000,0.0000,1788740026.349
1.862,1.2000,5.0000,0.0000,0.0000,0.0000,1788740026.369
1.883,1.2000,5.0000,0.0000,0.0000,0.0000,1788740026.389
1.902,1.2000,5.0000,0.0000,0.0000,0.0000,1788740026.409
1.923,1.2000,5.0000,0.0000,0.0000,0.0000,1788740026.429
1.942,1.2000,5.0000,0.0000,0.0000,0.0000,1788740026.449
1.962,1.2000,5.0000,0.0000,0.0000,0.0000,1788740026.469
1.982,1.2000,5.0000,0.0000,0.0000,0.0000,1788740026.489
2.003,1.2000,5.0000,0.0000,0.0000,0.0000,1788740026.509
2.022,1.2000,5.0000,0.0000,0.0000,0.0000,1788740026.529
2.042,1.2000,5.0000,0.0000,0.0000,0.0000,1788740026.549
2.062,1.2000,5.0000,0.0000,0.0000,0.0000,1788740026.569
2.082,1.2000,5.0000,0.0000,0.0000,0.0000,1788740026.589
2.103,1.2000,5.0000,0.0000,0.0000,0.0000,1788740026.610
2.123,1.2000,5.0000,0.0000,0.0000,0.0000,1788740026.629
2.142,1.2000,5.0000,0.0000,0.0000,0.0000,1788740026.649
2.162,1.2000,5.0000,0.0000,0.0000,0.0000,1788740026.669
2.183,1.2000,5.0000,0.0000,0.0000,0.0000,1788740026.689
2.202,1.2000,5.0000,0.0000,0.0000,0.0000,1788740026.709
2.222,1.2000,5.0000,0.0000,0.0000,0.0000,1788740026.729
2.242,1.2000,5.0000,0.0000,0.0000,0.0000,1788740026.749
2.262,1.2000,5.0000,0.0000,0.0000,0.0000,1788740026.769
2.282,1.2000,5.0000,0.0000,0.0000,0.0000,1788740026.789
2.302,1.2000,5.0000,0.0000,0.0000,0.0000,1788740026.809
2.322,1.2000,5.0000,0.0000,0.0000,0.0000,1788740026.829
2.343,1.2000,5.0000,0.0000,0.0000,0.0000,1788740026.849
2.362,1.2000,5.0000,0.0000,0.0000,0.0000,1788740026.869
2.383,1.2000,5.0000,0.0000,0.0000,0.0000,1788740026.889
2.402,1.2000,5.0000,0.0000,0.0000,0.0000,1788740026.909
2.422,1.2000,5.0000,0.0000,0.0000,0.0000,1788740026.929
2.442,1.2000,5.0000,0.0000,0.0000,0.0000,1788740026.949
2.463,1.2000,5.0000,0.0000,0.0000,0.0000,1788740026.969
2.482,1.2000,5.0000,0.0000,0.0000,0.0000,1788740026.989
2.503,1.2000,5.0000,0.0000,0.0000,0.0000,1788740027.009
2.523,1.2000,5.0000,0.0000,0.0000,0.0000,1788740027.029
2.542,1.2000,5.0000,0.0000,0.0000,0.0000,1788740027.049
2.562,1.2000,5.0000,0.0000,0.0000,0.0000,1788740027.069
2.582,1.2000,5.0000,0.0000,0.0000,0.0000,1788740027.089
2.602,1.2000,5.0000,0.0000,0.0000,0.0000,1788740027.109
2.622,1.2000,5.0000,0.0000,0.0000,0.0000,1788740027.129
2.642,1.2000,5.0000,0.0000,0.0000,0.0000,1788740027.149
2.662,1.2000,5.0000,0.0000,0.0000,0.0000,1788740027.169
2.682,1.2000,5.0000,0.0000,0.0000,0.0000,1788740027.189
2.702,1.2000,5.0000,0.0000,0.0000,0.0000,1788740027.209
2.722,1.2000,5.0000,0.0000,0.0000,0.0000,1788740027.229
2.743,1.2000,5.0000,0.0000,0.0000,0.0000,1788740027.249
2.762,1.2000,5.0000,0.0000,0.0000,0.0000,1788740027.269
2.782,1.2000,5.0000,0.0000,0.0000,0.0000,1788740027.289
2.802,1.2000,5.0000,0.0000,0.0000,0.0000,1788740027.309
2.822,1.2000,5.0000,0.0000,0.0000,0.0000,1788740027.329
2.842,1.2000,5.0000,0.0000,0.0000,0.0000,1788740027.349
2.862,1.2000,5.0000,0.0000,0.0000,0.0000,1788740027.369
2.882,1.2000,5.0000,0.0000,0.0000,0.0000,1788740027.389
2.902,1.2000,5.0000,0.0000,0.0000,0.0000,1788740027.409
2.922,1.2000,5.0000,0.0000,0.0000,0.0000,1788740027.429
2.942,1.2000,5.0000,0.0000,0.0000,0.0000,1788740027.449
2.962,1.2000,5.0000,0.0000,0.0000,0.0000,1788740027.469
2.983,1.2000,5.0000,0.0000,0.0000,0.0000,1788740027.489
3.003,1.2000,5.0000,0.0000,0.0000,0.0000,1788740027.510
3.022,1.2000,5.0000,0.0000,0.0000,0.0000,1788740027.529
3.042,1.2000,5.0000,0.0000,0.0000,0.0000,1788740027.549
3.062,1.2000,5.0000,0.0000,0.0000,0.0000,1788740027.569
3.083,1.2000,5.0000,0.0000,0.0000,0.0000,1788740027.589
3.102,1.2000,5.0000,0.0000,0.0000,0.0000,1788740027.609
3.123,1.2000,5.0000,0.0000,0.0000,0.0000,1788740027.629
3.143,1.2000,5.0000,0.0000,0.0000,0.0000,1788740027.649
3.162,1.2000,5.0000,0.0000,0.0000,0.0000,1788740027.669
3.183,1.2000,5.0000,0.0000,0.0000,0.0000,1788740027.689
3.203,1.2000,5.0000,0.0000,0.0000,0.0000,1788740027.710
3.222,1.2000,5.0000,0.0000,0.0000,0.0000,1788740027.729
3.242,1.2000,5.0000,0.0000,0.0000,0.0000,1788740027.749
3.262,1.2000,5.0000,0.0000,0.0000,0.0000,1788740027.769
3.282,1.2000,5.0000,0.0000,0.0000,0.0000,1788740027.789
3.302,1.2000,5.0000,0.0000,0.0000,0.0000,1788740027.809
3.323,1.2000,5.0000,0.0000,0.0000,0.0000,1788740027.829
3.342,1.2000,5.0000,0.0000,0.0000,0.0000,1788740027.849
3.363,1.2000,5.0000,0.0000,0.0000,0.0000,1788740027.869
3.383,1.2000,5.0000,0.0000,0.0000,0.0000,1788740027.889
3.403,1.2000,5.0000,0.0000,0.0000,0.0000,1788740027.909
3.422,1.2000,5.0000,0.0000,0.0000,0.0000,1788740027.929
3.442,1.2000,5.0000,0.0000,0.0000,0.0000,1788740027.949
3.463,1.2000,5.0000,0.0000,0.0000,0.0000,1788740027.969
3.482,1.2000,5.0000,0.0000,0.0000,0.0000,1788740027.989
3.502,1.2000,5.0000,0.0000,0.0000,0.0000,1788740028.009
3.523,1.2000,5.0000,0.0000,0.0000,0.0000,1788740028.029
3.542,1.2000,5.0000,0.0000,0.0000,0.0000,1788740028.049
3.563,1.2000,5.0000,0.0000,0.0000,0.0000,1788740028.069
3.582,1.2000,5.0000,0.0000,0.0000,0.0000,1788740028.089
3.602,1.2000,5.0000,0.0000,0.0000,0.0000,1788740028.109
3.622,1.2000,5.0000,0.0000,0.0000,0.0000,1788740028.129
3.642,1.2000,5.0000,0.0000,0.0000,0.0000,1788740028.149
3.663,1.2000,5.0000,0.0000,0.0000,0.0000,1788740028.169
3.682,1.2000,5.0000,0.0000,0.0000,0.0000,1788740028.189
3.702,1.2000,5.0000,0.0000,0.0000,0.0000,1788740028.209
3.722,1.2000,5.0000,0.0000,0.0000,0.0000,1788740028.229
3.743,1.2000,5.0000,0.0000,0.0000,0.0000,1788740028.249
3.763,1.2000,5.0000,0.0000,0.0000,0.0000,1788740028.270
3.783,1.2000,5.0000,0.0000,0.0000,0.0000,1788740028.289
3.803,1.2000,5.0000,0.0000,0.0000,0.0000,1788740028.309
3.822,1.2000,5.0000,0.0000,0.0000,0.0000,1788740028.329
3.842,1.2000,5.0000,0.0000,0.0000,0.0000,1788740028.349
3.862,1.2000,5.0000,0.0000,0.0000,0.0000,1788740028.369
3.883,1.2000,5.0000,0.0000,0.0000,0.0000,1788740028.389
3.902,1.2000,5.0000,0.0000,0.0000,0.0000,1788740028.409
3.922,1.2000,5.0000,0.0000,0.0000,0.0000,1788740028.429
3.942,1.2000,5.0000,0.0000,0.0000,0.0000,1788740028.449
3.962,1.2000,5.0000,0.0000,0.0000,0.0000,1788740028.469
3.982,1.2000,5.0000,0.0000,0.0000,0.0000,1788740028.489
4.003,1.2000,5.0000,0.0000,0.0000,0.0000,1788740028.509
4.022,1.2000,5.0000,0.0000,0.0000,0.0000,1788740028.529
4.043,1.2000,5.0000,0.0000,0.0000,0.0000,1788740028.549
4.063,1.2000,5.0000,0.0000,0.0000,0.0000,1788740028.569
4.082,1.2000,5.0000,0.0000,0.0000,0.0000,1788740028.589
4.103,1.2000,5.0000,0.0000,0.0000,0.0000,1788740028.609
4.123,1.2000,5.0000,0.0000,0.0000,0.0000,1788740028.629
4.142,1.2000,5.0000,0.0000,0.0000,0.0000,1788740028.649
4.162,1.2000,5.0000,0.0000,0.0000,0.0000,1788740028.669
4.182,1.2000,5.0000,0.0000,0.0000,0.0000,1788740028.689
4.202,1.2000,5.0000,0.0000,0.0000,0.0000,1788740028.709
4.222,1.2000,5.0000,0.0000,0.0000,0.0000,1788740028.729
4.242,1.2000,5.0000,0.0000,0.0000,0.0000,1788740028.749
4.262,1.2000,5.0000,0.0000,0.0000,0.0000,1788740028.769
4.283,1.2000,5.0000,0.0000,0.0000,0.0000,1788740028.789
4.303,1.2000,5.0000,0.0000,0.0000,0.0000,1788740028.809
4.323,1.2000,5.0000,0.0000,0.0000,0.0000,1788740028.829
4.342,1.2000,5.0000,0.0000,0.0000,0.0000,1788740028.849
4.362,1.2000,5.0000,0.0000,0.0000,0.0000,1788740028.869
4.382,1.2000,5.0000,0.0000,0.0000,0.0000,1788740028.889
4.402,1.2000,5.0000,0.0000,0.0000,0.0000,1788740028.909
4.422,1.2000,5.0000,0.0000,0.0000,0.0000,1788740028.929
4.442,1.2000,5.0000,0.0000,0.0000,0.0000,1788740028.949
4.462,1.2000,5.0000,0.0000,0.0000,0.0000,1788740028.969
4.482,1.2000,5.0000,0.0000,0.0000,0.0000,1788740028.989
4.502,1.2000,5.0000,0.0000,0.0000,0.0000,1788740029.009
4.522,1.2000,5.0000,0.0000,0.0000,0.0000,1788740029.029
4.543,1.2000,5.0000,0.0000,0.0000,0.0000,1788740029.049
4.563,1.2000,5.0000,0.0000,0.0000,0.0000,1788740029.069
4.583,1.2000,5.0000,0.0000,0.0000,0.0000,1788740029.089
4.603,1.2000,5.0000,0.0000,0.0000,0.0000,1788740029.109
4.622,1.2000,5.0000,0.0000,0.0000,0.0000,1788740029.129
4.643,1.2000,5.0000,0.0000,0.0000,0.0000,1788740029.149
4.662,1.2000,5.0000,0.0000,0.0000,0.0000,1788740029.169
4.682,1.2000,5.0000,0.0000,0.0000,0.0000,1788740029.189
4.703,1.2000,5.0000,0.0000,0.0000,0.0000,1788740029.209
4.722,1.2000,5.0000,0.0000,0.0000,0.0000,1788740029.229
4.742,1.2000,5.0000,0.0000,0.0000,0.0000,1788740029.249
4.762,1.2000,5.0000,0.0000,0.0000,0.0000,1788740029.269
4.782,1.2000,5.0000,0.0000,0.0000,0.0000,1788740029.289
4.802,1.2000,5.0000,0.0000,0.0000,0.0000,1788740029.309
4.822,1.2000,5.0000,0.0000,0.0000,0.0000,1788740029.329
4.842,1.2000,5.0000,0.0000,0.0000,0.0000,1788740029.349
4.862,1.2000,5.0000,0.0000,0.0000,0.0000,1788740029.369
4.882,1.2000,5.0000,0.0000,0.0000,0.0000,1788740029.389
4.902,1.2000,5.0000,0.0000,0.0000,0.0000,1788740029.409
4.922,1.2000,5.0000,0.0000,0.0000,0.0000,1788740029.429
4.942,1.2000,5.0000,0.0000,0.0000,0.0000,1788740029.449
4.962,1.2000,5.0000,0.0000,0.0000,0.0000,1788740029.469
4.982,1.2000,5.0000,0.0000,0.0000,0.0000,1788740029.489
5.002,1.2000,5.0000,0.0000,0.0000,0.0000,1788740029.509
5.022,1.2000,5.0000,0.0000,0.0000,0.0000,1788740029.529
5.042,1.2000,5.0000,0.0000,0.0000,0.0000,1788740029.549
5.062,1.2000,5.0000,0.0000,0.0000,0.0000,1788740029.569
5.082,1.2000,5.0000,0.0000,0.0000,0.0000,1788740029.589
5.102,1.2000,5.0000,0.0000,0.0000,0.0000,1788740029.609
5.122,1.2000,5.0000,0.0000,0.0000,0.0000,1788740029.629
5.142,1.2000,5.0000,0.0000,0.0000,0.0000,1788740029.649
5.162,1.2000,5.0000,0.0000,0.0000,0.0000,1788740029.669
5.182,1.2000,5.0000,0.0000,0.0000,0.0000,1788740029.689
5.202,1.2000,5.0000,0.0000,0.0000,0.0000,1788740029.709
5.222,1.2000,5.0000,0.0000,0.0000,0.0000,1788740029.729
5.243,1.2000,5.0000,0.0000,0.0000,0.0000,1788740029.749
5.263,1.2000,5.0000,0.0000,0.0000,0.0000,1788740029.769
5.282,1.2000,5.0000,0.0000,0.0000,0.0000,1788740029.789
5.302,1.2000,5.0000,0.0000,0.0000,0.0000,1788740029.809
5.322,1.2000,5.0000,0.0000,0.0000,0.0000,1788740029.829
5.342,1.2000,5.0000,0.0000,0.0000,0.0000,1788740029.849
5.362,1.2000,5.0000,0.0000,0.0000,0.0000,1788740029.869
5.382,1.2000,5.0000,0.0000,0.0000,0.0000,1788740029.889
5.402,1.2000,5.0000,0.0000,0.0000,0.0000,1788740029.909
5.422,1.2000,5.0000,0.0000,0.0000,0.0000,1788740029.929
5.442,1.2000,5.0000,0.0000,0.0000,0.0000,1788740029.949
5.462,1.2000,5.0000,0.0000,0.0000,0.0000,1788740029.969
5.483,1.2000,5.0000,0.0000,0.0000,0.0000,1788740029.989
5.503,1.2000,5.0000,0.0000,0.0000,0.0000,1788740030.009
5.522,1.2000,5.0000,0.0000,0.0000,0.0000,1788740030.029
5.542,1.2000,5.0000,0.0000,0.0000,0.0000,1788740030.049
5.562,1.2000,5.0000,0.0000,0.0000,0.0000,1788740030.069
5.582,1.2000,5.0000,0.0000,0.0000,0.0000,1788740030.089
5.602,1.2000,5.0000,0.0000,0.0000,0.0000,1788740030.109
5.622,1.2000,5.0000,0.0000,0.0000,0.0000,1788740030.129
5.642,1.2000,5.0000,0.0000,0.0000,0.0000,1788740030.149
5.662,1.2000,5.0000,0.0000,0.0000,0.0000,1788740030.169
5.682,1.2000,5.0000,0.0000,0.0000,0.0000,1788740030.189
5.703,1.2000,5.0000,0.0000,0.0000,0.0000,1788740030.209
5.722,1.2000,5.0000,0.0000,0.0000,0.0000,1788740030.229
5.742,1.2000,5.0000,0.0000,0.0000,0.0000,1788740030.249
5.763,1.2000,5.0000,0.0000,0.0000,0.0000,1788740030.269
5.783,1.2000,5.0000,0.0000,0.0000,0.0000,1788740030.289
5.803,1.2000,5.0000,0.0000,0.0000,0.0000,1788740030.309
5.822,1.2000,5.0000,0.0000,0.0000,0.0000,1788740030.329
5.842,1.2000,5.0000,0.0000,0.0000,0.0000,1788740030.349
5.862,1.2000,5.0000,0.0000,0.0000,0.0000,1788740030.369
5.882,1.2000,5.0000,0.0000,0.0000,0.0000,1788740030.389
5.902,1.2000,5.0000,0.0000,0.0000,0.0000,1788740030.409
5.922,1.2000,5.0000,0.0000,0.0000,0.0000,1788740030.429
5.942,1.2000,5.0000,0.0000,0.0000,0.0000,1788740030.449
5.962,1.2000,5.0000,0.0000,0.0000,0.0000,1788740030.469
5.982,1.2000,5.0000,0.0000,0.0000,0.0000,1788740030.489
6.002,1.2000,5.0000,0.0000,0.0000,0.0000,1788740030.509
6.022,1.2000,5.0000,0.0000,0.0000,0.0000,1788740030.529
6.043,1.2000,5.0000,0.0000,0.0000,0.0000,1788740030.549
6.063,1.2000,5.0000,0.0000,0.0000,0.0000,1788740030.569
6.083,1.2000,5.0000,0.0000,0.0000,0.0000,1788740030.589
6.102,1.2000,5.0000,0.0000,0.0000,0.0000,1788740030.609
6.122,1.2000,5.0000,0.0000,0.0000,0.0000,1788740030.629
6.142,1.2000,5.0000,0.0000,0.0000,0.0000,1788740030.649
6.162,1.2000,5.0000,0.0000,0.0000,0.0000,1788740030.669
6.182,1.2000,5.0000,0.0000,0.0000,0.0000,1788740030.689
6.202,1.2000,5.0000,0.0000,0.0000,0.0000,1788740030.709
6.222,1.2000,5.0000,0.0000,0.0000,0.0000,1788740030.729
6.242,1.2000,5.0000,0.0000,0.0000,0.0000,1788740030.749
6.262,1.2000,5.0000,0.0000,0.0000,0.0000,1788740030.769
6.282,1.2000,5.0000,0.0000,0.0000,0.0000,1788740030.789
6.302,1.2000,5.0000,0.0000,0.0000,0.0000,1788740030.809
6.322,1.2000,5.0000,0.0000,0.0000,0.0000,1788740030.829
6.343,1.2000,5.0000,0.0000,0.0000,0.0000,1788740030.849
6.363,1.2000,5.0000,0.0000,0.0000,0.0000,1788740030.869
6.383,1.2000,5.0000,0.0000,0.0000,0.0000,1788740030.889
6.403,1.2000,5.0000,0.0000,0.0000,0.0000,1788740030.909
6.422,1.2000,5.0000,0.0000,0.0000,0.0000,1788740030.929
6.443,1.2000,5.0000,0.0000,0.0000,0.0000,1788740030.949
6.463,1.2000,5.0000,0.0000,0.0000,0.0000,1788740030.969
6.483,1.2000,5.0000,0.0000,0.0000,0.0000,1788740030.989
6.502,1.2000,5.0000,0.0000,0.0000,0.0000,1788740031.009
6.523,1.2000,5.0000,0.0000,0.0000,0.0000,1788740031.029
6.542,1.2000,5.0000,0.0000,0.0000,0.0000,1788740031.049
6.562,1.2000,5.0000,0.0000,0.0000,0.0000,1788740031.069
6.582,1.2000,5.0000,0.0000,0.0000,0.0000,1788740031.089
6.602,1.2000,5.0000,0.0000,0.0000,0.0000,1788740031.109
6.622,1.2000,5.0000,0.0000,0.0000,0.0000,1788740031.129
6.642,1.2000,5.0000,0.0000,0.0000,0.0000,1788740031.149
6.662,1.2000,5.0000,0.0000,0.0000,0.0000,1788740031.169
6.682,1.2000,5.0000,0.0000,0.0000,0.0000,1788740031.189
6.703,1.2000,5.0000,0.0000,0.0000,0.0000,1788740031.209
6.722,1.2000,5.0000,0.0000,0.0000,0.0000,1788740031.229
6.743,1.2000,5.0000,0.0000,0.0000,0.0000,1788740031.249
6.763,1.2000,5.0000,0.0000,0.0000,0.0000,1788740031.269
6.782,1.2000,5.0000,0.0000,0.0000,0.0000,1788740031.289
6.802,1.2000,5.0000,0.0000,0.0000,0.0000,1788740031.309
6.822,1.2000,5.0000,0.0000,0.0000,0.0000,1788740031.329
6.842,1.2000,5.0000,0.0000,0.0000,0.0000,1788740031.349
6.862,1.2000,5.0000,0.0000,0.0000,0.0000,1788740031.369
6.882,1.2000,5.0000,0.0000,0.0000,0.0000,1788740031.389
6.902,1.2000,5.0000,0.0000,0.0000,0.0000,1788740031.409
6.922,1.2000,5.0000,0.0000,0.0000,0.0000,1788740031.429
6.942,1.2000,5.0000,0.0000,0.0000,0.0000,1788740031.449
6.962,1.2000,5.0000,0.0000,0.0000,0.0000,1788740031.469
6.982,1.2000,5.0000,0.0000,0.0000,0.0000,1788740031.489
7.003,1.2000,5.0000,0.0000,0.0000,0.0000,1788740031.509
7.022,1.2000,5.0000,0.0000,0.0000,0.0000,1788740031.529
7.043,1.2000,5.0000,0.0000,0.0000,0.0000,1788740031.549
7.063,1.2000,5.0000,0.0000,0.0000,0.0000,1788740031.569
7.083,1.2000,5.0000,0.0000,0.0000,0.0000,1788740031.589
7.102,1.2000,5.0000,0.0000,0.0000,0.0000,1788740031.609
7.122,1.2000,5.0000,0.0000,0.0000,0.0000,1788740031.629
7.142,1.2000,5.0000,0.0000,0.0000,0.0000,1788740031.649
7.162,1.2000,5.0000,0.0000,0.0000,0.0000,1788740031.669
7.182,1.2000,5.0000,0.0000,0.0000,0.0000,1788740031.689
7.202,1.2000,5.0000,0.0000,0.0000,0.0000,1788740031.709
7.222,1.2000,5.0000,0.0000,0.0000,0.0000,1788740031.729
7.243,1.2000,5.0000,0.0000,0.0000,0.0000,1788740031.749
7.263,1.2000,5.0000,0.0000,0.0000,0.0000,1788740031.769
7.283,1.2000,5.0000,0.0000,0.0000,0.0000,1788740031.789
7.303,1.2000,5.0000,0.0000,0.0000,0.0000,1788740031.809
7.322,1.2000,5.0000,0.0000,0.0000,0.0000,1788740031.829
7.342,1.2000,5.0000,0.0000,0.0000,0.0000,1788740031.849
7.363,1.2000,5.0000,0.0000,0.0000,0.0000,1788740031.869
7.382,1.2000,5.0000,0.0000,0.0000,0.0000,1788740031.889
7.402,1.2000,5.0000,0.0000,0.0000,0.0000,1788740031.909
7.422,1.2000,5.0000,0.0000,0.0000,0.0000,1788740031.929
7.443,1.2000,5.0000,0.0000,0.0000,0.0000,1788740031.949
7.462,1.2000,5.0000,0.0000,0.0000,0.0000,1788740031.969
7.482,1.2000,5.0000,0.0000,0.0000,0.0000,1788740031.989
7.502,1.2000,5.0000,0.0000,0.0000,0.0000,1788740032.009
7.523,1.2000,5.0000,0.0000,0.0000,0.0000,1788740032.029
7.543,1.2000,5.0000,0.0000,0.0000,0.0000,1788740032.049
7.563,1.2000,5.0000,0.0000,0.0000,0.0000,1788740032.069
7.582,1.2000,5.0000,0.0000,0.0000,0.0000,1788740032.089
7.602,1.2000,5.0000,0.0000,0.0000,0.0000,1788740032.109
7.622,1.2000,5.0000,0.0000,0.0000,0.0000,1788740032.129
7.642,1.2000,5.0000,0.0000,0.0000,0.0000,1788740032.149
7.662,1.2000,5.0000,0.0000,0.0000,0.0000,1788740032.169
7.682,1.2000,5.0000,0.0000,0.0000,0.0000,1788740032.189
7.702,1.2000,5.0000,0.0000,0.0000,0.0000,1788740032.209
7.722,1.2000,5.0000,0.0000,0.0000,0.0000,1788740032.229
7.742,1.2000,5.0000,0.0000,0.0000,0.0000,1788740032.249
7.762,1.2000,5.0000,0.0000,0.0000,0.0000,1788740032.269
7.782,1.2000,5.0000,0.0000,0.0000,0.0000,1788740032.289
7.802,1.2000,5.0000,0.0000,0.0000,0.0000,1788740032.309
7.822,1.2000,5.0000,0.0000,0.0000,0.0000,1788740032.329
7.845,1.2000,5.0000,0.0000,0.0000,0.0000,1788740032.351
7.862,1.2000,5.0000,0.0000,0.0000,0.0000,1788740032.369
7.882,1.2000,5.0000,0.0000,0.0000,0.0000,1788740032.389
7.902,1.2000,5.0000,0.0000,0.0000,0.0000,1788740032.409
7.922,1.2000,5.0000,0.0000,0.0000,0.0000,1788740032.429
7.942,1.2000,5.0000,0.0000,0.0000,0.0000,1788740032.449
7.962,1.2000,5.0000,0.0000,0.0000,0.0000,1788740032.469
7.982,1.2000,5.0000,0.0000,0.0000,0.0000,1788740032.489
8.002,1.2000,5.0000,0.0000,0.0000,0.0000,1788740032.509
8.022,1.2000,5.0000,0.0000,0.0000,0.0000,1788740032.529
8.042,1.2000,5.0000,0.0000,0.0000,0.0000,1788740032.549
8.062,1.2000,5.0000,0.0000,0.0000,0.0000,1788740032.569
8.082,1.2000,5.0000,0.0000,0.0000,0.0000,1788740032.589
8.102,1.2000,5.0000,0.0000,0.0000,0.0000,1788740032.609
8.122,1.2000,5.0000,0.0000,0.0000,0.0000,1788740032.629
8.142,1.2000,5.0000,0.0000,0.0000,0.0000,1788740032.649
8.162,1.2000,5.0000,0.0000,0.0000,0.0000,1788740032.669
8.182,1.2000,5.0000,0.0000,0.0000,0.0000,1788740032.689
8.202,1.2000,5.0000,0.0000,0.0000,0.0000,1788740032.709
8.222,1.2000,5.0000,0.0000,0.0000,0.0000,1788740032.729
8.242,1.2000,5.0000,0.0000,0.0000,0.0000,1788740032.749
8.262,1.2000,5.0000,0.0000,0.0000,0.0000,1788740032.769
8.283,1.2000,5.0000,0.0000,0.0000,0.0000,1788740032.789
8.302,1.2000,5.0000,0.0000,0.0000,0.0000,1788740032.809
8.322,1.2000,5.0000,0.0000,0.0000,0.0000,1788740032.829
8.342,1.2004,5.0000,-0.0018,0.0220,-0.0921,1788740032.849
8.362,1.2009,5.0000,-0.0037,0.0220,-0.0921,1788740032.869
8.382,1.2013,5.0000,-0.0055,0.0220,-0.0921,1788740032.889
8.402,1.2018,5.0000,-0.0074,0.0220,-0.0921,1788740032.909
8.422,1.2027,5.0000,-0.0083,0.0459,-0.0441,1788740032.929
8.442,1.2036,5.0000,-0.0091,0.0459,-0.0441,1788740032.949
8.462,1.2045,5.0000,-0.0100,0.0459,-0.0441,1788740032.969
8.482,1.2054,5.0000,-0.0109,0.0459,-0.0441,1788740032.989
8.502,1.2063,4.9999,-0.0118,0.0459,-0.0441,1788740033.009
8.522,1.2077,4.9999,-0.0119,0.0660,-0.0064,1788740033.029
8.543,1.2090,4.9999,-0.0120,0.0660,-0.0064,1788740033.049
8.563,1.2103,4.9999,-0.0122,0.0660,-0.0064,1788740033.070
8.582,1.2116,4.9999,-0.0123,0.0660,-0.0064,1788740033.089
8.603,1.2129,4.9999,-0.0124,0.0660,-0.0064,1788740033.109
8.622,1.2147,4.9998,-0.0133,0.0859,-0.0419,1788740033.129
8.643,1.2164,4.9998,-0.0141,0.0859,-0.0419,1788740033.149
8.663,1.2181,4.9998,-0.0149,0.0859,-0.0419,1788740033.169
8.682,1.2198,4.9998,-0.0158,0.0859,-0.0419,1788740033.189
8.702,1.2215,4.9997,-0.0166,0.0859,-0.0419,1788740033.209
8.722,1.2236,4.9997,-0.0171,0.1044,-0.0222,1788740033.229
8.742,1.2257,4.9997,-0.0175,0.1044,-0.0222,1788740033.249
8.762,1.2278,4.9996,-0.0179,0.1044,-0.0222,1788740033.269
8.782,1.2299,4.9996,-0.0184,0.1044,-0.0222,1788740033.289
8.802,1.2320,4.9995,-0.0188,0.1044,-0.0222,1788740033.309
8.822,1.2345,4.9995,-0.0196,0.1259,-0.0389,1788740033.329
8.842,1.2370,4.9994,-0.0204,0.1259,-0.0389,1788740033.349
8.862,1.2395,4.9994,-0.0212,0.1259,-0.0389,1788740033.369
8.882,1.2420,4.9993,-0.0219,0.1259,-0.0389,1788740033.389
8.902,1.2446,4.9993,-0.0227,0.1259,-0.0389,1788740033.409
8.923,1.2474,4.9992,-0.0234,0.1424,-0.0327,1788740033.429
8.943,1.2503,4.9991,-0.0240,0.1424,-0.0327,1788740033.449
8.963,1.2531,4.9991,-0.0247,0.1424,-0.0327,1788740033.469
8.982,1.2560,4.9990,-0.0253,0.1424,-0.0327,1788740033.489
9.002,1.2588,4.9989,-0.0260,0.1424,-0.0327,1788740033.509
9.022,1.2620,4.9988,-0.0255,0.1613,0.0266,1788740033.529
9.043,1.2652,4.9988,-0.0249,0.1613,0.0266,1788740033.549
9.062,1.2685,4.9987,-0.0244,0.1613,0.0266,1788740033.569
9.082,1.2717,4.9986,-0.0239,0.1613,0.0266,1788740033.589
9.102,1.2749,4.9985,-0.0233,0.1613,0.0266,1788740033.609
9.123,1.2785,4.9985,-0.0223,0.1781,0.0503,1788740033.629
9.142,1.2820,4.9984,-0.0213,0.1781,0.0503,1788740033.649
9.162,1.2856,4.9983,-0.0203,0.1781,0.0503,1788740033.669
9.182,1.2892,4.9982,-0.0193,0.1781,0.0503,1788740033.689
9.202,1.2927,4.9982,-0.0183,0.1781,0.0503,1788740033.709
9.223,1.2966,4.9981,-0.0164,0.1957,0.0964,1788740033.729
9.243,1.3006,4.9981,-0.0144,0.1957,0.0964,1788740033.749
9.263,1.3045,4.9980,-0.0125,0.1957,0.0964,1788740033.770
9.283,1.3084,4.9980,-0.0106,0.1957,0.0964,1788740033.789
9.303,1.3123,4.9979,-0.0087,0.1957,0.0964,1788740033.809
9.323,1.3165,4.9979,-0.0074,0.2102,0.0629,1788740033.829
9.343,1.3207,4.9979,-0.0062,0.2102,0.0629,1788740033.849
9.363,1.3249,4.9979,-0.0049,0.2102,0.0629,1788740033.869
9.383,1.3291,4.9978,-0.0036,0.2102,0.0629,1788740033.889
9.402,1.3333,4.9978,-0.0024,0.2102,0.0629,1788740033.909
9.423,1.3378,4.9978,-0.0020,0.2265,0.0190,1788740033.929
9.443,1.3424,4.9978,-0.0016,0.2265,0.0190,1788740033.949
9.462,1.3469,4.9978,-0.0012,0.2265,0.0190,1788740033.969
9.482,1.3514,4.9978,-0.0009,0.2265,0.0190,1788740033.989
9.502,1.3560,4.9978,-0.0005,0.2265,0.0190,1788740034.009
9.523,1.3608,4.9978,-0.0005,0.2406,-0.0029,1788740034.029
9.542,1.3656,4.9978,-0.0006,0.2406,-0.0029,1788740034.049
9.562,1.3704,4.9978,-0.0007,0.2406,-0.0029,1788740034.069
9.582,1.3752,4.9978,-0.0007,0.2406,-0.0029,1788740034.089
9.602,1.3800,4.9978,-0.0008,0.2406,-0.0029,1788740034.109
9.623,1.3852,4.9978,-0.0006,0.2578,0.0061,1788740034.129
9.643,1.3903,4.9978,-0.0005,0.2578,0.0061,1788740034.149
9.662,1.3955,4.9978,-0.0004,0.2578,0.0061,1788740034.169
9.682,1.4006,4.9978,-0.0003,0.2578,0.0061,1788740034.189
9.702,1.4058,4.9978,-0.0002,0.2578,0.0061,1788740034.209
9.723,1.4113,4.9978,0.0001,0.2738,0.0134,1788740034.229
9.743,1.4168,4.9978,0.0004,0.2738,0.0134,1788740034.250
9.763,1.4222,4.9978,0.0006,0.2738,0.0134,1788740034.269
9.782,1.4277,4.9978,0.0009,0.2738,0.0134,1788740034.289
9.802,1.4332,4.9978,0.0012,0.2738,0.0134,1788740034.309
9.823,1.4389,4.9978,0.0020,0.2834,0.0389,1788740034.329
9.843,1.4445,4.9978,0.0027,0.2834,0.0389,1788740034.349
9.863,1.4502,4.9978,0.0035,0.2834,0.0389,1788740034.369
9.882,1.4559,4.9979,0.0043,0.2834,0.0389,1788740034.389
9.902,1.4615,4.9979,0.0051,0.2834,0.0389,1788740034.409
9.922,1.4675,4.9979,0.0055,0.2973,0.0219,1788740034.429
9.942,1.4734,4.9980,0.0059,0.2973,0.0219,1788740034.449
9.963,1.4794,4.9980,0.0064,0.2973,0.0219,1788740034.469
9.983,1.4853,4.9980,0.0068,0.2973,0.0219,1788740034.489
10.002,1.4913,4.9981,0.0073,0.2973,0.0219,1788740034.509
10.022,1.4975,4.9981,0.0069,0.3099,-0.0160,1788740034.529
10.043,1.5037,4.9982,0.0066,0.3099,-0.0160,1788740034.549
10.063,1.5098,4.9982,0.0063,0.3099,-0.0160,1788740034.569
10.082,1.5160,4.9982,0.0060,0.3099,-0.0160,1788740034.589
10.102,1.5222,4.9983,0.0057,0.3099,-0.0160,1788740034.609
10.122,1.5287,4.9983,0.0051,0.3211,-0.0273,1788740034.629
10.142,1.5351,4.9983,0.0046,0.3211,-0.0273,1788740034.649
10.162,1.5415,4.9984,0.0040,0.3211,-0.0273,1788740034.669
10.182,1.5479,4.9984,0.0035,0.3211,-0.0273,1788740034.689
10.202,1.5544,4.9984,0.0029,0.3211,-0.0273,1788740034.709
10.223,1.5611,4.9984,0.0027,0.3381,-0.0128,1788740034.729
10.243,1.5679,4.9984,0.0024,0.3381,-0.0128,1788740034.749
10.263,1.5746,4.9985,0.0022,0.3381,-0.0128,1788740034.769
10.282,1.5814,4.9985,0.0019,0.3381,-0.0128,1788740034.789
10.303,1.5882,4.9985,0.0016,0.3381,-0.0128,1788740034.809
10.323,1.5953,4.9985,0.0021,0.3555,0.0203,1788740034.829
10.343,1.6024,4.9985,0.0025,0.3555,0.0203,1788740034.849
10.363,1.6095,4.9985,0.0029,0.3555,0.0203,1788740034.869
10.382,1.6166,4.9986,0.0033,0.3555,0.0203,1788740034.889
10.402,1.6237,4.9986,0.0037,0.3555,0.0203,1788740034.909
10.422,1.6311,4.9986,0.0041,0.3700,0.0198,1788740034.929
10.442,1.6385,4.9986,0.0045,0.3700,0.0198,1788740034.949
10.462,1.6459,4.9987,0.0049,0.3700,0.0198,1788740034.969
10.482,1.6533,4.9987,0.0053,0.3700,0.0198,1788740034.989
10.502,1.6607,4.9988,0.0057,0.3700,0.0198,1788740035.009
10.523,1.6684,4.9988,0.0066,0.3834,0.0449,1788740035.029
10.542,1.6760,4.9989,0.0075,0.3834,0.0449,1788740035.049
10.563,1.6837,4.9989,0.0084,0.3834,0.0449,1788740035.069
10.582,1.6914,4.9990,0.0093,0.3834,0.0449,1788740035.089
10.603,1.6991,4.9991,0.0101,0.3834,0.0449,1788740035.109
10.623,1.7068,4.9992,0.0111,0.3861,0.0463,1788740035.129
10.643,1.7145,4.9993,0.0120,0.3861,0.0463,1788740035.149
10.663,1.7222,4.9994,0.0129,0.3861,0.0463,1788740035.169
10.683,1.7299,4.9995,0.0139,0.3861,0.0463,1788740035.189
10.703,1.7377,4.9996,0.0148,0.3861,0.0463,1788740035.209
10.723,1.7454,4.9997,0.0158,0.3881,0.0511,1788740035.229
10.742,1.7532,4.9998,0.0168,0.3881,0.0511,1788740035.249
10.762,1.7609,5.0000,0.0178,0.3881,0.0511,1788740035.269
10.782,1.7687,5.0001,0.0189,0.3881,0.0511,1788740035.289
10.802,1.7765,5.0003,0.0199,0.3881,0.0511,1788740035.309
10.822,1.7841,5.0004,0.0203,0.3842,0.0194,1788740035.329
10.843,1.7918,5.0006,0.0207,0.3842,0.0194,1788740035.349
10.863,1.7995,5.0007,0.0211,0.3842,0.0194,1788740035.369
10.882,1.8072,5.0009,0.0214,0.3842,0.0194,1788740035.389
10.902,1.8149,5.0011,0.0218,0.3842,0.0194,1788740035.409
10.923,1.8226,5.0013,0.0220,0.3873,0.0073,1788740035.429
10.943,1.8304,5.0014,0.0221,0.3873,0.0073,1788740035.449
10.963,1.8381,5.0016,0.0223,0.3873,0.0073,1788740035.469
10.982,1.8459,5.0018,0.0224,0.3873,0.0073,1788740035.489
11.002,1.8536,5.0019,0.0226,0.3873,0.0073,1788740035.509
11.023,1.8614,5.0021,0.0231,0.3922,0.0295,1788740035.529
11.042,1.8693,5.0023,0.0237,0.3922,0.0295,1788740035.549
11.062,1.8771,5.0025,0.0243,0.3922,0.0295,1788740035.569
11.083,1.8850,5.0027,0.0249,0.3922,0.0295,1788740035.589
11.102,1.8928,5.0029,0.0255,0.3922,0.0295,1788740035.609
11.122,1.9006,5.0031,0.0256,0.3900,0.0029,1788740035.629
11.142,1.9084,5.0033,0.0256,0.3900,0.0029,1788740035.649
11.162,1.9162,5.0035,0.0257,0.3900,0.0029,1788740035.669
11.182,1.9240,5.0037,0.0257,0.3900,0.0029,1788740035.689
11.203,1.9318,5.0039,0.0258,0.3900,0.0029,1788740035.709
11.222,1.9395,5.0041,0.0264,0.3845,0.0303,1788740035.729
11.242,1.9472,5.0043,0.0270,0.3845,0.0303,1788740035.749
11.262,1.9548,5.0045,0.0276,0.3845,0.0303,1788740035.769
11.282,1.9625,5.0047,0.0282,0.3845,0.0303,1788740035.789
11.302,1.9702,5.0050,0.0288,0.3845,0.0303,1788740035.809
11.323,1.9780,5.0052,0.0296,0.3904,0.0366,1788740035.829
11.343,1.9858,5.0054,0.0303,0.3904,0.0366,1788740035.849
11.363,1.9936,5.0057,0.0310,0.3904,0.0366,1788740035.869
11.383,2.0014,5.0059,0.0318,0.3904,0.0366,1788740035.889
11.402,2.0092,5.0062,0.0325,0.3904,0.0366,1788740035.909
11.422,2.0169,5.0064,0.0323,0.3855,-0.0082,1788740035.929
11.442,2.0246,5.0067,0.0322,0.3855,-0.0082,1788740035.949
11.462,2.0324,5.0069,0.0320,0.3855,-0.0082,1788740035.969
11.482,2.0401,5.0072,0.0318,0.3855,-0.0082,1788740035.989
11.502,2.0478,5.0074,0.0317,0.3855,-0.0082,1788740036.009
11.522,2.0554,5.0076,0.0318,0.3839,0.0076,1788740036.029
11.542,2.0631,5.0079,0.0320,0.3839,0.0076,1788740036.049
11.563,2.0708,5.0081,0.0321,0.3839,0.0076,1788740036.069
11.582,2.0785,5.0084,0.0323,0.3839,0.0076,1788740036.089
11.602,2.0861,5.0086,0.0324,0.3839,0.0076,1788740036.109
11.622,2.0939,5.0089,0.0328,0.3877,0.0185,1788740036.129
11.642,2.1016,5.0091,0.0332,0.3877,0.0185,1788740036.149
11.662,2.1094,5.0094,0.0335,0.3877,0.0185,1788740036.169
11.682,2.1171,5.0097,0.0339,0.3877,0.0185,1788740036.189
11.702,2.1249,5.0099,0.0343,0.3877,0.0185,1788740036.209
11.722,2.1326,5.0102,0.0349,0.3872,0.0326,1788740036.229
11.742,2.1404,5.0105,0.0356,0.3872,0.0326,1788740036.249
11.762,2.1481,5.0108,0.0362,0.3872,0.0326,1788740036.269
11.782,2.1558,5.0110,0.0369,0.3872,0.0326,1788740036.289
11.802,2.1636,5.0113,0.0375,0.3872,0.0326,1788740036.309
11.822,2.1712,5.0116,0.0378,0.3803,0.0113,1788740036.329
11.842,2.1788,5.0119,0.0380,0.3803,0.0113,1788740036.349
11.862,2.1864,5.0122,0.0382,0.3803,0.0113,1788740036.369
11.882,2.1940,5.0125,0.0384,0.3803,0.0113,1788740036.389
11.902,2.2016,5.0128,0.0387,0.3803,0.0113,1788740036.409
11.923,2.2093,5.0131,0.0380,0.3838,-0.0317,1788740036.429
11.942,2.2169,5.0134,0.0374,0.3838,-0.0317,1788740036.449
11.962,2.2246,5.0137,0.0368,0.3838,-0.0317,1788740036.469
11.982,2.2323,5.0139,0.0361,0.3838,-0.0317,1788740036.489
12.002,2.2399,5.0142,0.0355,0.3838,-0.0317,1788740036.509
12.022,2.2477,5.0145,0.0342,0.3896,-0.0630,1788740036.529
12.042,2.2555,5.0147,0.0330,0.3896,-0.0630,1788740036.549
12.062,2.2633,5.0150,0.0317,0.3896,-0.0630,1788740036.569
12.082,2.2711,5.0152,0.0305,0.3896,-0.0630,1788740036.589
12.102,2.2789,5.0154,0.0292,0.3896,-0.0630,1788740036.609
12.122,2.2867,5.0157,0.0280,0.3910,-0.0589,1788740036.629
12.142,2.2945,5.0159,0.0268,0.3910,-0.0589,1788740036.649
12.163,2.3023,5.0161,0.0257,0.3910,-0.0589,1788740036.669
12.182,2.3101,5.0163,0.0245,0.3910,-0.0589,1788740036.689
12.202,2.3180,5.0164,0.0233,0.3910,-0.0589,1788740036.709
12.222,2.3257,5.0166,0.0221,0.3870,-0.0612,1788740036.729
12.243,2.3334,5.0168,0.0209,0.3870,-0.0612,1788740036.749
12.263,2.3412,5.0169,0.0196,0.3870,-0.0612,1788740036.769
12.283,2.3489,5.0171,0.0184,0.3870,-0.0612,1788740036.789
12.302,2.3567,5.0172,0.0172,0.3870,-0.0612,1788740036.809
12.323,2.3645,5.0173,0.0155,0.3908,-0.0829,1788740036.829
12.342,2.3723,5.0174,0.0139,0.3908,-0.0829,1788740036.849
12.362,2.3801,5.0175,0.0122,0.3908,-0.0829,1788740036.869
12.382,2.3879,5.0176,0.0106,0.3908,-0.0829,1788740036.889
12.402,2.3957,5.0177,0.0089,0.3908,-0.0829,1788740036.909
12.422,2.4036,5.0177,0.0066,0.3919,-0.1139,1788740036.929
12.442,2.4114,5.0178,0.0043,0.3919,-0.1139,1788740036.949
12.462,2.4192,5.0178,0.0021,0.3919,-0.1139,1788740036.969
12.482,2.4271,5.0178,-0.0002,0.3919,-0.1139,1788740036.989
12.502,2.4349,5.0178,-0.0025,0.3919,-0.1139,1788740037.009
12.522,2.4428,5.0177,-0.0044,0.3915,-0.0935,1788740037.029
12.543,2.4506,5.0177,-0.0062,0.3915,-0.0935,1788740037.049
12.563,2.4584,5.0176,-0.0081,0.3915,-0.0935,1788740037.069
12.582,2.4662,5.0175,-0.0100,0.3915,-0.0935,1788740037.089
12.602,2.4741,5.0174,-0.0118,0.3915,-0.0935,1788740037.109
12.622,2.4819,5.0173,-0.0132,0.3926,-0.0700,1788740037.129
12.643,2.4898,5.0172,-0.0146,0.3926,-0.0700,1788740037.149
12.663,2.4976,5.0171,-0.0160,0.3926,-0.0700,1788740037.169
12.682,2.5055,5.0170,-0.0174,0.3926,-0.0700,1788740037.189
12.702,2.5133,5.0168,-0.0188,0.3926,-0.0700,1788740037.209
12.722,2.5211,5.0167,-0.0201,0.3896,-0.0607,1788740037.229
12.742,2.5289,5.0165,-0.0213,0.3896,-0.0607,1788740037.249
12.762,2.5367,5.0163,-0.0225,0.3896,-0.0607,1788740037.269
12.782,2.5445,5.0161,-0.0237,0.3896,-0.0607,1788740037.289
12.802,2.5523,5.0159,-0.0249,0.3896,-0.0607,1788740037.309
12.822,2.5601,5.0157,-0.0258,0.3889,-0.0445,1788740037.329
12.842,2.5678,5.0155,-0.0267,0.3889,-0.0445,1788740037.349
12.862,2.5756,5.0153,-0.0276,0.3889,-0.0445,1788740037.369
12.882,2.5834,5.0151,-0.0285,0.3889,-0.0445,1788740037.389
12.902,2.5912,5.0149,-0.0294,0.3889,-0.0445,1788740037.409
12.923,2.5989,5.0146,-0.0308,0.3888,-0.0717,1788740037.429
12.942,2.6067,5.0144,-0.0322,0.3888,-0.0717,1788740037.449
12.962,2.6145,5.0141,-0.0337,0.3888,-0.0717,1788740037.469
12.982,2.6222,5.0138,-0.0351,0.3888,-0.0717,1788740037.489
13.002,2.6300,5.0136,-0.0365,0.3888,-0.0717,1788740037.509
13.022,2.6378,5.0133,-0.0385,0.3899,-0.0991,1788740037.529
13.042,2.6456,5.0129,-0.0405,0.3899,-0.0991,1788740037.549
13.063,2.6534,5.0126,-0.0425,0.3899,-0.0991,1788740037.569
13.082,2.6612,5.0123,-0.0445,0.3899,-0.0991,1788740037.589
13.102,2.6690,5.0119,-0.0464,0.3899,-0.0991,1788740037.609
13.122,2.6766,5.0115,-0.0476,0.3822,-0.0563,1788740037.629
13.142,2.6842,5.0112,-0.0487,0.3822,-0.0563,1788740037.649
13.162,2.6919,5.0108,-0.0498,0.3822,-0.0563,1788740037.669
13.183,2.6995,5.0104,-0.0509,0.3822,-0.0563,1788740037.689
13.203,2.7071,5.0100,-0.0521,0.3822,-0.0563,1788740037.710
13.222,2.7149,5.0096,-0.0526,0.3881,-0.0247,1788740037.729
13.242,2.7227,5.0092,-0.0531,0.3881,-0.0247,1788740037.749
13.262,2.7304,5.0088,-0.0536,0.3881,-0.0247,1788740037.769
13.282,2.7382,5.0083,-0.0540,0.3881,-0.0247,1788740037.789
13.302,2.7459,5.0079,-0.0545,0.3881,-0.0247,1788740037.809
13.322,2.7536,5.0075,-0.0538,0.3843,0.0365,1788740037.829
13.342,2.7612,5.0071,-0.0531,0.3843,0.0365,1788740037.849
13.362,2.7689,5.0067,-0.0523,0.3843,0.0365,1788740037.869
13.382,2.7766,5.0063,-0.0516,0.3843,0.0365,1788740037.889
13.402,2.7843,5.0059,-0.0509,0.3843,0.0365,1788740037.909
13.422,2.7921,5.0055,-0.0497,0.3915,0.0610,1788740037.929
13.442,2.7999,5.0051,-0.0484,0.3915,0.0610,1788740037.949
13.463,2.8077,5.0048,-0.0472,0.3915,0.0610,1788740037.969
13.483,2.8156,5.0044,-0.0460,0.3915,0.0610,1788740037.989
13.503,2.8234,5.0041,-0.0448,0.3915,0.0610,1788740038.009
13.523,2.8312,5.0037,-0.0429,0.3934,0.0932,1788740038.029
13.542,2.8391,5.0034,-0.0411,0.3934,0.0932,1788740038.049
13.563,2.8470,5.0031,-0.0392,0.3934,0.0932,1788740038.070
13.582,2.8548,5.0028,-0.0373,0.3934,0.0932,1788740038.089
13.602,2.8627,5.0025,-0.0355,0.3934,0.0932,1788740038.109
13.622,2.8704,5.0023,-0.0330,0.3835,0.1255,1788740038.129
13.642,2.8780,5.0020,-0.0304,0.3835,0.1255,1788740038.149
13.662,2.8857,5.0018,-0.0279,0.3835,0.1255,1788740038.169
13.682,2.8934,5.0016,-0.0254,0.3835,0.1255,1788740038.189
13.702,2.9010,5.0014,-0.0229,0.3835,0.1255,1788740038.209
13.722,2.9088,5.0013,-0.0202,0.3869,0.1332,1788740038.229
13.742,2.9165,5.0012,-0.0176,0.3869,0.1332,1788740038.249
13.763,2.9242,5.0010,-0.0149,0.3869,0.1332,1788740038.269
13.782,2.9320,5.0009,-0.0123,0.3869,0.1332,1788740038.289
13.802,2.9397,5.0009,-0.0096,0.3869,0.1332,1788740038.309
13.822,2.9474,5.0008,-0.0070,0.3854,0.1314,1788740038.329
13.843,2.9551,5.0008,-0.0043,0.3854,0.1314,1788740038.349
13.862,2.9628,5.0008,-0.0017,0.3854,0.1314,1788740038.369
13.882,2.9705,5.0008,0.0009,0.3854,0.1314,1788740038.389
13.902,2.9783,5.0008,0.0035,0.3854,0.1314,1788740038.409
13.923,2.9860,5.0008,0.0057,0.3896,0.1086,1788740038.429
13.943,2.9938,5.0009,0.0079,0.3896,0.1086,1788740038.449
13.962,3.0016,5.0010,0.0101,0.3896,0.1086,1788740038.469
13.982,3.0094,5.0011,0.0122,0.3896,0.1086,1788740038.489
14.002,3.0172,5.0012,0.0144,0.3896,0.1086,1788740038.509
14.023,3.0251,5.0013,0.0154,0.3930,0.0493,1788740038.529
14.043,3.0329,5.0014,0.0164,0.3930,0.0493,1788740038.549
14.062,3.0408,5.0016,0.0174,0.3930,0.0493,1788740038.569
14.082,3.0487,5.0017,0.0183,0.3930,0.0493,1788740038.589
14.102,3.0565,5.0019,0.0193,0.3930,0.0493,1788740038.609
14.123,3.0644,5.0020,0.0197,0.3931,0.0163,1788740038.629
14.143,3.0722,5.0022,0.0200,0.3931,0.0163,1788740038.649
14.162,3.0801,5.0024,0.0203,0.3931,0.0163,1788740038.669
14.182,3.0880,5.0025,0.0206,0.3931,0.0163,1788740038.689
14.202,3.0958,5.0027,0.0210,0.3931,0.0163,1788740038.709
14.223,3.1037,5.0028,0.0202,0.3952,-0.0394,1788740038.729
14.243,3.1116,5.0030,0.0194,0.3952,-0.0394,1788740038.749
14.262,3.1195,5.0031,0.0186,0.3952,-0.0394,1788740038.769
14.282,3.1274,5.0033,0.0178,0.3952,-0.0394,1788740038.789
14.302,3.1353,5.0034,0.0170,0.3952,-0.0394,1788740038.809
14.323,3.1432,5.0035,0.0160,0.3926,-0.0536,1788740038.829
14.343,3.1510,5.0037,0.0149,0.3926,-0.0536,1788740038.849
14.363,3.1589,5.0038,0.0138,0.3926,-0.0536,1788740038.869
14.383,3.1667,5.0039,0.0127,0.3926,-0.0536,1788740038.889
14.403,3.1746,5.0040,0.0117,0.3926,-0.0536,1788740038.909
14.423,3.1824,5.0040,0.0109,0.3895,-0.0385,1788740038.929
14.442,3.1902,5.0041,0.0101,0.3895,-0.0385,1788740038.949
14.462,3.1980,5.0042,0.0094,0.3895,-0.0385,1788740038.969
14.483,3.2057,5.0043,0.0086,0.3895,-0.0385,1788740038.989
14.503,3.2135,5.0043,0.0078,0.3895,-0.0385,1788740039.009
14.523,3.2213,5.0044,0.0070,0.3868,-0.0402,1788740039.030
14.543,3.2290,5.0044,0.0062,0.3868,-0.0402,1788740039.049
14.563,3.2367,5.0045,0.0054,0.3868,-0.0402,1788740039.069
14.582,3.2445,5.0045,0.0046,0.3868,-0.0402,1788740039.089
14.602,3.2522,5.0045,0.0038,0.3868,-0.0402,1788740039.109
14.623,3.2600,5.0045,0.0028,0.3883,-0.0471,1788740039.129
14.643,3.2677,5.0046,0.0019,0.3883,-0.0471,1788740039.149
14.663,3.2755,5.0046,0.0010,0.3883,-0.0471,1788740039.169
14.682,3.2833,5.0046,0.0000,0.3883,-0.0471,1788740039.189
14.702,3.2910,5.0046,-0.0009,0.3883,-0.0471,1788740039.209
14.723,3.2988,5.0046,-0.0018,0.3891,-0.0436,1788740039.229
14.743,3.3066,5.0045,-0.0027,0.3891,-0.0436,1788740039.250
14.763,3.3144,5.0045,-0.0035,0.3891,-0.0436,1788740039.269
14.783,3.3222,5.0045,-0.0044,0.3891,-0.0436,1788740039.290
14.803,3.3300,5.0044,-0.0053,0.3891,-0.0436,1788740039.309
14.823,3.3378,5.0044,-0.0068,0.3929,-0.0748,1788740039.329
14.843,3.3457,5.0043,-0.0083,0.3929,-0.0748,1788740039.349
14.862,3.3535,5.0042,-0.0098,0.3929,-0.0748,1788740039.369
14.882,3.3614,5.0041,-0.0113,0.3929,-0.0748,1788740039.389
14.903,3.3692,5.0040,-0.0128,0.3929,-0.0748,1788740039.409
14.923,3.3770,5.0039,-0.0142,0.3854,-0.0728,1788740039.429
14.942,3.3847,5.0038,-0.0157,0.3854,-0.0728,1788740039.449
14.962,3.3924,5.0037,-0.0171,0.3854,-0.0728,1788740039.469
14.982,3.4001,5.0035,-0.0186,0.3854,-0.0728,1788740039.489
15.002,3.4078,5.0034,-0.0200,0.3854,-0.0728,1788740039.509
15.023,3.4155,5.0032,-0.0214,0.3880,-0.0660,1788740039.529
15.043,3.4233,5.0030,-0.0227,0.3880,-0.0660,1788740039.549
15.062,3.4311,5.0029,-0.0240,0.3880,-0.0660,1788740039.569
15.082,3.4388,5.0027,-0.0253,0.3880,-0.0660,1788740039.589
15.102,3.4466,5.0025,-0.0267,0.3880,-0.0660,1788740039.609
15.123,3.4543,5.0022,-0.0276,0.3887,-0.0480,1788740039.629
15.142,3.4621,5.0020,-0.0286,0.3887,-0.0480,1788740039.649
15.162,3.4699,5.0018,-0.0295,0.3887,-0.0480,1788740039.669
15.182,3.4777,5.0015,-0.0305,0.3887,-0.0480,1788740039.689
15.202,3.4854,5.0013,-0.0315,0.3887,-0.0480,1788740039.709
15.223,3.4932,5.0011,-0.0319,0.3878,-0.0200,1788740039.729
15.243,3.5009,5.0008,-0.0323,0.3878,-0.0200,1788740039.749
15.263,3.5087,5.0006,-0.0327,0.3878,-0.0200,1788740039.769
15.282,3.5164,5.0003,-0.0331,0.3878,-0.0200,1788740039.789
15.302,3.5242,5.0000,-0.0335,0.3878,-0.0200,1788740039.809
15.323,3.5318,4.9998,-0.0338,0.3797,-0.0188,1788740039.829
15.342,3.5394,4.9995,-0.0342,0.3797,-0.0188,1788740039.849
15.362,3.5469,4.9993,-0.0346,0.3797,-0.0188,1788740039.869
15.382,3.5545,4.9990,-0.0350,0.3797,-0.0188,1788740039.889
15.402,3.5621,4.9987,-0.0353,0.3797,-0.0188,1788740039.909
15.423,3.5699,4.9984,-0.0359,0.3866,-0.0282,1788740039.929
15.443,3.5776,4.9982,-0.0365,0.3866,-0.0282,1788740039.949
15.463,3.5853,4.9979,-0.0370,0.3866,-0.0282,1788740039.969
15.482,3.5930,4.9976,-0.0376,0.3866,-0.0282,1788740039.989
15.502,3.6008,4.9973,-0.0382,0.3866,-0.0282,1788740040.009
15.522,3.6085,4.9970,-0.0380,0.3885,0.0095,1788740040.029
15.542,3.6163,4.9967,-0.0378,0.3885,0.0095,1788740040.049
15.562,3.6240,4.9964,-0.0376,0.3885,0.0095,1788740040.069
15.582,3.6318,4.9961,-0.0374,0.3885,0.0095,1788740040.089
15.602,3.6396,4.9958,-0.0372,0.3885,0.0095,1788740040.109
15.623,3.6474,4.9955,-0.0369,0.3889,0.0176,1788740040.129
15.643,3.6551,4.9953,-0.0365,0.3889,0.0176,1788740040.149
15.663,3.6629,4.9950,-0.0362,0.3889,0.0176,1788740040.169
15.682,3.6707,4.9947,-0.0358,0.3889,0.0176,1788740040.189
15.702,3.6784,4.9944,-0.0354,0.3889,0.0176,1788740040.209
15.723,3.6863,4.9942,-0.0346,0.3907,0.0401,1788740040.229
15.743,3.6941,4.9939,-0.0338,0.3907,0.0401,1788740040.249
15.762,3.7019,4.9936,-0.0330,0.3907,0.0401,1788740040.269
15.782,3.7097,4.9934,-0.0322,0.3907,0.0401,1788740040.289
15.803,3.7175,4.9931,-0.0314,0.3907,0.0401,1788740040.309
15.823,3.7252,4.9929,-0.0307,0.3857,0.0378,1788740040.329
15.843,3.7329,4.9927,-0.0299,0.3857,0.0378,1788740040.349
15.863,3.7406,4.9924,-0.0292,0.3857,0.0378,1788740040.369
15.883,3.7483,4.9922,-0.0284,0.3857,0.0378,1788740040.389
15.903,3.7561,4.9920,-0.0277,0.3857,0.0378,1788740040.410
15.923,3.7638,4.9918,-0.0274,0.3888,0.0152,1788740040.429
15.943,3.7716,4.9916,-0.0270,0.3888,0.0152,1788740040.449
15.962,3.7794,4.9914,-0.0267,0.3888,0.0152,1788740040.469
15.982,3.7871,4.9912,-0.0264,0.3888,0.0152,1788740040.489
16.002,3.7949,4.9910,-0.0261,0.3888,0.0152,1788740040.509
16.022,3.8027,4.9908,-0.0260,0.3912,0.0088,1788740040.529
16.043,3.8106,4.9906,-0.0258,0.3912,0.0088,1788740040.549
16.063,3.8184,4.9904,-0.0256,0.3912,0.0088,1788740040.569
16.082,3.8262,4.9902,-0.0254,0.3912,0.0088,1788740040.589
16.102,3.8340,4.9900,-0.0253,0.3912,0.0088,1788740040.609
16.122,3.8418,4.9898,-0.0247,0.3864,0.0263,1788740040.629
16.142,3.8495,4.9896,-0.0242,0.3864,0.0263,1788740040.649
16.162,3.8572,4.9894,-0.0237,0.3864,0.0263,1788740040.669
16.182,3.8649,4.9892,-0.0232,0.3864,0.0263,1788740040.689
16.202,3.8727,4.9891,-0.0226,0.3864,0.0263,1788740040.709
16.223,3.8804,4.9889,-0.0219,0.3889,0.0338,1788740040.729
16.243,3.8882,4.9887,-0.0213,0.3889,0.0338,1788740040.749
16.262,3.8960,4.9886,-0.0206,0.3889,0.0338,1788740040.769
16.282,3.9038,4.9884,-0.0199,0.3889,0.0338,1788740040.789
16.302,3.9115,4.9883,-0.0192,0.3889,0.0338,1788740040.809
16.323,3.9193,4.9881,-0.0182,0.3877,0.0526,1788740040.829
16.342,3.9270,4.9880,-0.0171,0.3877,0.0526,1788740040.849
16.362,3.9348,4.9879,-0.0161,0.3877,0.0526,1788740040.869
16.382,3.9425,4.9877,-0.0150,0.3877,0.0526,1788740040.889
16.403,3.9503,4.9876,-0.0140,0.3877,0.0526,1788740040.909
16.422,3.9581,4.9875,-0.0140,0.3878,0.0011,1788740040.929
16.443,3.9658,4.9874,-0.0139,0.3878,0.0011,1788740040.949
16.462,3.9736,4.9873,-0.0139,0.3878,0.0011,1788740040.969
16.482,3.9813,4.9872,-0.0139,0.3878,0.0011,1788740040.989
16.502,3.9891,4.9871,-0.0139,0.3878,0.0011,1788740041.009
16.523,3.9968,4.9870,-0.0141,0.3878,-0.0112,1788740041.029
16.542,4.0046,4.9869,-0.0143,0.3878,-0.0112,1788740041.049
16.562,4.0123,4.9868,-0.0145,0.3878,-0.0112,1788740041.069
16.582,4.0201,4.9866,-0.0148,0.3878,-0.0112,1788740041.089
16.602,4.0278,4.9865,-0.0150,0.3878,-0.0112,1788740041.109
16.623,4.0356,4.9864,-0.0151,0.3857,-0.0074,1788740041.129
16.643,4.0433,4.9863,-0.0153,0.3857,-0.0074,1788740041.149
16.663,4.0510,4.9862,-0.0154,0.3857,-0.0074,1788740041.169
16.682,4.0587,4.9861,-0.0156,0.3857,-0.0074,1788740041.189
16.702,4.0664,4.9859,-0.0157,0.3857,-0.0074,1788740041.209
16.723,4.0741,4.9858,-0.0162,0.3829,-0.0258,1788740041.229
16.742,4.0817,4.9857,-0.0168,0.3829,-0.0258,1788740041.249
16.762,4.0894,4.9855,-0.0173,0.3829,-0.0258,1788740041.269
16.783,4.0970,4.9854,-0.0178,0.3829,-0.0258,1788740041.289
16.802,4.1047,4.9853,-0.0183,0.3829,-0.0258,1788740041.309
16.823,4.1125,4.9851,-0.0189,0.3922,-0.0291,1788740041.329
16.843,4.1204,4.9850,-0.0195,0.3922,-0.0291,1788740041.349
16.862,4.1282,4.9848,-0.0201,0.3922,-0.0291,1788740041.369
16.882,4.1361,4.9847,-0.0206,0.3922,-0.0291,1788740041.389
16.902,4.1439,4.9845,-0.0212,0.3922,-0.0291,1788740041.409
16.923,4.1498,4.9843,-0.0278,0.2922,-0.3291,1788740041.429
16.943,4.1556,4.9841,-0.0344,0.2922,-0.3291,1788740041.449
16.963,4.1614,4.9839,-0.0410,0.2922,-0.3291,1788740041.469
16.982,4.1673,4.9836,-0.0476,0.2922,-0.3291,1788740041.489
17.002,4.1731,4.9833,-0.0541,0.2922,-0.3291,1788740041.509
17.022,4.1772,4.9830,-0.0664,0.2066,-0.6133,1788740041.529
17.042,4.1814,4.9827,-0.0787,0.2066,-0.6133,1788740041.549
17.062,4.1855,4.9823,-0.0909,0.2066,-0.6133,1788740041.569
17.082,4.1896,4.9819,-0.1032,0.2066,-0.6133,1788740041.589
17.102,4.1937,4.9814,-0.1155,0.2066,-0.6133,1788740041.609
17.122,4.1958,4.9811,-0.1333,0.1071,-0.8942,1788740041.629
17.142,4.1979,4.9808,-0.1512,0.1071,-0.8942,1788740041.649
17.162,4.2000,4.9804,-0.1691,0.1071,-0.8942,1788740041.669
17.182,4.2021,4.9800,-0.1870,0.1071,-0.8942,1788740041.689
17.202,4.2042,4.9796,-0.2049,0.1071,-0.8942,1788740041.709
17.223,4.2044,4.9796,-0.2244,0.0098,-0.9762,1788740041.729
17.243,4.2046,4.9795,-0.2439,0.0098,-0.9762,1788740041.749
17.262,4.2048,4.9795,-0.2634,0.0098,-0.9762,1788740041.769
17.283,4.2050,4.9794,-0.2830,0.0098,-0.9762,1788740041.789
17.302,4.2052,4.9794,-0.3025,0.0098,-0.9762,1788740041.809
17.323,4.2055,4.9793,-0.3220,0.0136,-0.9777,1788740041.829
17.342,4.2057,4.9792,-0.3416,0.0136,-0.9777,1788740041.849
17.362,4.2060,4.9791,-0.3612,0.0136,-0.9777,1788740041.869
17.382,4.2062,4.9790,-0.3807,0.0136,-0.9777,1788740041.889
17.402,4.2065,4.9789,-0.4003,0.0136,-0.9777,1788740041.909
17.423,4.2069,4.9787,-0.4200,0.0257,-0.9855,1788740041.929
17.443,4.2074,4.9784,-0.4397,0.0257,-0.9855,1788740041.949
17.463,4.2079,4.9782,-0.4594,0.0257,-0.9855,1788740041.969
17.482,4.2083,4.9780,-0.4791,0.0257,-0.9855,1788740041.989
17.502,4.2088,4.9777,-0.4988,0.0257,-0.9855,1788740042.009
17.523,4.2091,4.9776,-0.5188,0.0182,-0.9980,1788740042.029
17.542,4.2094,4.9774,-0.5387,0.0182,-0.9980,1788740042.049
17.563,4.2097,4.9772,-0.5587,0.0182,-0.9980,1788740042.069
17.582,4.2100,4.9770,-0.5786,0.0182,-0.9980,1788740042.089
17.603,4.2103,4.9768,-0.5986,0.0182,-0.9980,1788740042.109
17.622,4.2109,4.9763,-0.6186,0.0373,-0.9985,1788740042.129
17.643,4.2115,4.9759,-0.6385,0.0373,-0.9985,1788740042.149
17.663,4.2121,4.9754,-0.6585,0.0373,-0.9985,1788740042.169
17.683,4.2127,4.9750,-0.6785,0.0373,-0.9985,1788740042.189
17.702,4.2133,4.9745,-0.6985,0.0373,-0.9985,1788740042.209
17.722,4.2140,4.9738,-0.7185,0.0518,-0.9996,1788740042.229
17.742,4.2148,4.9731,-0.7384,0.0518,-0.9996,1788740042.249
17.762,4.2156,4.9724,-0.7584,0.0518,-0.9996,1788740042.269
17.782,4.2163,4.9717,-0.7784,0.0518,-0.9996,1788740042.289
17.802,4.2170,4.9709,-0.7984,0.0518,-0.9996,1788740042.309
17.822,4.2180,4.9698,-0.8184,0.0747,-0.9991,1788740042.329
17.842,4.2190,4.9687,-0.8384,0.0747,-0.9991,1788740042.349
17.862,4.2200,4.9676,-0.8584,0.0747,-0.9991,1788740042.369
17.882,4.2210,4.9664,-0.8784,0.0747,-0.9991,1788740042.389
17.902,4.2219,4.9653,-0.8983,0.0747,-0.9991,1788740042.409
17.923,4.2230,4.9638,-0.9183,0.0918,-0.9978,1788740042.429
17.942,4.2241,4.9623,-0.9382,0.0918,-0.9978,1788740042.449
17.962,4.2252,4.9608,-0.9582,0.0918,-0.9978,1788740042.469
17.983,4.2262,4.9593,-0.9782,0.0918,-0.9978,1788740042.489
18.003,4.2272,4.9578,-0.9981,0.0918,-0.9978,1788740042.509
18.023,4.2283,4.9559,-1.0178,0.1106,-0.9864,1788740042.529
18.043,4.2295,4.9540,-1.0376,0.1106,-0.9864,1788740042.550
18.063,4.2306,4.9520,-1.0573,0.1106,-0.9864,1788740042.569
18.083,4.2316,4.9501,-1.0770,0.1106,-0.9864,1788740042.589
18.103,4.2326,4.9481,-1.0968,0.1106,-0.9864,1788740042.609
18.123,4.2338,4.9458,-1.1161,0.1308,-0.9653,1788740042.629
18.143,4.2349,4.9434,-1.1354,0.1308,-0.9653,1788740042.649
18.162,4.2359,4.9410,-1.1547,0.1308,-0.9653,1788740042.669
18.183,4.2369,4.9386,-1.1740,0.1308,-0.9653,1788740042.689
18.203,4.2379,4.9362,-1.1933,0.1308,-0.9653,1788740042.709
18.223,4.2390,4.9334,-1.2124,0.1505,-0.9584,1788740042.729
18.243,4.2400,4.9305,-1.2316,0.1505,-0.9584,1788740042.750
18.263,4.2409,4.9277,-1.2508,0.1505,-0.9584,1788740042.769
18.283,4.2418,4.9248,-1.2700,0.1505,-0.9584,1788740042.790
18.303,4.2426,4.9219,-1.2891,0.1505,-0.9584,1788740042.809
18.323,4.2435,4.9185,-1.3084,0.1740,-0.9647,1788740042.829
18.343,4.2444,4.9151,-1.3277,0.1740,-0.9647,1788740042.850
18.363,4.2451,4.9118,-1.3470,0.1740,-0.9647,1788740042.870
18.383,4.2459,4.9083,-1.3663,0.1740,-0.9647,1788740042.889
18.403,4.2465,4.9049,-1.3856,0.1740,-0.9647,1788740042.909
18.423,4.2471,4.9011,-1.4047,0.1960,-0.9550,1788740042.929
18.443,4.2477,4.8972,-1.4238,0.1960,-0.9550,1788740042.949
18.462,4.2482,4.8933,-1.4429,0.1960,-0.9550,1788740042.969
18.482,4.2486,4.8894,-1.4620,0.1960,-0.9550,1788740042.989
18.502,4.2490,4.8855,-1.4811,0.1960,-0.9550,1788740043.009
18.522,4.2493,4.8812,-1.5004,0.2171,-0.9652,1788740043.029
18.542,4.2495,4.8768,-1.5197,0.2171,-0.9652,1788740043.049
18.562,4.2497,4.8725,-1.5390,0.2171,-0.9652,1788740043.069
18.582,4.2497,4.8682,-1.5583,0.2171,-0.9652,1788740043.089
18.602,4.2497,4.8638,-1.5776,0.2171,-0.9652,1788740043.109
18.623,4.2496,4.8590,-1.5940,0.2381,-0.8194,1788740043.129
18.642,4.2494,4.8543,-1.6104,0.2381,-0.8194,1788740043.149
18.662,4.2491,4.8495,-1.6268,0.2381,-0.8194,1788740043.169
18.682,4.2488,4.8448,-1.6432,0.2381,-0.8194,1788740043.189
18.702,4.2484,4.8400,-1.6595,0.2381,-0.8194,1788740043.209
18.723,4.2478,4.8349,-1.6781,0.2595,-0.9301,1788740043.229
18.743,4.2471,4.8297,-1.6967,0.2595,-0.9301,1788740043.249
18.762,4.2464,4.8246,-1.7154,0.2595,-0.9301,1788740043.269
18.782,4.2456,4.8195,-1.7340,0.2595,-0.9301,1788740043.289
18.803,4.2446,4.8144,-1.7526,0.2595,-0.9301,1788740043.310
18.823,4.2435,4.8089,-1.7664,0.2792,-0.6913,1788740043.329
18.843,4.2424,4.8034,-1.7802,0.2792,-0.6913,1788740043.349
18.862,4.2411,4.7980,-1.7940,0.2792,-0.6913,1788740043.369
18.883,4.2398,4.7926,-1.8079,0.2792,-0.6913,1788740043.389
18.903,4.2384,4.7872,-1.8217,0.2792,-0.6913,1788740043.409
18.923,4.2369,4.7814,-1.8313,0.3000,-0.4799,1788740043.429
18.942,4.2353,4.7756,-1.8409,0.3000,-0.4799,1788740043.449
18.962,4.2336,4.7698,-1.8505,0.3000,-0.4799,1788740043.469
18.982,4.2319,4.7641,-1.8601,0.3000,-0.4799,1788740043.489
19.002,4.2302,4.7583,-1.8697,0.3000,-0.4799,1788740043.509
19.023,4.2282,4.7522,-1.8740,0.3216,-0.2165,1788740043.529
19.043,4.2263,4.7460,-1.8783,0.3216,-0.2165,1788740043.549
19.062,4.2243,4.7399,-1.8827,0.3216,-0.2165,1788740043.569
19.082,4.2223,4.7338,-1.8870,0.3216,-0.2165,1788740043.589
19.102,4.2203,4.7277,-1.8913,0.3216,-0.2165,1788740043.609
19.123,4.2181,4.7212,-1.8913,0.3434,0.0017,1788740043.629
19.143,4.2160,4.7147,-1.8913,0.3434,0.0017,1788740043.649
19.162,4.2138,4.7082,-1.8912,0.3434,0.0017,1788740043.669
19.183,4.2116,4.7016,-1.8912,0.3434,0.0017,1788740043.689
19.202,4.2095,4.6951,-1.8912,0.3434,0.0017,1788740043.709
19.223,4.2072,4.6881,-1.8888,0.3672,0.1189,1788740043.729
19.243,4.2049,4.6812,-1.8864,0.3672,0.1189,1788740043.749
19.263,4.2026,4.6742,-1.8840,0.3672,0.1189,1788740043.770
19.282,4.2004,4.6672,-1.8816,0.3672,0.1189,1788740043.789
19.302,4.1982,4.6602,-1.8793,0.3672,0.1189,1788740043.809
19.322,4.1959,4.6529,-1.8734,0.3815,0.2945,1788740043.829
19.342,4.1937,4.6456,-1.8675,0.3815,0.2945,1788740043.849
19.362,4.1915,4.6383,-1.8616,0.3815,0.2945,1788740043.869
19.382,4.1893,4.6310,-1.8557,0.3815,0.2945,1788740043.889
19.402,4.1872,4.6236,-1.8498,0.3815,0.2945,1788740043.909
19.422,4.1851,4.6161,-1.8409,0.3907,0.4474,1788740043.929
19.443,4.1831,4.6086,-1.8319,0.3907,0.4474,1788740043.949
19.463,4.1812,4.6010,-1.8230,0.3907,0.4474,1788740043.969
19.483,4.1793,4.5934,-1.8140,0.3907,0.4474,1788740043.989
19.503,4.1775,4.5858,-1.8051,0.3907,0.4474,1788740044.009
19.522,4.1757,4.5782,-1.7989,0.3899,0.3109,1788740044.029
19.543,4.1740,4.5706,-1.7926,0.3899,0.3109,1788740044.049
19.563,4.1723,4.5630,-1.7864,0.3899,0.3109,1788740044.069
19.583,4.1707,4.5554,-1.7802,0.3899,0.3109,1788740044.089
19.603,4.1691,4.5477,-1.7740,0.3899,0.3109,1788740044.110
19.622,4.1676,4.5401,-1.7667,0.3890,0.3628,1788740044.129
19.642,4.1662,4.5324,-1.7595,0.3890,0.3628,1788740044.149
19.663,4.1648,4.5248,-1.7522,0.3890,0.3628,1788740044.169
19.682,4.1634,4.5171,-1.7450,0.3890,0.3628,1788740044.189
19.702,4.1621,4.5095,-1.7377,0.3890,0.3628,1788740044.209
19.722,4.1608,4.5017,-1.7319,0.3939,0.2920,1788740044.229
19.742,4.1596,4.4939,-1.7260,0.3939,0.2920,1788740044.249
19.762,4.1585,4.4861,-1.7202,0.3939,0.2920,1788740044.269
19.782,4.1573,4.4783,-1.7143,0.3939,0.2920,1788740044.289
19.802,4.1563,4.4705,-1.7085,0.3939,0.2920,1788740044.309
19.822,4.1552,4.4628,-1.7025,0.3905,0.3007,1788740044.329
19.843,4.1542,4.4550,-1.6965,0.3905,0.3007,1788740044.349
19.862,4.1533,4.4473,-1.6904,0.3905,0.3007,1788740044.369
19.882,4.1524,4.4395,-1.6844,0.3905,0.3007,1788740044.389
19.902,4.1516,4.4317,-1.6784,0.3905,0.3007,1788740044.409
19.923,4.1508,4.4246,-1.6753,0.3601,0.1539,1788740044.429
19.942,4.1501,4.4174,-1.6723,0.3601,0.1539,1788740044.449
19.962,4.1494,4.4103,-1.6692,0.3601,0.1539,1788740044.469
19.982,4.1487,4.4031,-1.6661,0.3601,0.1539,1788740044.489
20.002,4.1481,4.3959,-1.6630,0.3601,0.1539,1788740044.509
20.022,4.1475,4.3895,-1.6584,0.3211,0.2322,1788740044.529
20.043,4.1470,4.3831,-1.6537,0.3211,0.2322,1788740044.549
20.062,4.1465,4.3767,-1.6491,0.3211,0.2322,1788740044.569
20.082,4.1460,4.3703,-1.6445,0.3211,0.2322,1788740044.589
20.102,4.1455,4.3639,-1.6398,0.3211,0.2322,1788740044.609
20.122,4.1453,4.3595,-1.6300,0.2212,0.4924,1788740044.629
20.142,4.1451,4.3551,-1.6201,0.2212,0.4924,1788740044.649
20.162,4.1449,4.3506,-1.6103,0.2212,0.4924,1788740044.669
20.182,4.1448,4.3462,-1.6004,0.2212,0.4924,1788740044.689
20.203,4.1447,4.3418,-1.5906,0.2212,0.4924,1788740044.709
20.222,4.1447,4.3393,-1.5756,0.1236,0.7485,1788740044.729
20.243,4.1447,4.3369,-1.5606,0.1236,0.7485,1788740044.749
20.263,4.1447,4.3344,-1.5457,0.1236,0.7485,1788740044.769
20.282,4.1448,4.3319,-1.5307,0.1236,0.7485,1788740044.789
20.303,4.1450,4.3294,-1.5157,0.1236,0.7485,1788740044.809
20.323,4.1450,4.3289,-1.4965,0.0254,0.9632,1788740044.829
20.342,4.1451,4.3284,-1.4772,0.0254,0.9632,1788740044.849
20.362,4.1451,4.3279,-1.4579,0.0254,0.9632,1788740044.869
20.382,4.1452,4.3274,-1.4387,0.0254,0.9632,1788740044.889
20.402,4.1453,4.3269,-1.4194,0.0254,0.9632,1788740044.909
20.423,4.1453,4.3269,-1.4001,0.0021,0.9626,1788740044.929
20.443,4.1453,4.3268,-1.3809,0.0021,0.9626,1788740044.949
20.462,4.1453,4.3268,-1.3616,0.0021,0.9626,1788740044.969
20.482,4.1453,4.3267,-1.3424,0.0021,0.9626,1788740044.989
20.502,4.1453,4.3267,-1.3231,0.0021,0.9626,1788740045.009
20.523,4.1453,4.3267,-1.3038,0.0015,0.9670,1788740045.029
20.543,4.1453,4.3266,-1.2845,0.0015,0.9670,1788740045.049
20.563,4.1453,4.3266,-1.2651,0.0015,0.9670,1788740045.069
20.582,4.1453,4.3266,-1.2458,0.0015,0.9670,1788740045.089
20.603,4.1454,4.3266,-1.2264,0.0015,0.9670,1788740045.109
20.623,4.1454,4.3265,-1.2070,0.0022,0.9703,1788740045.129
20.643,4.1454,4.3265,-1.1876,0.0022,0.9703,1788740045.150
20.663,4.1454,4.3264,-1.1682,0.0022,0.9703,1788740045.169
20.682,4.1454,4.3264,-1.1488,0.0022,0.9703,1788740045.189
20.702,4.1454,4.3264,-1.1294,0.0022,0.9703,1788740045.209
20.722,4.1455,4.3263,-1.1101,0.0018,0.9670,1788740045.229
20.742,4.1455,4.3263,-1.0907,0.0018,0.9670,1788740045.249
20.762,4.1455,4.3263,-1.0714,0.0018,0.9670,1788740045.269
20.782,4.1455,4.3262,-1.0520,0.0018,0.9670,1788740045.289
20.802,4.1455,4.3262,-1.0327,0.0018,0.9670,1788740045.309
20.823,4.1455,4.3262,-1.0133,0.0019,0.9726,1788740045.329
20.843,4.1456,4.3261,-0.9938,0.0019,0.9726,1788740045.349
20.862,4.1456,4.3261,-0.9743,0.0019,0.9726,1788740045.369
20.882,4.1456,4.3261,-0.9549,0.0019,0.9726,1788740045.389
20.902,4.1456,4.3260,-0.9354,0.0019,0.9726,1788740045.409
20.923,4.1457,4.3260,-0.9160,0.0018,0.9702,1788740045.430
20.943,4.1457,4.3260,-0.8966,0.0018,0.9702,1788740045.449
20.963,4.1457,4.3260,-0.8772,0.0018,0.9702,1788740045.470
20.983,4.1457,4.3259,-0.8578,0.0018,0.9702,1788740045.489
21.002,4.1457,4.3259,-0.8384,0.0018,0.9702,1788740045.509
21.022,4.1458,4.3259,-0.8191,0.0017,0.9669,1788740045.529
21.043,4.1458,4.3259,-0.7997,0.0017,0.9669,1788740045.549
21.062,4.1458,4.3258,-0.7804,0.0017,0.9669,1788740045.569
21.082,4.1458,4.3258,-0.7611,0.0017,0.9669,1788740045.589
21.102,4.1459,4.3258,-0.7417,0.0017,0.9669,1788740045.609
21.123,4.1459,4.3258,-0.7222,0.0010,0.9745,1788740045.629
21.142,4.1459,4.3258,-0.7028,0.0010,0.9745,1788740045.649
21.162,4.1459,4.3257,-0.6833,0.0010,0.9745,1788740045.669
21.182,4.1459,4.3257,-0.6638,0.0010,0.9745,1788740045.689
21.202,4.1459,4.3257,-0.6443,0.0010,0.9745,1788740045.709
21.223,4.1460,4.3257,-0.6248,0.0037,0.9750,1788740045.729
21.243,4.1461,4.3256,-0.6053,0.0037,0.9750,1788740045.749
21.263,4.1461,4.3256,-0.5858,0.0037,0.9750,1788740045.769
21.283,4.1462,4.3256,-0.5663,0.0037,0.9750,1788740045.789
21.303,4.1463,4.3255,-0.5468,0.0037,0.9750,1788740045.809
21.323,4.1463,4.3255,-0.5273,0.0005,0.9740,1788740045.829
21.343,4.1463,4.3255,-0.5078,0.0005,0.9740,1788740045.849
21.363,4.1463,4.3255,-0.4883,0.0005,0.9740,1788740045.869
21.382,4.1463,4.3255,-0.4689,0.0005,0.9740,1788740045.889
21.402,4.1463,4.3255,-0.4494,0.0005,0.9740,1788740045.909
21.422,4.1463,4.3255,-0.4295,0.0001,0.9957,1788740045.929
21.442,4.1463,4.3255,-0.4096,0.0001,0.9957,1788740045.949
21.462,4.1463,4.3255,-0.3896,0.0001,0.9957,1788740045.969
21.482,4.1463,4.3255,-0.3697,0.0001,0.9957,1788740045.989
21.502,4.1463,4.3255,-0.3498,0.0001,0.9957,1788740046.009
21.523,4.1465,4.3254,-0.3303,0.0090,0.9745,1788740046.029
21.542,4.1467,4.3254,-0.3108,0.0090,0.9745,1788740046.049
21.563,4.1468,4.3253,-0.2913,0.0090,0.9745,1788740046.069
21.583,4.1470,4.3253,-0.2719,0.0090,0.9745,1788740046.089
21.603,4.1472,4.3252,-0.2524,0.0090,0.9745,1788740046.109
21.622,4.1474,4.3252,-0.2340,0.0136,0.9189,1788740046.129
21.642,4.1477,4.3251,-0.2156,0.0136,0.9189,1788740046.149
21.663,4.1480,4.3251,-0.1972,0.0136,0.9189,1788740046.169
21.682,4.1482,4.3250,-0.1789,0.0136,0.9189,1788740046.189
21.702,4.1485,4.3250,-0.1605,0.0136,0.9189,1788740046.209
21.722,4.1493,4.3249,-0.1410,0.0384,0.9734,1788740046.229
21.742,4.1500,4.3248,-0.1215,0.0384,0.9734,1788740046.249
21.762,4.1508,4.3247,-0.1021,0.0384,0.9734,1788740046.269
21.782,4.1516,4.3246,-0.0826,0.0384,0.9734,1788740046.289
21.802,4.1523,4.3246,-0.0631,0.0384,0.9734,1788740046.309
21.822,4.1535,4.3245,-0.0437,0.0613,0.9698,1788740046.329
21.842,4.1548,4.3245,-0.0243,0.0613,0.9698,1788740046.349
21.862,4.1560,4.3245,-0.0049,0.0613,0.9698,1788740046.369
21.883,4.1572,4.3245,0.0144,0.0613,0.9698,1788740046.389
21.902,4.1584,4.3245,0.0338,0.0613,0.9698,1788740046.409
21.923,4.1601,4.3246,0.0500,0.0834,0.8056,1788740046.430
21.943,4.1618,4.3247,0.0661,0.0834,0.8056,1788740046.449
21.963,4.1634,4.3249,0.0822,0.0834,0.8056,1788740046.469
21.983,4.1651,4.3250,0.0983,0.0834,0.8056,1788740046.489
22.002,4.1668,4.3252,0.1144,0.0834,0.8056,1788740046.509
22.022,4.1688,4.3255,0.1280,0.1056,0.6814,1788740046.529
22.042,4.1709,4.3258,0.1417,0.1056,0.6814,1788740046.549
22.062,4.1730,4.3261,0.1553,0.1056,0.6814,1788740046.569
22.082,4.1751,4.3265,0.1689,0.1056,0.6814,1788740046.589
22.102,4.1772,4.3269,0.1825,0.1056,0.6814,1788740046.609
22.123,4.1797,4.3274,0.1942,0.1278,0.5838,1788740046.629
22.143,4.1822,4.3279,0.2059,0.1278,0.5838,1788740046.649
22.163,4.1847,4.3284,0.2176,0.1278,0.5838,1788740046.669
22.183,4.1872,4.3290,0.2292,0.1278,0.5838,1788740046.689
22.203,4.1897,4.3296,0.2409,0.1278,0.5838,1788740046.709
22.223,4.1925,4.3304,0.2505,0.1489,0.4774,1788740046.729
22.243,4.1954,4.3311,0.2600,0.1489,0.4774,1788740046.749
22.263,4.1983,4.3319,0.2696,0.1489,0.4774,1788740046.769
22.283,4.2012,4.3327,0.2791,0.1489,0.4774,1788740046.789
22.303,4.2040,4.3336,0.2887,0.1489,0.4774,1788740046.809
22.323,4.2072,4.3346,0.2966,0.1693,0.3966,1788740046.829
22.342,4.2105,4.3356,0.3045,0.1693,0.3966,1788740046.849
22.363,4.2137,4.3366,0.3125,0.1693,0.3966,1788740046.869
22.382,4.2169,4.3377,0.3204,0.1693,0.3966,1788740046.889
22.402,4.2201,4.3388,0.3283,0.1693,0.3966,1788740046.909
22.423,4.2237,4.3400,0.3349,0.1914,0.3304,1788740046.929
22.443,4.2273,4.3413,0.3415,0.1914,0.3304,1788740046.949
22.463,4.2309,4.3426,0.3481,0.1914,0.3304,1788740046.969
22.483,4.2345,4.3440,0.3548,0.1914,0.3304,1788740046.989
22.502,4.2381,4.3453,0.3614,0.1914,0.3304,1788740047.009
22.523,4.2421,4.3468,0.3659,0.2128,0.2292,1788740047.029
22.543,4.2461,4.3484,0.3705,0.2128,0.2292,1788740047.049
22.563,4.2500,4.3499,0.3751,0.2128,0.2292,1788740047.069
22.582,4.2540,4.3515,0.3797,0.2128,0.2292,1788740047.089
22.603,4.2579,4.3531,0.3843,0.2128,0.2292,1788740047.109
22.622,4.2623,4.3549,0.3867,0.2343,0.1217,1788740047.129
22.642,4.2666,4.3567,0.3892,0.2343,0.1217,1788740047.149
22.662,4.2709,4.3584,0.3916,0.2343,0.1217,1788740047.169
22.682,4.2752,4.3602,0.3940,0.2343,0.1217,1788740047.189
22.702,4.2796,4.3621,0.3965,0.2343,0.1217,1788740047.209
22.722,4.2843,4.3640,0.3973,0.2541,0.0443,1788740047.229
22.742,4.2889,4.3660,0.3982,0.2541,0.0443,1788740047.249
22.762,4.2936,4.3680,0.3991,0.2541,0.0443,1788740047.269
22.782,4.2983,4.3699,0.4000,0.2541,0.0443,1788740047.289
22.802,4.3030,4.3719,0.4009,0.2541,0.0443,1788740047.309
22.823,4.3081,4.3741,0.4013,0.2762,0.0187,1788740047.329
22.843,4.3132,4.3762,0.4016,0.2762,0.0187,1788740047.349
22.862,4.3182,4.3784,0.4020,0.2762,0.0187,1788740047.369
22.882,4.3233,4.3806,0.4024,0.2762,0.0187,1788740047.389
22.902,4.3284,4.3827,0.4028,0.2762,0.0187,1788740047.409
22.922,4.3338,4.3851,0.4047,0.2946,0.0988,1788740047.429
22.943,4.3392,4.3874,0.4067,0.2946,0.0988,1788740047.449
22.962,4.3446,4.3897,0.4087,0.2946,0.0988,1788740047.469
22.982,4.3500,4.3921,0.4107,0.2946,0.0988,1788740047.489
23.002,4.3554,4.3944,0.4126,0.2946,0.0988,1788740047.509
23.023,4.3612,4.3970,0.4153,0.3149,0.1340,1788740047.529
23.043,4.3670,4.3995,0.4180,0.3149,0.1340,1788740047.549
23.062,4.3727,4.4021,0.4207,0.3149,0.1340,1788740047.569
23.082,4.3784,4.4047,0.4234,0.3149,0.1340,1788740047.589
23.102,4.3842,4.4073,0.4260,0.3149,0.1340,1788740047.609
23.123,4.3903,4.4101,0.4294,0.3375,0.1666,1788740047.629
23.142,4.3964,4.4129,0.4327,0.3375,0.1666,1788740047.649
23.162,4.4026,4.4158,0.4360,0.3375,0.1666,1788740047.669
23.182,4.4087,4.4187,0.4394,0.3375,0.1666,1788740047.689
23.203,4.4148,4.4216,0.4427,0.3375,0.1666,1788740047.709
23.223,4.4212,4.4246,0.4450,0.3580,0.1135,1788740047.729
23.243,4.4277,4.4277,0.4472,0.3580,0.1135,1788740047.749
23.262,4.4341,4.4309,0.4495,0.3580,0.1135,1788740047.769
23.282,4.4406,4.4340,0.4518,0.3580,0.1135,1788740047.789
23.302,4.4470,4.4371,0.4540,0.3580,0.1135,1788740047.809
23.322,4.4538,4.4405,0.4568,0.3797,0.1375,1788740047.829
23.342,4.4606,4.4438,0.4595,0.3797,0.1375,1788740047.849
23.362,4.4674,4.4472,0.4623,0.3797,0.1375,1788740047.869
23.382,4.4742,4.4506,0.4650,0.3797,0.1375,1788740047.889
23.402,4.4810,4.4541,0.4678,0.3797,0.1375,1788740047.909
23.423,4.4880,4.4576,0.4694,0.3946,0.0788,1788740047.929
23.443,4.4951,4.4612,0.4709,0.3946,0.0788,1788740047.949
23.463,4.5021,4.4648,0.4725,0.3946,0.0788,1788740047.969
23.482,4.5091,4.4684,0.4741,0.3946,0.0788,1788740047.989
23.502,4.5161,4.4720,0.4757,0.3946,0.0788,1788740048.009
23.522,4.5232,4.4756,0.4763,0.3960,0.0298,1788740048.029
23.542,4.5302,4.4793,0.4769,0.3960,0.0298,1788740048.049
23.562,4.5372,4.4829,0.4775,0.3960,0.0298,1788740048.069
23.582,4.5443,4.4866,0.4781,0.3960,0.0298,1788740048.089
23.603,4.5513,4.4902,0.4787,0.3960,0.0298,1788740048.109
23.622,4.5583,4.4938,0.4788,0.3943,0.0081,1788740048.129
23.643,4.5653,4.4975,0.4790,0.3943,0.0081,1788740048.149
23.663,4.5723,4.5011,0.4791,0.3943,0.0081,1788740048.169
23.682,4.5793,4.5047,0.4793,0.3943,0.0081,1788740048.189
23.702,4.5863,4.5084,0.4795,0.3943,0.0081,1788740048.209
23.722,4.5933,4.5120,0.4787,0.3957,-0.0365,1788740048.229
23.742,4.6003,4.5157,0.4780,0.3957,-0.0365,1788740048.249
23.762,4.6074,4.5193,0.4773,0.3957,-0.0365,1788740048.269
23.782,4.6144,4.5229,0.4765,0.3957,-0.0365,1788740048.289
23.802,4.6214,4.5266,0.4758,0.3957,-0.0365,1788740048.309
23.823,4.6285,4.5302,0.4740,0.3941,-0.0888,1788740048.329
23.843,4.6355,4.5337,0.4723,0.3941,-0.0888,1788740048.349
23.863,4.6425,4.5373,0.4705,0.3941,-0.0888,1788740048.369
23.883,4.6495,4.5409,0.4687,0.3941,-0.0888,1788740048.389
23.902,4.6566,4.5444,0.4669,0.3941,-0.0888,1788740048.409
23.922,4.6636,4.5480,0.4645,0.3941,-0.1214,1788740048.429
23.942,4.6707,4.5515,0.4621,0.3941,-0.1214,1788740048.449
23.963,4.6777,4.5550,0.4596,0.3941,-0.1214,1788740048.469
23.983,4.6848,4.5584,0.4572,0.3941,-0.1214,1788740048.489
24.002,4.6919,4.5619,0.4548,0.3941,-0.1214,1788740048.509
24.022,4.6990,4.5653,0.4521,0.3926,-0.1357,1788740048.529
24.042,4.7060,4.5687,0.4494,0.3926,-0.1357,1788740048.549
24.062,4.7131,4.5721,0.4466,0.3926,-0.1357,1788740048.569
24.082,4.7202,4.5755,0.4439,0.3926,-0.1357,1788740048.589
24.102,4.7273,4.5789,0.4412,0.3926,-0.1357,1788740048.609
24.123,4.7345,4.5822,0.4378,0.3955,-0.1700,1788740048.629
24.142,4.7416,4.5855,0.4344,0.3955,-0.1700,1788740048.649
24.162,4.7488,4.5889,0.4310,0.3955,-0.1700,1788740048.669
24.182,4.7560,4.5921,0.4276,0.3955,-0.1700,1788740048.689
24.202,4.7632,4.5954,0.4242,0.3955,-0.1700,1788740048.709
24.222,4.7704,4.5986,0.4223,0.3919,-0.0962,1788740048.729
24.242,4.7775,4.6018,0.4204,0.3919,-0.0962,1788740048.749
24.262,4.7847,4.6050,0.4184,0.3919,-0.0962,1788740048.769
24.282,4.7919,4.6082,0.4165,0.3919,-0.0962,1788740048.789
24.302,4.7990,4.6113,0.4146,0.3919,-0.0962,1788740048.809
24.322,4.8062,4.6145,0.4142,0.3932,-0.0223,1788740048.829
24.343,4.8134,4.6176,0.4137,0.3932,-0.0223,1788740048.849
24.362,4.8206,4.6208,0.4133,0.3932,-0.0223,1788740048.869
24.383,4.8278,4.6240,0.4128,0.3932,-0.0223,1788740048.889
24.402,4.8350,4.6271,0.4124,0.3932,-0.0223,1788740048.909
24.422,4.8423,4.6303,0.4124,0.3951,-0.0000,1788740048.929
24.442,4.8495,4.6334,0.4124,0.3951,-0.0000,1788740048.949
24.462,4.8568,4.6366,0.4124,0.3951,-0.0000,1788740048.969
24.482,4.8640,4.6398,0.4124,0.3951,-0.0000,1788740048.989
24.502,4.8712,4.6429,0.4124,0.3951,-0.0000,1788740049.009
24.522,4.8785,4.6461,0.4130,0.3940,0.0297,1788740049.029
24.542,4.8857,4.6493,0.4136,0.3940,0.0297,1788740049.049
24.563,4.8929,4.6524,0.4141,0.3940,0.0297,1788740049.069
24.582,4.9001,4.6556,0.4147,0.3940,0.0297,1788740049.089
24.602,4.9073,4.6588,0.4153,0.3940,0.0297,1788740049.109
24.622,4.9145,4.6620,0.4154,0.3945,0.0024,1788740049.129
24.643,4.9217,4.6652,0.4154,0.3945,0.0024,1788740049.149
24.662,4.9290,4.6683,0.4155,0.3945,0.0024,1788740049.169
24.682,4.9362,4.6715,0.4155,0.3945,0.0024,1788740049.189
24.702,4.9434,4.6747,0.4156,0.3945,0.0024,1788740049.209
24.722,4.9506,4.6779,0.4156,0.3954,0.0017,1788740049.229
24.743,4.9579,4.6811,0.4156,0.3954,0.0017,1788740049.249
24.763,4.9651,4.6843,0.4157,0.3954,0.0017,1788740049.269
24.783,4.9723,4.6875,0.4157,0.3954,0.0017,1788740049.289
24.802,4.9796,4.6907,0.4157,0.3954,0.0017,1788740049.309
24.822,4.9868,4.6939,0.4156,0.3946,-0.0093,1788740049.329
24.842,4.9940,4.6971,0.4154,0.3946,-0.0093,1788740049.349
24.863,5.0012,4.7002,0.4152,0.3946,-0.0093,1788740049.369
24.882,5.0085,4.7034,0.4150,0.3946,-0.0093,1788740049.389
24.903,5.0157,4.7066,0.4148,0.3946,-0.0093,1788740049.409
24.922,5.0229,4.7098,0.4139,0.3937,-0.0446,1788740049.429
24.942,5.0301,4.7129,0.4130,0.3937,-0.0446,1788740049.449
24.963,5.0373,4.7161,0.4121,0.3937,-0.0446,1788740049.469
24.982,5.0445,4.7192,0.4112,0.3937,-0.0446,1788740049.489
25.002,5.0518,4.7224,0.4104,0.3937,-0.0446,1788740049.509
25.022,5.0590,4.7255,0.4087,0.3955,-0.0835,1788740049.529
25.042,5.0663,4.7286,0.4070,0.3955,-0.0835,1788740049.549
25.063,5.0735,4.7318,0.4053,0.3955,-0.0835,1788740049.569
25.083,5.0808,4.7349,0.4037,0.3955,-0.0835,1788740049.589
25.103,5.0881,4.7380,0.4020,0.3955,-0.0835,1788740049.609
25.123,5.0954,4.7410,0.3985,0.3952,-0.1774,1788740049.629
25.142,5.1027,4.7441,0.3949,0.3952,-0.1774,1788740049.649
25.162,5.1100,4.7471,0.3914,0.3952,-0.1774,1788740049.669
25.182,5.1173,4.7501,0.3878,0.3952,-0.1774,1788740049.689
25.202,5.1246,4.7530,0.3843,0.3952,-0.1774,1788740049.709
25.222,5.1319,4.7560,0.3797,0.3928,-0.2290,1788740049.729
25.242,5.1392,4.7588,0.3751,0.3928,-0.2290,1788740049.749
25.262,5.1466,4.7617,0.3705,0.3928,-0.2290,1788740049.769
25.282,5.1539,4.7645,0.3659,0.3928,-0.2290,1788740049.789
25.302,5.1612,4.7673,0.3614,0.3928,-0.2290,1788740049.809
25.323,5.1686,4.7700,0.3566,0.3944,-0.2407,1788740049.829
25.343,5.1760,4.7727,0.3517,0.3944,-0.2407,1788740049.849
25.362,5.1835,4.7754,0.3469,0.3944,-0.2407,1788740049.869
25.383,5.1909,4.7781,0.3421,0.3944,-0.2407,1788740049.889
25.402,5.1983,4.7807,0.3373,0.3944,-0.2407,1788740049.909
25.422,5.2057,4.7832,0.3321,0.3907,-0.2590,1788740049.929
25.442,5.2131,4.7857,0.3269,0.3907,-0.2590,1788740049.949
25.462,5.2205,4.7882,0.3218,0.3907,-0.2590,1788740049.969
25.482,5.2280,4.7906,0.3166,0.3907,-0.2590,1788740049.989
25.502,5.2354,4.7930,0.3114,0.3907,-0.2590,1788740050.009
25.522,5.2428,4.7954,0.3056,0.3876,-0.2885,1788740050.029
25.543,5.2502,4.7976,0.2999,0.3876,-0.2885,1788740050.049
25.563,5.2576,4.7999,0.2941,0.3876,-0.2885,1788740050.069
25.583,5.2651,4.8021,0.2883,0.3876,-0.2885,1788740050.089
25.603,5.2725,4.8043,0.2825,0.3876,-0.2885,1788740050.109
25.622,5.2801,4.8064,0.2768,0.3938,-0.2883,1788740050.129
25.642,5.2877,4.8085,0.2710,0.3938,-0.2883,1788740050.149
25.662,5.2953,4.8106,0.2652,0.3938,-0.2883,1788740050.169
25.683,5.3029,4.8126,0.2595,0.3938,-0.2883,1788740050.189
25.703,5.3105,4.8146,0.2537,0.3938,-0.2883,1788740050.209
25.723,5.3181,4.8165,0.2484,0.3944,-0.2654,1788740050.229
25.742,5.3258,4.8184,0.2431,0.3944,-0.2654,1788740050.249
25.762,5.3335,4.8203,0.2378,0.3944,-0.2654,1788740050.269
25.783,5.3411,4.8221,0.2325,0.3944,-0.2654,1788740050.289
25.802,5.3488,4.8239,0.2272,0.3944,-0.2654,1788740050.309
25.822,5.3565,4.8256,0.2233,0.3952,-0.1922,1788740050.329
25.842,5.3642,4.8273,0.2195,0.3952,-0.1922,1788740050.349
25.862,5.3720,4.8290,0.2156,0.3952,-0.1922,1788740050.369
25.883,5.3797,4.8307,0.2118,0.3952,-0.1922,1788740050.389
25.902,5.3874,4.8323,0.2080,0.3952,-0.1922,1788740050.409
25.922,5.3951,4.8339,0.2049,0.3940,-0.1522,1788740050.429
25.942,5.4029,4.8355,0.2019,0.3940,-0.1522,1788740050.449
25.962,5.4106,4.8371,0.1988,0.3940,-0.1522,1788740050.469
25.982,5.4183,4.8386,0.1958,0.3940,-0.1522,1788740050.489
26.002,5.4260,4.8401,0.1927,0.3940,-0.1522,1788740050.509
26.022,5.4338,4.8416,0.1908,0.3926,-0.0952,1788740050.529
26.042,5.4415,4.8431,0.1889,0.3926,-0.0952,1788740050.549
26.062,5.4492,4.8445,0.1870,0.3926,-0.0952,1788740050.569
26.082,5.4569,4.8460,0.1851,0.3926,-0.0952,1788740050.589
26.103,5.4646,4.8474,0.1832,0.3926,-0.0952,1788740050.609
26.122,5.4723,4.8488,0.1833,0.3901,0.0025,1788740050.629
26.143,5.4800,4.8503,0.1833,0.3901,0.0025,1788740050.649
26.162,5.4876,4.8517,0.1834,0.3901,0.0025,1788740050.669
26.183,5.4953,4.8531,0.1834,0.3901,0.0025,1788740050.689
26.203,5.5030,4.8545,0.1835,0.3901,0.0025,1788740050.710
26.222,5.5107,4.8560,0.1849,0.3952,0.0711,1788740050.729
26.242,5.5185,4.8574,0.1863,0.3952,0.0711,1788740050.749
26.263,5.5263,4.8589,0.1877,0.3952,0.0711,1788740050.769
26.282,5.5340,4.8604,0.1891,0.3952,0.0711,1788740050.789
26.302,5.5418,4.8619,0.1906,0.3952,0.0711,1788740050.809
26.322,5.5495,4.8634,0.1925,0.3935,0.0976,1788740050.829
26.342,5.5572,4.8649,0.1945,0.3935,0.0976,1788740050.849
26.362,5.5650,4.8665,0.1964,0.3935,0.0976,1788740050.869
26.382,5.5727,4.8680,0.1984,0.3935,0.0976,1788740050.889
26.403,5.5804,4.8696,0.2003,0.3935,0.0976,1788740050.909
26.422,5.5881,4.8712,0.2021,0.3928,0.0885,1788740050.929
26.442,5.5958,4.8727,0.2039,0.3928,0.0885,1788740050.949
26.463,5.6035,4.8743,0.2056,0.3928,0.0885,1788740050.969
26.483,5.6112,4.8760,0.2074,0.3928,0.0885,1788740050.989
26.503,5.6188,4.8776,0.2092,0.3928,0.0885,1788740051.009
26.523,5.6264,4.8792,0.2097,0.3849,0.0252,1788740051.029
26.543,5.6339,4.8808,0.2102,0.3849,0.0252,1788740051.049
26.562,5.6414,4.8824,0.2107,0.3849,0.0252,1788740051.069
26.582,5.6490,4.8840,0.2112,0.3849,0.0252,1788740051.089
26.602,5.6565,4.8856,0.2117,0.3849,0.0252,1788740051.109
26.622,5.6641,4.8873,0.2116,0.3889,-0.0060,1788740051.129
26.642,5.6717,4.8889,0.2115,0.3889,-0.0060,1788740051.149
26.662,5.6793,4.8905,0.2113,0.3889,-0.0060,1788740051.169
26.682,5.6869,4.8922,0.2112,0.3889,-0.0060,1788740051.189
26.702,5.6945,4.8938,0.2111,0.3889,-0.0060,1788740051.209
26.722,5.7021,4.8954,0.2106,0.3899,-0.0257,1788740051.229
26.743,5.7098,4.8971,0.2101,0.3899,-0.0257,1788740051.249
26.762,5.7174,4.8987,0.2096,0.3899,-0.0257,1788740051.269
26.782,5.7250,4.9003,0.2090,0.3899,-0.0257,1788740051.289
26.802,5.7326,4.9019,0.2085,0.3899,-0.0257,1788740051.309
26.822,5.7401,4.9035,0.2079,0.3823,-0.0297,1788740051.329
26.842,5.7476,4.9051,0.2073,0.3823,-0.0297,1788740051.349
26.863,5.7551,4.9066,0.2068,0.3823,-0.0297,1788740051.369
26.882,5.7626,4.9082,0.2062,0.3823,-0.0297,1788740051.389
26.902,5.7701,4.9098,0.2056,0.3823,-0.0297,1788740051.409
26.923,5.7777,4.9113,0.2040,0.3913,-0.0764,1788740051.429
26.942,5.7854,4.9129,0.2025,0.3913,-0.0764,1788740051.449
26.963,5.7931,4.9145,0.2010,0.3913,-0.0764,1788740051.469
26.982,5.8007,4.9160,0.1994,0.3913,-0.0764,1788740051.489
27.002,5.8084,4.9176,0.1979,0.3913,-0.0764,1788740051.509
27.022,5.8160,4.9191,0.1959,0.3869,-0.1018,1788740051.529
27.042,5.8236,4.9206,0.1938,0.3869,-0.1018,1788740051.549
27.062,5.8312,4.9220,0.1918,0.3869,-0.1018,1788740051.569
27.082,5.8388,4.9235,0.1898,0.3869,-0.1018,1788740051.589
27.102,5.8464,4.9250,0.1877,0.3869,-0.1018,1788740051.609
27.122,5.8540,4.9264,0.1847,0.3878,-0.1514,1788740051.629
27.142,5.8616,4.9278,0.1817,0.3878,-0.1514,1788740051.649
27.162,5.8693,4.9292,0.1787,0.3878,-0.1514,1788740051.669
27.182,5.8769,4.9305,0.1756,0.3878,-0.1514,1788740051.689
27.202,5.8845,4.9318,0.1726,0.3878,-0.1514,1788740051.709
27.222,5.8923,4.9332,0.1699,0.3931,-0.1337,1788740051.729
27.242,5.9000,4.9345,0.1673,0.3931,-0.1337,1788740051.749
27.262,5.9078,4.9358,0.1646,0.3931,-0.1337,1788740051.769
27.282,5.9156,4.9370,0.1619,0.3931,-0.1337,1788740051.789
27.302,5.9233,4.9383,0.1592,0.3931,-0.1337,1788740051.809
27.322,5.9311,4.9395,0.1577,0.3917,-0.0748,1788740051.829
27.342,5.9388,4.9407,0.1562,0.3917,-0.0748,1788740051.849
27.362,5.9465,4.9419,0.1547,0.3917,-0.0748,1788740051.869
27.382,5.9543,4.9431,0.1533,0.3917,-0.0748,1788740051.889
27.403,5.9620,4.9443,0.1518,0.3917,-0.0748,1788740051.909
27.422,5.9697,4.9455,0.1504,0.3891,-0.0668,1788740051.929
27.443,5.9774,4.9466,0.1491,0.3891,-0.0668,1788740051.949
27.463,5.9851,4.9478,0.1477,0.3891,-0.0668,1788740051.969
27.483,5.9928,4.9489,0.1464,0.3891,-0.0668,1788740051.989
27.503,6.0005,4.9500,0.1451,0.3891,-0.0668,1788740052.009
27.523,6.0081,4.9512,0.1439,0.3855,-0.0581,1788740052.029
27.543,6.0158,4.9522,0.1428,0.3855,-0.0581,1788740052.049
27.562,6.0234,4.9533,0.1416,0.3855,-0.0581,1788740052.069
27.582,6.0310,4.9544,0.1404,0.3855,-0.0581,1788740052.089
27.602,6.0387,4.9555,0.1393,0.3855,-0.0581,1788740052.109
27.622,6.0464,4.9566,0.1376,0.3905,-0.0829,1788740052.129
27.643,6.0541,4.9576,0.1359,0.3905,-0.0829,1788740052.149
27.662,6.0619,4.9587,0.1343,0.3905,-0.0829,1788740052.169
27.682,6.0696,4.9597,0.1326,0.3905,-0.0829,1788740052.189
27.702,6.0774,4.9607,0.1310,0.3905,-0.0829,1788740052.209
27.722,6.0851,4.9617,0.1294,0.3877,-0.0798,1788740052.229
27.742,6.0927,4.9627,0.1278,0.3877,-0.0798,1788740052.249
27.762,6.1004,4.9637,0.1262,0.3877,-0.0798,1788740052.269
27.782,6.1081,4.9646,0.1246,0.3877,-0.0798,1788740052.289
27.802,6.1158,4.9656,0.1230,0.3877,-0.0798,1788740052.309
27.822,6.1236,4.9665,0.1222,0.3908,-0.0403,1788740052.329
27.842,6.1313,4.9675,0.1214,0.3908,-0.0403,1788740052.349
27.862,6.1391,4.9684,0.1206,0.3908,-0.0403,1788740052.369
27.882,6.1469,4.9694,0.1198,0.3908,-0.0403,1788740052.389
27.902,6.1546,4.9703,0.1190,0.3908,-0.0403,1788740052.409
27.922,6.1624,4.9712,0.1181,0.3901,-0.0446,1788740052.429
27.942,6.1701,4.9721,0.1172,0.3901,-0.0446,1788740052.449
27.963,6.1779,4.9730,0.1163,0.3901,-0.0446,1788740052.469
27.982,6.1856,4.9739,0.1154,0.3901,-0.0446,1788740052.489
28.002,6.1934,4.9748,0.1145,0.3901,-0.0446,1788740052.509
28.022,6.2011,4.9757,0.1133,0.3889,-0.0617,1788740052.529
28.042,6.2088,4.9766,0.1120,0.3889,-0.0617,1788740052.549
28.062,6.2166,4.9774,0.1108,0.3889,-0.0617,1788740052.569
28.082,6.2243,4.9783,0.1096,0.3889,-0.0617,1788740052.589
28.102,6.2320,4.9791,0.1083,0.3889,-0.0617,1788740052.609
28.123,6.2397,4.9799,0.1064,0.3839,-0.0967,1788740052.629
28.143,6.2473,4.9807,0.1045,0.3839,-0.0967,1788740052.649
28.163,6.2549,4.9815,0.1025,0.3839,-0.0967,1788740052.669
28.183,6.2626,4.9823,0.1006,0.3839,-0.0967,1788740052.689
28.202,6.2702,4.9831,0.0987,0.3839,-0.0967,1788740052.709
28.222,6.2780,4.9838,0.0964,0.3890,-0.1149,1788740052.729
28.242,6.2857,4.9845,0.0941,0.3890,-0.1149,1788740052.749
28.263,6.2935,4.9852,0.0918,0.3890,-0.1149,1788740052.769
28.282,6.3012,4.9859,0.0895,0.3890,-0.1149,1788740052.789
28.302,6.3090,4.9866,0.0872,0.3890,-0.1149,1788740052.809
28.322,6.3166,4.9873,0.0844,0.3843,-0.1395,1788740052.829
28.343,6.3243,4.9879,0.0816,0.3843,-0.1395,1788740052.849
28.362,6.3319,4.9885,0.0788,0.3843,-0.1395,1788740052.869
28.383,6.3396,4.9891,0.0760,0.3843,-0.1395,1788740052.889
28.402,6.3473,4.9896,0.0732,0.3843,-0.1395,1788740052.909
28.422,6.3549,4.9902,0.0699,0.3851,-0.1655,1788740052.929
28.443,6.3626,4.9907,0.0666,0.3851,-0.1655,1788740052.949
28.462,6.3703,4.9912,0.0633,0.3851,-0.1655,1788740052.969
28.482,6.3780,4.9916,0.0600,0.3851,-0.1655,1788740052.989
28.502,6.3857,4.9921,0.0567,0.3851,-0.1655,1788740053.009
28.522,6.3934,4.9925,0.0536,0.3857,-0.1542,1788740053.029
28.542,6.4011,4.9929,0.0505,0.3857,-0.1542,1788740053.049
28.562,6.4088,4.9932,0.0474,0.3857,-0.1542,1788740053.069
28.582,6.4165,4.9936,0.0443,0.3857,-0.1542,1788740053.089
28.602,6.4242,4.9939,0.0412,0.3857,-0.1542,1788740053.109
28.622,6.4319,4.9942,0.0388,0.3855,-0.1214,1788740053.129
28.643,6.4396,4.9945,0.0364,0.3855,-0.1214,1788740053.149
28.662,6.4473,4.9947,0.0340,0.3855,-0.1214,1788740053.169
28.682,6.4550,4.9950,0.0315,0.3855,-0.1214,1788740053.189
28.702,6.4628,4.9952,0.0291,0.3855,-0.1214,1788740053.209
28.722,6.4705,4.9954,0.0265,0.3856,-0.1312,1788740053.229
28.743,6.4782,4.9956,0.0239,0.3856,-0.1312,1788740053.249
28.762,6.4859,4.9958,0.0212,0.3856,-0.1312,1788740053.269
28.782,6.4936,4.9959,0.0186,0.3856,-0.1312,1788740053.289
28.803,6.5013,4.9960,0.0160,0.3856,-0.1312,1788740053.309
28.822,6.5090,4.9961,0.0140,0.3871,-0.0972,1788740053.329
28.842,6.5168,4.9962,0.0121,0.3871,-0.0972,1788740053.349
28.862,6.5245,4.9963,0.0102,0.3871,-0.0972,1788740053.369
28.882,6.5323,4.9964,0.0082,0.3871,-0.0972,1788740053.389
28.902,6.5400,4.9964,0.0063,0.3871,-0.0972,1788740053.409
28.922,6.5477,4.9965,0.0049,0.3848,-0.0701,1788740053.429
28.942,6.5554,4.9965,0.0035,0.3848,-0.0701,1788740053.449
28.962,6.5631,4.9965,0.0021,0.3848,-0.0701,1788740053.469
28.982,6.5708,4.9965,0.0007,0.3848,-0.0701,1788740053.489
29.002,6.5785,4.9965,-0.0007,0.3848,-0.0701,1788740053.509
29.022,6.5862,4.9965,-0.0020,0.3868,-0.0606,1788740053.529
29.042,6.5940,4.9965,-0.0032,0.3868,-0.0606,1788740053.549
29.062,6.6017,4.9964,-0.0044,0.3868,-0.0606,1788740053.569
29.082,6.6094,4.9964,-0.0056,0.3868,-0.0606,1788740053.589
29.102,6.6172,4.9963,-0.0068,0.3868,-0.0606,1788740053.609
29.122,6.6249,4.9963,-0.0069,0.3843,-0.0038,1788740053.629
29.143,6.6326,4.9962,-0.0070,0.3843,-0.0038,1788740053.649
29.163,6.6402,4.9962,-0.0070,0.3843,-0.0038,1788740053.669
29.182,6.6479,4.9961,-0.0071,0.3843,-0.0038,1788740053.689
29.202,6.6556,4.9961,-0.0072,0.3843,-0.0038,1788740053.709
29.222,6.6633,4.9960,-0.0061,0.3867,0.0539,1788740053.729
29.242,6.6711,4.9960,-0.0050,0.3867,0.0539,1788740053.749
29.262,6.6788,4.9959,-0.0039,0.3867,0.0539,1788740053.769
29.282,6.6865,4.9959,-0.0029,0.3867,0.0539,1788740053.789
29.302,6.6943,4.9959,-0.0018,0.3867,0.0539,1788740053.809
29.322,6.7021,4.9959,-0.0008,0.3904,0.0501,1788740053.829
29.342,6.7099,4.9959,0.0002,0.3904,0.0501,1788740053.849
29.362,6.7177,4.9959,0.0012,0.3904,0.0501,1788740053.869
29.383,6.7255,4.9959,0.0022,0.3904,0.0501,1788740053.889
29.402,6.7333,4.9960,0.0032,0.3904,0.0501,1788740053.909
29.422,6.7411,4.9960,0.0041,0.3913,0.0458,1788740053.929
29.442,6.7490,4.9960,0.0050,0.3913,0.0458,1788740053.949
29.462,6.7568,4.9961,0.0060,0.3913,0.0458,1788740053.969
29.483,6.7646,4.9961,0.0069,0.3913,0.0458,1788740053.989
29.502,6.7725,4.9962,0.0078,0.3913,0.0458,1788740054.009
29.522,6.7802,4.9962,0.0067,0.3882,-0.0532,1788740054.029
29.542,6.7880,4.9963,0.0057,0.3882,-0.0532,1788740054.049
29.562,6.7957,4.9963,0.0046,0.3882,-0.0532,1788740054.069
29.583,6.8035,4.9964,0.0035,0.3882,-0.0532,1788740054.089
29.602,6.8113,4.9964,0.0025,0.3882,-0.0532,1788740054.109
29.622,6.8191,4.9964,0.0019,0.3920,-0.0264,1788740054.129
29.642,6.8269,4.9964,0.0014,0.3920,-0.0264,1788740054.149
29.663,6.8348,4.9964,0.0009,0.3920,-0.0264,1788740054.169
29.682,6.8426,4.9964,0.0004,0.3920,-0.0264,1788740054.189
29.702,6.8505,4.9964,-0.0002,0.3920,-0.0264,1788740054.209
29.722,6.8583,4.9964,-0.0009,0.3927,-0.0359,1788740054.229
29.742,6.8662,4.9964,-0.0016,0.3927,-0.0359,1788740054.249
29.762,6.8740,4.9964,-0.0023,0.3927,-0.0359,1788740054.269
29.782,6.8819,4.9963,-0.0030,0.3927,-0.0359,1788740054.289
29.802,6.8897,4.9963,-0.0038,0.3927,-0.0359,1788740054.309
29.822,6.8976,4.9963,-0.0040,0.3918,-0.0119,1788740054.329
29.843,6.9054,4.9963,-0.0042,0.3918,-0.0119,1788740054.349
29.862,6.9132,4.9962,-0.0045,0.3918,-0.0119,1788740054.369
29.882,6.9211,4.9962,-0.0047,0.3918,-0.0119,1788740054.389
29.902,6.9289,4.9961,-0.0049,0.3918,-0.0119,1788740054.409
29.922,6.9368,4.9961,-0.0055,0.3915,-0.0267,1788740054.429
29.942,6.9446,4.9961,-0.0060,0.3915,-0.0267,1788740054.449
29.962,6.9524,4.9960,-0.0065,0.3915,-0.0267,1788740054.469
29.982,6.9602,4.9959,-0.0071,0.3915,-0.0267,1788740054.489
30.002,6.9681,4.9959,-0.0076,0.3915,-0.0267,1788740054.509
30.022,6.9759,4.9958,-0.0086,0.3934,-0.0501,1788740054.529
30.042,6.9838,4.9957,-0.0096,0.3934,-0.0501,1788740054.549
30.062,6.9917,4.9957,-0.0106,0.3934,-0.0501,1788740054.569
30.082,6.9995,4.9956,-0.0116,0.3934,-0.0501,1788740054.589
30.102,7.0074,4.9955,-0.0126,0.3934,-0.0501,1788740054.609
30.123,7.0153,4.9954,-0.0134,0.3933,-0.0375,1788740054.629
30.143,7.0231,4.9953,-0.0141,0.3933,-0.0375,1788740054.649
30.163,7.0310,4.9951,-0.0149,0.3933,-0.0375,1788740054.670
30.182,7.0389,4.9950,-0.0156,0.3933,-0.0375,1788740054.689
30.202,7.0467,4.9949,-0.0164,0.3933,-0.0375,1788740054.709
30.222,7.0545,4.9948,-0.0166,0.3910,-0.0104,1788740054.729
30.242,7.0624,4.9946,-0.0168,0.3910,-0.0104,1788740054.749
30.262,7.0702,4.9945,-0.0170,0.3910,-0.0104,1788740054.769
30.282,7.0780,4.9944,-0.0172,0.3910,-0.0104,1788740054.789
30.302,7.0858,4.9942,-0.0174,0.3910,-0.0104,1788740054.809
30.322,7.0936,4.9941,-0.0172,0.3890,0.0135,1788740054.829
30.342,7.1014,4.9940,-0.0169,0.3890,0.0135,1788740054.849
30.362,7.1092,4.9938,-0.0166,0.3890,0.0135,1788740054.869
30.382,7.1169,4.9937,-0.0163,0.3890,0.0135,1788740054.889
30.403,7.1247,4.9936,-0.0161,0.3890,0.0135,1788740054.909
30.422,7.1326,4.9934,-0.0157,0.3924,0.0190,1788740054.929
30.442,7.1404,4.9933,-0.0153,0.3924,0.0190,1788740054.949
30.463,7.1483,4.9932,-0.0149,0.3924,0.0190,1788740054.969
30.483,7.1561,4.9931,-0.0146,0.3924,0.0190,1788740054.989
30.502,7.1640,4.9930,-0.0142,0.3924,0.0190,1788740055.009
30.522,7.1718,4.9929,-0.0142,0.3908,-0.0036,1788740055.029
30.542,7.1796,4.9928,-0.0143,0.3908,-0.0036,1788740055.049
30.562,7.1874,4.9926,-0.0144,0.3908,-0.0036,1788740055.069
30.582,7.1952,4.9925,-0.0145,0.3908,-0.0036,1788740055.089
30.602,7.2030,4.9924,-0.0145,0.3908,-0.0036,1788740055.109
30.622,7.2109,4.9923,-0.0153,0.3912,-0.0381,1788740055.129
30.642,7.2187,4.9922,-0.0161,0.3912,-0.0381,1788740055.149
30.663,7.2265,4.9920,-0.0168,0.3912,-0.0381,1788740055.169
30.682,7.2343,4.9919,-0.0176,0.3912,-0.0381,1788740055.189
30.702,7.2422,4.9918,-0.0184,0.3912,-0.0381,1788740055.209
30.722,7.2499,4.9916,-0.0191,0.3880,-0.0361,1788740055.229
30.742,7.2577,4.9915,-0.0198,0.3880,-0.0361,1788740055.249
30.762,7.2654,4.9913,-0.0205,0.3880,-0.0361,1788740055.269
30.782,7.2732,4.9911,-0.0212,0.3880,-0.0361,1788740055.289
30.803,7.2809,4.9910,-0.0220,0.3880,-0.0361,1788740055.309
30.822,7.2887,4.9908,-0.0218,0.3889,0.0078,1788740055.329
30.843,7.2965,4.9906,-0.0216,0.3889,0.0078,1788740055.349
30.863,7.3043,4.9905,-0.0215,0.3889,0.0078,1788740055.369
30.883,7.3120,4.9903,-0.0213,0.3889,0.0078,1788740055.389
30.903,7.3198,4.9901,-0.0212,0.3889,0.0078,1788740055.409
30.922,7.3275,4.9900,-0.0205,0.3838,0.0321,1788740055.429
30.942,7.3352,4.9898,-0.0199,0.3838,0.0321,1788740055.449
30.963,7.3429,4.9897,-0.0193,0.3838,0.0321,1788740055.469
30.982,7.3505,4.9895,-0.0186,0.3838,0.0321,1788740055.489
31.002,7.3582,4.9894,-0.0180,0.3838,0.0321,1788740055.509
31.022,7.3660,4.9893,-0.0173,0.3885,0.0312,1788740055.529
31.042,7.3737,4.9891,-0.0167,0.3885,0.0312,1788740055.549
31.062,7.3815,4.9890,-0.0161,0.3885,0.0312,1788740055.569
31.082,7.3893,4.9889,-0.0155,0.3885,0.0312,1788740055.589
31.102,7.3971,4.9888,-0.0149,0.3885,0.0312,1788740055.609
31.122,7.4049,4.9887,-0.0144,0.3915,0.0243,1788740055.629
31.143,7.4127,4.9885,-0.0139,0.3915,0.0243,1788740055.649
31.163,7.4205,4.9884,-0.0134,0.3915,0.0243,1788740055.669
31.183,7.4284,4.9883,-0.0129,0.3915,0.0243,1788740055.689
31.203,7.4362,4.9882,-0.0124,0.3915,0.0243,1788740055.709
31.222,7.4440,4.9881,-0.0121,0.3882,0.0161,1788740055.729
31.242,7.4517,4.9881,-0.0118,0.3882,0.0161,1788740055.749
31.262,7.4595,4.9880,-0.0115,0.3882,0.0161,1788740055.769
31.282,7.4673,4.9879,-0.0111,0.3882,0.0161,1788740055.789
31.303,7.4750,4.9878,-0.0108,0.3882,0.0161,1788740055.809
31.322,7.4829,4.9877,-0.0105,0.3924,0.0154,1788740055.829
31.342,7.4907,4.9876,-0.0102,0.3924,0.0154,1788740055.849
31.362,7.4986,4.9876,-0.0099,0.3924,0.0154,1788740055.869
31.382,7.5064,4.9875,-0.0096,0.3924,0.0154,1788740055.889
31.402,7.5143,4.9874,-0.0093,0.3924,0.0154,1788740055.909
31.422,7.5221,4.9873,-0.0080,0.3898,0.0629,1788740055.929
31.442,7.5299,4.9873,-0.0068,0.3898,0.0629,1788740055.949
31.463,7.5376,4.9873,-0.0055,0.3898,0.0629,1788740055.969
31.483,7.5454,4.9872,-0.0042,0.3898,0.0629,1788740055.989
31.503,7.5532,4.9872,-0.0030,0.3898,0.0629,1788740056.009
31.523,7.5609,4.9872,-0.0017,0.3828,0.0655,1788740056.029
31.543,7.5686,4.9872,-0.0004,0.3828,0.0655,1788740056.049
31.562,7.5762,4.9872,0.0009,0.3828,0.0655,1788740056.069
31.582,7.5839,4.9872,0.0023,0.3828,0.0655,1788740056.089
31.602,7.5915,4.9872,0.0036,0.3828,0.0655,1788740056.109
31.622,7.5991,4.9873,0.0046,0.3780,0.0517,1788740056.129
31.642,7.6066,4.9873,0.0056,0.3780,0.0517,1788740056.149
31.662,7.6142,4.9874,0.0067,0.3780,0.0517,1788740056.169
31.682,7.6218,4.9874,0.0077,0.3780,0.0517,1788740056.189
31.702,7.6293,4.9875,0.0087,0.3780,0.0517,1788740056.209
31.722,7.6369,4.9876,0.0089,0.3796,0.0066,1788740056.229
31.742,7.6445,4.9876,0.0090,0.3796,0.0066,1788740056.249
31.762,7.6521,4.9877,0.0091,0.3796,0.0066,1788740056.269
31.782,7.6597,4.9878,0.0093,0.3796,0.0066,1788740056.289
31.802,7.6673,4.9878,0.0094,0.3796,0.0066,1788740056.309
31.822,7.6748,4.9879,0.0094,0.3739,-0.0013,1788740056.329
31.842,7.6822,4.9880,0.0093,0.3739,-0.0013,1788740056.349
31.862,7.6897,4.9880,0.0093,0.3739,-0.0013,1788740056.369
31.882,7.6972,4.9881,0.0093,0.3739,-0.0013,1788740056.389
31.902,7.7047,4.9882,0.0093,0.3739,-0.0013,1788740056.409
31.922,7.7119,4.9883,0.0100,0.3620,0.0366,1788740056.429
31.942,7.7191,4.9883,0.0107,0.3620,0.0366,1788740056.449
31.962,7.7264,4.9884,0.0115,0.3620,0.0366,1788740056.469
31.983,7.7336,4.9885,0.0122,0.3620,0.0366,1788740056.490
32.003,7.7409,4.9886,0.0129,0.3620,0.0366,1788740056.509
32.022,7.7480,4.9887,0.0140,0.3575,0.0562,1788740056.529
32.043,7.7552,4.9888,0.0152,0.3575,0.0562,1788740056.549
32.062,7.7623,4.9889,0.0163,0.3575,0.0562,1788740056.569
32.083,7.7695,4.9890,0.0174,0.3575,0.0562,1788740056.589
32.102,7.7766,4.9892,0.0185,0.3575,0.0562,1788740056.609
32.122,7.7835,4.9893,0.0195,0.3458,0.0495,1788740056.629
32.142,7.7904,4.9895,0.0205,0.3458,0.0495,1788740056.649
32.162,7.7974,4.9896,0.0215,0.3458,0.0495,1788740056.669
32.182,7.8043,4.9898,0.0225,0.3458,0.0495,1788740056.689
32.202,7.8112,4.9899,0.0235,0.3458,0.0495,1788740056.709
32.222,7.8180,4.9901,0.0241,0.3411,0.0292,1788740056.729
32.242,7.8248,4.9903,0.0247,0.3411,0.0292,1788740056.749
32.263,7.8316,4.9904,0.0252,0.3411,0.0292,1788740056.769
32.282,7.8385,4.9906,0.0258,0.3411,0.0292,1788740056.789
32.302,7.8453,4.9908,0.0264,0.3411,0.0292,1788740056.809
32.322,7.8521,4.9910,0.0265,0.3394,0.0038,1788740056.829
32.342,7.8589,4.9911,0.0266,0.3394,0.0038,1788740056.849
32.362,7.8656,4.9913,0.0266,0.3394,0.0038,1788740056.869
32.382,7.8724,4.9915,0.0267,0.3394,0.0038,1788740056.889
32.402,7.8792,4.9917,0.0268,0.3394,0.0038,1788740056.909
32.422,7.8861,4.9919,0.0268,0.3429,0.0005,1788740056.929
32.443,7.8929,4.9921,0.0268,0.3429,0.0005,1788740056.949
32.463,7.8998,4.9922,0.0268,0.3429,0.0005,1788740056.969
32.483,7.9066,4.9924,0.0268,0.3429,0.0005,1788740056.989
32.502,7.9135,4.9926,0.0268,0.3429,0.0005,1788740057.009
32.523,7.9204,4.9928,0.0267,0.3441,-0.0071,1788740057.029
32.542,7.9272,4.9930,0.0266,0.3441,-0.0071,1788740057.049
32.562,7.9341,4.9932,0.0264,0.3441,-0.0071,1788740057.069
32.582,7.9410,4.9933,0.0263,0.3441,-0.0071,1788740057.089
32.602,7.9479,4.9935,0.0261,0.3441,-0.0071,1788740057.109
32.622,7.9547,4.9937,0.0260,0.3395,-0.0059,1788740057.129
32.642,7.9615,4.9939,0.0259,0.3395,-0.0059,1788740057.149
32.662,7.9682,4.9940,0.0258,0.3395,-0.0059,1788740057.169
32.682,7.9750,4.9942,0.0257,0.3395,-0.0059,1788740057.189
32.702,7.9818,4.9944,0.0256,0.3395,-0.0059,1788740057.209
32.722,7.9886,4.9946,0.0247,0.3398,-0.0419,1788740057.229
32.743,7.9954,4.9947,0.0239,0.3398,-0.0419,1788740057.249
32.763,8.0022,4.9949,0.0230,0.3398,-0.0419,1788740057.269
32.783,8.0090,4.9950,0.0222,0.3398,-0.0419,1788740057.289
32.803,8.0158,4.9952,0.0214,0.3398,-0.0419,1788740057.309
32.822,8.0225,4.9953,0.0202,0.3346,-0.0575,1788740057.329
32.843,8.0292,4.9954,0.0191,0.3346,-0.0575,1788740057.349
32.863,8.0359,4.9956,0.0179,0.3346,-0.0575,1788740057.369
32.882,8.0426,4.9957,0.0168,0.3346,-0.0575,1788740057.389
32.902,8.0493,4.9958,0.0156,0.3346,-0.0575,1788740057.409
32.922,8.0559,4.9959,0.0150,0.3323,-0.0311,1788740057.429
32.942,8.0625,4.9960,0.0144,0.3323,-0.0311,1788740057.449
32.962,8.0692,4.9961,0.0137,0.3323,-0.0311,1788740057.469
32.982,8.0758,4.9961,0.0131,0.3323,-0.0311,1788740057.489
33.002,8.0825,4.9962,0.0125,0.3323,-0.0311,1788740057.509
33.022,8.0891,4.9963,0.0121,0.3290,-0.0215,1788740057.529
33.042,8.0956,4.9964,0.0116,0.3290,-0.0215,1788740057.549
33.062,8.1022,4.9965,0.0112,0.3290,-0.0215,1788740057.569
33.082,8.1088,4.9965,0.0108,0.3290,-0.0215,1788740057.589
33.102,8.1154,4.9966,0.0104,0.3290,-0.0215,1788740057.609
33.122,8.1218,4.9967,0.0102,0.3202,-0.0081,1788740057.629
33.143,8.1282,4.9967,0.0100,0.3202,-0.0081,1788740057.649
33.162,8.1346,4.9968,0.0099,0.3202,-0.0081,1788740057.669
33.183,8.1410,4.9969,0.0097,0.3202,-0.0081,1788740057.689
33.203,8.1474,4.9969,0.0096,0.3202,-0.0081,1788740057.709
33.222,8.1537,4.9970,0.0095,0.3139,-0.0011,1788740057.729
33.242,8.1600,4.9970,0.0095,0.3139,-0.0011,1788740057.749
33.262,8.1662,4.9971,0.0095,0.3139,-0.0011,1788740057.769
33.282,8.1725,4.9972,0.0095,0.3139,-0.0011,1788740057.789
33.302,8.1788,4.9972,0.0094,0.3139,-0.0011,1788740057.809
33.322,8.1850,4.9973,0.0097,0.3101,0.0131,1788740057.829
33.342,8.1912,4.9973,0.0100,0.3101,0.0131,1788740057.849
33.362,8.1974,4.9974,0.0102,0.3101,0.0131,1788740057.869
33.382,8.2036,4.9975,0.0105,0.3101,0.0131,1788740057.889
33.402,8.2098,4.9975,0.0108,0.3101,0.0131,1788740057.909
33.422,8.2159,4.9976,0.0113,0.3031,0.0266,1788740057.929
33.442,8.2219,4.9977,0.0118,0.3031,0.0266,1788740057.949
33.463,8.2280,4.9977,0.0124,0.3031,0.0266,1788740057.969
33.483,8.2340,4.9978,0.0129,0.3031,0.0266,1788740057.989
33.503,8.2401,4.9979,0.0134,0.3031,0.0266,1788740058.009
33.522,8.2460,4.9980,0.0143,0.2954,0.0459,1788740058.029
33.543,8.2519,4.9981,0.0152,0.2954,0.0459,1788740058.049
33.562,8.2578,4.9982,0.0162,0.2954,0.0459,1788740058.069
33.582,8.2637,4.9983,0.0171,0.2954,0.0459,1788740058.089
33.602,8.2696,4.9984,0.0180,0.2954,0.0459,1788740058.109
33.622,8.2755,4.9985,0.0184,0.2909,0.0220,1788740058.129
33.642,8.2813,4.9986,0.0189,0.2909,0.0220,1788740058.149
33.662,8.2871,4.9987,0.0193,0.2909,0.0220,1788740058.169
33.682,8.2929,4.9988,0.0198,0.2909,0.0220,1788740058.189
33.702,8.2987,4.9989,0.0202,0.2909,0.0220,1788740058.209
33.723,8.3044,4.9991,0.0205,0.2837,0.0160,1788740058.229
33.742,8.3101,4.9992,0.0208,0.2837,0.0160,1788740058.249
33.762,8.3157,4.9993,0.0212,0.2837,0.0160,1788740058.269
33.782,8.3214,4.9994,0.0215,0.2837,0.0160,1788740058.289
33.802,8.3271,4.9995,0.0218,0.2837,0.0160,1788740058.309
33.822,8.3325,4.9997,0.0221,0.2707,0.0133,1788740058.329
33.843,8.3379,4.9998,0.0223,0.2707,0.0133,1788740058.349
33.862,8.3433,4.9999,0.0226,0.2707,0.0133,1788740058.369
33.883,8.3487,5.0000,0.0229,0.2707,0.0133,1788740058.389
33.902,8.3541,5.0002,0.0231,0.2707,0.0133,1788740058.409
33.922,8.3595,5.0003,0.0223,0.2681,-0.0413,1788740058.429
33.943,8.3649,5.0004,0.0215,0.2681,-0.0413,1788740058.449
33.962,8.3702,5.0005,0.0207,0.2681,-0.0413,1788740058.469
33.982,8.3756,5.0006,0.0198,0.2681,-0.0413,1788740058.489
34.002,8.3809,5.0007,0.0190,0.2681,-0.0413,1788740058.509
34.022,8.3859,5.0008,0.0186,0.2496,-0.0212,1788740058.529
34.042,8.3909,5.0009,0.0182,0.2496,-0.0212,1788740058.549
34.062,8.3959,5.0010,0.0177,0.2496,-0.0212,1788740058.569
34.082,8.4009,5.0011,0.0173,0.2496,-0.0212,1788740058.589
34.102,8.4059,5.0012,0.0169,0.2496,-0.0212,1788740058.609
34.123,8.4107,5.0012,0.0162,0.2400,-0.0335,1788740058.629
34.142,8.4155,5.0013,0.0156,0.2400,-0.0335,1788740058.649
34.163,8.4203,5.0014,0.0149,0.2400,-0.0335,1788740058.669
34.183,8.4251,5.0014,0.0142,0.2400,-0.0335,1788740058.690
34.203,8.4299,5.0015,0.0135,0.2400,-0.0335,1788740058.709
34.222,8.4346,5.0016,0.0126,0.2367,-0.0474,1788740058.729
34.242,8.4394,5.0016,0.0116,0.2367,-0.0474,1788740058.749
34.262,8.4441,5.0017,0.0107,0.2367,-0.0474,1788740058.769
34.282,8.4488,5.0017,0.0097,0.2367,-0.0474,1788740058.789
34.302,8.4536,5.0018,0.0088,0.2367,-0.0474,1788740058.809
34.322,8.4581,5.0018,0.0077,0.2267,-0.0548,1788740058.829
34.342,8.4626,5.0018,0.0066,0.2267,-0.0548,1788740058.849
34.362,8.4672,5.0019,0.0055,0.2267,-0.0548,1788740058.869
34.382,8.4717,5.0019,0.0044,0.2267,-0.0548,1788740058.889
34.403,8.4762,5.0019,0.0033,0.2267,-0.0548,1788740058.909
34.422,8.4804,5.0019,0.0028,0.2103,-0.0283,1788740058.929
34.442,8.4846,5.0019,0.0022,0.2103,-0.0283,1788740058.949
34.462,8.4889,5.0019,0.0016,0.2103,-0.0283,1788740058.969
34.482,8.4931,5.0019,0.0011,0.2103,-0.0283,1788740058.989
34.502,8.4973,5.0019,0.0005,0.2103,-0.0283,1788740059.009
34.522,8.5010,5.0019,0.0005,0.1890,0.0023,1788740059.029
34.542,8.5048,5.0019,0.0006,0.1890,0.0023,1788740059.049
34.562,8.5086,5.0019,0.0006,0.1890,0.0023,1788740059.069
34.582,8.5124,5.0019,0.0007,0.1890,0.0023,1788740059.089
34.603,8.5162,5.0019,0.0007,0.1890,0.0023,1788740059.109
34.622,8.5195,5.0019,0.0004,0.1662,-0.0184,1788740059.129
34.643,8.5228,5.0019,-0.0000,0.1662,-0.0184,1788740059.149
34.662,8.5261,5.0019,-0.0004,0.1662,-0.0184,1788740059.169
34.683,8.5295,5.0019,-0.0008,0.1662,-0.0184,1788740059.189
34.703,8.5328,5.0019,-0.0011,0.1662,-0.0184,1788740059.209
34.723,8.5357,5.0019,-0.0012,0.1465,-0.0034,1788740059.229
34.742,8.5386,5.0019,-0.0013,0.1465,-0.0034,1788740059.249
34.763,8.5416,5.0019,-0.0013,0.1465,-0.0034,1788740059.269
34.782,8.5445,5.0019,-0.0014,0.1465,-0.0034,1788740059.289
34.803,8.5474,5.0019,-0.0015,0.1465,-0.0034,1788740059.309
34.822,8.5498,5.0019,-0.0013,0.1185,0.0061,1788740059.329
34.843,8.5522,5.0019,-0.0012,0.1185,0.0061,1788740059.349
34.862,8.5545,5.0019,-0.0011,0.1185,0.0061,1788740059.369
34.882,8.5569,5.0019,-0.0010,0.1185,0.0061,1788740059.389
34.902,8.5593,5.0019,-0.0009,0.1185,0.0061,1788740059.409
34.923,8.5593,5.0019,-0.0009,0.0000,0.0000,1788740059.429
34.942,8.5593,5.0019,-0.0009,0.0000,0.0000,1788740059.449
34.963,8.5593,5.0019,-0.0009,0.0000,0.0000,1788740059.469
34.982,8.5593,5.0019,-0.0009,0.0000,0.0000,1788740059.489
35.002,8.5593,5.0019,-0.0009,0.0000,0.0000,1788740059.509
35.022,8.5593,5.0019,-0.0009,0.0000,0.0000,1788740059.529
