t,x,y,yaw,v,w,t_abs
0.022,1.2000,5.0000,0.0000,0.0000,0.0000,1788739473.519
0.042,1.2000,5.0000,0.0000,0.0000,0.0000,1788739473.539
0.062,1.2000,5.0000,0.0000,0.0000,0.0000,1788739473.559
0.082,1.2000,5.0000,0.0000,0.0000,0.0000,1788739473.579
0.102,1.2000,5.0000,0.0000,0.0000,0.0000,1788739473.599
0.122,1.2000,5.0000,0.0000,0.0000,0.0000,1788739473.619
0.142,1.2000,5.0000,0.0000,0.0000,0.0000,1788739473.639
0.162,1.2000,5.0000,0.0000,0.0000,0.0000,1788739473.659
0.182,1.2000,5.0000,0.0000,0.0000,0.0000,1788739473.679
0.202,1.2000,5.0000,0.0000,0.0000,0.0000,1788739473.699
0.222,1.2000,5.0000,0.0000,0.0000,0.0000,1788739473.719
0.242,1.2000,5.0000,0.0000,0.0000,0.0000,1788739473.739
0.262,1.2000,5.0000,0.0000,0.0000,0.0000,1788739473.759
0.282,1.2000,5.0000,0.0000,0.0000,0.0000,1788739473.779
0.302,1.2000,5.0000,0.0000,0.0000,0.0000,1788739473.799
0.322,1.2000,5.0000,0.0000,0.0000,0.0000,1788739473.819
0.342,1.2000,5.0000,0.0000,0.0000,0.0000,1788739473.839
0.362,1.2000,5.0000,0.0000,0.0000,0.0000,1788739473.859
0.382,1.2000,5.0000,0.0000,0.0000,0.0000,1788739473.879
0.402,1.2000,5.0000,0.0000,0.0000,0.0000,1788739473.899
0.422,1.2000,5.0000,0.0000,0.0000,0.0000,1788739473.919
0.442,1.2000,5.0000,0.0000,0.0000,0.0000,1788739473.939
0.462,1.2000,5.0000,0.0000,0.0000,0.0000,1788739473.959
0.482,1.2000,5.0000,0.0000,0.0000,0.0000,1788739473.979
0.502,1.2000,5.0000,0.0000,0.0000,0.0000,1788739473.999
0.522,1.2000,5.0000,0.0000,0.0000,0.0000,1788739474.019
0.543,1.2000,5.0000,0.0000,0.0000,0.0000,1788739474.039
0.562,1.2000,5.0000,0.0000,0.0000,0.0000,1788739474.059
0.582,1.2000,5.0000,0.0000,0.0000,0.0000,1788739474.079
0.602,1.2000,5.0000,0.0000,0.0000,0.0000,1788739474.099
0.622,1.2000,5.0000,0.0000,0.0000,0.0000,1788739474.119
0.642,1.2000,5.0000,0.0000,0.0000,0.0000,1788739474.139
0.662,1.2000,5.0000,0.0000,0.0000,0.0000,1788739474.159
0.682,1.2000,5.0000,0.0000,0.0000,0.0000,1788739474.179
0.702,1.2000,5.0000,0.0000,0.0000,0.0000,1788739474.199
0.722,1.2000,5.0000,0.0000,0.0000,0.0000,1788739474.219
0.743,1.2000,5.0000,0.0000,0.0000,0.0000,1788739474.239
0.762,1.2000,5.0000,0.0000,0.0000,0.0000,1788739474.259
0.782,1.2000,5.0000,0.0000,0.0000,0.0000,1788739474.279
0.802,1.2000,5.0000,0.0000,0.0000,0.0000,1788739474.299
0.822,1.2000,5.0000,0.0000,0.0000,0.0000,1788739474.319
0.842,1.2000,5.0000,0.0000,0.0000,0.0000,1788739474.339
0.862,1.2000,5.0000,0.0000,0.0000,0.0000,1788739474.359
0.882,1.2000,5.0000,0.0000,0.0000,0.0000,1788739474.379
0.902,1.2000,5.0000,0.0000,0.0000,0.0000,1788739474.399
0.922,1.2000,5.0000,0.0000,0.0000,0.0000,1788739474.419
0.942,1.2000,5.0000,0.0000,0.0000,0.0000,1788739474.439
0.962,1.2000,5.0000,0.0000,0.0000,0.0000,1788739474.459
0.982,1.2000,5.0000,0.0000,0.0000,0.0000,1788739474.479
1.002,1.2000,5.0000,0.0000,0.0000,0.0000,1788739474.499
1.022,1.2000,5.0000,0.0000,0.0000,0.0000,1788739474.519
1.042,1.2000,5.0000,0.0000,0.0000,0.0000,1788739474.539
1.062,1.2000,5.0000,0.0000,0.0000,0.0000,1788739474.559
1.082,1.2000,5.0000,0.0000,0.0000,0.0000,1788739474.579
1.102,1.2000,5.0000,0.0000,0.0000,0.0000,1788739474.599
1.122,1.2000,5.0000,0.0000,0.0000,0.0000,1788739474.619
1.143,1.2000,5.0000,0.0000,0.0000,0.0000,1788739474.639
1.162,1.2000,5.0000,0.0000,0.0000,0.0000,1788739474.659
1.182,1.2000,5.0000,0.0000,0.0000,0.0000,1788739474.679
1.202,1.2000,5.0000,0.0000,0.0000,0.0000,1788739474.699
1.222,1.2000,5.0000,0.0000,0.0000,0.0000,1788739474.719
1.242,1.2000,5.0000,0.0000,0.0000,0.0000,1788739474.739
1.262,1.2000,5.0000,0.0000,0.0000,0.0000,1788739474.759
1.282,1.2000,5.0000,0.0000,0.0000,0.0000,1788739474.779
1.302,1.2000,5.0000,0.0000,0.0000,0.0000,1788739474.799
1.323,1.2000,5.0000,0.0000,0.0000,0.0000,1788739474.819
1.342,1.2000,5.0000,0.0000,0.0000,0.0000,1788739474.839
1.363,1.2000,5.0000,0.0000,0.0000,0.0000,1788739474.859
1.382,1.2000,5.0000,0.0000,0.0000,0.0000,1788739474.879
1.402,1.2000,5.0000,0.0000,0.0000,0.0000,1788739474.899
1.422,1.2000,5.0000,0.0000,0.0000,0.0000,1788739474.919
1.442,1.2000,5.0000,0.0000,0.0000,0.0000,1788739474.939
1.462,1.2000,5.0000,0.0000,0.0000,0.0000,1788739474.959
1.482,1.2000,5.0000,0.0000,0.0000,0.0000,1788739474.979
1.502,1.2000,5.0000,0.0000,0.0000,0.0000,1788739474.999
1.522,1.2000,5.0000,0.0000,0.0000,0.0000,1788739475.019
1.542,1.2000,5.0000,0.0000,0.0000,0.0000,1788739475.039
1.562,1.2000,5.0000,0.0000,0.0000,0.0000,1788739475.059
1.582,1.2000,5.0000,0.0000,0.0000,0.0000,1788739475.079
1.602,1.2000,5.0000,0.0000,0.0000,0.0000,1788739475.099
1.623,1.2000,5.0000,0.0000,0.0000,0.0000,1788739475.119
1.643,1.2000,5.0000,0.0000,0.0000,0.0000,1788739475.139
1.662,1.2000,5.0000,0.0000,0.0000,0.0000,1788739475.159
1.683,1.2000,5.0000,0.0000,0.0000,0.0000,1788739475.179
1.702,1.2000,5.0000,0.0000,0.0000,0.0000,1788739475.199
1.722,1.2000,5.0000,0.0000,0.0000,0.0000,1788739475.219
1.742,1.2000,5.0000,0.0000,0.0000,0.0000,1788739475.239
1.762,1.2000,5.0000,0.0000,0.0000,0.0000,1788739475.259
1.782,1.2000,5.0000,0.0000,0.0000,0.0000,1788739475.279
1.802,1.2000,5.0000,0.0000,0.0000,0.0000,1788739475.299
1.822,1.2000,5.0000,0.0000,0.0000,0.0000,1788739475.319
1.842,1.2000,5.0000,0.0000,0.0000,0.0000,1788739475.339
1.862,1.2000,5.0000,0.0000,0.0000,0.0000,1788739475.359
1.882,1.2000,5.0000,0.0000,0.0000,0.0000,1788739475.379
1.902,1.2000,5.0000,0.0000,0.0000,0.0000,1788739475.399
1.922,1.2000,5.0000,0.0000,0.0000,0.0000,1788739475.419
1.942,1.2000,5.0000,0.0000,0.0000,0.0000,1788739475.439
1.962,1.2000,5.0000,0.0000,0.0000,0.0000,1788739475.459
1.982,1.2000,5.0000,0.0000,0.0000,0.0000,1788739475.479
2.002,1.2000,5.0000,0.0000,0.0000,0.0000,1788739475.499
2.022,1.2000,5.0000,0.0000,0.0000,0.0000,1788739475.519
2.042,1.2000,5.0000,0.0000,0.0000,0.0000,1788739475.539
2.062,1.2000,5.0000,0.0000,0.0000,0.0000,1788739475.559
2.082,1.2000,5.0000,0.0000,0.0000,0.0000,1788739475.579
2.102,1.2000,5.0000,0.0000,0.0000,0.0000,1788739475.599
2.122,1.2000,5.0000,0.0000,0.0000,0.0000,1788739475.619
2.142,1.2000,5.0000,0.0000,0.0000,0.0000,1788739475.639
2.162,1.2000,5.0000,0.0000,0.0000,0.0000,1788739475.659
2.182,1.2000,5.0000,0.0000,0.0000,0.0000,1788739475.679
2.202,1.2000,5.0000,0.0000,0.0000,0.0000,1788739475.699
2.222,1.2000,5.0000,0.0000,0.0000,0.0000,1788739475.719
2.242,1.2000,5.0000,0.0000,0.0000,0.0000,1788739475.739
2.262,1.2000,5.0000,0.0000,0.0000,0.0000,1788739475.759
2.282,1.2000,5.0000,0.0000,0.0000,0.0000,1788739475.779
2.302,1.2000,5.0000,0.0000,0.0000,0.0000,1788739475.799
2.322,1.2000,5.0000,0.0000,0.0000,0.0000,1788739475.819
2.342,1.2000,5.0000,0.0000,0.0000,0.0000,1788739475.839
2.362,1.2000,5.0000,0.0000,0.0000,0.0000,1788739475.859
2.382,1.2000,5.0000,0.0000,0.0000,0.0000,1788739475.879
2.402,1.2000,5.0000,0.0000,0.0000,0.0000,1788739475.899
2.422,1.2000,5.0000,0.0000,0.0000,0.0000,1788739475.919
2.442,1.2000,5.0000,0.0000,0.0000,0.0000,1788739475.939
2.462,1.2000,5.0000,0.0000,0.0000,0.0000,1788739475.959
2.482,1.2000,5.0000,0.0000,0.0000,0.0000,1788739475.979
2.502,1.2000,5.0000,0.0000,0.0000,0.0000,1788739475.999
2.522,1.2000,5.0000,0.0000,0.0000,0.0000,1788739476.019
2.542,1.2000,5.0000,0.0000,0.0000,0.0000,1788739476.039
2.562,1.2000,5.0000,0.0000,0.0000,0.0000,1788739476.059
2.582,1.2000,5.0000,0.0000,0.0000,0.0000,1788739476.079
2.602,1.2000,5.0000,0.0000,0.0000,0.0000,1788739476.099
2.622,1.2000,5.0000,0.0000,0.0000,0.0000,1788739476.119
2.642,1.2000,5.0000,0.0000,0.0000,0.0000,1788739476.139
2.662,1.2000,5.0000,0.0000,0.0000,0.0000,1788739476.159
2.682,1.2000,5.0000,0.0000,0.0000,0.0000,1788739476.179
2.702,1.2000,5.0000,0.0000,0.0000,0.0000,1788739476.199
2.722,1.2000,5.0000,0.0000,0.0000,0.0000,1788739476.219
2.742,1.2000,5.0000,0.0000,0.0000,0.0000,1788739476.239
2.762,1.2000,5.0000,0.0000,0.0000,0.0000,1788739476.259
2.782,1.2000,5.0000,0.0000,0.0000,0.0000,1788739476.279
2.802,1.2000,5.0000,0.0000,0.0000,0.0000,1788739476.299
2.822,1.2000,5.0000,0.0000,0.0000,0.0000,1788739476.319
2.842,1.2000,5.0000,0.0000,0.0000,0.0000,1788739476.339
2.862,1.2000,5.0000,0.0000,0.0000,0.0000,1788739476.359
2.882,1.2000,5.0000,0.0000,0.0000,0.0000,1788739476.379
2.902,1.2000,5.0000,0.0000,0.0000,0.0000,1788739476.399
2.922,1.2000,5.0000,0.0000,0.0000,0.0000,1788739476.419
2.942,1.2000,5.0000,0.0000,0.0000,0.0000,1788739476.439
2.962,1.2000,5.0000,0.0000,0.0000,0.0000,1788739476.459
2.982,1.2000,5.0000,0.0000,0.0000,0.0000,1788739476.479
3.002,1.2000,5.0000,0.0000,0.0000,0.0000,1788739476.499
3.023,1.2000,5.0000,0.0000,0.0000,0.0000,1788739476.519
3.042,1.2000,5.0000,0.0000,0.0000,0.0000,1788739476.539
3.062,1.2000,5.0000,0.0000,0.0000,0.0000,1788739476.559
3.082,1.2000,5.0000,0.0000,0.0000,0.0000,1788739476.579
3.102,1.2000,5.0000,0.0000,0.0000,0.0000,1788739476.599
3.122,1.2000,5.0000,0.0000,0.0000,0.0000,1788739476.619
3.142,1.2000,5.0000,0.0000,0.0000,0.0000,1788739476.639
3.162,1.2000,5.0000,0.0000,0.0000,0.0000,1788739476.659
3.182,1.2000,5.0000,0.0000,0.0000,0.0000,1788739476.679
3.202,1.2000,5.0000,0.0000,0.0000,0.0000,1788739476.699
3.222,1.2000,5.0000,0.0000,0.0000,0.0000,1788739476.719
3.243,1.2000,5.0000,0.0000,0.0000,0.0000,1788739476.739
3.262,1.2000,5.0000,0.0000,0.0000,0.0000,1788739476.759
3.282,1.2000,5.0000,0.0000,0.0000,0.0000,1788739476.779
3.302,1.2000,5.0000,0.0000,0.0000,0.0000,1788739476.799
3.322,1.2000,5.0000,0.0000,0.0000,0.0000,1788739476.819
3.342,1.2000,5.0000,0.0000,0.0000,0.0000,1788739476.839
3.362,1.2000,5.0000,0.0000,0.0000,0.0000,1788739476.859
3.382,1.2000,5.0000,0.0000,0.0000,0.0000,1788739476.879
3.402,1.2000,5.0000,0.0000,0.0000,0.0000,1788739476.899
3.422,1.2000,5.0000,0.0000,0.0000,0.0000,1788739476.919
3.442,1.2000,5.0000,0.0000,0.0000,0.0000,1788739476.939
3.462,1.2000,5.0000,0.0000,0.0000,0.0000,1788739476.959
3.482,1.2000,5.0000,0.0000,0.0000,0.0000,1788739476.979
3.502,1.2000,5.0000,0.0000,0.0000,0.0000,1788739476.999
3.522,1.2000,5.0000,0.0000,0.0000,0.0000,1788739477.019
3.542,1.2000,5.0000,0.0000,0.0000,0.0000,1788739477.039
3.562,1.2000,5.0000,0.0000,0.0000,0.0000,1788739477.059
3.582,1.2000,5.0000,0.0000,0.0000,0.0000,1788739477.079
3.602,1.2000,5.0000,0.0000,0.0000,0.0000,1788739477.099
3.622,1.2000,5.0000,0.0000,0.0000,0.0000,1788739477.119
3.642,1.2000,5.0000,0.0000,0.0000,0.0000,1788739477.139
3.662,1.2000,5.0000,0.0000,0.0000,0.0000,1788739477.159
3.682,1.2000,5.0000,0.0000,0.0000,0.0000,1788739477.179
3.702,1.2000,5.0000,0.0000,0.0000,0.0000,1788739477.199
3.722,1.2000,5.0000,0.0000,0.0000,0.0000,1788739477.219
3.742,1.2000,5.0000,0.0000,0.0000,0.0000,1788739477.239
3.762,1.2000,5.0000,0.0000,0.0000,0.0000,1788739477.259
3.782,1.2000,5.0000,0.0000,0.0000,0.0000,1788739477.279
3.802,1.2000,5.0000,0.0000,0.0000,0.0000,1788739477.299
3.822,1.2000,5.0000,0.0000,0.0000,0.0000,1788739477.319
3.842,1.2000,5.0000,0.0000,0.0000,0.0000,1788739477.339
3.863,1.2000,5.0000,0.0000,0.0000,0.0000,1788739477.359
3.882,1.2000,5.0000,0.0000,0.0000,0.0000,1788739477.379
3.902,1.2000,5.0000,0.0000,0.0000,0.0000,1788739477.399
3.922,1.2000,5.0000,0.0000,0.0000,0.0000,1788739477.419
3.943,1.2000,5.0000,0.0000,0.0000,0.0000,1788739477.439
3.962,1.2000,5.0000,0.0000,0.0000,0.0000,1788739477.459
3.982,1.2000,5.0000,0.0000,0.0000,0.0000,1788739477.479
4.002,1.2000,5.0000,0.0000,0.0000,0.0000,1788739477.499
4.022,1.2000,5.0000,0.0000,0.0000,0.0000,1788739477.519
4.042,1.2000,5.0000,0.0000,0.0000,0.0000,1788739477.539
4.062,1.2000,5.0000,0.0000,0.0000,0.0000,1788739477.559
4.082,1.2000,5.0000,0.0000,0.0000,0.0000,1788739477.579
4.102,1.2000,5.0000,0.0000,0.0000,0.0000,1788739477.599
4.122,1.2000,5.0000,0.0000,0.0000,0.0000,1788739477.619
4.142,1.2000,5.0000,0.0000,0.0000,0.0000,1788739477.639
4.162,1.2000,5.0000,0.0000,0.0000,0.0000,1788739477.659
4.182,1.2000,5.0000,0.0000,0.0000,0.0000,1788739477.679
4.203,1.2000,5.0000,0.0000,0.0000,0.0000,1788739477.699
4.222,1.2000,5.0000,0.0000,0.0000,0.0000,1788739477.719
4.242,1.2000,5.0000,0.0000,0.0000,0.0000,1788739477.739
4.263,1.2000,5.0000,0.0000,0.0000,0.0000,1788739477.759
4.283,1.2000,5.0000,0.0000,0.0000,0.0000,1788739477.779
4.302,1.2000,5.0000,0.0000,0.0000,0.0000,1788739477.799
4.322,1.2000,5.0000,0.0000,0.0000,0.0000,1788739477.819
4.342,1.2000,5.0000,0.0000,0.0000,0.0000,1788739477.839
4.362,1.2000,5.0000,0.0000,0.0000,0.0000,1788739477.859
4.382,1.2000,5.0000,0.0000,0.0000,0.0000,1788739477.879
4.402,1.2000,5.0000,0.0000,0.0000,0.0000,1788739477.899
4.422,1.2000,5.0000,0.0000,0.0000,0.0000,1788739477.919
4.442,1.2000,5.0000,0.0000,0.0000,0.0000,1788739477.939
4.462,1.2000,5.0000,0.0000,0.0000,0.0000,1788739477.959
4.482,1.2000,5.0000,0.0000,0.0000,0.0000,1788739477.979
4.502,1.2000,5.0000,0.0000,0.0000,0.0000,1788739477.999
4.522,1.2000,5.0000,0.0000,0.0000,0.0000,1788739478.019
4.542,1.2000,5.0000,0.0000,0.0000,0.0000,1788739478.039
4.562,1.2000,5.0000,0.0000,0.0000,0.0000,1788739478.059
4.582,1.2000,5.0000,0.0000,0.0000,0.0000,1788739478.079
4.603,1.2000,5.0000,0.0000,0.0000,0.0000,1788739478.099
4.622,1.2000,5.0000,0.0000,0.0000,0.0000,1788739478.119
4.643,1.2000,5.0000,0.0000,0.0000,0.0000,1788739478.139
4.662,1.2000,5.0000,0.0000,0.0000,0.0000,1788739478.159
4.682,1.2000,5.0000,0.0000,0.0000,0.0000,1788739478.179
4.702,1.2000,5.0000,0.0000,0.0000,0.0000,1788739478.199
4.722,1.2000,5.0000,0.0000,0.0000,0.0000,1788739478.219
4.742,1.2000,5.0000,0.0000,0.0000,0.0000,1788739478.239
4.762,1.2000,5.0000,0.0000,0.0000,0.0000,1788739478.259
4.782,1.2000,5.0000,0.0000,0.0000,0.0000,1788739478.279
4.802,1.2000,5.0000,0.0000,0.0000,0.0000,1788739478.299
4.823,1.2000,5.0000,0.0000,0.0000,0.0000,1788739478.319
4.842,1.2000,5.0000,0.0000,0.0000,0.0000,1788739478.339
4.862,1.2000,5.0000,0.0000,0.0000,0.0000,1788739478.359
4.882,1.2000,5.0000,0.0000,0.0000,0.0000,1788739478.379
4.902,1.2000,5.0000,0.0000,0.0000,0.0000,1788739478.399
4.922,1.2000,5.0000,0.0000,0.0000,0.0000,1788739478.419
4.942,1.2000,5.0000,0.0000,0.0000,0.0000,1788739478.439
4.962,1.2000,5.0000,0.0000,0.0000,0.0000,1788739478.459
4.982,1.2000,5.0000,0.0000,0.0000,0.0000,1788739478.479
5.002,1.2000,5.0000,0.0000,0.0000,0.0000,1788739478.499
5.022,1.2000,5.0000,0.0000,0.0000,0.0000,1788739478.519
5.042,1.2000,5.0000,0.0000,0.0000,0.0000,1788739478.539
5.062,1.2000,5.0000,0.0000,0.0000,0.0000,1788739478.559
5.082,1.2000,5.0000,0.0000,0.0000,0.0000,1788739478.579
5.102,1.2000,5.0000,0.0000,0.0000,0.0000,1788739478.599
5.122,1.2000,5.0000,0.0000,0.0000,0.0000,1788739478.619
5.143,1.2000,5.0000,0.0000,0.0000,0.0000,1788739478.639
5.162,1.2000,5.0000,0.0000,0.0000,0.0000,1788739478.659
5.182,1.2000,5.0000,0.0000,0.0000,0.0000,1788739478.679
5.202,1.2000,5.0000,0.0000,0.0000,0.0000,1788739478.699
5.222,1.2000,5.0000,0.0000,0.0000,0.0000,1788739478.719
5.242,1.2000,5.0000,0.0000,0.0000,0.0000,1788739478.739
5.262,1.2000,5.0000,0.0000,0.0000,0.0000,1788739478.759
5.282,1.2000,5.0000,0.0000,0.0000,0.0000,1788739478.779
5.302,1.2000,5.0000,0.0000,0.0000,0.0000,1788739478.799
5.322,1.2000,5.0000,0.0000,0.0000,0.0000,1788739478.819
5.342,1.2000,5.0000,0.0000,0.0000,0.0000,1788739478.839
5.362,1.2000,5.0000,0.0000,0.0000,0.0000,1788739478.859
5.382,1.2000,5.0000,0.0000,0.0000,0.0000,1788739478.879
5.402,1.2000,5.0000,0.0000,0.0000,0.0000,1788739478.899
5.422,1.2000,5.0000,0.0000,0.0000,0.0000,1788739478.919
5.442,1.2000,5.0000,0.0000,0.0000,0.0000,1788739478.939
5.462,1.2000,5.0000,0.0000,0.0000,0.0000,1788739478.959
5.482,1.2000,5.0000,0.0000,0.0000,0.0000,1788739478.979
5.502,1.2000,5.0000,0.0000,0.0000,0.0000,1788739478.999
5.522,1.2000,5.0000,0.0000,0.0000,0.0000,1788739479.019
5.542,1.2000,5.0000,0.0000,0.0000,0.0000,1788739479.039
5.562,1.2000,5.0000,0.0000,0.0000,0.0000,1788739479.059
5.582,1.2000,5.0000,0.0000,0.0000,0.0000,1788739479.079
5.602,1.2000,5.0000,0.0000,0.0000,0.0000,1788739479.099
5.622,1.2000,5.0000,0.0000,0.0000,0.0000,1788739479.119
5.642,1.2000,5.0000,0.0000,0.0000,0.0000,1788739479.139
5.662,1.2000,5.0000,0.0000,0.0000,0.0000,1788739479.159
5.682,1.2000,5.0000,0.0000,0.0000,0.0000,1788739479.179
5.702,1.2000,5.0000,0.0000,0.0000,0.0000,1788739479.199
5.723,1.2000,5.0000,0.0000,0.0000,0.0000,1788739479.219
5.742,1.2000,5.0000,0.0000,0.0000,0.0000,1788739479.239
5.762,1.2000,5.0000,0.0000,0.0000,0.0000,1788739479.259
5.782,1.2000,5.0000,0.0000,0.0000,0.0000,1788739479.279
5.802,1.2000,5.0000,0.0000,0.0000,0.0000,1788739479.299
5.823,1.2000,5.0000,0.0000,0.0000,0.0000,1788739479.319
5.842,1.2000,5.0000,0.0000,0.0000,0.0000,1788739479.339
5.862,1.2000,5.0000,0.0000,0.0000,0.0000,1788739479.359
5.883,1.2000,5.0000,0.0000,0.0000,0.0000,1788739479.379
5.902,1.2000,5.0000,0.0000,0.0000,0.0000,1788739479.399
5.922,1.2000,5.0000,0.0000,0.0000,0.0000,1788739479.419
5.942,1.2000,5.0000,0.0000,0.0000,0.0000,1788739479.439
5.962,1.2000,5.0000,0.0000,0.0000,0.0000,1788739479.459
5.982,1.2000,5.0000,0.0000,0.0000,0.0000,1788739479.479
6.002,1.2000,5.0000,0.0000,0.0000,0.0000,1788739479.499
6.022,1.2000,5.0000,0.0000,0.0000,0.0000,1788739479.519
6.042,1.2000,5.0000,0.0000,0.0000,0.0000,1788739479.539
6.063,1.2000,5.0000,0.0000,0.0000,0.0000,1788739479.559
6.082,1.2000,5.0000,0.0000,0.0000,0.0000,1788739479.579
6.103,1.2000,5.0000,0.0000,0.0000,0.0000,1788739479.599
6.122,1.2000,5.0000,0.0000,0.0000,0.0000,1788739479.619
6.142,1.2000,5.0000,0.0000,0.0000,0.0000,1788739479.639
6.162,1.2000,5.0000,0.0000,0.0000,0.0000,1788739479.659
6.182,1.2000,5.0000,0.0000,0.0000,0.0000,1788739479.679
6.202,1.2000,5.0000,0.0000,0.0000,0.0000,1788739479.699
6.222,1.2000,5.0000,0.0000,0.0000,0.0000,1788739479.719
6.242,1.2000,5.0000,0.0000,0.0000,0.0000,1788739479.739
6.262,1.2000,5.0000,0.0000,0.0000,0.0000,1788739479.759
6.282,1.2000,5.0000,0.0000,0.0000,0.0000,1788739479.779
6.302,1.2000,5.0000,0.0000,0.0000,0.0000,1788739479.799
6.322,1.2000,5.0000,0.0000,0.0000,0.0000,1788739479.819
6.342,1.2000,5.0000,0.0000,0.0000,0.0000,1788739479.839
6.362,1.2000,5.0000,0.0000,0.0000,0.0000,1788739479.859
6.382,1.2000,5.0000,0.0000,0.0000,0.0000,1788739479.879
6.402,1.2000,5.0000,0.0000,0.0000,0.0000,1788739479.899
6.422,1.2000,5.0000,0.0000,0.0000,0.0000,1788739479.919
6.442,1.2000,5.0000,0.0000,0.0000,0.0000,1788739479.939
6.462,1.2000,5.0000,0.0000,0.0000,0.0000,1788739479.959
6.482,1.2000,5.0000,0.0000,0.0000,0.0000,1788739479.979
6.502,1.2000,5.0000,0.0000,0.0000,0.0000,1788739479.999
6.522,1.2000,5.0000,0.0000,0.0000,0.0000,1788739480.019
6.542,1.2000,5.0000,0.0000,0.0000,0.0000,1788739480.039
6.562,1.2000,5.0000,0.0000,0.0000,0.0000,1788739480.059
6.582,1.2000,5.0000,0.0000,0.0000,0.0000,1788739480.079
6.602,1.2000,5.0000,0.0000,0.0000,0.0000,1788739480.099
6.622,1.2000,5.0000,0.0000,0.0000,0.0000,1788739480.119
6.642,1.2000,5.0000,0.0000,0.0000,0.0000,1788739480.139
6.662,1.2000,5.0000,0.0000,0.0000,0.0000,1788739480.159
6.682,1.2000,5.0000,0.0000,0.0000,0.0000,1788739480.179
6.702,1.2000,5.0000,0.0000,0.0000,0.0000,1788739480.199
6.722,1.2000,5.0000,0.0000,0.0000,0.0000,1788739480.219
6.742,1.2000,5.0000,0.0000,0.0000,0.0000,1788739480.239
6.762,1.2000,5.0000,0.0000,0.0000,0.0000,1788739480.259
6.782,1.2000,5.0000,0.0000,0.0000,0.0000,1788739480.279
6.802,1.2000,5.0000,0.0000,0.0000,0.0000,1788739480.299
6.822,1.2000,5.0000,0.0000,0.0000,0.0000,1788739480.319
6.842,1.2000,5.0000,0.0000,0.0000,0.0000,1788739480.339
6.862,1.2000,5.0000,0.0000,0.0000,0.0000,1788739480.359
6.882,1.2000,5.0000,0.0000,0.0000,0.0000,1788739480.379
6.902,1.2000,5.0000,0.0000,0.0000,0.0000,1788739480.399
6.922,1.2000,5.0000,0.0000,0.0000,0.0000,1788739480.419
6.942,1.2000,5.0000,0.0000,0.0000,0.0000,1788739480.439
6.962,1.2000,5.0000,0.0000,0.0000,0.0000,1788739480.459
6.982,1.2000,5.0000,0.0000,0.0000,0.0000,1788739480.479
7.002,1.2000,5.0000,0.0000,0.0000,0.0000,1788739480.499
7.022,1.2000,5.0000,0.0000,0.0000,0.0000,1788739480.519
7.042,1.2000,5.0000,0.0000,0.0000,0.0000,1788739480.539
7.062,1.2000,5.0000,0.0000,0.0000,0.0000,1788739480.559
7.082,1.2000,5.0000,0.0000,0.0000,0.0000,1788739480.579
7.102,1.2000,5.0000,0.0000,0.0000,0.0000,1788739480.599
7.122,1.2000,5.0000,0.0000,0.0000,0.0000,1788739480.619
7.142,1.2000,5.0000,0.0000,0.0000,0.0000,1788739480.639
7.162,1.2000,5.0000,0.0000,0.0000,0.0000,1788739480.659
7.182,1.2000,5.0000,0.0000,0.0000,0.0000,1788739480.679
7.202,1.2000,5.0000,0.0000,0.0000,0.0000,1788739480.699
7.222,1.2000,5.0000,0.0000,0.0000,0.0000,1788739480.719
7.242,1.2000,5.0000,0.0000,0.0000,0.0000,1788739480.739
7.262,1.2000,5.0000,0.0000,0.0000,0.0000,1788739480.759
7.282,1.2000,5.0000,0.0000,0.0000,0.0000,1788739480.779
7.302,1.2000,5.0000,0.0000,0.0000,0.0000,1788739480.799
7.322,1.2000,5.0000,0.0000,0.0000,0.0000,1788739480.819
7.342,1.2000,5.0000,0.0000,0.0000,0.0000,1788739480.839
7.362,1.2000,5.0000,0.0000,0.0000,0.0000,1788739480.859
7.382,1.2000,5.0000,0.0000,0.0000,0.0000,1788739480.879
7.402,1.2000,5.0000,0.0000,0.0000,0.0000,1788739480.899
7.422,1.2000,5.0000,0.0000,0.0000,0.0000,1788739480.919
7.442,1.2000,5.0000,0.0000,0.0000,0.0000,1788739480.939
7.462,1.2000,5.0000,0.0000,0.0000,0.0000,1788739480.959
7.482,1.2000,5.0000,0.0000,0.0000,0.0000,1788739480.979
7.502,1.2000,5.0000,0.0000,0.0000,0.0000,1788739480.999
7.522,1.2000,5.0000,0.0000,0.0000,0.0000,1788739481.019
7.542,1.2000,5.0000,0.0000,0.0000,0.0000,1788739481.039
7.562,1.2000,5.0000,0.0000,0.0000,0.0000,1788739481.059
7.582,1.2000,5.0000,0.0000,0.0000,0.0000,1788739481.079
7.602,1.2000,5.0000,0.0000,0.0000,0.0000,1788739481.099
7.622,1.2000,5.0000,0.0000,0.0000,0.0000,1788739481.119
7.642,1.2000,5.0000,0.0000,0.0000,0.0000,1788739481.139
7.662,1.2000,5.0000,0.0000,0.0000,0.0000,1788739481.159
7.682,1.2000,5.0000,0.0000,0.0000,0.0000,1788739481.179
7.702,1.2000,5.0000,0.0000,0.0000,0.0000,1788739481.199
7.722,1.2000,5.0000,0.0000,0.0000,0.0000,1788739481.219
7.742,1.2000,5.0000,0.0000,0.0000,0.0000,1788739481.239
7.762,1.2000,5.0000,0.0000,0.0000,0.0000,1788739481.259
7.783,1.2000,5.0000,0.0000,0.0000,0.0000,1788739481.279
7.802,1.2000,5.0000,0.0000,0.0000,0.0000,1788739481.299
7.822,1.2000,5.0000,0.0000,0.0000,0.0000,1788739481.319
7.842,1.2000,5.0000,0.0000,0.0000,0.0000,1788739481.339
7.865,1.2000,5.0000,0.0000,0.0000,0.0000,1788739481.361
7.882,1.2000,5.0000,0.0000,0.0000,0.0000,1788739481.379
7.902,1.2000,5.0000,0.0000,0.0000,0.0000,1788739481.399
7.922,1.2000,5.0000,0.0000,0.0000,0.0000,1788739481.419
7.942,1.2000,5.0000,0.0000,0.0000,0.0000,1788739481.439
7.962,1.2000,5.0000,0.0000,0.0000,0.0000,1788739481.459
7.982,1.2000,5.0000,0.0000,0.0000,0.0000,1788739481.479
8.002,1.2000,5.0000,0.0000,0.0000,0.0000,1788739481.499
8.022,1.2000,5.0000,0.0000,0.0000,0.0000,1788739481.519
8.043,1.2000,5.0000,0.0000,0.0000,0.0000,1788739481.539
8.062,1.2000,5.0000,0.0000,0.0000,0.0000,1788739481.559
8.082,1.2000,5.0000,0.0000,0.0000,0.0000,1788739481.579
8.102,1.2000,5.0000,0.0000,0.0000,0.0000,1788739481.599
8.122,1.2000,5.0000,0.0000,0.0000,0.0000,1788739481.619
8.142,1.2000,5.0000,0.0000,0.0000,0.0000,1788739481.639
8.162,1.2000,5.0000,0.0000,0.0000,0.0000,1788739481.659
8.182,1.2000,5.0000,0.0000,0.0000,0.0000,1788739481.679
8.202,1.2000,5.0000,0.0000,0.0000,0.0000,1788739481.699
8.222,1.2000,5.0000,0.0000,0.0000,0.0000,1788739481.719
8.242,1.2000,5.0000,0.0000,0.0000,0.0000,1788739481.739
8.262,1.2000,5.0000,0.0000,0.0000,0.0000,1788739481.759
8.282,1.2000,5.0000,0.0000,0.0000,0.0000,1788739481.779
8.302,1.2000,5.0000,0.0000,0.0000,0.0000,1788739481.799
8.322,1.2000,5.0000,0.0000,0.0000,0.0000,1788739481.819
8.342,1.2000,5.0000,0.0000,0.0000,0.0000,1788739481.839
8.362,1.2080,5.0000,0.0000,0.4000,0.0000,1788739481.859
8.382,1.2160,5.0000,0.0000,0.4000,0.0000,1788739481.879
8.402,1.2240,5.0000,0.0000,0.4000,0.0000,1788739481.899
8.422,1.2320,5.0000,0.0000,0.4000,0.0000,1788739481.919
8.442,1.2397,5.0000,0.0000,0.3842,0.0000,1788739481.939
8.462,1.2474,5.0000,0.0000,0.3842,0.0000,1788739481.959
8.482,1.2551,5.0000,0.0000,0.3842,0.0000,1788739481.979
8.502,1.2627,5.0000,0.0000,0.3842,0.0000,1788739481.999
8.522,1.2704,5.0000,0.0000,0.3842,0.0000,1788739482.019
8.542,1.2784,5.0000,0.0000,0.4000,0.0000,1788739482.039
8.562,1.2864,5.0000,0.0000,0.4000,0.0000,1788739482.059
8.582,1.2944,5.0000,0.0000,0.4000,0.0000,1788739482.079
8.602,1.3024,5.0000,0.0000,0.4000,0.0000,1788739482.099
8.622,1.3104,5.0000,0.0000,0.4000,0.0000,1788739482.119
8.642,1.3184,5.0000,0.0000,0.4000,0.0000,1788739482.139
8.662,1.3264,5.0000,0.0000,0.4000,0.0000,1788739482.159
8.682,1.3344,5.0000,0.0000,0.4000,0.0000,1788739482.179
8.702,1.3424,5.0000,0.0000,0.4000,0.0000,1788739482.199
8.722,1.3504,5.0000,0.0000,0.4000,0.0000,1788739482.219
8.742,1.3584,5.0000,0.0000,0.4000,0.0000,1788739482.239
8.762,1.3664,5.0000,0.0000,0.4000,0.0000,1788739482.259
8.782,1.3744,5.0000,0.0000,0.4000,0.0000,1788739482.279
8.802,1.3824,5.0000,0.0000,0.4000,0.0000,1788739482.299
8.822,1.3904,5.0000,0.0000,0.4000,0.0000,1788739482.319
8.843,1.3981,5.0000,0.0000,0.3842,0.0000,1788739482.339
8.862,1.4058,5.0000,0.0000,0.3842,0.0000,1788739482.359
8.882,1.4135,5.0000,0.0000,0.3842,0.0000,1788739482.379
8.902,1.4212,5.0000,0.0000,0.3842,0.0000,1788739482.399
8.922,1.4288,5.0000,0.0000,0.3842,0.0000,1788739482.419
8.943,1.4368,5.0000,0.0000,0.4000,0.0000,1788739482.439
8.962,1.4448,5.0000,0.0000,0.4000,0.0000,1788739482.459
8.982,1.4528,5.0000,0.0000,0.4000,0.0000,1788739482.479
9.002,1.4608,5.0000,0.0000,0.4000,0.0000,1788739482.499
9.022,1.4688,5.0000,0.0000,0.4000,0.0000,1788739482.519
9.042,1.4768,5.0000,0.0000,0.4000,0.0000,1788739482.539
9.062,1.4848,5.0000,0.0000,0.4000,0.0000,1788739482.559
9.082,1.4928,5.0000,0.0000,0.4000,0.0000,1788739482.579
9.102,1.5008,5.0000,0.0000,0.4000,0.0000,1788739482.599
9.122,1.5088,5.0000,0.0000,0.4000,0.0000,1788739482.619
9.142,1.5168,5.0000,0.0000,0.4000,0.0000,1788739482.639
9.162,1.5248,5.0000,0.0000,0.4000,0.0000,1788739482.659
9.182,1.5328,5.0000,0.0000,0.4000,0.0000,1788739482.679
9.202,1.5408,5.0000,0.0000,0.4000,0.0000,1788739482.699
9.222,1.5488,5.0000,0.0000,0.4000,0.0000,1788739482.719
9.242,1.5565,5.0000,0.0000,0.3842,0.0000,1788739482.739
9.262,1.5642,5.0000,0.0000,0.3842,0.0000,1788739482.759
9.282,1.5719,5.0000,0.0000,0.3842,0.0000,1788739482.779
9.302,1.5796,5.0000,0.0000,0.3842,0.0000,1788739482.799
9.322,1.5873,5.0000,0.0000,0.3842,0.0000,1788739482.819
9.342,1.5949,5.0000,0.0000,0.3842,0.0000,1788739482.839
9.362,1.6026,5.0000,0.0000,0.3842,0.0000,1788739482.859
9.382,1.6103,5.0000,0.0000,0.3842,0.0000,1788739482.879
9.402,1.6180,5.0000,0.0000,0.3842,0.0000,1788739482.899
9.422,1.6257,5.0000,0.0000,0.3842,0.0000,1788739482.919
9.442,1.6337,5.0000,0.0000,0.4000,0.0000,1788739482.939
9.462,1.6417,5.0000,0.0000,0.4000,0.0000,1788739482.959
9.482,1.6497,5.0000,0.0000,0.4000,0.0000,1788739482.979
9.502,1.6577,5.0000,0.0000,0.4000,0.0000,1788739482.999
9.522,1.6657,5.0000,0.0000,0.4000,0.0000,1788739483.019
9.542,1.6737,5.0000,0.0000,0.4000,0.0000,1788739483.039
9.562,1.6817,5.0000,0.0000,0.4000,0.0000,1788739483.059
9.582,1.6897,5.0000,0.0000,0.4000,0.0000,1788739483.079
9.602,1.6977,5.0000,0.0000,0.4000,0.0000,1788739483.099
9.622,1.7057,5.0000,0.0000,0.4000,0.0000,1788739483.119
9.643,1.7137,5.0000,0.0000,0.4000,0.0000,1788739483.139
9.662,1.7217,5.0000,0.0000,0.4000,0.0000,1788739483.159
9.682,1.7297,5.0000,0.0000,0.4000,0.0000,1788739483.179
9.702,1.7377,5.0000,0.0000,0.4000,0.0000,1788739483.199
9.722,1.7457,5.0000,0.0000,0.4000,0.0000,1788739483.219
9.742,1.7534,5.0000,0.0000,0.3842,0.0000,1788739483.239
9.762,1.7611,5.0000,0.0000,0.3842,0.0000,1788739483.259
9.782,1.7687,5.0000,0.0000,0.3842,0.0000,1788739483.279
9.802,1.7764,5.0000,0.0000,0.3842,0.0000,1788739483.299
9.822,1.7841,5.0000,0.0000,0.3842,0.0000,1788739483.319
9.842,1.7918,5.0000,0.0000,0.3842,0.0000,1788739483.339
9.862,1.7995,5.0000,0.0000,0.3842,0.0000,1788739483.359
9.882,1.8072,5.0000,0.0000,0.3842,0.0000,1788739483.379
9.902,1.8148,5.0000,0.0000,0.3842,0.0000,1788739483.399
9.922,1.8225,5.0000,0.0000,0.3842,0.0000,1788739483.419
9.942,1.8305,5.0000,0.0000,0.4000,0.0000,1788739483.439
9.962,1.8385,5.0000,0.0000,0.4000,0.0000,1788739483.459
9.982,1.8465,5.0000,0.0000,0.4000,0.0000,1788739483.479
10.002,1.8545,5.0000,0.0000,0.4000,0.0000,1788739483.499
10.022,1.8625,5.0000,0.0000,0.4000,0.0000,1788739483.519
10.042,1.8705,5.0000,0.0000,0.4000,0.0000,1788739483.539
10.062,1.8785,5.0000,0.0000,0.4000,0.0000,1788739483.559
10.082,1.8865,5.0000,0.0000,0.4000,0.0000,1788739483.579
10.102,1.8945,5.0000,0.0000,0.4000,0.0000,1788739483.599
10.122,1.9025,5.0000,0.0000,0.4000,0.0000,1788739483.619
10.142,1.9105,5.0000,0.0000,0.4000,0.0000,1788739483.639
10.162,1.9185,5.0000,0.0000,0.4000,0.0000,1788739483.659
10.182,1.9265,5.0000,0.0000,0.4000,0.0000,1788739483.679
10.202,1.9345,5.0000,0.0000,0.4000,0.0000,1788739483.699
10.222,1.9425,5.0000,0.0000,0.4000,0.0000,1788739483.719
10.242,1.9502,5.0000,0.0000,0.3842,0.0000,1788739483.739
10.262,1.9579,5.0000,0.0000,0.3842,0.0000,1788739483.759
10.282,1.9656,5.0000,0.0000,0.3842,0.0000,1788739483.779
10.302,1.9733,5.0000,0.0000,0.3842,0.0000,1788739483.799
10.322,1.9809,5.0000,0.0000,0.3842,0.0000,1788739483.819
10.342,1.9889,5.0000,0.0000,0.4000,0.0000,1788739483.839
10.363,1.9969,5.0000,0.0000,0.4000,0.0000,1788739483.859
10.382,2.0049,5.0000,0.0000,0.4000,0.0000,1788739483.879
10.402,2.0129,5.0000,0.0000,0.4000,0.0000,1788739483.899
10.422,2.0209,5.0000,0.0000,0.4000,0.0000,1788739483.919
10.443,2.0289,5.0000,0.0000,0.4000,0.0000,1788739483.939
10.462,2.0369,5.0000,0.0000,0.4000,0.0000,1788739483.959
10.482,2.0449,5.0000,0.0000,0.4000,0.0000,1788739483.979
10.502,2.0529,5.0000,0.0000,0.4000,0.0000,1788739483.999
10.522,2.0609,5.0000,0.0000,0.4000,0.0000,1788739484.019
10.542,2.0689,5.0000,0.0000,0.4000,0.0000,1788739484.039
10.562,2.0769,5.0000,0.0000,0.4000,0.0000,1788739484.059
10.582,2.0849,5.0000,0.0000,0.4000,0.0000,1788739484.079
10.602,2.0929,5.0000,0.0000,0.4000,0.0000,1788739484.099
10.622,2.1009,5.0000,0.0000,0.4000,0.0000,1788739484.119
10.642,2.1089,5.0000,0.0000,0.4000,0.0000,1788739484.139
10.662,2.1169,5.0000,0.0000,0.4000,0.0000,1788739484.159
10.682,2.1249,5.0000,0.0000,0.4000,0.0000,1788739484.179
10.702,2.1329,5.0000,0.0000,0.4000,0.0000,1788739484.199
10.722,2.1409,5.0000,0.0000,0.4000,0.0000,1788739484.219
10.743,2.1486,5.0000,0.0000,0.3842,0.0000,1788739484.239
10.762,2.1563,5.0000,0.0000,0.3842,0.0000,1788739484.259
10.782,2.1640,5.0000,0.0000,0.3842,0.0000,1788739484.279
10.802,2.1717,5.0000,0.0000,0.3842,0.0000,1788739484.299
10.822,2.1794,5.0000,0.0000,0.3842,0.0000,1788739484.319
10.842,2.1874,5.0000,0.0000,0.4000,0.0000,1788739484.339
10.862,2.1954,5.0000,0.0000,0.4000,0.0000,1788739484.359
10.883,2.2034,5.0000,0.0000,0.4000,0.0000,1788739484.379
10.902,2.2114,5.0000,0.0000,0.4000,0.0000,1788739484.399
10.922,2.2194,5.0000,0.0000,0.4000,0.0000,1788739484.419
10.942,2.2274,5.0000,0.0000,0.4000,0.0000,1788739484.439
10.962,2.2354,5.0000,0.0000,0.4000,0.0000,1788739484.459
10.982,2.2434,5.0000,0.0000,0.4000,0.0000,1788739484.479
11.002,2.2514,5.0000,0.0000,0.4000,0.0000,1788739484.499
11.023,2.2594,5.0000,0.0000,0.4000,0.0000,1788739484.519
11.042,2.2674,5.0000,0.0000,0.4000,0.0000,1788739484.539
11.062,2.2754,5.0000,0.0000,0.4000,0.0000,1788739484.559
11.082,2.2834,5.0000,0.0000,0.4000,0.0000,1788739484.579
11.102,2.2914,5.0000,0.0000,0.4000,0.0000,1788739484.599
11.122,2.2994,5.0000,0.0000,0.4000,0.0000,1788739484.619
11.142,2.3071,5.0000,0.0000,0.3842,0.0000,1788739484.639
11.162,2.3147,5.0000,0.0000,0.3842,0.0000,1788739484.659
11.182,2.3224,5.0000,0.0000,0.3842,0.0000,1788739484.679
11.202,2.3301,5.0000,0.0000,0.3842,0.0000,1788739484.699
11.222,2.3378,5.0000,0.0000,0.3842,0.0000,1788739484.719
11.242,2.3455,5.0000,0.0000,0.3842,0.0000,1788739484.739
11.262,2.3532,5.0000,0.0000,0.3842,0.0000,1788739484.759
11.282,2.3608,5.0000,0.0000,0.3842,0.0000,1788739484.779
11.302,2.3685,5.0000,0.0000,0.3842,0.0000,1788739484.799
11.322,2.3762,5.0000,0.0000,0.3842,0.0000,1788739484.819
11.342,2.3842,5.0000,0.0000,0.4000,0.0000,1788739484.839
11.362,2.3922,5.0000,0.0000,0.4000,0.0000,1788739484.859
11.382,2.4002,5.0000,0.0000,0.4000,0.0000,1788739484.879
11.402,2.4082,5.0000,0.0000,0.4000,0.0000,1788739484.899
11.422,2.4162,5.0000,0.0000,0.4000,0.0000,1788739484.919
11.442,2.4242,5.0000,0.0000,0.4000,0.0000,1788739484.939
11.462,2.4322,5.0000,0.0000,0.4000,0.0000,1788739484.959
11.482,2.4402,5.0000,0.0000,0.4000,0.0000,1788739484.979
11.502,2.4482,5.0000,0.0000,0.4000,0.0000,1788739484.999
11.522,2.4562,5.0000,0.0000,0.4000,0.0000,1788739485.019
11.542,2.4642,5.0000,0.0000,0.4000,0.0000,1788739485.039
11.562,2.4722,5.0000,0.0000,0.4000,0.0000,1788739485.059
11.583,2.4802,5.0000,0.0000,0.4000,0.0000,1788739485.079
11.602,2.4882,5.0000,0.0000,0.4000,0.0000,1788739485.099
11.622,2.4962,5.0000,0.0000,0.4000,0.0000,1788739485.119
11.642,2.5039,5.0000,0.0000,0.3842,0.0000,1788739485.139
11.662,2.5116,5.0000,0.0000,0.3842,0.0000,1788739485.159
11.682,2.5193,5.0000,0.0000,0.3842,0.0000,1788739485.179
11.702,2.5269,5.0000,0.0000,0.3842,0.0000,1788739485.199
11.722,2.5346,5.0000,0.0000,0.3842,0.0000,1788739485.219
11.742,2.5423,5.0000,0.0000,0.3842,0.0000,1788739485.239
11.762,2.5500,5.0000,0.0000,0.3842,0.0000,1788739485.259
11.782,2.5577,5.0000,0.0000,0.3842,0.0000,1788739485.279
11.802,2.5654,5.0000,0.0000,0.3842,0.0000,1788739485.299
11.822,2.5731,5.0000,0.0000,0.3842,0.0000,1788739485.319
11.842,2.5811,5.0000,0.0000,0.4000,0.0000,1788739485.339
11.862,2.5891,5.0000,0.0000,0.4000,0.0000,1788739485.359
11.882,2.5971,5.0000,0.0000,0.4000,0.0000,1788739485.379
11.902,2.6051,5.0000,0.0000,0.4000,0.0000,1788739485.399
11.922,2.6131,5.0000,0.0000,0.4000,0.0000,1788739485.419
11.942,2.6211,5.0000,0.0000,0.4000,0.0000,1788739485.439
11.962,2.6291,5.0000,0.0000,0.4000,0.0000,1788739485.459
11.982,2.6371,5.0000,0.0000,0.4000,0.0000,1788739485.479
12.002,2.6451,5.0000,0.0000,0.4000,0.0000,1788739485.499
12.022,2.6531,5.0000,0.0000,0.4000,0.0000,1788739485.519
12.042,2.6611,5.0000,0.0000,0.4000,0.0000,1788739485.539
12.062,2.6691,5.0000,0.0000,0.4000,0.0000,1788739485.559
12.082,2.6771,5.0000,0.0000,0.4000,0.0000,1788739485.579
12.102,2.6851,5.0000,0.0000,0.4000,0.0000,1788739485.599
12.122,2.6931,5.0000,0.0000,0.4000,0.0000,1788739485.619
12.142,2.7007,5.0000,0.0000,0.3842,0.0000,1788739485.639
12.163,2.7084,5.0000,0.0000,0.3842,0.0000,1788739485.659
12.182,2.7161,5.0000,0.0000,0.3842,0.0000,1788739485.679
12.202,2.7238,5.0000,0.0000,0.3842,0.0000,1788739485.699
12.222,2.7315,5.0000,0.0000,0.3842,0.0000,1788739485.719
12.242,2.7395,5.0000,0.0000,0.4000,0.0000,1788739485.739
12.262,2.7475,5.0000,0.0000,0.4000,0.0000,1788739485.759
12.283,2.7555,5.0000,0.0000,0.4000,0.0000,1788739485.779
12.303,2.7635,5.0000,0.0000,0.4000,0.0000,1788739485.799
12.322,2.7715,5.0000,0.0000,0.4000,0.0000,1788739485.819
12.342,2.7795,5.0000,0.0000,0.4000,0.0000,1788739485.839
12.362,2.7875,5.0000,0.0000,0.4000,0.0000,1788739485.859
12.382,2.7955,5.0000,0.0000,0.4000,0.0000,1788739485.879
12.402,2.8035,5.0000,0.0000,0.4000,0.0000,1788739485.899
12.422,2.8115,5.0000,0.0000,0.4000,0.0000,1788739485.919
12.442,2.8195,5.0000,0.0000,0.4000,0.0000,1788739485.939
12.462,2.8275,5.0000,0.0000,0.4000,0.0000,1788739485.959
12.482,2.8355,5.0000,0.0000,0.4000,0.0000,1788739485.979
12.502,2.8435,5.0000,0.0000,0.4000,0.0000,1788739485.999
12.522,2.8515,5.0000,0.0000,0.4000,0.0000,1788739486.019
12.542,2.8595,5.0000,0.0000,0.4000,0.0000,1788739486.039
12.562,2.8675,5.0000,0.0000,0.4000,0.0000,1788739486.059
12.582,2.8755,5.0000,0.0000,0.4000,0.0000,1788739486.079
12.602,2.8835,5.0000,0.0000,0.4000,0.0000,1788739486.099
12.622,2.8915,5.0000,0.0000,0.4000,0.0000,1788739486.119
12.642,2.8992,5.0000,0.0000,0.3842,0.0000,1788739486.139
12.662,2.9068,5.0000,0.0000,0.3842,0.0000,1788739486.159
12.682,2.9145,5.0000,0.0000,0.3842,0.0000,1788739486.179
12.702,2.9222,5.0000,0.0000,0.3842,0.0000,1788739486.199
12.722,2.9299,5.0000,0.0000,0.3842,0.0000,1788739486.219
12.742,2.9379,5.0000,0.0000,0.4000,0.0000,1788739486.239
12.762,2.9459,5.0000,0.0000,0.4000,0.0000,1788739486.259
12.782,2.9539,5.0000,0.0000,0.4000,0.0000,1788739486.279
12.802,2.9619,5.0000,0.0000,0.4000,0.0000,1788739486.299
12.822,2.9699,5.0000,0.0000,0.4000,0.0000,1788739486.319
12.842,2.9779,5.0000,0.0000,0.4000,0.0000,1788739486.339
12.863,2.9859,5.0000,0.0000,0.4000,0.0000,1788739486.359
12.882,2.9939,5.0000,0.0000,0.4000,0.0000,1788739486.379
12.903,3.0019,5.0000,0.0000,0.4000,0.0000,1788739486.399
12.922,3.0099,5.0000,0.0000,0.4000,0.0000,1788739486.419
12.942,3.0179,5.0000,0.0000,0.4000,0.0000,1788739486.439
12.962,3.0259,5.0000,0.0000,0.4000,0.0000,1788739486.459
12.982,3.0339,5.0000,0.0000,0.4000,0.0000,1788739486.479
13.002,3.0419,5.0000,0.0000,0.4000,0.0000,1788739486.499
13.022,3.0499,5.0000,0.0000,0.4000,0.0000,1788739486.519
13.042,3.0576,5.0000,0.0000,0.3842,0.0000,1788739486.539
13.062,3.0653,5.0000,0.0000,0.3842,0.0000,1788739486.559
13.082,3.0729,5.0000,0.0000,0.3842,0.0000,1788739486.579
13.102,3.0806,5.0000,0.0000,0.3842,0.0000,1788739486.599
13.122,3.0883,5.0000,0.0000,0.3842,0.0000,1788739486.619
13.142,3.0960,5.0000,0.0000,0.3842,0.0000,1788739486.639
13.162,3.1037,5.0000,0.0000,0.3842,0.0000,1788739486.659
13.182,3.1114,5.0000,0.0000,0.3842,0.0000,1788739486.679
13.202,3.1191,5.0000,0.0000,0.3842,0.0000,1788739486.699
13.222,3.1267,5.0000,0.0000,0.3842,0.0000,1788739486.719
13.242,3.1347,5.0000,0.0000,0.4000,0.0000,1788739486.739
13.262,3.1427,5.0000,0.0000,0.4000,0.0000,1788739486.759
13.282,3.1507,5.0000,0.0000,0.4000,0.0000,1788739486.779
13.302,3.1587,5.0000,0.0000,0.4000,0.0000,1788739486.799
13.323,3.1667,5.0000,0.0000,0.4000,0.0000,1788739486.819
13.342,3.1747,5.0000,0.0000,0.4000,0.0000,1788739486.839
13.362,3.1827,5.0000,0.0000,0.4000,0.0000,1788739486.859
13.382,3.1907,5.0000,0.0000,0.4000,0.0000,1788739486.879
13.402,3.1987,5.0000,0.0000,0.4000,0.0000,1788739486.899
13.422,3.2067,5.0000,0.0000,0.4000,0.0000,1788739486.919
13.442,3.2147,5.0000,0.0000,0.4000,0.0000,1788739486.939
13.462,3.2227,5.0000,0.0000,0.4000,0.0000,1788739486.959
13.482,3.2307,5.0000,0.0000,0.4000,0.0000,1788739486.979
13.502,3.2387,5.0000,0.0000,0.4000,0.0000,1788739486.999
13.522,3.2467,5.0000,0.0000,0.4000,0.0000,1788739487.019
13.542,3.2544,5.0000,0.0000,0.3842,0.0000,1788739487.039
13.562,3.2621,5.0000,0.0000,0.3842,0.0000,1788739487.059
13.582,3.2698,5.0000,0.0000,0.3842,0.0000,1788739487.079
13.602,3.2775,5.0000,0.0000,0.3842,0.0000,1788739487.099
13.623,3.2852,5.0000,0.0000,0.3842,0.0000,1788739487.119
13.642,3.2928,5.0000,0.0000,0.3842,0.0000,1788739487.139
13.662,3.3005,5.0000,0.0000,0.3842,0.0000,1788739487.159
13.682,3.3082,5.0000,0.0000,0.3842,0.0000,1788739487.179
13.702,3.3159,5.0000,0.0000,0.3842,0.0000,1788739487.199
13.722,3.3236,5.0000,0.0000,0.3842,0.0000,1788739487.219
13.742,3.3316,5.0000,0.0000,0.4000,0.0000,1788739487.239
13.762,3.3396,5.0000,0.0000,0.4000,0.0000,1788739487.259
13.782,3.3476,5.0000,0.0000,0.4000,0.0000,1788739487.279
13.802,3.3556,5.0000,0.0000,0.4000,0.0000,1788739487.299
13.822,3.3636,5.0000,0.0000,0.4000,0.0000,1788739487.319
13.842,3.3716,5.0000,0.0000,0.4000,0.0000,1788739487.339
13.862,3.3796,5.0000,0.0000,0.4000,0.0000,1788739487.359
13.883,3.3876,5.0000,0.0000,0.4000,0.0000,1788739487.379
13.902,3.3956,5.0000,0.0000,0.4000,0.0000,1788739487.399
13.922,3.4036,5.0000,0.0000,0.4000,0.0000,1788739487.419
13.942,3.4116,5.0000,0.0000,0.4000,0.0000,1788739487.439
13.962,3.4196,5.0000,0.0000,0.4000,0.0000,1788739487.459
13.982,3.4276,5.0000,0.0000,0.4000,0.0000,1788739487.479
14.002,3.4356,5.0000,0.0000,0.4000,0.0000,1788739487.499
14.022,3.4436,5.0000,0.0000,0.4000,0.0000,1788739487.519
14.042,3.4513,5.0000,0.0000,0.3842,0.0000,1788739487.539
14.062,3.4589,5.0000,0.0000,0.3842,0.0000,1788739487.559
14.082,3.4666,5.0000,0.0000,0.3842,0.0000,1788739487.579
14.102,3.4743,5.0000,0.0000,0.3842,0.0000,1788739487.599
14.122,3.4820,5.0000,0.0000,0.3842,0.0000,1788739487.619
14.143,3.4897,5.0000,0.0000,0.3842,0.0000,1788739487.639
14.162,3.4974,5.0000,0.0000,0.3842,0.0000,1788739487.659
14.182,3.5051,5.0000,0.0000,0.3842,0.0000,1788739487.679
14.202,3.5127,5.0000,0.0000,0.3842,0.0000,1788739487.699
14.222,3.5204,5.0000,0.0000,0.3842,0.0000,1788739487.719
14.242,3.5284,5.0000,0.0000,0.4000,0.0000,1788739487.739
14.262,3.5364,5.0000,0.0000,0.4000,0.0000,1788739487.759
14.282,3.5444,5.0000,0.0000,0.4000,0.0000,1788739487.779
14.302,3.5524,5.0000,0.0000,0.4000,0.0000,1788739487.799
14.322,3.5604,5.0000,0.0000,0.4000,0.0000,1788739487.819
14.342,3.5684,5.0000,0.0000,0.4000,0.0000,1788739487.839
14.363,3.5764,5.0000,0.0000,0.4000,0.0000,1788739487.859
14.383,3.5844,5.0000,0.0000,0.4000,0.0000,1788739487.879
14.402,3.5924,5.0000,0.0000,0.4000,0.0000,1788739487.899
14.422,3.6004,5.0000,0.0000,0.4000,0.0000,1788739487.919
14.442,3.6084,5.0000,0.0000,0.4000,0.0000,1788739487.939
14.462,3.6164,5.0000,0.0000,0.4000,0.0000,1788739487.959
14.482,3.6244,5.0000,0.0000,0.4000,0.0000,1788739487.979
14.502,3.6324,5.0000,0.0000,0.4000,0.0000,1788739487.999
14.522,3.6404,5.0000,0.0000,0.4000,0.0000,1788739488.019
14.542,3.6481,5.0000,0.0000,0.3842,0.0000,1788739488.039
14.562,3.6558,5.0000,0.0000,0.3842,0.0000,1788739488.059
14.583,3.6635,5.0000,0.0000,0.3842,0.0000,1788739488.079
14.602,3.6712,5.0000,0.0000,0.3842,0.0000,1788739488.099
14.622,3.6788,5.0000,0.0000,0.3842,0.0000,1788739488.119
14.642,3.6868,5.0000,0.0000,0.4000,0.0000,1788739488.139
14.662,3.6948,5.0000,0.0000,0.4000,0.0000,1788739488.159
14.682,3.7028,5.0000,0.0000,0.4000,0.0000,1788739488.179
14.702,3.7108,5.0000,0.0000,0.4000,0.0000,1788739488.199
14.722,3.7188,5.0000,0.0000,0.4000,0.0000,1788739488.219
14.742,3.7268,5.0000,0.0000,0.4000,0.0000,1788739488.239
14.763,3.7348,5.0000,0.0000,0.4000,0.0000,1788739488.259
14.783,3.7428,5.0000,0.0000,0.4000,0.0000,1788739488.279
14.802,3.7508,5.0000,0.0000,0.4000,0.0000,1788739488.299
14.822,3.7588,5.0000,0.0000,0.4000,0.0000,1788739488.319
14.842,3.7668,5.0000,0.0000,0.4000,0.0000,1788739488.339
14.862,3.7748,5.0000,0.0000,0.4000,0.0000,1788739488.359
14.882,3.7828,5.0000,0.0000,0.4000,0.0000,1788739488.379
14.902,3.7908,5.0000,0.0000,0.4000,0.0000,1788739488.399
14.922,3.7988,5.0000,0.0000,0.4000,0.0000,1788739488.419
14.942,3.8065,5.0000,0.0000,0.3842,0.0000,1788739488.439
14.962,3.8142,5.0000,0.0000,0.3842,0.0000,1788739488.459
14.982,3.8219,5.0000,0.0000,0.3842,0.0000,1788739488.479
15.002,3.8296,5.0000,0.0000,0.3842,0.0000,1788739488.499
15.022,3.8373,5.0000,0.0000,0.3842,0.0000,1788739488.519
15.042,3.8449,5.0000,0.0000,0.3842,0.0000,1788739488.539
15.062,3.8526,5.0000,0.0000,0.3842,0.0000,1788739488.559
15.082,3.8603,5.0000,0.0000,0.3842,0.0000,1788739488.579
15.102,3.8680,5.0000,0.0000,0.3842,0.0000,1788739488.599
15.123,3.8757,5.0000,0.0000,0.3842,0.0000,1788739488.619
15.143,3.8837,5.0000,0.0000,0.4000,0.0000,1788739488.639
15.162,3.8917,5.0000,0.0000,0.4000,0.0000,1788739488.659
15.182,3.8997,5.0000,0.0000,0.4000,0.0000,1788739488.679
15.202,3.9077,5.0000,0.0000,0.4000,0.0000,1788739488.699
15.222,3.9157,5.0000,0.0000,0.4000,0.0000,1788739488.719
15.242,3.9237,5.0000,0.0000,0.4000,0.0000,1788739488.739
15.262,3.9317,5.0000,0.0000,0.4000,0.0000,1788739488.759
15.282,3.9397,5.0000,0.0000,0.4000,0.0000,1788739488.779
15.302,3.9477,5.0000,0.0000,0.4000,0.0000,1788739488.799
15.322,3.9557,5.0000,0.0000,0.4000,0.0000,1788739488.819
15.342,3.9637,5.0000,0.0000,0.4000,0.0000,1788739488.839
15.362,3.9717,5.0000,0.0000,0.4000,0.0000,1788739488.859
15.382,3.9797,5.0000,0.0000,0.4000,0.0000,1788739488.879
15.402,3.9877,5.0000,0.0000,0.4000,0.0000,1788739488.899
15.422,3.9957,5.0000,0.0000,0.4000,0.0000,1788739488.919
15.442,4.0034,5.0000,0.0000,0.3842,0.0000,1788739488.939
15.462,4.0111,5.0000,0.0000,0.3842,0.0000,1788739488.959
15.482,4.0187,5.0000,0.0000,0.3842,0.0000,1788739488.979
15.502,4.0264,5.0000,0.0000,0.3842,0.0000,1788739488.999
15.522,4.0341,5.0000,0.0000,0.3842,0.0000,1788739489.019
15.542,4.0418,5.0000,0.0000,0.3842,0.0000,1788739489.039
15.562,4.0495,5.0000,0.0000,0.3842,0.0000,1788739489.059
15.582,4.0572,5.0000,0.0000,0.3842,0.0000,1788739489.079
15.602,4.0648,5.0000,0.0000,0.3842,0.0000,1788739489.099
15.622,4.0725,5.0000,0.0000,0.3842,0.0000,1788739489.119
15.642,4.0805,5.0000,0.0000,0.4000,0.0000,1788739489.139
15.662,4.0885,5.0000,0.0000,0.4000,0.0000,1788739489.159
15.682,4.0965,5.0000,0.0000,0.4000,0.0000,1788739489.179
15.702,4.1045,5.0000,0.0000,0.4000,0.0000,1788739489.199
15.722,4.1125,5.0000,0.0000,0.4000,0.0000,1788739489.219
15.742,4.1205,5.0000,0.0000,0.4000,0.0000,1788739489.239
15.762,4.1285,5.0000,0.0000,0.4000,0.0000,1788739489.259
15.782,4.1365,5.0000,0.0000,0.4000,0.0000,1788739489.279
15.802,4.1445,5.0000,0.0000,0.4000,0.0000,1788739489.299
15.822,4.1525,5.0000,0.0000,0.4000,0.0000,1788739489.319
15.842,4.1605,5.0000,0.0000,0.4000,0.0000,1788739489.339
15.862,4.1685,5.0000,0.0000,0.4000,0.0000,1788739489.359
15.882,4.1765,5.0000,0.0000,0.4000,0.0000,1788739489.379
15.902,4.1845,5.0000,0.0000,0.4000,0.0000,1788739489.399
15.922,4.1925,5.0000,0.0000,0.4000,0.0000,1788739489.419
15.943,4.2002,5.0000,0.0000,0.3842,0.0000,1788739489.439
15.962,4.2079,5.0000,0.0000,0.3842,0.0000,1788739489.459
15.982,4.2156,5.0000,0.0000,0.3842,0.0000,1788739489.479
16.002,4.2233,5.0000,0.0000,0.3842,0.0000,1788739489.499
16.022,4.2309,5.0000,0.0000,0.3842,0.0000,1788739489.519
16.042,4.2389,5.0000,0.0000,0.4000,0.0000,1788739489.539
16.062,4.2469,5.0000,0.0000,0.4000,0.0000,1788739489.559
16.082,4.2549,5.0000,0.0000,0.4000,0.0000,1788739489.579
16.102,4.2629,5.0000,0.0000,0.4000,0.0000,1788739489.599
16.123,4.2709,5.0000,0.0000,0.4000,0.0000,1788739489.619
16.142,4.2789,5.0000,0.0000,0.4000,0.0000,1788739489.639
16.162,4.2869,5.0000,0.0000,0.4000,0.0000,1788739489.659
16.182,4.2949,5.0000,0.0000,0.4000,0.0000,1788739489.679
16.202,4.3029,5.0000,0.0000,0.4000,0.0000,1788739489.699
16.222,4.3109,5.0000,0.0000,0.4000,0.0000,1788739489.719
16.242,4.3189,5.0000,0.0000,0.4000,0.0000,1788739489.739
16.262,4.3269,5.0000,0.0000,0.4000,0.0000,1788739489.759
16.282,4.3349,5.0000,0.0000,0.4000,0.0000,1788739489.779
16.302,4.3429,5.0000,0.0000,0.4000,0.0000,1788739489.799
16.322,4.3509,5.0000,0.0000,0.4000,0.0000,1788739489.819
16.342,4.3589,5.0000,0.0000,0.4000,0.0000,1788739489.839
16.362,4.3669,5.0000,0.0000,0.4000,0.0000,1788739489.859
16.382,4.3749,5.0000,0.0000,0.4000,0.0000,1788739489.879
16.402,4.3829,5.0000,0.0000,0.4000,0.0000,1788739489.899
16.423,4.3909,5.0000,0.0000,0.4000,0.0000,1788739489.919
16.443,4.3986,5.0000,0.0000,0.3842,0.0000,1788739489.939
16.462,4.4063,5.0000,0.0000,0.3842,0.0000,1788739489.959
16.482,4.4140,5.0000,0.0000,0.3842,0.0000,1788739489.979
16.502,4.4217,5.0000,0.0000,0.3842,0.0000,1788739489.999
16.522,4.4294,5.0000,0.0000,0.3842,0.0000,1788739490.019
16.542,4.4374,5.0000,0.0000,0.4000,0.0000,1788739490.039
16.562,4.4454,5.0000,0.0000,0.4000,0.0000,1788739490.059
16.582,4.4534,5.0000,0.0000,0.4000,0.0000,1788739490.079
16.602,4.4614,5.0000,0.0000,0.4000,0.0000,1788739490.099
16.622,4.4694,5.0000,0.0000,0.4000,0.0000,1788739490.119
16.642,4.4774,5.0000,0.0000,0.4000,0.0000,1788739490.139
16.663,4.4854,5.0000,0.0000,0.4000,0.0000,1788739490.159
16.683,4.4934,5.0000,0.0000,0.4000,0.0000,1788739490.179
16.702,4.5014,5.0000,0.0000,0.4000,0.0000,1788739490.199
16.722,4.5094,5.0000,0.0000,0.4000,0.0000,1788739490.219
16.742,4.5174,5.0000,0.0000,0.4000,0.0000,1788739490.239
16.762,4.5254,5.0000,0.0000,0.4000,0.0000,1788739490.259
16.782,4.5334,5.0000,0.0000,0.4000,0.0000,1788739490.279
16.802,4.5414,5.0000,0.0000,0.4000,0.0000,1788739490.299
16.822,4.5494,5.0000,0.0000,0.4000,0.0000,1788739490.319
16.842,4.5564,5.0000,0.0000,0.3526,0.0000,1788739490.339
16.862,4.5635,5.0000,0.0000,0.3526,0.0000,1788739490.359
16.882,4.5705,5.0000,0.0000,0.3526,0.0000,1788739490.379
16.902,4.5776,5.0000,0.0000,0.3526,0.0000,1788739490.399
16.922,4.5846,5.0000,0.0000,0.3526,0.0000,1788739490.419
16.942,4.5914,5.0000,0.0000,0.3368,0.0000,1788739490.439
16.962,4.5981,5.0000,0.0000,0.3368,0.0000,1788739490.459
16.983,4.6048,5.0000,0.0000,0.3368,0.0000,1788739490.479
17.002,4.6116,5.0000,0.0000,0.3368,0.0000,1788739490.499
17.022,4.6183,5.0000,0.0000,0.3368,0.0000,1788739490.519
17.042,4.6222,5.0000,-0.0011,0.1947,-0.0526,1788739490.539
17.062,4.6261,5.0000,-0.0021,0.1947,-0.0526,1788739490.559
17.082,4.6300,5.0000,-0.0032,0.1947,-0.0526,1788739490.579
17.102,4.6339,5.0000,-0.0042,0.1947,-0.0526,1788739490.599
17.122,4.6378,4.9999,-0.0053,0.1947,-0.0526,1788739490.619
17.142,4.6417,4.9999,-0.0053,0.1947,0.0000,1788739490.639
17.162,4.6456,4.9999,-0.0053,0.1947,0.0000,1788739490.659
17.183,4.6495,4.9999,-0.0053,0.1947,0.0000,1788739490.679
17.202,4.6534,4.9999,-0.0053,0.1947,0.0000,1788739490.699
17.222,4.6573,4.9998,-0.0053,0.1947,0.0000,1788739490.719
17.242,4.6602,4.9998,-0.0053,0.1474,0.0000,1788739490.739
17.262,4.6632,4.9998,-0.0053,0.1474,0.0000,1788739490.759
17.282,4.6661,4.9998,-0.0053,0.1474,0.0000,1788739490.779
17.302,4.6691,4.9998,-0.0053,0.1474,0.0000,1788739490.799
17.322,4.6720,4.9998,-0.0053,0.1474,0.0000,1788739490.819
17.342,4.6749,4.9997,-0.0063,0.1474,-0.0526,1788739490.839
17.362,4.6779,4.9997,-0.0074,0.1474,-0.0526,1788739490.859
17.382,4.6808,4.9997,-0.0084,0.1474,-0.0526,1788739490.879
17.402,4.6838,4.9997,-0.0095,0.1474,-0.0526,1788739490.899
17.422,4.6867,4.9996,-0.0105,0.1474,-0.0526,1788739490.919
17.442,4.6891,4.9996,-0.0116,0.1158,-0.0526,1788739490.939
17.462,4.6914,4.9996,-0.0126,0.1158,-0.0526,1788739490.959
17.483,4.6937,4.9995,-0.0137,0.1158,-0.0526,1788739490.979
17.502,4.6960,4.9995,-0.0147,0.1158,-0.0526,1788739490.999
17.523,4.6983,4.9995,-0.0158,0.1158,-0.0526,1788739491.019
17.542,4.7006,4.9994,-0.0158,0.1158,0.0000,1788739491.039
17.563,4.7029,4.9994,-0.0158,0.1158,0.0000,1788739491.059
17.582,4.7053,4.9994,-0.0158,0.1158,0.0000,1788739491.079
17.602,4.7076,4.9993,-0.0158,0.1158,0.0000,1788739491.099
17.622,4.7099,4.9993,-0.0158,0.1158,0.0000,1788739491.119
17.642,4.7119,4.9993,-0.0211,0.1000,-0.2632,1788739491.139
17.662,4.7139,4.9992,-0.0263,0.1000,-0.2632,1788739491.159
17.682,4.7159,4.9991,-0.0316,0.1000,-0.2632,1788739491.179
17.702,4.7179,4.9991,-0.0368,0.1000,-0.2632,1788739491.199
17.722,4.7199,4.9990,-0.0421,0.1000,-0.2632,1788739491.219
17.742,4.7219,4.9989,-0.0474,0.1000,-0.2632,1788739491.239
17.763,4.7239,4.9988,-0.0526,0.1000,-0.2632,1788739491.259
17.783,4.7259,4.9987,-0.0579,0.1000,-0.2632,1788739491.279
17.802,4.7279,4.9985,-0.0632,0.1000,-0.2632,1788739491.299
17.822,4.7299,4.9984,-0.0684,0.1000,-0.2632,1788739491.319
17.842,4.7319,4.9983,-0.0684,0.1000,0.0000,1788739491.339
17.862,4.7339,4.9981,-0.0684,0.1000,0.0000,1788739491.359
17.882,4.7359,4.9980,-0.0684,0.1000,0.0000,1788739491.379
17.902,4.7379,4.9979,-0.0684,0.1000,0.0000,1788739491.399
17.922,4.7398,4.9977,-0.0684,0.1000,0.0000,1788739491.419
17.942,4.7418,4.9976,-0.0684,0.1000,0.0000,1788739491.439
17.962,4.7438,4.9974,-0.0684,0.1000,0.0000,1788739491.459
17.982,4.7458,4.9973,-0.0684,0.1000,0.0000,1788739491.479
18.002,4.7478,4.9972,-0.0684,0.1000,0.0000,1788739491.499
18.023,4.7498,4.9970,-0.0684,0.1000,0.0000,1788739491.519
18.042,4.7518,4.9969,-0.0684,0.1000,0.0000,1788739491.539
18.062,4.7538,4.9968,-0.0684,0.1000,0.0000,1788739491.559
18.082,4.7558,4.9966,-0.0684,0.1000,0.0000,1788739491.579
18.103,4.7578,4.9965,-0.0684,0.1000,0.0000,1788739491.599
18.122,4.7598,4.9963,-0.0684,0.1000,0.0000,1788739491.619
18.142,4.7618,4.9962,-0.0842,0.1000,-0.7895,1788739491.639
18.162,4.7638,4.9960,-0.1000,0.1000,-0.7895,1788739491.659
18.182,4.7658,4.9957,-0.1158,0.1000,-0.7895,1788739491.679
18.202,4.7678,4.9955,-0.1316,0.1000,-0.7895,1788739491.699
18.222,4.7697,4.9952,-0.1474,0.1000,-0.7895,1788739491.719
18.242,4.7717,4.9949,-0.1611,0.1000,-0.6842,1788739491.739
18.262,4.7737,4.9945,-0.1747,0.1000,-0.6842,1788739491.759
18.282,4.7756,4.9941,-0.1884,0.1000,-0.6842,1788739491.779
18.302,4.7776,4.9937,-0.2021,0.1000,-0.6842,1788739491.799
18.322,4.7796,4.9933,-0.2158,0.1000,-0.6842,1788739491.819
18.342,4.7815,4.9929,-0.2295,0.1000,-0.6842,1788739491.839
18.362,4.7834,4.9924,-0.2432,0.1000,-0.6842,1788739491.859
18.382,4.7854,4.9919,-0.2568,0.1000,-0.6842,1788739491.879
18.402,4.7873,4.9913,-0.2705,0.1000,-0.6842,1788739491.899
18.422,4.7892,4.9908,-0.2842,0.1000,-0.6842,1788739491.919
18.442,4.7911,4.9902,-0.3042,0.1000,-1.0000,1788739491.939
18.462,4.7930,4.9895,-0.3242,0.1000,-1.0000,1788739491.959
18.482,4.7949,4.9889,-0.3442,0.1000,-1.0000,1788739491.979
18.502,4.7968,4.9882,-0.3642,0.1000,-1.0000,1788739491.999
18.522,4.7986,4.9874,-0.3842,0.1000,-1.0000,1788739492.019
18.543,4.8005,4.9866,-0.4042,0.1000,-1.0000,1788739492.039
18.562,4.8023,4.9858,-0.4242,0.1000,-1.0000,1788739492.059
18.582,4.8041,4.9849,-0.4442,0.1000,-1.0000,1788739492.079
18.602,4.8059,4.9840,-0.4642,0.1000,-1.0000,1788739492.099
18.622,4.8077,4.9831,-0.4842,0.1000,-1.0000,1788739492.119
18.642,4.8094,4.9821,-0.5042,0.1000,-1.0000,1788739492.139
18.662,4.8111,4.9811,-0.5242,0.1000,-1.0000,1788739492.159
18.682,4.8128,4.9801,-0.5442,0.1000,-1.0000,1788739492.179
18.702,4.8145,4.9790,-0.5642,0.1000,-1.0000,1788739492.199
18.722,4.8162,4.9779,-0.5842,0.1000,-1.0000,1788739492.219
18.742,4.8179,4.9768,-0.6042,0.1000,-1.0000,1788739492.239
18.762,4.8195,4.9756,-0.6242,0.1000,-1.0000,1788739492.259
18.782,4.8211,4.9744,-0.6442,0.1000,-1.0000,1788739492.279
18.802,4.8227,4.9732,-0.6642,0.1000,-1.0000,1788739492.299
18.822,4.8242,4.9719,-0.6842,0.1000,-1.0000,1788739492.319
18.842,4.8257,4.9706,-0.7042,0.1000,-1.0000,1788739492.339
18.862,4.8272,4.9693,-0.7242,0.1000,-1.0000,1788739492.359
18.882,4.8287,4.9680,-0.7442,0.1000,-1.0000,1788739492.379
18.902,4.8301,4.9666,-0.7642,0.1000,-1.0000,1788739492.399
18.922,4.8316,4.9652,-0.7842,0.1000,-1.0000,1788739492.419
18.942,4.8329,4.9637,-0.8042,0.1000,-1.0000,1788739492.439
18.962,4.8343,4.9623,-0.8242,0.1000,-1.0000,1788739492.459
18.983,4.8356,4.9608,-0.8442,0.1000,-1.0000,1788739492.479
19.002,4.8369,4.9592,-0.8642,0.1000,-1.0000,1788739492.499
19.022,4.8382,4.9577,-0.8842,0.1000,-1.0000,1788739492.519
19.042,4.8394,4.9561,-0.9042,0.1000,-1.0000,1788739492.539
19.062,4.8406,4.9545,-0.9242,0.1000,-1.0000,1788739492.559
19.082,4.8418,4.9529,-0.9442,0.1000,-1.0000,1788739492.579
19.102,4.8429,4.9513,-0.9642,0.1000,-1.0000,1788739492.599
19.122,4.8441,4.9496,-0.9842,0.1000,-1.0000,1788739492.619
19.142,4.8451,4.9479,-1.0042,0.1000,-1.0000,1788739492.639
19.162,4.8462,4.9462,-1.0242,0.1000,-1.0000,1788739492.659
19.182,4.8472,4.9445,-1.0442,0.1000,-1.0000,1788739492.679
19.202,4.8481,4.9427,-1.0642,0.1000,-1.0000,1788739492.699
19.222,4.8491,4.9410,-1.0842,0.1000,-1.0000,1788739492.719
19.242,4.8500,4.9392,-1.1042,0.1000,-1.0000,1788739492.739
19.262,4.8508,4.9374,-1.1242,0.1000,-1.0000,1788739492.759
19.282,4.8517,4.9355,-1.1442,0.1000,-1.0000,1788739492.779
19.302,4.8525,4.9337,-1.1642,0.1000,-1.0000,1788739492.799
19.322,4.8532,4.9319,-1.1842,0.1000,-1.0000,1788739492.819
19.342,4.8539,4.9300,-1.2042,0.1000,-1.0000,1788739492.839
19.362,4.8546,4.9281,-1.2242,0.1000,-1.0000,1788739492.859
19.382,4.8553,4.9262,-1.2442,0.1000,-1.0000,1788739492.879
19.402,4.8559,4.9243,-1.2642,0.1000,-1.0000,1788739492.899
19.423,4.8564,4.9224,-1.2842,0.1000,-1.0000,1788739492.919
19.442,4.8569,4.9205,-1.3042,0.1000,-1.0000,1788739492.939
19.462,4.8574,4.9185,-1.3242,0.1000,-1.0000,1788739492.959
19.482,4.8579,4.9166,-1.3442,0.1000,-1.0000,1788739492.979
19.502,4.8583,4.9146,-1.3642,0.1000,-1.0000,1788739492.999
19.522,4.8587,4.9126,-1.3842,0.1000,-1.0000,1788739493.019
19.542,4.8590,4.9107,-1.4042,0.1000,-1.0000,1788739493.039
19.562,4.8593,4.9087,-1.4242,0.1000,-1.0000,1788739493.059
19.582,4.8595,4.9067,-1.4442,0.1000,-1.0000,1788739493.079
19.602,4.8598,4.9047,-1.4642,0.1000,-1.0000,1788739493.099
19.622,4.8599,4.9027,-1.4842,0.1000,-1.0000,1788739493.119
19.642,4.8601,4.9007,-1.5042,0.1000,-1.0000,1788739493.139
19.663,4.8602,4.8987,-1.5242,0.1000,-1.0000,1788739493.159
19.682,4.8602,4.8967,-1.5442,0.1000,-1.0000,1788739493.179
19.703,4.8602,4.8947,-1.5642,0.1000,-1.0000,1788739493.199
19.722,4.8602,4.8927,-1.5842,0.1000,-1.0000,1788739493.219
19.742,4.8601,4.8907,-1.6042,0.1000,-1.0000,1788739493.239
19.762,4.8600,4.8887,-1.6242,0.1000,-1.0000,1788739493.259
19.782,4.8599,4.8867,-1.6442,0.1000,-1.0000,1788739493.279
19.802,4.8597,4.8848,-1.6642,0.1000,-1.0000,1788739493.299
19.822,4.8595,4.8828,-1.6842,0.1000,-1.0000,1788739493.319
19.842,4.8592,4.8808,-1.7042,0.1000,-1.0000,1788739493.339
19.862,4.8589,4.8788,-1.7242,0.1000,-1.0000,1788739493.359
19.882,4.8585,4.8768,-1.7442,0.1000,-1.0000,1788739493.379
19.902,4.8582,4.8749,-1.7642,0.1000,-1.0000,1788739493.399
19.922,4.8577,4.8729,-1.7842,0.1000,-1.0000,1788739493.419
19.942,4.8573,4.8710,-1.8042,0.1000,-1.0000,1788739493.439
19.962,4.8568,4.8690,-1.8242,0.1000,-1.0000,1788739493.459
19.982,4.8562,4.8671,-1.8442,0.1000,-1.0000,1788739493.479
20.002,4.8557,4.8652,-1.8642,0.1000,-1.0000,1788739493.499
20.022,4.8550,4.8633,-1.8842,0.1000,-1.0000,1788739493.519
20.042,4.8544,4.8614,-1.9021,0.1000,-0.8947,1788739493.539
20.062,4.8537,4.8595,-1.9200,0.1000,-0.8947,1788739493.559
20.082,4.8530,4.8577,-1.9379,0.1000,-0.8947,1788739493.579
20.102,4.8522,4.8558,-1.9558,0.1000,-0.8947,1788739493.599
20.122,4.8515,4.8540,-1.9737,0.1000,-0.8947,1788739493.619
20.142,4.8506,4.8521,-1.9916,0.1000,-0.8947,1788739493.639
20.162,4.8498,4.8503,-2.0095,0.1000,-0.8947,1788739493.659
20.182,4.8489,4.8485,-2.0274,0.1000,-0.8947,1788739493.679
20.202,4.8480,4.8468,-2.0453,0.1000,-0.8947,1788739493.699
20.222,4.8470,4.8450,-2.0632,0.1000,-0.8947,1788739493.719
20.242,4.8458,4.8427,-2.0811,0.1316,-0.8947,1788739493.739
20.263,4.8444,4.8404,-2.0989,0.1316,-0.8947,1788739493.759
20.282,4.8431,4.8382,-2.1168,0.1316,-0.8947,1788739493.779
20.302,4.8417,4.8359,-2.1347,0.1316,-0.8947,1788739493.799
20.322,4.8402,4.8337,-2.1526,0.1316,-0.8947,1788739493.819
20.342,4.8391,4.8321,-2.1684,0.1000,-0.7895,1788739493.839
20.362,4.8379,4.8305,-2.1842,0.1000,-0.7895,1788739493.859
20.382,4.8368,4.8288,-2.2000,0.1000,-0.7895,1788739493.879
20.403,4.8356,4.8272,-2.2158,0.1000,-0.7895,1788739493.899
20.423,4.8343,4.8257,-2.2316,0.1000,-0.7895,1788739493.919
20.442,4.8331,4.8241,-2.2474,0.1000,-0.7895,1788739493.939
20.462,4.8318,4.8226,-2.2632,0.1000,-0.7895,1788739493.959
20.482,4.8305,4.8210,-2.2789,0.1000,-0.7895,1788739493.979
20.502,4.8292,4.8196,-2.2947,0.1000,-0.7895,1788739493.999
20.522,4.8278,4.8181,-2.3105,0.1000,-0.7895,1788739494.019
20.542,4.8265,4.8166,-2.3263,0.1000,-0.7895,1788739494.039
20.562,4.8251,4.8152,-2.3421,0.1000,-0.7895,1788739494.059
20.582,4.8236,4.8138,-2.3579,0.1000,-0.7895,1788739494.079
20.602,4.8222,4.8124,-2.3737,0.1000,-0.7895,1788739494.099
20.622,4.8207,4.8110,-2.3895,0.1000,-0.7895,1788739494.119
20.643,4.8193,4.8097,-2.4032,0.1000,-0.6842,1788739494.139
20.663,4.8178,4.8083,-2.4168,0.1000,-0.6842,1788739494.159
20.682,4.8163,4.8070,-2.4305,0.1000,-0.6842,1788739494.179
20.702,4.8147,4.8058,-2.4442,0.1000,-0.6842,1788739494.199
20.722,4.8132,4.8045,-2.4579,0.1000,-0.6842,1788739494.219
20.742,4.8116,4.8032,-2.4716,0.1000,-0.6842,1788739494.239
20.762,4.8100,4.8020,-2.4853,0.1000,-0.6842,1788739494.259
20.782,4.8084,4.8008,-2.4989,0.1000,-0.6842,1788739494.279
20.802,4.8068,4.7997,-2.5126,0.1000,-0.6842,1788739494.299
20.822,4.8052,4.7985,-2.5263,0.1000,-0.6842,1788739494.319
20.842,4.8035,4.7974,-2.5400,0.1000,-0.6842,1788739494.339
20.863,4.8019,4.7963,-2.5537,0.1000,-0.6842,1788739494.359
20.882,4.8002,4.7952,-2.5674,0.1000,-0.6842,1788739494.379
20.902,4.7985,4.7941,-2.5811,0.1000,-0.6842,1788739494.399
20.922,4.7968,4.7931,-2.5947,0.1000,-0.6842,1788739494.419
20.942,4.7951,4.7920,-2.6063,0.1000,-0.5789,1788739494.439
20.962,4.7933,4.7910,-2.6179,0.1000,-0.5789,1788739494.459
20.982,4.7916,4.7901,-2.6295,0.1000,-0.5789,1788739494.479
21.002,4.7898,4.7891,-2.6411,0.1000,-0.5789,1788739494.499
21.022,4.7881,4.7882,-2.6526,0.1000,-0.5789,1788739494.519
21.042,4.7863,4.7872,-2.6642,0.1000,-0.5789,1788739494.539
21.062,4.7845,4.7864,-2.6758,0.1000,-0.5789,1788739494.559
21.082,4.7827,4.7855,-2.6874,0.1000,-0.5789,1788739494.579
21.102,4.7809,4.7846,-2.6989,0.1000,-0.5789,1788739494.599
21.122,4.7791,4.7838,-2.7105,0.1000,-0.5789,1788739494.619
21.142,4.7772,4.7830,-2.7221,0.1000,-0.5789,1788739494.639
21.162,4.7754,4.7822,-2.7337,0.1000,-0.5789,1788739494.659
21.182,4.7736,4.7814,-2.7453,0.1000,-0.5789,1788739494.679
21.202,4.7717,4.7807,-2.7568,0.1000,-0.5789,1788739494.699
21.222,4.7698,4.7799,-2.7684,0.1000,-0.5789,1788739494.719
21.242,4.7674,4.7790,-2.7779,0.1316,-0.4737,1788739494.739
21.262,4.7649,4.7781,-2.7874,0.1316,-0.4737,1788739494.759
21.282,4.7624,4.7772,-2.7968,0.1316,-0.4737,1788739494.779
21.302,4.7600,4.7763,-2.8063,0.1316,-0.4737,1788739494.799
21.322,4.7575,4.7755,-2.8158,0.1316,-0.4737,1788739494.819
21.342,4.7556,4.7749,-2.8253,0.1000,-0.4737,1788739494.839
21.362,4.7537,4.7742,-2.8347,0.1000,-0.4737,1788739494.859
21.382,4.7517,4.7737,-2.8442,0.1000,-0.4737,1788739494.879
21.402,4.7498,4.7731,-2.8537,0.1000,-0.4737,1788739494.899
21.422,4.7479,4.7725,-2.8632,0.1000,-0.4737,1788739494.919
21.442,4.7460,4.7720,-2.8726,0.1000,-0.4737,1788739494.939
21.462,4.7440,4.7715,-2.8821,0.1000,-0.4737,1788739494.959
21.482,4.7421,4.7710,-2.8916,0.1000,-0.4737,1788739494.979
21.502,4.7402,4.7705,-2.9011,0.1000,-0.4737,1788739494.999
21.522,4.7382,4.7701,-2.9105,0.1000,-0.4737,1788739495.019
21.542,4.7353,4.7694,-2.9179,0.1474,-0.3684,1788739495.039
21.563,4.7325,4.7688,-2.9253,0.1474,-0.3684,1788739495.059
21.582,4.7296,4.7682,-2.9326,0.1474,-0.3684,1788739495.079
21.602,4.7267,4.7676,-2.9400,0.1474,-0.3684,1788739495.099
21.622,4.7238,4.7670,-2.9474,0.1474,-0.3684,1788739495.119
21.642,4.7215,4.7666,-2.9547,0.1158,-0.3684,1788739495.139
21.663,4.7192,4.7662,-2.9621,0.1158,-0.3684,1788739495.159
21.682,4.7170,4.7658,-2.9695,0.1158,-0.3684,1788739495.179
21.703,4.7147,4.7654,-2.9768,0.1158,-0.3684,1788739495.199
21.722,4.7124,4.7650,-2.9842,0.1158,-0.3684,1788739495.219
21.742,4.7104,4.7647,-2.9916,0.1000,-0.3684,1788739495.239
21.762,4.7084,4.7644,-2.9989,0.1000,-0.3684,1788739495.259
21.782,4.7065,4.7642,-3.0063,0.1000,-0.3684,1788739495.279
21.802,4.7045,4.7639,-3.0137,0.1000,-0.3684,1788739495.299
21.822,4.7025,4.7637,-3.0211,0.1000,-0.3684,1788739495.319
21.842,4.7005,4.7635,-3.0284,0.1000,-0.3684,1788739495.339
21.862,4.6985,4.7632,-3.0358,0.1000,-0.3684,1788739495.359
21.882,4.6965,4.7630,-3.0432,0.1000,-0.3684,1788739495.379
21.902,4.6945,4.7629,-3.0505,0.1000,-0.3684,1788739495.399
21.922,4.6925,4.7627,-3.0579,0.1000,-0.3684,1788739495.419
21.942,4.6905,4.7625,-3.0653,0.1000,-0.3684,1788739495.439
21.962,4.6885,4.7624,-3.0726,0.1000,-0.3684,1788739495.459
21.982,4.6865,4.7623,-3.0800,0.1000,-0.3684,1788739495.479
22.002,4.6846,4.7622,-3.0874,0.1000,-0.3684,1788739495.499
22.022,4.6826,4.7621,-3.0947,0.1000,-0.3684,1788739495.519
22.042,4.6799,4.7620,-3.1000,0.1316,-0.2632,1788739495.539
22.062,4.6773,4.7619,-3.1053,0.1316,-0.2632,1788739495.559
22.082,4.6747,4.7618,-3.1105,0.1316,-0.2632,1788739495.579
22.102,4.6720,4.7617,-3.1158,0.1316,-0.2632,1788739495.599
22.122,4.6694,4.7617,-3.1211,0.1316,-0.2632,1788739495.619
22.142,4.6674,4.7616,-3.1263,0.1000,-0.2632,1788739495.639
22.162,4.6654,4.7616,-3.1316,0.1000,-0.2632,1788739495.659
22.182,4.6634,4.7616,-3.1368,0.1000,-0.2632,1788739495.679
22.202,4.6614,4.7616,-3.1421,0.1000,-0.2632,1788739495.699
22.222,4.6594,4.7616,-3.1474,0.1000,-0.2632,1788739495.719
22.242,4.6574,4.7617,-3.1526,0.1000,-0.2632,1788739495.739
22.263,4.6554,4.7617,-3.1579,0.1000,-0.2632,1788739495.759
22.282,4.6534,4.7617,-3.1632,0.1000,-0.2632,1788739495.779
22.302,4.6514,4.7618,-3.1684,0.1000,-0.2632,1788739495.799
22.322,4.6494,4.7618,-3.1737,0.1000,-0.2632,1788739495.819
22.343,4.6474,4.7619,-3.1789,0.1000,-0.2632,1788739495.839
22.362,4.6454,4.7620,-3.1842,0.1000,-0.2632,1788739495.859
22.382,4.6434,4.7621,-3.1895,0.1000,-0.2632,1788739495.879
22.402,4.6414,4.7622,-3.1947,0.1000,-0.2632,1788739495.899
22.422,4.6394,4.7623,-3.2000,0.1000,-0.2632,1788739495.919
22.442,4.6374,4.7624,-3.2053,0.1000,-0.2632,1788739495.939
22.462,4.6354,4.7626,-3.2105,0.1000,-0.2632,1788739495.959
22.482,4.6334,4.7627,-3.2158,0.1000,-0.2632,1788739495.979
22.502,4.6314,4.7629,-3.2211,0.1000,-0.2632,1788739495.999
22.522,4.6294,4.7631,-3.2263,0.1000,-0.2632,1788739496.019
22.542,4.6256,4.7634,-3.2295,0.1947,-0.1579,1788739496.039
22.562,4.6217,4.7638,-3.2326,0.1947,-0.1579,1788739496.059
22.582,4.6178,4.7641,-3.2358,0.1947,-0.1579,1788739496.079
22.602,4.6139,4.7645,-3.2389,0.1947,-0.1579,1788739496.099
22.622,4.6101,4.7649,-3.2421,0.1947,-0.1579,1788739496.119
22.642,4.6074,4.7652,-3.2453,0.1316,-0.1579,1788739496.139
22.663,4.6048,4.7654,-3.2484,0.1316,-0.1579,1788739496.159
22.682,4.6022,4.7657,-3.2516,0.1316,-0.1579,1788739496.179
22.702,4.5996,4.7660,-3.2547,0.1316,-0.1579,1788739496.199
22.722,4.5970,4.7663,-3.2579,0.1316,-0.1579,1788739496.219
22.742,4.5947,4.7666,-3.2611,0.1158,-0.1579,1788739496.239
22.762,4.5924,4.7669,-3.2642,0.1158,-0.1579,1788739496.259
22.782,4.5901,4.7672,-3.2674,0.1158,-0.1579,1788739496.279
22.802,4.5878,4.7675,-3.2705,0.1158,-0.1579,1788739496.299
22.822,4.5855,4.7678,-3.2737,0.1158,-0.1579,1788739496.319
22.842,4.5835,4.7681,-3.2768,0.1000,-0.1579,1788739496.339
22.862,4.5815,4.7683,-3.2800,0.1000,-0.1579,1788739496.359
22.882,4.5795,4.7686,-3.2832,0.1000,-0.1579,1788739496.379
22.902,4.5776,4.7689,-3.2863,0.1000,-0.1579,1788739496.399
22.922,4.5756,4.7692,-3.2895,0.1000,-0.1579,1788739496.419
22.942,4.5736,4.7695,-3.2926,0.1000,-0.1579,1788739496.439
22.962,4.5716,4.7698,-3.2958,0.1000,-0.1579,1788739496.459
22.982,4.5697,4.7701,-3.2989,0.1000,-0.1579,1788739496.479
23.002,4.5677,4.7704,-3.3021,0.1000,-0.1579,1788739496.499
23.022,4.5657,4.7708,-3.3053,0.1000,-0.1579,1788739496.519
23.042,4.5637,4.7711,-3.3084,0.1000,-0.1579,1788739496.539
23.062,4.5618,4.7714,-3.3116,0.1000,-0.1579,1788739496.559
23.082,4.5598,4.7718,-3.3147,0.1000,-0.1579,1788739496.579
23.102,4.5578,4.7721,-3.3179,0.1000,-0.1579,1788739496.599
23.122,4.5559,4.7725,-3.3211,0.1000,-0.1579,1788739496.619
23.143,4.5539,4.7729,-3.3242,0.1000,-0.1579,1788739496.639
23.162,4.5519,4.7732,-3.3274,0.1000,-0.1579,1788739496.659
23.182,4.5500,4.7736,-3.3305,0.1000,-0.1579,1788739496.679
23.202,4.5480,4.7740,-3.3337,0.1000,-0.1579,1788739496.699
23.222,4.5460,4.7744,-3.3368,0.1000,-0.1579,1788739496.719
23.242,4.5438,4.7748,-3.3400,0.1158,-0.1579,1788739496.739
23.262,4.5415,4.7753,-3.3432,0.1158,-0.1579,1788739496.759
23.282,4.5392,4.7758,-3.3463,0.1158,-0.1579,1788739496.779
23.302,4.5370,4.7762,-3.3495,0.1158,-0.1579,1788739496.799
23.322,4.5347,4.7767,-3.3526,0.1158,-0.1579,1788739496.819
23.342,4.5328,4.7771,-3.3558,0.1000,-0.1579,1788739496.839
23.362,4.5308,4.7776,-3.3589,0.1000,-0.1579,1788739496.859
23.382,4.5288,4.7780,-3.3621,0.1000,-0.1579,1788739496.879
23.403,4.5269,4.7785,-3.3653,0.1000,-0.1579,1788739496.899
23.422,4.5249,4.7789,-3.3684,0.1000,-0.1579,1788739496.919
23.442,4.5221,4.7796,-3.3695,0.1474,-0.0526,1788739496.939
23.462,4.5192,4.7802,-3.3705,0.1474,-0.0526,1788739496.959
23.482,4.5163,4.7809,-3.3716,0.1474,-0.0526,1788739496.979
23.502,4.5135,4.7816,-3.3726,0.1474,-0.0526,1788739496.999
23.522,4.5106,4.7823,-3.3737,0.1474,-0.0526,1788739497.019
23.542,4.5080,4.7829,-3.3747,0.1316,-0.0526,1788739497.039
23.562,4.5055,4.7835,-3.3758,0.1316,-0.0526,1788739497.059
23.582,4.5029,4.7841,-3.3768,0.1316,-0.0526,1788739497.079
23.602,4.5004,4.7847,-3.3779,0.1316,-0.0526,1788739497.099
23.622,4.4978,4.7853,-3.3789,0.1316,-0.0526,1788739497.119
23.642,4.4952,4.7860,-3.3800,0.1316,-0.0526,1788739497.139
23.663,4.4927,4.7866,-3.3811,0.1316,-0.0526,1788739497.159
23.682,4.4901,4.7872,-3.3821,0.1316,-0.0526,1788739497.179
23.702,4.4876,4.7878,-3.3832,0.1316,-0.0526,1788739497.199
23.723,4.4850,4.7885,-3.3842,0.1316,-0.0526,1788739497.219
23.743,4.4828,4.7890,-3.3853,0.1158,-0.0526,1788739497.239
23.763,4.4805,4.7896,-3.3863,0.1158,-0.0526,1788739497.259
23.783,4.4783,4.7902,-3.3874,0.1158,-0.0526,1788739497.279
23.802,4.4760,4.7907,-3.3884,0.1158,-0.0526,1788739497.299
23.822,4.4738,4.7913,-3.3895,0.1158,-0.0526,1788739497.319
23.842,4.4716,4.7919,-3.3905,0.1158,-0.0526,1788739497.339
23.862,4.4693,4.7924,-3.3916,0.1158,-0.0526,1788739497.359
23.882,4.4671,4.7930,-3.3926,0.1158,-0.0526,1788739497.379
23.902,4.4648,4.7936,-3.3937,0.1158,-0.0526,1788739497.399
23.922,4.4626,4.7942,-3.3947,0.1158,-0.0526,1788739497.419
23.942,4.4606,4.7947,-3.3958,0.1000,-0.0526,1788739497.439
23.962,4.4587,4.7952,-3.3968,0.1000,-0.0526,1788739497.459
23.983,4.4568,4.7957,-3.3979,0.1000,-0.0526,1788739497.479
24.002,4.4548,4.7962,-3.3989,0.1000,-0.0526,1788739497.499
24.022,4.4529,4.7967,-3.4000,0.1000,-0.0526,1788739497.519
24.042,4.4510,4.7972,-3.4011,0.1000,-0.0526,1788739497.539
24.063,4.4490,4.7977,-3.4021,0.1000,-0.0526,1788739497.559
24.083,4.4471,4.7982,-3.4032,0.1000,-0.0526,1788739497.579
24.102,4.4452,4.7988,-3.4042,0.1000,-0.0526,1788739497.599
24.122,4.4432,4.7993,-3.4053,0.1000,-0.0526,1788739497.619
24.142,4.4413,4.7998,-3.4063,0.1000,-0.0526,1788739497.639
24.162,4.4394,4.8003,-3.4074,0.1000,-0.0526,1788739497.659
24.182,4.4375,4.8009,-3.4084,0.1000,-0.0526,1788739497.679
24.202,4.4355,4.8014,-3.4095,0.1000,-0.0526,1788739497.699
24.222,4.4336,4.8019,-3.4105,0.1000,-0.0526,1788739497.719
24.242,4.4317,4.8025,-3.4116,0.1000,-0.0526,1788739497.739
24.262,4.4297,4.8030,-3.4126,0.1000,-0.0526,1788739497.759
24.282,4.4278,4.8035,-3.4137,0.1000,-0.0526,1788739497.779
24.302,4.4259,4.8041,-3.4147,0.1000,-0.0526,1788739497.799
24.322,4.4240,4.8046,-3.4158,0.1000,-0.0526,1788739497.819
24.342,4.4220,4.8052,-3.4168,0.1000,-0.0526,1788739497.839
24.362,4.4201,4.8057,-3.4179,0.1000,-0.0526,1788739497.859
24.382,4.4182,4.8062,-3.4189,0.1000,-0.0526,1788739497.879
24.402,4.4163,4.8068,-3.4200,0.1000,-0.0526,1788739497.899
24.422,4.4143,4.8073,-3.4211,0.1000,-0.0526,1788739497.919
24.442,4.4124,4.8079,-3.4221,0.1000,-0.0526,1788739497.939
24.462,4.4105,4.8085,-3.4232,0.1000,-0.0526,1788739497.959
24.482,4.4086,4.8090,-3.4242,0.1000,-0.0526,1788739497.979
24.502,4.4067,4.8096,-3.4253,0.1000,-0.0526,1788739497.999
24.523,4.4047,4.8101,-3.4263,0.1000,-0.0526,1788739498.019
24.542,4.4028,4.8107,-3.4274,0.1000,-0.0526,1788739498.039
24.562,4.4009,4.8113,-3.4284,0.1000,-0.0526,1788739498.059
24.582,4.3990,4.8118,-3.4295,0.1000,-0.0526,1788739498.079
24.602,4.3971,4.8124,-3.4305,0.1000,-0.0526,1788739498.099
24.622,4.3952,4.8130,-3.4316,0.1000,-0.0526,1788739498.119
24.642,4.3932,4.8136,-3.4326,0.1000,-0.0526,1788739498.139
24.662,4.3913,4.8141,-3.4337,0.1000,-0.0526,1788739498.159
24.682,4.3894,4.8147,-3.4347,0.1000,-0.0526,1788739498.179
24.702,4.3875,4.8153,-3.4358,0.1000,-0.0526,1788739498.199
24.722,4.3856,4.8159,-3.4368,0.1000,-0.0526,1788739498.219
24.742,4.3837,4.8165,-3.4379,0.1000,-0.0526,1788739498.239
24.762,4.3818,4.8170,-3.4389,0.1000,-0.0526,1788739498.259
24.782,4.3798,4.8176,-3.4400,0.1000,-0.0526,1788739498.279
24.802,4.3779,4.8182,-3.4411,0.1000,-0.0526,1788739498.299
24.822,4.3760,4.8188,-3.4421,0.1000,-0.0526,1788739498.319
24.842,4.3741,4.8194,-3.4421,0.1000,0.0000,1788739498.339
24.862,4.3722,4.8200,-3.4421,0.1000,0.0000,1788739498.359
24.882,4.3703,4.8206,-3.4421,0.1000,0.0000,1788739498.379
24.902,4.3684,4.8212,-3.4421,0.1000,0.0000,1788739498.399
24.922,4.3665,4.8218,-3.4421,0.1000,0.0000,1788739498.419
24.942,4.3646,4.8224,-3.4421,0.1000,0.0000,1788739498.439
24.962,4.3627,4.8230,-3.4421,0.1000,0.0000,1788739498.459
24.982,4.3607,4.8235,-3.4421,0.1000,0.0000,1788739498.479
25.002,4.3588,4.8241,-3.4421,0.1000,0.0000,1788739498.499
25.022,4.3569,4.8247,-3.4421,0.1000,0.0000,1788739498.519
25.042,4.3544,4.8255,-3.4421,0.1316,0.0000,1788739498.539
25.062,4.3519,4.8263,-3.4421,0.1316,0.0000,1788739498.559
25.083,4.3494,4.8271,-3.4421,0.1316,0.0000,1788739498.579
25.102,4.3469,4.8278,-3.4421,0.1316,0.0000,1788739498.599
25.122,4.3444,4.8286,-3.4421,0.1316,0.0000,1788739498.619
25.142,4.3424,4.8292,-3.4421,0.1000,0.0000,1788739498.639
25.162,4.3405,4.8298,-3.4421,0.1000,0.0000,1788739498.659
25.182,4.3386,4.8304,-3.4421,0.1000,0.0000,1788739498.679
25.202,4.3367,4.8310,-3.4421,0.1000,0.0000,1788739498.699
25.222,4.3348,4.8316,-3.4421,0.1000,0.0000,1788739498.719
25.242,4.3326,4.8323,-3.4421,0.1158,0.0000,1788739498.739
25.262,4.3304,4.8330,-3.4421,0.1158,0.0000,1788739498.759
25.282,4.3282,4.8336,-3.4421,0.1158,0.0000,1788739498.779
25.302,4.3260,4.8343,-3.4421,0.1158,0.0000,1788739498.799
25.322,4.3237,4.8350,-3.4421,0.1158,0.0000,1788739498.819
25.342,4.3215,4.8357,-3.4421,0.1158,0.0000,1788739498.839
25.362,4.3193,4.8364,-3.4421,0.1158,0.0000,1788739498.859
25.382,4.3171,4.8371,-3.4421,0.1158,0.0000,1788739498.879
25.402,4.3149,4.8378,-3.4421,0.1158,0.0000,1788739498.899
25.422,4.3127,4.8384,-3.4421,0.1158,0.0000,1788739498.919
25.442,4.3105,4.8391,-3.4421,0.1158,0.0000,1788739498.939
25.462,4.3083,4.8398,-3.4421,0.1158,0.0000,1788739498.959
25.482,4.3060,4.8405,-3.4421,0.1158,0.0000,1788739498.979
25.502,4.3038,4.8412,-3.4421,0.1158,0.0000,1788739498.999
25.522,4.3016,4.8419,-3.4421,0.1158,0.0000,1788739499.019
25.542,4.2997,4.8425,-3.4421,0.1000,0.0000,1788739499.039
25.562,4.2978,4.8430,-3.4421,0.1000,0.0000,1788739499.059
25.582,4.2959,4.8436,-3.4421,0.1000,0.0000,1788739499.079
25.602,4.2940,4.8442,-3.4421,0.1000,0.0000,1788739499.099
25.622,4.2921,4.8448,-3.4421,0.1000,0.0000,1788739499.119
25.642,4.2902,4.8454,-3.4421,0.1000,0.0000,1788739499.139
25.662,4.2882,4.8460,-3.4421,0.1000,0.0000,1788739499.159
25.682,4.2863,4.8466,-3.4421,0.1000,0.0000,1788739499.179
25.702,4.2844,4.8472,-3.4421,0.1000,0.0000,1788739499.199
25.722,4.2825,4.8478,-3.4421,0.1000,0.0000,1788739499.219
25.742,4.2806,4.8484,-3.4421,0.1000,0.0000,1788739499.239
25.762,4.2787,4.8490,-3.4421,0.1000,0.0000,1788739499.259
25.782,4.2768,4.8496,-3.4421,0.1000,0.0000,1788739499.279
25.803,4.2749,4.8502,-3.4421,0.1000,0.0000,1788739499.299
25.822,4.2730,4.8507,-3.4421,0.1000,0.0000,1788739499.319
25.842,4.2711,4.8513,-3.4421,0.1000,0.0000,1788739499.339
25.862,4.2691,4.8519,-3.4421,0.1000,0.0000,1788739499.359
25.882,4.2672,4.8525,-3.4421,0.1000,0.0000,1788739499.379
25.902,4.2653,4.8531,-3.4421,0.1000,0.0000,1788739499.399
25.922,4.2634,4.8537,-3.4421,0.1000,0.0000,1788739499.419
25.942,4.2615,4.8543,-3.4411,0.1000,0.0526,1788739499.439
25.962,4.2596,4.8549,-3.4400,0.1000,0.0526,1788739499.459
25.982,4.2577,4.8555,-3.4389,0.1000,0.0526,1788739499.479
26.002,4.2558,4.8561,-3.4379,0.1000,0.0526,1788739499.499
26.022,4.2539,4.8566,-3.4368,0.1000,0.0526,1788739499.519
26.042,4.2519,4.8572,-3.4358,0.1000,0.0526,1788739499.539
26.062,4.2500,4.8578,-3.4347,0.1000,0.0526,1788739499.559
26.082,4.2481,4.8584,-3.4337,0.1000,0.0526,1788739499.579
26.102,4.2462,4.8589,-3.4326,0.1000,0.0526,1788739499.599
26.122,4.2443,4.8595,-3.4316,0.1000,0.0526,1788739499.619
26.143,4.2424,4.8601,-3.4305,0.1000,0.0526,1788739499.639
26.163,4.2404,4.8607,-3.4295,0.1000,0.0526,1788739499.659
26.183,4.2385,4.8612,-3.4284,0.1000,0.0526,1788739499.679
26.202,4.2366,4.8618,-3.4274,0.1000,0.0526,1788739499.699
26.223,4.2347,4.8623,-3.4263,0.1000,0.0526,1788739499.719
26.242,4.2328,4.8629,-3.4253,0.1000,0.0526,1788739499.739
26.262,4.2308,4.8635,-3.4242,0.1000,0.0526,1788739499.759
26.282,4.2289,4.8640,-3.4232,0.1000,0.0526,1788739499.779
26.302,4.2270,4.8646,-3.4221,0.1000,0.0526,1788739499.799
26.322,4.2251,4.8651,-3.4211,0.1000,0.0526,1788739499.819
26.342,4.2232,4.8657,-3.4200,0.1000,0.0526,1788739499.839
26.362,4.2212,4.8662,-3.4189,0.1000,0.0526,1788739499.859
26.382,4.2193,4.8668,-3.4179,0.1000,0.0526,1788739499.879
26.402,4.2174,4.8673,-3.4168,0.1000,0.0526,1788739499.899
26.422,4.2155,4.8679,-3.4158,0.1000,0.0526,1788739499.919
26.442,4.2135,4.8684,-3.4147,0.1000,0.0526,1788739499.939
26.462,4.2116,4.8689,-3.4137,0.1000,0.0526,1788739499.959
26.482,4.2097,4.8695,-3.4126,0.1000,0.0526,1788739499.979
26.503,4.2078,4.8700,-3.4116,0.1000,0.0526,1788739499.999
26.522,4.2058,4.8705,-3.4105,0.1000,0.0526,1788739500.019
26.542,4.2039,4.8711,-3.4095,0.1000,0.0526,1788739500.039
26.562,4.2020,4.8716,-3.4084,0.1000,0.0526,1788739500.059
26.582,4.2000,4.8721,-3.4074,0.1000,0.0526,1788739500.079
26.602,4.1981,4.8726,-3.4063,0.1000,0.0526,1788739500.099
26.622,4.1962,4.8732,-3.4053,0.1000,0.0526,1788739500.119
26.642,4.1942,4.8737,-3.4042,0.1000,0.0526,1788739500.139
26.662,4.1923,4.8742,-3.4032,0.1000,0.0526,1788739500.159
26.682,4.1904,4.8747,-3.4021,0.1000,0.0526,1788739500.179
26.702,4.1884,4.8752,-3.4011,0.1000,0.0526,1788739500.199
26.722,4.1865,4.8757,-3.4000,0.1000,0.0526,1788739500.219
26.742,4.1846,4.8762,-3.3989,0.1000,0.0526,1788739500.239
26.762,4.1826,4.8767,-3.3979,0.1000,0.0526,1788739500.259
26.782,4.1807,4.8773,-3.3968,0.1000,0.0526,1788739500.279
26.803,4.1788,4.8778,-3.3958,0.1000,0.0526,1788739500.299
26.822,4.1768,4.8783,-3.3947,0.1000,0.0526,1788739500.319
26.843,4.1749,4.8788,-3.3937,0.1000,0.0526,1788739500.339
26.862,4.1730,4.8793,-3.3926,0.1000,0.0526,1788739500.359
26.882,4.1710,4.8797,-3.3916,0.1000,0.0526,1788739500.379
26.902,4.1691,4.8802,-3.3905,0.1000,0.0526,1788739500.399
26.922,4.1671,4.8807,-3.3895,0.1000,0.0526,1788739500.419
26.942,4.1652,4.8812,-3.3884,0.1000,0.0526,1788739500.439
26.962,4.1633,4.8817,-3.3874,0.1000,0.0526,1788739500.459
26.982,4.1613,4.8822,-3.3863,0.1000,0.0526,1788739500.479
27.002,4.1594,4.8827,-3.3853,0.1000,0.0526,1788739500.499
27.022,4.1574,4.8832,-3.3842,0.1000,0.0526,1788739500.519
27.042,4.1555,4.8836,-3.3832,0.1000,0.0526,1788739500.539
27.062,4.1536,4.8841,-3.3821,0.1000,0.0526,1788739500.559
27.083,4.1516,4.8846,-3.3811,0.1000,0.0526,1788739500.579
27.102,4.1497,4.8851,-3.3800,0.1000,0.0526,1788739500.599
27.122,4.1477,4.8855,-3.3789,0.1000,0.0526,1788739500.619
27.142,4.1458,4.8860,-3.3779,0.1000,0.0526,1788739500.639
27.162,4.1438,4.8865,-3.3768,0.1000,0.0526,1788739500.659
27.182,4.1419,4.8869,-3.3758,0.1000,0.0526,1788739500.679
27.202,4.1400,4.8874,-3.3747,0.1000,0.0526,1788739500.699
27.222,4.1380,4.8878,-3.3737,0.1000,0.0526,1788739500.719
27.242,4.1361,4.8883,-3.3726,0.1000,0.0526,1788739500.739
27.262,4.1341,4.8888,-3.3716,0.1000,0.0526,1788739500.759
27.282,4.1322,4.8892,-3.3705,0.1000,0.0526,1788739500.779
27.302,4.1302,4.8897,-3.3695,0.1000,0.0526,1788739500.799
27.322,4.1283,4.8901,-3.3684,0.1000,0.0526,1788739500.819
27.342,4.1263,4.8906,-3.3674,0.1000,0.0526,1788739500.839
27.362,4.1244,4.8910,-3.3663,0.1000,0.0526,1788739500.859
27.382,4.1224,4.8915,-3.3653,0.1000,0.0526,1788739500.879
27.402,4.1205,4.8919,-3.3642,0.1000,0.0526,1788739500.899
27.422,4.1185,4.8923,-3.3632,0.1000,0.0526,1788739500.919
27.442,4.1166,4.8928,-3.3621,0.1000,0.0526,1788739500.939
27.462,4.1146,4.8932,-3.3611,0.1000,0.0526,1788739500.959
27.483,4.1127,4.8936,-3.3600,0.1000,0.0526,1788739500.979
27.502,4.1107,4.8941,-3.3589,0.1000,0.0526,1788739500.999
27.522,4.1088,4.8945,-3.3579,0.1000,0.0526,1788739501.019
27.542,4.1068,4.8949,-3.3568,0.1000,0.0526,1788739501.039
27.562,4.1048,4.8954,-3.3558,0.1000,0.0526,1788739501.059
27.582,4.1029,4.8958,-3.3547,0.1000,0.0526,1788739501.079
27.602,4.1009,4.8962,-3.3537,0.1000,0.0526,1788739501.099
27.622,4.0990,4.8966,-3.3526,0.1000,0.0526,1788739501.119
27.642,4.0970,4.8970,-3.3516,0.1000,0.0526,1788739501.139
27.662,4.0951,4.8974,-3.3505,0.1000,0.0526,1788739501.159
27.682,4.0931,4.8979,-3.3495,0.1000,0.0526,1788739501.179
27.702,4.0912,4.8983,-3.3484,0.1000,0.0526,1788739501.199
27.722,4.0892,4.8987,-3.3474,0.1000,0.0526,1788739501.219
27.742,4.0872,4.8991,-3.3463,0.1000,0.0526,1788739501.239
27.762,4.0853,4.8995,-3.3453,0.1000,0.0526,1788739501.259
27.782,4.0833,4.8999,-3.3442,0.1000,0.0526,1788739501.279
27.802,4.0814,4.9003,-3.3432,0.1000,0.0526,1788739501.299
27.822,4.0794,4.9007,-3.3421,0.1000,0.0526,1788739501.319
27.842,4.0774,4.9011,-3.3411,0.1000,0.0526,1788739501.339
27.862,4.0755,4.9015,-3.3400,0.1000,0.0526,1788739501.359
27.882,4.0735,4.9019,-3.3389,0.1000,0.0526,1788739501.379
27.902,4.0716,4.9023,-3.3379,0.1000,0.0526,1788739501.399
27.922,4.0696,4.9027,-3.3368,0.1000,0.0526,1788739501.419
27.942,4.0676,4.9030,-3.3368,0.1000,0.0000,1788739501.439
27.962,4.0657,4.9034,-3.3368,0.1000,0.0000,1788739501.459
27.982,4.0637,4.9038,-3.3368,0.1000,0.0000,1788739501.479
28.002,4.0617,4.9042,-3.3368,0.1000,0.0000,1788739501.499
28.022,4.0598,4.9046,-3.3368,0.1000,0.0000,1788739501.519
28.042,4.0578,4.9050,-3.3358,0.1000,0.0526,1788739501.539
28.062,4.0559,4.9054,-3.3347,0.1000,0.0526,1788739501.559
28.082,4.0539,4.9057,-3.3337,0.1000,0.0526,1788739501.579
28.102,4.0519,4.9061,-3.3326,0.1000,0.0526,1788739501.599
28.122,4.0500,4.9065,-3.3316,0.1000,0.0526,1788739501.619
28.142,4.0480,4.9069,-3.3305,0.1000,0.0526,1788739501.639
28.163,4.0460,4.9072,-3.3295,0.1000,0.0526,1788739501.659
28.182,4.0441,4.9076,-3.3284,0.1000,0.0526,1788739501.679
28.202,4.0421,4.9080,-3.3274,0.1000,0.0526,1788739501.699
28.222,4.0401,4.9084,-3.3263,0.1000,0.0526,1788739501.719
28.242,4.0382,4.9087,-3.3253,0.1000,0.0526,1788739501.739
28.262,4.0362,4.9091,-3.3242,0.1000,0.0526,1788739501.759
28.282,4.0342,4.9094,-3.3232,0.1000,0.0526,1788739501.779
28.302,4.0323,4.9098,-3.3221,0.1000,0.0526,1788739501.799
28.322,4.0303,4.9102,-3.3211,0.1000,0.0526,1788739501.819
28.342,4.0283,4.9105,-3.3211,0.1000,0.0000,1788739501.839
28.362,4.0264,4.9109,-3.3211,0.1000,0.0000,1788739501.859
28.382,4.0244,4.9112,-3.3211,0.1000,0.0000,1788739501.879
28.402,4.0224,4.9116,-3.3211,0.1000,0.0000,1788739501.899
28.422,4.0205,4.9119,-3.3211,0.1000,0.0000,1788739501.919
28.443,4.0185,4.9123,-3.3200,0.1000,0.0526,1788739501.939
28.462,4.0165,4.9127,-3.3189,0.1000,0.0526,1788739501.959
28.483,4.0146,4.9130,-3.3179,0.1000,0.0526,1788739501.979
28.502,4.0126,4.9134,-3.3168,0.1000,0.0526,1788739501.999
28.522,4.0106,4.9137,-3.3158,0.1000,0.0526,1788739502.019
28.542,4.0086,4.9140,-3.3147,0.1000,0.0526,1788739502.039
28.562,4.0067,4.9144,-3.3137,0.1000,0.0526,1788739502.059
28.582,4.0047,4.9147,-3.3126,0.1000,0.0526,1788739502.079
28.602,4.0027,4.9151,-3.3116,0.1000,0.0526,1788739502.099
28.622,4.0008,4.9154,-3.3105,0.1000,0.0526,1788739502.119
28.642,3.9988,4.9157,-3.3105,0.1000,0.0000,1788739502.139
28.662,3.9968,4.9161,-3.3105,0.1000,0.0000,1788739502.159
28.682,3.9949,4.9164,-3.3105,0.1000,0.0000,1788739502.179
28.702,3.9929,4.9167,-3.3105,0.1000,0.0000,1788739502.199
28.722,3.9909,4.9171,-3.3105,0.1000,0.0000,1788739502.219
28.742,3.9889,4.9174,-3.3095,0.1000,0.0526,1788739502.239
28.763,3.9870,4.9178,-3.3084,0.1000,0.0526,1788739502.259
28.782,3.9850,4.9181,-3.3074,0.1000,0.0526,1788739502.279
28.802,3.9830,4.9184,-3.3063,0.1000,0.0526,1788739502.299
28.822,3.9810,4.9187,-3.3053,0.1000,0.0526,1788739502.319
28.842,3.9784,4.9192,-3.3042,0.1316,0.0526,1788739502.339
28.862,3.9759,4.9196,-3.3032,0.1316,0.0526,1788739502.359
28.882,3.9733,4.9200,-3.3021,0.1316,0.0526,1788739502.379
28.902,3.9707,4.9204,-3.3011,0.1316,0.0526,1788739502.399
28.922,3.9681,4.9208,-3.3000,0.1316,0.0526,1788739502.419
28.942,3.9661,4.9212,-3.3000,0.1000,0.0000,1788739502.439
28.962,3.9641,4.9215,-3.3000,0.1000,0.0000,1788739502.459
28.982,3.9621,4.9218,-3.3000,0.1000,0.0000,1788739502.479
29.002,3.9602,4.9221,-3.3000,0.1000,0.0000,1788739502.499
29.022,3.9582,4.9224,-3.3000,0.1000,0.0000,1788739502.519
29.042,3.9562,4.9227,-3.2989,0.1000,0.0526,1788739502.539
29.063,3.9542,4.9230,-3.2979,0.1000,0.0526,1788739502.559
29.082,3.9523,4.9233,-3.2968,0.1000,0.0526,1788739502.579
29.102,3.9503,4.9237,-3.2958,0.1000,0.0526,1788739502.599
29.122,3.9483,4.9240,-3.2947,0.1000,0.0526,1788739502.619
29.143,3.9457,4.9244,-3.2937,0.1316,0.0526,1788739502.639
29.162,3.9431,4.9248,-3.2926,0.1316,0.0526,1788739502.659
29.182,3.9405,4.9251,-3.2916,0.1316,0.0526,1788739502.679
29.202,3.9379,4.9255,-3.2905,0.1316,0.0526,1788739502.699
29.222,3.9353,4.9259,-3.2895,0.1316,0.0526,1788739502.719
29.242,3.9333,4.9262,-3.2895,0.1000,0.0000,1788739502.739
29.262,3.9313,4.9265,-3.2895,0.1000,0.0000,1788739502.759
29.282,3.9294,4.9268,-3.2895,0.1000,0.0000,1788739502.779
29.302,3.9274,4.9271,-3.2895,0.1000,0.0000,1788739502.799
29.322,3.9254,4.9274,-3.2895,0.1000,0.0000,1788739502.819
29.342,3.9231,4.9277,-3.2884,0.1158,0.0526,1788739502.839
29.363,3.9208,4.9281,-3.2874,0.1158,0.0526,1788739502.859
29.383,3.9185,4.9284,-3.2863,0.1158,0.0526,1788739502.879
29.403,3.9162,4.9287,-3.2853,0.1158,0.0526,1788739502.899
29.423,3.9139,4.9291,-3.2842,0.1158,0.0526,1788739502.919
29.442,3.9117,4.9294,-3.2832,0.1158,0.0526,1788739502.939
29.462,3.9094,4.9297,-3.2821,0.1158,0.0526,1788739502.959
29.482,3.9071,4.9300,-3.2811,0.1158,0.0526,1788739502.979
29.502,3.9048,4.9304,-3.2800,0.1158,0.0526,1788739502.999
29.522,3.9025,4.9307,-3.2789,0.1158,0.0526,1788739503.019
29.542,3.9005,4.9310,-3.2789,0.1000,0.0000,1788739503.039
29.562,3.8985,4.9312,-3.2789,0.1000,0.0000,1788739503.059
29.582,3.8965,4.9315,-3.2789,0.1000,0.0000,1788739503.079
29.602,3.8946,4.9318,-3.2789,0.1000,0.0000,1788739503.099
29.622,3.8926,4.9321,-3.2789,0.1000,0.0000,1788739503.119
29.643,3.8906,4.9323,-3.2779,0.1000,0.0526,1788739503.139
29.662,3.8886,4.9326,-3.2768,0.1000,0.0526,1788739503.159
29.682,3.8866,4.9329,-3.2758,0.1000,0.0526,1788739503.179
29.702,3.8846,4.9331,-3.2747,0.1000,0.0526,1788739503.199
29.722,3.8827,4.9334,-3.2737,0.1000,0.0526,1788739503.219
29.742,3.8807,4.9337,-3.2737,0.1000,0.0000,1788739503.239
29.762,3.8787,4.9339,-3.2737,0.1000,0.0000,1788739503.259
29.782,3.8767,4.9342,-3.2737,0.1000,0.0000,1788739503.279
29.803,3.8747,4.9344,-3.2737,0.1000,0.0000,1788739503.299
29.822,3.8727,4.9347,-3.2737,0.1000,0.0000,1788739503.319
29.842,3.8708,4.9350,-3.2726,0.1000,0.0526,1788739503.339
29.862,3.8688,4.9352,-3.2716,0.1000,0.0526,1788739503.359
29.882,3.8668,4.9355,-3.2705,0.1000,0.0526,1788739503.379
29.902,3.8648,4.9357,-3.2695,0.1000,0.0526,1788739503.399
29.922,3.8628,4.9360,-3.2684,0.1000,0.0526,1788739503.419
29.942,3.8608,4.9362,-3.2684,0.1000,0.0000,1788739503.439
29.962,3.8589,4.9365,-3.2684,0.1000,0.0000,1788739503.459
29.982,3.8569,4.9367,-3.2684,0.1000,0.0000,1788739503.479
30.002,3.8549,4.9370,-3.2684,0.1000,0.0000,1788739503.499
30.022,3.8529,4.9373,-3.2684,0.1000,0.0000,1788739503.519
30.042,3.8509,4.9375,-3.2674,0.1000,0.0526,1788739503.539
30.062,3.8489,4.9378,-3.2663,0.1000,0.0526,1788739503.559
30.082,3.8470,4.9380,-3.2653,0.1000,0.0526,1788739503.579
30.102,3.8450,4.9382,-3.2642,0.1000,0.0526,1788739503.599
30.122,3.8430,4.9385,-3.2632,0.1000,0.0526,1788739503.619
30.143,3.8410,4.9387,-3.2632,0.1000,0.0000,1788739503.639
30.162,3.8390,4.9390,-3.2632,0.1000,0.0000,1788739503.659
30.182,3.8370,4.9392,-3.2632,0.1000,0.0000,1788739503.679
30.202,3.8350,4.9395,-3.2632,0.1000,0.0000,1788739503.699
30.222,3.8331,4.9397,-3.2632,0.1000,0.0000,1788739503.719
30.242,3.8311,4.9399,-3.2621,0.1000,0.0526,1788739503.739
30.262,3.8291,4.9402,-3.2611,0.1000,0.0526,1788739503.759
30.282,3.8271,4.9404,-3.2600,0.1000,0.0526,1788739503.779
30.302,3.8251,4.9407,-3.2589,0.1000,0.0526,1788739503.799
30.322,3.8231,4.9409,-3.2579,0.1000,0.0526,1788739503.819
30.342,3.8211,4.9411,-3.2579,0.1000,0.0000,1788739503.839
30.362,3.8192,4.9413,-3.2579,0.1000,0.0000,1788739503.859
30.382,3.8172,4.9416,-3.2579,0.1000,0.0000,1788739503.879
30.402,3.8152,4.9418,-3.2579,0.1000,0.0000,1788739503.899
30.422,3.8132,4.9420,-3.2579,0.1000,0.0000,1788739503.919
30.442,3.8112,4.9423,-3.2568,0.1000,0.0526,1788739503.939
30.462,3.8092,4.9425,-3.2558,0.1000,0.0526,1788739503.959
30.482,3.8072,4.9427,-3.2547,0.1000,0.0526,1788739503.979
30.502,3.8053,4.9430,-3.2537,0.1000,0.0526,1788739503.999
30.522,3.8033,4.9432,-3.2526,0.1000,0.0526,1788739504.019
30.542,3.8013,4.9434,-3.2526,0.1000,0.0000,1788739504.039
30.562,3.7993,4.9436,-3.2526,0.1000,0.0000,1788739504.059
30.582,3.7973,4.9438,-3.2526,0.1000,0.0000,1788739504.079
30.602,3.7953,4.9441,-3.2526,0.1000,0.0000,1788739504.099
30.622,3.7933,4.9443,-3.2526,0.1000,0.0000,1788739504.119
30.642,3.7913,4.9445,-3.2526,0.1000,0.0000,1788739504.139
30.662,3.7893,4.9447,-3.2526,0.1000,0.0000,1788739504.159
30.682,3.7874,4.9449,-3.2526,0.1000,0.0000,1788739504.179
30.702,3.7854,4.9452,-3.2526,0.1000,0.0000,1788739504.199
30.722,3.7834,4.9454,-3.2526,0.1000,0.0000,1788739504.219
30.742,3.7814,4.9456,-3.2516,0.1000,0.0526,1788739504.239
30.762,3.7794,4.9458,-3.2505,0.1000,0.0526,1788739504.259
30.782,3.7774,4.9460,-3.2495,0.1000,0.0526,1788739504.279
30.802,3.7754,4.9463,-3.2484,0.1000,0.0526,1788739504.299
30.822,3.7734,4.9465,-3.2474,0.1000,0.0526,1788739504.319
30.842,3.7715,4.9467,-3.2474,0.1000,0.0000,1788739504.339
30.862,3.7695,4.9469,-3.2474,0.1000,0.0000,1788739504.359
30.882,3.7675,4.9471,-3.2474,0.1000,0.0000,1788739504.379
30.902,3.7655,4.9473,-3.2474,0.1000,0.0000,1788739504.399
30.922,3.7635,4.9475,-3.2474,0.1000,0.0000,1788739504.419
30.942,3.7615,4.9477,-3.2463,0.1000,0.0526,1788739504.439
30.962,3.7595,4.9479,-3.2453,0.1000,0.0526,1788739504.459
30.982,3.7575,4.9481,-3.2442,0.1000,0.0526,1788739504.479
31.002,3.7555,4.9483,-3.2432,0.1000,0.0526,1788739504.499
31.022,3.7536,4.9485,-3.2421,0.1000,0.0526,1788739504.519
31.042,3.7516,4.9487,-3.2421,0.1000,0.0000,1788739504.539
31.062,3.7496,4.9489,-3.2421,0.1000,0.0000,1788739504.559
31.082,3.7476,4.9491,-3.2421,0.1000,0.0000,1788739504.579
31.102,3.7456,4.9493,-3.2421,0.1000,0.0000,1788739504.599
31.122,3.7436,4.9495,-3.2421,0.1000,0.0000,1788739504.619
31.142,3.7416,4.9497,-3.2421,0.1000,0.0000,1788739504.639
31.162,3.7396,4.9500,-3.2421,0.1000,0.0000,1788739504.659
31.182,3.7376,4.9502,-3.2421,0.1000,0.0000,1788739504.679
31.202,3.7356,4.9504,-3.2421,0.1000,0.0000,1788739504.699
31.222,3.7337,4.9506,-3.2421,0.1000,0.0000,1788739504.719
31.242,3.7317,4.9508,-3.2411,0.1000,0.0526,1788739504.739
31.262,3.7297,4.9509,-3.2400,0.1000,0.0526,1788739504.759
31.282,3.7277,4.9511,-3.2389,0.1000,0.0526,1788739504.779
31.302,3.7257,4.9513,-3.2379,0.1000,0.0526,1788739504.799
31.322,3.7237,4.9515,-3.2368,0.1000,0.0526,1788739504.819
31.342,3.7217,4.9517,-3.2368,0.1000,0.0000,1788739504.839
31.362,3.7197,4.9519,-3.2368,0.1000,0.0000,1788739504.859
31.382,3.7177,4.9521,-3.2368,0.1000,0.0000,1788739504.879
31.402,3.7157,4.9523,-3.2368,0.1000,0.0000,1788739504.899
31.422,3.7137,4.9525,-3.2368,0.1000,0.0000,1788739504.919
31.443,3.7118,4.9527,-3.2358,0.1000,0.0526,1788739504.939
31.462,3.7098,4.9528,-3.2347,0.1000,0.0526,1788739504.959
31.483,3.7078,4.9530,-3.2337,0.1000,0.0526,1788739504.979
31.502,3.7058,4.9532,-3.2326,0.1000,0.0526,1788739504.999
31.522,3.7038,4.9534,-3.2316,0.1000,0.0526,1788739505.019
31.542,3.7018,4.9536,-3.2316,0.1000,0.0000,1788739505.039
31.562,3.6998,4.9538,-3.2316,0.1000,0.0000,1788739505.059
31.582,3.6978,4.9539,-3.2316,0.1000,0.0000,1788739505.079
31.602,3.6958,4.9541,-3.2316,0.1000,0.0000,1788739505.099
31.622,3.6938,4.9543,-3.2316,0.1000,0.0000,1788739505.119
31.642,3.6918,4.9545,-3.2316,0.1000,0.0000,1788739505.139
31.662,3.6898,4.9547,-3.2316,0.1000,0.0000,1788739505.159
31.682,3.6879,4.9548,-3.2316,0.1000,0.0000,1788739505.179
31.702,3.6859,4.9550,-3.2316,0.1000,0.0000,1788739505.199
31.722,3.6839,4.9552,-3.2316,0.1000,0.0000,1788739505.219
31.743,3.6819,4.9554,-3.2305,0.1000,0.0526,1788739505.239
31.762,3.6799,4.9555,-3.2295,0.1000,0.0526,1788739505.259
31.783,3.6779,4.9557,-3.2284,0.1000,0.0526,1788739505.279
31.802,3.6759,4.9559,-3.2274,0.1000,0.0526,1788739505.299
31.822,3.6739,4.9561,-3.2263,0.1000,0.0526,1788739505.319
31.842,3.6719,4.9562,-3.2263,0.1000,0.0000,1788739505.339
31.862,3.6699,4.9564,-3.2263,0.1000,0.0000,1788739505.359
31.882,3.6679,4.9566,-3.2263,0.1000,0.0000,1788739505.379
31.902,3.6659,4.9567,-3.2263,0.1000,0.0000,1788739505.399
31.922,3.6639,4.9569,-3.2263,0.1000,0.0000,1788739505.419
31.942,3.6620,4.9571,-3.2263,0.1000,0.0000,1788739505.439
31.962,3.6600,4.9572,-3.2263,0.1000,0.0000,1788739505.459
31.983,3.6580,4.9574,-3.2263,0.1000,0.0000,1788739505.479
32.002,3.6560,4.9576,-3.2263,0.1000,0.0000,1788739505.499
32.023,3.6540,4.9578,-3.2263,0.1000,0.0000,1788739505.519
32.042,3.6520,4.9579,-3.2253,0.1000,0.0526,1788739505.539
32.062,3.6500,4.9581,-3.2242,0.1000,0.0526,1788739505.559
32.082,3.6480,4.9582,-3.2232,0.1000,0.0526,1788739505.579
32.102,3.6460,4.9584,-3.2221,0.1000,0.0526,1788739505.599
32.122,3.6440,4.9586,-3.2211,0.1000,0.0526,1788739505.619
32.142,3.6420,4.9587,-3.2211,0.1000,0.0000,1788739505.639
32.162,3.6400,4.9589,-3.2211,0.1000,0.0000,1788739505.659
32.182,3.6380,4.9590,-3.2211,0.1000,0.0000,1788739505.679
32.203,3.6360,4.9592,-3.2211,0.1000,0.0000,1788739505.699
32.222,3.6340,4.9594,-3.2211,0.1000,0.0000,1788739505.719
32.242,3.6321,4.9595,-3.2211,0.1000,0.0000,1788739505.739
32.262,3.6301,4.9597,-3.2211,0.1000,0.0000,1788739505.759
32.282,3.6281,4.9598,-3.2211,0.1000,0.0000,1788739505.779
32.302,3.6261,4.9600,-3.2211,0.1000,0.0000,1788739505.799
32.322,3.6241,4.9602,-3.2211,0.1000,0.0000,1788739505.819
32.342,3.6221,4.9603,-3.2211,0.1000,0.0000,1788739505.839
32.362,3.6201,4.9605,-3.2211,0.1000,0.0000,1788739505.859
32.382,3.6181,4.9606,-3.2211,0.1000,0.0000,1788739505.879
32.402,3.6161,4.9608,-3.2211,0.1000,0.0000,1788739505.899
32.422,3.6141,4.9609,-3.2211,0.1000,0.0000,1788739505.919
32.442,3.6121,4.9611,-3.2200,0.1000,0.0526,1788739505.939
32.462,3.6101,4.9613,-3.2189,0.1000,0.0526,1788739505.959
32.482,3.6081,4.9614,-3.2179,0.1000,0.0526,1788739505.979
32.502,3.6061,4.9616,-3.2168,0.1000,0.0526,1788739505.999
32.522,3.6041,4.9617,-3.2158,0.1000,0.0526,1788739506.019
32.542,3.6021,4.9619,-3.2158,0.1000,0.0000,1788739506.039
32.562,3.6001,4.9620,-3.2158,0.1000,0.0000,1788739506.059
32.582,3.5982,4.9622,-3.2158,0.1000,0.0000,1788739506.079
32.602,3.5962,4.9623,-3.2158,0.1000,0.0000,1788739506.099
32.622,3.5942,4.9625,-3.2158,0.1000,0.0000,1788739506.119
32.642,3.5922,4.9626,-3.2158,0.1000,0.0000,1788739506.139
32.663,3.5902,4.9627,-3.2158,0.1000,0.0000,1788739506.159
32.683,3.5882,4.9629,-3.2158,0.1000,0.0000,1788739506.179
32.703,3.5862,4.9630,-3.2158,0.1000,0.0000,1788739506.199
32.722,3.5842,4.9632,-3.2158,0.1000,0.0000,1788739506.219
32.742,3.5822,4.9633,-3.2147,0.1000,0.0526,1788739506.239
32.762,3.5802,4.9635,-3.2137,0.1000,0.0526,1788739506.259
32.782,3.5782,4.9636,-3.2126,0.1000,0.0526,1788739506.279
32.802,3.5762,4.9638,-3.2116,0.1000,0.0526,1788739506.299
32.822,3.5742,4.9639,-3.2105,0.1000,0.0526,1788739506.319
32.842,3.5722,4.9640,-3.2105,0.1000,0.0000,1788739506.339
32.862,3.5702,4.9642,-3.2105,0.1000,0.0000,1788739506.359
32.883,3.5682,4.9643,-3.2105,0.1000,0.0000,1788739506.379
32.902,3.5662,4.9645,-3.2105,0.1000,0.0000,1788739506.399
32.922,3.5642,4.9646,-3.2105,0.1000,0.0000,1788739506.419
32.942,3.5622,4.9647,-3.2105,0.1000,0.0000,1788739506.439
32.962,3.5602,4.9649,-3.2105,0.1000,0.0000,1788739506.459
32.982,3.5583,4.9650,-3.2105,0.1000,0.0000,1788739506.479
33.002,3.5563,4.9651,-3.2105,0.1000,0.0000,1788739506.499
33.022,3.5543,4.9653,-3.2105,0.1000,0.0000,1788739506.519
33.042,3.5523,4.9654,-3.2105,0.1000,0.0000,1788739506.539
33.062,3.5503,4.9656,-3.2105,0.1000,0.0000,1788739506.559
33.082,3.5483,4.9657,-3.2105,0.1000,0.0000,1788739506.579
33.102,3.5463,4.9658,-3.2105,0.1000,0.0000,1788739506.599
33.123,3.5443,4.9660,-3.2105,0.1000,0.0000,1788739506.619
33.143,3.5423,4.9661,-3.2095,0.1000,0.0526,1788739506.639
33.162,3.5403,4.9662,-3.2084,0.1000,0.0526,1788739506.659
33.182,3.5383,4.9664,-3.2074,0.1000,0.0526,1788739506.679
33.202,3.5363,4.9665,-3.2063,0.1000,0.0526,1788739506.699
33.222,3.5343,4.9666,-3.2053,0.1000,0.0526,1788739506.719
33.242,3.5323,4.9668,-3.2053,0.1000,0.0000,1788739506.739
33.262,3.5303,4.9669,-3.2053,0.1000,0.0000,1788739506.759
33.282,3.5283,4.9670,-3.2053,0.1000,0.0000,1788739506.779
33.302,3.5263,4.9671,-3.2053,0.1000,0.0000,1788739506.799
33.322,3.5243,4.9673,-3.2053,0.1000,0.0000,1788739506.819
33.342,3.5223,4.9674,-3.2053,0.1000,0.0000,1788739506.839
33.362,3.5203,4.9675,-3.2053,0.1000,0.0000,1788739506.859
33.382,3.5183,4.9676,-3.2053,0.1000,0.0000,1788739506.879
33.402,3.5163,4.9678,-3.2053,0.1000,0.0000,1788739506.899
33.422,3.5143,4.9679,-3.2053,0.1000,0.0000,1788739506.919
33.442,3.5124,4.9680,-3.2053,0.1000,0.0000,1788739506.939
33.462,3.5104,4.9682,-3.2053,0.1000,0.0000,1788739506.959
33.482,3.5084,4.9683,-3.2053,0.1000,0.0000,1788739506.979
33.502,3.5064,4.9684,-3.2053,0.1000,0.0000,1788739506.999
33.522,3.5044,4.9685,-3.2053,0.1000,0.0000,1788739507.019
33.542,3.5024,4.9687,-3.2042,0.1000,0.0526,1788739507.039
33.562,3.5004,4.9688,-3.2032,0.1000,0.0526,1788739507.059
33.582,3.4984,4.9689,-3.2021,0.1000,0.0526,1788739507.079
33.602,3.4964,4.9690,-3.2011,0.1000,0.0526,1788739507.099
33.622,3.4944,4.9691,-3.2000,0.1000,0.0526,1788739507.119
33.642,3.4924,4.9693,-3.2000,0.1000,0.0000,1788739507.139
33.662,3.4904,4.9694,-3.2000,0.1000,0.0000,1788739507.159
33.682,3.4884,4.9695,-3.2000,0.1000,0.0000,1788739507.179
33.702,3.4864,4.9696,-3.2000,0.1000,0.0000,1788739507.199
33.722,3.4844,4.9697,-3.2000,0.1000,0.0000,1788739507.219
33.742,3.4824,4.9698,-3.2000,0.1000,0.0000,1788739507.239
33.762,3.4804,4.9700,-3.2000,0.1000,0.0000,1788739507.259
33.782,3.4784,4.9701,-3.2000,0.1000,0.0000,1788739507.279
33.802,3.4764,4.9702,-3.2000,0.1000,0.0000,1788739507.299
33.822,3.4744,4.9703,-3.2000,0.1000,0.0000,1788739507.319
33.842,3.4724,4.9704,-3.2000,0.1000,0.0000,1788739507.339
33.862,3.4704,4.9705,-3.2000,0.1000,0.0000,1788739507.359
33.882,3.4684,4.9707,-3.2000,0.1000,0.0000,1788739507.379
33.902,3.4664,4.9708,-3.2000,0.1000,0.0000,1788739507.399
33.922,3.4644,4.9709,-3.2000,0.1000,0.0000,1788739507.419
33.943,3.4624,4.9710,-3.1989,0.1000,0.0526,1788739507.439
33.962,3.4604,4.9711,-3.1979,0.1000,0.0526,1788739507.459
33.982,3.4584,4.9712,-3.1968,0.1000,0.0526,1788739507.479
34.002,3.4565,4.9713,-3.1958,0.1000,0.0526,1788739507.499
34.022,3.4545,4.9714,-3.1947,0.1000,0.0526,1788739507.519
34.042,3.4525,4.9715,-3.1947,0.1000,0.0000,1788739507.539
34.062,3.4505,4.9717,-3.1947,0.1000,0.0000,1788739507.559
34.083,3.4485,4.9718,-3.1947,0.1000,0.0000,1788739507.579
34.102,3.4465,4.9719,-3.1947,0.1000,0.0000,1788739507.599
34.122,3.4445,4.9720,-3.1947,0.1000,0.0000,1788739507.619
34.142,3.4425,4.9721,-3.1947,0.1000,0.0000,1788739507.639
34.162,3.4405,4.9722,-3.1947,0.1000,0.0000,1788739507.659
34.183,3.4385,4.9723,-3.1947,0.1000,0.0000,1788739507.679
34.202,3.4365,4.9724,-3.1947,0.1000,0.0000,1788739507.699
34.222,3.4345,4.9725,-3.1947,0.1000,0.0000,1788739507.719
34.243,3.4325,4.9726,-3.1947,0.1000,0.0000,1788739507.739
34.262,3.4305,4.9727,-3.1947,0.1000,0.0000,1788739507.759
34.282,3.4285,4.9728,-3.1947,0.1000,0.0000,1788739507.779
34.303,3.4265,4.9729,-3.1947,0.1000,0.0000,1788739507.799
34.322,3.4245,4.9730,-3.1947,0.1000,0.0000,1788739507.819
34.343,3.4225,4.9731,-3.1947,0.1000,0.0000,1788739507.839
34.362,3.4205,4.9732,-3.1947,0.1000,0.0000,1788739507.859
34.382,3.4185,4.9734,-3.1947,0.1000,0.0000,1788739507.879
34.402,3.4165,4.9735,-3.1947,0.1000,0.0000,1788739507.899
34.422,3.4145,4.9736,-3.1947,0.1000,0.0000,1788739507.919
34.442,3.4125,4.9737,-3.1937,0.1000,0.0526,1788739507.939
34.462,3.4105,4.9738,-3.1926,0.1000,0.0526,1788739507.959
34.482,3.4085,4.9739,-3.1916,0.1000,0.0526,1788739507.979
34.502,3.4065,4.9740,-3.1905,0.1000,0.0526,1788739507.999
34.522,3.4045,4.9741,-3.1895,0.1000,0.0526,1788739508.019
34.542,3.4025,4.9742,-3.1895,0.1000,0.0000,1788739508.039
34.562,3.4005,4.9743,-3.1895,0.1000,0.0000,1788739508.059
34.582,3.3985,4.9744,-3.1895,0.1000,0.0000,1788739508.079
34.602,3.3965,4.9745,-3.1895,0.1000,0.0000,1788739508.099
34.623,3.3945,4.9745,-3.1895,0.1000,0.0000,1788739508.119
34.642,3.3925,4.9746,-3.1895,0.1000,0.0000,1788739508.139
34.662,3.3905,4.9747,-3.1895,0.1000,0.0000,1788739508.159
34.682,3.3885,4.9748,-3.1895,0.1000,0.0000,1788739508.179
34.702,3.3865,4.9749,-3.1895,0.1000,0.0000,1788739508.199
34.722,3.3845,4.9750,-3.1895,0.1000,0.0000,1788739508.219
34.742,3.3825,4.9751,-3.1895,0.1000,0.0000,1788739508.239
34.762,3.3806,4.9752,-3.1895,0.1000,0.0000,1788739508.259
34.782,3.3786,4.9753,-3.1895,0.1000,0.0000,1788739508.279
34.802,3.3766,4.9754,-3.1895,0.1000,0.0000,1788739508.299
34.822,3.3746,4.9755,-3.1895,0.1000,0.0000,1788739508.319
34.842,3.3726,4.9756,-3.1895,0.1000,0.0000,1788739508.339
34.862,3.3706,4.9757,-3.1895,0.1000,0.0000,1788739508.359
34.882,3.3686,4.9758,-3.1895,0.1000,0.0000,1788739508.379
34.902,3.3666,4.9759,-3.1895,0.1000,0.0000,1788739508.399
34.922,3.3646,4.9760,-3.1895,0.1000,0.0000,1788739508.419
34.943,3.3626,4.9761,-3.1895,0.1000,0.0000,1788739508.439
34.962,3.3606,4.9762,-3.1895,0.1000,0.0000,1788739508.459
34.983,3.3586,4.9763,-3.1895,0.1000,0.0000,1788739508.479
35.003,3.3566,4.9764,-3.1895,0.1000,0.0000,1788739508.499
35.023,3.3546,4.9765,-3.1895,0.1000,0.0000,1788739508.519
35.042,3.3526,4.9766,-3.1884,0.1000,0.0526,1788739508.539
35.062,3.3506,4.9766,-3.1874,0.1000,0.0526,1788739508.559
35.082,3.3486,4.9767,-3.1863,0.1000,0.0526,1788739508.579
35.102,3.3466,4.9768,-3.1853,0.1000,0.0526,1788739508.599
35.122,3.3446,4.9769,-3.1842,0.1000,0.0526,1788739508.619
35.142,3.3426,4.9770,-3.1842,0.1000,0.0000,1788739508.639
35.162,3.3406,4.9771,-3.1842,0.1000,0.0000,1788739508.659
35.182,3.3386,4.9772,-3.1842,0.1000,0.0000,1788739508.679
35.202,3.3366,4.9772,-3.1842,0.1000,0.0000,1788739508.699
35.222,3.3346,4.9773,-3.1842,0.1000,0.0000,1788739508.719
35.243,3.3326,4.9774,-3.1842,0.1000,0.0000,1788739508.739
35.262,3.3306,4.9775,-3.1842,0.1000,0.0000,1788739508.759
35.282,3.3286,4.9776,-3.1842,0.1000,0.0000,1788739508.779
35.302,3.3266,4.9777,-3.1842,0.1000,0.0000,1788739508.799
35.322,3.3246,4.9778,-3.1842,0.1000,0.0000,1788739508.819
35.342,3.3226,4.9778,-3.1842,0.1000,0.0000,1788739508.839
35.362,3.3206,4.9779,-3.1842,0.1000,0.0000,1788739508.859
35.382,3.3186,4.9780,-3.1842,0.1000,0.0000,1788739508.879
35.402,3.3166,4.9781,-3.1842,0.1000,0.0000,1788739508.899
35.422,3.3146,4.9782,-3.1842,0.1000,0.0000,1788739508.919
35.442,3.3126,4.9783,-3.1842,0.1000,0.0000,1788739508.939
35.462,3.3106,4.9784,-3.1842,0.1000,0.0000,1788739508.959
35.482,3.3086,4.9784,-3.1842,0.1000,0.0000,1788739508.979
35.502,3.3066,4.9785,-3.1842,0.1000,0.0000,1788739508.999
35.522,3.3046,4.9786,-3.1842,0.1000,0.0000,1788739509.019
35.542,3.3026,4.9787,-3.1842,0.1000,0.0000,1788739509.039
35.562,3.3006,4.9788,-3.1842,0.1000,0.0000,1788739509.059
35.582,3.2986,4.9789,-3.1842,0.1000,0.0000,1788739509.079
35.602,3.2966,4.9790,-3.1842,0.1000,0.0000,1788739509.099
35.622,3.2946,4.9790,-3.1842,0.1000,0.0000,1788739509.119
35.642,3.2926,4.9791,-3.1832,0.1000,0.0526,1788739509.139
35.662,3.2906,4.9792,-3.1821,0.1000,0.0526,1788739509.159
35.682,3.2886,4.9793,-3.1811,0.1000,0.0526,1788739509.179
35.702,3.2866,4.9794,-3.1800,0.1000,0.0526,1788739509.199
35.722,3.2846,4.9794,-3.1789,0.1000,0.0526,1788739509.219
35.742,3.2826,4.9795,-3.1789,0.1000,0.0000,1788739509.239
35.762,3.2806,4.9796,-3.1789,0.1000,0.0000,1788739509.259
35.782,3.2786,4.9797,-3.1789,0.1000,0.0000,1788739509.279
35.802,3.2766,4.9797,-3.1789,0.1000,0.0000,1788739509.299
35.822,3.2747,4.9798,-3.1789,0.1000,0.0000,1788739509.319
35.842,3.2727,4.9799,-3.1789,0.1000,0.0000,1788739509.339
35.862,3.2707,4.9800,-3.1789,0.1000,0.0000,1788739509.359
35.882,3.2687,4.9800,-3.1789,0.1000,0.0000,1788739509.379
35.902,3.2667,4.9801,-3.1789,0.1000,0.0000,1788739509.399
35.922,3.2647,4.9802,-3.1789,0.1000,0.0000,1788739509.419
35.942,3.2627,4.9803,-3.1789,0.1000,0.0000,1788739509.439
35.962,3.2607,4.9803,-3.1789,0.1000,0.0000,1788739509.459
35.982,3.2587,4.9804,-3.1789,0.1000,0.0000,1788739509.479
36.002,3.2567,4.9805,-3.1789,0.1000,0.0000,1788739509.499
36.022,3.2547,4.9806,-3.1789,0.1000,0.0000,1788739509.519
36.042,3.2527,4.9806,-3.1789,0.1000,0.0000,1788739509.539
36.062,3.2507,4.9807,-3.1789,0.1000,0.0000,1788739509.559
36.082,3.2487,4.9808,-3.1789,0.1000,0.0000,1788739509.579
36.102,3.2467,4.9809,-3.1789,0.1000,0.0000,1788739509.599
36.122,3.2447,4.9809,-3.1789,0.1000,0.0000,1788739509.619
36.142,3.2427,4.9810,-3.1789,0.1000,0.0000,1788739509.639
36.162,3.2407,4.9811,-3.1789,0.1000,0.0000,1788739509.659
36.182,3.2387,4.9812,-3.1789,0.1000,0.0000,1788739509.679
36.202,3.2367,4.9812,-3.1789,0.1000,0.0000,1788739509.699
36.222,3.2347,4.9813,-3.1789,0.1000,0.0000,1788739509.719
36.242,3.2327,4.9814,-3.1789,0.1000,0.0000,1788739509.739
36.262,3.2307,4.9814,-3.1789,0.1000,0.0000,1788739509.759
36.283,3.2287,4.9815,-3.1789,0.1000,0.0000,1788739509.779
36.302,3.2267,4.9816,-3.1789,0.1000,0.0000,1788739509.799
36.322,3.2247,4.9817,-3.1789,0.1000,0.0000,1788739509.819
36.342,3.2227,4.9817,-3.1779,0.1000,0.0526,1788739509.839
36.362,3.2207,4.9818,-3.1768,0.1000,0.0526,1788739509.859
36.382,3.2187,4.9819,-3.1758,0.1000,0.0526,1788739509.879
36.402,3.2167,4.9820,-3.1747,0.1000,0.0526,1788739509.899
36.422,3.2147,4.9820,-3.1737,0.1000,0.0526,1788739509.919
36.442,3.2127,4.9821,-3.1737,0.1000,0.0000,1788739509.939
36.462,3.2107,4.9821,-3.1737,0.1000,0.0000,1788739509.959
36.482,3.2087,4.9822,-3.1737,0.1000,0.0000,1788739509.979
36.502,3.2067,4.9823,-3.1737,0.1000,0.0000,1788739509.999
36.522,3.2047,4.9823,-3.1737,0.1000,0.0000,1788739510.019
36.542,3.2027,4.9824,-3.1737,0.1000,0.0000,1788739510.039
36.562,3.2007,4.9825,-3.1737,0.1000,0.0000,1788739510.059
36.583,3.1987,4.9825,-3.1737,0.1000,0.0000,1788739510.079
36.602,3.1967,4.9826,-3.1737,0.1000,0.0000,1788739510.099
36.622,3.1947,4.9827,-3.1737,0.1000,0.0000,1788739510.119
36.642,3.1927,4.9827,-3.1737,0.1000,0.0000,1788739510.139
36.662,3.1907,4.9828,-3.1737,0.1000,0.0000,1788739510.159
36.682,3.1887,4.9828,-3.1737,0.1000,0.0000,1788739510.179
36.702,3.1867,4.9829,-3.1737,0.1000,0.0000,1788739510.199
36.723,3.1847,4.9830,-3.1737,0.1000,0.0000,1788739510.219
36.743,3.1827,4.9830,-3.1737,0.1000,0.0000,1788739510.239
36.762,3.1807,4.9831,-3.1737,0.1000,0.0000,1788739510.259
36.782,3.1787,4.9832,-3.1737,0.1000,0.0000,1788739510.279
36.802,3.1767,4.9832,-3.1737,0.1000,0.0000,1788739510.299
36.822,3.1747,4.9833,-3.1737,0.1000,0.0000,1788739510.319
36.842,3.1727,4.9834,-3.1737,0.1000,0.0000,1788739510.339
36.862,3.1707,4.9834,-3.1737,0.1000,0.0000,1788739510.359
36.883,3.1687,4.9835,-3.1737,0.1000,0.0000,1788739510.379
36.902,3.1667,4.9836,-3.1737,0.1000,0.0000,1788739510.399
36.922,3.1647,4.9836,-3.1737,0.1000,0.0000,1788739510.419
36.942,3.1627,4.9837,-3.1737,0.1000,0.0000,1788739510.439
36.962,3.1607,4.9837,-3.1737,0.1000,0.0000,1788739510.459
36.982,3.1587,4.9838,-3.1737,0.1000,0.0000,1788739510.479
37.002,3.1567,4.9839,-3.1737,0.1000,0.0000,1788739510.499
37.022,3.1547,4.9839,-3.1737,0.1000,0.0000,1788739510.519
37.042,3.1527,4.9840,-3.1737,0.1000,0.0000,1788739510.539
37.062,3.1507,4.9841,-3.1737,0.1000,0.0000,1788739510.559
37.082,3.1487,4.9841,-3.1737,0.1000,0.0000,1788739510.579
37.102,3.1467,4.9842,-3.1737,0.1000,0.0000,1788739510.599
37.122,3.1447,4.9843,-3.1737,0.1000,0.0000,1788739510.619
37.142,3.1427,4.9843,-3.1726,0.1000,0.0526,1788739510.639
37.162,3.1407,4.9844,-3.1716,0.1000,0.0526,1788739510.659
37.182,3.1387,4.9844,-3.1705,0.1000,0.0526,1788739510.679
37.202,3.1367,4.9845,-3.1695,0.1000,0.0526,1788739510.699
37.222,3.1347,4.9846,-3.1684,0.1000,0.0526,1788739510.719
37.243,3.1327,4.9846,-3.1684,0.1000,0.0000,1788739510.739
37.263,3.1307,4.9847,-3.1684,0.1000,0.0000,1788739510.759
37.282,3.1287,4.9847,-3.1684,0.1000,0.0000,1788739510.779
37.302,3.1267,4.9848,-3.1684,0.1000,0.0000,1788739510.799
37.322,3.1247,4.9848,-3.1684,0.1000,0.0000,1788739510.819
37.342,3.1227,4.9849,-3.1684,0.1000,0.0000,1788739510.839
37.362,3.1207,4.9849,-3.1684,0.1000,0.0000,1788739510.859
37.382,3.1187,4.9850,-3.1684,0.1000,0.0000,1788739510.879
37.402,3.1167,4.9850,-3.1684,0.1000,0.0000,1788739510.899
37.422,3.1147,4.9851,-3.1684,0.1000,0.0000,1788739510.919
37.442,3.1127,4.9851,-3.1684,0.1000,0.0000,1788739510.939
37.462,3.1107,4.9852,-3.1684,0.1000,0.0000,1788739510.959
37.482,3.1087,4.9852,-3.1684,0.1000,0.0000,1788739510.979
37.502,3.1067,4.9853,-3.1684,0.1000,0.0000,1788739510.999
37.522,3.1047,4.9854,-3.1684,0.1000,0.0000,1788739511.019
37.542,3.1027,4.9854,-3.1684,0.1000,0.0000,1788739511.039
37.562,3.1007,4.9855,-3.1684,0.1000,0.0000,1788739511.059
37.582,3.0987,4.9855,-3.1684,0.1000,0.0000,1788739511.079
37.602,3.0967,4.9856,-3.1684,0.1000,0.0000,1788739511.099
37.622,3.0947,4.9856,-3.1684,0.1000,0.0000,1788739511.119
37.642,3.0927,4.9857,-3.1684,0.1000,0.0000,1788739511.139
37.662,3.0907,4.9857,-3.1684,0.1000,0.0000,1788739511.159
37.682,3.0887,4.9858,-3.1684,0.1000,0.0000,1788739511.179
37.702,3.0867,4.9858,-3.1684,0.1000,0.0000,1788739511.199
37.722,3.0848,4.9859,-3.1684,0.1000,0.0000,1788739511.219
37.742,3.0828,4.9859,-3.1684,0.1000,0.0000,1788739511.239
37.762,3.0808,4.9860,-3.1684,0.1000,0.0000,1788739511.259
37.782,3.0788,4.9861,-3.1684,0.1000,0.0000,1788739511.279
37.802,3.0768,4.9861,-3.1684,0.1000,0.0000,1788739511.299
37.822,3.0748,4.9862,-3.1684,0.1000,0.0000,1788739511.319
37.842,3.0728,4.9862,-3.1684,0.1000,0.0000,1788739511.339
37.862,3.0708,4.9863,-3.1684,0.1000,0.0000,1788739511.359
37.882,3.0688,4.9863,-3.1684,0.1000,0.0000,1788739511.379
37.902,3.0668,4.9864,-3.1684,0.1000,0.0000,1788739511.399
37.923,3.0648,4.9864,-3.1684,0.1000,0.0000,1788739511.419
37.942,3.0628,4.9865,-3.1684,0.1000,0.0000,1788739511.439
37.962,3.0608,4.9865,-3.1684,0.1000,0.0000,1788739511.459
37.982,3.0588,4.9866,-3.1684,0.1000,0.0000,1788739511.479
38.002,3.0568,4.9866,-3.1684,0.1000,0.0000,1788739511.499
38.022,3.0548,4.9867,-3.1684,0.1000,0.0000,1788739511.519
38.042,3.0528,4.9867,-3.1674,0.1000,0.0526,1788739511.539
38.062,3.0508,4.9868,-3.1663,0.1000,0.0526,1788739511.559
38.082,3.0488,4.9868,-3.1653,0.1000,0.0526,1788739511.579
38.102,3.0468,4.9869,-3.1642,0.1000,0.0526,1788739511.599
38.122,3.0448,4.9869,-3.1632,0.1000,0.0526,1788739511.619
38.142,3.0428,4.9870,-3.1632,0.1000,0.0000,1788739511.639
38.162,3.0408,4.9870,-3.1632,0.1000,0.0000,1788739511.659
38.182,3.0388,4.9871,-3.1632,0.1000,0.0000,1788739511.679
38.202,3.0368,4.9871,-3.1632,0.1000,0.0000,1788739511.699
38.222,3.0348,4.9871,-3.1632,0.1000,0.0000,1788739511.719
38.242,3.0328,4.9872,-3.1632,0.1000,0.0000,1788739511.739
38.262,3.0308,4.9872,-3.1632,0.1000,0.0000,1788739511.759
38.283,3.0288,4.9873,-3.1632,0.1000,0.0000,1788739511.779
38.302,3.0268,4.9873,-3.1632,0.1000,0.0000,1788739511.799
38.322,3.0248,4.9874,-3.1632,0.1000,0.0000,1788739511.819
38.342,3.0228,4.9874,-3.1632,0.1000,0.0000,1788739511.839
38.362,3.0208,4.9875,-3.1632,0.1000,0.0000,1788739511.859
38.383,3.0188,4.9875,-3.1632,0.1000,0.0000,1788739511.879
38.402,3.0168,4.9875,-3.1632,0.1000,0.0000,1788739511.899
38.423,3.0148,4.9876,-3.1632,0.1000,0.0000,1788739511.919
38.443,3.0128,4.9876,-3.1632,0.1000,0.0000,1788739511.939
38.462,3.0108,4.9877,-3.1632,0.1000,0.0000,1788739511.959
38.483,3.0088,4.9877,-3.1632,0.1000,0.0000,1788739511.979
38.502,3.0068,4.9878,-3.1632,0.1000,0.0000,1788739511.999
38.522,3.0048,4.9878,-3.1632,0.1000,0.0000,1788739512.019
38.542,3.0028,4.9878,-3.1632,0.1000,0.0000,1788739512.039
38.562,3.0008,4.9879,-3.1632,0.1000,0.0000,1788739512.059
38.582,2.9988,4.9879,-3.1632,0.1000,0.0000,1788739512.079
38.602,2.9968,4.9880,-3.1632,0.1000,0.0000,1788739512.099
38.622,2.9948,4.9880,-3.1632,0.1000,0.0000,1788739512.119
38.642,2.9928,4.9880,-3.1432,0.1000,1.0000,1788739512.139
38.662,2.9908,4.9880,-3.1232,0.1000,1.0000,1788739512.159
38.682,2.9888,4.9879,-3.1032,0.1000,1.0000,1788739512.179
38.702,2.9868,4.9878,-3.0832,0.1000,1.0000,1788739512.199
38.722,2.9848,4.9876,-3.0632,0.1000,1.0000,1788739512.219
38.742,2.9828,4.9874,-3.0432,0.1000,1.0000,1788739512.239
38.762,2.9808,4.9872,-3.0232,0.1000,1.0000,1788739512.259
38.782,2.9788,4.9869,-3.0032,0.1000,1.0000,1788739512.279
38.802,2.9769,4.9866,-2.9832,0.1000,1.0000,1788739512.299
38.822,2.9749,4.9862,-2.9632,0.1000,1.0000,1788739512.319
38.842,2.9729,4.9859,-2.9432,0.1000,1.0000,1788739512.339
38.862,2.9710,4.9854,-2.9232,0.1000,1.0000,1788739512.359
38.882,2.9690,4.9849,-2.9032,0.1000,1.0000,1788739512.379
38.902,2.9671,4.9844,-2.8832,0.1000,1.0000,1788739512.399
38.922,2.9652,4.9839,-2.8632,0.1000,1.0000,1788739512.419
38.942,2.9633,4.9833,-2.8432,0.1000,1.0000,1788739512.439
38.962,2.9614,4.9827,-2.8232,0.1000,1.0000,1788739512.459
38.983,2.9595,4.9820,-2.8032,0.1000,1.0000,1788739512.479
39.002,2.9576,4.9813,-2.7832,0.1000,1.0000,1788739512.499
39.022,2.9557,4.9806,-2.7632,0.1000,1.0000,1788739512.519
39.042,2.9539,4.9798,-2.7432,0.1000,1.0000,1788739512.539
39.063,2.9521,4.9790,-2.7232,0.1000,1.0000,1788739512.559
39.082,2.9503,4.9781,-2.7032,0.1000,1.0000,1788739512.579
39.103,2.9485,4.9772,-2.6832,0.1000,1.0000,1788739512.599
39.122,2.9467,4.9763,-2.6632,0.1000,1.0000,1788739512.619
39.142,2.9449,4.9754,-2.6432,0.1000,1.0000,1788739512.639
39.162,2.9432,4.9744,-2.6232,0.1000,1.0000,1788739512.659
39.182,2.9415,4.9734,-2.6032,0.1000,1.0000,1788739512.679
39.202,2.9398,4.9723,-2.5832,0.1000,1.0000,1788739512.699
39.223,2.9381,4.9712,-2.5632,0.1000,1.0000,1788739512.719
39.242,2.9365,4.9701,-2.5432,0.1000,1.0000,1788739512.739
39.262,2.9348,4.9689,-2.5232,0.1000,1.0000,1788739512.759
39.282,2.9332,4.9677,-2.5032,0.1000,1.0000,1788739512.779
39.302,2.9316,4.9665,-2.4832,0.1000,1.0000,1788739512.799
39.322,2.9301,4.9652,-2.4632,0.1000,1.0000,1788739512.819
39.342,2.9286,4.9640,-2.4432,0.1000,1.0000,1788739512.839
39.362,2.9270,4.9626,-2.4232,0.1000,1.0000,1788739512.859
39.382,2.9256,4.9613,-2.4032,0.1000,1.0000,1788739512.879
39.402,2.9241,4.9599,-2.3832,0.1000,1.0000,1788739512.899
39.422,2.9227,4.9585,-2.3632,0.1000,1.0000,1788739512.919
39.442,2.9213,4.9571,-2.3432,0.1000,1.0000,1788739512.939
39.462,2.9199,4.9556,-2.3232,0.1000,1.0000,1788739512.959
39.482,2.9186,4.9541,-2.3032,0.1000,1.0000,1788739512.979
39.502,2.9173,4.9526,-2.2832,0.1000,1.0000,1788739512.999
39.522,2.9160,4.9511,-2.2632,0.1000,1.0000,1788739513.019
39.542,2.9148,4.9495,-2.2432,0.1000,1.0000,1788739513.039
39.562,2.9135,4.9479,-2.2232,0.1000,1.0000,1788739513.059
39.582,2.9124,4.9463,-2.2032,0.1000,1.0000,1788739513.079
39.602,2.9112,4.9447,-2.1832,0.1000,1.0000,1788739513.099
39.622,2.9101,4.9430,-2.1632,0.1000,1.0000,1788739513.119
39.642,2.9090,4.9413,-2.1432,0.1000,1.0000,1788739513.139
39.662,2.9080,4.9396,-2.1232,0.1000,1.0000,1788739513.159
39.682,2.9070,4.9379,-2.1032,0.1000,1.0000,1788739513.179
39.702,2.9060,4.9362,-2.0832,0.1000,1.0000,1788739513.199
39.722,2.9050,4.9344,-2.0632,0.1000,1.0000,1788739513.219
39.742,2.9041,4.9326,-2.0432,0.1000,1.0000,1788739513.239
39.762,2.9032,4.9308,-2.0232,0.1000,1.0000,1788739513.259
39.782,2.9024,4.9290,-2.0032,0.1000,1.0000,1788739513.279
39.802,2.9016,4.9272,-1.9832,0.1000,1.0000,1788739513.299
39.822,2.9008,4.9253,-1.9632,0.1000,1.0000,1788739513.319
39.843,2.9000,4.9232,-1.9432,0.1158,1.0000,1788739513.339
39.862,2.8992,4.9210,-1.9232,0.1158,1.0000,1788739513.359
39.882,2.8984,4.9188,-1.9032,0.1158,1.0000,1788739513.379
39.902,2.8977,4.9166,-1.8832,0.1158,1.0000,1788739513.399
39.922,2.8971,4.9144,-1.8632,0.1158,1.0000,1788739513.419
39.942,2.8965,4.9125,-1.8432,0.1000,1.0000,1788739513.439
39.962,2.8960,4.9105,-1.8232,0.1000,1.0000,1788739513.459
39.982,2.8956,4.9086,-1.8032,0.1000,1.0000,1788739513.479
40.002,2.8951,4.9066,-1.7832,0.1000,1.0000,1788739513.499
40.022,2.8948,4.9047,-1.7632,0.1000,1.0000,1788739513.519
40.042,2.8944,4.9027,-1.7432,0.1000,1.0000,1788739513.539
40.062,2.8941,4.9007,-1.7232,0.1000,1.0000,1788739513.559
40.082,2.8938,4.8987,-1.7032,0.1000,1.0000,1788739513.579
40.102,2.8936,4.8967,-1.6832,0.1000,1.0000,1788739513.599
40.122,2.8934,4.8948,-1.6632,0.1000,1.0000,1788739513.619
40.142,2.8933,4.8921,-1.6432,0.1316,1.0000,1788739513.639
40.162,2.8931,4.8895,-1.6232,0.1316,1.0000,1788739513.659
40.182,2.8930,4.8869,-1.6032,0.1316,1.0000,1788739513.679
40.202,2.8930,4.8842,-1.5832,0.1316,1.0000,1788739513.699
40.223,2.8930,4.8816,-1.5632,0.1316,1.0000,1788739513.719
40.242,2.8931,4.8793,-1.5432,0.1158,1.0000,1788739513.739
40.262,2.8932,4.8770,-1.5232,0.1158,1.0000,1788739513.759
40.282,2.8933,4.8747,-1.5032,0.1158,1.0000,1788739513.779
40.302,2.8935,4.8724,-1.4832,0.1158,1.0000,1788739513.799
40.322,2.8938,4.8701,-1.4632,0.1158,1.0000,1788739513.819
40.342,2.8942,4.8671,-1.4432,0.1474,1.0000,1788739513.839
40.362,2.8946,4.8642,-1.4232,0.1474,1.0000,1788739513.859
40.382,2.8951,4.8613,-1.4032,0.1474,1.0000,1788739513.879
40.402,2.8956,4.8584,-1.3832,0.1474,1.0000,1788739513.899
40.422,2.8963,4.8555,-1.3632,0.1474,1.0000,1788739513.919
40.442,2.8968,4.8530,-1.3432,0.1316,1.0000,1788739513.939
40.462,2.8975,4.8504,-1.3232,0.1316,1.0000,1788739513.959
40.482,2.8982,4.8479,-1.3032,0.1316,1.0000,1788739513.979
40.502,2.8989,4.8454,-1.2832,0.1316,1.0000,1788739513.999
40.522,2.8997,4.8428,-1.2632,0.1316,1.0000,1788739514.019
40.542,2.9022,4.8356,-1.2432,0.3842,1.0000,1788739514.039
40.562,2.9048,4.8283,-1.2232,0.3842,1.0000,1788739514.059
40.582,2.9076,4.8212,-1.2032,0.3842,1.0000,1788739514.079
40.602,2.9105,4.8141,-1.1832,0.3842,1.0000,1788739514.099
40.623,2.9135,4.8070,-1.1632,0.3842,1.0000,1788739514.119
40.642,2.9155,4.8026,-1.1432,0.2421,1.0000,1788739514.139
40.662,2.9176,4.7982,-1.1232,0.2421,1.0000,1788739514.159
40.682,2.9198,4.7939,-1.1032,0.2421,1.0000,1788739514.179
40.702,2.9221,4.7896,-1.0832,0.2421,1.0000,1788739514.199
40.722,2.9244,4.7854,-1.0632,0.2421,1.0000,1788739514.219
40.742,2.9278,4.7796,-1.0432,0.3368,1.0000,1788739514.239
40.762,2.9313,4.7738,-1.0232,0.3368,1.0000,1788739514.259
40.782,2.9350,4.7682,-1.0032,0.3368,1.0000,1788739514.279
40.802,2.9387,4.7625,-0.9832,0.3368,1.0000,1788739514.299
40.822,2.9425,4.7570,-0.9632,0.3368,1.0000,1788739514.319
40.842,2.9472,4.7505,-0.9432,0.4000,1.0000,1788739514.339
40.862,2.9521,4.7442,-0.9232,0.4000,1.0000,1788739514.359
40.882,2.9570,4.7379,-0.9032,0.4000,1.0000,1788739514.379
40.902,2.9621,4.7317,-0.8832,0.4000,1.0000,1788739514.399
40.922,2.9673,4.7256,-0.8632,0.4000,1.0000,1788739514.419
40.942,2.9726,4.7196,-0.8453,0.4000,0.8947,1788739514.439
40.962,2.9780,4.7137,-0.8274,0.4000,0.8947,1788739514.459
40.982,2.9835,4.7080,-0.8095,0.4000,0.8947,1788739514.479
41.002,2.9892,4.7023,-0.7916,0.4000,0.8947,1788739514.499
41.022,2.9949,4.6967,-0.7737,0.4000,0.8947,1788739514.519
41.042,3.0005,4.6914,-0.7558,0.3842,0.8947,1788739514.539
41.062,3.0062,4.6862,-0.7379,0.3842,0.8947,1788739514.559
41.082,3.0119,4.6812,-0.7200,0.3842,0.8947,1788739514.579
41.102,3.0178,4.6762,-0.7021,0.3842,0.8947,1788739514.599
41.122,3.0238,4.6713,-0.6842,0.3842,0.8947,1788739514.619
41.142,3.0300,4.6664,-0.6684,0.4000,0.7895,1788739514.639
41.162,3.0364,4.6615,-0.6526,0.4000,0.7895,1788739514.659
41.182,3.0428,4.6568,-0.6368,0.4000,0.7895,1788739514.679
41.202,3.0493,4.6521,-0.6211,0.4000,0.7895,1788739514.699
41.222,3.0559,4.6476,-0.6053,0.4000,0.7895,1788739514.719
41.242,3.0615,4.6438,-0.5895,0.3368,0.7895,1788739514.739
41.262,3.0672,4.6402,-0.5737,0.3368,0.7895,1788739514.759
41.282,3.0729,4.6366,-0.5579,0.3368,0.7895,1788739514.779
41.302,3.0787,4.6331,-0.5421,0.3368,0.7895,1788739514.799
41.322,3.0845,4.6297,-0.5263,0.3368,0.7895,1788739514.819
41.342,3.0915,4.6258,-0.5126,0.4000,0.6842,1788739514.839
41.362,3.0985,4.6220,-0.4989,0.4000,0.6842,1788739514.859
41.382,3.1056,4.6183,-0.4853,0.4000,0.6842,1788739514.879
41.402,3.1127,4.6146,-0.4716,0.4000,0.6842,1788739514.899
41.422,3.1199,4.6111,-0.4579,0.4000,0.6842,1788739514.919
41.442,3.1268,4.6078,-0.4442,0.3842,0.6842,1788739514.939
41.462,3.1338,4.6046,-0.4305,0.3842,0.6842,1788739514.959
41.482,3.1408,4.6015,-0.4168,0.3842,0.6842,1788739514.979
41.503,3.1479,4.5984,-0.4032,0.3842,0.6842,1788739514.999
41.523,3.1550,4.5955,-0.3895,0.3842,0.6842,1788739515.019
41.542,3.1621,4.5927,-0.3758,0.3842,0.6842,1788739515.039
41.562,3.1693,4.5900,-0.3621,0.3842,0.6842,1788739515.059
41.582,3.1765,4.5874,-0.3484,0.3842,0.6842,1788739515.079
41.602,3.1838,4.5848,-0.3347,0.3842,0.6842,1788739515.099
41.622,3.1911,4.5824,-0.3211,0.3842,0.6842,1788739515.119
41.642,3.1987,4.5800,-0.3095,0.4000,0.5789,1788739515.139
41.663,3.2064,4.5776,-0.2979,0.4000,0.5789,1788739515.159
41.682,3.2140,4.5754,-0.2863,0.4000,0.5789,1788739515.179
41.702,3.2217,4.5732,-0.2747,0.4000,0.5789,1788739515.199
41.722,3.2295,4.5711,-0.2632,0.4000,0.5789,1788739515.219
41.743,3.2360,4.5694,-0.2516,0.3368,0.5789,1788739515.239
41.762,3.2425,4.5678,-0.2400,0.3368,0.5789,1788739515.259
41.782,3.2491,4.5663,-0.2284,0.3368,0.5789,1788739515.279
41.803,3.2557,4.5649,-0.2168,0.3368,0.5789,1788739515.299
41.822,3.2623,4.5635,-0.2053,0.3368,0.5789,1788739515.319
41.842,3.2701,4.5619,-0.1958,0.4000,0.4737,1788739515.339
41.862,3.2780,4.5605,-0.1863,0.4000,0.4737,1788739515.359
41.882,3.2858,4.5590,-0.1768,0.4000,0.4737,1788739515.379
41.902,3.2937,4.5577,-0.1674,0.4000,0.4737,1788739515.399
41.922,3.3016,4.5565,-0.1579,0.4000,0.4737,1788739515.419
41.942,3.3092,4.5553,-0.1484,0.3842,0.4737,1788739515.439
41.962,3.3168,4.5543,-0.1389,0.3842,0.4737,1788739515.459
41.982,3.3245,4.5533,-0.1295,0.3842,0.4737,1788739515.479
42.002,3.3321,4.5523,-0.1200,0.3842,0.4737,1788739515.499
42.022,3.3397,4.5515,-0.1105,0.3842,0.4737,1788739515.519
42.042,3.3477,4.5507,-0.1011,0.4000,0.4737,1788739515.539
42.062,3.3557,4.5500,-0.0916,0.4000,0.4737,1788739515.559
42.082,3.3636,4.5493,-0.0821,0.4000,0.4737,1788739515.579
42.102,3.3716,4.5487,-0.0726,0.4000,0.4737,1788739515.599
42.122,3.3796,4.5482,-0.0632,0.4000,0.4737,1788739515.619
42.142,3.3876,4.5478,-0.0558,0.4000,0.3684,1788739515.639
42.163,3.3956,4.5474,-0.0484,0.4000,0.3684,1788739515.659
42.183,3.4036,4.5471,-0.0411,0.4000,0.3684,1788739515.679
42.203,3.4116,4.5468,-0.0337,0.4000,0.3684,1788739515.699
42.222,3.4196,4.5466,-0.0263,0.4000,0.3684,1788739515.719
42.242,3.4276,4.5464,-0.0189,0.4000,0.3684,1788739515.739
42.262,3.4356,4.5463,-0.0116,0.4000,0.3684,1788739515.759
42.282,3.4436,4.5463,-0.0042,0.4000,0.3684,1788739515.779
42.302,3.4516,4.5463,0.0032,0.4000,0.3684,1788739515.799
42.322,3.4596,4.5464,0.0105,0.4000,0.3684,1788739515.819
42.343,3.4676,4.5465,0.0179,0.4000,0.3684,1788739515.839
42.362,3.4756,4.5468,0.0253,0.4000,0.3684,1788739515.859
42.382,3.4835,4.5470,0.0326,0.4000,0.3684,1788739515.879
42.402,3.4915,4.5473,0.0400,0.4000,0.3684,1788739515.899
42.422,3.4995,4.5477,0.0474,0.4000,0.3684,1788739515.919
42.442,3.5075,4.5481,0.0526,0.4000,0.2632,1788739515.939
42.462,3.5155,4.5486,0.0579,0.4000,0.2632,1788739515.959
42.482,3.5235,4.5491,0.0632,0.4000,0.2632,1788739515.979
42.502,3.5315,4.5496,0.0684,0.4000,0.2632,1788739515.999
42.522,3.5395,4.5502,0.0737,0.4000,0.2632,1788739516.019
42.543,3.5474,4.5509,0.0789,0.4000,0.2632,1788739516.039
42.563,3.5554,4.5515,0.0842,0.4000,0.2632,1788739516.059
42.582,3.5634,4.5523,0.0895,0.4000,0.2632,1788739516.079
42.602,3.5713,4.5530,0.0947,0.4000,0.2632,1788739516.099
42.622,3.5793,4.5538,0.1000,0.4000,0.2632,1788739516.119
42.642,3.5866,4.5546,0.1053,0.3684,0.2632,1788739516.139
42.662,3.5939,4.5554,0.1105,0.3684,0.2632,1788739516.159
42.683,3.6013,4.5562,0.1158,0.3684,0.2632,1788739516.179
42.702,3.6086,4.5571,0.1211,0.3684,0.2632,1788739516.199
42.722,3.6159,4.5581,0.1263,0.3684,0.2632,1788739516.219
42.743,3.6229,4.5590,0.1316,0.3526,0.2632,1788739516.239
42.762,3.6299,4.5600,0.1368,0.3526,0.2632,1788739516.259
42.782,3.6368,4.5610,0.1421,0.3526,0.2632,1788739516.279
42.802,3.6438,4.5620,0.1474,0.3526,0.2632,1788739516.299
42.822,3.6508,4.5631,0.1526,0.3526,0.2632,1788739516.319
42.843,3.6584,4.5643,0.1579,0.3842,0.2632,1788739516.339
42.863,3.6660,4.5655,0.1632,0.3842,0.2632,1788739516.359
42.882,3.6735,4.5668,0.1684,0.3842,0.2632,1788739516.379
42.902,3.6811,4.5681,0.1737,0.3842,0.2632,1788739516.399
42.922,3.6887,4.5695,0.1789,0.3842,0.2632,1788739516.419
42.943,3.6965,4.5709,0.1821,0.4000,0.1579,1788739516.439
42.962,3.7044,4.5724,0.1853,0.4000,0.1579,1788739516.459
42.983,3.7123,4.5739,0.1884,0.4000,0.1579,1788739516.479
43.002,3.7201,4.5754,0.1916,0.4000,0.1579,1788739516.499
43.022,3.7280,4.5770,0.1947,0.4000,0.1579,1788739516.519
43.042,3.7358,4.5786,0.1979,0.4000,0.1579,1788739516.539
43.062,3.7436,4.5802,0.2011,0.4000,0.1579,1788739516.559
43.082,3.7515,4.5818,0.2042,0.4000,0.1579,1788739516.579
43.102,3.7593,4.5834,0.2074,0.4000,0.1579,1788739516.599
43.122,3.7671,4.5851,0.2105,0.4000,0.1579,1788739516.619
43.142,3.7743,4.5867,0.2137,0.3684,0.1579,1788739516.639
43.162,3.7815,4.5883,0.2168,0.3684,0.1579,1788739516.659
43.182,3.7887,4.5899,0.2200,0.3684,0.1579,1788739516.679
43.202,3.7959,4.5915,0.2232,0.3684,0.1579,1788739516.699
43.222,3.8031,4.5931,0.2263,0.3684,0.1579,1788739516.719
43.242,3.8109,4.5950,0.2295,0.4000,0.1579,1788739516.739
43.262,3.8187,4.5968,0.2326,0.4000,0.1579,1788739516.759
43.283,3.8264,4.5987,0.2358,0.4000,0.1579,1788739516.779
43.302,3.8342,4.6006,0.2389,0.4000,0.1579,1788739516.799
43.322,3.8420,4.6025,0.2421,0.4000,0.1579,1788739516.819
43.342,3.8491,4.6043,0.2453,0.3684,0.1579,1788739516.839
43.362,3.8563,4.6061,0.2484,0.3684,0.1579,1788739516.859
43.382,3.8634,4.6079,0.2516,0.3684,0.1579,1788739516.879
43.402,3.8705,4.6098,0.2547,0.3684,0.1579,1788739516.899
43.422,3.8777,4.6117,0.2579,0.3684,0.1579,1788739516.919
43.442,3.8854,4.6137,0.2589,0.4000,0.0526,1788739516.939
43.462,3.8931,4.6158,0.2600,0.4000,0.0526,1788739516.959
43.482,3.9009,4.6178,0.2611,0.4000,0.0526,1788739516.979
43.502,3.9086,4.6199,0.2621,0.4000,0.0526,1788739516.999
43.522,3.9163,4.6220,0.2632,0.4000,0.0526,1788739517.019
43.542,3.9240,4.6241,0.2642,0.4000,0.0526,1788739517.039
43.562,3.9317,4.6262,0.2653,0.4000,0.0526,1788739517.059
43.582,3.9395,4.6283,0.2663,0.4000,0.0526,1788739517.079
43.602,3.9472,4.6304,0.2674,0.4000,0.0526,1788739517.099
43.622,3.9549,4.6325,0.2684,0.4000,0.0526,1788739517.119
43.642,3.9626,4.6346,0.2695,0.4000,0.0526,1788739517.139
43.662,3.9703,4.6368,0.2705,0.4000,0.0526,1788739517.159
43.682,3.9780,4.6389,0.2716,0.4000,0.0526,1788739517.179
43.702,3.9857,4.6411,0.2726,0.4000,0.0526,1788739517.199
43.722,3.9934,4.6432,0.2737,0.4000,0.0526,1788739517.219
43.742,4.0008,4.6453,0.2747,0.3842,0.0526,1788739517.239
43.762,4.0082,4.6474,0.2758,0.3842,0.0526,1788739517.259
43.782,4.0156,4.6495,0.2768,0.3842,0.0526,1788739517.279
43.802,4.0230,4.6516,0.2779,0.3842,0.0526,1788739517.299
43.823,4.0304,4.6537,0.2789,0.3842,0.0526,1788739517.319
43.843,4.0381,4.6559,0.2789,0.4000,0.0000,1788739517.339
43.862,4.0458,4.6581,0.2789,0.4000,0.0000,1788739517.359
43.882,4.0535,4.6604,0.2789,0.4000,0.0000,1788739517.379
43.902,4.0611,4.6626,0.2789,0.4000,0.0000,1788739517.399
43.922,4.0688,4.6648,0.2789,0.4000,0.0000,1788739517.419
43.942,4.0765,4.6670,0.2789,0.4000,0.0000,1788739517.439
43.962,4.0842,4.6692,0.2789,0.4000,0.0000,1788739517.459
43.982,4.0919,4.6714,0.2789,0.4000,0.0000,1788739517.479
44.002,4.0996,4.6736,0.2789,0.4000,0.0000,1788739517.499
44.022,4.1073,4.6758,0.2789,0.4000,0.0000,1788739517.519
44.042,4.1150,4.6780,0.2789,0.4000,0.0000,1788739517.539
44.062,4.1227,4.6802,0.2789,0.4000,0.0000,1788739517.559
44.082,4.1304,4.6824,0.2789,0.4000,0.0000,1788739517.579
44.102,4.1381,4.6846,0.2789,0.4000,0.0000,1788739517.599
44.122,4.1457,4.6868,0.2789,0.4000,0.0000,1788739517.619
44.142,4.1534,4.6890,0.2789,0.4000,0.0000,1788739517.639
44.162,4.1611,4.6912,0.2789,0.4000,0.0000,1788739517.659
44.183,4.1688,4.6934,0.2789,0.4000,0.0000,1788739517.679
44.202,4.1765,4.6956,0.2789,0.4000,0.0000,1788739517.699
44.222,4.1842,4.6978,0.2789,0.4000,0.0000,1788739517.719
44.242,4.1916,4.6999,0.2789,0.3842,0.0000,1788739517.739
44.262,4.1990,4.7020,0.2789,0.3842,0.0000,1788739517.759
44.282,4.2064,4.7041,0.2789,0.3842,0.0000,1788739517.779
44.302,4.2137,4.7063,0.2789,0.3842,0.0000,1788739517.799
44.322,4.2211,4.7084,0.2789,0.3842,0.0000,1788739517.819
44.342,4.2282,4.7104,0.2789,0.3684,0.0000,1788739517.839
44.362,4.2353,4.7124,0.2789,0.3684,0.0000,1788739517.859
44.382,4.2424,4.7145,0.2789,0.3684,0.0000,1788739517.879
44.402,4.2495,4.7165,0.2789,0.3684,0.0000,1788739517.899
44.422,4.2566,4.7185,0.2789,0.3684,0.0000,1788739517.919
44.442,4.2642,4.7207,0.2779,0.4000,-0.0526,1788739517.939
44.462,4.2719,4.7229,0.2768,0.4000,-0.0526,1788739517.959
44.483,4.2796,4.7251,0.2758,0.4000,-0.0526,1788739517.979
44.503,4.2873,4.7273,0.2747,0.4000,-0.0526,1788739517.999
44.523,4.2950,4.7294,0.2737,0.4000,-0.0526,1788739518.019
44.543,4.3027,4.7316,0.2726,0.4000,-0.0526,1788739518.039
44.562,4.3105,4.7337,0.2716,0.4000,-0.0526,1788739518.059
44.582,4.3182,4.7359,0.2705,0.4000,-0.0526,1788739518.079
44.602,4.3259,4.7380,0.2695,0.4000,-0.0526,1788739518.099
44.622,4.3336,4.7401,0.2684,0.4000,-0.0526,1788739518.119
44.642,4.3413,4.7422,0.2674,0.4000,-0.0526,1788739518.139
44.662,4.3490,4.7443,0.2663,0.4000,-0.0526,1788739518.159
44.682,4.3567,4.7464,0.2653,0.4000,-0.0526,1788739518.179
44.702,4.3645,4.7485,0.2642,0.4000,-0.0526,1788739518.199
44.722,4.3722,4.7506,0.2632,0.4000,-0.0526,1788739518.219
44.742,4.3799,4.7527,0.2621,0.4000,-0.0526,1788739518.239
44.762,4.3876,4.7547,0.2611,0.4000,-0.0526,1788739518.259
44.783,4.3954,4.7568,0.2600,0.4000,-0.0526,1788739518.279
44.802,4.4031,4.7588,0.2589,0.4000,-0.0526,1788739518.299
44.822,4.4108,4.7609,0.2579,0.4000,-0.0526,1788739518.319
44.842,4.4183,4.7628,0.2568,0.3842,-0.0526,1788739518.339
44.862,4.4257,4.7648,0.2558,0.3842,-0.0526,1788739518.359
44.882,4.4331,4.7667,0.2547,0.3842,-0.0526,1788739518.379
44.902,4.4406,4.7686,0.2537,0.3842,-0.0526,1788739518.399
44.922,4.4480,4.7706,0.2526,0.3842,-0.0526,1788739518.419
44.942,4.4558,4.7725,0.2516,0.4000,-0.0526,1788739518.439
44.962,4.4635,4.7745,0.2505,0.4000,-0.0526,1788739518.459
44.982,4.4713,4.7765,0.2495,0.4000,-0.0526,1788739518.479
45.002,4.4790,4.7785,0.2484,0.4000,-0.0526,1788739518.499
45.022,4.4868,4.7804,0.2474,0.4000,-0.0526,1788739518.519
45.042,4.4945,4.7824,0.2463,0.4000,-0.0526,1788739518.539
45.062,4.5023,4.7843,0.2453,0.4000,-0.0526,1788739518.559
45.082,4.5101,4.7863,0.2442,0.4000,-0.0526,1788739518.579
45.102,4.5178,4.7882,0.2432,0.4000,-0.0526,1788739518.599
45.122,4.5256,4.7901,0.2421,0.4000,-0.0526,1788739518.619
45.142,4.5334,4.7920,0.2411,0.4000,-0.0526,1788739518.639
45.162,4.5411,4.7939,0.2400,0.4000,-0.0526,1788739518.659
45.182,4.5489,4.7958,0.2389,0.4000,-0.0526,1788739518.679
45.202,4.5567,4.7977,0.2379,0.4000,-0.0526,1788739518.699
45.222,4.5645,4.7996,0.2368,0.4000,-0.0526,1788739518.719
45.242,4.5722,4.8014,0.2358,0.4000,-0.0526,1788739518.739
45.263,4.5800,4.8033,0.2347,0.4000,-0.0526,1788739518.759
45.282,4.5878,4.8051,0.2337,0.4000,-0.0526,1788739518.779
45.302,4.5956,4.8070,0.2326,0.4000,-0.0526,1788739518.799
45.322,4.6034,4.8088,0.2316,0.4000,-0.0526,1788739518.819
45.342,4.6112,4.8107,0.2305,0.4000,-0.0526,1788739518.839
45.362,4.6190,4.8125,0.2295,0.4000,-0.0526,1788739518.859
45.382,4.6267,4.8143,0.2284,0.4000,-0.0526,1788739518.879
45.402,4.6345,4.8161,0.2274,0.4000,-0.0526,1788739518.899
45.422,4.6423,4.8179,0.2263,0.4000,-0.0526,1788739518.919
45.442,4.6501,4.8197,0.2253,0.4000,-0.0526,1788739518.939
45.462,4.6579,4.8215,0.2242,0.4000,-0.0526,1788739518.959
45.482,4.6657,4.8232,0.2232,0.4000,-0.0526,1788739518.979
45.502,4.6735,4.8250,0.2221,0.4000,-0.0526,1788739518.999
45.522,4.6813,4.8267,0.2211,0.4000,-0.0526,1788739519.019
45.542,4.6892,4.8285,0.2200,0.4000,-0.0526,1788739519.039
45.562,4.6970,4.8302,0.2189,0.4000,-0.0526,1788739519.059
45.582,4.7048,4.8320,0.2179,0.4000,-0.0526,1788739519.079
45.602,4.7126,4.8337,0.2168,0.4000,-0.0526,1788739519.099
45.622,4.7204,4.8354,0.2158,0.4000,-0.0526,1788739519.119
45.642,4.7279,4.8370,0.2147,0.3842,-0.0526,1788739519.139
45.662,4.7354,4.8387,0.2137,0.3842,-0.0526,1788739519.159
45.682,4.7429,4.8403,0.2126,0.3842,-0.0526,1788739519.179
45.702,4.7504,4.8419,0.2116,0.3842,-0.0526,1788739519.199
45.722,4.7580,4.8435,0.2105,0.3842,-0.0526,1788739519.219
45.742,4.7655,4.8451,0.2095,0.3842,-0.0526,1788739519.239
45.762,4.7730,4.8467,0.2084,0.3842,-0.0526,1788739519.259
45.782,4.7805,4.8483,0.2074,0.3842,-0.0526,1788739519.279
45.802,4.7880,4.8498,0.2063,0.3842,-0.0526,1788739519.299
45.822,4.7956,4.8514,0.2053,0.3842,-0.0526,1788739519.319
45.842,4.8028,4.8529,0.2042,0.3684,-0.0526,1788739519.339
45.862,4.8100,4.8544,0.2032,0.3684,-0.0526,1788739519.359
45.882,4.8172,4.8559,0.2021,0.3684,-0.0526,1788739519.379
45.903,4.8244,4.8573,0.2011,0.3684,-0.0526,1788739519.399
45.922,4.8316,4.8588,0.2000,0.3684,-0.0526,1788739519.419
45.942,4.8389,4.8603,0.1989,0.3684,-0.0526,1788739519.439
45.962,4.8461,4.8617,0.1979,0.3684,-0.0526,1788739519.459
45.982,4.8533,4.8631,0.1968,0.3684,-0.0526,1788739519.479
46.002,4.8605,4.8646,0.1958,0.3684,-0.0526,1788739519.499
46.022,4.8678,4.8660,0.1947,0.3684,-0.0526,1788739519.519
46.042,4.8747,4.8674,0.1937,0.3526,-0.0526,1788739519.539
46.062,4.8816,4.8687,0.1926,0.3526,-0.0526,1788739519.559
46.082,4.8885,4.8701,0.1916,0.3526,-0.0526,1788739519.579
46.102,4.8955,4.8714,0.1905,0.3526,-0.0526,1788739519.599
46.122,4.9024,4.8727,0.1895,0.3526,-0.0526,1788739519.619
46.143,4.9093,4.8740,0.1884,0.3526,-0.0526,1788739519.639
46.162,4.9163,4.8754,0.1874,0.3526,-0.0526,1788739519.659
46.182,4.9232,4.8767,0.1863,0.3526,-0.0526,1788739519.679
46.202,4.9301,4.8780,0.1853,0.3526,-0.0526,1788739519.699
46.222,4.9370,4.8793,0.1842,0.3526,-0.0526,1788739519.719
46.242,4.9437,4.8805,0.1832,0.3368,-0.0526,1788739519.739
46.262,4.9503,4.8817,0.1821,0.3368,-0.0526,1788739519.759
46.282,4.9569,4.8829,0.1811,0.3368,-0.0526,1788739519.779
46.302,4.9636,4.8841,0.1800,0.3368,-0.0526,1788739519.799
46.322,4.9702,4.8853,0.1789,0.3368,-0.0526,1788739519.819
46.342,4.9771,4.8866,0.1779,0.3526,-0.0526,1788739519.839
46.362,4.9841,4.8878,0.1768,0.3526,-0.0526,1788739519.859
46.382,4.9910,4.8890,0.1758,0.3526,-0.0526,1788739519.879
46.402,4.9980,4.8903,0.1747,0.3526,-0.0526,1788739519.899
46.422,5.0049,4.8915,0.1737,0.3526,-0.0526,1788739519.919
46.442,5.0118,4.8927,0.1726,0.3526,-0.0526,1788739519.939
46.462,5.0188,4.8939,0.1716,0.3526,-0.0526,1788739519.959
46.482,5.0257,4.8951,0.1705,0.3526,-0.0526,1788739519.979
46.502,5.0327,4.8963,0.1695,0.3526,-0.0526,1788739519.999
46.522,5.0397,4.8975,0.1684,0.3526,-0.0526,1788739520.019
46.542,5.0463,4.8986,0.1674,0.3368,-0.0526,1788739520.039
46.562,5.0529,4.8997,0.1663,0.3368,-0.0526,1788739520.059
46.582,5.0596,4.9008,0.1653,0.3368,-0.0526,1788739520.079
46.602,5.0662,4.9019,0.1642,0.3368,-0.0526,1788739520.099
46.622,5.0729,4.9030,0.1632,0.3368,-0.0526,1788739520.119
46.642,5.0808,4.9043,0.1621,0.4000,-0.0526,1788739520.139
46.662,5.0887,4.9056,0.1611,0.4000,-0.0526,1788739520.159
46.682,5.0966,4.9069,0.1600,0.4000,-0.0526,1788739520.179
46.702,5.1045,4.9081,0.1589,0.4000,-0.0526,1788739520.199
46.722,5.1124,4.9094,0.1579,0.4000,-0.0526,1788739520.219
46.742,5.1203,4.9106,0.1568,0.4000,-0.0526,1788739520.239
46.762,5.1282,4.9119,0.1558,0.4000,-0.0526,1788739520.259
46.782,5.1361,4.9131,0.1547,0.4000,-0.0526,1788739520.279
46.802,5.1440,4.9143,0.1537,0.4000,-0.0526,1788739520.299
46.822,5.1519,4.9155,0.1526,0.4000,-0.0526,1788739520.319
46.842,5.1585,4.9166,0.1516,0.3368,-0.0526,1788739520.339
46.862,5.1652,4.9176,0.1505,0.3368,-0.0526,1788739520.359
46.882,5.1719,4.9186,0.1495,0.3368,-0.0526,1788739520.379
46.902,5.1785,4.9196,0.1484,0.3368,-0.0526,1788739520.399
46.922,5.1852,4.9206,0.1474,0.3368,-0.0526,1788739520.419
46.942,5.1919,4.9215,0.1463,0.3368,-0.0526,1788739520.439
46.962,5.1985,4.9225,0.1453,0.3368,-0.0526,1788739520.459
46.982,5.2052,4.9235,0.1442,0.3368,-0.0526,1788739520.479
47.002,5.2119,4.9245,0.1432,0.3368,-0.0526,1788739520.499
47.022,5.2185,4.9254,0.1421,0.3368,-0.0526,1788739520.519
47.042,5.2265,4.9265,0.1411,0.4000,-0.0526,1788739520.539
47.062,5.2344,4.9276,0.1400,0.4000,-0.0526,1788739520.559
47.082,5.2423,4.9288,0.1389,0.4000,-0.0526,1788739520.579
47.102,5.2502,4.9299,0.1379,0.4000,-0.0526,1788739520.599
47.122,5.2581,4.9309,0.1368,0.4000,-0.0526,1788739520.619
47.142,5.2648,4.9319,0.1358,0.3368,-0.0526,1788739520.639
47.162,5.2715,4.9328,0.1347,0.3368,-0.0526,1788739520.659
47.182,5.2782,4.9337,0.1337,0.3368,-0.0526,1788739520.679
47.202,5.2848,4.9346,0.1326,0.3368,-0.0526,1788739520.699
47.222,5.2915,4.9354,0.1316,0.3368,-0.0526,1788739520.719
47.242,5.2982,4.9363,0.1305,0.3368,-0.0526,1788739520.739
47.262,5.3049,4.9372,0.1295,0.3368,-0.0526,1788739520.759
47.282,5.3116,4.9380,0.1284,0.3368,-0.0526,1788739520.779
47.302,5.3183,4.9389,0.1274,0.3368,-0.0526,1788739520.799
47.322,5.3249,4.9397,0.1263,0.3368,-0.0526,1788739520.819
47.342,5.3313,4.9406,0.1253,0.3211,-0.0526,1788739520.839
47.363,5.3377,4.9413,0.1242,0.3211,-0.0526,1788739520.859
47.382,5.3441,4.9421,0.1232,0.3211,-0.0526,1788739520.879
47.402,5.3504,4.9429,0.1221,0.3211,-0.0526,1788739520.899
47.422,5.3568,4.9437,0.1211,0.3211,-0.0526,1788739520.919
47.442,5.3638,4.9445,0.1200,0.3526,-0.0526,1788739520.939
47.462,5.3708,4.9454,0.1189,0.3526,-0.0526,1788739520.959
47.482,5.3778,4.9462,0.1179,0.3526,-0.0526,1788739520.979
47.502,5.3848,4.9470,0.1168,0.3526,-0.0526,1788739520.999
47.522,5.3918,4.9478,0.1158,0.3526,-0.0526,1788739521.019
47.542,5.3985,4.9486,0.1147,0.3368,-0.0526,1788739521.039
47.562,5.4052,4.9494,0.1137,0.3368,-0.0526,1788739521.059
47.582,5.4119,4.9501,0.1126,0.3368,-0.0526,1788739521.079
47.602,5.4186,4.9509,0.1116,0.3368,-0.0526,1788739521.099
47.622,5.4253,4.9516,0.1105,0.3368,-0.0526,1788739521.119
47.642,5.4326,4.9524,0.1095,0.3684,-0.0526,1788739521.139
47.662,5.4399,4.9532,0.1084,0.3684,-0.0526,1788739521.159
47.682,5.4473,4.9540,0.1074,0.3684,-0.0526,1788739521.179
47.702,5.4546,4.9548,0.1063,0.3684,-0.0526,1788739521.199
47.722,5.4619,4.9556,0.1053,0.3684,-0.0526,1788739521.219
47.742,5.4696,4.9564,0.1042,0.3842,-0.0526,1788739521.239
47.762,5.4772,4.9572,0.1032,0.3842,-0.0526,1788739521.259
47.782,5.4848,4.9579,0.1021,0.3842,-0.0526,1788739521.279
47.803,5.4925,4.9587,0.1011,0.3842,-0.0526,1788739521.299
47.822,5.5001,4.9595,0.1000,0.3842,-0.0526,1788739521.319
47.843,5.5078,4.9603,0.0989,0.3842,-0.0526,1788739521.339
47.862,5.5154,4.9610,0.0979,0.3842,-0.0526,1788739521.359
47.882,5.5231,4.9617,0.0968,0.3842,-0.0526,1788739521.379
47.902,5.5307,4.9625,0.0958,0.3842,-0.0526,1788739521.399
47.922,5.5384,4.9632,0.0947,0.3842,-0.0526,1788739521.419
47.942,5.5460,4.9639,0.0937,0.3842,-0.0526,1788739521.439
47.962,5.5537,4.9646,0.0926,0.3842,-0.0526,1788739521.459
47.982,5.5613,4.9653,0.0916,0.3842,-0.0526,1788739521.479
48.002,5.5690,4.9660,0.0905,0.3842,-0.0526,1788739521.499
48.022,5.5766,4.9667,0.0895,0.3842,-0.0526,1788739521.519
48.042,5.5846,4.9674,0.0884,0.4000,-0.0526,1788739521.539
48.062,5.5926,4.9681,0.0874,0.4000,-0.0526,1788739521.559
48.082,5.6005,4.9688,0.0863,0.4000,-0.0526,1788739521.579
48.102,5.6085,4.9695,0.0853,0.4000,-0.0526,1788739521.599
48.122,5.6165,4.9702,0.0842,0.4000,-0.0526,1788739521.619
48.142,5.6245,4.9708,0.0832,0.4000,-0.0526,1788739521.639
48.162,5.6324,4.9715,0.0821,0.4000,-0.0526,1788739521.659
48.182,5.6404,4.9721,0.0811,0.4000,-0.0526,1788739521.679
48.202,5.6484,4.9728,0.0800,0.4000,-0.0526,1788739521.699
48.222,5.6564,4.9734,0.0789,0.4000,-0.0526,1788739521.719
48.242,5.6643,4.9740,0.0779,0.4000,-0.0526,1788739521.739
48.262,5.6723,4.9746,0.0768,0.4000,-0.0526,1788739521.759
48.282,5.6803,4.9752,0.0758,0.4000,-0.0526,1788739521.779
48.302,5.6883,4.9758,0.0747,0.4000,-0.0526,1788739521.799
48.322,5.6962,4.9764,0.0737,0.4000,-0.0526,1788739521.819
48.342,5.7039,4.9770,0.0726,0.3842,-0.0526,1788739521.839
48.362,5.7116,4.9775,0.0716,0.3842,-0.0526,1788739521.859
48.382,5.7192,4.9781,0.0705,0.3842,-0.0526,1788739521.879
48.402,5.7269,4.9786,0.0695,0.3842,-0.0526,1788739521.899
48.422,5.7346,4.9791,0.0684,0.3842,-0.0526,1788739521.919
48.442,5.7422,4.9797,0.0674,0.3842,-0.0526,1788739521.939
48.462,5.7499,4.9802,0.0663,0.3842,-0.0526,1788739521.959
48.482,5.7576,4.9807,0.0653,0.3842,-0.0526,1788739521.979
48.502,5.7652,4.9812,0.0642,0.3842,-0.0526,1788739521.999
48.522,5.7729,4.9816,0.0632,0.3842,-0.0526,1788739522.019
48.542,5.7809,4.9821,0.0621,0.4000,-0.0526,1788739522.039
48.562,5.7889,4.9826,0.0611,0.4000,-0.0526,1788739522.059
48.582,5.7969,4.9831,0.0600,0.4000,-0.0526,1788739522.079
48.602,5.8048,4.9836,0.0589,0.4000,-0.0526,1788739522.099
48.622,5.8128,4.9840,0.0579,0.4000,-0.0526,1788739522.119
48.642,5.8208,4.9845,0.0568,0.4000,-0.0526,1788739522.139
48.662,5.8288,4.9849,0.0558,0.4000,-0.0526,1788739522.159
48.682,5.8368,4.9854,0.0547,0.4000,-0.0526,1788739522.179
48.702,5.8448,4.9858,0.0537,0.4000,-0.0526,1788739522.199
48.722,5.8528,4.9862,0.0526,0.4000,-0.0526,1788739522.219
48.742,5.8608,4.9866,0.0516,0.4000,-0.0526,1788739522.239
48.762,5.8688,4.9871,0.0505,0.4000,-0.0526,1788739522.259
48.782,5.8767,4.9874,0.0495,0.4000,-0.0526,1788739522.279
48.802,5.8847,4.9878,0.0484,0.4000,-0.0526,1788739522.299
48.822,5.8927,4.9882,0.0474,0.4000,-0.0526,1788739522.319
48.842,5.9004,4.9886,0.0463,0.3842,-0.0526,1788739522.339
48.862,5.9081,4.9889,0.0453,0.3842,-0.0526,1788739522.359
48.882,5.9158,4.9893,0.0442,0.3842,-0.0526,1788739522.379
48.902,5.9234,4.9896,0.0432,0.3842,-0.0526,1788739522.399
48.922,5.9311,4.9899,0.0421,0.3842,-0.0526,1788739522.419
48.942,5.9391,4.9902,0.0411,0.4000,-0.0526,1788739522.439
48.962,5.9471,4.9906,0.0400,0.4000,-0.0526,1788739522.459
48.982,5.9551,4.9909,0.0389,0.4000,-0.0526,1788739522.479
49.002,5.9631,4.9912,0.0379,0.4000,-0.0526,1788739522.499
49.022,5.9711,4.9915,0.0368,0.4000,-0.0526,1788739522.519
49.042,5.9791,4.9918,0.0358,0.4000,-0.0526,1788739522.539
49.062,5.9871,4.9920,0.0347,0.4000,-0.0526,1788739522.559
49.082,5.9951,4.9923,0.0337,0.4000,-0.0526,1788739522.579
49.102,6.0031,4.9926,0.0326,0.4000,-0.0526,1788739522.599
49.122,6.0111,4.9928,0.0316,0.4000,-0.0526,1788739522.619
49.142,6.0191,4.9931,0.0305,0.4000,-0.0526,1788739522.639
49.162,6.0270,4.9933,0.0295,0.4000,-0.0526,1788739522.659
49.183,6.0350,4.9935,0.0284,0.4000,-0.0526,1788739522.679
49.202,6.0430,4.9937,0.0274,0.4000,-0.0526,1788739522.699
49.222,6.0510,4.9940,0.0263,0.4000,-0.0526,1788739522.719
49.242,6.0590,4.9942,0.0253,0.4000,-0.0526,1788739522.739
49.263,6.0670,4.9943,0.0242,0.4000,-0.0526,1788739522.759
49.283,6.0750,4.9945,0.0232,0.4000,-0.0526,1788739522.779
49.302,6.0830,4.9947,0.0221,0.4000,-0.0526,1788739522.799
49.323,6.0910,4.9949,0.0211,0.4000,-0.0526,1788739522.819
49.343,6.0978,4.9950,0.0200,0.3368,-0.0526,1788739522.839
49.362,6.1045,4.9951,0.0189,0.3368,-0.0526,1788739522.859
49.382,6.1112,4.9953,0.0179,0.3368,-0.0526,1788739522.879
49.403,6.1180,4.9954,0.0168,0.3368,-0.0526,1788739522.899
49.422,6.1247,4.9955,0.0158,0.3368,-0.0526,1788739522.919
49.442,6.1327,4.9956,0.0147,0.4000,-0.0526,1788739522.939
49.462,6.1407,4.9957,0.0137,0.4000,-0.0526,1788739522.959
49.483,6.1487,4.9958,0.0126,0.4000,-0.0526,1788739522.979
49.502,6.1567,4.9959,0.0116,0.4000,-0.0526,1788739522.999
49.522,6.1647,4.9960,0.0105,0.4000,-0.0526,1788739523.019
49.543,6.1727,4.9961,0.0095,0.4000,-0.0526,1788739523.039
49.562,6.1807,4.9961,0.0084,0.4000,-0.0526,1788739523.059
49.582,6.1887,4.9962,0.0074,0.4000,-0.0526,1788739523.079
49.602,6.1967,4.9962,0.0063,0.4000,-0.0526,1788739523.099
49.622,6.2047,4.9963,0.0053,0.4000,-0.0526,1788739523.119
49.642,6.2127,4.9963,0.0042,0.4000,-0.0526,1788739523.139
49.662,6.2207,4.9963,0.0032,0.4000,-0.0526,1788739523.159
49.682,6.2287,4.9964,0.0021,0.4000,-0.0526,1788739523.179
49.702,6.2367,4.9964,0.0011,0.4000,-0.0526,1788739523.199
49.722,6.2447,4.9964,0.0000,0.4000,-0.0526,1788739523.219
49.742,6.2524,4.9964,0.0000,0.3842,0.0000,1788739523.239
49.762,6.2601,4.9964,0.0000,0.3842,0.0000,1788739523.259
49.782,6.2678,4.9964,0.0000,0.3842,0.0000,1788739523.279
49.802,6.2754,4.9964,0.0000,0.3842,0.0000,1788739523.299
49.822,6.2831,4.9964,0.0000,0.3842,0.0000,1788739523.319
49.842,6.2908,4.9964,0.0000,0.3842,0.0000,1788739523.339
49.862,6.2985,4.9964,0.0000,0.3842,0.0000,1788739523.359
49.882,6.3062,4.9964,0.0000,0.3842,0.0000,1788739523.379
49.902,6.3139,4.9964,0.0000,0.3842,0.0000,1788739523.399
49.922,6.3215,4.9964,0.0000,0.3842,0.0000,1788739523.419
49.942,6.3295,4.9964,0.0000,0.4000,0.0000,1788739523.439
49.962,6.3375,4.9964,0.0000,0.4000,0.0000,1788739523.459
49.982,6.3455,4.9964,0.0000,0.4000,0.0000,1788739523.479
50.002,6.3535,4.9964,0.0000,0.4000,0.0000,1788739523.499
50.022,6.3615,4.9964,0.0000,0.4000,0.0000,1788739523.519
50.042,6.3695,4.9964,0.0000,0.4000,0.0000,1788739523.539
50.062,6.3775,4.9964,0.0000,0.4000,0.0000,1788739523.559
50.082,6.3855,4.9964,0.0000,0.4000,0.0000,1788739523.579
50.102,6.3935,4.9964,0.0000,0.4000,0.0000,1788739523.599
50.122,6.4015,4.9964,0.0000,0.4000,0.0000,1788739523.619
50.142,6.4095,4.9964,0.0000,0.4000,0.0000,1788739523.639
50.162,6.4175,4.9964,0.0000,0.4000,0.0000,1788739523.659
50.182,6.4255,4.9964,0.0000,0.4000,0.0000,1788739523.679
50.202,6.4335,4.9964,0.0000,0.4000,0.0000,1788739523.699
50.222,6.4415,4.9964,0.0000,0.4000,0.0000,1788739523.719
50.242,6.4492,4.9964,0.0000,0.3842,0.0000,1788739523.739
50.262,6.4569,4.9964,0.0000,0.3842,0.0000,1788739523.759
50.282,6.4646,4.9964,0.0000,0.3842,0.0000,1788739523.779
50.302,6.4723,4.9964,0.0000,0.3842,0.0000,1788739523.799
50.322,6.4800,4.9964,0.0000,0.3842,0.0000,1788739523.819
50.342,6.4880,4.9964,0.0000,0.4000,0.0000,1788739523.839
50.362,6.4960,4.9964,0.0000,0.4000,0.0000,1788739523.859
50.382,6.5040,4.9964,0.0000,0.4000,0.0000,1788739523.879
50.402,6.5120,4.9964,0.0000,0.4000,0.0000,1788739523.899
50.422,6.5200,4.9964,0.0000,0.4000,0.0000,1788739523.919
50.442,6.5280,4.9964,0.0000,0.4000,0.0000,1788739523.939
50.462,6.5360,4.9964,0.0000,0.4000,0.0000,1788739523.959
50.482,6.5440,4.9964,0.0000,0.4000,0.0000,1788739523.979
50.502,6.5520,4.9964,0.0000,0.4000,0.0000,1788739523.999
50.522,6.5600,4.9964,0.0000,0.4000,0.0000,1788739524.019
50.542,6.5680,4.9964,0.0000,0.4000,0.0000,1788739524.039
50.562,6.5760,4.9964,0.0000,0.4000,0.0000,1788739524.059
50.582,6.5840,4.9964,0.0000,0.4000,0.0000,1788739524.079
50.602,6.5920,4.9964,0.0000,0.4000,0.0000,1788739524.099
50.622,6.6000,4.9964,0.0000,0.4000,0.0000,1788739524.119
50.642,6.6077,4.9964,0.0000,0.3842,0.0000,1788739524.139
50.662,6.6153,4.9964,0.0000,0.3842,0.0000,1788739524.159
50.682,6.6230,4.9964,0.0000,0.3842,0.0000,1788739524.179
50.702,6.6307,4.9964,0.0000,0.3842,0.0000,1788739524.199
50.722,6.6384,4.9964,0.0000,0.3842,0.0000,1788739524.219
50.742,6.6461,4.9964,0.0000,0.3842,0.0000,1788739524.239
50.763,6.6538,4.9964,0.0000,0.3842,0.0000,1788739524.259
50.782,6.6614,4.9964,0.0000,0.3842,0.0000,1788739524.279
50.802,6.6691,4.9964,0.0000,0.3842,0.0000,1788739524.299
50.823,6.6768,4.9964,0.0000,0.3842,0.0000,1788739524.319
50.843,6.6848,4.9964,0.0000,0.4000,0.0000,1788739524.339
50.862,6.6928,4.9964,0.0000,0.4000,0.0000,1788739524.359
50.883,6.7008,4.9964,0.0000,0.4000,0.0000,1788739524.379
50.902,6.7088,4.9964,0.0000,0.4000,0.0000,1788739524.399
50.923,6.7168,4.9964,0.0000,0.4000,0.0000,1788739524.419
50.942,6.7248,4.9964,0.0000,0.4000,0.0000,1788739524.439
50.962,6.7328,4.9964,0.0000,0.4000,0.0000,1788739524.459
50.982,6.7408,4.9964,0.0000,0.4000,0.0000,1788739524.479
51.002,6.7488,4.9964,0.0000,0.4000,0.0000,1788739524.499
51.022,6.7568,4.9964,0.0000,0.4000,0.0000,1788739524.519
51.042,6.7648,4.9964,0.0000,0.4000,0.0000,1788739524.539
51.062,6.7728,4.9964,0.0000,0.4000,0.0000,1788739524.559
51.082,6.7808,4.9964,0.0000,0.4000,0.0000,1788739524.579
51.102,6.7888,4.9964,0.0000,0.4000,0.0000,1788739524.599
51.122,6.7968,4.9964,0.0000,0.4000,0.0000,1788739524.619
51.142,6.8045,4.9964,0.0000,0.3842,0.0000,1788739524.639
51.162,6.8122,4.9964,0.0000,0.3842,0.0000,1788739524.659
51.182,6.8199,4.9964,0.0000,0.3842,0.0000,1788739524.679
51.202,6.8275,4.9964,0.0000,0.3842,0.0000,1788739524.699
51.222,6.8352,4.9964,0.0000,0.3842,0.0000,1788739524.719
51.243,6.8429,4.9964,0.0000,0.3842,0.0000,1788739524.739
51.262,6.8506,4.9964,0.0000,0.3842,0.0000,1788739524.759
51.282,6.8583,4.9964,0.0000,0.3842,0.0000,1788739524.779
51.302,6.8660,4.9964,0.0000,0.3842,0.0000,1788739524.799
51.322,6.8737,4.9964,0.0000,0.3842,0.0000,1788739524.819
51.342,6.8817,4.9964,0.0000,0.4000,0.0000,1788739524.839
51.362,6.8897,4.9964,0.0000,0.4000,0.0000,1788739524.859
51.382,6.8977,4.9964,0.0000,0.4000,0.0000,1788739524.879
51.402,6.9057,4.9964,0.0000,0.4000,0.0000,1788739524.899
51.422,6.9137,4.9964,0.0000,0.4000,0.0000,1788739524.919
51.442,6.9217,4.9964,0.0000,0.4000,0.0000,1788739524.939
51.462,6.9297,4.9964,0.0000,0.4000,0.0000,1788739524.959
51.482,6.9377,4.9964,0.0000,0.4000,0.0000,1788739524.979
51.502,6.9457,4.9964,0.0000,0.4000,0.0000,1788739524.999
51.522,6.9537,4.9964,0.0000,0.4000,0.0000,1788739525.019
51.542,6.9617,4.9964,0.0000,0.4000,0.0000,1788739525.039
51.562,6.9697,4.9964,0.0000,0.4000,0.0000,1788739525.059
51.582,6.9777,4.9964,0.0000,0.4000,0.0000,1788739525.079
51.602,6.9857,4.9964,0.0000,0.4000,0.0000,1788739525.099
51.622,6.9937,4.9964,0.0000,0.4000,0.0000,1788739525.119
51.642,7.0013,4.9964,0.0000,0.3842,0.0000,1788739525.139
51.662,7.0090,4.9964,0.0000,0.3842,0.0000,1788739525.159
51.682,7.0167,4.9964,0.0000,0.3842,0.0000,1788739525.179
51.702,7.0244,4.9964,0.0000,0.3842,0.0000,1788739525.199
51.722,7.0321,4.9964,0.0000,0.3842,0.0000,1788739525.219
51.742,7.0398,4.9964,0.0000,0.3842,0.0000,1788739525.239
51.762,7.0474,4.9964,0.0000,0.3842,0.0000,1788739525.259
51.782,7.0551,4.9964,0.0000,0.3842,0.0000,1788739525.279
51.802,7.0628,4.9964,0.0000,0.3842,0.0000,1788739525.299
51.822,7.0705,4.9964,0.0000,0.3842,0.0000,1788739525.319
51.842,7.0785,4.9964,0.0000,0.4000,0.0000,1788739525.339
51.862,7.0865,4.9964,0.0000,0.4000,0.0000,1788739525.359
51.882,7.0945,4.9964,0.0000,0.4000,0.0000,1788739525.379
51.902,7.1025,4.9964,0.0000,0.4000,0.0000,1788739525.399
51.922,7.1105,4.9964,0.0000,0.4000,0.0000,1788739525.419
51.942,7.1185,4.9964,0.0000,0.4000,0.0000,1788739525.439
51.962,7.1265,4.9964,0.0000,0.4000,0.0000,1788739525.459
51.982,7.1345,4.9964,0.0000,0.4000,0.0000,1788739525.479
52.002,7.1425,4.9964,0.0000,0.4000,0.0000,1788739525.499
52.022,7.1505,4.9964,0.0000,0.4000,0.0000,1788739525.519
52.042,7.1585,4.9964,0.0000,0.4000,0.0000,1788739525.539
52.062,7.1665,4.9964,0.0000,0.4000,0.0000,1788739525.559
52.082,7.1745,4.9964,0.0000,0.4000,0.0000,1788739525.579
52.102,7.1825,4.9964,0.0000,0.4000,0.0000,1788739525.599
52.122,7.1905,4.9964,0.0000,0.4000,0.0000,1788739525.619
52.142,7.1982,4.9964,0.0000,0.3842,0.0000,1788739525.639
52.162,7.2059,4.9964,0.0000,0.3842,0.0000,1788739525.659
52.182,7.2135,4.9964,0.0000,0.3842,0.0000,1788739525.679
52.202,7.2212,4.9964,0.0000,0.3842,0.0000,1788739525.699
52.222,7.2289,4.9964,0.0000,0.3842,0.0000,1788739525.719
52.242,7.2369,4.9964,0.0000,0.4000,0.0000,1788739525.739
52.262,7.2449,4.9964,0.0000,0.4000,0.0000,1788739525.759
52.282,7.2529,4.9964,0.0000,0.4000,0.0000,1788739525.779
52.302,7.2609,4.9964,0.0000,0.4000,0.0000,1788739525.799
52.322,7.2689,4.9964,0.0000,0.4000,0.0000,1788739525.819
52.342,7.2769,4.9964,0.0000,0.4000,0.0000,1788739525.839
52.362,7.2849,4.9964,0.0000,0.4000,0.0000,1788739525.859
52.382,7.2929,4.9964,0.0000,0.4000,0.0000,1788739525.879
52.402,7.3009,4.9964,0.0000,0.4000,0.0000,1788739525.899
52.422,7.3089,4.9964,0.0000,0.4000,0.0000,1788739525.919
52.442,7.3169,4.9964,0.0000,0.4000,0.0000,1788739525.939
52.462,7.3249,4.9964,0.0000,0.4000,0.0000,1788739525.959
52.482,7.3329,4.9964,0.0000,0.4000,0.0000,1788739525.979
52.502,7.3409,4.9964,0.0000,0.4000,0.0000,1788739525.999
52.522,7.3489,4.9964,0.0000,0.4000,0.0000,1788739526.019
52.542,7.3566,4.9964,0.0000,0.3842,0.0000,1788739526.039
52.562,7.3643,4.9964,0.0000,0.3842,0.0000,1788739526.059
52.582,7.3720,4.9964,0.0000,0.3842,0.0000,1788739526.079
52.602,7.3797,4.9964,0.0000,0.3842,0.0000,1788739526.099
52.622,7.3873,4.9964,0.0000,0.3842,0.0000,1788739526.119
52.642,7.3950,4.9964,0.0000,0.3842,0.0000,1788739526.139
52.662,7.4027,4.9964,0.0000,0.3842,0.0000,1788739526.159
52.682,7.4104,4.9964,0.0000,0.3842,0.0000,1788739526.179
52.703,7.4181,4.9964,0.0000,0.3842,0.0000,1788739526.199
52.722,7.4258,4.9964,0.0000,0.3842,0.0000,1788739526.219
52.742,7.4338,4.9964,0.0000,0.4000,0.0000,1788739526.239
52.762,7.4418,4.9964,0.0000,0.4000,0.0000,1788739526.259
52.782,7.4498,4.9964,0.0000,0.4000,0.0000,1788739526.279
52.802,7.4578,4.9964,0.0000,0.4000,0.0000,1788739526.299
52.822,7.4658,4.9964,0.0000,0.4000,0.0000,1788739526.319
52.842,7.4738,4.9964,0.0000,0.4000,0.0000,1788739526.339
52.862,7.4818,4.9964,0.0000,0.4000,0.0000,1788739526.359
52.882,7.4898,4.9964,0.0000,0.4000,0.0000,1788739526.379
52.902,7.4978,4.9964,0.0000,0.4000,0.0000,1788739526.399
52.922,7.5058,4.9964,0.0000,0.4000,0.0000,1788739526.419
52.942,7.5138,4.9964,0.0000,0.4000,0.0000,1788739526.439
52.962,7.5218,4.9964,0.0000,0.4000,0.0000,1788739526.459
52.983,7.5298,4.9964,0.0000,0.4000,0.0000,1788739526.479
53.002,7.5378,4.9964,0.0000,0.4000,0.0000,1788739526.499
53.022,7.5458,4.9964,0.0000,0.4000,0.0000,1788739526.519
53.042,7.5534,4.9964,0.0000,0.3842,0.0000,1788739526.539
53.062,7.5611,4.9964,0.0000,0.3842,0.0000,1788739526.559
53.082,7.5688,4.9964,0.0000,0.3842,0.0000,1788739526.579
53.102,7.5765,4.9964,0.0000,0.3842,0.0000,1788739526.599
53.122,7.5842,4.9964,0.0000,0.3842,0.0000,1788739526.619
53.143,7.5919,4.9964,0.0000,0.3842,0.0000,1788739526.639
53.162,7.5995,4.9964,0.0000,0.3842,0.0000,1788739526.659
53.182,7.6072,4.9964,0.0000,0.3842,0.0000,1788739526.679
53.202,7.6149,4.9964,0.0000,0.3842,0.0000,1788739526.699
53.222,7.6226,4.9964,0.0000,0.3842,0.0000,1788739526.719
53.242,7.6306,4.9964,0.0000,0.4000,0.0000,1788739526.739
53.262,7.6386,4.9964,0.0000,0.4000,0.0000,1788739526.759
53.282,7.6466,4.9964,0.0000,0.4000,0.0000,1788739526.779
53.302,7.6546,4.9964,0.0000,0.4000,0.0000,1788739526.799
53.322,7.6626,4.9964,0.0000,0.4000,0.0000,1788739526.819
53.342,7.6706,4.9964,0.0000,0.4000,0.0000,1788739526.839
53.362,7.6786,4.9964,0.0000,0.4000,0.0000,1788739526.859
53.382,7.6866,4.9964,0.0000,0.4000,0.0000,1788739526.879
53.402,7.6946,4.9964,0.0000,0.4000,0.0000,1788739526.899
53.422,7.7026,4.9964,0.0000,0.4000,0.0000,1788739526.919
53.442,7.7103,4.9964,0.0000,0.3842,0.0000,1788739526.939
53.462,7.7180,4.9964,0.0000,0.3842,0.0000,1788739526.959
53.482,7.7257,4.9964,0.0000,0.3842,0.0000,1788739526.979
53.502,7.7333,4.9964,0.0000,0.3842,0.0000,1788739526.999
53.522,7.7410,4.9964,0.0000,0.3842,0.0000,1788739527.019
53.543,7.7484,4.9964,0.0000,0.3684,0.0000,1788739527.039
53.562,7.7558,4.9964,0.0000,0.3684,0.0000,1788739527.059
53.582,7.7631,4.9964,0.0000,0.3684,0.0000,1788739527.079
53.602,7.7705,4.9964,0.0000,0.3684,0.0000,1788739527.099
53.622,7.7779,4.9964,0.0000,0.3684,0.0000,1788739527.119
53.642,7.7846,4.9964,0.0000,0.3368,0.0000,1788739527.139
53.662,7.7913,4.9964,0.0000,0.3368,0.0000,1788739527.159
53.682,7.7981,4.9964,0.0000,0.3368,0.0000,1788739527.179
53.702,7.8048,4.9964,0.0000,0.3368,0.0000,1788739527.199
53.722,7.8115,4.9964,0.0000,0.3368,0.0000,1788739527.219
53.742,7.8180,4.9964,0.0000,0.3211,0.0000,1788739527.239
53.762,7.8244,4.9964,0.0000,0.3211,0.0000,1788739527.259
53.782,7.8308,4.9964,0.0000,0.3211,0.0000,1788739527.279
53.802,7.8372,4.9964,0.0000,0.3211,0.0000,1788739527.299
53.822,7.8437,4.9964,0.0000,0.3211,0.0000,1788739527.319
53.842,7.8498,4.9964,0.0000,0.3053,0.0000,1788739527.339
53.862,7.8559,4.9964,0.0000,0.3053,0.0000,1788739527.359
53.882,7.8620,4.9964,0.0000,0.3053,0.0000,1788739527.379
53.902,7.8681,4.9964,0.0000,0.3053,0.0000,1788739527.399
53.922,7.8742,4.9964,0.0000,0.3053,0.0000,1788739527.419
53.942,7.8800,4.9964,0.0000,0.2895,0.0000,1788739527.439
53.962,7.8858,4.9964,0.0000,0.2895,0.0000,1788739527.459
53.982,7.8915,4.9964,0.0000,0.2895,0.0000,1788739527.479
54.002,7.8973,4.9964,0.0000,0.2895,0.0000,1788739527.499
54.022,7.9031,4.9964,0.0000,0.2895,0.0000,1788739527.519
54.042,7.9086,4.9964,0.0000,0.2737,0.0000,1788739527.539
54.062,7.9141,4.9964,0.0000,0.2737,0.0000,1788739527.559
54.083,7.9195,4.9964,0.0000,0.2737,0.0000,1788739527.579
54.102,7.9250,4.9964,0.0000,0.2737,0.0000,1788739527.599
54.122,7.9305,4.9964,0.0000,0.2737,0.0000,1788739527.619
54.142,7.9360,4.9964,0.0000,0.2737,0.0000,1788739527.639
54.162,7.9414,4.9964,0.0000,0.2737,0.0000,1788739527.659
54.182,7.9469,4.9964,0.0000,0.2737,0.0000,1788739527.679
54.202,7.9524,4.9964,0.0000,0.2737,0.0000,1788739527.699
54.222,7.9579,4.9964,0.0000,0.2737,0.0000,1788739527.719
54.242,7.9630,4.9964,0.0000,0.2579,0.0000,1788739527.739
54.262,7.9682,4.9964,0.0000,0.2579,0.0000,1788739527.759
54.282,7.9733,4.9964,0.0000,0.2579,0.0000,1788739527.779
54.302,7.9785,4.9964,0.0000,0.2579,0.0000,1788739527.799
54.322,7.9837,4.9964,0.0000,0.2579,0.0000,1788739527.819
54.342,7.9885,4.9964,0.0000,0.2421,0.0000,1788739527.839
54.362,7.9933,4.9964,0.0000,0.2421,0.0000,1788739527.859
54.382,7.9982,4.9964,0.0000,0.2421,0.0000,1788739527.879
54.402,8.0030,4.9964,0.0000,0.2421,0.0000,1788739527.899
54.422,8.0079,4.9964,0.0000,0.2421,0.0000,1788739527.919
54.442,8.0124,4.9964,0.0000,0.2263,0.0000,1788739527.939
54.462,8.0169,4.9964,0.0000,0.2263,0.0000,1788739527.959
54.482,8.0214,4.9964,0.0000,0.2263,0.0000,1788739527.979
54.502,8.0260,4.9964,0.0000,0.2263,0.0000,1788739527.999
54.522,8.0305,4.9964,0.0000,0.2263,0.0000,1788739528.019
54.542,8.0347,4.9964,0.0000,0.2105,0.0000,1788739528.039
54.562,8.0389,4.9964,0.0000,0.2105,0.0000,1788739528.059
54.582,8.0431,4.9964,0.0000,0.2105,0.0000,1788739528.079
54.602,8.0473,4.9964,0.0000,0.2105,0.0000,1788739528.099
54.622,8.0515,4.9964,0.0000,0.2105,0.0000,1788739528.119
54.642,8.0558,4.9964,0.0000,0.2105,0.0000,1788739528.139
54.662,8.0600,4.9964,0.0000,0.2105,0.0000,1788739528.159
54.682,8.0642,4.9964,0.0000,0.2105,0.0000,1788739528.179
54.702,8.0684,4.9964,0.0000,0.2105,0.0000,1788739528.199
54.722,8.0726,4.9964,0.0000,0.2105,0.0000,1788739528.219
54.742,8.0765,4.9964,0.0000,0.1947,0.0000,1788739528.239
54.762,8.0804,4.9964,0.0000,0.1947,0.0000,1788739528.259
54.782,8.0843,4.9964,0.0000,0.1947,0.0000,1788739528.279
54.802,8.0882,4.9964,0.0000,0.1947,0.0000,1788739528.299
54.822,8.0921,4.9964,0.0000,0.1947,0.0000,1788739528.319
54.842,8.0960,4.9964,0.0000,0.1947,0.0000,1788739528.339
54.862,8.0999,4.9964,0.0000,0.1947,0.0000,1788739528.359
54.882,8.1038,4.9964,0.0000,0.1947,0.0000,1788739528.379
54.902,8.1077,4.9964,0.0000,0.1947,0.0000,1788739528.399
54.922,8.1115,4.9964,0.0000,0.1947,0.0000,1788739528.419
54.942,8.1151,4.9964,0.0000,0.1789,0.0000,1788739528.439
54.962,8.1187,4.9964,0.0000,0.1789,0.0000,1788739528.459
54.983,8.1223,4.9964,0.0000,0.1789,0.0000,1788739528.479
55.002,8.1259,4.9964,0.0000,0.1789,0.0000,1788739528.499
55.022,8.1294,4.9964,0.0000,0.1789,0.0000,1788739528.519
55.042,8.1327,4.9964,-0.0011,0.1632,-0.0526,1788739528.539
55.062,8.1360,4.9964,-0.0021,0.1632,-0.0526,1788739528.559
55.082,8.1392,4.9963,-0.0032,0.1632,-0.0526,1788739528.579
55.102,8.1425,4.9963,-0.0042,0.1632,-0.0526,1788739528.599
55.122,8.1458,4.9963,-0.0053,0.1632,-0.0526,1788739528.619
55.142,8.1490,4.9963,-0.0053,0.1632,0.0000,1788739528.639
55.162,8.1523,4.9963,-0.0053,0.1632,0.0000,1788739528.659
55.182,8.1555,4.9963,-0.0053,0.1632,0.0000,1788739528.679
55.202,8.1588,4.9962,-0.0053,0.1632,0.0000,1788739528.699
55.222,8.1621,4.9962,-0.0053,0.1632,0.0000,1788739528.719
55.242,8.1650,4.9962,-0.0053,0.1474,0.0000,1788739528.739
55.262,8.1680,4.9962,-0.0053,0.1474,0.0000,1788739528.759
55.282,8.1709,4.9962,-0.0053,0.1474,0.0000,1788739528.779
55.302,8.1739,4.9962,-0.0053,0.1474,0.0000,1788739528.799
55.322,8.1768,4.9962,-0.0053,0.1474,0.0000,1788739528.819
55.342,8.1798,4.9961,-0.0053,0.1474,0.0000,1788739528.839
55.362,8.1827,4.9961,-0.0053,0.1474,0.0000,1788739528.859
55.382,8.1857,4.9961,-0.0053,0.1474,0.0000,1788739528.879
55.402,8.1886,4.9961,-0.0053,0.1474,0.0000,1788739528.899
55.422,8.1915,4.9961,-0.0053,0.1474,0.0000,1788739528.919
55.443,8.1942,4.9961,-0.0063,0.1316,-0.0526,1788739528.939
55.462,8.1968,4.9960,-0.0074,0.1316,-0.0526,1788739528.959
55.482,8.1994,4.9960,-0.0084,0.1316,-0.0526,1788739528.979
55.502,8.2021,4.9960,-0.0095,0.1316,-0.0526,1788739528.999
55.522,8.2047,4.9960,-0.0105,0.1316,-0.0526,1788739529.019
55.542,8.2073,4.9959,-0.0105,0.1316,0.0000,1788739529.039
55.562,8.2100,4.9959,-0.0105,0.1316,0.0000,1788739529.059
55.582,8.2126,4.9959,-0.0105,0.1316,0.0000,1788739529.079
55.602,8.2152,4.9959,-0.0105,0.1316,0.0000,1788739529.099
55.622,8.2179,4.9958,-0.0105,0.1316,0.0000,1788739529.119
55.642,8.2205,4.9958,-0.0105,0.1316,0.0000,1788739529.139
55.662,8.2231,4.9958,-0.0105,0.1316,0.0000,1788739529.159
55.682,8.2258,4.9957,-0.0105,0.1316,0.0000,1788739529.179
55.702,8.2284,4.9957,-0.0105,0.1316,0.0000,1788739529.199
55.722,8.2310,4.9957,-0.0105,0.1316,0.0000,1788739529.219
55.742,8.2333,4.9957,-0.0105,0.1158,0.0000,1788739529.239
55.762,8.2356,4.9956,-0.0105,0.1158,0.0000,1788739529.259
55.782,8.2380,4.9956,-0.0105,0.1158,0.0000,1788739529.279
55.802,8.2403,4.9956,-0.0105,0.1158,0.0000,1788739529.299
55.822,8.2426,4.9956,-0.0105,0.1158,0.0000,1788739529.319
55.842,8.2449,4.9955,-0.0105,0.1158,0.0000,1788739529.339
55.862,8.2472,4.9955,-0.0105,0.1158,0.0000,1788739529.359
55.882,8.2495,4.9955,-0.0105,0.1158,0.0000,1788739529.379
55.902,8.2519,4.9955,-0.0105,0.1158,0.0000,1788739529.399
55.922,8.2542,4.9954,-0.0105,0.1158,0.0000,1788739529.419
55.942,8.2562,4.9954,-0.0116,0.1000,-0.0526,1788739529.439
55.962,8.2582,4.9954,-0.0126,0.1000,-0.0526,1788739529.459
55.982,8.2602,4.9954,-0.0137,0.1000,-0.0526,1788739529.479
56.002,8.2622,4.9953,-0.0147,0.1000,-0.0526,1788739529.499
56.022,8.2642,4.9953,-0.0158,0.1000,-0.0526,1788739529.519
56.042,8.2662,4.9953,-0.0158,0.1000,0.0000,1788739529.539
56.062,8.2682,4.9952,-0.0158,0.1000,0.0000,1788739529.559
56.082,8.2702,4.9952,-0.0158,0.1000,0.0000,1788739529.579
56.102,8.2722,4.9952,-0.0158,0.1000,0.0000,1788739529.599
56.122,8.2742,4.9951,-0.0158,0.1000,0.0000,1788739529.619
56.142,8.2762,4.9951,-0.0158,0.1000,0.0000,1788739529.639
56.162,8.2782,4.9951,-0.0158,0.1000,0.0000,1788739529.659
56.182,8.2802,4.9951,-0.0158,0.1000,0.0000,1788739529.679
56.202,8.2822,4.9950,-0.0158,0.1000,0.0000,1788739529.699
56.222,8.2842,4.9950,-0.0158,0.1000,0.0000,1788739529.719
56.242,8.2862,4.9950,-0.0158,0.1000,0.0000,1788739529.739
56.262,8.2882,4.9949,-0.0158,0.1000,0.0000,1788739529.759
56.282,8.2902,4.9949,-0.0158,0.1000,0.0000,1788739529.779
56.302,8.2922,4.9949,-0.0158,0.1000,0.0000,1788739529.799
56.322,8.2942,4.9948,-0.0158,0.1000,0.0000,1788739529.819
56.342,8.2962,4.9948,-0.0158,0.1000,0.0000,1788739529.839
56.362,8.2982,4.9948,-0.0158,0.1000,0.0000,1788739529.859
56.382,8.3002,4.9947,-0.0158,0.1000,0.0000,1788739529.879
56.402,8.3022,4.9947,-0.0158,0.1000,0.0000,1788739529.899
56.422,8.3042,4.9947,-0.0158,0.1000,0.0000,1788739529.919
56.443,8.3062,4.9946,-0.0158,0.1000,0.0000,1788739529.939
56.462,8.3082,4.9946,-0.0158,0.1000,0.0000,1788739529.959
56.482,8.3102,4.9946,-0.0158,0.1000,0.0000,1788739529.979
56.502,8.3122,4.9945,-0.0158,0.1000,0.0000,1788739529.999
56.522,8.3142,4.9945,-0.0158,0.1000,0.0000,1788739530.019
56.542,8.3162,4.9945,-0.0158,0.1000,0.0000,1788739530.039
56.562,8.3182,4.9945,-0.0158,0.1000,0.0000,1788739530.059
56.583,8.3202,4.9944,-0.0158,0.1000,0.0000,1788739530.079
56.602,8.3222,4.9944,-0.0158,0.1000,0.0000,1788739530.099
56.622,8.3242,4.9944,-0.0158,0.1000,0.0000,1788739530.119
56.643,8.3262,4.9943,-0.0158,0.1000,0.0000,1788739530.139
56.663,8.3282,4.9943,-0.0158,0.1000,0.0000,1788739530.159
56.683,8.3302,4.9943,-0.0158,0.1000,0.0000,1788739530.179
56.702,8.3322,4.9942,-0.0158,0.1000,0.0000,1788739530.199
56.722,8.3342,4.9942,-0.0158,0.1000,0.0000,1788739530.219
56.742,8.3362,4.9942,-0.0158,0.1000,0.0000,1788739530.239
56.762,8.3382,4.9941,-0.0158,0.1000,0.0000,1788739530.259
56.782,8.3402,4.9941,-0.0158,0.1000,0.0000,1788739530.279
56.802,8.3422,4.9941,-0.0158,0.1000,0.0000,1788739530.299
56.822,8.3442,4.9940,-0.0158,0.1000,0.0000,1788739530.319
56.842,8.3462,4.9940,-0.0158,0.1000,0.0000,1788739530.339
56.862,8.3482,4.9940,-0.0158,0.1000,0.0000,1788739530.359
56.882,8.3502,4.9939,-0.0158,0.1000,0.0000,1788739530.379
56.902,8.3522,4.9939,-0.0158,0.1000,0.0000,1788739530.399
56.922,8.3542,4.9939,-0.0158,0.1000,0.0000,1788739530.419
56.942,8.3562,4.9939,-0.0158,0.1000,0.0000,1788739530.439
56.962,8.3582,4.9938,-0.0158,0.1000,0.0000,1788739530.459
56.982,8.3602,4.9938,-0.0158,0.1000,0.0000,1788739530.479
57.002,8.3622,4.9938,-0.0158,0.1000,0.0000,1788739530.499
57.022,8.3642,4.9937,-0.0158,0.1000,0.0000,1788739530.519
57.042,8.3662,4.9937,-0.0158,0.1000,0.0000,1788739530.539
57.062,8.3682,4.9937,-0.0158,0.1000,0.0000,1788739530.559
57.082,8.3702,4.9936,-0.0158,0.1000,0.0000,1788739530.579
57.102,8.3722,4.9936,-0.0158,0.1000,0.0000,1788739530.599
57.122,8.3742,4.9936,-0.0158,0.1000,0.0000,1788739530.619
57.142,8.3762,4.9935,-0.0158,0.1000,0.0000,1788739530.639
57.162,8.3782,4.9935,-0.0158,0.1000,0.0000,1788739530.659
57.182,8.3802,4.9935,-0.0158,0.1000,0.0000,1788739530.679
57.202,8.3822,4.9934,-0.0158,0.1000,0.0000,1788739530.699
57.222,8.3842,4.9934,-0.0158,0.1000,0.0000,1788739530.719
57.242,8.3862,4.9934,-0.0158,0.1000,0.0000,1788739530.739
57.262,8.3882,4.9933,-0.0158,0.1000,0.0000,1788739530.759
57.282,8.3902,4.9933,-0.0158,0.1000,0.0000,1788739530.779
57.302,8.3922,4.9933,-0.0158,0.1000,0.0000,1788739530.799
57.322,8.3942,4.9933,-0.0158,0.1000,0.0000,1788739530.819
57.342,8.3962,4.9932,-0.0158,0.1000,0.0000,1788739530.839
57.362,8.3982,4.9932,-0.0158,0.1000,0.0000,1788739530.859
57.382,8.4002,4.9932,-0.0158,0.1000,0.0000,1788739530.879
57.402,8.4022,4.9931,-0.0158,0.1000,0.0000,1788739530.899
57.422,8.4042,4.9931,-0.0158,0.1000,0.0000,1788739530.919
57.442,8.4062,4.9931,-0.0158,0.1000,0.0000,1788739530.939
57.462,8.4082,4.9930,-0.0158,0.1000,0.0000,1788739530.959
57.482,8.4102,4.9930,-0.0158,0.1000,0.0000,1788739530.979
57.502,8.4122,4.9930,-0.0158,0.1000,0.0000,1788739530.999
57.522,8.4142,4.9929,-0.0158,0.1000,0.0000,1788739531.019
57.542,8.4162,4.9929,-0.0158,0.1000,0.0000,1788739531.039
57.562,8.4182,4.9929,-0.0158,0.1000,0.0000,1788739531.059
57.582,8.4202,4.9928,-0.0158,0.1000,0.0000,1788739531.079
57.602,8.4222,4.9928,-0.0158,0.1000,0.0000,1788739531.099
57.622,8.4242,4.9928,-0.0158,0.1000,0.0000,1788739531.119
57.642,8.4262,4.9927,-0.0158,0.1000,0.0000,1788739531.139
57.662,8.4282,4.9927,-0.0158,0.1000,0.0000,1788739531.159
57.682,8.4302,4.9927,-0.0158,0.1000,0.0000,1788739531.179
57.702,8.4322,4.9927,-0.0158,0.1000,0.0000,1788739531.199
57.722,8.4342,4.9926,-0.0158,0.1000,0.0000,1788739531.219
57.742,8.4362,4.9926,-0.0158,0.1000,0.0000,1788739531.239
57.762,8.4382,4.9926,-0.0158,0.1000,0.0000,1788739531.259
57.782,8.4402,4.9925,-0.0158,0.1000,0.0000,1788739531.279
57.802,8.4422,4.9925,-0.0158,0.1000,0.0000,1788739531.299
57.822,8.4442,4.9925,-0.0158,0.1000,0.0000,1788739531.319
57.842,8.4462,4.9924,-0.0158,0.1000,0.0000,1788739531.339
57.862,8.4482,4.9924,-0.0158,0.1000,0.0000,1788739531.359
57.882,8.4502,4.9924,-0.0158,0.1000,0.0000,1788739531.379
57.902,8.4521,4.9923,-0.0158,0.1000,0.0000,1788739531.399
57.922,8.4541,4.9923,-0.0158,0.1000,0.0000,1788739531.419
57.942,8.4561,4.9923,-0.0158,0.1000,0.0000,1788739531.439
57.962,8.4581,4.9922,-0.0158,0.1000,0.0000,1788739531.459
57.982,8.4601,4.9922,-0.0158,0.1000,0.0000,1788739531.479
58.002,8.4621,4.9922,-0.0158,0.1000,0.0000,1788739531.499
58.022,8.4641,4.9921,-0.0158,0.1000,0.0000,1788739531.519
58.042,8.4661,4.9921,-0.0158,0.1000,0.0000,1788739531.539
58.062,8.4681,4.9921,-0.0158,0.1000,0.0000,1788739531.559
58.082,8.4701,4.9921,-0.0158,0.1000,0.0000,1788739531.579
58.102,8.4721,4.9920,-0.0158,0.1000,0.0000,1788739531.599
58.122,8.4741,4.9920,-0.0158,0.1000,0.0000,1788739531.619
58.142,8.4761,4.9920,-0.0158,0.1000,0.0000,1788739531.639
58.162,8.4781,4.9919,-0.0158,0.1000,0.0000,1788739531.659
58.182,8.4801,4.9919,-0.0158,0.1000,0.0000,1788739531.679
58.202,8.4821,4.9919,-0.0158,0.1000,0.0000,1788739531.699
58.223,8.4841,4.9918,-0.0158,0.1000,0.0000,1788739531.719
58.243,8.4861,4.9918,-0.0158,0.1000,0.0000,1788739531.739
58.262,8.4881,4.9918,-0.0158,0.1000,0.0000,1788739531.759
58.282,8.4901,4.9917,-0.0158,0.1000,0.0000,1788739531.779
58.302,8.4921,4.9917,-0.0158,0.1000,0.0000,1788739531.799
58.323,8.4941,4.9917,-0.0158,0.1000,0.0000,1788739531.819
58.343,8.4961,4.9916,-0.0158,0.1000,0.0000,1788739531.839
58.363,8.4981,4.9916,-0.0158,0.1000,0.0000,1788739531.859
58.382,8.5001,4.9916,-0.0158,0.1000,0.0000,1788739531.879
58.402,8.5021,4.9915,-0.0158,0.1000,0.0000,1788739531.899
58.422,8.5041,4.9915,-0.0158,0.1000,0.0000,1788739531.919
58.442,8.5068,4.9915,-0.0147,0.1316,0.0526,1788739531.939
58.462,8.5094,4.9914,-0.0137,0.1316,0.0526,1788739531.959
58.482,8.5120,4.9914,-0.0126,0.1316,0.0526,1788739531.979
58.502,8.5147,4.9914,-0.0116,0.1316,0.0526,1788739531.999
58.523,8.5173,4.9913,-0.0105,0.1316,0.0526,1788739532.019
58.542,8.5199,4.9913,-0.0105,0.1316,0.0000,1788739532.039
58.562,8.5226,4.9913,-0.0105,0.1316,0.0000,1788739532.059
58.582,8.5252,4.9913,-0.0105,0.1316,0.0000,1788739532.079
58.602,8.5278,4.9912,-0.0105,0.1316,0.0000,1788739532.099
58.622,8.5305,4.9912,-0.0105,0.1316,0.0000,1788739532.119
58.642,8.5328,4.9912,-0.0095,0.1158,0.0526,1788739532.139
58.662,8.5351,4.9912,-0.0084,0.1158,0.0526,1788739532.159
58.682,8.5374,4.9912,-0.0074,0.1158,0.0526,1788739532.179
58.703,8.5397,4.9911,-0.0063,0.1158,0.0526,1788739532.199
58.722,8.5420,4.9911,-0.0053,0.1158,0.0526,1788739532.219
58.743,8.5444,4.9911,-0.0042,0.1158,0.0526,1788739532.239
58.762,8.5467,4.9911,-0.0032,0.1158,0.0526,1788739532.259
58.782,8.5490,4.9911,-0.0021,0.1158,0.0526,1788739532.279
58.803,8.5513,4.9911,-0.0011,0.1158,0.0526,1788739532.299
58.822,8.5536,4.9911,0.0000,0.1158,0.0526,1788739532.319
58.842,8.5536,4.9911,0.0000,0.0000,0.0000,1788739532.339
58.862,8.5536,4.9911,0.0000,0.0000,0.0000,1788739532.359
58.882,8.5536,4.9911,0.0000,0.0000,0.0000,1788739532.379
58.902,8.5536,4.9911,0.0000,0.0000,0.0000,1788739532.399
58.922,8.5536,4.9911,0.0000,0.0000,0.0000,1788739532.419
58.942,8.5536,4.9911,0.0000,0.0000,0.0000,1788739532.439
