t,x,y,yaw,v,w,t_abs
0.023,1.2000,5.0000,0.0000,0.0000,0.0000,1788738821.290
0.042,1.2000,5.0000,0.0000,0.0000,0.0000,1788738821.310
0.062,1.2000,5.0000,0.0000,0.0000,0.0000,1788738821.330
0.083,1.2000,5.0000,0.0000,0.0000,0.0000,1788738821.350
0.103,1.2000,5.0000,0.0000,0.0000,0.0000,1788738821.370
0.123,1.2000,5.0000,0.0000,0.0000,0.0000,1788738821.390
0.142,1.2000,5.0000,0.0000,0.0000,0.0000,1788738821.410
0.163,1.2000,5.0000,0.0000,0.0000,0.0000,1788738821.430
0.183,1.2000,5.0000,0.0000,0.0000,0.0000,1788738821.450
0.203,1.2000,5.0000,0.0000,0.0000,0.0000,1788738821.470
0.223,1.2000,5.0000,0.0000,0.0000,0.0000,1788738821.490
0.243,1.2000,5.0000,0.0000,0.0000,0.0000,1788738821.510
0.263,1.2000,5.0000,0.0000,0.0000,0.0000,1788738821.530
0.283,1.2000,5.0000,0.0000,0.0000,0.0000,1788738821.550
0.303,1.2000,5.0000,0.0000,0.0000,0.0000,1788738821.570
0.322,1.2000,5.0000,0.0000,0.0000,0.0000,1788738821.590
0.343,1.2000,5.0000,0.0000,0.0000,0.0000,1788738821.610
0.363,1.2000,5.0000,0.0000,0.0000,0.0000,1788738821.630
0.383,1.2000,5.0000,0.0000,0.0000,0.0000,1788738821.650
0.403,1.2000,5.0000,0.0000,0.0000,0.0000,1788738821.670
0.422,1.2000,5.0000,0.0000,0.0000,0.0000,1788738821.690
0.443,1.2000,5.0000,0.0000,0.0000,0.0000,1788738821.710
0.463,1.2000,5.0000,0.0000,0.0000,0.0000,1788738821.730
0.483,1.2000,5.0000,0.0000,0.0000,0.0000,1788738821.750
0.503,1.2000,5.0000,0.0000,0.0000,0.0000,1788738821.770
0.522,1.2000,5.0000,0.0000,0.0000,0.0000,1788738821.790
0.543,1.2000,5.0000,0.0000,0.0000,0.0000,1788738821.810
0.563,1.2000,5.0000,0.0000,0.0000,0.0000,1788738821.830
0.583,1.2000,5.0000,0.0000,0.0000,0.0000,1788738821.850
0.603,1.2000,5.0000,0.0000,0.0000,0.0000,1788738821.870
0.623,1.2000,5.0000,0.0000,0.0000,0.0000,1788738821.890
0.643,1.2000,5.0000,0.0000,0.0000,0.0000,1788738821.910
0.663,1.2000,5.0000,0.0000,0.0000,0.0000,1788738821.930
0.683,1.2000,5.0000,0.0000,0.0000,0.0000,1788738821.950
0.703,1.2000,5.0000,0.0000,0.0000,0.0000,1788738821.970
0.722,1.2000,5.0000,0.0000,0.0000,0.0000,1788738821.990
0.743,1.2000,5.0000,0.0000,0.0000,0.0000,1788738822.010
0.763,1.2000,5.0000,0.0000,0.0000,0.0000,1788738822.030
0.783,1.2000,5.0000,0.0000,0.0000,0.0000,1788738822.050
0.803,1.2000,5.0000,0.0000,0.0000,0.0000,1788738822.070
0.823,1.2000,5.0000,0.0000,0.0000,0.0000,1788738822.090
0.843,1.2000,5.0000,0.0000,0.0000,0.0000,1788738822.110
0.863,1.2000,5.0000,0.0000,0.0000,0.0000,1788738822.130
0.883,1.2000,5.0000,0.0000,0.0000,0.0000,1788738822.150
0.903,1.2000,5.0000,0.0000,0.0000,0.0000,1788738822.170
0.922,1.2000,5.0000,0.0000,0.0000,0.0000,1788738822.190
0.943,1.2000,5.0000,0.0000,0.0000,0.0000,1788738822.210
0.963,1.2000,5.0000,0.0000,0.0000,0.0000,1788738822.230
0.983,1.2000,5.0000,0.0000,0.0000,0.0000,1788738822.250
1.003,1.2000,5.0000,0.0000,0.0000,0.0000,1788738822.270
1.022,1.2000,5.0000,0.0000,0.0000,0.0000,1788738822.290
1.043,1.2000,5.0000,0.0000,0.0000,0.0000,1788738822.310
1.063,1.2000,5.0000,0.0000,0.0000,0.0000,1788738822.330
1.083,1.2000,5.0000,0.0000,0.0000,0.0000,1788738822.350
1.103,1.2000,5.0000,0.0000,0.0000,0.0000,1788738822.370
1.123,1.2000,5.0000,0.0000,0.0000,0.0000,1788738822.390
1.143,1.2000,5.0000,0.0000,0.0000,0.0000,1788738822.410
1.163,1.2000,5.0000,0.0000,0.0000,0.0000,1788738822.430
1.183,1.2000,5.0000,0.0000,0.0000,0.0000,1788738822.450
1.203,1.2000,5.0000,0.0000,0.0000,0.0000,1788738822.470
1.223,1.2000,5.0000,0.0000,0.0000,0.0000,1788738822.490
1.243,1.2000,5.0000,0.0000,0.0000,0.0000,1788738822.510
1.263,1.2000,5.0000,0.0000,0.0000,0.0000,1788738822.530
1.282,1.2000,5.0000,0.0000,0.0000,0.0000,1788738822.550
1.302,1.2000,5.0000,0.0000,0.0000,0.0000,1788738822.570
1.322,1.2000,5.0000,0.0000,0.0000,0.0000,1788738822.590
1.343,1.2000,5.0000,0.0000,0.0000,0.0000,1788738822.610
1.363,1.2000,5.0000,0.0000,0.0000,0.0000,1788738822.630
1.382,1.2000,5.0000,0.0000,0.0000,0.0000,1788738822.650
1.403,1.2000,5.0000,0.0000,0.0000,0.0000,1788738822.670
1.422,1.2000,5.0000,0.0000,0.0000,0.0000,1788738822.690
1.443,1.2000,5.0000,0.0000,0.0000,0.0000,1788738822.710
1.462,1.2000,5.0000,0.0000,0.0000,0.0000,1788738822.730
1.482,1.2000,5.0000,0.0000,0.0000,0.0000,1788738822.750
1.502,1.2000,5.0000,0.0000,0.0000,0.0000,1788738822.770
1.522,1.2000,5.0000,0.0000,0.0000,0.0000,1788738822.790
1.543,1.2000,5.0000,0.0000,0.0000,0.0000,1788738822.810
1.562,1.2000,5.0000,0.0000,0.0000,0.0000,1788738822.830
1.582,1.2000,5.0000,0.0000,0.0000,0.0000,1788738822.850
1.603,1.2000,5.0000,0.0000,0.0000,0.0000,1788738822.870
1.622,1.2000,5.0000,0.0000,0.0000,0.0000,1788738822.890
1.643,1.2000,5.0000,0.0000,0.0000,0.0000,1788738822.910
1.663,1.2000,5.0000,0.0000,0.0000,0.0000,1788738822.930
1.682,1.2000,5.0000,0.0000,0.0000,0.0000,1788738822.950
1.702,1.2000,5.0000,0.0000,0.0000,0.0000,1788738822.970
1.723,1.2000,5.0000,0.0000,0.0000,0.0000,1788738822.990
1.743,1.2000,5.0000,0.0000,0.0000,0.0000,1788738823.010
1.763,1.2000,5.0000,0.0000,0.0000,0.0000,1788738823.030
1.783,1.2000,5.0000,0.0000,0.0000,0.0000,1788738823.050
1.803,1.2000,5.0000,0.0000,0.0000,0.0000,1788738823.070
1.822,1.2000,5.0000,0.0000,0.0000,0.0000,1788738823.090
1.843,1.2000,5.0000,0.0000,0.0000,0.0000,1788738823.110
1.863,1.2000,5.0000,0.0000,0.0000,0.0000,1788738823.130
1.883,1.2000,5.0000,0.0000,0.0000,0.0000,1788738823.150
1.903,1.2000,5.0000,0.0000,0.0000,0.0000,1788738823.170
1.923,1.2000,5.0000,0.0000,0.0000,0.0000,1788738823.190
1.943,1.2000,5.0000,0.0000,0.0000,0.0000,1788738823.210
1.963,1.2000,5.0000,0.0000,0.0000,0.0000,1788738823.230
1.983,1.2000,5.0000,0.0000,0.0000,0.0000,1788738823.250
2.003,1.2000,5.0000,0.0000,0.0000,0.0000,1788738823.270
2.023,1.2000,5.0000,0.0000,0.0000,0.0000,1788738823.290
2.043,1.2000,5.0000,0.0000,0.0000,0.0000,1788738823.310
2.063,1.2000,5.0000,0.0000,0.0000,0.0000,1788738823.330
2.082,1.2000,5.0000,0.0000,0.0000,0.0000,1788738823.350
2.103,1.2000,5.0000,0.0000,0.0000,0.0000,1788738823.370
2.123,1.2000,5.0000,0.0000,0.0000,0.0000,1788738823.390
2.143,1.2000,5.0000,0.0000,0.0000,0.0000,1788738823.410
2.163,1.2000,5.0000,0.0000,0.0000,0.0000,1788738823.430
2.183,1.2000,5.0000,0.0000,0.0000,0.0000,1788738823.450
2.203,1.2000,5.0000,0.0000,0.0000,0.0000,1788738823.470
2.223,1.2000,5.0000,0.0000,0.0000,0.0000,1788738823.490
2.243,1.2000,5.0000,0.0000,0.0000,0.0000,1788738823.510
2.263,1.2000,5.0000,0.0000,0.0000,0.0000,1788738823.530
2.282,1.2000,5.0000,0.0000,0.0000,0.0000,1788738823.550
2.303,1.2000,5.0000,0.0000,0.0000,0.0000,1788738823.570
2.322,1.2000,5.0000,0.0000,0.0000,0.0000,1788738823.590
2.343,1.2000,5.0000,0.0000,0.0000,0.0000,1788738823.610
2.363,1.2000,5.0000,0.0000,0.0000,0.0000,1788738823.630
2.383,1.2000,5.0000,0.0000,0.0000,0.0000,1788738823.650
2.403,1.2000,5.0000,0.0000,0.0000,0.0000,1788738823.670
2.423,1.2000,5.0000,0.0000,0.0000,0.0000,1788738823.690
2.443,1.2000,5.0000,0.0000,0.0000,0.0000,1788738823.710
2.463,1.2000,5.0000,0.0000,0.0000,0.0000,1788738823.730
2.483,1.2000,5.0000,0.0000,0.0000,0.0000,1788738823.750
2.503,1.2000,5.0000,0.0000,0.0000,0.0000,1788738823.770
2.523,1.2000,5.0000,0.0000,0.0000,0.0000,1788738823.790
2.543,1.2000,5.0000,0.0000,0.0000,0.0000,1788738823.810
2.563,1.2000,5.0000,0.0000,0.0000,0.0000,1788738823.830
2.583,1.2000,5.0000,0.0000,0.0000,0.0000,1788738823.850
2.603,1.2000,5.0000,0.0000,0.0000,0.0000,1788738823.870
2.623,1.2000,5.0000,0.0000,0.0000,0.0000,1788738823.890
2.643,1.2000,5.0000,0.0000,0.0000,0.0000,1788738823.910
2.663,1.2000,5.0000,0.0000,0.0000,0.0000,1788738823.930
2.683,1.2000,5.0000,0.0000,0.0000,0.0000,1788738823.950
2.703,1.2000,5.0000,0.0000,0.0000,0.0000,1788738823.970
2.723,1.2000,5.0000,0.0000,0.0000,0.0000,1788738823.990
2.743,1.2000,5.0000,0.0000,0.0000,0.0000,1788738824.010
2.763,1.2000,5.0000,0.0000,0.0000,0.0000,1788738824.030
2.783,1.2000,5.0000,0.0000,0.0000,0.0000,1788738824.050
2.803,1.2000,5.0000,0.0000,0.0000,0.0000,1788738824.070
2.823,1.2000,5.0000,0.0000,0.0000,0.0000,1788738824.090
2.843,1.2000,5.0000,0.0000,0.0000,0.0000,1788738824.110
2.863,1.2000,5.0000,0.0000,0.0000,0.0000,1788738824.130
2.883,1.2000,5.0000,0.0000,0.0000,0.0000,1788738824.150
2.903,1.2000,5.0000,0.0000,0.0000,0.0000,1788738824.170
2.923,1.2000,5.0000,0.0000,0.0000,0.0000,1788738824.190
2.943,1.2000,5.0000,0.0000,0.0000,0.0000,1788738824.210
2.963,1.2000,5.0000,0.0000,0.0000,0.0000,1788738824.230
2.983,1.2000,5.0000,0.0000,0.0000,0.0000,1788738824.250
3.003,1.2000,5.0000,0.0000,0.0000,0.0000,1788738824.270
3.023,1.2000,5.0000,0.0000,0.0000,0.0000,1788738824.290
3.043,1.2000,5.0000,0.0000,0.0000,0.0000,1788738824.310
3.063,1.2000,5.0000,0.0000,0.0000,0.0000,1788738824.330
3.083,1.2000,5.0000,0.0000,0.0000,0.0000,1788738824.350
3.103,1.2000,5.0000,0.0000,0.0000,0.0000,1788738824.370
3.123,1.2000,5.0000,0.0000,0.0000,0.0000,1788738824.390
3.142,1.2000,5.0000,0.0000,0.0000,0.0000,1788738824.410
3.163,1.2000,5.0000,0.0000,0.0000,0.0000,1788738824.430
3.182,1.2000,5.0000,0.0000,0.0000,0.0000,1788738824.450
3.202,1.2000,5.0000,0.0000,0.0000,0.0000,1788738824.470
3.222,1.2000,5.0000,0.0000,0.0000,0.0000,1788738824.490
3.243,1.2000,5.0000,0.0000,0.0000,0.0000,1788738824.510
3.263,1.2000,5.0000,0.0000,0.0000,0.0000,1788738824.530
3.283,1.2000,5.0000,0.0000,0.0000,0.0000,1788738824.550
3.303,1.2000,5.0000,0.0000,0.0000,0.0000,1788738824.570
3.323,1.2000,5.0000,0.0000,0.0000,0.0000,1788738824.590
3.342,1.2000,5.0000,0.0000,0.0000,0.0000,1788738824.610
3.363,1.2000,5.0000,0.0000,0.0000,0.0000,1788738824.630
3.383,1.2000,5.0000,0.0000,0.0000,0.0000,1788738824.650
3.402,1.2000,5.0000,0.0000,0.0000,0.0000,1788738824.670
3.422,1.2000,5.0000,0.0000,0.0000,0.0000,1788738824.690
3.443,1.2000,5.0000,0.0000,0.0000,0.0000,1788738824.710
3.463,1.2000,5.0000,0.0000,0.0000,0.0000,1788738824.730
3.483,1.2000,5.0000,0.0000,0.0000,0.0000,1788738824.750
3.503,1.2000,5.0000,0.0000,0.0000,0.0000,1788738824.770
3.523,1.2000,5.0000,0.0000,0.0000,0.0000,1788738824.790
3.542,1.2000,5.0000,0.0000,0.0000,0.0000,1788738824.810
3.563,1.2000,5.0000,0.0000,0.0000,0.0000,1788738824.830
3.583,1.2000,5.0000,0.0000,0.0000,0.0000,1788738824.850
3.603,1.2000,5.0000,0.0000,0.0000,0.0000,1788738824.870
3.623,1.2000,5.0000,0.0000,0.0000,0.0000,1788738824.890
3.643,1.2000,5.0000,0.0000,0.0000,0.0000,1788738824.910
3.663,1.2000,5.0000,0.0000,0.0000,0.0000,1788738824.930
3.683,1.2000,5.0000,0.0000,0.0000,0.0000,1788738824.950
3.703,1.2000,5.0000,0.0000,0.0000,0.0000,1788738824.970
3.723,1.2000,5.0000,0.0000,0.0000,0.0000,1788738824.990
3.742,1.2000,5.0000,0.0000,0.0000,0.0000,1788738825.010
3.763,1.2000,5.0000,0.0000,0.0000,0.0000,1788738825.030
3.783,1.2000,5.0000,0.0000,0.0000,0.0000,1788738825.050
3.803,1.2000,5.0000,0.0000,0.0000,0.0000,1788738825.070
3.823,1.2000,5.0000,0.0000,0.0000,0.0000,1788738825.090
3.842,1.2000,5.0000,0.0000,0.0000,0.0000,1788738825.110
3.863,1.2000,5.0000,0.0000,0.0000,0.0000,1788738825.130
3.883,1.2000,5.0000,0.0000,0.0000,0.0000,1788738825.150
3.903,1.2000,5.0000,0.0000,0.0000,0.0000,1788738825.170
3.923,1.2000,5.0000,0.0000,0.0000,0.0000,1788738825.190
3.942,1.2000,5.0000,0.0000,0.0000,0.0000,1788738825.210
3.963,1.2000,5.0000,0.0000,0.0000,0.0000,1788738825.230
3.983,1.2000,5.0000,0.0000,0.0000,0.0000,1788738825.250
4.003,1.2000,5.0000,0.0000,0.0000,0.0000,1788738825.270
4.023,1.2000,5.0000,0.0000,0.0000,0.0000,1788738825.290
4.043,1.2000,5.0000,0.0000,0.0000,0.0000,1788738825.310
4.063,1.2000,5.0000,0.0000,0.0000,0.0000,1788738825.330
4.083,1.2000,5.0000,0.0000,0.0000,0.0000,1788738825.350
4.103,1.2000,5.0000,0.0000,0.0000,0.0000,1788738825.370
4.122,1.2000,5.0000,0.0000,0.0000,0.0000,1788738825.390
4.142,1.2000,5.0000,0.0000,0.0000,0.0000,1788738825.410
4.163,1.2000,5.0000,0.0000,0.0000,0.0000,1788738825.430
4.183,1.2000,5.0000,0.0000,0.0000,0.0000,1788738825.450
4.203,1.2000,5.0000,0.0000,0.0000,0.0000,1788738825.470
4.223,1.2000,5.0000,0.0000,0.0000,0.0000,1788738825.490
4.243,1.2000,5.0000,0.0000,0.0000,0.0000,1788738825.510
4.263,1.2000,5.0000,0.0000,0.0000,0.0000,1788738825.530
4.283,1.2000,5.0000,0.0000,0.0000,0.0000,1788738825.550
4.303,1.2000,5.0000,0.0000,0.0000,0.0000,1788738825.570
4.323,1.2000,5.0000,0.0000,0.0000,0.0000,1788738825.590
4.342,1.2000,5.0000,0.0000,0.0000,0.0000,1788738825.610
4.363,1.2000,5.0000,0.0000,0.0000,0.0000,1788738825.630
4.383,1.2000,5.0000,0.0000,0.0000,0.0000,1788738825.650
4.402,1.2000,5.0000,0.0000,0.0000,0.0000,1788738825.670
4.422,1.2000,5.0000,0.0000,0.0000,0.0000,1788738825.690
4.443,1.2000,5.0000,0.0000,0.0000,0.0000,1788738825.710
4.463,1.2000,5.0000,0.0000,0.0000,0.0000,1788738825.730
4.482,1.2000,5.0000,0.0000,0.0000,0.0000,1788738825.750
4.503,1.2000,5.0000,0.0000,0.0000,0.0000,1788738825.770
4.522,1.2000,5.0000,0.0000,0.0000,0.0000,1788738825.790
4.542,1.2000,5.0000,0.0000,0.0000,0.0000,1788738825.810
4.562,1.2000,5.0000,0.0000,0.0000,0.0000,1788738825.830
4.583,1.2000,5.0000,0.0000,0.0000,0.0000,1788738825.850
4.603,1.2000,5.0000,0.0000,0.0000,0.0000,1788738825.870
4.622,1.2000,5.0000,0.0000,0.0000,0.0000,1788738825.890
4.642,1.2000,5.0000,0.0000,0.0000,0.0000,1788738825.910
4.663,1.2000,5.0000,0.0000,0.0000,0.0000,1788738825.930
4.683,1.2000,5.0000,0.0000,0.0000,0.0000,1788738825.950
4.702,1.2000,5.0000,0.0000,0.0000,0.0000,1788738825.970
4.722,1.2000,5.0000,0.0000,0.0000,0.0000,1788738825.990
4.742,1.2000,5.0000,0.0000,0.0000,0.0000,1788738826.010
4.763,1.2000,5.0000,0.0000,0.0000,0.0000,1788738826.030
4.783,1.2000,5.0000,0.0000,0.0000,0.0000,1788738826.050
4.803,1.2000,5.0000,0.0000,0.0000,0.0000,1788738826.070
4.822,1.2000,5.0000,0.0000,0.0000,0.0000,1788738826.090
4.842,1.2000,5.0000,0.0000,0.0000,0.0000,1788738826.110
4.862,1.2000,5.0000,0.0000,0.0000,0.0000,1788738826.130
4.883,1.2000,5.0000,0.0000,0.0000,0.0000,1788738826.150
4.903,1.2000,5.0000,0.0000,0.0000,0.0000,1788738826.170
4.923,1.2000,5.0000,0.0000,0.0000,0.0000,1788738826.190
4.943,1.2000,5.0000,0.0000,0.0000,0.0000,1788738826.210
4.963,1.2000,5.0000,0.0000,0.0000,0.0000,1788738826.230
4.983,1.2000,5.0000,0.0000,0.0000,0.0000,1788738826.250
5.003,1.2000,5.0000,0.0000,0.0000,0.0000,1788738826.270
5.023,1.2000,5.0000,0.0000,0.0000,0.0000,1788738826.290
5.043,1.2000,5.0000,0.0000,0.0000,0.0000,1788738826.310
5.063,1.2000,5.0000,0.0000,0.0000,0.0000,1788738826.330
5.083,1.2000,5.0000,0.0000,0.0000,0.0000,1788738826.350
5.103,1.2000,5.0000,0.0000,0.0000,0.0000,1788738826.370
5.122,1.2000,5.0000,0.0000,0.0000,0.0000,1788738826.390
5.143,1.2000,5.0000,0.0000,0.0000,0.0000,1788738826.410
5.163,1.2000,5.0000,0.0000,0.0000,0.0000,1788738826.430
5.183,1.2000,5.0000,0.0000,0.0000,0.0000,1788738826.450
5.203,1.2000,5.0000,0.0000,0.0000,0.0000,1788738826.470
5.223,1.2000,5.0000,0.0000,0.0000,0.0000,1788738826.490
5.243,1.2000,5.0000,0.0000,0.0000,0.0000,1788738826.510
5.263,1.2000,5.0000,0.0000,0.0000,0.0000,1788738826.530
5.282,1.2000,5.0000,0.0000,0.0000,0.0000,1788738826.550
5.303,1.2000,5.0000,0.0000,0.0000,0.0000,1788738826.570
5.323,1.2000,5.0000,0.0000,0.0000,0.0000,1788738826.590
5.343,1.2000,5.0000,0.0000,0.0000,0.0000,1788738826.610
5.362,1.2000,5.0000,0.0000,0.0000,0.0000,1788738826.630
5.382,1.2000,5.0000,0.0000,0.0000,0.0000,1788738826.650
5.403,1.2000,5.0000,0.0000,0.0000,0.0000,1788738826.670
5.423,1.2000,5.0000,0.0000,0.0000,0.0000,1788738826.690
5.443,1.2000,5.0000,0.0000,0.0000,0.0000,1788738826.710
5.463,1.2000,5.0000,0.0000,0.0000,0.0000,1788738826.730
5.483,1.2000,5.0000,0.0000,0.0000,0.0000,1788738826.750
5.502,1.2000,5.0000,0.0000,0.0000,0.0000,1788738826.770
5.522,1.2000,5.0000,0.0000,0.0000,0.0000,1788738826.790
5.543,1.2000,5.0000,0.0000,0.0000,0.0000,1788738826.810
5.563,1.2000,5.0000,0.0000,0.0000,0.0000,1788738826.830
5.583,1.2000,5.0000,0.0000,0.0000,0.0000,1788738826.850
5.603,1.2000,5.0000,0.0000,0.0000,0.0000,1788738826.870
5.623,1.2000,5.0000,0.0000,0.0000,0.0000,1788738826.890
5.643,1.2000,5.0000,0.0000,0.0000,0.0000,1788738826.910
5.663,1.2000,5.0000,0.0000,0.0000,0.0000,1788738826.930
5.683,1.2000,5.0000,0.0000,0.0000,0.0000,1788738826.950
5.703,1.2000,5.0000,0.0000,0.0000,0.0000,1788738826.970
5.723,1.2000,5.0000,0.0000,0.0000,0.0000,1788738826.990
5.743,1.2000,5.0000,0.0000,0.0000,0.0000,1788738827.010
5.763,1.2000,5.0000,0.0000,0.0000,0.0000,1788738827.030
5.783,1.2000,5.0000,0.0000,0.0000,0.0000,1788738827.050
5.803,1.2000,5.0000,0.0000,0.0000,0.0000,1788738827.070
5.823,1.2000,5.0000,0.0000,0.0000,0.0000,1788738827.090
5.842,1.2000,5.0000,0.0000,0.0000,0.0000,1788738827.110
5.863,1.2000,5.0000,0.0000,0.0000,0.0000,1788738827.130
5.883,1.2000,5.0000,0.0000,0.0000,0.0000,1788738827.150
5.903,1.2000,5.0000,0.0000,0.0000,0.0000,1788738827.170
5.923,1.2000,5.0000,0.0000,0.0000,0.0000,1788738827.190
5.943,1.2000,5.0000,0.0000,0.0000,0.0000,1788738827.210
5.962,1.2000,5.0000,0.0000,0.0000,0.0000,1788738827.230
5.983,1.2000,5.0000,0.0000,0.0000,0.0000,1788738827.250
6.002,1.2000,5.0000,0.0000,0.0000,0.0000,1788738827.270
6.023,1.2000,5.0000,0.0000,0.0000,0.0000,1788738827.290
6.043,1.2000,5.0000,0.0000,0.0000,0.0000,1788738827.310
6.063,1.2000,5.0000,0.0000,0.0000,0.0000,1788738827.330
6.083,1.2000,5.0000,0.0000,0.0000,0.0000,1788738827.350
6.103,1.2000,5.0000,0.0000,0.0000,0.0000,1788738827.370
6.123,1.2000,5.0000,0.0000,0.0000,0.0000,1788738827.390
6.143,1.2000,5.0000,0.0000,0.0000,0.0000,1788738827.410
6.163,1.2000,5.0000,0.0000,0.0000,0.0000,1788738827.430
6.183,1.2000,5.0000,0.0000,0.0000,0.0000,1788738827.450
6.202,1.2000,5.0000,0.0000,0.0000,0.0000,1788738827.470
6.223,1.2000,5.0000,0.0000,0.0000,0.0000,1788738827.490
6.243,1.2000,5.0000,0.0000,0.0000,0.0000,1788738827.510
6.263,1.2000,5.0000,0.0000,0.0000,0.0000,1788738827.530
6.283,1.2000,5.0000,0.0000,0.0000,0.0000,1788738827.550
6.303,1.2000,5.0000,0.0000,0.0000,0.0000,1788738827.570
6.323,1.2000,5.0000,0.0000,0.0000,0.0000,1788738827.590
6.343,1.2000,5.0000,0.0000,0.0000,0.0000,1788738827.610
6.362,1.2000,5.0000,0.0000,0.0000,0.0000,1788738827.630
6.383,1.2000,5.0000,0.0000,0.0000,0.0000,1788738827.650
6.403,1.2000,5.0000,0.0000,0.0000,0.0000,1788738827.670
6.423,1.2000,5.0000,0.0000,0.0000,0.0000,1788738827.690
6.442,1.2000,5.0000,0.0000,0.0000,0.0000,1788738827.710
6.462,1.2000,5.0000,0.0000,0.0000,0.0000,1788738827.730
6.483,1.2000,5.0000,0.0000,0.0000,0.0000,1788738827.750
6.502,1.2000,5.0000,0.0000,0.0000,0.0000,1788738827.770
6.522,1.2000,5.0000,0.0000,0.0000,0.0000,1788738827.790
6.542,1.2000,5.0000,0.0000,0.0000,0.0000,1788738827.810
6.562,1.2000,5.0000,0.0000,0.0000,0.0000,1788738827.830
6.583,1.2000,5.0000,0.0000,0.0000,0.0000,1788738827.850
6.603,1.2000,5.0000,0.0000,0.0000,0.0000,1788738827.870
6.623,1.2000,5.0000,0.0000,0.0000,0.0000,1788738827.890
6.642,1.2000,5.0000,0.0000,0.0000,0.0000,1788738827.910
6.663,1.2000,5.0000,0.0000,0.0000,0.0000,1788738827.930
6.683,1.2000,5.0000,0.0000,0.0000,0.0000,1788738827.950
6.703,1.2000,5.0000,0.0000,0.0000,0.0000,1788738827.970
6.723,1.2000,5.0000,0.0000,0.0000,0.0000,1788738827.990
6.742,1.2000,5.0000,0.0000,0.0000,0.0000,1788738828.010
6.763,1.2000,5.0000,0.0000,0.0000,0.0000,1788738828.030
6.783,1.2000,5.0000,0.0000,0.0000,0.0000,1788738828.050
6.803,1.2000,5.0000,0.0000,0.0000,0.0000,1788738828.070
6.823,1.2000,5.0000,0.0000,0.0000,0.0000,1788738828.090
6.842,1.2000,5.0000,0.0000,0.0000,0.0000,1788738828.110
6.863,1.2000,5.0000,0.0000,0.0000,0.0000,1788738828.130
6.883,1.2000,5.0000,0.0000,0.0000,0.0000,1788738828.150
6.903,1.2000,5.0000,0.0000,0.0000,0.0000,1788738828.170
6.923,1.2000,5.0000,0.0000,0.0000,0.0000,1788738828.190
6.942,1.2000,5.0000,0.0000,0.0000,0.0000,1788738828.210
6.962,1.2000,5.0000,0.0000,0.0000,0.0000,1788738828.230
6.983,1.2000,5.0000,0.0000,0.0000,0.0000,1788738828.250
7.002,1.2000,5.0000,0.0000,0.0000,0.0000,1788738828.270
7.023,1.2000,5.0000,0.0000,0.0000,0.0000,1788738828.290
7.043,1.2000,5.0000,0.0000,0.0000,0.0000,1788738828.310
7.063,1.2000,5.0000,0.0000,0.0000,0.0000,1788738828.330
7.083,1.2000,5.0000,0.0000,0.0000,0.0000,1788738828.350
7.103,1.2000,5.0000,0.0000,0.0000,0.0000,1788738828.370
7.123,1.2000,5.0000,0.0000,0.0000,0.0000,1788738828.390
7.142,1.2000,5.0000,0.0000,0.0000,0.0000,1788738828.410
7.163,1.2000,5.0000,0.0000,0.0000,0.0000,1788738828.430
7.183,1.2000,5.0000,0.0000,0.0000,0.0000,1788738828.450
7.203,1.2000,5.0000,0.0000,0.0000,0.0000,1788738828.470
7.223,1.2000,5.0000,0.0000,0.0000,0.0000,1788738828.490
7.242,1.2000,5.0000,0.0000,0.0000,0.0000,1788738828.510
7.263,1.2000,5.0000,0.0000,0.0000,0.0000,1788738828.530
7.282,1.2000,5.0000,0.0000,0.0000,0.0000,1788738828.550
7.303,1.2000,5.0000,0.0000,0.0000,0.0000,1788738828.570
7.323,1.2000,5.0000,0.0000,0.0000,0.0000,1788738828.590
7.342,1.2000,5.0000,0.0000,0.0000,0.0000,1788738828.610
7.362,1.2000,5.0000,0.0000,0.0000,0.0000,1788738828.630
7.383,1.2000,5.0000,0.0000,0.0000,0.0000,1788738828.650
7.402,1.2000,5.0000,0.0000,0.0000,0.0000,1788738828.670
7.423,1.2000,5.0000,0.0000,0.0000,0.0000,1788738828.690
7.443,1.2000,5.0000,0.0000,0.0000,0.0000,1788738828.710
7.463,1.2000,5.0000,0.0000,0.0000,0.0000,1788738828.730
7.483,1.2000,5.0000,0.0000,0.0000,0.0000,1788738828.750
7.502,1.2000,5.0000,0.0000,0.0000,0.0000,1788738828.770
7.522,1.2000,5.0000,0.0000,0.0000,0.0000,1788738828.790
7.542,1.2000,5.0000,0.0000,0.0000,0.0000,1788738828.810
7.563,1.2000,5.0000,0.0000,0.0000,0.0000,1788738828.830
7.582,1.2000,5.0000,0.0000,0.0000,0.0000,1788738828.850
7.603,1.2000,5.0000,0.0000,0.0000,0.0000,1788738828.870
7.622,1.2000,5.0000,0.0000,0.0000,0.0000,1788738828.890
7.643,1.2000,5.0000,0.0000,0.0000,0.0000,1788738828.910
7.662,1.2000,5.0000,0.0000,0.0000,0.0000,1788738828.930
7.683,1.2000,5.0000,0.0000,0.0000,0.0000,1788738828.950
7.702,1.2000,5.0000,0.0000,0.0000,0.0000,1788738828.970
7.723,1.2000,5.0000,0.0000,0.0000,0.0000,1788738828.990
7.742,1.2000,5.0000,0.0000,0.0000,0.0000,1788738829.010
7.762,1.2000,5.0000,0.0000,0.0000,0.0000,1788738829.030
7.783,1.2000,5.0000,0.0000,0.0000,0.0000,1788738829.050
7.802,1.2000,5.0000,0.0000,0.0000,0.0000,1788738829.070
7.822,1.2000,5.0000,0.0000,0.0000,0.0000,1788738829.090
7.842,1.2000,5.0000,0.0000,0.0000,0.0000,1788738829.110
7.863,1.2000,5.0000,0.0000,0.0000,0.0000,1788738829.130
7.882,1.2000,5.0000,0.0000,0.0000,0.0000,1788738829.150
7.904,1.2000,5.0000,0.0000,0.0000,0.0000,1788738829.171
7.922,1.2000,5.0000,0.0000,0.0000,0.0000,1788738829.190
7.942,1.2000,5.0000,0.0000,0.0000,0.0000,1788738829.210
7.962,1.2000,5.0000,0.0000,0.0000,0.0000,1788738829.230
7.982,1.2000,5.0000,0.0000,0.0000,0.0000,1788738829.250
8.002,1.2000,5.0000,0.0000,0.0000,0.0000,1788738829.270
8.022,1.2000,5.0000,0.0000,0.0000,0.0000,1788738829.290
8.042,1.2000,5.0000,0.0000,0.0000,0.0000,1788738829.310
8.062,1.2000,5.0000,0.0000,0.0000,0.0000,1788738829.330
8.082,1.2000,5.0000,0.0000,0.0000,0.0000,1788738829.350
8.103,1.2000,5.0000,0.0000,0.0000,0.0000,1788738829.370
8.123,1.2000,5.0000,0.0000,0.0000,0.0000,1788738829.390
8.142,1.2000,5.0000,0.0000,0.0000,0.0000,1788738829.410
8.162,1.2000,5.0000,0.0000,0.0000,0.0000,1788738829.430
8.182,1.2000,5.0000,0.0000,0.0000,0.0000,1788738829.450
8.202,1.2000,5.0000,0.0000,0.0000,0.0000,1788738829.470
8.222,1.2000,5.0000,0.0000,0.0000,0.0000,1788738829.490
8.242,1.2000,5.0000,0.0000,0.0000,0.0000,1788738829.510
8.262,1.2000,5.0000,0.0000,0.0000,0.0000,1788738829.530
8.282,1.2000,5.0000,0.0000,0.0000,0.0000,1788738829.550
8.302,1.2000,5.0000,0.0000,0.0000,0.0000,1788738829.570
8.322,1.2000,5.0000,0.0000,0.0000,0.0000,1788738829.590
8.342,1.2000,5.0000,0.0000,0.0000,0.0000,1788738829.610
8.362,1.2080,5.0000,0.0000,0.4000,0.0000,1788738829.630
8.382,1.2160,5.0000,0.0000,0.4000,0.0000,1788738829.650
8.402,1.2240,5.0000,0.0000,0.4000,0.0000,1788738829.670
8.422,1.2320,5.0000,0.0000,0.4000,0.0000,1788738829.690
8.442,1.2397,5.0000,0.0000,0.3842,0.0000,1788738829.710
8.462,1.2474,5.0000,0.0000,0.3842,0.0000,1788738829.730
8.482,1.2551,5.0000,0.0000,0.3842,0.0000,1788738829.750
8.502,1.2627,5.0000,0.0000,0.3842,0.0000,1788738829.770
8.522,1.2704,5.0000,0.0000,0.3842,0.0000,1788738829.790
8.542,1.2784,5.0000,0.0000,0.4000,0.0000,1788738829.810
8.562,1.2864,5.0000,0.0000,0.4000,0.0000,1788738829.830
8.582,1.2944,5.0000,0.0000,0.4000,0.0000,1788738829.850
8.602,1.3024,5.0000,0.0000,0.4000,0.0000,1788738829.870
8.622,1.3104,5.0000,0.0000,0.4000,0.0000,1788738829.890
8.642,1.3184,5.0000,0.0000,0.4000,0.0000,1788738829.910
8.662,1.3264,5.0000,0.0000,0.4000,0.0000,1788738829.930
8.682,1.3344,5.0000,0.0000,0.4000,0.0000,1788738829.950
8.702,1.3424,5.0000,0.0000,0.4000,0.0000,1788738829.970
8.722,1.3504,5.0000,0.0000,0.4000,0.0000,1788738829.990
8.742,1.3584,5.0000,0.0000,0.4000,0.0000,1788738830.010
8.762,1.3664,5.0000,0.0000,0.4000,0.0000,1788738830.030
8.782,1.3744,5.0000,0.0000,0.4000,0.0000,1788738830.050
8.802,1.3824,5.0000,0.0000,0.4000,0.0000,1788738830.070
8.822,1.3904,5.0000,0.0000,0.4000,0.0000,1788738830.090
8.842,1.3981,5.0000,0.0000,0.3842,0.0000,1788738830.110
8.862,1.4058,5.0000,0.0000,0.3842,0.0000,1788738830.130
8.882,1.4135,5.0000,0.0000,0.3842,0.0000,1788738830.150
8.902,1.4212,5.0000,0.0000,0.3842,0.0000,1788738830.170
8.922,1.4288,5.0000,0.0000,0.3842,0.0000,1788738830.190
8.942,1.4368,5.0000,0.0000,0.4000,0.0000,1788738830.210
8.962,1.4448,5.0000,0.0000,0.4000,0.0000,1788738830.230
8.983,1.4528,5.0000,0.0000,0.4000,0.0000,1788738830.250
9.002,1.4608,5.0000,0.0000,0.4000,0.0000,1788738830.270
9.023,1.4688,5.0000,0.0000,0.4000,0.0000,1788738830.290
9.042,1.4768,5.0000,0.0000,0.4000,0.0000,1788738830.310
9.062,1.4848,5.0000,0.0000,0.4000,0.0000,1788738830.330
9.083,1.4928,5.0000,0.0000,0.4000,0.0000,1788738830.350
9.103,1.5008,5.0000,0.0000,0.4000,0.0000,1788738830.370
9.123,1.5088,5.0000,0.0000,0.4000,0.0000,1788738830.390
9.142,1.5168,5.0000,0.0000,0.4000,0.0000,1788738830.410
9.163,1.5248,5.0000,0.0000,0.4000,0.0000,1788738830.430
9.183,1.5328,5.0000,0.0000,0.4000,0.0000,1788738830.450
9.203,1.5408,5.0000,0.0000,0.4000,0.0000,1788738830.470
9.223,1.5488,5.0000,0.0000,0.4000,0.0000,1788738830.490
9.243,1.5565,5.0000,0.0000,0.3842,0.0000,1788738830.510
9.263,1.5642,5.0000,0.0000,0.3842,0.0000,1788738830.530
9.283,1.5719,5.0000,0.0000,0.3842,0.0000,1788738830.550
9.303,1.5796,5.0000,0.0000,0.3842,0.0000,1788738830.570
9.323,1.5873,5.0000,0.0000,0.3842,0.0000,1788738830.590
9.342,1.5949,5.0000,0.0000,0.3842,0.0000,1788738830.610
9.363,1.6026,5.0000,0.0000,0.3842,0.0000,1788738830.630
9.383,1.6103,5.0000,0.0000,0.3842,0.0000,1788738830.650
9.402,1.6180,5.0000,0.0000,0.3842,0.0000,1788738830.670
9.423,1.6257,5.0000,0.0000,0.3842,0.0000,1788738830.690
9.443,1.6337,5.0000,0.0000,0.4000,0.0000,1788738830.710
9.463,1.6417,5.0000,0.0000,0.4000,0.0000,1788738830.730
9.482,1.6497,5.0000,0.0000,0.4000,0.0000,1788738830.750
9.502,1.6577,5.0000,0.0000,0.4000,0.0000,1788738830.770
9.523,1.6657,5.0000,0.0000,0.4000,0.0000,1788738830.790
9.542,1.6737,5.0000,0.0000,0.4000,0.0000,1788738830.810
9.562,1.6817,5.0000,0.0000,0.4000,0.0000,1788738830.830
9.583,1.6897,5.0000,0.0000,0.4000,0.0000,1788738830.850
9.603,1.6977,5.0000,0.0000,0.4000,0.0000,1788738830.870
9.623,1.7057,5.0000,0.0000,0.4000,0.0000,1788738830.890
9.642,1.7137,5.0000,0.0000,0.4000,0.0000,1788738830.910
9.663,1.7217,5.0000,0.0000,0.4000,0.0000,1788738830.930
9.683,1.7297,5.0000,0.0000,0.4000,0.0000,1788738830.950
9.703,1.7377,5.0000,0.0000,0.4000,0.0000,1788738830.970
9.723,1.7457,5.0000,0.0000,0.4000,0.0000,1788738830.990
9.742,1.7534,5.0000,0.0000,0.3842,0.0000,1788738831.010
9.763,1.7611,5.0000,0.0000,0.3842,0.0000,1788738831.030
9.783,1.7687,5.0000,0.0000,0.3842,0.0000,1788738831.050
9.803,1.7764,5.0000,0.0000,0.3842,0.0000,1788738831.070
9.823,1.7841,5.0000,0.0000,0.3842,0.0000,1788738831.090
9.843,1.7918,5.0000,0.0000,0.3842,0.0000,1788738831.110
9.863,1.7995,5.0000,0.0000,0.3842,0.0000,1788738831.130
9.883,1.8072,5.0000,0.0000,0.3842,0.0000,1788738831.150
9.903,1.8148,5.0000,0.0000,0.3842,0.0000,1788738831.170
9.923,1.8225,5.0000,0.0000,0.3842,0.0000,1788738831.190
9.942,1.8305,5.0000,0.0000,0.4000,0.0000,1788738831.210
9.963,1.8385,5.0000,0.0000,0.4000,0.0000,1788738831.230
9.983,1.8465,5.0000,0.0000,0.4000,0.0000,1788738831.250
10.002,1.8545,5.0000,0.0000,0.4000,0.0000,1788738831.270
10.023,1.8625,5.0000,0.0000,0.4000,0.0000,1788738831.290
10.043,1.8705,5.0000,0.0000,0.4000,0.0000,1788738831.310
10.062,1.8785,5.0000,0.0000,0.4000,0.0000,1788738831.330
10.082,1.8865,5.0000,0.0000,0.4000,0.0000,1788738831.350
10.103,1.8945,5.0000,0.0000,0.4000,0.0000,1788738831.370
10.123,1.9025,5.0000,0.0000,0.4000,0.0000,1788738831.390
10.142,1.9105,5.0000,0.0000,0.4000,0.0000,1788738831.410
10.163,1.9185,5.0000,0.0000,0.4000,0.0000,1788738831.430
10.183,1.9265,5.0000,0.0000,0.4000,0.0000,1788738831.450
10.203,1.9345,5.0000,0.0000,0.4000,0.0000,1788738831.470
10.223,1.9425,5.0000,0.0000,0.4000,0.0000,1788738831.490
10.243,1.9502,5.0000,0.0000,0.3842,0.0000,1788738831.510
10.263,1.9579,5.0000,0.0000,0.3842,0.0000,1788738831.530
10.283,1.9656,5.0000,0.0000,0.3842,0.0000,1788738831.550
10.303,1.9733,5.0000,0.0000,0.3842,0.0000,1788738831.570
10.323,1.9809,5.0000,0.0000,0.3842,0.0000,1788738831.590
10.342,1.9889,5.0000,0.0000,0.4000,0.0000,1788738831.610
10.362,1.9969,5.0000,0.0000,0.4000,0.0000,1788738831.630
10.382,2.0049,5.0000,0.0000,0.4000,0.0000,1788738831.650
10.403,2.0129,5.0000,0.0000,0.4000,0.0000,1788738831.670
10.422,2.0209,5.0000,0.0000,0.4000,0.0000,1788738831.690
10.442,2.0289,5.0000,0.0000,0.4000,0.0000,1788738831.710
10.462,2.0369,5.0000,0.0000,0.4000,0.0000,1788738831.730
10.482,2.0449,5.0000,0.0000,0.4000,0.0000,1788738831.750
10.502,2.0529,5.0000,0.0000,0.4000,0.0000,1788738831.770
10.522,2.0609,5.0000,0.0000,0.4000,0.0000,1788738831.790
10.542,2.0689,5.0000,0.0000,0.4000,0.0000,1788738831.810
10.562,2.0769,5.0000,0.0000,0.4000,0.0000,1788738831.830
10.582,2.0849,5.0000,0.0000,0.4000,0.0000,1788738831.850
10.603,2.0929,5.0000,0.0000,0.4000,0.0000,1788738831.870
10.623,2.1009,5.0000,0.0000,0.4000,0.0000,1788738831.890
10.642,2.1089,5.0000,0.0000,0.4000,0.0000,1788738831.910
10.662,2.1169,5.0000,0.0000,0.4000,0.0000,1788738831.930
10.682,2.1249,5.0000,0.0000,0.4000,0.0000,1788738831.950
10.702,2.1329,5.0000,0.0000,0.4000,0.0000,1788738831.970
10.723,2.1409,5.0000,0.0000,0.4000,0.0000,1788738831.990
10.742,2.1486,5.0000,0.0000,0.3842,0.0000,1788738832.010
10.763,2.1563,5.0000,0.0000,0.3842,0.0000,1788738832.030
10.782,2.1640,5.0000,0.0000,0.3842,0.0000,1788738832.050
10.803,2.1717,5.0000,0.0000,0.3842,0.0000,1788738832.070
10.823,2.1794,5.0000,0.0000,0.3842,0.0000,1788738832.090
10.843,2.1874,5.0000,0.0000,0.4000,0.0000,1788738832.110
10.863,2.1954,5.0000,0.0000,0.4000,0.0000,1788738832.130
10.882,2.2034,5.0000,0.0000,0.4000,0.0000,1788738832.150
10.903,2.2114,5.0000,0.0000,0.4000,0.0000,1788738832.170
10.923,2.2194,5.0000,0.0000,0.4000,0.0000,1788738832.190
10.943,2.2274,5.0000,0.0000,0.4000,0.0000,1788738832.210
10.963,2.2354,5.0000,0.0000,0.4000,0.0000,1788738832.230
10.982,2.2434,5.0000,0.0000,0.4000,0.0000,1788738832.250
11.002,2.2514,5.0000,0.0000,0.4000,0.0000,1788738832.270
11.023,2.2594,5.0000,0.0000,0.4000,0.0000,1788738832.290
11.042,2.2674,5.0000,0.0000,0.4000,0.0000,1788738832.310
11.063,2.2754,5.0000,0.0000,0.4000,0.0000,1788738832.330
11.083,2.2834,5.0000,0.0000,0.4000,0.0000,1788738832.350
11.102,2.2914,5.0000,0.0000,0.4000,0.0000,1788738832.370
11.123,2.2994,5.0000,0.0000,0.4000,0.0000,1788738832.390
11.142,2.3071,5.0000,0.0000,0.3842,0.0000,1788738832.410
11.163,2.3147,5.0000,0.0000,0.3842,0.0000,1788738832.430
11.183,2.3224,5.0000,0.0000,0.3842,0.0000,1788738832.450
11.203,2.3301,5.0000,0.0000,0.3842,0.0000,1788738832.470
11.223,2.3378,5.0000,0.0000,0.3842,0.0000,1788738832.490
11.243,2.3455,5.0000,0.0000,0.3842,0.0000,1788738832.510
11.263,2.3532,5.0000,0.0000,0.3842,0.0000,1788738832.530
11.283,2.3608,5.0000,0.0000,0.3842,0.0000,1788738832.550
11.303,2.3685,5.0000,0.0000,0.3842,0.0000,1788738832.570
11.322,2.3762,5.0000,0.0000,0.3842,0.0000,1788738832.590
11.342,2.3842,5.0000,0.0000,0.4000,0.0000,1788738832.610
11.362,2.3922,5.0000,0.0000,0.4000,0.0000,1788738832.630
11.383,2.4002,5.0000,0.0000,0.4000,0.0000,1788738832.650
11.403,2.4082,5.0000,0.0000,0.4000,0.0000,1788738832.670
11.422,2.4162,5.0000,0.0000,0.4000,0.0000,1788738832.690
11.442,2.4242,5.0000,0.0000,0.4000,0.0000,1788738832.710
11.463,2.4322,5.0000,0.0000,0.4000,0.0000,1788738832.730
11.483,2.4402,5.0000,0.0000,0.4000,0.0000,1788738832.750
11.502,2.4482,5.0000,0.0000,0.4000,0.0000,1788738832.770
11.522,2.4562,5.0000,0.0000,0.4000,0.0000,1788738832.790
11.543,2.4642,5.0000,0.0000,0.4000,0.0000,1788738832.810
11.562,2.4722,5.0000,0.0000,0.4000,0.0000,1788738832.830
11.583,2.4802,5.0000,0.0000,0.4000,0.0000,1788738832.850
11.603,2.4882,5.0000,0.0000,0.4000,0.0000,1788738832.870
11.622,2.4962,5.0000,0.0000,0.4000,0.0000,1788738832.890
11.643,2.5039,5.0000,0.0000,0.3842,0.0000,1788738832.910
11.662,2.5116,5.0000,0.0000,0.3842,0.0000,1788738832.930
11.683,2.5193,5.0000,0.0000,0.3842,0.0000,1788738832.950
11.702,2.5269,5.0000,0.0000,0.3842,0.0000,1788738832.970
11.723,2.5346,5.0000,0.0000,0.3842,0.0000,1788738832.990
11.742,2.5423,5.0000,0.0000,0.3842,0.0000,1788738833.010
11.763,2.5500,5.0000,0.0000,0.3842,0.0000,1788738833.030
11.782,2.5577,5.0000,0.0000,0.3842,0.0000,1788738833.050
11.802,2.5654,5.0000,0.0000,0.3842,0.0000,1788738833.070
11.823,2.5731,5.0000,0.0000,0.3842,0.0000,1788738833.090
11.843,2.5811,5.0000,0.0000,0.4000,0.0000,1788738833.110
11.862,2.5891,5.0000,0.0000,0.4000,0.0000,1788738833.130
11.883,2.5971,5.0000,0.0000,0.4000,0.0000,1788738833.150
11.903,2.6051,5.0000,0.0000,0.4000,0.0000,1788738833.170
11.923,2.6131,5.0000,0.0000,0.4000,0.0000,1788738833.190
11.943,2.6211,5.0000,0.0000,0.4000,0.0000,1788738833.210
11.962,2.6291,5.0000,0.0000,0.4000,0.0000,1788738833.230
11.983,2.6371,5.0000,0.0000,0.4000,0.0000,1788738833.250
12.002,2.6451,5.0000,0.0000,0.4000,0.0000,1788738833.270
12.023,2.6531,5.0000,0.0000,0.4000,0.0000,1788738833.290
12.042,2.6611,5.0000,0.0000,0.4000,0.0000,1788738833.310
12.062,2.6691,5.0000,0.0000,0.4000,0.0000,1788738833.330
12.083,2.6771,5.0000,0.0000,0.4000,0.0000,1788738833.350
12.103,2.6851,5.0000,0.0000,0.4000,0.0000,1788738833.370
12.122,2.6931,5.0000,0.0000,0.4000,0.0000,1788738833.390
12.143,2.7007,5.0000,0.0000,0.3842,0.0000,1788738833.410
12.162,2.7084,5.0000,0.0000,0.3842,0.0000,1788738833.430
12.183,2.7161,5.0000,0.0000,0.3842,0.0000,1788738833.450
12.202,2.7238,5.0000,0.0000,0.3842,0.0000,1788738833.470
12.223,2.7315,5.0000,0.0000,0.3842,0.0000,1788738833.490
12.242,2.7395,5.0000,0.0000,0.4000,0.0000,1788738833.510
12.262,2.7475,5.0000,0.0000,0.4000,0.0000,1788738833.530
12.282,2.7555,5.0000,0.0000,0.4000,0.0000,1788738833.550
12.302,2.7635,5.0000,0.0000,0.4000,0.0000,1788738833.570
12.322,2.7715,5.0000,0.0000,0.4000,0.0000,1788738833.590
12.342,2.7795,5.0000,0.0000,0.4000,0.0000,1788738833.610
12.363,2.7875,5.0000,0.0000,0.4000,0.0000,1788738833.630
12.382,2.7955,5.0000,0.0000,0.4000,0.0000,1788738833.650
12.402,2.8035,5.0000,0.0000,0.4000,0.0000,1788738833.670
12.423,2.8115,5.0000,0.0000,0.4000,0.0000,1788738833.690
12.442,2.8195,5.0000,0.0000,0.4000,0.0000,1788738833.710
12.462,2.8275,5.0000,0.0000,0.4000,0.0000,1788738833.730
12.482,2.8355,5.0000,0.0000,0.4000,0.0000,1788738833.750
12.502,2.8435,5.0000,0.0000,0.4000,0.0000,1788738833.770
12.522,2.8515,5.0000,0.0000,0.4000,0.0000,1788738833.790
12.542,2.8595,5.0000,0.0000,0.4000,0.0000,1788738833.810
12.562,2.8675,5.0000,0.0000,0.4000,0.0000,1788738833.830
12.582,2.8755,5.0000,0.0000,0.4000,0.0000,1788738833.850
12.602,2.8835,5.0000,0.0000,0.4000,0.0000,1788738833.870
12.622,2.8915,5.0000,0.0000,0.4000,0.0000,1788738833.890
12.642,2.8992,5.0000,0.0000,0.3842,0.0000,1788738833.910
12.662,2.9068,5.0000,0.0000,0.3842,0.0000,1788738833.930
12.682,2.9145,5.0000,0.0000,0.3842,0.0000,1788738833.950
12.702,2.9222,5.0000,0.0000,0.3842,0.0000,1788738833.970
12.722,2.9299,5.0000,0.0000,0.3842,0.0000,1788738833.990
12.742,2.9379,5.0000,0.0000,0.4000,0.0000,1788738834.010
12.762,2.9459,5.0000,0.0000,0.4000,0.0000,1788738834.030
12.782,2.9539,5.0000,0.0000,0.4000,0.0000,1788738834.050
12.802,2.9619,5.0000,0.0000,0.4000,0.0000,1788738834.070
12.822,2.9699,5.0000,0.0000,0.4000,0.0000,1788738834.090
12.842,2.9779,5.0000,0.0000,0.4000,0.0000,1788738834.110
12.862,2.9859,5.0000,0.0000,0.4000,0.0000,1788738834.130
12.882,2.9939,5.0000,0.0000,0.4000,0.0000,1788738834.150
12.902,3.0019,5.0000,0.0000,0.4000,0.0000,1788738834.170
12.922,3.0099,5.0000,0.0000,0.4000,0.0000,1788738834.190
12.942,3.0179,5.0000,0.0000,0.4000,0.0000,1788738834.210
12.963,3.0259,5.0000,0.0000,0.4000,0.0000,1788738834.230
12.982,3.0339,5.0000,0.0000,0.4000,0.0000,1788738834.250
13.003,3.0419,5.0000,0.0000,0.4000,0.0000,1788738834.270
13.022,3.0499,5.0000,0.0000,0.4000,0.0000,1788738834.290
13.042,3.0576,5.0000,0.0000,0.3842,0.0000,1788738834.310
13.062,3.0653,5.0000,0.0000,0.3842,0.0000,1788738834.330
13.083,3.0729,5.0000,0.0000,0.3842,0.0000,1788738834.350
13.102,3.0806,5.0000,0.0000,0.3842,0.0000,1788738834.370
13.123,3.0883,5.0000,0.0000,0.3842,0.0000,1788738834.390
13.143,3.0960,5.0000,0.0000,0.3842,0.0000,1788738834.410
13.163,3.1037,5.0000,0.0000,0.3842,0.0000,1788738834.430
13.182,3.1114,5.0000,0.0000,0.3842,0.0000,1788738834.450
13.203,3.1191,5.0000,0.0000,0.3842,0.0000,1788738834.470
13.222,3.1267,5.0000,0.0000,0.3842,0.0000,1788738834.490
13.243,3.1347,5.0000,0.0000,0.4000,0.0000,1788738834.510
13.263,3.1427,5.0000,0.0000,0.4000,0.0000,1788738834.530
13.282,3.1507,5.0000,0.0000,0.4000,0.0000,1788738834.550
13.302,3.1587,5.0000,0.0000,0.4000,0.0000,1788738834.570
13.323,3.1667,5.0000,0.0000,0.4000,0.0000,1788738834.590
13.342,3.1732,5.0000,0.0000,0.3211,0.0000,1788738834.610
13.363,3.1796,5.0000,0.0000,0.3211,0.0000,1788738834.630
13.382,3.1860,5.0000,0.0000,0.3211,0.0000,1788738834.650
13.402,3.1924,5.0000,0.0000,0.3211,0.0000,1788738834.670
13.422,3.1988,5.0000,0.0000,0.3211,0.0000,1788738834.690
13.442,3.2049,5.0000,0.0000,0.3053,0.0000,1788738834.710
13.462,3.2111,5.0000,0.0000,0.3053,0.0000,1788738834.730
13.483,3.2172,5.0000,0.0000,0.3053,0.0000,1788738834.750
13.502,3.2233,5.0000,0.0000,0.3053,0.0000,1788738834.770
13.522,3.2294,5.0000,0.0000,0.3053,0.0000,1788738834.790
13.542,3.2333,5.0000,-0.0011,0.1947,-0.0526,1788738834.810
13.562,3.2372,5.0000,-0.0021,0.1947,-0.0526,1788738834.830
13.582,3.2411,5.0000,-0.0032,0.1947,-0.0526,1788738834.850
13.602,3.2449,5.0000,-0.0042,0.1947,-0.0526,1788738834.870
13.622,3.2488,4.9999,-0.0053,0.1947,-0.0526,1788738834.890
13.642,3.2524,4.9999,-0.0053,0.1789,0.0000,1788738834.910
13.662,3.2560,4.9999,-0.0053,0.1789,0.0000,1788738834.930
13.682,3.2596,4.9999,-0.0053,0.1789,0.0000,1788738834.950
13.702,3.2632,4.9999,-0.0053,0.1789,0.0000,1788738834.970
13.722,3.2667,4.9998,-0.0053,0.1789,0.0000,1788738834.990
13.742,3.2697,4.9998,-0.0063,0.1474,-0.0526,1788738835.010
13.762,3.2726,4.9998,-0.0074,0.1474,-0.0526,1788738835.030
13.782,3.2756,4.9998,-0.0084,0.1474,-0.0526,1788738835.050
13.802,3.2785,4.9998,-0.0095,0.1474,-0.0526,1788738835.070
13.822,3.2815,4.9997,-0.0105,0.1474,-0.0526,1788738835.090
13.843,3.2844,4.9997,-0.0105,0.1474,0.0000,1788738835.110
13.862,3.2874,4.9997,-0.0105,0.1474,0.0000,1788738835.130
13.882,3.2903,4.9996,-0.0105,0.1474,0.0000,1788738835.150
13.902,3.2933,4.9996,-0.0105,0.1474,0.0000,1788738835.170
13.923,3.2962,4.9996,-0.0105,0.1474,0.0000,1788738835.190
13.942,3.2982,4.9995,-0.0116,0.1000,-0.0526,1788738835.210
13.963,3.3002,4.9995,-0.0126,0.1000,-0.0526,1788738835.230
13.983,3.3022,4.9995,-0.0137,0.1000,-0.0526,1788738835.250
14.002,3.3042,4.9995,-0.0147,0.1000,-0.0526,1788738835.270
14.023,3.3062,4.9994,-0.0158,0.1000,-0.0526,1788738835.290
14.042,3.3082,4.9994,-0.0147,0.1000,0.0526,1788738835.310
14.062,3.3102,4.9994,-0.0137,0.1000,0.0526,1788738835.330
14.082,3.3122,4.9993,-0.0126,0.1000,0.0526,1788738835.350
14.102,3.3142,4.9993,-0.0116,0.1000,0.0526,1788738835.370
14.122,3.3162,4.9993,-0.0105,0.1000,0.0526,1788738835.390
14.142,3.3185,4.9993,-0.0053,0.1158,0.2632,1788738835.410
14.162,3.3208,4.9993,-0.0000,0.1158,0.2632,1788738835.430
14.182,3.3232,4.9993,0.0053,0.1158,0.2632,1788738835.450
14.202,3.3255,4.9993,0.0105,0.1158,0.2632,1788738835.470
14.222,3.3278,4.9994,0.0158,0.1158,0.2632,1788738835.490
14.242,3.3301,4.9994,0.0211,0.1158,0.2632,1788738835.510
14.262,3.3324,4.9995,0.0263,0.1158,0.2632,1788738835.530
14.282,3.3347,4.9995,0.0316,0.1158,0.2632,1788738835.550
14.303,3.3370,4.9996,0.0368,0.1158,0.2632,1788738835.570
14.322,3.3394,4.9997,0.0421,0.1158,0.2632,1788738835.590
14.342,3.3417,4.9998,0.0516,0.1158,0.4737,1788738835.610
14.363,3.3440,5.0000,0.0611,0.1158,0.4737,1788738835.630
14.383,3.3463,5.0002,0.0705,0.1158,0.4737,1788738835.650
14.403,3.3486,5.0003,0.0800,0.1158,0.4737,1788738835.670
14.422,3.3509,5.0005,0.0895,0.1158,0.4737,1788738835.690
14.443,3.3529,5.0007,0.0989,0.1000,0.4737,1788738835.710
14.463,3.3549,5.0010,0.1084,0.1000,0.4737,1788738835.730
14.482,3.3569,5.0012,0.1179,0.1000,0.4737,1788738835.750
14.502,3.3589,5.0014,0.1274,0.1000,0.4737,1788738835.770
14.522,3.3608,5.0017,0.1368,0.1000,0.4737,1788738835.790
14.543,3.3631,5.0021,0.1568,0.1158,1.0000,1788738835.810
14.563,3.3654,5.0025,0.1768,0.1158,1.0000,1788738835.830
14.583,3.3677,5.0029,0.1968,0.1158,1.0000,1788738835.850
14.603,3.3699,5.0034,0.2168,0.1158,1.0000,1788738835.870
14.622,3.3722,5.0040,0.2368,0.1158,1.0000,1788738835.890
14.643,3.3741,5.0045,0.2568,0.1000,1.0000,1788738835.910
14.663,3.3760,5.0050,0.2768,0.1000,1.0000,1788738835.930
14.682,3.3780,5.0056,0.2968,0.1000,1.0000,1788738835.950
14.702,3.3799,5.0062,0.3168,0.1000,1.0000,1788738835.970
14.722,3.3817,5.0069,0.3368,0.1000,1.0000,1788738835.990
14.742,3.3836,5.0076,0.3568,0.1000,1.0000,1788738836.010
14.762,3.3855,5.0083,0.3768,0.1000,1.0000,1788738836.030
14.782,3.3873,5.0091,0.3968,0.1000,1.0000,1788738836.050
14.802,3.3892,5.0099,0.4168,0.1000,1.0000,1788738836.070
14.822,3.3910,5.0108,0.4368,0.1000,1.0000,1788738836.090
14.842,3.3928,5.0117,0.4568,0.1000,1.0000,1788738836.110
14.862,3.3945,5.0126,0.4768,0.1000,1.0000,1788738836.130
14.882,3.3963,5.0135,0.4968,0.1000,1.0000,1788738836.150
14.902,3.3980,5.0145,0.5168,0.1000,1.0000,1788738836.170
14.922,3.3998,5.0155,0.5368,0.1000,1.0000,1788738836.190
14.942,3.4015,5.0166,0.5568,0.1000,1.0000,1788738836.210
14.963,3.4031,5.0177,0.5768,0.1000,1.0000,1788738836.230
14.982,3.4048,5.0188,0.5968,0.1000,1.0000,1788738836.250
15.002,3.4064,5.0200,0.6168,0.1000,1.0000,1788738836.270
15.022,3.4080,5.0212,0.6368,0.1000,1.0000,1788738836.290
15.043,3.4096,5.0224,0.6568,0.1000,1.0000,1788738836.310
15.062,3.4112,5.0236,0.6768,0.1000,1.0000,1788738836.330
15.082,3.4127,5.0249,0.6968,0.1000,1.0000,1788738836.350
15.102,3.4142,5.0262,0.7168,0.1000,1.0000,1788738836.370
15.122,3.4157,5.0276,0.7368,0.1000,1.0000,1788738836.390
15.143,3.4171,5.0289,0.7568,0.1000,1.0000,1788738836.410
15.162,3.4186,5.0303,0.7768,0.1000,1.0000,1788738836.430
15.182,3.4200,5.0318,0.7968,0.1000,1.0000,1788738836.450
15.202,3.4213,5.0332,0.8168,0.1000,1.0000,1788738836.470
15.223,3.4227,5.0347,0.8368,0.1000,1.0000,1788738836.490
15.243,3.4240,5.0362,0.8568,0.1000,1.0000,1788738836.510
15.263,3.4253,5.0378,0.8768,0.1000,1.0000,1788738836.530
15.283,3.4265,5.0393,0.8968,0.1000,1.0000,1788738836.550
15.303,3.4277,5.0409,0.9168,0.1000,1.0000,1788738836.570
15.322,3.4289,5.0425,0.9368,0.1000,1.0000,1788738836.590
15.343,3.4301,5.0442,0.9568,0.1000,1.0000,1788738836.610
15.362,3.4312,5.0458,0.9768,0.1000,1.0000,1788738836.630
15.383,3.4323,5.0475,0.9968,0.1000,1.0000,1788738836.650
15.403,3.4333,5.0492,1.0168,0.1000,1.0000,1788738836.670
15.423,3.4343,5.0509,1.0368,0.1000,1.0000,1788738836.690
15.443,3.4353,5.0527,1.0568,0.1000,1.0000,1788738836.710
15.463,3.4363,5.0544,1.0768,0.1000,1.0000,1788738836.730
15.482,3.4372,5.0562,1.0968,0.1000,1.0000,1788738836.750
15.502,3.4381,5.0580,1.1168,0.1000,1.0000,1788738836.770
15.522,3.4389,5.0598,1.1368,0.1000,1.0000,1788738836.790
15.543,3.4397,5.0616,1.1568,0.1000,1.0000,1788738836.810
15.563,3.4405,5.0635,1.1768,0.1000,1.0000,1788738836.830
15.583,3.4412,5.0654,1.1968,0.1000,1.0000,1788738836.850
15.603,3.4419,5.0672,1.2168,0.1000,1.0000,1788738836.870
15.623,3.4426,5.0691,1.2368,0.1000,1.0000,1788738836.890
15.642,3.4432,5.0710,1.2568,0.1000,1.0000,1788738836.910
15.663,3.4438,5.0729,1.2768,0.1000,1.0000,1788738836.930
15.683,3.4443,5.0749,1.2968,0.1000,1.0000,1788738836.950
15.703,3.4448,5.0768,1.3168,0.1000,1.0000,1788738836.970
15.722,3.4453,5.0787,1.3368,0.1000,1.0000,1788738836.990
15.742,3.4457,5.0807,1.3568,0.1000,1.0000,1788738837.010
15.763,3.4461,5.0827,1.3768,0.1000,1.0000,1788738837.030
15.783,3.4464,5.0846,1.3968,0.1000,1.0000,1788738837.050
15.803,3.4467,5.0866,1.4168,0.1000,1.0000,1788738837.070
15.823,3.4470,5.0886,1.4368,0.1000,1.0000,1788738837.090
15.842,3.4472,5.0906,1.4568,0.1000,1.0000,1788738837.110
15.863,3.4474,5.0926,1.4768,0.1000,1.0000,1788738837.130
15.883,3.4476,5.0946,1.4968,0.1000,1.0000,1788738837.150
15.902,3.4477,5.0966,1.5168,0.1000,1.0000,1788738837.170
15.922,3.4477,5.0986,1.5368,0.1000,1.0000,1788738837.190
15.943,3.4478,5.1006,1.5568,0.1000,1.0000,1788738837.210
15.963,3.4477,5.1026,1.5768,0.1000,1.0000,1788738837.230
15.983,3.4477,5.1046,1.5968,0.1000,1.0000,1788738837.250
16.003,3.4476,5.1066,1.6168,0.1000,1.0000,1788738837.270
16.023,3.4475,5.1086,1.6368,0.1000,1.0000,1788738837.290
16.043,3.4473,5.1105,1.6568,0.1000,1.0000,1788738837.310
16.063,3.4471,5.1125,1.6768,0.1000,1.0000,1788738837.330
16.083,3.4468,5.1145,1.6968,0.1000,1.0000,1788738837.350
16.103,3.4465,5.1165,1.7168,0.1000,1.0000,1788738837.370
16.122,3.4462,5.1185,1.7368,0.1000,1.0000,1788738837.390
16.143,3.4458,5.1204,1.7568,0.1000,1.0000,1788738837.410
16.163,3.4454,5.1224,1.7768,0.1000,1.0000,1788738837.430
16.183,3.4450,5.1243,1.7968,0.1000,1.0000,1788738837.450
16.202,3.4445,5.1263,1.8168,0.1000,1.0000,1788738837.470
16.223,3.4440,5.1282,1.8368,0.1000,1.0000,1788738837.490
16.242,3.4434,5.1301,1.8568,0.1000,1.0000,1788738837.510
16.262,3.4428,5.1320,1.8768,0.1000,1.0000,1788738837.530
16.282,3.4422,5.1339,1.8968,0.1000,1.0000,1788738837.550
16.302,3.4415,5.1358,1.9168,0.1000,1.0000,1788738837.570
16.322,3.4408,5.1377,1.9368,0.1000,1.0000,1788738837.590
16.342,3.4400,5.1395,1.9568,0.1000,1.0000,1788738837.610
16.362,3.4392,5.1414,1.9768,0.1000,1.0000,1788738837.630
16.382,3.4384,5.1432,1.9968,0.1000,1.0000,1788738837.650
16.403,3.4375,5.1450,2.0168,0.1000,1.0000,1788738837.670
16.422,3.4366,5.1468,2.0368,0.1000,1.0000,1788738837.690
16.442,3.4357,5.1486,2.0547,0.1000,0.8947,1788738837.710
16.462,3.4347,5.1503,2.0726,0.1000,0.8947,1788738837.730
16.483,3.4338,5.1520,2.0905,0.1000,0.8947,1788738837.750
16.502,3.4327,5.1538,2.1084,0.1000,0.8947,1788738837.770
16.522,3.4317,5.1555,2.1263,0.1000,0.8947,1788738837.790
16.542,3.4306,5.1571,2.1442,0.1000,0.8947,1788738837.810
16.562,3.4295,5.1588,2.1621,0.1000,0.8947,1788738837.830
16.582,3.4283,5.1604,2.1800,0.1000,0.8947,1788738837.850
16.603,3.4272,5.1621,2.1979,0.1000,0.8947,1788738837.870
16.622,3.4260,5.1637,2.2158,0.1000,0.8947,1788738837.890
16.642,3.4247,5.1652,2.2337,0.1000,0.8947,1788738837.910
16.662,3.4235,5.1668,2.2516,0.1000,0.8947,1788738837.930
16.682,3.4222,5.1683,2.2695,0.1000,0.8947,1788738837.950
16.702,3.4209,5.1698,2.2874,0.1000,0.8947,1788738837.970
16.722,3.4195,5.1713,2.3053,0.1000,0.8947,1788738837.990
16.743,3.4182,5.1728,2.3211,0.1000,0.7895,1788738838.010
16.763,3.4168,5.1742,2.3368,0.1000,0.7895,1788738838.030
16.782,3.4154,5.1756,2.3526,0.1000,0.7895,1788738838.050
16.803,3.4139,5.1770,2.3684,0.1000,0.7895,1788738838.070
16.823,3.4125,5.1784,2.3842,0.1000,0.7895,1788738838.090
16.843,3.4110,5.1798,2.4000,0.1000,0.7895,1788738838.110
16.863,3.4095,5.1811,2.4158,0.1000,0.7895,1788738838.130
16.883,3.4080,5.1824,2.4316,0.1000,0.7895,1788738838.150
16.902,3.4065,5.1837,2.4474,0.1000,0.7895,1788738838.170
16.922,3.4049,5.1849,2.4632,0.1000,0.7895,1788738838.190
16.943,3.4033,5.1862,2.4768,0.1000,0.6842,1788738838.210
16.963,3.4017,5.1874,2.4905,0.1000,0.6842,1788738838.230
16.982,3.4001,5.1886,2.5042,0.1000,0.6842,1788738838.250
17.003,3.3985,5.1897,2.5179,0.1000,0.6842,1788738838.270
17.023,3.3969,5.1909,2.5316,0.1000,0.6842,1788738838.290
17.043,3.3952,5.1920,2.5453,0.1000,0.6842,1788738838.310
17.063,3.3935,5.1931,2.5589,0.1000,0.6842,1788738838.330
17.083,3.3919,5.1942,2.5726,0.1000,0.6842,1788738838.350
17.103,3.3902,5.1952,2.5863,0.1000,0.6842,1788738838.370
17.123,3.3884,5.1963,2.6000,0.1000,0.6842,1788738838.390
17.143,3.3867,5.1973,2.6137,0.1000,0.6842,1788738838.410
17.163,3.3850,5.1983,2.6274,0.1000,0.6842,1788738838.430
17.183,3.3832,5.1992,2.6411,0.1000,0.6842,1788738838.450
17.203,3.3814,5.2001,2.6547,0.1000,0.6842,1788738838.470
17.223,3.3797,5.2011,2.6684,0.1000,0.6842,1788738838.490
17.243,3.3779,5.2019,2.6800,0.1000,0.5789,1788738838.510
17.263,3.3761,5.2028,2.6916,0.1000,0.5789,1788738838.530
17.283,3.3743,5.2037,2.7032,0.1000,0.5789,1788738838.550
17.303,3.3724,5.2045,2.7147,0.1000,0.5789,1788738838.570
17.323,3.3706,5.2053,2.7263,0.1000,0.5789,1788738838.590
17.343,3.3688,5.2061,2.7379,0.1000,0.5789,1788738838.610
17.363,3.3669,5.2069,2.7495,0.1000,0.5789,1788738838.630
17.382,3.3651,5.2076,2.7611,0.1000,0.5789,1788738838.650
17.403,3.3632,5.2083,2.7726,0.1000,0.5789,1788738838.670
17.423,3.3613,5.2090,2.7842,0.1000,0.5789,1788738838.690
17.443,3.3594,5.2097,2.7958,0.1000,0.5789,1788738838.710
17.463,3.3576,5.2103,2.8074,0.1000,0.5789,1788738838.730
17.483,3.3557,5.2110,2.8189,0.1000,0.5789,1788738838.750
17.503,3.3538,5.2116,2.8305,0.1000,0.5789,1788738838.770
17.523,3.3518,5.2122,2.8421,0.1000,0.5789,1788738838.790
17.543,3.3496,5.2128,2.8516,0.1158,0.4737,1788738838.810
17.563,3.3474,5.2135,2.8611,0.1158,0.4737,1788738838.830
17.582,3.3452,5.2141,2.8705,0.1158,0.4737,1788738838.850
17.602,3.3429,5.2147,2.8800,0.1158,0.4737,1788738838.870
17.622,3.3407,5.2153,2.8895,0.1158,0.4737,1788738838.890
17.642,3.3387,5.2158,2.8989,0.1000,0.4737,1788738838.910
17.663,3.3368,5.2162,2.9084,0.1000,0.4737,1788738838.930
17.682,3.3349,5.2167,2.9179,0.1000,0.4737,1788738838.950
17.702,3.3329,5.2171,2.9274,0.1000,0.4737,1788738838.970
17.722,3.3309,5.2175,2.9368,0.1000,0.4737,1788738838.990
17.742,3.3290,5.2179,2.9463,0.1000,0.4737,1788738839.010
17.762,3.3270,5.2183,2.9558,0.1000,0.4737,1788738839.030
17.782,3.3250,5.2186,2.9653,0.1000,0.4737,1788738839.050
17.803,3.3231,5.2189,2.9747,0.1000,0.4737,1788738839.070
17.822,3.3211,5.2193,2.9842,0.1000,0.4737,1788738839.090
17.842,3.3176,5.2198,2.9916,0.1789,0.3684,1788738839.110
17.863,3.3140,5.2203,2.9989,0.1789,0.3684,1788738839.130
17.882,3.3105,5.2208,3.0063,0.1789,0.3684,1788738839.150
17.902,3.3069,5.2212,3.0137,0.1789,0.3684,1788738839.170
17.923,3.3034,5.2217,3.0211,0.1789,0.3684,1788738839.190
17.943,3.3011,5.2219,3.0284,0.1158,0.3684,1788738839.210
17.962,3.2988,5.2222,3.0358,0.1158,0.3684,1788738839.230
17.982,3.2965,5.2224,3.0432,0.1158,0.3684,1788738839.250
18.002,3.2942,5.2226,3.0505,0.1158,0.3684,1788738839.270
18.022,3.2918,5.2228,3.0579,0.1158,0.3684,1788738839.290
18.042,3.2899,5.2230,3.0653,0.1000,0.3684,1788738839.310
18.063,3.2879,5.2231,3.0726,0.1000,0.3684,1788738839.330
18.083,3.2859,5.2232,3.0800,0.1000,0.3684,1788738839.350
18.103,3.2839,5.2233,3.0874,0.1000,0.3684,1788738839.370
18.123,3.2819,5.2234,3.0947,0.1000,0.3684,1788738839.390
18.143,3.2792,5.2235,3.1021,0.1316,0.3684,1788738839.410
18.162,3.2766,5.2236,3.1095,0.1316,0.3684,1788738839.430
18.182,3.2740,5.2237,3.1168,0.1316,0.3684,1788738839.450
18.202,3.2713,5.2237,3.1242,0.1316,0.3684,1788738839.470
18.222,3.2687,5.2238,3.1316,0.1316,0.3684,1788738839.490
18.243,3.2667,5.2238,3.1389,0.1000,0.3684,1788738839.510
18.262,3.2647,5.2237,3.1463,0.1000,0.3684,1788738839.530
18.282,3.2627,5.2237,3.1537,0.1000,0.3684,1788738839.550
18.302,3.2607,5.2237,3.1611,0.1000,0.3684,1788738839.570
18.323,3.2587,5.2236,3.1684,0.1000,0.3684,1788738839.590
18.343,3.2558,5.2235,3.1737,0.1474,0.2632,1788738839.610
18.362,3.2528,5.2234,3.1789,0.1474,0.2632,1788738839.630
18.383,3.2499,5.2233,3.1842,0.1474,0.2632,1788738839.650
18.403,3.2469,5.2232,3.1895,0.1474,0.2632,1788738839.670
18.423,3.2440,5.2230,3.1947,0.1474,0.2632,1788738839.690
18.443,3.2420,5.2229,3.2000,0.1000,0.2632,1788738839.710
18.463,3.2400,5.2228,3.2053,0.1000,0.2632,1788738839.730
18.483,3.2380,5.2226,3.2105,0.1000,0.2632,1788738839.750
18.503,3.2360,5.2225,3.2158,0.1000,0.2632,1788738839.770
18.523,3.2340,5.2223,3.2211,0.1000,0.2632,1788738839.790
18.543,3.2317,5.2221,3.2263,0.1158,0.2632,1788738839.810
18.562,3.2294,5.2219,3.2316,0.1158,0.2632,1788738839.830
18.583,3.2271,5.2217,3.2368,0.1158,0.2632,1788738839.850
18.603,3.2248,5.2215,3.2421,0.1158,0.2632,1788738839.870
18.623,3.2225,5.2212,3.2474,0.1158,0.2632,1788738839.890
18.643,3.2202,5.2210,3.2526,0.1158,0.2632,1788738839.910
18.663,3.2179,5.2207,3.2579,0.1158,0.2632,1788738839.930
18.683,3.2156,5.2204,3.2632,0.1158,0.2632,1788738839.950
18.703,3.2133,5.2201,3.2684,0.1158,0.2632,1788738839.970
18.722,3.2110,5.2198,3.2737,0.1158,0.2632,1788738839.990
18.742,3.2090,5.2195,3.2789,0.1000,0.2632,1788738840.010
18.762,3.2070,5.2192,3.2842,0.1000,0.2632,1788738840.030
18.783,3.2051,5.2190,3.2895,0.1000,0.2632,1788738840.050
18.803,3.2031,5.2187,3.2947,0.1000,0.2632,1788738840.070
18.823,3.2011,5.2183,3.3000,0.1000,0.2632,1788738840.090
18.842,3.1982,5.2179,3.3032,0.1474,0.1579,1788738840.110
18.863,3.1953,5.2174,3.3063,0.1474,0.1579,1788738840.130
18.883,3.1924,5.2169,3.3095,0.1474,0.1579,1788738840.150
18.903,3.1895,5.2164,3.3126,0.1474,0.1579,1788738840.170
18.923,3.1866,5.2159,3.3158,0.1474,0.1579,1788738840.190
18.943,3.1840,5.2154,3.3189,0.1316,0.1579,1788738840.210
18.962,3.1814,5.2149,3.3221,0.1316,0.1579,1788738840.230
18.983,3.1788,5.2145,3.3253,0.1316,0.1579,1788738840.250
19.003,3.1762,5.2140,3.3284,0.1316,0.1579,1788738840.270
19.023,3.1736,5.2135,3.3316,0.1316,0.1579,1788738840.290
19.043,3.1714,5.2130,3.3347,0.1158,0.1579,1788738840.310
19.063,3.1691,5.2126,3.3379,0.1158,0.1579,1788738840.330
19.083,3.1668,5.2121,3.3411,0.1158,0.1579,1788738840.350
19.103,3.1646,5.2116,3.3442,0.1158,0.1579,1788738840.370
19.123,3.1623,5.2112,3.3474,0.1158,0.1579,1788738840.390
19.143,3.1603,5.2108,3.3505,0.1000,0.1579,1788738840.410
19.162,3.1584,5.2103,3.3537,0.1000,0.1579,1788738840.430
19.183,3.1564,5.2099,3.3568,0.1000,0.1579,1788738840.450
19.203,3.1545,5.2095,3.3600,0.1000,0.1579,1788738840.470
19.223,3.1525,5.2090,3.3632,0.1000,0.1579,1788738840.490
19.242,3.1506,5.2086,3.3663,0.1000,0.1579,1788738840.510
19.262,3.1486,5.2081,3.3695,0.1000,0.1579,1788738840.530
19.282,3.1467,5.2077,3.3726,0.1000,0.1579,1788738840.550
19.302,3.1447,5.2072,3.3758,0.1000,0.1579,1788738840.570
19.322,3.1428,5.2067,3.3789,0.1000,0.1579,1788738840.590
19.342,3.1408,5.2063,3.3821,0.1000,0.1579,1788738840.610
19.362,3.1389,5.2058,3.3853,0.1000,0.1579,1788738840.630
19.382,3.1370,5.2053,3.3884,0.1000,0.1579,1788738840.650
19.402,3.1350,5.2048,3.3916,0.1000,0.1579,1788738840.670
19.422,3.1331,5.2043,3.3947,0.1000,0.1579,1788738840.690
19.443,3.1312,5.2038,3.3979,0.1000,0.1579,1788738840.710
19.462,3.1292,5.2033,3.4011,0.1000,0.1579,1788738840.730
19.483,3.1273,5.2028,3.4042,0.1000,0.1579,1788738840.750
19.503,3.1254,5.2022,3.4074,0.1000,0.1579,1788738840.770
19.523,3.1234,5.2017,3.4105,0.1000,0.1579,1788738840.790
19.543,3.1215,5.2012,3.4137,0.1000,0.1579,1788738840.810
19.562,3.1196,5.2006,3.4168,0.1000,0.1579,1788738840.830
19.582,3.1177,5.2001,3.4200,0.1000,0.1579,1788738840.850
19.602,3.1157,5.1995,3.4232,0.1000,0.1579,1788738840.870
19.623,3.1138,5.1990,3.4263,0.1000,0.1579,1788738840.890
19.643,3.1107,5.1980,3.4274,0.1632,0.0526,1788738840.910
19.663,3.1076,5.1971,3.4284,0.1632,0.0526,1788738840.930
19.682,3.1044,5.1962,3.4295,0.1632,0.0526,1788738840.950
19.703,3.1013,5.1953,3.4305,0.1632,0.0526,1788738840.970
19.722,3.0982,5.1943,3.4316,0.1632,0.0526,1788738840.990
19.743,3.0953,5.1935,3.4326,0.1474,0.0526,1788738841.010
19.763,3.0925,5.1926,3.4337,0.1474,0.0526,1788738841.030
19.782,3.0897,5.1918,3.4347,0.1474,0.0526,1788738841.050
19.802,3.0869,5.1909,3.4358,0.1474,0.0526,1788738841.070
19.823,3.0841,5.1901,3.4368,0.1474,0.0526,1788738841.090
19.843,3.0812,5.1892,3.4379,0.1474,0.0526,1788738841.110
19.863,3.0784,5.1883,3.4389,0.1474,0.0526,1788738841.130
19.883,3.0756,5.1875,3.4400,0.1474,0.0526,1788738841.150
19.903,3.0728,5.1866,3.4411,0.1474,0.0526,1788738841.170
19.923,3.0700,5.1857,3.4421,0.1474,0.0526,1788738841.190
19.943,3.0675,5.1850,3.4432,0.1316,0.0526,1788738841.210
19.963,3.0650,5.1842,3.4442,0.1316,0.0526,1788738841.230
19.983,3.0624,5.1834,3.4453,0.1316,0.0526,1788738841.250
20.003,3.0599,5.1826,3.4463,0.1316,0.0526,1788738841.270
20.023,3.0574,5.1818,3.4474,0.1316,0.0526,1788738841.290
20.042,3.0549,5.1810,3.4484,0.1316,0.0526,1788738841.310
20.063,3.0524,5.1802,3.4495,0.1316,0.0526,1788738841.330
20.083,3.0499,5.1794,3.4505,0.1316,0.0526,1788738841.350
20.103,3.0474,5.1786,3.4516,0.1316,0.0526,1788738841.370
20.122,3.0449,5.1778,3.4526,0.1316,0.0526,1788738841.390
20.143,3.0427,5.1771,3.4537,0.1158,0.0526,1788738841.410
20.163,3.0405,5.1764,3.4547,0.1158,0.0526,1788738841.430
20.183,3.0383,5.1757,3.4558,0.1158,0.0526,1788738841.450
20.203,3.0361,5.1749,3.4568,0.1158,0.0526,1788738841.470
20.222,3.0339,5.1742,3.4579,0.1158,0.0526,1788738841.490
20.243,3.0317,5.1735,3.4589,0.1158,0.0526,1788738841.510
20.263,3.0295,5.1728,3.4600,0.1158,0.0526,1788738841.530
20.283,3.0273,5.1720,3.4611,0.1158,0.0526,1788738841.550
20.303,3.0251,5.1713,3.4621,0.1158,0.0526,1788738841.570
20.323,3.0229,5.1706,3.4632,0.1158,0.0526,1788738841.590
20.343,3.0210,5.1700,3.4642,0.1000,0.0526,1788738841.610
20.363,3.0191,5.1693,3.4653,0.1000,0.0526,1788738841.630
20.383,3.0172,5.1687,3.4663,0.1000,0.0526,1788738841.650
20.403,3.0153,5.1680,3.4674,0.1000,0.0526,1788738841.670
20.422,3.0134,5.1674,3.4684,0.1000,0.0526,1788738841.690
20.443,3.0115,5.1668,3.4695,0.1000,0.0526,1788738841.710
20.463,3.0096,5.1661,3.4705,0.1000,0.0526,1788738841.730
20.483,3.0077,5.1655,3.4716,0.1000,0.0526,1788738841.750
20.503,3.0058,5.1648,3.4726,0.1000,0.0526,1788738841.770
20.523,3.0039,5.1642,3.4737,0.1000,0.0526,1788738841.790
20.543,3.0021,5.1635,3.4747,0.1000,0.0526,1788738841.810
20.563,3.0002,5.1628,3.4758,0.1000,0.0526,1788738841.830
20.583,2.9983,5.1622,3.4768,0.1000,0.0526,1788738841.850
20.603,2.9964,5.1615,3.4779,0.1000,0.0526,1788738841.870
20.623,2.9945,5.1609,3.4789,0.1000,0.0526,1788738841.890
20.642,2.9926,5.1602,3.4789,0.1000,0.0000,1788738841.910
20.663,2.9907,5.1595,3.4789,0.1000,0.0000,1788738841.930
20.683,2.9888,5.1589,3.4789,0.1000,0.0000,1788738841.950
20.703,2.9870,5.1582,3.4789,0.1000,0.0000,1788738841.970
20.723,2.9851,5.1576,3.4789,0.1000,0.0000,1788738841.990
20.743,2.9832,5.1569,3.4789,0.1000,0.0000,1788738842.010
20.762,2.9813,5.1562,3.4789,0.1000,0.0000,1788738842.030
20.783,2.9794,5.1556,3.4789,0.1000,0.0000,1788738842.050
20.803,2.9775,5.1549,3.4789,0.1000,0.0000,1788738842.070
20.823,2.9756,5.1542,3.4789,0.1000,0.0000,1788738842.090
20.843,2.9737,5.1536,3.4789,0.1000,0.0000,1788738842.110
20.863,2.9719,5.1529,3.4789,0.1000,0.0000,1788738842.130
20.883,2.9700,5.1523,3.4789,0.1000,0.0000,1788738842.150
20.903,2.9681,5.1516,3.4789,0.1000,0.0000,1788738842.170
20.923,2.9662,5.1509,3.4789,0.1000,0.0000,1788738842.190
20.943,2.9643,5.1503,3.4789,0.1000,0.0000,1788738842.210
20.962,2.9624,5.1496,3.4789,0.1000,0.0000,1788738842.230
20.983,2.9605,5.1490,3.4789,0.1000,0.0000,1788738842.250
21.003,2.9586,5.1483,3.4789,0.1000,0.0000,1788738842.270
21.023,2.9568,5.1476,3.4789,0.1000,0.0000,1788738842.290
21.042,2.9549,5.1470,3.4789,0.1000,0.0000,1788738842.310
21.063,2.9530,5.1463,3.4789,0.1000,0.0000,1788738842.330
21.083,2.9511,5.1456,3.4789,0.1000,0.0000,1788738842.350
21.103,2.9492,5.1450,3.4789,0.1000,0.0000,1788738842.370
21.123,2.9473,5.1443,3.4789,0.1000,0.0000,1788738842.390
21.143,2.9454,5.1437,3.4789,0.1000,0.0000,1788738842.410
21.163,2.9435,5.1430,3.4789,0.1000,0.0000,1788738842.430
21.183,2.9417,5.1423,3.4789,0.1000,0.0000,1788738842.450
21.203,2.9398,5.1417,3.4789,0.1000,0.0000,1788738842.470
21.222,2.9379,5.1410,3.4789,0.1000,0.0000,1788738842.490
21.243,2.9360,5.1403,3.4789,0.1000,0.0000,1788738842.510
21.263,2.9341,5.1397,3.4789,0.1000,0.0000,1788738842.530
21.283,2.9322,5.1390,3.4789,0.1000,0.0000,1788738842.550
21.303,2.9303,5.1384,3.4789,0.1000,0.0000,1788738842.570
21.323,2.9284,5.1377,3.4789,0.1000,0.0000,1788738842.590
21.343,2.9266,5.1370,3.4789,0.1000,0.0000,1788738842.610
21.363,2.9247,5.1364,3.4789,0.1000,0.0000,1788738842.630
21.383,2.9228,5.1357,3.4789,0.1000,0.0000,1788738842.650
21.403,2.9209,5.1350,3.4789,0.1000,0.0000,1788738842.670
21.423,2.9190,5.1344,3.4789,0.1000,0.0000,1788738842.690
21.443,2.9171,5.1337,3.4789,0.1000,0.0000,1788738842.710
21.463,2.9152,5.1331,3.4789,0.1000,0.0000,1788738842.730
21.482,2.9133,5.1324,3.4789,0.1000,0.0000,1788738842.750
21.503,2.9115,5.1317,3.4789,0.1000,0.0000,1788738842.770
21.523,2.9096,5.1311,3.4789,0.1000,0.0000,1788738842.790
21.543,2.9077,5.1304,3.4789,0.1000,0.0000,1788738842.810
21.563,2.9058,5.1298,3.4789,0.1000,0.0000,1788738842.830
21.583,2.9039,5.1291,3.4789,0.1000,0.0000,1788738842.850
21.603,2.9020,5.1284,3.4789,0.1000,0.0000,1788738842.870
21.622,2.9001,5.1278,3.4789,0.1000,0.0000,1788738842.890
21.643,2.8983,5.1271,3.4789,0.1000,0.0000,1788738842.910
21.663,2.8964,5.1264,3.4789,0.1000,0.0000,1788738842.930
21.683,2.8945,5.1258,3.4789,0.1000,0.0000,1788738842.950
21.703,2.8926,5.1251,3.4789,0.1000,0.0000,1788738842.970
21.723,2.8907,5.1245,3.4789,0.1000,0.0000,1788738842.990
21.743,2.8888,5.1238,3.4789,0.1000,0.0000,1788738843.010
21.763,2.8869,5.1231,3.4789,0.1000,0.0000,1788738843.030
21.783,2.8850,5.1225,3.4789,0.1000,0.0000,1788738843.050
21.803,2.8832,5.1218,3.4789,0.1000,0.0000,1788738843.070
21.823,2.8813,5.1211,3.4789,0.1000,0.0000,1788738843.090
21.843,2.8794,5.1205,3.4789,0.1000,0.0000,1788738843.110
21.863,2.8775,5.1198,3.4789,0.1000,0.0000,1788738843.130
21.883,2.8756,5.1192,3.4789,0.1000,0.0000,1788738843.150
21.903,2.8737,5.1185,3.4789,0.1000,0.0000,1788738843.170
21.923,2.8718,5.1178,3.4789,0.1000,0.0000,1788738843.190
21.943,2.8699,5.1172,3.4789,0.1000,0.0000,1788738843.210
21.963,2.8681,5.1165,3.4789,0.1000,0.0000,1788738843.230
21.983,2.8662,5.1159,3.4789,0.1000,0.0000,1788738843.250
22.003,2.8643,5.1152,3.4789,0.1000,0.0000,1788738843.270
22.023,2.8624,5.1145,3.4789,0.1000,0.0000,1788738843.290
22.043,2.8602,5.1138,3.4779,0.1158,-0.0526,1788738843.310
22.063,2.8580,5.1130,3.4768,0.1158,-0.0526,1788738843.330
22.083,2.8558,5.1122,3.4758,0.1158,-0.0526,1788738843.350
22.103,2.8536,5.1115,3.4747,0.1158,-0.0526,1788738843.370
22.123,2.8515,5.1107,3.4737,0.1158,-0.0526,1788738843.390
22.143,2.8493,5.1100,3.4726,0.1158,-0.0526,1788738843.410
22.163,2.8471,5.1092,3.4716,0.1158,-0.0526,1788738843.430
22.183,2.8449,5.1085,3.4705,0.1158,-0.0526,1788738843.450
22.203,2.8427,5.1077,3.4695,0.1158,-0.0526,1788738843.470
22.223,2.8405,5.1070,3.4684,0.1158,-0.0526,1788738843.490
22.242,2.8383,5.1062,3.4674,0.1158,-0.0526,1788738843.510
22.263,2.8361,5.1055,3.4663,0.1158,-0.0526,1788738843.530
22.282,2.8339,5.1048,3.4653,0.1158,-0.0526,1788738843.550
22.302,2.8317,5.1040,3.4642,0.1158,-0.0526,1788738843.570
22.323,2.8295,5.1033,3.4632,0.1158,-0.0526,1788738843.590
22.343,2.8276,5.1027,3.4621,0.1000,-0.0526,1788738843.610
22.363,2.8257,5.1020,3.4611,0.1000,-0.0526,1788738843.630
22.383,2.8238,5.1014,3.4600,0.1000,-0.0526,1788738843.650
22.402,2.8219,5.1008,3.4589,0.1000,-0.0526,1788738843.670
22.422,2.8200,5.1002,3.4579,0.1000,-0.0526,1788738843.690
22.443,2.8181,5.0996,3.4568,0.1000,-0.0526,1788738843.710
22.463,2.8162,5.0989,3.4558,0.1000,-0.0526,1788738843.730
22.483,2.8143,5.0983,3.4547,0.1000,-0.0526,1788738843.750
22.502,2.8124,5.0977,3.4537,0.1000,-0.0526,1788738843.770
22.523,2.8105,5.0971,3.4526,0.1000,-0.0526,1788738843.790
22.542,2.8086,5.0965,3.4516,0.1000,-0.0526,1788738843.810
22.563,2.8067,5.0959,3.4505,0.1000,-0.0526,1788738843.830
22.583,2.8048,5.0953,3.4495,0.1000,-0.0526,1788738843.850
22.603,2.8029,5.0947,3.4484,0.1000,-0.0526,1788738843.870
22.623,2.8010,5.0941,3.4474,0.1000,-0.0526,1788738843.890
22.643,2.7991,5.0935,3.4463,0.1000,-0.0526,1788738843.910
22.663,2.7972,5.0929,3.4453,0.1000,-0.0526,1788738843.930
22.683,2.7953,5.0923,3.4442,0.1000,-0.0526,1788738843.950
22.703,2.7933,5.0917,3.4432,0.1000,-0.0526,1788738843.970
22.722,2.7914,5.0911,3.4421,0.1000,-0.0526,1788738843.990
22.742,2.7895,5.0905,3.4411,0.1000,-0.0526,1788738844.010
22.763,2.7876,5.0899,3.4400,0.1000,-0.0526,1788738844.030
22.783,2.7857,5.0893,3.4389,0.1000,-0.0526,1788738844.050
22.803,2.7838,5.0887,3.4379,0.1000,-0.0526,1788738844.070
22.823,2.7819,5.0882,3.4368,0.1000,-0.0526,1788738844.090
22.843,2.7800,5.0876,3.4358,0.1000,-0.0526,1788738844.110
22.863,2.7780,5.0870,3.4347,0.1000,-0.0526,1788738844.130
22.883,2.7761,5.0864,3.4337,0.1000,-0.0526,1788738844.150
22.903,2.7742,5.0858,3.4326,0.1000,-0.0526,1788738844.170
22.923,2.7723,5.0853,3.4316,0.1000,-0.0526,1788738844.190
22.943,2.7704,5.0847,3.4305,0.1000,-0.0526,1788738844.210
22.963,2.7685,5.0841,3.4295,0.1000,-0.0526,1788738844.230
22.983,2.7665,5.0836,3.4284,0.1000,-0.0526,1788738844.250
23.003,2.7646,5.0830,3.4274,0.1000,-0.0526,1788738844.270
23.023,2.7627,5.0824,3.4263,0.1000,-0.0526,1788738844.290
23.043,2.7608,5.0819,3.4253,0.1000,-0.0526,1788738844.310
23.063,2.7589,5.0813,3.4242,0.1000,-0.0526,1788738844.330
23.083,2.7569,5.0808,3.4232,0.1000,-0.0526,1788738844.350
23.103,2.7550,5.0802,3.4221,0.1000,-0.0526,1788738844.370
23.123,2.7531,5.0797,3.4211,0.1000,-0.0526,1788738844.390
23.143,2.7512,5.0791,3.4200,0.1000,-0.0526,1788738844.410
23.163,2.7493,5.0786,3.4189,0.1000,-0.0526,1788738844.430
23.182,2.7473,5.0780,3.4179,0.1000,-0.0526,1788738844.450
23.202,2.7454,5.0775,3.4168,0.1000,-0.0526,1788738844.470
23.223,2.7435,5.0769,3.4158,0.1000,-0.0526,1788738844.490
23.242,2.7416,5.0764,3.4147,0.1000,-0.0526,1788738844.510
23.263,2.7396,5.0759,3.4137,0.1000,-0.0526,1788738844.530
23.282,2.7377,5.0753,3.4126,0.1000,-0.0526,1788738844.550
23.302,2.7358,5.0748,3.4116,0.1000,-0.0526,1788738844.570
23.323,2.7338,5.0743,3.4105,0.1000,-0.0526,1788738844.590
23.343,2.7319,5.0737,3.4095,0.1000,-0.0526,1788738844.610
23.363,2.7300,5.0732,3.4084,0.1000,-0.0526,1788738844.630
23.382,2.7281,5.0727,3.4074,0.1000,-0.0526,1788738844.650
23.402,2.7261,5.0722,3.4063,0.1000,-0.0526,1788738844.670
23.423,2.7242,5.0716,3.4053,0.1000,-0.0526,1788738844.690
23.443,2.7223,5.0711,3.4042,0.1000,-0.0526,1788738844.710
23.463,2.7203,5.0706,3.4032,0.1000,-0.0526,1788738844.730
23.482,2.7184,5.0701,3.4021,0.1000,-0.0526,1788738844.750
23.502,2.7165,5.0696,3.4011,0.1000,-0.0526,1788738844.770
23.522,2.7145,5.0691,3.4000,0.1000,-0.0526,1788738844.790
23.543,2.7126,5.0686,3.3989,0.1000,-0.0526,1788738844.810
23.563,2.7107,5.0680,3.3979,0.1000,-0.0526,1788738844.830
23.583,2.7087,5.0675,3.3968,0.1000,-0.0526,1788738844.850
23.602,2.7068,5.0670,3.3958,0.1000,-0.0526,1788738844.870
23.622,2.7049,5.0665,3.3947,0.1000,-0.0526,1788738844.890
23.643,2.7029,5.0660,3.3937,0.1000,-0.0526,1788738844.910
23.663,2.7010,5.0655,3.3926,0.1000,-0.0526,1788738844.930
23.683,2.6990,5.0650,3.3916,0.1000,-0.0526,1788738844.950
23.703,2.6971,5.0646,3.3905,0.1000,-0.0526,1788738844.970
23.723,2.6952,5.0641,3.3895,0.1000,-0.0526,1788738844.990
23.743,2.6932,5.0636,3.3884,0.1000,-0.0526,1788738845.010
23.763,2.6913,5.0631,3.3874,0.1000,-0.0526,1788738845.030
23.783,2.6893,5.0626,3.3863,0.1000,-0.0526,1788738845.050
23.802,2.6874,5.0621,3.3853,0.1000,-0.0526,1788738845.070
23.822,2.6855,5.0616,3.3842,0.1000,-0.0526,1788738845.090
23.842,2.6835,5.0612,3.3832,0.1000,-0.0526,1788738845.110
23.863,2.6816,5.0607,3.3821,0.1000,-0.0526,1788738845.130
23.883,2.6796,5.0602,3.3811,0.1000,-0.0526,1788738845.150
23.902,2.6777,5.0597,3.3800,0.1000,-0.0526,1788738845.170
23.923,2.6757,5.0593,3.3789,0.1000,-0.0526,1788738845.190
23.943,2.6738,5.0588,3.3779,0.1000,-0.0526,1788738845.210
23.963,2.6719,5.0583,3.3768,0.1000,-0.0526,1788738845.230
23.983,2.6699,5.0579,3.3758,0.1000,-0.0526,1788738845.250
24.002,2.6680,5.0574,3.3747,0.1000,-0.0526,1788738845.270
24.023,2.6660,5.0569,3.3737,0.1000,-0.0526,1788738845.290
24.043,2.6641,5.0565,3.3726,0.1000,-0.0526,1788738845.310
24.063,2.6621,5.0560,3.3716,0.1000,-0.0526,1788738845.330
24.083,2.6602,5.0556,3.3705,0.1000,-0.0526,1788738845.350
24.102,2.6582,5.0551,3.3695,0.1000,-0.0526,1788738845.370
24.123,2.6563,5.0547,3.3684,0.1000,-0.0526,1788738845.390
24.143,2.6543,5.0542,3.3674,0.1000,-0.0526,1788738845.410
24.163,2.6524,5.0538,3.3663,0.1000,-0.0526,1788738845.430
24.183,2.6504,5.0533,3.3653,0.1000,-0.0526,1788738845.450
24.202,2.6485,5.0529,3.3642,0.1000,-0.0526,1788738845.470
24.223,2.6465,5.0525,3.3632,0.1000,-0.0526,1788738845.490
24.242,2.6446,5.0520,3.3621,0.1000,-0.0526,1788738845.510
24.263,2.6426,5.0516,3.3611,0.1000,-0.0526,1788738845.530
24.283,2.6407,5.0512,3.3600,0.1000,-0.0526,1788738845.550
24.303,2.6387,5.0507,3.3589,0.1000,-0.0526,1788738845.570
24.323,2.6368,5.0503,3.3579,0.1000,-0.0526,1788738845.590
24.343,2.6348,5.0499,3.3568,0.1000,-0.0526,1788738845.610
24.363,2.6329,5.0494,3.3558,0.1000,-0.0526,1788738845.630
24.383,2.6309,5.0490,3.3547,0.1000,-0.0526,1788738845.650
24.402,2.6290,5.0486,3.3537,0.1000,-0.0526,1788738845.670
24.423,2.6270,5.0482,3.3526,0.1000,-0.0526,1788738845.690
24.443,2.6250,5.0478,3.3516,0.1000,-0.0526,1788738845.710
24.463,2.6231,5.0473,3.3505,0.1000,-0.0526,1788738845.730
24.483,2.6211,5.0469,3.3495,0.1000,-0.0526,1788738845.750
24.503,2.6192,5.0465,3.3484,0.1000,-0.0526,1788738845.770
24.523,2.6172,5.0461,3.3474,0.1000,-0.0526,1788738845.790
24.543,2.6153,5.0457,3.3463,0.1000,-0.0526,1788738845.810
24.563,2.6133,5.0453,3.3453,0.1000,-0.0526,1788738845.830
24.583,2.6113,5.0449,3.3442,0.1000,-0.0526,1788738845.850
24.602,2.6094,5.0445,3.3432,0.1000,-0.0526,1788738845.870
24.623,2.6074,5.0441,3.3421,0.1000,-0.0526,1788738845.890
24.643,2.6055,5.0437,3.3411,0.1000,-0.0526,1788738845.910
24.662,2.6035,5.0433,3.3400,0.1000,-0.0526,1788738845.930
24.683,2.6015,5.0429,3.3389,0.1000,-0.0526,1788738845.950
24.703,2.5996,5.0425,3.3379,0.1000,-0.0526,1788738845.970
24.723,2.5976,5.0421,3.3368,0.1000,-0.0526,1788738845.990
24.743,2.5956,5.0418,3.3358,0.1000,-0.0526,1788738846.010
24.763,2.5937,5.0414,3.3347,0.1000,-0.0526,1788738846.030
24.783,2.5917,5.0410,3.3337,0.1000,-0.0526,1788738846.050
24.803,2.5898,5.0406,3.3326,0.1000,-0.0526,1788738846.070
24.822,2.5878,5.0402,3.3316,0.1000,-0.0526,1788738846.090
24.843,2.5858,5.0399,3.3305,0.1000,-0.0526,1788738846.110
24.862,2.5839,5.0395,3.3295,0.1000,-0.0526,1788738846.130
24.883,2.5819,5.0391,3.3284,0.1000,-0.0526,1788738846.150
24.902,2.5799,5.0387,3.3274,0.1000,-0.0526,1788738846.170
24.922,2.5780,5.0384,3.3263,0.1000,-0.0526,1788738846.190
24.943,2.5760,5.0380,3.3253,0.1000,-0.0526,1788738846.210
24.963,2.5740,5.0376,3.3242,0.1000,-0.0526,1788738846.230
24.983,2.5721,5.0373,3.3232,0.1000,-0.0526,1788738846.250
25.003,2.5701,5.0369,3.3221,0.1000,-0.0526,1788738846.270
25.023,2.5681,5.0366,3.3211,0.1000,-0.0526,1788738846.290
25.043,2.5662,5.0362,3.3200,0.1000,-0.0526,1788738846.310
25.063,2.5642,5.0359,3.3189,0.1000,-0.0526,1788738846.330
25.083,2.5622,5.0355,3.3179,0.1000,-0.0526,1788738846.350
25.103,2.5603,5.0352,3.3168,0.1000,-0.0526,1788738846.370
25.123,2.5583,5.0348,3.3158,0.1000,-0.0526,1788738846.390
25.142,2.5563,5.0345,3.3147,0.1000,-0.0526,1788738846.410
25.162,2.5543,5.0341,3.3137,0.1000,-0.0526,1788738846.430
25.183,2.5524,5.0338,3.3126,0.1000,-0.0526,1788738846.450
25.202,2.5504,5.0334,3.3116,0.1000,-0.0526,1788738846.470
25.222,2.5484,5.0331,3.3105,0.1000,-0.0526,1788738846.490
25.242,2.5465,5.0328,3.3095,0.1000,-0.0526,1788738846.510
25.262,2.5445,5.0324,3.3084,0.1000,-0.0526,1788738846.530
25.283,2.5425,5.0321,3.3074,0.1000,-0.0526,1788738846.550
25.303,2.5405,5.0318,3.3063,0.1000,-0.0526,1788738846.570
25.322,2.5386,5.0315,3.3053,0.1000,-0.0526,1788738846.590
25.342,2.5366,5.0311,3.3042,0.1000,-0.0526,1788738846.610
25.362,2.5346,5.0308,3.3032,0.1000,-0.0526,1788738846.630
25.383,2.5326,5.0305,3.3021,0.1000,-0.0526,1788738846.650
25.403,2.5307,5.0302,3.3011,0.1000,-0.0526,1788738846.670
25.423,2.5287,5.0299,3.3000,0.1000,-0.0526,1788738846.690
25.442,2.5267,5.0295,3.3000,0.1000,0.0000,1788738846.710
25.462,2.5247,5.0292,3.3000,0.1000,0.0000,1788738846.730
25.483,2.5228,5.0289,3.3000,0.1000,0.0000,1788738846.750
25.502,2.5208,5.0286,3.3000,0.1000,0.0000,1788738846.770
25.522,2.5188,5.0283,3.3000,0.1000,0.0000,1788738846.790
25.543,2.5162,5.0279,3.2989,0.1316,-0.0526,1788738846.810
25.562,2.5136,5.0275,3.2979,0.1316,-0.0526,1788738846.830
25.583,2.5110,5.0271,3.2968,0.1316,-0.0526,1788738846.850
25.603,2.5084,5.0267,3.2958,0.1316,-0.0526,1788738846.870
25.622,2.5058,5.0263,3.2947,0.1316,-0.0526,1788738846.890
25.642,2.5038,5.0259,3.2937,0.1000,-0.0526,1788738846.910
25.662,2.5019,5.0256,3.2926,0.1000,-0.0526,1788738846.930
25.682,2.4999,5.0253,3.2916,0.1000,-0.0526,1788738846.950
25.702,2.4979,5.0251,3.2905,0.1000,-0.0526,1788738846.970
25.722,2.4959,5.0248,3.2895,0.1000,-0.0526,1788738846.990
25.742,2.4940,5.0245,3.2895,0.1000,0.0000,1788738847.010
25.762,2.4920,5.0242,3.2895,0.1000,0.0000,1788738847.030
25.783,2.4900,5.0239,3.2895,0.1000,0.0000,1788738847.050
25.802,2.4880,5.0236,3.2895,0.1000,0.0000,1788738847.070
25.822,2.4860,5.0233,3.2895,0.1000,0.0000,1788738847.090
25.843,2.4838,5.0229,3.2884,0.1158,-0.0526,1788738847.110
25.863,2.4815,5.0226,3.2874,0.1158,-0.0526,1788738847.130
25.883,2.4792,5.0223,3.2863,0.1158,-0.0526,1788738847.150
25.903,2.4769,5.0219,3.2853,0.1158,-0.0526,1788738847.170
25.923,2.4746,5.0216,3.2842,0.1158,-0.0526,1788738847.190
25.942,2.4726,5.0213,3.2842,0.1000,0.0000,1788738847.210
25.963,2.4706,5.0210,3.2842,0.1000,0.0000,1788738847.230
25.982,2.4686,5.0208,3.2842,0.1000,0.0000,1788738847.250
26.003,2.4667,5.0205,3.2842,0.1000,0.0000,1788738847.270
26.023,2.4647,5.0202,3.2842,0.1000,0.0000,1788738847.290
26.043,2.4624,5.0199,3.2832,0.1158,-0.0526,1788738847.310
26.063,2.4601,5.0195,3.2821,0.1158,-0.0526,1788738847.330
26.083,2.4578,5.0192,3.2811,0.1158,-0.0526,1788738847.350
26.103,2.4555,5.0189,3.2800,0.1158,-0.0526,1788738847.370
26.123,2.4532,5.0186,3.2789,0.1158,-0.0526,1788738847.390
26.143,2.4512,5.0183,3.2779,0.1000,-0.0526,1788738847.410
26.163,2.4493,5.0180,3.2768,0.1000,-0.0526,1788738847.430
26.183,2.4473,5.0178,3.2758,0.1000,-0.0526,1788738847.450
26.203,2.4453,5.0175,3.2747,0.1000,-0.0526,1788738847.470
26.223,2.4433,5.0172,3.2737,0.1000,-0.0526,1788738847.490
26.243,2.4413,5.0170,3.2726,0.1000,-0.0526,1788738847.510
26.263,2.4393,5.0167,3.2716,0.1000,-0.0526,1788738847.530
26.283,2.4374,5.0165,3.2705,0.1000,-0.0526,1788738847.550
26.303,2.4354,5.0162,3.2695,0.1000,-0.0526,1788738847.570
26.323,2.4334,5.0160,3.2684,0.1000,-0.0526,1788738847.590
26.342,2.4314,5.0157,3.2674,0.1000,-0.0526,1788738847.610
26.363,2.4294,5.0155,3.2663,0.1000,-0.0526,1788738847.630
26.382,2.4274,5.0152,3.2653,0.1000,-0.0526,1788738847.650
26.402,2.4255,5.0150,3.2642,0.1000,-0.0526,1788738847.670
26.423,2.4235,5.0147,3.2632,0.1000,-0.0526,1788738847.690
26.443,2.4215,5.0145,3.2621,0.1000,-0.0526,1788738847.710
26.463,2.4195,5.0142,3.2611,0.1000,-0.0526,1788738847.730
26.482,2.4175,5.0140,3.2600,0.1000,-0.0526,1788738847.750
26.503,2.4155,5.0138,3.2589,0.1000,-0.0526,1788738847.770
26.523,2.4135,5.0135,3.2579,0.1000,-0.0526,1788738847.790
26.543,2.4116,5.0133,3.2568,0.1000,-0.0526,1788738847.810
26.563,2.4096,5.0131,3.2558,0.1000,-0.0526,1788738847.830
26.583,2.4076,5.0129,3.2547,0.1000,-0.0526,1788738847.850
26.603,2.4056,5.0126,3.2537,0.1000,-0.0526,1788738847.870
26.623,2.4036,5.0124,3.2526,0.1000,-0.0526,1788738847.890
26.643,2.4016,5.0122,3.2516,0.1000,-0.0526,1788738847.910
26.662,2.3996,5.0120,3.2505,0.1000,-0.0526,1788738847.930
26.682,2.3976,5.0118,3.2495,0.1000,-0.0526,1788738847.950
26.702,2.3957,5.0116,3.2484,0.1000,-0.0526,1788738847.970
26.723,2.3937,5.0113,3.2474,0.1000,-0.0526,1788738847.990
26.743,2.3917,5.0111,3.2463,0.1000,-0.0526,1788738848.010
26.763,2.3897,5.0109,3.2453,0.1000,-0.0526,1788738848.030
26.783,2.3877,5.0107,3.2442,0.1000,-0.0526,1788738848.050
26.803,2.3857,5.0105,3.2432,0.1000,-0.0526,1788738848.070
26.823,2.3837,5.0103,3.2421,0.1000,-0.0526,1788738848.090
26.843,2.3817,5.0101,3.2421,0.1000,0.0000,1788738848.110
26.863,2.3797,5.0099,3.2421,0.1000,0.0000,1788738848.130
26.883,2.3777,5.0097,3.2421,0.1000,0.0000,1788738848.150
26.903,2.3758,5.0095,3.2421,0.1000,0.0000,1788738848.170
26.922,2.3738,5.0093,3.2421,0.1000,0.0000,1788738848.190
26.943,2.3718,5.0091,3.2411,0.1000,-0.0526,1788738848.210
26.963,2.3698,5.0089,3.2400,0.1000,-0.0526,1788738848.230
26.983,2.3678,5.0087,3.2389,0.1000,-0.0526,1788738848.250
27.003,2.3658,5.0085,3.2379,0.1000,-0.0526,1788738848.270
27.023,2.3638,5.0083,3.2368,0.1000,-0.0526,1788738848.290
27.042,2.3618,5.0081,3.2368,0.1000,0.0000,1788738848.310
27.063,2.3598,5.0080,3.2368,0.1000,0.0000,1788738848.330
27.083,2.3578,5.0078,3.2368,0.1000,0.0000,1788738848.350
27.103,2.3558,5.0076,3.2368,0.1000,0.0000,1788738848.370
27.123,2.3539,5.0074,3.2368,0.1000,0.0000,1788738848.390
27.143,2.3519,5.0072,3.2358,0.1000,-0.0526,1788738848.410
27.162,2.3499,5.0070,3.2347,0.1000,-0.0526,1788738848.430
27.183,2.3479,5.0068,3.2337,0.1000,-0.0526,1788738848.450
27.203,2.3459,5.0066,3.2326,0.1000,-0.0526,1788738848.470
27.223,2.3439,5.0065,3.2316,0.1000,-0.0526,1788738848.490
27.243,2.3419,5.0063,3.2316,0.1000,0.0000,1788738848.510
27.262,2.3399,5.0061,3.2316,0.1000,0.0000,1788738848.530
27.283,2.3379,5.0059,3.2316,0.1000,0.0000,1788738848.550
27.303,2.3359,5.0057,3.2316,0.1000,0.0000,1788738848.570
27.323,2.3339,5.0056,3.2316,0.1000,0.0000,1788738848.590
27.343,2.3319,5.0054,3.2316,0.1000,0.0000,1788738848.610
27.362,2.3300,5.0052,3.2316,0.1000,0.0000,1788738848.630
27.383,2.3280,5.0050,3.2316,0.1000,0.0000,1788738848.650
27.403,2.3260,5.0049,3.2316,0.1000,0.0000,1788738848.670
27.423,2.3240,5.0047,3.2316,0.1000,0.0000,1788738848.690
27.442,2.3220,5.0045,3.2305,0.1000,-0.0526,1788738848.710
27.463,2.3200,5.0043,3.2295,0.1000,-0.0526,1788738848.730
27.483,2.3180,5.0041,3.2284,0.1000,-0.0526,1788738848.750
27.503,2.3160,5.0040,3.2274,0.1000,-0.0526,1788738848.770
27.523,2.3140,5.0038,3.2263,0.1000,-0.0526,1788738848.790
27.543,2.3120,5.0036,3.2263,0.1000,0.0000,1788738848.810
27.562,2.3100,5.0035,3.2263,0.1000,0.0000,1788738848.830
27.583,2.3080,5.0033,3.2263,0.1000,0.0000,1788738848.850
27.603,2.3060,5.0031,3.2263,0.1000,0.0000,1788738848.870
27.623,2.3041,5.0030,3.2263,0.1000,0.0000,1788738848.890
27.643,2.3021,5.0028,3.2263,0.1000,0.0000,1788738848.910
27.663,2.3001,5.0026,3.2263,0.1000,0.0000,1788738848.930
27.683,2.2981,5.0024,3.2263,0.1000,0.0000,1788738848.950
27.703,2.2961,5.0023,3.2263,0.1000,0.0000,1788738848.970
27.723,2.2941,5.0021,3.2263,0.1000,0.0000,1788738848.990
27.743,2.2921,5.0019,3.2253,0.1000,-0.0526,1788738849.010
27.763,2.2901,5.0018,3.2242,0.1000,-0.0526,1788738849.030
27.783,2.2881,5.0016,3.2232,0.1000,-0.0526,1788738849.050
27.802,2.2861,5.0015,3.2221,0.1000,-0.0526,1788738849.070
27.823,2.2841,5.0013,3.2211,0.1000,-0.0526,1788738849.090
27.843,2.2821,5.0011,3.2211,0.1000,0.0000,1788738849.110
27.863,2.2801,5.0010,3.2211,0.1000,0.0000,1788738849.130
27.883,2.2781,5.0008,3.2211,0.1000,0.0000,1788738849.150
27.902,2.2762,5.0007,3.2211,0.1000,0.0000,1788738849.170
27.923,2.2742,5.0005,3.2211,0.1000,0.0000,1788738849.190
27.943,2.2722,5.0003,3.2211,0.1000,0.0000,1788738849.210
27.963,2.2702,5.0002,3.2211,0.1000,0.0000,1788738849.230
27.983,2.2682,5.0000,3.2211,0.1000,0.0000,1788738849.250
28.002,2.2662,4.9999,3.2211,0.1000,0.0000,1788738849.270
28.023,2.2642,4.9997,3.2211,0.1000,0.0000,1788738849.290
28.043,2.2622,4.9996,3.2200,0.1000,-0.0526,1788738849.310
28.063,2.2602,4.9994,3.2189,0.1000,-0.0526,1788738849.330
28.083,2.2582,4.9992,3.2179,0.1000,-0.0526,1788738849.350
28.103,2.2562,4.9991,3.2168,0.1000,-0.0526,1788738849.370
28.123,2.2542,4.9989,3.2158,0.1000,-0.0526,1788738849.390
28.143,2.2522,4.9988,3.2158,0.1000,0.0000,1788738849.410
28.163,2.2502,4.9987,3.2158,0.1000,0.0000,1788738849.430
28.182,2.2482,4.9985,3.2158,0.1000,0.0000,1788738849.450
28.202,2.2462,4.9984,3.2158,0.1000,0.0000,1788738849.470
28.223,2.2442,4.9982,3.2158,0.1000,0.0000,1788738849.490
28.242,2.2423,4.9981,3.2158,0.1000,0.0000,1788738849.510
28.263,2.2403,4.9979,3.2158,0.1000,0.0000,1788738849.530
28.282,2.2383,4.9978,3.2158,0.1000,0.0000,1788738849.550
28.303,2.2363,4.9976,3.2158,0.1000,0.0000,1788738849.570
28.323,2.2343,4.9975,3.2158,0.1000,0.0000,1788738849.590
28.343,2.2323,4.9973,3.2158,0.1000,0.0000,1788738849.610
28.363,2.2303,4.9972,3.2158,0.1000,0.0000,1788738849.630
28.383,2.2283,4.9970,3.2158,0.1000,0.0000,1788738849.650
28.403,2.2263,4.9969,3.2158,0.1000,0.0000,1788738849.670
28.423,2.2243,4.9967,3.2158,0.1000,0.0000,1788738849.690
28.442,2.2223,4.9966,3.2147,0.1000,-0.0526,1788738849.710
28.462,2.2203,4.9964,3.2137,0.1000,-0.0526,1788738849.730
28.482,2.2183,4.9963,3.2126,0.1000,-0.0526,1788738849.750
28.502,2.2163,4.9962,3.2116,0.1000,-0.0526,1788738849.770
28.522,2.2143,4.9960,3.2105,0.1000,-0.0526,1788738849.790
28.542,2.2123,4.9959,3.2105,0.1000,0.0000,1788738849.810
28.562,2.2103,4.9957,3.2105,0.1000,0.0000,1788738849.830
28.582,2.2083,4.9956,3.2105,0.1000,0.0000,1788738849.850
28.602,2.2063,4.9955,3.2105,0.1000,0.0000,1788738849.870
28.622,2.2043,4.9953,3.2105,0.1000,0.0000,1788738849.890
28.642,2.2024,4.9952,3.2105,0.1000,0.0000,1788738849.910
28.662,2.2004,4.9950,3.2105,0.1000,0.0000,1788738849.930
28.682,2.1984,4.9949,3.2105,0.1000,0.0000,1788738849.950
28.702,2.1964,4.9948,3.2105,0.1000,0.0000,1788738849.970
28.722,2.1944,4.9946,3.2105,0.1000,0.0000,1788738849.990
28.742,2.1924,4.9945,3.2105,0.1000,0.0000,1788738850.010
28.762,2.1904,4.9944,3.2105,0.1000,0.0000,1788738850.030
28.782,2.1884,4.9942,3.2105,0.1000,0.0000,1788738850.050
28.802,2.1864,4.9941,3.2105,0.1000,0.0000,1788738850.070
28.822,2.1844,4.9939,3.2105,0.1000,0.0000,1788738850.090
28.842,2.1824,4.9938,3.2095,0.1000,-0.0526,1788738850.110
28.862,2.1804,4.9937,3.2084,0.1000,-0.0526,1788738850.130
28.883,2.1784,4.9935,3.2074,0.1000,-0.0526,1788738850.150
28.902,2.1764,4.9934,3.2063,0.1000,-0.0526,1788738850.170
28.923,2.1744,4.9933,3.2053,0.1000,-0.0526,1788738850.190
28.943,2.1724,4.9932,3.2053,0.1000,0.0000,1788738850.210
28.963,2.1704,4.9930,3.2053,0.1000,0.0000,1788738850.230
28.983,2.1684,4.9929,3.2053,0.1000,0.0000,1788738850.250
29.003,2.1664,4.9928,3.2053,0.1000,0.0000,1788738850.270
29.023,2.1644,4.9927,3.2053,0.1000,0.0000,1788738850.290
29.043,2.1624,4.9925,3.2053,0.1000,0.0000,1788738850.310
29.063,2.1604,4.9924,3.2053,0.1000,0.0000,1788738850.330
29.083,2.1585,4.9923,3.2053,0.1000,0.0000,1788738850.350
29.103,2.1565,4.9921,3.2053,0.1000,0.0000,1788738850.370
29.123,2.1545,4.9920,3.2053,0.1000,0.0000,1788738850.390
29.143,2.1525,4.9919,3.2053,0.1000,0.0000,1788738850.410
29.163,2.1505,4.9918,3.2053,0.1000,0.0000,1788738850.430
29.183,2.1485,4.9916,3.2053,0.1000,0.0000,1788738850.450
29.202,2.1465,4.9915,3.2053,0.1000,0.0000,1788738850.470
29.222,2.1445,4.9914,3.2053,0.1000,0.0000,1788738850.490
29.242,2.1425,4.9913,3.2042,0.1000,-0.0526,1788738850.510
29.263,2.1405,4.9911,3.2032,0.1000,-0.0526,1788738850.530
29.283,2.1385,4.9910,3.2021,0.1000,-0.0526,1788738850.550
29.303,2.1365,4.9909,3.2011,0.1000,-0.0526,1788738850.570
29.323,2.1345,4.9908,3.2000,0.1000,-0.0526,1788738850.590
29.343,2.1325,4.9907,3.2000,0.1000,0.0000,1788738850.610
29.362,2.1305,4.9905,3.2000,0.1000,0.0000,1788738850.630
29.382,2.1285,4.9904,3.2000,0.1000,0.0000,1788738850.650
29.403,2.1265,4.9903,3.2000,0.1000,0.0000,1788738850.670
29.423,2.1245,4.9902,3.2000,0.1000,0.0000,1788738850.690
29.442,2.1225,4.9901,3.2000,0.1000,0.0000,1788738850.710
29.463,2.1205,4.9900,3.2000,0.1000,0.0000,1788738850.730
29.483,2.1185,4.9898,3.2000,0.1000,0.0000,1788738850.750
29.503,2.1165,4.9897,3.2000,0.1000,0.0000,1788738850.770
29.523,2.1145,4.9896,3.2000,0.1000,0.0000,1788738850.790
29.543,2.1125,4.9895,3.2000,0.1000,0.0000,1788738850.810
29.563,2.1105,4.9894,3.2000,0.1000,0.0000,1788738850.830
29.583,2.1085,4.9893,3.2000,0.1000,0.0000,1788738850.850
29.603,2.1065,4.9891,3.2000,0.1000,0.0000,1788738850.870
29.623,2.1045,4.9890,3.2000,0.1000,0.0000,1788738850.890
29.643,2.1026,4.9889,3.1989,0.1000,-0.0526,1788738850.910
29.663,2.1006,4.9888,3.1979,0.1000,-0.0526,1788738850.930
29.683,2.0986,4.9887,3.1968,0.1000,-0.0526,1788738850.950
29.703,2.0966,4.9886,3.1958,0.1000,-0.0526,1788738850.970
29.723,2.0946,4.9885,3.1947,0.1000,-0.0526,1788738850.990
29.743,2.0926,4.9884,3.1947,0.1000,0.0000,1788738851.010
29.763,2.0906,4.9883,3.1947,0.1000,0.0000,1788738851.030
29.783,2.0886,4.9882,3.1947,0.1000,0.0000,1788738851.050
29.803,2.0866,4.9880,3.1947,0.1000,0.0000,1788738851.070
29.823,2.0846,4.9879,3.1947,0.1000,0.0000,1788738851.090
29.842,2.0826,4.9878,3.1947,0.1000,0.0000,1788738851.110
29.862,2.0806,4.9877,3.1947,0.1000,0.0000,1788738851.130
29.883,2.0786,4.9876,3.1947,0.1000,0.0000,1788738851.150
29.902,2.0766,4.9875,3.1947,0.1000,0.0000,1788738851.170
29.922,2.0746,4.9874,3.1947,0.1000,0.0000,1788738851.190
29.942,2.0726,4.9873,3.1947,0.1000,0.0000,1788738851.210
29.962,2.0706,4.9872,3.1947,0.1000,0.0000,1788738851.230
29.982,2.0686,4.9871,3.1947,0.1000,0.0000,1788738851.250
30.002,2.0666,4.9870,3.1947,0.1000,0.0000,1788738851.270
30.022,2.0646,4.9869,3.1947,0.1000,0.0000,1788738851.290
30.042,2.0626,4.9868,3.1947,0.1000,0.0000,1788738851.310
30.062,2.0606,4.9867,3.1947,0.1000,0.0000,1788738851.330
30.082,2.0586,4.9866,3.1947,0.1000,0.0000,1788738851.350
30.102,2.0566,4.9865,3.1947,0.1000,0.0000,1788738851.370
30.122,2.0546,4.9863,3.1947,0.1000,0.0000,1788738851.390
30.142,2.0526,4.9862,3.1937,0.1000,-0.0526,1788738851.410
30.162,2.0506,4.9861,3.1926,0.1000,-0.0526,1788738851.430
30.182,2.0486,4.9860,3.1916,0.1000,-0.0526,1788738851.450
30.202,2.0466,4.9859,3.1905,0.1000,-0.0526,1788738851.470
30.222,2.0446,4.9858,3.1895,0.1000,-0.0526,1788738851.490
30.242,2.0426,4.9858,3.1895,0.1000,0.0000,1788738851.510
30.262,2.0406,4.9857,3.1895,0.1000,0.0000,1788738851.530
30.282,2.0386,4.9856,3.1895,0.1000,0.0000,1788738851.550
30.302,2.0366,4.9855,3.1895,0.1000,0.0000,1788738851.570
30.322,2.0346,4.9854,3.1895,0.1000,0.0000,1788738851.590
30.342,2.0326,4.9853,3.1895,0.1000,0.0000,1788738851.610
30.363,2.0306,4.9852,3.1895,0.1000,0.0000,1788738851.630
30.383,2.0287,4.9851,3.1895,0.1000,0.0000,1788738851.650
30.403,2.0267,4.9850,3.1895,0.1000,0.0000,1788738851.670
30.422,2.0247,4.9849,3.1895,0.1000,0.0000,1788738851.690
30.443,2.0227,4.9848,3.1895,0.1000,0.0000,1788738851.710
30.463,2.0207,4.9847,3.1895,0.1000,0.0000,1788738851.730
30.483,2.0187,4.9846,3.1895,0.1000,0.0000,1788738851.750
30.503,2.0167,4.9845,3.1895,0.1000,0.0000,1788738851.770
30.523,2.0147,4.9844,3.1895,0.1000,0.0000,1788738851.790
30.543,2.0127,4.9843,3.1895,0.1000,0.0000,1788738851.810
30.563,2.0107,4.9842,3.1895,0.1000,0.0000,1788738851.830
30.583,2.0087,4.9841,3.1895,0.1000,0.0000,1788738851.850
30.603,2.0067,4.9840,3.1895,0.1000,0.0000,1788738851.870
30.623,2.0047,4.9839,3.1895,0.1000,0.0000,1788738851.890
30.643,2.0027,4.9838,3.1884,0.1000,-0.0526,1788738851.910
30.663,2.0007,4.9837,3.1874,0.1000,-0.0526,1788738851.930
30.683,1.9987,4.9837,3.1863,0.1000,-0.0526,1788738851.950
30.703,1.9967,4.9836,3.1853,0.1000,-0.0526,1788738851.970
30.723,1.9947,4.9835,3.1842,0.1000,-0.0526,1788738851.990
30.743,1.9927,4.9834,3.1842,0.1000,0.0000,1788738852.010
30.763,1.9907,4.9833,3.1842,0.1000,0.0000,1788738852.030
30.783,1.9887,4.9832,3.1842,0.1000,0.0000,1788738852.050
30.803,1.9867,4.9831,3.1842,0.1000,0.0000,1788738852.070
30.823,1.9847,4.9831,3.1842,0.1000,0.0000,1788738852.090
30.843,1.9827,4.9830,3.1842,0.1000,0.0000,1788738852.110
30.862,1.9807,4.9829,3.1842,0.1000,0.0000,1788738852.130
30.883,1.9787,4.9828,3.1842,0.1000,0.0000,1788738852.150
30.903,1.9767,4.9827,3.1842,0.1000,0.0000,1788738852.170
30.923,1.9747,4.9826,3.1842,0.1000,0.0000,1788738852.190
30.943,1.9727,4.9825,3.1842,0.1000,0.0000,1788738852.210
30.963,1.9707,4.9825,3.1842,0.1000,0.0000,1788738852.230
30.983,1.9687,4.9824,3.1842,0.1000,0.0000,1788738852.250
31.003,1.9667,4.9823,3.1842,0.1000,0.0000,1788738852.270
31.023,1.9647,4.9822,3.1842,0.1000,0.0000,1788738852.290
31.043,1.9627,4.9821,3.1842,0.1000,0.0000,1788738852.310
31.063,1.9607,4.9820,3.1842,0.1000,0.0000,1788738852.330
31.083,1.9587,4.9820,3.1842,0.1000,0.0000,1788738852.350
31.103,1.9567,4.9819,3.1842,0.1000,0.0000,1788738852.370
31.123,1.9547,4.9818,3.1842,0.1000,0.0000,1788738852.390
31.143,1.9527,4.9817,3.1842,0.1000,0.0000,1788738852.410
31.163,1.9507,4.9816,3.1842,0.1000,0.0000,1788738852.430
31.183,1.9487,4.9815,3.1842,0.1000,0.0000,1788738852.450
31.203,1.9467,4.9814,3.1842,0.1000,0.0000,1788738852.470
31.223,1.9447,4.9814,3.1842,0.1000,0.0000,1788738852.490
31.243,1.9427,4.9813,3.1842,0.1000,0.0000,1788738852.510
31.263,1.9407,4.9812,3.1842,0.1000,0.0000,1788738852.530
31.282,1.9387,4.9811,3.1842,0.1000,0.0000,1788738852.550
31.303,1.9367,4.9810,3.1842,0.1000,0.0000,1788738852.570
31.322,1.9347,4.9809,3.1842,0.1000,0.0000,1788738852.590
31.342,1.9327,4.9808,3.1832,0.1000,-0.0526,1788738852.610
31.362,1.9307,4.9808,3.1821,0.1000,-0.0526,1788738852.630
31.383,1.9287,4.9807,3.1811,0.1000,-0.0526,1788738852.650
31.403,1.9267,4.9806,3.1800,0.1000,-0.0526,1788738852.670
31.422,1.9248,4.9805,3.1789,0.1000,-0.0526,1788738852.690
31.442,1.9228,4.9805,3.1789,0.1000,0.0000,1788738852.710
31.463,1.9208,4.9804,3.1789,0.1000,0.0000,1788738852.730
31.483,1.9188,4.9803,3.1789,0.1000,0.0000,1788738852.750
31.503,1.9168,4.9802,3.1789,0.1000,0.0000,1788738852.770
31.523,1.9148,4.9802,3.1789,0.1000,0.0000,1788738852.790
31.542,1.9128,4.9801,3.1789,0.1000,0.0000,1788738852.810
31.563,1.9108,4.9800,3.1789,0.1000,0.0000,1788738852.830
31.583,1.9088,4.9799,3.1789,0.1000,0.0000,1788738852.850
31.603,1.9068,4.9799,3.1789,0.1000,0.0000,1788738852.870
31.623,1.9048,4.9798,3.1789,0.1000,0.0000,1788738852.890
31.642,1.9028,4.9797,3.1789,0.1000,0.0000,1788738852.910
31.663,1.9008,4.9796,3.1789,0.1000,0.0000,1788738852.930
31.682,1.8988,4.9796,3.1789,0.1000,0.0000,1788738852.950
31.703,1.8968,4.9795,3.1789,0.1000,0.0000,1788738852.970
31.723,1.8948,4.9794,3.1789,0.1000,0.0000,1788738852.990
31.743,1.8928,4.9793,3.1789,0.1000,0.0000,1788738853.010
31.763,1.8908,4.9793,3.1789,0.1000,0.0000,1788738853.030
31.783,1.8888,4.9792,3.1789,0.1000,0.0000,1788738853.050
31.803,1.8868,4.9791,3.1789,0.1000,0.0000,1788738853.070
31.823,1.8848,4.9790,3.1789,0.1000,0.0000,1788738853.090
31.843,1.8828,4.9790,3.1789,0.1000,0.0000,1788738853.110
31.863,1.8808,4.9789,3.1789,0.1000,0.0000,1788738853.130
31.883,1.8788,4.9788,3.1789,0.1000,0.0000,1788738853.150
31.903,1.8768,4.9787,3.1789,0.1000,0.0000,1788738853.170
31.923,1.8748,4.9787,3.1789,0.1000,0.0000,1788738853.190
31.943,1.8728,4.9786,3.1779,0.1000,-0.0526,1788738853.210
31.963,1.8708,4.9785,3.1768,0.1000,-0.0526,1788738853.230
31.983,1.8688,4.9785,3.1758,0.1000,-0.0526,1788738853.250
32.003,1.8668,4.9784,3.1747,0.1000,-0.0526,1788738853.270
32.023,1.8648,4.9783,3.1737,0.1000,-0.0526,1788738853.290
32.043,1.8628,4.9783,3.1737,0.1000,0.0000,1788738853.310
32.063,1.8608,4.9782,3.1737,0.1000,0.0000,1788738853.330
32.083,1.8588,4.9781,3.1737,0.1000,0.0000,1788738853.350
32.103,1.8568,4.9781,3.1737,0.1000,0.0000,1788738853.370
32.122,1.8548,4.9780,3.1737,0.1000,0.0000,1788738853.390
32.143,1.8528,4.9779,3.1737,0.1000,0.0000,1788738853.410
32.163,1.8508,4.9779,3.1737,0.1000,0.0000,1788738853.430
32.183,1.8488,4.9778,3.1737,0.1000,0.0000,1788738853.450
32.203,1.8468,4.9777,3.1737,0.1000,0.0000,1788738853.470
32.223,1.8448,4.9777,3.1737,0.1000,0.0000,1788738853.490
32.243,1.8428,4.9776,3.1737,0.1000,0.0000,1788738853.510
32.263,1.8408,4.9776,3.1737,0.1000,0.0000,1788738853.530
32.283,1.8388,4.9775,3.1737,0.1000,0.0000,1788738853.550
32.303,1.8368,4.9774,3.1737,0.1000,0.0000,1788738853.570
32.323,1.8348,4.9774,3.1737,0.1000,0.0000,1788738853.590
32.343,1.8328,4.9773,3.1737,0.1000,0.0000,1788738853.610
32.362,1.8308,4.9772,3.1737,0.1000,0.0000,1788738853.630
32.383,1.8288,4.9772,3.1737,0.1000,0.0000,1788738853.650
32.403,1.8268,4.9771,3.1737,0.1000,0.0000,1788738853.670
32.423,1.8248,4.9770,3.1737,0.1000,0.0000,1788738853.690
32.443,1.8228,4.9770,3.1737,0.1000,0.0000,1788738853.710
32.463,1.8208,4.9769,3.1737,0.1000,0.0000,1788738853.730
32.483,1.8188,4.9769,3.1737,0.1000,0.0000,1788738853.750
32.503,1.8168,4.9768,3.1737,0.1000,0.0000,1788738853.770
32.523,1.8148,4.9767,3.1737,0.1000,0.0000,1788738853.790
32.543,1.8128,4.9767,3.1737,0.1000,0.0000,1788738853.810
32.563,1.8108,4.9766,3.1737,0.1000,0.0000,1788738853.830
32.583,1.8088,4.9765,3.1737,0.1000,0.0000,1788738853.850
32.603,1.8068,4.9765,3.1737,0.1000,0.0000,1788738853.870
32.623,1.8048,4.9764,3.1737,0.1000,0.0000,1788738853.890
32.643,1.8028,4.9763,3.1737,0.1000,0.0000,1788738853.910
32.663,1.8008,4.9763,3.1737,0.1000,0.0000,1788738853.930
32.683,1.7988,4.9762,3.1737,0.1000,0.0000,1788738853.950
32.702,1.7968,4.9761,3.1737,0.1000,0.0000,1788738853.970
32.723,1.7948,4.9761,3.1737,0.1000,0.0000,1788738853.990
32.743,1.7928,4.9760,3.1737,0.1000,0.0000,1788738854.010
32.763,1.7908,4.9760,3.1737,0.1000,0.0000,1788738854.030
32.783,1.7888,4.9759,3.1737,0.1000,0.0000,1788738854.050
32.803,1.7868,4.9758,3.1737,0.1000,0.0000,1788738854.070
32.822,1.7848,4.9758,3.1737,0.1000,0.0000,1788738854.090
32.843,1.7828,4.9757,3.1726,0.1000,-0.0526,1788738854.110
32.863,1.7808,4.9756,3.1716,0.1000,-0.0526,1788738854.130
32.883,1.7788,4.9756,3.1705,0.1000,-0.0526,1788738854.150
32.903,1.7768,4.9755,3.1695,0.1000,-0.0526,1788738854.170
32.923,1.7748,4.9755,3.1684,0.1000,-0.0526,1788738854.190
32.943,1.7728,4.9754,3.1684,0.1000,0.0000,1788738854.210
32.963,1.7708,4.9754,3.1684,0.1000,0.0000,1788738854.230
32.983,1.7688,4.9753,3.1684,0.1000,0.0000,1788738854.250
33.003,1.7668,4.9753,3.1684,0.1000,0.0000,1788738854.270
33.023,1.7648,4.9752,3.1684,0.1000,0.0000,1788738854.290
33.043,1.7628,4.9751,3.1684,0.1000,0.0000,1788738854.310
33.063,1.7608,4.9751,3.1684,0.1000,0.0000,1788738854.330
33.083,1.7588,4.9750,3.1684,0.1000,0.0000,1788738854.350
33.103,1.7568,4.9750,3.1684,0.1000,0.0000,1788738854.370
33.123,1.7548,4.9749,3.1684,0.1000,0.0000,1788738854.390
33.143,1.7528,4.9749,3.1684,0.1000,0.0000,1788738854.410
33.163,1.7508,4.9748,3.1684,0.1000,0.0000,1788738854.430
33.182,1.7488,4.9748,3.1684,0.1000,0.0000,1788738854.450
33.202,1.7468,4.9747,3.1684,0.1000,0.0000,1788738854.470
33.222,1.7448,4.9747,3.1684,0.1000,0.0000,1788738854.490
33.243,1.7428,4.9746,3.1684,0.1000,0.0000,1788738854.510
33.263,1.7408,4.9746,3.1684,0.1000,0.0000,1788738854.530
33.282,1.7388,4.9745,3.1684,0.1000,0.0000,1788738854.550
33.303,1.7369,4.9745,3.1684,0.1000,0.0000,1788738854.570
33.322,1.7349,4.9744,3.1684,0.1000,0.0000,1788738854.590
33.343,1.7329,4.9743,3.1684,0.1000,0.0000,1788738854.610
33.362,1.7309,4.9743,3.1684,0.1000,0.0000,1788738854.630
33.383,1.7289,4.9742,3.1684,0.1000,0.0000,1788738854.650
33.403,1.7269,4.9742,3.1684,0.1000,0.0000,1788738854.670
33.423,1.7249,4.9741,3.1684,0.1000,0.0000,1788738854.690
33.443,1.7229,4.9741,3.1684,0.1000,0.0000,1788738854.710
33.463,1.7209,4.9740,3.1684,0.1000,0.0000,1788738854.730
33.483,1.7189,4.9740,3.1684,0.1000,0.0000,1788738854.750
33.503,1.7169,4.9739,3.1684,0.1000,0.0000,1788738854.770
33.523,1.7149,4.9739,3.1684,0.1000,0.0000,1788738854.790
33.543,1.7129,4.9738,3.1684,0.1000,0.0000,1788738854.810
33.563,1.7109,4.9738,3.1684,0.1000,0.0000,1788738854.830
33.583,1.7089,4.9737,3.1684,0.1000,0.0000,1788738854.850
33.603,1.7069,4.9736,3.1684,0.1000,0.0000,1788738854.870
33.623,1.7049,4.9736,3.1684,0.1000,0.0000,1788738854.890
33.643,1.7029,4.9735,3.1684,0.1000,0.0000,1788738854.910
33.663,1.7009,4.9735,3.1684,0.1000,0.0000,1788738854.930
33.683,1.6989,4.9734,3.1684,0.1000,0.0000,1788738854.950
33.703,1.6969,4.9734,3.1684,0.1000,0.0000,1788738854.970
33.723,1.6949,4.9733,3.1684,0.1000,0.0000,1788738854.990
33.743,1.6929,4.9733,3.1674,0.1000,-0.0526,1788738855.010
33.763,1.6909,4.9732,3.1663,0.1000,-0.0526,1788738855.030
33.783,1.6889,4.9732,3.1653,0.1000,-0.0526,1788738855.050
33.803,1.6869,4.9731,3.1642,0.1000,-0.0526,1788738855.070
33.822,1.6849,4.9731,3.1632,0.1000,-0.0526,1788738855.090
33.843,1.6829,4.9730,3.1632,0.1000,0.0000,1788738855.110
33.863,1.6809,4.9730,3.1632,0.1000,0.0000,1788738855.130
33.883,1.6789,4.9730,3.1632,0.1000,0.0000,1788738855.150
33.903,1.6769,4.9729,3.1632,0.1000,0.0000,1788738855.170
33.923,1.6749,4.9729,3.1632,0.1000,0.0000,1788738855.190
33.943,1.6729,4.9728,3.1632,0.1000,0.0000,1788738855.210
33.963,1.6709,4.9728,3.1632,0.1000,0.0000,1788738855.230
33.983,1.6689,4.9727,3.1632,0.1000,0.0000,1788738855.250
34.003,1.6669,4.9727,3.1632,0.1000,0.0000,1788738855.270
34.023,1.6649,4.9727,3.1632,0.1000,0.0000,1788738855.290
34.043,1.6629,4.9726,3.1632,0.1000,0.0000,1788738855.310
34.063,1.6609,4.9726,3.1632,0.1000,0.0000,1788738855.330
34.083,1.6589,4.9725,3.1632,0.1000,0.0000,1788738855.350
34.103,1.6569,4.9725,3.1632,0.1000,0.0000,1788738855.370
34.123,1.6549,4.9724,3.1632,0.1000,0.0000,1788738855.390
34.143,1.6529,4.9724,3.1632,0.1000,0.0000,1788738855.410
34.163,1.6509,4.9724,3.1632,0.1000,0.0000,1788738855.430
34.183,1.6489,4.9723,3.1632,0.1000,0.0000,1788738855.450
34.203,1.6469,4.9723,3.1632,0.1000,0.0000,1788738855.470
34.223,1.6449,4.9722,3.1632,0.1000,0.0000,1788738855.490
34.243,1.6429,4.9722,3.1632,0.1000,0.0000,1788738855.510
34.263,1.6409,4.9721,3.1632,0.1000,0.0000,1788738855.530
34.282,1.6389,4.9721,3.1632,0.1000,0.0000,1788738855.550
34.302,1.6369,4.9721,3.1632,0.1000,0.0000,1788738855.570
34.322,1.6349,4.9720,3.1632,0.1000,0.0000,1788738855.590
34.343,1.6329,4.9720,3.1632,0.1000,0.0000,1788738855.610
34.362,1.6309,4.9719,3.1632,0.1000,0.0000,1788738855.630
34.383,1.6289,4.9719,3.1632,0.1000,0.0000,1788738855.650
34.403,1.6269,4.9718,3.1632,0.1000,0.0000,1788738855.670
34.423,1.6249,4.9718,3.1632,0.1000,0.0000,1788738855.690
34.443,1.6229,4.9718,3.1632,0.1000,0.0000,1788738855.710
34.463,1.6209,4.9717,3.1632,0.1000,0.0000,1788738855.730
34.483,1.6189,4.9717,3.1632,0.1000,0.0000,1788738855.750
34.503,1.6169,4.9716,3.1632,0.1000,0.0000,1788738855.770
34.523,1.6149,4.9716,3.1632,0.1000,0.0000,1788738855.790
34.542,1.6129,4.9715,3.1632,0.1000,0.0000,1788738855.810
34.562,1.6109,4.9715,3.1632,0.1000,0.0000,1788738855.830
34.582,1.6089,4.9714,3.1632,0.1000,0.0000,1788738855.850
34.602,1.6069,4.9714,3.1632,0.1000,0.0000,1788738855.870
34.622,1.6049,4.9714,3.1632,0.1000,0.0000,1788738855.890
34.642,1.6029,4.9713,3.1632,0.1000,0.0000,1788738855.910
34.663,1.6009,4.9713,3.1632,0.1000,0.0000,1788738855.930
34.683,1.5989,4.9712,3.1632,0.1000,0.0000,1788738855.950
34.703,1.5969,4.9712,3.1632,0.1000,0.0000,1788738855.970
34.723,1.5949,4.9711,3.1632,0.1000,0.0000,1788738855.990
34.742,1.5929,4.9711,3.1432,0.1000,-1.0000,1788738856.010
34.763,1.5909,4.9712,3.1232,0.1000,-1.0000,1788738856.030
34.783,1.5889,4.9713,3.1032,0.1000,-1.0000,1788738856.050
34.803,1.5869,4.9714,3.0832,0.1000,-1.0000,1788738856.070
34.822,1.5849,4.9715,3.0632,0.1000,-1.0000,1788738856.090
34.843,1.5829,4.9717,3.0432,0.1000,-1.0000,1788738856.110
34.863,1.5809,4.9720,3.0232,0.1000,-1.0000,1788738856.130
34.883,1.5789,4.9722,3.0032,0.1000,-1.0000,1788738856.150
34.902,1.5770,4.9726,2.9832,0.1000,-1.0000,1788738856.170
34.923,1.5750,4.9729,2.9632,0.1000,-1.0000,1788738856.190
34.943,1.5730,4.9733,2.9432,0.1000,-1.0000,1788738856.210
34.963,1.5711,4.9737,2.9232,0.1000,-1.0000,1788738856.230
34.983,1.5691,4.9742,2.9032,0.1000,-1.0000,1788738856.250
35.003,1.5672,4.9747,2.8832,0.1000,-1.0000,1788738856.270
35.023,1.5653,4.9753,2.8632,0.1000,-1.0000,1788738856.290
35.043,1.5634,4.9759,2.8432,0.1000,-1.0000,1788738856.310
35.063,1.5615,4.9765,2.8232,0.1000,-1.0000,1788738856.330
35.083,1.5596,4.9771,2.8032,0.1000,-1.0000,1788738856.350
35.103,1.5577,4.9779,2.7832,0.1000,-1.0000,1788738856.370
35.123,1.5559,4.9786,2.7632,0.1000,-1.0000,1788738856.390
35.143,1.5540,4.9794,2.7432,0.1000,-1.0000,1788738856.410
35.163,1.5522,4.9802,2.7232,0.1000,-1.0000,1788738856.430
35.183,1.5504,4.9810,2.7032,0.1000,-1.0000,1788738856.450
35.203,1.5486,4.9819,2.6832,0.1000,-1.0000,1788738856.470
35.222,1.5468,4.9828,2.6632,0.1000,-1.0000,1788738856.490
35.243,1.5451,4.9838,2.6432,0.1000,-1.0000,1788738856.510
35.262,1.5433,4.9848,2.6232,0.1000,-1.0000,1788738856.530
35.283,1.5416,4.9858,2.6032,0.1000,-1.0000,1788738856.550
35.303,1.5399,4.9869,2.5832,0.1000,-1.0000,1788738856.570
35.322,1.5382,4.9880,2.5632,0.1000,-1.0000,1788738856.590
35.343,1.5366,4.9891,2.5432,0.1000,-1.0000,1788738856.610
35.362,1.5349,4.9902,2.5232,0.1000,-1.0000,1788738856.630
35.383,1.5333,4.9914,2.5032,0.1000,-1.0000,1788738856.650
35.403,1.5318,4.9927,2.4832,0.1000,-1.0000,1788738856.670
35.423,1.5302,4.9939,2.4632,0.1000,-1.0000,1788738856.690
35.443,1.5287,4.9952,2.4432,0.1000,-1.0000,1788738856.710
35.463,1.5272,4.9965,2.4232,0.1000,-1.0000,1788738856.730
35.483,1.5257,4.9979,2.4032,0.1000,-1.0000,1788738856.750
35.503,1.5242,4.9992,2.3832,0.1000,-1.0000,1788738856.770
35.523,1.5228,5.0006,2.3632,0.1000,-1.0000,1788738856.790
35.543,1.5214,5.0021,2.3432,0.1000,-1.0000,1788738856.810
35.563,1.5200,5.0035,2.3232,0.1000,-1.0000,1788738856.830
35.583,1.5187,5.0050,2.3032,0.1000,-1.0000,1788738856.850
35.603,1.5174,5.0065,2.2832,0.1000,-1.0000,1788738856.870
35.623,1.5161,5.0081,2.2632,0.1000,-1.0000,1788738856.890
35.643,1.5149,5.0096,2.2432,0.1000,-1.0000,1788738856.910
35.663,1.5137,5.0112,2.2232,0.1000,-1.0000,1788738856.930
35.683,1.5125,5.0128,2.2032,0.1000,-1.0000,1788738856.950
35.703,1.5113,5.0145,2.1832,0.1000,-1.0000,1788738856.970
35.723,1.5102,5.0161,2.1632,0.1000,-1.0000,1788738856.990
35.743,1.5091,5.0178,2.1432,0.1000,-1.0000,1788738857.010
35.763,1.5081,5.0195,2.1232,0.1000,-1.0000,1788738857.030
35.783,1.5071,5.0212,2.1032,0.1000,-1.0000,1788738857.050
35.802,1.5061,5.0230,2.0832,0.1000,-1.0000,1788738857.070
35.822,1.5051,5.0248,2.0632,0.1000,-1.0000,1788738857.090
35.843,1.5042,5.0265,2.0432,0.1000,-1.0000,1788738857.110
35.863,1.5034,5.0283,2.0232,0.1000,-1.0000,1788738857.130
35.883,1.5025,5.0301,2.0032,0.1000,-1.0000,1788738857.150
35.903,1.5017,5.0320,1.9832,0.1000,-1.0000,1788738857.170
35.923,1.5010,5.0338,1.9632,0.1000,-1.0000,1788738857.190
35.943,1.5001,5.0360,1.9432,0.1158,-1.0000,1788738857.210
35.963,1.4993,5.0382,1.9232,0.1158,-1.0000,1788738857.230
35.983,1.4986,5.0403,1.9032,0.1158,-1.0000,1788738857.250
36.003,1.4978,5.0426,1.8832,0.1158,-1.0000,1788738857.270
36.023,1.4972,5.0448,1.8632,0.1158,-1.0000,1788738857.290
36.043,1.4966,5.0467,1.8432,0.1000,-1.0000,1788738857.310
36.063,1.4961,5.0486,1.8232,0.1000,-1.0000,1788738857.330
36.083,1.4957,5.0506,1.8032,0.1000,-1.0000,1788738857.350
36.103,1.4953,5.0525,1.7832,0.1000,-1.0000,1788738857.370
36.123,1.4949,5.0545,1.7632,0.1000,-1.0000,1788738857.390
36.143,1.4945,5.0565,1.7432,0.1000,-1.0000,1788738857.410
36.163,1.4942,5.0584,1.7232,0.1000,-1.0000,1788738857.430
36.183,1.4940,5.0604,1.7032,0.1000,-1.0000,1788738857.450
36.203,1.4937,5.0624,1.6832,0.1000,-1.0000,1788738857.470
36.223,1.4936,5.0644,1.6632,0.1000,-1.0000,1788738857.490
36.243,1.4934,5.0664,1.6432,0.1000,-1.0000,1788738857.510
36.262,1.4933,5.0684,1.6232,0.1000,-1.0000,1788738857.530
36.283,1.4932,5.0704,1.6032,0.1000,-1.0000,1788738857.550
36.303,1.4932,5.0724,1.5832,0.1000,-1.0000,1788738857.570
36.323,1.4932,5.0744,1.5632,0.1000,-1.0000,1788738857.590
36.342,1.4933,5.0764,1.5432,0.1000,-1.0000,1788738857.610
36.362,1.4934,5.0784,1.5232,0.1000,-1.0000,1788738857.630
36.383,1.4935,5.0804,1.5032,0.1000,-1.0000,1788738857.650
36.403,1.4937,5.0824,1.4832,0.1000,-1.0000,1788738857.670
36.423,1.4939,5.0844,1.4632,0.1000,-1.0000,1788738857.690
36.443,1.4949,5.0923,1.4432,0.4000,-1.0000,1788738857.710
36.463,1.4961,5.1002,1.4232,0.4000,-1.0000,1788738857.730
36.483,1.4974,5.1081,1.4032,0.4000,-1.0000,1788738857.750
36.503,1.4989,5.1160,1.3832,0.4000,-1.0000,1788738857.770
36.523,1.5006,5.1238,1.3632,0.4000,-1.0000,1788738857.790
36.543,1.5010,5.1257,1.3432,0.1000,-1.0000,1788738857.810
36.563,1.5015,5.1277,1.3232,0.1000,-1.0000,1788738857.830
36.583,1.5020,5.1296,1.3032,0.1000,-1.0000,1788738857.850
36.603,1.5026,5.1315,1.2832,0.1000,-1.0000,1788738857.870
36.623,1.5032,5.1334,1.2632,0.1000,-1.0000,1788738857.890
36.643,1.5057,5.1407,1.2432,0.3842,-1.0000,1788738857.910
36.663,1.5083,5.1479,1.2232,0.3842,-1.0000,1788738857.930
36.683,1.5111,5.1551,1.2032,0.3842,-1.0000,1788738857.950
36.702,1.5140,5.1622,1.1832,0.3842,-1.0000,1788738857.970
36.723,1.5170,5.1693,1.1632,0.3842,-1.0000,1788738857.990
36.743,1.5198,5.1754,1.1432,0.3368,-1.0000,1788738858.010
36.763,1.5227,5.1815,1.1232,0.3368,-1.0000,1788738858.030
36.783,1.5258,5.1875,1.1032,0.3368,-1.0000,1788738858.050
36.803,1.5289,5.1934,1.0832,0.3368,-1.0000,1788738858.070
36.823,1.5322,5.1993,1.0632,0.3368,-1.0000,1788738858.090
36.843,1.5354,5.2049,1.0432,0.3211,-1.0000,1788738858.110
36.863,1.5388,5.2104,1.0232,0.3211,-1.0000,1788738858.130
36.883,1.5422,5.2158,1.0032,0.3211,-1.0000,1788738858.150
36.903,1.5458,5.2211,0.9832,0.3211,-1.0000,1788738858.170
36.923,1.5495,5.2264,0.9632,0.3211,-1.0000,1788738858.190
36.943,1.5534,5.2318,0.9432,0.3368,-1.0000,1788738858.210
36.963,1.5575,5.2372,0.9232,0.3368,-1.0000,1788738858.230
36.983,1.5616,5.2425,0.9032,0.3368,-1.0000,1788738858.250
37.003,1.5659,5.2477,0.8832,0.3368,-1.0000,1788738858.270
37.023,1.5703,5.2528,0.8632,0.3368,-1.0000,1788738858.290
37.043,1.5756,5.2588,0.8453,0.4000,-0.8947,1788738858.310
37.063,1.5810,5.2647,0.8274,0.4000,-0.8947,1788738858.330
37.083,1.5865,5.2705,0.8095,0.4000,-0.8947,1788738858.350
37.103,1.5922,5.2762,0.7916,0.4000,-0.8947,1788738858.370
37.123,1.5979,5.2818,0.7737,0.4000,-0.8947,1788738858.390
37.143,1.6035,5.2870,0.7558,0.3842,-0.8947,1788738858.410
37.163,1.6092,5.2922,0.7379,0.3842,-0.8947,1788738858.430
37.183,1.6149,5.2973,0.7200,0.3842,-0.8947,1788738858.450
37.203,1.6208,5.3022,0.7021,0.3842,-0.8947,1788738858.470
37.223,1.6268,5.3071,0.6842,0.3842,-0.8947,1788738858.490
37.242,1.6331,5.3120,0.6663,0.4000,-0.8947,1788738858.510
37.262,1.6394,5.3169,0.6484,0.4000,-0.8947,1788738858.530
37.283,1.6459,5.3216,0.6305,0.4000,-0.8947,1788738858.550
37.303,1.6524,5.3262,0.6126,0.4000,-0.8947,1788738858.570
37.322,1.6591,5.3307,0.5947,0.4000,-0.8947,1788738858.590
37.343,1.6658,5.3351,0.5789,0.4000,-0.7895,1788738858.610
37.362,1.6725,5.3393,0.5632,0.4000,-0.7895,1788738858.630
37.382,1.6794,5.3435,0.5474,0.4000,-0.7895,1788738858.650
37.402,1.6863,5.3475,0.5316,0.4000,-0.7895,1788738858.670
37.422,1.6932,5.3515,0.5158,0.4000,-0.7895,1788738858.690
37.443,1.7002,5.3553,0.5021,0.4000,-0.6842,1788738858.710
37.463,1.7073,5.3591,0.4884,0.4000,-0.6842,1788738858.730
37.483,1.7144,5.3628,0.4747,0.4000,-0.6842,1788738858.750
37.503,1.7216,5.3663,0.4611,0.4000,-0.6842,1788738858.770
37.522,1.7288,5.3698,0.4474,0.4000,-0.6842,1788738858.790
37.542,1.7358,5.3730,0.4337,0.3842,-0.6842,1788738858.810
37.562,1.7428,5.3761,0.4200,0.3842,-0.6842,1788738858.830
37.583,1.7498,5.3792,0.4063,0.3842,-0.6842,1788738858.850
37.602,1.7569,5.3821,0.3926,0.3842,-0.6842,1788738858.870
37.622,1.7641,5.3850,0.3789,0.3842,-0.6842,1788738858.890
37.642,1.7704,5.3874,0.3653,0.3368,-0.6842,1788738858.910
37.662,1.7767,5.3897,0.3516,0.3368,-0.6842,1788738858.930
37.683,1.7830,5.3919,0.3379,0.3368,-0.6842,1788738858.950
37.703,1.7894,5.3941,0.3242,0.3368,-0.6842,1788738858.970
37.723,1.7958,5.3961,0.3105,0.3368,-0.6842,1788738858.990
37.742,1.8035,5.3985,0.2989,0.4000,-0.5789,1788738859.010
37.763,1.8112,5.4007,0.2874,0.4000,-0.5789,1788738859.030
37.783,1.8189,5.4029,0.2758,0.4000,-0.5789,1788738859.050
37.803,1.8266,5.4050,0.2642,0.4000,-0.5789,1788738859.070
37.823,1.8343,5.4070,0.2526,0.4000,-0.5789,1788738859.090
37.842,1.8415,5.4088,0.2411,0.3684,-0.5789,1788738859.110
37.863,1.8487,5.4104,0.2295,0.3684,-0.5789,1788738859.130
37.883,1.8559,5.4120,0.2179,0.3684,-0.5789,1788738859.150
37.903,1.8631,5.4135,0.2063,0.3684,-0.5789,1788738859.170
37.922,1.8703,5.4150,0.1947,0.3684,-0.5789,1788738859.190
37.943,1.8782,5.4164,0.1853,0.4000,-0.4737,1788738859.210
37.962,1.8860,5.4178,0.1758,0.4000,-0.4737,1788738859.230
37.983,1.8939,5.4192,0.1663,0.4000,-0.4737,1788738859.250
38.003,1.9018,5.4204,0.1568,0.4000,-0.4737,1788738859.270
38.023,1.9097,5.4216,0.1474,0.4000,-0.4737,1788738859.290
38.042,1.9177,5.4227,0.1379,0.4000,-0.4737,1788738859.310
38.063,1.9256,5.4237,0.1284,0.4000,-0.4737,1788738859.330
38.083,1.9335,5.4247,0.1189,0.4000,-0.4737,1788738859.350
38.103,1.9415,5.4255,0.1095,0.4000,-0.4737,1788738859.370
38.123,1.9495,5.4263,0.1000,0.4000,-0.4737,1788738859.390
38.143,1.9568,5.4270,0.0905,0.3684,-0.4737,1788738859.410
38.163,1.9641,5.4276,0.0811,0.3684,-0.4737,1788738859.430
38.182,1.9715,5.4281,0.0716,0.3684,-0.4737,1788738859.450
38.203,1.9788,5.4286,0.0621,0.3684,-0.4737,1788738859.470
38.223,1.9862,5.4290,0.0526,0.3684,-0.4737,1788738859.490
38.242,1.9942,5.4293,0.0453,0.4000,-0.3684,1788738859.510
38.262,2.0022,5.4296,0.0379,0.4000,-0.3684,1788738859.530
38.282,2.0102,5.4299,0.0305,0.4000,-0.3684,1788738859.550
38.303,2.0182,5.4301,0.0232,0.4000,-0.3684,1788738859.570
38.323,2.0262,5.4302,0.0158,0.4000,-0.3684,1788738859.590
38.343,2.0342,5.4303,0.0084,0.4000,-0.3684,1788738859.610
38.362,2.0422,5.4303,0.0011,0.4000,-0.3684,1788738859.630
38.382,2.0502,5.4302,-0.0063,0.4000,-0.3684,1788738859.650
38.403,2.0582,5.4301,-0.0137,0.4000,-0.3684,1788738859.670
38.423,2.0662,5.4299,-0.0211,0.4000,-0.3684,1788738859.690
38.442,2.0735,5.4297,-0.0284,0.3684,-0.3684,1788738859.710
38.463,2.0809,5.4295,-0.0358,0.3684,-0.3684,1788738859.730
38.483,2.0883,5.4292,-0.0432,0.3684,-0.3684,1788738859.750
38.503,2.0956,5.4288,-0.0505,0.3684,-0.3684,1788738859.770
38.523,2.1030,5.4284,-0.0579,0.3684,-0.3684,1788738859.790
38.542,2.1110,5.4278,-0.0632,0.4000,-0.2632,1788738859.810
38.562,2.1189,5.4273,-0.0684,0.4000,-0.2632,1788738859.830
38.582,2.1269,5.4267,-0.0737,0.4000,-0.2632,1788738859.850
38.603,2.1349,5.4261,-0.0789,0.4000,-0.2632,1788738859.870
38.622,2.1429,5.4254,-0.0842,0.4000,-0.2632,1788738859.890
38.643,2.1508,5.4247,-0.0895,0.4000,-0.2632,1788738859.910
38.663,2.1588,5.4239,-0.0947,0.4000,-0.2632,1788738859.930
38.683,2.1668,5.4231,-0.1000,0.4000,-0.2632,1788738859.950
38.703,2.1747,5.4223,-0.1053,0.4000,-0.2632,1788738859.970
38.723,2.1827,5.4214,-0.1105,0.4000,-0.2632,1788738859.990
38.743,2.1906,5.4205,-0.1158,0.4000,-0.2632,1788738860.010
38.762,2.1986,5.4195,-0.1211,0.4000,-0.2632,1788738860.030
38.783,2.2065,5.4185,-0.1263,0.4000,-0.2632,1788738860.050
38.803,2.2144,5.4175,-0.1316,0.4000,-0.2632,1788738860.070
38.823,2.2223,5.4164,-0.1368,0.4000,-0.2632,1788738860.090
38.842,2.2296,5.4153,-0.1421,0.3684,-0.2632,1788738860.110
38.863,2.2369,5.4143,-0.1474,0.3684,-0.2632,1788738860.130
38.883,2.2442,5.4131,-0.1526,0.3684,-0.2632,1788738860.150
38.903,2.2515,5.4120,-0.1579,0.3684,-0.2632,1788738860.170
38.923,2.2588,5.4108,-0.1632,0.3684,-0.2632,1788738860.190
38.943,2.2666,5.4094,-0.1684,0.4000,-0.2632,1788738860.210
38.963,2.2745,5.4081,-0.1737,0.4000,-0.2632,1788738860.230
38.983,2.2824,5.4066,-0.1789,0.4000,-0.2632,1788738860.250
39.002,2.2903,5.4052,-0.1842,0.4000,-0.2632,1788738860.270
39.023,2.2981,5.4037,-0.1895,0.4000,-0.2632,1788738860.290
39.042,2.3060,5.4021,-0.1926,0.4000,-0.1579,1788738860.310
39.062,2.3138,5.4006,-0.1958,0.4000,-0.1579,1788738860.330
39.082,2.3217,5.3990,-0.1989,0.4000,-0.1579,1788738860.350
39.102,2.3295,5.3974,-0.2021,0.4000,-0.1579,1788738860.370
39.122,2.3373,5.3958,-0.2053,0.4000,-0.1579,1788738860.390
39.143,2.3448,5.3942,-0.2084,0.3842,-0.1579,1788738860.410
39.163,2.3524,5.3925,-0.2116,0.3842,-0.1579,1788738860.430
39.182,2.3599,5.3909,-0.2147,0.3842,-0.1579,1788738860.450
39.202,2.3674,5.3892,-0.2179,0.3842,-0.1579,1788738860.470
39.222,2.3749,5.3876,-0.2211,0.3842,-0.1579,1788738860.490
39.242,2.3821,5.3859,-0.2242,0.3684,-0.1579,1788738860.510
39.262,2.3892,5.3843,-0.2274,0.3684,-0.1579,1788738860.530
39.282,2.3964,5.3826,-0.2305,0.3684,-0.1579,1788738860.550
39.302,2.4036,5.3809,-0.2337,0.3684,-0.1579,1788738860.570
39.323,2.4107,5.3791,-0.2368,0.3684,-0.1579,1788738860.590
39.343,2.4176,5.3775,-0.2400,0.3526,-0.1579,1788738860.610
39.362,2.4244,5.3758,-0.2432,0.3526,-0.1579,1788738860.630
39.382,2.4313,5.3741,-0.2463,0.3526,-0.1579,1788738860.650
39.403,2.4381,5.3723,-0.2495,0.3526,-0.1579,1788738860.670
39.423,2.4449,5.3705,-0.2526,0.3526,-0.1579,1788738860.690
39.443,2.4527,5.3685,-0.2537,0.4000,-0.0526,1788738860.710
39.462,2.4604,5.3665,-0.2547,0.4000,-0.0526,1788738860.730
39.483,2.4682,5.3645,-0.2558,0.4000,-0.0526,1788738860.750
39.503,2.4759,5.3625,-0.2568,0.4000,-0.0526,1788738860.770
39.523,2.4836,5.3604,-0.2579,0.4000,-0.0526,1788738860.790
39.543,2.4914,5.3584,-0.2589,0.4000,-0.0526,1788738860.810
39.563,2.4991,5.3563,-0.2600,0.4000,-0.0526,1788738860.830
39.583,2.5068,5.3543,-0.2611,0.4000,-0.0526,1788738860.850
39.603,2.5146,5.3522,-0.2621,0.4000,-0.0526,1788738860.870
39.623,2.5223,5.3501,-0.2632,0.4000,-0.0526,1788738860.890
39.643,2.5300,5.3480,-0.2642,0.4000,-0.0526,1788738860.910
39.662,2.5377,5.3459,-0.2653,0.4000,-0.0526,1788738860.930
39.683,2.5454,5.3438,-0.2663,0.4000,-0.0526,1788738860.950
39.703,2.5532,5.3417,-0.2674,0.4000,-0.0526,1788738860.970
39.722,2.5609,5.3396,-0.2684,0.4000,-0.0526,1788738860.990
39.742,2.5686,5.3374,-0.2695,0.4000,-0.0526,1788738861.010
39.763,2.5763,5.3353,-0.2705,0.4000,-0.0526,1788738861.030
39.783,2.5840,5.3332,-0.2716,0.4000,-0.0526,1788738861.050
39.802,2.5917,5.3310,-0.2726,0.4000,-0.0526,1788738861.070
39.823,2.5994,5.3288,-0.2737,0.4000,-0.0526,1788738861.090
39.843,2.6071,5.3267,-0.2747,0.4000,-0.0526,1788738861.110
39.863,2.6148,5.3245,-0.2758,0.4000,-0.0526,1788738861.130
39.883,2.6225,5.3223,-0.2768,0.4000,-0.0526,1788738861.150
39.903,2.6302,5.3201,-0.2779,0.4000,-0.0526,1788738861.170
39.923,2.6379,5.3179,-0.2789,0.4000,-0.0526,1788738861.190
39.943,2.6453,5.3158,-0.2800,0.3842,-0.0526,1788738861.210
39.963,2.6526,5.3137,-0.2811,0.3842,-0.0526,1788738861.230
39.983,2.6600,5.3115,-0.2821,0.3842,-0.0526,1788738861.250
40.002,2.6674,5.3094,-0.2832,0.3842,-0.0526,1788738861.270
40.023,2.6748,5.3072,-0.2842,0.3842,-0.0526,1788738861.290
40.043,2.6825,5.3050,-0.2842,0.4000,0.0000,1788738861.310
40.063,2.6901,5.3027,-0.2842,0.4000,0.0000,1788738861.330
40.083,2.6978,5.3005,-0.2842,0.4000,0.0000,1788738861.350
40.103,2.7055,5.2982,-0.2842,0.4000,0.0000,1788738861.370
40.122,2.7132,5.2960,-0.2842,0.4000,0.0000,1788738861.390
40.142,2.7209,5.2938,-0.2842,0.4000,0.0000,1788738861.410
40.163,2.7285,5.2915,-0.2842,0.4000,0.0000,1788738861.430
40.183,2.7362,5.2893,-0.2842,0.4000,0.0000,1788738861.450
40.202,2.7439,5.2870,-0.2842,0.4000,0.0000,1788738861.470
40.223,2.7516,5.2848,-0.2842,0.4000,0.0000,1788738861.490
40.242,2.7592,5.2825,-0.2842,0.4000,0.0000,1788738861.510
40.262,2.7669,5.2803,-0.2842,0.4000,0.0000,1788738861.530
40.282,2.7746,5.2781,-0.2842,0.4000,0.0000,1788738861.550
40.302,2.7823,5.2758,-0.2842,0.4000,0.0000,1788738861.570
40.323,2.7900,5.2736,-0.2842,0.4000,0.0000,1788738861.590
40.343,2.7976,5.2713,-0.2842,0.4000,0.0000,1788738861.610
40.362,2.8053,5.2691,-0.2842,0.4000,0.0000,1788738861.630
40.383,2.8130,5.2668,-0.2842,0.4000,0.0000,1788738861.650
40.402,2.8207,5.2646,-0.2842,0.4000,0.0000,1788738861.670
40.423,2.8284,5.2624,-0.2842,0.4000,0.0000,1788738861.690
40.442,2.8357,5.2602,-0.2842,0.3842,0.0000,1788738861.710
40.462,2.8431,5.2580,-0.2842,0.3842,0.0000,1788738861.730
40.483,2.8505,5.2559,-0.2842,0.3842,0.0000,1788738861.750
40.502,2.8579,5.2537,-0.2842,0.3842,0.0000,1788738861.770
40.522,2.8652,5.2516,-0.2842,0.3842,0.0000,1788738861.790
40.543,2.8726,5.2494,-0.2842,0.3842,0.0000,1788738861.810
40.563,2.8800,5.2473,-0.2842,0.3842,0.0000,1788738861.830
40.582,2.8874,5.2451,-0.2842,0.3842,0.0000,1788738861.850
40.602,2.8947,5.2430,-0.2842,0.3842,0.0000,1788738861.870
40.623,2.9021,5.2408,-0.2842,0.3842,0.0000,1788738861.890
40.642,2.9092,5.2387,-0.2842,0.3684,0.0000,1788738861.910
40.662,2.9163,5.2367,-0.2842,0.3684,0.0000,1788738861.930
40.682,2.9233,5.2346,-0.2842,0.3684,0.0000,1788738861.950
40.702,2.9304,5.2325,-0.2842,0.3684,0.0000,1788738861.970
40.722,2.9375,5.2305,-0.2842,0.3684,0.0000,1788738861.990
40.743,2.9452,5.2282,-0.2832,0.4000,0.0526,1788738862.010
40.763,2.9528,5.2260,-0.2821,0.4000,0.0526,1788738862.030
40.782,2.9605,5.2238,-0.2811,0.4000,0.0526,1788738862.050
40.802,2.9682,5.2216,-0.2800,0.4000,0.0526,1788738862.070
40.823,2.9759,5.2194,-0.2789,0.4000,0.0526,1788738862.090
40.843,2.9836,5.2172,-0.2779,0.4000,0.0526,1788738862.110
40.862,2.9913,5.2150,-0.2768,0.4000,0.0526,1788738862.130
40.883,2.9990,5.2128,-0.2758,0.4000,0.0526,1788738862.150
40.903,3.0067,5.2107,-0.2747,0.4000,0.0526,1788738862.170
40.923,3.0144,5.2085,-0.2737,0.4000,0.0526,1788738862.190
40.943,3.0218,5.2064,-0.2726,0.3842,0.0526,1788738862.210
40.963,3.0292,5.2044,-0.2716,0.3842,0.0526,1788738862.230
40.983,3.0366,5.2023,-0.2705,0.3842,0.0526,1788738862.250
41.003,3.0440,5.2003,-0.2695,0.3842,0.0526,1788738862.270
41.023,3.0514,5.1982,-0.2684,0.3842,0.0526,1788738862.290
41.042,3.0591,5.1961,-0.2674,0.4000,0.0526,1788738862.310
41.063,3.0669,5.1940,-0.2663,0.4000,0.0526,1788738862.330
41.083,3.0746,5.1919,-0.2653,0.4000,0.0526,1788738862.350
41.103,3.0823,5.1898,-0.2642,0.4000,0.0526,1788738862.370
41.122,3.0900,5.1877,-0.2632,0.4000,0.0526,1788738862.390
41.143,3.0978,5.1857,-0.2621,0.4000,0.0526,1788738862.410
41.162,3.1055,5.1836,-0.2611,0.4000,0.0526,1788738862.430
41.183,3.1132,5.1815,-0.2600,0.4000,0.0526,1788738862.450
41.203,3.1209,5.1795,-0.2589,0.4000,0.0526,1788738862.470
41.223,3.1287,5.1775,-0.2579,0.4000,0.0526,1788738862.490
41.242,3.1364,5.1754,-0.2568,0.4000,0.0526,1788738862.510
41.262,3.1442,5.1734,-0.2558,0.4000,0.0526,1788738862.530
41.283,3.1519,5.1714,-0.2547,0.4000,0.0526,1788738862.550
41.303,3.1596,5.1694,-0.2537,0.4000,0.0526,1788738862.570
41.323,3.1674,5.1674,-0.2526,0.4000,0.0526,1788738862.590
41.343,3.1751,5.1654,-0.2516,0.4000,0.0526,1788738862.610
41.362,3.1829,5.1634,-0.2505,0.4000,0.0526,1788738862.630
41.383,3.1906,5.1614,-0.2495,0.4000,0.0526,1788738862.650
41.403,3.1984,5.1595,-0.2484,0.4000,0.0526,1788738862.670
41.423,3.2062,5.1575,-0.2474,0.4000,0.0526,1788738862.690
41.443,3.2136,5.1556,-0.2463,0.3842,0.0526,1788738862.710
41.462,3.2211,5.1538,-0.2453,0.3842,0.0526,1788738862.730
41.483,3.2285,5.1519,-0.2442,0.3842,0.0526,1788738862.750
41.503,3.2360,5.1500,-0.2432,0.3842,0.0526,1788738862.770
41.523,3.2434,5.1482,-0.2421,0.3842,0.0526,1788738862.790
41.543,3.2512,5.1463,-0.2411,0.4000,0.0526,1788738862.810
41.563,3.2590,5.1444,-0.2400,0.4000,0.0526,1788738862.830
41.583,3.2667,5.1425,-0.2389,0.4000,0.0526,1788738862.850
41.603,3.2745,5.1406,-0.2379,0.4000,0.0526,1788738862.870
41.623,3.2823,5.1387,-0.2368,0.4000,0.0526,1788738862.890
41.643,3.2901,5.1369,-0.2358,0.4000,0.0526,1788738862.910
41.662,3.2979,5.1350,-0.2347,0.4000,0.0526,1788738862.930
41.683,3.3056,5.1332,-0.2337,0.4000,0.0526,1788738862.950
41.703,3.3134,5.1313,-0.2326,0.4000,0.0526,1788738862.970
41.723,3.3212,5.1295,-0.2316,0.4000,0.0526,1788738862.990
41.743,3.3287,5.1277,-0.2305,0.3842,0.0526,1788738863.010
41.763,3.3362,5.1260,-0.2295,0.3842,0.0526,1788738863.030
41.783,3.3437,5.1242,-0.2284,0.3842,0.0526,1788738863.050
41.803,3.3511,5.1225,-0.2274,0.3842,0.0526,1788738863.070
41.822,3.3586,5.1208,-0.2263,0.3842,0.0526,1788738863.090
41.843,3.3655,5.1192,-0.2253,0.3526,0.0526,1788738863.110
41.862,3.3724,5.1176,-0.2242,0.3526,0.0526,1788738863.130
41.883,3.3793,5.1161,-0.2232,0.3526,0.0526,1788738863.150
41.902,3.3861,5.1145,-0.2221,0.3526,0.0526,1788738863.170
41.923,3.3930,5.1130,-0.2211,0.3526,0.0526,1788738863.190
41.943,3.4002,5.1114,-0.2200,0.3684,0.0526,1788738863.210
41.963,3.4074,5.1098,-0.2189,0.3684,0.0526,1788738863.230
41.983,3.4146,5.1082,-0.2179,0.3684,0.0526,1788738863.250
42.002,3.4218,5.1066,-0.2168,0.3684,0.0526,1788738863.270
42.023,3.4290,5.1050,-0.2158,0.3684,0.0526,1788738863.290
42.042,3.4359,5.1035,-0.2147,0.3526,0.0526,1788738863.310
42.063,3.4428,5.1020,-0.2137,0.3526,0.0526,1788738863.330
42.083,3.4497,5.1005,-0.2126,0.3526,0.0526,1788738863.350
42.103,3.4566,5.0990,-0.2116,0.3526,0.0526,1788738863.370
42.123,3.4635,5.0976,-0.2105,0.3526,0.0526,1788738863.390
42.143,3.4704,5.0961,-0.2095,0.3526,0.0526,1788738863.410
42.163,3.4773,5.0946,-0.2084,0.3526,0.0526,1788738863.430
42.183,3.4842,5.0932,-0.2074,0.3526,0.0526,1788738863.450
42.202,3.4911,5.0917,-0.2063,0.3526,0.0526,1788738863.470
42.223,3.4980,5.0903,-0.2053,0.3526,0.0526,1788738863.490
42.243,3.5046,5.0889,-0.2042,0.3368,0.0526,1788738863.510
42.263,3.5112,5.0876,-0.2032,0.3368,0.0526,1788738863.530
42.282,3.5178,5.0862,-0.2021,0.3368,0.0526,1788738863.550
42.303,3.5244,5.0849,-0.2011,0.3368,0.0526,1788738863.570
42.323,3.5310,5.0835,-0.2000,0.3368,0.0526,1788738863.590
42.343,3.5373,5.0823,-0.1989,0.3211,0.0526,1788738863.610
42.362,3.5436,5.0810,-0.1979,0.3211,0.0526,1788738863.630
42.382,3.5499,5.0798,-0.1968,0.3211,0.0526,1788738863.650
42.403,3.5562,5.0785,-0.1958,0.3211,0.0526,1788738863.670
42.423,3.5625,5.0773,-0.1947,0.3211,0.0526,1788738863.690
42.443,3.5691,5.0760,-0.1937,0.3368,0.0526,1788738863.710
42.462,3.5757,5.0747,-0.1926,0.3368,0.0526,1788738863.730
42.483,3.5823,5.0734,-0.1916,0.3368,0.0526,1788738863.750
42.503,3.5889,5.0721,-0.1905,0.3368,0.0526,1788738863.770
42.523,3.5955,5.0709,-0.1895,0.3368,0.0526,1788738863.790
42.542,3.6021,5.0696,-0.1884,0.3368,0.0526,1788738863.810
42.563,3.6088,5.0683,-0.1874,0.3368,0.0526,1788738863.830
42.582,3.6154,5.0671,-0.1863,0.3368,0.0526,1788738863.850
42.603,3.6220,5.0658,-0.1853,0.3368,0.0526,1788738863.870
42.623,3.6286,5.0646,-0.1842,0.3368,0.0526,1788738863.890
42.643,3.6349,5.0634,-0.1832,0.3211,0.0526,1788738863.910
42.663,3.6413,5.0623,-0.1821,0.3211,0.0526,1788738863.930
42.682,3.6476,5.0611,-0.1811,0.3211,0.0526,1788738863.950
42.703,3.6539,5.0600,-0.1800,0.3211,0.0526,1788738863.970
42.723,3.6602,5.0588,-0.1789,0.3211,0.0526,1788738863.990
42.743,3.6662,5.0578,-0.1779,0.3053,0.0526,1788738864.010
42.763,3.6722,5.0567,-0.1768,0.3053,0.0526,1788738864.030
42.783,3.6782,5.0556,-0.1758,0.3053,0.0526,1788738864.050
42.803,3.6842,5.0545,-0.1747,0.3053,0.0526,1788738864.070
42.823,3.6903,5.0535,-0.1737,0.3053,0.0526,1788738864.090
42.843,3.6966,5.0524,-0.1726,0.3211,0.0526,1788738864.110
42.863,3.7029,5.0513,-0.1716,0.3211,0.0526,1788738864.130
42.883,3.7092,5.0502,-0.1705,0.3211,0.0526,1788738864.150
42.902,3.7156,5.0491,-0.1695,0.3211,0.0526,1788738864.170
42.923,3.7219,5.0480,-0.1684,0.3211,0.0526,1788738864.190
42.943,3.7282,5.0470,-0.1674,0.3211,0.0526,1788738864.210
42.963,3.7346,5.0459,-0.1663,0.3211,0.0526,1788738864.230
42.983,3.7409,5.0449,-0.1653,0.3211,0.0526,1788738864.250
43.002,3.7472,5.0438,-0.1642,0.3211,0.0526,1788738864.270
43.023,3.7536,5.0428,-0.1632,0.3211,0.0526,1788738864.290
43.043,3.7596,5.0418,-0.1621,0.3053,0.0526,1788738864.310
43.063,3.7656,5.0408,-0.1611,0.3053,0.0526,1788738864.330
43.083,3.7716,5.0398,-0.1600,0.3053,0.0526,1788738864.350
43.103,3.7777,5.0389,-0.1589,0.3053,0.0526,1788738864.370
43.122,3.7837,5.0379,-0.1579,0.3053,0.0526,1788738864.390
43.143,3.7900,5.0369,-0.1568,0.3211,0.0526,1788738864.410
43.163,3.7964,5.0359,-0.1558,0.3211,0.0526,1788738864.430
43.182,3.8027,5.0349,-0.1547,0.3211,0.0526,1788738864.450
43.202,3.8091,5.0339,-0.1537,0.3211,0.0526,1788738864.470
43.223,3.8154,5.0330,-0.1526,0.3211,0.0526,1788738864.490
43.243,3.8218,5.0320,-0.1516,0.3211,0.0526,1788738864.510
43.262,3.8281,5.0310,-0.1505,0.3211,0.0526,1788738864.530
43.282,3.8345,5.0301,-0.1495,0.3211,0.0526,1788738864.550
43.303,3.8408,5.0291,-0.1484,0.3211,0.0526,1788738864.570
43.323,3.8472,5.0282,-0.1474,0.3211,0.0526,1788738864.590
43.342,3.8532,5.0273,-0.1463,0.3053,0.0526,1788738864.610
43.362,3.8593,5.0264,-0.1453,0.3053,0.0526,1788738864.630
43.382,3.8653,5.0255,-0.1442,0.3053,0.0526,1788738864.650
43.403,3.8713,5.0246,-0.1432,0.3053,0.0526,1788738864.670
43.423,3.8774,5.0238,-0.1421,0.3053,0.0526,1788738864.690
43.443,3.8837,5.0229,-0.1411,0.3211,0.0526,1788738864.710
43.462,3.8901,5.0220,-0.1400,0.3211,0.0526,1788738864.730
43.482,3.8965,5.0211,-0.1389,0.3211,0.0526,1788738864.750
43.502,3.9028,5.0202,-0.1379,0.3211,0.0526,1788738864.770
43.523,3.9092,5.0193,-0.1368,0.3211,0.0526,1788738864.790
43.543,3.9159,5.0184,-0.1358,0.3368,0.0526,1788738864.810
43.563,3.9225,5.0175,-0.1347,0.3368,0.0526,1788738864.830
43.582,3.9292,5.0166,-0.1337,0.3368,0.0526,1788738864.850
43.602,3.9359,5.0157,-0.1326,0.3368,0.0526,1788738864.870
43.623,3.9426,5.0148,-0.1316,0.3368,0.0526,1788738864.890
43.642,3.9492,5.0140,-0.1305,0.3368,0.0526,1788738864.910
43.662,3.9559,5.0131,-0.1295,0.3368,0.0526,1788738864.930
43.683,3.9626,5.0122,-0.1284,0.3368,0.0526,1788738864.950
43.703,3.9693,5.0114,-0.1274,0.3368,0.0526,1788738864.970
43.723,3.9760,5.0105,-0.1263,0.3368,0.0526,1788738864.990
43.743,3.9823,5.0097,-0.1253,0.3211,0.0526,1788738865.010
43.762,3.9887,5.0089,-0.1242,0.3211,0.0526,1788738865.030
43.783,3.9951,5.0081,-0.1232,0.3211,0.0526,1788738865.050
43.803,4.0015,5.0074,-0.1221,0.3211,0.0526,1788738865.070
43.823,4.0078,5.0066,-0.1211,0.3211,0.0526,1788738865.090
43.843,4.0148,5.0057,-0.1200,0.3526,0.0526,1788738865.110
43.862,4.0218,5.0049,-0.1189,0.3526,0.0526,1788738865.130
43.883,4.0288,5.0041,-0.1179,0.3526,0.0526,1788738865.150
43.902,4.0358,5.0033,-0.1168,0.3526,0.0526,1788738865.170
43.922,4.0428,5.0024,-0.1158,0.3526,0.0526,1788738865.190
43.943,4.0502,5.0016,-0.1147,0.3684,0.0526,1788738865.210
43.963,4.0575,5.0008,-0.1137,0.3684,0.0526,1788738865.230
43.983,4.0648,4.9999,-0.1126,0.3684,0.0526,1788738865.250
44.002,4.0721,4.9991,-0.1116,0.3684,0.0526,1788738865.270
44.023,4.0795,4.9983,-0.1105,0.3684,0.0526,1788738865.290
44.043,4.0868,4.9975,-0.1095,0.3684,0.0526,1788738865.310
44.062,4.0941,4.9967,-0.1084,0.3684,0.0526,1788738865.330
44.083,4.1014,4.9959,-0.1074,0.3684,0.0526,1788738865.350
44.103,4.1088,4.9951,-0.1063,0.3684,0.0526,1788738865.370
44.123,4.1161,4.9944,-0.1053,0.3684,0.0526,1788738865.390
44.143,4.1234,4.9936,-0.1042,0.3684,0.0526,1788738865.410
44.163,4.1307,4.9928,-0.1032,0.3684,0.0526,1788738865.430
44.183,4.1381,4.9921,-0.1021,0.3684,0.0526,1788738865.450
44.202,4.1454,4.9913,-0.1011,0.3684,0.0526,1788738865.470
44.223,4.1527,4.9906,-0.1000,0.3684,0.0526,1788738865.490
44.243,4.1607,4.9898,-0.0989,0.4000,0.0526,1788738865.510
44.262,4.1687,4.9890,-0.0979,0.4000,0.0526,1788738865.530
44.283,4.1766,4.9883,-0.0968,0.4000,0.0526,1788738865.550
44.303,4.1846,4.9875,-0.0958,0.4000,0.0526,1788738865.570
44.322,4.1926,4.9867,-0.0947,0.4000,0.0526,1788738865.590
44.342,4.2002,4.9860,-0.0937,0.3842,0.0526,1788738865.610
44.362,4.2079,4.9853,-0.0926,0.3842,0.0526,1788738865.630
44.383,4.2155,4.9846,-0.0916,0.3842,0.0526,1788738865.650
44.403,4.2232,4.9839,-0.0905,0.3842,0.0526,1788738865.670
44.422,4.2308,4.9832,-0.0895,0.3842,0.0526,1788738865.690
44.443,4.2388,4.9825,-0.0884,0.4000,0.0526,1788738865.710
44.462,4.2467,4.9818,-0.0874,0.4000,0.0526,1788738865.730
44.483,4.2547,4.9811,-0.0863,0.4000,0.0526,1788738865.750
44.503,4.2627,4.9804,-0.0853,0.4000,0.0526,1788738865.770
44.523,4.2707,4.9798,-0.0842,0.4000,0.0526,1788738865.790
44.543,4.2786,4.9791,-0.0832,0.4000,0.0526,1788738865.810
44.563,4.2866,4.9784,-0.0821,0.4000,0.0526,1788738865.830
44.583,4.2946,4.9778,-0.0811,0.4000,0.0526,1788738865.850
44.603,4.3026,4.9772,-0.0800,0.4000,0.0526,1788738865.870
44.623,4.3105,4.9765,-0.0789,0.4000,0.0526,1788738865.890
44.642,4.3185,4.9759,-0.0779,0.4000,0.0526,1788738865.910
44.662,4.3265,4.9753,-0.0768,0.4000,0.0526,1788738865.930
44.683,4.3345,4.9747,-0.0758,0.4000,0.0526,1788738865.950
44.703,4.3424,4.9741,-0.0747,0.4000,0.0526,1788738865.970
44.723,4.3504,4.9735,-0.0737,0.4000,0.0526,1788738865.990
44.743,4.3581,4.9729,-0.0726,0.3842,0.0526,1788738866.010
44.763,4.3657,4.9724,-0.0716,0.3842,0.0526,1788738866.030
44.783,4.3734,4.9719,-0.0705,0.3842,0.0526,1788738866.050
44.803,4.3811,4.9713,-0.0695,0.3842,0.0526,1788738866.070
44.823,4.3887,4.9708,-0.0684,0.3842,0.0526,1788738866.090
44.843,4.3964,4.9703,-0.0674,0.3842,0.0526,1788738866.110
44.862,4.4041,4.9698,-0.0663,0.3842,0.0526,1788738866.130
44.883,4.4117,4.9693,-0.0653,0.3842,0.0526,1788738866.150
44.902,4.4194,4.9688,-0.0642,0.3842,0.0526,1788738866.170
44.922,4.4271,4.9683,-0.0632,0.3842,0.0526,1788738866.190
44.942,4.4351,4.9678,-0.0621,0.4000,0.0526,1788738866.210
44.962,4.4430,4.9673,-0.0611,0.4000,0.0526,1788738866.230
44.982,4.4510,4.9668,-0.0600,0.4000,0.0526,1788738866.250
45.002,4.4590,4.9664,-0.0589,0.4000,0.0526,1788738866.270
45.022,4.4670,4.9659,-0.0579,0.4000,0.0526,1788738866.290
45.043,4.4750,4.9654,-0.0568,0.4000,0.0526,1788738866.310
45.062,4.4830,4.9650,-0.0558,0.4000,0.0526,1788738866.330
45.083,4.4910,4.9646,-0.0547,0.4000,0.0526,1788738866.350
45.102,4.4990,4.9641,-0.0537,0.4000,0.0526,1788738866.370
45.122,4.5069,4.9637,-0.0526,0.4000,0.0526,1788738866.390
45.143,4.5149,4.9633,-0.0516,0.4000,0.0526,1788738866.410
45.162,4.5229,4.9629,-0.0505,0.4000,0.0526,1788738866.430
45.182,4.5309,4.9625,-0.0495,0.4000,0.0526,1788738866.450
45.202,4.5389,4.9621,-0.0484,0.4000,0.0526,1788738866.470
45.222,4.5469,4.9617,-0.0474,0.4000,0.0526,1788738866.490
45.242,4.5546,4.9614,-0.0463,0.3842,0.0526,1788738866.510
45.262,4.5623,4.9610,-0.0453,0.3842,0.0526,1788738866.530
45.282,4.5699,4.9607,-0.0442,0.3842,0.0526,1788738866.550
45.302,4.5776,4.9603,-0.0432,0.3842,0.0526,1788738866.570
45.322,4.5853,4.9600,-0.0421,0.3842,0.0526,1788738866.590
45.342,4.5930,4.9597,-0.0411,0.3842,0.0526,1788738866.610
45.362,4.6006,4.9594,-0.0400,0.3842,0.0526,1788738866.630
45.382,4.6083,4.9591,-0.0389,0.3842,0.0526,1788738866.650
45.403,4.6160,4.9588,-0.0379,0.3842,0.0526,1788738866.670
45.422,4.6237,4.9585,-0.0368,0.3842,0.0526,1788738866.690
45.443,4.6317,4.9582,-0.0358,0.4000,0.0526,1788738866.710
45.462,4.6397,4.9580,-0.0347,0.4000,0.0526,1788738866.730
45.482,4.6477,4.9577,-0.0337,0.4000,0.0526,1788738866.750
45.502,4.6557,4.9574,-0.0326,0.4000,0.0526,1788738866.770
45.523,4.6637,4.9572,-0.0316,0.4000,0.0526,1788738866.790
45.543,4.6716,4.9569,-0.0305,0.4000,0.0526,1788738866.810
45.563,4.6796,4.9567,-0.0295,0.4000,0.0526,1788738866.830
45.582,4.6876,4.9565,-0.0284,0.4000,0.0526,1788738866.850
45.603,4.6956,4.9563,-0.0274,0.4000,0.0526,1788738866.870
45.623,4.7036,4.9560,-0.0263,0.4000,0.0526,1788738866.890
45.642,4.7116,4.9558,-0.0253,0.4000,0.0526,1788738866.910
45.662,4.7196,4.9556,-0.0242,0.4000,0.0526,1788738866.930
45.683,4.7276,4.9555,-0.0232,0.4000,0.0526,1788738866.950
45.702,4.7356,4.9553,-0.0221,0.4000,0.0526,1788738866.970
45.723,4.7436,4.9551,-0.0211,0.4000,0.0526,1788738866.990
45.742,4.7504,4.9550,-0.0200,0.3368,0.0526,1788738867.010
45.763,4.7571,4.9549,-0.0189,0.3368,0.0526,1788738867.030
45.782,4.7638,4.9547,-0.0179,0.3368,0.0526,1788738867.050
45.803,4.7706,4.9546,-0.0168,0.3368,0.0526,1788738867.070
45.823,4.7773,4.9545,-0.0158,0.3368,0.0526,1788738867.090
45.843,4.7853,4.9544,-0.0147,0.4000,0.0526,1788738867.110
45.862,4.7933,4.9543,-0.0137,0.4000,0.0526,1788738867.130
45.883,4.8013,4.9542,-0.0126,0.4000,0.0526,1788738867.150
45.902,4.8093,4.9541,-0.0116,0.4000,0.0526,1788738867.170
45.922,4.8173,4.9540,-0.0105,0.4000,0.0526,1788738867.190
45.942,4.8253,4.9539,-0.0095,0.4000,0.0526,1788738867.210
45.963,4.8333,4.9539,-0.0084,0.4000,0.0526,1788738867.230
45.982,4.8413,4.9538,-0.0074,0.4000,0.0526,1788738867.250
46.002,4.8493,4.9538,-0.0063,0.4000,0.0526,1788738867.270
46.023,4.8573,4.9537,-0.0053,0.4000,0.0526,1788738867.290
46.042,4.8653,4.9537,-0.0042,0.4000,0.0526,1788738867.310
46.062,4.8733,4.9537,-0.0032,0.4000,0.0526,1788738867.330
46.083,4.8813,4.9536,-0.0021,0.4000,0.0526,1788738867.350
46.103,4.8893,4.9536,-0.0011,0.4000,0.0526,1788738867.370
46.122,4.8973,4.9536,-0.0000,0.4000,0.0526,1788738867.390
46.143,4.9050,4.9536,-0.0000,0.3842,0.0000,1788738867.410
46.163,4.9127,4.9536,-0.0000,0.3842,0.0000,1788738867.430
46.183,4.9204,4.9536,-0.0000,0.3842,0.0000,1788738867.450
46.202,4.9280,4.9536,-0.0000,0.3842,0.0000,1788738867.470
46.222,4.9357,4.9536,-0.0000,0.3842,0.0000,1788738867.490
46.243,4.9434,4.9536,-0.0000,0.3842,0.0000,1788738867.510
46.262,4.9511,4.9536,-0.0000,0.3842,0.0000,1788738867.530
46.283,4.9588,4.9536,-0.0000,0.3842,0.0000,1788738867.550
46.303,4.9665,4.9536,-0.0000,0.3842,0.0000,1788738867.570
46.323,4.9741,4.9536,-0.0000,0.3842,0.0000,1788738867.590
46.343,4.9821,4.9536,-0.0000,0.4000,0.0000,1788738867.610
46.362,4.9901,4.9536,-0.0000,0.4000,0.0000,1788738867.630
46.382,4.9981,4.9536,-0.0000,0.4000,0.0000,1788738867.650
46.402,5.0061,4.9536,-0.0000,0.4000,0.0000,1788738867.670
46.422,5.0141,4.9536,-0.0000,0.4000,0.0000,1788738867.690
46.442,5.0221,4.9536,-0.0000,0.4000,0.0000,1788738867.710
46.462,5.0301,4.9536,-0.0000,0.4000,0.0000,1788738867.730
46.482,5.0381,4.9536,-0.0000,0.4000,0.0000,1788738867.750
46.502,5.0461,4.9536,-0.0000,0.4000,0.0000,1788738867.770
46.522,5.0541,4.9536,-0.0000,0.4000,0.0000,1788738867.790
46.542,5.0621,4.9536,-0.0000,0.4000,0.0000,1788738867.810
46.562,5.0701,4.9536,-0.0000,0.4000,0.0000,1788738867.830
46.582,5.0781,4.9536,-0.0000,0.4000,0.0000,1788738867.850
46.603,5.0861,4.9536,-0.0000,0.4000,0.0000,1788738867.870
46.622,5.0941,4.9536,-0.0000,0.4000,0.0000,1788738867.890
46.642,5.1018,4.9536,-0.0000,0.3842,0.0000,1788738867.910
46.662,5.1095,4.9536,-0.0000,0.3842,0.0000,1788738867.930
46.682,5.1172,4.9536,-0.0000,0.3842,0.0000,1788738867.950
46.703,5.1249,4.9536,-0.0000,0.3842,0.0000,1788738867.970
46.722,5.1326,4.9536,-0.0000,0.3842,0.0000,1788738867.990
46.743,5.1402,4.9536,-0.0000,0.3842,0.0000,1788738868.010
46.762,5.1479,4.9536,-0.0000,0.3842,0.0000,1788738868.030
46.783,5.1556,4.9536,-0.0000,0.3842,0.0000,1788738868.050
46.803,5.1633,4.9536,-0.0000,0.3842,0.0000,1788738868.070
46.822,5.1710,4.9536,-0.0000,0.3842,0.0000,1788738868.090
46.842,5.1790,4.9536,-0.0000,0.4000,0.0000,1788738868.110
46.862,5.1870,4.9536,-0.0000,0.4000,0.0000,1788738868.130
46.882,5.1950,4.9536,-0.0000,0.4000,0.0000,1788738868.150
46.902,5.2030,4.9536,-0.0000,0.4000,0.0000,1788738868.170
46.922,5.2110,4.9536,-0.0000,0.4000,0.0000,1788738868.190
46.942,5.2190,4.9536,-0.0000,0.4000,0.0000,1788738868.210
46.963,5.2270,4.9536,-0.0000,0.4000,0.0000,1788738868.230
46.983,5.2350,4.9536,-0.0000,0.4000,0.0000,1788738868.250
47.003,5.2430,4.9536,-0.0000,0.4000,0.0000,1788738868.270
47.022,5.2510,4.9536,-0.0000,0.4000,0.0000,1788738868.290
47.042,5.2590,4.9536,-0.0000,0.4000,0.0000,1788738868.310
47.062,5.2670,4.9536,-0.0000,0.4000,0.0000,1788738868.330
47.082,5.2750,4.9536,-0.0000,0.4000,0.0000,1788738868.350
47.103,5.2830,4.9536,-0.0000,0.4000,0.0000,1788738868.370
47.122,5.2910,4.9536,-0.0000,0.4000,0.0000,1788738868.390
47.142,5.2987,4.9536,-0.0000,0.3842,0.0000,1788738868.410
47.162,5.3064,4.9536,-0.0000,0.3842,0.0000,1788738868.430
47.183,5.3140,4.9536,-0.0000,0.3842,0.0000,1788738868.450
47.202,5.3217,4.9536,-0.0000,0.3842,0.0000,1788738868.470
47.222,5.3294,4.9536,-0.0000,0.3842,0.0000,1788738868.490
47.242,5.3374,4.9536,-0.0000,0.4000,0.0000,1788738868.510
47.262,5.3454,4.9536,-0.0000,0.4000,0.0000,1788738868.530
47.282,5.3534,4.9536,-0.0000,0.4000,0.0000,1788738868.550
47.302,5.3614,4.9536,-0.0000,0.4000,0.0000,1788738868.570
47.323,5.3694,4.9536,-0.0000,0.4000,0.0000,1788738868.590
47.342,5.3774,4.9536,-0.0000,0.4000,0.0000,1788738868.610
47.362,5.3854,4.9536,-0.0000,0.4000,0.0000,1788738868.630
47.382,5.3934,4.9536,-0.0000,0.4000,0.0000,1788738868.650
47.403,5.4014,4.9536,-0.0000,0.4000,0.0000,1788738868.670
47.422,5.4094,4.9536,-0.0000,0.4000,0.0000,1788738868.690
47.443,5.4174,4.9536,-0.0000,0.4000,0.0000,1788738868.710
47.463,5.4254,4.9536,-0.0000,0.4000,0.0000,1788738868.730
47.482,5.4334,4.9536,-0.0000,0.4000,0.0000,1788738868.750
47.502,5.4414,4.9536,-0.0000,0.4000,0.0000,1788738868.770
47.522,5.4494,4.9536,-0.0000,0.4000,0.0000,1788738868.790
47.542,5.4571,4.9536,-0.0000,0.3842,0.0000,1788738868.810
47.562,5.4648,4.9536,-0.0000,0.3842,0.0000,1788738868.830
47.582,5.4725,4.9536,-0.0000,0.3842,0.0000,1788738868.850
47.602,5.4801,4.9536,-0.0000,0.3842,0.0000,1788738868.870
47.622,5.4878,4.9536,-0.0000,0.3842,0.0000,1788738868.890
47.642,5.4955,4.9536,-0.0000,0.3842,0.0000,1788738868.910
47.662,5.5032,4.9536,-0.0000,0.3842,0.0000,1788738868.930
47.682,5.5109,4.9536,-0.0000,0.3842,0.0000,1788738868.950
47.702,5.5186,4.9536,-0.0000,0.3842,0.0000,1788738868.970
47.722,5.5262,4.9536,-0.0000,0.3842,0.0000,1788738868.990
47.742,5.5342,4.9536,-0.0000,0.4000,0.0000,1788738869.010
47.762,5.5422,4.9536,-0.0000,0.4000,0.0000,1788738869.030
47.782,5.5502,4.9536,-0.0000,0.4000,0.0000,1788738869.050
47.802,5.5582,4.9536,-0.0000,0.4000,0.0000,1788738869.070
47.822,5.5662,4.9536,-0.0000,0.4000,0.0000,1788738869.090
47.842,5.5742,4.9536,-0.0000,0.4000,0.0000,1788738869.110
47.862,5.5822,4.9536,-0.0000,0.4000,0.0000,1788738869.130
47.882,5.5902,4.9536,-0.0000,0.4000,0.0000,1788738869.150
47.902,5.5982,4.9536,-0.0000,0.4000,0.0000,1788738869.170
47.922,5.6062,4.9536,-0.0000,0.4000,0.0000,1788738869.190
47.942,5.6142,4.9536,-0.0000,0.4000,0.0000,1788738869.210
47.962,5.6222,4.9536,-0.0000,0.4000,0.0000,1788738869.230
47.982,5.6302,4.9536,-0.0000,0.4000,0.0000,1788738869.250
48.002,5.6382,4.9536,-0.0000,0.4000,0.0000,1788738869.270
48.022,5.6462,4.9536,-0.0000,0.4000,0.0000,1788738869.290
48.042,5.6539,4.9536,-0.0000,0.3842,0.0000,1788738869.310
48.062,5.6616,4.9536,-0.0000,0.3842,0.0000,1788738869.330
48.082,5.6693,4.9536,-0.0000,0.3842,0.0000,1788738869.350
48.102,5.6770,4.9536,-0.0000,0.3842,0.0000,1788738869.370
48.122,5.6847,4.9536,-0.0000,0.3842,0.0000,1788738869.390
48.142,5.6924,4.9536,-0.0000,0.3842,0.0000,1788738869.410
48.162,5.7000,4.9536,-0.0000,0.3842,0.0000,1788738869.430
48.182,5.7077,4.9536,-0.0000,0.3842,0.0000,1788738869.450
48.202,5.7154,4.9536,-0.0000,0.3842,0.0000,1788738869.470
48.223,5.7231,4.9536,-0.0000,0.3842,0.0000,1788738869.490
48.243,5.7311,4.9536,-0.0000,0.4000,0.0000,1788738869.510
48.262,5.7391,4.9536,-0.0000,0.4000,0.0000,1788738869.530
48.282,5.7471,4.9536,-0.0000,0.4000,0.0000,1788738869.550
48.303,5.7551,4.9536,-0.0000,0.4000,0.0000,1788738869.570
48.323,5.7631,4.9536,-0.0000,0.4000,0.0000,1788738869.590
48.343,5.7711,4.9536,-0.0000,0.4000,0.0000,1788738869.610
48.362,5.7791,4.9536,-0.0000,0.4000,0.0000,1788738869.630
48.382,5.7871,4.9536,-0.0000,0.4000,0.0000,1788738869.650
48.402,5.7951,4.9536,-0.0000,0.4000,0.0000,1788738869.670
48.423,5.8031,4.9536,-0.0000,0.4000,0.0000,1788738869.690
48.442,5.8111,4.9536,-0.0000,0.4000,0.0000,1788738869.710
48.463,5.8191,4.9536,-0.0000,0.4000,0.0000,1788738869.730
48.482,5.8271,4.9536,-0.0000,0.4000,0.0000,1788738869.750
48.503,5.8351,4.9536,-0.0000,0.4000,0.0000,1788738869.770
48.522,5.8431,4.9536,-0.0000,0.4000,0.0000,1788738869.790
48.542,5.8508,4.9536,-0.0000,0.3842,0.0000,1788738869.810
48.562,5.8585,4.9536,-0.0000,0.3842,0.0000,1788738869.830
48.582,5.8661,4.9536,-0.0000,0.3842,0.0000,1788738869.850
48.603,5.8738,4.9536,-0.0000,0.3842,0.0000,1788738869.870
48.622,5.8815,4.9536,-0.0000,0.3842,0.0000,1788738869.890
48.642,5.8895,4.9536,-0.0000,0.4000,0.0000,1788738869.910
48.662,5.8975,4.9536,-0.0000,0.4000,0.0000,1788738869.930
48.682,5.9055,4.9536,-0.0000,0.4000,0.0000,1788738869.950
48.702,5.9135,4.9536,-0.0000,0.4000,0.0000,1788738869.970
48.722,5.9215,4.9536,-0.0000,0.4000,0.0000,1788738869.990
48.742,5.9295,4.9536,-0.0000,0.4000,0.0000,1788738870.010
48.762,5.9375,4.9536,-0.0000,0.4000,0.0000,1788738870.030
48.782,5.9455,4.9536,-0.0000,0.4000,0.0000,1788738870.050
48.802,5.9535,4.9536,-0.0000,0.4000,0.0000,1788738870.070
48.822,5.9615,4.9536,-0.0000,0.4000,0.0000,1788738870.090
48.843,5.9695,4.9536,-0.0000,0.4000,0.0000,1788738870.110
48.862,5.9775,4.9536,-0.0000,0.4000,0.0000,1788738870.130
48.882,5.9855,4.9536,-0.0000,0.4000,0.0000,1788738870.150
48.902,5.9935,4.9536,-0.0000,0.4000,0.0000,1788738870.170
48.922,6.0015,4.9536,-0.0000,0.4000,0.0000,1788738870.190
48.942,6.0095,4.9536,-0.0000,0.4000,0.0000,1788738870.210
48.962,6.0175,4.9536,-0.0000,0.4000,0.0000,1788738870.230
48.982,6.0255,4.9536,-0.0000,0.4000,0.0000,1788738870.250
49.003,6.0335,4.9536,-0.0000,0.4000,0.0000,1788738870.270
49.022,6.0415,4.9536,-0.0000,0.4000,0.0000,1788738870.290
49.042,6.0492,4.9536,-0.0000,0.3842,0.0000,1788738870.310
49.062,6.0569,4.9536,-0.0000,0.3842,0.0000,1788738870.330
49.082,6.0646,4.9536,-0.0000,0.3842,0.0000,1788738870.350
49.102,6.0722,4.9536,-0.0000,0.3842,0.0000,1788738870.370
49.123,6.0799,4.9536,-0.0000,0.3842,0.0000,1788738870.390
49.142,6.0879,4.9536,-0.0000,0.4000,0.0000,1788738870.410
49.163,6.0959,4.9536,-0.0000,0.4000,0.0000,1788738870.430
49.182,6.1039,4.9536,-0.0000,0.4000,0.0000,1788738870.450
49.202,6.1119,4.9536,-0.0000,0.4000,0.0000,1788738870.470
49.222,6.1199,4.9536,-0.0000,0.4000,0.0000,1788738870.490
49.242,6.1279,4.9536,-0.0000,0.4000,0.0000,1788738870.510
49.262,6.1359,4.9536,-0.0000,0.4000,0.0000,1788738870.530
49.282,6.1439,4.9536,-0.0000,0.4000,0.0000,1788738870.550
49.302,6.1519,4.9536,-0.0000,0.4000,0.0000,1788738870.570
49.322,6.1599,4.9536,-0.0000,0.4000,0.0000,1788738870.590
49.342,6.1679,4.9536,-0.0000,0.4000,0.0000,1788738870.610
49.362,6.1759,4.9536,-0.0000,0.4000,0.0000,1788738870.630
49.382,6.1839,4.9536,-0.0000,0.4000,0.0000,1788738870.650
49.402,6.1919,4.9536,-0.0000,0.4000,0.0000,1788738870.670
49.422,6.1999,4.9536,-0.0000,0.4000,0.0000,1788738870.690
49.442,6.2076,4.9536,-0.0000,0.3842,0.0000,1788738870.710
49.462,6.2153,4.9536,-0.0000,0.3842,0.0000,1788738870.730
49.482,6.2230,4.9536,-0.0000,0.3842,0.0000,1788738870.750
49.502,6.2307,4.9536,-0.0000,0.3842,0.0000,1788738870.770
49.522,6.2384,4.9536,-0.0000,0.3842,0.0000,1788738870.790
49.542,6.2460,4.9536,-0.0000,0.3842,0.0000,1788738870.810
49.562,6.2537,4.9536,-0.0000,0.3842,0.0000,1788738870.830
49.582,6.2614,4.9536,-0.0000,0.3842,0.0000,1788738870.850
49.602,6.2691,4.9536,-0.0000,0.3842,0.0000,1788738870.870
49.622,6.2768,4.9536,-0.0000,0.3842,0.0000,1788738870.890
49.642,6.2848,4.9536,-0.0000,0.4000,0.0000,1788738870.910
49.662,6.2928,4.9536,-0.0000,0.4000,0.0000,1788738870.930
49.682,6.3008,4.9536,-0.0000,0.4000,0.0000,1788738870.950
49.703,6.3088,4.9536,-0.0000,0.4000,0.0000,1788738870.970
49.722,6.3168,4.9536,-0.0000,0.4000,0.0000,1788738870.990
49.742,6.3248,4.9536,-0.0000,0.4000,0.0000,1788738871.010
49.763,6.3328,4.9536,-0.0000,0.4000,0.0000,1788738871.030
49.782,6.3408,4.9536,-0.0000,0.4000,0.0000,1788738871.050
49.802,6.3488,4.9536,-0.0000,0.4000,0.0000,1788738871.070
49.822,6.3568,4.9536,-0.0000,0.4000,0.0000,1788738871.090
49.843,6.3648,4.9536,-0.0000,0.4000,0.0000,1788738871.110
49.863,6.3728,4.9536,-0.0000,0.4000,0.0000,1788738871.130
49.882,6.3808,4.9536,-0.0000,0.4000,0.0000,1788738871.150
49.903,6.3888,4.9536,-0.0000,0.4000,0.0000,1788738871.170
49.922,6.3968,4.9536,-0.0000,0.4000,0.0000,1788738871.190
49.942,6.4045,4.9536,-0.0000,0.3842,0.0000,1788738871.210
49.962,6.4121,4.9536,-0.0000,0.3842,0.0000,1788738871.230
49.982,6.4198,4.9536,-0.0000,0.3842,0.0000,1788738871.250
50.002,6.4275,4.9536,-0.0000,0.3842,0.0000,1788738871.270
50.022,6.4352,4.9536,-0.0000,0.3842,0.0000,1788738871.290
50.042,6.4429,4.9536,-0.0000,0.3842,0.0000,1788738871.310
50.062,6.4506,4.9536,-0.0000,0.3842,0.0000,1788738871.330
50.082,6.4582,4.9536,-0.0000,0.3842,0.0000,1788738871.350
50.103,6.4659,4.9536,-0.0000,0.3842,0.0000,1788738871.370
50.122,6.4736,4.9536,-0.0000,0.3842,0.0000,1788738871.390
50.143,6.4816,4.9536,-0.0000,0.4000,0.0000,1788738871.410
50.163,6.4896,4.9536,-0.0000,0.4000,0.0000,1788738871.430
50.182,6.4976,4.9536,-0.0000,0.4000,0.0000,1788738871.450
50.202,6.5056,4.9536,-0.0000,0.4000,0.0000,1788738871.470
50.222,6.5136,4.9536,-0.0000,0.4000,0.0000,1788738871.490
50.243,6.5216,4.9536,-0.0000,0.4000,0.0000,1788738871.510
50.262,6.5296,4.9536,-0.0000,0.4000,0.0000,1788738871.530
50.282,6.5376,4.9536,-0.0000,0.4000,0.0000,1788738871.550
50.302,6.5456,4.9536,-0.0000,0.4000,0.0000,1788738871.570
50.322,6.5536,4.9536,-0.0000,0.4000,0.0000,1788738871.590
50.343,6.5616,4.9536,-0.0000,0.4000,0.0000,1788738871.610
50.362,6.5696,4.9536,-0.0000,0.4000,0.0000,1788738871.630
50.383,6.5776,4.9536,-0.0000,0.4000,0.0000,1788738871.650
50.402,6.5856,4.9536,-0.0000,0.4000,0.0000,1788738871.670
50.422,6.5936,4.9536,-0.0000,0.4000,0.0000,1788738871.690
50.442,6.6013,4.9536,-0.0000,0.3842,0.0000,1788738871.710
50.462,6.6090,4.9536,-0.0000,0.3842,0.0000,1788738871.730
50.483,6.6167,4.9536,-0.0000,0.3842,0.0000,1788738871.750
50.503,6.6244,4.9536,-0.0000,0.3842,0.0000,1788738871.770
50.523,6.6320,4.9536,-0.0000,0.3842,0.0000,1788738871.790
50.542,6.6397,4.9536,-0.0000,0.3842,0.0000,1788738871.810
50.563,6.6474,4.9536,-0.0000,0.3842,0.0000,1788738871.830
50.583,6.6551,4.9536,-0.0000,0.3842,0.0000,1788738871.850
50.603,6.6628,4.9536,-0.0000,0.3842,0.0000,1788738871.870
50.622,6.6705,4.9536,-0.0000,0.3842,0.0000,1788738871.890
50.643,6.6785,4.9536,-0.0000,0.4000,0.0000,1788738871.910
50.663,6.6865,4.9536,-0.0000,0.4000,0.0000,1788738871.930
50.683,6.6945,4.9536,-0.0000,0.4000,0.0000,1788738871.950
50.702,6.7025,4.9536,-0.0000,0.4000,0.0000,1788738871.970
50.723,6.7105,4.9536,-0.0000,0.4000,0.0000,1788738871.990
50.743,6.7185,4.9536,-0.0000,0.4000,0.0000,1788738872.010
50.763,6.7265,4.9536,-0.0000,0.4000,0.0000,1788738872.030
50.782,6.7345,4.9536,-0.0000,0.4000,0.0000,1788738872.050
50.803,6.7425,4.9536,-0.0000,0.4000,0.0000,1788738872.070
50.823,6.7505,4.9536,-0.0000,0.4000,0.0000,1788738872.090
50.842,6.7585,4.9536,-0.0000,0.4000,0.0000,1788738872.110
50.862,6.7665,4.9536,-0.0000,0.4000,0.0000,1788738872.130
50.882,6.7745,4.9536,-0.0000,0.4000,0.0000,1788738872.150
50.902,6.7825,4.9536,-0.0000,0.4000,0.0000,1788738872.170
50.923,6.7905,4.9536,-0.0000,0.4000,0.0000,1788738872.190
50.943,6.7981,4.9536,-0.0000,0.3842,0.0000,1788738872.210
50.963,6.8058,4.9536,-0.0000,0.3842,0.0000,1788738872.230
50.983,6.8135,4.9536,-0.0000,0.3842,0.0000,1788738872.250
51.002,6.8212,4.9536,-0.0000,0.3842,0.0000,1788738872.270
51.023,6.8289,4.9536,-0.0000,0.3842,0.0000,1788738872.290
51.043,6.8369,4.9536,-0.0000,0.4000,0.0000,1788738872.310
51.062,6.8449,4.9536,-0.0000,0.4000,0.0000,1788738872.330
51.082,6.8529,4.9536,-0.0000,0.4000,0.0000,1788738872.350
51.103,6.8609,4.9536,-0.0000,0.4000,0.0000,1788738872.370
51.123,6.8689,4.9536,-0.0000,0.4000,0.0000,1788738872.390
51.143,6.8769,4.9536,-0.0000,0.4000,0.0000,1788738872.410
51.163,6.8849,4.9536,-0.0000,0.4000,0.0000,1788738872.430
51.183,6.8929,4.9536,-0.0000,0.4000,0.0000,1788738872.450
51.202,6.9009,4.9536,-0.0000,0.4000,0.0000,1788738872.470
51.223,6.9089,4.9536,-0.0000,0.4000,0.0000,1788738872.490
51.243,6.9169,4.9536,-0.0000,0.4000,0.0000,1788738872.510
51.263,6.9249,4.9536,-0.0000,0.4000,0.0000,1788738872.530
51.282,6.9329,4.9536,-0.0000,0.4000,0.0000,1788738872.550
51.303,6.9409,4.9536,-0.0000,0.4000,0.0000,1788738872.570
51.323,6.9489,4.9536,-0.0000,0.4000,0.0000,1788738872.590
51.343,6.9566,4.9536,-0.0000,0.3842,0.0000,1788738872.610
51.362,6.9642,4.9536,-0.0000,0.3842,0.0000,1788738872.630
51.383,6.9719,4.9536,-0.0000,0.3842,0.0000,1788738872.650
51.403,6.9796,4.9536,-0.0000,0.3842,0.0000,1788738872.670
51.422,6.9873,4.9536,-0.0000,0.3842,0.0000,1788738872.690
51.442,6.9950,4.9536,-0.0000,0.3842,0.0000,1788738872.710
51.462,7.0027,4.9536,-0.0000,0.3842,0.0000,1788738872.730
51.483,7.0104,4.9536,-0.0000,0.3842,0.0000,1788738872.750
51.503,7.0180,4.9536,-0.0000,0.3842,0.0000,1788738872.770
51.523,7.0257,4.9536,-0.0000,0.3842,0.0000,1788738872.790
51.543,7.0337,4.9536,-0.0000,0.4000,0.0000,1788738872.810
51.563,7.0417,4.9536,-0.0000,0.4000,0.0000,1788738872.830
51.582,7.0497,4.9536,-0.0000,0.4000,0.0000,1788738872.850
51.603,7.0577,4.9536,-0.0000,0.4000,0.0000,1788738872.870
51.623,7.0657,4.9536,-0.0000,0.4000,0.0000,1788738872.890
51.643,7.0737,4.9536,-0.0000,0.4000,0.0000,1788738872.910
51.662,7.0817,4.9536,-0.0000,0.4000,0.0000,1788738872.930
51.683,7.0897,4.9536,-0.0000,0.4000,0.0000,1788738872.950
51.702,7.0977,4.9536,-0.0000,0.4000,0.0000,1788738872.970
51.723,7.1057,4.9536,-0.0000,0.4000,0.0000,1788738872.990
51.742,7.1137,4.9536,-0.0000,0.4000,0.0000,1788738873.010
51.762,7.1217,4.9536,-0.0000,0.4000,0.0000,1788738873.030
51.783,7.1297,4.9536,-0.0000,0.4000,0.0000,1788738873.050
51.803,7.1377,4.9536,-0.0000,0.4000,0.0000,1788738873.070
51.823,7.1457,4.9536,-0.0000,0.4000,0.0000,1788738873.090
51.842,7.1534,4.9536,-0.0000,0.3842,0.0000,1788738873.110
51.863,7.1611,4.9536,-0.0000,0.3842,0.0000,1788738873.130
51.883,7.1688,4.9536,-0.0000,0.3842,0.0000,1788738873.150
51.902,7.1765,4.9536,-0.0000,0.3842,0.0000,1788738873.170
51.923,7.1841,4.9536,-0.0000,0.3842,0.0000,1788738873.190
51.943,7.1918,4.9536,-0.0000,0.3842,0.0000,1788738873.210
51.963,7.1995,4.9536,-0.0000,0.3842,0.0000,1788738873.230
51.983,7.2072,4.9536,-0.0000,0.3842,0.0000,1788738873.250
52.002,7.2149,4.9536,-0.0000,0.3842,0.0000,1788738873.270
52.023,7.2226,4.9536,-0.0000,0.3842,0.0000,1788738873.290
52.043,7.2306,4.9536,-0.0000,0.4000,0.0000,1788738873.310
52.062,7.2386,4.9536,-0.0000,0.4000,0.0000,1788738873.330
52.083,7.2466,4.9536,-0.0000,0.4000,0.0000,1788738873.350
52.103,7.2546,4.9536,-0.0000,0.4000,0.0000,1788738873.370
52.123,7.2626,4.9536,-0.0000,0.4000,0.0000,1788738873.390
52.142,7.2706,4.9536,-0.0000,0.4000,0.0000,1788738873.410
52.162,7.2786,4.9536,-0.0000,0.4000,0.0000,1788738873.430
52.182,7.2866,4.9536,-0.0000,0.4000,0.0000,1788738873.450
52.202,7.2946,4.9536,-0.0000,0.4000,0.0000,1788738873.470
52.223,7.3026,4.9536,-0.0000,0.4000,0.0000,1788738873.490
52.242,7.3106,4.9536,-0.0000,0.4000,0.0000,1788738873.510
52.262,7.3186,4.9536,-0.0000,0.4000,0.0000,1788738873.530
52.282,7.3266,4.9536,-0.0000,0.4000,0.0000,1788738873.550
52.303,7.3346,4.9536,-0.0000,0.4000,0.0000,1788738873.570
52.323,7.3426,4.9536,-0.0000,0.4000,0.0000,1788738873.590
52.342,7.3502,4.9536,-0.0000,0.3842,0.0000,1788738873.610
52.362,7.3579,4.9536,-0.0000,0.3842,0.0000,1788738873.630
52.382,7.3656,4.9536,-0.0000,0.3842,0.0000,1788738873.650
52.402,7.3733,4.9536,-0.0000,0.3842,0.0000,1788738873.670
52.422,7.3810,4.9536,-0.0000,0.3842,0.0000,1788738873.690
52.442,7.3890,4.9536,-0.0000,0.4000,0.0000,1788738873.710
52.462,7.3970,4.9536,-0.0000,0.4000,0.0000,1788738873.730
52.482,7.4050,4.9536,-0.0000,0.4000,0.0000,1788738873.750
52.502,7.4130,4.9536,-0.0000,0.4000,0.0000,1788738873.770
52.522,7.4210,4.9536,-0.0000,0.4000,0.0000,1788738873.790
52.542,7.4290,4.9536,-0.0000,0.4000,0.0000,1788738873.810
52.563,7.4370,4.9536,-0.0000,0.4000,0.0000,1788738873.830
52.582,7.4450,4.9536,-0.0000,0.4000,0.0000,1788738873.850
52.602,7.4530,4.9536,-0.0000,0.4000,0.0000,1788738873.870
52.622,7.4610,4.9536,-0.0000,0.4000,0.0000,1788738873.890
52.642,7.4690,4.9536,-0.0000,0.4000,0.0000,1788738873.910
52.662,7.4770,4.9536,-0.0000,0.4000,0.0000,1788738873.930
52.682,7.4850,4.9536,-0.0000,0.4000,0.0000,1788738873.950
52.702,7.4930,4.9536,-0.0000,0.4000,0.0000,1788738873.970
52.723,7.5010,4.9536,-0.0000,0.4000,0.0000,1788738873.990
52.742,7.5090,4.9536,-0.0000,0.4000,0.0000,1788738874.010
52.762,7.5170,4.9536,-0.0000,0.4000,0.0000,1788738874.030
52.782,7.5250,4.9536,-0.0000,0.4000,0.0000,1788738874.050
52.802,7.5330,4.9536,-0.0000,0.4000,0.0000,1788738874.070
52.822,7.5410,4.9536,-0.0000,0.4000,0.0000,1788738874.090
52.842,7.5487,4.9536,-0.0000,0.3842,0.0000,1788738874.110
52.862,7.5564,4.9536,-0.0000,0.3842,0.0000,1788738874.130
52.883,7.5640,4.9536,-0.0000,0.3842,0.0000,1788738874.150
52.902,7.5717,4.9536,-0.0000,0.3842,0.0000,1788738874.170
52.923,7.5794,4.9536,-0.0000,0.3842,0.0000,1788738874.190
52.943,7.5874,4.9536,-0.0000,0.4000,0.0000,1788738874.210
52.963,7.5954,4.9536,-0.0000,0.4000,0.0000,1788738874.230
52.983,7.6034,4.9536,-0.0000,0.4000,0.0000,1788738874.250
53.002,7.6114,4.9536,-0.0000,0.4000,0.0000,1788738874.270
53.023,7.6194,4.9536,-0.0000,0.4000,0.0000,1788738874.290
53.043,7.6274,4.9536,-0.0000,0.4000,0.0000,1788738874.310
53.062,7.6354,4.9536,-0.0000,0.4000,0.0000,1788738874.330
53.083,7.6434,4.9536,-0.0000,0.4000,0.0000,1788738874.350
53.103,7.6514,4.9536,-0.0000,0.4000,0.0000,1788738874.370
53.123,7.6594,4.9536,-0.0000,0.4000,0.0000,1788738874.390
53.143,7.6674,4.9536,-0.0000,0.4000,0.0000,1788738874.410
53.163,7.6754,4.9536,-0.0000,0.4000,0.0000,1788738874.430
53.182,7.6834,4.9536,-0.0000,0.4000,0.0000,1788738874.450
53.203,7.6914,4.9536,-0.0000,0.4000,0.0000,1788738874.470
53.223,7.6994,4.9536,-0.0000,0.4000,0.0000,1788738874.490
53.242,7.7071,4.9536,-0.0000,0.3842,0.0000,1788738874.510
53.262,7.7148,4.9536,-0.0000,0.3842,0.0000,1788738874.530
53.283,7.7225,4.9536,-0.0000,0.3842,0.0000,1788738874.550
53.303,7.7301,4.9536,-0.0000,0.3842,0.0000,1788738874.570
53.323,7.7378,4.9536,-0.0000,0.3842,0.0000,1788738874.590
53.343,7.7452,4.9536,-0.0000,0.3684,0.0000,1788738874.610
53.363,7.7526,4.9536,-0.0000,0.3684,0.0000,1788738874.630
53.383,7.7599,4.9536,-0.0000,0.3684,0.0000,1788738874.650
53.403,7.7673,4.9536,-0.0000,0.3684,0.0000,1788738874.670
53.423,7.7747,4.9536,-0.0000,0.3684,0.0000,1788738874.690
53.443,7.7817,4.9536,-0.0000,0.3526,0.0000,1788738874.710
53.463,7.7888,4.9536,-0.0000,0.3526,0.0000,1788738874.730
53.483,7.7958,4.9536,-0.0000,0.3526,0.0000,1788738874.750
53.503,7.8029,4.9536,-0.0000,0.3526,0.0000,1788738874.770
53.523,7.8099,4.9536,-0.0000,0.3526,0.0000,1788738874.790
53.543,7.8164,4.9536,-0.0000,0.3211,0.0000,1788738874.810
53.563,7.8228,4.9536,-0.0000,0.3211,0.0000,1788738874.830
53.583,7.8292,4.9536,-0.0000,0.3211,0.0000,1788738874.850
53.603,7.8356,4.9536,-0.0000,0.3211,0.0000,1788738874.870
53.623,7.8420,4.9536,-0.0000,0.3211,0.0000,1788738874.890
53.642,7.8481,4.9536,-0.0000,0.3053,0.0000,1788738874.910
53.663,7.8542,4.9536,-0.0000,0.3053,0.0000,1788738874.930
53.683,7.8604,4.9536,-0.0000,0.3053,0.0000,1788738874.950
53.703,7.8665,4.9536,-0.0000,0.3053,0.0000,1788738874.970
53.723,7.8726,4.9536,-0.0000,0.3053,0.0000,1788738874.990
53.743,7.8784,4.9536,-0.0000,0.2895,0.0000,1788738875.010
53.763,7.8841,4.9536,-0.0000,0.2895,0.0000,1788738875.030
53.782,7.8899,4.9536,-0.0000,0.2895,0.0000,1788738875.050
53.803,7.8957,4.9536,-0.0000,0.2895,0.0000,1788738875.070
53.823,7.9015,4.9536,-0.0000,0.2895,0.0000,1788738875.090
53.843,7.9073,4.9536,-0.0000,0.2895,0.0000,1788738875.110
53.863,7.9131,4.9536,-0.0000,0.2895,0.0000,1788738875.130
53.883,7.9189,4.9536,-0.0000,0.2895,0.0000,1788738875.150
53.902,7.9247,4.9536,-0.0000,0.2895,0.0000,1788738875.170
53.923,7.9305,4.9536,-0.0000,0.2895,0.0000,1788738875.190
53.943,7.9359,4.9536,-0.0000,0.2737,0.0000,1788738875.210
53.963,7.9414,4.9536,-0.0000,0.2737,0.0000,1788738875.230
53.983,7.9469,4.9536,-0.0000,0.2737,0.0000,1788738875.250
54.002,7.9524,4.9536,-0.0000,0.2737,0.0000,1788738875.270
54.023,7.9578,4.9536,-0.0000,0.2737,0.0000,1788738875.290
54.043,7.9630,4.9536,-0.0000,0.2579,0.0000,1788738875.310
54.063,7.9681,4.9536,-0.0000,0.2579,0.0000,1788738875.330
54.083,7.9733,4.9536,-0.0000,0.2579,0.0000,1788738875.350
54.103,7.9785,4.9536,-0.0000,0.2579,0.0000,1788738875.370
54.123,7.9836,4.9536,-0.0000,0.2579,0.0000,1788738875.390
54.142,7.9885,4.9536,-0.0000,0.2421,0.0000,1788738875.410
54.163,7.9933,4.9536,-0.0000,0.2421,0.0000,1788738875.430
54.182,7.9981,4.9536,-0.0000,0.2421,0.0000,1788738875.450
54.202,8.0030,4.9536,-0.0000,0.2421,0.0000,1788738875.470
54.223,8.0078,4.9536,-0.0000,0.2421,0.0000,1788738875.490
54.242,8.0124,4.9536,-0.0000,0.2263,0.0000,1788738875.510
54.263,8.0169,4.9536,-0.0000,0.2263,0.0000,1788738875.530
54.283,8.0214,4.9536,-0.0000,0.2263,0.0000,1788738875.550
54.303,8.0259,4.9536,-0.0000,0.2263,0.0000,1788738875.570
54.323,8.0305,4.9536,-0.0000,0.2263,0.0000,1788738875.590
54.343,8.0347,4.9536,-0.0000,0.2105,0.0000,1788738875.610
54.363,8.0389,4.9536,-0.0000,0.2105,0.0000,1788738875.630
54.382,8.0431,4.9536,-0.0000,0.2105,0.0000,1788738875.650
54.402,8.0473,4.9536,-0.0000,0.2105,0.0000,1788738875.670
54.422,8.0515,4.9536,-0.0000,0.2105,0.0000,1788738875.690
54.443,8.0557,4.9536,-0.0000,0.2105,0.0000,1788738875.710
54.463,8.0599,4.9536,-0.0000,0.2105,0.0000,1788738875.730
54.483,8.0641,4.9536,-0.0000,0.2105,0.0000,1788738875.750
54.503,8.0684,4.9536,-0.0000,0.2105,0.0000,1788738875.770
54.523,8.0726,4.9536,-0.0000,0.2105,0.0000,1788738875.790
54.542,8.0765,4.9536,-0.0000,0.1947,0.0000,1788738875.810
54.562,8.0804,4.9536,-0.0000,0.1947,0.0000,1788738875.830
54.582,8.0842,4.9536,-0.0000,0.1947,0.0000,1788738875.850
54.603,8.0881,4.9536,-0.0000,0.1947,0.0000,1788738875.870
54.623,8.0920,4.9536,-0.0000,0.1947,0.0000,1788738875.890
54.642,8.0959,4.9536,-0.0000,0.1947,0.0000,1788738875.910
54.662,8.0998,4.9536,-0.0000,0.1947,0.0000,1788738875.930
54.683,8.1037,4.9536,-0.0000,0.1947,0.0000,1788738875.950
54.703,8.1076,4.9536,-0.0000,0.1947,0.0000,1788738875.970
54.723,8.1115,4.9536,-0.0000,0.1947,0.0000,1788738875.990
54.742,8.1151,4.9536,-0.0000,0.1789,0.0000,1788738876.010
54.763,8.1187,4.9536,-0.0000,0.1789,0.0000,1788738876.030
54.783,8.1222,4.9536,-0.0000,0.1789,0.0000,1788738876.050
54.803,8.1258,4.9536,-0.0000,0.1789,0.0000,1788738876.070
54.823,8.1294,4.9536,-0.0000,0.1789,0.0000,1788738876.090
54.843,8.1327,4.9536,-0.0000,0.1632,0.0000,1788738876.110
54.862,8.1359,4.9536,-0.0000,0.1632,0.0000,1788738876.130
54.883,8.1392,4.9536,-0.0000,0.1632,0.0000,1788738876.150
54.903,8.1425,4.9536,-0.0000,0.1632,0.0000,1788738876.170
54.923,8.1457,4.9536,-0.0000,0.1632,0.0000,1788738876.190
54.943,8.1490,4.9536,-0.0000,0.1632,0.0000,1788738876.210
54.962,8.1522,4.9536,-0.0000,0.1632,0.0000,1788738876.230
54.983,8.1555,4.9536,-0.0000,0.1632,0.0000,1788738876.250
55.002,8.1588,4.9536,-0.0000,0.1632,0.0000,1788738876.270
55.023,8.1620,4.9536,-0.0000,0.1632,0.0000,1788738876.290
55.043,8.1650,4.9536,-0.0000,0.1474,0.0000,1788738876.310
55.063,8.1679,4.9536,-0.0000,0.1474,0.0000,1788738876.330
55.082,8.1709,4.9536,-0.0000,0.1474,0.0000,1788738876.350
55.103,8.1738,4.9536,-0.0000,0.1474,0.0000,1788738876.370
55.123,8.1768,4.9536,-0.0000,0.1474,0.0000,1788738876.390
55.143,8.1797,4.9536,-0.0000,0.1474,0.0000,1788738876.410
55.163,8.1827,4.9536,-0.0000,0.1474,0.0000,1788738876.430
55.182,8.1856,4.9536,-0.0000,0.1474,0.0000,1788738876.450
55.202,8.1886,4.9536,-0.0000,0.1474,0.0000,1788738876.470
55.223,8.1915,4.9536,-0.0000,0.1474,0.0000,1788738876.490
55.243,8.1941,4.9536,-0.0000,0.1316,0.0000,1788738876.510
55.262,8.1968,4.9536,-0.0000,0.1316,0.0000,1788738876.530
55.282,8.1994,4.9536,-0.0000,0.1316,0.0000,1788738876.550
55.303,8.2020,4.9536,-0.0000,0.1316,0.0000,1788738876.570
55.323,8.2047,4.9536,-0.0000,0.1316,0.0000,1788738876.590
55.343,8.2073,4.9536,-0.0000,0.1316,0.0000,1788738876.610
55.363,8.2099,4.9536,-0.0000,0.1316,0.0000,1788738876.630
55.382,8.2126,4.9536,-0.0000,0.1316,0.0000,1788738876.650
55.402,8.2152,4.9536,-0.0000,0.1316,0.0000,1788738876.670
55.422,8.2178,4.9536,-0.0000,0.1316,0.0000,1788738876.690
55.443,8.2205,4.9536,-0.0000,0.1316,0.0000,1788738876.710
55.463,8.2231,4.9536,-0.0000,0.1316,0.0000,1788738876.730
55.483,8.2257,4.9536,-0.0000,0.1316,0.0000,1788738876.750
55.503,8.2284,4.9536,-0.0000,0.1316,0.0000,1788738876.770
55.523,8.2310,4.9536,-0.0000,0.1316,0.0000,1788738876.790
55.543,8.2333,4.9536,-0.0000,0.1158,0.0000,1788738876.810
55.562,8.2356,4.9536,-0.0000,0.1158,0.0000,1788738876.830
55.583,8.2379,4.9536,-0.0000,0.1158,0.0000,1788738876.850
55.603,8.2402,4.9536,-0.0000,0.1158,0.0000,1788738876.870
55.622,8.2426,4.9536,-0.0000,0.1158,0.0000,1788738876.890
55.642,8.2449,4.9536,-0.0000,0.1158,0.0000,1788738876.910
55.662,8.2472,4.9536,-0.0000,0.1158,0.0000,1788738876.930
55.682,8.2495,4.9536,-0.0000,0.1158,0.0000,1788738876.950
55.702,8.2518,4.9536,-0.0000,0.1158,0.0000,1788738876.970
55.722,8.2541,4.9536,-0.0000,0.1158,0.0000,1788738876.990
55.742,8.2561,4.9536,-0.0000,0.1000,0.0000,1788738877.010
55.762,8.2581,4.9536,-0.0000,0.1000,0.0000,1788738877.030
55.782,8.2601,4.9536,-0.0000,0.1000,0.0000,1788738877.050
55.803,8.2621,4.9536,-0.0000,0.1000,0.0000,1788738877.070
55.823,8.2641,4.9536,-0.0000,0.1000,0.0000,1788738877.090
55.842,8.2661,4.9536,-0.0000,0.1000,0.0000,1788738877.110
55.863,8.2681,4.9536,-0.0000,0.1000,0.0000,1788738877.130
55.883,8.2701,4.9536,-0.0000,0.1000,0.0000,1788738877.150
55.903,8.2721,4.9536,-0.0000,0.1000,0.0000,1788738877.170
55.922,8.2741,4.9536,-0.0000,0.1000,0.0000,1788738877.190
55.942,8.2761,4.9536,-0.0000,0.1000,0.0000,1788738877.210
55.962,8.2781,4.9536,-0.0000,0.1000,0.0000,1788738877.230
55.982,8.2801,4.9536,-0.0000,0.1000,0.0000,1788738877.250
56.002,8.2821,4.9536,-0.0000,0.1000,0.0000,1788738877.270
56.022,8.2841,4.9536,-0.0000,0.1000,0.0000,1788738877.290
56.042,8.2861,4.9536,-0.0000,0.1000,0.0000,1788738877.310
56.062,8.2881,4.9536,-0.0000,0.1000,0.0000,1788738877.330
56.082,8.2901,4.9536,-0.0000,0.1000,0.0000,1788738877.350
56.102,8.2921,4.9536,-0.0000,0.1000,0.0000,1788738877.370
56.122,8.2941,4.9536,-0.0000,0.1000,0.0000,1788738877.390
56.143,8.2961,4.9536,-0.0000,0.1000,0.0000,1788738877.410
56.162,8.2981,4.9536,-0.0000,0.1000,0.0000,1788738877.430
56.182,8.3001,4.9536,-0.0000,0.1000,0.0000,1788738877.450
56.202,8.3021,4.9536,-0.0000,0.1000,0.0000,1788738877.470
56.222,8.3041,4.9536,-0.0000,0.1000,0.0000,1788738877.490
56.242,8.3061,4.9536,-0.0000,0.1000,0.0000,1788738877.510
56.262,8.3081,4.9536,-0.0000,0.1000,0.0000,1788738877.530
56.282,8.3101,4.9536,-0.0000,0.1000,0.0000,1788738877.550
56.302,8.3121,4.9536,-0.0000,0.1000,0.0000,1788738877.570
56.322,8.3141,4.9536,-0.0000,0.1000,0.0000,1788738877.590
56.342,8.3161,4.9536,-0.0000,0.1000,0.0000,1788738877.610
56.363,8.3181,4.9536,-0.0000,0.1000,0.0000,1788738877.630
56.382,8.3201,4.9536,-0.0000,0.1000,0.0000,1788738877.650
56.402,8.3221,4.9536,-0.0000,0.1000,0.0000,1788738877.670
56.422,8.3241,4.9536,-0.0000,0.1000,0.0000,1788738877.690
56.443,8.3261,4.9536,-0.0000,0.1000,0.0000,1788738877.710
56.462,8.3281,4.9536,-0.0000,0.1000,0.0000,1788738877.730
56.483,8.3301,4.9536,-0.0000,0.1000,0.0000,1788738877.750
56.503,8.3321,4.9536,-0.0000,0.1000,0.0000,1788738877.770
56.523,8.3341,4.9536,-0.0000,0.1000,0.0000,1788738877.790
56.542,8.3361,4.9536,-0.0000,0.1000,0.0000,1788738877.810
56.562,8.3381,4.9536,-0.0000,0.1000,0.0000,1788738877.830
56.582,8.3401,4.9536,-0.0000,0.1000,0.0000,1788738877.850
56.602,8.3421,4.9536,-0.0000,0.1000,0.0000,1788738877.870
56.622,8.3441,4.9536,-0.0000,0.1000,0.0000,1788738877.890
56.642,8.3461,4.9536,-0.0000,0.1000,0.0000,1788738877.910
56.663,8.3481,4.9536,-0.0000,0.1000,0.0000,1788738877.930
56.682,8.3501,4.9536,-0.0000,0.1000,0.0000,1788738877.950
56.703,8.3521,4.9536,-0.0000,0.1000,0.0000,1788738877.970
56.722,8.3541,4.9536,-0.0000,0.1000,0.0000,1788738877.990
56.742,8.3561,4.9536,-0.0000,0.1000,0.0000,1788738878.010
56.763,8.3581,4.9536,-0.0000,0.1000,0.0000,1788738878.030
56.783,8.3601,4.9536,-0.0000,0.1000,0.0000,1788738878.050
56.802,8.3621,4.9536,-0.0000,0.1000,0.0000,1788738878.070
56.822,8.3641,4.9536,-0.0000,0.1000,0.0000,1788738878.090
56.842,8.3661,4.9536,-0.0000,0.1000,0.0000,1788738878.110
56.863,8.3681,4.9536,-0.0000,0.1000,0.0000,1788738878.130
56.882,8.3701,4.9536,-0.0000,0.1000,0.0000,1788738878.150
56.903,8.3721,4.9536,-0.0000,0.1000,0.0000,1788738878.170
56.923,8.3741,4.9536,-0.0000,0.1000,0.0000,1788738878.190
56.942,8.3761,4.9536,-0.0000,0.1000,0.0000,1788738878.210
56.962,8.3781,4.9536,-0.0000,0.1000,0.0000,1788738878.230
56.982,8.3801,4.9536,-0.0000,0.1000,0.0000,1788738878.250
57.002,8.3821,4.9536,-0.0000,0.1000,0.0000,1788738878.270
57.022,8.3841,4.9536,-0.0000,0.1000,0.0000,1788738878.290
57.042,8.3861,4.9536,-0.0000,0.1000,0.0000,1788738878.310
57.062,8.3881,4.9536,-0.0000,0.1000,0.0000,1788738878.330
57.082,8.3901,4.9536,-0.0000,0.1000,0.0000,1788738878.350
57.102,8.3921,4.9536,-0.0000,0.1000,0.0000,1788738878.370
57.122,8.3941,4.9536,-0.0000,0.1000,0.0000,1788738878.390
57.142,8.3961,4.9536,-0.0000,0.1000,0.0000,1788738878.410
57.162,8.3981,4.9536,-0.0000,0.1000,0.0000,1788738878.430
57.182,8.4001,4.9536,-0.0000,0.1000,0.0000,1788738878.450
57.202,8.4021,4.9536,-0.0000,0.1000,0.0000,1788738878.470
57.222,8.4041,4.9536,-0.0000,0.1000,0.0000,1788738878.490
57.242,8.4061,4.9536,-0.0000,0.1000,0.0000,1788738878.510
57.263,8.4081,4.9536,-0.0000,0.1000,0.0000,1788738878.530
57.282,8.4101,4.9536,-0.0000,0.1000,0.0000,1788738878.550
57.302,8.4121,4.9536,-0.0000,0.1000,0.0000,1788738878.570
57.323,8.4141,4.9536,-0.0000,0.1000,0.0000,1788738878.590
57.343,8.4161,4.9536,-0.0000,0.1000,0.0000,1788738878.610
57.362,8.4181,4.9536,-0.0000,0.1000,0.0000,1788738878.630
57.382,8.4201,4.9536,-0.0000,0.1000,0.0000,1788738878.650
57.402,8.4221,4.9536,-0.0000,0.1000,0.0000,1788738878.670
57.422,8.4241,4.9536,-0.0000,0.1000,0.0000,1788738878.690
57.442,8.4261,4.9536,-0.0000,0.1000,0.0000,1788738878.710
57.462,8.4281,4.9536,-0.0000,0.1000,0.0000,1788738878.730
57.482,8.4301,4.9536,-0.0000,0.1000,0.0000,1788738878.750
57.502,8.4321,4.9536,-0.0000,0.1000,0.0000,1788738878.770
57.522,8.4341,4.9536,-0.0000,0.1000,0.0000,1788738878.790
57.543,8.4361,4.9536,-0.0000,0.1000,0.0000,1788738878.810
57.562,8.4381,4.9536,-0.0000,0.1000,0.0000,1788738878.830
57.582,8.4401,4.9536,-0.0000,0.1000,0.0000,1788738878.850
57.602,8.4421,4.9536,-0.0000,0.1000,0.0000,1788738878.870
57.623,8.4441,4.9536,-0.0000,0.1000,0.0000,1788738878.890
57.642,8.4461,4.9536,-0.0000,0.1000,0.0000,1788738878.910
57.662,8.4481,4.9536,-0.0000,0.1000,0.0000,1788738878.930
57.683,8.4501,4.9536,-0.0000,0.1000,0.0000,1788738878.950
57.703,8.4521,4.9536,-0.0000,0.1000,0.0000,1788738878.970
57.723,8.4541,4.9536,-0.0000,0.1000,0.0000,1788738878.990
57.743,8.4561,4.9536,-0.0000,0.1000,0.0000,1788738879.010
57.763,8.4581,4.9536,-0.0000,0.1000,0.0000,1788738879.030
57.782,8.4601,4.9536,-0.0000,0.1000,0.0000,1788738879.050
57.802,8.4621,4.9536,-0.0000,0.1000,0.0000,1788738879.070
57.822,8.4641,4.9536,-0.0000,0.1000,0.0000,1788738879.090
57.842,8.4661,4.9536,-0.0000,0.1000,0.0000,1788738879.110
57.862,8.4681,4.9536,-0.0000,0.1000,0.0000,1788738879.130
57.883,8.4701,4.9536,-0.0000,0.1000,0.0000,1788738879.150
57.902,8.4721,4.9536,-0.0000,0.1000,0.0000,1788738879.170
57.922,8.4741,4.9536,-0.0000,0.1000,0.0000,1788738879.190
57.943,8.4761,4.9536,-0.0000,0.1000,0.0000,1788738879.210
57.962,8.4781,4.9536,-0.0000,0.1000,0.0000,1788738879.230
57.982,8.4801,4.9536,-0.0000,0.1000,0.0000,1788738879.250
58.002,8.4821,4.9536,-0.0000,0.1000,0.0000,1788738879.270
58.022,8.4841,4.9536,-0.0000,0.1000,0.0000,1788738879.290
58.042,8.4861,4.9536,-0.0000,0.1000,0.0000,1788738879.310
58.062,8.4881,4.9536,-0.0000,0.1000,0.0000,1788738879.330
58.082,8.4901,4.9536,-0.0000,0.1000,0.0000,1788738879.350
58.102,8.4921,4.9536,-0.0000,0.1000,0.0000,1788738879.370
58.122,8.4941,4.9536,-0.0000,0.1000,0.0000,1788738879.390
58.143,8.4961,4.9536,-0.0000,0.1000,0.0000,1788738879.410
58.163,8.4981,4.9536,-0.0000,0.1000,0.0000,1788738879.430
58.182,8.5001,4.9536,-0.0000,0.1000,0.0000,1788738879.450
58.203,8.5021,4.9536,-0.0000,0.1000,0.0000,1788738879.470
58.223,8.5041,4.9536,-0.0000,0.1000,0.0000,1788738879.490
58.242,8.5068,4.9536,-0.0000,0.1316,0.0000,1788738879.510
58.262,8.5094,4.9536,-0.0000,0.1316,0.0000,1788738879.530
58.282,8.5120,4.9536,-0.0000,0.1316,0.0000,1788738879.550
58.302,8.5147,4.9536,-0.0000,0.1316,0.0000,1788738879.570
58.322,8.5173,4.9536,-0.0000,0.1316,0.0000,1788738879.590
58.342,8.5199,4.9536,-0.0000,0.1316,0.0000,1788738879.610
58.362,8.5226,4.9536,-0.0000,0.1316,0.0000,1788738879.630
58.382,8.5252,4.9536,-0.0000,0.1316,0.0000,1788738879.650
58.402,8.5278,4.9536,-0.0000,0.1316,0.0000,1788738879.670
58.422,8.5305,4.9536,-0.0000,0.1316,0.0000,1788738879.690
58.442,8.5331,4.9536,0.0032,0.1316,0.1579,1788738879.710
58.462,8.5357,4.9537,0.0063,0.1316,0.1579,1788738879.730
58.482,8.5384,4.9537,0.0095,0.1316,0.1579,1788738879.750
58.502,8.5410,4.9537,0.0126,0.1316,0.1579,1788738879.770
58.523,8.5436,4.9538,0.0158,0.1316,0.1579,1788738879.790
58.542,8.5459,4.9538,0.0189,0.1158,0.1579,1788738879.810
58.562,8.5482,4.9539,0.0221,0.1158,0.1579,1788738879.830
58.582,8.5506,4.9539,0.0253,0.1158,0.1579,1788738879.850
58.602,8.5529,4.9540,0.0284,0.1158,0.1579,1788738879.870
58.622,8.5552,4.9540,0.0316,0.1158,0.1579,1788738879.890
58.642,8.5552,4.9540,0.0316,0.0000,0.0000,1788738879.910
58.662,8.5552,4.9540,0.0316,0.0000,0.0000,1788738879.930
58.682,8.5552,4.9540,0.0316,0.0000,0.0000,1788738879.950
58.702,8.5552,4.9540,0.0316,0.0000,0.0000,1788738879.970
58.722,8.5552,4.9540,0.0316,0.0000,0.0000,1788738879.990
58.742,8.5552,4.9540,0.0316,0.0000,0.0000,1788738880.010
