t,x,y,yaw,v,w,t_abs
0.022,1.2000,5.0000,0.0000,0.0000,0.0000,1788738476.796
0.042,1.2000,5.0000,0.0000,0.0000,0.0000,1788738476.816
0.062,1.2000,5.0000,0.0000,0.0000,0.0000,1788738476.836
0.082,1.2000,5.0000,0.0000,0.0000,0.0000,1788738476.856
0.102,1.2000,5.0000,0.0000,0.0000,0.0000,1788738476.876
0.122,1.2000,5.0000,0.0000,0.0000,0.0000,1788738476.896
0.142,1.2000,5.0000,0.0000,0.0000,0.0000,1788738476.916
0.162,1.2000,5.0000,0.0000,0.0000,0.0000,1788738476.936
0.182,1.2000,5.0000,0.0000,0.0000,0.0000,1788738476.956
0.203,1.2000,5.0000,0.0000,0.0000,0.0000,1788738476.976
0.222,1.2000,5.0000,0.0000,0.0000,0.0000,1788738476.996
0.242,1.2000,5.0000,0.0000,0.0000,0.0000,1788738477.016
0.263,1.2000,5.0000,0.0000,0.0000,0.0000,1788738477.036
0.283,1.2000,5.0000,0.0000,0.0000,0.0000,1788738477.056
0.302,1.2000,5.0000,0.0000,0.0000,0.0000,1788738477.076
0.322,1.2000,5.0000,0.0000,0.0000,0.0000,1788738477.096
0.342,1.2000,5.0000,0.0000,0.0000,0.0000,1788738477.116
0.362,1.2000,5.0000,0.0000,0.0000,0.0000,1788738477.136
0.382,1.2000,5.0000,0.0000,0.0000,0.0000,1788738477.156
0.402,1.2000,5.0000,0.0000,0.0000,0.0000,1788738477.176
0.422,1.2000,5.0000,0.0000,0.0000,0.0000,1788738477.196
0.442,1.2000,5.0000,0.0000,0.0000,0.0000,1788738477.216
0.462,1.2000,5.0000,0.0000,0.0000,0.0000,1788738477.236
0.482,1.2000,5.0000,0.0000,0.0000,0.0000,1788738477.256
0.502,1.2000,5.0000,0.0000,0.0000,0.0000,1788738477.276
0.522,1.2000,5.0000,0.0000,0.0000,0.0000,1788738477.296
0.542,1.2000,5.0000,0.0000,0.0000,0.0000,1788738477.316
0.562,1.2000,5.0000,0.0000,0.0000,0.0000,1788738477.336
0.583,1.2000,5.0000,0.0000,0.0000,0.0000,1788738477.356
0.603,1.2000,5.0000,0.0000,0.0000,0.0000,1788738477.376
0.622,1.2000,5.0000,0.0000,0.0000,0.0000,1788738477.396
0.642,1.2000,5.0000,0.0000,0.0000,0.0000,1788738477.416
0.662,1.2000,5.0000,0.0000,0.0000,0.0000,1788738477.436
0.682,1.2000,5.0000,0.0000,0.0000,0.0000,1788738477.456
0.702,1.2000,5.0000,0.0000,0.0000,0.0000,1788738477.476
0.722,1.2000,5.0000,0.0000,0.0000,0.0000,1788738477.496
0.742,1.2000,5.0000,0.0000,0.0000,0.0000,1788738477.516
0.762,1.2000,5.0000,0.0000,0.0000,0.0000,1788738477.536
0.782,1.2000,5.0000,0.0000,0.0000,0.0000,1788738477.556
0.802,1.2000,5.0000,0.0000,0.0000,0.0000,1788738477.576
0.822,1.2000,5.0000,0.0000,0.0000,0.0000,1788738477.596
0.842,1.2000,5.0000,0.0000,0.0000,0.0000,1788738477.616
0.862,1.2000,5.0000,0.0000,0.0000,0.0000,1788738477.636
0.883,1.2000,5.0000,0.0000,0.0000,0.0000,1788738477.656
0.902,1.2000,5.0000,0.0000,0.0000,0.0000,1788738477.676
0.922,1.2000,5.0000,0.0000,0.0000,0.0000,1788738477.696
0.942,1.2000,5.0000,0.0000,0.0000,0.0000,1788738477.716
0.963,1.2000,5.0000,0.0000,0.0000,0.0000,1788738477.736
0.982,1.2000,5.0000,0.0000,0.0000,0.0000,1788738477.756
1.002,1.2000,5.0000,0.0000,0.0000,0.0000,1788738477.776
1.022,1.2000,5.0000,0.0000,0.0000,0.0000,1788738477.796
1.042,1.2000,5.0000,0.0000,0.0000,0.0000,1788738477.816
1.062,1.2000,5.0000,0.0000,0.0000,0.0000,1788738477.836
1.082,1.2000,5.0000,0.0000,0.0000,0.0000,1788738477.856
1.102,1.2000,5.0000,0.0000,0.0000,0.0000,1788738477.876
1.122,1.2000,5.0000,0.0000,0.0000,0.0000,1788738477.896
1.142,1.2000,5.0000,0.0000,0.0000,0.0000,1788738477.916
1.162,1.2000,5.0000,0.0000,0.0000,0.0000,1788738477.936
1.182,1.2000,5.0000,0.0000,0.0000,0.0000,1788738477.956
1.202,1.2000,5.0000,0.0000,0.0000,0.0000,1788738477.976
1.223,1.2000,5.0000,0.0000,0.0000,0.0000,1788738477.996
1.242,1.2000,5.0000,0.0000,0.0000,0.0000,1788738478.016
1.262,1.2000,5.0000,0.0000,0.0000,0.0000,1788738478.036
1.282,1.2000,5.0000,0.0000,0.0000,0.0000,1788738478.056
1.302,1.2000,5.0000,0.0000,0.0000,0.0000,1788738478.076
1.322,1.2000,5.0000,0.0000,0.0000,0.0000,1788738478.096
1.342,1.2000,5.0000,0.0000,0.0000,0.0000,1788738478.116
1.362,1.2000,5.0000,0.0000,0.0000,0.0000,1788738478.136
1.382,1.2000,5.0000,0.0000,0.0000,0.0000,1788738478.156
1.402,1.2000,5.0000,0.0000,0.0000,0.0000,1788738478.176
1.422,1.2000,5.0000,0.0000,0.0000,0.0000,1788738478.196
1.442,1.2000,5.0000,0.0000,0.0000,0.0000,1788738478.216
1.463,1.2000,5.0000,0.0000,0.0000,0.0000,1788738478.236
1.483,1.2000,5.0000,0.0000,0.0000,0.0000,1788738478.256
1.502,1.2000,5.0000,0.0000,0.0000,0.0000,1788738478.276
1.522,1.2000,5.0000,0.0000,0.0000,0.0000,1788738478.296
1.542,1.2000,5.0000,0.0000,0.0000,0.0000,1788738478.316
1.562,1.2000,5.0000,0.0000,0.0000,0.0000,1788738478.336
1.582,1.2000,5.0000,0.0000,0.0000,0.0000,1788738478.356
1.602,1.2000,5.0000,0.0000,0.0000,0.0000,1788738478.376
1.622,1.2000,5.0000,0.0000,0.0000,0.0000,1788738478.396
1.642,1.2000,5.0000,0.0000,0.0000,0.0000,1788738478.416
1.662,1.2000,5.0000,0.0000,0.0000,0.0000,1788738478.436
1.682,1.2000,5.0000,0.0000,0.0000,0.0000,1788738478.456
1.702,1.2000,5.0000,0.0000,0.0000,0.0000,1788738478.476
1.722,1.2000,5.0000,0.0000,0.0000,0.0000,1788738478.496
1.742,1.2000,5.0000,0.0000,0.0000,0.0000,1788738478.516
1.762,1.2000,5.0000,0.0000,0.0000,0.0000,1788738478.536
1.782,1.2000,5.0000,0.0000,0.0000,0.0000,1788738478.556
1.802,1.2000,5.0000,0.0000,0.0000,0.0000,1788738478.576
1.822,1.2000,5.0000,0.0000,0.0000,0.0000,1788738478.596
1.842,1.2000,5.0000,0.0000,0.0000,0.0000,1788738478.616
1.862,1.2000,5.0000,0.0000,0.0000,0.0000,1788738478.636
1.883,1.2000,5.0000,0.0000,0.0000,0.0000,1788738478.656
1.903,1.2000,5.0000,0.0000,0.0000,0.0000,1788738478.676
1.922,1.2000,5.0000,0.0000,0.0000,0.0000,1788738478.696
1.942,1.2000,5.0000,0.0000,0.0000,0.0000,1788738478.716
1.963,1.2000,5.0000,0.0000,0.0000,0.0000,1788738478.736
1.983,1.2000,5.0000,0.0000,0.0000,0.0000,1788738478.756
2.002,1.2000,5.0000,0.0000,0.0000,0.0000,1788738478.776
2.022,1.2000,5.0000,0.0000,0.0000,0.0000,1788738478.796
2.042,1.2000,5.0000,0.0000,0.0000,0.0000,1788738478.816
2.062,1.2000,5.0000,0.0000,0.0000,0.0000,1788738478.836
2.082,1.2000,5.0000,0.0000,0.0000,0.0000,1788738478.856
2.102,1.2000,5.0000,0.0000,0.0000,0.0000,1788738478.876
2.122,1.2000,5.0000,0.0000,0.0000,0.0000,1788738478.896
2.142,1.2000,5.0000,0.0000,0.0000,0.0000,1788738478.916
2.162,1.2000,5.0000,0.0000,0.0000,0.0000,1788738478.936
2.182,1.2000,5.0000,0.0000,0.0000,0.0000,1788738478.956
2.202,1.2000,5.0000,0.0000,0.0000,0.0000,1788738478.976
2.222,1.2000,5.0000,0.0000,0.0000,0.0000,1788738478.996
2.242,1.2000,5.0000,0.0000,0.0000,0.0000,1788738479.016
2.262,1.2000,5.0000,0.0000,0.0000,0.0000,1788738479.036
2.282,1.2000,5.0000,0.0000,0.0000,0.0000,1788738479.056
2.303,1.2000,5.0000,0.0000,0.0000,0.0000,1788738479.076
2.322,1.2000,5.0000,0.0000,0.0000,0.0000,1788738479.096
2.343,1.2000,5.0000,0.0000,0.0000,0.0000,1788738479.116
2.363,1.2000,5.0000,0.0000,0.0000,0.0000,1788738479.136
2.382,1.2000,5.0000,0.0000,0.0000,0.0000,1788738479.156
2.403,1.2000,5.0000,0.0000,0.0000,0.0000,1788738479.176
2.422,1.2000,5.0000,0.0000,0.0000,0.0000,1788738479.196
2.442,1.2000,5.0000,0.0000,0.0000,0.0000,1788738479.216
2.462,1.2000,5.0000,0.0000,0.0000,0.0000,1788738479.236
2.482,1.2000,5.0000,0.0000,0.0000,0.0000,1788738479.256
2.502,1.2000,5.0000,0.0000,0.0000,0.0000,1788738479.276
2.522,1.2000,5.0000,0.0000,0.0000,0.0000,1788738479.296
2.543,1.2000,5.0000,0.0000,0.0000,0.0000,1788738479.316
2.562,1.2000,5.0000,0.0000,0.0000,0.0000,1788738479.336
2.583,1.2000,5.0000,0.0000,0.0000,0.0000,1788738479.356
2.602,1.2000,5.0000,0.0000,0.0000,0.0000,1788738479.376
2.623,1.2000,5.0000,0.0000,0.0000,0.0000,1788738479.396
2.642,1.2000,5.0000,0.0000,0.0000,0.0000,1788738479.416
2.662,1.2000,5.0000,0.0000,0.0000,0.0000,1788738479.436
2.682,1.2000,5.0000,0.0000,0.0000,0.0000,1788738479.456
2.702,1.2000,5.0000,0.0000,0.0000,0.0000,1788738479.476
2.722,1.2000,5.0000,0.0000,0.0000,0.0000,1788738479.496
2.742,1.2000,5.0000,0.0000,0.0000,0.0000,1788738479.516
2.762,1.2000,5.0000,0.0000,0.0000,0.0000,1788738479.536
2.782,1.2000,5.0000,0.0000,0.0000,0.0000,1788738479.556
2.803,1.2000,5.0000,0.0000,0.0000,0.0000,1788738479.576
2.822,1.2000,5.0000,0.0000,0.0000,0.0000,1788738479.596
2.842,1.2000,5.0000,0.0000,0.0000,0.0000,1788738479.616
2.862,1.2000,5.0000,0.0000,0.0000,0.0000,1788738479.636
2.882,1.2000,5.0000,0.0000,0.0000,0.0000,1788738479.656
2.902,1.2000,5.0000,0.0000,0.0000,0.0000,1788738479.676
2.922,1.2000,5.0000,0.0000,0.0000,0.0000,1788738479.696
2.942,1.2000,5.0000,0.0000,0.0000,0.0000,1788738479.716
2.962,1.2000,5.0000,0.0000,0.0000,0.0000,1788738479.736
2.982,1.2000,5.0000,0.0000,0.0000,0.0000,1788738479.756
3.002,1.2000,5.0000,0.0000,0.0000,0.0000,1788738479.776
3.022,1.2000,5.0000,0.0000,0.0000,0.0000,1788738479.796
3.042,1.2000,5.0000,0.0000,0.0000,0.0000,1788738479.816
3.062,1.2000,5.0000,0.0000,0.0000,0.0000,1788738479.836
3.082,1.2000,5.0000,0.0000,0.0000,0.0000,1788738479.856
3.102,1.2000,5.0000,0.0000,0.0000,0.0000,1788738479.876
3.122,1.2000,5.0000,0.0000,0.0000,0.0000,1788738479.896
3.142,1.2000,5.0000,0.0000,0.0000,0.0000,1788738479.916
3.162,1.2000,5.0000,0.0000,0.0000,0.0000,1788738479.936
3.183,1.2000,5.0000,0.0000,0.0000,0.0000,1788738479.956
3.202,1.2000,5.0000,0.0000,0.0000,0.0000,1788738479.976
3.222,1.2000,5.0000,0.0000,0.0000,0.0000,1788738479.996
3.242,1.2000,5.0000,0.0000,0.0000,0.0000,1788738480.016
3.262,1.2000,5.0000,0.0000,0.0000,0.0000,1788738480.036
3.282,1.2000,5.0000,0.0000,0.0000,0.0000,1788738480.056
3.302,1.2000,5.0000,0.0000,0.0000,0.0000,1788738480.076
3.322,1.2000,5.0000,0.0000,0.0000,0.0000,1788738480.096
3.342,1.2000,5.0000,0.0000,0.0000,0.0000,1788738480.116
3.362,1.2000,5.0000,0.0000,0.0000,0.0000,1788738480.136
3.382,1.2000,5.0000,0.0000,0.0000,0.0000,1788738480.156
3.402,1.2000,5.0000,0.0000,0.0000,0.0000,1788738480.176
3.422,1.2000,5.0000,0.0000,0.0000,0.0000,1788738480.196
3.442,1.2000,5.0000,0.0000,0.0000,0.0000,1788738480.216
3.462,1.2000,5.0000,0.0000,0.0000,0.0000,1788738480.236
3.482,1.2000,5.0000,0.0000,0.0000,0.0000,1788738480.256
3.502,1.2000,5.0000,0.0000,0.0000,0.0000,1788738480.276
3.522,1.2000,5.0000,0.0000,0.0000,0.0000,1788738480.296
3.542,1.2000,5.0000,0.0000,0.0000,0.0000,1788738480.316
3.562,1.2000,5.0000,0.0000,0.0000,0.0000,1788738480.336
3.582,1.2000,5.0000,0.0000,0.0000,0.0000,1788738480.356
3.602,1.2000,5.0000,0.0000,0.0000,0.0000,1788738480.376
3.622,1.2000,5.0000,0.0000,0.0000,0.0000,1788738480.396
3.642,1.2000,5.0000,0.0000,0.0000,0.0000,1788738480.416
3.662,1.2000,5.0000,0.0000,0.0000,0.0000,1788738480.436
3.683,1.2000,5.0000,0.0000,0.0000,0.0000,1788738480.456
3.703,1.2000,5.0000,0.0000,0.0000,0.0000,1788738480.476
3.723,1.2000,5.0000,0.0000,0.0000,0.0000,1788738480.496
3.743,1.2000,5.0000,0.0000,0.0000,0.0000,1788738480.516
3.762,1.2000,5.0000,0.0000,0.0000,0.0000,1788738480.536
3.782,1.2000,5.0000,0.0000,0.0000,0.0000,1788738480.556
3.803,1.2000,5.0000,0.0000,0.0000,0.0000,1788738480.576
3.822,1.2000,5.0000,0.0000,0.0000,0.0000,1788738480.596
3.842,1.2000,5.0000,0.0000,0.0000,0.0000,1788738480.616
3.863,1.2000,5.0000,0.0000,0.0000,0.0000,1788738480.636
3.882,1.2000,5.0000,0.0000,0.0000,0.0000,1788738480.656
3.902,1.2000,5.0000,0.0000,0.0000,0.0000,1788738480.676
3.922,1.2000,5.0000,0.0000,0.0000,0.0000,1788738480.696
3.943,1.2000,5.0000,0.0000,0.0000,0.0000,1788738480.716
3.962,1.2000,5.0000,0.0000,0.0000,0.0000,1788738480.736
3.982,1.2000,5.0000,0.0000,0.0000,0.0000,1788738480.756
4.002,1.2000,5.0000,0.0000,0.0000,0.0000,1788738480.776
4.022,1.2000,5.0000,0.0000,0.0000,0.0000,1788738480.796
4.042,1.2000,5.0000,0.0000,0.0000,0.0000,1788738480.816
4.062,1.2000,5.0000,0.0000,0.0000,0.0000,1788738480.836
4.082,1.2000,5.0000,0.0000,0.0000,0.0000,1788738480.856
4.102,1.2000,5.0000,0.0000,0.0000,0.0000,1788738480.876
4.122,1.2000,5.0000,0.0000,0.0000,0.0000,1788738480.896
4.142,1.2000,5.0000,0.0000,0.0000,0.0000,1788738480.916
4.162,1.2000,5.0000,0.0000,0.0000,0.0000,1788738480.936
4.182,1.2000,5.0000,0.0000,0.0000,0.0000,1788738480.956
4.202,1.2000,5.0000,0.0000,0.0000,0.0000,1788738480.976
4.222,1.2000,5.0000,0.0000,0.0000,0.0000,1788738480.996
4.242,1.2000,5.0000,0.0000,0.0000,0.0000,1788738481.016
4.262,1.2000,5.0000,0.0000,0.0000,0.0000,1788738481.036
4.282,1.2000,5.0000,0.0000,0.0000,0.0000,1788738481.056
4.302,1.2000,5.0000,0.0000,0.0000,0.0000,1788738481.076
4.322,1.2000,5.0000,0.0000,0.0000,0.0000,1788738481.096
4.342,1.2000,5.0000,0.0000,0.0000,0.0000,1788738481.116
4.363,1.2000,5.0000,0.0000,0.0000,0.0000,1788738481.136
4.382,1.2000,5.0000,0.0000,0.0000,0.0000,1788738481.156
4.403,1.2000,5.0000,0.0000,0.0000,0.0000,1788738481.176
4.422,1.2000,5.0000,0.0000,0.0000,0.0000,1788738481.196
4.442,1.2000,5.0000,0.0000,0.0000,0.0000,1788738481.216
4.462,1.2000,5.0000,0.0000,0.0000,0.0000,1788738481.236
4.482,1.2000,5.0000,0.0000,0.0000,0.0000,1788738481.256
4.502,1.2000,5.0000,0.0000,0.0000,0.0000,1788738481.276
4.523,1.2000,5.0000,0.0000,0.0000,0.0000,1788738481.296
4.542,1.2000,5.0000,0.0000,0.0000,0.0000,1788738481.316
4.562,1.2000,5.0000,0.0000,0.0000,0.0000,1788738481.336
4.582,1.2000,5.0000,0.0000,0.0000,0.0000,1788738481.356
4.602,1.2000,5.0000,0.0000,0.0000,0.0000,1788738481.376
4.622,1.2000,5.0000,0.0000,0.0000,0.0000,1788738481.396
4.642,1.2000,5.0000,0.0000,0.0000,0.0000,1788738481.416
4.662,1.2000,5.0000,0.0000,0.0000,0.0000,1788738481.436
4.682,1.2000,5.0000,0.0000,0.0000,0.0000,1788738481.456
4.702,1.2000,5.0000,0.0000,0.0000,0.0000,1788738481.476
4.722,1.2000,5.0000,0.0000,0.0000,0.0000,1788738481.496
4.742,1.2000,5.0000,0.0000,0.0000,0.0000,1788738481.516
4.762,1.2000,5.0000,0.0000,0.0000,0.0000,1788738481.536
4.782,1.2000,5.0000,0.0000,0.0000,0.0000,1788738481.556
4.802,1.2000,5.0000,0.0000,0.0000,0.0000,1788738481.576
4.822,1.2000,5.0000,0.0000,0.0000,0.0000,1788738481.596
4.842,1.2000,5.0000,0.0000,0.0000,0.0000,1788738481.616
4.862,1.2000,5.0000,0.0000,0.0000,0.0000,1788738481.636
4.882,1.2000,5.0000,0.0000,0.0000,0.0000,1788738481.656
4.902,1.2000,5.0000,0.0000,0.0000,0.0000,1788738481.676
4.922,1.2000,5.0000,0.0000,0.0000,0.0000,1788738481.696
4.942,1.2000,5.0000,0.0000,0.0000,0.0000,1788738481.716
4.962,1.2000,5.0000,0.0000,0.0000,0.0000,1788738481.736
4.982,1.2000,5.0000,0.0000,0.0000,0.0000,1788738481.756
5.002,1.2000,5.0000,0.0000,0.0000,0.0000,1788738481.776
5.022,1.2000,5.0000,0.0000,0.0000,0.0000,1788738481.796
5.042,1.2000,5.0000,0.0000,0.0000,0.0000,1788738481.816
5.062,1.2000,5.0000,0.0000,0.0000,0.0000,1788738481.836
5.082,1.2000,5.0000,0.0000,0.0000,0.0000,1788738481.856
5.102,1.2000,5.0000,0.0000,0.0000,0.0000,1788738481.876
5.122,1.2000,5.0000,0.0000,0.0000,0.0000,1788738481.896
5.142,1.2000,5.0000,0.0000,0.0000,0.0000,1788738481.916
5.162,1.2000,5.0000,0.0000,0.0000,0.0000,1788738481.936
5.182,1.2000,5.0000,0.0000,0.0000,0.0000,1788738481.956
5.202,1.2000,5.0000,0.0000,0.0000,0.0000,1788738481.976
5.222,1.2000,5.0000,0.0000,0.0000,0.0000,1788738481.996
5.242,1.2000,5.0000,0.0000,0.0000,0.0000,1788738482.016
5.263,1.2000,5.0000,0.0000,0.0000,0.0000,1788738482.036
5.282,1.2000,5.0000,0.0000,0.0000,0.0000,1788738482.056
5.302,1.2000,5.0000,0.0000,0.0000,0.0000,1788738482.076
5.322,1.2000,5.0000,0.0000,0.0000,0.0000,1788738482.096
5.342,1.2000,5.0000,0.0000,0.0000,0.0000,1788738482.116
5.362,1.2000,5.0000,0.0000,0.0000,0.0000,1788738482.136
5.383,1.2000,5.0000,0.0000,0.0000,0.0000,1788738482.156
5.402,1.2000,5.0000,0.0000,0.0000,0.0000,1788738482.176
5.422,1.2000,5.0000,0.0000,0.0000,0.0000,1788738482.196
5.442,1.2000,5.0000,0.0000,0.0000,0.0000,1788738482.216
5.462,1.2000,5.0000,0.0000,0.0000,0.0000,1788738482.236
5.483,1.2000,5.0000,0.0000,0.0000,0.0000,1788738482.256
5.502,1.2000,5.0000,0.0000,0.0000,0.0000,1788738482.276
5.523,1.2000,5.0000,0.0000,0.0000,0.0000,1788738482.296
5.543,1.2000,5.0000,0.0000,0.0000,0.0000,1788738482.316
5.562,1.2000,5.0000,0.0000,0.0000,0.0000,1788738482.336
5.582,1.2000,5.0000,0.0000,0.0000,0.0000,1788738482.356
5.602,1.2000,5.0000,0.0000,0.0000,0.0000,1788738482.376
5.622,1.2000,5.0000,0.0000,0.0000,0.0000,1788738482.396
5.642,1.2000,5.0000,0.0000,0.0000,0.0000,1788738482.416
5.662,1.2000,5.0000,0.0000,0.0000,0.0000,1788738482.436
5.682,1.2000,5.0000,0.0000,0.0000,0.0000,1788738482.456
5.702,1.2000,5.0000,0.0000,0.0000,0.0000,1788738482.476
5.722,1.2000,5.0000,0.0000,0.0000,0.0000,1788738482.496
5.742,1.2000,5.0000,0.0000,0.0000,0.0000,1788738482.516
5.762,1.2000,5.0000,0.0000,0.0000,0.0000,1788738482.536
5.782,1.2000,5.0000,0.0000,0.0000,0.0000,1788738482.556
5.802,1.2000,5.0000,0.0000,0.0000,0.0000,1788738482.576
5.823,1.2000,5.0000,0.0000,0.0000,0.0000,1788738482.596
5.842,1.2000,5.0000,0.0000,0.0000,0.0000,1788738482.616
5.862,1.2000,5.0000,0.0000,0.0000,0.0000,1788738482.636
5.882,1.2000,5.0000,0.0000,0.0000,0.0000,1788738482.656
5.902,1.2000,5.0000,0.0000,0.0000,0.0000,1788738482.676
5.922,1.2000,5.0000,0.0000,0.0000,0.0000,1788738482.696
5.942,1.2000,5.0000,0.0000,0.0000,0.0000,1788738482.716
5.962,1.2000,5.0000,0.0000,0.0000,0.0000,1788738482.736
5.982,1.2000,5.0000,0.0000,0.0000,0.0000,1788738482.756
6.002,1.2000,5.0000,0.0000,0.0000,0.0000,1788738482.776
6.022,1.2000,5.0000,0.0000,0.0000,0.0000,1788738482.796
6.042,1.2000,5.0000,0.0000,0.0000,0.0000,1788738482.816
6.063,1.2000,5.0000,0.0000,0.0000,0.0000,1788738482.836
6.082,1.2000,5.0000,0.0000,0.0000,0.0000,1788738482.856
6.102,1.2000,5.0000,0.0000,0.0000,0.0000,1788738482.876
6.123,1.2000,5.0000,0.0000,0.0000,0.0000,1788738482.896
6.143,1.2000,5.0000,0.0000,0.0000,0.0000,1788738482.916
6.162,1.2000,5.0000,0.0000,0.0000,0.0000,1788738482.936
6.182,1.2000,5.0000,0.0000,0.0000,0.0000,1788738482.956
6.202,1.2000,5.0000,0.0000,0.0000,0.0000,1788738482.976
6.222,1.2000,5.0000,0.0000,0.0000,0.0000,1788738482.996
6.243,1.2000,5.0000,0.0000,0.0000,0.0000,1788738483.016
6.263,1.2000,5.0000,0.0000,0.0000,0.0000,1788738483.036
6.283,1.2000,5.0000,0.0000,0.0000,0.0000,1788738483.056
6.302,1.2000,5.0000,0.0000,0.0000,0.0000,1788738483.076
6.323,1.2000,5.0000,0.0000,0.0000,0.0000,1788738483.096
6.342,1.2000,5.0000,0.0000,0.0000,0.0000,1788738483.116
6.362,1.2000,5.0000,0.0000,0.0000,0.0000,1788738483.136
6.382,1.2000,5.0000,0.0000,0.0000,0.0000,1788738483.156
6.402,1.2000,5.0000,0.0000,0.0000,0.0000,1788738483.176
6.422,1.2000,5.0000,0.0000,0.0000,0.0000,1788738483.196
6.442,1.2000,5.0000,0.0000,0.0000,0.0000,1788738483.216
6.462,1.2000,5.0000,0.0000,0.0000,0.0000,1788738483.236
6.483,1.2000,5.0000,0.0000,0.0000,0.0000,1788738483.256
6.502,1.2000,5.0000,0.0000,0.0000,0.0000,1788738483.276
6.522,1.2000,5.0000,0.0000,0.0000,0.0000,1788738483.296
6.542,1.2000,5.0000,0.0000,0.0000,0.0000,1788738483.316
6.562,1.2000,5.0000,0.0000,0.0000,0.0000,1788738483.336
6.582,1.2000,5.0000,0.0000,0.0000,0.0000,1788738483.356
6.602,1.2000,5.0000,0.0000,0.0000,0.0000,1788738483.376
6.622,1.2000,5.0000,0.0000,0.0000,0.0000,1788738483.396
6.642,1.2000,5.0000,0.0000,0.0000,0.0000,1788738483.416
6.662,1.2000,5.0000,0.0000,0.0000,0.0000,1788738483.436
6.682,1.2000,5.0000,0.0000,0.0000,0.0000,1788738483.456
6.702,1.2000,5.0000,0.0000,0.0000,0.0000,1788738483.476
6.722,1.2000,5.0000,0.0000,0.0000,0.0000,1788738483.496
6.742,1.2000,5.0000,0.0000,0.0000,0.0000,1788738483.516
6.762,1.2000,5.0000,0.0000,0.0000,0.0000,1788738483.536
6.782,1.2000,5.0000,0.0000,0.0000,0.0000,1788738483.556
6.802,1.2000,5.0000,0.0000,0.0000,0.0000,1788738483.576
6.822,1.2000,5.0000,0.0000,0.0000,0.0000,1788738483.596
6.842,1.2000,5.0000,0.0000,0.0000,0.0000,1788738483.616
6.862,1.2000,5.0000,0.0000,0.0000,0.0000,1788738483.636
6.882,1.2000,5.0000,0.0000,0.0000,0.0000,1788738483.656
6.902,1.2000,5.0000,0.0000,0.0000,0.0000,1788738483.676
6.922,1.2000,5.0000,0.0000,0.0000,0.0000,1788738483.696
6.942,1.2000,5.0000,0.0000,0.0000,0.0000,1788738483.716
6.962,1.2000,5.0000,0.0000,0.0000,0.0000,1788738483.736
6.982,1.2000,5.0000,0.0000,0.0000,0.0000,1788738483.756
7.002,1.2000,5.0000,0.0000,0.0000,0.0000,1788738483.776
7.022,1.2000,5.0000,0.0000,0.0000,0.0000,1788738483.796
7.042,1.2000,5.0000,0.0000,0.0000,0.0000,1788738483.816
7.062,1.2000,5.0000,0.0000,0.0000,0.0000,1788738483.836
7.082,1.2000,5.0000,0.0000,0.0000,0.0000,1788738483.856
7.102,1.2000,5.0000,0.0000,0.0000,0.0000,1788738483.876
7.122,1.2000,5.0000,0.0000,0.0000,0.0000,1788738483.896
7.142,1.2000,5.0000,0.0000,0.0000,0.0000,1788738483.916
7.162,1.2000,5.0000,0.0000,0.0000,0.0000,1788738483.936
7.183,1.2000,5.0000,0.0000,0.0000,0.0000,1788738483.956
7.202,1.2000,5.0000,0.0000,0.0000,0.0000,1788738483.976
7.222,1.2000,5.0000,0.0000,0.0000,0.0000,1788738483.996
7.242,1.2000,5.0000,0.0000,0.0000,0.0000,1788738484.016
7.262,1.2000,5.0000,0.0000,0.0000,0.0000,1788738484.036
7.282,1.2000,5.0000,0.0000,0.0000,0.0000,1788738484.056
7.302,1.2000,5.0000,0.0000,0.0000,0.0000,1788738484.076
7.322,1.2000,5.0000,0.0000,0.0000,0.0000,1788738484.096
7.342,1.2000,5.0000,0.0000,0.0000,0.0000,1788738484.116
7.362,1.2000,5.0000,0.0000,0.0000,0.0000,1788738484.136
7.382,1.2000,5.0000,0.0000,0.0000,0.0000,1788738484.156
7.402,1.2000,5.0000,0.0000,0.0000,0.0000,1788738484.176
7.422,1.2000,5.0000,0.0000,0.0000,0.0000,1788738484.196
7.442,1.2000,5.0000,0.0000,0.0000,0.0000,1788738484.216
7.462,1.2000,5.0000,0.0000,0.0000,0.0000,1788738484.236
7.482,1.2000,5.0000,0.0000,0.0000,0.0000,1788738484.256
7.502,1.2000,5.0000,0.0000,0.0000,0.0000,1788738484.276
7.522,1.2000,5.0000,0.0000,0.0000,0.0000,1788738484.296
7.542,1.2000,5.0000,0.0000,0.0000,0.0000,1788738484.316
7.562,1.2000,5.0000,0.0000,0.0000,0.0000,1788738484.336
7.582,1.2000,5.0000,0.0000,0.0000,0.0000,1788738484.356
7.602,1.2000,5.0000,0.0000,0.0000,0.0000,1788738484.376
7.622,1.2000,5.0000,0.0000,0.0000,0.0000,1788738484.396
7.642,1.2000,5.0000,0.0000,0.0000,0.0000,1788738484.416
7.662,1.2000,5.0000,0.0000,0.0000,0.0000,1788738484.436
7.682,1.2000,5.0000,0.0000,0.0000,0.0000,1788738484.456
7.702,1.2000,5.0000,0.0000,0.0000,0.0000,1788738484.476
7.722,1.2000,5.0000,0.0000,0.0000,0.0000,1788738484.496
7.742,1.2000,5.0000,0.0000,0.0000,0.0000,1788738484.516
7.762,1.2000,5.0000,0.0000,0.0000,0.0000,1788738484.536
7.782,1.2000,5.0000,0.0000,0.0000,0.0000,1788738484.556
7.802,1.2000,5.0000,0.0000,0.0000,0.0000,1788738484.576
7.822,1.2000,5.0000,0.0000,0.0000,0.0000,1788738484.596
7.842,1.2000,5.0000,0.0000,0.0000,0.0000,1788738484.616
7.865,1.2000,5.0000,0.0000,0.0000,0.0000,1788738484.638
7.882,1.2000,5.0000,0.0000,0.0000,0.0000,1788738484.656
7.902,1.2000,5.0000,0.0000,0.0000,0.0000,1788738484.676
7.922,1.2000,5.0000,0.0000,0.0000,0.0000,1788738484.696
7.942,1.2000,5.0000,0.0000,0.0000,0.0000,1788738484.716
7.962,1.2000,5.0000,0.0000,0.0000,0.0000,1788738484.736
7.982,1.2000,5.0000,0.0000,0.0000,0.0000,1788738484.756
8.002,1.2000,5.0000,0.0000,0.0000,0.0000,1788738484.776
8.022,1.2004,5.0000,-0.0020,0.0221,-0.0988,1788738484.796
8.042,1.2009,5.0000,-0.0040,0.0221,-0.0988,1788738484.816
8.062,1.2013,5.0000,-0.0059,0.0221,-0.0988,1788738484.836
8.082,1.2018,5.0000,-0.0079,0.0221,-0.0988,1788738484.856
8.102,1.2027,5.0000,-0.0089,0.0455,-0.0498,1788738484.876
8.122,1.2036,5.0000,-0.0099,0.0455,-0.0498,1788738484.896
8.142,1.2045,5.0000,-0.0109,0.0455,-0.0498,1788738484.916
8.162,1.2054,5.0000,-0.0119,0.0455,-0.0498,1788738484.936
8.182,1.2063,4.9999,-0.0129,0.0455,-0.0498,1788738484.956
8.202,1.2076,4.9999,-0.0140,0.0649,-0.0568,1788738484.976
8.222,1.2089,4.9999,-0.0152,0.0649,-0.0568,1788738484.996
8.242,1.2102,4.9999,-0.0163,0.0649,-0.0568,1788738485.016
8.262,1.2115,4.9999,-0.0174,0.0649,-0.0568,1788738485.036
8.282,1.2128,4.9998,-0.0186,0.0649,-0.0568,1788738485.056
8.302,1.2146,4.9998,-0.0197,0.0873,-0.0554,1788738485.076
8.322,1.2163,4.9998,-0.0208,0.0873,-0.0554,1788738485.096
8.342,1.2180,4.9997,-0.0219,0.0873,-0.0554,1788738485.116
8.362,1.2198,4.9997,-0.0230,0.0873,-0.0554,1788738485.136
8.382,1.2215,4.9996,-0.0241,0.0873,-0.0554,1788738485.156
8.402,1.2237,4.9996,-0.0246,0.1073,-0.0222,1788738485.176
8.422,1.2258,4.9995,-0.0250,0.1073,-0.0222,1788738485.196
8.442,1.2280,4.9995,-0.0254,0.1073,-0.0222,1788738485.216
8.462,1.2301,4.9994,-0.0259,0.1073,-0.0222,1788738485.236
8.482,1.2323,4.9994,-0.0263,0.1073,-0.0222,1788738485.256
8.502,1.2348,4.9993,-0.0280,0.1254,-0.0858,1788738485.276
8.522,1.2373,4.9992,-0.0298,0.1254,-0.0858,1788738485.296
8.542,1.2398,4.9991,-0.0315,0.1254,-0.0858,1788738485.316
8.562,1.2423,4.9991,-0.0332,0.1254,-0.0858,1788738485.336
8.582,1.2448,4.9990,-0.0349,0.1254,-0.0858,1788738485.356
8.602,1.2477,4.9989,-0.0366,0.1445,-0.0849,1788738485.376
8.622,1.2506,4.9988,-0.0383,0.1445,-0.0849,1788738485.396
8.642,1.2535,4.9986,-0.0400,0.1445,-0.0849,1788738485.416
8.662,1.2563,4.9985,-0.0417,0.1445,-0.0849,1788738485.436
8.682,1.2592,4.9984,-0.0434,0.1445,-0.0849,1788738485.456
8.702,1.2625,4.9983,-0.0447,0.1655,-0.0660,1788738485.476
8.722,1.2658,4.9981,-0.0460,0.1655,-0.0660,1788738485.496
8.742,1.2692,4.9979,-0.0474,0.1655,-0.0660,1788738485.516
8.762,1.2725,4.9978,-0.0487,0.1655,-0.0660,1788738485.536
8.782,1.2758,4.9976,-0.0500,0.1655,-0.0660,1788738485.556
8.802,1.2794,4.9974,-0.0499,0.1836,0.0041,1788738485.576
8.823,1.2831,4.9972,-0.0498,0.1836,0.0041,1788738485.596
8.842,1.2868,4.9971,-0.0498,0.1836,0.0041,1788738485.616
8.863,1.2904,4.9969,-0.0497,0.1836,0.0041,1788738485.636
8.883,1.2941,4.9967,-0.0496,0.1836,0.0041,1788738485.656
8.902,1.2981,4.9965,-0.0494,0.2012,0.0117,1788738485.676
8.922,1.3021,4.9963,-0.0491,0.2012,0.0117,1788738485.696
8.943,1.3062,4.9961,-0.0489,0.2012,0.0117,1788738485.716
8.963,1.3102,4.9959,-0.0487,0.2012,0.0117,1788738485.736
8.982,1.3142,4.9957,-0.0484,0.2012,0.0117,1788738485.756
9.002,1.3185,4.9955,-0.0473,0.2156,0.0552,1788738485.776
9.023,1.3228,4.9953,-0.0462,0.2156,0.0552,1788738485.796
9.043,1.3271,4.9951,-0.0451,0.2156,0.0552,1788738485.816
9.062,1.3314,4.9949,-0.0440,0.2156,0.0552,1788738485.836
9.082,1.3357,4.9947,-0.0429,0.2156,0.0552,1788738485.856
9.102,1.3404,4.9945,-0.0423,0.2346,0.0313,1788738485.876
9.122,1.3451,4.9944,-0.0417,0.2346,0.0313,1788738485.896
9.142,1.3498,4.9942,-0.0410,0.2346,0.0313,1788738485.916
9.162,1.3545,4.9940,-0.0404,0.2346,0.0313,1788738485.936
9.182,1.3592,4.9938,-0.0398,0.2346,0.0313,1788738485.956
9.202,1.3642,4.9936,-0.0389,0.2523,0.0446,1788738485.976
9.222,1.3693,4.9934,-0.0380,0.2523,0.0446,1788738485.996
9.242,1.3743,4.9932,-0.0371,0.2523,0.0446,1788738486.016
9.262,1.3793,4.9930,-0.0362,0.2523,0.0446,1788738486.036
9.282,1.3844,4.9928,-0.0353,0.2523,0.0446,1788738486.056
9.302,1.3897,4.9927,-0.0341,0.2682,0.0619,1788738486.076
9.322,1.3951,4.9925,-0.0328,0.2682,0.0619,1788738486.096
9.343,1.4005,4.9923,-0.0316,0.2682,0.0619,1788738486.116
9.362,1.4058,4.9922,-0.0304,0.2682,0.0619,1788738486.136
9.382,1.4112,4.9920,-0.0291,0.2682,0.0619,1788738486.156
9.402,1.4167,4.9918,-0.0273,0.2783,0.0895,1788738486.176
9.423,1.4223,4.9917,-0.0255,0.2783,0.0895,1788738486.196
9.443,1.4279,4.9916,-0.0238,0.2783,0.0895,1788738486.216
9.463,1.4334,4.9915,-0.0220,0.2783,0.0895,1788738486.236
9.483,1.4390,4.9913,-0.0202,0.2783,0.0895,1788738486.256
9.502,1.4449,4.9912,-0.0181,0.2952,0.1058,1788738486.276
9.523,1.4508,4.9911,-0.0159,0.2952,0.1058,1788738486.296
9.542,1.4567,4.9911,-0.0138,0.2952,0.1058,1788738486.316
9.563,1.4626,4.9910,-0.0117,0.2952,0.1058,1788738486.336
9.582,1.4685,4.9909,-0.0096,0.2952,0.1058,1788738486.356
9.602,1.4748,4.9909,-0.0084,0.3131,0.0598,1788738486.376
9.623,1.4811,4.9908,-0.0072,0.3131,0.0598,1788738486.396
9.643,1.4873,4.9908,-0.0060,0.3131,0.0598,1788738486.416
9.663,1.4936,4.9908,-0.0048,0.3131,0.0598,1788738486.436
9.682,1.4998,4.9907,-0.0036,0.3131,0.0598,1788738486.456
9.702,1.5064,4.9907,-0.0033,0.3292,0.0166,1788738486.476
9.722,1.5130,4.9907,-0.0029,0.3292,0.0166,1788738486.496
9.742,1.5196,4.9907,-0.0026,0.3292,0.0166,1788738486.516
9.762,1.5262,4.9907,-0.0023,0.3292,0.0166,1788738486.536
9.782,1.5328,4.9907,-0.0020,0.3292,0.0166,1788738486.556
9.802,1.5397,4.9906,-0.0016,0.3490,0.0158,1788738486.576
9.822,1.5467,4.9906,-0.0013,0.3490,0.0158,1788738486.596
9.842,1.5537,4.9906,-0.0010,0.3490,0.0158,1788738486.616
9.862,1.5607,4.9906,-0.0007,0.3490,0.0158,1788738486.636
9.882,1.5677,4.9906,-0.0004,0.3490,0.0158,1788738486.656
9.902,1.5749,4.9906,-0.0005,0.3623,-0.0042,1788738486.676
9.922,1.5821,4.9906,-0.0005,0.3623,-0.0042,1788738486.696
9.942,1.5894,4.9906,-0.0006,0.3623,-0.0042,1788738486.716
9.962,1.5966,4.9906,-0.0007,0.3623,-0.0042,1788738486.736
9.982,1.6039,4.9906,-0.0008,0.3623,-0.0042,1788738486.756
10.002,1.6115,4.9906,-0.0006,0.3808,0.0120,1788738486.776
10.022,1.6191,4.9906,-0.0003,0.3808,0.0120,1788738486.796
10.042,1.6267,4.9906,-0.0001,0.3808,0.0120,1788738486.816
10.062,1.6344,4.9906,0.0002,0.3808,0.0120,1788738486.836
10.082,1.6420,4.9906,0.0004,0.3808,0.0120,1788738486.856
10.102,1.6497,4.9906,0.0002,0.3870,-0.0116,1788738486.876
10.122,1.6574,4.9906,-0.0001,0.3870,-0.0116,1788738486.896
10.142,1.6652,4.9906,-0.0003,0.3870,-0.0116,1788738486.916
10.163,1.6729,4.9906,-0.0005,0.3870,-0.0116,1788738486.936
10.182,1.6807,4.9906,-0.0008,0.3870,-0.0116,1788738486.956
10.202,1.6885,4.9906,-0.0015,0.3896,-0.0390,1788738486.976
10.222,1.6962,4.9906,-0.0023,0.3896,-0.0390,1788738486.996
10.242,1.7040,4.9905,-0.0031,0.3896,-0.0390,1788738487.016
10.262,1.7118,4.9905,-0.0039,0.3896,-0.0390,1788738487.036
10.282,1.7196,4.9905,-0.0047,0.3896,-0.0390,1788738487.056
10.302,1.7274,4.9904,-0.0049,0.3899,-0.0121,1788738487.076
10.322,1.7352,4.9904,-0.0052,0.3899,-0.0121,1788738487.096
10.342,1.7430,4.9903,-0.0054,0.3899,-0.0121,1788738487.116
10.362,1.7508,4.9903,-0.0056,0.3899,-0.0121,1788738487.136
10.382,1.7586,4.9903,-0.0059,0.3899,-0.0121,1788738487.156
10.402,1.7664,4.9902,-0.0056,0.3900,0.0150,1788738487.176
10.422,1.7742,4.9902,-0.0053,0.3900,0.0150,1788738487.196
10.442,1.7820,4.9901,-0.0050,0.3900,0.0150,1788738487.216
10.463,1.7898,4.9901,-0.0047,0.3900,0.0150,1788738487.236
10.482,1.7976,4.9901,-0.0044,0.3900,0.0150,1788738487.256
10.502,1.8054,4.9900,-0.0037,0.3921,0.0328,1788738487.276
10.523,1.8133,4.9900,-0.0031,0.3921,0.0328,1788738487.296
10.542,1.8211,4.9900,-0.0024,0.3921,0.0328,1788738487.316
10.562,1.8290,4.9900,-0.0018,0.3921,0.0328,1788738487.336
10.582,1.8368,4.9900,-0.0011,0.3921,0.0328,1788738487.356
10.602,1.8447,4.9900,0.0000,0.3934,0.0568,1788738487.376
10.622,1.8526,4.9900,0.0012,0.3934,0.0568,1788738487.396
10.642,1.8604,4.9900,0.0023,0.3934,0.0568,1788738487.416
10.662,1.8683,4.9900,0.0034,0.3934,0.0568,1788738487.436
10.682,1.8762,4.9901,0.0046,0.3934,0.0568,1788738487.456
10.702,1.8840,4.9901,0.0061,0.3912,0.0742,1788738487.476
10.722,1.8918,4.9902,0.0075,0.3912,0.0742,1788738487.496
10.742,1.8996,4.9902,0.0090,0.3912,0.0742,1788738487.516
10.762,1.9075,4.9903,0.0105,0.3912,0.0742,1788738487.536
10.782,1.9153,4.9904,0.0120,0.3912,0.0742,1788738487.556
10.802,1.9231,4.9905,0.0134,0.3903,0.0699,1788738487.576
10.822,1.9309,4.9906,0.0148,0.3903,0.0699,1788738487.596
10.842,1.9387,4.9908,0.0162,0.3903,0.0699,1788738487.616
10.862,1.9465,4.9909,0.0176,0.3903,0.0699,1788738487.636
10.882,1.9543,4.9910,0.0190,0.3903,0.0699,1788738487.656
10.902,1.9621,4.9912,0.0203,0.3901,0.0678,1788738487.676
10.922,1.9699,4.9914,0.0217,0.3901,0.0678,1788738487.696
10.942,1.9777,4.9916,0.0231,0.3901,0.0678,1788738487.716
10.963,1.9855,4.9917,0.0244,0.3901,0.0678,1788738487.736
10.982,1.9933,4.9919,0.0258,0.3901,0.0678,1788738487.756
11.002,2.0012,4.9922,0.0266,0.3939,0.0431,1788738487.776
11.022,2.0090,4.9924,0.0275,0.3939,0.0431,1788738487.796
11.042,2.0169,4.9926,0.0284,0.3939,0.0431,1788738487.816
11.062,2.0248,4.9928,0.0292,0.3939,0.0431,1788738487.836
11.082,2.0327,4.9931,0.0301,0.3939,0.0431,1788738487.856
11.102,2.0406,4.9933,0.0314,0.3944,0.0664,1788738487.876
11.122,2.0484,4.9936,0.0327,0.3944,0.0664,1788738487.896
11.142,2.0563,4.9938,0.0341,0.3944,0.0664,1788738487.916
11.162,2.0642,4.9941,0.0354,0.3944,0.0664,1788738487.936
11.182,2.0721,4.9944,0.0367,0.3944,0.0664,1788738487.956
11.202,2.0800,4.9947,0.0380,0.3937,0.0628,1788738487.976
11.222,2.0878,4.9950,0.0392,0.3937,0.0628,1788738487.996
11.242,2.0957,4.9953,0.0405,0.3937,0.0628,1788738488.016
11.262,2.1036,4.9957,0.0417,0.3937,0.0628,1788738488.036
11.282,2.1114,4.9960,0.0430,0.3937,0.0628,1788738488.056
11.302,2.1192,4.9963,0.0435,0.3895,0.0270,1788738488.076
11.323,2.1270,4.9967,0.0441,0.3895,0.0270,1788738488.096
11.343,2.1348,4.9970,0.0446,0.3895,0.0270,1788738488.116
11.362,2.1426,4.9974,0.0452,0.3895,0.0270,1788738488.136
11.382,2.1503,4.9977,0.0457,0.3895,0.0270,1788738488.156
11.402,2.1581,4.9981,0.0460,0.3894,0.0166,1788738488.176
11.422,2.1659,4.9985,0.0464,0.3894,0.0166,1788738488.196
11.442,2.1737,4.9988,0.0467,0.3894,0.0166,1788738488.216
11.462,2.1815,4.9992,0.0470,0.3894,0.0166,1788738488.236
11.482,2.1892,4.9996,0.0474,0.3894,0.0166,1788738488.256
11.502,2.1970,4.9999,0.0466,0.3912,-0.0364,1788738488.276
11.522,2.2049,5.0003,0.0459,0.3912,-0.0364,1788738488.296
11.543,2.2127,5.0006,0.0452,0.3912,-0.0364,1788738488.316
11.563,2.2205,5.0010,0.0445,0.3912,-0.0364,1788738488.336
11.582,2.2283,5.0013,0.0437,0.3912,-0.0364,1788738488.356
11.602,2.2361,5.0016,0.0422,0.3898,-0.0768,1788738488.376
11.623,2.2439,5.0020,0.0407,0.3898,-0.0768,1788738488.396
11.642,2.2517,5.0023,0.0391,0.3898,-0.0768,1788738488.416
11.663,2.2595,5.0026,0.0376,0.3898,-0.0768,1788738488.436
11.683,2.2673,5.0028,0.0360,0.3898,-0.0768,1788738488.456
11.702,2.2750,5.0031,0.0342,0.3892,-0.0930,1788738488.476
11.722,2.2828,5.0034,0.0323,0.3892,-0.0930,1788738488.496
11.742,2.2906,5.0036,0.0305,0.3892,-0.0930,1788738488.516
11.762,2.2984,5.0038,0.0286,0.3892,-0.0930,1788738488.536
11.782,2.3062,5.0040,0.0267,0.3892,-0.0930,1788738488.556
11.802,2.3138,5.0042,0.0255,0.3838,-0.0631,1788738488.576
11.822,2.3215,5.0044,0.0242,0.3838,-0.0631,1788738488.596
11.842,2.3292,5.0046,0.0230,0.3838,-0.0631,1788738488.616
11.862,2.3369,5.0048,0.0217,0.3838,-0.0631,1788738488.636
11.882,2.3445,5.0049,0.0204,0.3838,-0.0631,1788738488.656
11.902,2.3523,5.0051,0.0193,0.3905,-0.0579,1788738488.676
11.922,2.3601,5.0052,0.0181,0.3905,-0.0579,1788738488.696
11.943,2.3680,5.0053,0.0170,0.3905,-0.0579,1788738488.716
11.963,2.3758,5.0055,0.0158,0.3905,-0.0579,1788738488.736
11.982,2.3836,5.0056,0.0146,0.3905,-0.0579,1788738488.756
12.002,2.3913,5.0057,0.0136,0.3860,-0.0493,1788738488.776
12.023,2.3990,5.0058,0.0127,0.3860,-0.0493,1788738488.796
12.042,2.4067,5.0059,0.0117,0.3860,-0.0493,1788738488.816
12.062,2.4144,5.0059,0.0107,0.3860,-0.0493,1788738488.836
12.082,2.4222,5.0060,0.0097,0.3860,-0.0493,1788738488.856
12.102,2.4300,5.0061,0.0085,0.3900,-0.0597,1788738488.876
12.122,2.4378,5.0061,0.0073,0.3900,-0.0597,1788738488.896
12.142,2.4456,5.0062,0.0061,0.3900,-0.0597,1788738488.916
12.162,2.4534,5.0062,0.0049,0.3900,-0.0597,1788738488.936
12.182,2.4612,5.0063,0.0037,0.3900,-0.0597,1788738488.956
12.202,2.4690,5.0063,0.0030,0.3916,-0.0343,1788738488.976
12.222,2.4768,5.0063,0.0024,0.3916,-0.0343,1788738488.996
12.242,2.4847,5.0063,0.0017,0.3916,-0.0343,1788738489.016
12.262,2.4925,5.0063,0.0010,0.3916,-0.0343,1788738489.036
12.283,2.5003,5.0063,0.0003,0.3916,-0.0343,1788738489.056
12.302,2.5081,5.0063,-0.0003,0.3899,-0.0318,1788738489.076
12.322,2.5159,5.0063,-0.0010,0.3899,-0.0318,1788738489.096
12.342,2.5237,5.0063,-0.0016,0.3899,-0.0318,1788738489.116
12.362,2.5315,5.0063,-0.0022,0.3899,-0.0318,1788738489.136
12.382,2.5393,5.0063,-0.0029,0.3899,-0.0318,1788738489.156
12.402,2.5471,5.0062,-0.0034,0.3892,-0.0275,1788738489.176
12.422,2.5549,5.0062,-0.0040,0.3892,-0.0275,1788738489.196
12.442,2.5627,5.0062,-0.0045,0.3892,-0.0275,1788738489.216
12.462,2.5704,5.0061,-0.0051,0.3892,-0.0275,1788738489.236
12.482,2.5782,5.0061,-0.0056,0.3892,-0.0275,1788738489.256
12.502,2.5861,5.0060,-0.0068,0.3933,-0.0573,1788738489.276
12.523,2.5940,5.0060,-0.0079,0.3933,-0.0573,1788738489.296
12.543,2.6018,5.0059,-0.0091,0.3933,-0.0573,1788738489.316
12.562,2.6097,5.0058,-0.0102,0.3933,-0.0573,1788738489.336
12.583,2.6176,5.0057,-0.0114,0.3933,-0.0573,1788738489.356
12.602,2.6254,5.0056,-0.0119,0.3930,-0.0246,1788738489.376
12.623,2.6333,5.0055,-0.0124,0.3930,-0.0246,1788738489.396
12.643,2.6411,5.0054,-0.0128,0.3930,-0.0246,1788738489.416
12.662,2.6490,5.0053,-0.0133,0.3930,-0.0246,1788738489.436
12.682,2.6569,5.0052,-0.0138,0.3930,-0.0246,1788738489.456
12.702,2.6646,5.0051,-0.0140,0.3885,-0.0101,1788738489.476
12.722,2.6724,5.0050,-0.0142,0.3885,-0.0101,1788738489.496
12.742,2.6802,5.0049,-0.0144,0.3885,-0.0101,1788738489.516
12.762,2.6879,5.0048,-0.0146,0.3885,-0.0101,1788738489.536
12.782,2.6957,5.0047,-0.0148,0.3885,-0.0101,1788738489.556
12.802,2.7034,5.0046,-0.0145,0.3841,0.0184,1788738489.576
12.822,2.7111,5.0044,-0.0141,0.3841,0.0184,1788738489.596
12.842,2.7187,5.0043,-0.0137,0.3841,0.0184,1788738489.616
12.862,2.7264,5.0042,-0.0134,0.3841,0.0184,1788738489.636
12.882,2.7341,5.0041,-0.0130,0.3841,0.0184,1788738489.656
12.902,2.7418,5.0040,-0.0133,0.3863,-0.0165,1788738489.676
12.922,2.7496,5.0039,-0.0137,0.3863,-0.0165,1788738489.696
12.942,2.7573,5.0038,-0.0140,0.3863,-0.0165,1788738489.716
12.962,2.7650,5.0037,-0.0143,0.3863,-0.0165,1788738489.736
12.982,2.7727,5.0036,-0.0147,0.3863,-0.0165,1788738489.756
13.002,2.7805,5.0035,-0.0156,0.3893,-0.0467,1788738489.776
13.022,2.7883,5.0033,-0.0165,0.3893,-0.0467,1788738489.796
13.042,2.7961,5.0032,-0.0175,0.3893,-0.0467,1788738489.816
13.062,2.8039,5.0031,-0.0184,0.3893,-0.0467,1788738489.836
13.082,2.8117,5.0029,-0.0193,0.3893,-0.0467,1788738489.856
13.102,2.8195,5.0028,-0.0193,0.3921,-0.0004,1788738489.876
13.122,2.8273,5.0026,-0.0193,0.3921,-0.0004,1788738489.896
13.142,2.8352,5.0025,-0.0193,0.3921,-0.0004,1788738489.916
13.162,2.8430,5.0023,-0.0194,0.3921,-0.0004,1788738489.936
13.182,2.8509,5.0022,-0.0194,0.3921,-0.0004,1788738489.956
13.202,2.8587,5.0020,-0.0185,0.3900,0.0408,1788738489.976
13.222,2.8665,5.0019,-0.0177,0.3900,0.0408,1788738489.996
13.242,2.8743,5.0017,-0.0169,0.3900,0.0408,1788738490.016
13.262,2.8821,5.0016,-0.0161,0.3900,0.0408,1788738490.036
13.283,2.8899,5.0015,-0.0153,0.3900,0.0408,1788738490.056
13.302,2.8976,5.0014,-0.0148,0.3861,0.0230,1788738490.076
13.322,2.9053,5.0013,-0.0144,0.3861,0.0230,1788738490.096
13.342,2.9130,5.0012,-0.0139,0.3861,0.0230,1788738490.116
13.362,2.9207,5.0011,-0.0134,0.3861,0.0230,1788738490.136
13.382,2.9285,5.0010,-0.0130,0.3861,0.0230,1788738490.156
13.402,2.9362,5.0009,-0.0137,0.3873,-0.0381,1788738490.176
13.422,2.9440,5.0007,-0.0145,0.3873,-0.0381,1788738490.196
13.442,2.9517,5.0006,-0.0153,0.3873,-0.0381,1788738490.216
13.462,2.9594,5.0005,-0.0160,0.3873,-0.0381,1788738490.236
13.482,2.9672,5.0004,-0.0168,0.3873,-0.0381,1788738490.256
13.502,2.9750,5.0002,-0.0179,0.3921,-0.0533,1788738490.276
13.522,2.9829,5.0001,-0.0189,0.3921,-0.0533,1788738490.296
13.543,2.9907,4.9999,-0.0200,0.3921,-0.0533,1788738490.316
13.563,2.9986,4.9998,-0.0211,0.3921,-0.0533,1788738490.336
13.582,3.0064,4.9996,-0.0221,0.3921,-0.0533,1788738490.356
13.602,3.0141,4.9994,-0.0222,0.3872,-0.0024,1788738490.376
13.622,3.0219,4.9992,-0.0222,0.3872,-0.0024,1788738490.396
13.642,3.0296,4.9991,-0.0223,0.3872,-0.0024,1788738490.416
13.662,3.0374,4.9989,-0.0223,0.3872,-0.0024,1788738490.436
13.682,3.0451,4.9987,-0.0224,0.3872,-0.0024,1788738490.456
13.702,3.0528,4.9985,-0.0231,0.3870,-0.0380,1788738490.476
13.722,3.0606,4.9984,-0.0239,0.3870,-0.0380,1788738490.496
13.742,3.0683,4.9982,-0.0246,0.3870,-0.0380,1788738490.516
13.762,3.0761,4.9980,-0.0254,0.3870,-0.0380,1788738490.536
13.782,3.0838,4.9978,-0.0262,0.3870,-0.0380,1788738490.556
13.802,3.0916,4.9976,-0.0260,0.3907,0.0061,1788738490.576
13.822,3.0994,4.9974,-0.0259,0.3907,0.0061,1788738490.596
13.842,3.1072,4.9972,-0.0258,0.3907,0.0061,1788738490.616
13.862,3.1150,4.9970,-0.0257,0.3907,0.0061,1788738490.636
13.882,3.1229,4.9968,-0.0256,0.3907,0.0061,1788738490.656
13.902,3.1305,4.9966,-0.0253,0.3803,0.0111,1788738490.676
13.922,3.1381,4.9964,-0.0251,0.3803,0.0111,1788738490.696
13.942,3.1457,4.9962,-0.0249,0.3803,0.0111,1788738490.716
13.963,3.1533,4.9960,-0.0247,0.3803,0.0111,1788738490.736
13.982,3.1609,4.9958,-0.0244,0.3803,0.0111,1788738490.756
14.002,3.1687,4.9956,-0.0236,0.3897,0.0431,1788738490.776
14.022,3.1765,4.9955,-0.0227,0.3897,0.0431,1788738490.796
14.042,3.1843,4.9953,-0.0219,0.3897,0.0431,1788738490.816
14.063,3.1920,4.9951,-0.0210,0.3897,0.0431,1788738490.836
14.082,3.1998,4.9950,-0.0201,0.3897,0.0431,1788738490.856
14.102,3.2076,4.9948,-0.0184,0.3861,0.0857,1788738490.876
14.122,3.2153,4.9947,-0.0167,0.3861,0.0857,1788738490.896
14.142,3.2230,4.9946,-0.0150,0.3861,0.0857,1788738490.916
14.163,3.2307,4.9945,-0.0133,0.3861,0.0857,1788738490.936
14.182,3.2384,4.9944,-0.0116,0.3861,0.0857,1788738490.956
14.202,3.2462,4.9943,-0.0103,0.3892,0.0613,1788738490.976
14.222,3.2540,4.9942,-0.0091,0.3892,0.0613,1788738490.996
14.242,3.2618,4.9942,-0.0079,0.3892,0.0613,1788738491.016
14.262,3.2696,4.9941,-0.0067,0.3892,0.0613,1788738491.036
14.282,3.2774,4.9941,-0.0054,0.3892,0.0613,1788738491.056
14.302,3.2852,4.9940,-0.0045,0.3909,0.0493,1788738491.076
14.322,3.2930,4.9940,-0.0035,0.3909,0.0493,1788738491.096
14.342,3.3008,4.9940,-0.0025,0.3909,0.0493,1788738491.116
14.362,3.3086,4.9940,-0.0015,0.3909,0.0493,1788738491.136
14.382,3.3165,4.9940,-0.0005,0.3909,0.0493,1788738491.156
14.402,3.3242,4.9940,0.0005,0.3849,0.0502,1788738491.176
14.422,3.3319,4.9940,0.0015,0.3849,0.0502,1788738491.196
14.442,3.3396,4.9940,0.0025,0.3849,0.0502,1788738491.216
14.462,3.3472,4.9940,0.0035,0.3849,0.0502,1788738491.236
14.482,3.3549,4.9941,0.0045,0.3849,0.0502,1788738491.256
14.502,3.3627,4.9941,0.0060,0.3852,0.0732,1788738491.276
14.522,3.3704,4.9942,0.0074,0.3852,0.0732,1788738491.296
14.542,3.3781,4.9942,0.0089,0.3852,0.0732,1788738491.316
14.562,3.3858,4.9943,0.0104,0.3852,0.0732,1788738491.336
14.582,3.3935,4.9944,0.0118,0.3852,0.0732,1788738491.356
14.602,3.4012,4.9945,0.0142,0.3861,0.1174,1788738491.376
14.622,3.4089,4.9947,0.0165,0.3861,0.1174,1788738491.396
14.642,3.4166,4.9948,0.0189,0.3861,0.1174,1788738491.416
14.662,3.4244,4.9950,0.0212,0.3861,0.1174,1788738491.436
14.682,3.4321,4.9951,0.0236,0.3861,0.1174,1788738491.456
14.702,3.4398,4.9953,0.0249,0.3851,0.0656,1788738491.476
14.722,3.4475,4.9955,0.0262,0.3851,0.0656,1788738491.496
14.742,3.4552,4.9958,0.0275,0.3851,0.0656,1788738491.516
14.762,3.4629,4.9960,0.0288,0.3851,0.0656,1788738491.536
14.782,3.4706,4.9962,0.0301,0.3851,0.0656,1788738491.556
14.802,3.4784,4.9964,0.0307,0.3916,0.0303,1788738491.576
14.822,3.4862,4.9967,0.0314,0.3916,0.0303,1788738491.596
14.843,3.4941,4.9969,0.0320,0.3916,0.0303,1788738491.616
14.862,3.5019,4.9972,0.0326,0.3916,0.0303,1788738491.636
14.882,3.5097,4.9975,0.0332,0.3916,0.0303,1788738491.656
14.902,3.5175,4.9977,0.0334,0.3905,0.0113,1788738491.676
14.922,3.5253,4.9980,0.0336,0.3905,0.0113,1788738491.696
14.942,3.5331,4.9982,0.0338,0.3905,0.0113,1788738491.716
14.962,3.5409,4.9985,0.0341,0.3905,0.0113,1788738491.736
14.982,3.5487,4.9988,0.0343,0.3905,0.0113,1788738491.756
15.002,3.5566,4.9991,0.0350,0.3912,0.0327,1788738491.776
15.023,3.5644,4.9993,0.0356,0.3912,0.0327,1788738491.796
15.042,3.5722,4.9996,0.0363,0.3912,0.0327,1788738491.816
15.063,3.5800,4.9999,0.0369,0.3912,0.0327,1788738491.836
15.083,3.5878,5.0002,0.0376,0.3912,0.0327,1788738491.856
15.102,3.5956,5.0005,0.0382,0.3881,0.0336,1788738491.876
15.122,3.6033,5.0008,0.0389,0.3881,0.0336,1788738491.896
15.142,3.6111,5.0011,0.0396,0.3881,0.0336,1788738491.916
15.162,3.6189,5.0014,0.0403,0.3881,0.0336,1788738491.936
15.182,3.6266,5.0017,0.0409,0.3881,0.0336,1788738491.956
15.202,3.6344,5.0021,0.0413,0.3886,0.0196,1788738491.976
15.222,3.6421,5.0024,0.0417,0.3886,0.0196,1788738491.996
15.242,3.6499,5.0027,0.0421,0.3886,0.0196,1788738492.016
15.263,3.6577,5.0030,0.0425,0.3886,0.0196,1788738492.036
15.282,3.6654,5.0034,0.0429,0.3886,0.0196,1788738492.056
15.302,3.6732,5.0037,0.0426,0.3877,-0.0126,1788738492.076
15.323,3.6809,5.0040,0.0424,0.3877,-0.0126,1788738492.096
15.342,3.6887,5.0044,0.0421,0.3877,-0.0126,1788738492.116
15.362,3.6964,5.0047,0.0419,0.3877,-0.0126,1788738492.136
15.382,3.7042,5.0050,0.0416,0.3877,-0.0126,1788738492.156
15.402,3.7120,5.0053,0.0405,0.3920,-0.0562,1788738492.176
15.422,3.7198,5.0056,0.0394,0.3920,-0.0562,1788738492.196
15.443,3.7277,5.0059,0.0383,0.3920,-0.0562,1788738492.216
15.462,3.7355,5.0062,0.0371,0.3920,-0.0562,1788738492.236
15.482,3.7433,5.0065,0.0360,0.3920,-0.0562,1788738492.256
15.502,3.7512,5.0068,0.0343,0.3934,-0.0855,1788738492.276
15.522,3.7591,5.0070,0.0326,0.3934,-0.0855,1788738492.296
15.542,3.7669,5.0073,0.0309,0.3934,-0.0855,1788738492.316
15.562,3.7748,5.0075,0.0292,0.3934,-0.0855,1788738492.336
15.582,3.7827,5.0077,0.0275,0.3934,-0.0855,1788738492.356
15.602,3.7904,5.0079,0.0252,0.3884,-0.1134,1788738492.376
15.623,3.7982,5.0081,0.0229,0.3884,-0.1134,1788738492.396
15.643,3.8060,5.0083,0.0207,0.3884,-0.1134,1788738492.416
15.662,3.8137,5.0084,0.0184,0.3884,-0.1134,1788738492.436
15.682,3.8215,5.0085,0.0161,0.3884,-0.1134,1788738492.456
15.702,3.8293,5.0086,0.0133,0.3913,-0.1403,1788738492.476
15.722,3.8372,5.0087,0.0105,0.3913,-0.1403,1788738492.496
15.742,3.8450,5.0088,0.0077,0.3913,-0.1403,1788738492.516
15.762,3.8528,5.0088,0.0049,0.3913,-0.1403,1788738492.536
15.782,3.8606,5.0088,0.0021,0.3913,-0.1403,1788738492.556
15.802,3.8684,5.0088,-0.0008,0.3876,-0.1459,1788738492.576
15.822,3.8761,5.0088,-0.0037,0.3876,-0.1459,1788738492.596
15.843,3.8839,5.0087,-0.0067,0.3876,-0.1459,1788738492.616
15.863,3.8916,5.0087,-0.0096,0.3876,-0.1459,1788738492.636
15.882,3.8994,5.0086,-0.0125,0.3876,-0.1459,1788738492.656
15.902,3.9072,5.0084,-0.0150,0.3915,-0.1246,1788738492.676
15.922,3.9151,5.0083,-0.0175,0.3915,-0.1246,1788738492.696
15.942,3.9229,5.0082,-0.0200,0.3915,-0.1246,1788738492.716
15.962,3.9307,5.0080,-0.0225,0.3915,-0.1246,1788738492.736
15.982,3.9385,5.0078,-0.0250,0.3915,-0.1246,1788738492.756
16.002,3.9464,5.0076,-0.0270,0.3921,-0.1042,1788738492.776
16.022,3.9542,5.0073,-0.0291,0.3921,-0.1042,1788738492.796
16.042,3.9621,5.0071,-0.0312,0.3921,-0.1042,1788738492.816
16.062,3.9699,5.0068,-0.0333,0.3921,-0.1042,1788738492.836
16.082,3.9777,5.0066,-0.0354,0.3921,-0.1042,1788738492.856
16.102,3.9855,5.0063,-0.0373,0.3888,-0.0962,1788738492.876
16.122,3.9933,5.0060,-0.0392,0.3888,-0.0962,1788738492.896
16.143,4.0010,5.0056,-0.0412,0.3888,-0.0962,1788738492.916
16.162,4.0088,5.0053,-0.0431,0.3888,-0.0962,1788738492.936
16.182,4.0166,5.0050,-0.0450,0.3888,-0.0962,1788738492.956
16.202,4.0243,5.0046,-0.0461,0.3880,-0.0555,1788738492.976
16.222,4.0321,5.0042,-0.0472,0.3880,-0.0555,1788738492.996
16.242,4.0398,5.0039,-0.0483,0.3880,-0.0555,1788738493.016
16.262,4.0476,5.0035,-0.0494,0.3880,-0.0555,1788738493.036
16.282,4.0553,5.0031,-0.0506,0.3880,-0.0555,1788738493.056
16.302,4.0631,5.0027,-0.0504,0.3906,0.0085,1788738493.076
16.323,4.0709,5.0023,-0.0502,0.3906,0.0085,1788738493.096
16.343,4.0787,5.0019,-0.0500,0.3906,0.0085,1788738493.116
16.363,4.0865,5.0015,-0.0499,0.3906,0.0085,1788738493.136
16.382,4.0943,5.0011,-0.0497,0.3906,0.0085,1788738493.156
16.402,4.1021,5.0008,-0.0488,0.3865,0.0427,1788738493.176
16.422,4.1098,5.0004,-0.0480,0.3865,0.0427,1788738493.196
16.442,4.1175,5.0000,-0.0471,0.3865,0.0427,1788738493.216
16.462,4.1252,4.9997,-0.0463,0.3865,0.0427,1788738493.236
16.482,4.1329,4.9993,-0.0454,0.3865,0.0427,1788738493.256
16.502,4.1407,4.9990,-0.0439,0.3885,0.0782,1788738493.276
16.522,4.1485,4.9986,-0.0423,0.3885,0.0782,1788738493.296
16.542,4.1562,4.9983,-0.0407,0.3885,0.0782,1788738493.316
16.562,4.1640,4.9980,-0.0392,0.3885,0.0782,1788738493.336
16.582,4.1718,4.9977,-0.0376,0.3885,0.0782,1788738493.356
16.602,4.1796,4.9974,-0.0363,0.3921,0.0642,1788738493.376
16.622,4.1874,4.9972,-0.0350,0.3921,0.0642,1788738493.396
16.643,4.1953,4.9969,-0.0338,0.3921,0.0642,1788738493.416
16.662,4.2031,4.9966,-0.0325,0.3921,0.0642,1788738493.436
16.682,4.2110,4.9964,-0.0312,0.3921,0.0642,1788738493.456
16.702,4.2187,4.9962,-0.0296,0.3886,0.0775,1788738493.476
16.722,4.2265,4.9960,-0.0281,0.3886,0.0775,1788738493.496
16.742,4.2343,4.9957,-0.0265,0.3886,0.0775,1788738493.516
16.763,4.2420,4.9956,-0.0250,0.3886,0.0775,1788738493.536
16.783,4.2498,4.9954,-0.0234,0.3886,0.0775,1788738493.556
16.802,4.2576,4.9952,-0.0222,0.3912,0.0620,1788738493.576
16.822,4.2654,4.9950,-0.0210,0.3912,0.0620,1788738493.596
16.842,4.2733,4.9949,-0.0197,0.3912,0.0620,1788738493.616
16.862,4.2811,4.9947,-0.0185,0.3912,0.0620,1788738493.636
16.882,4.2889,4.9946,-0.0172,0.3912,0.0620,1788738493.656
16.902,4.2966,4.9945,-0.0160,0.3860,0.0615,1788738493.676
16.922,4.3044,4.9944,-0.0148,0.3860,0.0615,1788738493.696
16.942,4.3121,4.9943,-0.0136,0.3860,0.0615,1788738493.716
16.962,4.3198,4.9942,-0.0123,0.3860,0.0615,1788738493.736
16.982,4.3275,4.9941,-0.0111,0.3860,0.0615,1788738493.756
17.002,4.3353,4.9940,-0.0103,0.3886,0.0390,1788738493.776
17.022,4.3431,4.9939,-0.0095,0.3886,0.0390,1788738493.796
17.042,4.3508,4.9939,-0.0088,0.3886,0.0390,1788738493.816
17.062,4.3586,4.9938,-0.0080,0.3886,0.0390,1788738493.836
17.082,4.3664,4.9937,-0.0072,0.3886,0.0390,1788738493.856
17.102,4.3739,4.9937,-0.0066,0.3773,0.0323,1788738493.876
17.122,4.3815,4.9936,-0.0059,0.3773,0.0323,1788738493.896
17.142,4.3890,4.9936,-0.0053,0.3773,0.0323,1788738493.916
17.162,4.3966,4.9936,-0.0046,0.3773,0.0323,1788738493.936
17.182,4.4041,4.9935,-0.0040,0.3773,0.0323,1788738493.956
17.202,4.4118,4.9935,-0.0035,0.3856,0.0236,1788738493.976
17.222,4.4195,4.9935,-0.0030,0.3856,0.0236,1788738493.996
17.242,4.4272,4.9935,-0.0026,0.3856,0.0236,1788738494.016
17.262,4.4349,4.9935,-0.0021,0.3856,0.0236,1788738494.036
17.282,4.4427,4.9934,-0.0016,0.3856,0.0236,1788738494.056
17.302,4.4505,4.9934,-0.0016,0.3921,0.0021,1788738494.076
17.323,4.4583,4.9934,-0.0015,0.3921,0.0021,1788738494.096
17.343,4.4662,4.9934,-0.0015,0.3921,0.0021,1788738494.116
17.362,4.4740,4.9934,-0.0014,0.3921,0.0021,1788738494.136
17.382,4.4819,4.9934,-0.0014,0.3921,0.0021,1788738494.156
17.402,4.4897,4.9934,-0.0017,0.3896,-0.0147,1788738494.176
17.422,4.4975,4.9934,-0.0020,0.3896,-0.0147,1788738494.196
17.442,4.5052,4.9933,-0.0023,0.3896,-0.0147,1788738494.216
17.462,4.5130,4.9933,-0.0026,0.3896,-0.0147,1788738494.236
17.482,4.5208,4.9933,-0.0029,0.3896,-0.0147,1788738494.256
17.502,4.5287,4.9933,-0.0028,0.3922,0.0056,1788738494.276
17.522,4.5365,4.9932,-0.0027,0.3922,0.0056,1788738494.296
17.543,4.5444,4.9932,-0.0025,0.3922,0.0056,1788738494.316
17.562,4.5522,4.9932,-0.0024,0.3922,0.0056,1788738494.336
17.582,4.5601,4.9932,-0.0023,0.3922,0.0056,1788738494.356
17.602,4.5679,4.9932,-0.0020,0.3912,0.0172,1788738494.376
17.623,4.5757,4.9932,-0.0016,0.3912,0.0172,1788738494.396
17.642,4.5835,4.9932,-0.0013,0.3912,0.0172,1788738494.416
17.662,4.5914,4.9931,-0.0009,0.3912,0.0172,1788738494.436
17.682,4.5992,4.9931,-0.0006,0.3912,0.0172,1788738494.456
17.702,4.6071,4.9932,0.0035,0.3957,0.2028,1788738494.476
17.722,4.6150,4.9932,0.0075,0.3957,0.2028,1788738494.496
17.742,4.6229,4.9933,0.0116,0.3957,0.2028,1788738494.516
17.762,4.6308,4.9934,0.0156,0.3957,0.2028,1788738494.536
17.783,4.6387,4.9936,0.0197,0.3957,0.2028,1788738494.556
17.802,4.6467,4.9938,0.0245,0.3996,0.2395,1788738494.576
17.823,4.6547,4.9940,0.0293,0.3996,0.2395,1788738494.596
17.843,4.6627,4.9943,0.0340,0.3996,0.2395,1788738494.616
17.862,4.6707,4.9946,0.0388,0.3996,0.2395,1788738494.636
17.882,4.6787,4.9950,0.0436,0.3996,0.2395,1788738494.656
17.902,4.6866,4.9954,0.0506,0.3953,0.3474,1788738494.676
17.922,4.6945,4.9958,0.0575,0.3953,0.3474,1788738494.696
17.942,4.7024,4.9963,0.0645,0.3953,0.3474,1788738494.716
17.962,4.7102,4.9969,0.0714,0.3953,0.3474,1788738494.736
17.983,4.7181,4.9975,0.0784,0.3953,0.3474,1788738494.756
18.002,4.7261,4.9982,0.0878,0.3979,0.4716,1788738494.776
18.022,4.7340,4.9990,0.0972,0.3979,0.4716,1788738494.796
18.042,4.7419,4.9998,0.1067,0.3979,0.4716,1788738494.816
18.062,4.7498,5.0007,0.1161,0.3979,0.4716,1788738494.836
18.082,4.7577,5.0017,0.1255,0.3979,0.4716,1788738494.856
18.102,4.7656,5.0029,0.1399,0.3999,0.7201,1788738494.876
18.122,4.7735,5.0041,0.1543,0.3999,0.7201,1788738494.896
18.142,4.7814,5.0054,0.1687,0.3999,0.7201,1788738494.916
18.162,4.7893,5.0069,0.1831,0.3999,0.7201,1788738494.936
18.182,4.7971,5.0085,0.1975,0.3999,0.7201,1788738494.956
18.202,4.8049,5.0101,0.2128,0.3998,0.7626,1788738494.976
18.222,4.8127,5.0120,0.2280,0.3998,0.7626,1788738494.996
18.243,4.8205,5.0139,0.2433,0.3998,0.7626,1788738495.016
18.262,4.8282,5.0159,0.2585,0.3998,0.7626,1788738495.036
18.283,4.8359,5.0181,0.2738,0.3998,0.7626,1788738495.056
18.302,4.8435,5.0204,0.2938,0.3991,0.9994,1788738495.076
18.322,4.8511,5.0229,0.3138,0.3991,0.9994,1788738495.096
18.342,4.8587,5.0255,0.3338,0.3991,0.9994,1788738495.116
18.362,4.8662,5.0282,0.3538,0.3991,0.9994,1788738495.136
18.382,4.8736,5.0312,0.3737,0.3991,0.9994,1788738495.156
18.402,4.8806,5.0341,0.3925,0.3789,0.9400,1788738495.176
18.422,4.8875,5.0371,0.4113,0.3789,0.9400,1788738495.196
18.442,4.8944,5.0402,0.4301,0.3789,0.9400,1788738495.216
18.462,4.9013,5.0435,0.4489,0.3789,0.9400,1788738495.236
18.482,4.9080,5.0470,0.4677,0.3789,0.9400,1788738495.256
18.502,4.9134,5.0498,0.4877,0.3050,1.0000,1788738495.276
18.522,4.9187,5.0528,0.5077,0.3050,1.0000,1788738495.296
18.543,4.9240,5.0558,0.5277,0.3050,1.0000,1788738495.316
18.562,4.9292,5.0590,0.5477,0.3050,1.0000,1788738495.336
18.582,4.9344,5.0623,0.5677,0.3050,1.0000,1788738495.356
18.602,4.9378,5.0646,0.5877,0.2059,1.0000,1788738495.376
18.622,4.9412,5.0669,0.6077,0.2059,1.0000,1788738495.396
18.642,4.9445,5.0694,0.6277,0.2059,1.0000,1788738495.416
18.662,4.9478,5.0718,0.6477,0.2059,1.0000,1788738495.436
18.682,4.9510,5.0744,0.6677,0.2059,1.0000,1788738495.456
18.702,4.9526,5.0757,0.6877,0.1059,1.0000,1788738495.476
18.722,4.9543,5.0771,0.7077,0.1059,1.0000,1788738495.496
18.742,4.9558,5.0785,0.7277,0.1059,1.0000,1788738495.516
18.763,4.9574,5.0800,0.7477,0.1059,1.0000,1788738495.536
18.782,4.9589,5.0814,0.7677,0.1059,1.0000,1788738495.556
18.802,4.9600,5.0825,0.7877,0.0787,1.0000,1788738495.576
18.822,4.9611,5.0837,0.8077,0.0787,1.0000,1788738495.596
18.842,4.9622,5.0848,0.8277,0.0787,1.0000,1788738495.616
18.862,4.9632,5.0860,0.8477,0.0787,1.0000,1788738495.636
18.882,4.9642,5.0872,0.8677,0.0787,1.0000,1788738495.656
18.902,4.9652,5.0884,0.8877,0.0766,1.0000,1788738495.676
18.922,4.9661,5.0896,0.9077,0.0766,1.0000,1788738495.696
18.942,4.9671,5.0908,0.9277,0.0766,1.0000,1788738495.716
18.962,4.9680,5.0921,0.9477,0.0766,1.0000,1788738495.736
18.982,4.9688,5.0933,0.9677,0.0766,1.0000,1788738495.756
19.002,4.9699,5.0950,0.9874,0.1002,0.9839,1788738495.776
19.022,4.9710,5.0967,1.0071,0.1002,0.9839,1788738495.796
19.042,4.9720,5.0984,1.0268,0.1002,0.9839,1788738495.816
19.062,4.9730,5.1002,1.0464,0.1002,0.9839,1788738495.836
19.082,4.9740,5.1019,1.0661,0.1002,0.9839,1788738495.856
19.102,4.9749,5.1036,1.0861,0.0946,1.0000,1788738495.876
19.122,4.9757,5.1053,1.1061,0.0946,1.0000,1788738495.896
19.142,4.9766,5.1070,1.1261,0.0946,1.0000,1788738495.916
19.162,4.9773,5.1087,1.1461,0.0946,1.0000,1788738495.936
19.182,4.9781,5.1105,1.1661,0.0946,1.0000,1788738495.956
19.202,4.9790,5.1127,1.1854,0.1193,0.9641,1788738495.976
19.222,4.9798,5.1149,1.2047,0.1193,0.9641,1788738495.996
19.242,4.9806,5.1171,1.2240,0.1193,0.9641,1788738496.016
19.263,4.9814,5.1194,1.2433,0.1193,0.9641,1788738496.036
19.283,4.9821,5.1217,1.2625,0.1193,0.9641,1788738496.056
19.302,4.9830,5.1244,1.2825,0.1443,1.0000,1788738496.076
19.322,4.9837,5.1272,1.3025,0.1443,1.0000,1788738496.096
19.343,4.9844,5.1300,1.3225,0.1443,1.0000,1788738496.116
19.362,4.9851,5.1328,1.3425,0.1443,1.0000,1788738496.136
19.382,4.9857,5.1356,1.3625,0.1443,1.0000,1788738496.156
19.402,4.9863,5.1390,1.3816,0.1689,0.9530,1788738496.176
19.422,4.9869,5.1423,1.4007,0.1689,0.9530,1788738496.196
19.442,4.9874,5.1456,1.4197,0.1689,0.9530,1788738496.216
19.462,4.9878,5.1490,1.4388,0.1689,0.9530,1788738496.236
19.482,4.9882,5.1523,1.4578,0.1689,0.9530,1788738496.256
19.502,4.9886,5.1562,1.4773,0.1937,0.9755,1788738496.276
19.523,4.9889,5.1601,1.4969,0.1937,0.9755,1788738496.296
19.543,4.9891,5.1639,1.5164,0.1937,0.9755,1788738496.316
19.563,4.9892,5.1678,1.5359,0.1937,0.9755,1788738496.336
19.582,4.9893,5.1717,1.5554,0.1937,0.9755,1788738496.356
19.602,4.9893,5.1760,1.5690,0.2182,0.6787,1788738496.376
19.623,4.9892,5.1804,1.5825,0.2182,0.6787,1788738496.396
19.642,4.9891,5.1848,1.5961,0.2182,0.6787,1788738496.416
19.662,4.9889,5.1891,1.6097,0.2182,0.6787,1788738496.436
19.682,4.9887,5.1935,1.6233,0.2182,0.6787,1788738496.456
19.702,4.9884,5.1982,1.6372,0.2370,0.6996,1788738496.476
19.722,4.9880,5.2029,1.6512,0.2370,0.6996,1788738496.496
19.742,4.9876,5.2076,1.6652,0.2370,0.6996,1788738496.516
19.762,4.9871,5.2124,1.6792,0.2370,0.6996,1788738496.536
19.782,4.9865,5.2171,1.6932,0.2370,0.6996,1788738496.556
19.802,4.9858,5.2223,1.7012,0.2619,0.3997,1788738496.576
19.822,4.9851,5.2274,1.7092,0.2619,0.3997,1788738496.596
19.843,4.9843,5.2326,1.7172,0.2619,0.3997,1788738496.616
19.862,4.9835,5.2378,1.7252,0.2619,0.3997,1788738496.636
19.882,4.9827,5.2430,1.7332,0.2619,0.3997,1788738496.656
19.902,4.9817,5.2486,1.7373,0.2832,0.2039,1788738496.676
19.922,4.9808,5.2541,1.7413,0.2832,0.2039,1788738496.696
19.942,4.9798,5.2597,1.7454,0.2832,0.2039,1788738496.716
19.962,4.9788,5.2653,1.7495,0.2832,0.2039,1788738496.736
19.982,4.9777,5.2709,1.7536,0.2832,0.2039,1788738496.756
20.002,4.9766,5.2769,1.7517,0.3080,-0.0947,1788738496.776
20.022,4.9755,5.2830,1.7498,0.3080,-0.0947,1788738496.796
20.042,4.9745,5.2890,1.7479,0.3080,-0.0947,1788738496.816
20.062,4.9734,5.2951,1.7460,0.3080,-0.0947,1788738496.836
20.082,4.9723,5.3012,1.7441,0.3080,-0.0947,1788738496.856
20.102,4.9712,5.3077,1.7410,0.3330,-0.1553,1788738496.876
20.122,4.9701,5.3143,1.7379,0.3330,-0.1553,1788738496.896
20.142,4.9690,5.3209,1.7348,0.3330,-0.1553,1788738496.916
20.162,4.9679,5.3274,1.7317,0.3330,-0.1553,1788738496.936
20.182,4.9669,5.3340,1.7286,0.3330,-0.1553,1788738496.956
20.202,4.9658,5.3410,1.7196,0.3547,-0.4468,1788738496.976
20.222,4.9648,5.3481,1.7107,0.3547,-0.4468,1788738496.996
20.242,4.9639,5.3551,1.7017,0.3547,-0.4468,1788738497.016
20.262,4.9631,5.3621,1.6928,0.3547,-0.4468,1788738497.036
20.282,4.9623,5.3692,1.6839,0.3547,-0.4468,1788738497.056
20.302,4.9615,5.3765,1.6761,0.3654,-0.3887,1788738497.076
20.322,4.9608,5.3837,1.6683,0.3654,-0.3887,1788738497.096
20.342,4.9601,5.3910,1.6606,0.3654,-0.3887,1788738497.116
20.362,4.9595,5.3983,1.6528,0.3654,-0.3887,1788738497.136
20.382,4.9590,5.4056,1.6450,0.3654,-0.3887,1788738497.156
20.402,4.9585,5.4131,1.6317,0.3778,-0.6633,1788738497.176
20.422,4.9582,5.4207,1.6185,0.3778,-0.6633,1788738497.196
20.442,4.9579,5.4282,1.6052,0.3778,-0.6633,1788738497.216
20.462,4.9577,5.4358,1.5919,0.3778,-0.6633,1788738497.236
20.483,4.9577,5.4433,1.5787,0.3778,-0.6633,1788738497.256
20.502,4.9577,5.4512,1.5700,0.3958,-0.4329,1788738497.276
20.522,4.9578,5.4592,1.5614,0.3958,-0.4329,1788738497.296
20.543,4.9579,5.4671,1.5527,0.3958,-0.4329,1788738497.316
20.562,4.9581,5.4750,1.5440,0.3958,-0.4329,1788738497.336
20.582,4.9584,5.4829,1.5354,0.3958,-0.4329,1788738497.356
20.602,4.9587,5.4909,1.5271,0.3997,-0.4159,1788738497.376
20.623,4.9592,5.4989,1.5187,0.3997,-0.4159,1788738497.396
20.643,4.9596,5.5068,1.5104,0.3997,-0.4159,1788738497.416
20.663,4.9602,5.5148,1.5021,0.3997,-0.4159,1788738497.436
20.683,4.9608,5.5228,1.4938,0.3997,-0.4159,1788738497.456
20.702,4.9613,5.5293,1.4914,0.3255,-0.1178,1788738497.476
20.722,4.9619,5.5358,1.4891,0.3255,-0.1178,1788738497.496
20.742,4.9624,5.5423,1.4867,0.3255,-0.1178,1788738497.516
20.762,4.9630,5.5487,1.4844,0.3255,-0.1178,1788738497.536
20.783,4.9635,5.5552,1.4820,0.3255,-0.1178,1788738497.556
20.802,4.9641,5.5613,1.4837,0.3057,0.0867,1788738497.576
20.823,4.9646,5.5674,1.4855,0.3057,0.0867,1788738497.596
20.842,4.9651,5.5735,1.4872,0.3057,0.0867,1788738497.616
20.862,4.9656,5.5796,1.4890,0.3057,0.0867,1788738497.636
20.882,4.9661,5.5857,1.4907,0.3057,0.0867,1788738497.656
20.902,4.9666,5.5921,1.4937,0.3198,0.1509,1788738497.676
20.922,4.9671,5.5984,1.4967,0.3198,0.1509,1788738497.696
20.942,4.9675,5.6048,1.4997,0.3198,0.1509,1788738497.716
20.962,4.9679,5.6112,1.5028,0.3198,0.1509,1788738497.736
20.982,4.9684,5.6176,1.5058,0.3198,0.1509,1788738497.756
21.002,4.9688,5.6242,1.5064,0.3314,0.0290,1788738497.776
21.022,4.9692,5.6308,1.5069,0.3314,0.0290,1788738497.796
21.042,4.9696,5.6374,1.5075,0.3314,0.0290,1788738497.816
21.063,4.9700,5.6440,1.5081,0.3314,0.0290,1788738497.836
21.082,4.9705,5.6507,1.5087,0.3314,0.0290,1788738497.856
21.102,4.9709,5.6575,1.5103,0.3440,0.0800,1788738497.876
21.122,4.9713,5.6644,1.5119,0.3440,0.0800,1788738497.896
21.142,4.9717,5.6713,1.5135,0.3440,0.0800,1788738497.916
21.162,4.9721,5.6781,1.5151,0.3440,0.0800,1788738497.936
21.182,4.9724,5.6850,1.5167,0.3440,0.0800,1788738497.956
21.202,4.9728,5.6919,1.5170,0.3442,0.0168,1788738497.976
21.222,4.9732,5.6988,1.5173,0.3442,0.0168,1788738497.996
21.242,4.9735,5.7056,1.5177,0.3442,0.0168,1788738498.016
21.262,4.9739,5.7125,1.5180,0.3442,0.0168,1788738498.036
21.282,4.9743,5.7194,1.5184,0.3442,0.0168,1788738498.056
21.302,4.9746,5.7266,1.5205,0.3614,0.1094,1788738498.076
21.322,4.9750,5.7338,1.5227,0.3614,0.1094,1788738498.096
21.342,4.9753,5.7410,1.5249,0.3614,0.1094,1788738498.116
21.362,4.9756,5.7483,1.5271,0.3614,0.1094,1788738498.136
21.382,4.9759,5.7555,1.5293,0.3614,0.1094,1788738498.156
21.402,4.9762,5.7629,1.5282,0.3718,-0.0525,1788738498.176
21.422,4.9766,5.7703,1.5272,0.3718,-0.0525,1788738498.196
21.442,4.9769,5.7778,1.5261,0.3718,-0.0525,1788738498.216
21.462,4.9772,5.7852,1.5251,0.3718,-0.0525,1788738498.236
21.482,4.9776,5.7926,1.5240,0.3718,-0.0525,1788738498.256
21.502,4.9779,5.8000,1.5257,0.3708,0.0813,1788738498.276
21.522,4.9782,5.8074,1.5273,0.3708,0.0813,1788738498.296
21.542,4.9785,5.8149,1.5289,0.3708,0.0813,1788738498.316
21.562,4.9788,5.8223,1.5306,0.3708,0.0813,1788738498.336
21.582,4.9791,5.8297,1.5322,0.3708,0.0813,1788738498.356
21.602,4.9794,5.8368,1.5292,0.3578,-0.1488,1788738498.376
21.623,4.9797,5.8440,1.5262,0.3578,-0.1488,1788738498.396
21.643,4.9801,5.8511,1.5232,0.3578,-0.1488,1788738498.416
21.662,4.9804,5.8583,1.5203,0.3578,-0.1488,1788738498.436
21.683,4.9808,5.8654,1.5173,0.3578,-0.1488,1788738498.456
21.702,4.9812,5.8722,1.5165,0.3421,-0.0420,1788738498.476
21.722,4.9816,5.8791,1.5156,0.3421,-0.0420,1788738498.496
21.742,4.9820,5.8859,1.5148,0.3421,-0.0420,1788738498.516
21.762,4.9823,5.8927,1.5139,0.3421,-0.0420,1788738498.536
21.782,4.9827,5.8996,1.5131,0.3421,-0.0420,1788738498.556
21.802,4.9832,5.9063,1.5101,0.3388,-0.1507,1788738498.576
21.822,4.9836,5.9131,1.5071,0.3388,-0.1507,1788738498.596
21.842,4.9840,5.9199,1.5040,0.3388,-0.1507,1788738498.616
21.862,4.9845,5.9266,1.5010,0.3388,-0.1507,1788738498.636
21.882,4.9850,5.9334,1.4980,0.3388,-0.1507,1788738498.656
21.902,4.9854,5.9395,1.4995,0.3081,0.0722,1788738498.676
21.922,4.9859,5.9457,1.5009,0.3081,0.0722,1788738498.696
21.942,4.9863,5.9518,1.5024,0.3081,0.0722,1788738498.716
21.962,4.9867,5.9580,1.5038,0.3081,0.0722,1788738498.736
21.982,4.9871,5.9641,1.5052,0.3081,0.0722,1788738498.756
22.002,4.9875,5.9701,1.5054,0.3010,0.0058,1788738498.776
22.023,4.9879,5.9761,1.5055,0.3010,0.0058,1788738498.796
22.042,4.9883,5.9821,1.5056,0.3010,0.0058,1788738498.816
22.062,4.9887,5.9881,1.5057,0.3010,0.0058,1788738498.836
22.082,4.9891,5.9942,1.5058,0.3010,0.0058,1788738498.856
22.102,4.9893,5.9989,1.5113,0.2364,0.2761,1788738498.876
22.122,4.9896,6.0036,1.5169,0.2364,0.2761,1788738498.896
22.142,4.9898,6.0083,1.5224,0.2364,0.2761,1788738498.916
22.163,4.9900,6.0130,1.5279,0.2364,0.2761,1788738498.936
22.182,4.9902,6.0178,1.5334,0.2364,0.2761,1788738498.956
22.202,4.9904,6.0225,1.5372,0.2354,0.1869,1788738498.976
22.222,4.9905,6.0272,1.5409,0.2354,0.1869,1788738498.996
22.242,4.9906,6.0319,1.5447,0.2354,0.1869,1788738499.016
22.262,4.9907,6.0366,1.5484,0.2354,0.1869,1788738499.036
22.282,4.9908,6.0413,1.5521,0.2354,0.1869,1788738499.056
22.302,4.9909,6.0464,1.5579,0.2561,0.2896,1788738499.076
22.322,4.9909,6.0515,1.5637,0.2561,0.2896,1788738499.096
22.342,4.9909,6.0567,1.5695,0.2561,0.2896,1788738499.116
22.362,4.9909,6.0618,1.5753,0.2561,0.2896,1788738499.136
22.382,4.9909,6.0669,1.5811,0.2561,0.2896,1788738499.156
22.402,4.9908,6.0703,1.5889,0.1706,0.3926,1788738499.176
22.422,4.9907,6.0737,1.5968,0.1706,0.3926,1788738499.196
22.442,4.9906,6.0771,1.6046,0.1706,0.3926,1788738499.216
22.462,4.9905,6.0805,1.6125,0.1706,0.3926,1788738499.236
22.483,4.9903,6.0839,1.6203,0.1706,0.3926,1788738499.256
22.502,4.9902,6.0854,1.6227,0.0711,0.1155,1788738499.276
22.523,4.9901,6.0868,1.6250,0.0711,0.1155,1788738499.296
22.542,4.9901,6.0882,1.6273,0.0711,0.1155,1788738499.316
22.562,4.9900,6.0896,1.6296,0.0711,0.1155,1788738499.336
22.582,4.9899,6.0911,1.6319,0.0711,0.1155,1788738499.356
22.602,4.9899,6.0911,1.6289,0.0028,-0.1483,1788738499.376
22.622,4.9899,6.0912,1.6260,0.0028,-0.1483,1788738499.396
22.642,4.9899,6.0912,1.6230,0.0028,-0.1483,1788738499.416
22.662,4.9899,6.0913,1.6200,0.0028,-0.1483,1788738499.436
22.682,4.9899,6.0913,1.6171,0.0028,-0.1483,1788738499.456
22.702,4.9899,6.0914,1.6088,0.0016,-0.4129,1788738499.476
22.722,4.9899,6.0914,1.6005,0.0016,-0.4129,1788738499.496
22.742,4.9899,6.0914,1.5923,0.0016,-0.4129,1788738499.516
22.762,4.9899,6.0915,1.5840,0.0016,-0.4129,1788738499.536
22.782,4.9899,6.0915,1.5758,0.0016,-0.4129,1788738499.556
22.802,4.9899,6.0915,1.5626,0.0010,-0.6575,1788738499.576
22.822,4.9899,6.0915,1.5495,0.0010,-0.6575,1788738499.596
22.842,4.9899,6.0916,1.5363,0.0010,-0.6575,1788738499.616
22.862,4.9899,6.0916,1.5232,0.0010,-0.6575,1788738499.636
22.882,4.9899,6.0916,1.5100,0.0010,-0.6575,1788738499.656
22.902,4.9899,6.0916,1.4917,0.0012,-0.9168,1788738499.676
22.922,4.9899,6.0916,1.4733,0.0012,-0.9168,1788738499.696
22.942,4.9899,6.0917,1.4550,0.0012,-0.9168,1788738499.716
22.962,4.9899,6.0917,1.4367,0.0012,-0.9168,1788738499.736
22.982,4.9899,6.0917,1.4183,0.0012,-0.9168,1788738499.756
23.002,4.9899,6.0917,1.3989,0.0011,-0.9725,1788738499.776
23.022,4.9899,6.0918,1.3794,0.0011,-0.9725,1788738499.796
23.042,4.9899,6.0918,1.3600,0.0011,-0.9725,1788738499.816
23.062,4.9899,6.0918,1.3405,0.0011,-0.9725,1788738499.836
23.082,4.9899,6.0918,1.3211,0.0011,-0.9725,1788738499.856
23.102,4.9899,6.0918,1.3018,0.0010,-0.9622,1788738499.876
23.122,4.9899,6.0919,1.2826,0.0010,-0.9622,1788738499.896
23.143,4.9899,6.0919,1.2633,0.0010,-0.9622,1788738499.916
23.162,4.9899,6.0919,1.2441,0.0010,-0.9622,1788738499.936
23.182,4.9899,6.0919,1.2249,0.0010,-0.9622,1788738499.956
23.202,4.9899,6.0919,1.2057,0.0003,-0.9569,1788738499.976
23.222,4.9899,6.0919,1.1866,0.0003,-0.9569,1788738499.996
23.242,4.9899,6.0919,1.1674,0.0003,-0.9569,1788738500.016
23.262,4.9899,6.0919,1.1483,0.0003,-0.9569,1788738500.036
23.282,4.9899,6.0919,1.1292,0.0003,-0.9569,1788738500.056
23.302,4.9900,6.0919,1.1101,0.0006,-0.9549,1788738500.076
23.322,4.9900,6.0920,1.0910,0.0006,-0.9549,1788738500.096
23.342,4.9900,6.0920,1.0719,0.0006,-0.9549,1788738500.116
23.362,4.9900,6.0920,1.0528,0.0006,-0.9549,1788738500.136
23.383,4.9900,6.0920,1.0337,0.0006,-0.9549,1788738500.156
23.402,4.9900,6.0920,1.0146,0.0004,-0.9544,1788738500.176
23.422,4.9900,6.0920,0.9955,0.0004,-0.9544,1788738500.196
23.442,4.9900,6.0920,0.9764,0.0004,-0.9544,1788738500.216
23.462,4.9900,6.0920,0.9573,0.0004,-0.9544,1788738500.236
23.482,4.9900,6.0920,0.9382,0.0004,-0.9544,1788738500.256
23.502,4.9900,6.0920,0.9192,0.0006,-0.9519,1788738500.276
23.522,4.9900,6.0920,0.9002,0.0006,-0.9519,1788738500.296
23.542,4.9900,6.0920,0.8811,0.0006,-0.9519,1788738500.316
23.562,4.9900,6.0921,0.8621,0.0006,-0.9519,1788738500.336
23.582,4.9900,6.0921,0.8430,0.0006,-0.9519,1788738500.356
23.602,4.9900,6.0921,0.8238,0.0000,-0.9608,1788738500.376
23.622,4.9900,6.0921,0.8046,0.0000,-0.9608,1788738500.396
23.642,4.9900,6.0921,0.7854,0.0000,-0.9608,1788738500.416
23.663,4.9900,6.0921,0.7662,0.0000,-0.9608,1788738500.436
23.683,4.9900,6.0921,0.7470,0.0000,-0.9608,1788738500.456
23.702,4.9900,6.0921,0.7277,0.0001,-0.9628,1788738500.476
23.722,4.9900,6.0921,0.7084,0.0001,-0.9628,1788738500.496
23.742,4.9900,6.0921,0.6892,0.0001,-0.9628,1788738500.516
23.762,4.9900,6.0921,0.6699,0.0001,-0.9628,1788738500.536
23.782,4.9900,6.0921,0.6507,0.0001,-0.9628,1788738500.556
23.802,4.9900,6.0921,0.6316,0.0000,-0.9548,1788738500.576
23.822,4.9900,6.0921,0.6125,0.0000,-0.9548,1788738500.596
23.842,4.9900,6.0921,0.5934,0.0000,-0.9548,1788738500.616
23.862,4.9900,6.0921,0.5743,0.0000,-0.9548,1788738500.636
23.883,4.9900,6.0921,0.5552,0.0000,-0.9548,1788738500.656
23.902,4.9901,6.0921,0.5358,0.0004,-0.9693,1788738500.676
23.922,4.9901,6.0921,0.5164,0.0004,-0.9693,1788738500.696
23.942,4.9901,6.0921,0.4970,0.0004,-0.9693,1788738500.716
23.963,4.9901,6.0921,0.4777,0.0004,-0.9693,1788738500.736
23.983,4.9901,6.0921,0.4583,0.0004,-0.9693,1788738500.756
24.002,4.9901,6.0921,0.4389,0.0005,-0.9683,1788738500.776
24.022,4.9901,6.0921,0.4195,0.0005,-0.9683,1788738500.796
24.042,4.9901,6.0921,0.4002,0.0005,-0.9683,1788738500.816
24.062,4.9901,6.0921,0.3808,0.0005,-0.9683,1788738500.836
24.082,4.9901,6.0921,0.3614,0.0005,-0.9683,1788738500.856
24.102,4.9901,6.0921,0.3422,0.0004,-0.9618,1788738500.876
24.122,4.9901,6.0921,0.3230,0.0004,-0.9618,1788738500.896
24.142,4.9902,6.0921,0.3037,0.0004,-0.9618,1788738500.916
24.162,4.9902,6.0921,0.2845,0.0004,-0.9618,1788738500.936
24.182,4.9902,6.0921,0.2653,0.0004,-0.9618,1788738500.956
24.202,4.9902,6.0921,0.2457,0.0003,-0.9803,1788738500.976
24.222,4.9902,6.0921,0.2260,0.0003,-0.9803,1788738500.996
24.242,4.9902,6.0921,0.2064,0.0003,-0.9803,1788738501.016
24.262,4.9902,6.0921,0.1868,0.0003,-0.9803,1788738501.036
24.282,4.9902,6.0921,0.1672,0.0003,-0.9803,1788738501.056
24.302,4.9902,6.0921,0.1475,0.0002,-0.9851,1788738501.076
24.322,4.9902,6.0921,0.1278,0.0002,-0.9851,1788738501.096
24.342,4.9902,6.0921,0.1081,0.0002,-0.9851,1788738501.116
24.362,4.9902,6.0921,0.0884,0.0002,-0.9851,1788738501.136
24.383,4.9902,6.0921,0.0687,0.0002,-0.9851,1788738501.156
24.402,4.9902,6.0921,0.0496,0.0013,-0.9537,1788738501.176
24.422,4.9903,6.0921,0.0306,0.0013,-0.9537,1788738501.196
24.442,4.9903,6.0921,0.0115,0.0013,-0.9537,1788738501.216
24.462,4.9903,6.0921,-0.0076,0.0013,-0.9537,1788738501.236
24.483,4.9903,6.0921,-0.0266,0.0013,-0.9537,1788738501.256
24.502,4.9909,6.0921,-0.0463,0.0256,-0.9836,1788738501.276
24.522,4.9914,6.0921,-0.0660,0.0256,-0.9836,1788738501.296
24.542,4.9919,6.0920,-0.0857,0.0256,-0.9836,1788738501.316
24.563,4.9924,6.0920,-0.1053,0.0256,-0.9836,1788738501.336
24.582,4.9929,6.0919,-0.1250,0.0256,-0.9836,1788738501.356
24.602,4.9938,6.0918,-0.1448,0.0477,-0.9890,1788738501.376
24.622,4.9948,6.0916,-0.1646,0.0477,-0.9890,1788738501.396
24.642,4.9957,6.0915,-0.1843,0.0477,-0.9890,1788738501.416
24.662,4.9966,6.0913,-0.2041,0.0477,-0.9890,1788738501.436
24.682,4.9976,6.0910,-0.2239,0.0477,-0.9890,1788738501.456
24.702,4.9990,6.0907,-0.2413,0.0723,-0.8711,1788738501.476
24.722,5.0004,6.0903,-0.2587,0.0723,-0.8711,1788738501.496
24.743,5.0018,6.0899,-0.2762,0.0723,-0.8711,1788738501.516
24.763,5.0032,6.0895,-0.2936,0.0723,-0.8711,1788738501.536
24.783,5.0045,6.0891,-0.3110,0.0723,-0.8711,1788738501.556
24.802,5.0063,6.0885,-0.3257,0.0954,-0.7365,1788738501.576
24.822,5.0081,6.0878,-0.3405,0.0954,-0.7365,1788738501.596
24.842,5.0099,6.0872,-0.3552,0.0954,-0.7365,1788738501.616
24.862,5.0117,6.0865,-0.3699,0.0954,-0.7365,1788738501.636
24.882,5.0135,6.0858,-0.3847,0.0954,-0.7365,1788738501.656
24.902,5.0156,6.0849,-0.3979,0.1169,-0.6625,1788738501.676
24.922,5.0178,6.0839,-0.4112,0.1169,-0.6625,1788738501.696
24.942,5.0199,6.0830,-0.4244,0.1169,-0.6625,1788738501.716
24.963,5.0220,6.0820,-0.4377,0.1169,-0.6625,1788738501.736
24.982,5.0241,6.0809,-0.4509,0.1169,-0.6625,1788738501.756
25.002,5.0266,6.0797,-0.4621,0.1409,-0.5597,1788738501.776
25.022,5.0292,6.0784,-0.4733,0.1409,-0.5597,1788738501.796
25.042,5.0317,6.0771,-0.4845,0.1409,-0.5597,1788738501.816
25.062,5.0341,6.0757,-0.4957,0.1409,-0.5597,1788738501.836
25.082,5.0366,6.0744,-0.5069,0.1409,-0.5597,1788738501.856
25.102,5.0395,6.0728,-0.5172,0.1644,-0.5160,1788738501.876
25.122,5.0423,6.0711,-0.5275,0.1644,-0.5160,1788738501.896
25.143,5.0451,6.0694,-0.5379,0.1644,-0.5160,1788738501.916
25.163,5.0479,6.0677,-0.5482,0.1644,-0.5160,1788738501.936
25.182,5.0507,6.0660,-0.5585,0.1644,-0.5160,1788738501.956
25.202,5.0539,6.0640,-0.5672,0.1872,-0.4364,1788738501.976
25.222,5.0570,6.0619,-0.5759,0.1872,-0.4364,1788738501.996
25.242,5.0601,6.0598,-0.5847,0.1872,-0.4364,1788738502.016
25.262,5.0632,6.0578,-0.5934,0.1872,-0.4364,1788738502.036
25.282,5.0663,6.0556,-0.6021,0.1872,-0.4364,1788738502.056
25.302,5.0698,6.0532,-0.6078,0.2093,-0.2832,1788738502.076
25.322,5.0732,6.0508,-0.6135,0.2093,-0.2832,1788738502.096
25.342,5.0766,6.0484,-0.6191,0.2093,-0.2832,1788738502.116
25.362,5.0800,6.0460,-0.6248,0.2093,-0.2832,1788738502.136
25.382,5.0834,6.0435,-0.6305,0.2093,-0.2832,1788738502.156
25.402,5.0871,6.0408,-0.6330,0.2302,-0.1253,1788738502.176
25.422,5.0908,6.0380,-0.6355,0.2302,-0.1253,1788738502.196
25.442,5.0945,6.0353,-0.6380,0.2302,-0.1253,1788738502.216
25.463,5.0982,6.0325,-0.6405,0.2302,-0.1253,1788738502.236
25.483,5.1018,6.0298,-0.6430,0.2302,-0.1253,1788738502.256
25.502,5.1059,6.0267,-0.6442,0.2523,-0.0604,1788738502.276
25.522,5.1099,6.0237,-0.6454,0.2523,-0.0604,1788738502.296
25.542,5.1139,6.0207,-0.6466,0.2523,-0.0604,1788738502.316
25.562,5.1180,6.0176,-0.6478,0.2523,-0.0604,1788738502.336
25.582,5.1220,6.0146,-0.6490,0.2523,-0.0604,1788738502.356
25.602,5.1264,6.0113,-0.6496,0.2743,-0.0273,1788738502.376
25.622,5.1307,6.0079,-0.6501,0.2743,-0.0273,1788738502.396
25.642,5.1351,6.0046,-0.6507,0.2743,-0.0273,1788738502.416
25.663,5.1395,6.0013,-0.6512,0.2743,-0.0273,1788738502.436
25.682,5.1438,5.9980,-0.6518,0.2743,-0.0273,1788738502.456
25.702,5.1485,5.9944,-0.6521,0.2964,-0.0184,1788738502.476
25.722,5.1532,5.9908,-0.6525,0.2964,-0.0184,1788738502.496
25.742,5.1579,5.9872,-0.6529,0.2964,-0.0184,1788738502.516
25.762,5.1627,5.9836,-0.6532,0.2964,-0.0184,1788738502.536
25.782,5.1674,5.9800,-0.6536,0.2964,-0.0184,1788738502.556
25.802,5.1724,5.9761,-0.6535,0.3194,0.0055,1788738502.576
25.822,5.1775,5.9722,-0.6534,0.3194,0.0055,1788738502.596
25.843,5.1826,5.9683,-0.6533,0.3194,0.0055,1788738502.616
25.862,5.1877,5.9644,-0.6532,0.3194,0.0055,1788738502.636
25.882,5.1927,5.9605,-0.6530,0.3194,0.0055,1788738502.656
25.902,5.1981,5.9564,-0.6528,0.3389,0.0127,1788738502.676
25.922,5.2035,5.9523,-0.6525,0.3389,0.0127,1788738502.696
25.942,5.2089,5.9482,-0.6523,0.3389,0.0127,1788738502.716
25.962,5.2143,5.9441,-0.6520,0.3389,0.0127,1788738502.736
25.982,5.2197,5.9400,-0.6518,0.3389,0.0127,1788738502.756
26.002,5.2254,5.9356,-0.6518,0.3601,-0.0000,1788738502.776
26.022,5.2311,5.9312,-0.6518,0.3601,-0.0000,1788738502.796
26.042,5.2368,5.9269,-0.6518,0.3601,-0.0000,1788738502.816
26.062,5.2426,5.9225,-0.6518,0.3601,-0.0000,1788738502.836
26.082,5.2483,5.9181,-0.6518,0.3601,-0.0000,1788738502.856
26.102,5.2543,5.9135,-0.6518,0.3811,-0.0013,1788738502.876
26.122,5.2604,5.9089,-0.6518,0.3811,-0.0013,1788738502.896
26.142,5.2665,5.9043,-0.6519,0.3811,-0.0013,1788738502.916
26.162,5.2725,5.8996,-0.6519,0.3811,-0.0013,1788738502.936
26.182,5.2786,5.8950,-0.6519,0.3811,-0.0013,1788738502.956
26.202,5.2849,5.8902,-0.6511,0.3966,0.0396,1788738502.976
26.222,5.2912,5.8854,-0.6503,0.3966,0.0396,1788738502.996
26.242,5.2975,5.8806,-0.6495,0.3966,0.0396,1788738503.016
26.262,5.3038,5.8758,-0.6487,0.3966,0.0396,1788738503.036
26.282,5.3102,5.8710,-0.6479,0.3966,0.0396,1788738503.056
26.302,5.3165,5.8662,-0.6479,0.3968,0.0018,1788738503.076
26.323,5.3228,5.8614,-0.6479,0.3968,0.0018,1788738503.096
26.342,5.3291,5.8567,-0.6478,0.3968,0.0018,1788738503.116
26.362,5.3355,5.8519,-0.6478,0.3968,0.0018,1788738503.136
26.382,5.3418,5.8471,-0.6478,0.3968,0.0018,1788738503.156
26.402,5.3481,5.8423,-0.6469,0.3969,0.0440,1788738503.176
26.422,5.3545,5.8375,-0.6460,0.3969,0.0440,1788738503.196
26.442,5.3608,5.8327,-0.6451,0.3969,0.0440,1788738503.216
26.462,5.3672,5.8280,-0.6442,0.3969,0.0440,1788738503.236
26.482,5.3735,5.8232,-0.6434,0.3969,0.0440,1788738503.256
26.502,5.3799,5.8185,-0.6425,0.3960,0.0418,1788738503.276
26.522,5.3862,5.8137,-0.6417,0.3960,0.0418,1788738503.296
26.542,5.3925,5.8090,-0.6409,0.3960,0.0418,1788738503.316
26.562,5.3989,5.8043,-0.6400,0.3960,0.0418,1788738503.336
26.582,5.4053,5.7995,-0.6392,0.3960,0.0418,1788738503.356
26.602,5.4116,5.7948,-0.6384,0.3968,0.0376,1788738503.376
26.622,5.4180,5.7901,-0.6377,0.3968,0.0376,1788738503.396
26.642,5.4244,5.7854,-0.6369,0.3968,0.0376,1788738503.416
26.662,5.4308,5.7807,-0.6362,0.3968,0.0376,1788738503.436
26.683,5.4371,5.7759,-0.6354,0.3968,0.0376,1788738503.456
26.702,5.4435,5.7712,-0.6350,0.3964,0.0200,1788738503.476
26.722,5.4499,5.7665,-0.6346,0.3964,0.0200,1788738503.496
26.742,5.4563,5.7618,-0.6342,0.3964,0.0200,1788738503.516
26.762,5.4627,5.7571,-0.6338,0.3964,0.0200,1788738503.536
26.782,5.4691,5.7525,-0.6334,0.3964,0.0200,1788738503.556
26.802,5.4755,5.7478,-0.6323,0.3967,0.0538,1788738503.576
26.823,5.4819,5.7431,-0.6313,0.3967,0.0538,1788738503.596
26.843,5.4883,5.7384,-0.6302,0.3967,0.0538,1788738503.616
26.863,5.4947,5.7337,-0.6291,0.3967,0.0538,1788738503.636
26.882,5.5011,5.7291,-0.6280,0.3967,0.0538,1788738503.656
26.902,5.5075,5.7244,-0.6256,0.3954,0.1205,1788738503.676
26.922,5.5140,5.7198,-0.6232,0.3954,0.1205,1788738503.696
26.942,5.5204,5.7152,-0.6208,0.3954,0.1205,1788738503.716
26.962,5.5268,5.7106,-0.6184,0.3954,0.1205,1788738503.736
26.983,5.5333,5.7061,-0.6160,0.3954,0.1205,1788738503.756
27.002,5.5397,5.7015,-0.6130,0.3943,0.1490,1788738503.776
27.022,5.5462,5.6970,-0.6100,0.3943,0.1490,1788738503.796
27.042,5.5527,5.6925,-0.6071,0.3943,0.1490,1788738503.816
27.062,5.5592,5.6880,-0.6041,0.3943,0.1490,1788738503.836
27.082,5.5657,5.6836,-0.6011,0.3943,0.1490,1788738503.856
27.102,5.5722,5.6791,-0.5984,0.3951,0.1333,1788738503.876
27.122,5.5787,5.6747,-0.5958,0.3951,0.1333,1788738503.896
27.142,5.5853,5.6703,-0.5931,0.3951,0.1333,1788738503.916
27.162,5.5919,5.6659,-0.5904,0.3951,0.1333,1788738503.936
27.182,5.5984,5.6615,-0.5878,0.3951,0.1333,1788738503.956
27.202,5.6051,5.6571,-0.5857,0.3968,0.1058,1788738503.976
27.222,5.6117,5.6527,-0.5835,0.3968,0.1058,1788738503.996
27.242,5.6183,5.6484,-0.5814,0.3968,0.1058,1788738504.016
27.262,5.6249,5.6440,-0.5793,0.3968,0.1058,1788738504.036
27.282,5.6316,5.6397,-0.5772,0.3968,0.1058,1788738504.056
27.302,5.6382,5.6354,-0.5753,0.3962,0.0953,1788738504.076
27.322,5.6449,5.6311,-0.5734,0.3962,0.0953,1788738504.096
27.342,5.6516,5.6268,-0.5715,0.3962,0.0953,1788738504.116
27.362,5.6582,5.6225,-0.5696,0.3962,0.0953,1788738504.136
27.383,5.6649,5.6183,-0.5677,0.3962,0.0953,1788738504.156
27.402,5.6716,5.6140,-0.5645,0.3956,0.1600,1788738504.176
27.422,5.6783,5.6098,-0.5613,0.3956,0.1600,1788738504.196
27.443,5.6850,5.6056,-0.5581,0.3956,0.1600,1788738504.216
27.463,5.6917,5.6015,-0.5549,0.3956,0.1600,1788738504.236
27.482,5.6985,5.5973,-0.5517,0.3956,0.1600,1788738504.256
27.502,5.7052,5.5932,-0.5482,0.3957,0.1745,1788738504.276
27.523,5.7120,5.5891,-0.5447,0.3957,0.1745,1788738504.296
27.542,5.7188,5.5850,-0.5412,0.3957,0.1745,1788738504.316
27.562,5.7256,5.5810,-0.5377,0.3957,0.1745,1788738504.336
27.582,5.7324,5.5769,-0.5342,0.3957,0.1745,1788738504.356
27.602,5.7392,5.5730,-0.5309,0.3937,0.1669,1788738504.376
27.623,5.7460,5.5690,-0.5275,0.3937,0.1669,1788738504.396
27.643,5.7528,5.5651,-0.5242,0.3937,0.1669,1788738504.416
27.662,5.7596,5.5611,-0.5209,0.3937,0.1669,1788738504.436
27.682,5.7665,5.5572,-0.5175,0.3937,0.1669,1788738504.456
27.702,5.7734,5.5533,-0.5153,0.3976,0.1109,1788738504.476
27.722,5.7803,5.5494,-0.5131,0.3976,0.1109,1788738504.496
27.742,5.7873,5.5455,-0.5109,0.3976,0.1109,1788738504.516
27.762,5.7942,5.5417,-0.5086,0.3976,0.1109,1788738504.536
27.782,5.8012,5.5378,-0.5064,0.3976,0.1109,1788738504.556
27.802,5.8081,5.5340,-0.5054,0.3957,0.0530,1788738504.576
27.822,5.8150,5.5301,-0.5043,0.3957,0.0530,1788738504.596
27.842,5.8220,5.5263,-0.5032,0.3957,0.0530,1788738504.616
27.863,5.8289,5.5225,-0.5022,0.3957,0.0530,1788738504.636
27.883,5.8358,5.5187,-0.5011,0.3957,0.0530,1788738504.656
27.902,5.8428,5.5149,-0.4997,0.3974,0.0696,1788738504.676
27.922,5.8498,5.5111,-0.4983,0.3974,0.0696,1788738504.696
27.942,5.8568,5.5073,-0.4969,0.3974,0.0696,1788738504.716
27.962,5.8638,5.5035,-0.4956,0.3974,0.0696,1788738504.736
27.982,5.8708,5.4998,-0.4942,0.3974,0.0696,1788738504.756
28.002,5.8777,5.4960,-0.4923,0.3948,0.0911,1788738504.776
28.022,5.8847,5.4923,-0.4905,0.3948,0.0911,1788738504.796
28.042,5.8917,5.4886,-0.4887,0.3948,0.0911,1788738504.816
28.062,5.8986,5.4849,-0.4869,0.3948,0.0911,1788738504.836
28.082,5.9056,5.4812,-0.4851,0.3948,0.0911,1788738504.856
28.102,5.9126,5.4776,-0.4841,0.3924,0.0501,1788738504.876
28.122,5.9195,5.4739,-0.4830,0.3924,0.0501,1788738504.896
28.143,5.9265,5.4703,-0.4820,0.3924,0.0501,1788738504.916
28.162,5.9334,5.4667,-0.4810,0.3924,0.0501,1788738504.936
28.182,5.9404,5.4630,-0.4800,0.3924,0.0501,1788738504.956
28.202,5.9473,5.4594,-0.4788,0.3907,0.0641,1788738504.976
28.222,5.9543,5.4559,-0.4775,0.3907,0.0641,1788738504.996
28.242,5.9612,5.4523,-0.4762,0.3907,0.0641,1788738505.016
28.262,5.9682,5.4487,-0.4749,0.3907,0.0641,1788738505.036
28.282,5.9751,5.4451,-0.4736,0.3907,0.0641,1788738505.056
28.302,5.9822,5.4415,-0.4722,0.3958,0.0695,1788738505.076
28.322,5.9892,5.4379,-0.4709,0.3958,0.0695,1788738505.096
28.342,5.9963,5.4344,-0.4695,0.3958,0.0695,1788738505.116
28.362,6.0033,5.4308,-0.4681,0.3958,0.0695,1788738505.136
28.383,6.0104,5.4272,-0.4667,0.3958,0.0695,1788738505.156
28.402,6.0175,5.4237,-0.4647,0.3945,0.0969,1788738505.176
28.422,6.0245,5.4202,-0.4628,0.3945,0.0969,1788738505.196
28.442,6.0316,5.4167,-0.4609,0.3945,0.0969,1788738505.216
28.462,6.0387,5.4132,-0.4589,0.3945,0.0969,1788738505.236
28.482,6.0457,5.4097,-0.4570,0.3945,0.0969,1788738505.256
28.502,6.0529,5.4062,-0.4553,0.3955,0.0869,1788738505.276
28.522,6.0600,5.4027,-0.4535,0.3955,0.0869,1788738505.296
28.542,6.0671,5.3993,-0.4518,0.3955,0.0869,1788738505.316
28.562,6.0742,5.3958,-0.4500,0.3955,0.0869,1788738505.336
28.582,6.0813,5.3924,-0.4483,0.3955,0.0869,1788738505.356
28.602,6.0884,5.3890,-0.4464,0.3928,0.0930,1788738505.376
28.623,6.0955,5.3856,-0.4446,0.3928,0.0930,1788738505.396
28.642,6.1026,5.3823,-0.4427,0.3928,0.0930,1788738505.416
28.662,6.1097,5.3789,-0.4409,0.3928,0.0930,1788738505.436
28.682,6.1168,5.3756,-0.4390,0.3928,0.0930,1788738505.456
28.702,6.1240,5.3722,-0.4372,0.3960,0.0886,1788738505.476
28.722,6.1312,5.3689,-0.4355,0.3960,0.0886,1788738505.496
28.742,6.1384,5.3656,-0.4337,0.3960,0.0886,1788738505.516
28.762,6.1456,5.3622,-0.4319,0.3960,0.0886,1788738505.536
28.782,6.1528,5.3589,-0.4301,0.3960,0.0886,1788738505.556
28.802,6.1600,5.3557,-0.4280,0.3955,0.1076,1788738505.576
28.822,6.1672,5.3524,-0.4258,0.3955,0.1076,1788738505.596
28.842,6.1744,5.3491,-0.4237,0.3955,0.1076,1788738505.616
28.862,6.1816,5.3459,-0.4215,0.3955,0.1076,1788738505.636
28.882,6.1888,5.3427,-0.4194,0.3955,0.1076,1788738505.656
28.902,6.1959,5.3395,-0.4169,0.3884,0.1236,1788738505.676
28.922,6.2030,5.3364,-0.4144,0.3884,0.1236,1788738505.696
28.942,6.2101,5.3333,-0.4120,0.3884,0.1236,1788738505.716
28.962,6.2173,5.3302,-0.4095,0.3884,0.1236,1788738505.736
28.982,6.2244,5.3271,-0.4070,0.3884,0.1236,1788738505.756
29.002,6.2317,5.3240,-0.4044,0.3965,0.1310,1788738505.776
29.022,6.2390,5.3209,-0.4018,0.3965,0.1310,1788738505.796
29.042,6.2463,5.3178,-0.3992,0.3965,0.1310,1788738505.816
29.062,6.2536,5.3148,-0.3966,0.3965,0.1310,1788738505.836
29.082,6.2609,5.3117,-0.3939,0.3965,0.1310,1788738505.856
29.102,6.2682,5.3087,-0.3919,0.3916,0.1014,1788738505.876
29.122,6.2754,5.3058,-0.3899,0.3916,0.1014,1788738505.896
29.142,6.2827,5.3028,-0.3879,0.3916,0.1014,1788738505.916
29.162,6.2899,5.2998,-0.3858,0.3916,0.1014,1788738505.936
29.182,6.2972,5.2969,-0.3838,0.3916,0.1014,1788738505.956
29.202,6.3045,5.2940,-0.3821,0.3935,0.0861,1788738505.976
29.222,6.3118,5.2911,-0.3803,0.3935,0.0861,1788738505.996
29.242,6.3191,5.2881,-0.3786,0.3935,0.0861,1788738506.016
29.262,6.3264,5.2852,-0.3769,0.3935,0.0861,1788738506.036
29.282,6.3338,5.2824,-0.3752,0.3935,0.0861,1788738506.056
29.302,6.3410,5.2795,-0.3731,0.3902,0.1057,1788738506.076
29.322,6.3483,5.2767,-0.3710,0.3902,0.1057,1788738506.096
29.342,6.3556,5.2739,-0.3688,0.3902,0.1057,1788738506.116
29.363,6.3629,5.2711,-0.3667,0.3902,0.1057,1788738506.136
29.383,6.3702,5.2683,-0.3646,0.3902,0.1057,1788738506.156
29.402,6.3774,5.2656,-0.3620,0.3870,0.1323,1788738506.176
29.423,6.3846,5.2628,-0.3593,0.3870,0.1323,1788738506.196
29.443,6.3919,5.2601,-0.3567,0.3870,0.1323,1788738506.216
29.463,6.3991,5.2574,-0.3540,0.3870,0.1323,1788738506.236
29.482,6.4064,5.2548,-0.3514,0.3870,0.1323,1788738506.256
29.502,6.4138,5.2521,-0.3481,0.3930,0.1648,1788738506.276
29.523,6.4212,5.2494,-0.3448,0.3930,0.1648,1788738506.296
29.543,6.4286,5.2468,-0.3415,0.3930,0.1648,1788738506.316
29.562,6.4360,5.2442,-0.3382,0.3930,0.1648,1788738506.336
29.582,6.4434,5.2416,-0.3349,0.3930,0.1648,1788738506.356
29.602,6.4509,5.2391,-0.3309,0.3922,0.2003,1788738506.376
29.622,6.4583,5.2366,-0.3269,0.3922,0.2003,1788738506.396
29.642,6.4657,5.2341,-0.3229,0.3922,0.2003,1788738506.416
29.662,6.4732,5.2316,-0.3189,0.3922,0.2003,1788738506.436
29.682,6.4806,5.2292,-0.3149,0.3922,0.2003,1788738506.456
29.702,6.4881,5.2268,-0.3114,0.3918,0.1719,1788738506.476
29.722,6.4956,5.2244,-0.3080,0.3918,0.1719,1788738506.496
29.743,6.5030,5.2221,-0.3046,0.3918,0.1719,1788738506.516
29.762,6.5105,5.2197,-0.3011,0.3918,0.1719,1788738506.536
29.783,6.5180,5.2174,-0.2977,0.3918,0.1719,1788738506.556
29.802,6.5255,5.2151,-0.2943,0.3940,0.1671,1788738506.576
29.822,6.5331,5.2129,-0.2910,0.3940,0.1671,1788738506.596
29.842,6.5407,5.2106,-0.2877,0.3940,0.1671,1788738506.616
29.862,6.5482,5.2084,-0.2843,0.3940,0.1671,1788738506.636
29.882,6.5558,5.2063,-0.2810,0.3940,0.1671,1788738506.656
29.902,6.5633,5.2041,-0.2775,0.3927,0.1757,1788738506.676
29.922,6.5709,5.2020,-0.2739,0.3927,0.1757,1788738506.696
29.942,6.5785,5.1999,-0.2704,0.3927,0.1757,1788738506.716
29.962,6.5860,5.1978,-0.2669,0.3927,0.1757,1788738506.736
29.982,6.5936,5.1958,-0.2634,0.3927,0.1757,1788738506.756
30.002,6.6011,5.1938,-0.2602,0.3880,0.1617,1788738506.776
30.022,6.6086,5.1918,-0.2569,0.3880,0.1617,1788738506.796
30.042,6.6161,5.1898,-0.2537,0.3880,0.1617,1788738506.816
30.062,6.6237,5.1879,-0.2505,0.3880,0.1617,1788738506.836
30.082,6.6312,5.1860,-0.2472,0.3880,0.1617,1788738506.856
30.102,6.6388,5.1841,-0.2438,0.3946,0.1703,1788738506.876
30.122,6.6465,5.1822,-0.2404,0.3946,0.1703,1788738506.896
30.142,6.6542,5.1804,-0.2370,0.3946,0.1703,1788738506.916
30.162,6.6619,5.1786,-0.2336,0.3946,0.1703,1788738506.936
30.183,6.6695,5.1768,-0.2302,0.3946,0.1703,1788738506.956
30.202,6.6772,5.1750,-0.2281,0.3922,0.1065,1788738506.976
30.222,6.6848,5.1732,-0.2259,0.3922,0.1065,1788738506.996
30.242,6.6925,5.1715,-0.2238,0.3922,0.1065,1788738507.016
30.262,6.7001,5.1698,-0.2217,0.3922,0.1065,1788738507.036
30.282,6.7078,5.1681,-0.2196,0.3922,0.1065,1788738507.056
30.302,6.7154,5.1664,-0.2173,0.3900,0.1136,1788738507.076
30.322,6.7230,5.1647,-0.2150,0.3900,0.1136,1788738507.096
30.342,6.7306,5.1631,-0.2127,0.3900,0.1136,1788738507.116
30.362,6.7383,5.1614,-0.2105,0.3900,0.1136,1788738507.136
30.382,6.7459,5.1598,-0.2082,0.3900,0.1136,1788738507.156
30.402,6.7536,5.1582,-0.2072,0.3936,0.0519,1788738507.176
30.422,6.7613,5.1566,-0.2061,0.3936,0.0519,1788738507.196
30.442,6.7690,5.1550,-0.2051,0.3936,0.0519,1788738507.216
30.462,6.7767,5.1534,-0.2040,0.3936,0.0519,1788738507.236
30.482,6.7844,5.1518,-0.2030,0.3936,0.0519,1788738507.256
30.502,6.7921,5.1502,-0.2028,0.3904,0.0103,1788738507.276
30.522,6.7997,5.1487,-0.2026,0.3904,0.0103,1788738507.296
30.542,6.8074,5.1471,-0.2024,0.3904,0.0103,1788738507.316
30.562,6.8150,5.1455,-0.2022,0.3904,0.0103,1788738507.336
30.582,6.8227,5.1440,-0.2020,0.3904,0.0103,1788738507.356
30.602,6.8304,5.1424,-0.2025,0.3945,-0.0262,1788738507.376
30.622,6.8381,5.1408,-0.2030,0.3945,-0.0262,1788738507.396
30.642,6.8459,5.1392,-0.2035,0.3945,-0.0262,1788738507.416
30.663,6.8536,5.1376,-0.2041,0.3945,-0.0262,1788738507.436
30.682,6.8613,5.1360,-0.2046,0.3945,-0.0262,1788738507.456
30.702,6.8690,5.1344,-0.2052,0.3946,-0.0292,1788738507.476
30.722,6.8768,5.1328,-0.2058,0.3946,-0.0292,1788738507.496
30.743,6.8845,5.1311,-0.2063,0.3946,-0.0292,1788738507.516
30.762,6.8922,5.1295,-0.2069,0.3946,-0.0292,1788738507.536
30.782,6.8999,5.1279,-0.2075,0.3946,-0.0292,1788738507.556
30.802,6.9077,5.1263,-0.2074,0.3949,0.0065,1788738507.576
30.822,6.9154,5.1246,-0.2073,0.3949,0.0065,1788738507.596
30.842,6.9231,5.1230,-0.2071,0.3949,0.0065,1788738507.616
30.862,6.9309,5.1214,-0.2070,0.3949,0.0065,1788738507.636
30.883,6.9386,5.1198,-0.2069,0.3949,0.0065,1788738507.656
30.902,6.9463,5.1182,-0.2057,0.3918,0.0605,1788738507.676
30.923,6.9539,5.1166,-0.2044,0.3918,0.0605,1788738507.696
30.943,6.9616,5.1150,-0.2032,0.3918,0.0605,1788738507.716
30.963,6.9693,5.1134,-0.2020,0.3918,0.0605,1788738507.736
30.982,6.9770,5.1119,-0.2008,0.3918,0.0605,1788738507.756
31.002,6.9846,5.1103,-0.1992,0.3890,0.0796,1788738507.776
31.023,6.9922,5.1088,-0.1976,0.3890,0.0796,1788738507.796
31.042,6.9998,5.1073,-0.1960,0.3890,0.0796,1788738507.816
31.062,7.0075,5.1058,-0.1944,0.3890,0.0796,1788738507.836
31.082,7.0151,5.1043,-0.1929,0.3890,0.0796,1788738507.856
31.102,7.0228,5.1028,-0.1910,0.3888,0.0933,1788738507.876
31.122,7.0304,5.1014,-0.1891,0.3888,0.0933,1788738507.896
31.142,7.0380,5.0999,-0.1873,0.3888,0.0933,1788738507.916
31.162,7.0457,5.0985,-0.1854,0.3888,0.0933,1788738507.936
31.182,7.0533,5.0971,-0.1835,0.3888,0.0933,1788738507.956
31.202,7.0610,5.0956,-0.1823,0.3890,0.0623,1788738507.976
31.222,7.0686,5.0942,-0.1810,0.3890,0.0623,1788738507.996
31.242,7.0763,5.0929,-0.1798,0.3890,0.0623,1788738508.016
31.262,7.0839,5.0915,-0.1785,0.3890,0.0623,1788738508.036
31.282,7.0916,5.0901,-0.1773,0.3890,0.0623,1788738508.056
31.302,7.0993,5.0887,-0.1757,0.3913,0.0798,1788738508.076
31.322,7.1070,5.0874,-0.1741,0.3913,0.0798,1788738508.096
31.342,7.1147,5.0860,-0.1725,0.3913,0.0798,1788738508.116
31.362,7.1224,5.0847,-0.1709,0.3913,0.0798,1788738508.136
31.382,7.1301,5.0834,-0.1693,0.3913,0.0798,1788738508.156
31.402,7.1378,5.0821,-0.1671,0.3877,0.1097,1788738508.176
31.422,7.1454,5.0808,-0.1649,0.3877,0.1097,1788738508.196
31.442,7.1531,5.0796,-0.1627,0.3877,0.1097,1788738508.216
31.462,7.1607,5.0783,-0.1605,0.3877,0.1097,1788738508.236
31.482,7.1684,5.0771,-0.1583,0.3877,0.1097,1788738508.256
31.502,7.1761,5.0759,-0.1557,0.3885,0.1316,1788738508.276
31.522,7.1838,5.0747,-0.1531,0.3885,0.1316,1788738508.296
31.542,7.1914,5.0735,-0.1504,0.3885,0.1316,1788738508.316
31.562,7.1991,5.0724,-0.1478,0.3885,0.1316,1788738508.336
31.582,7.2068,5.0713,-0.1452,0.3885,0.1316,1788738508.356
31.602,7.2145,5.0702,-0.1434,0.3901,0.0873,1788738508.376
31.622,7.2223,5.0691,-0.1417,0.3901,0.0873,1788738508.396
31.643,7.2300,5.0680,-0.1399,0.3901,0.0873,1788738508.416
31.662,7.2377,5.0669,-0.1382,0.3901,0.0873,1788738508.436
31.682,7.2454,5.0658,-0.1365,0.3901,0.0873,1788738508.456
31.702,7.2531,5.0648,-0.1352,0.3858,0.0647,1788738508.476
31.722,7.2607,5.0638,-0.1339,0.3858,0.0647,1788738508.496
31.742,7.2684,5.0627,-0.1326,0.3858,0.0647,1788738508.516
31.762,7.2760,5.0617,-0.1313,0.3858,0.0647,1788738508.536
31.782,7.2837,5.0607,-0.1300,0.3858,0.0647,1788738508.556
31.802,7.2915,5.0597,-0.1287,0.3925,0.0639,1788738508.576
31.822,7.2993,5.0587,-0.1274,0.3925,0.0639,1788738508.596
31.842,7.3070,5.0577,-0.1261,0.3925,0.0639,1788738508.616
31.862,7.3148,5.0568,-0.1249,0.3925,0.0639,1788738508.636
31.882,7.3226,5.0558,-0.1236,0.3925,0.0639,1788738508.656
31.902,7.3304,5.0548,-0.1226,0.3912,0.0488,1788738508.676
31.922,7.3382,5.0539,-0.1216,0.3912,0.0488,1788738508.696
31.942,7.3459,5.0529,-0.1207,0.3912,0.0488,1788738508.716
31.962,7.3537,5.0520,-0.1197,0.3912,0.0488,1788738508.736
31.982,7.3615,5.0511,-0.1187,0.3912,0.0488,1788738508.756
32.002,7.3693,5.0502,-0.1175,0.3944,0.0582,1788738508.776
32.022,7.3771,5.0492,-0.1164,0.3944,0.0582,1788738508.796
32.042,7.3850,5.0483,-0.1152,0.3944,0.0582,1788738508.816
32.062,7.3928,5.0474,-0.1140,0.3944,0.0582,1788738508.836
32.082,7.4006,5.0466,-0.1129,0.3944,0.0582,1788738508.856
32.102,7.4084,5.0457,-0.1123,0.3890,0.0280,1788738508.876
32.122,7.4161,5.0448,-0.1118,0.3890,0.0280,1788738508.896
32.142,7.4238,5.0440,-0.1112,0.3890,0.0280,1788738508.916
32.162,7.4316,5.0431,-0.1106,0.3890,0.0280,1788738508.936
32.182,7.4393,5.0422,-0.1101,0.3890,0.0280,1788738508.956
32.202,7.4471,5.0414,-0.1091,0.3935,0.0499,1788738508.976
32.222,7.4549,5.0405,-0.1081,0.3935,0.0499,1788738508.996
32.242,7.4628,5.0397,-0.1071,0.3935,0.0499,1788738509.016
32.262,7.4706,5.0389,-0.1061,0.3935,0.0499,1788738509.036
32.282,7.4784,5.0380,-0.1051,0.3935,0.0499,1788738509.056
32.302,7.4862,5.0372,-0.1031,0.3937,0.1020,1788738509.076
32.322,7.4941,5.0364,-0.1010,0.3937,0.1020,1788738509.096
32.342,7.5019,5.0356,-0.0990,0.3937,0.1020,1788738509.116
32.362,7.5097,5.0349,-0.0969,0.3937,0.1020,1788738509.136
32.383,7.5176,5.0341,-0.0949,0.3937,0.1020,1788738509.156
32.402,7.5253,5.0334,-0.0924,0.3894,0.1273,1788738509.176
32.423,7.5331,5.0327,-0.0898,0.3894,0.1273,1788738509.196
32.443,7.5409,5.0320,-0.0873,0.3894,0.1273,1788738509.216
32.462,7.5486,5.0314,-0.0847,0.3894,0.1273,1788738509.236
32.482,7.5564,5.0307,-0.0822,0.3894,0.1273,1788738509.256
32.502,7.5641,5.0301,-0.0800,0.3856,0.1089,1788738509.276
32.523,7.5717,5.0295,-0.0778,0.3856,0.1089,1788738509.296
32.542,7.5794,5.0289,-0.0756,0.3856,0.1089,1788738509.316
32.563,7.5871,5.0284,-0.0735,0.3856,0.1089,1788738509.336
32.583,7.5948,5.0278,-0.0713,0.3856,0.1089,1788738509.356
32.602,7.6023,5.0273,-0.0690,0.3759,0.1162,1788738509.376
32.622,7.6098,5.0268,-0.0666,0.3759,0.1162,1788738509.396
32.642,7.6173,5.0263,-0.0643,0.3759,0.1162,1788738509.416
32.663,7.6248,5.0259,-0.0620,0.3759,0.1162,1788738509.436
32.682,7.6323,5.0254,-0.0597,0.3759,0.1162,1788738509.456
32.702,7.6398,5.0250,-0.0575,0.3757,0.1092,1788738509.476
32.723,7.6473,5.0246,-0.0553,0.3757,0.1092,1788738509.496
32.742,7.6548,5.0242,-0.0531,0.3757,0.1092,1788738509.516
32.762,7.6623,5.0238,-0.0509,0.3757,0.1092,1788738509.536
32.782,7.6699,5.0234,-0.0487,0.3757,0.1092,1788738509.556
32.802,7.6770,5.0231,-0.0471,0.3603,0.0810,1788738509.576
32.823,7.6842,5.0228,-0.0455,0.3603,0.0810,1788738509.596
32.842,7.6914,5.0224,-0.0439,0.3603,0.0810,1788738509.616
32.862,7.6986,5.0221,-0.0423,0.3603,0.0810,1788738509.636
32.882,7.7058,5.0218,-0.0406,0.3603,0.0810,1788738509.656
32.902,7.7129,5.0216,-0.0392,0.3510,0.0737,1788738509.676
32.922,7.7199,5.0213,-0.0377,0.3510,0.0737,1788738509.696
32.942,7.7269,5.0210,-0.0362,0.3510,0.0737,1788738509.716
32.962,7.7339,5.0208,-0.0348,0.3510,0.0737,1788738509.736
32.982,7.7409,5.0206,-0.0333,0.3510,0.0737,1788738509.756
33.002,7.7478,5.0203,-0.0324,0.3447,0.0440,1788738509.776
33.022,7.7547,5.0201,-0.0315,0.3447,0.0440,1788738509.796
33.042,7.7616,5.0199,-0.0306,0.3447,0.0440,1788738509.816
33.063,7.7685,5.0197,-0.0298,0.3447,0.0440,1788738509.836
33.082,7.7754,5.0195,-0.0289,0.3447,0.0440,1788738509.856
33.102,7.7823,5.0193,-0.0287,0.3470,0.0102,1788738509.876
33.122,7.7892,5.0191,-0.0285,0.3470,0.0102,1788738509.896
33.142,7.7962,5.0189,-0.0283,0.3470,0.0102,1788738509.916
33.162,7.8031,5.0187,-0.0281,0.3470,0.0102,1788738509.936
33.182,7.8101,5.0185,-0.0279,0.3470,0.0102,1788738509.956
33.202,7.8172,5.0183,-0.0280,0.3564,-0.0054,1788738509.976
33.222,7.8243,5.0181,-0.0281,0.3564,-0.0054,1788738509.996
33.242,7.8314,5.0179,-0.0282,0.3564,-0.0054,1788738510.016
33.262,7.8386,5.0177,-0.0283,0.3564,-0.0054,1788738510.036
33.282,7.8457,5.0175,-0.0284,0.3564,-0.0054,1788738510.056
33.302,7.8528,5.0173,-0.0286,0.3562,-0.0088,1788738510.076
33.322,7.8599,5.0171,-0.0288,0.3562,-0.0088,1788738510.096
33.342,7.8671,5.0169,-0.0289,0.3562,-0.0088,1788738510.116
33.362,7.8742,5.0167,-0.0291,0.3562,-0.0088,1788738510.136
33.382,7.8813,5.0165,-0.0293,0.3562,-0.0088,1788738510.156
33.402,7.8884,5.0163,-0.0296,0.3554,-0.0135,1788738510.176
33.422,7.8955,5.0161,-0.0298,0.3554,-0.0135,1788738510.196
33.442,7.9026,5.0159,-0.0301,0.3554,-0.0135,1788738510.216
33.462,7.9097,5.0156,-0.0304,0.3554,-0.0135,1788738510.236
33.482,7.9168,5.0154,-0.0306,0.3554,-0.0135,1788738510.256
33.502,7.9240,5.0152,-0.0306,0.3611,0.0025,1788738510.276
33.522,7.9313,5.0150,-0.0305,0.3611,0.0025,1788738510.296
33.542,7.9385,5.0148,-0.0305,0.3611,0.0025,1788738510.316
33.563,7.9457,5.0145,-0.0304,0.3611,0.0025,1788738510.336
33.582,7.9529,5.0143,-0.0304,0.3611,0.0025,1788738510.356
33.602,7.9602,5.0141,-0.0300,0.3617,0.0186,1788738510.376
33.622,7.9674,5.0139,-0.0296,0.3617,0.0186,1788738510.396
33.642,7.9746,5.0137,-0.0293,0.3617,0.0186,1788738510.416
33.662,7.9818,5.0135,-0.0289,0.3617,0.0186,1788738510.436
33.683,7.9891,5.0133,-0.0285,0.3617,0.0186,1788738510.456
33.702,7.9962,5.0131,-0.0286,0.3540,-0.0018,1788738510.476
33.723,8.0032,5.0129,-0.0286,0.3540,-0.0018,1788738510.496
33.743,8.0103,5.0127,-0.0286,0.3540,-0.0018,1788738510.516
33.763,8.0174,5.0125,-0.0287,0.3540,-0.0018,1788738510.536
33.782,8.0245,5.0123,-0.0287,0.3540,-0.0018,1788738510.556
33.802,8.0314,5.0121,-0.0279,0.3482,0.0396,1788738510.576
33.822,8.0384,5.0119,-0.0271,0.3482,0.0396,1788738510.596
33.842,8.0453,5.0117,-0.0263,0.3482,0.0396,1788738510.616
33.862,8.0523,5.0115,-0.0255,0.3482,0.0396,1788738510.636
33.882,8.0593,5.0113,-0.0247,0.3482,0.0396,1788738510.656
33.902,8.0662,5.0112,-0.0239,0.3476,0.0446,1788738510.676
33.922,8.0732,5.0110,-0.0230,0.3476,0.0446,1788738510.696
33.942,8.0801,5.0109,-0.0221,0.3476,0.0446,1788738510.716
33.962,8.0871,5.0107,-0.0212,0.3476,0.0446,1788738510.736
33.982,8.0940,5.0106,-0.0203,0.3476,0.0446,1788738510.756
34.002,8.1009,5.0104,-0.0193,0.3463,0.0480,1788738510.776
34.022,8.1079,5.0103,-0.0184,0.3463,0.0480,1788738510.796
34.043,8.1148,5.0102,-0.0174,0.3463,0.0480,1788738510.816
34.062,8.1217,5.0101,-0.0164,0.3463,0.0480,1788738510.836
34.082,8.1286,5.0100,-0.0155,0.3463,0.0480,1788738510.856
34.102,8.1355,5.0099,-0.0147,0.3410,0.0378,1788738510.876
34.122,8.1423,5.0098,-0.0140,0.3410,0.0378,1788738510.896
34.142,8.1491,5.0097,-0.0132,0.3410,0.0378,1788738510.916
34.162,8.1559,5.0096,-0.0125,0.3410,0.0378,1788738510.936
34.182,8.1627,5.0095,-0.0117,0.3410,0.0378,1788738510.956
34.202,8.1695,5.0094,-0.0105,0.3362,0.0589,1788738510.976
34.222,8.1762,5.0094,-0.0093,0.3362,0.0589,1788738510.996
34.242,8.1829,5.0093,-0.0082,0.3362,0.0589,1788738511.016
34.262,8.1896,5.0093,-0.0070,0.3362,0.0589,1788738511.036
34.282,8.1964,5.0092,-0.0058,0.3362,0.0589,1788738511.056
34.302,8.2030,5.0092,-0.0048,0.3313,0.0486,1788738511.076
34.322,8.2096,5.0092,-0.0039,0.3313,0.0486,1788738511.096
34.342,8.2162,5.0092,-0.0029,0.3313,0.0486,1788738511.116
34.362,8.2229,5.0092,-0.0019,0.3313,0.0486,1788738511.136
34.382,8.2295,5.0091,-0.0010,0.3313,0.0486,1788738511.156
34.402,8.2360,5.0091,-0.0008,0.3248,0.0068,1788738511.176
34.422,8.2425,5.0091,-0.0007,0.3248,0.0068,1788738511.196
34.442,8.2490,5.0091,-0.0005,0.3248,0.0068,1788738511.216
34.462,8.2555,5.0091,-0.0004,0.3248,0.0068,1788738511.236
34.482,8.2620,5.0091,-0.0003,0.3248,0.0068,1788738511.256
34.502,8.2683,5.0091,-0.0002,0.3144,0.0048,1788738511.276
34.523,8.2746,5.0091,-0.0001,0.3144,0.0048,1788738511.296
34.542,8.2808,5.0091,0.0000,0.3144,0.0048,1788738511.316
34.562,8.2871,5.0091,0.0001,0.3144,0.0048,1788738511.336
34.582,8.2934,5.0091,0.0002,0.3144,0.0048,1788738511.356
34.602,8.2995,5.0091,0.0005,0.3055,0.0125,1788738511.376
34.622,8.3056,5.0091,0.0007,0.3055,0.0125,1788738511.396
34.642,8.3118,5.0091,0.0010,0.3055,0.0125,1788738511.416
34.662,8.3179,5.0092,0.0012,0.3055,0.0125,1788738511.436
34.682,8.3240,5.0092,0.0015,0.3055,0.0125,1788738511.456
34.702,8.3299,5.0092,0.0018,0.2986,0.0149,1788738511.476
34.722,8.3359,5.0092,0.0021,0.2986,0.0149,1788738511.496
34.742,8.3419,5.0092,0.0024,0.2986,0.0149,1788738511.516
34.762,8.3479,5.0092,0.0027,0.2986,0.0149,1788738511.536
34.783,8.3538,5.0092,0.0029,0.2986,0.0149,1788738511.556
34.802,8.3595,5.0093,0.0035,0.2829,0.0273,1788738511.576
34.822,8.3651,5.0093,0.0040,0.2829,0.0273,1788738511.596
34.842,8.3708,5.0093,0.0046,0.2829,0.0273,1788738511.616
34.862,8.3765,5.0093,0.0051,0.2829,0.0273,1788738511.636
34.882,8.3821,5.0094,0.0057,0.2829,0.0273,1788738511.656
34.902,8.3875,5.0094,0.0054,0.2702,-0.0147,1788738511.676
34.922,8.3929,5.0094,0.0051,0.2702,-0.0147,1788738511.696
34.942,8.3983,5.0094,0.0048,0.2702,-0.0147,1788738511.716
34.962,8.4037,5.0095,0.0045,0.2702,-0.0147,1788738511.736
34.982,8.4091,5.0095,0.0042,0.2702,-0.0147,1788738511.756
35.002,8.4142,5.0095,0.0036,0.2553,-0.0328,1788738511.776
35.022,8.4193,5.0095,0.0029,0.2553,-0.0328,1788738511.796
35.042,8.4245,5.0095,0.0022,0.2553,-0.0328,1788738511.816
35.062,8.4296,5.0095,0.0016,0.2553,-0.0328,1788738511.836
35.082,8.4347,5.0095,0.0009,0.2553,-0.0328,1788738511.856
35.102,8.4394,5.0095,-0.0002,0.2360,-0.0579,1788738511.876
35.122,8.4441,5.0095,-0.0014,0.2360,-0.0579,1788738511.896
35.142,8.4488,5.0095,-0.0025,0.2360,-0.0579,1788738511.916
35.162,8.4535,5.0095,-0.0037,0.2360,-0.0579,1788738511.936
35.182,8.4583,5.0095,-0.0049,0.2360,-0.0579,1788738511.956
35.202,8.4626,5.0095,-0.0054,0.2157,-0.0251,1788738511.976
35.223,8.4669,5.0094,-0.0059,0.2157,-0.0251,1788738511.996
35.242,8.4712,5.0094,-0.0064,0.2157,-0.0251,1788738512.016
35.262,8.4755,5.0094,-0.0069,0.2157,-0.0251,1788738512.036
35.282,8.4798,5.0094,-0.0074,0.2157,-0.0251,1788738512.056
35.302,8.4839,5.0093,-0.0082,0.2025,-0.0436,1788738512.076
35.322,8.4879,5.0093,-0.0091,0.2025,-0.0436,1788738512.096
35.342,8.4920,5.0092,-0.0100,0.2025,-0.0436,1788738512.116
35.362,8.4960,5.0092,-0.0109,0.2025,-0.0436,1788738512.136
35.382,8.5001,5.0091,-0.0117,0.2025,-0.0436,1788738512.156
35.402,8.5038,5.0091,-0.0129,0.1852,-0.0578,1788738512.176
35.422,8.5075,5.0090,-0.0140,0.1852,-0.0578,1788738512.196
35.442,8.5112,5.0090,-0.0152,0.1852,-0.0578,1788738512.216
35.462,8.5149,5.0089,-0.0163,0.1852,-0.0578,1788738512.236
35.482,8.5186,5.0089,-0.0175,0.1852,-0.0578,1788738512.256
35.502,8.5218,5.0088,-0.0191,0.1592,-0.0794,1788738512.276
35.522,8.5250,5.0087,-0.0207,0.1592,-0.0794,1788738512.296
35.542,8.5282,5.0087,-0.0223,0.1592,-0.0794,1788738512.316
35.562,8.5313,5.0086,-0.0239,0.1592,-0.0794,1788738512.336
35.582,8.5345,5.0085,-0.0254,0.1592,-0.0794,1788738512.356
35.602,8.5373,5.0084,-0.0269,0.1387,-0.0725,1788738512.376
35.622,8.5401,5.0084,-0.0283,0.1387,-0.0725,1788738512.396
35.642,8.5428,5.0083,-0.0298,0.1387,-0.0725,1788738512.416
35.662,8.5456,5.0082,-0.0312,0.1387,-0.0725,1788738512.436
35.682,8.5484,5.0081,-0.0327,0.1387,-0.0725,1788738512.456
35.702,8.5507,5.0080,-0.0346,0.1160,-0.0965,1788738512.476
35.722,8.5530,5.0079,-0.0365,0.1160,-0.0965,1788738512.496
35.742,8.5553,5.0078,-0.0385,0.1160,-0.0965,1788738512.516
35.762,8.5577,5.0078,-0.0404,0.1160,-0.0965,1788738512.536
35.783,8.5600,5.0077,-0.0423,0.1160,-0.0965,1788738512.556
35.802,8.5600,5.0077,-0.0423,0.0000,0.0000,1788738512.576
35.822,8.5600,5.0077,-0.0423,0.0000,0.0000,1788738512.596
35.843,8.5600,5.0077,-0.0423,0.0000,0.0000,1788738512.616
35.862,8.5600,5.0077,-0.0423,0.0000,0.0000,1788738512.636
35.882,8.5600,5.0077,-0.0423,0.0000,0.0000,1788738512.656
35.902,8.5600,5.0077,-0.0423,0.0000,0.0000,1788738512.676
