world,seed,controller,success,collision,ttg,goal_err,path_len,min_clear,rms_dv,vmax,note,min_dyn_clear,min_dyn_clear_any
open,0,comppi,True,False,20.76,0.244,7.36,1.1,0.0087,0.395,RESULT: SUCCESS (status=4),,
open,0,dwb,True,False,21.86,0.247,7.35,1.1,0.0255,0.4,RESULT: SUCCESS (status=4),,
open,0,mppi,True,False,19.16,0.246,7.35,1.1,0.015,0.403,RESULT: SUCCESS (status=4),,
open,0,comppi_iid,False,False,9.96,7.307,0.29,1.1,0.0025,0.033,RESULT: FAILURE (status=6),,
open,0,comppi_nodetour,True,False,20.96,0.244,7.36,1.1,0.0081,0.395,RESULT: SUCCESS (status=4),,
open,0,comppi_noanneal,True,False,21.06,0.245,7.36,1.1,0.008,0.394,RESULT: SUCCESS (status=4),,
open,1,comppi,True,False,20.68,0.24,7.36,1.1,0.0091,0.395,RESULT: SUCCESS (status=4),,
open,1,dwb,True,False,21.86,0.247,7.35,1.1,0.0255,0.4,RESULT: SUCCESS (status=4),,
open,1,mppi,True,False,19.16,0.246,7.35,1.1,0.0162,0.403,RESULT: SUCCESS (status=4),,
open,1,comppi_iid,False,False,9.96,7.303,0.3,1.1,0.0026,0.034,RESULT: FAILURE (status=6),,
open,1,comppi_nodetour,True,False,20.86,0.246,7.36,1.1,0.0084,0.394,RESULT: SUCCESS (status=4),,
open,1,comppi_noanneal,True,False,20.86,0.242,7.36,1.1,0.0091,0.396,RESULT: SUCCESS (status=4),,
open,2,comppi,True,False,20.76,0.242,7.36,1.1,0.0095,0.396,RESULT: SUCCESS (status=4),,
open,2,dwb,True,False,21.86,0.247,7.35,1.1,0.0255,0.4,RESULT: SUCCESS (status=4),,
open,2,mppi,True,False,19.16,0.246,7.35,1.1,0.015,0.403,RESULT: SUCCESS (status=4),,
open,2,comppi_iid,False,False,9.96,7.302,0.3,1.1,0.0026,0.033,RESULT: FAILURE (status=6),,
open,2,comppi_nodetour,True,False,20.56,0.248,7.35,1.1,0.0092,0.395,RESULT: SUCCESS (status=4),,
open,2,comppi_noanneal,True,False,20.76,0.249,7.35,1.1,0.0095,0.395,RESULT: SUCCESS (status=4),,
open,3,comppi,True,False,20.86,0.246,7.36,1.1,0.0083,0.394,RESULT: SUCCESS (status=4),,
open,3,dwb,True,False,21.86,0.247,7.35,1.1,0.0247,0.4,RESULT: SUCCESS (status=4),,
open,3,mppi,True,False,19.18,0.241,7.36,1.1,0.015,0.403,RESULT: SUCCESS (status=4),,
open,3,comppi_iid,False,False,9.96,7.303,0.3,1.1,0.0026,0.034,RESULT: FAILURE (status=6),,
open,3,comppi_nodetour,True,False,21.06,0.249,7.36,1.1,0.008,0.395,RESULT: SUCCESS (status=4),,
open,3,comppi_noanneal,True,False,20.96,0.246,7.36,1.1,0.0085,0.396,RESULT: SUCCESS (status=4),,
open,4,comppi,True,False,20.76,0.244,7.36,1.1,0.0086,0.394,RESULT: SUCCESS (status=4),,
open,4,dwb,True,False,21.86,0.247,7.35,1.1,0.0255,0.4,RESULT: SUCCESS (status=4),,
open,4,mppi,True,False,19.16,0.246,7.35,1.1,0.0161,0.403,RESULT: SUCCESS (status=4),,
open,4,comppi_iid,False,False,9.96,7.303,0.3,1.1,0.0025,0.033,RESULT: FAILURE (status=6),,
open,4,comppi_nodetour,True,False,20.86,0.244,7.36,1.1,0.0085,0.395,RESULT: SUCCESS (status=4),,
open,4,comppi_noanneal,True,False,20.66,0.247,7.36,1.1,0.0096,0.394,RESULT: SUCCESS (status=4),,
open,5,comppi,True,False,20.76,0.243,7.36,1.1,0.0088,0.396,RESULT: SUCCESS (status=4),,
open,5,dwb,True,False,21.86,0.247,7.35,1.1,0.0255,0.4,RESULT: SUCCESS (status=4),,
open,5,mppi,True,False,19.16,0.246,7.35,1.1,0.0161,0.403,RESULT: SUCCESS (status=4),,
open,5,comppi_iid,False,False,9.96,7.305,0.3,1.1,0.0026,0.033,RESULT: FAILURE (status=6),,
open,5,comppi_nodetour,True,False,20.56,0.241,7.36,1.1,0.0105,0.396,RESULT: SUCCESS (status=4),,
open,5,comppi_noanneal,True,False,20.36,0.242,7.36,1.1,0.0111,0.395,RESULT: SUCCESS (status=4),,
open,6,comppi,True,False,20.66,0.248,7.35,1.1,0.0094,0.397,RESULT: SUCCESS (status=4),,
open,6,dwb,True,False,21.88,0.244,7.36,1.1,0.0255,0.4,RESULT: SUCCESS (status=4),,
open,6,mppi,True,False,19.16,0.246,7.35,1.1,0.0151,0.403,RESULT: SUCCESS (status=4),,
open,6,comppi_iid,False,False,9.96,7.302,0.3,1.1,0.0025,0.033,RESULT: FAILURE (status=6),,
open,6,comppi_nodetour,True,False,20.56,0.249,7.35,1.1,0.0104,0.395,RESULT: SUCCESS (status=4),,
open,6,comppi_noanneal,True,False,20.86,0.245,7.36,1.1,0.0086,0.395,RESULT: SUCCESS (status=4),,
open,7,comppi,True,False,20.66,0.248,7.36,1.1,0.0087,0.394,RESULT: SUCCESS (status=4),,
open,7,dwb,True,False,21.86,0.247,7.35,1.1,0.0257,0.4,RESULT: SUCCESS (status=4),,
open,7,mppi,True,False,19.16,0.246,7.35,1.1,0.0161,0.403,RESULT: SUCCESS (status=4),,
open,7,comppi_iid,False,False,9.96,7.307,0.29,1.1,0.0029,0.034,RESULT: FAILURE (status=6),,
open,7,comppi_nodetour,True,False,20.76,0.245,7.36,1.1,0.0089,0.396,RESULT: SUCCESS (status=4),,
open,7,comppi_noanneal,True,False,20.46,0.249,7.35,1.1,0.0111,0.396,RESULT: SUCCESS (status=4),,
open,8,comppi,True,False,21.06,0.245,7.36,1.1,0.0082,0.396,RESULT: SUCCESS (status=4),,
open,8,dwb,True,False,21.86,0.247,7.35,1.1,0.0247,0.4,RESULT: SUCCESS (status=4),,
open,8,mppi,True,False,19.16,0.246,7.35,1.1,0.0149,0.403,RESULT: SUCCESS (status=4),,
open,8,comppi_iid,False,False,9.96,7.305,0.3,1.1,0.0028,0.034,RESULT: FAILURE (status=6),,
open,8,comppi_nodetour,True,False,20.76,0.248,7.35,1.1,0.0087,0.394,RESULT: SUCCESS (status=4),,
open,8,comppi_noanneal,True,False,20.66,0.246,7.36,1.1,0.0101,0.395,RESULT: SUCCESS (status=4),,
open,9,comppi,True,False,20.86,0.246,7.36,1.1,0.0083,0.394,RESULT: SUCCESS (status=4),,
open,9,dwb,True,False,21.86,0.247,7.35,1.1,0.0255,0.4,RESULT: SUCCESS (status=4),,
open,9,mppi,True,False,19.16,0.246,7.35,1.1,0.015,0.403,RESULT: SUCCESS (status=4),,
open,9,comppi_iid,False,False,9.96,7.299,0.3,1.1,0.0028,0.034,RESULT: FAILURE (status=6),,
open,9,comppi_nodetour,True,False,20.76,0.25,7.35,1.1,0.0092,0.395,RESULT: SUCCESS (status=4),,
open,9,comppi_noanneal,True,False,20.66,0.244,7.36,1.1,0.0093,0.394,RESULT: SUCCESS (status=4),,
open,10,comppi,True,False,20.86,0.244,7.36,1.1,0.0086,0.394,RESULT: SUCCESS (status=4),,
open,10,dwb,True,False,21.88,0.244,7.36,1.1,0.0255,0.4,RESULT: SUCCESS (status=4),,
open,10,mppi,True,False,19.16,0.246,7.35,1.1,0.015,0.403,RESULT: SUCCESS (status=4),,
open,10,comppi_iid,False,False,9.96,7.301,0.3,1.1,0.0026,0.034,RESULT: FAILURE (status=6),,
open,10,comppi_nodetour,True,False,20.56,0.248,7.35,1.1,0.0096,0.394,RESULT: SUCCESS (status=4),,
open,10,comppi_noanneal,True,False,21.16,0.246,7.36,1.1,0.0079,0.395,RESULT: SUCCESS (status=4),,
open,11,comppi,True,False,21.06,0.249,7.35,1.1,0.0082,0.395,RESULT: SUCCESS (status=4),,
open,11,dwb,True,False,21.86,0.247,7.35,1.1,0.0255,0.4,RESULT: SUCCESS (status=4),,
open,11,mppi,True,False,19.16,0.246,7.35,1.1,0.015,0.403,RESULT: SUCCESS (status=4),,
open,11,comppi_iid,False,False,9.96,7.302,0.3,1.1,0.0026,0.036,RESULT: FAILURE (status=6),,
open,11,comppi_nodetour,True,False,20.76,0.247,7.36,1.1,0.0084,0.394,RESULT: SUCCESS (status=4),,
open,11,comppi_noanneal,True,False,20.76,0.243,7.36,1.1,0.0095,0.395,RESULT: SUCCESS (status=4),,
open,12,comppi,True,False,20.86,0.246,7.36,1.1,0.0091,0.395,RESULT: SUCCESS (status=4),,
open,12,dwb,True,False,21.86,0.247,7.35,1.1,0.0255,0.4,RESULT: SUCCESS (status=4),,
open,12,mppi,True,False,19.16,0.246,7.35,1.1,0.015,0.403,RESULT: SUCCESS (status=4),,
open,12,comppi_iid,False,False,9.96,7.305,0.3,1.1,0.0027,0.033,RESULT: FAILURE (status=6),,
open,12,comppi_nodetour,True,False,20.86,0.245,7.36,1.1,0.0101,0.396,RESULT: SUCCESS (status=4),,
open,12,comppi_noanneal,True,False,21.06,0.249,7.35,1.1,0.0079,0.395,RESULT: SUCCESS (status=4),,
open,13,comppi,True,False,20.68,0.247,7.36,1.1,0.0098,0.396,RESULT: SUCCESS (status=4),,
open,13,dwb,True,False,21.86,0.247,7.35,1.1,0.0247,0.4,RESULT: SUCCESS (status=4),,
open,13,mppi,True,False,19.16,0.246,7.35,1.1,0.015,0.403,RESULT: SUCCESS (status=4),,
open,13,comppi_iid,False,False,9.98,7.303,0.3,1.1,0.0026,0.033,RESULT: FAILURE (status=6),,
open,13,comppi_nodetour,True,False,20.96,0.245,7.36,1.1,0.0083,0.395,RESULT: SUCCESS (status=4),,
open,13,comppi_noanneal,True,False,21.06,0.247,7.36,1.1,0.0082,0.396,RESULT: SUCCESS (status=4),,
open,14,comppi,True,False,20.86,0.25,7.35,1.1,0.0082,0.397,RESULT: SUCCESS (status=4),,
open,14,dwb,True,False,21.86,0.247,7.35,1.1,0.0255,0.4,RESULT: SUCCESS (status=4),,
open,14,mppi,True,False,19.16,0.246,7.35,1.1,0.015,0.403,RESULT: SUCCESS (status=4),,
open,14,comppi_iid,False,False,9.96,7.3,0.3,1.1,0.0028,0.034,RESULT: FAILURE (status=6),,
open,14,comppi_nodetour,True,False,20.76,0.247,7.35,1.1,0.0088,0.395,RESULT: SUCCESS (status=4),,
open,14,comppi_noanneal,True,False,20.86,0.245,7.36,1.1,0.0089,0.396,RESULT: SUCCESS (status=4),,
open,15,comppi,True,False,21.16,0.246,7.36,1.1,0.0082,0.395,RESULT: SUCCESS (status=4),,
open,15,dwb,True,False,21.88,0.244,7.36,1.1,0.0255,0.4,RESULT: SUCCESS (status=4),,
open,15,mppi,True,False,19.18,0.241,7.36,1.1,0.015,0.403,RESULT: SUCCESS (status=4),,
open,15,comppi_iid,False,False,9.96,7.302,0.3,1.1,0.0025,0.036,RESULT: FAILURE (status=6),,
open,15,comppi_nodetour,True,False,20.86,0.249,7.35,1.1,0.0094,0.396,RESULT: SUCCESS (status=4),,
open,15,comppi_noanneal,True,False,20.66,0.24,7.36,1.1,0.0107,0.396,RESULT: SUCCESS (status=4),,
open,16,comppi,True,False,21.06,0.247,7.36,1.1,0.008,0.396,RESULT: SUCCESS (status=4),,
open,16,dwb,True,False,21.86,0.247,7.35,1.1,0.0255,0.4,RESULT: SUCCESS (status=4),,
open,16,mppi,True,False,19.16,0.246,7.35,1.1,0.015,0.403,RESULT: SUCCESS (status=4),,
open,16,comppi_iid,False,False,9.96,7.304,0.3,1.1,0.0026,0.035,RESULT: FAILURE (status=6),,
open,16,comppi_nodetour,True,False,20.76,0.246,7.36,1.1,0.0091,0.395,RESULT: SUCCESS (status=4),,
open,16,comppi_noanneal,True,False,20.66,0.25,7.35,1.1,0.0095,0.395,RESULT: SUCCESS (status=4),,
open,17,comppi,True,False,20.76,0.243,7.36,1.1,0.0089,0.395,RESULT: SUCCESS (status=4),,
open,17,dwb,True,False,21.88,0.244,7.36,1.1,0.0256,0.4,RESULT: SUCCESS (status=4),,
open,17,mppi,True,False,19.18,0.241,7.36,1.1,0.015,0.403,RESULT: SUCCESS (status=4),,
open,17,comppi_iid,False,False,9.96,7.304,0.3,1.1,0.0028,0.033,RESULT: FAILURE (status=6),,
open,17,comppi_nodetour,True,False,20.96,0.247,7.36,1.1,0.0084,0.397,RESULT: SUCCESS (status=4),,
open,17,comppi_noanneal,True,False,21.16,0.25,7.35,1.1,0.0082,0.396,RESULT: SUCCESS (status=4),,
open,18,comppi,True,False,21.56,0.247,7.36,1.1,0.0073,0.397,RESULT: SUCCESS (status=4),,
open,18,dwb,True,False,21.88,0.244,7.36,1.1,0.0255,0.4,RESULT: SUCCESS (status=4),,
open,18,mppi,True,False,19.16,0.246,7.35,1.1,0.015,0.403,RESULT: SUCCESS (status=4),,
open,18,comppi_iid,False,False,9.96,7.3,0.3,1.1,0.0028,0.034,RESULT: FAILURE (status=6),,
open,18,comppi_nodetour,True,False,20.86,0.247,7.36,1.1,0.0082,0.394,RESULT: SUCCESS (status=4),,
open,18,comppi_noanneal,True,False,21.06,0.246,7.36,1.1,0.0078,0.396,RESULT: SUCCESS (status=4),,
open,19,comppi,True,False,21.16,0.244,7.36,1.1,0.0082,0.396,RESULT: SUCCESS (status=4),,
open,19,dwb,True,False,21.86,0.247,7.35,1.1,0.0255,0.4,RESULT: SUCCESS (status=4),,
open,19,mppi,True,False,19.16,0.246,7.35,1.1,0.015,0.403,RESULT: SUCCESS (status=4),,
open,19,comppi_iid,False,False,9.96,7.307,0.29,1.1,0.0028,0.035,RESULT: FAILURE (status=6),,
open,19,comppi_nodetour,True,False,20.96,0.243,7.36,1.1,0.0083,0.395,RESULT: SUCCESS (status=4),,
open,19,comppi_noanneal,True,False,20.66,0.246,7.36,1.1,0.01,0.396,RESULT: SUCCESS (status=4),,
open,20,comppi,True,False,20.96,0.249,7.35,1.1,0.0086,0.395,RESULT: SUCCESS (status=4),,
open,20,dwb,True,False,21.86,0.247,7.35,1.1,0.0255,0.4,RESULT: SUCCESS (status=4),,
open,20,mppi,True,False,19.16,0.246,7.35,1.1,0.015,0.403,RESULT: SUCCESS (status=4),,
open,20,comppi_iid,False,False,9.96,7.302,0.3,1.1,0.0027,0.034,RESULT: FAILURE (status=6),,
open,20,comppi_nodetour,True,False,20.76,0.245,7.36,1.1,0.0084,0.397,RESULT: SUCCESS (status=4),,
open,20,comppi_noanneal,True,False,20.86,0.243,7.36,1.1,0.0085,0.395,RESULT: SUCCESS (status=4),,
open,21,comppi,True,False,20.86,0.244,7.36,1.1,0.0098,0.396,RESULT: SUCCESS (status=4),,
open,21,dwb,True,False,21.86,0.247,7.35,1.1,0.0255,0.4,RESULT: SUCCESS (status=4),,
open,21,mppi,True,False,19.16,0.246,7.35,1.1,0.015,0.403,RESULT: SUCCESS (status=4),,
open,21,comppi_iid,False,False,9.96,7.305,0.29,1.1,0.0026,0.034,RESULT: FAILURE (status=6),,
open,21,comppi_nodetour,True,False,20.66,0.249,7.35,1.1,0.0096,0.397,RESULT: SUCCESS (status=4),,
open,21,comppi_noanneal,True,False,20.66,0.239,7.36,1.1,0.0103,0.394,RESULT: SUCCESS (status=4),,
open,22,comppi,True,False,21.16,0.249,7.35,1.1,0.0079,0.396,RESULT: SUCCESS (status=4),,
open,22,dwb,True,False,21.86,0.247,7.35,1.1,0.0255,0.4,RESULT: SUCCESS (status=4),,
open,22,mppi,True,False,19.16,0.246,7.35,1.1,0.015,0.403,RESULT: SUCCESS (status=4),,
open,22,comppi_iid,False,False,9.96,7.301,0.3,1.1,0.0027,0.033,RESULT: FAILURE (status=6),,
open,22,comppi_nodetour,True,False,21.06,0.248,7.36,1.1,0.0081,0.396,RESULT: SUCCESS (status=4),,
open,22,comppi_noanneal,True,False,20.66,0.248,7.36,1.1,0.0101,0.395,RESULT: SUCCESS (status=4),,
open,23,comppi,True,False,21.26,0.244,7.36,1.1,0.008,0.395,RESULT: SUCCESS (status=4),,
open,23,dwb,True,False,21.88,0.244,7.36,1.1,0.0257,0.4,RESULT: SUCCESS (status=4),,
open,23,mppi,True,False,19.16,0.246,7.35,1.1,0.015,0.403,RESULT: SUCCESS (status=4),,
open,23,comppi_iid,False,False,9.96,7.302,0.3,1.1,0.0027,0.034,RESULT: FAILURE (status=6),,
open,23,comppi_nodetour,True,False,20.86,0.247,7.36,1.1,0.0095,0.396,RESULT: SUCCESS (status=4),,
open,23,comppi_noanneal,True,False,21.06,0.245,7.36,1.1,0.0081,0.395,RESULT: SUCCESS (status=4),,
open,24,comppi,True,False,21.06,0.248,7.35,1.1,0.0083,0.396,RESULT: SUCCESS (status=4),,
open,24,dwb,True,False,21.86,0.247,7.35,1.1,0.0255,0.4,RESULT: SUCCESS (status=4),,
open,24,mppi,True,False,19.16,0.246,7.35,1.1,0.0151,0.403,RESULT: SUCCESS (status=4),,
open,24,comppi_iid,False,False,9.96,7.304,0.3,1.1,0.0027,0.034,RESULT: FAILURE (status=6),,
open,24,comppi_nodetour,True,False,20.86,0.249,7.35,1.1,0.0084,0.396,RESULT: SUCCESS (status=4),,
open,24,comppi_noanneal,True,False,20.76,0.245,7.36,1.1,0.0093,0.395,RESULT: SUCCESS (status=4),,
clutter,0,comppi,True,False,21.36,0.245,7.54,0.25,0.0089,0.396,RESULT: SUCCESS (status=4),,
clutter,0,dwb,True,False,30.26,0.243,7.6,0.292,0.0357,0.4,RESULT: SUCCESS (status=4),,
clutter,0,mppi,True,False,19.86,0.242,7.56,0.255,0.0154,0.403,RESULT: SUCCESS (status=4),,
clutter,0,comppi_iid,False,False,9.96,7.331,0.29,0.8,0.0026,0.033,RESULT: FAILURE (status=6),,
clutter,0,comppi_nodetour,True,False,21.26,0.247,7.54,0.25,0.0101,0.396,RESULT: SUCCESS (status=4),,
clutter,0,comppi_noanneal,True,False,21.16,0.245,7.54,0.25,0.011,0.396,RESULT: SUCCESS (status=4),,
clutter,1,comppi,True,False,21.36,0.247,7.45,0.25,0.0084,0.396,RESULT: SUCCESS (status=4),,
clutter,1,dwb,True,False,28.66,0.245,7.55,0.304,0.0339,0.4,RESULT: SUCCESS (status=4),,
clutter,1,mppi,True,False,20.56,0.246,7.47,0.255,0.0151,0.404,RESULT: SUCCESS (status=4),,
clutter,1,comppi_iid,False,False,9.96,7.313,0.29,0.8,0.0025,0.033,RESULT: FAILURE (status=6),,
clutter,1,comppi_nodetour,True,False,21.36,0.247,7.45,0.25,0.0085,0.397,RESULT: SUCCESS (status=4),,
clutter,1,comppi_noanneal,True,False,21.26,0.245,7.45,0.25,0.0089,0.395,RESULT: SUCCESS (status=4),,
clutter,2,comppi,True,False,21.26,0.245,7.48,0.25,0.0082,0.396,RESULT: SUCCESS (status=4),,
clutter,2,dwb,True,False,26.84,0.245,7.53,0.255,0.0341,0.4,RESULT: SUCCESS (status=4),,
clutter,2,mppi,True,False,20.86,0.231,7.51,0.25,0.015,0.403,RESULT: SUCCESS (status=4),,
clutter,2,comppi_iid,False,False,9.96,7.304,0.3,1.1,0.0027,0.033,RESULT: FAILURE (status=6),,
clutter,2,comppi_nodetour,True,False,21.26,0.244,7.47,0.25,0.0092,0.397,RESULT: SUCCESS (status=4),,
clutter,2,comppi_noanneal,True,False,21.06,0.249,7.46,0.224,0.0091,0.398,RESULT: SUCCESS (status=4),,
clutter,3,comppi,True,False,20.86,0.249,7.44,0.25,0.0095,0.396,RESULT: SUCCESS (status=4),,
clutter,3,dwb,True,False,27.26,0.25,7.48,0.35,0.0328,0.4,RESULT: SUCCESS (status=4),,
clutter,3,mppi,True,False,19.46,0.237,7.46,0.3,0.0146,0.403,RESULT: SUCCESS (status=4),,
clutter,3,comppi_iid,False,False,9.96,7.306,0.3,0.825,0.0028,0.034,RESULT: FAILURE (status=6),,
clutter,3,comppi_nodetour,True,False,21.26,0.248,7.44,0.25,0.0083,0.395,RESULT: SUCCESS (status=4),,
clutter,3,comppi_noanneal,True,False,21.26,0.247,7.44,0.25,0.0079,0.395,RESULT: SUCCESS (status=4),,
clutter,4,comppi,True,False,21.16,0.244,7.36,0.4,0.0085,0.395,RESULT: SUCCESS (status=4),,
clutter,4,dwb,True,False,23.56,0.245,7.36,0.4,0.0289,0.4,RESULT: SUCCESS (status=4),,
clutter,4,mppi,True,False,19.16,0.246,7.35,0.45,0.0161,0.403,RESULT: SUCCESS (status=4),,
clutter,4,comppi_iid,False,False,9.96,7.301,0.3,1.1,0.0026,0.034,RESULT: FAILURE (status=6),,
clutter,4,comppi_nodetour,True,False,21.56,0.247,7.36,0.4,0.008,0.396,RESULT: SUCCESS (status=4),,
clutter,4,comppi_noanneal,True,False,20.68,0.246,7.36,0.4,0.0092,0.395,RESULT: SUCCESS (status=4),,
clutter,5,comppi,True,False,21.16,0.25,7.35,0.55,0.0081,0.396,RESULT: SUCCESS (status=4),,
clutter,5,dwb,True,False,21.86,0.247,7.35,0.55,0.0255,0.4,RESULT: SUCCESS (status=4),,
clutter,5,mppi,True,False,19.16,0.246,7.35,0.5,0.015,0.403,RESULT: SUCCESS (status=4),,
clutter,5,comppi_iid,False,False,9.96,7.299,0.3,1.1,0.0025,0.035,RESULT: FAILURE (status=6),,
clutter,5,comppi_nodetour,True,False,20.56,0.247,7.36,0.5,0.0106,0.395,RESULT: SUCCESS (status=4),,
clutter,5,comppi_noanneal,True,False,20.96,0.247,7.36,0.55,0.0086,0.396,RESULT: SUCCESS (status=4),,
clutter,6,comppi,True,False,20.56,0.248,7.36,0.25,0.01,0.397,RESULT: SUCCESS (status=4),,
clutter,6,dwb,True,False,26.16,0.246,7.38,0.335,0.0316,0.4,RESULT: SUCCESS (status=4),,
clutter,6,mppi,True,False,19.26,0.232,7.38,0.3,0.0158,0.403,RESULT: SUCCESS (status=4),,
clutter,6,comppi_iid,False,False,9.96,7.306,0.3,1.1,0.0027,0.034,RESULT: FAILURE (status=6),,
clutter,6,comppi_nodetour,True,False,21.16,0.246,7.36,0.269,0.0078,0.395,RESULT: SUCCESS (status=4),,
clutter,6,comppi_noanneal,True,False,20.76,0.246,7.37,0.25,0.0086,0.396,RESULT: SUCCESS (status=4),,
clutter,7,comppi,True,False,21.46,0.248,7.36,0.35,0.0077,0.396,RESULT: SUCCESS (status=4),,
clutter,7,dwb,True,False,23.46,0.246,7.36,0.4,0.0284,0.4,RESULT: SUCCESS (status=4),,
clutter,7,mppi,True,False,19.16,0.247,7.35,0.4,0.0148,0.403,RESULT: SUCCESS (status=4),,
clutter,7,comppi_iid,False,False,9.96,7.301,0.3,0.757,0.0025,0.034,RESULT: FAILURE (status=6),,
clutter,7,comppi_nodetour,True,False,21.26,0.246,7.36,0.35,0.0077,0.396,RESULT: SUCCESS (status=4),,
clutter,7,comppi_noanneal,True,False,20.86,0.247,7.36,0.35,0.0083,0.395,RESULT: SUCCESS (status=4),,
clutter,8,comppi,True,False,20.86,0.248,7.35,0.55,0.0086,0.394,RESULT: SUCCESS (status=4),,
clutter,8,dwb,True,False,21.86,0.247,7.35,0.55,0.0255,0.4,RESULT: SUCCESS (status=4),,
clutter,8,mppi,True,False,19.16,0.246,7.35,0.6,0.0148,0.403,RESULT: SUCCESS (status=4),,
clutter,8,comppi_iid,False,False,9.96,7.305,0.3,1.1,0.0028,0.033,RESULT: FAILURE (status=6),,
clutter,8,comppi_nodetour,True,False,20.86,0.242,7.36,0.6,0.0096,0.396,RESULT: SUCCESS (status=4),,
clutter,8,comppi_noanneal,True,False,20.86,0.24,7.36,0.559,0.0112,0.395,RESULT: SUCCESS (status=4),,
clutter,9,comppi,True,False,20.66,0.247,7.36,1.1,0.0095,0.396,RESULT: SUCCESS (status=4),,
clutter,9,dwb,True,False,21.86,0.247,7.35,1.1,0.0255,0.4,RESULT: SUCCESS (status=4),,
clutter,9,mppi,True,False,19.16,0.246,7.35,1.1,0.015,0.403,RESULT: SUCCESS (status=4),,
clutter,9,comppi_iid,False,False,9.96,7.298,0.3,1.1,0.0028,0.034,RESULT: FAILURE (status=6),,
clutter,9,comppi_nodetour,True,False,20.66,0.246,7.36,1.1,0.0113,0.394,RESULT: SUCCESS (status=4),,
clutter,9,comppi_noanneal,True,False,20.86,0.248,7.36,1.1,0.0095,0.395,RESULT: SUCCESS (status=4),,
clutter,10,comppi,True,False,20.66,0.241,7.37,0.255,0.0097,0.395,RESULT: SUCCESS (status=4),,
clutter,10,dwb,True,False,25.78,0.241,7.39,0.255,0.0335,0.4,RESULT: SUCCESS (status=4),,
clutter,10,mppi,True,False,19.26,0.232,7.38,0.3,0.0158,0.403,RESULT: SUCCESS (status=4),,
clutter,10,comppi_iid,False,False,9.96,7.304,0.3,1.1,0.0025,0.033,RESULT: FAILURE (status=6),,
clutter,10,comppi_nodetour,True,False,20.96,0.244,7.37,0.25,0.0081,0.395,RESULT: SUCCESS (status=4),,
clutter,10,comppi_noanneal,True,False,20.58,0.241,7.37,0.255,0.0108,0.395,RESULT: SUCCESS (status=4),,
clutter,11,comppi,True,False,20.76,0.248,7.36,0.5,0.0104,0.396,RESULT: SUCCESS (status=4),,
clutter,11,dwb,True,False,21.88,0.244,7.36,0.55,0.0255,0.4,RESULT: SUCCESS (status=4),,
clutter,11,mppi,True,False,19.16,0.246,7.35,0.5,0.015,0.403,RESULT: SUCCESS (status=4),,
clutter,11,comppi_iid,False,False,9.96,7.302,0.3,1.1,0.0026,0.034,RESULT: FAILURE (status=6),,
clutter,11,comppi_nodetour,True,False,20.66,0.241,7.36,0.5,0.0094,0.396,RESULT: SUCCESS (status=4),,
clutter,11,comppi_noanneal,True,False,20.66,0.242,7.36,0.5,0.0102,0.396,RESULT: SUCCESS (status=4),,
clutter,12,comppi,True,False,20.56,0.242,7.36,0.5,0.0104,0.395,RESULT: SUCCESS (status=4),,
clutter,12,dwb,True,False,21.86,0.247,7.35,0.5,0.0256,0.4,RESULT: SUCCESS (status=4),,
clutter,12,mppi,True,False,19.16,0.246,7.35,0.55,0.015,0.403,RESULT: SUCCESS (status=4),,
clutter,12,comppi_iid,False,False,9.96,7.304,0.3,1.07,0.0029,0.035,RESULT: FAILURE (status=6),,
clutter,12,comppi_nodetour,True,False,20.96,0.25,7.35,0.5,0.0082,0.394,RESULT: SUCCESS (status=4),,
clutter,12,comppi_noanneal,True,False,20.56,0.245,7.36,0.5,0.0103,0.395,RESULT: SUCCESS (status=4),,
clutter,13,comppi,True,False,20.66,0.249,7.36,0.25,0.0093,0.396,RESULT: SUCCESS (status=4),,
clutter,13,dwb,True,False,24.46,0.239,7.38,0.35,0.0277,0.4,RESULT: SUCCESS (status=4),,
clutter,13,mppi,True,False,19.16,0.248,7.36,0.3,0.0151,0.403,RESULT: SUCCESS (status=4),,
clutter,13,comppi_iid,False,False,9.96,7.302,0.3,1.1,0.0026,0.034,RESULT: FAILURE (status=6),,
clutter,13,comppi_nodetour,True,False,20.66,0.245,7.36,0.25,0.0105,0.396,RESULT: SUCCESS (status=4),,
clutter,13,comppi_noanneal,True,False,21.16,0.248,7.36,0.25,0.0081,0.395,RESULT: SUCCESS (status=4),,
clutter,14,comppi,True,False,21.06,0.247,7.39,0.25,0.0082,0.396,RESULT: SUCCESS (status=4),,
clutter,14,dwb,True,False,24.46,0.238,7.42,0.335,0.0287,0.4,RESULT: SUCCESS (status=4),,
clutter,14,mppi,True,False,19.26,0.246,7.39,0.3,0.015,0.403,RESULT: SUCCESS (status=4),,
clutter,14,comppi_iid,False,False,9.96,7.305,0.3,1.1,0.0025,0.035,RESULT: FAILURE (status=6),,
clutter,14,comppi_nodetour,True,False,20.86,0.243,7.39,0.25,0.0089,0.395,RESULT: SUCCESS (status=4),,
clutter,14,comppi_noanneal,True,False,21.06,0.248,7.39,0.25,0.0082,0.396,RESULT: SUCCESS (status=4),,
clutter,15,comppi,True,False,21.06,0.247,7.43,0.25,0.0092,0.396,RESULT: SUCCESS (status=4),,
clutter,15,dwb,True,False,26.06,0.25,7.47,0.206,0.036,0.4,RESULT: SUCCESS (status=4),,
clutter,15,mppi,True,False,19.66,0.231,7.45,0.255,0.0148,0.403,RESULT: SUCCESS (status=4),,
clutter,15,comppi_iid,False,False,10.06,7.3,0.3,1.1,0.0025,0.035,RESULT: FAILURE (status=6),,
clutter,15,comppi_nodetour,True,False,21.06,0.242,7.44,0.25,0.0088,0.396,RESULT: SUCCESS (status=4),,
clutter,15,comppi_noanneal,True,False,21.06,0.248,7.44,0.25,0.0088,0.398,RESULT: SUCCESS (status=4),,
clutter,16,comppi,True,False,20.56,0.249,7.35,1.0,0.009,0.395,RESULT: SUCCESS (status=4),,
clutter,16,dwb,True,False,21.86,0.247,7.35,1.0,0.0255,0.4,RESULT: SUCCESS (status=4),,
clutter,16,mppi,True,False,19.16,0.246,7.35,1.05,0.0161,0.403,RESULT: SUCCESS (status=4),,
clutter,16,comppi_iid,False,False,9.96,7.302,0.3,1.1,0.0024,0.033,RESULT: FAILURE (status=6),,
clutter,16,comppi_nodetour,True,False,21.46,0.248,7.36,1.05,0.0076,0.395,RESULT: SUCCESS (status=4),,
clutter,16,comppi_noanneal,True,False,20.76,0.244,7.36,1.0,0.0089,0.395,RESULT: SUCCESS (status=4),,
clutter,17,comppi,True,False,20.96,0.247,7.36,0.427,0.0083,0.396,RESULT: SUCCESS (status=4),,
clutter,17,dwb,True,False,23.26,0.244,7.36,0.45,0.0306,0.4,RESULT: SUCCESS (status=4),,
clutter,17,mppi,True,False,19.16,0.246,7.36,0.45,0.0151,0.403,RESULT: SUCCESS (status=4),,
clutter,17,comppi_iid,False,False,10.06,7.297,0.3,0.75,0.0025,0.035,RESULT: FAILURE (status=6),,
clutter,17,comppi_nodetour,True,False,20.66,0.247,7.36,0.4,0.0089,0.395,RESULT: SUCCESS (status=4),,
clutter,17,comppi_noanneal,True,False,20.66,0.248,7.35,0.4,0.0095,0.396,RESULT: SUCCESS (status=4),,
clutter,18,comppi,True,False,20.76,0.245,7.36,0.25,0.0082,0.395,RESULT: SUCCESS (status=4),,
clutter,18,dwb,True,False,24.36,0.25,7.37,0.35,0.0339,0.4,RESULT: SUCCESS (status=4),,
clutter,18,mppi,True,False,19.26,0.237,7.37,0.3,0.0156,0.403,RESULT: SUCCESS (status=4),,
clutter,18,comppi_iid,False,False,9.96,7.3,0.3,0.65,0.0026,0.035,RESULT: FAILURE (status=6),,
clutter,18,comppi_nodetour,True,False,20.56,0.244,7.36,0.25,0.0123,0.395,RESULT: SUCCESS (status=4),,
clutter,18,comppi_noanneal,True,False,20.76,0.245,7.36,0.25,0.0088,0.396,RESULT: SUCCESS (status=4),,
clutter,19,comppi,True,False,21.08,0.247,7.36,0.75,0.0085,0.396,RESULT: SUCCESS (status=4),,
clutter,19,dwb,True,False,21.86,0.247,7.35,0.75,0.0255,0.4,RESULT: SUCCESS (status=4),,
clutter,19,mppi,True,False,19.16,0.246,7.35,0.8,0.0161,0.403,RESULT: SUCCESS (status=4),,
clutter,19,comppi_iid,False,False,9.96,7.304,0.3,1.1,0.0024,0.033,RESULT: FAILURE (status=6),,
clutter,19,comppi_nodetour,True,False,20.86,0.245,7.36,0.8,0.0086,0.396,RESULT: SUCCESS (status=4),,
clutter,19,comppi_noanneal,True,False,20.66,0.247,7.36,0.791,0.0114,0.395,RESULT: SUCCESS (status=4),,
clutter,20,comppi,True,False,20.56,0.249,7.36,0.25,0.0107,0.396,RESULT: SUCCESS (status=4),,
clutter,20,dwb,True,False,25.26,0.248,7.37,0.35,0.0295,0.4,RESULT: SUCCESS (status=4),,
clutter,20,mppi,True,False,19.26,0.241,7.36,0.3,0.0154,0.403,RESULT: SUCCESS (status=4),,
clutter,20,comppi_iid,False,False,9.96,7.305,0.29,0.5,0.0026,0.034,RESULT: FAILURE (status=6),,
clutter,20,comppi_nodetour,True,False,20.56,0.249,7.35,0.3,0.0099,0.397,RESULT: SUCCESS (status=4),,
clutter,20,comppi_noanneal,True,False,20.66,0.249,7.35,0.25,0.0109,0.394,RESULT: SUCCESS (status=4),,
clutter,21,comppi,True,False,20.96,0.242,7.45,0.25,0.0096,0.396,RESULT: SUCCESS (status=4),,
clutter,21,dwb,True,False,26.76,0.249,7.51,0.269,0.0357,0.4,RESULT: SUCCESS (status=4),,
clutter,21,mppi,True,False,19.46,0.249,7.47,0.255,0.0151,0.404,RESULT: SUCCESS (status=4),,
clutter,21,comppi_iid,False,False,9.96,7.304,0.3,1.1,0.0027,0.034,RESULT: FAILURE (status=6),,
clutter,21,comppi_nodetour,True,False,21.06,0.247,7.44,0.25,0.0085,0.396,RESULT: SUCCESS (status=4),,
clutter,21,comppi_noanneal,True,False,21.38,0.244,7.44,0.25,0.0082,0.396,RESULT: SUCCESS (status=4),,
clutter,22,comppi,True,False,20.96,0.246,7.39,0.25,0.0101,0.396,RESULT: SUCCESS (status=4),,
clutter,22,dwb,True,False,26.06,0.248,7.43,0.335,0.0293,0.4,RESULT: SUCCESS (status=4),,
clutter,22,mppi,True,False,19.26,0.25,7.4,0.3,0.0151,0.403,RESULT: SUCCESS (status=4),,
clutter,22,comppi_iid,False,False,9.96,7.306,0.3,1.1,0.0028,0.034,RESULT: FAILURE (status=6),,
clutter,22,comppi_nodetour,True,False,20.86,0.244,7.4,0.25,0.01,0.395,RESULT: SUCCESS (status=4),,
clutter,22,comppi_noanneal,True,False,21.96,0.247,7.39,0.25,0.0077,0.396,RESULT: SUCCESS (status=4),,
clutter,23,comppi,True,False,20.76,0.242,7.43,0.25,0.0093,0.396,RESULT: SUCCESS (status=4),,
clutter,23,dwb,True,False,24.48,0.241,7.46,0.335,0.0276,0.4,RESULT: SUCCESS (status=4),,
clutter,23,mppi,True,False,19.36,0.244,7.43,0.3,0.016,0.403,RESULT: SUCCESS (status=4),,
clutter,23,comppi_iid,False,False,9.96,7.303,0.3,1.1,0.0026,0.034,RESULT: FAILURE (status=6),,
clutter,23,comppi_nodetour,True,False,20.66,0.249,7.42,0.25,0.0109,0.395,RESULT: SUCCESS (status=4),,
clutter,23,comppi_noanneal,True,False,20.78,0.242,7.42,0.25,0.011,0.396,RESULT: SUCCESS (status=4),,
clutter,24,comppi,True,False,20.56,0.247,7.36,0.45,0.0095,0.396,RESULT: SUCCESS (status=4),,
clutter,24,dwb,True,False,22.88,0.246,7.36,0.45,0.0284,0.4,RESULT: SUCCESS (status=4),,
clutter,24,mppi,True,False,19.16,0.246,7.36,0.45,0.015,0.403,RESULT: SUCCESS (status=4),,
clutter,24,comppi_iid,False,False,9.96,7.303,0.3,1.1,0.0026,0.034,RESULT: FAILURE (status=6),,
clutter,24,comppi_nodetour,True,False,20.66,0.247,7.36,0.45,0.0103,0.395,RESULT: SUCCESS (status=4),,
clutter,24,comppi_noanneal,True,False,20.76,0.247,7.36,0.4,0.0098,0.396,RESULT: SUCCESS (status=4),,
gap,0,comppi,True,False,21.36,0.244,7.65,0.25,0.0103,0.396,RESULT: SUCCESS (status=4),,
gap,0,dwb,True,False,24.86,0.244,7.68,0.292,0.0282,0.4,RESULT: SUCCESS (status=4),,
gap,0,mppi,True,False,19.96,0.249,7.65,0.269,0.015,0.403,RESULT: SUCCESS (status=4),,
gap,0,comppi_iid,False,False,9.96,7.311,0.3,1.1,0.0026,0.035,RESULT: FAILURE (status=6),,
gap,0,comppi_nodetour,True,False,21.36,0.246,7.65,0.25,0.0095,0.396,RESULT: SUCCESS (status=4),,
gap,0,comppi_noanneal,True,False,21.46,0.245,7.65,0.25,0.0091,0.397,RESULT: SUCCESS (status=4),,
gap,1,comppi,True,False,22.46,0.246,8.03,0.25,0.0099,0.395,RESULT: SUCCESS (status=4),,
gap,1,dwb,True,False,27.36,0.246,8.18,0.381,0.0275,0.4,RESULT: SUCCESS (status=4),,
gap,1,mppi,True,False,21.08,0.234,8.05,0.255,0.0145,0.403,RESULT: SUCCESS (status=4),,
gap,1,comppi_iid,False,False,9.96,7.328,0.3,1.1,0.0027,0.035,RESULT: FAILURE (status=6),,
gap,1,comppi_nodetour,True,False,22.48,0.249,8.03,0.25,0.0089,0.396,RESULT: SUCCESS (status=4),,
gap,1,comppi_noanneal,True,False,22.56,0.246,8.02,0.25,0.0084,0.396,RESULT: SUCCESS (status=4),,
gap,2,comppi,True,False,23.26,0.242,8.29,0.25,0.0091,0.397,RESULT: SUCCESS (status=4),,
gap,2,dwb,True,False,28.38,0.25,8.46,0.35,0.0297,0.4,RESULT: SUCCESS (status=4),,
gap,2,mppi,True,False,21.96,0.245,8.29,0.255,0.0146,0.403,RESULT: SUCCESS (status=4),,
gap,2,comppi_iid,False,False,9.96,7.337,0.3,1.1,0.0026,0.035,RESULT: FAILURE (status=6),,
gap,2,comppi_nodetour,True,False,23.56,0.247,8.28,0.25,0.0074,0.397,RESULT: SUCCESS (status=4),,
gap,2,comppi_noanneal,True,False,22.96,0.246,8.29,0.25,0.0095,0.398,RESULT: SUCCESS (status=4),,
gap,3,comppi,True,False,20.96,0.248,7.38,0.25,0.0084,0.395,RESULT: SUCCESS (status=4),,
gap,3,dwb,True,False,24.28,0.242,7.4,0.335,0.0287,0.4,RESULT: SUCCESS (status=4),,
gap,3,mppi,True,False,19.26,0.24,7.39,0.3,0.0159,0.403,RESULT: SUCCESS (status=4),,
gap,3,comppi_iid,False,False,9.96,7.301,0.3,1.1,0.0025,0.034,RESULT: FAILURE (status=6),,
gap,3,comppi_nodetour,True,False,20.86,0.245,7.38,0.25,0.0087,0.396,RESULT: SUCCESS (status=4),,
gap,3,comppi_noanneal,True,False,20.66,0.237,7.39,0.25,0.0106,0.396,RESULT: SUCCESS (status=4),,
gap,4,comppi,True,False,21.16,0.248,7.37,0.25,0.0083,0.396,RESULT: SUCCESS (status=4),,
gap,4,dwb,True,False,24.98,0.24,7.41,0.364,0.031,0.4,RESULT: SUCCESS (status=4),,
gap,4,mppi,True,False,19.26,0.236,7.39,0.3,0.0147,0.403,RESULT: SUCCESS (status=4),,
gap,4,comppi_iid,False,False,9.96,7.301,0.3,1.1,0.0026,0.035,RESULT: FAILURE (status=6),,
gap,4,comppi_nodetour,True,False,20.76,0.244,7.37,0.25,0.0103,0.396,RESULT: SUCCESS (status=4),,
gap,4,comppi_noanneal,True,False,20.56,0.249,7.37,0.25,0.0094,0.396,RESULT: SUCCESS (status=4),,
gap,5,comppi,True,False,21.16,0.245,7.51,0.25,0.009,0.396,RESULT: SUCCESS (status=4),,
gap,5,dwb,True,False,24.86,0.248,7.55,0.335,0.0273,0.4,RESULT: SUCCESS (status=4),,
gap,5,mppi,True,False,19.66,0.234,7.53,0.3,0.0147,0.403,RESULT: SUCCESS (status=4),,
gap,5,comppi_iid,False,False,9.96,7.309,0.3,1.1,0.0025,0.033,RESULT: FAILURE (status=6),,
gap,5,comppi_nodetour,True,False,21.16,0.247,7.5,0.25,0.0097,0.397,RESULT: SUCCESS (status=4),,
gap,5,comppi_noanneal,True,False,21.46,0.243,7.51,0.25,0.0083,0.396,RESULT: SUCCESS (status=4),,
gap,6,comppi,True,False,20.66,0.244,7.4,0.25,0.0102,0.395,RESULT: SUCCESS (status=4),,
gap,6,dwb,True,False,24.58,0.241,7.43,0.35,0.0282,0.4,RESULT: SUCCESS (status=4),,
gap,6,mppi,True,False,19.26,0.249,7.4,0.3,0.0151,0.403,RESULT: SUCCESS (status=4),,
gap,6,comppi_iid,False,False,9.96,7.302,0.3,1.1,0.0025,0.035,RESULT: FAILURE (status=6),,
gap,6,comppi_nodetour,True,False,21.36,0.249,7.39,0.25,0.0077,0.396,RESULT: SUCCESS (status=4),,
gap,6,comppi_noanneal,True,False,20.86,0.249,7.4,0.25,0.0094,0.395,RESULT: SUCCESS (status=4),,
gap,7,comppi,True,False,21.28,0.24,7.55,0.25,0.0091,0.398,RESULT: SUCCESS (status=4),,
gap,7,dwb,True,False,26.26,0.245,7.65,0.4,0.0267,0.4,RESULT: SUCCESS (status=4),,
gap,7,mppi,True,False,19.76,0.233,7.57,0.292,0.0146,0.403,RESULT: SUCCESS (status=4),,
gap,7,comppi_iid,False,False,9.96,7.306,0.3,1.1,0.0027,0.033,RESULT: FAILURE (status=6),,
gap,7,comppi_nodetour,True,False,21.46,0.245,7.55,0.25,0.008,0.396,RESULT: SUCCESS (status=4),,
gap,7,comppi_noanneal,True,False,21.16,0.244,7.55,0.25,0.0094,0.397,RESULT: SUCCESS (status=4),,
gap,8,comppi,True,False,21.16,0.245,7.45,0.25,0.0086,0.396,RESULT: SUCCESS (status=4),,
gap,8,dwb,True,False,24.46,0.246,7.48,0.3,0.0267,0.4,RESULT: SUCCESS (status=4),,
gap,8,mppi,True,False,19.46,0.242,7.46,0.3,0.0148,0.403,RESULT: SUCCESS (status=4),,
gap,8,comppi_iid,False,False,9.96,7.308,0.3,1.1,0.0028,0.035,RESULT: FAILURE (status=6),,
gap,8,comppi_nodetour,True,False,20.86,0.24,7.46,0.25,0.0105,0.395,RESULT: SUCCESS (status=4),,
gap,8,comppi_noanneal,True,False,21.26,0.249,7.45,0.25,0.0084,0.397,RESULT: SUCCESS (status=4),,
gap,9,comppi,True,False,24.16,0.247,8.68,0.25,0.0099,0.398,RESULT: SUCCESS (status=4),,
gap,9,dwb,True,False,27.56,0.245,8.74,0.292,0.0299,0.4,RESULT: SUCCESS (status=4),,
gap,9,mppi,True,False,23.08,0.235,8.7,0.255,0.0143,0.403,RESULT: SUCCESS (status=4),,
gap,9,comppi_iid,False,False,9.96,7.355,0.29,1.1,0.0025,0.033,RESULT: FAILURE (status=6),,
gap,9,comppi_nodetour,True,False,24.56,0.248,8.69,0.25,0.0076,0.398,RESULT: SUCCESS (status=4),,
gap,9,comppi_noanneal,True,False,24.06,0.246,8.69,0.25,0.0097,0.398,RESULT: SUCCESS (status=4),,
gap,10,comppi,True,False,20.96,0.249,7.35,0.5,0.0085,0.395,RESULT: SUCCESS (status=4),,
gap,10,dwb,True,False,21.86,0.247,7.35,0.5,0.0255,0.4,RESULT: SUCCESS (status=4),,
gap,10,mppi,True,False,19.16,0.246,7.35,0.5,0.015,0.403,RESULT: SUCCESS (status=4),,
gap,10,comppi_iid,False,False,9.98,7.297,0.3,1.1,0.0027,0.034,RESULT: FAILURE (status=6),,
gap,10,comppi_nodetour,True,False,20.86,0.244,7.36,0.5,0.0084,0.396,RESULT: SUCCESS (status=4),,
gap,10,comppi_noanneal,True,False,21.06,0.247,7.36,0.5,0.008,0.395,RESULT: SUCCESS (status=4),,
gap,11,comppi,True,False,21.16,0.245,7.4,0.25,0.0081,0.395,RESULT: SUCCESS (status=4),,
gap,11,dwb,True,False,24.28,0.242,7.42,0.316,0.0284,0.4,RESULT: SUCCESS (status=4),,
gap,11,mppi,True,False,19.36,0.232,7.42,0.3,0.0147,0.403,RESULT: SUCCESS (status=4),,
gap,11,comppi_iid,False,False,9.96,7.302,0.3,1.1,0.0026,0.035,RESULT: FAILURE (status=6),,
gap,11,comppi_nodetour,True,False,21.06,0.243,7.4,0.25,0.0083,0.395,RESULT: SUCCESS (status=4),,
gap,11,comppi_noanneal,True,False,21.56,0.248,7.4,0.25,0.0077,0.396,RESULT: SUCCESS (status=4),,
gap,12,comppi,True,False,20.76,0.248,7.36,0.255,0.0085,0.396,RESULT: SUCCESS (status=4),,
gap,12,dwb,True,False,24.56,0.248,7.38,0.35,0.0301,0.4,RESULT: SUCCESS (status=4),,
gap,12,mppi,True,False,19.16,0.248,7.36,0.3,0.0151,0.403,RESULT: SUCCESS (status=4),,
gap,12,comppi_iid,False,False,9.96,7.305,0.3,1.1,0.0027,0.033,RESULT: FAILURE (status=6),,
gap,12,comppi_nodetour,True,False,20.96,0.249,7.36,0.255,0.0083,0.395,RESULT: SUCCESS (status=4),,
gap,12,comppi_noanneal,True,False,20.86,0.245,7.36,0.25,0.0086,0.396,RESULT: SUCCESS (status=4),,
gap,13,comppi,True,False,21.76,0.243,7.74,0.25,0.0093,0.397,RESULT: SUCCESS (status=4),,
gap,13,dwb,True,False,25.26,0.246,7.78,0.3,0.0287,0.4,RESULT: SUCCESS (status=4),,
gap,13,mppi,True,False,20.48,0.228,7.77,0.292,0.0145,0.403,RESULT: SUCCESS (status=4),,
gap,13,comppi_iid,False,False,9.96,7.317,0.3,1.1,0.0026,0.034,RESULT: FAILURE (status=6),,
gap,13,comppi_nodetour,True,False,21.66,0.249,7.73,0.25,0.0097,0.397,RESULT: SUCCESS (status=4),,
gap,13,comppi_noanneal,True,False,21.66,0.244,7.74,0.25,0.0103,0.396,RESULT: SUCCESS (status=4),,
gap,14,comppi,True,False,22.06,0.246,7.78,0.25,0.0085,0.396,RESULT: SUCCESS (status=4),,
gap,14,dwb,True,False,27.06,0.244,7.92,0.391,0.0279,0.4,RESULT: SUCCESS (status=4),,
gap,14,mppi,True,False,20.36,0.237,7.79,0.269,0.0145,0.403,RESULT: SUCCESS (status=4),,
gap,14,comppi_iid,False,False,9.96,7.318,0.3,1.1,0.0025,0.033,RESULT: FAILURE (status=6),,
gap,14,comppi_nodetour,True,False,21.76,0.249,7.76,0.25,0.0085,0.396,RESULT: SUCCESS (status=4),,
gap,14,comppi_noanneal,True,False,22.18,0.247,7.77,0.25,0.0089,0.396,RESULT: SUCCESS (status=4),,
gap,15,comppi,True,False,22.18,0.239,7.95,0.25,0.0098,0.397,RESULT: SUCCESS (status=4),,
gap,15,dwb,True,False,27.26,0.24,8.11,0.35,0.0269,0.4,RESULT: SUCCESS (status=4),,
gap,15,mppi,True,False,20.98,0.242,7.96,0.269,0.0148,0.403,RESULT: SUCCESS (status=4),,
gap,15,comppi_iid,False,False,9.96,7.323,0.3,1.1,0.0026,0.034,RESULT: FAILURE (status=6),,
gap,15,comppi_nodetour,True,False,22.06,0.241,7.96,0.25,0.011,0.398,RESULT: SUCCESS (status=4),,
gap,15,comppi_noanneal,True,False,22.46,0.245,7.94,0.25,0.0081,0.397,RESULT: SUCCESS (status=4),,
gap,16,comppi,True,False,22.76,0.245,8.07,0.25,0.008,0.397,RESULT: SUCCESS (status=4),,
gap,16,dwb,True,False,26.66,0.242,8.2,0.354,0.0305,0.4,RESULT: SUCCESS (status=4),,
gap,16,mppi,True,False,21.26,0.242,8.08,0.269,0.0146,0.403,RESULT: SUCCESS (status=4),,
gap,16,comppi_iid,False,False,9.96,7.331,0.3,1.1,0.0025,0.033,RESULT: FAILURE (status=6),,
gap,16,comppi_nodetour,True,False,23.06,0.25,8.07,0.25,0.0073,0.398,RESULT: SUCCESS (status=4),,
gap,16,comppi_noanneal,True,False,22.66,0.245,8.07,0.25,0.0084,0.397,RESULT: SUCCESS (status=4),,
gap,17,comppi,True,False,22.06,0.245,7.87,0.25,0.0099,0.396,RESULT: SUCCESS (status=4),,
gap,17,dwb,True,False,25.06,0.248,7.9,0.269,0.0279,0.4,RESULT: SUCCESS (status=4),,
gap,17,mppi,True,False,20.76,0.244,7.88,0.269,0.0147,0.403,RESULT: SUCCESS (status=4),,
gap,17,comppi_iid,False,False,9.96,7.318,0.3,1.1,0.0027,0.036,RESULT: FAILURE (status=6),,
gap,17,comppi_nodetour,True,False,22.16,0.248,7.87,0.25,0.0089,0.396,RESULT: SUCCESS (status=4),,
gap,17,comppi_noanneal,True,False,22.06,0.247,7.87,0.25,0.0088,0.397,RESULT: SUCCESS (status=4),,
gap,18,comppi,True,False,22.46,0.244,8.16,0.25,0.0109,0.399,RESULT: SUCCESS (status=4),,
gap,18,dwb,True,False,27.98,0.238,8.31,0.35,0.0306,0.4,RESULT: SUCCESS (status=4),,
gap,18,mppi,True,False,21.76,0.233,8.17,0.255,0.0143,0.403,RESULT: SUCCESS (status=4),,
gap,18,comppi_iid,False,False,9.96,7.336,0.3,1.1,0.0024,0.033,RESULT: FAILURE (status=6),,
gap,18,comppi_nodetour,True,False,23.06,0.246,8.14,0.25,0.0077,0.399,RESULT: SUCCESS (status=4),,
gap,18,comppi_noanneal,True,False,22.66,0.239,8.15,0.25,0.0098,0.399,RESULT: SUCCESS (status=4),,
gap,19,comppi,True,False,21.26,0.247,7.38,0.25,0.0079,0.396,RESULT: SUCCESS (status=4),,
gap,19,dwb,True,False,24.28,0.242,7.4,0.335,0.0284,0.4,RESULT: SUCCESS (status=4),,
gap,19,mppi,True,False,19.26,0.24,7.39,0.3,0.0148,0.403,RESULT: SUCCESS (status=4),,
gap,19,comppi_iid,False,False,9.96,7.306,0.3,1.1,0.0028,0.034,RESULT: FAILURE (status=6),,
gap,19,comppi_nodetour,True,False,20.76,0.248,7.38,0.25,0.0094,0.395,RESULT: SUCCESS (status=4),,
gap,19,comppi_noanneal,True,False,20.76,0.241,7.39,0.25,0.0108,0.396,RESULT: SUCCESS (status=4),,
gap,20,comppi,True,False,20.86,0.245,7.36,0.3,0.0087,0.396,RESULT: SUCCESS (status=4),,
gap,20,dwb,True,False,24.56,0.24,7.38,0.364,0.0312,0.4,RESULT: SUCCESS (status=4),,
gap,20,mppi,True,False,19.16,0.246,7.36,0.3,0.015,0.404,RESULT: SUCCESS (status=4),,
gap,20,comppi_iid,False,False,9.96,7.301,0.3,1.1,0.0026,0.034,RESULT: FAILURE (status=6),,
gap,20,comppi_nodetour,True,False,20.86,0.242,7.36,0.3,0.0084,0.395,RESULT: SUCCESS (status=4),,
gap,20,comppi_noanneal,True,False,20.96,0.245,7.36,0.25,0.0085,0.395,RESULT: SUCCESS (status=4),,
gap,21,comppi,True,False,20.96,0.247,7.36,0.3,0.0083,0.395,RESULT: SUCCESS (status=4),,
gap,21,dwb,True,False,24.56,0.244,7.37,0.35,0.0294,0.4,RESULT: SUCCESS (status=4),,
gap,21,mppi,True,False,19.16,0.246,7.36,0.3,0.015,0.403,RESULT: SUCCESS (status=4),,
gap,21,comppi_iid,False,False,9.96,7.3,0.3,1.1,0.0026,0.034,RESULT: FAILURE (status=6),,
gap,21,comppi_nodetour,True,False,20.76,0.246,7.36,0.3,0.0093,0.395,RESULT: SUCCESS (status=4),,
gap,21,comppi_noanneal,True,False,21.16,0.247,7.36,0.292,0.0085,0.396,RESULT: SUCCESS (status=4),,
gap,22,comppi,True,False,21.26,0.247,7.5,0.25,0.0086,0.396,RESULT: SUCCESS (status=4),,
gap,22,dwb,True,False,25.06,0.246,7.55,0.335,0.027,0.4,RESULT: SUCCESS (status=4),,
gap,22,mppi,True,False,19.56,0.248,7.51,0.292,0.015,0.403,RESULT: SUCCESS (status=4),,
gap,22,comppi_iid,False,False,9.96,7.311,0.3,1.1,0.0027,0.033,RESULT: FAILURE (status=6),,
gap,22,comppi_nodetour,True,False,20.96,0.25,7.5,0.25,0.0103,0.396,RESULT: SUCCESS (status=4),,
gap,22,comppi_noanneal,True,False,21.06,0.249,7.5,0.25,0.0091,0.396,RESULT: SUCCESS (status=4),,
gap,23,comppi,True,False,20.96,0.245,7.38,0.25,0.0079,0.395,RESULT: SUCCESS (status=4),,
gap,23,dwb,True,False,24.96,0.249,7.41,0.364,0.0303,0.4,RESULT: SUCCESS (status=4),,
gap,23,mppi,True,False,19.26,0.24,7.39,0.3,0.0148,0.403,RESULT: SUCCESS (status=4),,
gap,23,comppi_iid,False,False,9.96,7.303,0.3,1.1,0.0026,0.035,RESULT: FAILURE (status=6),,
gap,23,comppi_nodetour,True,False,20.76,0.249,7.38,0.255,0.0087,0.395,RESULT: SUCCESS (status=4),,
gap,23,comppi_noanneal,True,False,21.86,0.247,7.38,0.25,0.0074,0.395,RESULT: SUCCESS (status=4),,
gap,24,comppi,True,False,20.76,0.247,7.41,0.25,0.01,0.394,RESULT: SUCCESS (status=4),,
gap,24,dwb,True,False,24.46,0.239,7.44,0.304,0.0293,0.4,RESULT: SUCCESS (status=4),,
gap,24,mppi,True,False,19.36,0.237,7.42,0.3,0.0147,0.403,RESULT: SUCCESS (status=4),,
gap,24,comppi_iid,False,False,9.96,7.307,0.3,1.1,0.0026,0.034,RESULT: FAILURE (status=6),,
gap,24,comppi_nodetour,True,False,20.96,0.247,7.41,0.25,0.0087,0.396,RESULT: SUCCESS (status=4),,
gap,24,comppi_noanneal,True,False,20.96,0.245,7.42,0.25,0.0094,0.397,RESULT: SUCCESS (status=4),,
blocked,0,comppi,True,False,21.06,0.245,7.53,0.255,0.008,0.4,RESULT: SUCCESS (status=4),,
blocked,0,dwb,False,False,15.86,5.61,3.2,0.4,0.0288,0.4,RESULT: FAILURE (status=6),,
blocked,0,mppi,False,False,23.96,5.015,2.64,0.35,0.0105,0.403,RESULT: FAILURE (status=6),,
blocked,0,comppi_iid,False,False,9.96,7.3,0.3,1.1,0.0025,0.034,RESULT: FAILURE (status=6),,
blocked,0,comppi_nodetour,False,False,25.46,4.966,2.64,0.3,0.0068,0.395,RESULT: FAILURE (status=6),,
blocked,0,comppi_noanneal,True,False,21.66,0.247,7.6,0.292,0.0086,0.396,RESULT: SUCCESS (status=4),,
blocked,1,comppi,True,False,20.96,0.243,7.5,0.269,0.0084,0.4,RESULT: SUCCESS (status=4),,
blocked,1,dwb,False,False,22.26,3.17,5.72,0.45,0.0257,0.4,RESULT: FAILURE (status=6),,
blocked,1,mppi,False,False,22.96,2.479,5.17,0.35,0.0091,0.403,RESULT: FAILURE (status=6),,
blocked,1,comppi_iid,False,False,9.96,7.301,0.3,1.1,0.0027,0.033,RESULT: FAILURE (status=6),,
blocked,1,comppi_nodetour,False,False,27.66,2.442,5.16,0.3,0.0062,0.395,RESULT: FAILURE (status=6),,
blocked,1,comppi_noanneal,True,False,20.96,0.248,7.5,0.292,0.0104,0.396,RESULT: SUCCESS (status=4),,
blocked,2,comppi,True,False,21.06,0.249,7.52,0.292,0.0087,0.4,RESULT: SUCCESS (status=4),,
blocked,2,dwb,False,False,73.46,5.256,12.01,0.35,0.0317,0.4,RESULT: FAILURE (status=6),,
blocked,2,mppi,False,False,24.66,4.412,3.24,0.35,0.009,0.403,RESULT: FAILURE (status=6),,
blocked,2,comppi_iid,False,False,9.96,7.301,0.3,1.1,0.0028,0.033,RESULT: FAILURE (status=6),,
blocked,2,comppi_nodetour,False,False,20.56,4.4,3.2,0.35,0.007,0.394,RESULT: FAILURE (status=6),,
blocked,2,comppi_noanneal,True,False,21.76,0.242,7.57,0.292,0.0085,0.396,RESULT: SUCCESS (status=4),,
blocked,3,comppi,True,False,21.06,0.249,7.54,0.25,0.0085,0.4,RESULT: SUCCESS (status=4),,
blocked,3,dwb,False,False,18.26,5.489,3.68,0.4,0.0283,0.4,RESULT: FAILURE (status=6),,
blocked,3,mppi,False,False,18.56,4.723,2.93,0.35,0.0115,0.403,RESULT: FAILURE (status=6),,
blocked,3,comppi_iid,False,False,9.96,7.304,0.3,1.1,0.0027,0.035,RESULT: FAILURE (status=6),,
blocked,3,comppi_nodetour,False,False,18.26,4.716,2.89,0.35,0.0067,0.395,RESULT: FAILURE (status=6),,
blocked,3,comppi_noanneal,True,False,21.46,0.246,7.6,0.269,0.0101,0.397,RESULT: SUCCESS (status=4),,
blocked,4,comppi,True,False,20.86,0.25,7.52,0.269,0.009,0.4,RESULT: SUCCESS (status=4),,
blocked,4,dwb,False,False,78.76,3.738,13.73,0.4,0.0283,0.4,RESULT: FAILURE (status=6),,
blocked,4,mppi,False,False,28.96,2.911,4.74,0.35,0.0084,0.403,RESULT: FAILURE (status=6),,
blocked,4,comppi_iid,False,False,9.96,7.304,0.3,1.1,0.0027,0.035,RESULT: FAILURE (status=6),,
blocked,4,comppi_nodetour,False,False,24.86,2.899,4.7,0.3,0.0063,0.396,RESULT: FAILURE (status=6),,
blocked,4,comppi_noanneal,True,False,21.36,0.244,7.57,0.292,0.011,0.397,RESULT: SUCCESS (status=4),,
blocked,5,comppi,True,False,20.86,0.243,7.55,0.269,0.0092,0.4,RESULT: SUCCESS (status=4),,
blocked,5,dwb,False,False,74.86,5.342,12.17,0.35,0.0309,0.4,RESULT: FAILURE (status=6),,
blocked,5,mppi,False,False,24.66,4.461,3.19,0.35,0.0089,0.403,RESULT: FAILURE (status=6),,
blocked,5,comppi_iid,False,False,9.96,7.302,0.3,1.1,0.0026,0.035,RESULT: FAILURE (status=6),,
blocked,5,comppi_nodetour,False,False,25.06,4.433,3.17,0.3,0.0064,0.394,RESULT: FAILURE (status=6),,
blocked,5,comppi_noanneal,True,False,21.16,0.247,7.57,0.292,0.0111,0.397,RESULT: SUCCESS (status=4),,
blocked,6,comppi,True,False,20.78,0.241,7.49,0.269,0.01,0.4,RESULT: SUCCESS (status=4),,
blocked,6,dwb,False,False,13.16,6.839,2.08,0.45,0.0294,0.4,RESULT: FAILURE (status=6),,
blocked,6,mppi,False,False,13.96,6.131,1.51,0.35,0.0106,0.395,RESULT: FAILURE (status=6),,
blocked,6,comppi_iid,False,False,9.96,7.304,0.3,1.1,0.0025,0.034,RESULT: FAILURE (status=6),,
blocked,6,comppi_nodetour,False,False,14.06,6.118,1.48,0.35,0.007,0.358,RESULT: FAILURE (status=6),,
blocked,6,comppi_noanneal,True,False,21.36,0.245,7.53,0.304,0.0087,0.396,RESULT: SUCCESS (status=4),,
blocked,7,comppi,True,False,20.86,0.24,7.49,0.269,0.0102,0.4,RESULT: SUCCESS (status=4),,
blocked,7,dwb,False,False,120.08,6.569,17.13,0.45,0.0325,0.4,RESULT: FAILURE (status=timeout),,
blocked,7,mppi,True,False,28.06,0.246,7.65,0.269,0.0142,0.403,RESULT: SUCCESS (status=4),,
blocked,7,comppi_iid,False,False,20.66,6.205,1.46,0.25,0.0082,0.319,RESULT: FAILURE (status=6),,
blocked,7,comppi_nodetour,False,False,14.96,6.319,1.28,0.35,0.006,0.272,RESULT: FAILURE (status=6),,
blocked,7,comppi_noanneal,True,False,21.56,0.247,7.5,0.3,0.0076,0.396,RESULT: SUCCESS (status=4),,
blocked,8,comppi,True,False,21.26,0.245,7.5,0.255,0.0078,0.4,RESULT: SUCCESS (status=4),,
blocked,8,dwb,False,False,48.86,4.617,8.76,0.45,0.0247,0.4,RESULT: FAILURE (status=6),,
blocked,8,mppi,False,False,22.16,3.768,3.88,0.35,0.0107,0.403,RESULT: FAILURE (status=6),,
blocked,8,comppi_iid,False,False,9.96,7.297,0.3,1.1,0.0026,0.034,RESULT: FAILURE (status=6),,
blocked,8,comppi_nodetour,False,False,21.16,3.759,3.84,0.35,0.0066,0.396,RESULT: FAILURE (status=6),,
blocked,8,comppi_noanneal,True,False,21.76,0.245,7.49,0.292,0.0075,0.396,RESULT: SUCCESS (status=4),,
blocked,9,comppi,True,False,21.16,0.245,7.56,0.269,0.0085,0.4,RESULT: SUCCESS (status=4),,
blocked,9,dwb,False,False,45.46,6.191,7.28,0.4,0.027,0.4,RESULT: FAILURE (status=6),,
blocked,9,mppi,False,False,18.16,5.318,2.33,0.35,0.0099,0.403,RESULT: FAILURE (status=6),,
blocked,9,comppi_iid,False,False,9.98,7.305,0.3,1.1,0.0026,0.034,RESULT: FAILURE (status=6),,
blocked,9,comppi_nodetour,False,False,16.86,5.307,2.29,0.35,0.0073,0.393,RESULT: FAILURE (status=6),,
blocked,9,comppi_noanneal,True,False,21.76,0.247,7.62,0.283,0.0099,0.396,RESULT: SUCCESS (status=4),,
blocked,10,comppi,True,False,21.26,0.25,7.52,0.292,0.0085,0.4,RESULT: SUCCESS (status=4),,
blocked,10,dwb,False,False,15.36,6.507,2.59,0.4,0.0287,0.4,RESULT: FAILURE (status=6),,
blocked,10,mppi,False,False,16.16,5.774,1.87,0.35,0.0104,0.403,RESULT: FAILURE (status=6),,
blocked,10,comppi_iid,False,False,9.96,7.3,0.3,1.1,0.0026,0.034,RESULT: FAILURE (status=6),,
blocked,10,comppi_nodetour,False,False,15.36,5.764,1.84,0.35,0.0076,0.391,RESULT: FAILURE (status=6),,
blocked,10,comppi_noanneal,True,False,21.46,0.244,7.55,0.292,0.0084,0.397,RESULT: SUCCESS (status=4),,
blocked,11,comppi,True,False,21.06,0.248,7.51,0.255,0.0084,0.4,RESULT: SUCCESS (status=4),,
blocked,11,dwb,False,False,78.66,3.692,13.68,0.4,0.0275,0.4,RESULT: FAILURE (status=6),,
blocked,11,mppi,False,False,28.66,2.91,4.74,0.35,0.0084,0.403,RESULT: FAILURE (status=6),,
blocked,11,comppi_iid,False,False,9.96,7.306,0.29,1.1,0.0024,0.034,RESULT: FAILURE (status=6),,
blocked,11,comppi_nodetour,False,False,24.56,2.899,4.7,0.3,0.0067,0.396,RESULT: FAILURE (status=6),,
blocked,11,comppi_noanneal,True,False,21.26,0.249,7.54,0.269,0.0094,0.395,RESULT: SUCCESS (status=4),,
blocked,12,comppi,True,False,20.96,0.242,7.53,0.255,0.0087,0.4,RESULT: SUCCESS (status=4),,
blocked,12,dwb,False,False,78.76,3.651,13.72,0.4,0.0276,0.4,RESULT: FAILURE (status=6),,
blocked,12,mppi,False,False,28.46,2.865,4.79,0.35,0.0085,0.403,RESULT: FAILURE (status=6),,
blocked,12,comppi_iid,False,False,9.96,7.303,0.3,1.1,0.0025,0.033,RESULT: FAILURE (status=6),,
blocked,12,comppi_nodetour,False,False,23.56,2.854,4.75,0.35,0.0068,0.395,RESULT: FAILURE (status=6),,
blocked,12,comppi_noanneal,True,False,21.46,0.245,7.57,0.3,0.0086,0.396,RESULT: SUCCESS (status=4),,
blocked,13,comppi,True,False,20.76,0.245,7.53,0.255,0.0113,0.4,RESULT: SUCCESS (status=4),,
blocked,13,dwb,False,False,79.56,3.177,14.22,0.35,0.0295,0.4,RESULT: FAILURE (status=6),,
blocked,13,mppi,False,False,29.56,2.361,5.29,0.35,0.0083,0.403,RESULT: FAILURE (status=6),,
blocked,13,comppi_iid,False,False,9.96,7.3,0.3,1.1,0.0025,0.035,RESULT: FAILURE (status=6),,
blocked,13,comppi_nodetour,False,False,25.36,2.358,5.24,0.35,0.0065,0.395,RESULT: FAILURE (status=6),,
blocked,13,comppi_noanneal,True,False,21.26,0.244,7.57,0.292,0.0091,0.397,RESULT: SUCCESS (status=4),,
blocked,14,comppi,True,False,20.66,0.241,7.49,0.255,0.0102,0.4,RESULT: SUCCESS (status=4),,
blocked,14,dwb,False,False,23.06,3.376,5.69,0.4,0.0261,0.4,RESULT: FAILURE (status=6),,
blocked,14,mppi,True,False,27.86,0.232,7.7,0.283,0.0143,0.403,RESULT: SUCCESS (status=4),,
blocked,14,comppi_iid,False,False,9.96,7.304,0.3,1.1,0.0027,0.035,RESULT: FAILURE (status=6),,
blocked,14,comppi_nodetour,False,False,23.26,2.67,4.93,0.35,0.0066,0.395,RESULT: FAILURE (status=6),,
blocked,14,comppi_noanneal,True,False,21.36,0.25,7.52,0.292,0.009,0.396,RESULT: SUCCESS (status=4),,
blocked,15,comppi,False,False,18.26,4.801,2.8,0.35,0.0077,0.394,RESULT: FAILURE (status=6),,
blocked,15,dwb,False,False,46.86,5.663,7.81,0.4,0.0311,0.4,RESULT: FAILURE (status=6),,
blocked,15,mppi,False,False,19.56,4.821,2.83,0.35,0.0096,0.403,RESULT: FAILURE (status=6),,
blocked,15,comppi_iid,False,False,9.96,7.304,0.3,1.1,0.0027,0.036,RESULT: FAILURE (status=6),,
blocked,15,comppi_nodetour,False,False,18.16,4.813,2.79,0.35,0.0071,0.396,RESULT: FAILURE (status=6),,
blocked,15,comppi_noanneal,False,False,18.16,4.812,2.79,0.35,0.0069,0.394,RESULT: FAILURE (status=6),,
blocked,16,comppi,True,False,21.16,0.245,7.54,0.255,0.0084,0.4,RESULT: SUCCESS (status=4),,
blocked,16,dwb,False,False,62.46,6.642,9.4,0.45,0.0322,0.4,RESULT: FAILURE (status=6),,
blocked,16,mppi,False,False,17.26,5.87,1.78,0.35,0.0101,0.403,RESULT: FAILURE (status=6),,
blocked,16,comppi_iid,False,False,9.96,7.304,0.3,1.1,0.0028,0.034,RESULT: FAILURE (status=6),,
blocked,16,comppi_nodetour,False,False,15.56,5.857,1.74,0.35,0.0073,0.391,RESULT: FAILURE (status=6),,
blocked,16,comppi_noanneal,True,False,21.26,0.247,7.56,0.3,0.0098,0.397,RESULT: SUCCESS (status=4),,
blocked,17,comppi,True,False,21.16,0.249,7.56,0.269,0.0081,0.4,RESULT: SUCCESS (status=4),,
blocked,17,dwb,False,False,13.36,6.925,2.07,0.45,0.0304,0.4,RESULT: FAILURE (status=6),,
blocked,17,mppi,False,False,14.06,6.179,1.47,0.35,0.0106,0.383,RESULT: FAILURE (status=6),,
blocked,17,comppi_iid,False,False,9.96,7.305,0.3,1.1,0.0024,0.033,RESULT: FAILURE (status=6),,
blocked,17,comppi_nodetour,False,False,13.96,6.171,1.43,0.35,0.0071,0.356,RESULT: FAILURE (status=6),,
blocked,17,comppi_noanneal,True,False,21.16,0.239,7.57,0.3,0.0103,0.396,RESULT: SUCCESS (status=4),,
blocked,18,comppi,True,False,21.06,0.246,7.49,0.292,0.0095,0.4,RESULT: SUCCESS (status=4),,
blocked,18,dwb,False,False,72.66,6.343,11.17,0.4,0.0292,0.4,RESULT: FAILURE (status=6),,
blocked,18,mppi,True,False,27.66,0.233,7.68,0.269,0.0151,0.403,RESULT: SUCCESS (status=4),,
blocked,18,comppi_iid,False,False,9.96,7.299,0.3,1.1,0.0025,0.034,RESULT: FAILURE (status=6),,
blocked,18,comppi_nodetour,False,False,22.26,5.482,2.12,0.3,0.0063,0.395,RESULT: FAILURE (status=6),,
blocked,18,comppi_noanneal,True,False,21.08,0.239,7.51,0.292,0.0094,0.397,RESULT: SUCCESS (status=4),,
blocked,19,comppi,True,False,20.76,0.243,7.52,0.292,0.0108,0.4,RESULT: SUCCESS (status=4),,
blocked,19,dwb,False,False,20.86,3.542,5.22,0.4,0.0261,0.4,RESULT: FAILURE (status=6),,
blocked,19,mppi,False,False,31.46,2.961,4.7,0.35,0.0083,0.403,RESULT: FAILURE (status=6),,
blocked,19,comppi_iid,False,False,9.96,7.303,0.3,1.1,0.0027,0.034,RESULT: FAILURE (status=6),,
blocked,19,comppi_nodetour,False,False,25.06,2.947,4.66,0.3,0.0067,0.395,RESULT: FAILURE (status=6),,
blocked,19,comppi_noanneal,True,False,21.26,0.245,7.58,0.292,0.0101,0.396,RESULT: SUCCESS (status=4),,
blocked,20,comppi,True,False,20.96,0.241,7.54,0.269,0.0091,0.4,RESULT: SUCCESS (status=4),,
blocked,20,dwb,False,False,45.36,6.128,7.29,0.35,0.0347,0.4,RESULT: FAILURE (status=6),,
blocked,20,mppi,False,False,18.16,5.319,2.33,0.35,0.0099,0.403,RESULT: FAILURE (status=6),,
blocked,20,comppi_iid,False,False,9.96,7.301,0.3,1.1,0.0028,0.034,RESULT: FAILURE (status=6),,
blocked,20,comppi_nodetour,False,False,17.16,5.31,2.29,0.35,0.0068,0.393,RESULT: FAILURE (status=6),,
blocked,20,comppi_noanneal,True,False,21.56,0.247,7.57,0.3,0.0081,0.396,RESULT: SUCCESS (status=4),,
blocked,21,comppi,True,False,21.76,0.248,7.49,0.255,0.0076,0.4,RESULT: SUCCESS (status=4),,
blocked,21,dwb,False,False,74.06,5.427,11.97,0.3,0.0344,0.4,RESULT: FAILURE (status=6),,
blocked,21,mppi,True,False,27.76,0.25,7.67,0.269,0.0153,0.403,RESULT: SUCCESS (status=4),,
blocked,21,comppi_iid,False,False,9.96,7.298,0.3,1.1,0.0025,0.036,RESULT: FAILURE (status=6),,
blocked,21,comppi_nodetour,False,False,17.86,4.57,3.03,0.35,0.0074,0.395,RESULT: FAILURE (status=6),,
blocked,21,comppi_noanneal,True,False,21.16,0.246,7.51,0.3,0.01,0.396,RESULT: SUCCESS (status=4),,
blocked,22,comppi,True,False,20.96,0.246,7.52,0.269,0.0085,0.4,RESULT: SUCCESS (status=4),,
blocked,22,dwb,False,False,45.76,5.636,7.68,0.45,0.0242,0.4,RESULT: FAILURE (status=6),,
blocked,22,mppi,False,False,19.56,4.819,2.83,0.35,0.0096,0.403,RESULT: FAILURE (status=6),,
blocked,22,comppi_iid,False,False,9.96,7.296,0.3,1.1,0.0025,0.034,RESULT: FAILURE (status=6),,
blocked,22,comppi_nodetour,False,False,18.16,4.81,2.79,0.35,0.0072,0.394,RESULT: FAILURE (status=6),,
blocked,22,comppi_noanneal,True,False,21.28,0.234,7.55,0.3,0.0105,0.397,RESULT: SUCCESS (status=4),,
blocked,23,comppi,True,False,21.16,0.248,7.53,0.269,0.0083,0.4,RESULT: SUCCESS (status=4),,
blocked,23,dwb,False,False,15.16,6.541,2.58,0.45,0.0288,0.4,RESULT: FAILURE (status=6),,
blocked,23,mppi,False,False,15.66,5.729,1.92,0.35,0.0104,0.403,RESULT: FAILURE (status=6),,
blocked,23,comppi_iid,False,False,9.96,7.303,0.3,1.1,0.0025,0.035,RESULT: FAILURE (status=6),,
blocked,23,comppi_nodetour,False,False,15.26,5.715,1.89,0.35,0.0076,0.394,RESULT: FAILURE (status=6),,
blocked,23,comppi_noanneal,True,False,21.26,0.249,7.55,0.3,0.0092,0.397,RESULT: SUCCESS (status=4),,
blocked,24,comppi,True,False,20.76,0.246,7.51,0.292,0.0085,0.4,RESULT: SUCCESS (status=4),,
blocked,24,dwb,False,False,74.86,5.184,12.24,0.45,0.0289,0.4,RESULT: FAILURE (status=6),,
blocked,24,mppi,False,False,24.16,4.412,3.24,0.35,0.009,0.403,RESULT: FAILURE (status=6),,
blocked,24,comppi_iid,False,False,9.96,7.308,0.29,1.1,0.0026,0.034,RESULT: FAILURE (status=6),,
blocked,24,comppi_nodetour,False,False,20.36,4.405,3.2,0.35,0.0069,0.395,RESULT: FAILURE (status=6),,
blocked,24,comppi_noanneal,True,False,21.28,0.242,7.56,0.3,0.01,0.397,RESULT: SUCCESS (status=4),,
open,25,comppi,True,False,20.56,0.242,7.36,1.1,0.0107,0.396,RESULT: SUCCESS (status=4),,
open,25,mppi,True,False,19.16,0.246,7.35,1.1,0.0161,0.403,RESULT: SUCCESS (status=4),,
open,25,dwb,True,False,21.86,0.247,7.35,1.1,0.0256,0.4,RESULT: SUCCESS (status=4),,
open,26,comppi,True,False,20.96,0.243,7.36,1.1,0.0085,0.396,RESULT: SUCCESS (status=4),,
open,26,mppi,True,False,19.16,0.246,7.35,1.1,0.0162,0.403,RESULT: SUCCESS (status=4),,
open,26,dwb,True,False,21.88,0.244,7.36,1.1,0.0255,0.4,RESULT: SUCCESS (status=4),,
open,27,comppi,True,False,21.06,0.245,7.36,1.1,0.0083,0.397,RESULT: SUCCESS (status=4),,
open,27,mppi,True,False,19.16,0.246,7.35,1.1,0.0162,0.403,RESULT: SUCCESS (status=4),,
open,27,dwb,True,False,21.86,0.247,7.35,1.1,0.0252,0.4,RESULT: SUCCESS (status=4),,
open,28,comppi,True,False,20.86,0.241,7.36,1.1,0.009,0.395,RESULT: SUCCESS (status=4),,
open,28,mppi,True,False,19.16,0.245,7.36,1.1,0.015,0.403,RESULT: SUCCESS (status=4),,
open,28,dwb,True,False,21.86,0.247,7.35,1.1,0.0247,0.4,RESULT: SUCCESS (status=4),,
open,29,comppi,True,False,20.48,0.242,7.36,1.1,0.0106,0.395,RESULT: SUCCESS (status=4),,
open,29,mppi,True,False,19.16,0.246,7.35,1.1,0.0152,0.403,RESULT: SUCCESS (status=4),,
open,29,dwb,True,False,21.86,0.247,7.35,1.1,0.0255,0.4,RESULT: SUCCESS (status=4),,
open,30,comppi,True,False,21.18,0.248,7.36,1.1,0.0078,0.396,RESULT: SUCCESS (status=4),,
open,30,mppi,True,False,19.16,0.246,7.35,1.1,0.015,0.403,RESULT: SUCCESS (status=4),,
open,30,dwb,True,False,21.86,0.247,7.35,1.1,0.0256,0.4,RESULT: SUCCESS (status=4),,
open,31,comppi,True,False,20.76,0.246,7.36,1.1,0.0089,0.395,RESULT: SUCCESS (status=4),,
open,31,mppi,True,False,19.16,0.246,7.35,1.1,0.0161,0.403,RESULT: SUCCESS (status=4),,
open,31,dwb,True,False,21.86,0.247,7.35,1.1,0.0255,0.4,RESULT: SUCCESS (status=4),,
open,32,comppi,True,False,20.86,0.245,7.36,1.1,0.0085,0.396,RESULT: SUCCESS (status=4),,
open,32,mppi,True,False,19.16,0.246,7.35,1.1,0.0151,0.403,RESULT: SUCCESS (status=4),,
open,32,dwb,True,False,21.88,0.244,7.36,1.1,0.0255,0.4,RESULT: SUCCESS (status=4),,
open,33,comppi,True,False,20.96,0.246,7.36,1.1,0.0084,0.396,RESULT: SUCCESS (status=4),,
open,33,mppi,True,False,19.16,0.246,7.35,1.1,0.0151,0.403,RESULT: SUCCESS (status=4),,
open,33,dwb,True,False,21.86,0.247,7.35,1.1,0.0248,0.4,RESULT: SUCCESS (status=4),,
open,34,comppi,True,False,20.68,0.238,7.36,1.1,0.009,0.395,RESULT: SUCCESS (status=4),,
open,34,mppi,True,False,19.16,0.246,7.35,1.1,0.0151,0.403,RESULT: SUCCESS (status=4),,
open,34,dwb,True,False,21.86,0.247,7.35,1.1,0.0244,0.4,RESULT: SUCCESS (status=4),,
open,35,comppi,True,False,20.76,0.246,7.36,1.1,0.0089,0.396,RESULT: SUCCESS (status=4),,
open,35,mppi,True,False,19.16,0.246,7.35,1.1,0.0161,0.403,RESULT: SUCCESS (status=4),,
open,35,dwb,True,False,21.86,0.247,7.35,1.1,0.0257,0.4,RESULT: SUCCESS (status=4),,
open,36,comppi,True,False,20.66,0.246,7.36,1.1,0.0103,0.395,RESULT: SUCCESS (status=4),,
open,36,mppi,True,False,19.16,0.246,7.35,1.1,0.015,0.403,RESULT: SUCCESS (status=4),,
open,36,dwb,True,False,21.88,0.244,7.36,1.1,0.0258,0.4,RESULT: SUCCESS (status=4),,
open,37,comppi,True,False,20.96,0.247,7.36,1.1,0.0078,0.396,RESULT: SUCCESS (status=4),,
open,37,mppi,True,False,19.16,0.246,7.35,1.1,0.0151,0.403,RESULT: SUCCESS (status=4),,
open,37,dwb,True,False,21.86,0.247,7.35,1.1,0.0248,0.4,RESULT: SUCCESS (status=4),,
open,38,comppi,True,False,20.76,0.247,7.36,1.1,0.0089,0.395,RESULT: SUCCESS (status=4),,
open,38,mppi,True,False,19.16,0.246,7.35,1.1,0.0151,0.403,RESULT: SUCCESS (status=4),,
open,38,dwb,True,False,21.86,0.247,7.35,1.1,0.0255,0.4,RESULT: SUCCESS (status=4),,
open,39,comppi,True,False,20.86,0.249,7.35,1.1,0.0086,0.396,RESULT: SUCCESS (status=4),,
open,39,mppi,True,False,19.16,0.246,7.35,1.1,0.0162,0.403,RESULT: SUCCESS (status=4),,
open,39,dwb,True,False,21.86,0.247,7.35,1.1,0.0255,0.4,RESULT: SUCCESS (status=4),,
open,40,comppi,True,False,20.86,0.249,7.35,1.1,0.0087,0.396,RESULT: SUCCESS (status=4),,
open,40,mppi,True,False,19.16,0.246,7.35,1.1,0.015,0.403,RESULT: SUCCESS (status=4),,
open,40,dwb,True,False,21.86,0.247,7.35,1.1,0.0256,0.4,RESULT: SUCCESS (status=4),,
open,41,comppi,True,False,20.76,0.248,7.36,1.1,0.0085,0.396,RESULT: SUCCESS (status=4),,
open,41,mppi,True,False,19.16,0.246,7.35,1.1,0.0162,0.403,RESULT: SUCCESS (status=4),,
open,41,dwb,True,False,21.86,0.247,7.35,1.1,0.0255,0.4,RESULT: SUCCESS (status=4),,
open,42,comppi,True,False,20.96,0.247,7.36,1.1,0.0082,0.396,RESULT: SUCCESS (status=4),,
open,42,mppi,True,False,19.16,0.246,7.35,1.1,0.015,0.403,RESULT: SUCCESS (status=4),,
open,42,dwb,True,False,21.86,0.247,7.35,1.1,0.0256,0.4,RESULT: SUCCESS (status=4),,
open,43,comppi,True,False,21.06,0.244,7.36,1.1,0.0079,0.395,RESULT: SUCCESS (status=4),,
open,43,mppi,True,False,19.16,0.246,7.35,1.1,0.015,0.403,RESULT: SUCCESS (status=4),,
open,43,dwb,True,False,21.86,0.247,7.35,1.1,0.0248,0.4,RESULT: SUCCESS (status=4),,
open,44,comppi,True,False,20.56,0.241,7.36,1.1,0.0104,0.396,RESULT: SUCCESS (status=4),,
open,44,mppi,True,False,19.16,0.246,7.35,1.1,0.0151,0.403,RESULT: SUCCESS (status=4),,
open,44,dwb,True,False,21.86,0.247,7.35,1.1,0.0255,0.4,RESULT: SUCCESS (status=4),,
open,45,comppi,True,False,20.68,0.241,7.36,1.1,0.0091,0.396,RESULT: SUCCESS (status=4),,
open,45,mppi,True,False,19.16,0.246,7.35,1.1,0.015,0.403,RESULT: SUCCESS (status=4),,
open,45,dwb,True,False,21.86,0.247,7.35,1.1,0.0248,0.4,RESULT: SUCCESS (status=4),,
open,46,comppi,True,False,20.98,0.249,7.35,1.1,0.0083,0.395,RESULT: SUCCESS (status=4),,
open,46,mppi,True,False,19.16,0.246,7.35,1.1,0.0151,0.403,RESULT: SUCCESS (status=4),,
open,46,dwb,True,False,21.86,0.247,7.35,1.1,0.0256,0.4,RESULT: SUCCESS (status=4),,
open,47,comppi,True,False,20.96,0.24,7.36,1.1,0.0094,0.395,RESULT: SUCCESS (status=4),,
open,47,mppi,True,False,19.16,0.242,7.36,1.1,0.0149,0.403,RESULT: SUCCESS (status=4),,
open,47,dwb,True,False,21.86,0.247,7.35,1.1,0.0256,0.4,RESULT: SUCCESS (status=4),,
open,48,comppi,True,False,20.86,0.246,7.36,1.1,0.0089,0.395,RESULT: SUCCESS (status=4),,
open,48,mppi,True,False,19.16,0.246,7.35,1.1,0.0152,0.403,RESULT: SUCCESS (status=4),,
open,48,dwb,True,False,21.86,0.247,7.35,1.1,0.0255,0.4,RESULT: SUCCESS (status=4),,
open,49,comppi,True,False,20.86,0.242,7.36,1.1,0.0101,0.395,RESULT: SUCCESS (status=4),,
open,49,mppi,True,False,19.18,0.241,7.36,1.1,0.015,0.403,RESULT: SUCCESS (status=4),,
open,49,dwb,True,False,21.86,0.247,7.35,1.1,0.0248,0.4,RESULT: SUCCESS (status=4),,
open,50,comppi,True,False,20.76,0.247,7.36,1.1,0.0082,0.395,RESULT: SUCCESS (status=4),,
open,50,mppi,True,False,19.18,0.241,7.36,1.1,0.015,0.403,RESULT: SUCCESS (status=4),,
open,50,dwb,True,False,21.86,0.247,7.35,1.1,0.0248,0.4,RESULT: SUCCESS (status=4),,
open,51,comppi,True,False,21.16,0.247,7.36,1.1,0.0083,0.395,RESULT: SUCCESS (status=4),,
open,51,mppi,True,False,19.16,0.246,7.35,1.1,0.015,0.403,RESULT: SUCCESS (status=4),,
open,51,dwb,True,False,21.86,0.247,7.35,1.1,0.0248,0.4,RESULT: SUCCESS (status=4),,
open,52,comppi,True,False,20.78,0.244,7.36,1.1,0.0094,0.394,RESULT: SUCCESS (status=4),,
open,52,mppi,True,False,19.16,0.246,7.35,1.1,0.0162,0.403,RESULT: SUCCESS (status=4),,
open,52,dwb,True,False,21.86,0.247,7.35,1.1,0.0248,0.4,RESULT: SUCCESS (status=4),,
open,53,comppi,True,False,20.86,0.242,7.36,1.1,0.0094,0.395,RESULT: SUCCESS (status=4),,
open,53,mppi,True,False,19.16,0.246,7.35,1.1,0.0151,0.403,RESULT: SUCCESS (status=4),,
open,53,dwb,True,False,21.86,0.247,7.35,1.1,0.0248,0.4,RESULT: SUCCESS (status=4),,
open,54,comppi,True,False,21.46,0.249,7.36,1.1,0.0074,0.395,RESULT: SUCCESS (status=4),,
open,54,mppi,True,False,19.16,0.246,7.35,1.1,0.0162,0.403,RESULT: SUCCESS (status=4),,
open,54,dwb,True,False,21.86,0.247,7.35,1.1,0.0258,0.4,RESULT: SUCCESS (status=4),,
open,55,comppi,True,False,20.66,0.249,7.35,1.1,0.0102,0.396,RESULT: SUCCESS (status=4),,
open,55,mppi,True,False,19.16,0.246,7.35,1.1,0.0149,0.403,RESULT: SUCCESS (status=4),,
open,55,dwb,True,False,21.86,0.247,7.35,1.1,0.0255,0.4,RESULT: SUCCESS (status=4),,
open,56,comppi,True,False,20.76,0.243,7.36,1.1,0.0084,0.396,RESULT: SUCCESS (status=4),,
open,56,mppi,True,False,19.16,0.246,7.35,1.1,0.0152,0.403,RESULT: SUCCESS (status=4),,
open,56,dwb,True,False,21.86,0.247,7.35,1.1,0.0248,0.4,RESULT: SUCCESS (status=4),,
open,57,comppi,True,False,20.66,0.243,7.36,1.1,0.0097,0.396,RESULT: SUCCESS (status=4),,
open,57,mppi,True,False,19.16,0.246,7.35,1.1,0.0162,0.403,RESULT: SUCCESS (status=4),,
open,57,dwb,True,False,21.86,0.247,7.35,1.1,0.0257,0.4,RESULT: SUCCESS (status=4),,
open,58,comppi,True,False,21.06,0.249,7.35,1.1,0.0079,0.396,RESULT: SUCCESS (status=4),,
open,58,mppi,True,False,19.16,0.246,7.35,1.1,0.015,0.403,RESULT: SUCCESS (status=4),,
open,58,dwb,True,False,21.86,0.247,7.35,1.1,0.0252,0.4,RESULT: SUCCESS (status=4),,
open,59,comppi,True,False,20.76,0.25,7.35,1.1,0.0098,0.395,RESULT: SUCCESS (status=4),,
open,59,mppi,True,False,19.16,0.246,7.35,1.1,0.0149,0.403,RESULT: SUCCESS (status=4),,
open,59,dwb,True,False,21.86,0.246,7.35,1.1,0.0255,0.4,RESULT: SUCCESS (status=4),,
open,60,comppi,True,False,20.56,0.249,7.35,1.1,0.0102,0.396,RESULT: SUCCESS (status=4),,
open,60,mppi,True,False,19.16,0.246,7.35,1.1,0.015,0.403,RESULT: SUCCESS (status=4),,
open,60,dwb,True,False,21.86,0.247,7.35,1.1,0.0255,0.4,RESULT: SUCCESS (status=4),,
open,61,comppi,True,False,20.66,0.244,7.36,1.1,0.0104,0.396,RESULT: SUCCESS (status=4),,
open,61,mppi,True,False,19.18,0.241,7.36,1.1,0.0148,0.403,RESULT: SUCCESS (status=4),,
open,61,dwb,True,False,21.86,0.247,7.35,1.1,0.0252,0.4,RESULT: SUCCESS (status=4),,
open,62,comppi,True,False,20.96,0.249,7.35,1.1,0.0084,0.394,RESULT: SUCCESS (status=4),,
open,62,mppi,True,False,19.16,0.246,7.35,1.1,0.0161,0.403,RESULT: SUCCESS (status=4),,
open,62,dwb,True,False,21.88,0.244,7.36,1.1,0.0255,0.4,RESULT: SUCCESS (status=4),,
open,63,comppi,True,False,20.66,0.248,7.35,1.1,0.0093,0.396,RESULT: SUCCESS (status=4),,
open,63,mppi,True,False,19.16,0.246,7.35,1.1,0.015,0.403,RESULT: SUCCESS (status=4),,
open,63,dwb,True,False,21.86,0.247,7.35,1.1,0.0255,0.4,RESULT: SUCCESS (status=4),,
open,64,comppi,True,False,20.86,0.248,7.35,1.1,0.0085,0.395,RESULT: SUCCESS (status=4),,
open,64,mppi,True,False,19.16,0.246,7.35,1.1,0.0161,0.403,RESULT: SUCCESS (status=4),,
open,64,dwb,True,False,21.86,0.247,7.35,1.1,0.0255,0.4,RESULT: SUCCESS (status=4),,
open,65,comppi,True,False,20.86,0.248,7.35,1.1,0.0081,0.395,RESULT: SUCCESS (status=4),,
open,65,mppi,True,False,19.16,0.246,7.35,1.1,0.0161,0.403,RESULT: SUCCESS (status=4),,
open,65,dwb,True,False,21.86,0.247,7.35,1.1,0.0255,0.4,RESULT: SUCCESS (status=4),,
open,66,comppi,True,False,20.66,0.245,7.36,1.1,0.0099,0.396,RESULT: SUCCESS (status=4),,
open,66,mppi,True,False,19.16,0.246,7.35,1.1,0.0148,0.403,RESULT: SUCCESS (status=4),,
open,66,dwb,True,False,21.86,0.247,7.35,1.1,0.0247,0.4,RESULT: SUCCESS (status=4),,
open,67,comppi,True,False,21.56,0.246,7.36,1.1,0.0074,0.396,RESULT: SUCCESS (status=4),,
open,67,mppi,True,False,19.16,0.246,7.35,1.1,0.0161,0.403,RESULT: SUCCESS (status=4),,
open,67,dwb,True,False,21.86,0.247,7.35,1.1,0.0255,0.4,RESULT: SUCCESS (status=4),,
open,68,comppi,True,False,20.86,0.243,7.36,1.1,0.0088,0.394,RESULT: SUCCESS (status=4),,
open,68,mppi,True,False,19.16,0.246,7.35,1.1,0.015,0.403,RESULT: SUCCESS (status=4),,
open,68,dwb,True,False,21.88,0.244,7.36,1.1,0.0257,0.4,RESULT: SUCCESS (status=4),,
open,69,comppi,True,False,20.76,0.245,7.36,1.1,0.0086,0.396,RESULT: SUCCESS (status=4),,
open,69,mppi,True,False,19.16,0.246,7.35,1.1,0.0161,0.403,RESULT: SUCCESS (status=4),,
open,69,dwb,True,False,21.86,0.247,7.35,1.1,0.0255,0.4,RESULT: SUCCESS (status=4),,
open,70,comppi,True,False,20.66,0.246,7.36,1.1,0.0101,0.395,RESULT: SUCCESS (status=4),,
open,70,mppi,True,False,19.16,0.246,7.35,1.1,0.0161,0.403,RESULT: SUCCESS (status=4),,
open,70,dwb,True,False,21.88,0.244,7.36,1.1,0.0255,0.4,RESULT: SUCCESS (status=4),,
open,71,comppi,True,False,20.76,0.246,7.36,1.1,0.0086,0.395,RESULT: SUCCESS (status=4),,
open,71,mppi,True,False,19.16,0.246,7.35,1.1,0.015,0.403,RESULT: SUCCESS (status=4),,
open,71,dwb,True,False,21.86,0.247,7.35,1.1,0.0255,0.4,RESULT: SUCCESS (status=4),,
open,72,comppi,True,False,21.16,0.247,7.35,1.1,0.0077,0.396,RESULT: SUCCESS (status=4),,
open,72,mppi,True,False,19.18,0.242,7.36,1.1,0.015,0.403,RESULT: SUCCESS (status=4),,
open,72,dwb,True,False,21.86,0.247,7.35,1.1,0.0248,0.4,RESULT: SUCCESS (status=4),,
open,73,comppi,True,False,20.66,0.243,7.36,1.1,0.0097,0.395,RESULT: SUCCESS (status=4),,
open,73,mppi,True,False,19.16,0.246,7.35,1.1,0.0162,0.403,RESULT: SUCCESS (status=4),,
open,73,dwb,True,False,21.86,0.247,7.35,1.1,0.0247,0.4,RESULT: SUCCESS (status=4),,
open,74,comppi,True,False,20.66,0.247,7.36,1.1,0.0093,0.395,RESULT: SUCCESS (status=4),,
open,74,mppi,True,False,19.16,0.246,7.35,1.1,0.0162,0.403,RESULT: SUCCESS (status=4),,
open,74,dwb,True,False,21.86,0.247,7.35,1.1,0.0257,0.4,RESULT: SUCCESS (status=4),,
open,75,comppi,True,False,20.86,0.247,7.36,1.1,0.0084,0.396,RESULT: SUCCESS (status=4),,
open,75,mppi,True,False,19.16,0.246,7.35,1.1,0.015,0.403,RESULT: SUCCESS (status=4),,
open,75,dwb,True,False,21.86,0.247,7.35,1.1,0.0256,0.4,RESULT: SUCCESS (status=4),,
open,76,comppi,True,False,20.96,0.247,7.36,1.1,0.0084,0.395,RESULT: SUCCESS (status=4),,
open,76,mppi,True,False,19.16,0.246,7.35,1.1,0.0151,0.403,RESULT: SUCCESS (status=4),,
open,76,dwb,True,False,21.86,0.247,7.35,1.1,0.0247,0.4,RESULT: SUCCESS (status=4),,
open,77,comppi,True,False,20.76,0.249,7.36,1.1,0.0084,0.396,RESULT: SUCCESS (status=4),,
open,77,mppi,True,False,19.16,0.246,7.35,1.1,0.015,0.403,RESULT: SUCCESS (status=4),,
open,77,dwb,True,False,21.86,0.247,7.35,1.1,0.0257,0.4,RESULT: SUCCESS (status=4),,
open,78,comppi,True,False,20.56,0.249,7.35,1.1,0.0106,0.397,RESULT: SUCCESS (status=4),,
open,78,mppi,True,False,19.16,0.246,7.35,1.1,0.015,0.403,RESULT: SUCCESS (status=4),,
open,78,dwb,True,False,21.86,0.247,7.35,1.1,0.0255,0.4,RESULT: SUCCESS (status=4),,
open,79,comppi,True,False,20.86,0.24,7.36,1.1,0.0097,0.396,RESULT: SUCCESS (status=4),,
open,79,mppi,True,False,19.16,0.246,7.35,1.1,0.015,0.403,RESULT: SUCCESS (status=4),,
open,79,dwb,True,False,21.86,0.247,7.35,1.1,0.0255,0.4,RESULT: SUCCESS (status=4),,
open,80,comppi,True,False,20.66,0.248,7.36,1.1,0.0093,0.395,RESULT: SUCCESS (status=4),,
open,80,mppi,True,False,19.16,0.246,7.35,1.1,0.015,0.403,RESULT: SUCCESS (status=4),,
open,80,dwb,True,False,21.88,0.244,7.36,1.1,0.0255,0.4,RESULT: SUCCESS (status=4),,
open,81,comppi,True,False,20.76,0.25,7.35,1.1,0.0095,0.395,RESULT: SUCCESS (status=4),,
open,81,mppi,True,False,19.16,0.246,7.35,1.1,0.0162,0.403,RESULT: SUCCESS (status=4),,
open,81,dwb,True,False,21.88,0.244,7.36,1.1,0.0255,0.4,RESULT: SUCCESS (status=4),,
open,82,comppi,True,False,20.66,0.244,7.36,1.1,0.0108,0.395,RESULT: SUCCESS (status=4),,
open,82,mppi,True,False,19.16,0.246,7.35,1.1,0.0148,0.403,RESULT: SUCCESS (status=4),,
open,82,dwb,True,False,21.86,0.247,7.35,1.1,0.0255,0.4,RESULT: SUCCESS (status=4),,
open,83,comppi,True,False,20.66,0.246,7.36,1.1,0.0097,0.396,RESULT: SUCCESS (status=4),,
open,83,mppi,True,False,19.16,0.246,7.35,1.1,0.0161,0.403,RESULT: SUCCESS (status=4),,
open,83,dwb,True,False,21.86,0.247,7.35,1.1,0.0257,0.4,RESULT: SUCCESS (status=4),,
open,84,comppi,True,False,20.56,0.247,7.36,1.1,0.0113,0.395,RESULT: SUCCESS (status=4),,
open,84,mppi,True,False,19.16,0.246,7.35,1.1,0.015,0.403,RESULT: SUCCESS (status=4),,
open,84,dwb,True,False,21.86,0.247,7.35,1.1,0.0255,0.4,RESULT: SUCCESS (status=4),,
open,85,comppi,True,False,20.76,0.246,7.36,1.1,0.0095,0.395,RESULT: SUCCESS (status=4),,
open,85,mppi,True,False,19.16,0.246,7.35,1.1,0.015,0.403,RESULT: SUCCESS (status=4),,
open,85,dwb,True,False,21.88,0.244,7.36,1.1,0.0255,0.4,RESULT: SUCCESS (status=4),,
open,86,comppi,True,False,20.56,0.248,7.36,1.1,0.0097,0.396,RESULT: SUCCESS (status=4),,
open,86,mppi,True,False,19.16,0.246,7.35,1.1,0.0161,0.403,RESULT: SUCCESS (status=4),,
open,86,dwb,True,False,21.86,0.247,7.35,1.1,0.0255,0.4,RESULT: SUCCESS (status=4),,
open,87,comppi,True,False,20.88,0.247,7.36,1.1,0.0087,0.395,RESULT: SUCCESS (status=4),,
open,87,mppi,True,False,19.16,0.246,7.35,1.1,0.015,0.403,RESULT: SUCCESS (status=4),,
open,87,dwb,True,False,21.86,0.247,7.35,1.1,0.0255,0.4,RESULT: SUCCESS (status=4),,
open,88,comppi,True,False,20.76,0.242,7.36,1.1,0.0091,0.396,RESULT: SUCCESS (status=4),,
open,88,mppi,True,False,19.16,0.246,7.35,1.1,0.015,0.403,RESULT: SUCCESS (status=4),,
open,88,dwb,True,False,21.86,0.247,7.35,1.1,0.0252,0.4,RESULT: SUCCESS (status=4),,
open,89,comppi,True,False,20.76,0.246,7.36,1.1,0.0085,0.395,RESULT: SUCCESS (status=4),,
open,89,mppi,True,False,19.16,0.246,7.35,1.1,0.015,0.403,RESULT: SUCCESS (status=4),,
open,89,dwb,True,False,21.86,0.247,7.35,1.1,0.0255,0.4,RESULT: SUCCESS (status=4),,
open,90,comppi,True,False,20.66,0.243,7.36,1.1,0.0096,0.396,RESULT: SUCCESS (status=4),,
open,90,mppi,True,False,19.16,0.246,7.35,1.1,0.0161,0.403,RESULT: SUCCESS (status=4),,
open,90,dwb,True,False,21.86,0.247,7.35,1.1,0.0248,0.4,RESULT: SUCCESS (status=4),,
open,91,comppi,True,False,20.96,0.247,7.36,1.1,0.0081,0.396,RESULT: SUCCESS (status=4),,
open,91,mppi,True,False,19.16,0.246,7.35,1.1,0.015,0.403,RESULT: SUCCESS (status=4),,
open,91,dwb,True,False,21.86,0.247,7.35,1.1,0.0255,0.4,RESULT: SUCCESS (status=4),,
open,92,comppi,True,False,20.66,0.249,7.36,1.1,0.0096,0.395,RESULT: SUCCESS (status=4),,
open,92,mppi,True,False,19.16,0.246,7.35,1.1,0.015,0.403,RESULT: SUCCESS (status=4),,
open,92,dwb,True,False,21.86,0.247,7.35,1.1,0.0255,0.4,RESULT: SUCCESS (status=4),,
open,93,comppi,True,False,20.76,0.244,7.36,1.1,0.0088,0.396,RESULT: SUCCESS (status=4),,
open,93,mppi,True,False,19.16,0.246,7.35,1.1,0.015,0.403,RESULT: SUCCESS (status=4),,
open,93,dwb,True,False,21.86,0.247,7.35,1.1,0.0255,0.4,RESULT: SUCCESS (status=4),,
open,94,comppi,True,False,20.66,0.246,7.36,1.1,0.0103,0.395,RESULT: SUCCESS (status=4),,
open,94,mppi,True,False,19.16,0.246,7.35,1.1,0.015,0.403,RESULT: SUCCESS (status=4),,
open,94,dwb,True,False,21.86,0.247,7.35,1.1,0.0256,0.4,RESULT: SUCCESS (status=4),,
open,95,comppi,True,False,20.86,0.242,7.36,1.1,0.0091,0.395,RESULT: SUCCESS (status=4),,
open,95,mppi,True,False,19.16,0.246,7.35,1.1,0.015,0.403,RESULT: SUCCESS (status=4),,
open,95,dwb,True,False,21.88,0.244,7.36,1.1,0.0255,0.4,RESULT: SUCCESS (status=4),,
open,96,comppi,True,False,20.76,0.246,7.36,1.1,0.0097,0.395,RESULT: SUCCESS (status=4),,
open,96,mppi,True,False,19.16,0.246,7.35,1.1,0.015,0.403,RESULT: SUCCESS (status=4),,
open,96,dwb,True,False,21.86,0.247,7.35,1.1,0.0248,0.4,RESULT: SUCCESS (status=4),,
open,97,comppi,True,False,20.96,0.248,7.35,1.1,0.0079,0.396,RESULT: SUCCESS (status=4),,
open,97,mppi,True,False,19.16,0.246,7.35,1.1,0.0161,0.403,RESULT: SUCCESS (status=4),,
open,97,dwb,True,False,21.86,0.247,7.35,1.1,0.0255,0.4,RESULT: SUCCESS (status=4),,
open,98,comppi,True,False,20.76,0.247,7.35,1.1,0.0091,0.395,RESULT: SUCCESS (status=4),,
open,98,mppi,True,False,19.16,0.246,7.35,1.1,0.0161,0.403,RESULT: SUCCESS (status=4),,
open,98,dwb,True,False,21.86,0.247,7.35,1.1,0.0255,0.4,RESULT: SUCCESS (status=4),,
open,99,comppi,True,False,20.66,0.248,7.36,1.1,0.0102,0.395,RESULT: SUCCESS (status=4),,
open,99,mppi,True,False,19.16,0.246,7.35,1.1,0.0162,0.403,RESULT: SUCCESS (status=4),,
open,99,dwb,True,False,21.86,0.247,7.35,1.1,0.0252,0.4,RESULT: SUCCESS (status=4),,
clutter,25,comppi,True,False,21.26,0.246,7.36,0.5,0.008,0.396,RESULT: SUCCESS (status=4),,
clutter,25,mppi,True,False,19.16,0.246,7.35,0.5,0.0151,0.403,RESULT: SUCCESS (status=4),,
clutter,25,dwb,True,False,21.86,0.247,7.35,0.55,0.0255,0.4,RESULT: SUCCESS (status=4),,
clutter,26,comppi,True,False,21.16,0.248,7.39,0.25,0.0081,0.397,RESULT: SUCCESS (status=4),,
clutter,26,mppi,True,False,19.36,0.249,7.4,0.292,0.0147,0.403,RESULT: SUCCESS (status=4),,
clutter,26,dwb,True,False,25.56,0.247,7.43,0.3,0.0275,0.4,RESULT: SUCCESS (status=4),,
clutter,27,comppi,True,False,20.86,0.246,7.36,0.3,0.0083,0.395,RESULT: SUCCESS (status=4),,
clutter,27,mppi,True,False,19.26,0.234,7.37,0.35,0.0144,0.403,RESULT: SUCCESS (status=4),,
clutter,27,dwb,True,False,25.16,0.244,7.36,0.35,0.0363,0.4,RESULT: SUCCESS (status=4),,
clutter,28,comppi,True,False,20.86,0.246,7.36,0.25,0.0086,0.394,RESULT: SUCCESS (status=4),,
clutter,28,mppi,True,False,19.16,0.249,7.36,0.3,0.0151,0.403,RESULT: SUCCESS (status=4),,
clutter,28,dwb,True,False,23.76,0.243,7.38,0.35,0.0305,0.4,RESULT: SUCCESS (status=4),,
clutter,29,comppi,True,False,21.36,0.25,7.54,0.25,0.0091,0.398,RESULT: SUCCESS (status=4),,
clutter,29,mppi,True,False,21.26,0.241,7.58,0.25,0.0153,0.405,RESULT: SUCCESS (status=4),,
clutter,29,dwb,False,True,30.86,0.239,7.69,0.18,0.0355,0.4,RESULT: SUCCESS (status=4),,
clutter,30,comppi,True,False,20.56,0.249,7.35,0.35,0.0115,0.395,RESULT: SUCCESS (status=4),,
clutter,30,mppi,True,False,19.18,0.242,7.36,0.4,0.015,0.403,RESULT: SUCCESS (status=4),,
clutter,30,dwb,True,False,23.56,0.24,7.37,0.4,0.0289,0.4,RESULT: SUCCESS (status=4),,
clutter,31,comppi,True,False,20.66,0.238,7.36,0.3,0.0109,0.396,RESULT: SUCCESS (status=4),,
clutter,31,mppi,True,False,19.18,0.242,7.36,0.3,0.015,0.403,RESULT: SUCCESS (status=4),,
clutter,31,dwb,True,False,24.26,0.246,7.36,0.35,0.0345,0.4,RESULT: SUCCESS (status=4),,
clutter,32,comppi,True,False,20.76,0.247,7.36,0.3,0.0086,0.395,RESULT: SUCCESS (status=4),,
clutter,32,mppi,True,False,19.16,0.246,7.35,0.35,0.015,0.403,RESULT: SUCCESS (status=4),,
clutter,32,dwb,True,False,26.56,0.243,7.37,0.381,0.0314,0.4,RESULT: SUCCESS (status=4),,
clutter,33,comppi,True,False,20.76,0.247,7.36,1.1,0.0096,0.396,RESULT: SUCCESS (status=4),,
clutter,33,mppi,True,False,19.16,0.246,7.35,1.1,0.015,0.403,RESULT: SUCCESS (status=4),,
clutter,33,dwb,True,False,21.86,0.247,7.35,1.1,0.0255,0.4,RESULT: SUCCESS (status=4),,
clutter,34,comppi,True,False,20.76,0.243,7.36,0.7,0.0092,0.395,RESULT: SUCCESS (status=4),,
clutter,34,mppi,True,False,19.16,0.246,7.35,0.7,0.0151,0.403,RESULT: SUCCESS (status=4),,
clutter,34,dwb,True,False,21.86,0.247,7.35,0.7,0.0255,0.4,RESULT: SUCCESS (status=4),,
clutter,35,comppi,True,False,20.86,0.248,7.37,0.25,0.0085,0.397,RESULT: SUCCESS (status=4),,
clutter,35,mppi,True,False,19.26,0.234,7.38,0.3,0.0158,0.403,RESULT: SUCCESS (status=4),,
clutter,35,dwb,True,False,24.18,0.243,7.39,0.335,0.0312,0.4,RESULT: SUCCESS (status=4),,
clutter,36,comppi,True,False,20.66,0.25,7.35,0.4,0.0105,0.395,RESULT: SUCCESS (status=4),,
clutter,36,mppi,True,False,19.16,0.246,7.35,0.45,0.015,0.403,RESULT: SUCCESS (status=4),,
clutter,36,dwb,True,False,23.86,0.246,7.35,0.4,0.0289,0.4,RESULT: SUCCESS (status=4),,
clutter,37,comppi,True,False,20.88,0.242,7.36,0.5,0.0094,0.395,RESULT: SUCCESS (status=4),,
clutter,37,mppi,True,False,19.16,0.246,7.35,0.5,0.0161,0.403,RESULT: SUCCESS (status=4),,
clutter,37,dwb,True,False,21.86,0.247,7.35,0.55,0.0255,0.4,RESULT: SUCCESS (status=4),,
clutter,38,comppi,True,False,20.86,0.249,7.36,0.3,0.0096,0.395,RESULT: SUCCESS (status=4),,
clutter,38,mppi,True,False,19.16,0.237,7.37,0.3,0.015,0.403,RESULT: SUCCESS (status=4),,
clutter,38,dwb,True,False,25.48,0.242,7.37,0.3,0.0299,0.4,RESULT: SUCCESS (status=4),,
clutter,39,comppi,True,False,20.86,0.245,7.36,0.25,0.0094,0.396,RESULT: SUCCESS (status=4),,
clutter,39,mppi,True,False,19.56,0.237,7.38,0.269,0.0147,0.403,RESULT: SUCCESS (status=4),,
clutter,39,dwb,True,False,30.66,0.249,7.44,0.2,0.0373,0.4,RESULT: SUCCESS (status=4),,
clutter,40,comppi,True,False,20.86,0.24,7.48,0.25,0.0107,0.394,RESULT: SUCCESS (status=4),,
clutter,40,mppi,True,False,19.58,0.232,7.5,0.3,0.0147,0.403,RESULT: SUCCESS (status=4),,
clutter,40,dwb,True,False,26.56,0.248,7.53,0.316,0.0332,0.4,RESULT: SUCCESS (status=4),,
clutter,41,comppi,True,False,20.96,0.249,7.36,0.25,0.008,0.395,RESULT: SUCCESS (status=4),,
clutter,41,mppi,True,False,19.26,0.24,7.36,0.3,0.0146,0.403,RESULT: SUCCESS (status=4),,
clutter,41,dwb,True,False,24.26,0.246,7.37,0.335,0.0329,0.4,RESULT: SUCCESS (status=4),,
clutter,42,comppi,True,False,20.76,0.245,7.4,0.25,0.0099,0.395,RESULT: SUCCESS (status=4),,
clutter,42,mppi,True,False,19.26,0.248,7.4,0.3,0.0162,0.403,RESULT: SUCCESS (status=4),,
clutter,42,dwb,True,False,25.96,0.247,7.42,0.335,0.0364,0.4,RESULT: SUCCESS (status=4),,
clutter,43,comppi,True,False,21.06,0.243,7.41,0.25,0.0085,0.395,RESULT: SUCCESS (status=4),,
clutter,43,mppi,True,False,19.36,0.238,7.42,0.3,0.0149,0.403,RESULT: SUCCESS (status=4),,
clutter,43,dwb,True,False,24.46,0.245,7.44,0.335,0.0268,0.4,RESULT: SUCCESS (status=4),,
clutter,44,comppi,True,False,20.86,0.245,7.36,0.45,0.0082,0.395,RESULT: SUCCESS (status=4),,
clutter,44,mppi,True,False,19.16,0.246,7.35,0.5,0.015,0.403,RESULT: SUCCESS (status=4),,
clutter,44,dwb,True,False,21.86,0.247,7.35,0.45,0.0255,0.4,RESULT: SUCCESS (status=4),,
clutter,45,comppi,True,False,21.06,0.246,7.36,0.3,0.0081,0.395,RESULT: SUCCESS (status=4),,
clutter,45,mppi,True,False,19.18,0.242,7.36,0.35,0.0151,0.403,RESULT: SUCCESS (status=4),,
clutter,45,dwb,True,False,23.56,0.246,7.36,0.354,0.0304,0.4,RESULT: SUCCESS (status=4),,
clutter,46,comppi,True,False,20.86,0.245,7.4,0.25,0.0092,0.396,RESULT: SUCCESS (status=4),,
clutter,46,mppi,True,False,19.38,0.234,7.43,0.3,0.0148,0.403,RESULT: SUCCESS (status=4),,
clutter,46,dwb,True,False,26.56,0.247,7.45,0.335,0.0275,0.4,RESULT: SUCCESS (status=4),,
clutter,47,comppi,True,False,20.76,0.241,7.36,1.1,0.0092,0.395,RESULT: SUCCESS (status=4),,
clutter,47,mppi,True,False,19.16,0.246,7.35,1.1,0.015,0.403,RESULT: SUCCESS (status=4),,
clutter,47,dwb,True,False,21.86,0.247,7.35,1.1,0.0248,0.4,RESULT: SUCCESS (status=4),,
clutter,48,comppi,True,False,21.46,0.243,7.58,0.25,0.0092,0.397,RESULT: SUCCESS (status=4),,
clutter,48,mppi,True,False,20.26,0.241,7.62,0.25,0.0148,0.403,RESULT: SUCCESS (status=4),,
clutter,48,dwb,True,False,29.26,0.249,7.72,0.283,0.0367,0.4,RESULT: SUCCESS (status=4),,
clutter,49,comppi,True,False,21.26,0.247,7.41,0.25,0.0079,0.395,RESULT: SUCCESS (status=4),,
clutter,49,mppi,True,False,19.36,0.237,7.43,0.3,0.0158,0.403,RESULT: SUCCESS (status=4),,
clutter,49,dwb,True,False,24.46,0.242,7.46,0.35,0.0284,0.4,RESULT: SUCCESS (status=4),,
clutter,50,comppi,True,False,21.06,0.246,7.36,0.25,0.0081,0.395,RESULT: SUCCESS (status=4),,
clutter,50,mppi,True,False,19.16,0.246,7.35,0.3,0.0161,0.403,RESULT: SUCCESS (status=4),,
clutter,50,dwb,True,False,24.56,0.25,7.36,0.35,0.036,0.4,RESULT: SUCCESS (status=4),,
clutter,51,comppi,True,False,20.96,0.247,7.36,0.3,0.0085,0.396,RESULT: SUCCESS (status=4),,
clutter,51,mppi,True,False,19.16,0.25,7.35,0.35,0.016,0.403,RESULT: SUCCESS (status=4),,
clutter,51,dwb,True,False,24.96,0.247,7.36,0.364,0.0267,0.4,RESULT: SUCCESS (status=4),,
clutter,52,comppi,True,False,21.16,0.248,7.35,0.35,0.008,0.395,RESULT: SUCCESS (status=4),,
clutter,52,mppi,True,False,19.16,0.246,7.35,0.4,0.015,0.403,RESULT: SUCCESS (status=4),,
clutter,52,dwb,True,False,25.36,0.244,7.36,0.4,0.0319,0.4,RESULT: SUCCESS (status=4),,
clutter,53,comppi,True,False,21.86,0.24,7.78,0.25,0.0095,0.399,RESULT: SUCCESS (status=4),,
clutter,53,mppi,True,False,20.86,0.24,7.78,0.25,0.0138,0.403,RESULT: SUCCESS (status=4),,
clutter,53,dwb,True,False,25.96,0.248,7.87,0.316,0.0329,0.4,RESULT: SUCCESS (status=4),,
clutter,54,comppi,True,False,20.86,0.249,7.35,0.856,0.0097,0.396,RESULT: SUCCESS (status=4),,
clutter,54,mppi,True,False,19.16,0.246,7.35,0.906,0.015,0.403,RESULT: SUCCESS (status=4),,
clutter,54,dwb,True,False,21.86,0.247,7.35,0.906,0.0255,0.4,RESULT: SUCCESS (status=4),,
clutter,55,comppi,True,False,20.86,0.25,7.42,0.25,0.01,0.396,RESULT: SUCCESS (status=4),,
clutter,55,mppi,True,False,19.36,0.243,7.43,0.269,0.0148,0.405,RESULT: SUCCESS (status=4),,
clutter,55,dwb,True,False,24.36,0.245,7.47,0.335,0.0302,0.4,RESULT: SUCCESS (status=4),,
clutter,56,comppi,True,False,20.56,0.249,7.37,0.269,0.0102,0.396,RESULT: SUCCESS (status=4),,
clutter,56,mppi,True,False,19.26,0.234,7.38,0.3,0.0147,0.403,RESULT: SUCCESS (status=4),,
clutter,56,dwb,True,False,24.46,0.25,7.4,0.354,0.0307,0.4,RESULT: SUCCESS (status=4),,
clutter,57,comppi,True,False,20.86,0.248,7.36,0.45,0.0098,0.395,RESULT: SUCCESS (status=4),,
clutter,57,mppi,True,False,19.16,0.245,7.36,0.5,0.0161,0.403,RESULT: SUCCESS (status=4),,
clutter,57,dwb,True,False,23.06,0.247,7.35,0.45,0.0302,0.4,RESULT: SUCCESS (status=4),,
clutter,58,comppi,True,False,20.76,0.249,7.35,0.502,0.0093,0.395,RESULT: SUCCESS (status=4),,
clutter,58,mppi,True,False,19.16,0.246,7.35,0.5,0.015,0.403,RESULT: SUCCESS (status=4),,
clutter,58,dwb,True,False,21.86,0.247,7.35,0.55,0.0252,0.4,RESULT: SUCCESS (status=4),,
clutter,59,comppi,True,False,20.66,0.245,7.37,0.25,0.0108,0.396,RESULT: SUCCESS (status=4),,
clutter,59,mppi,True,False,19.16,0.25,7.36,0.3,0.0151,0.403,RESULT: SUCCESS (status=4),,
clutter,59,dwb,True,False,24.66,0.239,7.39,0.35,0.0317,0.4,RESULT: SUCCESS (status=4),,
clutter,60,comppi,True,False,21.26,0.247,7.36,1.051,0.0081,0.396,RESULT: SUCCESS (status=4),,
clutter,60,mppi,True,False,19.16,0.246,7.35,1.1,0.0161,0.403,RESULT: SUCCESS (status=4),,
clutter,60,dwb,True,False,21.86,0.247,7.35,1.05,0.0255,0.4,RESULT: SUCCESS (status=4),,
clutter,61,comppi,True,False,20.86,0.246,7.43,0.25,0.0105,0.395,RESULT: SUCCESS (status=4),,
clutter,61,mppi,False,False,19.86,4.916,2.69,0.3,0.0093,0.403,RESULT: FAILURE (status=6),,
clutter,61,dwb,False,True,12.56,4.716,2.97,0.18,0.0428,0.4,RESULT: FAILURE (status=6),,
clutter,62,comppi,True,False,20.76,0.243,7.37,0.25,0.0087,0.396,RESULT: SUCCESS (status=4),,
clutter,62,mppi,True,False,19.26,0.234,7.38,0.3,0.0146,0.403,RESULT: SUCCESS (status=4),,
clutter,62,dwb,True,False,24.36,0.243,7.39,0.35,0.0316,0.4,RESULT: SUCCESS (status=4),,
clutter,63,comppi,True,False,20.96,0.245,7.36,0.85,0.0087,0.396,RESULT: SUCCESS (status=4),,
clutter,63,mppi,True,False,19.16,0.246,7.35,0.85,0.0161,0.403,RESULT: SUCCESS (status=4),,
clutter,63,dwb,True,False,21.88,0.244,7.36,0.9,0.0255,0.4,RESULT: SUCCESS (status=4),,
clutter,64,comppi,True,False,20.96,0.249,7.45,0.25,0.0091,0.395,RESULT: SUCCESS (status=4),,
clutter,64,mppi,True,False,19.46,0.243,7.46,0.292,0.0149,0.403,RESULT: SUCCESS (status=4),,
clutter,64,dwb,True,False,24.86,0.247,7.51,0.354,0.0321,0.4,RESULT: SUCCESS (status=4),,
clutter,65,comppi,True,False,21.36,0.247,7.47,0.25,0.008,0.396,RESULT: SUCCESS (status=4),,
clutter,65,mppi,True,False,19.66,0.242,7.48,0.269,0.0146,0.403,RESULT: SUCCESS (status=4),,
clutter,65,dwb,True,False,26.26,0.247,7.52,0.316,0.0341,0.4,RESULT: SUCCESS (status=4),,
clutter,66,comppi,True,False,21.06,0.25,7.35,0.3,0.0081,0.396,RESULT: SUCCESS (status=4),,
clutter,66,mppi,True,False,19.16,0.249,7.35,0.35,0.015,0.403,RESULT: SUCCESS (status=4),,
clutter,66,dwb,True,False,23.66,0.247,7.36,0.35,0.0301,0.4,RESULT: SUCCESS (status=4),,
clutter,67,comppi,True,False,21.16,0.242,7.52,0.25,0.0093,0.397,RESULT: SUCCESS (status=4),,
clutter,67,mppi,True,False,20.66,0.24,7.55,0.25,0.0159,0.403,RESULT: SUCCESS (status=4),,
clutter,67,dwb,True,False,30.06,0.25,7.72,0.25,0.033,0.4,RESULT: SUCCESS (status=4),,
clutter,68,comppi,True,False,20.76,0.244,7.39,0.25,0.0092,0.398,RESULT: SUCCESS (status=4),,
clutter,68,mppi,True,False,19.86,0.232,7.41,0.25,0.0151,0.403,RESULT: SUCCESS (status=4),,
clutter,68,dwb,True,False,27.68,0.245,7.47,0.25,0.0319,0.4,RESULT: SUCCESS (status=4),,
clutter,69,comppi,True,False,20.86,0.242,7.37,0.25,0.009,0.396,RESULT: SUCCESS (status=4),,
clutter,69,mppi,True,False,19.28,0.234,7.39,0.3,0.0161,0.403,RESULT: SUCCESS (status=4),,
clutter,69,dwb,True,False,28.16,0.239,7.45,0.25,0.0329,0.4,RESULT: SUCCESS (status=4),,
clutter,70,comppi,True,False,21.26,0.245,7.36,0.4,0.0077,0.395,RESULT: SUCCESS (status=4),,
clutter,70,mppi,True,False,19.16,0.245,7.36,0.45,0.015,0.403,RESULT: SUCCESS (status=4),,
clutter,70,dwb,True,False,23.36,0.239,7.37,0.45,0.0312,0.4,RESULT: SUCCESS (status=4),,
clutter,71,comppi,True,False,20.96,0.247,7.36,0.559,0.0082,0.394,RESULT: SUCCESS (status=4),,
clutter,71,mppi,True,False,19.18,0.242,7.36,0.6,0.015,0.403,RESULT: SUCCESS (status=4),,
clutter,71,dwb,True,False,21.86,0.247,7.35,0.55,0.0248,0.4,RESULT: SUCCESS (status=4),,
clutter,72,comppi,True,False,20.96,0.246,7.36,0.8,0.0081,0.396,RESULT: SUCCESS (status=4),,
clutter,72,mppi,True,False,19.16,0.246,7.35,0.8,0.015,0.403,RESULT: SUCCESS (status=4),,
clutter,72,dwb,True,False,21.86,0.247,7.35,0.75,0.0255,0.4,RESULT: SUCCESS (status=4),,
clutter,73,comppi,True,False,21.06,0.249,7.36,0.269,0.0082,0.396,RESULT: SUCCESS (status=4),,
clutter,73,mppi,True,False,19.18,0.245,7.37,0.3,0.0151,0.403,RESULT: SUCCESS (status=4),,
clutter,73,dwb,True,False,25.06,0.25,7.37,0.3,0.0315,0.4,RESULT: SUCCESS (status=4),,
clutter,74,comppi,True,False,20.76,0.241,7.36,0.65,0.0094,0.395,RESULT: SUCCESS (status=4),,
clutter,74,mppi,True,False,19.16,0.246,7.35,0.65,0.0161,0.403,RESULT: SUCCESS (status=4),,
clutter,74,dwb,True,False,21.88,0.244,7.36,0.65,0.0256,0.4,RESULT: SUCCESS (status=4),,
clutter,75,comppi,True,False,20.96,0.247,7.36,0.502,0.0083,0.394,RESULT: SUCCESS (status=4),,
clutter,75,mppi,True,False,19.16,0.245,7.36,0.55,0.0161,0.403,RESULT: SUCCESS (status=4),,
clutter,75,dwb,True,False,21.88,0.244,7.36,0.5,0.0256,0.4,RESULT: SUCCESS (status=4),,
clutter,76,comppi,True,False,20.76,0.244,7.36,0.65,0.0088,0.396,RESULT: SUCCESS (status=4),,
clutter,76,mppi,True,False,19.16,0.246,7.35,0.7,0.015,0.403,RESULT: SUCCESS (status=4),,
clutter,76,dwb,True,False,21.88,0.244,7.36,0.65,0.0255,0.4,RESULT: SUCCESS (status=4),,
clutter,77,comppi,True,False,22.26,0.247,7.83,0.224,0.0086,0.397,RESULT: SUCCESS (status=4),,
clutter,77,mppi,True,False,21.36,0.241,7.89,0.255,0.0148,0.408,RESULT: SUCCESS (status=4),,
clutter,77,dwb,True,False,30.26,0.245,8.0,0.269,0.0389,0.4,RESULT: SUCCESS (status=4),,
clutter,78,comppi,True,False,21.38,0.243,7.51,0.25,0.0085,0.397,RESULT: SUCCESS (status=4),,
clutter,78,mppi,True,False,20.86,0.237,7.54,0.25,0.0147,0.404,RESULT: SUCCESS (status=4),,
clutter,78,dwb,True,False,26.88,0.241,7.58,0.269,0.0316,0.4,RESULT: SUCCESS (status=4),,
clutter,79,comppi,True,False,20.96,0.242,7.41,0.25,0.0099,0.396,RESULT: SUCCESS (status=4),,
clutter,79,mppi,True,False,19.36,0.237,7.42,0.3,0.0159,0.403,RESULT: SUCCESS (status=4),,
clutter,79,dwb,True,False,24.56,0.246,7.44,0.335,0.0268,0.4,RESULT: SUCCESS (status=4),,
clutter,80,comppi,True,False,20.76,0.241,7.4,0.25,0.0092,0.396,RESULT: SUCCESS (status=4),,
clutter,80,mppi,True,False,19.36,0.232,7.42,0.3,0.0157,0.403,RESULT: SUCCESS (status=4),,
clutter,80,dwb,True,False,23.96,0.249,7.42,0.316,0.0319,0.4,RESULT: SUCCESS (status=4),,
clutter,81,comppi,True,False,21.46,0.246,7.56,0.25,0.0089,0.396,RESULT: SUCCESS (status=4),,
clutter,81,mppi,True,False,19.76,0.245,7.58,0.255,0.016,0.404,RESULT: SUCCESS (status=4),,
clutter,81,dwb,True,False,24.46,0.246,7.64,0.335,0.0306,0.4,RESULT: SUCCESS (status=4),,
clutter,82,comppi,True,False,20.86,0.247,7.36,0.492,0.0087,0.396,RESULT: SUCCESS (status=4),,
clutter,82,mppi,True,False,19.16,0.246,7.35,0.5,0.0161,0.403,RESULT: SUCCESS (status=4),,
clutter,82,dwb,True,False,22.46,0.247,7.35,0.45,0.0274,0.4,RESULT: SUCCESS (status=4),,
clutter,83,comppi,True,False,20.86,0.25,7.4,0.25,0.0087,0.395,RESULT: SUCCESS (status=4),,
clutter,83,mppi,True,False,19.28,0.243,7.42,0.3,0.0151,0.403,RESULT: SUCCESS (status=4),,
clutter,83,dwb,True,False,24.38,0.244,7.45,0.35,0.0286,0.4,RESULT: SUCCESS (status=4),,
clutter,84,comppi,True,False,20.86,0.244,7.36,0.25,0.0087,0.395,RESULT: SUCCESS (status=4),,
clutter,84,mppi,True,False,19.26,0.24,7.36,0.3,0.0145,0.403,RESULT: SUCCESS (status=4),,
clutter,84,dwb,True,False,24.26,0.244,7.38,0.35,0.0313,0.4,RESULT: SUCCESS (status=4),,
clutter,85,comppi,True,False,20.56,0.244,7.36,0.65,0.0093,0.396,RESULT: SUCCESS (status=4),,
clutter,85,mppi,True,False,19.16,0.246,7.35,0.6,0.0151,0.403,RESULT: SUCCESS (status=4),,
clutter,85,dwb,True,False,21.86,0.247,7.35,0.65,0.0248,0.4,RESULT: SUCCESS (status=4),,
clutter,86,comppi,True,False,20.66,0.249,7.35,0.4,0.0096,0.396,RESULT: SUCCESS (status=4),,
clutter,86,mppi,True,False,19.16,0.249,7.35,0.45,0.016,0.403,RESULT: SUCCESS (status=4),,
clutter,86,dwb,True,False,22.86,0.243,7.36,0.45,0.0309,0.4,RESULT: SUCCESS (status=4),,
clutter,87,comppi,True,False,20.78,0.245,7.38,0.25,0.0087,0.396,RESULT: SUCCESS (status=4),,
clutter,87,mppi,True,False,19.26,0.239,7.39,0.3,0.0148,0.403,RESULT: SUCCESS (status=4),,
clutter,87,dwb,True,False,25.98,0.244,7.4,0.35,0.0315,0.4,RESULT: SUCCESS (status=4),,
clutter,88,comppi,True,False,20.96,0.248,7.35,0.55,0.0092,0.395,RESULT: SUCCESS (status=4),,
clutter,88,mppi,True,False,19.16,0.246,7.35,0.55,0.015,0.403,RESULT: SUCCESS (status=4),,
clutter,88,dwb,True,False,21.86,0.247,7.35,0.6,0.0257,0.4,RESULT: SUCCESS (status=4),,
clutter,89,comppi,True,False,20.56,0.244,7.37,0.25,0.0115,0.396,RESULT: SUCCESS (status=4),,
clutter,89,mppi,True,False,19.26,0.233,7.38,0.3,0.0158,0.403,RESULT: SUCCESS (status=4),,
clutter,89,dwb,True,False,24.36,0.239,7.39,0.35,0.0259,0.4,RESULT: SUCCESS (status=4),,
clutter,90,comppi,True,False,20.86,0.248,7.35,1.1,0.0093,0.395,RESULT: SUCCESS (status=4),,
clutter,90,mppi,True,False,19.16,0.246,7.35,1.1,0.015,0.403,RESULT: SUCCESS (status=4),,
clutter,90,dwb,True,False,21.86,0.247,7.35,1.1,0.0255,0.4,RESULT: SUCCESS (status=4),,
clutter,91,comppi,True,False,20.76,0.248,7.36,0.3,0.0093,0.396,RESULT: SUCCESS (status=4),,
clutter,91,mppi,True,False,19.16,0.245,7.36,0.3,0.015,0.403,RESULT: SUCCESS (status=4),,
clutter,91,dwb,True,False,25.66,0.243,7.38,0.354,0.0339,0.4,RESULT: SUCCESS (status=4),,
clutter,92,comppi,True,False,20.86,0.249,7.35,0.5,0.0087,0.395,RESULT: SUCCESS (status=4),,
clutter,92,mppi,True,False,19.16,0.246,7.35,0.5,0.015,0.403,RESULT: SUCCESS (status=4),,
clutter,92,dwb,True,False,21.88,0.244,7.36,0.45,0.0255,0.4,RESULT: SUCCESS (status=4),,
clutter,93,comppi,True,False,20.86,0.244,7.37,0.3,0.0085,0.396,RESULT: SUCCESS (status=4),,
clutter,93,mppi,True,False,19.28,0.232,7.39,0.3,0.0147,0.403,RESULT: SUCCESS (status=4),,
clutter,93,dwb,True,False,24.06,0.246,7.39,0.335,0.0321,0.4,RESULT: SUCCESS (status=4),,
clutter,94,comppi,True,False,20.96,0.245,7.43,0.25,0.0101,0.396,RESULT: SUCCESS (status=4),,
clutter,94,mppi,True,False,19.36,0.244,7.44,0.292,0.0149,0.404,RESULT: SUCCESS (status=4),,
clutter,94,dwb,True,False,27.66,0.25,7.5,0.364,0.0369,0.4,RESULT: SUCCESS (status=4),,
clutter,95,comppi,True,False,20.86,0.248,7.38,0.25,0.0094,0.396,RESULT: SUCCESS (status=4),,
clutter,95,mppi,True,False,19.26,0.246,7.4,0.3,0.0161,0.403,RESULT: SUCCESS (status=4),,
clutter,95,dwb,True,False,26.58,0.243,7.44,0.335,0.0344,0.4,RESULT: SUCCESS (status=4),,
clutter,96,comppi,True,False,20.66,0.244,7.36,0.802,0.0102,0.394,RESULT: SUCCESS (status=4),,
clutter,96,mppi,True,False,19.16,0.246,7.35,0.85,0.0161,0.403,RESULT: SUCCESS (status=4),,
clutter,96,dwb,True,False,21.86,0.247,7.35,0.8,0.0256,0.4,RESULT: SUCCESS (status=4),,
clutter,97,comppi,True,False,21.16,0.249,7.45,0.25,0.0086,0.398,RESULT: SUCCESS (status=4),,
clutter,97,mppi,True,False,19.58,0.239,7.48,0.292,0.0145,0.403,RESULT: SUCCESS (status=4),,
clutter,97,dwb,True,False,29.16,0.244,7.59,0.292,0.0354,0.4,RESULT: SUCCESS (status=4),,
clutter,98,comppi,True,False,20.76,0.25,7.36,0.269,0.0088,0.395,RESULT: SUCCESS (status=4),,
clutter,98,mppi,True,False,19.16,0.246,7.36,0.3,0.015,0.404,RESULT: SUCCESS (status=4),,
clutter,98,dwb,True,False,23.96,0.248,7.36,0.35,0.0316,0.4,RESULT: SUCCESS (status=4),,
clutter,99,comppi,True,False,20.56,0.249,7.37,0.25,0.0115,0.396,RESULT: SUCCESS (status=4),,
clutter,99,mppi,True,False,19.26,0.237,7.39,0.3,0.0147,0.403,RESULT: SUCCESS (status=4),,
clutter,99,dwb,True,False,24.18,0.243,7.39,0.335,0.0311,0.4,RESULT: SUCCESS (status=4),,
gap,25,comppi,True,False,20.86,0.246,7.36,0.3,0.0086,0.396,RESULT: SUCCESS (status=4),,
gap,25,mppi,True,False,19.16,0.245,7.36,0.3,0.015,0.404,RESULT: SUCCESS (status=4),,
gap,25,dwb,True,False,24.68,0.244,7.36,0.35,0.0303,0.4,RESULT: SUCCESS (status=4),,
gap,26,comppi,True,False,20.86,0.249,7.36,0.255,0.0087,0.396,RESULT: SUCCESS (status=4),,
gap,26,mppi,True,False,19.16,0.249,7.36,0.3,0.0151,0.403,RESULT: SUCCESS (status=4),,
gap,26,dwb,True,False,24.86,0.244,7.39,0.381,0.0316,0.4,RESULT: SUCCESS (status=4),,
gap,27,comppi,True,False,21.26,0.247,7.36,0.25,0.0075,0.396,RESULT: SUCCESS (status=4),,
gap,27,mppi,True,False,19.16,0.247,7.36,0.3,0.0162,0.403,RESULT: SUCCESS (status=4),,
gap,27,dwb,True,False,24.76,0.239,7.38,0.354,0.0302,0.4,RESULT: SUCCESS (status=4),,
gap,28,comppi,True,False,23.96,0.25,8.51,0.25,0.008,0.397,RESULT: SUCCESS (status=4),,
gap,28,mppi,True,False,22.56,0.244,8.54,0.255,0.0144,0.404,RESULT: SUCCESS (status=4),,
gap,28,dwb,True,False,27.18,0.247,8.59,0.292,0.0305,0.4,RESULT: SUCCESS (status=4),,
gap,29,comppi,True,False,22.76,0.249,8.19,0.25,0.0091,0.394,RESULT: SUCCESS (status=4),,
gap,29,mppi,True,False,21.78,0.246,8.2,0.255,0.0149,0.403,RESULT: SUCCESS (status=4),,
gap,29,dwb,True,False,26.26,0.249,8.22,0.255,0.0304,0.4,RESULT: SUCCESS (status=4),,
gap,30,comppi,True,False,22.26,0.247,7.9,0.25,0.0088,0.396,RESULT: SUCCESS (status=4),,
gap,30,mppi,True,False,20.76,0.239,7.92,0.255,0.0145,0.403,RESULT: SUCCESS (status=4),,
gap,30,dwb,True,False,25.56,0.242,7.95,0.292,0.0277,0.4,RESULT: SUCCESS (status=4),,
gap,31,comppi,True,False,21.16,0.249,7.39,0.25,0.0082,0.397,RESULT: SUCCESS (status=4),,
gap,31,mppi,True,False,19.26,0.245,7.39,0.3,0.016,0.403,RESULT: SUCCESS (status=4),,
gap,31,dwb,True,False,24.36,0.242,7.41,0.316,0.0293,0.4,RESULT: SUCCESS (status=4),,
gap,32,comppi,True,False,23.86,0.25,8.54,0.255,0.0079,0.398,RESULT: SUCCESS (status=4),,
gap,32,mppi,True,False,22.56,0.245,8.54,0.255,0.0144,0.403,RESULT: SUCCESS (status=4),,
gap,32,dwb,True,False,27.16,0.242,8.58,0.269,0.0295,0.4,RESULT: SUCCESS (status=4),,
gap,33,comppi,True,False,20.96,0.244,7.36,0.292,0.0084,0.396,RESULT: SUCCESS (status=4),,
gap,33,mppi,True,False,19.16,0.249,7.36,0.3,0.0151,0.403,RESULT: SUCCESS (status=4),,
gap,33,dwb,True,False,24.46,0.246,7.38,0.35,0.0316,0.4,RESULT: SUCCESS (status=4),,
gap,34,comppi,True,False,21.66,0.245,7.53,0.25,0.008,0.395,RESULT: SUCCESS (status=4),,
gap,34,mppi,True,False,19.66,0.24,7.54,0.292,0.0147,0.403,RESULT: SUCCESS (status=4),,
gap,34,dwb,True,False,24.96,0.247,7.56,0.316,0.031,0.4,RESULT: SUCCESS (status=4),,
gap,35,comppi,True,False,20.96,0.244,7.49,0.25,0.0096,0.398,RESULT: SUCCESS (status=4),,
gap,35,mppi,True,False,19.56,0.238,7.5,0.292,0.0147,0.403,RESULT: SUCCESS (status=4),,
gap,35,dwb,True,False,24.86,0.248,7.52,0.316,0.0283,0.4,RESULT: SUCCESS (status=4),,
gap,36,comppi,True,False,23.06,0.242,8.21,0.25,0.0095,0.396,RESULT: SUCCESS (status=4),,
gap,36,mppi,True,False,21.86,0.233,8.21,0.255,0.0144,0.403,RESULT: SUCCESS (status=4),,
gap,36,dwb,True,False,26.28,0.249,8.22,0.255,0.0301,0.4,RESULT: SUCCESS (status=4),,
gap,37,comppi,True,False,20.86,0.248,7.4,0.25,0.0093,0.395,RESULT: SUCCESS (status=4),,
gap,37,mppi,True,False,19.36,0.232,7.42,0.3,0.0146,0.403,RESULT: SUCCESS (status=4),,
gap,37,dwb,True,False,24.26,0.244,7.42,0.304,0.03,0.4,RESULT: SUCCESS (status=4),,
gap,38,comppi,True,False,22.58,0.24,7.96,0.25,0.0084,0.396,RESULT: SUCCESS (status=4),,
gap,38,mppi,True,False,20.86,0.236,7.96,0.255,0.0145,0.403,RESULT: SUCCESS (status=4),,
gap,38,dwb,True,False,25.66,0.247,7.99,0.292,0.0297,0.4,RESULT: SUCCESS (status=4),,
gap,39,comppi,True,False,23.46,0.249,8.37,0.25,0.0091,0.398,RESULT: SUCCESS (status=4),,
gap,39,mppi,True,False,22.16,0.238,8.39,0.255,0.0143,0.403,RESULT: SUCCESS (status=4),,
gap,39,dwb,True,False,26.76,0.247,8.43,0.269,0.028,0.4,RESULT: SUCCESS (status=4),,
gap,40,comppi,True,False,21.56,0.246,7.67,0.25,0.0092,0.395,RESULT: SUCCESS (status=4),,
gap,40,mppi,True,False,20.16,0.246,7.69,0.292,0.015,0.403,RESULT: SUCCESS (status=4),,
gap,40,dwb,True,False,26.26,0.245,7.81,0.35,0.0297,0.4,RESULT: SUCCESS (status=4),,
gap,41,comppi,True,False,23.56,0.246,8.37,0.25,0.0085,0.397,RESULT: SUCCESS (status=4),,
gap,41,mppi,True,False,22.26,0.241,8.39,0.255,0.0145,0.403,RESULT: SUCCESS (status=4),,
gap,41,dwb,True,False,28.26,0.241,8.57,0.381,0.0307,0.4,RESULT: SUCCESS (status=4),,
gap,42,comppi,True,False,23.66,0.247,8.42,0.25,0.0081,0.397,RESULT: SUCCESS (status=4),,
gap,42,mppi,True,False,22.26,0.244,8.44,0.255,0.0144,0.403,RESULT: SUCCESS (status=4),,
gap,42,dwb,True,False,26.96,0.244,8.47,0.269,0.0284,0.4,RESULT: SUCCESS (status=4),,
gap,43,comppi,True,False,21.06,0.246,7.4,0.25,0.0084,0.395,RESULT: SUCCESS (status=4),,
gap,43,mppi,True,False,19.26,0.249,7.4,0.3,0.0162,0.403,RESULT: SUCCESS (status=4),,
gap,43,dwb,True,False,25.26,0.249,7.44,0.35,0.0303,0.4,RESULT: SUCCESS (status=4),,
gap,44,comppi,True,False,20.96,0.246,7.45,0.25,0.009,0.396,RESULT: SUCCESS (status=4),,
gap,44,mppi,True,False,19.46,0.242,7.46,0.3,0.0148,0.403,RESULT: SUCCESS (status=4),,
gap,44,dwb,True,False,24.46,0.244,7.48,0.3,0.0293,0.4,RESULT: SUCCESS (status=4),,
gap,45,comppi,True,False,20.86,0.248,7.36,0.3,0.0088,0.396,RESULT: SUCCESS (status=4),,
gap,45,mppi,True,False,19.18,0.242,7.36,0.3,0.015,0.403,RESULT: SUCCESS (status=4),,
gap,45,dwb,True,False,24.56,0.24,7.38,0.364,0.0316,0.4,RESULT: SUCCESS (status=4),,
gap,46,comppi,True,False,21.16,0.249,7.48,0.25,0.0085,0.395,RESULT: SUCCESS (status=4),,
gap,46,mppi,True,False,19.56,0.238,7.5,0.292,0.0147,0.404,RESULT: SUCCESS (status=4),,
gap,46,dwb,True,False,25.68,0.247,7.57,0.381,0.0285,0.4,RESULT: SUCCESS (status=4),,
gap,47,comppi,True,False,21.06,0.249,7.41,0.25,0.0086,0.396,RESULT: SUCCESS (status=4),,
gap,47,mppi,True,False,19.36,0.239,7.42,0.3,0.0148,0.403,RESULT: SUCCESS (status=4),,
gap,47,dwb,True,False,24.28,0.243,7.44,0.316,0.0291,0.4,RESULT: SUCCESS (status=4),,
gap,48,comppi,True,False,23.86,0.246,8.53,0.25,0.0082,0.397,RESULT: SUCCESS (status=4),,
gap,48,mppi,True,False,22.66,0.239,8.54,0.255,0.0143,0.403,RESULT: SUCCESS (status=4),,
gap,48,dwb,True,False,27.06,0.244,8.57,0.269,0.0286,0.4,RESULT: SUCCESS (status=4),,
gap,49,comppi,True,False,20.66,0.241,7.4,0.25,0.0104,0.396,RESULT: SUCCESS (status=4),,
gap,49,mppi,True,False,19.26,0.249,7.4,0.3,0.0151,0.403,RESULT: SUCCESS (status=4),,
gap,49,dwb,True,False,24.46,0.243,7.42,0.335,0.0289,0.4,RESULT: SUCCESS (status=4),,
gap,50,comppi,True,False,22.58,0.25,7.91,0.25,0.0077,0.396,RESULT: SUCCESS (status=4),,
gap,50,mppi,True,False,20.86,0.232,7.94,0.269,0.0155,0.403,RESULT: SUCCESS (status=4),,
gap,50,dwb,True,False,25.16,0.242,7.93,0.25,0.0296,0.4,RESULT: SUCCESS (status=4),,
gap,51,comppi,True,False,21.36,0.245,7.5,0.25,0.0082,0.397,RESULT: SUCCESS (status=4),,
gap,51,mppi,True,False,19.66,0.234,7.53,0.3,0.0157,0.403,RESULT: SUCCESS (status=4),,
gap,51,dwb,True,False,25.86,0.247,7.59,0.381,0.028,0.4,RESULT: SUCCESS (status=4),,
gap,52,comppi,True,False,21.56,0.247,7.36,0.3,0.0077,0.395,RESULT: SUCCESS (status=4),,
gap,52,mppi,True,False,19.16,0.245,7.36,0.3,0.015,0.403,RESULT: SUCCESS (status=4),,
gap,52,dwb,True,False,24.76,0.24,7.37,0.35,0.0304,0.4,RESULT: SUCCESS (status=4),,
gap,53,comppi,True,False,21.16,0.249,7.57,0.25,0.011,0.396,RESULT: SUCCESS (status=4),,
gap,53,mppi,True,False,19.76,0.248,7.58,0.292,0.015,0.403,RESULT: SUCCESS (status=4),,
gap,53,dwb,True,False,25.08,0.243,7.63,0.335,0.0267,0.4,RESULT: SUCCESS (status=4),,
gap,54,comppi,True,False,21.76,0.237,7.88,0.25,0.0123,0.396,RESULT: SUCCESS (status=4),,
gap,54,mppi,True,False,20.56,0.247,7.88,0.255,0.0158,0.403,RESULT: SUCCESS (status=4),,
gap,54,dwb,True,False,27.06,0.242,8.01,0.381,0.0274,0.4,RESULT: SUCCESS (status=4),,
gap,55,comppi,True,False,20.86,0.242,7.4,0.25,0.0086,0.397,RESULT: SUCCESS (status=4),,
gap,55,mppi,True,False,19.26,0.246,7.39,0.3,0.015,0.403,RESULT: SUCCESS (status=4),,
gap,55,dwb,True,False,24.16,0.245,7.4,0.304,0.0306,0.4,RESULT: SUCCESS (status=4),,
gap,56,comppi,True,False,21.06,0.245,7.45,0.25,0.0089,0.396,RESULT: SUCCESS (status=4),,
gap,56,mppi,True,False,19.48,0.235,7.47,0.3,0.0148,0.403,RESULT: SUCCESS (status=4),,
gap,56,dwb,True,False,24.86,0.239,7.48,0.3,0.0292,0.4,RESULT: SUCCESS (status=4),,
gap,57,comppi,True,False,22.16,0.243,7.88,0.25,0.0089,0.397,RESULT: SUCCESS (status=4),,
gap,57,mppi,True,False,20.56,0.248,7.88,0.269,0.0147,0.403,RESULT: SUCCESS (status=4),,
gap,57,dwb,True,False,25.46,0.248,7.91,0.3,0.0284,0.4,RESULT: SUCCESS (status=4),,
gap,58,comppi,True,False,21.46,0.25,7.65,0.25,0.0096,0.396,RESULT: SUCCESS (status=4),,
gap,58,mppi,True,False,19.96,0.249,7.65,0.269,0.0149,0.403,RESULT: SUCCESS (status=4),,
gap,58,dwb,True,False,24.86,0.244,7.68,0.292,0.0279,0.4,RESULT: SUCCESS (status=4),,
gap,59,comppi,True,False,23.46,0.248,8.38,0.25,0.0084,0.397,RESULT: SUCCESS (status=4),,
gap,59,mppi,True,False,22.16,0.236,8.4,0.255,0.0142,0.403,RESULT: SUCCESS (status=4),,
gap,59,dwb,True,False,28.46,0.243,8.57,0.35,0.0305,0.4,RESULT: SUCCESS (status=4),,
gap,60,comppi,True,False,24.46,0.248,8.74,0.25,0.009,0.397,RESULT: SUCCESS (status=4),,
gap,60,mppi,True,False,23.16,0.248,8.74,0.25,0.0144,0.404,RESULT: SUCCESS (status=4),,
gap,60,dwb,True,False,29.76,0.248,8.97,0.391,0.0277,0.4,RESULT: SUCCESS (status=4),,
gap,61,comppi,True,False,21.16,0.249,7.55,0.25,0.0097,0.397,RESULT: SUCCESS (status=4),,
gap,61,mppi,True,False,19.76,0.233,7.57,0.292,0.0146,0.403,RESULT: SUCCESS (status=4),,
gap,61,dwb,True,False,26.26,0.245,7.65,0.4,0.0267,0.4,RESULT: SUCCESS (status=4),,
gap,62,comppi,True,False,20.76,0.244,7.36,0.292,0.0093,0.395,RESULT: SUCCESS (status=4),,
gap,62,mppi,True,False,19.16,0.247,7.36,0.3,0.015,0.403,RESULT: SUCCESS (status=4),,
gap,62,dwb,True,False,24.56,0.242,7.37,0.35,0.0289,0.4,RESULT: SUCCESS (status=4),,
gap,63,comppi,True,False,24.06,0.243,8.68,0.25,0.0099,0.399,RESULT: SUCCESS (status=4),,
gap,63,mppi,True,False,23.06,0.238,8.7,0.255,0.0141,0.403,RESULT: SUCCESS (status=4),,
gap,63,dwb,True,False,27.56,0.245,8.74,0.292,0.0315,0.4,RESULT: SUCCESS (status=4),,
gap,64,comppi,True,False,20.86,0.245,7.4,0.25,0.0091,0.395,RESULT: SUCCESS (status=4),,
gap,64,mppi,True,False,19.26,0.249,7.4,0.3,0.0161,0.403,RESULT: SUCCESS (status=4),,
gap,64,dwb,True,False,24.46,0.243,7.42,0.335,0.029,0.4,RESULT: SUCCESS (status=4),,
gap,65,comppi,True,False,21.96,0.25,7.8,0.25,0.009,0.396,RESULT: SUCCESS (status=4),,
gap,65,mppi,True,False,20.46,0.249,7.81,0.255,0.0149,0.403,RESULT: SUCCESS (status=4),,
gap,65,dwb,True,False,25.48,0.245,7.85,0.3,0.0286,0.4,RESULT: SUCCESS (status=4),,
gap,66,comppi,True,False,21.56,0.245,7.73,0.25,0.0088,0.396,RESULT: SUCCESS (status=4),,
gap,66,mppi,True,False,20.36,0.25,7.74,0.269,0.0149,0.403,RESULT: SUCCESS (status=4),,
gap,66,dwb,True,False,25.26,0.246,7.78,0.3,0.0287,0.4,RESULT: SUCCESS (status=4),,
gap,67,comppi,True,False,22.06,0.246,7.7,0.25,0.0082,0.396,RESULT: SUCCESS (status=4),,
gap,67,mppi,True,False,20.28,0.239,7.73,0.292,0.0148,0.403,RESULT: SUCCESS (status=4),,
gap,67,dwb,True,False,24.96,0.246,7.76,0.316,0.0274,0.4,RESULT: SUCCESS (status=4),,
gap,68,comppi,True,False,21.66,0.248,7.52,0.25,0.0078,0.396,RESULT: SUCCESS (status=4),,
gap,68,mppi,True,False,19.66,0.249,7.53,0.3,0.015,0.403,RESULT: SUCCESS (status=4),,
gap,68,dwb,True,False,25.56,0.247,7.61,0.381,0.0267,0.4,RESULT: SUCCESS (status=4),,
gap,69,comppi,True,False,23.36,0.249,8.33,0.25,0.0082,0.398,RESULT: SUCCESS (status=4),,
gap,69,mppi,True,False,21.96,0.248,8.34,0.255,0.0146,0.403,RESULT: SUCCESS (status=4),,
gap,69,dwb,True,False,28.46,0.245,8.52,0.381,0.0296,0.4,RESULT: SUCCESS (status=4),,
gap,70,comppi,True,False,23.66,0.247,8.47,0.25,0.0092,0.398,RESULT: SUCCESS (status=4),,
gap,70,mppi,True,False,22.46,0.231,8.5,0.255,0.0141,0.403,RESULT: SUCCESS (status=4),,
gap,70,dwb,True,False,27.28,0.246,8.55,0.3,0.0306,0.4,RESULT: SUCCESS (status=4),,
gap,71,comppi,True,False,23.26,0.242,8.33,0.25,0.0086,0.398,RESULT: SUCCESS (status=4),,
gap,71,mppi,True,False,21.96,0.248,8.34,0.255,0.0146,0.403,RESULT: SUCCESS (status=4),,
gap,71,dwb,True,False,28.46,0.245,8.52,0.381,0.0296,0.4,RESULT: SUCCESS (status=4),,
gap,72,comppi,True,False,22.56,0.247,7.67,0.25,0.0076,0.396,RESULT: SUCCESS (status=4),,
gap,72,mppi,True,False,20.16,0.246,7.69,0.292,0.0159,0.404,RESULT: SUCCESS (status=4),,
gap,72,dwb,True,False,25.08,0.246,7.75,0.335,0.0269,0.4,RESULT: SUCCESS (status=4),,
gap,73,comppi,True,False,21.06,0.246,7.43,0.25,0.0088,0.396,RESULT: SUCCESS (status=4),,
gap,73,mppi,True,False,19.36,0.25,7.44,0.3,0.0151,0.403,RESULT: SUCCESS (status=4),,
gap,73,dwb,True,False,25.66,0.248,7.5,0.381,0.0294,0.4,RESULT: SUCCESS (status=4),,
gap,74,comppi,True,False,22.86,0.249,8.19,0.25,0.0092,0.397,RESULT: SUCCESS (status=4),,
gap,74,mppi,True,False,21.86,0.233,8.21,0.255,0.0144,0.403,RESULT: SUCCESS (status=4),,
gap,74,dwb,True,False,28.46,0.244,8.39,0.391,0.0297,0.4,RESULT: SUCCESS (status=4),,
gap,75,comppi,True,False,22.66,0.249,8.11,0.25,0.009,0.398,RESULT: SUCCESS (status=4),,
gap,75,mppi,True,False,21.46,0.244,8.12,0.255,0.0147,0.403,RESULT: SUCCESS (status=4),,
gap,75,dwb,True,False,25.76,0.239,8.14,0.255,0.0298,0.4,RESULT: SUCCESS (status=4),,
gap,76,comppi,True,False,23.76,0.245,8.48,0.25,0.0078,0.397,RESULT: SUCCESS (status=4),,
gap,76,mppi,True,False,22.46,0.232,8.5,0.255,0.0151,0.403,RESULT: SUCCESS (status=4),,
gap,76,dwb,True,False,29.06,0.246,8.68,0.35,0.029,0.4,RESULT: SUCCESS (status=4),,
gap,77,comppi,True,False,21.76,0.248,7.64,0.25,0.0082,0.395,RESULT: SUCCESS (status=4),,
gap,77,mppi,True,False,20.06,0.243,7.66,0.292,0.0159,0.404,RESULT: SUCCESS (status=4),,
gap,77,dwb,True,False,26.16,0.245,7.77,0.35,0.0305,0.4,RESULT: SUCCESS (status=4),,
gap,78,comppi,True,False,21.26,0.246,7.63,0.25,0.0104,0.398,RESULT: SUCCESS (status=4),,
gap,78,mppi,True,False,20.08,0.227,7.65,0.292,0.0149,0.403,RESULT: SUCCESS (status=4),,
gap,78,dwb,True,False,26.16,0.247,7.74,0.35,0.0293,0.4,RESULT: SUCCESS (status=4),,
gap,79,comppi,True,False,21.16,0.248,7.35,0.269,0.008,0.395,RESULT: SUCCESS (status=4),,
gap,79,mppi,True,False,19.16,0.245,7.36,0.3,0.0161,0.403,RESULT: SUCCESS (status=4),,
gap,79,dwb,True,False,23.96,0.239,7.37,0.35,0.0307,0.4,RESULT: SUCCESS (status=4),,
gap,80,comppi,True,False,23.86,0.245,8.54,0.25,0.0086,0.398,RESULT: SUCCESS (status=4),,
gap,80,mppi,True,False,22.56,0.244,8.54,0.255,0.0143,0.403,RESULT: SUCCESS (status=4),,
gap,80,dwb,True,False,27.18,0.247,8.59,0.292,0.0305,0.4,RESULT: SUCCESS (status=4),,
gap,81,comppi,True,False,21.16,0.245,7.55,0.25,0.0088,0.398,RESULT: SUCCESS (status=4),,
gap,81,mppi,True,False,19.76,0.244,7.56,0.292,0.0149,0.403,RESULT: SUCCESS (status=4),,
gap,81,dwb,True,False,26.06,0.245,7.65,0.4,0.0264,0.4,RESULT: SUCCESS (status=4),,
gap,82,comppi,True,False,20.96,0.247,7.36,0.255,0.0088,0.395,RESULT: SUCCESS (status=4),,
gap,82,mppi,True,False,19.16,0.246,7.36,0.3,0.015,0.403,RESULT: SUCCESS (status=4),,
gap,82,dwb,True,False,24.46,0.247,7.37,0.364,0.0307,0.4,RESULT: SUCCESS (status=4),,
gap,83,comppi,True,False,21.06,0.246,7.36,0.4,0.0088,0.395,RESULT: SUCCESS (status=4),,
gap,83,mppi,True,False,19.16,0.245,7.36,0.45,0.015,0.403,RESULT: SUCCESS (status=4),,
gap,83,dwb,True,False,22.96,0.242,7.36,0.4,0.0299,0.4,RESULT: SUCCESS (status=4),,
gap,84,comppi,True,False,20.86,0.243,7.36,0.3,0.0081,0.395,RESULT: SUCCESS (status=4),,
gap,84,mppi,True,False,19.16,0.246,7.35,0.35,0.0151,0.403,RESULT: SUCCESS (status=4),,
gap,84,dwb,True,False,23.66,0.247,7.36,0.35,0.0301,0.4,RESULT: SUCCESS (status=4),,
gap,85,comppi,True,False,21.16,0.248,7.4,0.25,0.0082,0.395,RESULT: SUCCESS (status=4),,
gap,85,mppi,True,False,19.26,0.249,7.4,0.3,0.0152,0.403,RESULT: SUCCESS (status=4),,
gap,85,dwb,True,False,24.46,0.243,7.42,0.335,0.0289,0.4,RESULT: SUCCESS (status=4),,
gap,86,comppi,True,False,21.26,0.243,7.6,0.25,0.0101,0.397,RESULT: SUCCESS (status=4),,
gap,86,mppi,True,False,19.86,0.236,7.61,0.269,0.0146,0.403,RESULT: SUCCESS (status=4),,
gap,86,dwb,True,False,26.08,0.245,7.71,0.4,0.0308,0.4,RESULT: SUCCESS (status=4),,
gap,87,comppi,True,False,23.68,0.248,8.2,0.255,0.0073,0.398,RESULT: SUCCESS (status=4),,
gap,87,mppi,True,False,21.86,0.233,8.21,0.255,0.0144,0.403,RESULT: SUCCESS (status=4),,
gap,87,dwb,True,False,26.38,0.237,8.23,0.255,0.03,0.4,RESULT: SUCCESS (status=4),,
gap,88,comppi,True,False,22.06,0.242,7.91,0.25,0.009,0.396,RESULT: SUCCESS (status=4),,
gap,88,mppi,True,False,20.78,0.237,7.92,0.255,0.0146,0.403,RESULT: SUCCESS (status=4),,
gap,88,dwb,True,False,25.36,0.248,7.94,0.292,0.0283,0.4,RESULT: SUCCESS (status=4),,
gap,89,comppi,True,False,20.76,0.249,7.36,0.354,0.0097,0.396,RESULT: SUCCESS (status=4),,
gap,89,mppi,True,False,19.16,0.245,7.36,0.4,0.015,0.403,RESULT: SUCCESS (status=4),,
gap,89,dwb,True,False,23.76,0.243,7.36,0.35,0.0279,0.4,RESULT: SUCCESS (status=4),,
gap,90,comppi,True,False,20.88,0.241,7.46,0.25,0.0096,0.396,RESULT: SUCCESS (status=4),,
gap,90,mppi,True,False,19.46,0.239,7.47,0.3,0.0148,0.403,RESULT: SUCCESS (status=4),,
gap,90,dwb,True,False,24.86,0.24,7.48,0.3,0.0263,0.4,RESULT: SUCCESS (status=4),,
gap,91,comppi,True,False,20.76,0.245,7.42,0.25,0.0109,0.394,RESULT: SUCCESS (status=4),,
gap,91,mppi,True,False,19.36,0.243,7.43,0.3,0.0149,0.403,RESULT: SUCCESS (status=4),,
gap,91,dwb,True,False,24.66,0.243,7.45,0.3,0.0291,0.4,RESULT: SUCCESS (status=4),,
gap,92,comppi,True,False,20.76,0.249,7.35,0.4,0.0098,0.396,RESULT: SUCCESS (status=4),,
gap,92,mppi,True,False,19.16,0.245,7.36,0.4,0.0151,0.403,RESULT: SUCCESS (status=4),,
gap,92,dwb,True,False,23.76,0.243,7.36,0.35,0.0279,0.4,RESULT: SUCCESS (status=4),,
gap,93,comppi,True,False,21.76,0.247,7.36,0.3,0.0075,0.395,RESULT: SUCCESS (status=4),,
gap,93,mppi,True,False,19.16,0.247,7.36,0.3,0.015,0.403,RESULT: SUCCESS (status=4),,
gap,93,dwb,True,False,24.68,0.248,7.37,0.354,0.0312,0.4,RESULT: SUCCESS (status=4),,
gap,94,comppi,True,False,21.26,0.249,7.35,0.3,0.008,0.395,RESULT: SUCCESS (status=4),,
gap,94,mppi,True,False,19.16,0.242,7.36,0.3,0.015,0.403,RESULT: SUCCESS (status=4),,
gap,94,dwb,True,False,24.36,0.248,7.36,0.354,0.0325,0.4,RESULT: SUCCESS (status=4),,
gap,95,comppi,True,False,23.26,0.242,8.3,0.25,0.0091,0.397,RESULT: SUCCESS (status=4),,
gap,95,mppi,True,False,21.96,0.244,8.29,0.255,0.0156,0.403,RESULT: SUCCESS (status=4),,
gap,95,dwb,True,False,26.58,0.248,8.33,0.292,0.0281,0.4,RESULT: SUCCESS (status=4),,
gap,96,comppi,True,False,23.06,0.247,8.11,0.25,0.0079,0.397,RESULT: SUCCESS (status=4),,
gap,96,mppi,True,False,21.56,0.233,8.13,0.255,0.0144,0.403,RESULT: SUCCESS (status=4),,
gap,96,dwb,True,False,28.06,0.245,8.27,0.3,0.0304,0.4,RESULT: SUCCESS (status=4),,
gap,97,comppi,True,False,22.06,0.246,7.66,0.25,0.008,0.396,RESULT: SUCCESS (status=4),,
gap,97,mppi,True,False,20.08,0.241,7.67,0.292,0.0149,0.403,RESULT: SUCCESS (status=4),,
gap,97,dwb,True,False,26.06,0.246,7.76,0.35,0.0294,0.4,RESULT: SUCCESS (status=4),,
gap,98,comppi,True,False,20.56,0.246,7.4,0.25,0.0117,0.396,RESULT: SUCCESS (status=4),,
gap,98,mppi,True,False,19.36,0.232,7.42,0.3,0.0157,0.403,RESULT: SUCCESS (status=4),,
gap,98,dwb,True,False,25.08,0.244,7.46,0.381,0.0315,0.4,RESULT: SUCCESS (status=4),,
gap,99,comppi,True,False,21.86,0.25,7.87,0.25,0.0105,0.396,RESULT: SUCCESS (status=4),,
gap,99,mppi,True,False,20.56,0.248,7.88,0.255,0.0158,0.403,RESULT: SUCCESS (status=4),,
gap,99,dwb,True,False,25.46,0.248,7.91,0.3,0.0287,0.4,RESULT: SUCCESS (status=4),,
blocked,25,comppi,True,False,21.06,0.247,7.53,0.292,0.009,0.4,RESULT: SUCCESS (status=4),,
blocked,25,mppi,False,False,18.76,5.915,1.74,0.35,0.0101,0.403,RESULT: FAILURE (status=6),,
blocked,25,dwb,False,False,16.56,6.076,2.67,0.35,0.0298,0.4,RESULT: FAILURE (status=6),,
blocked,26,comppi,True,False,20.66,0.249,7.52,0.292,0.0121,0.4,RESULT: SUCCESS (status=4),,
blocked,26,mppi,False,False,23.86,5.011,2.64,0.35,0.009,0.403,RESULT: FAILURE (status=6),,
blocked,26,dwb,False,False,15.66,5.718,3.15,0.45,0.028,0.4,RESULT: FAILURE (status=6),,
blocked,27,comppi,True,False,21.16,0.249,7.48,0.269,0.0086,0.4,RESULT: SUCCESS (status=4),,
blocked,27,mppi,True,False,27.36,0.249,7.66,0.269,0.0146,0.403,RESULT: SUCCESS (status=4),,
blocked,27,dwb,False,False,18.66,4.865,4.14,0.45,0.027,0.4,RESULT: FAILURE (status=6),,
blocked,28,comppi,True,False,20.96,0.241,7.61,0.269,0.0097,0.4,RESULT: SUCCESS (status=4),,
blocked,28,mppi,False,False,19.66,4.82,2.83,0.35,0.0122,0.403,RESULT: FAILURE (status=6),,
blocked,28,dwb,False,False,18.66,5.522,3.69,0.35,0.0289,0.4,RESULT: FAILURE (status=6),,
blocked,29,comppi,True,False,21.16,0.247,7.51,0.269,0.0083,0.4,RESULT: SUCCESS (status=4),,
blocked,29,mppi,False,False,17.56,4.534,3.11,0.35,0.0115,0.403,RESULT: FAILURE (status=6),,
blocked,29,dwb,False,False,16.96,5.098,3.66,0.4,0.0285,0.4,RESULT: FAILURE (status=6),,
blocked,30,comppi,True,False,20.86,0.246,7.52,0.269,0.009,0.4,RESULT: SUCCESS (status=4),,
blocked,30,mppi,False,False,15.36,5.628,2.02,0.35,0.0107,0.403,RESULT: FAILURE (status=6),,
blocked,30,dwb,False,False,14.56,6.243,2.63,0.4,0.0297,0.4,RESULT: FAILURE (status=6),,
blocked,31,comppi,True,False,21.46,0.246,7.66,0.269,0.0081,0.4,RESULT: SUCCESS (status=4),,
blocked,31,mppi,False,False,18.76,5.919,1.73,0.35,0.0114,0.403,RESULT: FAILURE (status=6),,
blocked,31,dwb,False,False,63.06,6.691,9.42,0.35,0.0329,0.4,RESULT: FAILURE (status=6),,
blocked,32,comppi,True,False,20.76,0.244,7.59,0.25,0.0107,0.4,RESULT: SUCCESS (status=4),,
blocked,32,mppi,False,False,30.86,2.781,5.18,0.283,0.0101,0.403,RESULT: FAILURE (status=6),,
blocked,32,dwb,False,False,14.46,6.266,2.63,0.45,0.029,0.4,RESULT: FAILURE (status=6),,
blocked,33,comppi,True,False,20.86,0.242,7.56,0.25,0.0094,0.4,RESULT: SUCCESS (status=4),,
blocked,33,mppi,False,False,18.56,4.728,2.92,0.35,0.0114,0.403,RESULT: FAILURE (status=6),,
blocked,33,dwb,False,False,17.86,5.455,3.61,0.4,0.0278,0.4,RESULT: FAILURE (status=6),,
blocked,34,comppi,True,False,21.26,0.246,7.51,0.255,0.0081,0.4,RESULT: SUCCESS (status=4),,
blocked,34,mppi,False,False,16.86,5.179,2.46,0.35,0.0119,0.403,RESULT: FAILURE (status=6),,
blocked,34,dwb,False,False,16.16,5.84,3.12,0.4,0.0276,0.4,RESULT: FAILURE (status=6),,
blocked,35,comppi,True,False,20.76,0.239,7.48,0.255,0.0096,0.4,RESULT: SUCCESS (status=4),,
blocked,35,mppi,False,False,28.56,2.863,4.79,0.35,0.0098,0.403,RESULT: FAILURE (status=6),,
blocked,35,dwb,False,False,78.76,3.635,13.8,0.45,0.0289,0.4,RESULT: FAILURE (status=6),,
blocked,36,comppi,True,False,20.96,0.247,7.53,0.269,0.0085,0.4,RESULT: SUCCESS (status=4),,
blocked,36,mppi,True,False,27.66,0.237,7.72,0.269,0.0145,0.403,RESULT: SUCCESS (status=4),,
blocked,36,dwb,False,False,18.76,4.875,4.15,0.45,0.0269,0.4,RESULT: FAILURE (status=6),,
blocked,37,comppi,True,False,21.06,0.245,7.56,0.269,0.0079,0.4,RESULT: SUCCESS (status=4),,
blocked,37,mppi,False,False,21.16,6.012,1.64,0.35,0.0095,0.403,RESULT: FAILURE (status=6),,
blocked,37,dwb,False,False,104.16,6.774,15.15,0.4,0.0266,0.4,RESULT: FAILURE (status=6),,
blocked,38,comppi,True,False,21.06,0.248,7.47,0.292,0.0081,0.4,RESULT: SUCCESS (status=4),,
blocked,38,mppi,False,False,21.56,5.413,2.24,0.35,0.0093,0.403,RESULT: FAILURE (status=6),,
blocked,38,dwb,False,False,101.38,6.286,15.61,0.45,0.0331,0.4,RESULT: FAILURE (status=6),,
blocked,39,comppi,True,False,20.86,0.245,7.5,0.269,0.0084,0.4,RESULT: SUCCESS (status=4),,
blocked,39,mppi,True,False,27.86,0.237,7.71,0.269,0.0142,0.404,RESULT: SUCCESS (status=4),,
blocked,39,dwb,False,False,76.66,4.722,12.82,0.45,0.029,0.4,RESULT: FAILURE (status=6),,
blocked,40,comppi,True,False,21.26,0.249,7.58,0.255,0.0079,0.4,RESULT: SUCCESS (status=4),,
blocked,40,mppi,False,False,15.36,5.684,1.96,0.35,0.0104,0.403,RESULT: FAILURE (status=6),,
blocked,40,dwb,False,False,14.76,6.421,2.58,0.45,0.0289,0.4,RESULT: FAILURE (status=6),,
blocked,41,comppi,True,False,21.26,0.246,7.48,0.25,0.008,0.4,RESULT: SUCCESS (status=4),,
blocked,41,mppi,False,False,22.36,3.123,4.52,0.35,0.0092,0.403,RESULT: FAILURE (status=6),,
blocked,41,dwb,False,False,21.36,3.899,5.15,0.45,0.026,0.4,RESULT: FAILURE (status=6),,
blocked,42,comppi,True,False,21.16,0.247,7.52,0.269,0.0089,0.4,RESULT: SUCCESS (status=4),,
blocked,42,mppi,True,False,27.58,0.236,7.72,0.269,0.0143,0.403,RESULT: SUCCESS (status=4),,
blocked,42,dwb,False,False,120.06,6.53,17.14,0.4,0.0318,0.4,RESULT: FAILURE (status=timeout),,
blocked,43,comppi,True,False,20.76,0.242,7.48,0.292,0.0095,0.4,RESULT: SUCCESS (status=4),,
blocked,43,mppi,True,False,27.56,0.242,7.67,0.269,0.0144,0.404,RESULT: SUCCESS (status=4),,
blocked,43,dwb,False,False,21.96,3.978,5.17,0.4,0.0264,0.4,RESULT: FAILURE (status=6),,
blocked,44,comppi,True,False,20.96,0.246,7.59,0.255,0.0107,0.4,RESULT: SUCCESS (status=4),,
blocked,44,mppi,False,False,15.06,5.578,2.06,0.35,0.0106,0.403,RESULT: FAILURE (status=6),,
blocked,44,dwb,False,False,14.46,6.171,2.65,0.4,0.0295,0.4,RESULT: FAILURE (status=6),,
blocked,45,comppi,True,False,21.46,0.247,7.48,0.292,0.0078,0.4,RESULT: SUCCESS (status=4),,
blocked,45,mppi,False,False,16.76,5.13,2.51,0.35,0.0118,0.403,RESULT: FAILURE (status=6),,
blocked,45,dwb,False,False,15.86,5.849,3.1,0.45,0.0288,0.4,RESULT: FAILURE (status=6),,
blocked,46,comppi,True,False,21.06,0.246,7.53,0.255,0.0085,0.4,RESULT: SUCCESS (status=4),,
blocked,46,mppi,False,False,30.06,2.411,5.24,0.35,0.0082,0.403,RESULT: FAILURE (status=6),,
blocked,46,dwb,False,False,79.96,3.256,14.2,0.35,0.0303,0.4,RESULT: FAILURE (status=6),,
blocked,47,comppi,True,False,20.86,0.239,7.54,0.269,0.01,0.4,RESULT: SUCCESS (status=4),,
blocked,47,mppi,True,False,27.06,0.24,7.71,0.269,0.0145,0.405,RESULT: SUCCESS (status=4),,
blocked,47,dwb,False,False,21.16,3.691,5.2,0.4,0.027,0.4,RESULT: FAILURE (status=6),,
blocked,48,comppi,True,False,21.26,0.246,7.52,0.269,0.0085,0.4,RESULT: SUCCESS (status=4),,
blocked,48,mppi,False,False,20.06,4.225,3.42,0.35,0.0111,0.403,RESULT: FAILURE (status=6),,
blocked,48,dwb,False,False,19.16,4.902,4.13,0.4,0.0277,0.4,RESULT: FAILURE (status=6),,
blocked,49,comppi,True,False,20.98,0.245,7.52,0.25,0.0085,0.4,RESULT: SUCCESS (status=4),,
blocked,49,mppi,True,False,26.96,0.241,7.73,0.269,0.0149,0.407,RESULT: SUCCESS (status=4),,
blocked,49,dwb,False,False,77.26,4.089,13.28,0.4,0.0286,0.4,RESULT: FAILURE (status=6),,
blocked,50,comppi,True,False,21.16,0.246,7.55,0.255,0.0091,0.4,RESULT: SUCCESS (status=4),,
blocked,50,mppi,False,False,21.16,3.672,3.98,0.35,0.0095,0.403,RESULT: FAILURE (status=6),,
blocked,50,dwb,False,False,20.36,4.301,4.73,0.35,0.0333,0.4,RESULT: FAILURE (status=6),,
blocked,51,comppi,True,False,21.16,0.249,7.47,0.255,0.0083,0.4,RESULT: SUCCESS (status=4),,
blocked,51,mppi,False,False,18.06,4.629,3.01,0.35,0.0114,0.403,RESULT: FAILURE (status=6),,
blocked,51,dwb,False,False,17.26,5.369,3.61,0.45,0.0263,0.4,RESULT: FAILURE (status=6),,
blocked,52,comppi,True,False,20.78,0.244,7.47,0.255,0.0089,0.4,RESULT: SUCCESS (status=4),,
blocked,52,mppi,True,False,27.56,0.242,7.67,0.269,0.0153,0.404,RESULT: SUCCESS (status=4),,
blocked,52,dwb,False,False,21.96,3.978,5.17,0.4,0.0258,0.4,RESULT: FAILURE (status=6),,
blocked,53,comppi,True,False,21.28,0.242,7.52,0.25,0.0082,0.4,RESULT: SUCCESS (status=4),,
blocked,53,mppi,False,False,16.46,5.078,2.56,0.35,0.0103,0.403,RESULT: FAILURE (status=6),,
blocked,53,dwb,False,False,19.78,5.293,3.63,0.35,0.029,0.4,RESULT: FAILURE (status=6),,
blocked,54,comppi,True,False,20.66,0.248,7.48,0.269,0.0107,0.4,RESULT: SUCCESS (status=4),,
blocked,54,mppi,False,False,19.36,4.128,3.52,0.35,0.0097,0.403,RESULT: FAILURE (status=6),,
blocked,54,dwb,False,False,18.56,4.839,4.11,0.45,0.0268,0.4,RESULT: FAILURE (status=6),,
blocked,55,comppi,True,False,20.76,0.25,7.53,0.292,0.0128,0.4,RESULT: SUCCESS (status=4),,
blocked,55,mppi,False,False,18.06,4.629,3.02,0.35,0.0099,0.403,RESULT: FAILURE (status=6),,
blocked,55,dwb,False,False,17.36,5.38,3.63,0.45,0.0277,0.4,RESULT: FAILURE (status=6),,
blocked,56,comppi,True,False,20.56,0.237,7.48,0.255,0.0105,0.4,RESULT: SUCCESS (status=4),,
blocked,56,mppi,True,False,27.36,0.241,7.67,0.283,0.0144,0.404,RESULT: SUCCESS (status=4),,
blocked,56,dwb,False,False,50.86,4.136,9.35,0.4,0.0254,0.4,RESULT: FAILURE (status=6),,
blocked,57,comppi,True,False,21.46,0.25,7.56,0.269,0.0077,0.4,RESULT: SUCCESS (status=4),,
blocked,57,mppi,False,False,14.26,6.229,1.42,0.35,0.0124,0.371,RESULT: FAILURE (status=6),,
blocked,57,dwb,False,False,13.66,6.901,2.09,0.4,0.0302,0.4,RESULT: FAILURE (status=6),,
blocked,58,comppi,True,False,21.06,0.243,7.5,0.25,0.0085,0.4,RESULT: SUCCESS (status=4),,
blocked,58,mppi,False,False,17.26,5.228,2.42,0.35,0.01,0.403,RESULT: FAILURE (status=6),,
blocked,58,dwb,False,False,16.56,5.86,3.19,0.35,0.036,0.4,RESULT: FAILURE (status=6),,
blocked,59,comppi,True,False,21.06,0.246,7.49,0.269,0.0082,0.4,RESULT: SUCCESS (status=4),,
blocked,59,mppi,False,False,26.26,3.961,3.7,0.35,0.0102,0.403,RESULT: FAILURE (status=6),,
blocked,59,dwb,False,False,18.26,4.651,4.2,0.45,0.0273,0.4,RESULT: FAILURE (status=6),,
blocked,60,comppi,True,False,21.16,0.249,7.51,0.255,0.0094,0.4,RESULT: SUCCESS (status=4),,
blocked,60,mppi,False,False,21.06,4.868,2.78,0.35,0.0096,0.403,RESULT: FAILURE (status=6),,
blocked,60,dwb,False,False,46.86,5.733,7.74,0.4,0.0246,0.4,RESULT: FAILURE (status=6),,
blocked,61,comppi,True,False,20.86,0.24,7.5,0.255,0.0101,0.4,RESULT: SUCCESS (status=4),,
blocked,61,mppi,False,False,17.56,4.532,3.11,0.35,0.0117,0.403,RESULT: FAILURE (status=6),,
blocked,61,dwb,False,False,16.96,5.097,3.68,0.4,0.0287,0.4,RESULT: FAILURE (status=6),,
blocked,62,comppi,True,False,20.76,0.249,7.53,0.255,0.0107,0.4,RESULT: SUCCESS (status=4),,
blocked,62,mppi,False,False,24.56,4.412,3.24,0.35,0.0104,0.403,RESULT: FAILURE (status=6),,
blocked,62,dwb,False,False,73.36,5.246,12.0,0.35,0.032,0.4,RESULT: FAILURE (status=6),,
blocked,63,comppi,True,False,20.86,0.237,7.49,0.255,0.0103,0.4,RESULT: SUCCESS (status=4),,
blocked,63,mppi,False,False,19.16,4.025,3.62,0.35,0.0098,0.403,RESULT: FAILURE (status=6),,
blocked,63,dwb,False,False,18.36,4.737,4.17,0.5,0.0273,0.4,RESULT: FAILURE (status=6),,
blocked,64,comppi,True,False,20.96,0.25,7.49,0.255,0.0099,0.4,RESULT: SUCCESS (status=4),,
blocked,64,mppi,True,False,27.56,0.245,7.67,0.269,0.0145,0.404,RESULT: SUCCESS (status=4),,
blocked,64,dwb,False,False,15.56,5.681,3.16,0.45,0.0287,0.4,RESULT: FAILURE (status=6),,
blocked,65,comppi,True,False,21.16,0.25,7.51,0.292,0.0079,0.4,RESULT: SUCCESS (status=4),,
blocked,65,mppi,False,False,16.06,5.776,1.87,0.35,0.012,0.403,RESULT: FAILURE (status=6),,
blocked,65,dwb,False,False,15.36,6.513,2.57,0.4,0.0298,0.4,RESULT: FAILURE (status=6),,
blocked,66,comppi,True,False,20.86,0.24,7.48,0.269,0.0092,0.4,RESULT: SUCCESS (status=4),,
blocked,66,mppi,True,False,27.56,0.237,7.68,0.269,0.0144,0.404,RESULT: SUCCESS (status=4),,
blocked,66,dwb,False,False,20.96,3.63,5.22,0.4,0.0271,0.4,RESULT: FAILURE (status=6),,
blocked,67,comppi,True,False,21.26,0.246,7.52,0.255,0.008,0.4,RESULT: SUCCESS (status=4),,
blocked,67,mppi,False,False,23.06,2.48,5.16,0.35,0.0091,0.403,RESULT: FAILURE (status=6),,
blocked,67,dwb,False,False,22.26,3.078,5.73,0.4,0.026,0.4,RESULT: FAILURE (status=6),,
blocked,68,comppi,True,False,20.56,0.243,7.51,0.255,0.0105,0.4,RESULT: SUCCESS (status=4),,
blocked,68,mppi,False,False,22.56,4.366,3.29,0.35,0.0092,0.403,RESULT: FAILURE (status=6),,
blocked,68,dwb,False,False,47.96,5.232,8.22,0.4,0.0307,0.4,RESULT: FAILURE (status=6),,
blocked,69,comppi,True,False,20.86,0.243,7.53,0.269,0.01,0.4,RESULT: SUCCESS (status=4),,
blocked,69,mppi,False,False,23.96,2.67,4.98,0.35,0.0105,0.403,RESULT: FAILURE (status=6),,
blocked,69,dwb,False,False,22.96,2.934,5.73,0.35,0.0276,0.4,RESULT: FAILURE (status=6),,
blocked,70,comppi,True,False,21.16,0.249,7.64,0.255,0.0082,0.4,RESULT: SUCCESS (status=4),,
blocked,70,mppi,False,False,14.36,6.232,1.41,0.35,0.0103,0.371,RESULT: FAILURE (status=6),,
blocked,70,dwb,False,False,13.96,7.035,2.09,0.45,0.0299,0.4,RESULT: FAILURE (status=6),,
blocked,71,comppi,True,False,21.06,0.249,7.5,0.269,0.0083,0.4,RESULT: SUCCESS (status=4),,
blocked,71,mppi,True,False,27.66,0.239,7.7,0.269,0.0145,0.404,RESULT: SUCCESS (status=4),,
blocked,71,dwb,False,False,51.86,4.433,9.21,0.3,0.0321,0.4,RESULT: FAILURE (status=6),,
blocked,72,comppi,True,False,21.16,0.246,7.51,0.269,0.0082,0.4,RESULT: SUCCESS (status=4),,
blocked,72,mppi,False,False,21.46,5.413,2.24,0.35,0.0094,0.403,RESULT: FAILURE (status=6),,
blocked,72,dwb,False,False,72.16,6.196,11.17,0.4,0.0303,0.4,RESULT: FAILURE (status=6),,
blocked,73,comppi,True,False,20.96,0.24,7.51,0.3,0.0098,0.4,RESULT: SUCCESS (status=4),,
blocked,73,mppi,False,False,14.96,5.579,2.06,0.35,0.0106,0.403,RESULT: FAILURE (status=6),,
blocked,73,dwb,False,False,14.36,6.153,2.64,0.4,0.03,0.4,RESULT: FAILURE (status=6),,
blocked,74,comppi,True,False,20.76,0.243,7.48,0.269,0.0103,0.4,RESULT: SUCCESS (status=4),,
blocked,74,mppi,True,False,27.56,0.237,7.67,0.269,0.0151,0.405,RESULT: SUCCESS (status=4),,
blocked,74,dwb,False,False,19.86,4.725,4.28,0.3,0.0352,0.4,RESULT: FAILURE (status=6),,
blocked,75,comppi,True,False,21.16,0.245,7.5,0.3,0.008,0.4,RESULT: SUCCESS (status=4),,
blocked,75,mppi,False,False,25.48,4.512,3.15,0.35,0.0088,0.403,RESULT: FAILURE (status=6),,
blocked,75,dwb,False,False,16.86,5.202,3.65,0.45,0.0291,0.4,RESULT: FAILURE (status=6),,
blocked,76,comppi,True,False,20.76,0.25,7.51,0.255,0.0092,0.4,RESULT: SUCCESS (status=4),,
blocked,76,mppi,True,False,28.66,0.239,7.7,0.283,0.0152,0.403,RESULT: SUCCESS (status=4),,
blocked,76,dwb,False,False,14.46,6.266,2.63,0.45,0.029,0.4,RESULT: FAILURE (status=6),,
blocked,77,comppi,True,False,21.56,0.25,7.55,0.25,0.0077,0.4,RESULT: SUCCESS (status=4),,
blocked,77,mppi,False,False,17.26,5.874,1.77,0.35,0.0101,0.403,RESULT: FAILURE (status=6),,
blocked,77,dwb,False,False,63.96,6.671,9.59,0.4,0.0268,0.4,RESULT: FAILURE (status=6),,
blocked,78,comppi,True,False,20.96,0.242,7.53,0.255,0.0085,0.4,RESULT: SUCCESS (status=4),,
blocked,78,mppi,False,False,15.26,5.63,2.01,0.35,0.0105,0.403,RESULT: FAILURE (status=6),,
blocked,78,dwb,False,False,14.56,6.248,2.61,0.4,0.0305,0.4,RESULT: FAILURE (status=6),,
blocked,79,comppi,True,False,20.86,0.243,7.56,0.269,0.0097,0.4,RESULT: SUCCESS (status=4),,
blocked,79,mppi,False,False,14.16,6.178,1.46,0.35,0.0107,0.382,RESULT: FAILURE (status=6),,
blocked,79,dwb,False,False,13.46,6.825,2.11,0.4,0.0302,0.4,RESULT: FAILURE (status=6),,
blocked,80,comppi,True,False,21.06,0.242,7.63,0.255,0.0091,0.4,RESULT: SUCCESS (status=4),,
blocked,80,mppi,False,False,14.16,6.178,1.46,0.35,0.0106,0.384,RESULT: FAILURE (status=6),,
blocked,80,dwb,False,False,13.46,6.935,2.08,0.45,0.0308,0.4,RESULT: FAILURE (status=6),,
blocked,81,comppi,True,False,21.16,0.248,7.52,0.255,0.0079,0.4,RESULT: SUCCESS (status=4),,
blocked,81,mppi,False,False,19.96,4.22,3.43,0.35,0.0096,0.403,RESULT: FAILURE (status=6),,
blocked,81,dwb,False,False,19.26,4.931,4.13,0.4,0.0282,0.4,RESULT: FAILURE (status=6),,
blocked,82,comppi,True,False,21.46,0.246,7.54,0.292,0.008,0.4,RESULT: SUCCESS (status=4),,
blocked,82,mppi,False,False,19.46,5.367,2.29,0.35,0.0112,0.403,RESULT: FAILURE (status=6),,
blocked,82,dwb,False,False,72.36,6.136,11.3,0.45,0.0291,0.4,RESULT: FAILURE (status=6),,
blocked,83,comppi,True,False,21.26,0.249,7.48,0.255,0.0079,0.4,RESULT: SUCCESS (status=4),,
blocked,83,mppi,False,False,18.68,4.721,2.93,0.35,0.0099,0.403,RESULT: FAILURE (status=6),,
blocked,83,dwb,False,False,45.76,5.521,7.75,0.45,0.025,0.4,RESULT: FAILURE (status=6),,
blocked,84,comppi,True,False,21.06,0.245,7.48,0.255,0.0089,0.4,RESULT: SUCCESS (status=4),,
blocked,84,mppi,True,False,27.76,0.237,7.68,0.269,0.0151,0.403,RESULT: SUCCESS (status=4),,
blocked,84,dwb,False,False,100.36,4.916,16.28,0.3,0.0349,0.4,RESULT: FAILURE (status=6),,
blocked,85,comppi,True,False,20.96,0.246,7.5,0.292,0.0088,0.4,RESULT: SUCCESS (status=4),,
blocked,85,mppi,True,False,27.48,0.237,7.69,0.283,0.0143,0.403,RESULT: SUCCESS (status=4),,
blocked,85,dwb,False,False,21.46,3.894,5.17,0.45,0.0258,0.4,RESULT: FAILURE (status=6),,
blocked,86,comppi,True,False,20.96,0.243,7.53,0.269,0.0087,0.4,RESULT: SUCCESS (status=4),,
blocked,86,mppi,True,False,28.06,0.231,7.72,0.269,0.0141,0.403,RESULT: SUCCESS (status=4),,
blocked,86,dwb,False,False,99.36,5.401,15.74,0.3,0.0345,0.4,RESULT: FAILURE (status=6),,
blocked,87,comppi,True,False,20.68,0.244,7.49,0.255,0.0114,0.4,RESULT: SUCCESS (status=4),,
blocked,87,mppi,True,False,27.46,0.247,7.67,0.269,0.0146,0.403,RESULT: SUCCESS (status=4),,
blocked,87,dwb,False,False,22.86,3.409,5.68,0.45,0.026,0.4,RESULT: FAILURE (status=6),,
blocked,88,comppi,True,False,20.96,0.247,7.53,0.255,0.0109,0.4,RESULT: SUCCESS (status=4),,
blocked,88,mppi,False,False,19.96,4.22,3.43,0.35,0.0096,0.403,RESULT: FAILURE (status=6),,
blocked,88,dwb,False,False,19.26,4.944,4.14,0.4,0.0269,0.4,RESULT: FAILURE (status=6),,
blocked,89,comppi,True,False,21.36,0.247,7.58,0.269,0.0078,0.4,RESULT: SUCCESS (status=4),,
blocked,89,mppi,False,False,27.76,3.462,4.2,0.35,0.0086,0.403,RESULT: FAILURE (status=6),,
blocked,89,dwb,False,False,19.46,4.153,4.7,0.45,0.027,0.4,RESULT: FAILURE (status=6),,
blocked,90,comppi,True,False,20.86,0.242,7.6,0.255,0.0103,0.4,RESULT: SUCCESS (status=4),,
blocked,90,mppi,False,False,18.06,4.625,3.02,0.35,0.01,0.403,RESULT: FAILURE (status=6),,
blocked,90,dwb,False,False,17.26,5.134,3.68,0.35,0.0296,0.4,RESULT: FAILURE (status=6),,
blocked,91,comppi,True,False,20.86,0.24,7.52,0.25,0.0104,0.4,RESULT: SUCCESS (status=4),,
blocked,91,mppi,False,False,17.56,5.272,2.37,0.35,0.0117,0.403,RESULT: FAILURE (status=6),,
blocked,91,dwb,False,False,16.76,6.034,3.09,0.4,0.0284,0.4,RESULT: FAILURE (status=6),,
blocked,92,comppi,True,False,20.98,0.24,7.52,0.269,0.0097,0.4,RESULT: SUCCESS (status=4),,
blocked,92,mppi,False,False,25.36,3.863,3.79,0.35,0.0089,0.403,RESULT: FAILURE (status=6),,
blocked,92,dwb,False,False,21.86,4.029,4.73,0.35,0.0274,0.4,RESULT: FAILURE (status=6),,
blocked,93,comppi,True,False,21.28,0.244,7.53,0.292,0.0082,0.4,RESULT: SUCCESS (status=4),,
blocked,93,mppi,False,False,14.76,6.278,1.36,0.35,0.0119,0.36,RESULT: FAILURE (status=6),,
blocked,93,dwb,False,False,120.08,6.752,17.29,0.45,0.0345,0.4,RESULT: FAILURE (status=timeout),,
blocked,94,comppi,True,False,21.16,0.245,7.51,0.25,0.0084,0.4,RESULT: SUCCESS (status=4),,
blocked,94,mppi,False,False,19.86,4.172,3.47,0.35,0.0096,0.403,RESULT: FAILURE (status=6),,
blocked,94,dwb,False,False,18.96,4.867,4.15,0.4,0.0272,0.4,RESULT: FAILURE (status=6),,
blocked,95,comppi,True,False,21.66,0.245,7.71,0.25,0.0081,0.4,RESULT: SUCCESS (status=4),,
blocked,95,mppi,False,False,14.76,6.275,1.37,0.35,0.0103,0.361,RESULT: FAILURE (status=6),,
blocked,95,dwb,False,False,14.46,7.019,2.12,0.4,0.0299,0.4,RESULT: FAILURE (status=6),,
blocked,96,comppi,True,False,20.78,0.242,7.53,0.269,0.0092,0.4,RESULT: SUCCESS (status=4),,
blocked,96,mppi,True,False,27.86,0.234,7.76,0.269,0.0144,0.403,RESULT: SUCCESS (status=4),,
blocked,96,dwb,False,False,21.96,3.449,5.22,0.35,0.0278,0.4,RESULT: FAILURE (status=6),,
blocked,97,comppi,True,False,20.96,0.24,7.52,0.269,0.0096,0.4,RESULT: SUCCESS (status=4),,
blocked,97,mppi,False,False,18.06,5.322,2.32,0.35,0.0099,0.403,RESULT: FAILURE (status=6),,
blocked,97,dwb,False,False,45.36,6.172,7.23,0.4,0.0259,0.4,RESULT: FAILURE (status=6),,
blocked,98,comppi,True,False,20.96,0.243,7.49,0.269,0.0083,0.4,RESULT: SUCCESS (status=4),,
blocked,98,mppi,False,False,23.76,2.625,5.02,0.35,0.009,0.403,RESULT: FAILURE (status=6),,
blocked,98,dwb,False,False,22.86,3.419,5.67,0.45,0.0262,0.4,RESULT: FAILURE (status=6),,
blocked,99,comppi,True,False,21.16,0.244,7.57,0.269,0.0097,0.4,RESULT: SUCCESS (status=4),,
blocked,99,mppi,True,False,26.58,0.241,7.69,0.25,0.015,0.412,RESULT: SUCCESS (status=4),,
blocked,99,dwb,False,False,16.86,5.595,3.2,0.3,0.0386,0.4,RESULT: FAILURE (status=6),,
