t,x,y,yaw,cmd_vx,cmd_wz,scan_min,map_x,map_y
0.0000,5.6428,-7.2754,0.2334,0.0000,0.0000,nan,nan,nan
0.0000,5.6428,-7.2754,0.2334,0.0000,0.0000,nan,nan,nan
0.0001,5.6428,-7.2753,0.2334,0.0000,0.0000,nan,nan,nan
0.0001,5.6428,-7.2753,0.2334,0.0000,0.0000,nan,nan,nan
0.0001,5.6427,-7.2754,0.2334,0.0000,0.0000,nan,nan,nan
0.0002,5.6428,-7.2754,0.2334,0.0000,0.0000,nan,nan,nan
0.0003,5.6428,-7.2754,0.2334,0.0000,0.0000,nan,nan,nan
0.0067,5.6428,-7.2754,0.2334,0.0000,0.0000,nan,nan,nan
0.0164,5.6428,-7.2754,0.2334,0.0000,0.0000,nan,nan,nan
0.0259,5.6428,-7.2754,0.2334,0.0000,0.0000,nan,nan,nan
0.0352,5.6427,-7.2754,0.2334,0.0000,0.0000,nan,nan,nan
0.0457,5.6428,-7.2754,0.2334,0.0000,0.0000,nan,nan,nan
0.0551,5.6427,-7.2754,0.2334,0.0000,0.0000,nan,nan,nan
0.0642,5.6428,-7.2754,0.2334,0.0000,0.0000,nan,nan,nan
0.0744,5.6428,-7.2754,0.2334,0.0000,0.0000,nan,nan,nan
0.0855,5.6428,-7.2753,0.2334,0.0000,0.0000,nan,nan,nan
0.0946,5.6428,-7.2754,0.2334,0.0000,0.0000,nan,nan,nan
0.1050,5.6427,-7.2754,0.2334,0.0000,0.0000,nan,nan,nan
0.1151,5.6427,-7.2754,0.2334,0.0000,0.0000,nan,nan,nan
0.1241,5.6428,-7.2754,0.2334,0.0000,0.0000,nan,nan,nan
0.1341,5.6427,-7.2754,0.2334,0.0000,0.0000,nan,nan,nan
0.1441,5.6428,-7.2754,0.2334,0.0000,0.0000,nan,nan,nan
0.1541,5.6427,-7.2754,0.2334,0.0000,0.0000,nan,nan,nan
0.1640,5.6428,-7.2753,0.2334,0.0000,0.0000,nan,nan,nan
0.1740,5.6428,-7.2754,0.2334,0.0000,0.0000,nan,nan,nan
0.1839,5.6428,-7.2754,0.2334,0.0000,0.0000,nan,nan,nan
0.1939,5.6427,-7.2754,0.2334,0.0000,0.0000,nan,nan,nan
0.2039,5.6428,-7.2754,0.2334,0.0000,0.0000,nan,nan,nan
0.2165,5.6427,-7.2754,0.2334,0.0000,0.0000,nan,nan,nan
0.2239,5.6427,-7.2754,0.2334,0.0000,0.0000,nan,nan,nan
0.2338,5.6428,-7.2754,0.2334,0.0000,0.0000,nan,nan,nan
0.2473,5.6428,-7.2754,0.2334,0.0000,0.0000,nan,nan,nan
0.2538,5.6427,-7.2754,0.2334,0.0000,0.0000,nan,nan,nan
0.2641,5.6428,-7.2754,0.2334,0.0000,0.0000,nan,nan,nan
0.2745,5.6428,-7.2754,0.2334,0.0000,0.0000,nan,nan,nan
0.2843,5.6428,-7.2754,0.2334,0.0000,0.0000,nan,nan,nan
0.2939,5.6428,-7.2754,0.2334,0.0000,0.0000,nan,nan,nan
0.3038,5.6428,-7.2754,0.2334,0.0000,0.0000,nan,nan,nan
0.3140,5.6428,-7.2754,0.2334,0.0000,0.0000,nan,nan,nan
0.3241,5.6427,-7.2754,0.2334,0.0000,0.0000,nan,nan,nan
0.3368,5.6428,-7.2754,0.2334,0.0000,0.0000,nan,nan,nan
0.3441,5.6428,-7.2754,0.2334,0.0000,0.0000,nan,nan,nan
0.3540,5.6428,-7.2754,0.2334,0.0000,0.0000,nan,nan,nan
0.3641,5.6427,-7.2754,0.2334,0.0000,0.0000,nan,nan,nan
0.3743,5.6427,-7.2754,0.2334,0.0000,0.0000,nan,nan,nan
0.3843,5.6427,-7.2754,0.2334,0.0000,0.0000,nan,nan,nan
0.3949,5.6428,-7.2754,0.2334,0.0000,0.0000,nan,nan,nan
0.4058,5.6428,-7.2754,0.2334,0.0000,0.0000,nan,nan,nan
0.4142,5.6428,-7.2754,0.2334,0.0000,0.0000,nan,nan,nan
0.4241,5.6428,-7.2754,0.2334,0.0000,0.0000,nan,nan,nan
0.4349,5.6427,-7.2754,0.2334,0.0000,0.0000,nan,nan,nan
0.4442,5.6427,-7.2754,0.2334,0.0000,0.0000,nan,nan,nan
0.4539,5.6428,-7.2754,0.2334,0.0000,0.0000,nan,nan,nan
0.4640,5.6427,-7.2754,0.2334,0.0000,0.0000,nan,nan,nan
0.4740,5.6428,-7.2754,0.2334,0.0000,0.0000,nan,nan,nan
0.4842,5.6428,-7.2753,0.2334,0.0000,0.0000,nan,nan,nan
0.4949,5.6427,-7.2754,0.2334,0.0000,0.0000,nan,nan,nan
0.5046,5.6427,-7.2754,0.2334,0.0000,0.0000,nan,nan,nan
0.5147,5.6427,-7.2754,0.2334,0.0000,0.0000,nan,nan,nan
0.5256,5.6427,-7.2754,0.2334,0.0000,0.0000,nan,nan,nan
0.5353,5.6428,-7.2754,0.2334,0.0000,0.0000,nan,nan,nan
0.5447,5.6427,-7.2754,0.2334,0.0000,0.0000,nan,nan,nan
0.5548,5.6428,-7.2754,0.2334,0.0000,0.0000,nan,nan,nan
0.5656,5.6428,-7.2754,0.2334,0.0000,0.0000,nan,nan,nan
0.5748,5.6428,-7.2754,0.2334,0.0000,0.0000,nan,nan,nan
0.5847,5.6428,-7.2754,0.2334,0.0000,0.0000,nan,nan,nan
0.5967,5.6427,-7.2754,0.2334,0.0000,0.0000,nan,nan,nan
0.6070,5.6428,-7.2754,0.2334,0.0000,0.0000,nan,nan,nan
0.6281,5.6427,-7.2754,0.2334,0.0000,0.0000,nan,nan,nan
0.6361,5.6427,-7.2754,0.2334,0.0000,0.0000,nan,nan,nan
0.7255,5.6428,-7.2754,0.2334,0.0000,0.0000,nan,nan,nan
0.7304,5.6428,-7.2753,0.2334,0.0000,0.0000,nan,nan,nan
0.7355,5.6428,-7.2753,0.2334,0.0000,0.0000,nan,nan,nan
0.7444,5.6428,-7.2754,0.2334,0.0000,0.0000,nan,nan,nan
0.7570,5.6427,-7.2754,0.2334,0.0000,0.0000,nan,nan,nan
0.7651,5.6427,-7.2754,0.2334,0.0000,0.0000,nan,nan,nan
0.7752,5.6428,-7.2754,0.2334,0.0000,0.0000,nan,nan,nan
0.7853,5.6427,-7.2754,0.2334,0.0000,0.0000,nan,nan,nan
0.7954,5.6427,-7.2754,0.2334,0.0000,0.0000,nan,nan,nan
0.8072,5.6428,-7.2754,0.2334,0.0000,0.0000,nan,nan,nan
0.8246,5.6428,-7.2754,0.2334,0.0000,0.0000,nan,nan,nan
0.8425,5.6428,-7.2754,0.2334,0.0000,0.0000,nan,nan,nan
0.8668,5.6428,-7.2754,0.2334,0.0000,0.0000,nan,nan,nan
0.8864,5.6427,-7.2754,0.2334,0.0000,0.0000,nan,nan,nan
0.8898,5.6427,-7.2754,0.2334,0.0000,0.0000,nan,nan,nan
0.8951,5.6427,-7.2754,0.2334,0.0000,0.0000,nan,nan,nan
0.9044,5.6428,-7.2753,0.2334,0.0000,0.0000,nan,nan,nan
0.9144,5.6428,-7.2754,0.2334,0.0000,0.0000,nan,nan,nan
0.9246,5.6428,-7.2754,0.2334,0.0000,0.0000,nan,nan,nan
0.9356,5.6427,-7.2754,0.2334,0.0000,0.0000,0.8841,nan,nan
0.9439,5.6428,-7.2753,0.2334,0.0000,0.0000,0.8841,nan,nan
0.9544,5.6428,-7.2753,0.2334,0.0000,0.0000,0.8841,nan,nan
0.9647,5.6427,-7.2754,0.2334,0.0000,0.0000,0.8841,nan,nan
0.9743,5.6428,-7.2754,0.2334,0.0000,0.0000,0.8841,nan,nan
0.9844,5.6428,-7.2754,0.2334,0.0000,0.0000,0.8841,nan,nan
0.9950,5.6428,-7.2754,0.2334,0.0000,0.0000,0.8841,nan,nan
1.0042,5.6427,-7.2754,0.2334,0.0000,0.0000,0.8841,nan,nan
1.0145,5.6427,-7.2754,0.2334,0.0000,0.0000,0.8841,nan,nan
1.0251,5.6427,-7.2754,0.2334,0.0000,0.0000,0.8841,nan,nan
1.0365,5.6427,-7.2754,0.2334,0.0000,0.0000,0.8831,nan,nan
1.0449,5.6427,-7.2754,0.2334,0.0000,0.0000,0.8831,nan,nan
1.0547,5.6427,-7.2754,0.2334,0.0000,0.0000,0.8831,nan,nan
1.0659,5.6428,-7.2754,0.2334,0.0000,0.0000,0.8831,nan,nan
1.0751,5.6427,-7.2754,0.2334,0.0000,0.0000,0.8831,nan,nan
1.0846,5.6427,-7.2754,0.2334,0.0000,0.0000,0.8831,nan,nan
1.0960,5.6427,-7.2754,0.2334,0.0000,0.0000,0.8831,nan,nan
1.1052,5.6428,-7.2754,0.2334,0.0000,0.0000,0.8831,nan,nan
1.1150,5.6427,-7.2754,0.2334,0.0000,0.0000,0.8831,nan,nan
1.1251,5.6428,-7.2754,0.2334,0.0000,0.0000,0.8831,nan,nan
1.1347,5.6427,-7.2754,0.2334,0.0000,0.0000,0.8860,nan,nan
1.1451,5.6427,-7.2754,0.2334,0.0000,0.0000,0.8860,nan,nan
1.1549,5.6427,-7.2754,0.2334,0.0000,0.0000,0.8860,nan,nan
1.1650,5.6428,-7.2754,0.2334,0.0000,0.0000,0.8860,nan,nan
1.1750,5.6428,-7.2753,0.2334,0.0000,0.0000,0.8860,nan,nan
1.1865,5.6428,-7.2754,0.2334,0.0000,0.0000,0.8860,nan,nan
1.1952,5.6427,-7.2754,0.2334,0.0000,0.0000,0.8860,nan,nan
1.2067,5.6427,-7.2754,0.2334,0.0000,0.0000,0.8860,nan,nan
1.2150,5.6427,-7.2754,0.2334,0.0000,0.0000,0.8860,nan,nan
1.2248,5.6427,-7.2754,0.2334,0.0000,0.0000,0.8860,nan,nan
1.2362,5.6428,-7.2754,0.2334,0.0000,0.0000,0.8827,nan,nan
1.2464,5.6428,-7.2754,0.2334,0.0000,0.0000,0.8827,nan,nan
1.2550,5.6428,-7.2754,0.2334,0.0000,0.0000,0.8827,nan,nan
1.2646,5.6427,-7.2754,0.2334,0.0000,0.0000,0.8827,nan,nan
1.2752,5.6427,-7.2754,0.2334,0.0000,0.0000,0.8827,nan,nan
1.2856,5.6427,-7.2754,0.2334,0.0000,0.0000,0.8827,nan,nan
1.2956,5.6428,-7.2754,0.2334,0.0000,0.0000,0.8827,nan,nan
1.3048,5.6427,-7.2754,0.2334,0.0000,0.0000,0.8827,nan,nan
1.3151,5.6428,-7.2754,0.2334,0.0000,0.0000,0.8827,nan,nan
1.3250,5.6427,-7.2754,0.2334,0.0000,0.0000,0.8827,nan,nan
1.3366,5.6427,-7.2754,0.2334,0.0000,0.0000,0.8870,nan,nan
1.3448,5.6427,-7.2754,0.2334,0.0000,0.0000,0.8870,nan,nan
1.3545,5.6428,-7.2754,0.2334,0.0000,0.0000,0.8870,nan,nan
1.3646,5.6427,-7.2754,0.2334,0.0000,0.0000,0.8870,nan,nan
1.3746,5.6427,-7.2754,0.2334,0.0000,0.0000,0.8870,nan,nan
1.3848,5.6428,-7.2754,0.2334,0.0000,0.0000,0.8870,nan,nan
1.3950,5.6427,-7.2754,0.2334,0.0000,0.0000,0.8870,nan,nan
1.4046,5.6427,-7.2754,0.2334,0.0000,0.0000,0.8870,nan,nan
1.4148,5.6427,-7.2754,0.2334,0.0000,0.0000,0.8870,nan,nan
1.4273,5.6427,-7.2754,0.2334,0.0000,0.0000,0.8870,nan,nan
1.4368,5.6427,-7.2754,0.2334,0.0000,0.0000,0.8851,nan,nan
1.4458,5.6428,-7.2753,0.2334,0.0000,0.0000,0.8851,nan,nan
1.4546,5.6428,-7.2754,0.2334,0.0000,0.0000,0.8851,nan,nan
1.4647,5.6428,-7.2754,0.2334,0.0000,0.0000,0.8851,nan,nan
1.4753,5.6427,-7.2754,0.2334,0.0000,0.0000,0.8851,nan,nan
1.4846,5.6427,-7.2754,0.2334,0.0000,0.0000,0.8851,nan,nan
1.4953,5.6428,-7.2754,0.2334,0.0000,0.0000,0.8851,nan,nan
1.5048,5.6428,-7.2754,0.2334,0.0000,0.0000,0.8851,nan,nan
1.5171,5.6427,-7.2754,0.2334,0.0000,0.0000,0.8851,nan,nan
1.5274,5.6427,-7.2754,0.2334,0.0000,0.0000,0.8851,nan,nan
1.5354,5.6428,-7.2754,0.2334,0.0000,0.0000,0.8841,nan,nan
1.5444,5.6428,-7.2754,0.2334,0.0000,0.0000,0.8841,nan,nan
1.5547,5.6428,-7.2754,0.2334,0.0000,0.0000,0.8841,nan,nan
1.5650,5.6428,-7.2754,0.2334,0.0000,0.0000,0.8841,nan,nan
1.5765,5.6428,-7.2754,0.2334,0.0000,0.0000,0.8841,nan,nan
1.5850,5.6427,-7.2754,0.2334,0.0000,0.0000,0.8841,nan,nan
1.5984,5.6427,-7.2754,0.2334,0.0000,0.0000,0.8841,nan,nan
1.6116,5.6427,-7.2754,0.2334,0.0000,0.0000,0.8841,nan,nan
1.6146,5.6427,-7.2754,0.2334,0.0000,0.0000,0.8841,nan,nan
1.6324,5.6427,-7.2754,0.2334,0.0000,0.0000,0.8841,nan,nan
1.6372,5.6428,-7.2754,0.2334,0.0000,0.0000,0.8827,nan,nan
1.6455,5.6428,-7.2754,0.2334,0.0000,0.0000,0.8827,nan,nan
1.6789,5.6427,-7.2754,0.2334,0.0000,0.0000,0.8827,nan,nan
1.6845,5.6427,-7.2754,0.2334,0.0000,0.0000,0.8827,nan,nan
1.6941,5.6428,-7.2754,0.2334,0.0000,0.0000,0.8827,nan,nan
1.7046,5.6428,-7.2754,0.2334,0.0000,0.0000,0.8827,nan,nan
1.7139,5.6427,-7.2754,0.2334,0.0000,0.0000,0.8827,nan,nan
1.7240,5.6427,-7.2754,0.2334,0.0000,0.0000,0.8827,nan,nan
1.7340,5.6427,-7.2754,0.2334,0.0000,0.0000,0.8837,nan,nan
1.7438,5.6427,-7.2754,0.2334,0.0000,0.0000,0.8837,nan,nan
1.7550,5.6428,-7.2754,0.2334,0.0000,0.0000,0.8837,nan,nan
1.7646,5.6427,-7.2754,0.2334,0.0000,0.0000,0.8837,nan,nan
1.7783,5.6427,-7.2754,0.2334,0.0000,0.0000,0.8837,nan,nan
1.7846,5.6427,-7.2754,0.2334,0.0000,0.0000,0.8837,nan,nan
1.7944,5.6427,-7.2754,0.2334,0.0000,0.0000,0.8837,nan,nan
1.8050,5.6427,-7.2754,0.2334,0.0000,0.0000,0.8837,nan,nan
1.8154,5.6427,-7.2754,0.2334,0.0000,0.0000,0.8837,nan,nan
1.8245,5.6428,-7.2754,0.2334,0.0000,0.0000,0.8837,nan,nan
1.8387,5.6428,-7.2754,0.2334,0.0000,0.0000,0.8841,5.6751,-7.1424
1.8445,5.6428,-7.2754,0.2334,0.0000,0.0000,0.8841,5.6751,-7.1424
1.8544,5.6428,-7.2754,0.2334,0.0000,0.0000,0.8841,5.6751,-7.1424
1.8646,5.6428,-7.2754,0.2334,0.0000,0.0000,0.8841,5.6751,-7.1424
1.8749,5.6427,-7.2754,0.2334,0.0000,0.0000,0.8841,5.6751,-7.1424
1.8853,5.6428,-7.2754,0.2334,0.0000,0.0000,0.8841,5.6751,-7.1424
1.8966,5.6428,-7.2754,0.2334,0.0000,0.0000,0.8841,5.6751,-7.1424
1.9042,5.6428,-7.2754,0.2334,0.0000,0.0000,0.8841,5.6751,-7.1424
1.9148,5.6428,-7.2754,0.2334,0.0000,0.0000,0.8841,5.6751,-7.1424
1.9248,5.6427,-7.2754,0.2334,0.0000,0.0000,0.8841,5.6751,-7.1424
1.9379,5.6428,-7.2754,0.2334,0.0000,0.0000,0.8844,5.6755,-7.1416
1.9451,5.6428,-7.2754,0.2334,0.0000,0.0000,0.8844,5.6755,-7.1416
1.9547,5.6428,-7.2754,0.2334,0.0000,0.0000,0.8844,5.6755,-7.1416
1.9644,5.6427,-7.2754,0.2334,0.0000,0.0000,0.8844,5.6755,-7.1416
1.9748,5.6427,-7.2754,0.2334,0.0000,0.0000,0.8844,5.6755,-7.1416
1.9844,5.6427,-7.2754,0.2334,0.0000,0.0000,0.8844,5.6755,-7.1416
1.9963,5.6428,-7.2754,0.2334,0.0000,0.0000,0.8844,5.6755,-7.1416
2.0052,5.6428,-7.2754,0.2334,0.0000,0.0000,0.8844,5.6755,-7.1416
2.0148,5.6427,-7.2754,0.2334,0.0000,0.0000,0.8844,5.6755,-7.1416
2.0247,5.6427,-7.2754,0.2334,0.0000,0.0000,0.8844,5.6755,-7.1416
2.0346,5.6428,-7.2754,0.2334,0.0000,0.0000,0.8837,5.6755,-7.1416
2.0457,5.6428,-7.2754,0.2334,0.0000,0.0000,0.8837,5.6755,-7.1416
2.0546,5.6427,-7.2754,0.2334,0.0000,0.0000,0.8837,5.6724,-7.1452
2.0650,5.6428,-7.2754,0.2334,0.0000,0.0000,0.8837,5.6724,-7.1452
2.0757,5.6427,-7.2754,0.2334,0.0000,0.0000,0.8837,5.6724,-7.1452
2.0858,5.6427,-7.2754,0.2334,0.0000,0.0000,0.8837,5.6724,-7.1452
2.0947,5.6428,-7.2754,0.2334,0.0000,0.0000,0.8837,5.6724,-7.1452
2.1053,5.6428,-7.2754,0.2334,0.0000,0.0000,0.8837,5.6724,-7.1452
2.1157,5.6427,-7.2754,0.2334,0.0000,0.0000,0.8837,5.6724,-7.1452
2.1257,5.6427,-7.2754,0.2334,0.0000,0.0000,0.8837,5.6724,-7.1452
2.1361,5.6427,-7.2754,0.2334,0.0000,0.0000,0.8853,5.6724,-7.1452
2.1453,5.6428,-7.2754,0.2334,0.0000,0.0000,0.8853,5.6724,-7.1452
2.1542,5.6427,-7.2754,0.2334,0.0000,0.0000,0.8853,5.6711,-7.1455
2.1646,5.6427,-7.2754,0.2334,0.0000,0.0000,0.8853,5.6711,-7.1455
2.1749,5.6428,-7.2754,0.2334,0.0000,0.0000,0.8853,5.6711,-7.1455
2.1854,5.6428,-7.2754,0.2334,0.0000,0.0000,0.8853,5.6711,-7.1455
2.1957,5.6427,-7.2754,0.2334,0.0000,0.0000,0.8853,5.6711,-7.1455
2.2046,5.6427,-7.2754,0.2334,0.0000,0.0000,0.8853,5.6711,-7.1455
2.2145,5.6427,-7.2754,0.2334,0.0000,0.0000,0.8853,5.6711,-7.1455
2.2252,5.6427,-7.2754,0.2334,0.0000,0.0000,0.8853,5.6711,-7.1455
2.2342,5.6428,-7.2754,0.2334,0.0000,0.0000,0.8831,5.6711,-7.1455
2.2449,5.6428,-7.2754,0.2334,0.0000,0.0000,0.8831,5.6701,-7.1425
2.2546,5.6427,-7.2754,0.2334,0.0000,0.0000,0.8831,5.6701,-7.1425
2.2643,5.6427,-7.2754,0.2334,0.0000,0.0000,0.8831,5.6701,-7.1425
2.2743,5.6427,-7.2754,0.2334,0.0000,0.0000,0.8831,5.6701,-7.1425
2.2843,5.6427,-7.2754,0.2334,0.0000,0.0000,0.8831,5.6701,-7.1425
2.2954,5.6427,-7.2754,0.2334,0.0000,0.0000,0.8831,5.6701,-7.1425
2.3043,5.6427,-7.2754,0.2334,0.0000,0.0000,0.8831,5.6701,-7.1425
2.3150,5.6427,-7.2754,0.2334,0.0000,0.0000,0.8831,5.6701,-7.1425
2.3251,5.6428,-7.2754,0.2334,0.0000,0.0000,0.8831,5.6701,-7.1425
2.3445,5.6428,-7.2754,0.2334,0.0000,0.0000,0.8847,5.6701,-7.1425
2.3456,5.6427,-7.2754,0.2334,0.0000,0.0000,0.8847,5.6701,-7.1425
2.3562,5.6427,-7.2754,0.2334,0.0000,0.0000,0.8847,5.6701,-7.1425
2.3648,5.6427,-7.2754,0.2334,0.0000,0.0000,0.8847,5.6727,-7.1441
2.3752,5.6427,-7.2754,0.2334,0.0000,0.0000,0.8847,5.6727,-7.1441
2.3850,5.6427,-7.2754,0.2334,0.0000,0.0000,0.8847,5.6727,-7.1441
2.3959,5.6427,-7.2754,0.2334,0.0000,0.0000,0.8847,5.6727,-7.1441
2.4046,5.6427,-7.2754,0.2334,0.0000,0.0000,0.8847,5.6727,-7.1441
2.4150,5.6427,-7.2754,0.2334,0.0000,0.0000,0.8847,5.6727,-7.1441
2.4274,5.6427,-7.2754,0.2334,0.0000,0.0000,0.8847,5.6727,-7.1441
2.4345,5.6427,-7.2754,0.2334,0.0000,0.0000,0.8850,5.6727,-7.1441
2.4447,5.6428,-7.2754,0.2334,0.0000,0.0000,0.8850,5.6747,-7.1409
2.4545,5.6427,-7.2754,0.2334,0.0000,0.0000,0.8850,5.6747,-7.1409
2.4642,5.6428,-7.2754,0.2334,0.0000,0.0000,0.8850,5.6747,-7.1409
2.4747,5.6428,-7.2754,0.2334,0.0000,0.0000,0.8850,5.6747,-7.1409
2.4847,5.6427,-7.2754,0.2334,0.0000,0.0000,0.8850,5.6747,-7.1409
2.4957,5.6427,-7.2754,0.2334,0.0000,0.0000,0.8850,5.6747,-7.1409
2.5044,5.6427,-7.2754,0.2334,0.0000,0.0000,0.8850,5.6747,-7.1409
2.5146,5.6428,-7.2754,0.2334,0.0000,0.0000,0.8850,5.6747,-7.1409
2.5251,5.6427,-7.2754,0.2334,0.0000,0.0000,0.8850,5.6747,-7.1409
2.5348,5.6427,-7.2754,0.2334,0.0000,0.0000,0.8857,5.6747,-7.1409
2.5451,5.6428,-7.2754,0.2334,0.0000,0.0000,0.8857,5.6726,-7.1445
2.5545,5.6428,-7.2754,0.2334,0.0000,0.0000,0.8857,5.6726,-7.1445
2.5646,5.6428,-7.2754,0.2334,0.0000,0.0000,0.8857,5.6726,-7.1445
2.5752,5.6428,-7.2754,0.2334,0.0000,0.0000,0.8857,5.6726,-7.1445
2.5849,5.6427,-7.2754,0.2334,0.0000,0.0000,0.8857,5.6726,-7.1445
2.5952,5.6427,-7.2754,0.2334,0.0000,0.0000,0.8857,5.6726,-7.1445
2.6056,5.6427,-7.2754,0.2334,0.0000,0.0000,0.8857,5.6726,-7.1445
2.6147,5.6427,-7.2754,0.2334,0.0000,0.0000,0.8857,5.6726,-7.1445
2.6256,5.6428,-7.2754,0.2334,0.0000,0.0000,0.8857,5.6726,-7.1445
2.6359,5.6428,-7.2754,0.2334,0.0000,0.0000,0.8841,5.6726,-7.1445
2.6445,5.6427,-7.2754,0.2334,0.0000,0.0000,0.8841,5.6763,-7.1456
2.6556,5.6428,-7.2754,0.2334,0.0000,0.0000,0.8841,5.6763,-7.1456
2.6650,5.6428,-7.2754,0.2334,0.0000,0.0000,0.8841,5.6763,-7.1456
2.6748,5.6428,-7.2754,0.2334,0.0000,0.0000,0.8841,5.6763,-7.1456
2.6848,5.6428,-7.2754,0.2334,0.0000,0.0000,0.8841,5.6763,-7.1456
2.6948,5.6427,-7.2754,0.2334,0.0000,0.0000,0.8841,5.6763,-7.1456
2.7046,5.6427,-7.2754,0.2334,0.0000,0.0000,0.8841,5.6763,-7.1456
2.7148,5.6428,-7.2754,0.2334,0.0000,0.0000,0.8841,5.6763,-7.1456
2.7244,5.6427,-7.2754,0.2334,0.0000,0.0000,0.8841,5.6763,-7.1456
2.7345,5.6428,-7.2754,0.2334,0.0000,0.0000,0.8850,5.6763,-7.1456
2.7458,5.6428,-7.2754,0.2334,0.0000,0.0000,0.8850,5.6763,-7.1456
2.7552,5.6428,-7.2754,0.2334,0.0000,0.0000,0.8850,5.6753,-7.1452
2.7648,5.6428,-7.2754,0.2334,0.0000,0.0000,0.8850,5.6753,-7.1452
2.7745,5.6428,-7.2754,0.2334,0.0000,0.0000,0.8850,5.6753,-7.1452
2.7843,5.6428,-7.2754,0.2334,0.0000,0.0000,0.8850,5.6753,-7.1452
2.7947,5.6428,-7.2754,0.2334,0.0000,0.0000,0.8850,5.6753,-7.1452
2.8054,5.6428,-7.2754,0.2334,0.0000,0.0000,0.8850,5.6753,-7.1452
2.8157,5.6428,-7.2754,0.2334,0.0000,0.0000,0.8850,5.6753,-7.1452
2.8263,5.6428,-7.2754,0.2334,0.0000,0.0000,0.8850,5.6753,-7.1452
2.8351,5.6428,-7.2754,0.2334,0.0000,0.0000,0.8834,5.6753,-7.1452
2.8455,5.6428,-7.2753,0.2334,0.0000,0.0000,0.8834,5.6753,-7.1452
2.8564,5.6428,-7.2754,0.2334,0.0000,0.0000,0.8834,5.6732,-7.1425
2.8648,5.6427,-7.2754,0.2334,0.0000,0.0000,0.8834,5.6732,-7.1425
2.8749,5.6428,-7.2754,0.2334,0.0000,0.0000,0.8834,5.6732,-7.1425
2.8846,5.6428,-7.2754,0.2334,0.0000,0.0000,0.8834,5.6732,-7.1425
2.8945,5.6428,-7.2754,0.2334,0.0000,0.0000,0.8834,5.6732,-7.1425
2.9043,5.6428,-7.2754,0.2334,0.0000,0.0000,0.8834,5.6732,-7.1425
2.9146,5.6427,-7.2754,0.2334,0.0000,0.0000,0.8834,5.6732,-7.1425
2.9249,5.6428,-7.2754,0.2334,0.0000,0.0000,0.8834,5.6732,-7.1425
2.9361,5.6428,-7.2754,0.2334,0.0000,0.0000,0.8843,5.6732,-7.1425
2.9448,5.6428,-7.2754,0.2334,0.0000,0.0000,0.8843,5.6690,-7.1440
2.9547,5.6428,-7.2754,0.2334,0.0000,0.0000,0.8843,5.6690,-7.1440
2.9648,5.6428,-7.2754,0.2334,0.0000,0.0000,0.8843,5.6690,-7.1440
2.9764,5.6427,-7.2754,0.2334,0.0000,0.0000,0.8843,5.6690,-7.1440
2.9847,5.6427,-7.2754,0.2334,0.0000,0.0000,0.8843,5.6690,-7.1440
2.9982,5.6428,-7.2754,0.2334,0.0000,0.0000,0.8843,5.6690,-7.1440
3.0047,5.6427,-7.2754,0.2334,0.0000,0.0000,0.8843,5.6690,-7.1440
3.0148,5.6428,-7.2754,0.2334,0.0000,0.0000,0.8843,5.6690,-7.1440
3.0247,5.6428,-7.2754,0.2334,0.0000,0.0000,0.8843,5.6690,-7.1440
3.0347,5.6427,-7.2754,0.2334,0.0000,0.0000,0.8841,5.6690,-7.1440
3.0446,5.6428,-7.2753,0.2334,0.0000,0.0000,0.8841,5.6721,-7.1463
3.0548,5.6428,-7.2754,0.2334,0.0000,0.0000,0.8841,5.6721,-7.1463
3.0653,5.6428,-7.2754,0.2334,0.0000,0.0000,0.8841,5.6721,-7.1463
3.0761,5.6428,-7.2754,0.2334,0.0000,0.0000,0.8841,5.6721,-7.1463
3.0845,5.6427,-7.2754,0.2334,0.0000,0.0000,0.8841,5.6721,-7.1463
3.0959,5.6427,-7.2754,0.2334,0.0000,0.0000,0.8841,5.6721,-7.1463
3.1042,5.6427,-7.2754,0.2334,0.0000,0.0000,0.8841,5.6721,-7.1463
3.1143,5.6427,-7.2754,0.2334,0.0000,0.0000,0.8841,5.6721,-7.1463
3.1253,5.6428,-7.2754,0.2334,0.0000,0.0000,0.8841,5.6721,-7.1463
3.1356,5.6427,-7.2754,0.2334,0.0000,0.0000,0.8841,5.6721,-7.1463
3.1453,5.6427,-7.2754,0.2334,0.0000,0.0000,0.8841,5.6721,-7.1463
3.1547,5.6427,-7.2754,0.2334,0.0000,0.0000,0.8841,5.6716,-7.1447
3.1647,5.6428,-7.2753,0.2334,0.0000,0.0000,0.8841,5.6716,-7.1447
3.1749,5.6427,-7.2754,0.2334,0.0000,0.0000,0.8841,5.6716,-7.1447
3.1847,5.6428,-7.2754,0.2334,0.0000,0.0000,0.8841,5.6716,-7.1447
3.1965,5.6428,-7.2754,0.2334,0.0000,0.0000,0.8841,5.6716,-7.1447
3.2055,5.6428,-7.2754,0.2334,0.0000,0.0000,0.8841,5.6716,-7.1447
3.2148,5.6428,-7.2754,0.2334,0.0000,0.0000,0.8841,5.6716,-7.1447
3.2265,5.6427,-7.2754,0.2334,0.0000,0.0000,0.8841,5.6716,-7.1447
3.2348,5.6428,-7.2754,0.2334,0.0000,0.0000,0.8841,5.6716,-7.1447
3.2448,5.6428,-7.2753,0.2334,0.0000,0.0000,0.8841,5.6743,-7.1456
3.2554,5.6428,-7.2754,0.2334,0.0000,0.0000,0.8841,5.6743,-7.1456
3.2653,5.6428,-7.2754,0.2334,0.0000,0.0000,0.8841,5.6743,-7.1456
3.2749,5.6427,-7.2754,0.2334,0.0000,0.0000,0.8841,5.6743,-7.1456
3.2856,5.6427,-7.2754,0.2334,0.0000,0.0000,0.8841,5.6743,-7.1456
3.2948,5.6427,-7.2754,0.2334,0.0000,0.0000,0.8841,5.6743,-7.1456
3.3045,5.6427,-7.2754,0.2334,0.0000,0.0000,0.8841,5.6743,-7.1456
3.3148,5.6427,-7.2754,0.2334,0.0000,0.0000,0.8841,5.6743,-7.1456
3.3251,5.6428,-7.2753,0.2334,0.0000,0.0000,0.8841,5.6743,-7.1456
3.3347,5.6427,-7.2754,0.2334,0.0000,0.0000,0.8857,5.6743,-7.1456
3.3460,5.6428,-7.2753,0.2334,0.0000,0.0000,0.8857,5.6711,-7.1415
3.3551,5.6427,-7.2754,0.2334,0.0000,0.0000,0.8857,5.6711,-7.1415
3.3646,5.6427,-7.2754,0.2334,0.0000,0.0000,0.8857,5.6711,-7.1415
3.3755,5.6428,-7.2754,0.2334,0.0000,0.0000,0.8857,5.6711,-7.1415
3.3864,5.6428,-7.2754,0.2334,0.0000,0.0000,0.8857,5.6711,-7.1415
3.3968,5.6427,-7.2754,0.2334,0.0000,0.0000,0.8857,5.6711,-7.1415
3.4052,5.6427,-7.2754,0.2334,0.0000,0.0000,0.8857,5.6711,-7.1415
3.4152,5.6427,-7.2754,0.2334,0.0000,0.0000,0.8857,5.6711,-7.1415
3.4249,5.6427,-7.2754,0.2334,0.0000,0.0000,0.8857,5.6711,-7.1415
3.4350,5.6427,-7.2754,0.2334,0.0000,0.0000,0.8841,5.6711,-7.1415
3.4451,5.6427,-7.2754,0.2334,0.0000,0.0000,0.8841,5.6709,-7.1409
3.4543,5.6428,-7.2754,0.2334,0.0000,0.0000,0.8841,5.6709,-7.1409
3.4645,5.6428,-7.2754,0.2334,0.0000,0.0000,0.8841,5.6709,-7.1409
3.4747,5.6428,-7.2754,0.2334,0.0000,0.0000,0.8841,5.6709,-7.1409
3.4846,5.6427,-7.2754,0.2334,0.0000,0.0000,0.8841,5.6709,-7.1409
3.4949,5.6427,-7.2754,0.2334,0.0000,0.0000,0.8841,5.6709,-7.1409
3.5046,5.6427,-7.2754,0.2334,0.0000,0.0000,0.8841,5.6709,-7.1409
3.5151,5.6427,-7.2754,0.2334,0.0000,0.0000,0.8841,5.6709,-7.1409
3.5245,5.6427,-7.2754,0.2334,0.0000,0.0000,0.8841,5.6709,-7.1409
3.5410,5.6428,-7.2754,0.2334,0.0000,0.0000,0.8837,5.6702,-7.1432
3.5461,5.6428,-7.2754,0.2334,0.0000,0.0000,0.8837,5.6702,-7.1432
3.5546,5.6428,-7.2754,0.2334,0.0000,0.0000,0.8837,5.6702,-7.1432
3.5645,5.6428,-7.2753,0.2334,0.0000,0.0000,0.8837,5.6702,-7.1432
3.5743,5.6428,-7.2754,0.2334,0.0000,0.0000,0.8837,5.6702,-7.1432
3.5843,5.6427,-7.2754,0.2334,0.0000,0.0000,0.8837,5.6702,-7.1432
3.5952,5.6428,-7.2754,0.2334,0.0000,0.0000,0.8837,5.6702,-7.1432
3.6043,5.6428,-7.2754,0.2334,0.0000,0.0000,0.8837,5.6702,-7.1432
3.6143,5.6428,-7.2754,0.2334,0.0000,0.0000,0.8837,5.6702,-7.1432
3.6245,5.6428,-7.2754,0.2334,0.0000,0.0000,0.8837,5.6702,-7.1432
3.6386,5.6428,-7.2754,0.2334,0.0000,0.0000,0.8841,5.6691,-7.1411
3.6451,5.6428,-7.2754,0.2334,0.0000,0.0000,0.8841,5.6691,-7.1411
3.6552,5.6427,-7.2754,0.2334,0.0000,0.0000,0.8841,5.6691,-7.1411
3.6646,5.6428,-7.2754,0.2334,0.0000,0.0000,0.8841,5.6691,-7.1411
3.6742,5.6428,-7.2754,0.2334,0.0000,0.0000,0.8841,5.6691,-7.1411
3.6848,5.6428,-7.2754,0.2334,0.0000,0.0000,0.8841,5.6691,-7.1411
3.6955,5.6427,-7.2754,0.2334,0.0000,0.0000,0.8841,5.6691,-7.1411
3.7043,5.6428,-7.2754,0.2334,0.0000,0.0000,0.8841,5.6691,-7.1411
3.7156,5.6427,-7.2754,0.2334,0.0000,0.0000,0.8841,5.6691,-7.1411
3.7249,5.6428,-7.2754,0.2334,0.0000,0.0000,0.8841,5.6691,-7.1411
3.7376,5.6428,-7.2754,0.2334,0.0000,0.0000,0.8834,5.6691,-7.1411
3.7450,5.6428,-7.2754,0.2334,0.0000,0.0000,0.8834,5.6691,-7.1411
3.7548,5.6427,-7.2754,0.2334,0.0000,0.0000,0.8834,5.6705,-7.1442
3.7648,5.6428,-7.2754,0.2334,0.0000,0.0000,0.8834,5.6705,-7.1442
3.7750,5.6428,-7.2754,0.2334,0.0000,0.0000,0.8834,5.6705,-7.1442
3.7844,5.6427,-7.2754,0.2334,0.0000,0.0000,0.8834,5.6705,-7.1442
3.7944,5.6427,-7.2754,0.2334,0.0000,0.0000,0.8834,5.6705,-7.1442
3.8047,5.6427,-7.2754,0.2334,0.0000,0.0000,0.8834,5.6705,-7.1442
3.8150,5.6427,-7.2754,0.2334,0.0000,0.0000,0.8834,5.6705,-7.1442
3.8254,5.6428,-7.2754,0.2334,0.0000,0.0000,0.8834,5.6705,-7.1442
3.8352,5.6428,-7.2754,0.2334,0.0000,0.0000,0.8821,5.6705,-7.1442
3.8449,5.6427,-7.2754,0.2334,0.0000,0.0000,0.8821,5.6733,-7.1441
3.8552,5.6428,-7.2754,0.2334,0.0000,0.0000,0.8821,5.6733,-7.1441
3.8664,5.6428,-7.2754,0.2334,0.0000,0.0000,0.8821,5.6733,-7.1441
3.8753,5.6428,-7.2754,0.2334,0.0000,0.0000,0.8821,5.6733,-7.1441
3.8861,5.6428,-7.2754,0.2334,0.0000,0.0000,0.8821,5.6733,-7.1441
3.8960,5.6427,-7.2754,0.2334,0.0000,0.0000,0.8821,5.6733,-7.1441
3.9049,5.6427,-7.2754,0.2334,0.0000,0.0000,0.8821,5.6733,-7.1441
3.9171,5.6427,-7.2754,0.2334,0.0000,0.0000,0.8821,5.6733,-7.1441
3.9279,5.6428,-7.2754,0.2334,0.0000,0.0000,0.8821,5.6733,-7.1441
3.9364,5.6427,-7.2754,0.2334,0.0000,0.0000,0.8844,5.6733,-7.1441
3.9453,5.6428,-7.2754,0.2334,0.0000,0.0000,0.8844,5.6733,-7.1441
3.9549,5.6428,-7.2754,0.2334,0.0000,0.0000,0.8844,5.6717,-7.1441
3.9649,5.6428,-7.2754,0.2334,0.0000,0.0000,0.8844,5.6717,-7.1441
3.9746,5.6427,-7.2754,0.2334,0.0000,0.0000,0.8844,5.6717,-7.1441
3.9872,5.6427,-7.2754,0.2334,0.0000,0.0000,0.8844,5.6717,-7.1441
3.9957,5.6428,-7.2754,0.2334,0.0000,0.0000,0.8844,5.6717,-7.1441
4.0046,5.6427,-7.2754,0.2334,0.0000,0.0000,0.8844,5.6717,-7.1441
4.0164,5.6427,-7.2754,0.2334,0.0000,0.0000,0.8844,5.6717,-7.1441
4.0248,5.6427,-7.2754,0.2334,0.0000,0.0000,0.8844,5.6717,-7.1441
4.0407,5.6427,-7.2754,0.2334,0.0000,0.0000,0.8847,5.6717,-7.1441
4.0459,5.6427,-7.2754,0.2334,0.0000,0.0000,0.8847,5.6717,-7.1441
4.0546,5.6427,-7.2754,0.2334,0.0000,0.0000,0.8847,5.6709,-7.1416
4.0653,5.6428,-7.2754,0.2334,0.0000,0.0000,0.8847,5.6709,-7.1416
4.0755,5.6427,-7.2754,0.2334,0.0000,0.0000,0.8847,5.6709,-7.1416
4.0848,5.6428,-7.2754,0.2334,0.0000,0.0000,0.8847,5.6709,-7.1416
4.0947,5.6427,-7.2754,0.2334,0.0000,0.0000,0.8847,5.6709,-7.1416
4.1047,5.6427,-7.2754,0.2334,0.0000,0.0000,0.8847,5.6709,-7.1416
4.1152,5.6428,-7.2754,0.2334,0.0000,0.0000,0.8847,5.6709,-7.1416
4.1255,5.6428,-7.2754,0.2334,0.0000,0.0000,0.8847,5.6709,-7.1416
4.1350,5.6428,-7.2754,0.2334,0.0000,0.0000,0.8831,5.6709,-7.1416
4.1448,5.6427,-7.2754,0.2334,0.0000,0.0000,0.8831,5.6709,-7.1416
4.1602,5.6428,-7.2754,0.2334,0.0000,0.0000,0.8831,5.6748,-7.1412
4.1677,5.6427,-7.2754,0.2334,0.0000,0.0000,0.8831,5.6748,-7.1412
4.1758,5.6427,-7.2754,0.2334,0.0000,0.0000,0.8831,5.6748,-7.1412
4.1846,5.6428,-7.2754,0.2334,0.0000,0.0000,0.8831,5.6748,-7.1412
4.1944,5.6427,-7.2754,0.2334,0.0000,0.0000,0.8831,5.6748,-7.1412
4.2047,5.6428,-7.2754,0.2334,0.0000,0.0000,0.8831,5.6748,-7.1412
4.2148,5.6428,-7.2754,0.2334,0.0000,0.0000,0.8831,5.6748,-7.1412
4.2248,5.6427,-7.2754,0.2334,0.0000,0.0000,0.8831,5.6748,-7.1412
4.2367,5.6427,-7.2754,0.2334,0.0000,0.0000,0.8841,5.6748,-7.1412
4.2456,5.6428,-7.2754,0.2334,0.0000,0.0000,0.8841,5.6777,-7.1442
4.2547,5.6428,-7.2753,0.2334,0.0000,0.0000,0.8841,5.6777,-7.1442
4.2655,5.6428,-7.2754,0.2334,0.0000,0.0000,0.8841,5.6777,-7.1442
4.2742,5.6427,-7.2754,0.2334,0.0000,0.0000,0.8841,5.6777,-7.1442
4.2851,5.6427,-7.2754,0.2334,0.0000,0.0000,0.8841,5.6777,-7.1442
4.2950,5.6427,-7.2754,0.2334,0.0000,0.0000,0.8841,5.6777,-7.1442
4.3046,5.6427,-7.2754,0.2334,0.0000,0.0000,0.8841,5.6777,-7.1442
4.3148,5.6427,-7.2754,0.2334,0.0000,0.0000,0.8841,5.6777,-7.1442
4.3248,5.6428,-7.2754,0.2334,0.0000,0.0000,0.8841,5.6777,-7.1442
4.3351,5.6427,-7.2754,0.2334,0.0000,0.0000,0.8841,5.6777,-7.1442
4.3452,5.6428,-7.2754,0.2334,0.0000,0.0000,0.8841,5.6728,-7.1406
4.3546,5.6428,-7.2754,0.2334,0.0000,0.0000,0.8841,5.6728,-7.1406
4.3647,5.6427,-7.2754,0.2334,0.0000,0.0000,0.8841,5.6728,-7.1406
4.3747,5.6428,-7.2754,0.2334,0.0000,0.0000,0.8841,5.6728,-7.1406
4.3847,5.6428,-7.2754,0.2334,0.0000,0.0000,0.8841,5.6728,-7.1406
4.3948,5.6428,-7.2754,0.2334,0.0000,0.0000,0.8841,5.6728,-7.1406
4.4051,5.6427,-7.2754,0.2334,0.0000,0.0000,0.8841,5.6728,-7.1406
4.4163,5.6427,-7.2754,0.2334,0.0000,0.0000,0.8841,5.6728,-7.1406
4.4252,5.6428,-7.2754,0.2334,0.0000,0.0000,0.8841,5.6728,-7.1406
4.4349,5.6428,-7.2754,0.2334,0.0000,0.0000,0.8834,5.6738,-7.1407
4.4455,5.6428,-7.2754,0.2334,0.0000,0.0000,0.8834,5.6738,-7.1407
4.4547,5.6427,-7.2754,0.2334,0.0000,0.0000,0.8834,5.6738,-7.1407
4.4648,5.6428,-7.2754,0.2334,0.0000,0.0000,0.8834,5.6738,-7.1407
4.4756,5.6427,-7.2754,0.2334,0.0000,0.0000,0.8834,5.6738,-7.1407
4.4864,5.6427,-7.2754,0.2334,0.0000,0.0000,0.8834,5.6738,-7.1407
4.4958,5.6427,-7.2754,0.2334,0.0000,0.0000,0.8834,5.6738,-7.1407
4.5052,5.6427,-7.2754,0.2334,0.0000,0.0000,0.8834,5.6738,-7.1407
4.5153,5.6427,-7.2754,0.2334,0.0000,0.0000,0.8834,5.6738,-7.1407
4.5304,5.6428,-7.2754,0.2334,0.0000,0.0000,0.8834,5.6738,-7.1407
4.5357,5.6428,-7.2754,0.2334,0.0000,0.0000,0.8834,5.6738,-7.1407
4.5447,5.6427,-7.2754,0.2334,0.0000,0.0000,0.8834,5.6738,-7.1407
4.5551,5.6428,-7.2754,0.2334,0.0000,0.0000,0.8834,5.6735,-7.1410
4.5641,5.6428,-7.2754,0.2334,0.0000,0.0000,0.8834,5.6735,-7.1410
4.5752,5.6428,-7.2754,0.2334,0.0000,0.0000,0.8834,5.6735,-7.1410
4.5850,5.6427,-7.2754,0.2334,0.0000,0.0000,0.8834,5.6735,-7.1410
4.5949,5.6427,-7.2754,0.2334,0.0000,0.0000,0.8834,5.6735,-7.1410
4.6052,5.6427,-7.2754,0.2334,0.0000,0.0000,0.8834,5.6735,-7.1410
4.6146,5.6427,-7.2754,0.2334,0.0000,0.0000,0.8834,5.6735,-7.1410
4.6246,5.6428,-7.2754,0.2334,0.0000,0.0000,0.8834,5.6735,-7.1410
4.6346,5.6427,-7.2754,0.2334,0.0000,0.0000,0.8831,5.6735,-7.1410
4.6460,5.6428,-7.2754,0.2334,0.0000,0.0000,0.8831,5.6735,-7.1410
4.6545,5.6427,-7.2754,0.2334,0.0000,0.0000,0.8831,5.6759,-7.1442
4.6643,5.6428,-7.2754,0.2334,0.0000,0.0000,0.8831,5.6759,-7.1442
4.6745,5.6428,-7.2754,0.2334,0.0000,0.0000,0.8831,5.6759,-7.1442
4.6842,5.6427,-7.2754,0.2334,0.0000,0.0000,0.8831,5.6759,-7.1442
4.6944,5.6427,-7.2754,0.2334,0.0000,0.0000,0.8831,5.6759,-7.1442
4.7042,5.6427,-7.2754,0.2334,0.0000,0.0000,0.8831,5.6759,-7.1442
4.7148,5.6428,-7.2754,0.2334,0.0000,0.0000,0.8831,5.6759,-7.1442
4.7258,5.6428,-7.2754,0.2334,0.0000,0.0000,0.8831,5.6759,-7.1442
4.7364,5.6427,-7.2754,0.2334,0.0000,0.0000,0.8841,5.6759,-7.1442
4.7452,5.6427,-7.2754,0.2334,0.0000,0.0000,0.8841,5.6744,-7.1423
4.7545,5.6428,-7.2753,0.2334,0.0000,0.0000,0.8841,5.6744,-7.1423
4.7655,5.6427,-7.2754,0.2334,0.0000,0.0000,0.8841,5.6744,-7.1423
4.7752,5.6428,-7.2754,0.2334,0.0000,0.0000,0.8841,5.6744,-7.1423
4.7853,5.6427,-7.2754,0.2334,0.0000,0.0000,0.8841,5.6744,-7.1423
4.7957,5.6428,-7.2754,0.2334,0.0000,0.0000,0.8841,5.6744,-7.1423
4.8051,5.6428,-7.2754,0.2334,0.0000,0.0000,0.8841,5.6744,-7.1423
4.8146,5.6427,-7.2754,0.2334,0.0000,0.0000,0.8841,5.6744,-7.1423
4.8253,5.6427,-7.2754,0.2334,0.0000,0.0000,0.8841,5.6744,-7.1423
4.8356,5.6427,-7.2754,0.2334,0.0000,0.0000,0.8827,5.6744,-7.1423
4.8459,5.6428,-7.2754,0.2334,0.0000,0.0000,0.8827,5.6754,-7.1433
4.8543,5.6427,-7.2754,0.2334,0.0000,0.0000,0.8827,5.6754,-7.1433
4.8657,5.6428,-7.2754,0.2334,0.0000,0.0000,0.8827,5.6754,-7.1433
4.8747,5.6428,-7.2754,0.2334,0.0000,0.0000,0.8827,5.6754,-7.1433
4.8852,5.6428,-7.2754,0.2334,0.0000,0.0000,0.8827,5.6754,-7.1433
4.8954,5.6427,-7.2754,0.2334,0.0000,0.0000,0.8827,5.6754,-7.1433
4.9048,5.6427,-7.2754,0.2334,0.0000,0.0000,0.8827,5.6754,-7.1433
4.9145,5.6428,-7.2754,0.2334,0.0000,0.0000,0.8827,5.6754,-7.1433
4.9249,5.6428,-7.2754,0.2334,0.0000,0.0000,0.8827,5.6754,-7.1433
4.9356,5.6428,-7.2754,0.2334,0.0000,0.0000,0.8841,5.6754,-7.1433
4.9457,5.6428,-7.2754,0.2334,0.0000,0.0000,0.8841,5.6709,-7.1405
4.9563,5.6428,-7.2754,0.2334,0.0000,0.0000,0.8841,5.6709,-7.1405
4.9664,5.6428,-7.2753,0.2334,0.0000,0.0000,0.8841,5.6709,-7.1405
4.9750,5.6427,-7.2754,0.2334,0.0000,0.0000,0.8841,5.6709,-7.1405
4.9849,5.6427,-7.2754,0.2334,0.0000,0.0000,0.8841,5.6709,-7.1405
4.9957,5.6427,-7.2754,0.2334,0.0000,0.0000,0.8841,5.6709,-7.1405
5.0041,5.6428,-7.2754,0.2334,0.0000,0.0000,0.8841,5.6709,-7.1405
5.0147,5.6427,-7.2754,0.2334,0.0000,0.0000,0.8841,5.6709,-7.1405
5.0247,5.6428,-7.2754,0.2334,0.0000,0.0000,0.8841,5.6709,-7.1405
5.0382,5.6428,-7.2754,0.2334,0.0000,0.0000,0.8853,5.6709,-7.1405
5.0452,5.6427,-7.2754,0.2334,0.0000,0.0000,0.8853,5.6724,-7.1419
5.0543,5.6427,-7.2754,0.2334,0.0000,0.0000,0.8853,5.6724,-7.1419
5.0644,5.6427,-7.2754,0.2334,0.0000,0.0000,0.8853,5.6724,-7.1419
5.0742,5.6428,-7.2754,0.2334,0.0000,0.0000,0.8853,5.6724,-7.1419
5.0844,5.6427,-7.2754,0.2334,0.0000,0.0000,0.8853,5.6724,-7.1419
5.0956,5.6427,-7.2754,0.2334,0.0000,0.0000,0.8853,5.6724,-7.1419
5.1048,5.6428,-7.2754,0.2334,0.0000,0.0000,0.8853,5.6724,-7.1419
5.1150,5.6427,-7.2754,0.2334,0.0000,0.0000,0.8853,5.6724,-7.1419
5.1257,5.6427,-7.2754,0.2334,0.0000,0.0000,0.8853,5.6724,-7.1419
5.1416,5.6427,-7.2754,0.2334,0.0000,0.0000,0.8841,5.6743,-7.1419
5.1454,5.6428,-7.2754,0.2334,0.0000,0.0000,0.8841,5.6743,-7.1419
5.1630,5.6428,-7.2754,0.2334,0.0000,0.0000,0.8841,5.6743,-7.1419
5.1671,5.6428,-7.2753,0.2334,0.0000,0.0000,0.8841,5.6743,-7.1419
5.1779,5.6428,-7.2753,0.2334,0.0000,0.0000,0.8841,5.6743,-7.1419
5.1864,5.6428,-7.2754,0.2334,0.0000,0.0000,0.8841,5.6743,-7.1419
5.1949,5.6428,-7.2754,0.2334,0.0000,0.0000,0.8841,5.6743,-7.1419
5.2123,5.6427,-7.2754,0.2334,0.0000,0.0000,0.8841,5.6743,-7.1419
5.2154,5.6428,-7.2754,0.2334,0.0000,0.0000,0.8841,5.6743,-7.1419
5.2239,5.6428,-7.2754,0.2334,0.0000,0.0000,0.8841,5.6743,-7.1419
5.2354,5.6428,-7.2754,0.2334,0.0000,0.0000,0.8827,5.6733,-7.1419
5.2442,5.6428,-7.2753,0.2334,0.0000,0.0000,0.8827,5.6733,-7.1419
5.2547,5.6428,-7.2754,0.2334,0.0000,0.0000,0.8827,5.6733,-7.1419
5.2645,5.6428,-7.2754,0.2334,0.0000,0.0000,0.8827,5.6733,-7.1419
5.2742,5.6428,-7.2754,0.2334,0.0000,0.0000,0.8827,5.6733,-7.1419
5.2844,5.6428,-7.2754,0.2334,0.0000,0.0000,0.8827,5.6733,-7.1419
5.2942,5.6427,-7.2754,0.2334,0.0000,0.0000,0.8827,5.6733,-7.1419
5.3040,5.6427,-7.2754,0.2334,0.0000,0.0000,0.8827,5.6733,-7.1419
5.3144,5.6427,-7.2754,0.2334,0.0000,0.0000,0.8827,5.6733,-7.1419
5.3249,5.6428,-7.2754,0.2334,0.0000,0.0000,0.8827,5.6733,-7.1419
5.3350,5.6428,-7.2754,0.2334,0.0000,0.0000,0.8841,5.6733,-7.1419
5.3447,5.6427,-7.2754,0.2334,0.0000,0.0000,0.8841,5.6722,-7.1428
5.3557,5.6427,-7.2754,0.2334,0.0000,0.0000,0.8841,5.6722,-7.1428
5.3666,5.6428,-7.2754,0.2334,0.0000,0.0000,0.8841,5.6722,-7.1428
5.3752,5.6428,-7.2754,0.2334,0.0000,0.0000,0.8841,5.6722,-7.1428
5.3849,5.6427,-7.2754,0.2334,0.0000,0.0000,0.8841,5.6722,-7.1428
5.3948,5.6427,-7.2754,0.2334,0.0000,0.0000,0.8841,5.6722,-7.1428
5.4050,5.6428,-7.2754,0.2334,0.0000,0.0000,0.8841,5.6722,-7.1428
5.4147,5.6428,-7.2754,0.2334,0.0000,0.0000,0.8841,5.6722,-7.1428
5.4249,5.6428,-7.2754,0.2334,0.0000,0.0000,0.8841,5.6722,-7.1428
5.4356,5.6427,-7.2754,0.2334,0.0000,0.0000,0.8837,5.6722,-7.1428
5.4466,5.6427,-7.2754,0.2334,0.0000,0.0000,0.8837,5.6747,-7.1453
5.4571,5.6428,-7.2754,0.2334,0.0000,0.0000,0.8837,5.6747,-7.1453
5.4649,5.6427,-7.2754,0.2334,0.0000,0.0000,0.8837,5.6747,-7.1453
5.4746,5.6428,-7.2754,0.2334,0.0000,0.0000,0.8837,5.6747,-7.1453
5.4858,5.6427,-7.2754,0.2334,0.0000,0.0000,0.8837,5.6747,-7.1453
5.4945,5.6427,-7.2754,0.2334,0.0000,0.0000,0.8837,5.6747,-7.1453
5.5049,5.6427,-7.2754,0.2334,0.0000,0.0000,0.8837,5.6747,-7.1453
5.5156,5.6428,-7.2754,0.2334,0.0000,0.0000,0.8837,5.6747,-7.1453
5.5269,5.6428,-7.2754,0.2334,0.0000,0.0000,0.8837,5.6747,-7.1453
5.5349,5.6428,-7.2754,0.2334,0.0000,0.0000,0.8850,5.6747,-7.1453
5.5447,5.6428,-7.2754,0.2334,0.0000,0.0000,0.8850,5.6690,-7.1424
5.5545,5.6427,-7.2754,0.2334,0.0000,0.0000,0.8850,5.6690,-7.1424
5.5649,5.6427,-7.2754,0.2334,0.0000,0.0000,0.8850,5.6690,-7.1424
5.5748,5.6427,-7.2754,0.2334,0.0000,0.0000,0.8850,5.6690,-7.1424
5.5847,5.6428,-7.2754,0.2334,0.0000,0.0000,0.8850,5.6690,-7.1424
5.5961,5.6427,-7.2754,0.2334,0.0000,0.0000,0.8850,5.6690,-7.1424
5.6046,5.6428,-7.2754,0.2334,0.0000,0.0000,0.8850,5.6690,-7.1424
5.6148,5.6428,-7.2754,0.2334,0.0000,0.0000,0.8850,5.6690,-7.1424
5.6279,5.6427,-7.2754,0.2334,0.0000,0.0000,0.8831,5.6690,-7.1424
5.6347,5.6427,-7.2754,0.2334,0.0000,0.0000,0.8831,5.6690,-7.1424
5.6450,5.6427,-7.2754,0.2334,0.0000,0.0000,0.8831,5.6720,-7.1450
5.6555,5.6427,-7.2754,0.2334,0.0000,0.0000,0.8831,5.6720,-7.1450
5.6653,5.6427,-7.2754,0.2334,0.0000,0.0000,0.8831,5.6720,-7.1450
5.6752,5.6428,-7.2754,0.2334,0.0000,0.0000,0.8831,5.6720,-7.1450
5.6849,5.6428,-7.2754,0.2334,0.0000,0.0000,0.8831,5.6720,-7.1450
5.6947,5.6428,-7.2754,0.2334,0.0000,0.0000,0.8831,5.6720,-7.1450
5.7048,5.6427,-7.2754,0.2334,0.0000,0.0000,0.8831,5.6720,-7.1450
5.7149,5.6428,-7.2753,0.2334,0.0000,0.0000,0.8831,5.6720,-7.1450
5.7254,5.6427,-7.2754,0.2334,0.0000,0.0000,0.8831,5.6720,-7.1450
5.7353,5.6428,-7.2754,0.2334,0.0000,0.0000,0.8841,5.6742,-7.1448
5.7461,5.6427,-7.2754,0.2334,0.0000,0.0000,0.8841,5.6742,-7.1448
5.7549,5.6428,-7.2754,0.2334,0.0000,0.0000,0.8841,5.6742,-7.1448
5.7651,5.6427,-7.2754,0.2334,0.0000,0.0000,0.8841,5.6742,-7.1448
5.7748,5.6428,-7.2754,0.2334,0.0000,0.0000,0.8841,5.6742,-7.1448
5.7848,5.6427,-7.2754,0.2334,0.0000,0.0000,0.8841,5.6742,-7.1448
5.7949,5.6427,-7.2754,0.2334,0.0000,0.0000,0.8841,5.6742,-7.1448
5.8042,5.6427,-7.2754,0.2334,0.0000,0.0000,0.8841,5.6742,-7.1448
5.8151,5.6427,-7.2754,0.2334,0.0000,0.0000,0.8841,5.6742,-7.1448
5.8257,5.6427,-7.2754,0.2334,0.0000,0.0000,0.8841,5.6742,-7.1448
5.8348,5.6428,-7.2754,0.2334,0.0000,0.0000,0.8841,5.6742,-7.1448
5.8447,5.6427,-7.2754,0.2334,0.0000,0.0000,0.8841,5.6742,-7.1448
5.8548,5.6427,-7.2754,0.2334,0.0000,0.0000,0.8841,5.6701,-7.1409
5.8647,5.6428,-7.2754,0.2334,0.0000,0.0000,0.8841,5.6701,-7.1409
5.8751,5.6427,-7.2754,0.2334,0.0000,0.0000,0.8841,5.6701,-7.1409
5.8849,5.6427,-7.2754,0.2334,0.0000,0.0000,0.8841,5.6701,-7.1409
5.8951,5.6427,-7.2754,0.2334,0.0000,0.0000,0.8841,5.6701,-7.1409
5.9053,5.6427,-7.2754,0.2334,0.0000,0.0000,0.8841,5.6701,-7.1409
5.9147,5.6427,-7.2754,0.2334,0.0000,0.0000,0.8841,5.6701,-7.1409
5.9249,5.6427,-7.2754,0.2334,0.0000,0.0000,0.8841,5.6701,-7.1409
5.9349,5.6427,-7.2754,0.2334,0.0000,0.0000,0.8827,5.6701,-7.1409
5.9450,5.6427,-7.2754,0.2334,0.0000,0.0000,0.8827,5.6697,-7.1413
5.9546,5.6428,-7.2754,0.2334,0.0000,0.0000,0.8827,5.6697,-7.1413
5.9655,5.6427,-7.2754,0.2334,0.0000,0.0000,0.8827,5.6697,-7.1413
5.9753,5.6428,-7.2754,0.2334,0.0000,0.0000,0.8827,5.6697,-7.1413
5.9849,5.6428,-7.2753,0.2334,0.0000,0.0000,0.8827,5.6697,-7.1413
5.9959,5.6427,-7.2754,0.2334,0.0000,0.0000,0.8827,5.6697,-7.1413
6.0049,5.6427,-7.2754,0.2334,0.0000,0.0000,0.8827,5.6697,-7.1413
6.0148,5.6428,-7.2754,0.2334,0.0000,0.0000,0.8827,5.6697,-7.1413
6.0263,5.6428,-7.2754,0.2334,0.0000,0.0000,0.8827,5.6697,-7.1413
6.0350,5.6427,-7.2754,0.2334,0.0000,0.0000,0.8824,5.6697,-7.1413
6.0442,5.6428,-7.2753,0.2334,0.0000,0.0000,0.8824,5.6677,-7.1431
6.0558,5.6428,-7.2754,0.2334,0.0000,0.0000,0.8824,5.6677,-7.1431
6.0658,5.6428,-7.2753,0.2334,0.0000,0.0000,0.8824,5.6677,-7.1431
6.0747,5.6427,-7.2754,0.2334,0.0000,0.0000,0.8824,5.6677,-7.1431
6.0851,5.6427,-7.2754,0.2334,0.0000,0.0000,0.8824,5.6677,-7.1431
6.0956,5.6428,-7.2754,0.2334,0.0000,0.0000,0.8824,5.6677,-7.1431
6.1042,5.6428,-7.2754,0.2334,0.0000,0.0000,0.8824,5.6677,-7.1431
6.1144,5.6427,-7.2754,0.2334,0.0000,0.0000,0.8824,5.6677,-7.1431
6.1249,5.6428,-7.2754,0.2334,0.0000,0.0000,0.8824,5.6677,-7.1431
6.1379,5.6428,-7.2754,0.2334,0.0000,0.0000,0.8847,5.6665,-7.1425
6.1446,5.6428,-7.2754,0.2334,0.0000,0.0000,0.8847,5.6665,-7.1425
6.1555,5.6428,-7.2754,0.2334,0.0000,0.0000,0.8847,5.6665,-7.1425
6.1658,5.6428,-7.2754,0.2334,0.0000,0.0000,0.8847,5.6665,-7.1425
6.1753,5.6428,-7.2754,0.2334,0.0000,0.0000,0.8847,5.6665,-7.1425
6.1849,5.6427,-7.2754,0.2334,0.0000,0.0000,0.8847,5.6665,-7.1425
6.1947,5.6428,-7.2754,0.2334,0.0000,0.0000,0.8847,5.6665,-7.1425
6.2046,5.6427,-7.2754,0.2334,0.0000,0.0000,0.8847,5.6665,-7.1425
6.2151,5.6428,-7.2754,0.2334,0.0000,0.0000,0.8847,5.6665,-7.1425
6.2244,5.6428,-7.2754,0.2334,0.0000,0.0000,0.8847,5.6665,-7.1425
6.2356,5.6427,-7.2754,0.2334,0.0000,0.0000,0.8841,5.6665,-7.1425
6.2439,5.6428,-7.2754,0.2334,0.0000,0.0000,0.8841,5.6682,-7.1451
6.2546,5.6427,-7.2754,0.2334,0.0000,0.0000,0.8841,5.6682,-7.1451
6.2646,5.6428,-7.2754,0.2334,0.0000,0.0000,0.8841,5.6682,-7.1451
6.2755,5.6427,-7.2754,0.2334,0.0000,0.5000,0.8841,5.6682,-7.1451
6.2847,5.6428,-7.2754,0.2334,0.0000,0.5000,0.8841,5.6682,-7.1451
6.2971,5.6428,-7.2754,0.2334,0.0000,0.5000,0.8841,5.6682,-7.1451
6.3068,5.6428,-7.2754,0.2334,0.0000,0.5000,0.8841,5.6682,-7.1451
6.3143,5.6427,-7.2754,0.2334,0.0000,0.5000,0.8841,5.6682,-7.1451
6.3260,5.6428,-7.2754,0.2334,0.0000,0.5000,0.8831,5.6682,-7.1451
6.3357,5.6428,-7.2754,0.2334,0.0000,0.5000,0.8831,5.6682,-7.1451
6.3447,5.6428,-7.2754,0.2334,0.0000,0.5000,0.8831,5.6650,-7.1438
6.3547,5.6428,-7.2754,0.2334,0.0000,0.5000,0.8831,5.6650,-7.1438
6.3644,5.6428,-7.2753,0.2334,0.0000,0.5000,0.8831,5.6650,-7.1438
6.3745,5.6428,-7.2754,0.2334,0.0000,0.5000,0.8831,5.6650,-7.1438
6.3847,5.6427,-7.2754,0.2334,0.0000,0.5000,0.8831,5.6650,-7.1438
6.3948,5.6427,-7.2754,0.2334,0.0000,0.5000,0.8831,5.6650,-7.1438
6.4044,5.6427,-7.2754,0.2334,0.0000,0.5000,0.8831,5.6650,-7.1438
6.4150,5.6427,-7.2754,0.2334,0.0000,0.5000,0.8831,5.6650,-7.1438
6.4247,5.6427,-7.2754,0.2334,0.0000,0.5000,0.8831,5.6650,-7.1438
6.4358,5.6427,-7.2754,0.2334,0.0000,0.5000,0.8844,5.6650,-7.1438
6.4453,5.6427,-7.2754,0.2334,0.0000,0.5000,0.8844,5.6650,-7.1438
6.4547,5.6427,-7.2754,0.2334,0.0000,0.5000,0.8844,5.6660,-7.1446
6.4648,5.6427,-7.2754,0.2334,0.0000,0.5000,0.8844,5.6660,-7.1446
6.4751,5.6427,-7.2754,0.2335,0.0000,0.5000,0.8844,5.6660,-7.1446
6.4848,5.6427,-7.2754,0.2337,0.0000,0.5000,0.8844,5.6660,-7.1446
6.4965,5.6427,-7.2754,0.2337,0.0000,0.5000,0.8844,5.6660,-7.1446
6.5045,5.6427,-7.2754,0.2337,0.0000,0.5000,0.8844,5.6660,-7.1446
6.5147,5.6427,-7.2754,0.2339,0.0000,0.5000,0.8844,5.6660,-7.1446
6.5345,5.6427,-7.2754,0.2342,0.0000,0.5000,0.8841,5.6660,-7.1446
6.5345,5.6427,-7.2754,0.2342,0.0000,0.5000,0.8841,5.6660,-7.1446
6.5471,5.6427,-7.2754,0.2344,0.0000,0.5000,0.8841,5.6660,-7.1446
6.5545,5.6427,-7.2754,0.2347,0.0000,0.5000,0.8841,5.6675,-7.1435
6.5650,5.6427,-7.2754,0.2349,0.0000,0.5000,0.8841,5.6675,-7.1435
6.5746,5.6426,-7.2754,0.2351,0.0000,0.5000,0.8841,5.6675,-7.1435
6.5856,5.6427,-7.2754,0.2354,0.0000,0.5000,0.8841,5.6675,-7.1435
6.5947,5.6427,-7.2754,0.2358,0.0000,0.5000,0.8841,5.6675,-7.1435
6.6045,5.6427,-7.2754,0.2360,0.0000,0.5000,0.8841,5.6675,-7.1435
6.6149,5.6427,-7.2754,0.2365,0.0000,0.5000,0.8841,5.6675,-7.1435
6.6259,5.6427,-7.2754,0.2368,0.0000,0.5000,0.8841,5.6675,-7.1435
6.6350,5.6427,-7.2754,0.2372,0.0000,0.5000,0.8860,5.6675,-7.1435
6.6449,5.6427,-7.2754,0.2377,0.0000,0.5000,0.8860,5.6715,-7.1415
6.6544,5.6427,-7.2754,0.2382,0.0000,0.5000,0.8860,5.6715,-7.1415
6.6649,5.6427,-7.2754,0.2388,0.0000,0.5000,0.8860,5.6715,-7.1415
6.6748,5.6427,-7.2754,0.2395,0.0000,0.5000,0.8860,5.6715,-7.1415
6.6847,5.6427,-7.2754,0.2402,0.0000,0.5000,0.8860,5.6715,-7.1415
6.6957,5.6427,-7.2754,0.2412,0.0000,0.5000,0.8860,5.6715,-7.1415
6.7044,5.6427,-7.2754,0.2421,0.0000,0.5000,0.8860,5.6715,-7.1415
6.7150,5.6427,-7.2754,0.2433,0.0000,0.5000,0.8860,5.6715,-7.1415
6.7268,5.6427,-7.2754,0.2445,0.0000,0.5000,0.8830,5.6715,-7.1415
6.7363,5.6427,-7.2754,0.2459,0.0000,0.5000,0.8830,5.6715,-7.1415
6.7448,5.6427,-7.2754,0.2475,0.0000,0.5000,0.8830,5.6708,-7.1405
6.7542,5.6427,-7.2754,0.2492,0.0000,0.5000,0.8830,5.6708,-7.1405
6.7653,5.6427,-7.2754,0.2512,0.0000,0.5000,0.8830,5.6708,-7.1405
6.7746,5.6427,-7.2754,0.2532,0.0000,0.5000,0.8830,5.6708,-7.1405
6.7847,5.6427,-7.2754,0.2555,0.0000,0.5000,0.8830,5.6708,-7.1405
6.7951,5.6427,-7.2754,0.2580,0.0000,0.5000,0.8830,5.6708,-7.1405
6.8047,5.6428,-7.2754,0.2604,0.0000,0.5000,0.8830,5.6708,-7.1405
6.8159,5.6428,-7.2753,0.2632,0.0000,0.5000,0.8830,5.6708,-7.1405
6.8332,5.6429,-7.2753,0.2691,0.0000,0.5000,0.8814,5.6672,-7.1441
6.8362,5.6429,-7.2753,0.2691,0.0000,0.5000,0.8814,5.6672,-7.1441
6.8449,5.6430,-7.2753,0.2723,0.0000,0.5000,0.8814,5.6672,-7.1441
6.8553,5.6430,-7.2753,0.2756,0.0000,0.5000,0.8814,5.6672,-7.1441
6.8646,5.6431,-7.2753,0.2791,0.0000,0.5000,0.8814,5.6672,-7.1441
6.8747,5.6432,-7.2752,0.2824,0.0000,0.5000,0.8814,5.6672,-7.1441
6.8850,5.6433,-7.2752,0.2859,0.0000,0.5000,0.8814,5.6672,-7.1441
6.8960,5.6434,-7.2752,0.2894,0.0000,0.5000,0.8814,5.6672,-7.1441
6.9056,5.6435,-7.2751,0.2930,0.0000,0.5000,0.8814,5.6672,-7.1441
6.9146,5.6436,-7.2751,0.2965,0.0000,0.5000,0.8814,5.6672,-7.1441
6.9249,5.6436,-7.2751,0.3000,0.0000,0.5000,0.8814,5.6672,-7.1441
6.9345,5.6437,-7.2751,0.3035,0.0000,0.5000,0.8830,5.6672,-7.1441
6.9445,5.6438,-7.2750,0.3072,0.0000,0.5000,0.8830,5.6703,-7.1463
6.9544,5.6439,-7.2750,0.3107,0.0000,0.5000,0.8830,5.6703,-7.1463
6.9650,5.6440,-7.2750,0.3143,0.0000,0.5000,0.8830,5.6703,-7.1463
6.9748,5.6441,-7.2749,0.3180,0.0000,0.5000,0.8830,5.6703,-7.1463
6.9846,5.6442,-7.2749,0.3217,0.0000,0.5000,0.8830,5.6703,-7.1463
6.9957,5.6444,-7.2749,0.3255,0.0000,0.5000,0.8830,5.6703,-7.1463
7.0064,5.6445,-7.2748,0.3293,0.0000,0.5000,0.8830,5.6703,-7.1463
7.0166,5.6446,-7.2748,0.3335,0.0000,0.5000,0.8830,5.6703,-7.1463
7.0268,5.6447,-7.2747,0.3377,0.0000,0.5000,0.8909,5.6703,-7.1463
7.0347,5.6449,-7.2747,0.3423,0.0000,0.5000,0.8909,5.6699,-7.1473
7.0453,5.6451,-7.2746,0.3468,0.0000,0.5000,0.8909,5.6699,-7.1473
7.0546,5.6452,-7.2746,0.3517,0.0000,0.5000,0.8909,5.6699,-7.1473
7.0654,5.6453,-7.2745,0.3566,0.0000,0.5000,0.8909,5.6699,-7.1473
7.0747,5.6454,-7.2745,0.3616,0.0000,0.5000,0.8909,5.6699,-7.1473
7.0853,5.6456,-7.2744,0.3670,0.0000,0.5000,0.8909,5.6699,-7.1473
7.0947,5.6457,-7.2744,0.3725,0.0000,0.5000,0.8909,5.6699,-7.1473
7.1040,5.6459,-7.2743,0.3780,0.0000,0.5000,0.8909,5.6699,-7.1473
7.1150,5.6461,-7.2742,0.3838,0.0000,0.5000,0.8909,5.6699,-7.1473
7.1261,5.6463,-7.2741,0.3897,0.0000,0.5000,0.8978,5.6699,-7.1473
7.1344,5.6464,-7.2741,0.3955,0.0000,0.5000,0.8978,5.6699,-7.1473
7.1445,5.6465,-7.2741,0.4014,0.0000,0.5000,0.8978,5.6724,-7.1494
7.1544,5.6465,-7.2740,0.4074,0.0000,0.5000,0.8978,5.6724,-7.1494
7.1645,5.6466,-7.2740,0.4131,0.0000,0.5000,0.8978,5.6724,-7.1494
7.1754,5.6466,-7.2740,0.4189,0.0000,0.5000,0.8978,5.6724,-7.1494
7.1845,5.6466,-7.2740,0.4245,0.0000,0.5000,0.8978,5.6724,-7.1494
7.1944,5.6466,-7.2740,0.4302,0.0000,0.5000,0.8978,5.6724,-7.1494
7.2040,5.6466,-7.2740,0.4356,0.0000,0.5000,0.8978,5.6724,-7.1494
7.2142,5.6467,-7.2740,0.4412,0.0000,0.5000,0.8978,5.6724,-7.1494
7.2250,5.6467,-7.2740,0.4466,0.0000,0.5000,0.9044,5.6724,-7.1494
7.2345,5.6468,-7.2739,0.4519,0.0000,0.5000,0.9044,5.6724,-7.1494
7.2448,5.6469,-7.2739,0.4569,0.0000,0.5000,0.9044,5.6738,-7.1534
7.2543,5.6470,-7.2738,0.4620,0.0000,0.5000,0.9044,5.6738,-7.1534
7.2657,5.6471,-7.2738,0.4671,0.0000,0.5000,0.9044,5.6738,-7.1534
7.2751,5.6471,-7.2737,0.4721,0.0000,0.5000,0.9044,5.6738,-7.1534
7.2842,5.6472,-7.2737,0.4770,0.0000,0.5000,0.9044,5.6738,-7.1534
7.2946,5.6473,-7.2737,0.4821,0.0000,0.5000,0.9044,5.6738,-7.1534
7.3041,5.6473,-7.2736,0.4871,0.0000,0.5000,0.9044,5.6738,-7.1534
7.3145,5.6474,-7.2736,0.4922,0.0000,0.5000,0.9044,5.6738,-7.1534
7.3260,5.6475,-7.2736,0.4976,0.0000,0.5000,0.9025,5.6738,-7.1534
7.3352,5.6475,-7.2736,0.5028,0.0000,0.5000,0.9025,5.6738,-7.1534
7.3449,5.6475,-7.2736,0.5082,0.0000,0.5000,0.9025,5.6757,-7.1571
7.3549,5.6475,-7.2736,0.5138,0.0000,0.5000,0.9025,5.6757,-7.1571
7.3644,5.6475,-7.2736,0.5192,0.0000,0.5000,0.9025,5.6757,-7.1571
7.3746,5.6474,-7.2736,0.5246,0.0000,0.5000,0.9025,5.6757,-7.1571
7.3843,5.6473,-7.2737,0.5301,0.0000,0.5000,0.9025,5.6757,-7.1571
7.3951,5.6472,-7.2737,0.5353,0.0000,0.5000,0.9025,5.6757,-7.1571
7.4047,5.6472,-7.2737,0.5407,0.0000,0.5000,0.9025,5.6757,-7.1571
7.4144,5.6471,-7.2738,0.5459,0.0000,0.5000,0.9025,5.6757,-7.1571
7.4248,5.6471,-7.2738,0.5512,0.0000,0.5000,0.9015,5.6757,-7.1571
7.4359,5.6471,-7.2738,0.5566,0.0000,0.5000,0.9015,5.6757,-7.1571
7.4454,5.6471,-7.2738,0.5620,0.0000,0.5000,0.9015,5.6790,-7.1585
7.4542,5.6470,-7.2739,0.5674,0.0000,0.5000,0.9015,5.6790,-7.1585
7.4647,5.6470,-7.2738,0.5728,0.0000,0.5000,0.9015,5.6790,-7.1585
7.4762,5.6470,-7.2739,0.5782,0.0000,0.5000,0.9015,5.6790,-7.1585
7.4852,5.6470,-7.2739,0.5835,0.0000,0.5000,0.9015,5.6790,-7.1585
7.4949,5.6470,-7.2738,0.5887,0.0000,0.5000,0.9015,5.6790,-7.1585
7.5040,5.6470,-7.2738,0.5939,0.0000,0.5000,0.9015,5.6790,-7.1585
7.5156,5.6470,-7.2738,0.5990,0.0000,0.5000,0.9015,5.6790,-7.1585
7.5253,5.6471,-7.2738,0.6041,0.0000,0.5000,0.9013,5.6790,-7.1585
7.5355,5.6471,-7.2738,0.6089,0.0000,0.5000,0.9013,5.6790,-7.1585
7.5455,5.6472,-7.2737,0.6140,0.0000,0.5000,0.9013,5.6790,-7.1585
7.5545,5.6472,-7.2737,0.6191,0.0000,0.5000,0.9013,5.6767,-7.1581
7.5646,5.6473,-7.2737,0.6241,0.0000,0.5000,0.9013,5.6767,-7.1581
7.5748,5.6473,-7.2737,0.6292,0.0000,0.5000,0.9013,5.6767,-7.1581
7.5848,5.6473,-7.2737,0.6343,0.0000,0.5000,0.9013,5.6767,-7.1581
7.5953,5.6473,-7.2737,0.6395,0.0000,0.5000,0.9013,5.6767,-7.1581
7.6044,5.6473,-7.2736,0.6447,0.0000,0.5000,0.9013,5.6767,-7.1581
7.6148,5.6473,-7.2737,0.6498,0.0000,0.5000,0.9013,5.6767,-7.1581
7.6249,5.6473,-7.2737,0.6547,0.0000,0.5000,0.9000,5.6767,-7.1581
7.6350,5.6472,-7.2737,0.6597,0.0000,0.5000,0.9000,5.6767,-7.1581
7.6457,5.6472,-7.2737,0.6646,0.0000,0.5000,0.9000,5.6791,-7.1568
7.6554,5.6472,-7.2737,0.6693,0.0000,0.5000,0.9000,5.6791,-7.1568
7.6648,5.6472,-7.2737,0.6742,0.0000,0.5000,0.9000,5.6791,-7.1568
7.6764,5.6473,-7.2736,0.6789,0.0000,0.5000,0.9000,5.6791,-7.1568
7.6848,5.6473,-7.2736,0.6836,0.0000,0.5000,0.9000,5.6791,-7.1568
7.6951,5.6474,-7.2736,0.6884,0.0000,0.5000,0.9000,5.6791,-7.1568
7.7045,5.6474,-7.2735,0.6931,0.0000,0.5000,0.9000,5.6791,-7.1568
7.7152,5.6474,-7.2735,0.6980,0.0000,0.5000,0.9000,5.6791,-7.1568
7.7254,5.6474,-7.2735,0.7027,0.0000,0.5000,0.9006,5.6791,-7.1568
7.7345,5.6475,-7.2735,0.7076,0.0000,0.5000,0.9006,5.6797,-7.1577
7.7453,5.6475,-7.2735,0.7124,0.0000,0.5000,0.9006,5.6797,-7.1577
7.7554,5.6475,-7.2735,0.7172,0.0000,0.5000,0.9006,5.6797,-7.1577
7.7649,5.6475,-7.2734,0.7220,0.0000,0.5000,0.9006,5.6797,-7.1577
7.7751,5.6476,-7.2734,0.7269,0.0000,0.5000,0.9006,5.6797,-7.1577
7.7856,5.6476,-7.2734,0.7316,0.0000,0.5000,0.9006,5.6797,-7.1577
7.7943,5.6476,-7.2734,0.7364,0.0000,0.5000,0.9006,5.6797,-7.1577
7.8043,5.6476,-7.2734,0.7411,0.0000,0.5000,0.9006,5.6797,-7.1577
7.8152,5.6476,-7.2734,0.7460,0.0000,0.5000,0.9006,5.6797,-7.1577
7.8253,5.6476,-7.2734,0.7508,0.0000,0.5000,0.8994,5.6797,-7.1577
7.8351,5.6476,-7.2734,0.7559,0.0000,0.5000,0.8994,5.6797,-7.1577
7.8443,5.6475,-7.2734,0.7610,0.0000,0.5000,0.8994,5.6765,-7.1560
7.8554,5.6475,-7.2735,0.7662,0.0000,0.5000,0.8994,5.6765,-7.1560
7.8642,5.6474,-7.2736,0.7713,0.0000,0.5000,0.8994,5.6765,-7.1560
7.8742,5.6474,-7.2736,0.7765,0.0000,0.5000,0.8994,5.6765,-7.1560
7.8849,5.6473,-7.2737,0.7817,0.0000,0.5000,0.8994,5.6765,-7.1560
7.8956,5.6472,-7.2738,0.7868,0.0000,0.5000,0.8994,5.6765,-7.1560
7.9044,5.6472,-7.2738,0.7919,0.0000,0.5000,0.8994,5.6765,-7.1560
7.9148,5.6471,-7.2739,0.7967,0.0000,0.5000,0.8994,5.6765,-7.1560
7.9248,5.6471,-7.2739,0.8016,0.0000,0.5000,0.9021,5.6765,-7.1560
7.9361,5.6471,-7.2739,0.8065,0.0000,0.5000,0.9021,5.6765,-7.1560
7.9459,5.6471,-7.2739,0.8114,0.0000,0.5000,0.9021,5.6740,-7.1579
7.9569,5.6470,-7.2739,0.8161,0.0000,0.5000,0.9021,5.6740,-7.1579
7.9644,5.6470,-7.2739,0.8208,0.0000,0.5000,0.9021,5.6740,-7.1579
7.9749,5.6470,-7.2739,0.8255,0.0000,0.5000,0.9021,5.6740,-7.1579
7.9849,5.6471,-7.2739,0.8304,0.0000,0.5000,0.9021,5.6740,-7.1579
7.9947,5.6471,-7.2739,0.8353,0.0000,0.5000,0.9021,5.6740,-7.1579
8.0039,5.6470,-7.2739,0.8400,0.0000,0.5000,0.9021,5.6740,-7.1579
8.0145,5.6471,-7.2739,0.8449,0.0000,0.5000,0.9021,5.6740,-7.1579
8.0257,5.6471,-7.2739,0.8496,0.0000,0.5000,0.8970,5.6740,-7.1579
8.0348,5.6471,-7.2739,0.8543,0.0000,0.5000,0.8970,5.6725,-7.1570
8.0442,5.6471,-7.2739,0.8589,0.0000,0.5000,0.8970,5.6725,-7.1570
8.0543,5.6471,-7.2739,0.8634,0.0000,0.5000,0.8970,5.6725,-7.1570
8.0660,5.6470,-7.2739,0.8680,0.0000,0.5000,0.8970,5.6725,-7.1570
8.0748,5.6470,-7.2740,0.8725,0.0000,0.5000,0.8970,5.6725,-7.1570
8.0855,5.6470,-7.2740,0.8770,0.0000,0.5000,0.8970,5.6725,-7.1570
8.0964,5.6470,-7.2740,0.8816,0.0000,0.5000,0.8970,5.6725,-7.1570
8.1047,5.6470,-7.2740,0.8859,0.0000,0.5000,0.8970,5.6725,-7.1570
8.1152,5.6470,-7.2740,0.8905,0.0000,0.5000,0.8970,5.6725,-7.1570
8.1244,5.6469,-7.2741,0.8950,0.0000,0.5000,0.8966,5.6725,-7.1570
8.1358,5.6469,-7.2741,0.8997,0.0000,0.5000,0.8966,5.6691,-7.1588
8.1460,5.6469,-7.2741,0.9043,0.0000,0.5000,0.8966,5.6691,-7.1588
8.1556,5.6469,-7.2742,0.9090,0.0000,0.5000,0.8966,5.6691,-7.1588
8.1649,5.6468,-7.2742,0.9137,0.0000,0.5000,0.8966,5.6691,-7.1588
8.1745,5.6468,-7.2742,0.9184,0.0000,0.5000,0.8966,5.6691,-7.1588
8.1844,5.6468,-7.2743,0.9231,0.0000,0.5000,0.8966,5.6691,-7.1588
8.1950,5.6467,-7.2743,0.9278,0.0000,0.5000,0.8966,5.6691,-7.1588
8.2044,5.6467,-7.2743,0.9325,0.0000,0.5000,0.8966,5.6691,-7.1588
8.2154,5.6468,-7.2743,0.9372,0.0000,0.5000,0.8966,5.6691,-7.1588
8.2336,5.6468,-7.2742,0.9467,0.0000,0.5000,0.9035,5.6683,-7.1595
8.2349,5.6468,-7.2742,0.9467,0.0000,0.5000,0.9035,5.6683,-7.1595
8.2455,5.6468,-7.2742,0.9516,0.0000,0.5000,0.9035,5.6683,-7.1595
8.2559,5.6469,-7.2741,0.9564,0.0000,0.5000,0.9035,5.6683,-7.1595
8.2642,5.6469,-7.2741,0.9613,0.0000,0.5000,0.9035,5.6683,-7.1595
8.2758,5.6469,-7.2741,0.9709,0.0000,0.5000,0.9035,5.6683,-7.1595
8.2842,5.6469,-7.2741,0.9709,0.0000,0.5000,0.9035,5.6683,-7.1595
8.2951,5.6469,-7.2741,0.9758,0.0000,0.5000,0.9035,5.6683,-7.1595
8.3044,5.6470,-7.2740,0.9805,0.0000,0.5000,0.9035,5.6683,-7.1595
8.3146,5.6470,-7.2739,0.9898,0.0000,0.5000,0.9035,5.6683,-7.1595
8.3264,5.6470,-7.2739,0.9898,0.0000,0.5000,0.9009,5.6683,-7.1595
8.3357,5.6470,-7.2740,0.9943,0.0000,0.5000,0.9009,5.6675,-7.1591
8.3445,5.6470,-7.2740,1.0036,0.0000,0.5000,0.9009,5.6675,-7.1591
8.3543,5.6470,-7.2740,1.0036,0.0000,0.5000,0.9009,5.6675,-7.1591
8.3651,5.6469,-7.2740,1.0083,0.0000,0.5000,0.9009,5.6675,-7.1591
8.3762,5.6469,-7.2741,1.0177,0.0000,0.5000,0.9009,5.6675,-7.1591
8.3849,5.6469,-7.2741,1.0177,0.0000,0.5000,0.9009,5.6675,-7.1591
8.3960,5.6468,-7.2742,1.0273,0.0000,0.5000,0.9009,5.6675,-7.1591
8.4047,5.6468,-7.2742,1.0273,0.0000,0.5000,0.9009,5.6675,-7.1591
8.4163,5.6468,-7.2742,1.0322,0.0000,0.5000,0.9009,5.6675,-7.1591
8.4255,5.6468,-7.2743,1.0371,0.0000,0.5000,0.9023,5.6675,-7.1591
8.4346,5.6468,-7.2743,1.0421,0.0000,0.5000,0.9023,5.6666,-7.1592
8.4443,5.6467,-7.2744,1.0472,0.0000,0.5000,0.9023,5.6666,-7.1592
8.4554,5.6467,-7.2744,1.0523,0.0000,0.5000,0.9023,5.6666,-7.1592
8.4650,5.6467,-7.2745,1.0573,0.0000,0.5000,0.9023,5.6666,-7.1592
8.4747,5.6466,-7.2745,1.0674,0.0000,0.5000,0.9023,5.6666,-7.1592
8.4848,5.6467,-7.2745,1.0727,0.0000,0.5000,0.9023,5.6666,-7.1592
8.4947,5.6467,-7.2745,1.0777,0.0000,0.5000,0.9023,5.6666,-7.1592
8.5047,5.6467,-7.2745,1.0830,0.0000,0.5000,0.9023,5.6666,-7.1592
8.5151,5.6467,-7.2745,1.0882,0.0000,0.5000,0.9023,5.6666,-7.1592
8.5251,5.6467,-7.2745,1.0933,0.0000,0.5000,0.9012,5.6666,-7.1592
8.5349,5.6467,-7.2745,1.0985,0.0000,0.5000,0.9012,5.6666,-7.1592
8.5453,5.6467,-7.2745,1.1036,0.0000,0.5000,0.9012,5.6666,-7.1592
8.5541,5.6467,-7.2744,1.1085,0.0000,0.5000,0.9012,5.6681,-7.1577
8.5659,5.6467,-7.2744,1.1133,0.0000,0.5000,0.9012,5.6681,-7.1577
8.5743,5.6467,-7.2744,1.1133,0.0000,0.5000,0.9012,5.6681,-7.1577
8.5847,5.6468,-7.2743,1.1229,0.0000,0.5000,0.9012,5.6681,-7.1577
8.5947,5.6468,-7.2743,1.1277,0.0000,0.5000,0.9012,5.6681,-7.1577
8.6045,5.6468,-7.2742,1.1322,0.0000,0.5000,0.9012,5.6681,-7.1577
8.6142,5.6468,-7.2743,1.1369,0.0000,0.5000,0.9012,5.6681,-7.1577
8.6246,5.6468,-7.2743,1.1416,0.0000,0.5000,0.8984,5.6681,-7.1577
8.6353,5.6468,-7.2743,1.1416,0.0000,0.5000,0.8984,5.6681,-7.1577
8.6442,5.6468,-7.2743,1.1465,0.0000,0.5000,0.8984,5.6705,-7.1603
8.6619,5.6468,-7.2743,1.1512,0.0000,0.5000,0.8984,5.6705,-7.1603
8.6649,5.6467,-7.2744,1.1561,0.0000,0.5000,0.8984,5.6705,-7.1603
8.6740,5.6467,-7.2744,1.1610,0.0000,0.5000,0.8984,5.6705,-7.1603
8.6847,5.6467,-7.2744,1.1659,0.0000,0.5000,0.8984,5.6705,-7.1603
8.6954,5.6467,-7.2744,1.1708,0.0000,0.5000,0.8984,5.6705,-7.1603
8.7041,5.6467,-7.2744,1.1755,0.0000,0.5000,0.8984,5.6705,-7.1603
8.7154,5.6467,-7.2745,1.1802,0.0000,0.5000,0.8984,5.6705,-7.1603
8.7259,5.6467,-7.2745,1.1847,0.0000,0.5000,0.8984,5.6705,-7.1603
8.7347,5.6467,-7.2745,1.1893,0.0000,0.5000,0.8984,5.6705,-7.1603
8.7444,5.6467,-7.2745,1.1938,0.0000,0.5000,0.8984,5.6674,-7.1585
8.7545,5.6467,-7.2744,1.1983,0.0000,0.5000,0.8984,5.6674,-7.1585
8.7646,5.6467,-7.2744,1.2027,0.0000,0.5000,0.8984,5.6674,-7.1585
8.7763,5.6467,-7.2744,1.2072,0.0000,0.5000,0.8984,5.6674,-7.1585
8.7841,5.6467,-7.2744,1.2118,0.0000,0.5000,0.8984,5.6674,-7.1585
8.7945,5.6467,-7.2744,1.2163,0.0000,0.5000,0.8984,5.6674,-7.1585
8.8041,5.6467,-7.2744,1.2207,0.0000,0.5000,0.8984,5.6674,-7.1585
8.8154,5.6467,-7.2744,1.2254,0.0000,0.5000,0.8984,5.6674,-7.1585
8.8267,5.6467,-7.2744,1.2299,0.0000,0.5000,0.8984,5.6674,-7.1585
8.8341,5.6468,-7.2742,1.2345,0.0000,0.5000,0.8988,5.6669,-7.1609
8.8449,5.6468,-7.2742,1.2390,0.0000,0.5000,0.8988,5.6669,-7.1609
8.8545,5.6468,-7.2741,1.2437,0.0000,0.5000,0.8988,5.6669,-7.1609
8.8656,5.6468,-7.2741,1.2484,0.0000,0.5000,0.8988,5.6669,-7.1609
8.8746,5.6468,-7.2741,1.2530,0.0000,0.5000,0.8988,5.6669,-7.1609
8.8844,5.6468,-7.2741,1.2577,0.0000,0.5000,0.8988,5.6669,-7.1609
8.8943,5.6468,-7.2741,1.2624,0.0000,0.5000,0.8988,5.6669,-7.1609
8.9050,5.6468,-7.2741,1.2673,0.0000,0.5000,0.8988,5.6669,-7.1609
8.9151,5.6468,-7.2742,1.2722,0.0000,0.5000,0.8988,5.6669,-7.1609
8.9246,5.6468,-7.2742,1.2771,0.0000,0.5000,0.8991,5.6669,-7.1609
8.9344,5.6468,-7.2743,1.2823,0.0000,0.5000,0.8991,5.6669,-7.1609
8.9444,5.6468,-7.2743,1.2874,0.0000,0.5000,0.8991,5.6671,-7.1594
8.9541,5.6467,-7.2744,1.2926,0.0000,0.5000,0.8991,5.6671,-7.1594
8.9641,5.6467,-7.2745,1.2978,0.0000,0.5000,0.8991,5.6671,-7.1594
8.9746,5.6467,-7.2746,1.3029,0.0000,0.5000,0.8991,5.6671,-7.1594
8.9847,5.6467,-7.2747,1.3081,0.0000,0.5000,0.8991,5.6671,-7.1594
8.9970,5.6466,-7.2747,1.3130,0.0000,0.5000,0.8991,5.6671,-7.1594
9.0046,5.6466,-7.2748,1.3179,0.0000,0.5000,0.8991,5.6671,-7.1594
9.0150,5.6466,-7.2748,1.3228,0.0000,0.5000,0.8991,5.6671,-7.1594
9.0274,5.6466,-7.2748,1.3275,0.0000,0.5000,0.8989,5.6671,-7.1594
9.0353,5.6466,-7.2748,1.3322,0.0000,0.5000,0.8989,5.6671,-7.1594
9.0461,5.6466,-7.2748,1.3369,0.0000,0.5000,0.8989,5.6637,-7.1609
9.0549,5.6466,-7.2748,1.3415,0.0000,0.5000,0.8989,5.6637,-7.1609
9.0643,5.6466,-7.2748,1.3462,0.0000,0.5000,0.8989,5.6637,-7.1609
9.0748,5.6466,-7.2747,1.3509,0.0000,0.5000,0.8989,5.6637,-7.1609
9.0845,5.6466,-7.2747,1.3556,0.0000,0.5000,0.8989,5.6637,-7.1609
9.0947,5.6467,-7.2746,1.3603,0.0000,0.5000,0.8989,5.6637,-7.1609
9.1042,5.6467,-7.2746,1.3652,0.0000,0.5000,0.8989,5.6637,-7.1609
9.1144,5.6467,-7.2745,1.3699,0.0000,0.5000,0.8989,5.6637,-7.1609
9.1287,5.6467,-7.2744,1.3748,0.0000,0.5000,0.8984,5.6637,-7.1609
9.1350,5.6467,-7.2744,1.3795,0.0000,0.5000,0.8984,5.6612,-7.1592
9.1449,5.6467,-7.2744,1.3844,0.0000,0.5000,0.8984,5.6612,-7.1592
9.1541,5.6467,-7.2744,1.3893,0.0000,0.5000,0.8984,5.6612,-7.1592
9.1642,5.6467,-7.2744,1.3943,0.0000,0.5000,0.8984,5.6612,-7.1592
9.1742,5.6467,-7.2745,1.3994,0.0000,0.5000,0.8984,5.6612,-7.1592
9.1843,5.6467,-7.2746,1.4045,0.0000,0.5000,0.8984,5.6612,-7.1592
9.1945,5.6467,-7.2746,1.4095,0.0000,0.5000,0.8984,5.6612,-7.1592
9.2041,5.6467,-7.2747,1.4148,0.0000,0.5000,0.8984,5.6612,-7.1592
9.2147,5.6467,-7.2747,1.4200,0.0000,0.5000,0.8984,5.6612,-7.1592
9.2320,5.6467,-7.2747,1.4254,0.0000,0.5000,0.8962,5.6612,-7.1592
9.2362,5.6467,-7.2747,1.4308,0.0000,0.5000,0.8962,5.6585,-7.1593
9.2458,5.6467,-7.2748,1.4361,0.0000,0.5000,0.8962,5.6585,-7.1593
9.2542,5.6466,-7.2748,1.4415,0.0000,0.5000,0.8962,5.6585,-7.1593
9.2645,5.6466,-7.2749,1.4467,0.0000,0.5000,0.8962,5.6585,-7.1593
9.2751,5.6466,-7.2749,1.4519,0.0000,0.5000,0.8962,5.6585,-7.1593
9.2845,5.6466,-7.2749,1.4572,0.0000,0.5000,0.8962,5.6585,-7.1593
9.2954,5.6466,-7.2749,1.4622,0.0000,0.5000,0.8962,5.6585,-7.1593
9.3042,5.6466,-7.2749,1.4673,0.0000,0.5000,0.8962,5.6585,-7.1593
9.3143,5.6466,-7.2748,1.4722,0.0000,0.5000,0.8962,5.6585,-7.1593
9.3244,5.6466,-7.2748,1.4772,0.0000,0.5000,0.8968,5.6585,-7.1593
9.3353,5.6466,-7.2748,1.4821,0.0000,0.5000,0.8968,5.6578,-7.1596
9.3445,5.6466,-7.2748,1.4870,0.0000,0.5000,0.8968,5.6578,-7.1596
9.3545,5.6467,-7.2747,1.4919,0.0000,0.5000,0.8968,5.6578,-7.1596
9.3645,5.6467,-7.2747,1.4968,0.0000,0.5000,0.8968,5.6578,-7.1596
9.3742,5.6467,-7.2747,1.5015,0.0000,0.5000,0.8968,5.6578,-7.1596
9.3850,5.6467,-7.2746,1.5062,0.0000,0.5000,0.8968,5.6578,-7.1596
9.3945,5.6467,-7.2745,1.5109,0.0000,0.5000,0.8968,5.6578,-7.1596
9.4054,5.6467,-7.2745,1.5155,0.0000,0.5000,0.8968,5.6578,-7.1596
9.4152,5.6467,-7.2744,1.5200,0.0000,0.5000,0.8968,5.6578,-7.1596
9.4269,5.6467,-7.2744,1.5247,0.0000,0.5000,0.8968,5.6578,-7.1596
9.4348,5.6467,-7.2744,1.5293,0.0000,0.5000,0.8967,5.6578,-7.1596
9.4443,5.6467,-7.2745,1.5340,0.0000,0.5000,0.8967,5.6571,-7.1604
9.4547,5.6467,-7.2745,1.5387,0.0000,0.5000,0.8967,5.6571,-7.1604
9.4648,5.6467,-7.2745,1.5434,0.0000,0.5000,0.8967,5.6571,-7.1604
9.4746,5.6467,-7.2745,1.5483,0.0000,0.5000,0.8967,5.6571,-7.1604
9.4847,5.6467,-7.2745,1.5533,0.0000,0.5000,0.8967,5.6571,-7.1604
9.4943,5.6467,-7.2745,1.5582,0.0000,0.5000,0.8967,5.6571,-7.1604
9.5040,5.6467,-7.2745,1.5635,0.0000,0.5000,0.8967,5.6571,-7.1604
9.5152,5.6467,-7.2746,1.5685,0.0000,0.5000,0.8967,5.6571,-7.1604
9.5255,5.6467,-7.2746,1.5738,0.0000,0.5000,0.8976,5.6571,-7.1604
9.5351,5.6467,-7.2747,1.5792,0.0000,0.5000,0.8976,5.6571,-7.1604
9.5445,5.6467,-7.2746,1.5844,0.0000,0.5000,0.8976,5.6603,-7.1621
9.5539,5.6467,-7.2747,1.5895,0.0000,0.5000,0.8976,5.6603,-7.1621
9.5642,5.6467,-7.2747,1.5947,0.0000,0.5000,0.8976,5.6603,-7.1621
9.5739,5.6467,-7.2747,1.5998,0.0000,0.5000,0.8976,5.6603,-7.1621
9.5843,5.6467,-7.2747,1.6050,0.0000,0.5000,0.8976,5.6603,-7.1621
9.5951,5.6467,-7.2748,1.6099,0.0000,0.5000,0.8976,5.6603,-7.1621
9.6043,5.6467,-7.2747,1.6148,0.0000,0.5000,0.8976,5.6603,-7.1621
9.6147,5.6467,-7.2748,1.6197,0.0000,0.5000,0.8976,5.6603,-7.1621
9.6320,5.6467,-7.2748,1.6246,0.0000,0.5000,0.8994,5.6560,-7.1601
9.6343,5.6467,-7.2747,1.6293,0.0000,0.5000,0.8994,5.6560,-7.1601
9.6445,5.6467,-7.2747,1.6340,0.0000,0.5000,0.8994,5.6560,-7.1601
9.6559,5.6467,-7.2747,1.6387,0.0000,0.5000,0.8994,5.6560,-7.1601
9.6648,5.6467,-7.2746,1.6434,0.0000,0.5000,0.8994,5.6560,-7.1601
9.6753,5.6467,-7.2745,1.6479,0.0000,0.5000,0.8994,5.6560,-7.1601
9.6849,5.6467,-7.2745,1.6527,0.0000,0.5000,0.8994,5.6560,-7.1601
9.6947,5.6467,-7.2745,1.6574,0.0000,0.5000,0.8994,5.6560,-7.1601
9.7043,5.6467,-7.2745,1.6621,0.0000,0.5000,0.8994,5.6560,-7.1601
9.7141,5.6467,-7.2746,1.6670,0.0000,0.5000,0.8994,5.6560,-7.1601
9.7257,5.6467,-7.2745,1.6719,0.0000,0.5000,0.8986,5.6560,-7.1601
9.7349,5.6467,-7.2745,1.6769,0.0000,0.5000,0.8986,5.6545,-7.1587
9.7446,5.6467,-7.2745,1.6820,0.0000,0.5000,0.8986,5.6545,-7.1587
9.7547,5.6466,-7.2744,1.6870,0.0000,0.5000,0.8986,5.6545,-7.1587
9.7647,5.6466,-7.2744,1.6921,0.0000,0.5000,0.8986,5.6545,-7.1587
9.7749,5.6466,-7.2744,1.6973,0.0000,0.5000,0.8986,5.6545,-7.1587
9.7850,5.6466,-7.2744,1.7024,0.0000,0.5000,0.8986,5.6545,-7.1587
9.7948,5.6467,-7.2745,1.7075,0.0000,0.5000,0.8986,5.6545,-7.1587
9.8049,5.6467,-7.2745,1.7123,0.0000,0.5000,0.8986,5.6545,-7.1587
9.8148,5.6467,-7.2745,1.7172,0.0000,0.5000,0.8986,5.6545,-7.1587
9.8252,5.6467,-7.2745,1.7221,0.0000,0.5000,0.8951,5.6545,-7.1587
9.8344,5.6467,-7.2746,1.7270,0.0000,0.5000,0.8951,5.6534,-7.1568
9.8446,5.6467,-7.2746,1.7317,0.0000,0.5000,0.8951,5.6534,-7.1568
9.8545,5.6467,-7.2746,1.7364,0.0000,0.5000,0.8951,5.6534,-7.1568
9.8646,5.6467,-7.2746,1.7411,0.0000,0.5000,0.8951,5.6534,-7.1568
9.8742,5.6467,-7.2746,1.7457,0.0000,0.5000,0.8951,5.6534,-7.1568
9.8843,5.6467,-7.2747,1.7504,0.0000,0.5000,0.8951,5.6534,-7.1568
9.8942,5.6467,-7.2747,1.7548,0.0000,0.5000,0.8951,5.6534,-7.1568
9.9043,5.6467,-7.2747,1.7593,0.0000,0.5000,0.8951,5.6534,-7.1568
9.9145,5.6467,-7.2746,1.7637,0.0000,0.5000,0.8951,5.6534,-7.1568
9.9265,5.6467,-7.2746,1.7680,0.0000,0.5000,0.8963,5.6534,-7.1568
9.9344,5.6466,-7.2745,1.7722,0.0000,0.5000,0.8963,5.6515,-7.1566
9.9448,5.6466,-7.2745,1.7766,0.0000,0.5000,0.8963,5.6515,-7.1566
9.9543,5.6466,-7.2744,1.7808,0.0000,0.5000,0.8963,5.6515,-7.1566
9.9656,5.6466,-7.2743,1.7851,0.0000,0.5000,0.8963,5.6515,-7.1566
9.9747,5.6466,-7.2744,1.7897,0.0000,0.5000,0.8963,5.6515,-7.1566
9.9885,5.6466,-7.2744,1.7942,0.0000,0.5000,0.8963,5.6515,-7.1566
9.9954,5.6466,-7.2744,1.7987,0.0000,0.5000,0.8963,5.6515,-7.1566
10.0044,5.6466,-7.2744,1.8034,0.0000,0.5000,0.8963,5.6515,-7.1566
10.0144,5.6466,-7.2744,1.8083,0.0000,0.5000,0.8963,5.6515,-7.1566
10.0265,5.6466,-7.2744,1.8132,0.0000,0.5000,0.8976,5.6515,-7.1566
10.0349,5.6466,-7.2744,1.8183,0.0000,0.5000,0.8976,5.6515,-7.1566
10.0446,5.6466,-7.2745,1.8233,0.0000,0.5000,0.8976,5.6517,-7.1541
10.0543,5.6467,-7.2745,1.8284,0.0000,0.5000,0.8976,5.6517,-7.1541
10.0648,5.6467,-7.2746,1.8335,0.0000,0.5000,0.8976,5.6517,-7.1541
10.0745,5.6467,-7.2746,1.8385,0.0000,0.5000,0.8976,5.6517,-7.1541
10.0848,5.6467,-7.2748,1.8436,0.0000,0.5000,0.8976,5.6517,-7.1541
10.0960,5.6467,-7.2748,1.8487,0.0000,0.5000,0.8976,5.6517,-7.1541
10.1046,5.6468,-7.2748,1.8535,0.0000,0.5000,0.8976,5.6517,-7.1541
10.1141,5.6468,-7.2749,1.8584,0.0000,0.5000,0.8976,5.6517,-7.1541
10.1248,5.6468,-7.2749,1.8633,0.0000,0.5000,0.8962,5.6517,-7.1541
10.1344,5.6468,-7.2750,1.8682,0.0000,0.5000,0.8962,5.6517,-7.1541
10.1451,5.6468,-7.2750,1.8729,0.0000,0.5000,0.8962,5.6508,-7.1556
10.1545,5.6468,-7.2750,1.8778,0.0000,0.5000,0.8962,5.6508,-7.1556
10.1646,5.6468,-7.2750,1.8825,0.0000,0.5000,0.8962,5.6508,-7.1556
10.1768,5.6468,-7.2750,1.8872,0.0000,0.5000,0.8962,5.6508,-7.1556
10.1847,5.6468,-7.2749,1.8919,0.0000,0.5000,0.8962,5.6508,-7.1556
10.1982,5.6468,-7.2749,1.8966,0.0000,0.5000,0.8962,5.6508,-7.1556
10.2041,5.6467,-7.2749,1.9012,0.0000,0.5000,0.8962,5.6508,-7.1556
10.2149,5.6467,-7.2748,1.9057,0.0000,0.5000,0.8962,5.6508,-7.1556
10.2262,5.6467,-7.2747,1.9101,0.0000,0.5000,0.8964,5.6508,-7.1556
10.2345,5.6467,-7.2746,1.9146,0.0000,0.5000,0.8964,5.6508,-7.1556
10.2449,5.6467,-7.2746,1.9192,0.0000,0.5000,0.8964,5.6496,-7.1551
10.2558,5.6467,-7.2746,1.9237,0.0000,0.5000,0.8964,5.6496,-7.1551
10.2648,5.6467,-7.2746,1.9282,0.0000,0.5000,0.8964,5.6496,-7.1551
10.2747,5.6467,-7.2746,1.9328,0.0000,0.5000,0.8964,5.6496,-7.1551
10.2848,5.6467,-7.2747,1.9375,0.0000,0.5000,0.8964,5.6496,-7.1551
10.2951,5.6467,-7.2747,1.9424,0.0000,0.5000,0.8964,5.6496,-7.1551
10.3045,5.6467,-7.2747,1.9473,0.0000,0.5000,0.8964,5.6496,-7.1551
10.3151,5.6467,-7.2748,1.9522,0.0000,0.5000,0.8964,5.6496,-7.1551
10.3255,5.6467,-7.2748,1.9570,0.0000,0.5000,0.8954,5.6496,-7.1551
10.3348,5.6467,-7.2748,1.9621,0.0000,0.5000,0.8954,5.6496,-7.1551
10.3449,5.6468,-7.2748,1.9672,0.0000,0.5000,0.8954,5.6517,-7.1549
10.3549,5.6468,-7.2749,1.9720,0.0000,0.5000,0.8954,5.6517,-7.1549
10.3647,5.6468,-7.2749,1.9771,0.0000,0.5000,0.8954,5.6517,-7.1549
10.3764,5.6468,-7.2750,1.9820,0.0000,0.5000,0.8954,5.6517,-7.1549
10.3849,5.6468,-7.2750,1.9869,0.0000,0.5000,0.8954,5.6517,-7.1549
10.3957,5.6468,-7.2750,1.9918,0.0000,0.5000,0.8954,5.6517,-7.1549
10.4044,5.6468,-7.2750,1.9965,0.0000,0.5000,0.8954,5.6517,-7.1549
10.4143,5.6468,-7.2750,2.0012,0.0000,0.5000,0.8954,5.6517,-7.1549
10.4299,5.6468,-7.2750,2.0059,0.0000,0.5000,0.8961,5.6517,-7.1549
10.4389,5.6468,-7.2750,2.0108,0.0000,0.5000,0.8961,5.6517,-7.1549
10.4454,5.6468,-7.2749,2.0155,0.0000,0.5000,0.8961,5.6483,-7.1562
10.4550,5.6468,-7.2749,2.0200,0.0000,0.5000,0.8961,5.6483,-7.1562
10.4649,5.6467,-7.2748,2.0248,0.0000,0.5000,0.8961,5.6483,-7.1562
10.4751,5.6467,-7.2748,2.0295,0.0000,0.5000,0.8961,5.6483,-7.1562
10.4847,5.6467,-7.2747,2.0340,0.0000,0.5000,0.8961,5.6483,-7.1562
10.4952,5.6466,-7.2746,2.0385,0.0000,0.5000,0.8961,5.6483,-7.1562
10.5052,5.6466,-7.2745,2.0429,0.0000,0.5000,0.8961,5.6483,-7.1562
10.5150,5.6466,-7.2745,2.0473,0.0000,0.5000,0.8961,5.6483,-7.1562
10.5253,5.6465,-7.2744,2.0516,0.0000,0.5000,0.8966,5.6483,-7.1562
10.5352,5.6465,-7.2744,2.0560,0.0000,0.5000,0.8966,5.6483,-7.1562
10.5447,5.6465,-7.2744,2.0604,0.0000,0.5000,0.8966,5.6497,-7.1554
10.5553,5.6465,-7.2744,2.0649,0.0000,0.5000,0.8966,5.6497,-7.1554
10.5648,5.6465,-7.2744,2.0693,0.0000,0.5000,0.8966,5.6497,-7.1554
10.5755,5.6466,-7.2745,2.0738,0.0000,0.5000,0.8966,5.6497,-7.1554
10.5843,5.6466,-7.2745,2.0785,0.0000,0.5000,0.8966,5.6497,-7.1554
10.5947,5.6466,-7.2745,2.0832,0.0000,0.5000,0.8966,5.6497,-7.1554
10.6044,5.6466,-7.2746,2.0879,0.0000,0.5000,0.8966,5.6497,-7.1554
10.6144,5.6467,-7.2746,2.0926,0.0000,0.5000,0.8966,5.6497,-7.1554
10.6287,5.6467,-7.2748,2.0975,0.0000,0.5000,0.8967,5.6497,-7.1554
10.6358,5.6468,-7.2748,2.1022,0.0000,0.5000,0.8967,5.6497,-7.1554
10.6444,5.6468,-7.2749,2.1071,0.0000,0.5000,0.8967,5.6513,-7.1573
10.6539,5.6468,-7.2750,2.1118,0.0000,0.5000,0.8967,5.6513,-7.1573
10.6643,5.6469,-7.2750,2.1166,0.0000,0.5000,0.8967,5.6513,-7.1573
10.6744,5.6469,-7.2750,2.1213,0.0000,0.5000,0.8967,5.6513,-7.1573
10.6844,5.6469,-7.2751,2.1260,0.0000,0.5000,0.8967,5.6513,-7.1573
10.6945,5.6469,-7.2751,2.1307,0.0000,0.5000,0.8967,5.6513,-7.1573
10.7045,5.6469,-7.2751,2.1354,0.0000,0.5000,0.8967,5.6513,-7.1573
10.7150,5.6469,-7.2751,2.1401,0.0000,0.5000,0.8967,5.6513,-7.1573
10.7248,5.6471,-7.2754,2.1447,0.0000,0.5000,0.8917,5.6513,-7.1573
10.7350,5.6471,-7.2754,2.1494,0.0000,0.5000,0.8917,5.6553,-7.1582
10.7444,5.6471,-7.2753,2.1541,0.0000,0.5000,0.8917,5.6553,-7.1582
10.7542,5.6470,-7.2753,2.1586,0.0000,0.5000,0.8917,5.6553,-7.1582
10.7647,5.6470,-7.2753,2.1586,0.0000,0.5000,0.8917,5.6553,-7.1582
10.7757,5.6469,-7.2751,2.1633,0.0000,0.5000,0.8917,5.6553,-7.1582
10.7843,5.6469,-7.2750,2.1680,0.0000,0.5000,0.8917,5.6553,-7.1582
10.7945,5.6469,-7.2750,2.1726,0.0000,0.5000,0.8917,5.6553,-7.1582
10.8041,5.6468,-7.2750,2.1773,0.0000,0.5000,0.8917,5.6553,-7.1582
10.8144,5.6468,-7.2750,2.1822,0.0000,0.5000,0.8917,5.6553,-7.1582
10.8247,5.6468,-7.2750,2.1869,0.0000,0.5000,0.8923,5.6553,-7.1582
10.8362,5.6469,-7.2750,2.1918,0.0000,0.5000,0.8923,5.6574,-7.1602
10.8443,5.6469,-7.2750,2.1967,0.0000,0.5000,0.8923,5.6574,-7.1602
10.8546,5.6469,-7.2750,2.2017,0.0000,0.5000,0.8923,5.6574,-7.1602
10.8645,5.6469,-7.2750,2.2066,0.0000,0.5000,0.8923,5.6574,-7.1602
10.8744,5.6468,-7.2750,2.2117,0.0000,0.5000,0.8923,5.6574,-7.1602
10.8845,5.6469,-7.2750,2.2169,0.0000,0.5000,0.8923,5.6574,-7.1602
10.8955,5.6469,-7.2750,2.2220,0.0000,0.5000,0.8923,5.6574,-7.1602
10.9042,5.6469,-7.2750,2.2272,0.0000,0.5000,0.8923,5.6574,-7.1602
10.9145,5.6469,-7.2750,2.2325,0.0000,0.5000,0.8923,5.6574,-7.1602
10.9247,5.6469,-7.2750,2.2377,0.0000,0.5000,0.8950,5.6574,-7.1602
10.9356,5.6469,-7.2750,2.2427,0.0000,0.5000,0.8950,5.6551,-7.1544
10.9450,5.6469,-7.2750,2.2478,0.0000,0.5000,0.8950,5.6551,-7.1544
10.9546,5.6469,-7.2750,2.2529,0.0000,0.5000,0.8950,5.6551,-7.1544
10.9646,5.6469,-7.2750,2.2579,0.0000,0.5000,0.8950,5.6551,-7.1544
10.9752,5.6469,-7.2750,2.2630,0.0000,0.5000,0.8950,5.6551,-7.1544
10.9856,5.6469,-7.2750,2.2681,0.0000,0.5000,0.8950,5.6551,-7.1544
10.9949,5.6468,-7.2750,2.2729,0.0000,0.5000,0.8950,5.6551,-7.1544
11.0045,5.6468,-7.2750,2.2782,0.0000,0.5000,0.8950,5.6551,-7.1544
11.0149,5.6468,-7.2749,2.2832,0.0000,0.5000,0.8950,5.6551,-7.1544
11.0255,5.6468,-7.2749,2.2883,0.0000,0.5000,0.8961,5.6551,-7.1544
11.0344,5.6467,-7.2748,2.2934,0.0000,0.5000,0.8961,5.6551,-7.1544
11.0443,5.6466,-7.2748,2.2984,0.0000,0.5000,0.8961,5.6545,-7.1531
11.0555,5.6466,-7.2747,2.3035,0.0000,0.5000,0.8961,5.6545,-7.1531
11.0658,5.6466,-7.2747,2.3085,0.0000,0.5000,0.8961,5.6545,-7.1531
11.0745,5.6466,-7.2747,2.3136,0.0000,0.5000,0.8961,5.6545,-7.1531
11.0851,5.6466,-7.2748,2.3187,0.0000,0.5000,0.8961,5.6545,-7.1531
11.0943,5.6467,-7.2748,2.3239,0.0000,0.5000,0.8961,5.6545,-7.1531
11.1051,5.6467,-7.2748,2.3290,0.0000,0.5000,0.8961,5.6545,-7.1531
11.1144,5.6468,-7.2749,2.3342,0.0000,0.5000,0.8961,5.6545,-7.1531
11.1255,5.6468,-7.2749,2.3394,0.0000,0.5000,0.8924,5.6545,-7.1531
11.1357,5.6468,-7.2750,2.3448,0.0000,0.5000,0.8924,5.6545,-7.1531
11.1447,5.6469,-7.2750,2.3501,0.0000,0.5000,0.8924,5.6538,-7.1539
11.1561,5.6470,-7.2751,2.3553,0.0000,0.5000,0.8924,5.6538,-7.1539
11.1648,5.6470,-7.2751,2.3606,0.0000,0.5000,0.8924,5.6538,-7.1539
11.1755,5.6470,-7.2752,2.3656,0.0000,0.5000,0.8924,5.6538,-7.1539
11.1851,5.6470,-7.2752,2.3707,0.0000,0.5000,0.8924,5.6538,-7.1539
11.1951,5.6470,-7.2752,2.3756,0.0000,0.5000,0.8924,5.6538,-7.1539
11.2054,5.6471,-7.2752,2.3805,0.0000,0.5000,0.8924,5.6538,-7.1539
11.2151,5.6471,-7.2752,2.3852,0.0000,0.5000,0.8924,5.6538,-7.1539
11.2251,5.6471,-7.2753,2.3899,0.0000,0.5000,0.8948,5.6538,-7.1539
11.2341,5.6472,-7.2753,2.3946,0.0000,0.5000,0.8948,5.6571,-7.1541
11.2456,5.6472,-7.2753,2.3991,0.0000,0.5000,0.8948,5.6571,-7.1541
11.2541,5.6471,-7.2752,2.4037,0.0000,0.5000,0.8948,5.6571,-7.1541
11.2645,5.6471,-7.2753,2.4082,0.0000,0.5000,0.8948,5.6571,-7.1541
11.2746,5.6471,-7.2753,2.4127,0.0000,0.5000,0.8948,5.6571,-7.1541
11.2849,5.6471,-7.2752,2.4171,0.0000,0.5000,0.8948,5.6571,-7.1541
11.2966,5.6471,-7.2752,2.4215,0.0000,0.5000,0.8948,5.6571,-7.1541
11.3041,5.6470,-7.2752,2.4258,0.0000,0.5000,0.8948,5.6571,-7.1541
11.3155,5.6470,-7.2751,2.4302,0.0000,0.5000,0.8948,5.6571,-7.1541
11.3271,5.6469,-7.2751,2.4346,0.0000,0.5000,0.8905,5.6571,-7.1541
11.3360,5.6469,-7.2750,2.4389,0.0000,0.5000,0.8905,5.6571,-7.1541
11.3464,5.6468,-7.2750,2.4435,0.0000,0.5000,0.8905,5.6571,-7.1541
11.3542,5.6469,-7.2750,2.4480,0.0000,0.5000,0.8905,5.6611,-7.1569
11.3655,5.6469,-7.2751,2.4525,0.0000,0.5000,0.8905,5.6611,-7.1569
11.3763,5.6469,-7.2751,2.4572,0.0000,0.5000,0.8905,5.6611,-7.1569
11.3848,5.6469,-7.2751,2.4621,0.0000,0.5000,0.8905,5.6611,-7.1569
11.3949,5.6470,-7.2751,2.4670,0.0000,0.5000,0.8905,5.6611,-7.1569
11.4043,5.6470,-7.2751,2.4721,0.0000,0.5000,0.8905,5.6611,-7.1569
11.4150,5.6470,-7.2751,2.4771,0.0000,0.5000,0.8905,5.6611,-7.1569
11.4413,5.6471,-7.2752,2.4925,0.0000,0.5000,0.8936,5.6611,-7.1569
11.4445,5.6471,-7.2752,2.4925,0.0000,0.5000,0.8936,5.6659,-7.1591
11.4543,5.6471,-7.2752,2.4976,0.0000,0.5000,0.8936,5.6659,-7.1591
11.4645,5.6471,-7.2752,2.5026,0.0000,0.5000,0.8936,5.6659,-7.1591
11.4751,5.6471,-7.2752,2.5077,0.0000,0.5000,0.8936,5.6659,-7.1591
11.4842,5.6471,-7.2752,2.5128,0.0000,0.5000,0.8936,5.6659,-7.1591
11.4942,5.6471,-7.2752,2.5176,0.0000,0.5000,0.8936,5.6659,-7.1591
11.5046,5.6471,-7.2752,2.5225,0.0000,0.5000,0.8936,5.6659,-7.1591
11.5156,5.6471,-7.2752,2.5276,0.0000,0.5000,0.8936,5.6659,-7.1591
11.5262,5.6471,-7.2752,2.5325,0.0000,0.5000,0.8936,5.6659,-7.1591
11.5347,5.6470,-7.2751,2.5374,0.0000,0.5000,0.8916,5.6700,-7.1593
11.5450,5.6470,-7.2751,2.5421,0.0000,0.5000,0.8916,5.6700,-7.1593
11.5550,5.6469,-7.2751,2.5470,0.0000,0.5000,0.8916,5.6700,-7.1593
11.5647,5.6468,-7.2750,2.5517,0.0000,0.5000,0.8916,5.6700,-7.1593
11.5749,5.6467,-7.2750,2.5562,0.0000,0.5000,0.8916,5.6700,-7.1593
11.5850,5.6466,-7.2749,2.5609,0.0000,0.5000,0.8916,5.6700,-7.1593
11.5974,5.6466,-7.2749,2.5655,0.0000,0.5000,0.8916,5.6700,-7.1593
11.6041,5.6465,-7.2748,2.5702,0.0000,0.5000,0.8916,5.6700,-7.1593
11.6145,5.6465,-7.2748,2.5747,0.0000,0.5000,0.8916,5.6700,-7.1593
11.6252,5.6465,-7.2748,2.5792,0.0000,0.5000,0.8965,5.6700,-7.1593
11.6348,5.6465,-7.2748,2.5840,0.0000,0.5000,0.8965,5.6662,-7.1579
11.6447,5.6465,-7.2748,2.5887,0.0000,0.5000,0.8965,5.6662,-7.1579
11.6546,5.6465,-7.2748,2.5934,0.0000,0.5000,0.8965,5.6662,-7.1579
11.6641,5.6465,-7.2748,2.5981,0.0000,0.5000,0.8965,5.6662,-7.1579
11.6747,5.6465,-7.2748,2.6032,0.0000,0.5000,0.8965,5.6662,-7.1579
11.6843,5.6466,-7.2748,2.6080,0.0000,0.5000,0.8965,5.6662,-7.1579
11.6945,5.6466,-7.2749,2.6129,0.0000,0.5000,0.8965,5.6662,-7.1579
11.7041,5.6466,-7.2749,2.6180,0.0000,0.5000,0.8965,5.6662,-7.1579
11.7147,5.6467,-7.2749,2.6231,0.0000,0.5000,0.8965,5.6662,-7.1579
11.7302,5.6467,-7.2749,2.6327,0.0000,0.5000,0.8948,5.6727,-7.1579
11.7343,5.6467,-7.2749,2.6327,0.0000,0.5000,0.8948,5.6727,-7.1579
11.7449,5.6468,-7.2750,2.6375,0.0000,0.5000,0.8948,5.6727,-7.1579
11.7542,5.6468,-7.2750,2.6421,0.0000,0.5000,0.8948,5.6727,-7.1579
11.7645,5.6468,-7.2750,2.6466,0.0000,0.5000,0.8948,5.6727,-7.1579
11.7747,5.6468,-7.2750,2.6512,0.0000,0.5000,0.8948,5.6727,-7.1579
11.7847,5.6469,-7.2750,2.6557,0.0000,0.5000,0.8948,5.6727,-7.1579
11.7945,5.6469,-7.2751,2.6601,0.0000,0.5000,0.8948,5.6727,-7.1579
11.8046,5.6469,-7.2750,2.6646,0.0000,0.5000,0.8948,5.6727,-7.1579
11.8149,5.6469,-7.2750,2.6691,0.0000,0.5000,0.8948,5.6727,-7.1579
11.8257,5.6469,-7.2750,2.6737,0.0000,0.5000,0.8964,5.6727,-7.1579
11.8354,5.6469,-7.2750,2.6782,0.0000,0.5000,0.8964,5.6727,-7.1579
11.8456,5.6468,-7.2750,2.6827,0.0000,0.5000,0.8964,5.6681,-7.1547
11.8573,5.6467,-7.2749,2.6875,0.0000,0.5000,0.8964,5.6681,-7.1547
11.8650,5.6466,-7.2749,2.6920,0.0000,0.5000,0.8964,5.6681,-7.1547
11.8751,5.6466,-7.2749,2.6967,0.0000,0.5000,0.8964,5.6681,-7.1547
11.8846,5.6465,-7.2749,2.7014,0.0000,0.5000,0.8964,5.6681,-7.1547
11.8947,5.6465,-7.2749,2.7061,0.0000,0.5000,0.8964,5.6681,-7.1547
11.9039,5.6465,-7.2749,2.7110,0.0000,0.5000,0.8964,5.6681,-7.1547
11.9143,5.6466,-7.2749,2.7159,0.0000,0.5000,0.8964,5.6681,-7.1547
11.9255,5.6466,-7.2749,2.7210,0.0000,0.5000,0.8963,5.6681,-7.1547
11.9346,5.6466,-7.2749,2.7260,0.0000,0.5000,0.8963,5.6733,-7.1507
11.9450,5.6467,-7.2749,2.7313,0.0000,0.5000,0.8963,5.6733,-7.1507
11.9543,5.6467,-7.2749,2.7365,0.0000,0.5000,0.8963,5.6733,-7.1507
11.9664,5.6467,-7.2749,2.7419,0.0000,0.5000,0.8963,5.6733,-7.1507
11.9747,5.6468,-7.2750,2.7473,0.0000,0.5000,0.8963,5.6733,-7.1507
11.9870,5.6468,-7.2750,2.7527,0.0000,0.5000,0.8963,5.6733,-7.1507
11.9956,5.6468,-7.2750,2.7581,0.0000,0.5000,0.8963,5.6733,-7.1507
12.0046,5.6468,-7.2750,2.7634,0.0000,0.5000,0.8963,5.6733,-7.1507
12.0148,5.6468,-7.2750,2.7686,0.0000,0.5000,0.8963,5.6733,-7.1507
12.0254,5.6467,-7.2749,2.7735,0.0000,0.5000,0.8923,5.6733,-7.1507
12.0348,5.6467,-7.2749,2.7784,0.0000,0.5000,0.8923,5.6733,-7.1507
12.0449,5.6467,-7.2749,2.7833,0.0000,0.5000,0.8923,5.6682,-7.1516
12.0541,5.6467,-7.2749,2.7880,0.0000,0.5000,0.8923,5.6682,-7.1516
12.0643,5.6466,-7.2749,2.7927,0.0000,0.5000,0.8923,5.6682,-7.1516
12.0747,5.6465,-7.2749,2.7972,0.0000,0.5000,0.8923,5.6682,-7.1516
12.0850,5.6465,-7.2749,2.8020,0.0000,0.5000,0.8923,5.6682,-7.1516
12.0944,5.6465,-7.2749,2.8067,0.0000,0.5000,0.8923,5.6682,-7.1516
12.1040,5.6465,-7.2749,2.8114,0.0000,0.5000,0.8923,5.6682,-7.1516
12.1151,5.6464,-7.2748,2.8161,0.0000,0.5000,0.8923,5.6682,-7.1516
12.1242,5.6464,-7.2748,2.8208,0.0000,0.5000,0.8930,5.6682,-7.1516
12.1343,5.6463,-7.2748,2.8255,0.0000,0.5000,0.8930,5.6733,-7.1476
12.1445,5.6463,-7.2748,2.8302,0.0000,0.5000,0.8930,5.6733,-7.1476
12.1540,5.6462,-7.2748,2.8351,0.0000,0.5000,0.8930,5.6733,-7.1476
12.1644,5.6462,-7.2748,2.8398,0.0000,0.5000,0.8930,5.6733,-7.1476
12.1746,5.6462,-7.2748,2.8445,0.0000,0.5000,0.8930,5.6733,-7.1476
12.1846,5.6462,-7.2748,2.8494,0.0000,0.5000,0.8930,5.6733,-7.1476
12.1958,5.6463,-7.2748,2.8543,0.0000,0.5000,0.8930,5.6733,-7.1476
12.2046,5.6463,-7.2748,2.8594,0.0000,0.5000,0.8930,5.6733,-7.1476
12.2145,5.6464,-7.2748,2.8643,0.0000,0.5000,0.8930,5.6733,-7.1476
12.2248,5.6464,-7.2748,2.8693,0.0000,0.5000,0.8740,5.6733,-7.1476
12.2343,5.6465,-7.2749,2.8744,0.0000,0.5000,0.8740,5.6733,-7.1476
12.2448,5.6466,-7.2749,2.8794,0.0000,0.5000,0.8740,5.6705,-7.1496
12.2620,5.6468,-7.2749,2.8896,0.0000,0.5000,0.8740,5.6705,-7.1496
12.2641,5.6468,-7.2749,2.8896,0.0000,0.5000,0.8740,5.6705,-7.1496
12.2748,5.6468,-7.2749,2.8945,0.0000,0.5000,0.8740,5.6705,-7.1496
12.2842,5.6469,-7.2749,2.8992,0.0000,0.5000,0.8740,5.6705,-7.1496
12.2950,5.6469,-7.2749,2.9041,0.0000,0.5000,0.8740,5.6705,-7.1496
12.3042,5.6469,-7.2749,2.9088,0.0000,0.5000,0.8740,5.6705,-7.1496
12.3152,5.6469,-7.2750,2.9133,0.0000,0.5000,0.8740,5.6705,-7.1496
12.3247,5.6469,-7.2750,2.9178,0.0000,0.5000,0.8816,5.6705,-7.1496
12.3359,5.6469,-7.2750,2.9224,0.0000,0.5000,0.8816,5.6705,-7.1496
12.3460,5.6470,-7.2750,2.9269,0.0000,0.5000,0.8816,5.6671,-7.1444
12.3541,5.6470,-7.2750,2.9315,0.0000,0.5000,0.8816,5.6671,-7.1444
12.3649,5.6470,-7.2750,2.9358,0.0000,0.5000,0.8816,5.6671,-7.1444
12.3747,5.6469,-7.2750,2.9404,0.0000,0.5000,0.8816,5.6671,-7.1444
12.3848,5.6469,-7.2750,2.9447,0.0000,0.5000,0.8816,5.6671,-7.1444
12.3957,5.6469,-7.2749,2.9493,0.0000,0.5000,0.8816,5.6671,-7.1444
12.4041,5.6467,-7.2749,2.9538,0.0000,0.5000,0.8816,5.6671,-7.1444
12.4163,5.6467,-7.2749,2.9583,0.0000,0.5000,0.8816,5.6671,-7.1444
12.4266,5.6467,-7.2749,2.9630,0.0000,0.5000,0.8753,5.6671,-7.1444
12.4345,5.6466,-7.2749,2.9676,0.0000,0.5000,0.8753,5.6622,-7.1432
12.4445,5.6466,-7.2749,2.9723,0.0000,0.5000,0.8753,5.6622,-7.1432
12.4540,5.6465,-7.2749,2.9772,0.0000,0.5000,0.8753,5.6622,-7.1432
12.4643,5.6465,-7.2749,2.9821,0.0000,0.5000,0.8753,5.6622,-7.1432
12.4743,5.6465,-7.2749,2.9873,0.0000,0.5000,0.8753,5.6622,-7.1432
12.4853,5.6464,-7.2749,2.9924,0.0000,0.5000,0.8753,5.6622,-7.1432
12.4984,5.6464,-7.2749,2.9978,0.0000,0.5000,0.8753,5.6622,-7.1432
12.5042,5.6463,-7.2749,3.0030,0.0000,0.5000,0.8753,5.6622,-7.1432
12.5159,5.6463,-7.2749,3.0086,0.0000,0.5000,0.8753,5.6622,-7.1432
12.5250,5.6463,-7.2748,3.0140,0.0000,0.5000,0.8823,5.6622,-7.1432
12.5359,5.6463,-7.2748,3.0194,0.0000,0.5000,0.8823,5.6606,-7.1418
12.5445,5.6463,-7.2749,3.0248,0.0000,0.5000,0.8823,5.6606,-7.1418
12.5541,5.6463,-7.2749,3.0301,0.0000,0.5000,0.8823,5.6606,-7.1418
12.5643,5.6464,-7.2749,3.0355,0.0000,0.5000,0.8823,5.6606,-7.1418
12.5739,5.6464,-7.2749,3.0405,0.0000,0.5000,0.8823,5.6606,-7.1418
12.5847,5.6464,-7.2749,3.0458,0.0000,0.5000,0.8823,5.6606,-7.1418
12.5939,5.6465,-7.2749,3.0508,0.0000,0.5000,0.8823,5.6606,-7.1418
12.6043,5.6465,-7.2749,3.0557,0.0000,0.5000,0.8823,5.6606,-7.1418
12.6145,5.6465,-7.2749,3.0608,0.0000,0.5000,0.8823,5.6606,-7.1418
12.6241,5.6466,-7.2749,3.0657,0.0000,0.5000,0.8805,5.6606,-7.1418
12.6354,5.6466,-7.2749,3.0704,0.0000,0.5000,0.8805,5.6593,-7.1407
12.6446,5.6466,-7.2749,3.0751,0.0000,0.5000,0.8805,5.6593,-7.1407
12.6546,5.6466,-7.2749,3.0796,0.0000,0.5000,0.8805,5.6593,-7.1407
12.6645,5.6466,-7.2749,3.0842,0.0000,0.5000,0.8805,5.6593,-7.1407
12.6744,5.6465,-7.2749,3.0887,0.0000,0.5000,0.8805,5.6593,-7.1407
12.6845,5.6465,-7.2749,3.0929,0.0000,0.5000,0.8805,5.6593,-7.1407
12.6950,5.6465,-7.2749,3.0973,0.0000,0.5000,0.8805,5.6593,-7.1407
12.7044,5.6464,-7.2749,3.1016,0.0000,0.5000,0.8805,5.6593,-7.1407
12.7151,5.6464,-7.2749,3.1060,0.0000,0.5000,0.8805,5.6593,-7.1407
12.7247,5.6464,-7.2749,3.1104,0.0000,0.5000,0.8701,5.6593,-7.1407
12.7354,5.6463,-7.2749,3.1149,0.0000,0.5000,0.8701,5.6593,-7.1407
12.7449,5.6463,-7.2749,3.1196,0.0000,0.5000,0.8701,5.6571,-7.1391
12.7544,5.6463,-7.2749,3.1245,0.0000,0.5000,0.8701,5.6571,-7.1391
12.7650,5.6462,-7.2749,3.1294,0.0000,0.5000,0.8701,5.6571,-7.1391
12.7748,5.6462,-7.2749,3.1344,0.0000,0.5000,0.8701,5.6571,-7.1391
12.7847,5.6463,-7.2749,3.1397,0.0000,0.5000,0.8701,5.6571,-7.1391
12.7949,5.6462,-7.2749,-3.1383,0.0000,0.5000,0.8701,5.6571,-7.1391
12.8043,5.6463,-7.2749,-3.1330,0.0000,0.5000,0.8701,5.6571,-7.1391
12.8146,5.6464,-7.2749,-3.1276,0.0000,0.5000,0.8701,5.6571,-7.1391
12.8250,5.6465,-7.2749,-3.1222,0.0000,0.5000,0.8858,5.6571,-7.1391
12.8340,5.6465,-7.2749,-3.1170,0.0000,0.5000,0.8858,5.6613,-7.1373
12.8462,5.6466,-7.2749,-3.1117,0.0000,0.5000,0.8858,5.6613,-7.1373
12.8541,5.6467,-7.2749,-3.1063,0.0000,0.5000,0.8858,5.6613,-7.1373
12.8643,5.6467,-7.2749,-3.1011,0.0000,0.5000,0.8858,5.6613,-7.1373
12.8744,5.6468,-7.2749,-3.0959,0.0000,0.5000,0.8858,5.6613,-7.1373
12.8848,5.6469,-7.2748,-3.0906,0.0000,0.5000,0.8858,5.6613,-7.1373
12.8941,5.6469,-7.2748,-3.0856,0.0000,0.5000,0.8858,5.6613,-7.1373
12.9043,5.6469,-7.2748,-3.0803,0.0000,0.5000,0.8858,5.6613,-7.1373
12.9155,5.6470,-7.2748,-3.0803,0.0000,0.5000,0.8858,5.6613,-7.1373
12.9253,5.6469,-7.2748,-3.0753,0.0000,0.5000,0.8753,5.6613,-7.1373
12.9347,5.6469,-7.2748,-3.0702,0.0000,0.5000,0.8753,5.6631,-7.1355
12.9448,5.6468,-7.2749,-3.0653,0.0000,0.5000,0.8753,5.6631,-7.1355
12.9549,5.6468,-7.2749,-3.0604,0.0000,0.5000,0.8753,5.6631,-7.1355
12.9648,5.6467,-7.2749,-3.0557,0.0000,0.5000,0.8753,5.6631,-7.1355
12.9746,5.6467,-7.2749,-3.0510,0.0000,0.5000,0.8753,5.6631,-7.1355
12.9851,5.6467,-7.2749,-3.0463,0.0000,0.5000,0.8753,5.6631,-7.1355
12.9947,5.6467,-7.2749,-3.0414,0.0000,0.5000,0.8753,5.6631,-7.1355
13.0044,5.6468,-7.2749,-3.0365,0.0000,0.5000,0.8753,5.6631,-7.1355
13.0147,5.6467,-7.2749,-3.0316,0.0000,0.5000,0.8753,5.6631,-7.1355
13.0259,5.6467,-7.2749,-3.0266,0.0000,0.5000,0.8806,5.6631,-7.1355
13.0347,5.6467,-7.2749,-3.0215,0.0000,0.5000,0.8806,5.6631,-7.1355
13.0446,5.6467,-7.2749,-3.0163,0.0000,0.5000,0.8806,5.6631,-7.1355
13.0544,5.6467,-7.2749,-3.0110,0.0000,0.5000,0.8806,5.6651,-7.1331
13.0645,5.6467,-7.2749,-3.0056,0.0000,0.5000,0.8806,5.6651,-7.1331
13.0746,5.6467,-7.2749,-3.0004,0.0000,0.5000,0.8806,5.6651,-7.1331
13.0846,5.6468,-7.2749,-2.9952,0.0000,0.5000,0.8806,5.6651,-7.1331
13.0950,5.6467,-7.2749,-2.9899,0.0231,0.1384,0.8806,5.6651,-7.1331
13.1046,5.6467,-7.2749,-2.9847,0.0231,0.1384,0.8806,5.6651,-7.1331
13.1143,5.6467,-7.2749,-2.9795,0.0231,0.1384,0.8806,5.6651,-7.1331
13.1263,5.6467,-7.2749,-2.9744,0.0231,0.1384,0.8789,5.6651,-7.1331
13.1343,5.6466,-7.2749,-2.9693,0.0231,0.1384,0.8789,5.6651,-7.1331
13.1446,5.6466,-7.2749,-2.9641,0.0231,0.1384,0.8789,5.6664,-7.1336
13.1543,5.6465,-7.2749,-2.9590,0.0231,0.1384,0.8789,5.6664,-7.1336
13.1643,5.6465,-7.2749,-2.9540,0.0231,0.1384,0.8789,5.6664,-7.1336
13.1757,5.6464,-7.2749,-2.9487,0.0219,0.0371,0.8789,5.6664,-7.1336
13.1847,5.6463,-7.2749,-2.9437,0.0219,0.0371,0.8789,5.6664,-7.1336
13.1945,5.6462,-7.2750,-2.9388,0.0219,0.0371,0.8789,5.6664,-7.1336
13.2044,5.6460,-7.2750,-2.9341,0.0219,0.0371,0.8789,5.6664,-7.1336
13.2146,5.6460,-7.2750,-2.9295,0.0219,0.0371,0.8789,5.6664,-7.1336
13.2250,5.6459,-7.2750,-2.9252,0.0219,0.0371,0.8865,5.6664,-7.1336
13.2344,5.6458,-7.2751,-2.9210,0.0219,0.0371,0.8865,5.6664,-7.1336
13.2444,5.6457,-7.2751,-2.9170,0.0219,0.0371,0.8865,5.6681,-7.1326
13.2545,5.6456,-7.2751,-2.9131,0.0219,0.0371,0.8865,5.6681,-7.1326
13.2656,5.6456,-7.2751,-2.9095,0.0219,0.0371,0.8865,5.6681,-7.1326
13.2746,5.6455,-7.2751,-2.9058,0.0231,-0.0289,0.8865,5.6681,-7.1326
13.2844,5.6454,-7.2751,-2.9025,0.0231,-0.0289,0.8865,5.6681,-7.1326
13.2950,5.6453,-7.2752,-2.8992,0.0231,-0.0289,0.8865,5.6681,-7.1326
13.3040,5.6452,-7.2752,-2.8960,0.0231,-0.0289,0.8865,5.6681,-7.1326
13.3149,5.6451,-7.2752,-2.8929,0.0231,-0.0289,0.8865,5.6681,-7.1326
13.3271,5.6450,-7.2752,-2.8871,0.0231,-0.0289,0.8800,5.6681,-7.1326
13.3352,5.6450,-7.2752,-2.8871,0.0231,-0.0289,0.8800,5.6681,-7.1326
13.3445,5.6450,-7.2752,-2.8843,0.0231,-0.0289,0.8800,5.6717,-7.1337
13.3554,5.6449,-7.2753,-2.8817,0.0231,-0.0289,0.8800,5.6717,-7.1337
13.3768,5.6447,-7.2753,-2.8749,0.0225,-0.0503,0.8800,5.6717,-7.1337
13.3846,5.6447,-7.2753,-2.8749,0.0225,-0.0503,0.8800,5.6717,-7.1337
13.3950,5.6446,-7.2753,-2.8728,0.0225,-0.0503,0.8800,5.6717,-7.1337
13.4045,5.6446,-7.2754,-2.8709,0.0225,-0.0503,0.8800,5.6717,-7.1337
13.4148,5.6444,-7.2754,-2.8690,0.0225,-0.0503,0.8800,5.6717,-7.1337
13.4347,5.6442,-7.2755,-2.8658,0.0225,-0.0503,0.8810,5.6717,-7.1337
13.4358,5.6440,-7.2755,-2.8646,0.0225,-0.0503,0.8810,5.6717,-7.1337
13.4453,5.6440,-7.2755,-2.8646,0.0225,-0.0503,0.8810,5.6704,-7.1323
13.4541,5.6439,-7.2755,-2.8636,0.0225,-0.0503,0.8810,5.6704,-7.1323
13.4648,5.6439,-7.2756,-2.8627,0.0231,-0.1154,0.8810,5.6704,-7.1323
13.4751,5.6438,-7.2756,-2.8622,0.0231,-0.1154,0.8810,5.6704,-7.1323
13.4855,5.6438,-7.2756,-2.8616,0.0231,-0.1154,0.8810,5.6704,-7.1323
13.4946,5.6438,-7.2756,-2.8615,0.0231,-0.1154,0.8810,5.6704,-7.1323
13.5048,5.6437,-7.2756,-2.8611,0.0231,-0.1154,0.8810,5.6704,-7.1323
13.5144,5.6437,-7.2756,-2.8609,0.0231,-0.1154,0.8810,5.6704,-7.1323
13.5249,5.6436,-7.2756,-2.8609,0.0231,-0.1154,0.8769,5.6704,-7.1323
13.5347,5.6436,-7.2756,-2.8608,0.0231,-0.1154,0.8769,5.6704,-7.1323
13.5445,5.6435,-7.2757,-2.8608,0.0231,-0.1154,0.8769,5.6632,-7.1331
13.5543,5.6434,-7.2757,-2.8608,0.0231,-0.1154,0.8769,5.6632,-7.1331
13.5647,5.6434,-7.2757,-2.8608,0.0231,-0.1530,0.8769,5.6632,-7.1331
13.5746,5.6433,-7.2757,-2.8608,0.0231,-0.1530,0.8769,5.6632,-7.1331
13.5848,5.6433,-7.2757,-2.8606,0.0231,-0.1530,0.8769,5.6632,-7.1331
13.5953,5.6432,-7.2757,-2.8606,0.0231,-0.1530,0.8769,5.6632,-7.1331
13.6045,5.6432,-7.2758,-2.8606,0.0231,-0.1530,0.8769,5.6632,-7.1331
13.6149,5.6431,-7.2758,-2.8604,0.0231,-0.1530,0.8769,5.6632,-7.1331
13.6249,5.6431,-7.2758,-2.8604,0.0231,-0.1530,0.8886,5.6632,-7.1331
13.6346,5.6429,-7.2758,-2.8602,0.0231,-0.1530,0.8886,5.6622,-7.1323
13.6447,5.6429,-7.2758,-2.8602,0.0231,-0.1530,0.8886,5.6622,-7.1323
13.6546,5.6428,-7.2759,-2.8602,0.0231,-0.1530,0.8886,5.6622,-7.1323
13.6706,5.6427,-7.2759,-2.8602,0.0231,-0.1530,0.8886,5.6622,-7.1323
13.6764,5.6427,-7.2759,-2.8601,0.0231,-0.1530,0.8886,5.6622,-7.1323
13.6850,5.6426,-7.2759,-2.8601,0.0230,-0.2053,0.8886,5.6622,-7.1323
13.6954,5.6425,-7.2760,-2.8601,0.0230,-0.2053,0.8886,5.6622,-7.1323
13.7046,5.6424,-7.2760,-2.8601,0.0230,-0.2053,0.8886,5.6622,-7.1323
13.7148,5.6423,-7.2760,-2.8602,0.0230,-0.2053,0.8886,5.6622,-7.1323
13.7262,5.6421,-7.2761,-2.8602,0.0230,-0.2053,0.8789,5.6622,-7.1323
13.7351,5.6421,-7.2761,-2.8602,0.0230,-0.2053,0.8789,5.6594,-7.1336
13.7462,5.6420,-7.2761,-2.8604,0.0230,-0.2053,0.8789,5.6594,-7.1336
13.7555,5.6420,-7.2761,-2.8604,0.0230,-0.2053,0.8789,5.6594,-7.1336
13.7657,5.6419,-7.2761,-2.8604,0.0230,-0.2053,0.8789,5.6594,-7.1336
13.7743,5.6419,-7.2761,-2.8608,0.0238,-0.2533,0.8789,5.6594,-7.1336
13.7843,5.6419,-7.2761,-2.8615,0.0238,-0.2533,0.8789,5.6594,-7.1336
13.7948,5.6419,-7.2761,-2.8623,0.0238,-0.2533,0.8789,5.6594,-7.1336
13.8044,5.6419,-7.2761,-2.8636,0.0238,-0.2533,0.8789,5.6594,-7.1336
13.8145,5.6418,-7.2762,-2.8650,0.0238,-0.2533,0.8789,5.6594,-7.1336
13.8278,5.6417,-7.2762,-2.8681,0.0238,-0.2533,0.8784,5.6594,-7.1336
13.8344,5.6417,-7.2762,-2.8681,0.0238,-0.2533,0.8784,5.6594,-7.1336
13.8445,5.6416,-7.2762,-2.8698,0.0238,-0.2533,0.8784,5.6620,-7.1352
13.8548,5.6415,-7.2762,-2.8716,0.0238,-0.2533,0.8784,5.6620,-7.1352
13.8643,5.6415,-7.2762,-2.8733,0.0227,-0.2797,0.8784,5.6620,-7.1352
13.8743,5.6414,-7.2763,-2.8751,0.0227,-0.2797,0.8784,5.6620,-7.1352
13.8846,5.6413,-7.2763,-2.8770,0.0227,-0.2797,0.8784,5.6620,-7.1352
13.8948,5.6412,-7.2763,-2.8789,0.0227,-0.2797,0.8784,5.6620,-7.1352
13.9043,5.6411,-7.2763,-2.8807,0.0227,-0.2797,0.8784,5.6620,-7.1352
13.9148,5.6410,-7.2764,-2.8826,0.0227,-0.2797,0.8784,5.6620,-7.1352
13.9267,5.6408,-7.2764,-2.8843,0.0227,-0.2797,0.8759,5.6620,-7.1352
13.9361,5.6407,-7.2765,-2.8863,0.0227,-0.2797,0.8759,5.6620,-7.1352
13.9447,5.6405,-7.2765,-2.8880,0.0227,-0.2797,0.8759,5.6565,-7.1358
13.9547,5.6403,-7.2766,-2.8897,0.0227,-0.2797,0.8759,5.6565,-7.1358
13.9646,5.6401,-7.2766,-2.8915,0.0233,-0.2805,0.8759,5.6565,-7.1358
13.9749,5.6400,-7.2766,-2.8931,0.0233,-0.2805,0.8759,5.6565,-7.1358
13.9844,5.6398,-7.2767,-2.8946,0.0233,-0.2805,0.8759,5.6565,-7.1358
13.9950,5.6395,-7.2767,-2.8964,0.0233,-0.2805,0.8759,5.6565,-7.1358
14.0044,5.6393,-7.2768,-2.8979,0.0233,-0.2805,0.8759,5.6565,-7.1358
14.0142,5.6391,-7.2768,-2.8993,0.0233,-0.2805,0.8759,5.6565,-7.1358
14.0259,5.6387,-7.2769,-2.9023,0.0233,-0.2805,0.8807,5.6565,-7.1358
14.0346,5.6387,-7.2769,-2.9023,0.0233,-0.2805,0.8807,5.6565,-7.1358
14.0442,5.6385,-7.2770,-2.9039,0.0233,-0.2805,0.8807,5.6580,-7.1364
14.0544,5.6384,-7.2770,-2.9053,0.0233,-0.2805,0.8807,5.6580,-7.1364
14.0650,5.6382,-7.2771,-2.9067,0.0233,-0.2805,0.8807,5.6580,-7.1364
14.0755,5.6380,-7.2771,-2.9081,0.0230,-0.2932,0.8807,5.6580,-7.1364
14.0861,5.6378,-7.2772,-2.9096,0.0230,-0.2932,0.8807,5.6580,-7.1364
14.0973,5.6376,-7.2772,-2.9112,0.0230,-0.2932,0.8807,5.6580,-7.1364
14.1042,5.6374,-7.2773,-2.9128,0.0230,-0.2932,0.8807,5.6580,-7.1364
14.1147,5.6372,-7.2773,-2.9145,0.0230,-0.2932,0.8807,5.6580,-7.1364
14.1254,5.6368,-7.2774,-2.9178,0.0230,-0.2932,0.8882,5.6580,-7.1364
14.1347,5.6368,-7.2774,-2.9178,0.0230,-0.2932,0.8882,5.6580,-7.1364
14.1449,5.6366,-7.2775,-2.9196,0.0230,-0.2932,0.8882,5.6582,-7.1366
14.1542,5.6364,-7.2775,-2.9213,0.0230,-0.2932,0.8882,5.6582,-7.1366
14.1653,5.6360,-7.2776,-2.9252,0.0230,-0.2932,0.8882,5.6582,-7.1366
14.1745,5.6358,-7.2776,-2.9271,0.0225,-0.2875,0.8882,5.6582,-7.1366
14.1855,5.6355,-7.2777,-2.9290,0.0225,-0.2875,0.8882,5.6582,-7.1366
14.1946,5.6353,-7.2777,-2.9311,0.0225,-0.2875,0.8882,5.6582,-7.1366
14.2048,5.6351,-7.2778,-2.9330,0.0225,-0.2875,0.8882,5.6582,-7.1366
14.2149,5.6349,-7.2778,-2.9351,0.0225,-0.2875,0.8882,5.6582,-7.1366
14.2248,5.6347,-7.2779,-2.9372,0.0225,-0.2875,0.8876,5.6582,-7.1366
14.2342,5.6344,-7.2779,-2.9395,0.0225,-0.2875,0.8876,5.6552,-7.1363
14.2449,5.6342,-7.2780,-2.9416,0.0225,-0.2875,0.8876,5.6552,-7.1363
14.2543,5.6340,-7.2780,-2.9438,0.0225,-0.2875,0.8876,5.6552,-7.1363
14.2648,5.6337,-7.2781,-2.9461,0.0225,-0.2875,0.8876,5.6552,-7.1363
14.2747,5.6335,-7.2781,-2.9486,0.0228,-0.2901,0.8876,5.6552,-7.1363
14.2846,5.6332,-7.2782,-2.9510,0.0228,-0.2901,0.8876,5.6552,-7.1363
14.2946,5.6329,-7.2782,-2.9534,0.0228,-0.2901,0.8876,5.6552,-7.1363
14.3043,5.6325,-7.2783,-2.9559,0.0228,-0.2901,0.8876,5.6552,-7.1363
14.3151,5.6322,-7.2783,-2.9583,0.0228,-0.2901,0.8876,5.6552,-7.1363
14.3246,5.6320,-7.2784,-2.9606,0.0228,-0.2901,0.8836,5.6552,-7.1363
14.3354,5.6317,-7.2784,-2.9630,0.0228,-0.2901,0.8836,5.6501,-7.1352
14.3443,5.6314,-7.2785,-2.9651,0.0228,-0.2901,0.8836,5.6501,-7.1352
14.3544,5.6311,-7.2785,-2.9672,0.0228,-0.2901,0.8836,5.6501,-7.1352
14.3648,5.6309,-7.2786,-2.9693,0.0228,-0.2901,0.8836,5.6501,-7.1352
14.3743,5.6307,-7.2786,-2.9712,0.0228,-0.2901,0.8836,5.6501,-7.1352
14.3850,5.6304,-7.2787,-2.9730,0.0229,-0.2848,0.8836,5.6501,-7.1352
14.3952,5.6302,-7.2787,-2.9747,0.0229,-0.2848,0.8836,5.6501,-7.1352
14.4050,5.6300,-7.2787,-2.9765,0.0229,-0.2848,0.8836,5.6501,-7.1352
14.4145,5.6297,-7.2788,-2.9781,0.0229,-0.2848,0.8836,5.6501,-7.1352
14.4260,5.6295,-7.2788,-2.9796,0.0229,-0.2848,0.8830,5.6501,-7.1352
14.4348,5.6292,-7.2789,-2.9812,0.0229,-0.2848,0.8830,5.6462,-7.1354
14.4461,5.6291,-7.2789,-2.9829,0.0229,-0.2848,0.8830,5.6462,-7.1354
14.4549,5.6288,-7.2789,-2.9845,0.0229,-0.2848,0.8830,5.6462,-7.1354
14.4648,5.6286,-7.2790,-2.9863,0.0229,-0.2848,0.8830,5.6462,-7.1354
14.4753,5.6284,-7.2790,-2.9882,0.0231,-0.2698,0.8830,5.6462,-7.1354
14.4853,5.6282,-7.2790,-2.9901,0.0231,-0.2698,0.8830,5.6462,-7.1354
14.4946,5.6280,-7.2791,-2.9920,0.0231,-0.2698,0.8830,5.6462,-7.1354
14.5045,5.6277,-7.2791,-2.9941,0.0231,-0.2698,0.8830,5.6462,-7.1354
14.5147,5.6275,-7.2791,-2.9964,0.0231,-0.2698,0.8830,5.6462,-7.1354
14.5257,5.6272,-7.2792,-2.9985,0.0231,-0.2698,0.8901,5.6462,-7.1354
14.5365,5.6270,-7.2792,-3.0007,0.0231,-0.2698,0.8901,5.6462,-7.1354
14.5472,5.6268,-7.2792,-3.0032,0.0231,-0.2698,0.8901,5.6481,-7.1371
14.5539,5.6265,-7.2793,-3.0056,0.0231,-0.2698,0.8901,5.6481,-7.1371
14.5659,5.6263,-7.2793,-3.0081,0.0238,-0.2580,0.8901,5.6481,-7.1371
14.5741,5.6260,-7.2793,-3.0105,0.0238,-0.2580,0.8901,5.6481,-7.1371
14.5847,5.6258,-7.2794,-3.0131,0.0238,-0.2580,0.8901,5.6481,-7.1371
14.5945,5.6254,-7.2794,-3.0158,0.0238,-0.2580,0.8901,5.6481,-7.1371
14.6042,5.6250,-7.2795,-3.0184,0.0238,-0.2580,0.8901,5.6481,-7.1371
14.6151,5.6246,-7.2795,-3.0210,0.0238,-0.2580,0.8901,5.6481,-7.1371
14.6249,5.6243,-7.2795,-3.0238,0.0238,-0.2580,0.8770,5.6481,-7.1371
14.6352,5.6239,-7.2796,-3.0266,0.0238,-0.2580,0.8770,5.6477,-7.1383
14.6451,5.6236,-7.2796,-3.0292,0.0238,-0.2580,0.8770,5.6477,-7.1383
14.6544,5.6232,-7.2797,-3.0320,0.0238,-0.2580,0.8770,5.6477,-7.1383
14.6654,5.6229,-7.2797,-3.0346,0.0238,-0.2580,0.8770,5.6477,-7.1383
14.6743,5.6226,-7.2797,-3.0370,0.0238,-0.2580,0.8770,5.6477,-7.1383
14.6851,5.6223,-7.2798,-3.0395,0.0217,-0.2397,0.8770,5.6477,-7.1383
14.6948,5.6220,-7.2798,-3.0419,0.0217,-0.2397,0.8770,5.6477,-7.1383
14.7039,5.6217,-7.2798,-3.0444,0.0217,-0.2397,0.8770,5.6477,-7.1383
14.7155,5.6215,-7.2799,-3.0466,0.0217,-0.2397,0.8770,5.6477,-7.1383
14.7250,5.6212,-7.2799,-3.0489,0.0217,-0.2397,0.8789,5.6477,-7.1383
14.7370,5.6209,-7.2799,-3.0512,0.0217,-0.2397,0.8789,5.6477,-7.1383
14.7453,5.6206,-7.2799,-3.0536,0.0217,-0.2397,0.8789,5.6482,-7.1396
14.7548,5.6203,-7.2800,-3.0559,0.0217,-0.2397,0.8789,5.6482,-7.1396
14.7663,5.6201,-7.2800,-3.0583,0.0217,-0.2397,0.8789,5.6482,-7.1396
14.7747,5.6198,-7.2800,-3.0606,0.0236,-0.1882,0.8789,5.6482,-7.1396
14.7858,5.6195,-7.2800,-3.0631,0.0236,-0.1882,0.8789,5.6482,-7.1396
14.7972,5.6193,-7.2800,-3.0655,0.0236,-0.1882,0.8789,5.6482,-7.1396
14.8052,5.6191,-7.2801,-3.0678,0.0236,-0.1882,0.8789,5.6482,-7.1396
14.8156,5.6189,-7.2801,-3.0702,0.0236,-0.1882,0.8789,5.6482,-7.1396
14.8247,5.6187,-7.2801,-3.0725,0.0236,-0.1882,0.8814,5.6482,-7.1396
14.8354,5.6185,-7.2801,-3.0747,0.0236,-0.1882,0.8814,5.6499,-7.1393
14.8457,5.6182,-7.2801,-3.0772,0.0236,-0.1882,0.8814,5.6499,-7.1393
14.8550,5.6179,-7.2801,-3.0796,0.0236,-0.1882,0.8814,5.6499,-7.1393
14.8648,5.6176,-7.2802,-3.0819,0.0236,-0.1882,0.8814,5.6499,-7.1393
14.8745,5.6173,-7.2802,-3.0842,0.0237,-0.1670,0.8814,5.6499,-7.1393
14.8850,5.6169,-7.2802,-3.0863,0.0237,-0.1670,0.8814,5.6499,-7.1393
14.8952,5.6166,-7.2802,-3.0884,0.0237,-0.1670,0.8814,5.6499,-7.1393
14.9044,5.6163,-7.2802,-3.0901,0.0237,-0.1670,0.8814,5.6499,-7.1393
14.9147,5.6161,-7.2802,-3.0920,0.0237,-0.1670,0.8814,5.6499,-7.1393
14.9247,5.6158,-7.2803,-3.0936,0.0237,-0.1670,0.8858,5.6499,-7.1393
14.9343,5.6158,-7.2803,-3.0952,0.0237,-0.1670,0.8858,5.6525,-7.1402
14.9446,5.6153,-7.2803,-3.0966,0.0237,-0.1670,0.8858,5.6525,-7.1402
14.9541,5.6151,-7.2803,-3.0980,0.0237,-0.1670,0.8858,5.6525,-7.1402
14.9642,5.6148,-7.2803,-3.0994,0.0237,-0.1670,0.8858,5.6525,-7.1402
14.9752,5.6146,-7.2803,-3.1006,0.0237,-0.1670,0.8858,5.6525,-7.1402
14.9848,5.6143,-7.2803,-3.1016,0.0222,-0.1546,0.8858,5.6525,-7.1402
14.9946,5.6140,-7.2803,-3.1028,0.0222,-0.1546,0.8858,5.6525,-7.1402
15.0046,5.6138,-7.2803,-3.1039,0.0222,-0.1546,0.8858,5.6525,-7.1402
15.0149,5.6134,-7.2804,-3.1049,0.0222,-0.1546,0.8858,5.6525,-7.1402
15.0247,5.6132,-7.2804,-3.1062,0.0222,-0.1546,0.8865,5.6525,-7.1402
15.0346,5.6129,-7.2804,-3.1062,0.0222,-0.1546,0.8865,5.6590,-7.1410
15.0452,5.6126,-7.2804,-3.1072,0.0222,-0.1546,0.8865,5.6590,-7.1410
15.0546,5.6124,-7.2804,-3.1086,0.0222,-0.1546,0.8865,5.6590,-7.1410
15.0644,5.6122,-7.2804,-3.1098,0.0223,-0.0831,0.8865,5.6590,-7.1410
15.0748,5.6120,-7.2804,-3.1112,0.0223,-0.0831,0.8865,5.6590,-7.1410
15.0857,5.6118,-7.2804,-3.1126,0.0223,-0.0831,0.8865,5.6590,-7.1410
15.0961,5.6116,-7.2804,-3.1140,0.0223,-0.0831,0.8865,5.6590,-7.1410
15.1041,5.6114,-7.2804,-3.1154,0.0223,-0.0831,0.8865,5.6590,-7.1410
15.1145,5.6112,-7.2804,-3.1168,0.0223,-0.0831,0.8865,5.6590,-7.1410
15.1263,5.6112,-7.2804,-3.1168,0.0223,-0.0831,0.8847,5.6590,-7.1410
15.1352,5.6109,-7.2804,-3.1194,0.0223,-0.0831,0.8847,5.6636,-7.1393
15.1451,5.6107,-7.2804,-3.1206,0.0223,-0.0831,0.8847,5.6636,-7.1393
15.1544,5.6106,-7.2804,-3.1217,0.0223,-0.0831,0.8847,5.6636,-7.1393
15.1648,5.6104,-7.2804,-3.1229,0.0225,-0.0300,0.8847,5.6636,-7.1393
15.1747,5.6103,-7.2804,-3.1240,0.0225,-0.0300,0.8847,5.6636,-7.1393
15.1848,5.6102,-7.2804,-3.1250,0.0225,-0.0300,0.8847,5.6636,-7.1393
15.1949,5.6100,-7.2804,-3.1261,0.0225,-0.0300,0.8847,5.6636,-7.1393
15.2043,5.6099,-7.2804,-3.1269,0.0225,-0.0300,0.8847,5.6636,-7.1393
15.2149,5.6098,-7.2804,-3.1280,0.0225,-0.0300,0.8847,5.6636,-7.1393
15.2262,5.6097,-7.2805,-3.1289,0.0225,-0.0300,0.8867,5.6636,-7.1393
15.2355,5.6095,-7.2805,-3.1297,0.0225,-0.0300,0.8867,5.6609,-7.1395
15.2449,5.6094,-7.2805,-3.1306,0.0225,-0.0300,0.8867,5.6609,-7.1395
15.2546,5.6093,-7.2805,-3.1315,0.0225,-0.0300,0.8867,5.6609,-7.1395
15.2652,5.6091,-7.2805,-3.1323,0.0225,-0.0300,0.8867,5.6609,-7.1395
15.2758,5.6090,-7.2805,-3.1332,0.0231,-0.0321,0.8867,5.6609,-7.1395
15.2847,5.6088,-7.2805,-3.1341,0.0231,-0.0321,0.8867,5.6609,-7.1395
15.2963,5.6087,-7.2805,-3.1350,0.0231,-0.0321,0.8867,5.6609,-7.1395
15.3041,5.6086,-7.2805,-3.1358,0.0231,-0.0321,0.8867,5.6609,-7.1395
15.3142,5.6084,-7.2805,-3.1365,0.0231,-0.0321,0.8867,5.6609,-7.1395
15.3243,5.6082,-7.2805,-3.1374,0.0231,-0.0321,0.8849,5.6609,-7.1395
15.3345,5.6081,-7.2805,-3.1381,0.0231,-0.0321,0.8849,5.6630,-7.1384
15.3443,5.6079,-7.2805,-3.1390,0.0231,-0.0321,0.8849,5.6630,-7.1384
15.3540,5.6078,-7.2805,-3.1397,0.0231,-0.0321,0.8849,5.6630,-7.1384
15.3760,5.6074,-7.2805,-3.1412,0.0238,-0.0281,0.8849,5.6630,-7.1384
15.3847,5.6073,-7.2805,3.1412,0.0238,-0.0281,0.8849,5.6630,-7.1384
15.3969,5.6070,-7.2805,3.1404,0.0238,-0.0281,0.8849,5.6630,-7.1384
15.4043,5.6069,-7.2805,3.1395,0.0238,-0.0281,0.8849,5.6630,-7.1384
15.4147,5.6067,-7.2805,3.1388,0.0238,-0.0281,0.8849,5.6630,-7.1384
15.4258,5.6065,-7.2805,3.1379,0.0238,-0.0281,0.8861,5.6630,-7.1384
15.4342,5.6064,-7.2805,3.1371,0.0238,-0.0281,0.8861,5.6646,-7.1366
15.4445,5.6063,-7.2805,3.1362,0.0238,-0.0281,0.8861,5.6646,-7.1366
15.4540,5.6061,-7.2805,3.1353,0.0238,-0.0281,0.8861,5.6646,-7.1366
15.4650,5.6060,-7.2805,3.1344,0.0238,-0.0281,0.8861,5.6646,-7.1366
15.4745,5.6058,-7.2805,3.1337,0.0240,-0.0382,0.8861,5.6646,-7.1366
15.4842,5.6056,-7.2805,3.1329,0.0240,-0.0382,0.8861,5.6646,-7.1366
15.4952,5.6054,-7.2805,3.1322,0.0240,-0.0382,0.8861,5.6646,-7.1366
15.5039,5.6053,-7.2805,3.1313,0.0240,-0.0382,0.8861,5.6646,-7.1366
15.5143,5.6051,-7.2805,3.1306,0.0240,-0.0382,0.8861,5.6646,-7.1366
15.5270,5.6049,-7.2804,3.1297,0.0240,-0.0382,0.8909,5.6646,-7.1366
15.5341,5.6047,-7.2804,3.1290,0.0240,-0.0382,0.8909,5.6651,-7.1331
15.5444,5.6045,-7.2804,3.1282,0.0240,-0.0382,0.8909,5.6651,-7.1331
15.5545,5.6043,-7.2804,3.1275,0.0240,-0.0382,0.8909,5.6651,-7.1331
15.5656,5.6041,-7.2804,3.1266,0.0240,-0.0382,0.8909,5.6651,-7.1331
15.5753,5.6039,-7.2804,3.1257,0.0227,-0.0461,0.8909,5.6651,-7.1331
15.5847,5.6037,-7.2804,3.1248,0.0227,-0.0461,0.8909,5.6651,-7.1331
15.5951,5.6035,-7.2804,3.1240,0.0227,-0.0461,0.8909,5.6651,-7.1331
15.6045,5.6032,-7.2804,3.1231,0.0227,-0.0461,0.8909,5.6651,-7.1331
15.6154,5.6030,-7.2804,3.1222,0.0227,-0.0461,0.8909,5.6651,-7.1331
15.6278,5.6028,-7.2804,3.1213,0.0227,-0.0461,0.8836,5.6651,-7.1331
15.6352,5.6026,-7.2804,3.1205,0.0227,-0.0461,0.8836,5.6643,-7.1308
15.6449,5.6024,-7.2804,3.1196,0.0227,-0.0461,0.8836,5.6643,-7.1308
15.6541,5.6021,-7.2804,3.1187,0.0227,-0.0461,0.8836,5.6643,-7.1308
15.6641,5.6019,-7.2804,3.1177,0.0227,-0.0461,0.8836,5.6643,-7.1308
15.6741,5.6017,-7.2804,3.1168,0.0221,-0.0211,0.8836,5.6643,-7.1308
15.6841,5.6014,-7.2804,3.1159,0.0221,-0.0211,0.8836,5.6643,-7.1308
15.6949,5.6012,-7.2804,3.1151,0.0221,-0.0211,0.8836,5.6643,-7.1308
15.7062,5.6010,-7.2804,3.1142,0.0221,-0.0211,0.8836,5.6643,-7.1308
15.7165,5.6008,-7.2804,3.1133,0.0221,-0.0211,0.8836,5.6643,-7.1308
15.7254,5.6006,-7.2804,3.1124,0.0221,-0.0211,0.8855,5.6643,-7.1308
15.7351,5.6004,-7.2804,3.1116,0.0221,-0.0211,0.8855,5.6650,-7.1325
15.7446,5.6002,-7.2803,3.1109,0.0221,-0.0211,0.8855,5.6650,-7.1325
15.7543,5.6000,-7.2803,3.1100,0.0221,-0.0211,0.8855,5.6650,-7.1325
15.7648,5.5997,-7.2803,3.1093,0.0221,-0.0211,0.8855,5.6650,-7.1325
15.7747,5.5996,-7.2803,3.1086,0.0221,-0.0211,0.8855,5.6650,-7.1325
15.7902,5.5994,-7.2803,3.1077,0.0238,0.0019,0.8855,5.6650,-7.1325
15.7944,5.5993,-7.2803,3.1070,0.0238,0.0019,0.8855,5.6650,-7.1325
15.8043,5.5992,-7.2803,3.1065,0.0238,0.0019,0.8855,5.6650,-7.1325
15.8156,5.5990,-7.2803,3.1058,0.0238,0.0019,0.8855,5.6650,-7.1325
15.8313,5.5988,-7.2803,3.1051,0.0238,0.0019,0.8924,5.6650,-7.1325
15.8345,5.5987,-7.2803,3.1046,0.0238,0.0019,0.8924,5.6650,-7.1325
15.8449,5.5985,-7.2803,3.1039,0.0238,0.0019,0.8924,5.6654,-7.1328
15.8545,5.5983,-7.2803,3.1032,0.0238,0.0019,0.8924,5.6654,-7.1328
15.8664,5.5982,-7.2803,3.1025,0.0238,0.0019,0.8924,5.6654,-7.1328
15.8746,5.5979,-7.2803,3.1016,0.0210,0.0275,0.8924,5.6654,-7.1328
15.8849,5.5978,-7.2803,3.1009,0.0210,0.0275,0.8924,5.6654,-7.1328
15.8947,5.5976,-7.2802,3.1002,0.0210,0.0275,0.8924,5.6654,-7.1328
15.9040,5.5974,-7.2802,3.0994,0.0210,0.0275,0.8924,5.6654,-7.1328
15.9145,5.5972,-7.2802,3.0987,0.0210,0.0275,0.8924,5.6654,-7.1328
15.9249,5.5969,-7.2802,3.0980,0.0210,0.0275,0.8905,5.6654,-7.1328
15.9349,5.5967,-7.2802,3.0973,0.0210,0.0275,0.8905,5.6654,-7.1328
15.9447,5.5965,-7.2802,3.0967,0.0210,0.0275,0.8905,5.6655,-7.1319
15.9545,5.5962,-7.2802,3.0960,0.0210,0.0275,0.8905,5.6655,-7.1319
15.9650,5.5960,-7.2802,3.0955,0.0210,0.0275,0.8905,5.6655,-7.1319
15.9747,5.5959,-7.2802,3.0950,0.0223,0.0403,0.8905,5.6655,-7.1319
15.9862,5.5957,-7.2802,3.0946,0.0223,0.0403,0.8905,5.6655,-7.1319
15.9943,5.5955,-7.2802,3.0941,0.0223,0.0403,0.8905,5.6655,-7.1319
16.0040,5.5953,-7.2801,3.0938,0.0223,0.0403,0.8905,5.6655,-7.1319
16.0152,5.5951,-7.2801,3.0936,0.0223,0.0403,0.8905,5.6655,-7.1319
16.0255,5.5949,-7.2801,3.0932,0.0223,0.0403,0.8868,5.6655,-7.1319
16.0355,5.5947,-7.2801,3.0931,0.0223,0.0403,0.8868,5.6655,-7.1319
16.0446,5.5945,-7.2801,3.0929,0.0223,0.0403,0.8868,5.6658,-7.1335
16.0548,5.5943,-7.2801,3.0929,0.0223,0.0403,0.8868,5.6658,-7.1335
16.0644,5.5943,-7.2801,3.0929,0.0223,0.0403,0.8868,5.6658,-7.1335
16.0742,5.5940,-7.2801,3.0927,0.0232,0.0374,0.8868,5.6658,-7.1335
16.0847,5.5938,-7.2801,3.0927,0.0232,0.0374,0.8868,5.6658,-7.1335
16.0947,5.5937,-7.2801,3.0927,0.0232,0.0374,0.8868,5.6658,-7.1335
16.1049,5.5935,-7.2801,3.0927,0.0232,0.0374,0.8868,5.6658,-7.1335
16.1146,5.5933,-7.2800,3.0925,0.0232,0.0374,0.8868,5.6658,-7.1335
16.1244,5.5931,-7.2800,3.0925,0.0232,0.0374,0.8916,5.6658,-7.1335
16.1351,5.5929,-7.2800,3.0925,0.0232,0.0374,0.8916,5.6665,-7.1340
16.1443,5.5927,-7.2800,3.0925,0.0232,0.0374,0.8916,5.6665,-7.1340
16.1544,5.5925,-7.2800,3.0924,0.0232,0.0374,0.8916,5.6665,-7.1340
16.1650,5.5923,-7.2800,3.0924,0.0232,0.0374,0.8916,5.6665,-7.1340
16.1749,5.5920,-7.2800,3.0922,0.0226,0.0685,0.8916,5.6665,-7.1340
16.1847,5.5918,-7.2800,3.0922,0.0226,0.0685,0.8916,5.6665,-7.1340
16.1947,5.5917,-7.2800,3.0920,0.0226,0.0685,0.8916,5.6665,-7.1340
16.2047,5.5914,-7.2800,3.0919,0.0226,0.0685,0.8916,5.6665,-7.1340
16.2152,5.5912,-7.2799,3.0917,0.0226,0.0685,0.8916,5.6665,-7.1340
16.2259,5.5910,-7.2799,3.0915,0.0226,0.0685,0.8916,5.6665,-7.1340
16.2346,5.5908,-7.2799,3.0913,0.0226,0.0685,0.8916,5.6665,-7.1340
16.2447,5.5906,-7.2799,3.0913,0.0226,0.0685,0.8916,5.6685,-7.1339
16.2551,5.5904,-7.2799,3.0912,0.0226,0.0685,0.8916,5.6685,-7.1339
16.2648,5.5902,-7.2799,3.0912,0.0000,0.0000,0.8916,5.6685,-7.1339
16.2743,5.5900,-7.2799,3.0910,0.0000,0.0000,0.8916,5.6685,-7.1339
16.2909,5.5898,-7.2799,3.0910,0.0000,0.0000,0.8916,5.6685,-7.1339
16.2966,5.5896,-7.2799,3.0910,0.0000,0.0000,0.8916,5.6685,-7.1339
16.3047,5.5894,-7.2799,3.0910,0.0000,0.0000,0.8916,5.6685,-7.1339
16.3148,5.5892,-7.2798,3.0910,0.0000,0.0000,0.8916,5.6685,-7.1339
16.3298,5.5891,-7.2798,3.0912,0.0000,0.0000,0.8818,5.6685,-7.1339
16.3355,5.5889,-7.2798,3.0913,0.0000,0.0000,0.8818,5.6685,-7.1339
16.3449,5.5887,-7.2798,3.0913,0.0000,0.0000,0.8818,5.6643,-7.1346
16.3545,5.5885,-7.2798,3.0915,0.0000,0.0000,0.8818,5.6643,-7.1346
16.3661,5.5883,-7.2798,3.0919,0.0000,0.0000,0.8818,5.6643,-7.1346
16.3742,5.5881,-7.2798,3.0920,0.0000,0.0000,0.8818,5.6643,-7.1346
16.3840,5.5880,-7.2798,3.0922,0.0000,0.0000,0.8818,5.6643,-7.1346
16.3942,5.5879,-7.2798,3.0922,0.0000,0.0000,0.8818,5.6643,-7.1346
16.4049,5.5879,-7.2798,3.0924,0.0000,0.0000,0.8818,5.6643,-7.1346
16.4149,5.5878,-7.2798,3.0924,0.0000,0.0000,0.8818,5.6643,-7.1346
16.4253,5.5879,-7.2798,3.0924,0.0000,0.0000,0.8822,5.6643,-7.1346
16.4358,5.5880,-7.2798,3.0922,0.0000,0.0000,0.8822,5.6675,-7.1313
16.4444,5.5880,-7.2798,3.0920,0.0000,0.0000,0.8822,5.6675,-7.1313
16.4545,5.5880,-7.2798,3.0917,0.0000,0.0000,0.8822,5.6675,-7.1313
16.4651,5.5881,-7.2798,3.0915,0.0000,0.0000,0.8822,5.6675,-7.1313
16.4739,5.5881,-7.2798,3.0913,0.0226,0.1699,0.8822,5.6675,-7.1313
16.4845,5.5881,-7.2798,3.0912,0.0226,0.1699,0.8822,5.6675,-7.1313
16.4947,5.5881,-7.2798,3.0910,0.0226,0.1699,0.8822,5.6675,-7.1313
16.5044,5.5882,-7.2798,3.0910,0.0226,0.1699,0.8822,5.6675,-7.1313
16.5149,5.5883,-7.2798,3.0910,0.0226,0.1699,0.8913,5.6675,-7.1313
16.5257,5.5884,-7.2798,3.0910,0.0226,0.1699,0.8913,5.6675,-7.1313
16.5354,5.5885,-7.2798,3.0912,0.0226,0.1699,0.8913,5.6675,-7.1313
16.5449,5.5886,-7.2798,3.0912,0.0226,0.1699,0.8913,5.6727,-7.1291
16.5545,5.5887,-7.2798,3.0913,0.0236,0.1575,0.8913,5.6727,-7.1291
16.5646,5.5887,-7.2798,3.0913,0.0236,0.1575,0.8913,5.6727,-7.1291
16.5750,5.5887,-7.2798,3.0913,0.0236,0.1575,0.8913,5.6727,-7.1291
16.5847,5.5887,-7.2798,3.0915,0.0236,0.1575,0.8913,5.6727,-7.1291
16.5947,5.5887,-7.2798,3.0915,0.0236,0.1575,0.8913,5.6727,-7.1291
16.6043,5.5887,-7.2798,3.0917,0.0236,0.1575,0.8913,5.6727,-7.1291
16.6154,5.5886,-7.2798,3.0917,0.0236,0.1575,0.8913,5.6727,-7.1291
16.6253,5.5886,-7.2798,3.0919,0.0236,0.1575,0.8890,5.6727,-7.1291
16.6357,5.5886,-7.2798,3.0920,0.0236,0.1575,0.8890,5.6677,-7.1283
16.6449,5.5885,-7.2798,3.0922,0.0236,0.1575,0.8890,5.6677,-7.1283
16.6544,5.5884,-7.2798,3.0924,0.0236,0.1575,0.8890,5.6677,-7.1283
16.6649,5.5884,-7.2798,3.0927,0.0225,0.1804,0.8890,5.6677,-7.1283
16.6768,5.5884,-7.2798,3.0929,0.0225,0.1804,0.8890,5.6677,-7.1283
16.6860,5.5883,-7.2798,3.0931,0.0225,0.1804,0.8890,5.6677,-7.1283
16.6953,5.5882,-7.2798,3.0934,0.0225,0.1804,0.8890,5.6677,-7.1283
16.7051,5.5881,-7.2798,3.0936,0.0225,0.1804,0.8890,5.6677,-7.1283
16.7148,5.5879,-7.2798,3.0939,0.0225,0.1804,0.8890,5.6677,-7.1283
16.7249,5.5878,-7.2798,3.0943,0.0225,0.1804,0.8862,5.6677,-7.1283
16.7355,5.5877,-7.2798,3.0946,0.0225,0.1804,0.8862,5.6634,-7.1302
16.7444,5.5876,-7.2798,3.0950,0.0225,0.1804,0.8862,5.6634,-7.1302
16.7549,5.5875,-7.2798,3.0953,0.0225,0.1804,0.8862,5.6634,-7.1302
16.7646,5.5875,-7.2798,3.0959,0.0225,0.1804,0.8862,5.6634,-7.1302
16.7747,5.5874,-7.2798,3.0966,0.0227,0.2109,0.8862,5.6634,-7.1302
16.7846,5.5873,-7.2798,3.0971,0.0227,0.2109,0.8862,5.6634,-7.1302
16.7947,5.5872,-7.2797,3.0978,0.0227,0.2109,0.8862,5.6634,-7.1302
16.8063,5.5871,-7.2797,3.0985,0.0227,0.2109,0.8862,5.6634,-7.1302
16.8150,5.5870,-7.2797,3.0992,0.0227,0.2109,0.8896,5.6634,-7.1302
16.8247,5.5869,-7.2797,3.0999,0.0227,0.2109,0.8896,5.6634,-7.1302
16.8368,5.5868,-7.2797,3.1006,0.0227,0.2109,0.8896,5.6609,-7.1312
16.8446,5.5867,-7.2797,3.1013,0.0227,0.2109,0.8896,5.6609,-7.1312
16.8543,5.5866,-7.2797,3.1020,0.0225,0.1832,0.8896,5.6609,-7.1312
16.8664,5.5865,-7.2797,3.1027,0.0225,0.1832,0.8896,5.6609,-7.1312
16.8749,5.5863,-7.2797,3.1034,0.0225,0.1832,0.8896,5.6609,-7.1312
16.8849,5.5862,-7.2797,3.1041,0.0225,0.1832,0.8896,5.6609,-7.1312
16.8951,5.5861,-7.2797,3.1049,0.0225,0.1832,0.8896,5.6609,-7.1312
16.9045,5.5859,-7.2797,3.1058,0.0225,0.1832,0.8896,5.6609,-7.1312
16.9154,5.5858,-7.2797,3.1067,0.0225,0.1832,0.8907,5.6609,-7.1312
16.9243,5.5856,-7.2797,3.1076,0.0225,0.1832,0.8907,5.6637,-7.1320
16.9345,5.5855,-7.2797,3.1086,0.0225,0.1832,0.8907,5.6637,-7.1320
16.9445,5.5853,-7.2797,3.1095,0.0225,0.1832,0.8907,5.6637,-7.1320
16.9546,5.5851,-7.2797,3.1104,0.0225,0.1832,0.8907,5.6637,-7.1320
16.9664,5.5850,-7.2797,3.1114,0.0228,0.1616,0.8907,5.6637,-7.1320
16.9743,5.5848,-7.2797,3.1123,0.0228,0.1616,0.8907,5.6637,-7.1320
16.9842,5.5846,-7.2797,3.1133,0.0228,0.1616,0.8907,5.6637,-7.1320
16.9946,5.5844,-7.2797,3.1142,0.0228,0.1616,0.8907,5.6637,-7.1320
17.0048,5.5842,-7.2796,3.1151,0.0228,0.1616,0.8907,5.6637,-7.1320
17.0150,5.5840,-7.2796,3.1159,0.0228,0.1616,0.8866,5.6637,-7.1320
17.0250,5.5839,-7.2796,3.1168,0.0228,0.1616,0.8866,5.6646,-7.1324
17.0344,5.5837,-7.2796,3.1177,0.0228,0.1616,0.8866,5.6646,-7.1324
17.0445,5.5835,-7.2796,3.1187,0.0228,0.1616,0.8866,5.6646,-7.1324
17.0541,5.5834,-7.2796,3.1196,0.0226,0.1571,0.8866,5.6646,-7.1324
17.0645,5.5832,-7.2796,3.1205,0.0226,0.1571,0.8866,5.6646,-7.1324
17.0745,5.5830,-7.2796,3.1213,0.0226,0.1571,0.8866,5.6646,-7.1324
17.0843,5.5829,-7.2796,3.1224,0.0226,0.1571,0.8866,5.6646,-7.1324
17.0941,5.5827,-7.2796,3.1233,0.0226,0.1571,0.8866,5.6646,-7.1324
17.1039,5.5825,-7.2796,3.1243,0.0226,0.1571,0.8866,5.6646,-7.1324
17.1181,5.5823,-7.2796,3.1252,0.0226,0.1571,0.8923,5.6646,-7.1324
17.1243,5.5821,-7.2796,3.1261,0.0226,0.1571,0.8923,5.6647,-7.1340
17.1345,5.5820,-7.2796,3.1271,0.0226,0.1571,0.8923,5.6647,-7.1340
17.1465,5.5818,-7.2796,3.1280,0.0226,0.1571,0.8923,5.6647,-7.1340
17.1545,5.5816,-7.2796,3.1290,0.0235,0.1703,0.8923,5.6647,-7.1340
17.1698,5.5811,-7.2796,3.1301,0.0235,0.1703,0.8923,5.6647,-7.1340
17.1744,5.5811,-7.2796,3.1301,0.0235,0.1703,0.8923,5.6647,-7.1340
17.1845,5.5809,-7.2796,3.1309,0.0235,0.1703,0.8923,5.6647,-7.1340
17.1969,5.5807,-7.2796,3.1320,0.0235,0.1703,0.8923,5.6647,-7.1340
17.2045,5.5805,-7.2796,3.1330,0.0235,0.1703,0.8923,5.6647,-7.1340
17.2151,5.5802,-7.2796,3.1339,0.0235,0.1703,0.8891,5.6647,-7.1340
17.2246,5.5800,-7.2796,3.1350,0.0235,0.1703,0.8891,5.6647,-7.1340
17.2342,5.5798,-7.2796,3.1360,0.0235,0.1703,0.8891,5.6647,-7.1340
17.2444,5.5796,-7.2796,3.1371,0.0235,0.1703,0.8891,5.6636,-7.1348
17.2546,5.5794,-7.2796,3.1381,0.0233,0.1795,0.8891,5.6636,-7.1348
17.2646,5.5791,-7.2796,3.1391,0.0233,0.1795,0.8891,5.6636,-7.1348
17.2748,5.5788,-7.2796,3.1404,0.0233,0.1795,0.8891,5.6636,-7.1348
17.2859,5.5786,-7.2796,3.1414,0.0233,0.1795,0.8891,5.6636,-7.1348
17.2959,5.5783,-7.2796,-3.1405,0.0233,0.1795,0.8891,5.6636,-7.1348
17.3046,5.5781,-7.2796,-3.1395,0.0233,0.1795,0.8891,5.6636,-7.1348
17.3157,5.5778,-7.2796,-3.1383,0.0233,0.1795,0.8805,5.6636,-7.1348
17.3263,5.5775,-7.2796,-3.1371,0.0233,0.1795,0.8805,5.6607,-7.1322
17.3353,5.5773,-7.2796,-3.1358,0.0233,0.1795,0.8805,5.6607,-7.1322
17.3450,5.5773,-7.2796,-3.1344,0.0233,0.1795,0.8805,5.6607,-7.1322
17.3542,5.5767,-7.2796,-3.1332,0.0229,0.1811,0.8805,5.6607,-7.1322
17.3643,5.5764,-7.2796,-3.1318,0.0229,0.1811,0.8805,5.6607,-7.1322
17.3745,5.5761,-7.2796,-3.1306,0.0229,0.1811,0.8805,5.6607,-7.1322
17.3845,5.5758,-7.2796,-3.1292,0.0229,0.1811,0.8805,5.6607,-7.1322
17.3946,5.5755,-7.2796,-3.1276,0.0229,0.1811,0.8805,5.6607,-7.1322
17.4043,5.5752,-7.2796,-3.1262,0.0229,0.1811,0.8805,5.6607,-7.1322
17.4143,5.5749,-7.2796,-3.1248,0.0229,0.1811,0.8868,5.6607,-7.1322
17.4254,5.5746,-7.2796,-3.1234,0.0229,0.1811,0.8868,5.6607,-7.1322
17.4347,5.5743,-7.2796,-3.1220,0.0229,0.1811,0.8868,5.6603,-7.1327
17.4454,5.5740,-7.2796,-3.1205,0.0229,0.1811,0.8868,5.6603,-7.1327
17.4549,5.5737,-7.2796,-3.1191,0.0222,0.1723,0.8868,5.6603,-7.1327
17.4650,5.5734,-7.2796,-3.1177,0.0222,0.1723,0.8868,5.6603,-7.1327
17.4751,5.5731,-7.2796,-3.1161,0.0222,0.1723,0.8868,5.6603,-7.1327
17.4844,5.5728,-7.2797,-3.1147,0.0222,0.1723,0.8868,5.6603,-7.1327
17.4952,5.5725,-7.2797,-3.1131,0.0222,0.1723,0.8868,5.6603,-7.1327
17.5047,5.5722,-7.2797,-3.1116,0.0222,0.1723,0.8868,5.6603,-7.1327
17.5147,5.5718,-7.2797,-3.1100,0.0222,0.1723,0.8890,5.6603,-7.1327
17.5247,5.5715,-7.2797,-3.1084,0.0222,0.1723,0.8890,5.6578,-7.1317
17.5348,5.5711,-7.2797,-3.1067,0.0222,0.1723,0.8890,5.6578,-7.1317
17.5445,5.5708,-7.2797,-3.1051,0.0222,0.1723,0.8890,5.6578,-7.1317
17.5542,5.5705,-7.2797,-3.1035,0.0237,0.1330,0.8890,5.6578,-7.1317
17.5670,5.5702,-7.2797,-3.1021,0.0237,0.1330,0.8890,5.6578,-7.1317
17.5745,5.5699,-7.2798,-3.1008,0.0237,0.1330,0.8890,5.6578,-7.1317
17.5846,5.5696,-7.2798,-3.0994,0.0237,0.1330,0.8890,5.6578,-7.1317
17.5949,5.5693,-7.2798,-3.0981,0.0237,0.1330,0.8890,5.6578,-7.1317
17.6040,5.5691,-7.2798,-3.0971,0.0237,0.1330,0.8890,5.6578,-7.1317
17.6150,5.5688,-7.2798,-3.0959,0.0237,0.1330,0.8851,5.6578,-7.1317
17.6249,5.5686,-7.2798,-3.0948,0.0237,0.1330,0.8851,5.6577,-7.1340
17.6357,5.5684,-7.2798,-3.0938,0.0237,0.1330,0.8851,5.6577,-7.1340
17.6447,5.5681,-7.2798,-3.0927,0.0237,0.1330,0.8851,5.6577,-7.1340
17.6546,5.5679,-7.2798,-3.0915,0.0202,0.1068,0.8851,5.6577,-7.1340
17.6647,5.5677,-7.2799,-3.0905,0.0202,0.1068,0.8851,5.6577,-7.1340
17.6746,5.5675,-7.2799,-3.0894,0.0202,0.1068,0.8851,5.6577,-7.1340
17.6858,5.5673,-7.2799,-3.0882,0.0202,0.1068,0.8851,5.6577,-7.1340
17.6949,5.5671,-7.2799,-3.0870,0.0202,0.1068,0.8851,5.6577,-7.1340
17.7053,5.5669,-7.2799,-3.0857,0.0202,0.1068,0.8851,5.6577,-7.1340
17.7150,5.5667,-7.2799,-3.0845,0.0202,0.1068,0.8904,5.6577,-7.1340
17.7267,5.5665,-7.2799,-3.0833,0.0202,0.1068,0.8904,5.6536,-7.1346
17.7359,5.5663,-7.2799,-3.0821,0.0202,0.1068,0.8904,5.6536,-7.1346
17.7458,5.5661,-7.2799,-3.0810,0.0202,0.1068,0.8904,5.6536,-7.1346
17.7550,5.5659,-7.2800,-3.0798,0.0202,0.1068,0.8904,5.6536,-7.1346
17.7660,5.5657,-7.2800,-3.0788,0.0202,0.1068,0.8904,5.6536,-7.1346
17.7766,5.5657,-7.2800,-3.0775,0.0234,0.0748,0.8904,5.6536,-7.1346
17.7850,5.5653,-7.2800,-3.0765,0.0234,0.0748,0.8904,5.6536,-7.1346
17.7955,5.5652,-7.2800,-3.0756,0.0234,0.0748,0.8904,5.6536,-7.1346
17.8045,5.5650,-7.2800,-3.0746,0.0234,0.0748,0.8904,5.6536,-7.1346
17.8152,5.5648,-7.2800,-3.0737,0.0234,0.0748,0.8940,5.6536,-7.1346
17.8247,5.5646,-7.2800,-3.0728,0.0234,0.0748,0.8940,5.6508,-7.1306
17.8353,5.5644,-7.2801,-3.0720,0.0234,0.0748,0.8940,5.6508,-7.1306
17.8446,5.5643,-7.2801,-3.0711,0.0234,0.0748,0.8940,5.6508,-7.1306
17.8555,5.5641,-7.2801,-3.0702,0.0229,-0.0031,0.8940,5.6508,-7.1306
17.8657,5.5639,-7.2801,-3.0693,0.0229,-0.0031,0.8940,5.6508,-7.1306
17.8743,5.5638,-7.2801,-3.0685,0.0229,-0.0031,0.8940,5.6508,-7.1306
17.8841,5.5636,-7.2801,-3.0676,0.0229,-0.0031,0.8940,5.6508,-7.1306
17.8967,5.5634,-7.2801,-3.0667,0.0229,-0.0031,0.8940,5.6508,-7.1306
17.9059,5.5632,-7.2801,-3.0657,0.0229,-0.0031,0.8940,5.6508,-7.1306
17.9155,5.5630,-7.2802,-3.0648,0.0229,-0.0031,0.8877,5.6508,-7.1306
17.9252,5.5628,-7.2802,-3.0638,0.0229,-0.0031,0.8877,5.6502,-7.1326
17.9348,5.5626,-7.2802,-3.0627,0.0229,-0.0031,0.8877,5.6502,-7.1326
17.9445,5.5625,-7.2802,-3.0617,0.0229,-0.0031,0.8877,5.6502,-7.1326
17.9543,5.5623,-7.2802,-3.0608,0.0229,-0.0267,0.8877,5.6502,-7.1326
17.9660,5.5621,-7.2802,-3.0599,0.0229,-0.0267,0.8877,5.6502,-7.1326
17.9760,5.5619,-7.2802,-3.0589,0.0229,-0.0267,0.8877,5.6502,-7.1326
17.9855,5.5617,-7.2803,-3.0582,0.0229,-0.0267,0.8877,5.6502,-7.1326
17.9944,5.5614,-7.2803,-3.0573,0.0229,-0.0267,0.8877,5.6502,-7.1326
18.0045,5.5612,-7.2803,-3.0566,0.0229,-0.0267,0.8877,5.6502,-7.1326
18.0151,5.5611,-7.2803,-3.0559,0.0229,-0.0267,0.8874,5.6502,-7.1326
18.0261,5.5608,-7.2803,-3.0552,0.0229,-0.0267,0.8874,5.6490,-7.1344
18.0356,5.5607,-7.2803,-3.0545,0.0229,-0.0267,0.8874,5.6490,-7.1344
18.0456,5.5605,-7.2804,-3.0540,0.0229,-0.0267,0.8874,5.6490,-7.1344
18.0541,5.5604,-7.2804,-3.0535,0.0229,-0.0654,0.8874,5.6490,-7.1344
18.0642,5.5602,-7.2804,-3.0529,0.0229,-0.0654,0.8874,5.6490,-7.1344
18.0748,5.5601,-7.2804,-3.0526,0.0229,-0.0654,0.8874,5.6490,-7.1344
18.0848,5.5600,-7.2804,-3.0522,0.0229,-0.0654,0.8874,5.6490,-7.1344
18.0959,5.5598,-7.2804,-3.0521,0.0229,-0.0654,0.8874,5.6490,-7.1344
18.1053,5.5597,-7.2804,-3.0517,0.0229,-0.0654,0.8874,5.6490,-7.1344
18.1144,5.5596,-7.2804,-3.0515,0.0229,-0.0654,0.8911,5.6490,-7.1344
18.1254,5.5595,-7.2805,-3.0514,0.0229,-0.0654,0.8911,5.6490,-7.1344
18.1369,5.5594,-7.2805,-3.0512,0.0229,-0.0654,0.8911,5.6491,-7.1355
18.1472,5.5593,-7.2805,-3.0512,0.0229,-0.0654,0.8911,5.6491,-7.1355
18.1549,5.5592,-7.2805,-3.0510,0.0234,-0.1247,0.8911,5.6491,-7.1355
18.1647,5.5591,-7.2805,-3.0510,0.0234,-0.1247,0.8911,5.6491,-7.1355
18.1749,5.5590,-7.2805,-3.0508,0.0234,-0.1247,0.8911,5.6491,-7.1355
18.1849,5.5590,-7.2805,-3.0508,0.0234,-0.1247,0.8911,5.6491,-7.1355
18.1948,5.5589,-7.2805,-3.0508,0.0234,-0.1247,0.8911,5.6491,-7.1355
18.2043,5.5587,-7.2805,-3.0508,0.0234,-0.1247,0.8911,5.6491,-7.1355
18.2146,5.5586,-7.2805,-3.0510,0.0234,-0.1247,0.8899,5.6491,-7.1355
18.2249,5.5585,-7.2805,-3.0510,0.0234,-0.1247,0.8899,5.6497,-7.1359
18.2345,5.5584,-7.2806,-3.0512,0.0234,-0.1247,0.8899,5.6497,-7.1359
18.2453,5.5583,-7.2806,-3.0515,0.0234,-0.1247,0.8899,5.6497,-7.1359
18.2555,5.5582,-7.2806,-3.0517,0.0227,-0.1243,0.8899,5.6497,-7.1359
18.2647,5.5580,-7.2806,-3.0521,0.0227,-0.1243,0.8899,5.6497,-7.1359
18.2746,5.5579,-7.2806,-3.0524,0.0227,-0.1243,0.8899,5.6497,-7.1359
18.2849,5.5578,-7.2806,-3.0528,0.0227,-0.1243,0.8899,5.6497,-7.1359
18.2960,5.5576,-7.2806,-3.0529,0.0227,-0.1243,0.8899,5.6497,-7.1359
18.3055,5.5575,-7.2806,-3.0531,0.0227,-0.1243,0.8899,5.6497,-7.1359
18.3186,5.5572,-7.2807,-3.0533,0.0227,-0.1243,0.8934,5.6462,-7.1385
18.3260,5.5572,-7.2807,-3.0533,0.0227,-0.1243,0.8934,5.6462,-7.1385
18.3359,5.5571,-7.2807,-3.0533,0.0227,-0.1243,0.8934,5.6462,-7.1385
18.3447,5.5569,-7.2807,-3.0533,0.0227,-0.1243,0.8934,5.6462,-7.1385
18.3558,5.5567,-7.2807,-3.0533,0.0229,-0.0916,0.8934,5.6462,-7.1385
18.3655,5.5565,-7.2807,-3.0533,0.0229,-0.0916,0.8934,5.6462,-7.1385
18.3749,5.5563,-7.2807,-3.0531,0.0229,-0.0916,0.8934,5.6462,-7.1385
18.3849,5.5561,-7.2808,-3.0531,0.0229,-0.0916,0.8934,5.6462,-7.1385
18.3954,5.5559,-7.2808,-3.0529,0.0229,-0.0916,0.8934,5.6462,-7.1385
18.4045,5.5557,-7.2808,-3.0528,0.0229,-0.0916,0.8934,5.6462,-7.1385
18.4147,5.5555,-7.2808,-3.0526,0.0229,-0.0916,0.8921,5.6462,-7.1385
18.4252,5.5554,-7.2808,-3.0524,0.0229,-0.0916,0.8921,5.6473,-7.1385
18.4364,5.5550,-7.2809,-3.0522,0.0229,-0.0916,0.8921,5.6473,-7.1385
18.4441,5.5548,-7.2809,-3.0522,0.0229,-0.0916,0.8921,5.6473,-7.1385
18.4544,5.5546,-7.2809,-3.0522,0.0229,-0.0916,0.8921,5.6473,-7.1385
18.4645,5.5544,-7.2809,-3.0521,0.0229,-0.1049,0.8921,5.6473,-7.1385
18.4745,5.5541,-7.2809,-3.0521,0.0229,-0.1049,0.8921,5.6473,-7.1385
18.4846,5.5539,-7.2810,-3.0519,0.0229,-0.1049,0.8921,5.6473,-7.1385
18.4946,5.5537,-7.2810,-3.0517,0.0229,-0.1049,0.8921,5.6473,-7.1385
18.5058,5.5535,-7.2810,-3.0517,0.0229,-0.1049,0.8921,5.6473,-7.1385
18.5147,5.5532,-7.2810,-3.0515,0.0229,-0.1049,0.8910,5.6473,-7.1385
18.5248,5.5530,-7.2810,-3.0515,0.0229,-0.1049,0.8910,5.6454,-7.1394
18.5341,5.5528,-7.2811,-3.0515,0.0229,-0.1049,0.8910,5.6454,-7.1394
18.5452,5.5525,-7.2811,-3.0515,0.0229,-0.1049,0.8910,5.6454,-7.1394
18.5561,5.5523,-7.2811,-3.0515,0.0237,-0.0863,0.8910,5.6454,-7.1394
18.5653,5.5520,-7.2811,-3.0515,0.0237,-0.0863,0.8910,5.6454,-7.1394
18.5752,5.5518,-7.2811,-3.0517,0.0237,-0.0863,0.8910,5.6454,-7.1394
18.5851,5.5516,-7.2812,-3.0519,0.0237,-0.0863,0.8910,5.6454,-7.1394
18.5953,5.5513,-7.2812,-3.0522,0.0237,-0.0863,0.8910,5.6454,-7.1394
18.6044,5.5512,-7.2812,-3.0526,0.0237,-0.0863,0.8910,5.6454,-7.1394
18.6146,5.5509,-7.2812,-3.0529,0.0237,-0.0863,0.8945,5.6454,-7.1394
18.6249,5.5506,-7.2812,-3.0533,0.0237,-0.0863,0.8945,5.6479,-7.1380
18.6361,5.5504,-7.2813,-3.0536,0.0237,-0.0863,0.8945,5.6479,-7.1380
18.6465,5.5502,-7.2813,-3.0540,0.0237,-0.0863,0.8945,5.6479,-7.1380
18.6544,5.5499,-7.2813,-3.0545,0.0234,-0.0832,0.8945,5.6479,-7.1380
18.6643,5.5497,-7.2813,-3.0550,0.0234,-0.0832,0.8945,5.6479,-7.1380
18.6750,5.5494,-7.2814,-3.0555,0.0234,-0.0832,0.8945,5.6479,-7.1380
18.6876,5.5491,-7.2814,-3.0561,0.0234,-0.0832,0.8945,5.6479,-7.1380
18.6967,5.5488,-7.2814,-3.0566,0.0234,-0.0832,0.8945,5.6479,-7.1380
18.7042,5.5486,-7.2814,-3.0569,0.0234,-0.0832,0.8945,5.6479,-7.1380
18.7146,5.5483,-7.2815,-3.0575,0.0234,-0.0832,0.8951,5.6479,-7.1380
18.7255,5.5480,-7.2815,-3.0578,0.0234,-0.0832,0.8951,5.6479,-7.1380
18.7343,5.5478,-7.2815,-3.0582,0.0234,-0.0832,0.8951,5.6431,-7.1372
18.7444,5.5476,-7.2815,-3.0585,0.0234,-0.0832,0.8951,5.6431,-7.1372
18.7547,5.5473,-7.2815,-3.0589,0.0225,-0.0735,0.8951,5.6431,-7.1372
18.7654,5.5470,-7.2816,-3.0592,0.0225,-0.0735,0.8951,5.6431,-7.1372
18.7799,5.5465,-7.2816,-3.0596,0.0225,-0.0735,0.8951,5.6431,-7.1372
18.7847,5.5465,-7.2816,-3.0596,0.0225,-0.0735,0.8951,5.6431,-7.1372
18.7945,5.5463,-7.2816,-3.0597,0.0225,-0.0735,0.8951,5.6431,-7.1372
18.8042,5.5460,-7.2816,-3.0599,0.0225,-0.0735,0.8951,5.6431,-7.1372
18.8177,5.5455,-7.2817,-3.0603,0.0225,-0.0735,0.8924,5.6435,-7.1365
18.8246,5.5455,-7.2817,-3.0603,0.0225,-0.0735,0.8924,5.6435,-7.1365
18.8347,5.5452,-7.2817,-3.0604,0.0225,-0.0735,0.8924,5.6435,-7.1365
18.8458,5.5450,-7.2817,-3.0608,0.0225,-0.0735,0.8924,5.6435,-7.1365
18.8542,5.5447,-7.2817,-3.0610,0.0225,-0.0735,0.8924,5.6435,-7.1365
18.8643,5.5445,-7.2818,-3.0613,0.0225,-0.0735,0.8924,5.6435,-7.1365
18.8743,5.5443,-7.2818,-3.0617,0.0223,-0.0618,0.8924,5.6435,-7.1365
18.8843,5.5440,-7.2818,-3.0620,0.0223,-0.0618,0.8924,5.6435,-7.1365
18.8959,5.5438,-7.2818,-3.0624,0.0223,-0.0618,0.8924,5.6435,-7.1365
18.9048,5.5436,-7.2818,-3.0627,0.0223,-0.0618,0.8924,5.6435,-7.1365
18.9158,5.5434,-7.2818,-3.0632,0.0223,-0.0618,0.8945,5.6435,-7.1365
18.9252,5.5432,-7.2819,-3.0638,0.0223,-0.0618,0.8945,5.6431,-7.1383
18.9349,5.5430,-7.2819,-3.0641,0.0223,-0.0618,0.8945,5.6431,-7.1383
18.9447,5.5428,-7.2819,-3.0646,0.0223,-0.0618,0.8945,5.6431,-7.1383
18.9547,5.5426,-7.2819,-3.0653,0.0223,-0.0618,0.8945,5.6431,-7.1383
18.9652,5.5425,-7.2819,-3.0658,0.0218,-0.0249,0.8945,5.6431,-7.1383
18.9746,5.5422,-7.2819,-3.0664,0.0218,-0.0249,0.8945,5.6431,-7.1383
18.9846,5.5421,-7.2820,-3.0669,0.0218,-0.0249,0.8945,5.6431,-7.1383
18.9948,5.5419,-7.2820,-3.0674,0.0218,-0.0249,0.8945,5.6431,-7.1383
19.0047,5.5417,-7.2820,-3.0681,0.0218,-0.0249,0.8945,5.6431,-7.1383
19.0148,5.5416,-7.2820,-3.0686,0.0218,-0.0249,0.8916,5.6431,-7.1383
19.0261,5.5412,-7.2820,-3.0695,0.0218,-0.0249,0.8916,5.6435,-7.1381
19.0361,5.5412,-7.2820,-3.0695,0.0218,-0.0249,0.8916,5.6435,-7.1381
19.0526,5.5409,-7.2820,-3.0706,0.0218,-0.0249,0.8916,5.6435,-7.1381
19.0546,5.5409,-7.2820,-3.0706,0.0231,-0.0268,0.8916,5.6435,-7.1381
19.0653,5.5407,-7.2821,-3.0711,0.0231,-0.0268,0.8916,5.6435,-7.1381
19.0750,5.5405,-7.2821,-3.0714,0.0231,-0.0268,0.8916,5.6435,-7.1381
19.0846,5.5404,-7.2821,-3.0720,0.0231,-0.0268,0.8916,5.6435,-7.1381
19.0950,5.5403,-7.2821,-3.0723,0.0231,-0.0268,0.8916,5.6435,-7.1381
19.1047,5.5401,-7.2821,-3.0725,0.0231,-0.0268,0.8916,5.6435,-7.1381
19.1155,5.5400,-7.2821,-3.0728,0.0231,-0.0268,0.8925,5.6452,-7.1361
19.1251,5.5398,-7.2821,-3.0730,0.0231,-0.0268,0.8925,5.6452,-7.1361
19.1351,5.5397,-7.2821,-3.0732,0.0231,-0.0268,0.8925,5.6452,-7.1361
19.1468,5.5395,-7.2821,-3.0735,0.0231,-0.0268,0.8925,5.6452,-7.1361
19.1548,5.5394,-7.2821,-3.0737,0.0231,-0.0268,0.8925,5.6452,-7.1361
19.1648,5.5392,-7.2822,-3.0739,0.0230,-0.0438,0.8925,5.6452,-7.1361
19.1748,5.5391,-7.2822,-3.0742,0.0230,-0.0438,0.8925,5.6452,-7.1361
19.1847,5.5389,-7.2822,-3.0744,0.0230,-0.0438,0.8925,5.6452,-7.1361
19.1946,5.5388,-7.2822,-3.0747,0.0230,-0.0438,0.8925,5.6452,-7.1361
19.2042,5.5387,-7.2822,-3.0751,0.0230,-0.0438,0.8925,5.6452,-7.1361
19.2143,5.5385,-7.2822,-3.0754,0.0230,-0.0438,0.8944,5.6452,-7.1361
19.2246,5.5384,-7.2822,-3.0758,0.0230,-0.0438,0.8944,5.6447,-7.1370
19.2357,5.5382,-7.2822,-3.0761,0.0230,-0.0438,0.8944,5.6447,-7.1370
19.2449,5.5381,-7.2822,-3.0767,0.0230,-0.0438,0.8944,5.6447,-7.1370
19.2545,5.5379,-7.2822,-3.0772,0.0233,-0.0863,0.8944,5.6447,-7.1370
19.2650,5.5377,-7.2823,-3.0777,0.0233,-0.0863,0.8944,5.6447,-7.1370
19.2753,5.5375,-7.2823,-3.0782,0.0233,-0.0863,0.8944,5.6447,-7.1370
19.2842,5.5374,-7.2823,-3.0788,0.0233,-0.0863,0.8944,5.6447,-7.1370
19.2955,5.5372,-7.2823,-3.0793,0.0233,-0.0863,0.8944,5.6447,-7.1370
19.3054,5.5369,-7.2823,-3.0800,0.0233,-0.0863,0.8974,5.6447,-7.1370
19.3141,5.5367,-7.2823,-3.0800,0.0233,-0.0863,0.8974,5.6447,-7.1370
19.3243,5.5364,-7.2823,-3.0805,0.0233,-0.0863,0.8974,5.6469,-7.1324
19.3351,5.5362,-7.2823,-3.0812,0.0233,-0.0863,0.8974,5.6469,-7.1324
19.3450,5.5359,-7.2824,-3.0817,0.0233,-0.0863,0.8974,5.6469,-7.1324
19.3548,5.5357,-7.2824,-3.0824,0.0242,-0.0785,0.8974,5.6469,-7.1324
19.3648,5.5354,-7.2824,-3.0829,0.0242,-0.0785,0.8974,5.6469,-7.1324
19.3747,5.5352,-7.2824,-3.0836,0.0242,-0.0785,0.8974,5.6469,-7.1324
19.3860,5.5349,-7.2824,-3.0843,0.0242,-0.0785,0.8974,5.6469,-7.1324
19.3961,5.5347,-7.2824,-3.0850,0.0242,-0.0785,0.8974,5.6469,-7.1324
19.4053,5.5344,-7.2825,-3.0856,0.0242,-0.0785,0.8935,5.6469,-7.1324
19.4150,5.5342,-7.2825,-3.0863,0.0242,-0.0785,0.8935,5.6469,-7.1324
19.4254,5.5338,-7.2825,-3.0870,0.0242,-0.0785,0.8935,5.6462,-7.1319
19.4344,5.5336,-7.2825,-3.0878,0.0242,-0.0785,0.8935,5.6462,-7.1319
19.4447,5.5333,-7.2825,-3.0884,0.0242,-0.0785,0.8935,5.6462,-7.1319
19.4541,5.5331,-7.2825,-3.0891,0.0233,-0.0217,0.8935,5.6462,-7.1319
19.4648,5.5328,-7.2825,-3.0896,0.0233,-0.0217,0.8935,5.6462,-7.1319
19.4756,5.5325,-7.2826,-3.0903,0.0233,-0.0217,0.8935,5.6462,-7.1319
19.4857,5.5319,-7.2826,-3.0917,0.0233,-0.0217,0.8935,5.6462,-7.1319
19.4956,5.5317,-7.2826,-3.0924,0.0233,-0.0217,0.8935,5.6462,-7.1319
19.5048,5.5317,-7.2826,-3.0924,0.0233,-0.0217,0.8948,5.6462,-7.1319
19.5147,5.5314,-7.2826,-3.0931,0.0233,-0.0217,0.8948,5.6444,-7.1318
19.5248,5.5311,-7.2826,-3.0938,0.0233,-0.0217,0.8948,5.6444,-7.1318
19.5347,5.5308,-7.2826,-3.0945,0.0233,-0.0217,0.8948,5.6444,-7.1318
19.5463,5.5303,-7.2827,-3.0960,0.0233,-0.0217,0.8948,5.6444,-7.1318
19.5567,5.5303,-7.2827,-3.0960,0.0238,-0.0426,0.8948,5.6444,-7.1318
19.5659,5.5301,-7.2827,-3.0967,0.0238,-0.0426,0.8948,5.6444,-7.1318
19.5750,5.5296,-7.2827,-3.0983,0.0238,-0.0426,0.8948,5.6444,-7.1318
19.5856,5.5294,-7.2827,-3.0990,0.0238,-0.0426,0.8948,5.6444,-7.1318
19.5963,5.5292,-7.2827,-3.0997,0.0238,-0.0426,0.8948,5.6444,-7.1318
19.6045,5.5292,-7.2827,-3.0997,0.0238,-0.0426,0.8951,5.6444,-7.1318
19.6164,5.5287,-7.2827,-3.1008,0.0238,-0.0426,0.8951,5.6412,-7.1317
19.6250,5.5287,-7.2827,-3.1008,0.0238,-0.0426,0.8951,5.6412,-7.1317
19.6345,5.5285,-7.2827,-3.1013,0.0238,-0.0426,0.8951,5.6412,-7.1317
19.6446,5.5284,-7.2827,-3.1018,0.0238,-0.0426,0.8951,5.6412,-7.1317
19.6541,5.5282,-7.2828,-3.1021,0.0224,-0.0162,0.8951,5.6412,-7.1317
19.6647,5.5280,-7.2828,-3.1025,0.0224,-0.0162,0.8951,5.6412,-7.1317
19.6745,5.5278,-7.2828,-3.1027,0.0224,-0.0162,0.8951,5.6412,-7.1317
19.6847,5.5276,-7.2828,-3.1030,0.0224,-0.0162,0.8951,5.6412,-7.1317
19.6944,5.5274,-7.2828,-3.1034,0.0224,-0.0162,0.8951,5.6412,-7.1317
19.7055,5.5273,-7.2828,-3.1037,0.0224,-0.0162,0.8924,5.6412,-7.1317
19.7141,5.5271,-7.2828,-3.1041,0.0224,-0.0162,0.8924,5.6388,-7.1352
19.7249,5.5269,-7.2828,-3.1046,0.0224,-0.0162,0.8924,5.6388,-7.1352
19.7344,5.5268,-7.2828,-3.1049,0.0224,-0.0162,0.8924,5.6388,-7.1352
19.7442,5.5268,-7.2828,-3.1055,0.0224,-0.0162,0.8924,5.6388,-7.1352
19.7540,5.5264,-7.2828,-3.1060,0.0231,-0.0083,0.8924,5.6388,-7.1352
19.7645,5.5262,-7.2828,-3.1065,0.0231,-0.0083,0.8924,5.6388,-7.1352
19.7746,5.5260,-7.2828,-3.1070,0.0231,-0.0083,0.8924,5.6388,-7.1352
19.7843,5.5258,-7.2828,-3.1077,0.0231,-0.0083,0.8924,5.6388,-7.1352
19.7956,5.5254,-7.2828,-3.1088,0.0231,-0.0083,0.8924,5.6388,-7.1352
19.8054,5.5252,-7.2829,-3.1093,0.0231,-0.0083,0.8948,5.6388,-7.1352
19.8147,5.5251,-7.2829,-3.1097,0.0231,-0.0083,0.8948,5.6388,-7.1352
19.8254,5.5248,-7.2829,-3.1102,0.0231,-0.0083,0.8948,5.6369,-7.1317
19.8364,5.5246,-7.2829,-3.1107,0.0231,-0.0083,0.8948,5.6369,-7.1317
19.8448,5.5244,-7.2829,-3.1112,0.0231,-0.0083,0.8948,5.6369,-7.1317
19.8546,5.5244,-7.2829,-3.1112,0.0231,-0.0083,0.8948,5.6369,-7.1317
19.8649,5.5244,-7.2829,-3.1123,0.0231,-0.0083,0.8948,5.6369,-7.1317
19.8760,5.5236,-7.2829,-3.1126,0.0235,-0.0056,0.8948,5.6369,-7.1317
19.8847,5.5234,-7.2829,-3.1131,0.0235,-0.0056,0.8948,5.6369,-7.1317
19.8947,5.5234,-7.2829,-3.1135,0.0235,-0.0056,0.8948,5.6369,-7.1317
19.9052,5.5230,-7.2829,-3.1140,0.0235,-0.0056,0.8948,5.6369,-7.1317
19.9148,5.5228,-7.2829,-3.1144,0.0235,-0.0056,0.8917,5.6369,-7.1317
19.9245,5.5225,-7.2829,-3.1147,0.0235,-0.0056,0.8917,5.6369,-7.1317
19.9345,5.5223,-7.2829,-3.1151,0.0235,-0.0056,0.8917,5.6373,-7.1343
19.9478,5.5221,-7.2829,-3.1154,0.0235,-0.0056,0.8917,5.6373,-7.1343
19.9547,5.5219,-7.2830,-3.1158,0.0237,-0.0141,0.8917,5.6373,-7.1343
19.9646,5.5217,-7.2830,-3.1161,0.0237,-0.0141,0.8917,5.6373,-7.1343
19.9746,5.5214,-7.2830,-3.1165,0.0237,-0.0141,0.8917,5.6373,-7.1343
19.9847,5.5212,-7.2830,-3.1168,0.0237,-0.0141,0.8917,5.6373,-7.1343
19.9960,5.5210,-7.2830,-3.1172,0.0237,-0.0141,0.8917,5.6373,-7.1343
20.0045,5.5208,-7.2830,-3.1175,0.0237,-0.0141,0.8921,5.6373,-7.1343
20.0145,5.5207,-7.2830,-3.1179,0.0237,-0.0141,0.8921,5.6357,-7.1323
20.0252,5.5205,-7.2830,-3.1184,0.0237,-0.0141,0.8921,5.6357,-7.1323
20.0360,5.5203,-7.2830,-3.1187,0.0237,-0.0141,0.8921,5.6357,-7.1323
20.0454,5.5201,-7.2830,-3.1191,0.0237,-0.0141,0.8921,5.6357,-7.1323
20.0548,5.5200,-7.2830,-3.1196,0.0230,0.0121,0.8921,5.6357,-7.1323
20.0652,5.5198,-7.2830,-3.1200,0.0230,0.0121,0.8921,5.6357,-7.1323
20.0748,5.5196,-7.2830,-3.1203,0.0230,0.0121,0.8921,5.6357,-7.1323
20.0857,5.5195,-7.2830,-3.1206,0.0230,0.0121,0.8921,5.6357,-7.1323
20.0952,5.5192,-7.2830,-3.1210,0.0230,0.0121,0.8921,5.6357,-7.1323
20.1048,5.5191,-7.2830,-3.1213,0.0230,0.0121,0.8953,5.6357,-7.1323
20.1149,5.5189,-7.2830,-3.1217,0.0230,0.0121,0.8953,5.6316,-7.1331
20.1252,5.5187,-7.2830,-3.1219,0.0230,0.0121,0.8953,5.6316,-7.1331
20.1347,5.5186,-7.2830,-3.1222,0.0230,0.0121,0.8953,5.6316,-7.1331
20.1450,5.5184,-7.2830,-3.1224,0.0230,0.0121,0.8953,5.6316,-7.1331
20.1551,5.5182,-7.2830,-3.1227,0.0232,-0.0050,0.8953,5.6316,-7.1331
20.1657,5.5181,-7.2830,-3.1231,0.0232,-0.0050,0.8953,5.6316,-7.1331
20.1754,5.5179,-7.2830,-3.1234,0.0232,-0.0050,0.8953,5.6316,-7.1331
20.1845,5.5178,-7.2830,-3.1238,0.0232,-0.0050,0.8953,5.6316,-7.1331
20.2087,5.5174,-7.2830,-3.1245,0.0232,-0.0050,0.8893,5.6316,-7.1331
20.2153,5.5172,-7.2831,-3.1248,0.0232,-0.0050,0.8893,5.6316,-7.1331
20.2242,5.5171,-7.2831,-3.1252,0.0232,-0.0050,0.8893,5.6291,-7.1340
20.2344,5.5169,-7.2831,-3.1255,0.0232,-0.0050,0.8893,5.6291,-7.1340
20.2444,5.5167,-7.2831,-3.1259,0.0232,-0.0050,0.8893,5.6291,-7.1340
20.2541,5.5166,-7.2831,-3.1261,0.0224,-0.0859,0.8893,5.6291,-7.1340
20.2643,5.5164,-7.2831,-3.1264,0.0224,-0.0859,0.8893,5.6291,-7.1340
20.2745,5.5162,-7.2831,-3.1266,0.0224,-0.0859,0.8893,5.6291,-7.1340
20.2848,5.5161,-7.2831,-3.1269,0.0224,-0.0859,0.8893,5.6291,-7.1340
20.2947,5.5159,-7.2831,-3.1271,0.0224,-0.0859,0.8893,5.6291,-7.1340
20.3046,5.5157,-7.2831,-3.1273,0.0224,-0.0859,0.8953,5.6291,-7.1340
20.3148,5.5156,-7.2831,-3.1276,0.0224,-0.0859,0.8953,5.6247,-7.1350
20.3254,5.5154,-7.2831,-3.1278,0.0224,-0.0859,0.8953,5.6247,-7.1350
20.3343,5.5152,-7.2831,-3.1280,0.0224,-0.0859,0.8953,5.6247,-7.1350
20.3445,5.5151,-7.2831,-3.1283,0.0224,-0.0859,0.8953,5.6247,-7.1350
20.3544,5.5149,-7.2831,-3.1285,0.0236,-0.1045,0.8953,5.6247,-7.1350
20.3649,5.5148,-7.2831,-3.1289,0.0236,-0.1045,0.8953,5.6247,-7.1350
20.3748,5.5146,-7.2831,-3.1292,0.0236,-0.1045,0.8953,5.6247,-7.1350
20.3852,5.5144,-7.2831,-3.1295,0.0236,-0.1045,0.8953,5.6247,-7.1350
20.3955,5.5143,-7.2831,-3.1301,0.0236,-0.1045,0.8953,5.6247,-7.1350
20.4044,5.5141,-7.2831,-3.1306,0.0236,-0.1045,0.8953,5.6247,-7.1350
20.4156,5.5140,-7.2831,-3.1311,0.0236,-0.1045,0.8953,5.6247,-7.1350
20.4250,5.5138,-7.2831,-3.1318,0.0236,-0.1045,0.8953,5.6233,-7.1371
20.4357,5.5136,-7.2831,-3.1325,0.0236,-0.1045,0.8953,5.6233,-7.1371
20.4449,5.5135,-7.2831,-3.1334,0.0236,-0.1045,0.8953,5.6233,-7.1371
20.4565,5.5133,-7.2831,-3.1341,0.0232,-0.1237,0.8953,5.6233,-7.1371
20.4646,5.5131,-7.2831,-3.1350,0.0232,-0.1237,0.8953,5.6233,-7.1371
20.4747,5.5129,-7.2831,-3.1358,0.0232,-0.1237,0.8953,5.6233,-7.1371
20.4855,5.5127,-7.2831,-3.1367,0.0232,-0.1237,0.8953,5.6233,-7.1371
20.4948,5.5125,-7.2831,-3.1374,0.0232,-0.1237,0.8953,5.6233,-7.1371
20.5081,5.5123,-7.2831,-3.1383,0.0232,-0.1237,0.8946,5.6222,-7.1377
20.5147,5.5121,-7.2831,-3.1390,0.0232,-0.1237,0.8946,5.6222,-7.1377
20.5244,5.5118,-7.2831,-3.1397,0.0232,-0.1237,0.8946,5.6222,-7.1377
20.5345,5.5115,-7.2831,-3.1402,0.0232,-0.1237,0.8946,5.6222,-7.1377
20.5442,5.5113,-7.2831,-3.1409,0.0232,-0.1237,0.8946,5.6222,-7.1377
20.5546,5.5110,-7.2831,-3.1414,0.0230,-0.0806,0.8946,5.6222,-7.1377
20.5651,5.5107,-7.2831,3.1412,0.0230,-0.0806,0.8946,5.6222,-7.1377
20.5752,5.5103,-7.2831,3.1405,0.0230,-0.0806,0.8946,5.6222,-7.1377
20.5852,5.5100,-7.2831,3.1400,0.0230,-0.0806,0.8946,5.6222,-7.1377
20.5944,5.5098,-7.2831,3.1393,0.0230,-0.0806,0.8946,5.6222,-7.1377
20.6045,5.5095,-7.2831,3.1386,0.0230,-0.0806,0.8930,5.6222,-7.1377
20.6145,5.5093,-7.2831,3.1379,0.0230,-0.0806,0.8930,5.6222,-7.1377
20.6249,5.5090,-7.2831,3.1372,0.0230,-0.0806,0.8930,5.6210,-7.1339
20.6356,5.5088,-7.2831,3.1365,0.0230,-0.0806,0.8930,5.6210,-7.1339
20.6447,5.5085,-7.2831,3.1357,0.0230,-0.0806,0.8930,5.6210,-7.1339
20.6546,5.5082,-7.2831,3.1351,0.0223,-0.0506,0.8930,5.6210,-7.1339
20.6647,5.5079,-7.2831,3.1344,0.0223,-0.0506,0.8930,5.6210,-7.1339
20.6748,5.5077,-7.2831,3.1337,0.0223,-0.0506,0.8930,5.6210,-7.1339
20.6986,5.5077,-7.2831,3.1337,0.0223,-0.0506,0.8930,5.6210,-7.1339
20.7024,5.5072,-7.2831,3.1327,0.0223,-0.0506,0.8930,5.6210,-7.1339
20.7057,5.5070,-7.2831,3.1322,0.0223,-0.0506,0.8967,5.6210,-7.1339
20.7144,5.5067,-7.2831,3.1316,0.0223,-0.0506,0.8967,5.6210,-7.1339
20.7500,5.5065,-7.2831,3.1311,0.0223,-0.0506,0.8967,5.6218,-7.1319
20.7501,5.5062,-7.2831,3.1306,0.0223,-0.0506,0.8967,5.6218,-7.1319
20.7501,5.5060,-7.2831,3.1301,0.0223,-0.0506,0.8967,5.6218,-7.1319
20.7578,5.5058,-7.2831,3.1295,0.0223,-0.0506,0.8967,5.6218,-7.1319
20.7665,5.5055,-7.2831,3.1290,0.0223,-0.0506,0.8967,5.6218,-7.1319
20.7739,5.5053,-7.2831,3.1285,0.0223,-0.0506,0.8967,5.6218,-7.1319
20.7840,5.5051,-7.2831,3.1280,0.0223,-0.0506,0.8967,5.6218,-7.1319
20.7941,5.5049,-7.2831,3.1275,0.0224,0.0294,0.8967,5.6218,-7.1319
20.8041,5.5047,-7.2831,3.1269,0.0224,0.0294,0.8930,5.6218,-7.1319
20.8144,5.5045,-7.2831,3.1266,0.0224,0.0294,0.8930,5.6218,-7.1319
20.8246,5.5043,-7.2831,3.1262,0.0224,0.0294,0.8930,5.6218,-7.1319
20.8341,5.5041,-7.2831,3.1257,0.0224,0.0294,0.8930,5.6218,-7.1319
20.8447,5.5038,-7.2831,3.1254,0.0224,0.0294,0.8930,5.6218,-7.1319
20.8541,5.5036,-7.2830,3.1250,0.0224,0.0294,0.8930,5.6218,-7.1319
20.8641,5.5034,-7.2830,3.1247,0.0214,0.0545,0.8930,5.6218,-7.1319
20.8741,5.5032,-7.2830,3.1243,0.0214,0.0545,0.8930,5.6216,-7.1308
20.8841,5.5030,-7.2830,3.1240,0.0214,0.0545,0.8930,5.6216,-7.1308
20.8950,5.5028,-7.2830,3.1238,0.0214,0.0545,0.8930,5.6216,-7.1308
20.9040,5.5026,-7.2830,3.1236,0.0214,0.0545,0.8948,5.6216,-7.1308
20.9153,5.5024,-7.2830,3.1234,0.0214,0.0545,0.8948,5.6216,-7.1308
20.9241,5.5021,-7.2830,3.1233,0.0214,0.0545,0.8948,5.6222,-7.1329
20.9343,5.5019,-7.2830,3.1231,0.0214,0.0545,0.8948,5.6222,-7.1329
20.9442,5.5017,-7.2830,3.1229,0.0214,0.0545,0.8948,5.6222,-7.1329
20.9544,5.5015,-7.2830,3.1227,0.0214,0.0545,0.8948,5.6222,-7.1329
20.9642,5.5013,-7.2830,3.1226,0.0214,0.0545,0.8948,5.6222,-7.1329
20.9752,5.5011,-7.2830,3.1224,0.0214,0.0545,0.8948,5.6222,-7.1329
20.9845,5.5009,-7.2830,3.1220,0.0236,0.1255,0.8948,5.6222,-7.1329
21.0106,5.5007,-7.2830,3.1219,0.0236,0.1255,0.8942,5.6222,-7.1329
21.0130,5.5002,-7.2830,3.1212,0.0236,0.1255,0.8942,5.6222,-7.1329
21.0178,5.5002,-7.2830,3.1212,0.0236,0.1255,0.8942,5.6222,-7.1329
21.0270,5.5000,-7.2830,3.1208,0.0236,0.1255,0.8942,5.6210,-7.1337
21.0359,5.4997,-7.2830,3.1205,0.0236,0.1255,0.8942,5.6210,-7.1337
21.0452,5.4995,-7.2830,3.1201,0.0236,0.1255,0.8942,5.6210,-7.1337
21.0557,5.4993,-7.2830,3.1198,0.0236,0.1255,0.8942,5.6210,-7.1337
21.0649,5.4991,-7.2830,3.1194,0.0236,0.1255,0.8942,5.6210,-7.1337
21.0745,5.4990,-7.2830,3.1189,0.0225,0.1586,0.8942,5.6210,-7.1337
21.0878,5.4987,-7.2830,3.1186,0.0225,0.1586,0.8942,5.6210,-7.1337
21.0951,5.4985,-7.2829,3.1182,0.0225,0.1586,0.8942,5.6210,-7.1337
21.1083,5.4983,-7.2829,3.1180,0.0225,0.1586,0.8928,5.6210,-7.1337
21.1162,5.4981,-7.2829,3.1177,0.0225,0.1586,0.8928,5.6210,-7.1337
21.1248,5.4979,-7.2829,3.1177,0.0225,0.1586,0.8928,5.6210,-7.1337
21.1370,5.4977,-7.2829,3.1175,0.0225,0.1586,0.8928,5.6210,-7.1337
21.1448,5.4975,-7.2829,3.1177,0.0225,0.1586,0.8928,5.6179,-7.1315
21.1545,5.4974,-7.2829,3.1179,0.0236,0.2078,0.8928,5.6179,-7.1315
21.1661,5.4973,-7.2829,3.1182,0.0236,0.2078,0.8928,5.6179,-7.1315
21.1781,5.4972,-7.2829,3.1186,0.0236,0.2078,0.8928,5.6179,-7.1315
21.1944,5.4971,-7.2829,3.1198,0.0236,0.2078,0.8928,5.6179,-7.1315
21.2111,5.4970,-7.2829,3.1206,0.0236,0.2078,0.8962,5.6179,-7.1315
21.2283,5.4968,-7.2829,3.1224,0.0236,0.2078,0.8962,5.6179,-7.1315
21.2354,5.4966,-7.2829,3.1234,0.0236,0.2078,0.8962,5.6179,-7.1315
21.2493,5.4965,-7.2829,3.1245,0.0236,0.2078,0.8962,5.6158,-7.1306
21.2557,5.4964,-7.2829,3.1255,0.0237,0.2208,0.8962,5.6158,-7.1306
21.2654,5.4963,-7.2829,3.1266,0.0237,0.2208,0.8962,5.6158,-7.1306
21.2749,5.4961,-7.2829,3.1276,0.0237,0.2208,0.8962,5.6158,-7.1306
21.2840,5.4960,-7.2829,3.1287,0.0237,0.2208,0.8962,5.6158,-7.1306
21.2946,5.4959,-7.2829,3.1299,0.0237,0.2208,0.8962,5.6158,-7.1306
21.3051,5.4958,-7.2829,3.1309,0.0237,0.2208,0.8971,5.6158,-7.1306
21.3152,5.4956,-7.2829,3.1320,0.0237,0.2208,0.8971,5.6151,-7.1332
21.3254,5.4955,-7.2829,3.1330,0.0237,0.2208,0.8971,5.6151,-7.1332
21.3348,5.4953,-7.2829,3.1341,0.0237,0.2208,0.8971,5.6151,-7.1332
21.3453,5.4952,-7.2829,3.1351,0.0237,0.2208,0.8971,5.6151,-7.1332
21.3555,5.4950,-7.2829,3.1364,0.0237,0.2208,0.8971,5.6151,-7.1332
21.3649,5.4948,-7.2829,3.1374,0.0237,0.2208,0.8971,5.6151,-7.1332
21.3751,5.4947,-7.2829,3.1385,0.0227,0.1978,0.8971,5.6151,-7.1332
21.3839,5.4945,-7.2829,3.1397,0.0227,0.1978,0.8971,5.6151,-7.1332
21.3943,5.4943,-7.2829,3.1409,0.0227,0.1978,0.8971,5.6151,-7.1332
21.4045,5.4941,-7.2829,-3.1411,0.0227,0.1978,0.8948,5.6151,-7.1332
21.4143,5.4939,-7.2829,-3.1398,0.0227,0.1978,0.8948,5.6125,-7.1341
21.4248,5.4937,-7.2829,-3.1385,0.0227,0.1978,0.8948,5.6125,-7.1341
21.4358,5.4934,-7.2829,-3.1371,0.0227,0.1978,0.8948,5.6125,-7.1341
21.4444,5.4932,-7.2829,-3.1355,0.0227,0.1978,0.8948,5.6125,-7.1341
21.4541,5.4929,-7.2829,-3.1341,0.0226,0.1726,0.8948,5.6125,-7.1341
21.4649,5.4927,-7.2829,-3.1341,0.0226,0.1726,0.8948,5.6125,-7.1341
21.4746,5.4925,-7.2829,-3.1325,0.0226,0.1726,0.8948,5.6125,-7.1341
21.4856,5.4922,-7.2829,-3.1309,0.0226,0.1726,0.8948,5.6125,-7.1341
21.4962,5.4920,-7.2829,-3.1292,0.0226,0.1726,0.8948,5.6125,-7.1341
21.5053,5.4918,-7.2829,-3.1276,0.0226,0.1726,0.8953,5.6125,-7.1341
21.5149,5.4915,-7.2829,-3.1259,0.0226,0.1726,0.8953,5.6092,-7.1355
21.5280,5.4912,-7.2829,-3.1241,0.0226,0.1726,0.8953,5.6092,-7.1355
21.5354,5.4909,-7.2829,-3.1224,0.0226,0.1726,0.8953,5.6092,-7.1355
21.5448,5.4906,-7.2829,-3.1205,0.0226,0.1726,0.8953,5.6092,-7.1355
21.5545,5.4903,-7.2829,-3.1187,0.0226,0.1726,0.8953,5.6092,-7.1355
21.5648,5.4899,-7.2829,-3.1170,0.0232,0.0910,0.8953,5.6092,-7.1355
21.5750,5.4896,-7.2829,-3.1152,0.0232,0.0910,0.8953,5.6092,-7.1355
21.5847,5.4894,-7.2830,-3.1135,0.0232,0.0910,0.8953,5.6092,-7.1355
21.5951,5.4891,-7.2830,-3.1117,0.0232,0.0910,0.8953,5.6092,-7.1355
21.6039,5.4887,-7.2830,-3.1100,0.0232,0.0910,0.8934,5.6092,-7.1355
21.6146,5.4885,-7.2830,-3.1084,0.0232,0.0910,0.8934,5.6073,-7.1335
21.6242,5.4883,-7.2830,-3.1070,0.0232,0.0910,0.8934,5.6073,-7.1335
21.6347,5.4880,-7.2830,-3.1055,0.0232,0.0910,0.8934,5.6073,-7.1335
21.6476,5.4878,-7.2830,-3.1041,0.0232,0.0910,0.8934,5.6073,-7.1335
21.6541,5.4876,-7.2830,-3.1028,0.0230,-0.0090,0.8934,5.6073,-7.1335
21.6641,5.4873,-7.2830,-3.1016,0.0230,-0.0090,0.8934,5.6073,-7.1335
21.6741,5.4871,-7.2830,-3.1004,0.0230,-0.0090,0.8934,5.6073,-7.1335
21.6841,5.4869,-7.2830,-3.0992,0.0230,-0.0090,0.8934,5.6073,-7.1335
21.6944,5.4867,-7.2831,-3.0981,0.0230,-0.0090,0.8934,5.6073,-7.1335
21.7120,5.4866,-7.2831,-3.0971,0.0230,-0.0090,0.8974,5.6073,-7.1335
21.7151,5.4864,-7.2831,-3.0959,0.0230,-0.0090,0.8974,5.6073,-7.1335
21.7246,5.4862,-7.2831,-3.0948,0.0230,-0.0090,0.8974,5.6073,-7.1335
21.7341,5.4861,-7.2831,-3.0938,0.0230,-0.0090,0.8974,5.6059,-7.1346
21.7445,5.4859,-7.2831,-3.0927,0.0230,-0.0090,0.8974,5.6059,-7.1346
21.7555,5.4858,-7.2831,-3.0919,0.0220,-0.0392,0.8974,5.6059,-7.1346
21.7645,5.4856,-7.2831,-3.0910,0.0220,-0.0392,0.8974,5.6059,-7.1346
21.7748,5.4855,-7.2831,-3.0903,0.0220,-0.0392,0.8974,5.6059,-7.1346
21.7846,5.4853,-7.2831,-3.0896,0.0220,-0.0392,0.8974,5.6059,-7.1346
21.7953,5.4852,-7.2831,-3.0891,0.0220,-0.0392,0.8974,5.6059,-7.1346
21.8048,5.4851,-7.2831,-3.0885,0.0220,-0.0392,0.8898,5.6085,-7.1364
21.8147,5.4849,-7.2831,-3.0880,0.0220,-0.0392,0.8898,5.6085,-7.1364
21.8264,5.4848,-7.2831,-3.0877,0.0220,-0.0392,0.8898,5.6085,-7.1364
21.8354,5.4847,-7.2832,-3.0873,0.0220,-0.0392,0.8898,5.6085,-7.1364
21.8459,5.4846,-7.2832,-3.0871,0.0220,-0.0392,0.8898,5.6085,-7.1364
21.8555,5.4844,-7.2832,-3.0868,0.0223,-0.1167,0.8898,5.6085,-7.1364
21.8652,5.4843,-7.2832,-3.0866,0.0223,-0.1167,0.8898,5.6085,-7.1364
21.8761,5.4841,-7.2832,-3.0863,0.0223,-0.1167,0.8898,5.6085,-7.1364
21.8946,5.4840,-7.2832,-3.0861,0.0223,-0.1167,0.8898,5.6085,-7.1364
21.8967,5.4839,-7.2832,-3.0857,0.0223,-0.1167,0.8960,5.6085,-7.1364
21.9076,5.4839,-7.2832,-3.0856,0.0223,-0.1167,0.8960,5.6085,-7.1364
21.9163,5.4836,-7.2832,-3.0852,0.0223,-0.1167,0.8960,5.6085,-7.1364
21.9285,5.4835,-7.2832,-3.0850,0.0223,-0.1167,0.8960,5.6085,-7.1364
21.9402,5.4833,-7.2832,-3.0849,0.0223,-0.1167,0.8960,5.6085,-7.1364
21.9593,5.4830,-7.2832,-3.0843,0.0223,-0.1167,0.8960,5.6085,-7.1364
21.9644,5.4828,-7.2833,-3.0842,0.0223,-0.1167,0.8960,5.6093,-7.1350
21.9744,5.4827,-7.2833,-3.0838,0.0223,-0.1167,0.8960,5.6093,-7.1350
21.9845,5.4825,-7.2833,-3.0836,0.0223,-0.1167,0.8960,5.6093,-7.1350
21.9989,5.4824,-7.2833,-3.0833,0.0230,-0.1216,0.8967,5.6093,-7.1350
22.0042,5.4821,-7.2833,-3.0831,0.0230,-0.1216,0.8967,5.6082,-7.1339
22.0142,5.4820,-7.2833,-3.0829,0.0230,-0.1216,0.8967,5.6082,-7.1339
22.0245,5.4818,-7.2833,-3.0828,0.0230,-0.1216,0.8967,5.6082,-7.1339
22.0344,5.4816,-7.2833,-3.0826,0.0230,-0.1216,0.8967,5.6082,-7.1339
22.0444,5.4815,-7.2833,-3.0826,0.0230,-0.1216,0.8967,5.6082,-7.1339
22.0539,5.4813,-7.2833,-3.0824,0.0236,-0.1025,0.8967,5.6082,-7.1339
22.0765,5.4810,-7.2834,-3.0823,0.0236,-0.1025,0.8967,5.6082,-7.1339
22.0846,5.4810,-7.2834,-3.0823,0.0236,-0.1025,0.8967,5.6082,-7.1339
22.0949,5.4807,-7.2834,-3.0823,0.0236,-0.1025,0.8967,5.6082,-7.1339
22.1043,5.4805,-7.2834,-3.0821,0.0236,-0.1025,0.8921,5.6082,-7.1339
22.1144,5.4803,-7.2834,-3.0821,0.0236,-0.1025,0.8921,5.6063,-7.1318
22.1245,5.4801,-7.2834,-3.0821,0.0236,-0.1025,0.8921,5.6063,-7.1318
22.1348,5.4799,-7.2834,-3.0819,0.0236,-0.1025,0.8921,5.6063,-7.1318
22.1445,5.4797,-7.2834,-3.0819,0.0236,-0.1025,0.8921,5.6063,-7.1318
22.1547,5.4796,-7.2834,-3.0817,0.0236,-0.1025,0.8921,5.6063,-7.1318
22.1651,5.4794,-7.2835,-3.0816,0.0240,-0.1333,0.8921,5.6063,-7.1318
22.1750,5.4792,-7.2835,-3.0812,0.0240,-0.1333,0.8921,5.6063,-7.1318
22.1858,5.4790,-7.2835,-3.0807,0.0240,-0.1333,0.8921,5.6063,-7.1318
22.1959,5.4788,-7.2835,-3.0802,0.0240,-0.1333,0.8974,5.6063,-7.1318
22.2044,5.4786,-7.2835,-3.0796,0.0240,-0.1333,0.8974,5.6063,-7.1318
22.2149,5.4784,-7.2835,-3.0793,0.0240,-0.1333,0.8974,5.6038,-7.1309
22.2255,5.4782,-7.2835,-3.0788,0.0240,-0.1333,0.8974,5.6038,-7.1309
22.2355,5.4780,-7.2835,-3.0784,0.0240,-0.1333,0.8974,5.6038,-7.1309
22.2464,5.4778,-7.2836,-3.0781,0.0240,-0.1333,0.8974,5.6038,-7.1309
22.2543,5.4776,-7.2836,-3.0777,0.0239,-0.1150,0.8974,5.6038,-7.1309
22.2643,5.4775,-7.2836,-3.0775,0.0239,-0.1150,0.8974,5.6038,-7.1309
22.2746,5.4773,-7.2836,-3.0774,0.0239,-0.1150,0.8974,5.6038,-7.1309
22.2844,5.4771,-7.2836,-3.0774,0.0239,-0.1150,0.8974,5.6038,-7.1309
22.2958,5.4769,-7.2836,-3.0774,0.0239,-0.1150,0.8965,5.6038,-7.1309
22.3049,5.4767,-7.2836,-3.0774,0.0239,-0.1150,0.8965,5.6010,-7.1340
22.3145,5.4766,-7.2836,-3.0775,0.0239,-0.1150,0.8965,5.6010,-7.1340
22.3249,5.4764,-7.2837,-3.0777,0.0239,-0.1150,0.8965,5.6010,-7.1340
22.3348,5.4762,-7.2837,-3.0781,0.0239,-0.1150,0.8965,5.6010,-7.1340
22.3446,5.4760,-7.2837,-3.0782,0.0239,-0.1150,0.8965,5.6010,-7.1340
22.3548,5.4758,-7.2837,-3.0786,0.0227,-0.1112,0.8965,5.6010,-7.1340
22.3659,5.4757,-7.2837,-3.0791,0.0227,-0.1112,0.8965,5.6010,-7.1340
22.3751,5.4755,-7.2837,-3.0795,0.0227,-0.1112,0.8965,5.6010,-7.1340
22.3847,5.4753,-7.2837,-3.0800,0.0227,-0.1112,0.8965,5.6010,-7.1340
22.3950,5.4752,-7.2837,-3.0803,0.0227,-0.1112,0.8860,5.6010,-7.1340
22.4044,5.4750,-7.2837,-3.0809,0.0227,-0.1112,0.8860,5.5810,-7.1366
22.4142,5.4748,-7.2837,-3.0814,0.0227,-0.1112,0.8860,5.5810,-7.1366
22.4250,5.4746,-7.2838,-3.0821,0.0227,-0.1112,0.8860,5.5810,-7.1366
22.4365,5.4745,-7.2838,-3.0828,0.0227,-0.1112,0.8860,5.5810,-7.1366
22.4447,5.4742,-7.2838,-3.0833,0.0227,-0.1112,0.8860,5.5810,-7.1366
22.4560,5.4740,-7.2838,-3.0842,0.0224,-0.0440,0.8860,5.5810,-7.1366
22.4650,5.4738,-7.2838,-3.0849,0.0224,-0.0440,0.8860,5.5810,-7.1366
22.4744,5.4736,-7.2838,-3.0856,0.0224,-0.0440,0.8860,5.5810,-7.1366
22.4847,5.4734,-7.2838,-3.0864,0.0224,-0.0440,0.8860,5.5810,-7.1366
22.4955,5.4731,-7.2838,-3.0871,0.0224,-0.0440,0.8977,5.5810,-7.1366
22.5047,5.4729,-7.2839,-3.0878,0.0224,-0.0440,0.8977,5.5810,-7.1366
22.5142,5.4727,-7.2839,-3.0887,0.0224,-0.0440,0.8977,5.5685,-7.1407
22.5248,5.4724,-7.2839,-3.0894,0.0224,-0.0440,0.8977,5.5685,-7.1407
22.5347,5.4722,-7.2839,-3.0899,0.0224,-0.0440,0.8977,5.5685,-7.1407
22.5448,5.4719,-7.2839,-3.0906,0.0224,-0.0440,0.8977,5.5685,-7.1407
22.5548,5.4718,-7.2839,-3.0913,0.0234,-0.0141,0.8977,5.5685,-7.1407
22.5651,5.4715,-7.2839,-3.0919,0.0234,-0.0141,0.8977,5.5685,-7.1407
22.5749,5.4713,-7.2839,-3.0924,0.0234,-0.0141,0.8977,5.5685,-7.1407
22.5868,5.4711,-7.2840,-3.0927,0.0234,-0.0141,0.8977,5.5685,-7.1407
22.6011,5.4706,-7.2840,-3.0932,0.0234,-0.0141,0.8811,5.5582,-7.1419
22.6047,5.4706,-7.2840,-3.0932,0.0234,-0.0141,0.8811,5.5582,-7.1419
22.6145,5.4704,-7.2840,-3.0934,0.0234,-0.0141,0.8811,5.5582,-7.1419
22.6247,5.4703,-7.2840,-3.0936,0.0234,-0.0141,0.8811,5.5582,-7.1419
22.6347,5.4700,-7.2840,-3.0936,0.0234,-0.0141,0.8811,5.5582,-7.1419
22.6452,5.4698,-7.2840,-3.0936,0.0234,-0.0141,0.8811,5.5582,-7.1419
22.6545,5.4696,-7.2840,-3.0936,0.0234,-0.0141,0.8811,5.5582,-7.1419
22.6644,5.4694,-7.2840,-3.0938,0.0223,0.0310,0.8811,5.5582,-7.1419
22.6750,5.4692,-7.2840,-3.0938,0.0223,0.0310,0.8811,5.5582,-7.1419
22.6861,5.4689,-7.2841,-3.0938,0.0223,0.0310,0.8811,5.5582,-7.1419
22.7111,5.4682,-7.2841,-3.0938,0.0223,0.0310,0.8964,5.5582,-7.1419
22.7186,5.4682,-7.2841,-3.0938,0.0223,0.0310,0.8964,5.5582,-7.1419
22.7277,5.4680,-7.2841,-3.0938,0.0223,0.0310,0.8964,5.5458,-7.1429
22.7345,5.4678,-7.2841,-3.0938,0.0223,0.0310,0.8964,5.5458,-7.1429
22.7448,5.4676,-7.2841,-3.0939,0.0223,0.0310,0.8964,5.5458,-7.1429
22.7538,5.4673,-7.2841,-3.0941,0.0231,0.0388,0.8964,5.5458,-7.1429
22.7639,5.4671,-7.2841,-3.0943,0.0231,0.0388,0.8964,5.5458,-7.1429
22.7740,5.4668,-7.2842,-3.0946,0.0231,0.0388,0.8964,5.5458,-7.1429
22.7844,5.4665,-7.2842,-3.0948,0.0231,0.0388,0.8964,5.5458,-7.1429
22.7955,5.4663,-7.2842,-3.0952,0.0231,0.0388,0.8856,5.5458,-7.1429
22.8048,5.4661,-7.2842,-3.0953,0.0231,0.0388,0.8856,5.5458,-7.1429
22.8150,5.4658,-7.2842,-3.0957,0.0231,0.0388,0.8856,5.5386,-7.1433
22.8249,5.4656,-7.2842,-3.0959,0.0231,0.0388,0.8856,5.5386,-7.1433
22.8347,5.4654,-7.2842,-3.0960,0.0231,0.0388,0.8856,5.5386,-7.1433
22.8449,5.4651,-7.2842,-3.0962,0.0231,0.0388,0.8856,5.5386,-7.1433
22.8554,5.4649,-7.2842,-3.0964,0.0215,0.0582,0.8856,5.5386,-7.1433
22.8646,5.4646,-7.2843,-3.0964,0.0215,0.0582,0.8856,5.5386,-7.1433
22.8746,5.4644,-7.2843,-3.0966,0.0215,0.0582,0.8856,5.5386,-7.1433
22.8848,5.4641,-7.2843,-3.0966,0.0215,0.0582,0.8856,5.5386,-7.1433
22.8947,5.4639,-7.2843,-3.0966,0.0215,0.0582,0.8978,5.5386,-7.1433
22.9047,5.4637,-7.2843,-3.0966,0.0215,0.0582,0.8978,5.5386,-7.1433
22.9148,5.4634,-7.2843,-3.0966,0.0215,0.0582,0.8978,5.5383,-7.1435
22.9257,5.4632,-7.2843,-3.0966,0.0215,0.0582,0.8978,5.5383,-7.1435
22.9373,5.4630,-7.2843,-3.0966,0.0215,0.0582,0.8978,5.5383,-7.1435
22.9503,5.4628,-7.2843,-3.0964,0.0212,0.0876,0.8978,5.5383,-7.1435
22.9545,5.4626,-7.2843,-3.0964,0.0212,0.0876,0.8978,5.5383,-7.1435
22.9650,5.4623,-7.2844,-3.0964,0.0212,0.0876,0.8978,5.5383,-7.1435
22.9746,5.4621,-7.2844,-3.0962,0.0212,0.0876,0.8978,5.5383,-7.1435
22.9847,5.4619,-7.2844,-3.0962,0.0212,0.0876,0.8978,5.5383,-7.1435
22.9952,5.4617,-7.2844,-3.0960,0.0212,0.0876,0.8978,5.5383,-7.1435
23.0046,5.4615,-7.2844,-3.0960,0.0212,0.0876,0.8978,5.5259,-7.1439
23.0146,5.4612,-7.2844,-3.0959,0.0212,0.0876,0.8978,5.5259,-7.1439
23.0258,5.4610,-7.2844,-3.0957,0.0212,0.0876,0.8978,5.5259,-7.1439
23.0354,5.4608,-7.2844,-3.0955,0.0212,0.0876,0.8978,5.5259,-7.1439
23.0454,5.4606,-7.2844,-3.0953,0.0212,0.0876,0.8978,5.5259,-7.1439
23.0551,5.4604,-7.2844,-3.0952,0.0212,0.0876,0.8978,5.5259,-7.1439
23.0647,5.4602,-7.2845,-3.0950,0.0212,0.0876,0.8978,5.5259,-7.1439
23.0745,5.4600,-7.2845,-3.0948,0.0212,0.0876,0.8978,5.5259,-7.1439
23.0853,5.4598,-7.2845,-3.0946,0.0234,0.0382,0.8978,5.5259,-7.1439
23.0949,5.4596,-7.2845,-3.0945,0.0234,0.0382,0.8902,5.5259,-7.1439
23.1060,5.4594,-7.2845,-3.0945,0.0234,0.0382,0.8902,5.5280,-7.1441
23.1143,5.4593,-7.2845,-3.0945,0.0234,0.0382,0.8902,5.5280,-7.1441
23.1261,5.4590,-7.2845,-3.0945,0.0234,0.0382,0.8902,5.5280,-7.1441
23.1343,5.4589,-7.2845,-3.0945,0.0234,0.0382,0.8902,5.5280,-7.1441
23.1444,5.4587,-7.2845,-3.0946,0.0234,0.0382,0.8902,5.5280,-7.1441
23.1543,5.4585,-7.2845,-3.0948,0.0228,-0.0174,0.8902,5.5280,-7.1441
23.1652,5.4583,-7.2845,-3.0950,0.0228,-0.0174,0.8902,5.5280,-7.1441
23.1741,5.4581,-7.2846,-3.0952,0.0228,-0.0174,0.8902,5.5280,-7.1441
23.1845,5.4579,-7.2846,-3.0953,0.0228,-0.0174,0.8902,5.5280,-7.1441
23.1947,5.4577,-7.2846,-3.0955,0.0228,-0.0174,0.8964,5.5280,-7.1441
23.2042,5.4575,-7.2846,-3.0957,0.0228,-0.0174,0.8964,5.5253,-7.1438
23.2146,5.4573,-7.2846,-3.0959,0.0228,-0.0174,0.8964,5.5253,-7.1438
23.2247,5.4571,-7.2846,-3.0959,0.0228,-0.0174,0.8964,5.5253,-7.1438
23.2355,5.4569,-7.2846,-3.0959,0.0228,-0.0174,0.8964,5.5253,-7.1438
23.2451,5.4568,-7.2846,-3.0959,0.0228,-0.0174,0.8964,5.5253,-7.1438
23.2550,5.4566,-7.2846,-3.0959,0.0228,-0.0002,0.8964,5.5253,-7.1438
23.2642,5.4564,-7.2846,-3.0957,0.0228,-0.0002,0.8964,5.5253,-7.1438
23.2747,5.4562,-7.2846,-3.0957,0.0228,-0.0002,0.8964,5.5253,-7.1438
23.2844,5.4560,-7.2847,-3.0955,0.0228,-0.0002,0.8964,5.5253,-7.1438
23.2943,5.4558,-7.2847,-3.0955,0.0228,-0.0002,0.8923,5.5253,-7.1438
23.3042,5.4556,-7.2847,-3.0955,0.0228,-0.0002,0.8923,5.5253,-7.1438
23.3145,5.4555,-7.2847,-3.0957,0.0228,-0.0002,0.8923,5.5246,-7.1442
23.3245,5.4553,-7.2847,-3.0957,0.0228,-0.0002,0.8923,5.5246,-7.1442
23.3342,5.4551,-7.2847,-3.0959,0.0228,-0.0002,0.8923,5.5246,-7.1442
23.3448,5.4549,-7.2847,-3.0960,0.0228,-0.0002,0.8923,5.5246,-7.1442
23.3545,5.4548,-7.2847,-3.0960,0.0229,-0.0201,0.8923,5.5246,-7.1442
23.3649,5.4546,-7.2847,-3.0962,0.0229,-0.0201,0.8923,5.5246,-7.1442
23.3747,5.4544,-7.2847,-3.0964,0.0229,-0.0201,0.8923,5.5246,-7.1442
23.3852,5.4544,-7.2847,-3.0964,0.0229,-0.0201,0.8923,5.5246,-7.1442
23.3957,5.4541,-7.2847,-3.0964,0.0229,-0.0201,0.8943,5.5246,-7.1442
23.4046,5.4539,-7.2847,-3.0964,0.0229,-0.0201,0.8943,5.5199,-7.1468
23.4145,5.4537,-7.2848,-3.0964,0.0229,-0.0201,0.8943,5.5199,-7.1468
23.4244,5.4535,-7.2848,-3.0962,0.0229,-0.0201,0.8943,5.5199,-7.1468
23.4342,5.4533,-7.2848,-3.0962,0.0229,-0.0201,0.8943,5.5199,-7.1468
23.4473,5.4532,-7.2848,-3.0962,0.0229,-0.0201,0.8943,5.5199,-7.1468
23.4544,5.4530,-7.2848,-3.0960,0.0232,0.0177,0.8943,5.5199,-7.1468
23.4648,5.4528,-7.2848,-3.0960,0.0232,0.0177,0.8943,5.5199,-7.1468
23.4756,5.4526,-7.2848,-3.0960,0.0232,0.0177,0.8943,5.5199,-7.1468
23.4858,5.4526,-7.2848,-3.0960,0.0232,0.0177,0.8943,5.5199,-7.1468
23.4948,5.4522,-7.2848,-3.0962,0.0232,0.0177,0.9024,5.5199,-7.1468
23.5048,5.4520,-7.2848,-3.0962,0.0232,0.0177,0.9024,5.5242,-7.1445
23.5147,5.4518,-7.2848,-3.0964,0.0232,0.0177,0.9024,5.5242,-7.1445
23.5248,5.4516,-7.2849,-3.0964,0.0232,0.0177,0.9024,5.5242,-7.1445
23.5352,5.4513,-7.2849,-3.0966,0.0232,0.0177,0.9024,5.5242,-7.1445
23.5447,5.4511,-7.2849,-3.0964,0.0232,0.0177,0.9024,5.5242,-7.1445
23.5541,5.4509,-7.2849,-3.0964,0.0223,0.0398,0.9024,5.5242,-7.1445
23.5643,5.4507,-7.2849,-3.0962,0.0223,0.0398,0.9024,5.5242,-7.1445
23.5745,5.4505,-7.2849,-3.0960,0.0223,0.0398,0.9024,5.5242,-7.1445
23.5844,5.4503,-7.2849,-3.0959,0.0223,0.0398,0.9024,5.5242,-7.1445
23.5974,5.4501,-7.2849,-3.0957,0.0223,0.0398,0.8941,5.5242,-7.1445
23.6057,5.4500,-7.2849,-3.0957,0.0223,0.0398,0.8941,5.5173,-7.1458
23.6148,5.4497,-7.2849,-3.0955,0.0223,0.0398,0.8941,5.5173,-7.1458
23.6248,5.4495,-7.2849,-3.0955,0.0223,0.0398,0.8941,5.5173,-7.1458
23.6350,5.4494,-7.2850,-3.0953,0.0223,0.0398,0.8941,5.5173,-7.1458
23.6452,5.4492,-7.2850,-3.0952,0.0223,0.0398,0.8941,5.5173,-7.1458
23.6545,5.4490,-7.2850,-3.0952,0.0231,-0.0093,0.8941,5.5173,-7.1458
23.6646,5.4489,-7.2850,-3.0950,0.0231,-0.0093,0.8941,5.5173,-7.1458
23.6746,5.4487,-7.2850,-3.0950,0.0231,-0.0093,0.8941,5.5173,-7.1458
23.6853,5.4485,-7.2850,-3.0948,0.0231,-0.0093,0.8941,5.5173,-7.1458
23.7171,5.4482,-7.2850,-3.0946,0.0231,-0.0093,0.9004,5.5173,-7.1458
23.7172,5.4482,-7.2850,-3.0946,0.0231,-0.0093,0.9004,5.5215,-7.1442
23.7172,5.4480,-7.2850,-3.0945,0.0231,-0.0093,0.9004,5.5215,-7.1442
23.7251,5.4478,-7.2850,-3.0943,0.0231,-0.0093,0.9004,5.5215,-7.1442
23.7354,5.4477,-7.2850,-3.0941,0.0231,-0.0093,0.9004,5.5215,-7.1442
23.7456,5.4475,-7.2850,-3.0938,0.0231,-0.0093,0.9004,5.5215,-7.1442
23.7545,5.4473,-7.2851,-3.0936,0.0223,-0.0363,0.9004,5.5215,-7.1442
23.7653,5.4471,-7.2851,-3.0934,0.0223,-0.0363,0.9004,5.5215,-7.1442
23.7746,5.4469,-7.2851,-3.0931,0.0223,-0.0363,0.9004,5.5215,-7.1442
23.7851,5.4468,-7.2851,-3.0929,0.0223,-0.0363,0.9004,5.5215,-7.1442
23.7953,5.4466,-7.2851,-3.0925,0.0223,-0.0363,0.8899,5.5215,-7.1442
23.8044,5.4464,-7.2851,-3.0924,0.0223,-0.0363,0.8899,5.5225,-7.1445
23.8150,5.4462,-7.2851,-3.0924,0.0223,-0.0363,0.8899,5.5225,-7.1445
23.8251,5.4459,-7.2851,-3.0924,0.0223,-0.0363,0.8899,5.5225,-7.1445
23.8342,5.4457,-7.2851,-3.0924,0.0223,-0.0363,0.8899,5.5225,-7.1445
23.8448,5.4455,-7.2851,-3.0925,0.0223,-0.0363,0.8899,5.5225,-7.1445
23.8553,5.4453,-7.2851,-3.0927,0.0236,-0.0459,0.8899,5.5225,-7.1445
23.8645,5.4451,-7.2852,-3.0929,0.0236,-0.0459,0.8899,5.5225,-7.1445
23.8779,5.4449,-7.2852,-3.0931,0.0236,-0.0459,0.8899,5.5225,-7.1445
23.8852,5.4447,-7.2852,-3.0934,0.0236,-0.0459,0.8899,5.5225,-7.1445
23.8955,5.4445,-7.2852,-3.0936,0.0236,-0.0459,0.8893,5.5225,-7.1445
23.9039,5.4443,-7.2852,-3.0939,0.0236,-0.0459,0.8893,5.5218,-7.1434
23.9152,5.4440,-7.2852,-3.0941,0.0236,-0.0459,0.8893,5.5218,-7.1434
23.9245,5.4437,-7.2852,-3.0943,0.0236,-0.0459,0.8893,5.5218,-7.1434
23.9343,5.4435,-7.2852,-3.0945,0.0236,-0.0459,0.8893,5.5218,-7.1434
23.9450,5.4432,-7.2852,-3.0948,0.0236,-0.0459,0.8893,5.5218,-7.1434
23.9545,5.4430,-7.2853,-3.0950,0.0222,-0.0235,0.8893,5.5218,-7.1434
23.9728,5.4427,-7.2853,-3.0952,0.0222,-0.0235,0.8893,5.5218,-7.1434
23.9778,5.4422,-7.2853,-3.0957,0.0222,-0.0235,0.8893,5.5218,-7.1434
23.9887,5.4422,-7.2853,-3.0957,0.0222,-0.0235,0.8893,5.5218,-7.1434
23.9981,5.4419,-7.2853,-3.0960,0.0222,-0.0235,0.8984,5.5218,-7.1434
24.0061,5.4416,-7.2853,-3.0962,0.0222,-0.0235,0.8984,5.5218,-7.1434
24.0168,5.4414,-7.2853,-3.0964,0.0222,-0.0235,0.8984,5.5208,-7.1439
24.0275,5.4412,-7.2853,-3.0966,0.0222,-0.0235,0.8984,5.5208,-7.1439
24.0353,5.4409,-7.2854,-3.0966,0.0222,-0.0235,0.8984,5.5208,-7.1439
24.0440,5.4408,-7.2854,-3.0967,0.0222,-0.0235,0.8984,5.5208,-7.1439
24.0540,5.4405,-7.2854,-3.0969,0.0222,-0.0235,0.8984,5.5208,-7.1439
24.0646,5.4403,-7.2854,-3.0971,0.0222,-0.0235,0.8984,5.5208,-7.1439
24.0743,5.4401,-7.2854,-3.0971,0.0230,0.0425,0.8984,5.5208,-7.1439
24.0845,5.4399,-7.2854,-3.0971,0.0230,0.0425,0.8984,5.5208,-7.1439
24.0954,5.4397,-7.2854,-3.0971,0.0230,0.0425,0.8808,5.5208,-7.1439
24.1044,5.4396,-7.2854,-3.0971,0.0230,0.0425,0.8808,5.5188,-7.1429
24.1143,5.4394,-7.2854,-3.0969,0.0230,0.0425,0.8808,5.5188,-7.1429
24.1244,5.4392,-7.2854,-3.0967,0.0230,0.0425,0.8808,5.5188,-7.1429
24.1350,5.4390,-7.2854,-3.0966,0.0230,0.0425,0.8808,5.5188,-7.1429
24.1444,5.4388,-7.2854,-3.0966,0.0230,0.0425,0.8808,5.5188,-7.1429
24.1577,5.4387,-7.2855,-3.0964,0.0239,0.0286,0.8808,5.5188,-7.1429
24.1682,5.4383,-7.2855,-3.0962,0.0239,0.0286,0.8808,5.5188,-7.1429
24.1739,5.4383,-7.2855,-3.0962,0.0239,0.0286,0.8808,5.5188,-7.1429
24.1839,5.4381,-7.2855,-3.0960,0.0239,0.0286,0.8808,5.5188,-7.1429
24.1940,5.4380,-7.2855,-3.0959,0.0239,0.0286,0.8943,5.5188,-7.1429
24.2040,5.4378,-7.2855,-3.0957,0.0239,0.0286,0.8943,5.5167,-7.1453
24.2165,5.4377,-7.2855,-3.0955,0.0239,0.0286,0.8943,5.5167,-7.1453
24.2266,5.4375,-7.2855,-3.0953,0.0239,0.0286,0.8943,5.5167,-7.1453
24.2347,5.4373,-7.2855,-3.0950,0.0239,0.0286,0.8943,5.5167,-7.1453
24.2442,5.4371,-7.2855,-3.0948,0.0239,0.0286,0.8943,5.5167,-7.1453
24.2541,5.4369,-7.2855,-3.0945,0.0225,-0.0223,0.8943,5.5167,-7.1453
24.2670,5.4367,-7.2855,-3.0943,0.0225,-0.0223,0.8943,5.5167,-7.1453
24.2871,5.4361,-7.2856,-3.0936,0.0225,-0.0223,0.8929,5.5167,-7.1453
24.3002,5.4358,-7.2856,-3.0934,0.0225,-0.0223,0.8929,5.5167,-7.1453
24.3050,5.4358,-7.2856,-3.0934,0.0225,-0.0223,0.8929,5.5167,-7.1453
24.3148,5.4356,-7.2856,-3.0932,0.0225,-0.0223,0.8929,5.5133,-7.1440
24.3256,5.4355,-7.2856,-3.0931,0.0225,-0.0223,0.8929,5.5133,-7.1440
24.3342,5.4352,-7.2856,-3.0929,0.0225,-0.0223,0.8929,5.5133,-7.1440
24.3439,5.4350,-7.2856,-3.0929,0.0225,-0.0223,0.8929,5.5133,-7.1440
24.3540,5.4347,-7.2856,-3.0927,0.0230,-0.0703,0.8929,5.5133,-7.1440
24.3640,5.4345,-7.2857,-3.0927,0.0230,-0.0703,0.8929,5.5133,-7.1440
24.3747,5.4342,-7.2857,-3.0927,0.0230,-0.0703,0.8929,5.5133,-7.1440
24.3846,5.4340,-7.2857,-3.0925,0.0230,-0.0703,0.8929,5.5133,-7.1440
24.3944,5.4337,-7.2857,-3.0925,0.0230,-0.0703,0.8997,5.5133,-7.1440
24.4047,5.4335,-7.2857,-3.0927,0.0230,-0.0703,0.8997,5.5082,-7.1456
24.4145,5.4332,-7.2857,-3.0927,0.0230,-0.0703,0.8997,5.5082,-7.1456
24.4249,5.4332,-7.2857,-3.0929,0.0230,-0.0703,0.8997,5.5082,-7.1456
24.4349,5.4328,-7.2857,-3.0932,0.0230,-0.0703,0.8997,5.5082,-7.1456
24.4557,5.4325,-7.2857,-3.0934,0.0230,-0.0703,0.8997,5.5082,-7.1456
24.4558,5.4323,-7.2858,-3.0938,0.0230,-0.0703,0.8997,5.5082,-7.1456
24.4677,5.4321,-7.2858,-3.0941,0.0230,-0.0703,0.8997,5.5082,-7.1456
24.4756,5.4318,-7.2858,-3.0945,0.0229,-0.1120,0.8997,5.5082,-7.1456
24.4863,5.4316,-7.2858,-3.0948,0.0229,-0.1120,0.8997,5.5082,-7.1456
24.4948,5.4314,-7.2858,-3.0952,0.0229,-0.1120,0.8956,5.5082,-7.1456
24.5047,5.4312,-7.2858,-3.0953,0.0229,-0.1120,0.8956,5.5119,-7.1458
24.5154,5.4309,-7.2858,-3.0955,0.0229,-0.1120,0.8956,5.5119,-7.1458
24.5260,5.4307,-7.2858,-3.0957,0.0229,-0.1120,0.8956,5.5119,-7.1458
24.5472,5.4301,-7.2859,-3.0960,0.0229,-0.1120,0.8956,5.5119,-7.1458
24.5630,5.4299,-7.2859,-3.0960,0.0233,-0.1191,0.8956,5.5119,-7.1458
24.5668,5.4299,-7.2859,-3.0960,0.0233,-0.1191,0.8956,5.5119,-7.1458
24.5863,5.4293,-7.2859,-3.0967,0.0233,-0.1191,0.8956,5.5119,-7.1458
24.5944,5.4293,-7.2859,-3.0967,0.0233,-0.1191,0.8956,5.5119,-7.1458
24.6048,5.4291,-7.2859,-3.0969,0.0233,-0.1191,0.8897,5.5119,-7.1458
24.6149,5.4289,-7.2859,-3.0973,0.0233,-0.1191,0.8897,5.5119,-7.1458
24.6264,5.4287,-7.2859,-3.0978,0.0233,-0.1191,0.8897,5.5119,-7.1458
24.6348,5.4286,-7.2859,-3.0983,0.0233,-0.1191,0.8897,5.5119,-7.1458
24.6465,5.4283,-7.2859,-3.0988,0.0233,-0.1191,0.8897,5.5119,-7.1458
24.6543,5.4281,-7.2859,-3.0995,0.0236,-0.0829,0.8897,5.5119,-7.1458
24.6645,5.4279,-7.2860,-3.1002,0.0236,-0.0829,0.8897,5.5080,-7.1441
24.6741,5.4277,-7.2860,-3.1009,0.0236,-0.0829,0.8897,5.5080,-7.1441
24.6902,5.4272,-7.2860,-3.1023,0.0236,-0.0829,0.8962,5.5080,-7.1441
24.6961,5.4270,-7.2860,-3.1030,0.0236,-0.0829,0.8962,5.5080,-7.1441
24.7102,5.4267,-7.2860,-3.1037,0.0236,-0.0829,0.8962,5.5112,-7.1437
24.7230,5.4265,-7.2860,-3.1044,0.0236,-0.0829,0.8962,5.5112,-7.1437
24.7254,5.4265,-7.2860,-3.1044,0.0236,-0.0829,0.8962,5.5112,-7.1437
24.7345,5.4262,-7.2860,-3.1051,0.0236,-0.0829,0.8962,5.5112,-7.1437
24.7442,5.4260,-7.2860,-3.1056,0.0236,-0.0829,0.8962,5.5112,-7.1437
24.7542,5.4258,-7.2860,-3.1062,0.0220,-0.0715,0.8962,5.5112,-7.1437
24.7644,5.4256,-7.2860,-3.1067,0.0220,-0.0715,0.8962,5.5112,-7.1437
24.7744,5.4254,-7.2861,-3.1072,0.0220,-0.0715,0.8962,5.5112,-7.1437
24.7847,5.4252,-7.2861,-3.1076,0.0220,-0.0715,0.8962,5.5112,-7.1437
24.7941,5.4250,-7.2861,-3.1079,0.0220,-0.0715,0.8981,5.5112,-7.1437
24.8041,5.4248,-7.2861,-3.1081,0.0220,-0.0715,0.8981,5.5055,-7.1440
24.8150,5.4246,-7.2861,-3.1084,0.0220,-0.0715,0.8981,5.5055,-7.1440
24.8256,5.4244,-7.2861,-3.1088,0.0220,-0.0715,0.8981,5.5055,-7.1440
24.8347,5.4242,-7.2861,-3.1090,0.0220,-0.0715,0.8981,5.5055,-7.1440
24.8480,5.4239,-7.2861,-3.1093,0.0220,-0.0715,0.8981,5.5055,-7.1440
24.8577,5.4239,-7.2861,-3.1093,0.0226,-0.0713,0.8981,5.5055,-7.1440
24.9139,5.4231,-7.2861,-3.1107,0.0226,-0.0713,0.8976,5.5055,-7.1440
24.9874,5.4224,-7.2862,-3.1123,0.0226,-0.0713,0.8976,5.5055,-7.1440
25.0676,5.4215,-7.2862,-3.1145,0.0234,-0.1217,0.8945,5.5079,-7.1458
25.0764,5.4210,-7.2862,-3.1173,0.0234,-0.1217,0.8945,5.5079,-7.1458
25.0851,5.4210,-7.2862,-3.1186,0.0234,-0.1217,0.8994,5.5079,-7.1458
25.0972,5.4210,-7.2862,-3.1194,0.0221,-0.0880,0.8994,5.5079,-7.1458
25.1101,5.4210,-7.2862,-3.1194,0.0221,-0.0880,0.8994,5.5066,-7.1487
25.1160,5.4210,-7.2862,-3.1196,0.0221,-0.0880,0.8994,5.5066,-7.1487
25.1296,5.4189,-7.2862,-3.1203,0.0221,-0.0880,0.8994,5.5066,-7.1487
25.1400,5.4187,-7.2862,-3.1206,0.0221,-0.0880,0.8994,5.5066,-7.1487
25.1524,5.4185,-7.2862,-3.1208,0.0221,-0.0880,0.8994,5.5066,-7.1487
25.1635,5.4183,-7.2862,-3.1213,0.0221,-0.0880,0.8994,5.5066,-7.1487
25.1721,5.4181,-7.2863,-3.1217,0.0221,-0.0880,0.8994,5.5066,-7.1487
25.1800,5.4179,-7.2863,-3.1222,0.0230,-0.1440,0.8994,5.5066,-7.1487
25.1856,5.4177,-7.2863,-3.1229,0.0230,-0.1440,0.8992,5.5066,-7.1487
25.2018,5.4175,-7.2863,-3.1236,0.0230,-0.1440,0.8992,5.5066,-7.1487
25.2079,5.4173,-7.2863,-3.1243,0.0230,-0.1440,0.8992,5.5066,-7.1487
25.2188,5.4170,-7.2863,-3.1250,0.0230,-0.1440,0.8992,5.5066,-7.1487
25.2373,5.4168,-7.2863,-3.1257,0.0230,-0.1440,0.8992,5.5066,-7.1487
25.2415,5.4166,-7.2863,-3.1266,0.0230,-0.1440,0.8992,5.5083,-7.1480
25.2532,5.4164,-7.2863,-3.1273,0.0230,-0.1440,0.8992,5.5083,-7.1480
25.2541,5.4164,-7.2863,-3.1273,0.0230,-0.1440,0.8992,5.5083,-7.1480
25.2641,5.4162,-7.2863,-3.1282,0.0237,-0.1142,0.8992,5.5083,-7.1480
25.2741,5.4159,-7.2863,-3.1290,0.0237,-0.1142,0.8992,5.5083,-7.1480
25.2842,5.4157,-7.2863,-3.1301,0.0237,-0.1142,0.8902,5.5083,-7.1480
25.2947,5.4155,-7.2863,-3.1309,0.0237,-0.1142,0.8902,5.5079,-7.1488
25.3041,5.4152,-7.2863,-3.1322,0.0237,-0.1142,0.8902,5.5079,-7.1488
25.3145,5.4149,-7.2863,-3.1332,0.0237,-0.1142,0.8902,5.5079,-7.1488
25.3257,5.4144,-7.2863,-3.1357,0.0237,-0.1142,0.8902,5.5079,-7.1488
25.3345,5.4144,-7.2863,-3.1357,0.0237,-0.1142,0.8902,5.5079,-7.1488
25.3448,5.4139,-7.2863,-3.1381,0.0237,-0.1142,0.8902,5.5079,-7.1488
25.3541,5.4139,-7.2863,-3.1381,0.0235,-0.0882,0.8902,5.5079,-7.1488
25.3757,5.4131,-7.2863,3.1416,0.0235,-0.0882,0.8902,5.5079,-7.1488
25.3861,5.4131,-7.2863,3.1416,0.0235,-0.0882,0.8971,5.5079,-7.1488
25.3947,5.4128,-7.2863,3.1405,0.0235,-0.0882,0.8971,5.5079,-7.1488
25.4044,5.4126,-7.2863,3.1397,0.0235,-0.0882,0.8971,5.5093,-7.1477
25.4146,5.4122,-7.2863,3.1378,0.0235,-0.0882,0.8971,5.5093,-7.1477
25.4248,5.4122,-7.2863,3.1378,0.0235,-0.0882,0.8971,5.5093,-7.1477
25.4377,5.4116,-7.2863,3.1358,0.0235,-0.0882,0.8971,5.5093,-7.1477
25.4448,5.4114,-7.2863,3.1350,0.0235,-0.0882,0.8971,5.5093,-7.1477
25.4609,5.4112,-7.2863,3.1341,0.0225,-0.0636,0.8971,5.5093,-7.1477
25.4716,5.4109,-7.2863,3.1330,0.0225,-0.0636,0.8971,5.5093,-7.1477
25.4741,5.4109,-7.2863,3.1330,0.0225,-0.0636,0.8971,5.5093,-7.1477
25.4866,5.4104,-7.2863,3.1313,0.0225,-0.0636,0.8962,5.5099,-7.1479
25.4943,5.4104,-7.2863,3.1313,0.0225,-0.0636,0.8962,5.5099,-7.1479
25.5049,5.4099,-7.2863,3.1297,0.0225,-0.0636,0.8962,5.5099,-7.1479
25.5238,5.4097,-7.2863,3.1289,0.0225,-0.0636,0.8962,5.5099,-7.1479
25.5245,5.4094,-7.2863,3.1280,0.0225,-0.0636,0.8962,5.5099,-7.1479
25.5361,5.4094,-7.2863,3.1280,0.0225,-0.0636,0.8962,5.5099,-7.1479
25.5446,5.4092,-7.2863,3.1273,0.0225,-0.0636,0.8962,5.5099,-7.1479
25.5548,5.4090,-7.2863,3.1264,0.0240,-0.0598,0.8962,5.5099,-7.1479
25.5643,5.4088,-7.2863,3.1257,0.0240,-0.0598,0.8962,5.5099,-7.1479
25.5749,5.4086,-7.2863,3.1250,0.0240,-0.0598,0.8962,5.5099,-7.1479
25.5856,5.4082,-7.2863,3.1238,0.0240,-0.0598,0.8892,5.5099,-7.1479
25.5964,5.4080,-7.2863,3.1233,0.0240,-0.0598,0.8892,5.5097,-7.1472
25.6043,5.4080,-7.2863,3.1233,0.0240,-0.0598,0.8892,5.5097,-7.1472
25.6140,5.4077,-7.2863,3.1226,0.0240,-0.0598,0.8892,5.5097,-7.1472
25.6247,5.4076,-7.2863,3.1222,0.0240,-0.0598,0.8892,5.5097,-7.1472
25.6347,5.4074,-7.2862,3.1219,0.0240,-0.0598,0.8892,5.5097,-7.1472
25.6442,5.4072,-7.2862,3.1215,0.0240,-0.0598,0.8892,5.5097,-7.1472
25.6541,5.4071,-7.2862,3.1212,0.0237,-0.0937,0.8892,5.5097,-7.1472
25.6647,5.4069,-7.2862,3.1208,0.0237,-0.0937,0.8892,5.5097,-7.1472
25.6745,5.4068,-7.2862,3.1205,0.0237,-0.0937,0.8892,5.5097,-7.1472
25.6847,5.4066,-7.2862,3.1201,0.0237,-0.0937,0.8988,5.5097,-7.1472
25.7035,5.4064,-7.2862,3.1198,0.0237,-0.0937,0.8988,5.5097,-7.1472
25.7112,5.4063,-7.2862,3.1194,0.0237,-0.0937,0.8988,5.5099,-7.1484
25.7141,5.4061,-7.2862,3.1187,0.0237,-0.0937,0.8988,5.5099,-7.1484
25.7248,5.4060,-7.2862,3.1187,0.0237,-0.0937,0.8988,5.5099,-7.1484
25.7341,5.4058,-7.2862,3.1180,0.0237,-0.0937,0.8988,5.5099,-7.1484
25.7465,5.4057,-7.2862,3.1173,0.0237,-0.0937,0.8988,5.5099,-7.1484
25.7542,5.4055,-7.2862,3.1165,0.0217,-0.1032,0.8988,5.5099,-7.1484
25.7658,5.4053,-7.2862,3.1156,0.0217,-0.1032,0.8988,5.5099,-7.1484
25.7757,5.4051,-7.2862,3.1145,0.0217,-0.1032,0.8988,5.5099,-7.1484
25.7853,5.4049,-7.2862,3.1135,0.0217,-0.1032,0.8876,5.5099,-7.1484
25.7941,5.4046,-7.2862,3.1124,0.0217,-0.1032,0.8876,5.5078,-7.1479
25.8038,5.4044,-7.2862,3.1114,0.0217,-0.1032,0.8876,5.5078,-7.1479
25.8147,5.4042,-7.2862,3.1104,0.0217,-0.1032,0.8876,5.5078,-7.1479
25.8256,5.4039,-7.2862,3.1095,0.0217,-0.1032,0.8876,5.5078,-7.1479
25.8398,5.4037,-7.2862,3.1084,0.0217,-0.1032,0.8876,5.5078,-7.1479
25.8492,5.4034,-7.2861,3.1074,0.0217,-0.1032,0.8876,5.5078,-7.1479
25.8550,5.4032,-7.2861,3.1065,0.0217,-0.1032,0.8876,5.5078,-7.1479
25.8656,5.4030,-7.2861,3.1056,0.0229,-0.0422,0.8876,5.5078,-7.1479
25.8741,5.4028,-7.2861,3.1048,0.0229,-0.0422,0.8876,5.5078,-7.1479
25.8845,5.4025,-7.2861,3.1039,0.0229,-0.0422,0.8975,5.5078,-7.1479
25.8960,5.4024,-7.2861,3.1030,0.0229,-0.0422,0.8975,5.5082,-7.1490
25.9044,5.4022,-7.2861,3.1021,0.0229,-0.0422,0.8975,5.5082,-7.1490
25.9145,5.4020,-7.2861,3.1013,0.0229,-0.0422,0.8975,5.5082,-7.1490
25.9246,5.4018,-7.2861,3.1006,0.0229,-0.0422,0.8975,5.5082,-7.1490
25.9358,5.4016,-7.2861,3.0997,0.0229,-0.0422,0.8975,5.5082,-7.1490
25.9489,5.4014,-7.2861,3.0990,0.0229,-0.0422,0.8975,5.5082,-7.1490
25.9544,5.4012,-7.2861,3.0983,0.0229,-0.0422,0.8975,5.5082,-7.1490
25.9748,5.4007,-7.2860,3.0967,0.0229,0.0153,0.8975,5.5082,-7.1490
25.9893,5.4006,-7.2860,3.0960,0.0229,0.0153,0.8866,5.5082,-7.1490
25.9965,5.4004,-7.2860,3.0955,0.0229,0.0153,0.8866,5.5082,-7.1490
26.0045,5.4001,-7.2860,3.0948,0.0229,0.0153,0.8866,5.5086,-7.1483
26.0147,5.4000,-7.2860,3.0943,0.0229,0.0153,0.8866,5.5086,-7.1483
26.0248,5.3998,-7.2860,3.0938,0.0229,0.0153,0.8866,5.5086,-7.1483
26.0362,5.3998,-7.2860,3.0938,0.0229,0.0153,0.8866,5.5086,-7.1483
26.0452,5.3994,-7.2860,3.0924,0.0229,0.0153,0.8866,5.5086,-7.1483
26.0546,5.3993,-7.2860,3.0919,0.0228,0.0308,0.8866,5.5086,-7.1483
26.0648,5.3991,-7.2860,3.0912,0.0228,0.0308,0.8866,5.5086,-7.1483
26.0756,5.3990,-7.2860,3.0905,0.0228,0.0308,0.8866,5.5086,-7.1483
26.0853,5.3988,-7.2859,3.0898,0.0228,0.0308,0.8882,5.5086,-7.1483
26.0945,5.3987,-7.2859,3.0892,0.0228,0.0308,0.8882,5.5079,-7.1472
26.1042,5.3985,-7.2859,3.0887,0.0228,0.0308,0.8882,5.5079,-7.1472
26.1160,5.3983,-7.2859,3.0884,0.0228,0.0308,0.8882,5.5079,-7.1472
26.1248,5.3982,-7.2859,3.0878,0.0228,0.0308,0.8882,5.5079,-7.1472
26.1347,5.3981,-7.2859,3.0875,0.0228,0.0308,0.8882,5.5079,-7.1472
26.1445,5.3979,-7.2859,3.0871,0.0228,0.0308,0.8882,5.5079,-7.1472
26.1549,5.3978,-7.2859,3.0870,0.0228,0.0308,0.8882,5.5079,-7.1472
26.1646,5.3977,-7.2859,3.0866,0.0228,0.0308,0.8882,5.5079,-7.1472
26.1760,5.3975,-7.2859,3.0864,0.0231,0.0276,0.8882,5.5079,-7.1472
26.1849,5.3974,-7.2859,3.0861,0.0231,0.0276,0.8882,5.5079,-7.1472
26.1947,5.3973,-7.2859,3.0859,0.0231,0.0276,0.8965,5.5060,-7.1474
26.2044,5.3971,-7.2859,3.0856,0.0231,0.0276,0.8965,5.5060,-7.1474
26.2152,5.3970,-7.2858,3.0852,0.0231,0.0276,0.8965,5.5060,-7.1474
26.2250,5.3969,-7.2858,3.0850,0.0231,0.0276,0.8965,5.5060,-7.1474
26.2346,5.3967,-7.2858,3.0847,0.0231,0.0276,0.8965,5.5060,-7.1474
26.2457,5.3966,-7.2858,3.0843,0.0231,0.0276,0.8965,5.5060,-7.1474
26.2556,5.3965,-7.2858,3.0840,0.0231,0.0276,0.8965,5.5060,-7.1474
26.2666,5.3964,-7.2858,3.0836,0.0224,0.0110,0.8965,5.5060,-7.1474
26.2755,5.3962,-7.2858,3.0833,0.0224,0.0110,0.8965,5.5060,-7.1474
26.2850,5.3961,-7.2858,3.0829,0.0224,0.0110,0.8856,5.5060,-7.1474
26.2948,5.3960,-7.2858,3.0828,0.0224,0.0110,0.8856,5.5052,-7.1482
26.3045,5.3958,-7.2858,3.0824,0.0224,0.0110,0.8856,5.5052,-7.1482
26.3146,5.3957,-7.2858,3.0821,0.0224,0.0110,0.8856,5.5052,-7.1482
26.3254,5.3955,-7.2858,3.0817,0.0224,0.0110,0.8856,5.5052,-7.1482
26.3347,5.3954,-7.2858,3.0814,0.0224,0.0110,0.8856,5.5052,-7.1482
26.3446,5.3953,-7.2857,3.0812,0.0224,0.0110,0.8856,5.5052,-7.1482
26.3555,5.3951,-7.2857,3.0809,0.0231,0.0115,0.8856,5.5052,-7.1482
26.3648,5.3950,-7.2857,3.0805,0.0231,0.0115,0.8856,5.5052,-7.1482
26.3746,5.3948,-7.2857,3.0803,0.0231,0.0115,0.8856,5.5052,-7.1482
26.3882,5.3947,-7.2857,3.0802,0.0231,0.0115,0.8948,5.5052,-7.1482
26.3952,5.3945,-7.2857,3.0798,0.0231,0.0115,0.8948,5.5033,-7.1499
26.4041,5.3944,-7.2857,3.0796,0.0231,0.0115,0.8948,5.5033,-7.1499
26.4142,5.3942,-7.2857,3.0793,0.0231,0.0115,0.8948,5.5033,-7.1499
26.4245,5.3940,-7.2857,3.0791,0.0231,0.0115,0.8948,5.5033,-7.1499
26.4359,5.3939,-7.2857,3.0788,0.0231,0.0115,0.8948,5.5033,-7.1499
26.4452,5.3937,-7.2856,3.0782,0.0231,0.0115,0.8948,5.5033,-7.1499
26.4544,5.3935,-7.2856,3.0779,0.0000,0.0000,0.8948,5.5033,-7.1499
26.4647,5.3933,-7.2856,3.0775,0.0000,0.0000,0.8948,5.5033,-7.1499
26.4756,5.3931,-7.2856,3.0772,0.0000,0.0000,0.8948,5.5033,-7.1499
26.4846,5.3929,-7.2856,3.0767,0.0000,0.0000,0.8849,5.5033,-7.1499
26.4956,5.3927,-7.2856,3.0763,0.0000,0.0000,0.8849,5.5033,-7.1499
26.5040,5.3924,-7.2856,3.0758,0.0000,0.0000,0.8849,5.5028,-7.1492
26.5147,5.3922,-7.2855,3.0753,0.0000,0.0000,0.8849,5.5028,-7.1492
26.5252,5.3920,-7.2855,3.0747,0.0000,0.0000,0.8849,5.5028,-7.1492
26.5344,5.3919,-7.2855,3.0744,0.0000,0.0000,0.8849,5.5028,-7.1492
26.5451,5.3917,-7.2855,3.0739,0.0000,0.0000,0.8849,5.5028,-7.1492
26.5540,5.3917,-7.2855,3.0735,0.0000,0.0000,0.8849,5.5028,-7.1492
26.5671,5.3917,-7.2855,3.0732,0.0000,0.0000,0.8849,5.5028,-7.1492
26.5742,5.3917,-7.2855,3.0730,0.0000,0.0000,0.8849,5.5028,-7.1492
26.5851,5.3917,-7.2855,3.0728,0.0000,0.0000,0.8858,5.5028,-7.1492
26.5945,5.3918,-7.2855,3.0728,0.0000,0.0000,0.8858,5.5039,-7.1458
26.6039,5.3918,-7.2855,3.0728,0.0000,0.0000,0.8858,5.5039,-7.1458
26.6146,5.3918,-7.2855,3.0730,0.0000,0.0000,0.8858,5.5039,-7.1458
26.6245,5.3918,-7.2855,3.0732,0.0000,0.0000,0.8858,5.5039,-7.1458
26.6351,5.3918,-7.2855,3.0734,0.0000,0.0000,0.8858,5.5039,-7.1458
26.6443,5.3919,-7.2855,3.0735,0.0000,0.0000,0.8858,5.5039,-7.1458
26.6539,5.3919,-7.2855,3.0737,0.0000,0.0000,0.8858,5.5039,-7.1458
26.6648,5.3920,-7.2855,3.0739,0.0000,0.0000,0.8858,5.5039,-7.1458
26.6743,5.3921,-7.2855,3.0740,0.0000,0.0000,0.8858,5.5039,-7.1458
26.6881,5.3922,-7.2855,3.0740,0.0000,0.0000,0.8843,5.5039,-7.1458
26.7135,5.3924,-7.2856,3.0742,0.0000,0.0000,0.8843,5.5051,-7.1463
26.7145,5.3924,-7.2856,3.0742,0.0000,0.0000,0.8843,5.5051,-7.1463
26.7244,5.3925,-7.2856,3.0740,0.0000,0.0000,0.8843,5.5051,-7.1463
26.7342,5.3926,-7.2856,3.0742,0.0000,0.0000,0.8843,5.5051,-7.1463
26.7445,5.3927,-7.2856,3.0742,0.0000,0.0000,0.8843,5.5051,-7.1463
26.7549,5.3928,-7.2856,3.0742,0.0000,0.0000,0.8843,5.5051,-7.1463
26.7647,5.3928,-7.2856,3.0744,0.0000,0.0000,0.8843,5.5051,-7.1463
26.7744,5.3929,-7.2856,3.0746,0.0000,0.0000,0.8843,5.5051,-7.1463
26.7843,5.3929,-7.2856,3.0746,0.0000,0.0000,0.8967,5.5051,-7.1463
26.7951,5.3929,-7.2856,3.0747,0.0000,0.0000,0.8967,5.5058,-7.1472
26.8050,5.3929,-7.2856,3.0749,0.0000,0.0000,0.8967,5.5058,-7.1472
26.8149,5.3929,-7.2856,3.0751,0.0000,0.0000,0.8967,5.5058,-7.1472
26.8257,5.3929,-7.2856,3.0753,0.0000,0.0000,0.8967,5.5058,-7.1472
26.8355,5.3929,-7.2856,3.0754,0.0000,0.0000,0.8967,5.5058,-7.1472
26.8448,5.3929,-7.2856,3.0754,0.0000,0.0000,0.8967,5.5058,-7.1472
26.8544,5.3928,-7.2856,3.0754,0.0000,0.0000,0.8967,5.5058,-7.1472
26.8648,5.3928,-7.2856,3.0754,0.0000,0.0000,0.8967,5.5058,-7.1472
26.8746,5.3928,-7.2856,3.0754,0.0000,0.0000,0.8967,5.5058,-7.1472
26.8851,5.3928,-7.2856,3.0753,0.0000,0.0000,0.8884,5.5058,-7.1472
26.8954,5.3928,-7.2856,3.0753,0.0000,0.0000,0.8884,5.5079,-7.1463
26.9044,5.3928,-7.2856,3.0753,0.0000,0.0000,0.8884,5.5079,-7.1463
26.9147,5.3928,-7.2856,3.0753,0.0000,0.0000,0.8884,5.5079,-7.1463
26.9253,5.3928,-7.2856,3.0753,0.0000,0.0000,0.8884,5.5079,-7.1463
26.9357,5.3927,-7.2856,3.0753,0.0000,0.0000,0.8884,5.5079,-7.1463
26.9450,5.3928,-7.2856,3.0753,0.0000,0.0000,0.8884,5.5079,-7.1463
26.9546,5.3928,-7.2856,3.0754,0.0000,0.0000,0.8884,5.5079,-7.1463
26.9659,5.3928,-7.2856,3.0754,0.0000,0.0000,0.8884,5.5079,-7.1463
26.9748,5.3928,-7.2856,3.0754,0.0000,0.0000,0.8884,5.5079,-7.1463
26.9847,5.3928,-7.2856,3.0754,0.0000,0.0000,0.8922,5.5073,-7.1445
26.9949,5.3928,-7.2856,3.0754,0.0000,0.0000,0.8922,5.5073,-7.1445
27.0044,5.3928,-7.2856,3.0754,0.0000,0.0000,0.8922,5.5073,-7.1445
27.0149,5.3928,-7.2856,3.0754,0.0000,0.0000,0.8922,5.5073,-7.1445
27.0248,5.3929,-7.2856,3.0754,0.0000,0.0000,0.8922,5.5073,-7.1445
27.0354,5.3929,-7.2856,3.0754,0.0000,0.0000,0.8922,5.5073,-7.1445
27.0450,5.3929,-7.2856,3.0754,0.0000,0.0000,0.8922,5.5073,-7.1445
27.0541,5.3929,-7.2856,3.0754,0.0000,0.0000,0.8922,5.5073,-7.1445
27.0654,5.3929,-7.2856,3.0754,0.0000,0.0000,0.8922,5.5073,-7.1445
27.1179,5.3929,-7.2856,3.0754,0.0000,0.0000,0.8927,5.5073,-7.1445
27.1402,5.3928,-7.2856,3.0754,0.0000,0.0000,0.8927,5.5073,-7.1445
27.1671,5.3929,-7.2856,3.0754,0.0000,0.0000,0.8927,5.5073,-7.1445
27.1791,5.3928,-7.2856,3.0754,0.0000,0.0000,0.8905,5.5073,-7.1445
27.1896,5.3928,-7.2856,3.0754,0.0000,0.0000,0.8905,5.5073,-7.1445
27.1986,5.3928,-7.2856,3.0754,0.0000,0.0000,0.8905,5.5073,-7.1445
27.2132,5.3928,-7.2856,3.0754,0.0000,0.0000,0.8905,5.5073,-7.1445
27.2293,5.3928,-7.2856,3.0754,0.0000,0.0000,0.8905,5.5073,-7.1445
27.2382,5.3928,-7.2856,3.0754,0.0000,0.0000,0.8905,5.5082,-7.1455
27.2444,5.3928,-7.2856,3.0754,0.0000,0.0000,0.8905,5.5082,-7.1455
27.2566,5.3928,-7.2856,3.0754,0.0000,0.0000,0.8905,5.5082,-7.1455
27.2674,5.3928,-7.2856,3.0754,0.0000,0.0000,0.8905,5.5082,-7.1455
27.2801,5.3929,-7.2856,3.0754,0.0000,0.0000,0.8947,5.5082,-7.1455
27.2906,5.3928,-7.2856,3.0754,0.0000,0.0000,0.8947,5.5082,-7.1455
27.3001,5.3928,-7.2856,3.0754,0.0000,0.0000,0.8947,5.5072,-7.1454
27.3125,5.3929,-7.2856,3.0754,0.0000,0.0000,0.8947,5.5072,-7.1454
27.3155,5.3929,-7.2856,3.0754,0.0000,0.0000,0.8947,5.5072,-7.1454
27.3242,5.3929,-7.2856,3.0754,0.0000,0.0000,0.8947,5.5070,-7.1463
27.3348,5.3928,-7.2856,3.0754,0.0000,0.0000,0.8947,5.5070,-7.1463
27.3457,5.3929,-7.2856,3.0754,0.0000,0.0000,0.8947,5.5070,-7.1463
27.3590,5.3929,-7.2856,3.0754,0.0000,0.0000,0.8947,5.5070,-7.1463
27.3741,5.3929,-7.2856,3.0754,0.0000,0.0000,0.8947,5.5070,-7.1463
27.3749,5.3929,-7.2856,3.0754,0.0000,0.0000,0.8947,5.5070,-7.1463
27.3846,5.3929,-7.2856,3.0754,0.0000,0.0000,0.8872,5.5070,-7.1463
27.4007,5.3928,-7.2856,3.0754,0.0000,0.0000,0.8872,5.5070,-7.1463
27.4058,5.3928,-7.2856,3.0754,0.0000,0.0000,0.8872,5.5070,-7.1463
27.4140,5.3928,-7.2856,3.0754,0.0000,0.0000,0.8872,5.5070,-7.1463
27.4239,5.3928,-7.2856,3.0754,0.0000,0.0000,0.8872,5.5070,-7.1463
27.4339,5.3928,-7.2856,3.0754,0.0000,0.0000,0.8872,5.5070,-7.1463
27.4439,5.3928,-7.2856,3.0754,0.0000,0.0000,0.8872,5.5070,-7.1463
27.4539,5.3928,-7.2856,3.0754,0.0000,0.0000,0.8872,5.5070,-7.1463
27.4644,5.3928,-7.2856,3.0754,0.0000,0.0000,0.8872,5.5070,-7.1463
27.4738,5.3929,-7.2856,3.0754,0.0000,0.0000,0.8872,5.5070,-7.1463
27.4845,5.3928,-7.2856,3.0753,0.0000,0.0000,0.8863,5.5070,-7.1463
27.4940,5.3929,-7.2856,3.0753,0.0000,0.0000,0.8863,5.5072,-7.1465
27.5044,5.3928,-7.2856,3.0754,0.0000,0.0000,0.8863,5.5072,-7.1465
27.5143,5.3928,-7.2856,3.0754,0.0000,0.0000,0.8863,5.5072,-7.1465
27.5295,5.3928,-7.2856,3.0753,0.0000,0.0000,0.8863,5.5072,-7.1465
27.5410,5.3928,-7.2856,3.0753,0.0000,0.0000,0.8863,5.5072,-7.1465
27.5484,5.3928,-7.2856,3.0753,0.0000,0.0000,0.8863,5.5072,-7.1465
27.5545,5.3928,-7.2856,3.0753,0.0000,0.0000,0.8863,5.5072,-7.1465
27.5656,5.3928,-7.2856,3.0753,0.0000,0.0000,0.8863,5.5072,-7.1465
27.5742,5.3929,-7.2856,3.0753,0.0000,0.0000,0.8863,5.5072,-7.1465
27.5839,5.3928,-7.2856,3.0753,0.0000,0.0000,0.8941,5.5068,-7.1469
27.5949,5.3929,-7.2856,3.0753,0.0000,0.0000,0.8941,5.5068,-7.1469
27.6045,5.3928,-7.2856,3.0753,0.0000,0.0000,0.8941,5.5068,-7.1469
27.6356,5.3928,-7.2856,3.0753,0.0000,0.0000,0.8941,5.5068,-7.1469
27.6378,5.3928,-7.2856,3.0753,0.0000,0.0000,0.8941,5.5068,-7.1469
27.6475,5.3929,-7.2856,3.0753,0.0000,0.0000,0.8941,5.5068,-7.1469
27.6549,5.3929,-7.2856,3.0753,0.0000,0.0000,0.8941,5.5068,-7.1469
27.6644,5.3928,-7.2856,3.0753,0.0000,0.0000,0.8941,5.5068,-7.1469
27.6757,5.3928,-7.2856,3.0753,0.0000,0.0000,0.8941,5.5068,-7.1469
27.6847,5.3928,-7.2856,3.0753,0.0000,0.0000,0.8875,5.5075,-7.1488
27.6953,5.3928,-7.2856,3.0753,0.0000,0.0000,0.8875,5.5075,-7.1488
27.7056,5.3928,-7.2856,3.0753,0.0000,0.0000,0.8875,5.5075,-7.1488
27.7217,5.3928,-7.2856,3.0753,0.0000,0.0000,0.8875,5.5075,-7.1488
27.7320,5.3928,-7.2856,3.0753,0.0000,0.0000,0.8875,5.5075,-7.1488
27.7458,5.3928,-7.2856,3.0753,0.0000,0.0000,0.8875,5.5075,-7.1488
27.7499,5.3928,-7.2856,3.0753,0.0000,0.0000,0.8875,5.5075,-7.1488
27.7563,5.3928,-7.2856,3.0753,0.0000,0.0000,0.8875,5.5075,-7.1488
27.7668,5.3929,-7.2856,3.0753,0.0000,0.0000,0.8875,5.5075,-7.1488
27.7791,5.3928,-7.2856,3.0753,0.0000,0.0000,0.8898,5.5075,-7.1488
27.7859,5.3928,-7.2856,3.0753,0.0000,0.0000,0.8898,5.5075,-7.1488
27.7967,5.3928,-7.2856,3.0753,0.0000,0.0000,0.8898,5.5062,-7.1495
27.8044,5.3929,-7.2856,3.0753,0.0000,0.0000,0.8898,5.5062,-7.1495
27.8144,5.3928,-7.2856,3.0753,0.0000,0.0000,0.8898,5.5062,-7.1495
27.8248,5.3929,-7.2856,3.0753,0.0000,0.0000,0.8898,5.5062,-7.1495
27.8342,5.3929,-7.2856,3.0753,0.0000,0.0000,0.8898,5.5062,-7.1495
27.8447,5.3929,-7.2856,3.0753,0.0000,0.0000,0.8898,5.5062,-7.1495
27.8543,5.3929,-7.2856,3.0753,0.0000,0.0000,0.8898,5.5062,-7.1495
27.8646,5.3929,-7.2856,3.0753,0.0000,0.0000,0.8898,5.5062,-7.1495
27.8748,5.3928,-7.2856,3.0753,0.0000,0.0000,0.8898,5.5062,-7.1495
27.8843,5.3929,-7.2856,3.0753,0.0000,0.0000,0.8885,5.5062,-7.1495
27.8940,5.3929,-7.2856,3.0753,0.0000,0.0000,0.8885,5.5058,-7.1470
27.9041,5.3928,-7.2856,3.0753,0.0000,0.0000,0.8885,5.5058,-7.1470
27.9152,5.3928,-7.2856,3.0753,0.0000,0.0000,0.8885,5.5058,-7.1470
27.9249,5.3928,-7.2856,3.0753,0.0000,0.0000,0.8885,5.5058,-7.1470
27.9369,5.3928,-7.2856,3.0753,0.0000,0.0000,0.8885,5.5058,-7.1470
27.9460,5.3929,-7.2856,3.0753,0.0000,0.0000,0.8885,5.5058,-7.1470
27.9551,5.3928,-7.2856,3.0753,0.0000,0.0000,0.8885,5.5058,-7.1470
27.9645,5.3928,-7.2856,3.0753,0.0000,0.0000,0.8885,5.5058,-7.1470
27.9743,5.3928,-7.2856,3.0753,0.0000,0.0000,0.8868,5.5058,-7.1470
27.9840,5.3928,-7.2856,3.0751,0.0000,0.0000,0.8868,5.5051,-7.1468
27.9952,5.3929,-7.2856,3.0751,0.0000,0.0000,0.8868,5.5051,-7.1468
28.0055,5.3929,-7.2856,3.0753,0.0000,0.0000,0.8868,5.5051,-7.1468
28.0144,5.3929,-7.2856,3.0753,0.0000,0.0000,0.8868,5.5051,-7.1468
28.0255,5.3928,-7.2856,3.0753,0.0000,0.0000,0.8868,5.5051,-7.1468
28.0346,5.3929,-7.2856,3.0753,0.0000,0.0000,0.8868,5.5051,-7.1468
28.0447,5.3928,-7.2856,3.0753,0.0000,0.0000,0.8868,5.5051,-7.1468
28.0545,5.3928,-7.2856,3.0753,0.0000,0.0000,0.8868,5.5051,-7.1468
28.0653,5.3929,-7.2856,3.0753,0.0000,0.0000,0.8868,5.5051,-7.1468
28.0748,5.3929,-7.2856,3.0753,0.0000,0.0000,0.8894,5.5051,-7.1468
28.0845,5.3928,-7.2856,3.0753,0.0000,0.0000,0.8894,5.5051,-7.1468
28.0943,5.3929,-7.2856,3.0753,0.0000,0.0000,0.8894,5.5051,-7.1468
28.1049,5.3928,-7.2856,3.0753,0.0000,0.0000,0.8894,5.5051,-7.1468
28.1146,5.3929,-7.2856,3.0753,0.0000,0.0000,0.8894,5.5049,-7.1483
28.1251,5.3928,-7.2856,3.0753,0.0000,0.0000,0.8894,5.5049,-7.1483
28.1346,5.3928,-7.2856,3.0753,0.0000,0.0000,0.8894,5.5049,-7.1483
28.1472,5.3928,-7.2856,3.0753,0.0000,0.0000,0.8894,5.5049,-7.1483
28.1603,5.3928,-7.2856,3.0753,0.0000,0.0000,0.8894,5.5049,-7.1483
28.1666,5.3929,-7.2856,3.0753,0.0000,0.0000,0.8894,5.5049,-7.1483
28.1750,5.3929,-7.2856,3.0753,0.0000,0.0000,0.8928,5.5049,-7.1483
28.1842,5.3928,-7.2856,3.0753,0.0000,0.0000,0.8928,5.5049,-7.1483
28.1944,5.3929,-7.2856,3.0753,0.0000,0.0000,0.8928,5.5049,-7.1483
28.2043,5.3929,-7.2856,3.0753,0.0000,0.0000,0.8928,5.5005,-7.1466
28.2145,5.3928,-7.2856,3.0753,0.0000,0.0000,0.8928,5.5005,-7.1466
28.2243,5.3928,-7.2856,3.0753,0.0000,0.0000,0.8928,5.5005,-7.1466
28.2343,5.3929,-7.2856,3.0753,0.0000,0.0000,0.8928,5.5005,-7.1466
28.2444,5.3929,-7.2856,3.0753,0.0000,0.0000,0.8928,5.5005,-7.1466
28.2545,5.3928,-7.2856,3.0753,0.0000,0.0000,0.8928,5.5005,-7.1466
28.2648,5.3928,-7.2856,3.0753,0.0000,0.0000,0.8928,5.5005,-7.1466
28.2789,5.3928,-7.2856,3.0753,0.0000,0.0000,0.8845,5.5029,-7.1465
28.2843,5.3929,-7.2856,3.0753,0.0000,0.0000,0.8845,5.5029,-7.1465
28.2954,5.3929,-7.2856,3.0753,0.0000,0.0000,0.8845,5.5029,-7.1465
28.3040,5.3929,-7.2856,3.0753,0.0000,0.0000,0.8845,5.5029,-7.1465
28.3142,5.3928,-7.2856,3.0753,0.0000,0.0000,0.8845,5.5029,-7.1465
28.3249,5.3929,-7.2856,3.0753,0.0000,0.0000,0.8845,5.5029,-7.1465
28.3346,5.3928,-7.2856,3.0753,0.0000,0.0000,0.8845,5.5029,-7.1465
28.3445,5.3929,-7.2856,3.0753,0.0000,0.0000,0.8845,5.5029,-7.1465
28.3539,5.3928,-7.2856,3.0753,0.0000,0.0000,0.8845,5.5029,-7.1465
28.3641,5.3929,-7.2856,3.0753,0.0000,0.0000,0.8845,5.5029,-7.1465
28.3805,5.3928,-7.2856,3.0753,0.0000,0.0000,0.8971,5.5029,-7.1465
28.3849,5.3928,-7.2856,3.0753,0.0000,0.0000,0.8971,5.5053,-7.1460
28.3962,5.3928,-7.2856,3.0753,0.0000,0.0000,0.8971,5.5053,-7.1460
28.4064,5.3929,-7.2856,3.0753,0.0000,0.0000,0.8971,5.5053,-7.1460
28.4155,5.3929,-7.2856,3.0753,0.0000,0.0000,0.8971,5.5053,-7.1460
28.4268,5.3929,-7.2856,3.0753,0.0000,0.0000,0.8971,5.5053,-7.1460
28.4347,5.3929,-7.2856,3.0753,0.0000,0.0000,0.8971,5.5053,-7.1460
28.4452,5.3928,-7.2856,3.0753,0.0000,0.0000,0.8971,5.5053,-7.1460
28.4541,5.3928,-7.2856,3.0753,0.0000,0.0000,0.8971,5.5053,-7.1460
28.4645,5.3929,-7.2856,3.0753,0.0000,0.0000,0.8971,5.5053,-7.1460
28.4755,5.3928,-7.2856,3.0753,0.0000,0.0000,0.8892,5.5053,-7.1460
28.4845,5.3928,-7.2856,3.0753,0.0000,0.0000,0.8892,5.5069,-7.1463
28.4950,5.3928,-7.2856,3.0753,0.0000,0.0000,0.8892,5.5069,-7.1463
28.5066,5.3928,-7.2856,3.0753,0.0000,0.0000,0.8892,5.5069,-7.1463
28.5144,5.3928,-7.2856,3.0753,0.0000,0.0000,0.8892,5.5069,-7.1463
28.5257,5.3928,-7.2856,3.0753,0.0000,0.0000,0.8892,5.5069,-7.1463
28.5355,5.3929,-7.2856,3.0753,0.0243,0.1797,0.8892,5.5069,-7.1463
28.5455,5.3929,-7.2856,3.0753,0.0243,0.1797,0.8892,5.5069,-7.1463
28.5549,5.3928,-7.2856,3.0753,0.0243,0.1797,0.8892,5.5069,-7.1463
28.5645,5.3928,-7.2856,3.0753,0.0243,0.1797,0.8892,5.5069,-7.1463
28.5747,5.3928,-7.2856,3.0753,0.0243,0.1797,0.8905,5.5069,-7.1463
28.5842,5.3929,-7.2856,3.0753,0.0243,0.1797,0.8905,5.5063,-7.1472
28.5951,5.3928,-7.2856,3.0753,0.0243,0.1797,0.8905,5.5063,-7.1472
28.6040,5.3928,-7.2856,3.0753,0.0243,0.1797,0.8905,5.5063,-7.1472
28.6156,5.3928,-7.2856,3.0753,0.0243,0.1797,0.8905,5.5063,-7.1472
28.6244,5.3928,-7.2856,3.0753,0.0222,0.1471,0.8905,5.5063,-7.1472
28.6342,5.3928,-7.2856,3.0753,0.0222,0.1471,0.8905,5.5063,-7.1472
28.6443,5.3928,-7.2856,3.0753,0.0222,0.1471,0.8905,5.5063,-7.1472
28.6552,5.3928,-7.2856,3.0753,0.0222,0.1471,0.8905,5.5063,-7.1472
28.6651,5.3927,-7.2856,3.0754,0.0222,0.1471,0.8905,5.5063,-7.1472
28.6744,5.3927,-7.2856,3.0756,0.0222,0.1471,0.8937,5.5063,-7.1472
28.6849,5.3927,-7.2856,3.0758,0.0222,0.1471,0.8937,5.5058,-7.1469
28.6963,5.3926,-7.2856,3.0760,0.0222,0.1471,0.8937,5.5058,-7.1469
28.7053,5.3925,-7.2856,3.0761,0.0222,0.1471,0.8937,5.5058,-7.1469
28.7160,5.3925,-7.2856,3.0763,0.0222,0.1471,0.8937,5.5058,-7.1469
28.7258,5.3925,-7.2856,3.0767,0.0227,0.1522,0.8937,5.5058,-7.1469
28.7341,5.3925,-7.2856,3.0768,0.0227,0.1522,0.8937,5.5058,-7.1469
28.7523,5.3923,-7.2856,3.0775,0.0227,0.1522,0.8937,5.5058,-7.1469
28.7594,5.3923,-7.2856,3.0775,0.0227,0.1522,0.8937,5.5058,-7.1469
28.7675,5.3923,-7.2856,3.0777,0.0227,0.1522,0.8937,5.5058,-7.1469
28.7807,5.3921,-7.2855,3.0782,0.0227,0.1522,0.8855,5.5058,-7.1469
28.7995,5.3921,-7.2855,3.0786,0.0227,0.1522,0.8855,5.5058,-7.1469
28.8067,5.3921,-7.2855,3.0789,0.0227,0.1522,0.8855,5.5058,-7.1469
28.8159,5.3920,-7.2855,3.0793,0.0227,0.1522,0.8855,5.5058,-7.1469
28.8263,5.3919,-7.2855,3.0798,0.0232,0.1462,0.8855,5.5068,-7.1474
28.8347,5.3919,-7.2855,3.0802,0.0232,0.1462,0.8855,5.5068,-7.1474
28.8453,5.3917,-7.2855,3.0807,0.0232,0.1462,0.8855,5.5068,-7.1474
28.8556,5.3917,-7.2855,3.0812,0.0232,0.1462,0.8855,5.5068,-7.1474
28.8649,5.3917,-7.2855,3.0817,0.0232,0.1462,0.8855,5.5068,-7.1474
28.8919,5.3916,-7.2855,3.0823,0.0232,0.1462,0.8888,5.5068,-7.1474
28.8960,5.3914,-7.2855,3.0835,0.0232,0.1462,0.8888,5.5068,-7.1474
28.9328,5.3912,-7.2855,3.0847,0.0228,0.1292,0.8888,5.5056,-7.1470
28.9342,5.3910,-7.2855,3.0861,0.0228,0.1292,0.8888,5.5056,-7.1470
28.9591,5.3909,-7.2855,3.0868,0.0228,0.1292,0.8888,5.5056,-7.1470
28.9592,5.3908,-7.2855,3.0875,0.0228,0.1292,0.8888,5.5056,-7.1470
28.9709,5.3907,-7.2855,3.0882,0.0228,0.1292,0.8888,5.5056,-7.1470
28.9763,5.3906,-7.2855,3.0889,0.0228,0.1292,0.8912,5.5056,-7.1470
28.9851,5.3904,-7.2854,3.0896,0.0228,0.1292,0.8912,5.5056,-7.1470
28.9951,5.3904,-7.2854,3.0903,0.0228,0.1292,0.8912,5.5056,-7.1470
29.0051,5.3902,-7.2854,3.0910,0.0228,0.1292,0.8912,5.5038,-7.1498
29.0183,5.3901,-7.2854,3.0917,0.0228,0.1292,0.8912,5.5038,-7.1498
29.0253,5.3899,-7.2854,3.0924,0.0231,0.1151,0.8912,5.5038,-7.1498
29.0351,5.3898,-7.2854,3.0931,0.0231,0.1151,0.8912,5.5038,-7.1498
29.0442,5.3896,-7.2854,3.0938,0.0231,0.1151,0.8912,5.5038,-7.1498
29.0546,5.3895,-7.2854,3.0943,0.0231,0.1151,0.8912,5.5038,-7.1498
29.0651,5.3894,-7.2854,3.0950,0.0231,0.1151,0.8912,5.5038,-7.1498
29.0742,5.3892,-7.2854,3.0957,0.0231,0.1151,0.8842,5.5038,-7.1498
29.0840,5.3891,-7.2854,3.0962,0.0231,0.1151,0.8842,5.5028,-7.1493
29.0949,5.3890,-7.2854,3.0969,0.0231,0.1151,0.8842,5.5028,-7.1493
29.1049,5.3888,-7.2854,3.0976,0.0231,0.1151,0.8842,5.5028,-7.1493
29.1155,5.3887,-7.2854,3.0983,0.0231,0.1151,0.8842,5.5028,-7.1493
29.1248,5.3885,-7.2854,3.0990,0.0220,0.0647,0.8842,5.5028,-7.1493
29.1355,5.3883,-7.2854,3.0999,0.0220,0.0647,0.8842,5.5028,-7.1493
29.1453,5.3882,-7.2853,3.1006,0.0220,0.0647,0.8842,5.5028,-7.1493
29.1558,5.3880,-7.2853,3.1015,0.0220,0.0647,0.8842,5.5028,-7.1493
29.1648,5.3878,-7.2853,3.1023,0.0220,0.0647,0.8842,5.5028,-7.1493
29.1842,5.3875,-7.2853,3.1042,0.0220,0.0647,0.8856,5.5028,-7.1493
29.1856,5.3875,-7.2853,3.1042,0.0220,0.0647,0.8856,5.5028,-7.1493
29.1952,5.3873,-7.2853,3.1051,0.0220,0.0647,0.8856,5.5020,-7.1489
29.2053,5.3871,-7.2853,3.1062,0.0220,0.0647,0.8856,5.5020,-7.1489
29.2210,5.3869,-7.2853,3.1072,0.0220,0.0647,0.8856,5.5020,-7.1489
29.2249,5.3867,-7.2853,3.1081,0.0219,0.0060,0.8856,5.5020,-7.1489
29.2346,5.3865,-7.2853,3.1091,0.0219,0.0060,0.8856,5.5020,-7.1489
29.2452,5.3863,-7.2853,3.1098,0.0219,0.0060,0.8856,5.5020,-7.1489
29.2541,5.3861,-7.2853,3.1107,0.0219,0.0060,0.8856,5.5020,-7.1489
29.2652,5.3861,-7.2853,3.1114,0.0219,0.0060,0.8856,5.5020,-7.1489
29.2744,5.3858,-7.2853,3.1119,0.0219,0.0060,0.8842,5.5020,-7.1489
29.2843,5.3857,-7.2853,3.1124,0.0219,0.0060,0.8842,5.5020,-7.1489
29.2953,5.3855,-7.2853,3.1130,0.0219,0.0060,0.8842,5.4989,-7.1477
29.3045,5.3853,-7.2852,3.1133,0.0219,0.0060,0.8842,5.4989,-7.1477
29.3145,5.3852,-7.2852,3.1137,0.0219,0.0060,0.8842,5.4989,-7.1477
29.3244,5.3850,-7.2852,3.1140,0.0230,0.0237,0.8842,5.4989,-7.1477
29.3348,5.3849,-7.2852,3.1142,0.0230,0.0237,0.8842,5.4989,-7.1477
29.3446,5.3847,-7.2852,3.1144,0.0230,0.0237,0.8842,5.4989,-7.1477
29.3542,5.3846,-7.2852,3.1145,0.0230,0.0237,0.8842,5.4989,-7.1477
29.3644,5.3845,-7.2852,3.1145,0.0230,0.0237,0.8842,5.4989,-7.1477
29.3742,5.3844,-7.2852,3.1147,0.0230,0.0237,0.8943,5.4989,-7.1477
29.4008,5.3841,-7.2852,3.1151,0.0230,0.0237,0.8943,5.4942,-7.1479
29.4045,5.3841,-7.2852,3.1151,0.0230,0.0237,0.8943,5.4942,-7.1479
29.4152,5.3840,-7.2852,3.1152,0.0230,0.0237,0.8943,5.4942,-7.1479
29.4252,5.3839,-7.2852,3.1154,0.0227,-0.0271,0.8943,5.4942,-7.1479
29.4349,5.3838,-7.2852,3.1158,0.0227,-0.0271,0.8943,5.4942,-7.1479
29.4452,5.3837,-7.2852,3.1159,0.0227,-0.0271,0.8943,5.4942,-7.1479
29.4540,5.3836,-7.2852,3.1163,0.0227,-0.0271,0.8943,5.4942,-7.1479
29.4652,5.3835,-7.2852,3.1165,0.0227,-0.0271,0.8943,5.4942,-7.1479
29.4746,5.3833,-7.2852,3.1168,0.0227,-0.0271,0.8913,5.4942,-7.1479
29.4854,5.3833,-7.2852,3.1172,0.0227,-0.0271,0.8913,5.4958,-7.1505
29.4943,5.3831,-7.2852,3.1177,0.0227,-0.0271,0.8913,5.4958,-7.1505
29.5043,5.3831,-7.2852,3.1180,0.0227,-0.0271,0.8913,5.4958,-7.1505
29.5170,5.3829,-7.2852,3.1184,0.0227,-0.0271,0.8913,5.4958,-7.1505
29.5274,5.3828,-7.2852,3.1187,0.0227,-0.0271,0.8913,5.4958,-7.1505
29.5360,5.3827,-7.2852,3.1191,0.0228,-0.0280,0.8913,5.4958,-7.1505
29.5456,5.3825,-7.2852,3.1193,0.0228,-0.0280,0.8913,5.4958,-7.1505
29.5557,5.3824,-7.2852,3.1194,0.0228,-0.0280,0.8913,5.4958,-7.1505
29.5642,5.3822,-7.2852,3.1196,0.0228,-0.0280,0.8913,5.4958,-7.1505
29.5748,5.3820,-7.2852,3.1198,0.0228,-0.0280,0.8925,5.4958,-7.1505
29.5848,5.3819,-7.2852,3.1200,0.0228,-0.0280,0.8925,5.4969,-7.1512
29.5947,5.3817,-7.2852,3.1203,0.0228,-0.0280,0.8925,5.4969,-7.1512
29.6047,5.3815,-7.2852,3.1206,0.0228,-0.0280,0.8925,5.4969,-7.1512
29.6154,5.3813,-7.2851,3.1208,0.0228,-0.0280,0.8925,5.4969,-7.1512
29.6259,5.3811,-7.2851,3.1212,0.0228,-0.0280,0.8925,5.4969,-7.1512
29.6359,5.3809,-7.2851,3.1215,0.0238,-0.0398,0.8925,5.4969,-7.1512
29.6449,5.3807,-7.2851,3.1220,0.0238,-0.0398,0.8925,5.4969,-7.1512
29.6552,5.3805,-7.2851,3.1224,0.0238,-0.0398,0.8925,5.4969,-7.1512
29.6641,5.3802,-7.2851,3.1229,0.0238,-0.0398,0.8925,5.4969,-7.1512
29.6759,5.3801,-7.2851,3.1233,0.0238,-0.0398,0.8870,5.4969,-7.1512
29.6843,5.3798,-7.2851,3.1238,0.0238,-0.0398,0.8870,5.4969,-7.1512
29.6961,5.3795,-7.2851,3.1243,0.0238,-0.0398,0.8870,5.4967,-7.1495
29.7048,5.3793,-7.2851,3.1247,0.0238,-0.0398,0.8870,5.4967,-7.1495
29.7172,5.3790,-7.2851,3.1252,0.0238,-0.0398,0.8870,5.4967,-7.1495
29.7255,5.3787,-7.2851,3.1257,0.0229,-0.0047,0.8870,5.4967,-7.1495
29.7353,5.3785,-7.2851,3.1261,0.0229,-0.0047,0.8870,5.4967,-7.1495
29.7449,5.3782,-7.2851,3.1264,0.0229,-0.0047,0.8870,5.4967,-7.1495
29.7554,5.3779,-7.2851,3.1268,0.0229,-0.0047,0.8870,5.4967,-7.1495
29.7645,5.3777,-7.2851,3.1273,0.0229,-0.0047,0.8870,5.4967,-7.1495
29.7743,5.3774,-7.2851,3.1275,0.0229,-0.0047,0.8837,5.4967,-7.1495
29.7851,5.3771,-7.2851,3.1278,0.0229,-0.0047,0.8837,5.4925,-7.1493
29.7949,5.3769,-7.2851,3.1282,0.0229,-0.0047,0.8837,5.4925,-7.1493
29.8043,5.3767,-7.2851,3.1287,0.0229,-0.0047,0.8837,5.4925,-7.1493
29.8147,5.3764,-7.2851,3.1290,0.0229,-0.0047,0.8837,5.4925,-7.1493
29.8252,5.3762,-7.2851,3.1294,0.0224,-0.0048,0.8837,5.4925,-7.1493
29.8347,5.3759,-7.2851,3.1299,0.0224,-0.0048,0.8837,5.4925,-7.1493
29.8450,5.3757,-7.2851,3.1304,0.0224,-0.0048,0.8837,5.4925,-7.1493
29.8546,5.3755,-7.2851,3.1311,0.0224,-0.0048,0.8837,5.4925,-7.1493
29.8642,5.3752,-7.2851,3.1316,0.0224,-0.0048,0.8837,5.4925,-7.1493
29.8745,5.3749,-7.2850,3.1322,0.0224,-0.0048,0.8893,5.4925,-7.1493
29.8856,5.3746,-7.2850,3.1329,0.0224,-0.0048,0.8893,5.4905,-7.1506
29.8963,5.3743,-7.2850,3.1334,0.0224,-0.0048,0.8893,5.4905,-7.1506
29.9050,5.3741,-7.2850,3.1341,0.0224,-0.0048,0.8893,5.4905,-7.1506
29.9146,5.3738,-7.2850,3.1346,0.0224,-0.0048,0.8893,5.4905,-7.1506
29.9261,5.3735,-7.2850,3.1350,0.0235,0.0566,0.8893,5.4905,-7.1506
29.9340,5.3732,-7.2850,3.1355,0.0235,0.0566,0.8893,5.4905,-7.1506
29.9456,5.3730,-7.2850,3.1358,0.0235,0.0566,0.8893,5.4905,-7.1506
29.9543,5.3727,-7.2850,3.1362,0.0235,0.0566,0.8893,5.4905,-7.1506
29.9654,5.3725,-7.2850,3.1364,0.0235,0.0566,0.8893,5.4905,-7.1506
29.9754,5.3723,-7.2850,3.1365,0.0235,0.0566,0.8801,5.4905,-7.1506
29.9862,5.3720,-7.2850,3.1367,0.0235,0.0566,0.8801,5.4905,-7.1506
29.9947,5.3718,-7.2850,3.1369,0.0235,0.0566,0.8801,5.4886,-7.1487
30.0048,5.3715,-7.2850,3.1369,0.0235,0.0566,0.8801,5.4886,-7.1487
30.0149,5.3715,-7.2850,3.1371,0.0235,0.0566,0.8801,5.4886,-7.1487
30.0271,5.3712,-7.2850,3.1372,0.0221,0.0798,0.8801,5.4886,-7.1487
30.0458,5.3708,-7.2850,3.1378,0.0221,0.0798,0.8801,5.4886,-7.1487
30.0545,5.3706,-7.2850,3.1379,0.0221,0.0798,0.8801,5.4886,-7.1487
30.0654,5.3703,-7.2850,3.1383,0.0221,0.0798,0.8801,5.4886,-7.1487
30.0752,5.3701,-7.2850,3.1386,0.0221,0.0798,0.8798,5.4886,-7.1487
30.0850,5.3699,-7.2850,3.1390,0.0221,0.0798,0.8798,5.4852,-7.1474
30.0946,5.3698,-7.2850,3.1395,0.0221,0.0798,0.8798,5.4852,-7.1474
30.1046,5.3696,-7.2850,3.1400,0.0221,0.0798,0.8798,5.4852,-7.1474
30.1153,5.3694,-7.2850,3.1404,0.0221,0.0798,0.8798,5.4852,-7.1474
30.1258,5.3693,-7.2850,3.1409,0.0232,0.1017,0.8798,5.4852,-7.1474
30.1350,5.3691,-7.2850,3.1414,0.0232,0.1017,0.8798,5.4852,-7.1474
30.1453,5.3689,-7.2850,-3.1412,0.0232,0.1017,0.8798,5.4852,-7.1474
30.1547,5.3688,-7.2850,-3.1407,0.0232,0.1017,0.8798,5.4852,-7.1474
30.1661,5.3686,-7.2850,-3.1404,0.0232,0.1017,0.8798,5.4852,-7.1474
30.1746,5.3684,-7.2850,-3.1398,0.0232,0.1017,0.8848,5.4852,-7.1474
30.1847,5.3682,-7.2850,-3.1393,0.0232,0.1017,0.8848,5.4858,-7.1461
30.1952,5.3680,-7.2850,-3.1388,0.0232,0.1017,0.8848,5.4858,-7.1461
30.2048,5.3678,-7.2850,-3.1383,0.0232,0.1017,0.8848,5.4858,-7.1461
30.2147,5.3676,-7.2850,-3.1379,0.0232,0.1017,0.8848,5.4858,-7.1461
30.2244,5.3674,-7.2850,-3.1374,0.0232,0.1017,0.8848,5.4858,-7.1461
30.2345,5.3672,-7.2850,-3.1367,0.0233,0.1115,0.8848,5.4858,-7.1461
30.2445,5.3670,-7.2850,-3.1362,0.0233,0.1115,0.8848,5.4858,-7.1461
30.2543,5.3667,-7.2850,-3.1355,0.0233,0.1115,0.8848,5.4858,-7.1461
30.2646,5.3664,-7.2850,-3.1348,0.0233,0.1115,0.8848,5.4858,-7.1461
30.2754,5.3662,-7.2850,-3.1341,0.0233,0.1115,0.8907,5.4858,-7.1461
30.2859,5.3660,-7.2850,-3.1334,0.0233,0.1115,0.8907,5.4830,-7.1471
30.2998,5.3655,-7.2850,-3.1320,0.0233,0.1115,0.8907,5.4830,-7.1471
30.3047,5.3655,-7.2850,-3.1320,0.0233,0.1115,0.8907,5.4830,-7.1471
30.3151,5.3653,-7.2850,-3.1313,0.0233,0.1115,0.8907,5.4830,-7.1471
30.3250,5.3650,-7.2850,-3.1306,0.0234,0.1030,0.8907,5.4830,-7.1471
30.3349,5.3648,-7.2850,-3.1299,0.0234,0.1030,0.8907,5.4830,-7.1471
30.3448,5.3646,-7.2850,-3.1292,0.0234,0.1030,0.8907,5.4830,-7.1471
30.3542,5.3644,-7.2851,-3.1283,0.0234,0.1030,0.8907,5.4830,-7.1471
30.3662,5.3642,-7.2851,-3.1276,0.0234,0.1030,0.8907,5.4830,-7.1471
30.3760,5.3642,-7.2851,-3.1268,0.0234,0.1030,0.8921,5.4830,-7.1471
30.3853,5.3638,-7.2851,-3.1259,0.0234,0.1030,0.8921,5.4830,-7.1471
30.3948,5.3636,-7.2851,-3.1248,0.0234,0.1030,0.8921,5.4815,-7.1456
30.4053,5.3634,-7.2851,-3.1238,0.0234,0.1030,0.8921,5.4815,-7.1456
30.4152,5.3632,-7.2851,-3.1227,0.0234,0.1030,0.8921,5.4815,-7.1456
30.4248,5.3629,-7.2851,-3.1217,0.0232,0.0685,0.8921,5.4815,-7.1456
30.4349,5.3627,-7.2851,-3.1206,0.0232,0.0685,0.8921,5.4815,-7.1456
30.4446,5.3624,-7.2851,-3.1196,0.0232,0.0685,0.8921,5.4815,-7.1456
30.4546,5.3623,-7.2851,-3.1186,0.0232,0.0685,0.8921,5.4815,-7.1456
30.4647,5.3620,-7.2851,-3.1177,0.0232,0.0685,0.8921,5.4815,-7.1456
30.4742,5.3618,-7.2851,-3.1168,0.0232,0.0685,0.8915,5.4815,-7.1456
30.4843,5.3615,-7.2851,-3.1159,0.0232,0.0685,0.8915,5.4796,-7.1464
30.4959,5.3613,-7.2851,-3.1151,0.0232,0.0685,0.8915,5.4796,-7.1464
30.5043,5.3611,-7.2851,-3.1144,0.0232,0.0685,0.8915,5.4796,-7.1464
30.5198,5.3608,-7.2851,-3.1130,0.0232,0.0685,0.8915,5.4796,-7.1464
30.5252,5.3608,-7.2851,-3.1130,0.0237,0.0357,0.8915,5.4796,-7.1464
30.5359,5.3606,-7.2851,-3.1124,0.0237,0.0357,0.8915,5.4796,-7.1464
30.5467,5.3604,-7.2851,-3.1119,0.0237,0.0357,0.8915,5.4796,-7.1464
30.5557,5.3603,-7.2851,-3.1114,0.0237,0.0357,0.8915,5.4796,-7.1464
30.5680,5.3601,-7.2851,-3.1110,0.0237,0.0357,0.8915,5.4796,-7.1464
30.5813,5.3597,-7.2852,-3.1102,0.0237,0.0357,0.8846,5.4815,-7.1460
30.5846,5.3597,-7.2852,-3.1102,0.0237,0.0357,0.8846,5.4815,-7.1460
30.5953,5.3596,-7.2852,-3.1097,0.0237,0.0357,0.8846,5.4815,-7.1460
30.6044,5.3594,-7.2852,-3.1093,0.0237,0.0357,0.8846,5.4815,-7.1460
30.6147,5.3593,-7.2852,-3.1090,0.0237,0.0357,0.8846,5.4815,-7.1460
30.6243,5.3591,-7.2852,-3.1086,0.0237,0.0357,0.8846,5.4815,-7.1460
30.6342,5.3589,-7.2852,-3.1083,0.0226,0.0353,0.8846,5.4815,-7.1460
30.6441,5.3588,-7.2852,-3.1079,0.0226,0.0353,0.8846,5.4815,-7.1460
30.6549,5.3586,-7.2852,-3.1076,0.0226,0.0353,0.8846,5.4815,-7.1460
30.6644,5.3585,-7.2852,-3.1072,0.0226,0.0353,0.8832,5.4815,-7.1460
30.6743,5.3583,-7.2852,-3.1069,0.0226,0.0353,0.8832,5.4815,-7.1460
30.6844,5.3582,-7.2852,-3.1065,0.0226,0.0353,0.8832,5.4811,-7.1452
30.6944,5.3580,-7.2852,-3.1062,0.0226,0.0353,0.8832,5.4811,-7.1452
30.7056,5.3579,-7.2852,-3.1058,0.0226,0.0353,0.8832,5.4811,-7.1452
30.7153,5.3577,-7.2852,-3.1053,0.0226,0.0353,0.8832,5.4811,-7.1452
30.7246,5.3575,-7.2852,-3.1049,0.0232,0.0279,0.8832,5.4811,-7.1452
30.7350,5.3574,-7.2852,-3.1046,0.0232,0.0279,0.8832,5.4811,-7.1452
30.7448,5.3572,-7.2852,-3.1041,0.0232,0.0279,0.8832,5.4811,-7.1452
30.7541,5.3570,-7.2853,-3.1035,0.0232,0.0279,0.8832,5.4811,-7.1452
30.7642,5.3568,-7.2853,-3.1032,0.0232,0.0279,0.8873,5.4811,-7.1452
30.7756,5.3566,-7.2853,-3.1027,0.0232,0.0279,0.8873,5.4804,-7.1428
30.7844,5.3564,-7.2853,-3.1021,0.0232,0.0279,0.8873,5.4804,-7.1428
30.7947,5.3562,-7.2853,-3.1016,0.0232,0.0279,0.8873,5.4804,-7.1428
30.8040,5.3560,-7.2853,-3.1011,0.0232,0.0279,0.8873,5.4804,-7.1428
30.8148,5.3558,-7.2853,-3.1006,0.0232,0.0279,0.8873,5.4804,-7.1428
30.8244,5.3555,-7.2853,-3.0999,0.0220,0.0302,0.8873,5.4804,-7.1428
30.8343,5.3554,-7.2853,-3.0994,0.0220,0.0302,0.8873,5.4804,-7.1428
30.8454,5.3551,-7.2853,-3.0988,0.0220,0.0302,0.8873,5.4804,-7.1428
30.8550,5.3549,-7.2853,-3.0981,0.0220,0.0302,0.8873,5.4804,-7.1428
30.8645,5.3547,-7.2853,-3.0976,0.0220,0.0302,0.8873,5.4804,-7.1428
30.8741,5.3544,-7.2854,-3.0971,0.0220,0.0302,0.8899,5.4779,-7.1431
30.8846,5.3542,-7.2854,-3.0964,0.0220,0.0302,0.8899,5.4779,-7.1431
30.8949,5.3540,-7.2854,-3.0959,0.0220,0.0302,0.8899,5.4779,-7.1431
30.9040,5.3538,-7.2854,-3.0952,0.0220,0.0302,0.8899,5.4779,-7.1431
30.9144,5.3536,-7.2854,-3.0946,0.0220,0.0302,0.8899,5.4779,-7.1431
30.9254,5.3533,-7.2854,-3.0941,0.0222,-0.0051,0.8899,5.4779,-7.1431
30.9346,5.3531,-7.2854,-3.0934,0.0222,-0.0051,0.8899,5.4779,-7.1431
30.9446,5.3529,-7.2854,-3.0929,0.0222,-0.0051,0.8899,5.4779,-7.1431
30.9542,5.3527,-7.2854,-3.0924,0.0222,-0.0051,0.8899,5.4779,-7.1431
30.9649,5.3525,-7.2855,-3.0917,0.0222,-0.0051,0.8883,5.4779,-7.1431
30.9741,5.3523,-7.2855,-3.0912,0.0222,-0.0051,0.8883,5.4779,-7.1431
30.9853,5.3521,-7.2855,-3.0906,0.0222,-0.0051,0.8883,5.4774,-7.1456
30.9960,5.3516,-7.2855,-3.0894,0.0222,-0.0051,0.8883,5.4774,-7.1456
31.0039,5.3516,-7.2855,-3.0894,0.0222,-0.0051,0.8883,5.4774,-7.1456
31.0145,5.3513,-7.2855,-3.0889,0.0222,-0.0051,0.8883,5.4774,-7.1456
31.0251,5.3511,-7.2855,-3.0884,0.0236,0.0004,0.8883,5.4774,-7.1456
31.0345,5.3509,-7.2855,-3.0877,0.0236,0.0004,0.8883,5.4774,-7.1456
31.0447,5.3506,-7.2856,-3.0871,0.0236,0.0004,0.8883,5.4774,-7.1456
31.0548,5.3503,-7.2856,-3.0866,0.0236,0.0004,0.8883,5.4774,-7.1456
31.0650,5.3501,-7.2856,-3.0861,0.0236,0.0004,0.8833,5.4774,-7.1456
31.0750,5.3499,-7.2856,-3.0856,0.0236,0.0004,0.8833,5.4774,-7.1456
31.0841,5.3496,-7.2856,-3.0852,0.0236,0.0004,0.8833,5.4761,-7.1468
31.0941,5.3493,-7.2856,-3.0847,0.0236,0.0004,0.8833,5.4761,-7.1468
31.1039,5.3491,-7.2856,-3.0843,0.0236,0.0004,0.8833,5.4761,-7.1468
31.1148,5.3486,-7.2857,-3.0838,0.0236,0.0004,0.8833,5.4761,-7.1468
31.1253,5.3484,-7.2857,-3.0836,0.0233,-0.0017,0.8833,5.4761,-7.1468
31.1347,5.3484,-7.2857,-3.0836,0.0233,-0.0017,0.8833,5.4761,-7.1468
31.1448,5.3482,-7.2857,-3.0836,0.0233,-0.0017,0.8833,5.4761,-7.1468
31.1543,5.3480,-7.2857,-3.0835,0.0233,-0.0017,0.8833,5.4761,-7.1468
31.1667,5.3476,-7.2857,-3.0833,0.0233,-0.0017,0.8844,5.4761,-7.1468
31.1742,5.3476,-7.2857,-3.0833,0.0233,-0.0017,0.8844,5.4745,-7.1460
31.1843,5.3474,-7.2857,-3.0833,0.0233,-0.0017,0.8844,5.4745,-7.1460
31.1946,5.3470,-7.2858,-3.0831,0.0233,-0.0017,0.8844,5.4745,-7.1460
31.2045,5.3470,-7.2858,-3.0831,0.0233,-0.0017,0.8844,5.4745,-7.1460
31.2151,5.3467,-7.2858,-3.0829,0.0233,-0.0017,0.8844,5.4745,-7.1460
31.2252,5.3465,-7.2858,-3.0828,0.0233,-0.0017,0.8844,5.4745,-7.1460
31.2359,5.3463,-7.2858,-3.0826,0.0227,0.0115,0.8844,5.4745,-7.1460
31.2485,5.3462,-7.2858,-3.0824,0.0227,0.0115,0.8844,5.4745,-7.1460
31.2558,5.3460,-7.2858,-3.0823,0.0227,0.0115,0.8844,5.4745,-7.1460
31.2665,5.3459,-7.2858,-3.0819,0.0227,0.0115,0.8913,5.4745,-7.1460
31.2751,5.3457,-7.2858,-3.0816,0.0227,0.0115,0.8913,5.4745,-7.1460
31.2844,5.3455,-7.2858,-3.0812,0.0227,0.0115,0.8913,5.4702,-7.1463
31.2958,5.3455,-7.2858,-3.0812,0.0227,0.0115,0.8913,5.4702,-7.1463
31.3043,5.3452,-7.2859,-3.0803,0.0227,0.0115,0.8913,5.4702,-7.1463
31.3151,5.3450,-7.2859,-3.0800,0.0227,0.0115,0.8913,5.4702,-7.1463
31.3268,5.3449,-7.2859,-3.0796,0.0226,-0.0015,0.8913,5.4702,-7.1463
31.3351,5.3447,-7.2859,-3.0793,0.0226,-0.0015,0.8913,5.4702,-7.1463
31.3447,5.3446,-7.2859,-3.0789,0.0226,-0.0015,0.8913,5.4702,-7.1463
31.3559,5.3444,-7.2859,-3.0784,0.0226,-0.0015,0.8913,5.4702,-7.1463
31.3647,5.3442,-7.2859,-3.0781,0.0226,-0.0015,0.8897,5.4702,-7.1463
31.3750,5.3441,-7.2859,-3.0777,0.0226,-0.0015,0.8897,5.4702,-7.1463
31.3845,5.3439,-7.2859,-3.0772,0.0226,-0.0015,0.8897,5.4696,-7.1453
31.3945,5.3438,-7.2860,-3.0768,0.0226,-0.0015,0.8897,5.4696,-7.1453
31.4044,5.3436,-7.2860,-3.0765,0.0226,-0.0015,0.8897,5.4696,-7.1453
31.4147,5.3434,-7.2860,-3.0761,0.0226,-0.0015,0.8897,5.4696,-7.1453
31.4251,5.3433,-7.2860,-3.0758,0.0234,-0.0015,0.8897,5.4696,-7.1453
31.4350,5.3431,-7.2860,-3.0754,0.0234,-0.0015,0.8897,5.4696,-7.1453
31.4445,5.3429,-7.2860,-3.0751,0.0234,-0.0015,0.8897,5.4696,-7.1453
31.4568,5.3427,-7.2860,-3.0747,0.0234,-0.0015,0.8897,5.4696,-7.1453
31.4652,5.3425,-7.2860,-3.0746,0.0234,-0.0015,0.8949,5.4696,-7.1453
31.4747,5.3423,-7.2860,-3.0742,0.0234,-0.0015,0.8949,5.4669,-7.1454
31.4848,5.3421,-7.2861,-3.0740,0.0234,-0.0015,0.8949,5.4669,-7.1454
31.4954,5.3420,-7.2861,-3.0737,0.0234,-0.0015,0.8949,5.4669,-7.1454
31.5047,5.3418,-7.2861,-3.0735,0.0234,-0.0015,0.8949,5.4669,-7.1454
31.5148,5.3416,-7.2861,-3.0734,0.0234,-0.0015,0.8949,5.4669,-7.1454
31.5256,5.3414,-7.2861,-3.0730,0.0234,-0.0351,0.8949,5.4669,-7.1454
31.5349,5.3412,-7.2861,-3.0728,0.0234,-0.0351,0.8949,5.4669,-7.1454
31.5449,5.3410,-7.2861,-3.0725,0.0234,-0.0351,0.8949,5.4669,-7.1454
31.5542,5.3408,-7.2862,-3.0721,0.0234,-0.0351,0.8949,5.4669,-7.1454
31.5773,5.3404,-7.2862,-3.0714,0.0234,-0.0351,0.8906,5.4669,-7.1454
31.5846,5.3402,-7.2862,-3.0711,0.0234,-0.0351,0.8906,5.4658,-7.1473
31.5950,5.3402,-7.2862,-3.0711,0.0234,-0.0351,0.8906,5.4658,-7.1473
31.6046,5.3400,-7.2862,-3.0702,0.0234,-0.0351,0.8906,5.4658,-7.1473
31.6147,5.3396,-7.2862,-3.0699,0.0234,-0.0351,0.8906,5.4658,-7.1473
31.6274,5.3394,-7.2862,-3.0695,0.0234,-0.0351,0.8906,5.4658,-7.1473
31.6355,5.3392,-7.2863,-3.0692,0.0236,-0.0501,0.8906,5.4658,-7.1473
31.6448,5.3390,-7.2863,-3.0690,0.0236,-0.0501,0.8906,5.4658,-7.1473
31.6559,5.3388,-7.2863,-3.0686,0.0236,-0.0501,0.8906,5.4658,-7.1473
31.6660,5.3386,-7.2863,-3.0685,0.0236,-0.0501,0.8924,5.4658,-7.1473
31.6749,5.3385,-7.2863,-3.0683,0.0236,-0.0501,0.8924,5.4643,-7.1471
31.6847,5.3382,-7.2863,-3.0681,0.0236,-0.0501,0.8924,5.4643,-7.1471
31.6947,5.3381,-7.2863,-3.0681,0.0236,-0.0501,0.8924,5.4643,-7.1471
31.7064,5.3378,-7.2864,-3.0679,0.0236,-0.0501,0.8924,5.4643,-7.1471
31.7157,5.3376,-7.2864,-3.0679,0.0236,-0.0501,0.8924,5.4643,-7.1471
31.7256,5.3374,-7.2864,-3.0679,0.0239,-0.0601,0.8924,5.4643,-7.1471
31.7346,5.3371,-7.2864,-3.0678,0.0239,-0.0601,0.8924,5.4643,-7.1471
31.7445,5.3369,-7.2864,-3.0678,0.0239,-0.0601,0.8924,5.4643,-7.1471
31.7540,5.3366,-7.2865,-3.0676,0.0239,-0.0601,0.8924,5.4643,-7.1471
31.7649,5.3363,-7.2865,-3.0674,0.0239,-0.0601,0.8924,5.4643,-7.1471
31.7742,5.3361,-7.2865,-3.0674,0.0239,-0.0601,0.8924,5.4643,-7.1471
31.7842,5.3358,-7.2865,-3.0674,0.0239,-0.0601,0.8924,5.4605,-7.1499
31.7952,5.3356,-7.2865,-3.0672,0.0239,-0.0601,0.8924,5.4605,-7.1499
31.8045,5.3353,-7.2865,-3.0672,0.0239,-0.0601,0.8924,5.4605,-7.1499
31.8145,5.3351,-7.2866,-3.0672,0.0239,-0.0601,0.8924,5.4605,-7.1499
31.8246,5.3349,-7.2866,-3.0674,0.0232,-0.0403,0.8924,5.4605,-7.1499
31.8358,5.3346,-7.2866,-3.0674,0.0232,-0.0403,0.8924,5.4605,-7.1499
31.8451,5.3344,-7.2866,-3.0676,0.0232,-0.0403,0.8924,5.4605,-7.1499
31.8542,5.3341,-7.2866,-3.0678,0.0232,-0.0403,0.8924,5.4605,-7.1499
31.8643,5.3339,-7.2867,-3.0679,0.0232,-0.0403,0.8893,5.4605,-7.1499
31.8744,5.3337,-7.2867,-3.0681,0.0232,-0.0403,0.8893,5.4605,-7.1499
31.8844,5.3335,-7.2867,-3.0683,0.0232,-0.0403,0.8893,5.4573,-7.1507
31.8952,5.3333,-7.2867,-3.0686,0.0232,-0.0403,0.8893,5.4573,-7.1507
31.9044,5.3331,-7.2867,-3.0688,0.0232,-0.0403,0.8893,5.4573,-7.1507
31.9144,5.3329,-7.2867,-3.0692,0.0232,-0.0403,0.8893,5.4573,-7.1507
31.9247,5.3326,-7.2867,-3.0693,0.0223,-0.0514,0.8893,5.4573,-7.1507
31.9355,5.3323,-7.2868,-3.0697,0.0223,-0.0514,0.8893,5.4573,-7.1507
31.9451,5.3321,-7.2868,-3.0699,0.0223,-0.0514,0.8893,5.4573,-7.1507
31.9544,5.3320,-7.2868,-3.0702,0.0223,-0.0514,0.8893,5.4573,-7.1507
31.9779,5.3316,-7.2868,-3.0707,0.0223,-0.0514,0.8874,5.4573,-7.1507
31.9846,5.3314,-7.2868,-3.0709,0.0223,-0.0514,0.8874,5.4560,-7.1523
31.9946,5.3312,-7.2869,-3.0713,0.0223,-0.0514,0.8874,5.4560,-7.1523
32.0046,5.3310,-7.2869,-3.0714,0.0223,-0.0514,0.8874,5.4560,-7.1523
32.0147,5.3308,-7.2869,-3.0718,0.0223,-0.0514,0.8874,5.4560,-7.1523
32.0252,5.3306,-7.2869,-3.0721,0.0234,-0.0651,0.8874,5.4560,-7.1523
32.0343,5.3305,-7.2869,-3.0725,0.0234,-0.0651,0.8874,5.4560,-7.1523
32.0449,5.3303,-7.2869,-3.0728,0.0234,-0.0651,0.8874,5.4560,-7.1523
32.0543,5.3301,-7.2869,-3.0732,0.0234,-0.0651,0.8874,5.4560,-7.1523
32.0650,5.3299,-7.2869,-3.0735,0.0234,-0.0651,0.8841,5.4560,-7.1523
32.0746,5.3297,-7.2870,-3.0740,0.0234,-0.0651,0.8841,5.4542,-7.1534
32.0850,5.3295,-7.2870,-3.0746,0.0234,-0.0651,0.8841,5.4542,-7.1534
32.0954,5.3293,-7.2870,-3.0751,0.0234,-0.0651,0.8841,5.4542,-7.1534
32.1046,5.3290,-7.2870,-3.0754,0.0234,-0.0651,0.8841,5.4542,-7.1534
32.1144,5.3288,-7.2870,-3.0760,0.0234,-0.0651,0.8841,5.4542,-7.1534
32.1249,5.3285,-7.2870,-3.0760,0.0235,-0.0957,0.8841,5.4542,-7.1534
32.1343,5.3283,-7.2870,-3.0765,0.0235,-0.0957,0.8841,5.4542,-7.1534
32.1443,5.3283,-7.2870,-3.0770,0.0235,-0.0957,0.8841,5.4542,-7.1534
32.1541,5.3279,-7.2871,-3.0775,0.0235,-0.0957,0.8841,5.4542,-7.1534
32.1651,5.3277,-7.2871,-3.0779,0.0235,-0.0957,0.8946,5.4542,-7.1534
32.1751,5.3274,-7.2871,-3.0784,0.0235,-0.0957,0.8946,5.4536,-7.1542
32.1845,5.3272,-7.2871,-3.0789,0.0235,-0.0957,0.8946,5.4536,-7.1542
32.1950,5.3270,-7.2871,-3.0793,0.0235,-0.0957,0.8946,5.4536,-7.1542
32.2042,5.3268,-7.2871,-3.0796,0.0235,-0.0957,0.8946,5.4536,-7.1542
32.2147,5.3266,-7.2872,-3.0800,0.0235,-0.0957,0.8946,5.4536,-7.1542
32.2267,5.3263,-7.2872,-3.0803,0.0230,-0.0921,0.8946,5.4536,-7.1542
32.2358,5.3261,-7.2872,-3.0805,0.0230,-0.0921,0.8946,5.4536,-7.1542
32.2455,5.3259,-7.2872,-3.0809,0.0230,-0.0921,0.8946,5.4536,-7.1542
32.2551,5.3257,-7.2872,-3.0810,0.0230,-0.0921,0.8946,5.4536,-7.1542
32.2681,5.3255,-7.2872,-3.0814,0.0230,-0.0921,0.8907,5.4533,-7.1525
32.2742,5.3253,-7.2872,-3.0817,0.0230,-0.0921,0.8907,5.4533,-7.1525
32.2851,5.3251,-7.2872,-3.0821,0.0230,-0.0921,0.8907,5.4533,-7.1525
32.2958,5.3249,-7.2873,-3.0824,0.0230,-0.0921,0.8907,5.4533,-7.1525
32.3050,5.3247,-7.2873,-3.0828,0.0230,-0.0921,0.8907,5.4533,-7.1525
32.3146,5.3245,-7.2873,-3.0831,0.0230,-0.0921,0.8907,5.4533,-7.1525
32.3245,5.3244,-7.2873,-3.0836,0.0230,-0.0921,0.8907,5.4533,-7.1525
32.3350,5.3242,-7.2873,-3.0840,0.0231,-0.0831,0.8907,5.4533,-7.1525
32.3450,5.3240,-7.2873,-3.0845,0.0231,-0.0831,0.8907,5.4533,-7.1525
32.3541,5.3238,-7.2873,-3.0849,0.0231,-0.0831,0.8907,5.4533,-7.1525
32.3648,5.3236,-7.2873,-3.0854,0.0231,-0.0831,0.8921,5.4533,-7.1525
32.3746,5.3234,-7.2873,-3.0859,0.0231,-0.0831,0.8921,5.4533,-7.1525
32.3843,5.3232,-7.2874,-3.0864,0.0231,-0.0831,0.8921,5.4528,-7.1520
32.3946,5.3230,-7.2874,-3.0870,0.0231,-0.0831,0.8921,5.4528,-7.1520
32.4040,5.3228,-7.2874,-3.0877,0.0231,-0.0831,0.8921,5.4528,-7.1520
32.4149,5.3225,-7.2874,-3.0884,0.0231,-0.0831,0.8921,5.4528,-7.1520
32.4264,5.3223,-7.2874,-3.0889,0.0232,-0.0432,0.8921,5.4528,-7.1520
32.4361,5.3221,-7.2874,-3.0896,0.0232,-0.0432,0.8921,5.4528,-7.1520
32.4443,5.3219,-7.2874,-3.0903,0.0232,-0.0432,0.8921,5.4528,-7.1520
32.4549,5.3217,-7.2874,-3.0910,0.0232,-0.0432,0.8921,5.4528,-7.1520
32.4646,5.3214,-7.2874,-3.0917,0.0232,-0.0432,0.8932,5.4528,-7.1520
32.4745,5.3212,-7.2875,-3.0924,0.0232,-0.0432,0.8932,5.4516,-7.1528
32.4843,5.3210,-7.2875,-3.0931,0.0232,-0.0432,0.8932,5.4516,-7.1528
32.4948,5.3208,-7.2875,-3.0938,0.0232,-0.0432,0.8932,5.4516,-7.1528
32.5046,5.3206,-7.2875,-3.0943,0.0232,-0.0432,0.8932,5.4516,-7.1528
32.5143,5.3203,-7.2875,-3.0950,0.0232,-0.0432,0.8932,5.4516,-7.1528
32.5248,5.3201,-7.2875,-3.0957,0.0232,-0.0432,0.8932,5.4516,-7.1528
32.5347,5.3199,-7.2875,-3.0962,0.0234,-0.0145,0.8932,5.4516,-7.1528
32.5452,5.3196,-7.2875,-3.0969,0.0234,-0.0145,0.8932,5.4516,-7.1528
32.5546,5.3194,-7.2875,-3.0973,0.0234,-0.0145,0.8932,5.4516,-7.1528
32.5660,5.3191,-7.2876,-3.0978,0.0234,-0.0145,0.8902,5.4516,-7.1528
32.5746,5.3189,-7.2876,-3.0981,0.0234,-0.0145,0.8902,5.4352,-7.1549
32.5842,5.3186,-7.2876,-3.0985,0.0234,-0.0145,0.8902,5.4352,-7.1549
32.5958,5.3184,-7.2876,-3.0990,0.0234,-0.0145,0.8902,5.4352,-7.1549
32.6041,5.3182,-7.2876,-3.0994,0.0234,-0.0145,0.8902,5.4352,-7.1549
32.6151,5.3179,-7.2876,-3.0997,0.0234,-0.0145,0.8902,5.4352,-7.1549
32.6253,5.3176,-7.2876,-3.1002,0.0236,-0.0424,0.8902,5.4352,-7.1549
32.6348,5.3174,-7.2876,-3.1008,0.0236,-0.0424,0.8902,5.4352,-7.1549
32.6451,5.3171,-7.2876,-3.1013,0.0236,-0.0424,0.8902,5.4352,-7.1549
32.6557,5.3169,-7.2876,-3.1018,0.0236,-0.0424,0.8902,5.4352,-7.1549
32.6646,5.3165,-7.2877,-3.1021,0.0236,-0.0424,0.8942,5.4352,-7.1549
32.6746,5.3163,-7.2877,-3.1027,0.0236,-0.0424,0.8942,5.4109,-7.1546
32.6846,5.3159,-7.2877,-3.1032,0.0236,-0.0424,0.8942,5.4109,-7.1546
32.6947,5.3156,-7.2877,-3.1037,0.0236,-0.0424,0.8942,5.4109,-7.1546
32.7045,5.3153,-7.2877,-3.1042,0.0236,-0.0424,0.8942,5.4109,-7.1546
32.7161,5.3150,-7.2877,-3.1048,0.0236,-0.0424,0.8942,5.4109,-7.1546
32.7271,5.3148,-7.2877,-3.1053,0.0226,-0.0385,0.8942,5.4109,-7.1546
32.7355,5.3144,-7.2877,-3.1058,0.0226,-0.0385,0.8942,5.4109,-7.1546
32.7452,5.3142,-7.2877,-3.1065,0.0226,-0.0385,0.8942,5.4109,-7.1546
32.7554,5.3139,-7.2878,-3.1070,0.0226,-0.0385,0.8942,5.4109,-7.1546
32.7654,5.3137,-7.2878,-3.1077,0.0226,-0.0385,0.8896,5.4109,-7.1546
32.7761,5.3134,-7.2878,-3.1083,0.0226,-0.0385,0.8896,5.4109,-7.1546
32.7849,5.3132,-7.2878,-3.1088,0.0226,-0.0385,0.8896,5.3992,-7.1557
32.7948,5.3129,-7.2878,-3.1093,0.0226,-0.0385,0.8896,5.3992,-7.1557
32.8046,5.3128,-7.2878,-3.1098,0.0226,-0.0385,0.8896,5.3992,-7.1557
32.8151,5.3126,-7.2878,-3.1104,0.0226,-0.0385,0.8896,5.3992,-7.1557
32.8246,5.3124,-7.2878,-3.1107,0.0222,0.0246,0.8896,5.3992,-7.1557
32.8357,5.3122,-7.2878,-3.1110,0.0222,0.0246,0.8896,5.3992,-7.1557
32.8456,5.3120,-7.2878,-3.1114,0.0222,0.0246,0.8896,5.3992,-7.1557
32.8565,5.3119,-7.2878,-3.1116,0.0222,0.0246,0.8896,5.3992,-7.1557
32.8644,5.3117,-7.2878,-3.1119,0.0222,0.0246,0.8855,5.3992,-7.1557
32.8744,5.3116,-7.2878,-3.1123,0.0222,0.0246,0.8855,5.3894,-7.1539
32.8847,5.3114,-7.2878,-3.1126,0.0222,0.0246,0.8855,5.3894,-7.1539
32.8944,5.3113,-7.2878,-3.1130,0.0222,0.0246,0.8855,5.3894,-7.1539
32.9045,5.3112,-7.2878,-3.1133,0.0222,0.0246,0.8855,5.3894,-7.1539
32.9146,5.3110,-7.2878,-3.1137,0.0222,0.0246,0.8855,5.3894,-7.1539
32.9242,5.3109,-7.2879,-3.1140,0.0230,0.0668,0.8855,5.3894,-7.1539
32.9348,5.3108,-7.2879,-3.1144,0.0230,0.0668,0.8855,5.3894,-7.1539
32.9453,5.3106,-7.2879,-3.1147,0.0230,0.0668,0.8855,5.3894,-7.1539
32.9577,5.3105,-7.2879,-3.1151,0.0230,0.0668,0.8855,5.3894,-7.1539
32.9645,5.3104,-7.2879,-3.1152,0.0230,0.0668,0.8890,5.3894,-7.1539
32.9746,5.3103,-7.2879,-3.1152,0.0230,0.0668,0.8890,5.3814,-7.1533
32.9849,5.3101,-7.2879,-3.1152,0.0230,0.0668,0.8890,5.3814,-7.1533
32.9946,5.3100,-7.2879,-3.1154,0.0230,0.0668,0.8890,5.3814,-7.1533
33.0044,5.3098,-7.2879,-3.1154,0.0230,0.0668,0.8890,5.3814,-7.1533
33.0149,5.3097,-7.2879,-3.1154,0.0230,0.0668,0.8890,5.3814,-7.1533
33.0248,5.3096,-7.2879,-3.1154,0.0227,0.0654,0.8890,5.3814,-7.1533
33.0347,5.3094,-7.2879,-3.1156,0.0227,0.0654,0.8890,5.3814,-7.1533
33.0451,5.3093,-7.2879,-3.1156,0.0227,0.0654,0.8890,5.3814,-7.1533
33.0562,5.3091,-7.2879,-3.1156,0.0227,0.0654,0.8890,5.3814,-7.1533
33.0647,5.3090,-7.2879,-3.1158,0.0227,0.0654,0.8952,5.3814,-7.1533
33.0744,5.3089,-7.2879,-3.1158,0.0227,0.0654,0.8952,5.3748,-7.1534
33.0848,5.3087,-7.2879,-3.1159,0.0227,0.0654,0.8952,5.3748,-7.1534
33.0954,5.3085,-7.2879,-3.1159,0.0227,0.0654,0.8952,5.3748,-7.1534
33.1045,5.3084,-7.2879,-3.1161,0.0227,0.0654,0.8952,5.3748,-7.1534
33.1194,5.3082,-7.2879,-3.1161,0.0227,0.0654,0.8952,5.3748,-7.1534
33.1251,5.3080,-7.2879,-3.1163,0.0232,0.0728,0.8952,5.3748,-7.1534
33.1353,5.3079,-7.2879,-3.1163,0.0232,0.0728,0.8952,5.3748,-7.1534
33.1444,5.3076,-7.2879,-3.1163,0.0232,0.0728,0.8952,5.3748,-7.1534
33.1558,5.3075,-7.2879,-3.1163,0.0232,0.0728,0.8952,5.3748,-7.1534
33.1650,5.3073,-7.2879,-3.1163,0.0232,0.0728,0.8931,5.3748,-7.1534
33.1742,5.3071,-7.2879,-3.1163,0.0232,0.0728,0.8931,5.3748,-7.1534
33.1847,5.3069,-7.2880,-3.1163,0.0232,0.0728,0.8931,5.3688,-7.1530
33.1949,5.3067,-7.2880,-3.1165,0.0232,0.0728,0.8931,5.3688,-7.1530
33.2042,5.3065,-7.2880,-3.1165,0.0232,0.0728,0.8931,5.3688,-7.1530
33.2144,5.3063,-7.2880,-3.1165,0.0232,0.0728,0.8931,5.3688,-7.1530
33.2254,5.3061,-7.2880,-3.1165,0.0230,0.0581,0.8931,5.3688,-7.1530
33.2344,5.3059,-7.2880,-3.1165,0.0230,0.0581,0.8931,5.3688,-7.1530
33.2446,5.3057,-7.2880,-3.1165,0.0230,0.0581,0.8931,5.3688,-7.1530
33.2542,5.3055,-7.2880,-3.1163,0.0230,0.0581,0.8931,5.3688,-7.1530
33.2649,5.3052,-7.2880,-3.1163,0.0230,0.0581,0.8890,5.3640,-7.1534
33.2747,5.3050,-7.2880,-3.1163,0.0230,0.0581,0.8890,5.3640,-7.1534
33.2845,5.3048,-7.2880,-3.1163,0.0230,0.0581,0.8890,5.3640,-7.1534
33.2949,5.3048,-7.2880,-3.1163,0.0230,0.0581,0.8890,5.3640,-7.1534
33.3044,5.3045,-7.2880,-3.1163,0.0230,0.0581,0.8890,5.3640,-7.1534
33.3142,5.3043,-7.2880,-3.1163,0.0230,0.0581,0.8890,5.3640,-7.1534
33.3243,5.3041,-7.2880,-3.1163,0.0232,0.0364,0.8890,5.3640,-7.1534
33.3342,5.3039,-7.2880,-3.1165,0.0232,0.0364,0.8890,5.3640,-7.1534
33.3446,5.3037,-7.2880,-3.1166,0.0232,0.0364,0.8890,5.3640,-7.1534
33.3552,5.3035,-7.2880,-3.1168,0.0232,0.0364,0.8960,5.3640,-7.1534
33.3648,5.3033,-7.2880,-3.1170,0.0232,0.0364,0.8960,5.3640,-7.1534
33.3745,5.3031,-7.2881,-3.1172,0.0232,0.0364,0.8960,5.3640,-7.1534
33.3847,5.3029,-7.2881,-3.1173,0.0232,0.0364,0.8960,5.3605,-7.1542
33.3947,5.3027,-7.2881,-3.1175,0.0232,0.0364,0.8960,5.3605,-7.1542
33.4043,5.3025,-7.2881,-3.1177,0.0232,0.0364,0.8960,5.3605,-7.1542
33.4150,5.3023,-7.2881,-3.1179,0.0232,0.0364,0.8960,5.3605,-7.1542
33.4247,5.3021,-7.2881,-3.1180,0.0211,0.0692,0.8960,5.3605,-7.1542
33.4346,5.3019,-7.2881,-3.1184,0.0211,0.0692,0.8960,5.3605,-7.1542
33.4451,5.3017,-7.2881,-3.1186,0.0211,0.0692,0.8960,5.3605,-7.1542
33.4548,5.3015,-7.2881,-3.1187,0.0211,0.0692,0.8939,5.3605,-7.1542
33.4657,5.3013,-7.2881,-3.1191,0.0211,0.0692,0.8939,5.3605,-7.1542
33.4743,5.3011,-7.2881,-3.1193,0.0211,0.0692,0.8939,5.3586,-7.1531
33.4854,5.3009,-7.2881,-3.1194,0.0211,0.0692,0.8939,5.3586,-7.1531
33.4965,5.3007,-7.2881,-3.1194,0.0211,0.0692,0.8939,5.3586,-7.1531
33.5053,5.3006,-7.2881,-3.1194,0.0211,0.0692,0.8939,5.3586,-7.1531
33.5166,5.3003,-7.2881,-3.1194,0.0211,0.0692,0.8939,5.3586,-7.1531
33.5251,5.3001,-7.2881,-3.1194,0.0233,0.0510,0.8939,5.3586,-7.1531
33.5344,5.2999,-7.2881,-3.1193,0.0233,0.0510,0.8939,5.3586,-7.1531
33.5455,5.2997,-7.2881,-3.1191,0.0233,0.0510,0.8939,5.3586,-7.1531
33.5549,5.2995,-7.2881,-3.1187,0.0233,0.0510,0.8910,5.3586,-7.1531
33.5643,5.2993,-7.2881,-3.1184,0.0233,0.0510,0.8910,5.3586,-7.1531
33.5740,5.2991,-7.2881,-3.1179,0.0233,0.0510,0.8910,5.3577,-7.1513
33.5842,5.2989,-7.2881,-3.1175,0.0233,0.0510,0.8910,5.3577,-7.1513
33.5952,5.2987,-7.2882,-3.1170,0.0233,0.0510,0.8910,5.3577,-7.1513
33.6042,5.2985,-7.2882,-3.1165,0.0233,0.0510,0.8910,5.3577,-7.1513
33.6146,5.2982,-7.2882,-3.1159,0.0233,0.0510,0.8910,5.3577,-7.1513
33.6253,5.2980,-7.2882,-3.1156,0.0227,0.0528,0.8910,5.3577,-7.1513
33.6345,5.2978,-7.2882,-3.1152,0.0227,0.0528,0.8910,5.3577,-7.1513
33.6449,5.2976,-7.2882,-3.1149,0.0227,0.0528,0.8910,5.3577,-7.1513
33.6552,5.2974,-7.2882,-3.1147,0.0227,0.0528,0.8825,5.3577,-7.1513
33.6648,5.2972,-7.2882,-3.1145,0.0227,0.0528,0.8825,5.3577,-7.1513
33.6746,5.2971,-7.2882,-3.1144,0.0227,0.0528,0.8825,5.3621,-7.1497
33.6849,5.2969,-7.2882,-3.1142,0.0227,0.0528,0.8825,5.3621,-7.1497
33.6956,5.2967,-7.2882,-3.1142,0.0227,0.0528,0.8825,5.3621,-7.1497
33.7047,5.2965,-7.2882,-3.1140,0.0227,0.0528,0.8825,5.3621,-7.1497
33.7153,5.2963,-7.2882,-3.1140,0.0227,0.0528,0.8825,5.3621,-7.1497
33.7262,5.2961,-7.2882,-3.1138,0.0227,0.0528,0.8825,5.3621,-7.1497
33.7353,5.2959,-7.2882,-3.1138,0.0227,0.0528,0.8825,5.3621,-7.1497
33.7470,5.2957,-7.2882,-3.1137,0.0226,0.0215,0.8825,5.3621,-7.1497
33.7580,5.2955,-7.2882,-3.1137,0.0226,0.0215,0.8805,5.3621,-7.1497
33.7654,5.2954,-7.2882,-3.1135,0.0226,0.0215,0.8805,5.3621,-7.1497
33.7746,5.2952,-7.2882,-3.1133,0.0226,0.0215,0.8805,5.3614,-7.1494
33.7845,5.2950,-7.2883,-3.1130,0.0226,0.0215,0.8805,5.3614,-7.1494
33.7954,5.2948,-7.2883,-3.1128,0.0226,0.0215,0.8805,5.3614,-7.1494
33.8043,5.2946,-7.2883,-3.1126,0.0226,0.0215,0.8805,5.3614,-7.1494
33.8142,5.2944,-7.2883,-3.1123,0.0226,0.0215,0.8805,5.3614,-7.1494
33.8259,5.2942,-7.2883,-3.1121,0.0231,0.0030,0.8805,5.3614,-7.1494
33.8366,5.2940,-7.2883,-3.1117,0.0231,0.0030,0.8805,5.3614,-7.1494
33.8457,5.2939,-7.2883,-3.1116,0.0231,0.0030,0.8805,5.3614,-7.1494
33.8545,5.2937,-7.2883,-3.1114,0.0231,0.0030,0.8920,5.3614,-7.1494
33.8647,5.2935,-7.2883,-3.1112,0.0231,0.0030,0.8920,5.3614,-7.1494
33.8747,5.2933,-7.2883,-3.1112,0.0231,0.0030,0.8920,5.3598,-7.1502
33.8849,5.2931,-7.2883,-3.1110,0.0231,0.0030,0.8920,5.3598,-7.1502
33.8949,5.2929,-7.2883,-3.1109,0.0231,0.0030,0.8920,5.3598,-7.1502
33.9045,5.2927,-7.2883,-3.1109,0.0231,0.0030,0.8920,5.3598,-7.1502
33.9160,5.2925,-7.2883,-3.1107,0.0231,0.0030,0.8920,5.3598,-7.1502
33.9254,5.2923,-7.2883,-3.1105,0.0226,0.0240,0.8920,5.3598,-7.1502
33.9356,5.2921,-7.2883,-3.1104,0.0226,0.0240,0.8920,5.3598,-7.1502
33.9452,5.2919,-7.2883,-3.1102,0.0226,0.0240,0.8920,5.3598,-7.1502
33.9546,5.2917,-7.2884,-3.1102,0.0226,0.0240,0.8943,5.3598,-7.1502
33.9649,5.2915,-7.2884,-3.1100,0.0226,0.0240,0.8943,5.3598,-7.1502
33.9750,5.2912,-7.2884,-3.1098,0.0226,0.0240,0.8943,5.3592,-7.1490
33.9850,5.2911,-7.2884,-3.1098,0.0226,0.0240,0.8943,5.3592,-7.1490
33.9953,5.2909,-7.2884,-3.1097,0.0226,0.0240,0.8943,5.3592,-7.1490
34.0043,5.2907,-7.2884,-3.1093,0.0226,0.0240,0.8943,5.3592,-7.1490
34.0159,5.2904,-7.2884,-3.1091,0.0235,0.0164,0.8943,5.3592,-7.1490
34.0261,5.2902,-7.2884,-3.1088,0.0235,0.0164,0.8943,5.3592,-7.1490
34.0343,5.2900,-7.2884,-3.1086,0.0235,0.0164,0.8943,5.3592,-7.1490
34.0451,5.2898,-7.2884,-3.1083,0.0235,0.0164,0.8943,5.3592,-7.1490
34.0551,5.2896,-7.2884,-3.1079,0.0235,0.0164,0.8904,5.3592,-7.1490
34.0643,5.2894,-7.2884,-3.1076,0.0235,0.0164,0.8904,5.3583,-7.1477
34.0741,5.2892,-7.2884,-3.1072,0.0235,0.0164,0.8904,5.3583,-7.1477
34.0848,5.2890,-7.2884,-3.1069,0.0235,0.0164,0.8904,5.3583,-7.1477
34.0960,5.2888,-7.2884,-3.1065,0.0235,0.0164,0.8904,5.3583,-7.1477
34.1043,5.2886,-7.2885,-3.1062,0.0235,0.0164,0.8904,5.3583,-7.1477
34.1143,5.2884,-7.2885,-3.1058,0.0235,0.0164,0.8904,5.3583,-7.1477
34.1242,5.2882,-7.2885,-3.1056,0.0231,0.0294,0.8904,5.3583,-7.1477
34.1348,5.2880,-7.2885,-3.1055,0.0231,0.0294,0.8904,5.3583,-7.1477
34.1448,5.2877,-7.2885,-3.1053,0.0231,0.0294,0.8904,5.3583,-7.1477
34.1542,5.2875,-7.2885,-3.1053,0.0231,0.0294,0.8877,5.3583,-7.1477
34.1650,5.2873,-7.2885,-3.1051,0.0231,0.0294,0.8877,5.3583,-7.1477
34.1740,5.2872,-7.2885,-3.1051,0.0231,0.0294,0.8877,5.3571,-7.1474
34.1849,5.2870,-7.2885,-3.1051,0.0231,0.0294,0.8877,5.3571,-7.1474
34.1954,5.2868,-7.2885,-3.1051,0.0231,0.0294,0.8877,5.3571,-7.1474
34.2051,5.2866,-7.2885,-3.1049,0.0231,0.0294,0.8877,5.3571,-7.1474
34.2230,5.2863,-7.2885,-3.1046,0.0230,0.0153,0.8877,5.3571,-7.1474
34.2259,5.2863,-7.2885,-3.1046,0.0230,0.0153,0.8877,5.3571,-7.1474
34.2347,5.2861,-7.2885,-3.1044,0.0230,0.0153,0.8877,5.3571,-7.1474
34.2449,5.2859,-7.2886,-3.1041,0.0230,0.0153,0.8877,5.3571,-7.1474
34.2545,5.2857,-7.2886,-3.1037,0.0230,0.0153,0.9006,5.3571,-7.1474
34.2646,5.2855,-7.2886,-3.1037,0.0230,0.0153,0.9006,5.3585,-7.1478
34.2756,5.2853,-7.2886,-3.1034,0.0230,0.0153,0.9006,5.3585,-7.1478
34.2848,5.2851,-7.2886,-3.1030,0.0230,0.0153,0.9006,5.3585,-7.1478
34.2956,5.2848,-7.2886,-3.1027,0.0230,0.0153,0.9006,5.3585,-7.1478
34.3057,5.2846,-7.2886,-3.1023,0.0230,0.0153,0.9006,5.3585,-7.1478
34.3147,5.2844,-7.2886,-3.1018,0.0230,0.0153,0.9006,5.3585,-7.1478
34.3246,5.2841,-7.2886,-3.1015,0.0225,-0.0094,0.9006,5.3585,-7.1478
34.3395,5.2838,-7.2886,-3.1011,0.0225,-0.0094,0.9006,5.3585,-7.1478
34.3450,5.2836,-7.2886,-3.1009,0.0225,-0.0094,0.9006,5.3585,-7.1478
34.3548,5.2834,-7.2887,-3.1006,0.0225,-0.0094,0.9006,5.3585,-7.1478
34.3652,5.2831,-7.2887,-3.1004,0.0225,-0.0094,0.9006,5.3585,-7.1478
34.3747,5.2829,-7.2887,-3.1002,0.0225,-0.0094,0.9006,5.3585,-7.1478
34.3849,5.2826,-7.2887,-3.1002,0.0225,-0.0094,0.9006,5.3585,-7.1478
34.3945,5.2824,-7.2887,-3.1001,0.0225,-0.0094,0.9006,5.3585,-7.1478
34.4047,5.2822,-7.2887,-3.0999,0.0225,-0.0094,0.9006,5.3585,-7.1478
34.4147,5.2820,-7.2887,-3.0999,0.0225,-0.0094,0.8972,5.3585,-7.1478
34.4255,5.2817,-7.2887,-3.0997,0.0224,0.0256,0.8972,5.3616,-7.1485
34.4350,5.2815,-7.2887,-3.0995,0.0224,0.0256,0.8972,5.3616,-7.1485
34.4455,5.2813,-7.2887,-3.0995,0.0224,0.0256,0.8972,5.3616,-7.1485
34.4541,5.2813,-7.2887,-3.0994,0.0224,0.0256,0.8972,5.3616,-7.1485
34.4649,5.2809,-7.2888,-3.0994,0.0224,0.0256,0.8972,5.3616,-7.1485
34.4753,5.2807,-7.2888,-3.0994,0.0224,0.0256,0.8972,5.3616,-7.1485
34.4845,5.2805,-7.2888,-3.0994,0.0224,0.0256,0.8972,5.3616,-7.1485
34.4942,5.2803,-7.2888,-3.0992,0.0224,0.0256,0.8972,5.3616,-7.1485
34.5051,5.2801,-7.2888,-3.0990,0.0224,0.0256,0.8972,5.3616,-7.1485
34.5150,5.2799,-7.2888,-3.0988,0.0224,0.0256,0.8780,5.3616,-7.1485
34.5253,5.2798,-7.2888,-3.0987,0.0236,0.0190,0.8780,5.3602,-7.1487
34.5349,5.2796,-7.2888,-3.0983,0.0236,0.0190,0.8780,5.3602,-7.1487
34.5452,5.2794,-7.2888,-3.0980,0.0236,0.0190,0.8780,5.3602,-7.1487
34.5546,5.2792,-7.2888,-3.0976,0.0236,0.0190,0.8780,5.3602,-7.1487
34.5649,5.2790,-7.2888,-3.0974,0.0236,0.0190,0.8780,5.3602,-7.1487
34.5752,5.2789,-7.2888,-3.0971,0.0236,0.0190,0.8780,5.3602,-7.1487
34.5854,5.2787,-7.2888,-3.0967,0.0236,0.0190,0.8780,5.3602,-7.1487
34.5958,5.2785,-7.2889,-3.0964,0.0236,0.0190,0.8780,5.3602,-7.1487
34.6050,5.2783,-7.2889,-3.0962,0.0236,0.0190,0.8780,5.3602,-7.1487
34.6205,5.2782,-7.2889,-3.0959,0.0224,0.0460,0.8928,5.3602,-7.1487
34.6280,5.2780,-7.2889,-3.0957,0.0224,0.0460,0.8928,5.3602,-7.1487
34.6364,5.2778,-7.2889,-3.0955,0.0224,0.0460,0.8928,5.3619,-7.1481
34.6455,5.2776,-7.2889,-3.0953,0.0224,0.0460,0.8928,5.3619,-7.1481
34.6542,5.2774,-7.2889,-3.0952,0.0224,0.0460,0.8928,5.3619,-7.1481
34.6643,5.2772,-7.2889,-3.0950,0.0224,0.0460,0.8928,5.3619,-7.1481
34.6744,5.2770,-7.2889,-3.0950,0.0224,0.0460,0.8928,5.3619,-7.1481
34.6844,5.2768,-7.2889,-3.0948,0.0224,0.0460,0.8928,5.3619,-7.1481
34.6954,5.2766,-7.2889,-3.0946,0.0224,0.0460,0.8928,5.3619,-7.1481
34.7052,5.2764,-7.2890,-3.0945,0.0224,0.0460,0.8928,5.3619,-7.1481
34.7195,5.2762,-7.2890,-3.0943,0.0224,0.0460,0.8960,5.3619,-7.1481
34.7274,5.2760,-7.2890,-3.0941,0.0230,0.0264,0.8960,5.3619,-7.1481
34.7344,5.2758,-7.2890,-3.0939,0.0230,0.0264,0.8960,5.3673,-7.1482
34.7450,5.2755,-7.2890,-3.0938,0.0230,0.0264,0.8960,5.3673,-7.1482
34.7543,5.2753,-7.2890,-3.0934,0.0230,0.0264,0.8960,5.3673,-7.1482
34.7697,5.2748,-7.2890,-3.0929,0.0230,0.0264,0.8960,5.3673,-7.1482
34.7742,5.2748,-7.2890,-3.0929,0.0230,0.0264,0.8960,5.3673,-7.1482
34.7855,5.2746,-7.2890,-3.0927,0.0230,0.0264,0.8960,5.3673,-7.1482
34.7953,5.2744,-7.2891,-3.0924,0.0230,0.0264,0.8960,5.3673,-7.1482
34.8055,5.2741,-7.2891,-3.0920,0.0230,0.0264,0.8960,5.3673,-7.1482
34.8155,5.2739,-7.2891,-3.0919,0.0230,0.0264,0.8878,5.3673,-7.1482
34.8243,5.2737,-7.2891,-3.0915,0.0230,0.0264,0.8878,5.3685,-7.1483
34.8343,5.2735,-7.2891,-3.0912,0.0223,0.0187,0.8878,5.3685,-7.1483
34.8447,5.2733,-7.2891,-3.0910,0.0223,0.0187,0.8878,5.3685,-7.1483
34.8550,5.2731,-7.2891,-3.0908,0.0223,0.0187,0.8878,5.3685,-7.1483
34.8644,5.2728,-7.2891,-3.0905,0.0223,0.0187,0.8878,5.3685,-7.1483
34.8745,5.2727,-7.2891,-3.0905,0.0223,0.0187,0.8878,5.3685,-7.1483
34.8846,5.2725,-7.2891,-3.0903,0.0223,0.0187,0.8878,5.3685,-7.1483
34.8957,5.2723,-7.2892,-3.0901,0.0223,0.0187,0.8878,5.3685,-7.1483
34.9050,5.2721,-7.2892,-3.0898,0.0223,0.0187,0.8878,5.3685,-7.1483
34.9250,5.2717,-7.2892,-3.0892,0.0223,-0.0249,0.8867,5.3682,-7.1491
34.9270,5.2717,-7.2892,-3.0892,0.0223,-0.0249,0.8867,5.3682,-7.1491
34.9346,5.2715,-7.2892,-3.0891,0.0223,-0.0249,0.8867,5.3682,-7.1491
34.9449,5.2714,-7.2892,-3.0887,0.0223,-0.0249,0.8867,5.3682,-7.1491
34.9546,5.2712,-7.2892,-3.0884,0.0223,-0.0249,0.8867,5.3682,-7.1491
34.9709,5.2708,-7.2892,-3.0878,0.0223,-0.0249,0.8867,5.3682,-7.1491
34.9775,5.2708,-7.2892,-3.0878,0.0223,-0.0249,0.8867,5.3682,-7.1491
34.9847,5.2706,-7.2892,-3.0875,0.0223,-0.0249,0.8867,5.3682,-7.1491
34.9947,5.2706,-7.2892,-3.0871,0.0223,-0.0249,0.8867,5.3682,-7.1491
35.0040,5.2702,-7.2893,-3.0868,0.0223,-0.0249,0.8867,5.3682,-7.1491
35.0172,5.2700,-7.2893,-3.0866,0.0223,-0.0249,0.8946,5.3696,-7.1490
35.0258,5.2699,-7.2893,-3.0863,0.0223,-0.0249,0.8946,5.3696,-7.1490
35.0358,5.2697,-7.2893,-3.0861,0.0222,-0.0305,0.8946,5.3696,-7.1490
35.0451,5.2695,-7.2893,-3.0859,0.0222,-0.0305,0.8946,5.3696,-7.1490
35.0543,5.2693,-7.2893,-3.0859,0.0222,-0.0305,0.8946,5.3696,-7.1490
35.0650,5.2691,-7.2893,-3.0859,0.0222,-0.0305,0.8946,5.3696,-7.1490
35.0757,5.2689,-7.2893,-3.0859,0.0222,-0.0305,0.8946,5.3696,-7.1490
35.0847,5.2687,-7.2894,-3.0859,0.0222,-0.0305,0.8946,5.3696,-7.1490
35.0946,5.2686,-7.2894,-3.0861,0.0222,-0.0305,0.8946,5.3696,-7.1490
35.1052,5.2684,-7.2894,-3.0861,0.0222,-0.0305,0.8946,5.3696,-7.1490
35.1170,5.2683,-7.2894,-3.0861,0.0222,-0.0305,0.8876,5.3696,-7.1490
35.1248,5.2681,-7.2894,-3.0861,0.0228,-0.0252,0.8876,5.3696,-7.1490
35.1346,5.2680,-7.2894,-3.0861,0.0228,-0.0252,0.8876,5.3622,-7.1500
35.1445,5.2678,-7.2894,-3.0863,0.0228,-0.0252,0.8876,5.3622,-7.1500
35.1541,5.2676,-7.2894,-3.0863,0.0228,-0.0252,0.8876,5.3622,-7.1500
35.1643,5.2675,-7.2894,-3.0861,0.0228,-0.0252,0.8876,5.3622,-7.1500
35.1741,5.2673,-7.2894,-3.0861,0.0228,-0.0252,0.8876,5.3622,-7.1500
35.1848,5.2671,-7.2894,-3.0861,0.0228,-0.0252,0.8876,5.3622,-7.1500
35.1944,5.2670,-7.2894,-3.0861,0.0228,-0.0252,0.8876,5.3622,-7.1500
35.2041,5.2668,-7.2895,-3.0861,0.0228,-0.0252,0.8876,5.3622,-7.1500
35.2151,5.2667,-7.2895,-3.0863,0.0228,-0.0252,0.8919,5.3622,-7.1500
35.2249,5.2665,-7.2895,-3.0863,0.0237,-0.0237,0.8919,5.3634,-7.1486
35.2349,5.2663,-7.2895,-3.0863,0.0237,-0.0237,0.8919,5.3634,-7.1486
35.2450,5.2661,-7.2895,-3.0863,0.0237,-0.0237,0.8919,5.3634,-7.1486
35.2544,5.2660,-7.2895,-3.0863,0.0237,-0.0237,0.8919,5.3634,-7.1486
35.2653,5.2658,-7.2895,-3.0863,0.0237,-0.0237,0.8919,5.3634,-7.1486
35.2746,5.2656,-7.2895,-3.0863,0.0237,-0.0237,0.8919,5.3634,-7.1486
35.2848,5.2654,-7.2895,-3.0863,0.0237,-0.0237,0.8919,5.3634,-7.1486
35.2954,5.2652,-7.2895,-3.0861,0.0237,-0.0237,0.8919,5.3634,-7.1486
35.3071,5.2650,-7.2896,-3.0859,0.0237,-0.0237,0.8919,5.3634,-7.1486
35.3169,5.2648,-7.2896,-3.0859,0.0236,-0.0474,0.8996,5.3634,-7.1486
35.3247,5.2646,-7.2896,-3.0856,0.0236,-0.0474,0.8996,5.3639,-7.1473
35.3351,5.2644,-7.2896,-3.0854,0.0236,-0.0474,0.8996,5.3639,-7.1473
35.3463,5.2642,-7.2896,-3.0852,0.0236,-0.0474,0.8996,5.3639,-7.1473
35.3556,5.2639,-7.2896,-3.0849,0.0236,-0.0474,0.8996,5.3639,-7.1473
35.3650,5.2637,-7.2896,-3.0847,0.0236,-0.0474,0.8996,5.3639,-7.1473
35.3756,5.2635,-7.2896,-3.0843,0.0236,-0.0474,0.8996,5.3639,-7.1473
35.3849,5.2633,-7.2897,-3.0842,0.0236,-0.0474,0.8996,5.3639,-7.1473
35.3957,5.2631,-7.2897,-3.0838,0.0236,-0.0474,0.8996,5.3639,-7.1473
35.4058,5.2630,-7.2897,-3.0835,0.0236,-0.0474,0.8996,5.3639,-7.1473
35.4164,5.2627,-7.2897,-3.0833,0.0236,-0.0474,0.8950,5.3639,-7.1473
35.4269,5.2625,-7.2897,-3.0829,0.0235,-0.0306,0.8950,5.3630,-7.1498
35.4364,5.2623,-7.2897,-3.0828,0.0235,-0.0306,0.8950,5.3630,-7.1498
35.4459,5.2621,-7.2897,-3.0826,0.0235,-0.0306,0.8950,5.3630,-7.1498
35.4544,5.2619,-7.2897,-3.0826,0.0235,-0.0306,0.8950,5.3630,-7.1498
35.4650,5.2617,-7.2897,-3.0826,0.0235,-0.0306,0.8950,5.3630,-7.1498
35.4748,5.2615,-7.2898,-3.0826,0.0235,-0.0306,0.8950,5.3630,-7.1498
35.4854,5.2614,-7.2898,-3.0826,0.0235,-0.0306,0.8950,5.3630,-7.1498
35.4955,5.2611,-7.2898,-3.0826,0.0235,-0.0306,0.8950,5.3630,-7.1498
35.5055,5.2610,-7.2898,-3.0824,0.0235,-0.0306,0.8950,5.3630,-7.1498
35.5161,5.2608,-7.2898,-3.0824,0.0235,-0.0306,0.8972,5.3630,-7.1498
35.5246,5.2606,-7.2898,-3.0823,0.0230,-0.0391,0.8972,5.3630,-7.1498
35.5346,5.2604,-7.2898,-3.0823,0.0230,-0.0391,0.8972,5.3628,-7.1516
35.5449,5.2602,-7.2898,-3.0821,0.0230,-0.0391,0.8972,5.3628,-7.1516
35.5545,5.2600,-7.2898,-3.0821,0.0230,-0.0391,0.8972,5.3628,-7.1516
35.5643,5.2598,-7.2899,-3.0821,0.0230,-0.0391,0.8972,5.3628,-7.1516
35.5744,5.2596,-7.2899,-3.0819,0.0230,-0.0391,0.8972,5.3628,-7.1516
35.5854,5.2594,-7.2899,-3.0819,0.0230,-0.0391,0.8972,5.3628,-7.1516
35.5955,5.2593,-7.2899,-3.0819,0.0230,-0.0391,0.8972,5.3628,-7.1516
35.6045,5.2593,-7.2899,-3.0819,0.0230,-0.0391,0.8972,5.3628,-7.1516
35.6188,5.2587,-7.2899,-3.0819,0.0236,-0.0220,0.8883,5.3636,-7.1499
35.6245,5.2587,-7.2899,-3.0819,0.0236,-0.0220,0.8883,5.3636,-7.1499
35.6344,5.2585,-7.2899,-3.0817,0.0236,-0.0220,0.8883,5.3636,-7.1499
35.6445,5.2583,-7.2899,-3.0817,0.0236,-0.0220,0.8883,5.3636,-7.1499
35.6542,5.2581,-7.2900,-3.0817,0.0236,-0.0220,0.8883,5.3636,-7.1499
35.6651,5.2579,-7.2900,-3.0819,0.0236,-0.0220,0.8883,5.3636,-7.1499
35.6743,5.2577,-7.2900,-3.0819,0.0236,-0.0220,0.8883,5.3636,-7.1499
35.6849,5.2575,-7.2900,-3.0819,0.0236,-0.0220,0.8883,5.3636,-7.1499
35.6962,5.2572,-7.2900,-3.0817,0.0236,-0.0220,0.8883,5.3636,-7.1499
35.7070,5.2570,-7.2900,-3.0817,0.0236,-0.0220,0.8883,5.3636,-7.1499
35.7149,5.2569,-7.2900,-3.0816,0.0236,-0.0220,0.8883,5.3636,-7.1499
35.7248,5.2566,-7.2901,-3.0814,0.0236,-0.0220,0.8883,5.3629,-7.1476
35.7349,5.2564,-7.2901,-3.0814,0.0239,0.0364,0.8883,5.3629,-7.1476
35.7469,5.2562,-7.2901,-3.0812,0.0239,0.0364,0.8883,5.3629,-7.1476
35.7544,5.2560,-7.2901,-3.0810,0.0239,0.0364,0.8883,5.3629,-7.1476
35.7648,5.2558,-7.2901,-3.0809,0.0239,0.0364,0.8883,5.3629,-7.1476
35.7746,5.2556,-7.2901,-3.0807,0.0239,0.0364,0.8883,5.3629,-7.1476
35.7852,5.2553,-7.2901,-3.0805,0.0239,0.0364,0.8883,5.3629,-7.1476
35.7952,5.2551,-7.2901,-3.0803,0.0239,0.0364,0.8883,5.3629,-7.1476
35.8066,5.2551,-7.2901,-3.0803,0.0239,0.0364,0.8883,5.3629,-7.1476
35.8159,5.2547,-7.2902,-3.0802,0.0239,0.0364,0.8917,5.3626,-7.1459
35.8250,5.2545,-7.2902,-3.0800,0.0239,0.0364,0.8917,5.3626,-7.1459
35.8363,5.2545,-7.2902,-3.0798,0.0239,0.0364,0.8917,5.3626,-7.1459
35.8455,5.2540,-7.2902,-3.0796,0.0225,-0.0756,0.8917,5.3626,-7.1459
35.8551,5.2538,-7.2902,-3.0793,0.0225,-0.0756,0.8917,5.3626,-7.1459
35.8649,5.2536,-7.2902,-3.0791,0.0225,-0.0756,0.8917,5.3626,-7.1459
35.8741,5.2534,-7.2902,-3.0788,0.0225,-0.0756,0.8917,5.3626,-7.1459
35.8842,5.2532,-7.2903,-3.0786,0.0225,-0.0756,0.8917,5.3626,-7.1459
35.8940,5.2530,-7.2903,-3.0784,0.0225,-0.0756,0.8917,5.3626,-7.1459
35.9044,5.2529,-7.2903,-3.0784,0.0225,-0.0756,0.8926,5.3626,-7.1459
35.9195,5.2527,-7.2903,-3.0784,0.0225,-0.0756,0.8926,5.3626,-7.1459
35.9249,5.2525,-7.2903,-3.0784,0.0227,-0.0954,0.8926,5.3626,-7.1463
35.9344,5.2524,-7.2903,-3.0786,0.0227,-0.0954,0.8926,5.3626,-7.1463
35.9441,5.2522,-7.2903,-3.0788,0.0227,-0.0954,0.8926,5.3626,-7.1463
35.9549,5.2521,-7.2903,-3.0789,0.0227,-0.0954,0.8926,5.3626,-7.1463
35.9645,5.2519,-7.2903,-3.0791,0.0227,-0.0954,0.8926,5.3626,-7.1463
35.9745,5.2518,-7.2903,-3.0795,0.0227,-0.0954,0.8926,5.3626,-7.1463
35.9850,5.2517,-7.2904,-3.0798,0.0227,-0.0954,0.8926,5.3626,-7.1463
35.9945,5.2515,-7.2904,-3.0802,0.0227,-0.0954,0.8926,5.3626,-7.1463
36.0045,5.2514,-7.2904,-3.0805,0.0227,-0.0954,0.8889,5.3626,-7.1463
36.0141,5.2513,-7.2904,-3.0809,0.0227,-0.0954,0.8889,5.3589,-7.1476
36.0246,5.2512,-7.2904,-3.0812,0.0228,-0.1337,0.8889,5.3589,-7.1476
36.0339,5.2510,-7.2904,-3.0817,0.0228,-0.1337,0.8889,5.3589,-7.1476
36.0446,5.2508,-7.2904,-3.0823,0.0228,-0.1337,0.8889,5.3589,-7.1476
36.0550,5.2507,-7.2904,-3.0828,0.0228,-0.1337,0.8889,5.3589,-7.1476
36.0648,5.2505,-7.2904,-3.0833,0.0228,-0.1337,0.8889,5.3589,-7.1476
36.0761,5.2503,-7.2904,-3.0838,0.0228,-0.1337,0.8889,5.3589,-7.1476
36.0852,5.2501,-7.2905,-3.0845,0.0228,-0.1337,0.8889,5.3589,-7.1476
36.0950,5.2499,-7.2905,-3.0850,0.0228,-0.1337,0.8889,5.3589,-7.1476
36.1112,5.2497,-7.2905,-3.0856,0.0228,-0.1337,0.8963,5.3589,-7.1476
36.1443,5.2487,-7.2905,-3.0880,0.0213,-0.1207,0.8963,5.3594,-7.1487
36.1629,5.2485,-7.2905,-3.0887,0.0213,-0.1207,0.8963,5.3594,-7.1487
36.1664,5.2482,-7.2906,-3.0894,0.0213,-0.1207,0.8963,5.3594,-7.1487
36.1744,5.2480,-7.2906,-3.0901,0.0213,-0.1207,0.8963,5.3594,-7.1487
36.1858,5.2475,-7.2906,-3.0915,0.0213,-0.1207,0.8963,5.3594,-7.1487
36.1960,5.2473,-7.2906,-3.0920,0.0213,-0.1207,0.8963,5.3594,-7.1487
36.2145,5.2470,-7.2906,-3.0927,0.0213,-0.1207,0.8905,5.3594,-7.1487
36.2157,5.2470,-7.2906,-3.0927,0.0213,-0.1207,0.8905,5.3594,-7.1487
36.2270,5.2466,-7.2906,-3.0936,0.0213,-0.1207,0.8905,5.3594,-7.1487
36.2437,5.2464,-7.2906,-3.0939,0.0233,-0.1376,0.8905,5.3605,-7.1475
36.2450,5.2464,-7.2906,-3.0939,0.0233,-0.1376,0.8905,5.3605,-7.1475
36.2552,5.2462,-7.2907,-3.0943,0.0233,-0.1376,0.8905,5.3605,-7.1475
36.2660,5.2460,-7.2907,-3.0946,0.0233,-0.1376,0.8905,5.3605,-7.1475
36.2777,5.2456,-7.2907,-3.0955,0.0233,-0.1376,0.8905,5.3605,-7.1475
36.2861,5.2454,-7.2907,-3.0959,0.0233,-0.1376,0.8905,5.3605,-7.1475
36.2984,5.2452,-7.2907,-3.0964,0.0233,-0.1376,0.8905,5.3605,-7.1475
36.3046,5.2452,-7.2907,-3.0964,0.0233,-0.1376,0.8971,5.3605,-7.1475
36.3163,5.2450,-7.2907,-3.0969,0.0233,-0.1376,0.8971,5.3595,-7.1489
36.3331,5.2445,-7.2907,-3.0981,0.0233,-0.1376,0.8971,5.3595,-7.1489
36.3399,5.2443,-7.2907,-3.0987,0.0233,-0.1376,0.8971,5.3595,-7.1489
36.3450,5.2443,-7.2907,-3.0987,0.0233,-0.1376,0.8971,5.3595,-7.1489
36.3547,5.2441,-7.2908,-3.0994,0.0233,-0.1376,0.8971,5.3595,-7.1489
36.3643,5.2439,-7.2908,-3.1001,0.0213,-0.1031,0.8971,5.3595,-7.1489
36.3745,5.2436,-7.2908,-3.1009,0.0213,-0.1031,0.8971,5.3595,-7.1489
36.3846,5.2434,-7.2908,-3.1018,0.0213,-0.1031,0.8971,5.3595,-7.1489
36.3945,5.2432,-7.2908,-3.1025,0.0213,-0.1031,0.8971,5.3595,-7.1489
36.4046,5.2429,-7.2908,-3.1034,0.0213,-0.1031,0.8941,5.3595,-7.1489
36.4176,5.2427,-7.2908,-3.1044,0.0213,-0.1031,0.8941,5.3575,-7.1489
36.4246,5.2424,-7.2908,-3.1044,0.0213,-0.1031,0.8941,5.3575,-7.1489
36.4349,5.2422,-7.2908,-3.1053,0.0227,-0.0889,0.8941,5.3575,-7.1489
36.4454,5.2419,-7.2908,-3.1062,0.0227,-0.0889,0.8941,5.3575,-7.1489
36.4550,5.2417,-7.2908,-3.1070,0.0227,-0.0889,0.8941,5.3575,-7.1489
36.4650,5.2414,-7.2909,-3.1079,0.0227,-0.0889,0.8941,5.3575,-7.1489
36.4748,5.2412,-7.2909,-3.1090,0.0227,-0.0889,0.8941,5.3575,-7.1489
36.4850,5.2409,-7.2909,-3.1097,0.0227,-0.0889,0.8941,5.3575,-7.1489
36.5127,5.2407,-7.2909,-3.1105,0.0227,-0.0889,0.8941,5.3575,-7.1489
36.5128,5.2402,-7.2909,-3.1119,0.0227,-0.0889,0.8789,5.3575,-7.1489
36.5281,5.2399,-7.2909,-3.1128,0.0233,-0.0471,0.8789,5.3575,-7.1489
36.5366,5.2395,-7.2909,-3.1142,0.0233,-0.0471,0.8789,5.3575,-7.1489
36.5544,5.2393,-7.2909,-3.1151,0.0233,-0.0471,0.8789,5.3575,-7.1489
36.5624,5.2390,-7.2909,-3.1159,0.0233,-0.0471,0.8789,5.3545,-7.1475
36.5710,5.2387,-7.2909,-3.1168,0.0233,-0.0471,0.8789,5.3545,-7.1475
36.5741,5.2387,-7.2909,-3.1168,0.0233,-0.0471,0.8789,5.3545,-7.1475
36.5844,5.2385,-7.2909,-3.1177,0.0233,-0.0471,0.8789,5.3545,-7.1475
36.6051,5.2377,-7.2910,-3.1208,0.0233,-0.0471,0.8789,5.3545,-7.1475
36.6144,5.2377,-7.2910,-3.1208,0.0233,-0.0471,0.8893,5.3545,-7.1475
36.6249,5.2374,-7.2910,-3.1220,0.0241,-0.0315,0.8893,5.3529,-7.1472
36.6344,5.2371,-7.2910,-3.1231,0.0241,-0.0315,0.8893,5.3529,-7.1472
36.6446,5.2368,-7.2910,-3.1243,0.0241,-0.0315,0.8893,5.3529,-7.1472
36.6539,5.2366,-7.2910,-3.1254,0.0241,-0.0315,0.8893,5.3529,-7.1472
36.6643,5.2363,-7.2910,-3.1264,0.0241,-0.0315,0.8893,5.3529,-7.1472
36.6738,5.2361,-7.2910,-3.1273,0.0241,-0.0315,0.8893,5.3529,-7.1472
36.6838,5.2358,-7.2910,-3.1282,0.0241,-0.0315,0.8893,5.3529,-7.1472
36.6958,5.2356,-7.2910,-3.1289,0.0241,-0.0315,0.8893,5.3529,-7.1472
36.7133,5.2351,-7.2910,-3.1301,0.0241,-0.0315,0.8991,5.3529,-7.1472
36.7161,5.2349,-7.2910,-3.1306,0.0241,-0.0315,0.8991,5.3529,-7.1472
36.7449,5.2345,-7.2910,-3.1313,0.0232,0.0294,0.8991,5.3529,-7.1472
36.7463,5.2343,-7.2910,-3.1316,0.0232,0.0294,0.8991,5.3529,-7.1472
36.7548,5.2343,-7.2910,-3.1316,0.0232,0.0294,0.8991,5.3529,-7.1472
36.7674,5.2339,-7.2910,-3.1322,0.0232,0.0294,0.8991,5.3529,-7.1472
36.7759,5.2339,-7.2910,-3.1322,0.0232,0.0294,0.8991,5.3533,-7.1479
36.7842,5.2337,-7.2910,-3.1325,0.0232,0.0294,0.8991,5.3533,-7.1479
36.7942,5.2335,-7.2910,-3.1329,0.0232,0.0294,0.8991,5.3533,-7.1479
36.8049,5.2333,-7.2910,-3.1334,0.0232,0.0294,0.8936,5.3533,-7.1479
36.8140,5.2331,-7.2910,-3.1337,0.0232,0.0294,0.8936,5.3533,-7.1479
36.8244,5.2329,-7.2910,-3.1343,0.0232,0.0294,0.8936,5.3517,-7.1481
36.8353,5.2325,-7.2910,-3.1350,0.0224,-0.0068,0.8936,5.3517,-7.1481
36.8447,5.2323,-7.2910,-3.1353,0.0224,-0.0068,0.8936,5.3517,-7.1481
36.8545,5.2322,-7.2910,-3.1355,0.0224,-0.0068,0.8936,5.3517,-7.1481
36.8647,5.2322,-7.2910,-3.1355,0.0224,-0.0068,0.8936,5.3517,-7.1481
36.8747,5.2320,-7.2910,-3.1357,0.0224,-0.0068,0.8936,5.3517,-7.1481
36.8840,5.2318,-7.2910,-3.1360,0.0224,-0.0068,0.8936,5.3517,-7.1481
36.8961,5.2314,-7.2910,-3.1364,0.0224,-0.0068,0.8936,5.3517,-7.1481
36.9086,5.2314,-7.2910,-3.1364,0.0224,-0.0068,0.8922,5.3517,-7.1481
36.9140,5.2312,-7.2910,-3.1365,0.0224,-0.0068,0.8922,5.3517,-7.1481
36.9249,5.2311,-7.2910,-3.1369,0.0224,-0.0068,0.8922,5.3517,-7.1481
36.9350,5.2309,-7.2910,-3.1372,0.0238,-0.0248,0.8922,5.3517,-7.1481
36.9449,5.2307,-7.2910,-3.1376,0.0238,-0.0248,0.8922,5.3517,-7.1481
36.9548,5.2306,-7.2910,-3.1381,0.0238,-0.0248,0.8922,5.3517,-7.1481
36.9647,5.2304,-7.2910,-3.1386,0.0238,-0.0248,0.8922,5.3517,-7.1481
36.9743,5.2302,-7.2910,-3.1391,0.0238,-0.0248,0.8922,5.3514,-7.1488
36.9848,5.2299,-7.2910,-3.1402,0.0238,-0.0248,0.8922,5.3514,-7.1488
36.9970,5.2297,-7.2910,-3.1407,0.0238,-0.0248,0.8922,5.3514,-7.1488
37.0052,5.2295,-7.2910,-3.1412,0.0238,-0.0248,0.8915,5.3514,-7.1488
37.0217,5.2295,-7.2910,-3.1412,0.0238,-0.0248,0.8915,5.3514,-7.1488
37.0287,5.2292,-7.2910,3.1409,0.0238,-0.0248,0.8915,5.3514,-7.1488
37.0346,5.2291,-7.2910,3.1404,0.0238,-0.0248,0.8915,5.3514,-7.1490
37.0451,5.2289,-7.2910,3.1398,0.0239,-0.0265,0.8915,5.3514,-7.1490
37.0542,5.2288,-7.2910,3.1391,0.0239,-0.0265,0.8915,5.3514,-7.1490
37.0644,5.2286,-7.2910,3.1386,0.0239,-0.0265,0.8915,5.3514,-7.1490
37.0752,5.2285,-7.2910,3.1381,0.0239,-0.0265,0.8915,5.3514,-7.1490
37.0896,5.2283,-7.2910,3.1374,0.0239,-0.0265,0.8915,5.3514,-7.1490
37.0958,5.2282,-7.2910,3.1369,0.0239,-0.0265,0.8915,5.3514,-7.1490
37.1068,5.2281,-7.2910,3.1364,0.0239,-0.0265,0.8915,5.3514,-7.1490
37.1316,5.2279,-7.2910,3.1358,0.0239,-0.0265,0.8869,5.3514,-7.1490
37.1400,5.2276,-7.2910,3.1348,0.0239,-0.0265,0.8869,5.3514,-7.1490
37.1467,5.2275,-7.2910,3.1343,0.0224,0.0177,0.8869,5.3514,-7.1490
37.1591,5.2273,-7.2910,3.1337,0.0224,0.0177,0.8869,5.3514,-7.1490
37.1747,5.2270,-7.2910,3.1327,0.0224,0.0177,0.8869,5.3501,-7.1483
37.1843,5.2269,-7.2910,3.1322,0.0224,0.0177,0.8869,5.3501,-7.1483
37.1948,5.2267,-7.2910,3.1316,0.0224,0.0177,0.8869,5.3501,-7.1483
37.2040,5.2265,-7.2910,3.1309,0.0224,0.0177,0.8931,5.3469,-7.1482
37.2143,5.2264,-7.2910,3.1304,0.0224,0.0177,0.8931,5.3469,-7.1482
37.2244,5.2262,-7.2910,3.1297,0.0234,-0.0205,0.8931,5.3469,-7.1482
37.2344,5.2260,-7.2910,3.1292,0.0234,-0.0205,0.8931,5.3469,-7.1482
37.2444,5.2259,-7.2910,3.1289,0.0234,-0.0205,0.8931,5.3469,-7.1482
37.2543,5.2257,-7.2910,3.1285,0.0234,-0.0205,0.8931,5.3469,-7.1482
37.2651,5.2255,-7.2910,3.1282,0.0234,-0.0205,0.8931,5.3469,-7.1482
37.2758,5.2254,-7.2910,3.1278,0.0234,-0.0205,0.8931,5.3469,-7.1482
37.2848,5.2251,-7.2910,3.1276,0.0234,-0.0205,0.8931,5.3469,-7.1482
37.2968,5.2250,-7.2910,3.1275,0.0234,-0.0205,0.8931,5.3469,-7.1482
37.3054,5.2248,-7.2910,3.1271,0.0234,-0.0205,0.8905,5.3469,-7.1482
37.3151,5.2247,-7.2910,3.1269,0.0234,-0.0205,0.8905,5.3444,-7.1483
37.3250,5.2245,-7.2910,3.1266,0.0224,-0.0812,0.8905,5.3444,-7.1483
37.3340,5.2243,-7.2910,3.1262,0.0224,-0.0812,0.8905,5.3444,-7.1483
37.3446,5.2241,-7.2910,3.1257,0.0224,-0.0812,0.8905,5.3444,-7.1483
37.3541,5.2239,-7.2910,3.1254,0.0224,-0.0812,0.8905,5.3444,-7.1483
37.3648,5.2238,-7.2910,3.1248,0.0224,-0.0812,0.8905,5.3444,-7.1483
37.3746,5.2236,-7.2910,3.1243,0.0224,-0.0812,0.8905,5.3444,-7.1483
37.3842,5.2234,-7.2910,3.1238,0.0224,-0.0812,0.8905,5.3444,-7.1483
37.3949,5.2233,-7.2910,3.1233,0.0224,-0.0812,0.8905,5.3444,-7.1483
37.4044,5.2231,-7.2910,3.1227,0.0224,-0.0812,0.8911,5.3444,-7.1483
37.4143,5.2229,-7.2910,3.1224,0.0224,-0.0812,0.8911,5.3450,-7.1485
37.4251,5.2227,-7.2910,3.1219,0.0213,-0.0915,0.8911,5.3450,-7.1485
37.4344,5.2225,-7.2910,3.1213,0.0213,-0.0915,0.8911,5.3450,-7.1485
37.4445,5.2223,-7.2909,3.1210,0.0213,-0.0915,0.8911,5.3450,-7.1485
37.4541,5.2221,-7.2909,3.1205,0.0213,-0.0915,0.8911,5.3450,-7.1485
37.4639,5.2219,-7.2909,3.1200,0.0213,-0.0915,0.8911,5.3450,-7.1485
37.4749,5.2217,-7.2909,3.1194,0.0213,-0.0915,0.8911,5.3450,-7.1485
37.4854,5.2214,-7.2909,3.1187,0.0213,-0.0915,0.8911,5.3450,-7.1485
37.4946,5.2212,-7.2909,3.1180,0.0213,-0.0915,0.8911,5.3450,-7.1485
37.5045,5.2210,-7.2909,3.1173,0.0213,-0.0915,0.8846,5.3450,-7.1485
37.5158,5.2207,-7.2909,3.1166,0.0213,-0.0915,0.8846,5.3452,-7.1494
37.5258,5.2205,-7.2909,3.1159,0.0221,-0.0918,0.8846,5.3452,-7.1494
37.5356,5.2203,-7.2909,3.1152,0.0221,-0.0918,0.8846,5.3452,-7.1494
37.5452,5.2200,-7.2909,3.1144,0.0221,-0.0918,0.8846,5.3452,-7.1494
37.5555,5.2198,-7.2909,3.1137,0.0221,-0.0918,0.8846,5.3452,-7.1494
37.5655,5.2195,-7.2909,3.1130,0.0221,-0.0918,0.8846,5.3452,-7.1494
37.5749,5.2193,-7.2909,3.1121,0.0221,-0.0918,0.8846,5.3452,-7.1494
37.5847,5.2190,-7.2909,3.1114,0.0221,-0.0918,0.8846,5.3452,-7.1494
37.5945,5.2188,-7.2909,3.1107,0.0221,-0.0918,0.8846,5.3452,-7.1494
37.6043,5.2186,-7.2909,3.1102,0.0221,-0.0918,0.8927,5.3452,-7.1494
37.6143,5.2183,-7.2908,3.1095,0.0221,-0.0918,0.8927,5.3443,-7.1491
37.6243,5.2180,-7.2908,3.1088,0.0231,-0.0838,0.8927,5.3443,-7.1491
37.6357,5.2178,-7.2908,3.1081,0.0231,-0.0838,0.8927,5.3443,-7.1491
37.6446,5.2175,-7.2908,3.1076,0.0231,-0.0838,0.8927,5.3443,-7.1491
37.6555,5.2173,-7.2908,3.1069,0.0231,-0.0838,0.8927,5.3443,-7.1491
37.6657,5.2171,-7.2908,3.1062,0.0231,-0.0838,0.8927,5.3443,-7.1491
37.6745,5.2168,-7.2908,3.1055,0.0231,-0.0838,0.8927,5.3443,-7.1491
37.6844,5.2166,-7.2908,3.1049,0.0231,-0.0838,0.8927,5.3443,-7.1491
37.6951,5.2164,-7.2908,3.1042,0.0231,-0.0838,0.8927,5.3443,-7.1491
37.7055,5.2161,-7.2908,3.1035,0.0231,-0.0838,0.8884,5.3443,-7.1491
37.7141,5.2159,-7.2908,3.1028,0.0231,-0.0838,0.8884,5.3407,-7.1497
37.7244,5.2157,-7.2908,3.1021,0.0231,-0.0838,0.8884,5.3407,-7.1497
37.7345,5.2155,-7.2907,3.1015,0.0228,-0.0394,0.8884,5.3407,-7.1497
37.7455,5.2153,-7.2907,3.1008,0.0228,-0.0394,0.8884,5.3407,-7.1497
37.7543,5.2150,-7.2907,3.0999,0.0228,-0.0394,0.8884,5.3407,-7.1497
37.7742,5.2145,-7.2907,3.0983,0.0228,-0.0394,0.8884,5.3407,-7.1497
37.7751,5.2145,-7.2907,3.0983,0.0228,-0.0394,0.8884,5.3407,-7.1497
37.7839,5.2142,-7.2907,3.0974,0.0228,-0.0394,0.8884,5.3407,-7.1497
37.7939,5.2139,-7.2907,3.0966,0.0228,-0.0394,0.8911,5.3407,-7.1497
37.8040,5.2139,-7.2907,3.0966,0.0228,-0.0394,0.8911,5.3398,-7.1491
37.8168,5.2134,-7.2907,3.0948,0.0228,-0.0394,0.8911,5.3398,-7.1491
37.8239,5.2131,-7.2906,3.0939,0.0241,-0.0108,0.8911,5.3398,-7.1491
37.8347,5.2128,-7.2906,3.0932,0.0241,-0.0108,0.8911,5.3398,-7.1491
37.8452,5.2125,-7.2906,3.0925,0.0241,-0.0108,0.8911,5.3398,-7.1491
37.8548,5.2123,-7.2906,3.0919,0.0241,-0.0108,0.8911,5.3398,-7.1491
37.8644,5.2121,-7.2906,3.0913,0.0241,-0.0108,0.8911,5.3398,-7.1491
37.8746,5.2118,-7.2906,3.0910,0.0241,-0.0108,0.8911,5.3398,-7.1491
37.8844,5.2116,-7.2906,3.0905,0.0241,-0.0108,0.8911,5.3398,-7.1491
37.8960,5.2114,-7.2906,3.0903,0.0241,-0.0108,0.8911,5.3398,-7.1491
37.9054,5.2111,-7.2905,3.0899,0.0241,-0.0108,0.8931,5.3398,-7.1491
37.9155,5.2109,-7.2905,3.0898,0.0241,-0.0108,0.8931,5.3374,-7.1487
37.9479,5.2107,-7.2905,3.0896,0.0241,-0.0108,0.8931,5.3374,-7.1487
37.9480,5.2105,-7.2905,3.0896,0.0231,0.0248,0.8931,5.3374,-7.1487
37.9575,5.2101,-7.2905,3.0894,0.0231,0.0248,0.8931,5.3374,-7.1487
37.9651,5.2099,-7.2905,3.0892,0.0231,0.0248,0.8931,5.3374,-7.1487
37.9761,5.2097,-7.2905,3.0891,0.0231,0.0248,0.8931,5.3374,-7.1487
37.9878,5.2095,-7.2905,3.0891,0.0231,0.0248,0.8931,5.3374,-7.1487
38.0020,5.2093,-7.2904,3.0889,0.0231,0.0248,0.8940,5.3359,-7.1516
38.0046,5.2091,-7.2904,3.0887,0.0231,0.0248,0.8940,5.3359,-7.1516
38.0146,5.2089,-7.2904,3.0884,0.0231,0.0248,0.8940,5.3359,-7.1516
38.0241,5.2087,-7.2904,3.0882,0.0230,0.0481,0.8940,5.3359,-7.1516
38.0362,5.2085,-7.2904,3.0878,0.0230,0.0481,0.8940,5.3359,-7.1516
38.0450,5.2083,-7.2904,3.0877,0.0230,0.0481,0.8940,5.3359,-7.1516
38.0544,5.2082,-7.2904,3.0873,0.0230,0.0481,0.8940,5.3359,-7.1516
38.0652,5.2080,-7.2904,3.0871,0.0230,0.0481,0.8940,5.3359,-7.1516
38.0759,5.2079,-7.2904,3.0870,0.0230,0.0481,0.8940,5.3359,-7.1516
38.0853,5.2077,-7.2904,3.0866,0.0230,0.0481,0.8940,5.3359,-7.1516
38.0955,5.2075,-7.2904,3.0864,0.0230,0.0481,0.8888,5.3359,-7.1516
38.1051,5.2073,-7.2903,3.0864,0.0230,0.0481,0.8888,5.3345,-7.1508
38.1142,5.2072,-7.2903,3.0863,0.0230,0.0481,0.8888,5.3345,-7.1508
38.1248,5.2070,-7.2903,3.0861,0.0231,0.0017,0.8888,5.3345,-7.1508
38.1348,5.2068,-7.2903,3.0861,0.0231,0.0017,0.8888,5.3345,-7.1508
38.1454,5.2066,-7.2903,3.0859,0.0231,0.0017,0.8888,5.3345,-7.1508
38.1546,5.2065,-7.2903,3.0859,0.0231,0.0017,0.8888,5.3345,-7.1508
38.1645,5.2063,-7.2903,3.0857,0.0231,0.0017,0.8888,5.3345,-7.1508
38.1748,5.2062,-7.2903,3.0857,0.0231,0.0017,0.8888,5.3345,-7.1508
38.1848,5.2060,-7.2903,3.0856,0.0231,0.0017,0.8888,5.3345,-7.1508
38.1955,5.2059,-7.2903,3.0854,0.0231,0.0017,0.8809,5.3345,-7.1508
38.2046,5.2057,-7.2903,3.0854,0.0231,0.0017,0.8809,5.3345,-7.1508
38.2152,5.2056,-7.2902,3.0852,0.0231,0.0017,0.8809,5.3338,-7.1501
38.2243,5.2054,-7.2902,3.0850,0.0223,0.0171,0.8809,5.3338,-7.1501
38.2356,5.2052,-7.2902,3.0849,0.0223,0.0171,0.8809,5.3338,-7.1501
38.2448,5.2051,-7.2902,3.0847,0.0223,0.0171,0.8809,5.3338,-7.1501
38.2543,5.2049,-7.2902,3.0845,0.0223,0.0171,0.8809,5.3338,-7.1501
38.2648,5.2047,-7.2902,3.0842,0.0223,0.0171,0.8809,5.3338,-7.1501
38.2748,5.2045,-7.2902,3.0838,0.0223,0.0171,0.8809,5.3338,-7.1501
38.2866,5.2044,-7.2902,3.0836,0.0223,0.0171,0.8809,5.3338,-7.1501
38.2954,5.2042,-7.2902,3.0833,0.0223,0.0171,0.8898,5.3338,-7.1501
38.3041,5.2040,-7.2902,3.0829,0.0223,0.0171,0.8898,5.3338,-7.1501
38.3153,5.2039,-7.2901,3.0826,0.0223,0.0171,0.8898,5.3336,-7.1505
38.3250,5.2038,-7.2901,3.0824,0.0225,0.0477,0.8898,5.3336,-7.1505
38.3344,5.2036,-7.2901,3.0823,0.0225,0.0477,0.8898,5.3336,-7.1505
38.3454,5.2035,-7.2901,3.0821,0.0225,0.0477,0.8898,5.3336,-7.1505
38.3539,5.2033,-7.2901,3.0819,0.0225,0.0477,0.8898,5.3336,-7.1505
38.3647,5.2031,-7.2901,3.0817,0.0225,0.0477,0.8898,5.3336,-7.1505
38.3744,5.2030,-7.2901,3.0817,0.0225,0.0477,0.8898,5.3336,-7.1505
38.3842,5.2028,-7.2901,3.0816,0.0225,0.0477,0.8898,5.3336,-7.1505
38.3947,5.2027,-7.2901,3.0816,0.0225,0.0477,0.8898,5.3336,-7.1505
38.4043,5.2025,-7.2901,3.0814,0.0225,0.0477,0.8898,5.3336,-7.1505
38.4159,5.2024,-7.2901,3.0812,0.0225,0.0477,0.8898,5.3321,-7.1497
38.4247,5.2022,-7.2900,3.0812,0.0218,0.0284,0.8898,5.3321,-7.1497
38.4346,5.2020,-7.2900,3.0810,0.0218,0.0284,0.8898,5.3321,-7.1497
38.4444,5.2018,-7.2900,3.0809,0.0218,0.0284,0.8898,5.3321,-7.1497
38.4544,5.2017,-7.2900,3.0807,0.0218,0.0284,0.8898,5.3321,-7.1497
38.4645,5.2015,-7.2900,3.0807,0.0218,0.0284,0.8898,5.3321,-7.1497
38.4762,5.2013,-7.2900,3.0805,0.0218,0.0284,0.8898,5.3321,-7.1497
38.4846,5.2011,-7.2900,3.0805,0.0218,0.0284,0.8898,5.3321,-7.1497
38.5016,5.2009,-7.2900,3.0805,0.0218,0.0284,0.8829,5.3316,-7.1478
38.5050,5.2006,-7.2899,3.0805,0.0218,0.0284,0.8829,5.3316,-7.1478
38.5148,5.2005,-7.2899,3.0803,0.0000,0.0000,0.8829,5.3316,-7.1478
38.5244,5.2002,-7.2899,3.0803,0.0000,0.0000,0.8829,5.3316,-7.1478
38.5367,5.2000,-7.2899,3.0803,0.0000,0.0000,0.8829,5.3316,-7.1478
38.5445,5.1998,-7.2899,3.0803,0.0000,0.0000,0.8829,5.3316,-7.1478
38.5565,5.1996,-7.2899,3.0802,0.0000,0.0000,0.8829,5.3316,-7.1478
38.5652,5.1993,-7.2899,3.0802,0.0000,0.0000,0.8829,5.3316,-7.1478
38.5744,5.1991,-7.2899,3.0800,0.0000,0.0000,0.8829,5.3316,-7.1478
38.5844,5.1988,-7.2898,3.0802,0.0000,0.0000,0.8829,5.3316,-7.1478
38.5965,5.1986,-7.2898,3.0802,0.0000,0.0000,0.8878,5.3316,-7.1478
38.6053,5.1983,-7.2898,3.0802,0.0000,0.0000,0.8878,5.3309,-7.1486
38.6150,5.1981,-7.2898,3.0803,0.0000,0.0000,0.8878,5.3309,-7.1486
38.6314,5.1979,-7.2898,3.0803,0.0000,0.0000,0.8878,5.3309,-7.1486
38.6354,5.1977,-7.2898,3.0805,0.0000,0.0000,0.8878,5.3309,-7.1486
38.6443,5.1976,-7.2898,3.0807,0.0000,0.0000,0.8878,5.3309,-7.1486
38.6540,5.1975,-7.2898,3.0809,0.0233,0.0342,0.8878,5.3309,-7.1486
38.6642,5.1974,-7.2898,3.0810,0.0233,0.0342,0.8878,5.3309,-7.1486
38.6744,5.1974,-7.2897,3.0810,0.0233,0.0342,0.8878,5.3309,-7.1486
38.6843,5.1974,-7.2897,3.0812,0.0233,0.0342,0.8878,5.3309,-7.1486
38.6942,5.1974,-7.2898,3.0812,0.0233,0.0342,0.8982,5.3309,-7.1486
38.7053,5.1975,-7.2898,3.0812,0.0233,0.0342,0.8982,5.3309,-7.1486
38.7152,5.1976,-7.2898,3.0810,0.0233,0.0342,0.8982,5.3288,-7.1481
38.7247,5.1976,-7.2898,3.0810,0.0229,0.0561,0.8982,5.3288,-7.1481
38.7347,5.1977,-7.2898,3.0810,0.0229,0.0561,0.8982,5.3288,-7.1481
38.7448,5.1977,-7.2898,3.0809,0.0229,0.0561,0.8982,5.3288,-7.1481
38.7546,5.1977,-7.2898,3.0809,0.0229,0.0561,0.8982,5.3288,-7.1481
38.7646,5.1977,-7.2898,3.0810,0.0229,0.0561,0.8982,5.3288,-7.1481
38.7755,5.1977,-7.2898,3.0810,0.0229,0.0561,0.8982,5.3288,-7.1481
38.7852,5.1978,-7.2898,3.0812,0.0229,0.0561,0.8982,5.3288,-7.1481
38.7947,5.1978,-7.2898,3.0814,0.0229,0.0561,0.8882,5.3288,-7.1481
38.8047,5.1978,-7.2898,3.0814,0.0229,0.0561,0.8882,5.3284,-7.1491
38.8147,5.1978,-7.2898,3.0814,0.0229,0.0561,0.8882,5.3284,-7.1491
38.8259,5.1978,-7.2898,3.0814,0.0236,0.0636,0.8882,5.3284,-7.1491
38.8366,5.1978,-7.2898,3.0814,0.0236,0.0636,0.8882,5.3284,-7.1491
38.8444,5.1979,-7.2898,3.0814,0.0236,0.0636,0.8882,5.3284,-7.1491
38.8545,5.1979,-7.2898,3.0814,0.0236,0.0636,0.8882,5.3284,-7.1491
38.8654,5.1978,-7.2898,3.0814,0.0236,0.0636,0.8882,5.3284,-7.1491
38.8767,5.1978,-7.2898,3.0814,0.0236,0.0636,0.8882,5.3284,-7.1491
38.8846,5.1977,-7.2898,3.0814,0.0236,0.0636,0.8882,5.3284,-7.1491
38.8946,5.1977,-7.2898,3.0814,0.0236,0.0636,0.8900,5.3284,-7.1491
38.9042,5.1977,-7.2898,3.0814,0.0236,0.0636,0.8900,5.3296,-7.1496
38.9150,5.1976,-7.2898,3.0816,0.0236,0.0636,0.8900,5.3296,-7.1496
38.9460,5.1974,-7.2897,3.0817,0.0222,0.2122,0.8900,5.3296,-7.1496
38.9547,5.1973,-7.2897,3.0819,0.0222,0.2122,0.8900,5.3296,-7.1496
38.9655,5.1973,-7.2897,3.0821,0.0222,0.2122,0.8900,5.3296,-7.1496
38.9746,5.1972,-7.2897,3.0823,0.0222,0.2122,0.8900,5.3296,-7.1496
38.9841,5.1971,-7.2897,3.0823,0.0222,0.2122,0.8900,5.3296,-7.1496
38.9946,5.1970,-7.2897,3.0824,0.0222,0.2122,0.8883,5.3296,-7.1496
39.0045,5.1969,-7.2897,3.0826,0.0222,0.2122,0.8883,5.3269,-7.1490
39.0151,5.1969,-7.2897,3.0826,0.0222,0.2122,0.8883,5.3269,-7.1490
39.0246,5.1968,-7.2897,3.0828,0.0231,0.2305,0.8883,5.3269,-7.1490
39.0344,5.1966,-7.2897,3.0831,0.0231,0.2305,0.8883,5.3269,-7.1490
39.0443,5.1966,-7.2897,3.0833,0.0231,0.2305,0.8883,5.3269,-7.1490
39.0541,5.1966,-7.2897,3.0836,0.0231,0.2305,0.8883,5.3269,-7.1490
39.0644,5.1965,-7.2897,3.0840,0.0231,0.2305,0.8883,5.3269,-7.1490
39.0748,5.1965,-7.2897,3.0843,0.0231,0.2305,0.8883,5.3269,-7.1490
39.0847,5.1964,-7.2897,3.0849,0.0231,0.2305,0.8883,5.3269,-7.1490
39.0948,5.1964,-7.2897,3.0856,0.0231,0.2305,0.8946,5.3269,-7.1490
39.1042,5.1963,-7.2897,3.0863,0.0231,0.2305,0.8946,5.3294,-7.1494
39.1147,5.1962,-7.2897,3.0871,0.0231,0.2305,0.8946,5.3294,-7.1494
39.1245,5.1961,-7.2897,3.0878,0.0237,0.2357,0.8946,5.3294,-7.1494
39.1352,5.1961,-7.2897,3.0889,0.0237,0.2357,0.8946,5.3294,-7.1494
39.1446,5.1959,-7.2897,3.0898,0.0237,0.2357,0.8946,5.3294,-7.1494
39.1540,5.1958,-7.2897,3.0908,0.0237,0.2357,0.8946,5.3294,-7.1494
39.1647,5.1956,-7.2897,3.0920,0.0237,0.2357,0.8946,5.3294,-7.1494
39.1741,5.1955,-7.2896,3.0932,0.0237,0.2357,0.8946,5.3294,-7.1494
39.1843,5.1953,-7.2896,3.0945,0.0237,0.2357,0.8946,5.3294,-7.1494
39.1942,5.1952,-7.2896,3.0959,0.0237,0.2357,0.8933,5.3294,-7.1494
39.2042,5.1950,-7.2896,3.0973,0.0237,0.2357,0.8933,5.3294,-7.1494
39.2151,5.1948,-7.2896,3.0988,0.0237,0.2357,0.8933,5.3288,-7.1490
39.2241,5.1947,-7.2896,3.1004,0.0233,0.2165,0.8933,5.3288,-7.1490
39.2349,5.1944,-7.2896,3.1018,0.0233,0.2165,0.8933,5.3288,-7.1490
39.2451,5.1942,-7.2896,3.1034,0.0233,0.2165,0.8933,5.3288,-7.1490
39.2546,5.1940,-7.2896,3.1049,0.0233,0.2165,0.8933,5.3288,-7.1490
39.2649,5.1937,-7.2896,3.1065,0.0233,0.2165,0.8933,5.3288,-7.1490
39.2748,5.1934,-7.2896,3.1081,0.0233,0.2165,0.8933,5.3288,-7.1490
39.2848,5.1932,-7.2896,3.1097,0.0233,0.2165,0.8933,5.3288,-7.1490
39.2957,5.1932,-7.2896,3.1110,0.0233,0.2165,0.8917,5.3288,-7.1490
39.3043,5.1927,-7.2895,3.1124,0.0233,0.2165,0.8917,5.3288,-7.1490
39.3151,5.1925,-7.2895,3.1140,0.0233,0.2165,0.8917,5.3277,-7.1512
39.3252,5.1922,-7.2895,3.1154,0.0225,0.2013,0.8917,5.3277,-7.1512
39.3350,5.1919,-7.2895,3.1168,0.0225,0.2013,0.8917,5.3277,-7.1512
39.3449,5.1917,-7.2895,3.1182,0.0225,0.2013,0.8917,5.3277,-7.1512
39.3550,5.1915,-7.2895,3.1194,0.0225,0.2013,0.8917,5.3277,-7.1512
39.3646,5.1912,-7.2895,3.1206,0.0225,0.2013,0.8917,5.3277,-7.1512
39.3748,5.1911,-7.2895,3.1219,0.0225,0.2013,0.8917,5.3277,-7.1512
39.3847,5.1908,-7.2895,3.1233,0.0225,0.2013,0.8917,5.3277,-7.1512
39.3947,5.1906,-7.2895,3.1245,0.0225,0.2013,0.8996,5.3277,-7.1512
39.4043,5.1904,-7.2895,3.1257,0.0225,0.2013,0.8996,5.3227,-7.1524
39.4150,5.1902,-7.2895,3.1269,0.0225,0.2013,0.8996,5.3227,-7.1524
39.4244,5.1900,-7.2895,3.1283,0.0228,0.1390,0.8996,5.3227,-7.1524
39.4351,5.1897,-7.2895,3.1295,0.0228,0.1390,0.8996,5.3227,-7.1524
39.4445,5.1896,-7.2895,3.1309,0.0228,0.1390,0.8996,5.3227,-7.1524
39.4553,5.1893,-7.2895,3.1322,0.0228,0.1390,0.8996,5.3227,-7.1524
39.4654,5.1891,-7.2895,3.1336,0.0228,0.1390,0.8996,5.3227,-7.1524
39.4756,5.1889,-7.2895,3.1350,0.0228,0.1390,0.8996,5.3227,-7.1524
39.4850,5.1886,-7.2895,3.1364,0.0228,0.1390,0.8996,5.3227,-7.1524
39.4953,5.1885,-7.2895,3.1379,0.0228,0.1390,0.8942,5.3227,-7.1524
39.5045,5.1882,-7.2895,3.1395,0.0228,0.1390,0.8942,5.3202,-7.1536
39.5163,5.1879,-7.2895,3.1411,0.0228,0.1390,0.8942,5.3202,-7.1536
39.5246,5.1877,-7.2895,-3.1405,0.0221,0.1210,0.8942,5.3202,-7.1536
39.5350,5.1875,-7.2895,-3.1390,0.0221,0.1210,0.8942,5.3202,-7.1536
39.5467,5.1872,-7.2895,-3.1374,0.0221,0.1210,0.8942,5.3202,-7.1536
39.5547,5.1870,-7.2895,-3.1357,0.0221,0.1210,0.8942,5.3202,-7.1536
39.5687,5.1868,-7.2895,-3.1343,0.0221,0.1210,0.8942,5.3202,-7.1536
39.5758,5.1865,-7.2895,-3.1325,0.0221,0.1210,0.8942,5.3202,-7.1536
39.5847,5.1863,-7.2895,-3.1309,0.0221,0.1210,0.8942,5.3202,-7.1536
39.5956,5.1860,-7.2895,-3.1294,0.0221,0.1210,0.8941,5.3202,-7.1536
39.6038,5.1857,-7.2895,-3.1278,0.0221,0.1210,0.8941,5.3162,-7.1529
39.6144,5.1854,-7.2895,-3.1261,0.0221,0.1210,0.8941,5.3162,-7.1529
39.6248,5.1851,-7.2895,-3.1245,0.0221,0.0255,0.8941,5.3162,-7.1529
39.6346,5.1848,-7.2895,-3.1227,0.0221,0.0255,0.8941,5.3162,-7.1529
39.6458,5.1845,-7.2895,-3.1212,0.0221,0.0255,0.8941,5.3162,-7.1529
39.6545,5.1842,-7.2895,-3.1196,0.0221,0.0255,0.8941,5.3162,-7.1529
39.6645,5.1840,-7.2895,-3.1180,0.0221,0.0255,0.8941,5.3162,-7.1529
39.6751,5.1837,-7.2895,-3.1166,0.0221,0.0255,0.8941,5.3162,-7.1529
39.6858,5.1835,-7.2895,-3.1154,0.0221,0.0255,0.8941,5.3162,-7.1529
39.6948,5.1832,-7.2895,-3.1142,0.0221,0.0255,0.8969,5.3162,-7.1529
39.7040,5.1830,-7.2895,-3.1131,0.0221,0.0255,0.8969,5.3156,-7.1541
39.7158,5.1828,-7.2895,-3.1121,0.0221,0.0255,0.8969,5.3156,-7.1541
39.7262,5.1826,-7.2895,-3.1112,0.0236,-0.0230,0.8969,5.3156,-7.1541
39.7347,5.1824,-7.2896,-3.1105,0.0236,-0.0230,0.8969,5.3156,-7.1541
39.7457,5.1822,-7.2896,-3.1098,0.0236,-0.0230,0.8969,5.3156,-7.1541
39.7547,5.1821,-7.2896,-3.1091,0.0236,-0.0230,0.8969,5.3156,-7.1541
39.7642,5.1819,-7.2896,-3.1086,0.0236,-0.0230,0.8969,5.3156,-7.1541
39.7751,5.1818,-7.2896,-3.1081,0.0236,-0.0230,0.8969,5.3156,-7.1541
39.7851,5.1817,-7.2896,-3.1076,0.0236,-0.0230,0.8969,5.3156,-7.1541
39.7956,5.1816,-7.2896,-3.1070,0.0236,-0.0230,0.8933,5.3156,-7.1541
39.8050,5.1815,-7.2896,-3.1067,0.0236,-0.0230,0.8933,5.3139,-7.1541
39.8153,5.1813,-7.2896,-3.1062,0.0236,-0.0230,0.8933,5.3139,-7.1541
39.8247,5.1812,-7.2896,-3.1058,0.0236,-0.0534,0.8933,5.3139,-7.1541
39.8375,5.1812,-7.2896,-3.1056,0.0236,-0.0534,0.8933,5.3139,-7.1541
39.8542,5.1811,-7.2896,-3.1053,0.0236,-0.0534,0.8933,5.3139,-7.1541
39.8561,5.1810,-7.2896,-3.1051,0.0236,-0.0534,0.8933,5.3139,-7.1541
39.9318,5.1805,-7.2896,-3.1042,0.0234,-0.0889,0.8936,5.3139,-7.1541
39.9479,5.1801,-7.2896,-3.1034,0.0234,-0.0889,0.8936,5.3159,-7.1528
39.9612,5.1799,-7.2896,-3.1027,0.0234,-0.0889,0.8936,5.3159,-7.1528
39.9671,5.1799,-7.2896,-3.1027,0.0234,-0.0889,0.8936,5.3159,-7.1528
39.9766,5.1798,-7.2896,-3.1025,0.0234,-0.0889,0.8936,5.3159,-7.1528
39.9862,5.1797,-7.2897,-3.1021,0.0234,-0.0889,0.8846,5.3159,-7.1528
40.0021,5.1796,-7.2897,-3.1018,0.0234,-0.0889,0.8846,5.3122,-7.1534
40.0069,5.1794,-7.2897,-3.1015,0.0234,-0.0889,0.8846,5.3122,-7.1534
40.0152,5.1793,-7.2897,-3.1011,0.0234,-0.0889,0.8846,5.3122,-7.1534
40.0268,5.1791,-7.2897,-3.1008,0.0234,-0.0889,0.8846,5.3122,-7.1534
40.0363,5.1790,-7.2897,-3.1004,0.0234,-0.0889,0.8846,5.3122,-7.1534
40.0493,5.1788,-7.2897,-3.1002,0.0232,-0.0714,0.8846,5.3122,-7.1534
40.0623,5.1785,-7.2897,-3.0999,0.0232,-0.0714,0.8846,5.3122,-7.1534
40.0666,5.1785,-7.2897,-3.0999,0.0232,-0.0714,0.8846,5.3122,-7.1534
40.0842,5.1782,-7.2897,-3.0997,0.0232,-0.0714,0.8836,5.3122,-7.1534
40.0884,5.1782,-7.2897,-3.0997,0.0232,-0.0714,0.8836,5.3122,-7.1534
40.1056,5.1779,-7.2897,-3.0995,0.0232,-0.0714,0.8836,5.3094,-7.1526
40.1166,5.1778,-7.2897,-3.0995,0.0232,-0.0714,0.8836,5.3094,-7.1526
40.1276,5.1776,-7.2897,-3.0994,0.0208,-0.0544,0.8836,5.3094,-7.1526
40.1388,5.1775,-7.2897,-3.0992,0.0208,-0.0544,0.8836,5.3094,-7.1526
40.1483,5.1773,-7.2898,-3.0990,0.0208,-0.0544,0.8836,5.3094,-7.1526
40.1542,5.1771,-7.2898,-3.0988,0.0208,-0.0544,0.8836,5.3094,-7.1526
40.1642,5.1770,-7.2898,-3.0985,0.0208,-0.0544,0.8836,5.3094,-7.1526
40.1743,5.1769,-7.2898,-3.0981,0.0208,-0.0544,0.8836,5.3094,-7.1526
40.1842,5.1767,-7.2898,-3.0976,0.0208,-0.0544,0.8959,5.3094,-7.1526
40.1950,5.1765,-7.2898,-3.0973,0.0208,-0.0544,0.8959,5.3094,-7.1526
40.2039,5.1764,-7.2898,-3.0967,0.0208,-0.0544,0.8959,5.3071,-7.1535
40.2168,5.1762,-7.2898,-3.0962,0.0208,-0.0544,0.8959,5.3071,-7.1535
40.2250,5.1761,-7.2898,-3.0957,0.0233,0.0042,0.8959,5.3071,-7.1535
40.2343,5.1759,-7.2898,-3.0952,0.0233,0.0042,0.8959,5.3071,-7.1535
40.2459,5.1758,-7.2898,-3.0945,0.0233,0.0042,0.8959,5.3071,-7.1535
40.2546,5.1756,-7.2898,-3.0939,0.0233,0.0042,0.8959,5.3071,-7.1535
40.2647,5.1754,-7.2898,-3.0936,0.0233,0.0042,0.8959,5.3071,-7.1535
40.2753,5.1753,-7.2898,-3.0931,0.0233,0.0042,0.8959,5.3071,-7.1535
40.2976,5.1750,-7.2899,-3.0920,0.0233,0.0042,0.8970,5.3071,-7.1535
40.3043,5.1749,-7.2899,-3.0915,0.0233,0.0042,0.8970,5.3084,-7.1519
40.3156,5.1749,-7.2899,-3.0910,0.0233,0.0042,0.8970,5.3084,-7.1519
40.3253,5.1745,-7.2899,-3.0906,0.0233,0.0042,0.8970,5.3084,-7.1519
40.3353,5.1743,-7.2899,-3.0901,0.0231,0.0345,0.8970,5.3084,-7.1519
40.3476,5.1741,-7.2899,-3.0896,0.0231,0.0345,0.8970,5.3084,-7.1519
40.3562,5.1739,-7.2899,-3.0889,0.0231,0.0345,0.8970,5.3084,-7.1519
40.3663,5.1737,-7.2899,-3.0884,0.0231,0.0345,0.8970,5.3084,-7.1519
40.3763,5.1735,-7.2899,-3.0877,0.0231,0.0345,0.8970,5.3084,-7.1519
40.3898,5.1730,-7.2900,-3.0863,0.0231,0.0345,0.8970,5.3084,-7.1519
40.4015,5.1728,-7.2900,-3.0856,0.0231,0.0345,0.8970,5.3065,-7.1523
40.4117,5.1726,-7.2900,-3.0850,0.0231,0.0345,0.8970,5.3065,-7.1523
40.4181,5.1726,-7.2900,-3.0850,0.0231,0.0345,0.8970,5.3065,-7.1523
40.4286,5.1726,-7.2900,-3.0843,0.0232,0.0554,0.8970,5.3065,-7.1523
40.4414,5.1719,-7.2900,-3.0833,0.0232,0.0554,0.8970,5.3065,-7.1523
40.4452,5.1719,-7.2900,-3.0833,0.0232,0.0554,0.8970,5.3065,-7.1523
40.4570,5.1716,-7.2900,-3.0828,0.0232,0.0554,0.8970,5.3065,-7.1523
40.4715,5.1712,-7.2901,-3.0817,0.0232,0.0554,0.8970,5.3065,-7.1523
40.4757,5.1712,-7.2901,-3.0817,0.0232,0.0554,0.8970,5.3065,-7.1523
40.4868,5.1710,-7.2901,-3.0812,0.0232,0.0554,0.8968,5.3065,-7.1523
40.4970,5.1708,-7.2901,-3.0809,0.0232,0.0554,0.8968,5.3065,-7.1523
40.5109,5.1704,-7.2901,-3.0802,0.0232,0.0554,0.8968,5.3065,-7.1523
40.5149,5.1704,-7.2901,-3.0802,0.0232,0.0554,0.8968,5.3065,-7.1523
40.5253,5.1702,-7.2901,-3.0798,0.0226,0.0667,0.8968,5.3060,-7.1539
40.5344,5.1700,-7.2901,-3.0795,0.0226,0.0667,0.8968,5.3060,-7.1539
40.5440,5.1698,-7.2901,-3.0793,0.0226,0.0667,0.8968,5.3060,-7.1539
40.5590,5.1694,-7.2902,-3.0786,0.0226,0.0667,0.8968,5.3060,-7.1539
40.5714,5.1692,-7.2902,-3.0784,0.0226,0.0667,0.8968,5.3060,-7.1539
40.5754,5.1692,-7.2902,-3.0784,0.0226,0.0667,0.8968,5.3060,-7.1539
40.6065,5.1686,-7.2902,-3.0772,0.0226,0.0667,0.8922,5.3060,-7.1539
40.6097,5.1684,-7.2902,-3.0768,0.0226,0.0667,0.8922,5.3060,-7.1539
40.6172,5.1684,-7.2902,-3.0768,0.0226,0.0667,0.8922,5.3052,-7.1530
40.6246,5.1682,-7.2902,-3.0763,0.0233,0.0700,0.8922,5.3052,-7.1530
40.6351,5.1680,-7.2903,-3.0758,0.0233,0.0700,0.8922,5.3052,-7.1530
40.6461,5.1678,-7.2903,-3.0751,0.0233,0.0700,0.8922,5.3052,-7.1530
40.6543,5.1677,-7.2903,-3.0746,0.0233,0.0700,0.8922,5.3052,-7.1530
40.6639,5.1675,-7.2903,-3.0739,0.0233,0.0700,0.8922,5.3052,-7.1530
40.6778,5.1673,-7.2903,-3.0734,0.0233,0.0700,0.8922,5.3052,-7.1530
40.6868,5.1671,-7.2903,-3.0734,0.0233,0.0700,0.8990,5.3052,-7.1530
40.6972,5.1669,-7.2903,-3.0727,0.0233,0.0700,0.8990,5.3042,-7.1518
40.7055,5.1667,-7.2904,-3.0720,0.0233,0.0700,0.8990,5.3042,-7.1518
40.7143,5.1665,-7.2904,-3.0714,0.0233,0.0700,0.8990,5.3042,-7.1518
40.7242,5.1663,-7.2904,-3.0707,0.0231,0.0583,0.8990,5.3042,-7.1518
40.7350,5.1661,-7.2904,-3.0702,0.0231,0.0583,0.8990,5.3042,-7.1518
40.7461,5.1660,-7.2904,-3.0697,0.0231,0.0583,0.8990,5.3042,-7.1518
40.7553,5.1657,-7.2904,-3.0690,0.0231,0.0583,0.8990,5.3042,-7.1518
40.7643,5.1655,-7.2904,-3.0685,0.0231,0.0583,0.8990,5.3042,-7.1518
40.7745,5.1654,-7.2905,-3.0679,0.0231,0.0583,0.8990,5.3042,-7.1518
40.7843,5.1652,-7.2905,-3.0674,0.0231,0.0583,0.8907,5.3042,-7.1518
40.7942,5.1650,-7.2905,-3.0669,0.0231,0.0583,0.8907,5.3042,-7.1518
40.8050,5.1648,-7.2905,-3.0664,0.0231,0.0583,0.8907,5.3016,-7.1531
40.8152,5.1646,-7.2905,-3.0658,0.0231,0.0583,0.8907,5.3016,-7.1531
40.8241,5.1644,-7.2905,-3.0653,0.0225,0.0189,0.8907,5.3016,-7.1531
40.8358,5.1642,-7.2905,-3.0650,0.0225,0.0189,0.8907,5.3016,-7.1531
40.8472,5.1640,-7.2905,-3.0644,0.0225,0.0189,0.8907,5.3016,-7.1531
40.8543,5.1638,-7.2906,-3.0639,0.0225,0.0189,0.8907,5.3016,-7.1531
40.8658,5.1637,-7.2906,-3.0634,0.0225,0.0189,0.8907,5.3016,-7.1531
40.8775,5.1635,-7.2906,-3.0629,0.0225,0.0189,0.8907,5.3016,-7.1531
40.8841,5.1633,-7.2906,-3.0624,0.0225,0.0189,0.8952,5.2801,-7.1560
40.8961,5.1632,-7.2906,-3.0618,0.0225,0.0189,0.8952,5.2801,-7.1560
40.9093,5.1628,-7.2906,-3.0604,0.0225,0.0189,0.8952,5.2801,-7.1560
40.9162,5.1628,-7.2906,-3.0604,0.0225,0.0189,0.8952,5.2801,-7.1560
40.9244,5.1626,-7.2907,-3.0597,0.0230,0.0271,0.8952,5.2801,-7.1560
40.9352,5.1624,-7.2907,-3.0590,0.0230,0.0271,0.8952,5.2801,-7.1560
40.9463,5.1622,-7.2907,-3.0583,0.0230,0.0271,0.8952,5.2801,-7.1560
40.9546,5.1620,-7.2907,-3.0578,0.0230,0.0271,0.8952,5.2801,-7.1560
40.9654,5.1618,-7.2907,-3.0571,0.0230,0.0271,0.8952,5.2801,-7.1560
40.9993,5.1616,-7.2908,-3.0566,0.0230,0.0271,0.8910,5.2801,-7.1560
41.0076,5.1610,-7.2908,-3.0550,0.0230,0.0271,0.8910,5.2801,-7.1560
41.0150,5.1607,-7.2908,-3.0547,0.0230,0.0271,0.8910,5.2801,-7.1560
41.0247,5.1605,-7.2908,-3.0543,0.0226,-0.0383,0.8910,5.2634,-7.1552
41.0347,5.1603,-7.2909,-3.0538,0.0226,-0.0383,0.8910,5.2634,-7.1552
41.0444,5.1601,-7.2909,-3.0535,0.0226,-0.0383,0.8910,5.2634,-7.1552
41.0548,5.1599,-7.2909,-3.0533,0.0226,-0.0383,0.8910,5.2634,-7.1552
41.0645,5.1597,-7.2909,-3.0529,0.0226,-0.0383,0.8910,5.2634,-7.1552
41.0745,5.1595,-7.2909,-3.0526,0.0226,-0.0383,0.8910,5.2634,-7.1552
41.0844,5.1593,-7.2910,-3.0522,0.0226,-0.0383,0.8973,5.2634,-7.1552
41.0948,5.1591,-7.2910,-3.0519,0.0226,-0.0383,0.8973,5.2634,-7.1552
41.1039,5.1588,-7.2910,-3.0517,0.0226,-0.0383,0.8973,5.2530,-7.1541
41.1153,5.1586,-7.2910,-3.0514,0.0226,-0.0383,0.8973,5.2530,-7.1541
41.1268,5.1584,-7.2910,-3.0510,0.0226,-0.0383,0.8973,5.2530,-7.1541
41.1361,5.1582,-7.2910,-3.0508,0.0225,-0.0496,0.8973,5.2530,-7.1541
41.1477,5.1581,-7.2911,-3.0507,0.0225,-0.0496,0.8973,5.2530,-7.1541
41.1558,5.1579,-7.2911,-3.0505,0.0225,-0.0496,0.8973,5.2530,-7.1541
41.1651,5.1577,-7.2911,-3.0505,0.0225,-0.0496,0.8973,5.2530,-7.1541
41.1752,5.1575,-7.2911,-3.0503,0.0225,-0.0496,0.8973,5.2530,-7.1541
41.1856,5.1573,-7.2911,-3.0505,0.0225,-0.0496,0.8976,5.2530,-7.1541
41.1956,5.1571,-7.2912,-3.0505,0.0225,-0.0496,0.8976,5.2410,-7.1524
41.2045,5.1569,-7.2912,-3.0507,0.0225,-0.0496,0.8976,5.2410,-7.1524
41.2161,5.1567,-7.2912,-3.0508,0.0225,-0.0496,0.8976,5.2410,-7.1524
41.2320,5.1563,-7.2912,-3.0512,0.0236,-0.0535,0.8976,5.2410,-7.1524
41.2396,5.1561,-7.2912,-3.0514,0.0236,-0.0535,0.8976,5.2410,-7.1524
41.2497,5.1559,-7.2913,-3.0515,0.0236,-0.0535,0.8976,5.2410,-7.1524
41.2569,5.1559,-7.2913,-3.0515,0.0236,-0.0535,0.8976,5.2410,-7.1524
41.2657,5.1557,-7.2913,-3.0515,0.0236,-0.0535,0.8976,5.2410,-7.1524
41.2864,5.1553,-7.2913,-3.0517,0.0236,-0.0535,0.9003,5.2410,-7.1524
41.2909,5.1551,-7.2913,-3.0519,0.0236,-0.0535,0.9003,5.2410,-7.1524
41.3005,5.1549,-7.2914,-3.0519,0.0236,-0.0535,0.9003,5.2410,-7.1524
41.3083,5.1547,-7.2914,-3.0519,0.0236,-0.0535,0.9003,5.2410,-7.1524
41.3255,5.1544,-7.2914,-3.0519,0.0236,-0.0535,0.9003,5.2410,-7.1524
41.3379,5.1540,-7.2914,-3.0519,0.0237,-0.1108,0.9003,5.2368,-7.1520
41.3462,5.1540,-7.2914,-3.0519,0.0237,-0.1108,0.9003,5.2368,-7.1520
41.3593,5.1535,-7.2915,-3.0519,0.0237,-0.1108,0.9003,5.2368,-7.1520
41.3674,5.1533,-7.2915,-3.0519,0.0237,-0.1108,0.9003,5.2368,-7.1520
41.3753,5.1533,-7.2915,-3.0519,0.0237,-0.1108,0.9003,5.2368,-7.1520
41.3843,5.1533,-7.2915,-3.0517,0.0237,-0.1108,0.8897,5.2226,-7.1512
41.3947,5.1529,-7.2915,-3.0519,0.0237,-0.1108,0.8897,5.2226,-7.1512
41.4041,5.1527,-7.2915,-3.0519,0.0237,-0.1108,0.8897,5.2226,-7.1512
41.4142,5.1525,-7.2916,-3.0519,0.0237,-0.1108,0.8897,5.2226,-7.1512
41.4251,5.1523,-7.2916,-3.0521,0.0229,-0.0799,0.8897,5.2226,-7.1512
41.4359,5.1520,-7.2916,-3.0522,0.0229,-0.0799,0.8897,5.2226,-7.1512
41.4454,5.1518,-7.2916,-3.0524,0.0229,-0.0799,0.8897,5.2226,-7.1512
41.4543,5.1516,-7.2916,-3.0529,0.0229,-0.0799,0.8897,5.2226,-7.1512
41.4649,5.1513,-7.2917,-3.0535,0.0229,-0.0799,0.8897,5.2226,-7.1512
41.4756,5.1511,-7.2917,-3.0540,0.0229,-0.0799,0.8897,5.2226,-7.1512
41.4846,5.1508,-7.2917,-3.0548,0.0229,-0.0799,0.8931,5.2226,-7.1512
41.4957,5.1506,-7.2917,-3.0557,0.0229,-0.0799,0.8931,5.2157,-7.1515
41.5045,5.1503,-7.2918,-3.0566,0.0229,-0.0799,0.8931,5.2157,-7.1515
41.5157,5.1500,-7.2918,-3.0576,0.0229,-0.0799,0.8931,5.2157,-7.1515
41.5260,5.1497,-7.2918,-3.0587,0.0219,-0.0661,0.8931,5.2157,-7.1515
41.5350,5.1494,-7.2918,-3.0597,0.0219,-0.0661,0.8931,5.2157,-7.1515
41.5447,5.1492,-7.2919,-3.0608,0.0219,-0.0661,0.8931,5.2157,-7.1515
41.5546,5.1489,-7.2919,-3.0618,0.0219,-0.0661,0.8931,5.2157,-7.1515
41.5659,5.1486,-7.2919,-3.0629,0.0219,-0.0661,0.8931,5.2157,-7.1515
41.5761,5.1483,-7.2919,-3.0638,0.0219,-0.0661,0.8931,5.2157,-7.1515
41.5862,5.1481,-7.2919,-3.0646,0.0219,-0.0661,0.8974,5.2145,-7.1538
41.5958,5.1479,-7.2920,-3.0653,0.0219,-0.0661,0.8974,5.2145,-7.1538
41.6042,5.1477,-7.2920,-3.0660,0.0219,-0.0661,0.8974,5.2145,-7.1538
41.6146,5.1474,-7.2920,-3.0667,0.0219,-0.0661,0.8974,5.2145,-7.1538
41.6278,5.1470,-7.2920,-3.0676,0.0228,-0.0722,0.8974,5.2145,-7.1538
41.6357,5.1470,-7.2920,-3.0676,0.0228,-0.0722,0.8974,5.2145,-7.1538
41.6469,5.1469,-7.2920,-3.0679,0.0228,-0.0722,0.8974,5.2145,-7.1538
41.6544,5.1467,-7.2920,-3.0681,0.0228,-0.0722,0.8974,5.2145,-7.1538
41.6648,5.1464,-7.2921,-3.0685,0.0228,-0.0722,0.8974,5.2145,-7.1538
41.6752,5.1463,-7.2921,-3.0686,0.0228,-0.0722,0.8974,5.2145,-7.1538
41.6851,5.1461,-7.2921,-3.0688,0.0228,-0.0722,0.9013,5.2145,-7.1538
41.6957,5.1459,-7.2921,-3.0690,0.0228,-0.0722,0.9013,5.2163,-7.1548
41.7047,5.1457,-7.2921,-3.0693,0.0228,-0.0722,0.9013,5.2163,-7.1548
41.7152,5.1455,-7.2921,-3.0695,0.0228,-0.0722,0.9013,5.2163,-7.1548
41.7270,5.1453,-7.2921,-3.0697,0.0233,-0.0743,0.9013,5.2163,-7.1548
41.7361,5.1451,-7.2922,-3.0700,0.0233,-0.0743,0.9013,5.2163,-7.1548
41.7452,5.1449,-7.2922,-3.0704,0.0233,-0.0743,0.9013,5.2163,-7.1548
41.7547,5.1448,-7.2922,-3.0707,0.0233,-0.0743,0.9013,5.2163,-7.1548
41.7648,5.1445,-7.2922,-3.0711,0.0233,-0.0743,0.9013,5.2163,-7.1548
41.7750,5.1443,-7.2922,-3.0714,0.0233,-0.0743,0.9013,5.2163,-7.1548
41.7858,5.1442,-7.2922,-3.0720,0.0233,-0.0743,0.8991,5.2163,-7.1548
41.7955,5.1440,-7.2922,-3.0723,0.0233,-0.0743,0.8991,5.2168,-7.1551
41.8039,5.1438,-7.2923,-3.0728,0.0233,-0.0743,0.8991,5.2168,-7.1551
41.8150,5.1436,-7.2923,-3.0732,0.0227,-0.0530,0.8991,5.2168,-7.1551
41.8250,5.1434,-7.2923,-3.0737,0.0227,-0.0530,0.8991,5.2168,-7.1551
41.8354,5.1432,-7.2923,-3.0742,0.0227,-0.0530,0.8991,5.2168,-7.1551
41.8461,5.1429,-7.2923,-3.0747,0.0227,-0.0530,0.8991,5.2168,-7.1551
41.8539,5.1427,-7.2923,-3.0753,0.0227,-0.0530,0.8991,5.2168,-7.1551
41.8654,5.1424,-7.2923,-3.0758,0.0227,-0.0530,0.8991,5.2168,-7.1551
41.8743,5.1422,-7.2924,-3.0763,0.0227,-0.0530,0.8991,5.2168,-7.1551
41.8843,5.1419,-7.2924,-3.0770,0.0227,-0.0530,0.8983,5.2168,-7.1551
41.8948,5.1417,-7.2924,-3.0775,0.0227,-0.0530,0.8983,5.2168,-7.1551
41.9042,5.1414,-7.2924,-3.0781,0.0227,-0.0530,0.8983,5.2144,-7.1561
41.9148,5.1412,-7.2924,-3.0788,0.0227,-0.0530,0.8983,5.2144,-7.1561
41.9261,5.1409,-7.2924,-3.0795,0.0225,-0.0631,0.8983,5.2144,-7.1561
41.9375,5.1404,-7.2925,-3.0807,0.0225,-0.0631,0.8983,5.2144,-7.1561
41.9465,5.1402,-7.2925,-3.0812,0.0225,-0.0631,0.8983,5.2144,-7.1561
41.9553,5.1402,-7.2925,-3.0812,0.0225,-0.0631,0.8983,5.2144,-7.1561
41.9650,5.1400,-7.2925,-3.0817,0.0225,-0.0631,0.8983,5.2144,-7.1561
41.9746,5.1398,-7.2925,-3.0824,0.0225,-0.0631,0.9011,5.2144,-7.1561
41.9847,5.1395,-7.2925,-3.0831,0.0225,-0.0631,0.9011,5.2140,-7.1570
41.9956,5.1393,-7.2925,-3.0838,0.0225,-0.0631,0.9011,5.2140,-7.1570
42.0041,5.1391,-7.2926,-3.0845,0.0225,-0.0631,0.9011,5.2140,-7.1570
42.0159,5.1388,-7.2926,-3.0854,0.0225,-0.0631,0.9011,5.2140,-7.1570
42.0257,5.1384,-7.2926,-3.0871,0.0213,0.0002,0.9011,5.2140,-7.1570
42.0341,5.1384,-7.2926,-3.0871,0.0213,0.0002,0.9011,5.2140,-7.1570
42.0453,5.1381,-7.2926,-3.0882,0.0213,0.0002,0.9011,5.2140,-7.1570
42.0542,5.1379,-7.2926,-3.0891,0.0213,0.0002,0.9011,5.2140,-7.1570
42.0651,5.1376,-7.2926,-3.0899,0.0213,0.0002,0.9011,5.2140,-7.1570
42.0745,5.1374,-7.2926,-3.0910,0.0213,0.0002,0.9011,5.2140,-7.1570
42.0843,5.1372,-7.2927,-3.0919,0.0213,0.0002,0.8889,5.2140,-7.1570
42.0946,5.1369,-7.2927,-3.0925,0.0213,0.0002,0.8889,5.2140,-7.1570
42.1039,5.1367,-7.2927,-3.0932,0.0213,0.0002,0.8889,5.2121,-7.1576
42.1144,5.1365,-7.2927,-3.0939,0.0213,0.0002,0.8889,5.2121,-7.1576
42.1246,5.1364,-7.2927,-3.0945,0.0213,0.0002,0.8889,5.2121,-7.1576
42.1343,5.1362,-7.2927,-3.0950,0.0213,0.0002,0.8889,5.2121,-7.1576
42.1454,5.1360,-7.2927,-3.0953,0.0234,-0.1347,0.8889,5.2121,-7.1576
42.1548,5.1358,-7.2927,-3.0957,0.0234,-0.1347,0.8889,5.2121,-7.1576
42.1641,5.1357,-7.2927,-3.0959,0.0234,-0.1347,0.8889,5.2121,-7.1576
42.1741,5.1356,-7.2927,-3.0959,0.0234,-0.1347,0.9009,5.2121,-7.1576
42.1852,5.1354,-7.2927,-3.0959,0.0234,-0.1347,0.9009,5.2121,-7.1576
42.1945,5.1353,-7.2927,-3.0959,0.0234,-0.1347,0.9009,5.2115,-7.1580
42.2044,5.1352,-7.2928,-3.0959,0.0234,-0.1347,0.9009,5.2115,-7.1580
42.2147,5.1351,-7.2928,-3.0959,0.0234,-0.1347,0.9009,5.2115,-7.1580
42.2268,5.1350,-7.2928,-3.0959,0.0233,-0.1446,0.9009,5.2115,-7.1580
42.2347,5.1348,-7.2928,-3.0962,0.0233,-0.1446,0.9009,5.2115,-7.1580
42.2446,5.1345,-7.2928,-3.0964,0.0233,-0.1446,0.9009,5.2115,-7.1580
42.2542,5.1344,-7.2928,-3.0969,0.0233,-0.1446,0.9009,5.2115,-7.1580
42.2644,5.1342,-7.2928,-3.0973,0.0233,-0.1446,0.9009,5.2115,-7.1580
42.2746,5.1341,-7.2928,-3.0980,0.0233,-0.1446,0.8996,5.2115,-7.1580
42.2848,5.1339,-7.2928,-3.0985,0.0233,-0.1446,0.8996,5.2098,-7.1583
42.2945,5.1337,-7.2928,-3.0992,0.0233,-0.1446,0.8996,5.2098,-7.1583
42.3041,5.1336,-7.2928,-3.1001,0.0233,-0.1446,0.8996,5.2098,-7.1583
42.3144,5.1334,-7.2928,-3.1008,0.0230,-0.1898,0.8996,5.2098,-7.1583
42.3244,5.1332,-7.2928,-3.1016,0.0230,-0.1898,0.8996,5.2098,-7.1583
42.3349,5.1330,-7.2928,-3.1025,0.0230,-0.1898,0.8996,5.2098,-7.1583
42.3444,5.1328,-7.2929,-3.1034,0.0230,-0.1898,0.8996,5.2098,-7.1583
42.3542,5.1326,-7.2929,-3.1041,0.0230,-0.1898,0.8996,5.2098,-7.1583
42.3646,5.1324,-7.2929,-3.1049,0.0230,-0.1898,0.8996,5.2098,-7.1583
42.3756,5.1320,-7.2929,-3.1067,0.0230,-0.1898,0.8953,5.2098,-7.1583
42.3848,5.1318,-7.2929,-3.1076,0.0230,-0.1898,0.8953,5.2083,-7.1587
42.3947,5.1318,-7.2929,-3.1076,0.0230,-0.1898,0.8953,5.2083,-7.1587
42.4048,5.1316,-7.2929,-3.1084,0.0230,-0.1898,0.8953,5.2083,-7.1587
42.4150,5.1314,-7.2929,-3.1093,0.0230,-0.1898,0.8953,5.2083,-7.1587
42.4245,5.1312,-7.2929,-3.1104,0.0231,-0.1541,0.8953,5.2083,-7.1587
42.4350,5.1310,-7.2929,-3.1114,0.0231,-0.1541,0.8953,5.2083,-7.1587
42.4444,5.1308,-7.2929,-3.1124,0.0231,-0.1541,0.8953,5.2083,-7.1587
42.4549,5.1304,-7.2929,-3.1151,0.0231,-0.1541,0.8953,5.2083,-7.1587
42.4643,5.1304,-7.2929,-3.1151,0.0231,-0.1541,0.8953,5.2083,-7.1587
42.4743,5.1301,-7.2929,-3.1165,0.0231,-0.1541,0.8933,5.2083,-7.1587
42.4842,5.1299,-7.2929,-3.1179,0.0231,-0.1541,0.8933,5.2067,-7.1580
42.4946,5.1298,-7.2929,-3.1193,0.0231,-0.1541,0.8933,5.2067,-7.1580
42.5040,5.1296,-7.2930,-3.1208,0.0231,-0.1541,0.8933,5.2067,-7.1580
42.5147,5.1293,-7.2930,-3.1224,0.0231,-0.1541,0.8933,5.2067,-7.1580
42.5245,5.1291,-7.2930,-3.1240,0.0235,-0.1783,0.8933,5.2067,-7.1580
42.5348,5.1289,-7.2930,-3.1257,0.0235,-0.1783,0.8933,5.2067,-7.1580
42.5467,5.1284,-7.2930,-3.1290,0.0235,-0.1783,0.8933,5.2067,-7.1580
42.5550,5.1284,-7.2930,-3.1290,0.0235,-0.1783,0.8933,5.2067,-7.1580
42.5654,5.1282,-7.2930,-3.1308,0.0235,-0.1783,0.8933,5.2067,-7.1580
42.5747,5.1277,-7.2930,-3.1343,0.0235,-0.1783,0.8933,5.2067,-7.1580
42.5848,5.1275,-7.2930,-3.1358,0.0235,-0.1783,0.8933,5.2067,-7.1580
42.5965,5.1275,-7.2930,-3.1358,0.0235,-0.1783,0.8933,5.2067,-7.1580
42.6040,5.1272,-7.2930,-3.1374,0.0235,-0.1783,0.8933,5.2067,-7.1580
42.6144,5.1269,-7.2930,-3.1390,0.0235,-0.1721,0.8933,5.2067,-7.1580
42.6260,5.1264,-7.2930,3.1411,0.0235,-0.1721,0.8842,5.2067,-7.1580
42.6349,5.1262,-7.2930,3.1397,0.0235,-0.1721,0.8842,5.2067,-7.1580
42.6457,5.1259,-7.2930,3.1383,0.0235,-0.1721,0.8842,5.2041,-7.1574
42.6555,5.1257,-7.2930,3.1369,0.0235,-0.1721,0.8842,5.2041,-7.1574
42.6656,5.1255,-7.2930,3.1357,0.0235,-0.1721,0.8842,5.2041,-7.1574
42.6742,5.1252,-7.2930,3.1344,0.0235,-0.1721,0.8842,5.2041,-7.1574
42.6850,5.1250,-7.2930,3.1332,0.0235,-0.1721,0.8842,5.2041,-7.1574
42.6952,5.1247,-7.2930,3.1320,0.0235,-0.1721,0.8842,5.2041,-7.1574
42.7055,5.1247,-7.2930,3.1320,0.0235,-0.1721,0.8842,5.2041,-7.1574
42.7172,5.1243,-7.2930,3.1295,0.0235,-0.1721,0.8842,5.2041,-7.1574
42.7256,5.1240,-7.2930,3.1283,0.0228,-0.1750,0.8918,5.2041,-7.1574
42.7345,5.1238,-7.2930,3.1269,0.0228,-0.1750,0.8918,5.2012,-7.1569
42.7455,5.1235,-7.2930,3.1257,0.0228,-0.1750,0.8918,5.2012,-7.1569
42.7540,5.1233,-7.2930,3.1245,0.0228,-0.1750,0.8918,5.2012,-7.1569
42.7644,5.1231,-7.2930,3.1231,0.0228,-0.1750,0.8918,5.2012,-7.1569
42.7764,5.1229,-7.2930,3.1219,0.0228,-0.1750,0.8918,5.2012,-7.1569
42.7844,5.1226,-7.2929,3.1205,0.0228,-0.1750,0.8918,5.2012,-7.1569
42.7960,5.1224,-7.2929,3.1191,0.0228,-0.1750,0.8918,5.2012,-7.1569
42.8042,5.1221,-7.2929,3.1177,0.0228,-0.1750,0.8918,5.2012,-7.1569
42.8159,5.1219,-7.2929,3.1177,0.0220,-0.1150,0.8918,5.2012,-7.1569
42.8269,5.1216,-7.2929,3.1163,0.0220,-0.1150,0.9005,5.2012,-7.1569
42.8342,5.1213,-7.2929,3.1149,0.0220,-0.1150,0.9005,5.2012,-7.1569
42.8451,5.1211,-7.2929,3.1135,0.0220,-0.1150,0.9005,5.2029,-7.1585
42.8542,5.1209,-7.2929,3.1121,0.0220,-0.1150,0.9005,5.2029,-7.1585
42.8644,5.1209,-7.2929,3.1121,0.0220,-0.1150,0.9005,5.2029,-7.1585
42.8747,5.1203,-7.2929,3.1091,0.0220,-0.1150,0.9005,5.2029,-7.1585
42.8844,5.1201,-7.2929,3.1076,0.0220,-0.1150,0.9005,5.2029,-7.1585
42.8954,5.1199,-7.2929,3.1060,0.0220,-0.1150,0.9005,5.2029,-7.1585
42.9045,5.1196,-7.2929,3.1042,0.0220,-0.1150,0.9005,5.2029,-7.1585
42.9152,5.1193,-7.2929,3.1025,0.0220,-0.1150,0.9005,5.2029,-7.1585
42.9241,5.1191,-7.2928,3.1008,0.0241,-0.0700,0.8949,5.2029,-7.1585
42.9342,5.1188,-7.2928,3.0990,0.0241,-0.0700,0.8949,5.2029,-7.1585
42.9440,5.1185,-7.2928,3.0973,0.0241,-0.0700,0.8949,5.2047,-7.1612
42.9543,5.1182,-7.2928,3.0955,0.0241,-0.0700,0.8949,5.2047,-7.1612
42.9649,5.1179,-7.2928,3.0938,0.0241,-0.0700,0.8949,5.2047,-7.1612
42.9749,5.1177,-7.2928,3.0920,0.0241,-0.0700,0.8949,5.2047,-7.1612
42.9846,5.1174,-7.2928,3.0905,0.0241,-0.0700,0.8949,5.2047,-7.1612
42.9960,5.1172,-7.2928,3.0887,0.0241,-0.0700,0.8949,5.2047,-7.1612
43.0043,5.1170,-7.2927,3.0873,0.0241,-0.0700,0.8949,5.2047,-7.1612
43.0153,5.1168,-7.2927,3.0859,0.0241,-0.0700,0.8949,5.2047,-7.1612
43.0265,5.1165,-7.2927,3.0845,0.0224,-0.0027,0.8984,5.2047,-7.1612
43.0358,5.1163,-7.2927,3.0833,0.0224,-0.0027,0.8984,5.2027,-7.1634
43.0449,5.1161,-7.2927,3.0823,0.0224,-0.0027,0.8984,5.2027,-7.1634
43.0541,5.1159,-7.2927,3.0812,0.0224,-0.0027,0.8984,5.2027,-7.1634
43.0641,5.1157,-7.2927,3.0802,0.0224,-0.0027,0.8984,5.2027,-7.1634
43.0753,5.1155,-7.2926,3.0793,0.0224,-0.0027,0.8984,5.2027,-7.1634
43.0846,5.1152,-7.2926,3.0784,0.0224,-0.0027,0.8984,5.2027,-7.1634
43.0950,5.1151,-7.2926,3.0775,0.0224,-0.0027,0.8984,5.2027,-7.1634
43.1042,5.1148,-7.2926,3.0765,0.0224,-0.0027,0.8984,5.2027,-7.1634
43.1146,5.1146,-7.2926,3.0756,0.0224,-0.0027,0.8984,5.2027,-7.1634
43.1245,5.1145,-7.2926,3.0747,0.0224,-0.0027,0.9037,5.2027,-7.1634
43.1347,5.1143,-7.2926,3.0739,0.0223,0.1911,0.9037,5.2011,-7.1643
43.1457,5.1142,-7.2926,3.0730,0.0223,0.1911,0.9037,5.2011,-7.1643
43.1546,5.1140,-7.2926,3.0723,0.0223,0.1911,0.9037,5.2011,-7.1643
43.1642,5.1139,-7.2925,3.0716,0.0223,0.1911,0.9037,5.2011,-7.1643
43.1743,5.1137,-7.2925,3.0711,0.0223,0.1911,0.9037,5.2011,-7.1643
43.1844,5.1136,-7.2925,3.0706,0.0223,0.1911,0.9037,5.2011,-7.1643
43.1949,5.1134,-7.2925,3.0702,0.0223,0.1911,0.9037,5.2011,-7.1643
43.2045,5.1133,-7.2925,3.0699,0.0223,0.1911,0.9037,5.2011,-7.1643
43.2150,5.1131,-7.2925,3.0695,0.0223,0.1911,0.9037,5.2011,-7.1643
43.2261,5.1130,-7.2925,3.0692,0.0234,0.2206,0.8984,5.2011,-7.1643
43.2346,5.1129,-7.2925,3.0690,0.0234,0.2206,0.8984,5.2011,-7.1643
43.2449,5.1128,-7.2925,3.0688,0.0234,0.2206,0.8984,5.2043,-7.1626
43.2544,5.1127,-7.2925,3.0686,0.0234,0.2206,0.8984,5.2043,-7.1626
43.2654,5.1127,-7.2925,3.0685,0.0234,0.2206,0.8984,5.2043,-7.1626
43.2750,5.1127,-7.2925,3.0685,0.0234,0.2206,0.8984,5.2043,-7.1626
43.2847,5.1127,-7.2925,3.0685,0.0234,0.2206,0.8984,5.2043,-7.1626
43.2975,5.1127,-7.2925,3.0685,0.0234,0.2206,0.8984,5.2043,-7.1626
43.3042,5.1127,-7.2925,3.0686,0.0234,0.2206,0.8984,5.2043,-7.1626
43.3157,5.1121,-7.2924,3.0688,0.0234,0.2206,0.8984,5.2043,-7.1626
43.3265,5.1120,-7.2924,3.0692,0.0234,0.2206,0.8984,5.2043,-7.1626
43.3349,5.1119,-7.2924,3.0693,0.0232,0.2461,0.9001,5.2043,-7.1626
43.3445,5.1118,-7.2924,3.0697,0.0232,0.2461,0.9001,5.2043,-7.1626
43.3541,5.1117,-7.2924,3.0699,0.0232,0.2461,0.9001,5.2038,-7.1592
43.3640,5.1116,-7.2924,3.0702,0.0232,0.2461,0.9001,5.2038,-7.1592
43.3740,5.1116,-7.2924,3.0707,0.0232,0.2461,0.9001,5.2038,-7.1592
43.3843,5.1115,-7.2924,3.0713,0.0232,0.2461,0.9001,5.2038,-7.1592
43.3947,5.1115,-7.2924,3.0721,0.0232,0.2461,0.9001,5.2038,-7.1592
43.4040,5.1114,-7.2924,3.0730,0.0232,0.2461,0.9001,5.2038,-7.1592
43.4143,5.1114,-7.2924,3.0740,0.0232,0.2461,0.9001,5.2038,-7.1592
43.4262,5.1113,-7.2924,3.0751,0.0224,0.2543,0.8992,5.2038,-7.1592
43.4342,5.1112,-7.2923,3.0765,0.0224,0.2543,0.8992,5.2038,-7.1592
43.4454,5.1111,-7.2923,3.0779,0.0224,0.2543,0.8992,5.2055,-7.1576
43.4550,5.1109,-7.2923,3.0793,0.0224,0.2543,0.8992,5.2055,-7.1576
43.4649,5.1108,-7.2923,3.0809,0.0224,0.2543,0.8992,5.2055,-7.1576
43.4747,5.1107,-7.2923,3.0824,0.0224,0.2543,0.8992,5.2055,-7.1576
43.4847,5.1105,-7.2923,3.0840,0.0224,0.2543,0.8992,5.2055,-7.1576
43.4950,5.1104,-7.2923,3.0856,0.0224,0.2543,0.8992,5.2055,-7.1576
43.5070,5.1103,-7.2923,3.0871,0.0224,0.2543,0.8992,5.2055,-7.1576
43.5149,5.1102,-7.2923,3.0885,0.0224,0.2543,0.8992,5.2055,-7.1576
43.5277,5.1100,-7.2923,3.0899,0.0213,0.2367,0.8982,5.2055,-7.1576
43.5347,5.1098,-7.2923,3.0913,0.0213,0.2367,0.8982,5.2055,-7.1576
43.5447,5.1097,-7.2923,3.0927,0.0213,0.2367,0.8982,5.2051,-7.1570
43.5542,5.1095,-7.2923,3.0939,0.0213,0.2367,0.8982,5.2051,-7.1570
43.5663,5.1093,-7.2922,3.0952,0.0213,0.2367,0.8982,5.2051,-7.1570
43.5756,5.1091,-7.2922,3.0964,0.0213,0.2367,0.8982,5.2051,-7.1570
43.5855,5.1089,-7.2922,3.0974,0.0213,0.2367,0.8982,5.2051,-7.1570
43.5950,5.1088,-7.2922,3.0987,0.0213,0.2367,0.8982,5.2051,-7.1570
43.6042,5.1086,-7.2922,3.0997,0.0213,0.2367,0.8982,5.2051,-7.1570
43.6142,5.1084,-7.2922,3.1008,0.0213,0.2367,0.8982,5.2051,-7.1570
43.6244,5.1082,-7.2922,3.1018,0.0229,0.2346,0.9021,5.2051,-7.1570
43.6357,5.1081,-7.2922,3.1028,0.0229,0.2346,0.9021,5.2051,-7.1570
43.6451,5.1079,-7.2922,3.1039,0.0229,0.2346,0.9021,5.2046,-7.1562
43.6552,5.1077,-7.2922,3.1051,0.0229,0.2346,0.9021,5.2046,-7.1562
43.6661,5.1076,-7.2922,3.1062,0.0229,0.2346,0.9021,5.2046,-7.1562
43.6755,5.1074,-7.2922,3.1074,0.0229,0.2346,0.9021,5.2046,-7.1562
43.6846,5.1072,-7.2922,3.1086,0.0229,0.2346,0.9021,5.2046,-7.1562
43.6950,5.1071,-7.2922,3.1098,0.0229,0.2346,0.9021,5.2046,-7.1562
43.7054,5.1069,-7.2922,3.1112,0.0229,0.2346,0.9021,5.2046,-7.1562
43.7147,5.1067,-7.2921,3.1126,0.0229,0.2346,0.9021,5.2046,-7.1562
43.7252,5.1066,-7.2921,3.1142,0.0231,0.2078,0.8972,5.2046,-7.1562
43.7357,5.1064,-7.2921,3.1156,0.0231,0.2078,0.8972,5.2046,-7.1562
43.7456,5.1062,-7.2921,3.1172,0.0231,0.2078,0.8972,5.2069,-7.1560
43.7541,5.1060,-7.2921,3.1187,0.0231,0.2078,0.8972,5.2069,-7.1560
43.7657,5.1058,-7.2921,3.1203,0.0231,0.2078,0.8972,5.2069,-7.1560
43.7744,5.1056,-7.2921,3.1219,0.0231,0.2078,0.8972,5.2069,-7.1560
43.7847,5.1054,-7.2921,3.1236,0.0231,0.2078,0.8972,5.2069,-7.1560
43.7948,5.1052,-7.2921,3.1252,0.0231,0.2078,0.8972,5.2069,-7.1560
43.8048,5.1050,-7.2921,3.1268,0.0231,0.2078,0.8972,5.2069,-7.1560
43.8149,5.1048,-7.2921,3.1283,0.0231,0.2078,0.8972,5.2069,-7.1560
43.8259,5.1045,-7.2921,3.1297,0.0238,0.1447,0.8973,5.2069,-7.1560
43.8347,5.1042,-7.2921,3.1311,0.0238,0.1447,0.8973,5.2078,-7.1545
43.8446,5.1040,-7.2921,3.1325,0.0238,0.1447,0.8973,5.2078,-7.1545
43.8540,5.1037,-7.2921,3.1337,0.0238,0.1447,0.8973,5.2078,-7.1545
43.8643,5.1034,-7.2921,3.1351,0.0238,0.1447,0.8973,5.2078,-7.1545
43.8742,5.1031,-7.2921,3.1364,0.0238,0.1447,0.8973,5.2078,-7.1545
43.8843,5.1028,-7.2921,3.1376,0.0238,0.1447,0.8973,5.2078,-7.1545
43.8943,5.1025,-7.2921,3.1388,0.0238,0.1447,0.8973,5.2078,-7.1545
43.9040,5.1022,-7.2921,3.1400,0.0238,0.1447,0.8973,5.2078,-7.1545
43.9149,5.1019,-7.2921,3.1414,0.0238,0.1447,0.8973,5.2078,-7.1545
43.9249,5.1016,-7.2921,-3.1404,0.0238,0.1447,0.8823,5.2078,-7.1545
43.9347,5.1012,-7.2921,-3.1391,0.0233,0.1094,0.8823,5.2094,-7.1535
43.9444,5.1009,-7.2921,-3.1378,0.0233,0.1094,0.8823,5.2094,-7.1535
43.9552,5.1006,-7.2921,-3.1364,0.0233,0.1094,0.8823,5.2094,-7.1535
43.9643,5.1003,-7.2921,-3.1351,0.0233,0.1094,0.8823,5.2094,-7.1535
43.9743,5.1000,-7.2921,-3.1337,0.0233,0.1094,0.8823,5.2094,-7.1535
43.9847,5.0998,-7.2921,-3.1325,0.0233,0.1094,0.8823,5.2094,-7.1535
43.9944,5.0995,-7.2921,-3.1313,0.0233,0.1094,0.8823,5.2094,-7.1535
44.0042,5.0992,-7.2921,-3.1299,0.0233,0.1094,0.8823,5.2094,-7.1535
44.0206,5.0990,-7.2921,-3.1289,0.0233,0.1094,0.8823,5.2094,-7.1535
44.0255,5.0987,-7.2921,-3.1276,0.0232,0.0463,0.8939,5.2094,-7.1535
44.0372,5.0985,-7.2921,-3.1264,0.0232,0.0463,0.8939,5.2094,-7.1516
44.0450,5.0983,-7.2921,-3.1254,0.0232,0.0463,0.8939,5.2094,-7.1516
44.0555,5.0981,-7.2921,-3.1243,0.0232,0.0463,0.8939,5.2094,-7.1516
44.0651,5.0979,-7.2921,-3.1233,0.0232,0.0463,0.8939,5.2094,-7.1516
44.0746,5.0977,-7.2921,-3.1222,0.0232,0.0463,0.8939,5.2094,-7.1516
44.0856,5.0975,-7.2921,-3.1213,0.0232,0.0463,0.8939,5.2094,-7.1516
44.0963,5.0973,-7.2921,-3.1203,0.0232,0.0463,0.8939,5.2094,-7.1516
44.1044,5.0970,-7.2921,-3.1193,0.0232,0.0463,0.8939,5.2094,-7.1516
44.1159,5.0969,-7.2921,-3.1182,0.0232,0.0463,0.8939,5.2094,-7.1516
44.1254,5.0967,-7.2921,-3.1172,0.0226,0.0108,0.8950,5.2094,-7.1516
44.1348,5.0964,-7.2921,-3.1161,0.0226,0.0108,0.8950,5.2083,-7.1521
44.1444,5.0962,-7.2922,-3.1151,0.0226,0.0108,0.8950,5.2083,-7.1521
44.1545,5.0960,-7.2922,-3.1142,0.0226,0.0108,0.8950,5.2083,-7.1521
44.1644,5.0959,-7.2922,-3.1133,0.0226,0.0108,0.8950,5.2083,-7.1521
44.1744,5.0957,-7.2922,-3.1124,0.0226,0.0108,0.8950,5.2083,-7.1521
44.1858,5.0955,-7.2922,-3.1116,0.0226,0.0108,0.8950,5.2083,-7.1521
44.1954,5.0952,-7.2922,-3.1109,0.0226,0.0108,0.8950,5.2083,-7.1521
44.2040,5.0951,-7.2922,-3.1102,0.0226,0.0108,0.8950,5.2083,-7.1521
44.2148,5.0949,-7.2922,-3.1095,0.0226,0.0108,0.8950,5.2083,-7.1521
44.2252,5.0947,-7.2922,-3.1088,0.0226,0.0108,0.8951,5.2083,-7.1521
44.2361,5.0945,-7.2922,-3.1083,0.0229,-0.1580,0.8951,5.2085,-7.1507
44.2445,5.0943,-7.2922,-3.1076,0.0229,-0.1580,0.8951,5.2085,-7.1507
44.2540,5.0941,-7.2922,-3.1070,0.0229,-0.1580,0.8951,5.2085,-7.1507
44.2655,5.0938,-7.2922,-3.1065,0.0229,-0.1580,0.8951,5.2085,-7.1507
44.2742,5.0936,-7.2922,-3.1058,0.0229,-0.1580,0.8951,5.2085,-7.1507
44.2850,5.0934,-7.2922,-3.1051,0.0229,-0.1580,0.8951,5.2085,-7.1507
44.2951,5.0932,-7.2922,-3.1044,0.0229,-0.1580,0.8951,5.2085,-7.1507
44.3044,5.0930,-7.2923,-3.1037,0.0229,-0.1580,0.8951,5.2085,-7.1507
44.3152,5.0928,-7.2923,-3.1030,0.0236,-0.2016,0.8951,5.2085,-7.1507
44.3259,5.0926,-7.2923,-3.1021,0.0236,-0.2016,0.9014,5.2085,-7.1507
44.3340,5.0923,-7.2923,-3.1016,0.0236,-0.2016,0.9014,5.2064,-7.1515
44.3464,5.0921,-7.2923,-3.1009,0.0236,-0.2016,0.9014,5.2064,-7.1515
44.3539,5.0919,-7.2923,-3.1004,0.0236,-0.2016,0.9014,5.2064,-7.1515
44.3647,5.0917,-7.2923,-3.0999,0.0236,-0.2016,0.9014,5.2064,-7.1515
44.3765,5.0914,-7.2923,-3.0994,0.0236,-0.2016,0.9014,5.2064,-7.1515
44.3865,5.0912,-7.2923,-3.0990,0.0236,-0.2016,0.9014,5.2064,-7.1515
44.3950,5.0910,-7.2923,-3.0988,0.0236,-0.2016,0.9014,5.2064,-7.1515
44.4039,5.0908,-7.2923,-3.0987,0.0236,-0.2016,0.9014,5.2064,-7.1515
44.4155,5.0906,-7.2924,-3.0985,0.0224,-0.2162,0.9014,5.2064,-7.1515
44.4242,5.0904,-7.2924,-3.0985,0.0224,-0.2162,0.8850,5.2064,-7.1515
44.4363,5.0902,-7.2924,-3.0987,0.0224,-0.2162,0.8850,5.2064,-7.1515
44.4445,5.0901,-7.2924,-3.0987,0.0224,-0.2162,0.8850,5.2059,-7.1521
44.4542,5.0899,-7.2924,-3.0988,0.0224,-0.2162,0.8850,5.2059,-7.1521
44.4647,5.0898,-7.2924,-3.0990,0.0224,-0.2162,0.8850,5.2059,-7.1521
44.4749,5.0898,-7.2924,-3.0994,0.0224,-0.2162,0.8850,5.2059,-7.1521
44.4886,5.0897,-7.2924,-3.0999,0.0224,-0.2162,0.8850,5.2059,-7.1521
44.4949,5.0897,-7.2924,-3.1006,0.0224,-0.2162,0.8850,5.2059,-7.1521
44.5052,5.0896,-7.2924,-3.1013,0.0224,-0.2162,0.8850,5.2059,-7.1521
44.5155,5.0896,-7.2924,-3.1021,0.0222,-0.2130,0.8850,5.2059,-7.1521
44.5256,5.0895,-7.2924,-3.1030,0.0222,-0.2130,0.8996,5.2054,-7.1523
44.5350,5.0895,-7.2924,-3.1039,0.0222,-0.2130,0.8996,5.2054,-7.1523
44.5446,5.0894,-7.2924,-3.1046,0.0222,-0.2130,0.8996,5.2054,-7.1523
44.5554,5.0893,-7.2924,-3.1055,0.0222,-0.2130,0.8996,5.2054,-7.1523
44.5680,5.0892,-7.2924,-3.1062,0.0222,-0.2130,0.8996,5.2054,-7.1523
44.5752,5.0891,-7.2924,-3.1069,0.0222,-0.2130,0.8996,5.2054,-7.1523
44.5845,5.0891,-7.2924,-3.1077,0.0222,-0.2130,0.8996,5.2054,-7.1523
44.5947,5.0890,-7.2924,-3.1084,0.0222,-0.2130,0.8996,5.2054,-7.1523
44.6053,5.0889,-7.2924,-3.1090,0.0222,-0.2130,0.8996,5.2054,-7.1523
44.6191,5.0888,-7.2924,-3.1097,0.0231,-0.2088,0.9001,5.2054,-7.1523
44.6277,5.0887,-7.2924,-3.1104,0.0231,-0.2088,0.9001,5.2054,-7.1523
44.6356,5.0887,-7.2924,-3.1110,0.0231,-0.2088,0.9001,5.2023,-7.1545
44.6451,5.0887,-7.2924,-3.1117,0.0231,-0.2088,0.9001,5.2023,-7.1545
44.6541,5.0884,-7.2924,-3.1124,0.0231,-0.2088,0.9001,5.2023,-7.1545
44.6650,5.0883,-7.2924,-3.1133,0.0231,-0.2088,0.9001,5.2023,-7.1545
44.6753,5.0882,-7.2924,-3.1140,0.0231,-0.2088,0.9001,5.2023,-7.1545
44.6844,5.0880,-7.2924,-3.1149,0.0231,-0.2088,0.9001,5.2023,-7.1545
44.6946,5.0879,-7.2925,-3.1159,0.0231,-0.2088,0.9001,5.2023,-7.1545
44.7050,5.0877,-7.2925,-3.1168,0.0231,-0.2088,0.9001,5.2023,-7.1545
44.7162,5.0876,-7.2925,-3.1180,0.0234,-0.1851,0.9001,5.2023,-7.1545
44.7242,5.0874,-7.2925,-3.1191,0.0234,-0.1851,0.9015,5.2023,-7.1545
44.7356,5.0872,-7.2925,-3.1203,0.0234,-0.1851,0.9015,5.2023,-7.1545
44.7470,5.0870,-7.2925,-3.1215,0.0234,-0.1851,0.9015,5.2015,-7.1553
44.7550,5.0867,-7.2925,-3.1229,0.0234,-0.1851,0.9015,5.2015,-7.1553
44.7645,5.0865,-7.2925,-3.1243,0.0234,-0.1851,0.9015,5.2015,-7.1553
44.7742,5.0863,-7.2925,-3.1257,0.0234,-0.1851,0.9015,5.2015,-7.1553
44.7844,5.0861,-7.2925,-3.1271,0.0234,-0.1851,0.9015,5.2015,-7.1553
44.7947,5.0859,-7.2925,-3.1287,0.0234,-0.1851,0.9015,5.2015,-7.1553
44.8048,5.0856,-7.2925,-3.1301,0.0234,-0.1851,0.9015,5.2015,-7.1553
44.8147,5.0854,-7.2925,-3.1315,0.0234,-0.1851,0.9015,5.2015,-7.1553
44.8250,5.0852,-7.2925,-3.1329,0.0228,-0.1527,0.9003,5.2015,-7.1553
44.8348,5.0850,-7.2925,-3.1343,0.0228,-0.1527,0.9003,5.2015,-7.1553
44.8454,5.0847,-7.2925,-3.1355,0.0228,-0.1527,0.9003,5.2011,-7.1555
44.8554,5.0845,-7.2925,-3.1369,0.0228,-0.1527,0.9003,5.2011,-7.1555
44.8648,5.0843,-7.2925,-3.1381,0.0228,-0.1527,0.9003,5.2011,-7.1555
44.8749,5.0841,-7.2925,-3.1393,0.0228,-0.1527,0.9003,5.2011,-7.1555
44.8848,5.0839,-7.2925,-3.1405,0.0228,-0.1527,0.9003,5.2011,-7.1555
44.8950,5.0838,-7.2925,3.1414,0.0228,-0.1527,0.9003,5.2011,-7.1555
44.9057,5.0835,-7.2925,3.1400,0.0228,-0.1527,0.9003,5.2011,-7.1555
44.9151,5.0833,-7.2925,3.1388,0.0234,-0.1473,0.9003,5.2011,-7.1555
44.9246,5.0831,-7.2925,3.1374,0.0234,-0.1473,0.8957,5.2011,-7.1555
44.9344,5.0829,-7.2925,3.1360,0.0234,-0.1473,0.8957,5.2025,-7.1529
44.9466,5.0826,-7.2925,3.1360,0.0234,-0.1473,0.8957,5.2025,-7.1529
44.9546,5.0824,-7.2925,3.1346,0.0234,-0.1473,0.8957,5.2025,-7.1529
44.9647,5.0821,-7.2925,3.1334,0.0234,-0.1473,0.8957,5.2025,-7.1529
44.9746,5.0819,-7.2925,3.1320,0.0234,-0.1473,0.8957,5.2025,-7.1529
44.9847,5.0816,-7.2925,3.1306,0.0234,-0.1473,0.8957,5.2025,-7.1529
44.9950,5.0814,-7.2925,3.1294,0.0234,-0.1473,0.8957,5.2025,-7.1529
45.0043,5.0812,-7.2925,3.1280,0.0234,-0.1473,0.8957,5.2025,-7.1529
45.0201,5.0810,-7.2925,3.1268,0.0235,-0.0808,0.8974,5.2025,-7.1529
45.0248,5.0808,-7.2925,3.1255,0.0235,-0.0808,0.8974,5.2025,-7.1529
45.0349,5.0806,-7.2925,3.1243,0.0235,-0.0808,0.8974,5.2025,-7.1529
45.0448,5.0804,-7.2925,3.1233,0.0235,-0.0808,0.8974,5.2035,-7.1504
45.0544,5.0802,-7.2925,3.1222,0.0235,-0.0808,0.8974,5.2035,-7.1504
45.0648,5.0800,-7.2925,3.1212,0.0235,-0.0808,0.8974,5.2035,-7.1504
45.0750,5.0798,-7.2925,3.1201,0.0235,-0.0808,0.8974,5.2035,-7.1504
45.0863,5.0797,-7.2925,3.1193,0.0235,-0.0808,0.8974,5.2035,-7.1504
45.0950,5.0795,-7.2925,3.1182,0.0235,-0.0808,0.8974,5.2035,-7.1504
45.1044,5.0793,-7.2925,3.1173,0.0235,-0.0808,0.8974,5.2035,-7.1504
45.1153,5.0791,-7.2924,3.1163,0.0235,-0.0808,0.8974,5.2035,-7.1504
45.1263,5.0789,-7.2924,3.1154,0.0227,-0.0455,0.8929,5.2035,-7.1504
45.1361,5.0788,-7.2924,3.1145,0.0227,-0.0455,0.8929,5.2035,-7.1504
45.1450,5.0786,-7.2924,3.1137,0.0227,-0.0455,0.8929,5.2004,-7.1504
45.1546,5.0784,-7.2924,3.1128,0.0227,-0.0455,0.8929,5.2004,-7.1504
45.1646,5.0782,-7.2924,3.1119,0.0227,-0.0455,0.8929,5.2004,-7.1504
45.1745,5.0780,-7.2924,3.1110,0.0227,-0.0455,0.8929,5.2004,-7.1504
45.1854,5.0778,-7.2924,3.1102,0.0227,-0.0455,0.8929,5.2004,-7.1504
45.1957,5.0776,-7.2924,3.1093,0.0227,-0.0455,0.8929,5.2004,-7.1504
45.2054,5.0774,-7.2924,3.1084,0.0227,-0.0455,0.8929,5.2004,-7.1504
45.2145,5.0772,-7.2924,3.1076,0.0227,-0.0455,0.8929,5.2004,-7.1504
45.2249,5.0771,-7.2924,3.1067,0.0227,-0.0455,0.8957,5.2004,-7.1504
45.2351,5.0769,-7.2924,3.1058,0.0232,0.1044,0.8957,5.1997,-7.1512
45.2446,5.0767,-7.2924,3.1049,0.0232,0.1044,0.8957,5.1997,-7.1512
45.2548,5.0765,-7.2924,3.1042,0.0232,0.1044,0.8957,5.1997,-7.1512
45.2650,5.0763,-7.2924,3.1035,0.0232,0.1044,0.8957,5.1997,-7.1512
45.2750,5.0761,-7.2923,3.1028,0.0232,0.1044,0.8957,5.1997,-7.1512
45.2852,5.0760,-7.2923,3.1023,0.0232,0.1044,0.8957,5.1997,-7.1512
45.2950,5.0758,-7.2923,3.1016,0.0232,0.1044,0.8957,5.1997,-7.1512
45.3043,5.0756,-7.2923,3.1011,0.0232,0.1044,0.8957,5.1997,-7.1512
45.3173,5.0754,-7.2923,3.1004,0.0232,0.1044,0.8957,5.1997,-7.1512
45.3265,5.0752,-7.2923,3.0999,0.0240,0.1583,0.8991,5.1997,-7.1512
45.3355,5.0750,-7.2923,3.0994,0.0240,0.1583,0.8991,5.1987,-7.1522
45.3453,5.0748,-7.2923,3.0990,0.0240,0.1583,0.8991,5.1987,-7.1522
45.3543,5.0746,-7.2923,3.0985,0.0240,0.1583,0.8991,5.1987,-7.1522
45.3648,5.0745,-7.2923,3.0980,0.0240,0.1583,0.8991,5.1987,-7.1522
45.3750,5.0743,-7.2923,3.0976,0.0240,0.1583,0.8991,5.1987,-7.1522
45.3855,5.0741,-7.2923,3.0973,0.0240,0.1583,0.8991,5.1987,-7.1522
45.3950,5.0739,-7.2923,3.0969,0.0240,0.1583,0.8991,5.1987,-7.1522
45.4045,5.0737,-7.2922,3.0967,0.0240,0.1583,0.8991,5.1987,-7.1522
45.4150,5.0736,-7.2922,3.0966,0.0240,0.1583,0.8991,5.1987,-7.1522
45.4260,5.0734,-7.2922,3.0964,0.0231,0.1387,0.9029,5.1987,-7.1522
45.4351,5.0732,-7.2922,3.0962,0.0231,0.1387,0.9029,5.1995,-7.1523
45.4449,5.0731,-7.2922,3.0960,0.0231,0.1387,0.9029,5.1995,-7.1523
45.4569,5.0729,-7.2922,3.0959,0.0231,0.1387,0.9029,5.1995,-7.1523
45.4651,5.0727,-7.2922,3.0957,0.0231,0.1387,0.9029,5.1995,-7.1523
45.4747,5.0727,-7.2922,3.0959,0.0231,0.1387,0.9029,5.1995,-7.1523
45.4848,5.0726,-7.2922,3.0962,0.0231,0.1387,0.9029,5.1995,-7.1523
45.4965,5.0725,-7.2922,3.0969,0.0231,0.1387,0.9029,5.1995,-7.1523
45.5048,5.0724,-7.2922,3.0978,0.0231,0.1387,0.9029,5.1995,-7.1523
45.5178,5.0723,-7.2922,3.0988,0.0231,0.1387,0.9029,5.1995,-7.1523
45.5260,5.0722,-7.2922,3.0999,0.0230,0.1346,0.8887,5.1995,-7.1523
45.5351,5.0721,-7.2922,3.1011,0.0230,0.1346,0.8887,5.1995,-7.1523
45.5485,5.0720,-7.2922,3.1023,0.0230,0.1346,0.8887,5.1970,-7.1522
45.5564,5.0719,-7.2922,3.1035,0.0230,0.1346,0.8887,5.1970,-7.1522
45.5648,5.0717,-7.2922,3.1046,0.0230,0.1346,0.8887,5.1970,-7.1522
45.5761,5.0717,-7.2922,3.1056,0.0230,0.1346,0.8887,5.1970,-7.1522
45.5842,5.0716,-7.2922,3.1067,0.0230,0.1346,0.8887,5.1970,-7.1522
45.5957,5.0715,-7.2922,3.1077,0.0230,0.1346,0.8887,5.1970,-7.1522
45.6042,5.0714,-7.2921,3.1084,0.0230,0.1346,0.8887,5.1970,-7.1522
45.6154,5.0713,-7.2921,3.1091,0.0230,0.1346,0.9025,5.1970,-7.1522
45.6245,5.0713,-7.2921,3.1098,0.0232,0.1397,0.9025,5.1970,-7.1522
45.6353,5.0712,-7.2921,3.1104,0.0232,0.1397,0.9025,5.1970,-7.1522
45.6443,5.0712,-7.2921,3.1107,0.0232,0.1397,0.9025,5.1992,-7.1533
45.6542,5.0711,-7.2921,3.1110,0.0232,0.1397,0.9025,5.1992,-7.1533
45.6657,5.0710,-7.2921,3.1112,0.0232,0.1397,0.9025,5.1992,-7.1533
45.6750,5.0710,-7.2921,3.1116,0.0232,0.1397,0.9025,5.1992,-7.1533
45.6858,5.0709,-7.2921,3.1117,0.0232,0.1397,0.9025,5.1992,-7.1533
45.6943,5.0708,-7.2921,3.1121,0.0232,0.1397,0.9025,5.1992,-7.1533
45.7045,5.0707,-7.2921,3.1124,0.0232,0.1397,0.9025,5.1992,-7.1533
45.7149,5.0705,-7.2921,3.1126,0.0232,0.1397,0.9025,5.1992,-7.1533
45.7247,5.0705,-7.2921,3.1131,0.0223,0.1028,0.8994,5.1992,-7.1533
45.7344,5.0704,-7.2921,3.1135,0.0223,0.1028,0.8994,5.1998,-7.1550
45.7444,5.0702,-7.2921,3.1140,0.0223,0.1028,0.8994,5.1998,-7.1550
45.7548,5.0701,-7.2921,3.1145,0.0223,0.1028,0.8994,5.1998,-7.1550
45.7647,5.0700,-7.2921,3.1152,0.0223,0.1028,0.8994,5.1998,-7.1550
45.7751,5.0699,-7.2921,3.1159,0.0223,0.1028,0.8994,5.1998,-7.1550
45.7844,5.0698,-7.2921,3.1166,0.0223,0.1028,0.8994,5.1998,-7.1550
45.7945,5.0696,-7.2921,3.1173,0.0223,0.1028,0.8994,5.1998,-7.1550
45.8066,5.0695,-7.2921,3.1182,0.0223,0.1028,0.8994,5.1998,-7.1550
45.8146,5.0693,-7.2921,3.1191,0.0223,0.1028,0.8994,5.1998,-7.1550
45.8246,5.0692,-7.2921,3.1200,0.0223,0.1028,0.8995,5.1998,-7.1550
45.8348,5.0691,-7.2921,3.1210,0.0230,0.1365,0.8995,5.1961,-7.1547
45.8457,5.0689,-7.2921,3.1219,0.0230,0.1365,0.8995,5.1961,-7.1547
45.8552,5.0687,-7.2921,3.1229,0.0230,0.1365,0.8995,5.1961,-7.1547
45.8643,5.0685,-7.2921,3.1240,0.0230,0.1365,0.8995,5.1961,-7.1547
45.8745,5.0683,-7.2921,3.1248,0.0230,0.1365,0.8995,5.1961,-7.1547
45.8846,5.0682,-7.2921,3.1259,0.0230,0.1365,0.8995,5.1961,-7.1547
45.8953,5.0680,-7.2921,3.1269,0.0230,0.1365,0.8995,5.1961,-7.1547
45.9043,5.0678,-7.2921,3.1278,0.0230,0.1365,0.8995,5.1961,-7.1547
45.9154,5.0676,-7.2921,3.1289,0.0230,0.1365,0.8995,5.1961,-7.1547
45.9252,5.0674,-7.2921,3.1297,0.0232,0.0757,0.9007,5.1961,-7.1547
45.9351,5.0671,-7.2921,3.1304,0.0232,0.0757,0.9007,5.1960,-7.1546
45.9447,5.0669,-7.2921,3.1313,0.0232,0.0757,0.9007,5.1960,-7.1546
45.9554,5.0667,-7.2921,3.1320,0.0232,0.0757,0.9007,5.1960,-7.1546
45.9649,5.0665,-7.2921,3.1329,0.0232,0.0757,0.9007,5.1960,-7.1546
45.9748,5.0663,-7.2920,3.1336,0.0232,0.0757,0.9007,5.1960,-7.1546
45.9865,5.0661,-7.2920,3.1343,0.0232,0.0757,0.9007,5.1960,-7.1546
45.9951,5.0659,-7.2920,3.1348,0.0232,0.0757,0.9007,5.1960,-7.1546
46.0046,5.0657,-7.2920,3.1355,0.0232,0.0757,0.9007,5.1960,-7.1546
46.0148,5.0656,-7.2920,3.1362,0.0232,0.0757,0.8952,5.1960,-7.1546
46.0253,5.0654,-7.2920,3.1367,0.0220,-0.0101,0.8952,5.1960,-7.1546
46.0360,5.0652,-7.2920,3.1372,0.0220,-0.0101,0.8952,5.1946,-7.1541
46.0447,5.0650,-7.2920,3.1378,0.0220,-0.0101,0.8952,5.1946,-7.1541
46.0544,5.0649,-7.2920,3.1383,0.0220,-0.0101,0.8952,5.1946,-7.1541
46.0645,5.0647,-7.2920,3.1386,0.0220,-0.0101,0.8952,5.1946,-7.1541
46.0747,5.0645,-7.2920,3.1391,0.0220,-0.0101,0.8952,5.1946,-7.1541
46.0847,5.0643,-7.2920,3.1395,0.0220,-0.0101,0.8952,5.1946,-7.1541
46.0948,5.0642,-7.2920,3.1400,0.0220,-0.0101,0.8952,5.1946,-7.1541
46.1040,5.0640,-7.2920,3.1404,0.0220,-0.0101,0.8952,5.1946,-7.1541
46.1172,5.0639,-7.2920,3.1409,0.0218,-0.0231,0.8997,5.1946,-7.1541
46.1260,5.0638,-7.2920,3.1414,0.0218,-0.0231,0.8997,5.1919,-7.1540
46.1343,5.0636,-7.2920,-3.1412,0.0218,-0.0231,0.8997,5.1919,-7.1540
46.1446,5.0635,-7.2920,-3.1407,0.0218,-0.0231,0.8997,5.1919,-7.1540
46.1543,5.0633,-7.2920,-3.1402,0.0218,-0.0231,0.8997,5.1919,-7.1540
46.1654,5.0632,-7.2920,-3.1398,0.0218,-0.0231,0.8997,5.1919,-7.1540
46.1740,5.0631,-7.2920,-3.1395,0.0218,-0.0231,0.8997,5.1919,-7.1540
46.1847,5.0629,-7.2920,-3.1390,0.0218,-0.0231,0.8997,5.1919,-7.1540
46.1955,5.0627,-7.2920,-3.1386,0.0218,-0.0231,0.8997,5.1919,-7.1540
46.2045,5.0626,-7.2920,-3.1385,0.0218,-0.0231,0.8997,5.1919,-7.1540
46.2152,5.0624,-7.2920,-3.1381,0.0218,-0.0231,0.8961,5.1919,-7.1540
46.2281,5.0623,-7.2920,-3.1378,0.0218,-0.0231,0.8961,5.1919,-7.1540
46.2368,5.0621,-7.2920,-3.1374,0.0226,0.0856,0.8961,5.1919,-7.1540
46.2448,5.0619,-7.2920,-3.1371,0.0226,0.0856,0.8961,5.1911,-7.1538
46.2544,5.0618,-7.2920,-3.1369,0.0226,0.0856,0.8961,5.1911,-7.1538
46.2646,5.0616,-7.2920,-3.1365,0.0226,0.0856,0.8961,5.1911,-7.1538
46.2749,5.0615,-7.2920,-3.1362,0.0226,0.0856,0.8961,5.1911,-7.1538
46.2848,5.0613,-7.2920,-3.1357,0.0226,0.0856,0.8961,5.1911,-7.1538
46.2978,5.0612,-7.2920,-3.1353,0.0226,0.0856,0.8961,5.1911,-7.1538
46.3046,5.0610,-7.2921,-3.1350,0.0226,0.0856,0.8961,5.1911,-7.1538
46.3198,5.0606,-7.2921,-3.1343,0.0228,0.0396,0.8866,5.1911,-7.1538
46.3242,5.0606,-7.2921,-3.1343,0.0228,0.0396,0.8866,5.1911,-7.1538
46.3342,5.0605,-7.2921,-3.1337,0.0228,0.0396,0.8866,5.1908,-7.1539
46.3445,5.0602,-7.2921,-3.1330,0.0228,0.0396,0.8866,5.1908,-7.1539
46.3549,5.0600,-7.2921,-3.1323,0.0228,0.0396,0.8866,5.1908,-7.1539
46.3675,5.0598,-7.2921,-3.1316,0.0228,0.0396,0.8866,5.1908,-7.1539
46.3750,5.0596,-7.2921,-3.1309,0.0228,0.0396,0.8866,5.1908,-7.1539
46.3849,5.0595,-7.2921,-3.1302,0.0228,0.0396,0.8866,5.1908,-7.1539
46.3951,5.0592,-7.2921,-3.1294,0.0228,0.0396,0.8866,5.1908,-7.1539
46.4055,5.0590,-7.2921,-3.1285,0.0228,0.0396,0.8866,5.1908,-7.1539
46.4203,5.0586,-7.2921,-3.1266,0.0218,0.0302,0.8870,5.1908,-7.1539
46.4271,5.0586,-7.2921,-3.1266,0.0218,0.0302,0.8870,5.1908,-7.1539
46.4343,5.0584,-7.2921,-3.1257,0.0218,0.0302,0.8870,5.1924,-7.1548
46.4448,5.0581,-7.2921,-3.1248,0.0218,0.0302,0.8870,5.1924,-7.1548
46.4548,5.0579,-7.2921,-3.1240,0.0218,0.0302,0.8870,5.1924,-7.1548
46.4651,5.0576,-7.2921,-3.1231,0.0218,0.0302,0.8870,5.1924,-7.1548
46.4759,5.0573,-7.2921,-3.1222,0.0218,0.0302,0.8870,5.1924,-7.1548
46.4844,5.0571,-7.2921,-3.1213,0.0218,0.0302,0.8870,5.1924,-7.1548
46.4948,5.0568,-7.2921,-3.1205,0.0218,0.0302,0.8870,5.1924,-7.1548
46.5068,5.0565,-7.2921,-3.1198,0.0218,0.0302,0.8870,5.1924,-7.1548
46.5177,5.0562,-7.2921,-3.1189,0.0218,0.0302,0.8870,5.1924,-7.1548
46.5249,5.0560,-7.2921,-3.1182,0.0231,0.0445,0.8982,5.1924,-7.1548
46.5347,5.0557,-7.2921,-3.1175,0.0231,0.0445,0.8982,5.1916,-7.1535
46.5450,5.0555,-7.2921,-3.1170,0.0231,0.0445,0.8982,5.1916,-7.1535
46.5556,5.0552,-7.2921,-3.1165,0.0231,0.0445,0.8982,5.1916,-7.1535
46.5645,5.0550,-7.2922,-3.1159,0.0231,0.0445,0.8982,5.1916,-7.1535
46.5754,5.0548,-7.2922,-3.1154,0.0231,0.0445,0.8982,5.1916,-7.1535
46.5851,5.0546,-7.2922,-3.1151,0.0231,0.0445,0.8982,5.1916,-7.1535
46.5958,5.0544,-7.2922,-3.1147,0.0231,0.0445,0.8982,5.1916,-7.1535
46.6042,5.0542,-7.2922,-3.1145,0.0231,0.0445,0.8982,5.1916,-7.1535
46.6168,5.0540,-7.2922,-3.1142,0.0231,0.0445,0.8950,5.1916,-7.1535
46.6247,5.0538,-7.2922,-3.1138,0.0235,0.0750,0.8950,5.1916,-7.1535
46.6360,5.0536,-7.2922,-3.1137,0.0235,0.0750,0.8950,5.1916,-7.1535
46.6459,5.0534,-7.2922,-3.1133,0.0235,0.0750,0.8950,5.1913,-7.1536
46.6550,5.0532,-7.2922,-3.1130,0.0235,0.0750,0.8950,5.1913,-7.1536
46.6654,5.0531,-7.2922,-3.1126,0.0235,0.0750,0.8950,5.1913,-7.1536
46.6747,5.0529,-7.2922,-3.1123,0.0235,0.0750,0.8950,5.1913,-7.1536
46.6849,5.0528,-7.2922,-3.1119,0.0235,0.0750,0.8950,5.1913,-7.1536
46.6975,5.0526,-7.2922,-3.1116,0.0235,0.0750,0.8950,5.1913,-7.1536
46.7048,5.0525,-7.2922,-3.1110,0.0235,0.0750,0.8950,5.1913,-7.1536
46.7175,5.0523,-7.2922,-3.1107,0.0235,0.0750,0.8976,5.1913,-7.1536
46.7257,5.0522,-7.2922,-3.1102,0.0235,0.0714,0.8976,5.1913,-7.1536
46.7350,5.0521,-7.2922,-3.1098,0.0235,0.0714,0.8976,5.1889,-7.1529
46.7445,5.0519,-7.2922,-3.1091,0.0235,0.0714,0.8976,5.1889,-7.1529
46.7541,5.0517,-7.2922,-3.1086,0.0235,0.0714,0.8976,5.1889,-7.1529
46.7642,5.0515,-7.2923,-3.1081,0.0235,0.0714,0.8976,5.1889,-7.1529
46.7747,5.0514,-7.2923,-3.1074,0.0235,0.0714,0.8976,5.1889,-7.1529
46.7842,5.0512,-7.2923,-3.1069,0.0235,0.0714,0.8976,5.1889,-7.1529
46.7950,5.0510,-7.2923,-3.1062,0.0235,0.0714,0.8976,5.1889,-7.1529
46.8043,5.0508,-7.2923,-3.1055,0.0235,0.0714,0.8976,5.1889,-7.1529
46.8150,5.0506,-7.2923,-3.1048,0.0235,0.0714,0.8918,5.1889,-7.1529
46.8250,5.0504,-7.2923,-3.1042,0.0233,0.0792,0.8918,5.1889,-7.1529
46.8346,5.0501,-7.2923,-3.1035,0.0233,0.0792,0.8918,5.1877,-7.1528
46.8447,5.0500,-7.2923,-3.1028,0.0233,0.0792,0.8918,5.1877,-7.1528
46.8553,5.0497,-7.2923,-3.1020,0.0233,0.0792,0.8918,5.1877,-7.1528
46.8643,5.0495,-7.2923,-3.1013,0.0233,0.0792,0.8918,5.1877,-7.1528
46.8743,5.0492,-7.2923,-3.1004,0.0233,0.0792,0.8918,5.1877,-7.1528
46.8847,5.0490,-7.2923,-3.0997,0.0233,0.0792,0.8918,5.1877,-7.1528
46.8953,5.0488,-7.2924,-3.0988,0.0233,0.0792,0.8918,5.1877,-7.1528
46.9051,5.0485,-7.2924,-3.0980,0.0233,0.0792,0.8918,5.1877,-7.1528
46.9151,5.0482,-7.2924,-3.0971,0.0222,0.0783,0.8850,5.1877,-7.1528
46.9249,5.0480,-7.2924,-3.0962,0.0222,0.0783,0.8850,5.1877,-7.1528
46.9341,5.0477,-7.2924,-3.0955,0.0222,0.0783,0.8850,5.1859,-7.1518
46.9450,5.0475,-7.2924,-3.0946,0.0222,0.0783,0.8850,5.1859,-7.1518
46.9543,5.0472,-7.2924,-3.0939,0.0222,0.0783,0.8850,5.1859,-7.1518
46.9647,5.0470,-7.2924,-3.0931,0.0222,0.0783,0.8850,5.1859,-7.1518
46.9748,5.0467,-7.2924,-3.0924,0.0222,0.0783,0.8850,5.1859,-7.1518
46.9848,5.0465,-7.2925,-3.0915,0.0222,0.0783,0.8850,5.1859,-7.1518
46.9948,5.0463,-7.2925,-3.0906,0.0222,0.0783,0.8850,5.1859,-7.1518
47.0044,5.0460,-7.2925,-3.0896,0.0222,0.0783,0.8850,5.1859,-7.1518
47.0166,5.0458,-7.2925,-3.0887,0.0219,0.0675,0.8927,5.1859,-7.1518
47.0248,5.0455,-7.2925,-3.0877,0.0219,0.0675,0.8927,5.1859,-7.1518
47.0344,5.0453,-7.2925,-3.0868,0.0219,0.0675,0.8927,5.1837,-7.1537
47.0456,5.0451,-7.2925,-3.0857,0.0219,0.0675,0.8927,5.1837,-7.1537
47.0545,5.0448,-7.2926,-3.0849,0.0219,0.0675,0.8927,5.1837,-7.1537
47.0650,5.0446,-7.2926,-3.0840,0.0219,0.0675,0.8927,5.1837,-7.1537
47.0754,5.0443,-7.2926,-3.0831,0.0219,0.0675,0.8927,5.1837,-7.1537
47.0847,5.0441,-7.2926,-3.0831,0.0219,0.0675,0.8927,5.1837,-7.1537
47.0960,5.0438,-7.2926,-3.0824,0.0219,0.0675,0.8927,5.1837,-7.1537
47.1044,5.0436,-7.2926,-3.0817,0.0219,0.0675,0.8927,5.1837,-7.1537
47.1162,5.0434,-7.2926,-3.0810,0.0223,0.0655,0.8909,5.1837,-7.1537
47.1248,5.0432,-7.2926,-3.0803,0.0223,0.0655,0.8909,5.1837,-7.1537
47.1348,5.0429,-7.2927,-3.0796,0.0223,0.0655,0.8909,5.1804,-7.1538
47.1449,5.0427,-7.2927,-3.0791,0.0223,0.0655,0.8909,5.1804,-7.1538
47.1616,5.0425,-7.2927,-3.0784,0.0223,0.0655,0.8909,5.1804,-7.1538
47.1668,5.0423,-7.2927,-3.0779,0.0223,0.0655,0.8909,5.1804,-7.1538
47.1748,5.0421,-7.2927,-3.0772,0.0223,0.0655,0.8909,5.1804,-7.1538
47.1850,5.0419,-7.2927,-3.0767,0.0223,0.0655,0.8909,5.1804,-7.1538
47.1949,5.0417,-7.2927,-3.0761,0.0223,0.0655,0.8909,5.1804,-7.1538
47.2044,5.0416,-7.2928,-3.0756,0.0223,0.0655,0.8909,5.1804,-7.1538
47.2170,5.0414,-7.2928,-3.0751,0.0223,0.0655,0.8986,5.1804,-7.1538
47.2251,5.0413,-7.2928,-3.0746,0.0224,0.0130,0.8986,5.1804,-7.1538
47.2352,5.0411,-7.2928,-3.0740,0.0224,0.0130,0.8986,5.1763,-7.1562
47.2453,5.0410,-7.2928,-3.0735,0.0224,0.0130,0.8986,5.1763,-7.1562
47.2543,5.0409,-7.2928,-3.0730,0.0224,0.0130,0.8986,5.1763,-7.1562
47.2645,5.0407,-7.2928,-3.0725,0.0224,0.0130,0.8986,5.1763,-7.1562
47.2745,5.0405,-7.2928,-3.0720,0.0224,0.0130,0.8986,5.1763,-7.1562
47.2848,5.0404,-7.2928,-3.0714,0.0224,0.0130,0.8986,5.1763,-7.1562
47.2948,5.0402,-7.2928,-3.0711,0.0224,0.0130,0.8986,5.1763,-7.1562
47.3040,5.0401,-7.2929,-3.0706,0.0224,0.0130,0.8986,5.1763,-7.1562
47.3206,5.0399,-7.2929,-3.0697,0.0224,0.0130,0.8970,5.1747,-7.1562
47.3247,5.0399,-7.2929,-3.0697,0.0224,0.0130,0.8970,5.1747,-7.1562
47.3360,5.0397,-7.2929,-3.0693,0.0224,0.0130,0.8970,5.1747,-7.1562
47.3454,5.0396,-7.2929,-3.0690,0.0234,-0.1155,0.8970,5.1747,-7.1562
47.3543,5.0395,-7.2929,-3.0686,0.0234,-0.1155,0.8970,5.1747,-7.1562
47.3744,5.0392,-7.2929,-3.0683,0.0234,-0.1155,0.8970,5.1747,-7.1562
47.3756,5.0392,-7.2929,-3.0683,0.0234,-0.1155,0.8970,5.1747,-7.1562
47.3855,5.0390,-7.2929,-3.0679,0.0234,-0.1155,0.8970,5.1747,-7.1562
47.3946,5.0389,-7.2929,-3.0676,0.0234,-0.1155,0.8970,5.1747,-7.1562
47.4059,5.0388,-7.2929,-3.0672,0.0234,-0.1155,0.8970,5.1747,-7.1562
47.4212,5.0385,-7.2930,-3.0665,0.0234,-0.1155,0.9025,5.1747,-7.1562
47.4256,5.0385,-7.2930,-3.0665,0.0226,-0.1446,0.9025,5.1710,-7.1572
47.4350,5.0383,-7.2930,-3.0662,0.0226,-0.1446,0.9025,5.1710,-7.1572
47.4447,5.0382,-7.2930,-3.0658,0.0226,-0.1446,0.9025,5.1710,-7.1572
47.4544,5.0380,-7.2930,-3.0655,0.0226,-0.1446,0.9025,5.1710,-7.1572
47.4646,5.0378,-7.2930,-3.0651,0.0226,-0.1446,0.9025,5.1710,-7.1572
47.4752,5.0376,-7.2930,-3.0650,0.0226,-0.1446,0.9025,5.1710,-7.1572
47.4843,5.0374,-7.2930,-3.0648,0.0226,-0.1446,0.9025,5.1710,-7.1572
47.4944,5.0373,-7.2931,-3.0646,0.0226,-0.1446,0.9025,5.1710,-7.1572
47.5042,5.0371,-7.2931,-3.0646,0.0226,-0.1446,0.9025,5.1710,-7.1572
47.5144,5.0371,-7.2931,-3.0644,0.0226,-0.1446,0.8953,5.1710,-7.1572
47.5251,5.0368,-7.2931,-3.0644,0.0226,-0.1446,0.8953,5.1710,-7.1572
47.5355,5.0367,-7.2931,-3.0646,0.0231,-0.1491,0.8953,5.1707,-7.1577
47.5459,5.0365,-7.2931,-3.0646,0.0231,-0.1491,0.8953,5.1707,-7.1577
47.5556,5.0363,-7.2931,-3.0648,0.0231,-0.1491,0.8953,5.1707,-7.1577
47.5671,5.0362,-7.2931,-3.0650,0.0231,-0.1491,0.8953,5.1707,-7.1577
47.5742,5.0361,-7.2932,-3.0651,0.0231,-0.1491,0.8953,5.1707,-7.1577
47.5851,5.0361,-7.2932,-3.0657,0.0231,-0.1491,0.8953,5.1707,-7.1577
47.5966,5.0361,-7.2932,-3.0662,0.0231,-0.1491,0.8953,5.1707,-7.1577
47.6049,5.0360,-7.2932,-3.0671,0.0231,-0.1491,0.8953,5.1707,-7.1577
47.6152,5.0359,-7.2932,-3.0678,0.0231,-0.1491,0.8931,5.1707,-7.1577
47.6247,5.0359,-7.2932,-3.0686,0.0227,-0.1563,0.8931,5.1707,-7.1577
47.6348,5.0358,-7.2932,-3.0693,0.0227,-0.1563,0.8931,5.1671,-7.1571
47.6447,5.0357,-7.2932,-3.0700,0.0227,-0.1563,0.8931,5.1671,-7.1571
47.6540,5.0356,-7.2932,-3.0707,0.0227,-0.1563,0.8931,5.1671,-7.1571
47.6642,5.0356,-7.2932,-3.0713,0.0227,-0.1563,0.8931,5.1671,-7.1571
47.6747,5.0355,-7.2932,-3.0718,0.0227,-0.1563,0.8931,5.1671,-7.1571
47.6854,5.0354,-7.2932,-3.0721,0.0227,-0.1563,0.8931,5.1671,-7.1571
47.6950,5.0354,-7.2932,-3.0727,0.0227,-0.1563,0.8931,5.1671,-7.1571
47.7043,5.0353,-7.2932,-3.0730,0.0227,-0.1563,0.8931,5.1671,-7.1571
47.7171,5.0353,-7.2932,-3.0734,0.0227,-0.1563,0.8966,5.1671,-7.1571
47.7246,5.0352,-7.2932,-3.0739,0.0229,-0.1638,0.8966,5.1671,-7.1571
47.7346,5.0351,-7.2932,-3.0742,0.0229,-0.1638,0.8966,5.1660,-7.1577
47.7449,5.0351,-7.2932,-3.0746,0.0229,-0.1638,0.8966,5.1660,-7.1577
47.7556,5.0350,-7.2932,-3.0749,0.0229,-0.1638,0.8966,5.1660,-7.1577
47.7652,5.0349,-7.2932,-3.0754,0.0229,-0.1638,0.8966,5.1660,-7.1577
47.7752,5.0348,-7.2932,-3.0758,0.0229,-0.1638,0.8966,5.1660,-7.1577
47.7848,5.0347,-7.2932,-3.0763,0.0229,-0.1638,0.8966,5.1660,-7.1577
47.7950,5.0346,-7.2933,-3.0768,0.0229,-0.1638,0.8966,5.1660,-7.1577
47.8045,5.0345,-7.2933,-3.0774,0.0229,-0.1638,0.8966,5.1660,-7.1577
47.8157,5.0344,-7.2933,-3.0779,0.0229,-0.1638,0.8931,5.1660,-7.1577
47.8255,5.0342,-7.2933,-3.0793,0.0229,-0.1456,0.8931,5.1660,-7.1577
47.8347,5.0342,-7.2933,-3.0793,0.0229,-0.1456,0.8931,5.1658,-7.1561
47.8453,5.0340,-7.2933,-3.0800,0.0229,-0.1456,0.8931,5.1658,-7.1561
47.8546,5.0339,-7.2933,-3.0807,0.0229,-0.1456,0.8931,5.1658,-7.1561
47.8646,5.0337,-7.2933,-3.0816,0.0229,-0.1456,0.8931,5.1658,-7.1561
47.8747,5.0336,-7.2933,-3.0826,0.0229,-0.1456,0.8931,5.1658,-7.1561
47.8848,5.0334,-7.2933,-3.0835,0.0229,-0.1456,0.8931,5.1658,-7.1561
47.8957,5.0332,-7.2933,-3.0843,0.0229,-0.1456,0.8931,5.1658,-7.1561
47.9046,5.0331,-7.2933,-3.0854,0.0229,-0.1456,0.8931,5.1658,-7.1561
47.9160,5.0327,-7.2934,-3.0873,0.0229,-0.1456,0.8931,5.1658,-7.1561
47.9244,5.0327,-7.2934,-3.0873,0.0226,-0.1417,0.8991,5.1659,-7.1572
47.9347,5.0325,-7.2934,-3.0882,0.0226,-0.1417,0.8991,5.1659,-7.1572
47.9462,5.0323,-7.2934,-3.0891,0.0226,-0.1417,0.8991,5.1659,-7.1572
47.9551,5.0321,-7.2934,-3.0899,0.0226,-0.1417,0.8991,5.1659,-7.1572
47.9648,5.0320,-7.2934,-3.0906,0.0226,-0.1417,0.8991,5.1659,-7.1572
47.9748,5.0318,-7.2934,-3.0915,0.0226,-0.1417,0.8991,5.1659,-7.1572
47.9846,5.0316,-7.2934,-3.0924,0.0226,-0.1417,0.8991,5.1659,-7.1572
47.9958,5.0314,-7.2934,-3.0934,0.0226,-0.1417,0.8991,5.1659,-7.1572
48.0044,5.0312,-7.2934,-3.0943,0.0226,-0.1417,0.8991,5.1659,-7.1572
48.0158,5.0310,-7.2935,-3.0952,0.0226,-0.1417,0.8970,5.1659,-7.1572
48.0259,5.0306,-7.2935,-3.0974,0.0218,-0.1290,0.8970,5.1659,-7.1572
48.0345,5.0306,-7.2935,-3.0974,0.0218,-0.1290,0.8970,5.1662,-7.1580
48.0451,5.0304,-7.2935,-3.0985,0.0218,-0.1290,0.8970,5.1662,-7.1580
48.0543,5.0302,-7.2935,-3.0997,0.0218,-0.1290,0.8970,5.1662,-7.1580
48.0648,5.0300,-7.2935,-3.1009,0.0218,-0.1290,0.8970,5.1662,-7.1580
48.0748,5.0297,-7.2935,-3.1021,0.0218,-0.1290,0.8970,5.1662,-7.1580
48.0849,5.0294,-7.2935,-3.1035,0.0218,-0.1290,0.8970,5.1662,-7.1580
48.0967,5.0292,-7.2935,-3.1049,0.0218,-0.1290,0.8970,5.1662,-7.1580
48.1045,5.0290,-7.2935,-3.1063,0.0218,-0.1290,0.8970,5.1662,-7.1580
48.1154,5.0287,-7.2936,-3.1077,0.0218,-0.1290,0.8948,5.1662,-7.1580
48.1249,5.0284,-7.2936,-3.1090,0.0233,-0.0587,0.8948,5.1662,-7.1580
48.1346,5.0282,-7.2936,-3.1104,0.0233,-0.0587,0.8948,5.1662,-7.1586
48.1453,5.0279,-7.2936,-3.1117,0.0233,-0.0587,0.8948,5.1662,-7.1586
48.1544,5.0276,-7.2936,-3.1130,0.0233,-0.0587,0.8948,5.1662,-7.1586
48.1657,5.0274,-7.2936,-3.1144,0.0233,-0.0587,0.8948,5.1662,-7.1586
48.1745,5.0271,-7.2936,-3.1156,0.0233,-0.0587,0.8948,5.1662,-7.1586
48.1844,5.0268,-7.2936,-3.1166,0.0233,-0.0587,0.8948,5.1662,-7.1586
48.1948,5.0263,-7.2936,-3.1189,0.0233,-0.0587,0.8948,5.1662,-7.1586
48.2048,5.0263,-7.2936,-3.1189,0.0233,-0.0587,0.8948,5.1662,-7.1586
48.2147,5.0261,-7.2936,-3.1200,0.0233,-0.0587,0.8945,5.1662,-7.1586
48.2243,5.0255,-7.2936,-3.1220,0.0235,-0.0370,0.8945,5.1662,-7.1586
48.2354,5.0253,-7.2936,-3.1229,0.0235,-0.0370,0.8945,5.1639,-7.1580
48.2449,5.0250,-7.2936,-3.1238,0.0235,-0.0370,0.8945,5.1639,-7.1580
48.2543,5.0250,-7.2936,-3.1238,0.0235,-0.0370,0.8945,5.1639,-7.1580
48.2646,5.0245,-7.2937,-3.1255,0.0235,-0.0370,0.8945,5.1639,-7.1580
48.2750,5.0242,-7.2937,-3.1264,0.0235,-0.0370,0.8945,5.1639,-7.1580
48.2848,5.0240,-7.2937,-3.1273,0.0235,-0.0370,0.8945,5.1639,-7.1580
48.2957,5.0237,-7.2937,-3.1280,0.0235,-0.0370,0.8945,5.1639,-7.1580
48.3045,5.0237,-7.2937,-3.1280,0.0235,-0.0370,0.8945,5.1639,-7.1580
48.3157,5.0233,-7.2937,-3.1294,0.0235,-0.0370,0.9042,5.1639,-7.1580
48.3270,5.0231,-7.2937,-3.1299,0.0235,-0.0370,0.9042,5.1639,-7.1580
48.3364,5.0228,-7.2937,-3.1306,0.0229,0.0443,0.9042,5.1610,-7.1586
48.3442,5.0226,-7.2937,-3.1313,0.0229,0.0443,0.9042,5.1610,-7.1586
48.3541,5.0226,-7.2937,-3.1313,0.0229,0.0443,0.9042,5.1610,-7.1586
48.3643,5.0223,-7.2937,-3.1327,0.0229,0.0443,0.9042,5.1610,-7.1586
48.3748,5.0221,-7.2937,-3.1334,0.0229,0.0443,0.9042,5.1610,-7.1586
48.3846,5.0218,-7.2937,-3.1341,0.0229,0.0443,0.9042,5.1610,-7.1586
48.3963,5.0217,-7.2937,-3.1348,0.0229,0.0443,0.9042,5.1610,-7.1586
48.4046,5.0215,-7.2937,-3.1355,0.0229,0.0443,0.9042,5.1610,-7.1586
48.4169,5.0213,-7.2937,-3.1360,0.0232,0.0962,0.8966,5.1593,-7.1567
48.4247,5.0211,-7.2937,-3.1365,0.0232,0.0962,0.8966,5.1593,-7.1567
48.4354,5.0210,-7.2937,-3.1371,0.0232,0.0962,0.8966,5.1593,-7.1567
48.4441,5.0208,-7.2937,-3.1374,0.0232,0.0962,0.8966,5.1593,-7.1567
48.4547,5.0207,-7.2937,-3.1378,0.0232,0.0962,0.8966,5.1593,-7.1567
48.4655,5.0205,-7.2937,-3.1383,0.0232,0.0962,0.8966,5.1593,-7.1567
48.4753,5.0204,-7.2937,-3.1385,0.0232,0.0962,0.8966,5.1593,-7.1567
48.4850,5.0203,-7.2937,-3.1388,0.0232,0.0962,0.8966,5.1593,-7.1567
48.4962,5.0201,-7.2937,-3.1391,0.0232,0.0962,0.8966,5.1593,-7.1567
48.5042,5.0199,-7.2937,-3.1395,0.0232,0.0962,0.8966,5.1593,-7.1567
48.5144,5.0199,-7.2937,-3.1395,0.0232,0.0962,0.8977,5.1593,-7.1567
48.5243,5.0196,-7.2937,-3.1404,0.0230,0.1183,0.8977,5.1572,-7.1557
48.5346,5.0195,-7.2937,-3.1405,0.0230,0.1183,0.8977,5.1572,-7.1557
48.5470,5.0194,-7.2937,-3.1409,0.0230,0.1183,0.8977,5.1572,-7.1557
48.5554,5.0191,-7.2937,-3.1412,0.0230,0.1183,0.8977,5.1572,-7.1557
48.5665,5.0190,-7.2937,-3.1414,0.0230,0.1183,0.8977,5.1572,-7.1557
48.5744,5.0188,-7.2937,-3.1416,0.0230,0.1183,0.8977,5.1572,-7.1557
48.5849,5.0186,-7.2937,3.1414,0.0230,0.1183,0.8977,5.1572,-7.1557
48.5954,5.0185,-7.2937,3.1411,0.0230,0.1183,0.8977,5.1572,-7.1557
48.6048,5.0183,-7.2937,3.1409,0.0230,0.1183,0.8977,5.1572,-7.1557
48.6146,5.0183,-7.2937,3.1407,0.0230,0.1183,0.9004,5.1572,-7.1557
48.6239,5.0179,-7.2937,3.1405,0.0216,0.1262,0.9004,5.1572,-7.1557
48.6349,5.0178,-7.2937,3.1404,0.0216,0.1262,0.9004,5.1537,-7.1569
48.6505,5.0176,-7.2937,3.1402,0.0216,0.1262,0.9004,5.1537,-7.1569
48.6545,5.0174,-7.2937,3.1400,0.0216,0.1262,0.9004,5.1537,-7.1569
48.6650,5.0172,-7.2937,3.1400,0.0216,0.1262,0.9004,5.1537,-7.1569
48.6743,5.0171,-7.2937,3.1400,0.0216,0.1262,0.9004,5.1537,-7.1569
48.6843,5.0169,-7.2937,3.1400,0.0216,0.1262,0.9004,5.1537,-7.1569
48.6948,5.0167,-7.2937,3.1402,0.0216,0.1262,0.9004,5.1537,-7.1569
48.7041,5.0165,-7.2937,3.1402,0.0216,0.1262,0.9004,5.1537,-7.1569
48.7158,5.0164,-7.2937,3.1404,0.0000,0.0000,0.9004,5.1537,-7.1569
48.7242,5.0163,-7.2937,3.1404,0.0000,0.0000,0.9004,5.1537,-7.1569
48.7341,5.0161,-7.2937,3.1404,0.0000,0.0000,0.9004,5.1498,-7.1567
48.7453,5.0161,-7.2937,3.1404,0.0000,0.0000,0.9004,5.1498,-7.1567
48.7541,5.0159,-7.2937,3.1405,0.0000,0.0000,0.9004,5.1498,-7.1567
48.7665,5.0158,-7.2937,3.1405,0.0000,0.0000,0.9004,5.1498,-7.1567
48.7745,5.0157,-7.2937,3.1405,0.0000,0.0000,0.9004,5.1498,-7.1567
48.7873,5.0155,-7.2937,3.1405,0.0000,0.0000,0.9004,5.1498,-7.1567
48.7946,5.0155,-7.2937,3.1405,0.0000,0.0000,0.9004,5.1498,-7.1567
48.8048,5.0153,-7.2937,3.1405,0.0000,0.0000,0.9004,5.1498,-7.1567
48.8161,5.0152,-7.2937,3.1407,0.0000,0.0000,0.9034,5.1498,-7.1567
48.8246,5.0152,-7.2937,3.1409,0.0000,0.0000,0.9034,5.1498,-7.1567
48.8341,5.0152,-7.2937,3.1412,0.0000,0.0000,0.9034,5.1304,-7.1579
48.8443,5.0152,-7.2937,-3.1414,0.0000,0.0000,0.9034,5.1304,-7.1579
48.8542,5.0153,-7.2937,-3.1411,0.0000,0.0000,0.9034,5.1304,-7.1579
48.8640,5.0153,-7.2937,-3.1407,0.0000,0.0000,0.9034,5.1304,-7.1579
48.8747,5.0154,-7.2937,-3.1405,0.0000,0.0000,0.9034,5.1304,-7.1579
48.8842,5.0155,-7.2937,-3.1404,0.0000,0.0000,0.9034,5.1304,-7.1579
48.8949,5.0156,-7.2937,-3.1405,0.0000,0.0000,0.9034,5.1304,-7.1579
48.9193,5.0157,-7.2937,-3.1409,0.0000,0.0000,0.8937,5.1304,-7.1579
48.9254,5.0157,-7.2937,-3.1411,0.0000,0.0000,0.8937,5.1304,-7.1579
48.9348,5.0157,-7.2937,-3.1412,0.0000,0.0000,0.8937,5.1172,-7.1587
48.9447,5.0158,-7.2937,-3.1414,0.0000,0.0000,0.8937,5.1172,-7.1587
48.9543,5.0159,-7.2937,-3.1414,0.0000,0.0000,0.8937,5.1172,-7.1587
48.9665,5.0160,-7.2937,3.1416,0.0000,0.0000,0.8937,5.1172,-7.1587
48.9745,5.0160,-7.2937,3.1416,0.0000,0.0000,0.8937,5.1172,-7.1587
48.9852,5.0161,-7.2937,3.1416,0.0000,0.0000,0.8937,5.1172,-7.1587
48.9948,5.0162,-7.2937,-3.1414,0.0000,0.0000,0.8937,5.1172,-7.1587
49.0046,5.0163,-7.2937,-3.1414,0.0000,0.0000,0.8937,5.1172,-7.1587
49.0148,5.0163,-7.2937,-3.1414,0.0000,0.0000,0.8938,5.1172,-7.1587
49.0249,5.0163,-7.2937,-3.1412,0.0000,0.0000,0.8938,5.1172,-7.1587
49.0363,5.0164,-7.2937,-3.1411,0.0000,0.0000,0.8938,5.1031,-7.1572
49.0446,5.0164,-7.2937,-3.1411,0.0000,0.0000,0.8938,5.1031,-7.1572
49.0545,5.0164,-7.2937,-3.1411,0.0236,0.1405,0.8938,5.1031,-7.1572
49.0643,5.0164,-7.2937,-3.1409,0.0236,0.1405,0.8938,5.1031,-7.1572
49.0745,5.0164,-7.2937,-3.1409,0.0236,0.1405,0.8938,5.1031,-7.1572
49.0845,5.0164,-7.2937,-3.1409,0.0236,0.1405,0.8938,5.1031,-7.1572
49.0949,5.0164,-7.2937,-3.1409,0.0236,0.1405,0.8938,5.1031,-7.1572
49.1043,5.0164,-7.2937,-3.1409,0.0236,0.1405,0.8938,5.1031,-7.1572
49.1149,5.0163,-7.2937,-3.1411,0.0236,0.1405,0.8923,5.1031,-7.1572
49.1252,5.0163,-7.2937,-3.1411,0.0236,0.1405,0.8923,5.0983,-7.1568
49.1356,5.0163,-7.2937,-3.1409,0.0236,0.1405,0.8923,5.0983,-7.1568
49.1448,5.0163,-7.2937,-3.1409,0.0233,0.1646,0.8923,5.0983,-7.1568
49.1542,5.0163,-7.2937,-3.1409,0.0233,0.1646,0.8923,5.0983,-7.1568
49.1656,5.0163,-7.2937,-3.1409,0.0233,0.1646,0.8923,5.0983,-7.1568
49.1746,5.0162,-7.2937,-3.1409,0.0233,0.1646,0.8923,5.0983,-7.1568
49.1847,5.0162,-7.2937,-3.1409,0.0233,0.1646,0.8923,5.0983,-7.1568
49.1953,5.0161,-7.2937,-3.1407,0.0233,0.1646,0.8923,5.0983,-7.1568
49.2046,5.0161,-7.2937,-3.1407,0.0233,0.1646,0.8923,5.0983,-7.1568
49.2142,5.0162,-7.2937,-3.1405,0.0233,0.1646,0.9021,5.0983,-7.1568
49.2248,5.0161,-7.2937,-3.1405,0.0233,0.1646,0.9021,5.0943,-7.1589
49.2357,5.0161,-7.2937,-3.1404,0.0233,0.1646,0.9021,5.0943,-7.1589
49.2462,5.0160,-7.2937,-3.1402,0.0216,0.1579,0.9021,5.0943,-7.1589
49.2542,5.0160,-7.2937,-3.1400,0.0216,0.1579,0.9021,5.0943,-7.1589
49.2654,5.0159,-7.2937,-3.1398,0.0216,0.1579,0.9021,5.0943,-7.1589
49.2747,5.0159,-7.2937,-3.1397,0.0216,0.1579,0.9021,5.0943,-7.1589
49.2850,5.0159,-7.2937,-3.1395,0.0216,0.1579,0.9021,5.0943,-7.1589
49.2974,5.0159,-7.2937,-3.1391,0.0216,0.1579,0.9021,5.0943,-7.1589
49.3051,5.0158,-7.2937,-3.1390,0.0216,0.1579,0.9021,5.0943,-7.1589
49.3146,5.0158,-7.2937,-3.1386,0.0216,0.1579,0.8958,5.0883,-7.1572
49.3259,5.0157,-7.2937,-3.1383,0.0216,0.1579,0.8958,5.0883,-7.1572
49.3368,5.0157,-7.2937,-3.1381,0.0216,0.1579,0.8958,5.0883,-7.1572
49.3449,5.0156,-7.2937,-3.1378,0.0233,0.1194,0.8958,5.0883,-7.1572
49.3546,5.0156,-7.2937,-3.1376,0.0233,0.1194,0.8958,5.0883,-7.1572
49.3643,5.0156,-7.2937,-3.1372,0.0233,0.1194,0.8958,5.0883,-7.1572
49.3755,5.0155,-7.2937,-3.1371,0.0233,0.1194,0.8958,5.0883,-7.1572
49.3843,5.0155,-7.2937,-3.1367,0.0233,0.1194,0.8958,5.0883,-7.1572
49.3953,5.0154,-7.2937,-3.1364,0.0233,0.1194,0.8958,5.0883,-7.1572
49.4052,5.0154,-7.2937,-3.1362,0.0233,0.1194,0.8958,5.0883,-7.1572
49.4148,5.0153,-7.2937,-3.1358,0.0233,0.1194,0.8990,5.0883,-7.1572
49.4247,5.0153,-7.2937,-3.1355,0.0233,0.1194,0.8990,5.0883,-7.1572
49.4356,5.0153,-7.2937,-3.1351,0.0233,0.1194,0.8990,5.0851,-7.1574
49.4451,5.0152,-7.2937,-3.1348,0.0232,0.1234,0.8990,5.0851,-7.1574
49.4544,5.0151,-7.2937,-3.1344,0.0232,0.1234,0.8990,5.0851,-7.1574
49.4648,5.0150,-7.2937,-3.1341,0.0232,0.1234,0.8990,5.0851,-7.1574
49.4749,5.0149,-7.2937,-3.1337,0.0232,0.1234,0.8990,5.0851,-7.1574
49.4852,5.0149,-7.2937,-3.1332,0.0232,0.1234,0.8990,5.0851,-7.1574
49.4955,5.0148,-7.2937,-3.1329,0.0232,0.1234,0.8990,5.0851,-7.1574
49.5047,5.0147,-7.2937,-3.1323,0.0232,0.1234,0.8990,5.0851,-7.1574
49.5151,5.0146,-7.2937,-3.1318,0.0232,0.1234,0.8994,5.0851,-7.1574
49.5253,5.0145,-7.2937,-3.1313,0.0232,0.1234,0.8994,5.0818,-7.1581
49.5350,5.0144,-7.2937,-3.1306,0.0232,0.1234,0.8994,5.0818,-7.1581
49.5444,5.0143,-7.2937,-3.1301,0.0232,0.1234,0.8994,5.0818,-7.1581
49.5549,5.0142,-7.2937,-3.1294,0.0206,0.1060,0.8994,5.0818,-7.1581
49.5655,5.0141,-7.2937,-3.1287,0.0206,0.1060,0.8994,5.0818,-7.1581
49.5744,5.0139,-7.2937,-3.1280,0.0206,0.1060,0.8994,5.0818,-7.1581
49.5851,5.0138,-7.2937,-3.1273,0.0206,0.1060,0.8994,5.0818,-7.1581
49.5947,5.0136,-7.2937,-3.1264,0.0206,0.1060,0.8994,5.0818,-7.1581
49.6040,5.0135,-7.2937,-3.1257,0.0206,0.1060,0.8994,5.0818,-7.1581
49.6145,5.0134,-7.2937,-3.1248,0.0206,0.1060,0.8872,5.0818,-7.1581
49.6245,5.0132,-7.2937,-3.1240,0.0206,0.1060,0.8872,5.0818,-7.1581
49.6354,5.0131,-7.2937,-3.1231,0.0206,0.1060,0.8872,5.0754,-7.1581
49.6459,5.0129,-7.2937,-3.1224,0.0225,0.0970,0.8872,5.0754,-7.1581
49.6548,5.0128,-7.2937,-3.1215,0.0225,0.0970,0.8872,5.0754,-7.1581
49.6650,5.0126,-7.2937,-3.1206,0.0225,0.0970,0.8872,5.0754,-7.1581
49.6742,5.0125,-7.2937,-3.1200,0.0225,0.0970,0.8872,5.0754,-7.1581
49.6849,5.0123,-7.2937,-3.1191,0.0225,0.0970,0.8872,5.0754,-7.1581
49.6944,5.0121,-7.2937,-3.1182,0.0225,0.0970,0.8872,5.0754,-7.1581
49.7040,5.0119,-7.2937,-3.1173,0.0225,0.0970,0.8872,5.0754,-7.1581
49.7147,5.0117,-7.2938,-3.1165,0.0225,0.0970,0.8985,5.0754,-7.1581
49.7242,5.0115,-7.2938,-3.1156,0.0225,0.0970,0.8985,5.0754,-7.1581
49.7348,5.0113,-7.2938,-3.1145,0.0225,0.0970,0.8985,5.0718,-7.1577
49.7461,5.0111,-7.2938,-3.1137,0.0217,0.0867,0.8985,5.0718,-7.1577
49.7553,5.0109,-7.2938,-3.1126,0.0217,0.0867,0.8985,5.0718,-7.1577
49.7650,5.0107,-7.2938,-3.1116,0.0217,0.0867,0.8985,5.0718,-7.1577
49.7744,5.0105,-7.2938,-3.1105,0.0217,0.0867,0.8985,5.0718,-7.1577
49.7848,5.0103,-7.2938,-3.1093,0.0217,0.0867,0.8985,5.0718,-7.1577
49.7964,5.0100,-7.2938,-3.1083,0.0217,0.0867,0.8985,5.0718,-7.1577
49.8044,5.0098,-7.2938,-3.1070,0.0217,0.0867,0.8985,5.0718,-7.1577
49.8149,5.0095,-7.2938,-3.1058,0.0217,0.0867,0.8988,5.0718,-7.1577
49.8251,5.0092,-7.2938,-3.1046,0.0217,0.0867,0.8988,5.0718,-7.1577
49.8366,5.0090,-7.2938,-3.1034,0.0217,0.0867,0.8988,5.0668,-7.1571
49.8448,5.0087,-7.2939,-3.1023,0.0226,0.0693,0.8988,5.0668,-7.1571
49.8549,5.0085,-7.2939,-3.1011,0.0226,0.0693,0.8988,5.0668,-7.1571
49.8646,5.0083,-7.2939,-3.1002,0.0226,0.0693,0.8988,5.0668,-7.1571
49.8747,5.0080,-7.2939,-3.0992,0.0226,0.0693,0.8988,5.0668,-7.1571
49.8867,5.0078,-7.2939,-3.0983,0.0226,0.0693,0.8988,5.0668,-7.1571
49.8957,5.0076,-7.2939,-3.0976,0.0226,0.0693,0.8988,5.0668,-7.1571
49.9054,5.0074,-7.2939,-3.0967,0.0226,0.0693,0.8988,5.0668,-7.1571
49.9148,5.0072,-7.2939,-3.0962,0.0226,0.0693,0.9018,5.0668,-7.1571
49.9246,5.0070,-7.2939,-3.0955,0.0226,0.0693,0.9018,5.0640,-7.1563
49.9363,5.0068,-7.2939,-3.0950,0.0226,0.0693,0.9018,5.0640,-7.1563
49.9452,5.0067,-7.2939,-3.0945,0.0237,0.0306,0.9018,5.0640,-7.1563
49.9544,5.0065,-7.2939,-3.0939,0.0237,0.0306,0.9018,5.0640,-7.1563
49.9655,5.0063,-7.2940,-3.0936,0.0237,0.0306,0.9018,5.0640,-7.1563
49.9756,5.0062,-7.2940,-3.0931,0.0237,0.0306,0.9018,5.0640,-7.1563
49.9849,5.0060,-7.2940,-3.0927,0.0237,0.0306,0.9018,5.0640,-7.1563
49.9946,5.0058,-7.2940,-3.0922,0.0237,0.0306,0.9018,5.0640,-7.1563
50.0060,5.0057,-7.2940,-3.0917,0.0237,0.0306,0.9018,5.0640,-7.1563
50.0144,5.0055,-7.2940,-3.0912,0.0237,0.0306,0.8877,5.0640,-7.1563
50.0244,5.0053,-7.2940,-3.0905,0.0237,0.0306,0.8877,5.0681,-7.1579
50.0344,5.0052,-7.2940,-3.0899,0.0237,0.0306,0.8877,5.0681,-7.1579
50.0454,5.0050,-7.2940,-3.0892,0.0235,0.0451,0.8877,5.0681,-7.1579
50.0549,5.0048,-7.2940,-3.0885,0.0235,0.0451,0.8877,5.0681,-7.1579
50.0657,5.0046,-7.2940,-3.0880,0.0235,0.0451,0.8877,5.0681,-7.1579
50.0746,5.0044,-7.2941,-3.0873,0.0235,0.0451,0.8877,5.0681,-7.1579
50.0850,5.0042,-7.2941,-3.0866,0.0235,0.0451,0.8877,5.0681,-7.1579
50.0950,5.0040,-7.2941,-3.0861,0.0235,0.0451,0.8877,5.0681,-7.1579
50.1045,5.0038,-7.2941,-3.0854,0.0235,0.0451,0.8877,5.0681,-7.1579
50.1153,5.0036,-7.2941,-3.0849,0.0235,0.0451,0.8965,5.0681,-7.1579
50.1261,5.0034,-7.2941,-3.0842,0.0235,0.0451,0.8965,5.0708,-7.1612
50.1361,5.0032,-7.2941,-3.0835,0.0235,0.0451,0.8965,5.0708,-7.1612
50.1450,5.0029,-7.2941,-3.0828,0.0235,0.0451,0.8965,5.0708,-7.1612
50.1544,5.0028,-7.2941,-3.0821,0.0235,0.0451,0.8965,5.0708,-7.1612
50.1647,5.0025,-7.2942,-3.0816,0.0235,0.0451,0.8965,5.0708,-7.1612
50.1746,5.0023,-7.2942,-3.0809,0.0221,0.0419,0.8965,5.0708,-7.1612
50.1850,5.0020,-7.2942,-3.0802,0.0221,0.0419,0.8965,5.0708,-7.1612
50.1946,5.0018,-7.2942,-3.0795,0.0221,0.0419,0.8965,5.0708,-7.1612
50.2050,5.0015,-7.2942,-3.0788,0.0221,0.0419,0.8965,5.0708,-7.1612
50.2147,5.0013,-7.2942,-3.0781,0.0221,0.0419,0.8974,5.0708,-7.1612
50.2245,5.0010,-7.2943,-3.0774,0.0221,0.0419,0.8974,5.0732,-7.1633
50.2349,5.0008,-7.2943,-3.0765,0.0221,0.0419,0.8974,5.0732,-7.1633
50.2451,5.0005,-7.2943,-3.0758,0.0221,0.0419,0.8974,5.0732,-7.1633
50.2545,5.0003,-7.2943,-3.0749,0.0234,0.0467,0.8974,5.0732,-7.1633
50.2679,5.0000,-7.2943,-3.0740,0.0234,0.0467,0.8974,5.0732,-7.1633
50.2752,4.9997,-7.2943,-3.0730,0.0234,0.0467,0.8974,5.0732,-7.1633
50.2848,4.9994,-7.2944,-3.0720,0.0234,0.0467,0.8974,5.0732,-7.1633
50.2952,4.9992,-7.2944,-3.0709,0.0234,0.0467,0.8974,5.0732,-7.1633
50.3049,4.9988,-7.2944,-3.0697,0.0234,0.0467,0.8974,5.0732,-7.1633
50.3148,4.9985,-7.2944,-3.0686,0.0234,0.0467,0.8934,5.0732,-7.1633
50.3258,4.9982,-7.2944,-3.0676,0.0234,0.0467,0.8934,5.0709,-7.1631
50.3349,4.9979,-7.2945,-3.0665,0.0234,0.0467,0.8934,5.0709,-7.1631
50.3448,4.9976,-7.2945,-3.0655,0.0230,-0.0019,0.8934,5.0709,-7.1631
50.3543,4.9973,-7.2945,-3.0646,0.0230,-0.0019,0.8934,5.0709,-7.1631
50.3646,4.9970,-7.2945,-3.0638,0.0230,-0.0019,0.8934,5.0709,-7.1631
50.3747,4.9967,-7.2946,-3.0629,0.0230,-0.0019,0.8934,5.0709,-7.1631
50.3848,4.9965,-7.2946,-3.0620,0.0230,-0.0019,0.8934,5.0709,-7.1631
50.3954,4.9962,-7.2946,-3.0613,0.0230,-0.0019,0.8934,5.0709,-7.1631
50.4055,4.9959,-7.2946,-3.0608,0.0230,-0.0019,0.9076,5.0709,-7.1631
50.4165,4.9957,-7.2946,-3.0601,0.0230,-0.0019,0.9076,5.0697,-7.1623
50.4251,4.9954,-7.2947,-3.0596,0.0230,-0.0019,0.9076,5.0697,-7.1623
50.4351,4.9952,-7.2947,-3.0592,0.0230,-0.0019,0.9076,5.0697,-7.1623
50.4457,4.9950,-7.2947,-3.0589,0.0230,-0.0019,0.9076,5.0697,-7.1623
50.4546,4.9947,-7.2947,-3.0585,0.0228,-0.0321,0.9076,5.0697,-7.1623
50.4645,4.9946,-7.2947,-3.0582,0.0228,-0.0321,0.9076,5.0697,-7.1623
50.4753,4.9944,-7.2948,-3.0580,0.0228,-0.0321,0.9076,5.0697,-7.1623
50.4847,4.9941,-7.2948,-3.0576,0.0228,-0.0321,0.9076,5.0697,-7.1623
50.4943,4.9940,-7.2948,-3.0573,0.0228,-0.0321,0.9076,5.0697,-7.1623
50.5126,4.9938,-7.2948,-3.0571,0.0228,-0.0321,0.8919,5.0664,-7.1624
50.5144,4.9936,-7.2948,-3.0569,0.0228,-0.0321,0.8919,5.0664,-7.1624
50.5259,4.9934,-7.2948,-3.0566,0.0228,-0.0321,0.8919,5.0664,-7.1624
50.5351,4.9932,-7.2949,-3.0564,0.0228,-0.0321,0.8919,5.0664,-7.1624
50.5459,4.9930,-7.2949,-3.0562,0.0234,-0.0388,0.8919,5.0664,-7.1624
50.5542,4.9927,-7.2949,-3.0561,0.0234,-0.0388,0.8919,5.0664,-7.1624
50.5648,4.9926,-7.2949,-3.0559,0.0234,-0.0388,0.8919,5.0664,-7.1624
50.5750,4.9924,-7.2949,-3.0557,0.0234,-0.0388,0.8919,5.0664,-7.1624
50.5846,4.9922,-7.2949,-3.0555,0.0234,-0.0388,0.8919,5.0664,-7.1624
50.5949,4.9920,-7.2950,-3.0552,0.0234,-0.0388,0.8919,5.0664,-7.1624
50.6049,4.9918,-7.2950,-3.0548,0.0234,-0.0388,0.9058,5.0664,-7.1624
50.6146,4.9915,-7.2950,-3.0547,0.0234,-0.0388,0.9058,5.0664,-7.1624
50.6265,4.9914,-7.2950,-3.0543,0.0234,-0.0388,0.9058,5.0662,-7.1616
50.6361,4.9912,-7.2950,-3.0540,0.0234,-0.0388,0.9058,5.0662,-7.1616
50.6448,4.9909,-7.2950,-3.0538,0.0228,-0.0372,0.9058,5.0662,-7.1616
50.6542,4.9907,-7.2951,-3.0535,0.0228,-0.0372,0.9058,5.0662,-7.1616
50.6656,4.9905,-7.2951,-3.0531,0.0228,-0.0372,0.9058,5.0662,-7.1616
50.6767,4.9904,-7.2951,-3.0528,0.0228,-0.0372,0.9058,5.0662,-7.1616
50.6855,4.9901,-7.2951,-3.0524,0.0228,-0.0372,0.9058,5.0662,-7.1616
50.6945,4.9899,-7.2951,-3.0522,0.0228,-0.0372,0.9058,5.0662,-7.1616
50.7044,4.9897,-7.2952,-3.0519,0.0228,-0.0372,0.9058,5.0662,-7.1616
50.7149,4.9895,-7.2952,-3.0517,0.0228,-0.0372,0.8934,5.0631,-7.1616
50.7243,4.9893,-7.2952,-3.0514,0.0228,-0.0372,0.8934,5.0631,-7.1616
50.7348,4.9892,-7.2952,-3.0512,0.0228,-0.0372,0.8934,5.0631,-7.1616
50.7453,4.9890,-7.2952,-3.0510,0.0219,-0.0170,0.8934,5.0631,-7.1616
50.7541,4.9888,-7.2952,-3.0507,0.0219,-0.0170,0.8934,5.0631,-7.1616
50.7654,4.9886,-7.2953,-3.0505,0.0219,-0.0170,0.8934,5.0631,-7.1616
50.7749,4.9885,-7.2953,-3.0501,0.0219,-0.0170,0.8934,5.0631,-7.1616
50.7851,4.9883,-7.2953,-3.0500,0.0219,-0.0170,0.8934,5.0631,-7.1616
50.7948,4.9882,-7.2953,-3.0496,0.0219,-0.0170,0.8934,5.0631,-7.1616
50.8046,4.9881,-7.2953,-3.0494,0.0219,-0.0170,0.9049,5.0631,-7.1616
50.8142,4.9879,-7.2953,-3.0491,0.0219,-0.0170,0.9049,5.0631,-7.1616
50.8247,4.9878,-7.2953,-3.0487,0.0219,-0.0170,0.9049,5.0674,-7.1630
50.8344,4.9878,-7.2953,-3.0484,0.0219,-0.0170,0.9049,5.0674,-7.1630
50.8456,4.9875,-7.2954,-3.0480,0.0230,-0.0338,0.9049,5.0674,-7.1630
50.8540,4.9874,-7.2954,-3.0477,0.0230,-0.0338,0.9049,5.0674,-7.1630
50.8650,4.9873,-7.2954,-3.0473,0.0230,-0.0338,0.9049,5.0674,-7.1630
50.8743,4.9872,-7.2954,-3.0470,0.0230,-0.0338,0.9049,5.0674,-7.1630
50.8843,4.9871,-7.2954,-3.0466,0.0230,-0.0338,0.9049,5.0674,-7.1630
50.8964,4.9869,-7.2954,-3.0463,0.0230,-0.0338,0.9049,5.0674,-7.1630
50.9056,4.9868,-7.2954,-3.0461,0.0230,-0.0338,0.8975,5.0674,-7.1630
50.9148,4.9867,-7.2954,-3.0458,0.0230,-0.0338,0.8975,5.0674,-7.1630
50.9245,4.9865,-7.2954,-3.0454,0.0230,-0.0338,0.8975,5.0647,-7.1621
50.9344,4.9863,-7.2955,-3.0453,0.0230,-0.0338,0.8975,5.0647,-7.1621
50.9447,4.9862,-7.2955,-3.0451,0.0230,-0.0338,0.8975,5.0647,-7.1621
50.9559,4.9860,-7.2955,-3.0447,0.0223,-0.0823,0.8975,5.0647,-7.1621
50.9646,4.9859,-7.2955,-3.0444,0.0223,-0.0823,0.8975,5.0647,-7.1621
50.9743,4.9857,-7.2955,-3.0442,0.0223,-0.0823,0.8975,5.0647,-7.1621
50.9850,4.9855,-7.2955,-3.0439,0.0223,-0.0823,0.8975,5.0647,-7.1621
50.9944,4.9854,-7.2956,-3.0435,0.0223,-0.0823,0.8975,5.0647,-7.1621
51.0041,4.9852,-7.2956,-3.0432,0.0223,-0.0823,0.8862,5.0647,-7.1621
51.0147,4.9850,-7.2956,-3.0430,0.0223,-0.0823,0.8862,5.0696,-7.1599
51.0243,4.9848,-7.2956,-3.0428,0.0223,-0.0823,0.8862,5.0696,-7.1599
51.0353,4.9846,-7.2956,-3.0426,0.0223,-0.0823,0.8862,5.0696,-7.1599
51.0448,4.9844,-7.2957,-3.0426,0.0238,-0.0717,0.8862,5.0696,-7.1599
51.0543,4.9842,-7.2957,-3.0426,0.0238,-0.0717,0.8862,5.0696,-7.1599
51.0646,4.9840,-7.2957,-3.0426,0.0238,-0.0717,0.8862,5.0696,-7.1599
51.0814,4.9836,-7.2957,-3.0430,0.0238,-0.0717,0.8862,5.0696,-7.1599
51.0947,4.9834,-7.2958,-3.0432,0.0238,-0.0717,0.8862,5.0696,-7.1599
51.1060,4.9833,-7.2958,-3.0435,0.0238,-0.0717,0.9031,5.0696,-7.1599
51.1158,4.9831,-7.2958,-3.0437,0.0238,-0.0717,0.9031,5.0696,-7.1599
51.1247,4.9828,-7.2958,-3.0440,0.0238,-0.0717,0.9031,5.0729,-7.1591
51.1348,4.9826,-7.2958,-3.0444,0.0238,-0.0717,0.9031,5.0729,-7.1591
51.1453,4.9825,-7.2959,-3.0446,0.0238,-0.0717,0.9031,5.0729,-7.1591
51.1542,4.9822,-7.2959,-3.0449,0.0238,-0.0717,0.9031,5.0729,-7.1591
51.1646,4.9821,-7.2959,-3.0451,0.0238,-0.0717,0.9031,5.0729,-7.1591
51.1745,4.9819,-7.2959,-3.0453,0.0234,-0.0563,0.9031,5.0729,-7.1591
51.1846,4.9817,-7.2959,-3.0456,0.0234,-0.0563,0.9031,5.0729,-7.1591
51.1953,4.9815,-7.2959,-3.0458,0.0234,-0.0563,0.9031,5.0729,-7.1591
51.2048,4.9813,-7.2960,-3.0461,0.0234,-0.0563,0.9078,5.0729,-7.1591
51.2142,4.9811,-7.2960,-3.0463,0.0234,-0.0563,0.9078,5.0745,-7.1587
51.2241,4.9809,-7.2960,-3.0465,0.0234,-0.0563,0.9078,5.0745,-7.1587
51.2354,4.9807,-7.2960,-3.0466,0.0234,-0.0563,0.9078,5.0745,-7.1587
51.2446,4.9805,-7.2960,-3.0468,0.0216,-0.0673,0.9078,5.0745,-7.1587
51.2544,4.9803,-7.2961,-3.0470,0.0216,-0.0673,0.9078,5.0745,-7.1587
51.2658,4.9801,-7.2961,-3.0472,0.0216,-0.0673,0.9078,5.0745,-7.1587
51.2752,4.9799,-7.2961,-3.0473,0.0216,-0.0673,0.9078,5.0745,-7.1587
51.2848,4.9797,-7.2961,-3.0475,0.0216,-0.0673,0.9078,5.0745,-7.1587
51.2950,4.9795,-7.2961,-3.0475,0.0216,-0.0673,0.9078,5.0745,-7.1587
51.3049,4.9793,-7.2962,-3.0475,0.0216,-0.0673,0.9045,5.0745,-7.1587
51.3153,4.9791,-7.2962,-3.0477,0.0216,-0.0673,0.9045,5.0693,-7.1602
51.3264,4.9789,-7.2962,-3.0477,0.0216,-0.0673,0.9045,5.0693,-7.1602
51.3343,4.9787,-7.2962,-3.0479,0.0216,-0.0673,0.9045,5.0693,-7.1602
51.3452,4.9785,-7.2962,-3.0480,0.0237,-0.0854,0.9045,5.0693,-7.1602
51.3540,4.9783,-7.2962,-3.0482,0.0237,-0.0854,0.9045,5.0693,-7.1602
51.3641,4.9781,-7.2963,-3.0482,0.0237,-0.0854,0.9045,5.0693,-7.1602
51.3749,4.9780,-7.2963,-3.0486,0.0237,-0.0854,0.9045,5.0693,-7.1602
51.3855,4.9778,-7.2963,-3.0489,0.0237,-0.0854,0.9045,5.0693,-7.1602
51.3952,4.9776,-7.2963,-3.0491,0.0237,-0.0854,0.9045,5.0693,-7.1602
51.4043,4.9774,-7.2963,-3.0494,0.0237,-0.0854,0.9007,5.0693,-7.1602
51.4142,4.9771,-7.2964,-3.0500,0.0237,-0.0854,0.9007,5.0653,-7.1604
51.4248,4.9770,-7.2964,-3.0503,0.0237,-0.0854,0.9007,5.0653,-7.1604
51.4354,4.9767,-7.2964,-3.0508,0.0237,-0.0854,0.9007,5.0653,-7.1604
51.4446,4.9765,-7.2964,-3.0514,0.0241,-0.0961,0.9007,5.0653,-7.1604
51.4544,4.9762,-7.2964,-3.0521,0.0241,-0.0961,0.9007,5.0653,-7.1604
51.4645,4.9760,-7.2965,-3.0526,0.0241,-0.0961,0.9007,5.0653,-7.1604
51.4742,4.9757,-7.2965,-3.0533,0.0241,-0.0961,0.9007,5.0653,-7.1604
51.4843,4.9754,-7.2965,-3.0540,0.0241,-0.0961,0.9007,5.0653,-7.1604
51.4948,4.9751,-7.2965,-3.0545,0.0241,-0.0961,0.9007,5.0653,-7.1604
51.5044,4.9748,-7.2966,-3.0552,0.0241,-0.0961,0.9017,5.0653,-7.1604
51.5154,4.9745,-7.2966,-3.0559,0.0241,-0.0961,0.9017,5.0653,-7.1604
51.5256,4.9742,-7.2966,-3.0566,0.0241,-0.0961,0.9017,5.0669,-7.1605
51.5355,4.9739,-7.2966,-3.0571,0.0241,-0.0961,0.9017,5.0669,-7.1605
51.5475,4.9736,-7.2967,-3.0578,0.0241,-0.0961,0.9017,5.0669,-7.1605
51.5542,4.9734,-7.2967,-3.0583,0.0218,-0.0733,0.9017,5.0669,-7.1605
51.5645,4.9731,-7.2967,-3.0590,0.0218,-0.0733,0.9017,5.0669,-7.1605
51.5742,4.9728,-7.2967,-3.0596,0.0218,-0.0733,0.9017,5.0669,-7.1605
51.5844,4.9725,-7.2968,-3.0601,0.0218,-0.0733,0.9017,5.0669,-7.1605
51.5969,4.9723,-7.2968,-3.0606,0.0218,-0.0733,0.9017,5.0669,-7.1605
51.6043,4.9721,-7.2968,-3.0611,0.0218,-0.0733,0.8979,5.0669,-7.1605
51.6151,4.9719,-7.2968,-3.0617,0.0218,-0.0733,0.8979,5.0669,-7.1605
51.6246,4.9716,-7.2968,-3.0622,0.0218,-0.0733,0.8979,5.0631,-7.1604
51.6342,4.9714,-7.2968,-3.0627,0.0218,-0.0733,0.8979,5.0631,-7.1604
51.6448,4.9712,-7.2969,-3.0631,0.0235,-0.0430,0.8979,5.0631,-7.1604
51.6544,4.9710,-7.2969,-3.0636,0.0235,-0.0430,0.8979,5.0631,-7.1604
51.6661,4.9708,-7.2969,-3.0639,0.0235,-0.0430,0.8979,5.0631,-7.1604
51.6748,4.9706,-7.2969,-3.0643,0.0235,-0.0430,0.8979,5.0631,-7.1604
51.6849,4.9704,-7.2969,-3.0646,0.0235,-0.0430,0.8979,5.0631,-7.1604
51.6949,4.9702,-7.2969,-3.0651,0.0235,-0.0430,0.8979,5.0631,-7.1604
51.7048,4.9700,-7.2970,-3.0655,0.0235,-0.0430,0.9038,5.0631,-7.1604
51.7158,4.9698,-7.2970,-3.0660,0.0235,-0.0430,0.9038,5.0625,-7.1617
51.7247,4.9696,-7.2970,-3.0665,0.0235,-0.0430,0.9038,5.0625,-7.1617
51.7347,4.9694,-7.2970,-3.0669,0.0235,-0.0430,0.9038,5.0625,-7.1617
51.7464,4.9692,-7.2970,-3.0672,0.0235,-0.0430,0.9038,5.0625,-7.1617
51.7598,4.9690,-7.2970,-3.0678,0.0227,-0.0313,0.9038,5.0625,-7.1617
51.7657,4.9689,-7.2970,-3.0681,0.0227,-0.0313,0.9038,5.0625,-7.1617
51.7743,4.9686,-7.2971,-3.0683,0.0227,-0.0313,0.9038,5.0625,-7.1617
51.7842,4.9684,-7.2971,-3.0686,0.0227,-0.0313,0.9038,5.0625,-7.1617
51.7948,4.9682,-7.2971,-3.0690,0.0227,-0.0313,0.9038,5.0625,-7.1617
51.8048,4.9680,-7.2971,-3.0693,0.0227,-0.0313,0.9003,5.0625,-7.1617
51.8148,4.9679,-7.2971,-3.0697,0.0227,-0.0313,0.9003,5.0625,-7.1617
51.8241,4.9677,-7.2971,-3.0700,0.0227,-0.0313,0.9003,5.0600,-7.1622
51.8359,4.9675,-7.2971,-3.0702,0.0227,-0.0313,0.9003,5.0600,-7.1622
51.8451,4.9673,-7.2972,-3.0706,0.0223,-0.0084,0.9003,5.0600,-7.1622
51.8547,4.9671,-7.2972,-3.0707,0.0223,-0.0084,0.9003,5.0600,-7.1622
51.8644,4.9669,-7.2972,-3.0711,0.0223,-0.0084,0.9003,5.0600,-7.1622
51.8743,4.9667,-7.2972,-3.0713,0.0223,-0.0084,0.9003,5.0600,-7.1622
51.8846,4.9665,-7.2972,-3.0714,0.0223,-0.0084,0.9003,5.0600,-7.1622
51.8957,4.9663,-7.2972,-3.0718,0.0223,-0.0084,0.9003,5.0600,-7.1622
51.9056,4.9661,-7.2972,-3.0720,0.0223,-0.0084,0.8956,5.0600,-7.1622
51.9146,4.9659,-7.2972,-3.0721,0.0223,-0.0084,0.8956,5.0600,-7.1622
51.9242,4.9657,-7.2973,-3.0725,0.0223,-0.0084,0.8956,5.0613,-7.1621
51.9355,4.9655,-7.2973,-3.0727,0.0223,-0.0084,0.8956,5.0613,-7.1621
51.9457,4.9654,-7.2973,-3.0730,0.0234,-0.0447,0.8956,5.0613,-7.1621
51.9544,4.9652,-7.2973,-3.0734,0.0234,-0.0447,0.8956,5.0613,-7.1621
51.9649,4.9651,-7.2973,-3.0737,0.0234,-0.0447,0.8956,5.0613,-7.1621
51.9748,4.9649,-7.2973,-3.0742,0.0234,-0.0447,0.8956,5.0613,-7.1621
51.9848,4.9647,-7.2973,-3.0746,0.0234,-0.0447,0.8956,5.0613,-7.1621
51.9956,4.9645,-7.2973,-3.0749,0.0234,-0.0447,0.8956,5.0613,-7.1621
52.0042,4.9643,-7.2974,-3.0754,0.0234,-0.0447,0.9015,5.0613,-7.1621
52.0142,4.9641,-7.2974,-3.0760,0.0234,-0.0447,0.9015,5.0613,-7.1621
52.0243,4.9639,-7.2974,-3.0765,0.0234,-0.0447,0.9015,5.0629,-7.1628
52.0342,4.9637,-7.2974,-3.0770,0.0234,-0.0447,0.9015,5.0629,-7.1628
52.0455,4.9635,-7.2974,-3.0775,0.0226,-0.0259,0.9015,5.0629,-7.1628
52.0541,4.9633,-7.2974,-3.0782,0.0226,-0.0259,0.9015,5.0629,-7.1628
52.0645,4.9631,-7.2974,-3.0789,0.0226,-0.0259,0.9015,5.0629,-7.1628
52.0744,4.9629,-7.2974,-3.0798,0.0226,-0.0259,0.9015,5.0629,-7.1628
52.0846,4.9626,-7.2975,-3.0805,0.0226,-0.0259,0.9015,5.0629,-7.1628
52.0949,4.9624,-7.2975,-3.0812,0.0226,-0.0259,0.9015,5.0629,-7.1628
52.1066,4.9622,-7.2975,-3.0819,0.0226,-0.0259,0.9006,5.0629,-7.1628
52.1146,4.9619,-7.2975,-3.0826,0.0226,-0.0259,0.9006,5.0646,-7.1637
52.1246,4.9617,-7.2975,-3.0833,0.0226,-0.0259,0.9006,5.0646,-7.1637
52.1355,4.9615,-7.2975,-3.0840,0.0226,-0.0259,0.9006,5.0646,-7.1637
52.1445,4.9613,-7.2975,-3.0845,0.0223,-0.0117,0.9006,5.0646,-7.1637
52.1544,4.9611,-7.2976,-3.0849,0.0223,-0.0117,0.9006,5.0646,-7.1637
52.1645,4.9609,-7.2976,-3.0854,0.0223,-0.0117,0.9006,5.0646,-7.1637
52.1745,4.9608,-7.2976,-3.0857,0.0223,-0.0117,0.9006,5.0646,-7.1637
52.1846,4.9606,-7.2976,-3.0861,0.0223,-0.0117,0.9006,5.0646,-7.1637
52.1948,4.9604,-7.2976,-3.0864,0.0223,-0.0117,0.9006,5.0646,-7.1637
52.2044,4.9602,-7.2976,-3.0868,0.0223,-0.0117,0.8997,5.0646,-7.1637
52.2148,4.9600,-7.2976,-3.0871,0.0223,-0.0117,0.8997,5.0646,-7.1637
52.2247,4.9599,-7.2976,-3.0875,0.0223,-0.0117,0.8997,5.0667,-7.1631
52.2357,4.9597,-7.2976,-3.0878,0.0223,-0.0117,0.8997,5.0667,-7.1631
52.2457,4.9595,-7.2976,-3.0880,0.0223,-0.0117,0.8997,5.0667,-7.1631
52.2547,4.9593,-7.2977,-3.0884,0.0223,-0.0117,0.8997,5.0667,-7.1631
52.2666,4.9592,-7.2977,-3.0885,0.0212,-0.0282,0.8997,5.0667,-7.1631
52.2747,4.9590,-7.2977,-3.0887,0.0212,-0.0282,0.8997,5.0667,-7.1631
52.2854,4.9588,-7.2977,-3.0891,0.0212,-0.0282,0.8997,5.0667,-7.1631
52.2962,4.9587,-7.2977,-3.0894,0.0212,-0.0282,0.8997,5.0667,-7.1631
52.3047,4.9585,-7.2977,-3.0896,0.0212,-0.0282,0.8988,5.0667,-7.1631
52.3158,4.9583,-7.2977,-3.0899,0.0212,-0.0282,0.8988,5.0643,-7.1633
52.3246,4.9581,-7.2977,-3.0903,0.0212,-0.0282,0.8988,5.0643,-7.1633
52.3344,4.9579,-7.2977,-3.0905,0.0212,-0.0282,0.8988,5.0643,-7.1633
52.3445,4.9577,-7.2977,-3.0908,0.0212,-0.0282,0.8988,5.0643,-7.1633
52.3546,4.9575,-7.2977,-3.0912,0.0226,-0.0477,0.8988,5.0643,-7.1633
52.3644,4.9573,-7.2978,-3.0913,0.0226,-0.0477,0.8988,5.0643,-7.1633
52.3744,4.9571,-7.2978,-3.0917,0.0226,-0.0477,0.8988,5.0643,-7.1633
52.3846,4.9569,-7.2978,-3.0919,0.0226,-0.0477,0.8988,5.0643,-7.1633
52.3948,4.9567,-7.2978,-3.0922,0.0226,-0.0477,0.8988,5.0643,-7.1633
52.4039,4.9565,-7.2978,-3.0925,0.0226,-0.0477,0.8998,5.0643,-7.1633
52.4141,4.9563,-7.2978,-3.0929,0.0226,-0.0477,0.8998,5.0593,-7.1637
52.4242,4.9561,-7.2978,-3.0932,0.0226,-0.0477,0.8998,5.0593,-7.1637
52.4348,4.9558,-7.2978,-3.0936,0.0226,-0.0477,0.8998,5.0593,-7.1637
52.4450,4.9556,-7.2978,-3.0941,0.0228,-0.0254,0.8998,5.0593,-7.1637
52.4547,4.9554,-7.2978,-3.0945,0.0228,-0.0254,0.8998,5.0593,-7.1637
52.4652,4.9552,-7.2979,-3.0950,0.0228,-0.0254,0.8998,5.0593,-7.1637
52.4749,4.9550,-7.2979,-3.0953,0.0228,-0.0254,0.8998,5.0593,-7.1637
52.4856,4.9547,-7.2979,-3.0959,0.0228,-0.0254,0.8998,5.0593,-7.1637
52.4963,4.9545,-7.2979,-3.0964,0.0228,-0.0254,0.8998,5.0593,-7.1637
52.5211,4.9539,-7.2979,-3.0974,0.0228,-0.0254,0.9019,5.0614,-7.1629
52.5248,4.9539,-7.2979,-3.0974,0.0228,-0.0254,0.9019,5.0614,-7.1629
52.5347,4.9537,-7.2979,-3.0978,0.0228,-0.0254,0.9019,5.0614,-7.1629
52.5447,4.9535,-7.2979,-3.0981,0.0223,-0.0394,0.9019,5.0614,-7.1629
52.5543,4.9533,-7.2979,-3.0983,0.0223,-0.0394,0.9019,5.0614,-7.1629
52.5764,4.9529,-7.2980,-3.0988,0.0223,-0.0394,0.9019,5.0614,-7.1629
52.5852,4.9527,-7.2980,-3.0992,0.0223,-0.0394,0.9019,5.0614,-7.1629
52.5950,4.9526,-7.2980,-3.0997,0.0223,-0.0394,0.9019,5.0614,-7.1629
52.6058,4.9524,-7.2980,-3.1001,0.0223,-0.0394,0.9027,5.0614,-7.1629
52.6159,4.9522,-7.2980,-3.1004,0.0223,-0.0394,0.9027,5.0614,-7.1629
52.6256,4.9521,-7.2980,-3.1009,0.0223,-0.0394,0.9027,5.0633,-7.1633
52.6356,4.9518,-7.2980,-3.1013,0.0223,-0.0394,0.9027,5.0633,-7.1633
52.6447,4.9516,-7.2980,-3.1018,0.0218,-0.0353,0.9027,5.0633,-7.1633
52.6558,4.9515,-7.2980,-3.1025,0.0218,-0.0353,0.9027,5.0633,-7.1633
52.6647,4.9513,-7.2980,-3.1030,0.0218,-0.0353,0.9027,5.0633,-7.1633
52.6750,4.9510,-7.2980,-3.1035,0.0218,-0.0353,0.9027,5.0633,-7.1633
52.6849,4.9509,-7.2980,-3.1042,0.0218,-0.0353,0.9027,5.0633,-7.1633
52.6957,4.9506,-7.2981,-3.1049,0.0218,-0.0353,0.9027,5.0633,-7.1633
52.7045,4.9504,-7.2981,-3.1055,0.0218,-0.0353,0.8960,5.0633,-7.1633
52.7152,4.9502,-7.2981,-3.1062,0.0218,-0.0353,0.8960,5.0599,-7.1621
52.7249,4.9499,-7.2981,-3.1067,0.0218,-0.0353,0.8960,5.0599,-7.1621
52.7356,4.9497,-7.2981,-3.1074,0.0218,-0.0353,0.8960,5.0599,-7.1621
52.7450,4.9494,-7.2981,-3.1077,0.0230,-0.0343,0.8960,5.0599,-7.1621
52.7543,4.9492,-7.2981,-3.1083,0.0230,-0.0343,0.8960,5.0599,-7.1621
52.7673,4.9490,-7.2981,-3.1086,0.0230,-0.0343,0.8960,5.0599,-7.1621
52.7752,4.9488,-7.2981,-3.1091,0.0230,-0.0343,0.8960,5.0599,-7.1621
52.7847,4.9485,-7.2981,-3.1095,0.0230,-0.0343,0.8960,5.0599,-7.1621
52.7952,4.9484,-7.2981,-3.1098,0.0230,-0.0343,0.8960,5.0599,-7.1621
52.8044,4.9481,-7.2981,-3.1102,0.0230,-0.0343,0.8976,5.0599,-7.1621
52.8149,4.9479,-7.2981,-3.1104,0.0230,-0.0343,0.8976,5.0581,-7.1629
52.8245,4.9477,-7.2982,-3.1107,0.0230,-0.0343,0.8976,5.0581,-7.1629
52.8353,4.9475,-7.2982,-3.1110,0.0230,-0.0343,0.8976,5.0581,-7.1629
52.8451,4.9473,-7.2982,-3.1114,0.0222,-0.0105,0.8976,5.0581,-7.1629
52.8546,4.9470,-7.2982,-3.1117,0.0222,-0.0105,0.8976,5.0581,-7.1629
52.8665,4.9469,-7.2982,-3.1121,0.0222,-0.0105,0.8976,5.0581,-7.1629
52.8750,4.9467,-7.2982,-3.1124,0.0222,-0.0105,0.8976,5.0581,-7.1629
52.8909,4.9465,-7.2982,-3.1128,0.0222,-0.0105,0.8976,5.0581,-7.1629
52.8978,4.9463,-7.2982,-3.1131,0.0222,-0.0105,0.8976,5.0581,-7.1629
52.9049,4.9462,-7.2982,-3.1137,0.0222,-0.0105,0.9035,5.0581,-7.1629
52.9147,4.9460,-7.2982,-3.1140,0.0222,-0.0105,0.9035,5.0557,-7.1620
52.9252,4.9459,-7.2982,-3.1144,0.0222,-0.0105,0.9035,5.0557,-7.1620
52.9349,4.9457,-7.2982,-3.1147,0.0222,-0.0105,0.9035,5.0557,-7.1620
52.9459,4.9455,-7.2982,-3.1149,0.0206,0.0095,0.9035,5.0557,-7.1620
52.9548,4.9453,-7.2982,-3.1152,0.0206,0.0095,0.9035,5.0557,-7.1620
52.9650,4.9452,-7.2982,-3.1154,0.0206,0.0095,0.9035,5.0557,-7.1620
52.9749,4.9450,-7.2982,-3.1158,0.0206,0.0095,0.9035,5.0557,-7.1620
52.9849,4.9448,-7.2982,-3.1159,0.0206,0.0095,0.9035,5.0557,-7.1620
52.9955,4.9446,-7.2982,-3.1163,0.0206,0.0095,0.9035,5.0557,-7.1620
53.0062,4.9444,-7.2982,-3.1166,0.0206,0.0095,0.8875,5.0557,-7.1620
53.0147,4.9443,-7.2982,-3.1170,0.0206,0.0095,0.8875,5.0557,-7.1603
53.0251,4.9441,-7.2983,-3.1173,0.0206,0.0095,0.8875,5.0557,-7.1603
53.0350,4.9440,-7.2983,-3.1175,0.0206,0.0095,0.8875,5.0557,-7.1603
53.0453,4.9438,-7.2983,-3.1179,0.0234,0.0189,0.8875,5.0557,-7.1603
53.0545,4.9436,-7.2983,-3.1180,0.0234,0.0189,0.8875,5.0557,-7.1603
53.0642,4.9435,-7.2983,-3.1182,0.0234,0.0189,0.8875,5.0557,-7.1603
53.0743,4.9433,-7.2983,-3.1184,0.0234,0.0189,0.8875,5.0557,-7.1603
53.0843,4.9432,-7.2983,-3.1184,0.0234,0.0189,0.8875,5.0557,-7.1603
53.0948,4.9432,-7.2983,-3.1186,0.0234,0.0189,0.8875,5.0557,-7.1603
53.1046,4.9428,-7.2983,-3.1187,0.0234,0.0189,0.8985,5.0557,-7.1603
53.1157,4.9426,-7.2983,-3.1189,0.0234,0.0189,0.8985,5.0557,-7.1603
53.1254,4.9425,-7.2983,-3.1189,0.0234,0.0189,0.8985,5.0558,-7.1597
53.1348,4.9423,-7.2983,-3.1191,0.0234,0.0189,0.8985,5.0558,-7.1597
53.1443,4.9422,-7.2983,-3.1191,0.0234,0.0189,0.8985,5.0558,-7.1597
53.1552,4.9420,-7.2983,-3.1193,0.0223,0.0144,0.8985,5.0558,-7.1597
53.1648,4.9419,-7.2983,-3.1194,0.0223,0.0144,0.8985,5.0558,-7.1597
53.1759,4.9417,-7.2983,-3.1194,0.0223,0.0144,0.8985,5.0558,-7.1597
53.1848,4.9416,-7.2983,-3.1196,0.0223,0.0144,0.8985,5.0558,-7.1597
53.1952,4.9415,-7.2983,-3.1198,0.0223,0.0144,0.8985,5.0558,-7.1597
53.2074,4.9413,-7.2983,-3.1200,0.0223,0.0144,0.9054,5.0558,-7.1597
53.2150,4.9411,-7.2983,-3.1201,0.0223,0.0144,0.9054,5.0564,-7.1597
53.2250,4.9410,-7.2983,-3.1203,0.0223,0.0144,0.9054,5.0564,-7.1597
53.2354,4.9408,-7.2983,-3.1205,0.0223,0.0144,0.9054,5.0564,-7.1597
53.2456,4.9407,-7.2983,-3.1206,0.0223,0.0144,0.9054,5.0564,-7.1597
53.2558,4.9405,-7.2983,-3.1208,0.0223,0.0144,0.9054,5.0564,-7.1597
53.2649,4.9404,-7.2983,-3.1210,0.0232,0.0071,0.9054,5.0564,-7.1597
53.2748,4.9402,-7.2983,-3.1212,0.0232,0.0071,0.9054,5.0564,-7.1597
53.2846,4.9401,-7.2983,-3.1213,0.0232,0.0071,0.9054,5.0564,-7.1597
53.2959,4.9400,-7.2983,-3.1215,0.0232,0.0071,0.9041,5.0564,-7.1597
53.3043,4.9398,-7.2983,-3.1217,0.0232,0.0071,0.9041,5.0564,-7.1597
53.3145,4.9397,-7.2984,-3.1219,0.0232,0.0071,0.9041,5.0563,-7.1605
53.3245,4.9395,-7.2984,-3.1220,0.0232,0.0071,0.9041,5.0563,-7.1605
53.3345,4.9394,-7.2984,-3.1224,0.0232,0.0071,0.9041,5.0563,-7.1605
53.3455,4.9392,-7.2984,-3.1226,0.0232,0.0071,0.9041,5.0563,-7.1605
53.3540,4.9391,-7.2984,-3.1227,0.0230,0.0211,0.9041,5.0563,-7.1605
53.3654,4.9389,-7.2984,-3.1231,0.0230,0.0211,0.9041,5.0563,-7.1605
53.3744,4.9388,-7.2984,-3.1233,0.0230,0.0211,0.9041,5.0563,-7.1605
53.3849,4.9386,-7.2984,-3.1236,0.0230,0.0211,0.9041,5.0563,-7.1605
53.3955,4.9384,-7.2984,-3.1238,0.0230,0.0211,0.9041,5.0563,-7.1605
53.4042,4.9382,-7.2984,-3.1243,0.0230,0.0211,0.9039,5.0563,-7.1605
53.4156,4.9381,-7.2984,-3.1247,0.0230,0.0211,0.9039,5.0557,-7.1599
53.4267,4.9379,-7.2984,-3.1252,0.0230,0.0211,0.9039,5.0557,-7.1599
53.4358,4.9377,-7.2984,-3.1255,0.0230,0.0211,0.9039,5.0557,-7.1599
53.4453,4.9375,-7.2984,-3.1261,0.0217,0.0403,0.9039,5.0557,-7.1599
53.4545,4.9373,-7.2984,-3.1264,0.0217,0.0403,0.9039,5.0557,-7.1599
53.4646,4.9371,-7.2984,-3.1268,0.0217,0.0403,0.9039,5.0557,-7.1599
53.4746,4.9369,-7.2984,-3.1271,0.0217,0.0403,0.9039,5.0557,-7.1599
53.4849,4.9367,-7.2984,-3.1275,0.0217,0.0403,0.9039,5.0557,-7.1599
53.4969,4.9362,-7.2984,-3.1276,0.0217,0.0403,0.9039,5.0557,-7.1599
53.5043,4.9362,-7.2984,-3.1276,0.0217,0.0403,0.8976,5.0557,-7.1599
53.5171,4.9360,-7.2984,-3.1278,0.0217,0.0403,0.8976,5.0557,-7.1599
53.5266,4.9358,-7.2984,-3.1280,0.0217,0.0403,0.8976,5.0539,-7.1604
53.5353,4.9355,-7.2984,-3.1280,0.0217,0.0403,0.8976,5.0539,-7.1604
53.5467,4.9353,-7.2984,-3.1282,0.0238,0.0431,0.8976,5.0539,-7.1604
53.5559,4.9350,-7.2984,-3.1282,0.0238,0.0431,0.8976,5.0539,-7.1604
53.5671,4.9349,-7.2984,-3.1282,0.0238,0.0431,0.8976,5.0539,-7.1604
53.5764,4.9347,-7.2984,-3.1282,0.0238,0.0431,0.8976,5.0539,-7.1604
53.5847,4.9344,-7.2984,-3.1282,0.0238,0.0431,0.8976,5.0539,-7.1604
53.5989,4.9342,-7.2984,-3.1282,0.0238,0.0431,0.9044,5.0539,-7.1604
53.6047,4.9340,-7.2984,-3.1282,0.0238,0.0431,0.9044,5.0539,-7.1604
53.6155,4.9338,-7.2984,-3.1280,0.0238,0.0431,0.9044,5.0539,-7.1604
53.6251,4.9336,-7.2984,-3.1280,0.0238,0.0431,0.9044,5.0541,-7.1614
53.6355,4.9334,-7.2984,-3.1280,0.0238,0.0431,0.9044,5.0541,-7.1614
53.6445,4.9332,-7.2984,-3.1280,0.0225,0.0559,0.9044,5.0541,-7.1614
53.6546,4.9330,-7.2985,-3.1278,0.0225,0.0559,0.9044,5.0541,-7.1614
53.6646,4.9328,-7.2985,-3.1278,0.0225,0.0559,0.9044,5.0541,-7.1614
53.6747,4.9326,-7.2985,-3.1276,0.0225,0.0559,0.9044,5.0541,-7.1614
53.6857,4.9322,-7.2985,-3.1275,0.0225,0.0559,0.9044,5.0541,-7.1614
53.6950,4.9322,-7.2985,-3.1275,0.0225,0.0559,0.9064,5.0541,-7.1614
53.7046,4.9320,-7.2985,-3.1273,0.0225,0.0559,0.9064,5.0541,-7.1614
53.7164,4.9318,-7.2985,-3.1271,0.0225,0.0559,0.9064,5.0517,-7.1634
53.7251,4.9316,-7.2985,-3.1271,0.0225,0.0559,0.9064,5.0517,-7.1634
53.7347,4.9314,-7.2985,-3.1269,0.0225,0.0559,0.9064,5.0517,-7.1634
53.7445,4.9313,-7.2985,-3.1269,0.0213,0.0458,0.9064,5.0517,-7.1634
53.7544,4.9310,-7.2985,-3.1268,0.0213,0.0458,0.9064,5.0517,-7.1634
53.7647,4.9309,-7.2985,-3.1266,0.0213,0.0458,0.9064,5.0517,-7.1634
53.7742,4.9307,-7.2985,-3.1264,0.0213,0.0458,0.9064,5.0517,-7.1634
53.7846,4.9305,-7.2985,-3.1262,0.0213,0.0458,0.9064,5.0517,-7.1634
53.7952,4.9303,-7.2985,-3.1259,0.0213,0.0458,0.9064,5.0517,-7.1634
53.8040,4.9301,-7.2985,-3.1257,0.0213,0.0458,0.8984,5.0517,-7.1634
53.8145,4.9299,-7.2985,-3.1255,0.0213,0.0458,0.8984,5.0520,-7.1620
53.8254,4.9295,-7.2985,-3.1248,0.0213,0.0458,0.8984,5.0520,-7.1620
53.8346,4.9295,-7.2985,-3.1248,0.0213,0.0458,0.8984,5.0520,-7.1620
53.8449,4.9293,-7.2985,-3.1245,0.0225,0.0725,0.8984,5.0520,-7.1620
53.8545,4.9289,-7.2985,-3.1238,0.0225,0.0725,0.8984,5.0520,-7.1620
53.8645,4.9289,-7.2985,-3.1238,0.0225,0.0725,0.8984,5.0520,-7.1620
53.8746,4.9285,-7.2985,-3.1233,0.0225,0.0725,0.8984,5.0520,-7.1620
53.8847,4.9285,-7.2985,-3.1233,0.0225,0.0725,0.8984,5.0520,-7.1620
53.8952,4.9280,-7.2985,-3.1226,0.0225,0.0725,0.9010,5.0520,-7.1620
53.9049,4.9278,-7.2985,-3.1222,0.0225,0.0725,0.9010,5.0520,-7.1620
53.9155,4.9276,-7.2985,-3.1220,0.0225,0.0725,0.9010,5.0509,-7.1612
53.9260,4.9273,-7.2985,-3.1217,0.0225,0.0725,0.9010,5.0509,-7.1612
53.9356,4.9273,-7.2985,-3.1217,0.0225,0.0725,0.9010,5.0509,-7.1612
53.9461,4.9269,-7.2986,-3.1213,0.0219,0.0835,0.9010,5.0509,-7.1612
53.9541,4.9269,-7.2986,-3.1213,0.0219,0.0835,0.9010,5.0509,-7.1612
53.9647,4.9265,-7.2986,-3.1208,0.0219,0.0835,0.9010,5.0509,-7.1612
53.9745,4.9265,-7.2986,-3.1208,0.0219,0.0835,0.9010,5.0509,-7.1612
53.9843,4.9263,-7.2986,-3.1206,0.0219,0.0835,0.9010,5.0509,-7.1612
53.9956,4.9259,-7.2986,-3.1203,0.0219,0.0835,0.8998,5.0509,-7.1612
54.0042,4.9259,-7.2986,-3.1203,0.0219,0.0835,0.8998,5.0509,-7.1612
54.0144,4.9256,-7.2986,-3.1201,0.0219,0.0835,0.8998,5.0497,-7.1599
54.0245,4.9254,-7.2986,-3.1200,0.0219,0.0835,0.8998,5.0497,-7.1599
54.0348,4.9252,-7.2986,-3.1198,0.0219,0.0835,0.8998,5.0497,-7.1599
54.0443,4.9252,-7.2986,-3.1198,0.0215,0.0967,0.8998,5.0497,-7.1599
54.0543,4.9248,-7.2986,-3.1193,0.0215,0.0967,0.8998,5.0497,-7.1599
54.0646,4.9246,-7.2986,-3.1189,0.0215,0.0967,0.8998,5.0497,-7.1599
54.0745,4.9245,-7.2986,-3.1186,0.0215,0.0967,0.8998,5.0497,-7.1599
54.0845,4.9243,-7.2986,-3.1182,0.0215,0.0967,0.8998,5.0497,-7.1599
54.0966,4.9241,-7.2986,-3.1179,0.0215,0.0967,0.8997,5.0497,-7.1599
54.1043,4.9240,-7.2986,-3.1175,0.0215,0.0967,0.8997,5.0497,-7.1599
54.1145,4.9238,-7.2986,-3.1172,0.0215,0.0967,0.8997,5.0494,-7.1592
54.1246,4.9236,-7.2986,-3.1166,0.0215,0.0967,0.8997,5.0494,-7.1592
54.1349,4.9235,-7.2986,-3.1161,0.0215,0.0967,0.8997,5.0494,-7.1592
54.1459,4.9233,-7.2986,-3.1156,0.0211,0.1173,0.8997,5.0494,-7.1592
54.1541,4.9231,-7.2986,-3.1151,0.0211,0.1173,0.8997,5.0494,-7.1592
54.1656,4.9229,-7.2986,-3.1144,0.0211,0.1173,0.8997,5.0494,-7.1592
54.1744,4.9227,-7.2986,-3.1138,0.0211,0.1173,0.8997,5.0494,-7.1592
54.1847,4.9225,-7.2987,-3.1133,0.0211,0.1173,0.8997,5.0494,-7.1592
54.1953,4.9223,-7.2987,-3.1126,0.0211,0.1173,0.8960,5.0494,-7.1592
54.2045,4.9221,-7.2987,-3.1121,0.0211,0.1173,0.8960,5.0494,-7.1592
54.2143,4.9220,-7.2987,-3.1114,0.0211,0.1173,0.8960,5.0475,-7.1582
54.2244,4.9218,-7.2987,-3.1109,0.0211,0.1173,0.8960,5.0475,-7.1582
54.2357,4.9216,-7.2987,-3.1102,0.0211,0.1173,0.8960,5.0475,-7.1582
54.2450,4.9214,-7.2987,-3.1095,0.0211,0.1173,0.8960,5.0475,-7.1582
54.2549,4.9212,-7.2987,-3.1088,0.0211,0.1173,0.8960,5.0475,-7.1582
54.2646,4.9209,-7.2987,-3.1083,0.0212,0.1001,0.8960,5.0475,-7.1582
54.2747,4.9209,-7.2987,-3.1083,0.0212,0.1001,0.8960,5.0475,-7.1582
54.2849,4.9205,-7.2987,-3.1069,0.0212,0.1001,0.8960,5.0475,-7.1582
54.2947,4.9202,-7.2987,-3.1062,0.0212,0.1001,0.8960,5.0475,-7.1582
54.3040,4.9200,-7.2987,-3.1055,0.0212,0.1001,0.9003,5.0475,-7.1582
54.3143,4.9198,-7.2987,-3.1046,0.0212,0.1001,0.9003,5.0471,-7.1559
54.3244,4.9195,-7.2988,-3.1039,0.0212,0.1001,0.9003,5.0471,-7.1559
54.3342,4.9193,-7.2988,-3.1032,0.0212,0.1001,0.9003,5.0471,-7.1559
54.3446,4.9191,-7.2988,-3.1025,0.0231,0.0922,0.9003,5.0471,-7.1559
54.3550,4.9189,-7.2988,-3.1018,0.0231,0.0922,0.9003,5.0471,-7.1559
54.3644,4.9187,-7.2988,-3.1013,0.0231,0.0922,0.9003,5.0471,-7.1559
54.3751,4.9185,-7.2988,-3.1006,0.0231,0.0922,0.9003,5.0471,-7.1559
54.3853,4.9182,-7.2988,-3.0999,0.0231,0.0922,0.9003,5.0471,-7.1559
54.3944,4.9180,-7.2988,-3.0994,0.0231,0.0922,0.9038,5.0471,-7.1559
54.4050,4.9179,-7.2988,-3.0987,0.0231,0.0922,0.9038,5.0455,-7.1574
54.4144,4.9176,-7.2988,-3.0981,0.0231,0.0922,0.9038,5.0455,-7.1574
54.4246,4.9174,-7.2988,-3.0974,0.0231,0.0922,0.9038,5.0455,-7.1574
54.4369,4.9172,-7.2988,-3.0969,0.0231,0.0922,0.9038,5.0455,-7.1574
54.4449,4.9170,-7.2989,-3.0964,0.0229,0.1291,0.9038,5.0455,-7.1574
54.4546,4.9168,-7.2989,-3.0959,0.0229,0.1291,0.9038,5.0455,-7.1574
54.4650,4.9165,-7.2989,-3.0952,0.0229,0.1291,0.9038,5.0455,-7.1574
54.4744,4.9162,-7.2989,-3.0945,0.0229,0.1291,0.9038,5.0455,-7.1574
54.4848,4.9160,-7.2989,-3.0938,0.0229,0.1291,0.9038,5.0455,-7.1574
54.4960,4.9158,-7.2989,-3.0929,0.0229,0.1291,0.9021,5.0455,-7.1574
54.5039,4.9155,-7.2989,-3.0922,0.0229,0.1291,0.9021,5.0455,-7.1574
54.5147,4.9152,-7.2989,-3.0913,0.0229,0.1291,0.9021,5.0429,-7.1534
54.5248,4.9150,-7.2990,-3.0903,0.0229,0.1291,0.9021,5.0429,-7.1534
54.5356,4.9150,-7.2990,-3.0894,0.0229,0.1291,0.9021,5.0429,-7.1534
54.5444,4.9145,-7.2990,-3.0884,0.0235,0.1004,0.9021,5.0429,-7.1534
54.5546,4.9143,-7.2990,-3.0875,0.0235,0.1004,0.9021,5.0429,-7.1534
54.5697,4.9140,-7.2990,-3.0864,0.0235,0.1004,0.9021,5.0429,-7.1534
54.5741,4.9138,-7.2990,-3.0854,0.0235,0.1004,0.9021,5.0429,-7.1534
54.5843,4.9136,-7.2990,-3.0845,0.0235,0.1004,0.9021,5.0429,-7.1534
54.5960,4.9134,-7.2990,-3.0835,0.0235,0.1004,0.8996,5.0429,-7.1534
54.6043,4.9132,-7.2991,-3.0826,0.0235,0.1004,0.8996,5.0429,-7.1534
54.6145,4.9130,-7.2991,-3.0816,0.0235,0.1004,0.8996,5.0429,-7.1534
54.6254,4.9128,-7.2991,-3.0807,0.0235,0.1004,0.8996,5.0403,-7.1553
54.6342,4.9126,-7.2991,-3.0798,0.0235,0.1004,0.8996,5.0403,-7.1553
54.6445,4.9124,-7.2991,-3.0791,0.0235,0.1004,0.8996,5.0403,-7.1553
54.6540,4.9122,-7.2991,-3.0784,0.0228,0.0942,0.8996,5.0403,-7.1553
54.6646,4.9120,-7.2991,-3.0775,0.0228,0.0942,0.8996,5.0403,-7.1553
54.6752,4.9118,-7.2991,-3.0768,0.0228,0.0942,0.8996,5.0403,-7.1553
54.6847,4.9116,-7.2991,-3.0761,0.0228,0.0942,0.8996,5.0403,-7.1553
54.6956,4.9115,-7.2992,-3.0754,0.0228,0.0942,0.9033,5.0403,-7.1553
54.7053,4.9112,-7.2992,-3.0747,0.0228,0.0942,0.9033,5.0383,-7.1567
54.7175,4.9110,-7.2992,-3.0740,0.0228,0.0942,0.9033,5.0383,-7.1567
54.7254,4.9108,-7.2992,-3.0732,0.0228,0.0942,0.9033,5.0383,-7.1567
54.7349,4.9107,-7.2992,-3.0723,0.0228,0.0942,0.9033,5.0383,-7.1567
54.7469,4.9105,-7.2992,-3.0713,0.0236,0.1012,0.9033,5.0383,-7.1567
54.7550,4.9102,-7.2992,-3.0704,0.0236,0.1012,0.9033,5.0383,-7.1567
54.7654,4.9100,-7.2993,-3.0693,0.0236,0.1012,0.9033,5.0383,-7.1567
54.7751,4.9098,-7.2993,-3.0683,0.0236,0.1012,0.9033,5.0383,-7.1567
54.7848,4.9096,-7.2993,-3.0672,0.0236,0.1012,0.9033,5.0383,-7.1567
54.7946,4.9093,-7.2993,-3.0662,0.0236,0.1012,0.8960,5.0383,-7.1567
54.8048,4.9091,-7.2993,-3.0650,0.0236,0.1012,0.8960,5.0383,-7.1567
54.8155,4.9088,-7.2993,-3.0639,0.0236,0.1012,0.8960,5.0384,-7.1581
54.8257,4.9086,-7.2994,-3.0627,0.0236,0.1012,0.8960,5.0384,-7.1581
54.8343,4.9083,-7.2994,-3.0615,0.0236,0.1012,0.8960,5.0384,-7.1581
54.8463,4.9080,-7.2994,-3.0604,0.0228,0.0365,0.8960,5.0384,-7.1581
54.8550,4.9078,-7.2994,-3.0592,0.0228,0.0365,0.8960,5.0384,-7.1581
54.8647,4.9075,-7.2995,-3.0580,0.0228,0.0365,0.8960,5.0384,-7.1581
54.8748,4.9072,-7.2995,-3.0568,0.0228,0.0365,0.8960,5.0384,-7.1581
54.8844,4.9070,-7.2995,-3.0555,0.0228,0.0365,0.8960,5.0384,-7.1581
54.8969,4.9067,-7.2995,-3.0543,0.0228,0.0365,0.9003,5.0384,-7.1581
54.9043,4.9065,-7.2995,-3.0531,0.0228,0.0365,0.9003,5.0384,-7.1581
54.9147,4.9062,-7.2996,-3.0519,0.0228,0.0365,0.9003,5.0347,-7.1572
54.9254,4.9059,-7.2996,-3.0507,0.0228,0.0365,0.9003,5.0347,-7.1572
54.9370,4.9057,-7.2996,-3.0494,0.0228,0.0365,0.9003,5.0347,-7.1572
54.9450,4.9054,-7.2996,-3.0484,0.0227,0.0156,0.9003,5.0347,-7.1572
54.9548,4.9051,-7.2997,-3.0473,0.0227,0.0156,0.9003,5.0347,-7.1572
54.9643,4.9048,-7.2997,-3.0463,0.0227,0.0156,0.9003,5.0347,-7.1572
54.9747,4.9045,-7.2997,-3.0453,0.0227,0.0156,0.9003,5.0347,-7.1572
54.9848,4.9042,-7.2998,-3.0442,0.0227,0.0156,0.9003,5.0347,-7.1572
54.9952,4.9039,-7.2998,-3.0432,0.0227,0.0156,0.8969,5.0347,-7.1572
55.0041,4.9036,-7.2998,-3.0423,0.0227,0.0156,0.8969,5.0328,-7.1563
55.0146,4.9034,-7.2998,-3.0414,0.0227,0.0156,0.8969,5.0328,-7.1563
55.0249,4.9031,-7.2999,-3.0407,0.0227,0.0156,0.8969,5.0328,-7.1563
55.0347,4.9029,-7.2999,-3.0400,0.0227,0.0156,0.8969,5.0328,-7.1563
55.0451,4.9027,-7.2999,-3.0395,0.0227,0.0156,0.8969,5.0328,-7.1563
55.0546,4.9025,-7.2999,-3.0390,0.0231,-0.0377,0.8969,5.0328,-7.1563
55.0650,4.9024,-7.2999,-3.0386,0.0231,-0.0377,0.8969,5.0328,-7.1563
55.0750,4.9022,-7.3000,-3.0383,0.0231,-0.0377,0.8969,5.0328,-7.1563
55.0850,4.9021,-7.3000,-3.0379,0.0231,-0.0377,0.8969,5.0328,-7.1563
55.0951,4.9019,-7.3000,-3.0377,0.0231,-0.0377,0.9039,5.0328,-7.1563
55.1049,4.9018,-7.3000,-3.0374,0.0231,-0.0377,0.9039,5.0319,-7.1549
55.1167,4.9017,-7.3000,-3.0372,0.0231,-0.0377,0.9039,5.0319,-7.1549
55.1248,4.9015,-7.3000,-3.0370,0.0231,-0.0377,0.9039,5.0319,-7.1549
55.1363,4.9014,-7.3000,-3.0369,0.0231,-0.0377,0.9039,5.0319,-7.1549
55.1441,4.9013,-7.3001,-3.0369,0.0228,-0.0552,0.9039,5.0319,-7.1549
55.1540,4.9012,-7.3001,-3.0369,0.0228,-0.0552,0.9039,5.0319,-7.1549
55.1642,4.9011,-7.3001,-3.0370,0.0228,-0.0552,0.9039,5.0319,-7.1549
55.1741,4.9010,-7.3001,-3.0370,0.0228,-0.0552,0.9039,5.0319,-7.1549
55.1850,4.9009,-7.3001,-3.0372,0.0228,-0.0552,0.9039,5.0319,-7.1549
55.1947,4.9008,-7.3001,-3.0372,0.0228,-0.0552,0.8975,5.0319,-7.1549
55.2051,4.9007,-7.3001,-3.0372,0.0228,-0.0552,0.8975,5.0319,-7.1549
55.2152,4.9006,-7.3001,-3.0374,0.0228,-0.0552,0.8975,5.0313,-7.1572
55.2249,4.9006,-7.3001,-3.0374,0.0228,-0.0552,0.8975,5.0313,-7.1572
55.2360,4.9005,-7.3001,-3.0374,0.0228,-0.0552,0.8975,5.0313,-7.1572
55.2475,4.9004,-7.3001,-3.0374,0.0228,-0.0552,0.8975,5.0313,-7.1572
55.2552,4.9003,-7.3002,-3.0372,0.0231,-0.0858,0.8975,5.0313,-7.1572
55.2644,4.9002,-7.3002,-3.0372,0.0231,-0.0858,0.8975,5.0313,-7.1572
55.2744,4.9001,-7.3002,-3.0372,0.0231,-0.0858,0.8975,5.0313,-7.1572
55.2843,4.9000,-7.3002,-3.0372,0.0231,-0.0858,0.8975,5.0313,-7.1572
55.2961,4.8999,-7.3002,-3.0370,0.0231,-0.0858,0.9054,5.0313,-7.1572
55.3055,4.8998,-7.3002,-3.0370,0.0231,-0.0858,0.9054,5.0310,-7.1585
55.3155,4.8997,-7.3002,-3.0369,0.0231,-0.0858,0.9054,5.0310,-7.1585
55.3249,4.8996,-7.3002,-3.0369,0.0231,-0.0858,0.9054,5.0310,-7.1585
55.3359,4.8994,-7.3002,-3.0367,0.0231,-0.0858,0.9054,5.0310,-7.1585
55.3450,4.8993,-7.3003,-3.0367,0.0231,-0.0858,0.9054,5.0310,-7.1585
55.3581,4.8991,-7.3003,-3.0365,0.0227,-0.0389,0.9054,5.0310,-7.1585
55.3650,4.8990,-7.3003,-3.0365,0.0227,-0.0389,0.9054,5.0310,-7.1585
55.3752,4.8989,-7.3003,-3.0363,0.0227,-0.0389,0.9054,5.0310,-7.1585
55.3848,4.8987,-7.3003,-3.0363,0.0227,-0.0389,0.9054,5.0310,-7.1585
55.4094,4.8984,-7.3004,-3.0360,0.0227,-0.0389,0.8995,5.0317,-7.1604
55.4162,4.8982,-7.3004,-3.0358,0.0227,-0.0389,0.8995,5.0317,-7.1604
55.4254,4.8981,-7.3004,-3.0357,0.0227,-0.0389,0.8995,5.0317,-7.1604
55.4348,4.8979,-7.3004,-3.0353,0.0227,-0.0389,0.8995,5.0317,-7.1604
55.4446,4.8977,-7.3004,-3.0351,0.0228,-0.0868,0.8995,5.0317,-7.1604
55.4545,4.8975,-7.3005,-3.0348,0.0228,-0.0868,0.8995,5.0317,-7.1604
55.4648,4.8973,-7.3005,-3.0344,0.0228,-0.0868,0.8995,5.0317,-7.1604
55.4749,4.8971,-7.3005,-3.0341,0.0228,-0.0868,0.8995,5.0317,-7.1604
55.4848,4.8969,-7.3005,-3.0337,0.0228,-0.0868,0.8995,5.0317,-7.1604
55.4959,4.8967,-7.3005,-3.0334,0.0228,-0.0868,0.9049,5.0317,-7.1604
55.5045,4.8965,-7.3006,-3.0329,0.0228,-0.0868,0.9049,5.0316,-7.1568
55.5145,4.8963,-7.3006,-3.0325,0.0228,-0.0868,0.9049,5.0316,-7.1568
55.5258,4.8960,-7.3006,-3.0322,0.0228,-0.0868,0.9049,5.0316,-7.1568
55.5346,4.8959,-7.3006,-3.0320,0.0228,-0.0868,0.9049,5.0316,-7.1568
55.5455,4.8957,-7.3006,-3.0316,0.0231,-0.1294,0.9049,5.0316,-7.1568
55.5543,4.8954,-7.3007,-3.0316,0.0231,-0.1294,0.9049,5.0316,-7.1568
55.5647,4.8953,-7.3007,-3.0316,0.0231,-0.1294,0.9049,5.0316,-7.1568
55.5748,4.8951,-7.3007,-3.0316,0.0231,-0.1294,0.9049,5.0316,-7.1568
55.5861,4.8949,-7.3007,-3.0318,0.0231,-0.1294,0.9049,5.0316,-7.1568
55.5952,4.8947,-7.3008,-3.0320,0.0231,-0.1294,0.9025,5.0316,-7.1568
55.6045,4.8945,-7.3008,-3.0322,0.0231,-0.1294,0.9025,5.0279,-7.1569
55.6149,4.8943,-7.3008,-3.0325,0.0231,-0.1294,0.9025,5.0279,-7.1569
55.6251,4.8941,-7.3008,-3.0325,0.0231,-0.1294,0.9025,5.0279,-7.1569
55.6352,4.8939,-7.3008,-3.0329,0.0231,-0.1294,0.9025,5.0279,-7.1569
55.6446,4.8937,-7.3009,-3.0332,0.0228,-0.1231,0.9025,5.0279,-7.1569
55.6555,4.8934,-7.3009,-3.0336,0.0228,-0.1231,0.9025,5.0279,-7.1569
55.6648,4.8932,-7.3009,-3.0341,0.0228,-0.1231,0.9025,5.0279,-7.1569
55.6749,4.8929,-7.3009,-3.0346,0.0228,-0.1231,0.9025,5.0279,-7.1569
55.6849,4.8927,-7.3010,-3.0351,0.0228,-0.1231,0.9025,5.0279,-7.1569
55.6952,4.8924,-7.3010,-3.0357,0.0228,-0.1231,0.8986,5.0279,-7.1569
55.7051,4.8922,-7.3010,-3.0362,0.0228,-0.1231,0.8986,5.0269,-7.1577
55.7149,4.8919,-7.3011,-3.0367,0.0228,-0.1231,0.8986,5.0269,-7.1577
55.7257,4.8917,-7.3011,-3.0370,0.0228,-0.1231,0.8986,5.0269,-7.1577
55.7351,4.8914,-7.3011,-3.0376,0.0228,-0.1231,0.8986,5.0269,-7.1577
55.7448,4.8911,-7.3011,-3.0381,0.0221,-0.0856,0.8986,5.0269,-7.1577
55.7544,4.8909,-7.3012,-3.0384,0.0221,-0.0856,0.8986,5.0269,-7.1577
55.7648,4.8906,-7.3012,-3.0390,0.0221,-0.0856,0.8986,5.0269,-7.1577
55.7754,4.8904,-7.3012,-3.0393,0.0221,-0.0856,0.8986,5.0269,-7.1577
55.7847,4.8901,-7.3012,-3.0398,0.0221,-0.0856,0.8986,5.0269,-7.1577
55.8079,4.8896,-7.3013,-3.0405,0.0221,-0.0856,0.9074,5.0269,-7.1577
55.8151,4.8893,-7.3013,-3.0409,0.0221,-0.0856,0.9074,5.0258,-7.1557
55.8244,4.8891,-7.3013,-3.0412,0.0221,-0.0856,0.9074,5.0258,-7.1557
55.8345,4.8888,-7.3014,-3.0418,0.0221,-0.0856,0.9074,5.0258,-7.1557
55.8457,4.8885,-7.3014,-3.0421,0.0221,-0.0856,0.9074,5.0258,-7.1557
55.8546,4.8883,-7.3014,-3.0425,0.0229,-0.0577,0.9074,5.0258,-7.1557
55.8642,4.8880,-7.3014,-3.0428,0.0229,-0.0577,0.9074,5.0258,-7.1557
55.8745,4.8878,-7.3015,-3.0433,0.0229,-0.0577,0.9074,5.0258,-7.1557
55.8845,4.8875,-7.3015,-3.0437,0.0229,-0.0577,0.9074,5.0258,-7.1557
55.8949,4.8873,-7.3015,-3.0442,0.0229,-0.0577,0.9113,5.0258,-7.1557
55.9039,4.8871,-7.3015,-3.0447,0.0229,-0.0577,0.9113,5.0252,-7.1584
55.9147,4.8868,-7.3016,-3.0453,0.0229,-0.0577,0.9113,5.0252,-7.1584
55.9245,4.8866,-7.3016,-3.0458,0.0229,-0.0577,0.9113,5.0252,-7.1584
55.9352,4.8865,-7.3016,-3.0463,0.0229,-0.0577,0.9113,5.0252,-7.1584
55.9452,4.8862,-7.3016,-3.0468,0.0235,-0.0862,0.9113,5.0252,-7.1584
55.9546,4.8860,-7.3016,-3.0473,0.0235,-0.0862,0.9113,5.0252,-7.1584
55.9654,4.8858,-7.3017,-3.0479,0.0235,-0.0862,0.9113,5.0252,-7.1584
55.9742,4.8857,-7.3017,-3.0484,0.0235,-0.0862,0.9113,5.0252,-7.1584
55.9842,4.8855,-7.3017,-3.0489,0.0235,-0.0862,0.9113,5.0252,-7.1584
55.9954,4.8853,-7.3017,-3.0494,0.0235,-0.0862,0.9011,5.0252,-7.1584
56.0041,4.8851,-7.3017,-3.0498,0.0235,-0.0862,0.9011,5.0242,-7.1593
56.0152,4.8848,-7.3018,-3.0503,0.0235,-0.0862,0.9011,5.0242,-7.1593
56.0260,4.8846,-7.3018,-3.0508,0.0235,-0.0862,0.9011,5.0242,-7.1593
56.0343,4.8845,-7.3018,-3.0514,0.0235,-0.0862,0.9011,5.0242,-7.1593
56.0454,4.8843,-7.3018,-3.0519,0.0235,-0.0862,0.9011,5.0242,-7.1593
56.0554,4.8841,-7.3018,-3.0526,0.0217,-0.0513,0.9011,5.0242,-7.1593
56.0650,4.8841,-7.3018,-3.0531,0.0217,-0.0513,0.9011,5.0242,-7.1593
56.0749,4.8837,-7.3019,-3.0538,0.0217,-0.0513,0.9011,5.0242,-7.1593
56.0851,4.8835,-7.3019,-3.0545,0.0217,-0.0513,0.9011,5.0242,-7.1593
56.0958,4.8833,-7.3019,-3.0554,0.0217,-0.0513,0.9011,5.0242,-7.1593
56.1044,4.8832,-7.3019,-3.0561,0.0217,-0.0513,0.9011,5.0242,-7.1593
56.1147,4.8830,-7.3019,-3.0569,0.0217,-0.0513,0.9011,5.0238,-7.1583
56.1246,4.8829,-7.3019,-3.0578,0.0217,-0.0513,0.9011,5.0238,-7.1583
56.1346,4.8827,-7.3019,-3.0587,0.0217,-0.0513,0.9011,5.0238,-7.1583
56.1449,4.8825,-7.3020,-3.0596,0.0229,-0.0724,0.9011,5.0238,-7.1583
56.1558,4.8823,-7.3020,-3.0604,0.0229,-0.0724,0.9011,5.0238,-7.1583
56.1659,4.8821,-7.3020,-3.0613,0.0229,-0.0724,0.9011,5.0238,-7.1583
56.1747,4.8819,-7.3020,-3.0622,0.0229,-0.0724,0.9011,5.0238,-7.1583
56.1847,4.8817,-7.3020,-3.0631,0.0229,-0.0724,0.9011,5.0238,-7.1583
56.1956,4.8815,-7.3020,-3.0638,0.0229,-0.0724,0.9062,5.0238,-7.1583
56.2055,4.8813,-7.3021,-3.0646,0.0229,-0.0724,0.9062,5.0208,-7.1605
56.2150,4.8810,-7.3021,-3.0655,0.0229,-0.0724,0.9062,5.0208,-7.1605
56.2247,4.8808,-7.3021,-3.0664,0.0229,-0.0724,0.9062,5.0208,-7.1605
56.2352,4.8806,-7.3021,-3.0671,0.0229,-0.0724,0.9062,5.0208,-7.1605
56.2463,4.8803,-7.3021,-3.0679,0.0226,-0.1035,0.9062,5.0208,-7.1605
56.2545,4.8801,-7.3021,-3.0686,0.0226,-0.1035,0.9062,5.0208,-7.1605
56.2646,4.8799,-7.3022,-3.0695,0.0226,-0.1035,0.9062,5.0208,-7.1605
56.2746,4.8796,-7.3022,-3.0702,0.0226,-0.1035,0.9062,5.0208,-7.1605
56.2848,4.8794,-7.3022,-3.0709,0.0226,-0.1035,0.9062,5.0208,-7.1605
56.2944,4.8792,-7.3022,-3.0714,0.0226,-0.1035,0.8952,5.0208,-7.1605
56.3048,4.8790,-7.3022,-3.0720,0.0226,-0.1035,0.8952,5.0177,-7.1614
56.3152,4.8788,-7.3022,-3.0725,0.0226,-0.1035,0.8952,5.0177,-7.1614
56.3251,4.8785,-7.3023,-3.0732,0.0226,-0.1035,0.8952,5.0177,-7.1614
56.3351,4.8783,-7.3023,-3.0737,0.0226,-0.1035,0.8952,5.0177,-7.1614
56.3460,4.8781,-7.3023,-3.0742,0.0226,-0.1035,0.8952,5.0177,-7.1614
56.3544,4.8779,-7.3023,-3.0749,0.0234,-0.1058,0.8952,5.0177,-7.1614
56.3647,4.8777,-7.3023,-3.0754,0.0234,-0.1058,0.8952,5.0177,-7.1614
56.3749,4.8775,-7.3023,-3.0761,0.0234,-0.1058,0.8952,5.0177,-7.1614
56.3842,4.8773,-7.3023,-3.0768,0.0234,-0.1058,0.8952,5.0177,-7.1614
56.3947,4.8772,-7.3023,-3.0777,0.0234,-0.1058,0.8960,5.0177,-7.1614
56.4047,4.8770,-7.3024,-3.0784,0.0234,-0.1058,0.8960,5.0157,-7.1569
56.4149,4.8767,-7.3024,-3.0791,0.0234,-0.1058,0.8960,5.0157,-7.1569
56.4344,4.8764,-7.3024,-3.0809,0.0234,-0.1058,0.8960,5.0157,-7.1569
56.4345,4.8764,-7.3024,-3.0809,0.0234,-0.1058,0.8960,5.0157,-7.1569
56.4445,4.8762,-7.3024,-3.0816,0.0234,-0.1058,0.8960,5.0157,-7.1569
56.4543,4.8759,-7.3024,-3.0824,0.0230,-0.1531,0.8960,5.0157,-7.1569
56.4642,4.8758,-7.3024,-3.0831,0.0230,-0.1531,0.8960,5.0157,-7.1569
56.4751,4.8756,-7.3024,-3.0838,0.0230,-0.1531,0.8960,5.0157,-7.1569
56.4844,4.8754,-7.3025,-3.0847,0.0230,-0.1531,0.8960,5.0157,-7.1569
56.4945,4.8752,-7.3025,-3.0854,0.0230,-0.1531,0.8981,5.0157,-7.1569
56.5065,4.8750,-7.3025,-3.0863,0.0230,-0.1531,0.8981,5.0157,-7.1569
56.5146,4.8748,-7.3025,-3.0870,0.0230,-0.1531,0.8981,5.0153,-7.1594
56.5262,4.8746,-7.3025,-3.0877,0.0230,-0.1531,0.8981,5.0153,-7.1594
56.5347,4.8745,-7.3025,-3.0884,0.0230,-0.1531,0.8981,5.0153,-7.1594
56.5458,4.8743,-7.3025,-3.0891,0.0234,-0.1037,0.8981,5.0153,-7.1594
56.5540,4.8741,-7.3025,-3.0898,0.0234,-0.1037,0.8981,5.0153,-7.1594
56.5662,4.8739,-7.3025,-3.0906,0.0234,-0.1037,0.8981,5.0153,-7.1594
56.5746,4.8737,-7.3025,-3.0913,0.0234,-0.1037,0.8981,5.0153,-7.1594
56.5848,4.8736,-7.3026,-3.0922,0.0234,-0.1037,0.8981,5.0153,-7.1594
56.5956,4.8734,-7.3026,-3.0932,0.0234,-0.1037,0.9096,5.0153,-7.1594
56.6039,4.8732,-7.3026,-3.0943,0.0234,-0.1037,0.9096,5.0157,-7.1624
56.6142,4.8730,-7.3026,-3.0953,0.0234,-0.1037,0.9096,5.0157,-7.1624
56.6257,4.8729,-7.3026,-3.0964,0.0234,-0.1037,0.9096,5.0157,-7.1624
56.6353,4.8727,-7.3026,-3.0974,0.0234,-0.1037,0.9096,5.0157,-7.1624
56.6444,4.8726,-7.3026,-3.0985,0.0234,-0.1037,0.9096,5.0157,-7.1624
56.6542,4.8724,-7.3026,-3.0995,0.0220,-0.0646,0.9096,5.0157,-7.1624
56.6643,4.8722,-7.3026,-3.1006,0.0220,-0.0646,0.9096,5.0157,-7.1624
56.6741,4.8721,-7.3026,-3.1016,0.0220,-0.0646,0.9096,5.0157,-7.1624
56.6844,4.8719,-7.3026,-3.1027,0.0220,-0.0646,0.9096,5.0157,-7.1624
56.6950,4.8716,-7.3026,-3.1039,0.0220,-0.0646,0.9007,5.0157,-7.1624
56.7045,4.8715,-7.3026,-3.1049,0.0220,-0.0646,0.9007,5.0168,-7.1636
56.7148,4.8713,-7.3026,-3.1060,0.0220,-0.0646,0.9007,5.0168,-7.1636
56.7251,4.8711,-7.3027,-3.1070,0.0220,-0.0646,0.9007,5.0168,-7.1636
56.7346,4.8709,-7.3027,-3.1081,0.0220,-0.0646,0.9007,5.0168,-7.1636
56.7442,4.8707,-7.3027,-3.1090,0.0231,-0.0487,0.9007,5.0168,-7.1636
56.7550,4.8705,-7.3027,-3.1100,0.0231,-0.0487,0.9007,5.0168,-7.1636
56.7642,4.8703,-7.3027,-3.1109,0.0231,-0.0487,0.9007,5.0168,-7.1636
56.7744,4.8701,-7.3027,-3.1117,0.0231,-0.0487,0.9007,5.0168,-7.1636
56.7863,4.8699,-7.3027,-3.1128,0.0231,-0.0487,0.9007,5.0168,-7.1636
56.7943,4.8697,-7.3027,-3.1135,0.0231,-0.0487,0.8958,5.0168,-7.1636
56.8067,4.8694,-7.3027,-3.1144,0.0231,-0.0487,0.8958,5.0170,-7.1650
56.8161,4.8692,-7.3027,-3.1151,0.0231,-0.0487,0.8958,5.0170,-7.1650
56.8253,4.8690,-7.3027,-3.1158,0.0231,-0.0487,0.8958,5.0170,-7.1650
56.8365,4.8688,-7.3027,-3.1165,0.0231,-0.0487,0.8958,5.0170,-7.1650
56.8451,4.8686,-7.3027,-3.1172,0.0235,-0.0529,0.8958,5.0170,-7.1650
56.8543,4.8684,-7.3027,-3.1179,0.0235,-0.0529,0.8958,5.0170,-7.1650
56.8652,4.8681,-7.3027,-3.1184,0.0235,-0.0529,0.8958,5.0170,-7.1650
56.8747,4.8680,-7.3027,-3.1189,0.0235,-0.0529,0.8958,5.0170,-7.1650
56.8851,4.8678,-7.3027,-3.1196,0.0235,-0.0529,0.8958,5.0170,-7.1650
56.8952,4.8676,-7.3028,-3.1201,0.0235,-0.0529,0.9044,5.0170,-7.1650
56.9044,4.8674,-7.3028,-3.1206,0.0235,-0.0529,0.9044,5.0138,-7.1628
56.9150,4.8672,-7.3028,-3.1212,0.0235,-0.0529,0.9044,5.0138,-7.1628
56.9261,4.8670,-7.3028,-3.1217,0.0235,-0.0529,0.9044,5.0138,-7.1628
56.9350,4.8668,-7.3028,-3.1224,0.0235,-0.0529,0.9044,5.0138,-7.1628
56.9468,4.8667,-7.3028,-3.1231,0.0230,-0.0279,0.9044,5.0138,-7.1628
56.9545,4.8665,-7.3028,-3.1238,0.0230,-0.0279,0.9044,5.0138,-7.1628
56.9655,4.8663,-7.3028,-3.1245,0.0230,-0.0279,0.9044,5.0138,-7.1628
56.9751,4.8661,-7.3028,-3.1252,0.0230,-0.0279,0.9044,5.0138,-7.1628
56.9856,4.8659,-7.3028,-3.1261,0.0230,-0.0279,0.9044,5.0138,-7.1628
56.9953,4.8657,-7.3028,-3.1268,0.0230,-0.0279,0.9072,5.0138,-7.1628
57.0045,4.8656,-7.3028,-3.1275,0.0230,-0.0279,0.9072,5.0113,-7.1627
57.0151,4.8654,-7.3028,-3.1282,0.0230,-0.0279,0.9072,5.0113,-7.1627
57.0249,4.8652,-7.3028,-3.1289,0.0230,-0.0279,0.9072,5.0113,-7.1627
57.0351,4.8651,-7.3028,-3.1294,0.0230,-0.0279,0.9072,5.0113,-7.1627
57.0448,4.8648,-7.3028,-3.1301,0.0220,0.0020,0.9072,5.0113,-7.1627
57.0546,4.8647,-7.3028,-3.1304,0.0220,0.0020,0.9072,5.0113,-7.1627
57.0649,4.8647,-7.3028,-3.1309,0.0220,0.0020,0.9072,5.0113,-7.1627
57.0746,4.8643,-7.3028,-3.1313,0.0220,0.0020,0.9072,5.0113,-7.1627
57.0846,4.8642,-7.3028,-3.1316,0.0220,0.0020,0.9072,5.0113,-7.1627
57.0960,4.8640,-7.3028,-3.1320,0.0220,0.0020,0.9072,5.0113,-7.1627
57.1043,4.8638,-7.3028,-3.1323,0.0220,0.0020,0.9072,5.0094,-7.1620
57.1143,4.8636,-7.3028,-3.1327,0.0220,0.0020,0.9072,5.0094,-7.1620
57.1251,4.8635,-7.3028,-3.1329,0.0220,0.0020,0.9072,5.0094,-7.1620
57.1349,4.8633,-7.3028,-3.1332,0.0220,0.0020,0.9072,5.0094,-7.1620
57.1441,4.8631,-7.3028,-3.1334,0.0230,0.0379,0.9072,5.0094,-7.1620
57.1544,4.8629,-7.3028,-3.1337,0.0230,0.0379,0.9072,5.0094,-7.1620
57.1648,4.8627,-7.3028,-3.1341,0.0230,0.0379,0.9072,5.0094,-7.1620
57.1743,4.8625,-7.3028,-3.1344,0.0230,0.0379,0.9072,5.0094,-7.1620
57.1843,4.8623,-7.3028,-3.1348,0.0230,0.0379,0.9072,5.0094,-7.1620
57.1948,4.8621,-7.3028,-3.1351,0.0230,0.0379,0.9085,5.0077,-7.1621
57.2047,4.8620,-7.3028,-3.1355,0.0230,0.0379,0.9085,5.0077,-7.1621
57.2150,4.8618,-7.3028,-3.1360,0.0230,0.0379,0.9085,5.0077,-7.1621
57.2243,4.8616,-7.3028,-3.1365,0.0230,0.0379,0.9085,5.0077,-7.1621
57.2357,4.8614,-7.3028,-3.1369,0.0230,0.0379,0.9085,5.0077,-7.1621
57.2447,4.8612,-7.3028,-3.1374,0.0214,0.0981,0.9085,5.0077,-7.1621
57.2541,4.8610,-7.3028,-3.1379,0.0214,0.0981,0.9085,5.0077,-7.1621
57.2644,4.8609,-7.3028,-3.1385,0.0214,0.0981,0.9085,5.0077,-7.1621
57.2757,4.8607,-7.3028,-3.1390,0.0214,0.0981,0.9085,5.0077,-7.1621
57.2853,4.8604,-7.3028,-3.1395,0.0214,0.0981,0.9085,5.0077,-7.1621
57.2985,4.8602,-7.3028,-3.1400,0.0214,0.0981,0.9060,5.0077,-7.1621
57.3045,4.8601,-7.3028,-3.1405,0.0214,0.0981,0.9060,5.0038,-7.1638
57.3148,4.8599,-7.3028,-3.1412,0.0214,0.0981,0.9060,5.0038,-7.1638
57.3249,4.8597,-7.3028,-3.1416,0.0214,0.0981,0.9060,5.0038,-7.1638
57.3365,4.8594,-7.3028,3.1411,0.0214,0.0981,0.9060,5.0038,-7.1638
57.3448,4.8593,-7.3028,3.1407,0.0214,0.0981,0.9060,5.0038,-7.1638
57.3544,4.8591,-7.3028,3.1404,0.0214,0.0981,0.9060,5.0038,-7.1638
57.3647,4.8589,-7.3028,3.1400,0.0214,0.0981,0.9060,5.0038,-7.1638
57.3746,4.8587,-7.3028,3.1398,0.0199,-0.0446,0.9060,5.0038,-7.1638
57.3849,4.8585,-7.3028,3.1397,0.0199,-0.0446,0.9060,5.0038,-7.1638
57.3960,4.8584,-7.3028,3.1395,0.0199,-0.0446,0.9108,5.0038,-7.1638
57.4046,4.8581,-7.3028,3.1393,0.0199,-0.0446,0.9108,5.0019,-7.1635
57.4152,4.8580,-7.3028,3.1393,0.0199,-0.0446,0.9108,5.0019,-7.1635
57.4275,4.8578,-7.3028,3.1391,0.0199,-0.0446,0.9108,5.0019,-7.1635
57.4352,4.8576,-7.3028,3.1391,0.0199,-0.0446,0.9108,5.0019,-7.1635
57.4453,4.8575,-7.3028,3.1391,0.0228,-0.0354,0.9108,5.0019,-7.1635
57.4552,4.8573,-7.3028,3.1391,0.0228,-0.0354,0.9108,5.0019,-7.1635
57.4644,4.8572,-7.3028,3.1391,0.0228,-0.0354,0.9108,5.0019,-7.1635
57.4743,4.8571,-7.3028,3.1391,0.0228,-0.0354,0.9108,5.0019,-7.1635
57.4882,4.8570,-7.3028,3.1390,0.0228,-0.0354,0.9108,5.0019,-7.1635
57.4948,4.8569,-7.3028,3.1388,0.0228,-0.0354,0.9126,5.0019,-7.1635
57.5043,4.8568,-7.3028,3.1386,0.0228,-0.0354,0.9126,4.9985,-7.1644
57.5145,4.8567,-7.3028,3.1383,0.0228,-0.0354,0.9126,4.9985,-7.1644
57.5245,4.8566,-7.3028,3.1381,0.0228,-0.0354,0.9126,4.9985,-7.1644
57.5346,4.8564,-7.3028,3.1378,0.0228,-0.0354,0.9126,4.9985,-7.1644
57.5444,4.8563,-7.3028,3.1374,0.0228,-0.0354,0.9126,4.9985,-7.1644
57.5543,4.8561,-7.3028,3.1371,0.0227,-0.0372,0.9126,4.9985,-7.1644
57.5734,4.8558,-7.3028,3.1364,0.0227,-0.0372,0.9126,4.9985,-7.1644
57.5756,4.8558,-7.3028,3.1364,0.0227,-0.0372,0.9126,4.9985,-7.1644
57.5855,4.8557,-7.3028,3.1360,0.0227,-0.0372,0.9034,4.9985,-7.1644
57.5948,4.8556,-7.3028,3.1357,0.0227,-0.0372,0.9034,4.9985,-7.1644
57.6042,4.8554,-7.3028,3.1353,0.0227,-0.0372,0.9034,4.9776,-7.1661
57.6145,4.8552,-7.3028,3.1350,0.0227,-0.0372,0.9034,4.9776,-7.1661
57.6253,4.8551,-7.3028,3.1346,0.0227,-0.0372,0.9034,4.9776,-7.1661
57.6365,4.8549,-7.3028,3.1343,0.0227,-0.0372,0.9034,4.9776,-7.1661
57.6456,4.8547,-7.3028,3.1339,0.0221,-0.0422,0.9034,4.9776,-7.1661
57.6546,4.8545,-7.3028,3.1336,0.0221,-0.0422,0.9034,4.9776,-7.1661
57.6648,4.8544,-7.3028,3.1332,0.0221,-0.0422,0.9034,4.9776,-7.1661
57.6752,4.8542,-7.3028,3.1329,0.0221,-0.0422,0.9034,4.9776,-7.1661
57.6871,4.8540,-7.3028,3.1325,0.0221,-0.0422,0.9057,4.9776,-7.1661
57.6948,4.8538,-7.3028,3.1322,0.0221,-0.0422,0.9057,4.9776,-7.1661
57.7046,4.8536,-7.3028,3.1316,0.0221,-0.0422,0.9057,4.9618,-7.1688
57.7152,4.8534,-7.3028,3.1313,0.0221,-0.0422,0.9057,4.9618,-7.1688
57.7272,4.8531,-7.3028,3.1308,0.0221,-0.0422,0.9057,4.9618,-7.1688
57.7358,4.8529,-7.3028,3.1304,0.0221,-0.0422,0.9057,4.9618,-7.1688
57.7452,4.8527,-7.3028,3.1299,0.0229,-0.0320,0.9057,4.9618,-7.1688
57.7546,4.8525,-7.3028,3.1299,0.0229,-0.0320,0.9057,4.9618,-7.1688
57.7662,4.8522,-7.3028,3.1295,0.0229,-0.0320,0.9057,4.9618,-7.1688
57.7747,4.8520,-7.3028,3.1290,0.0229,-0.0320,0.9057,4.9618,-7.1688
57.7851,4.8518,-7.3028,3.1287,0.0229,-0.0320,0.9057,4.9618,-7.1688
57.7956,4.8516,-7.3028,3.1282,0.0229,-0.0320,0.9084,4.9618,-7.1688
57.8049,4.8514,-7.3028,3.1278,0.0229,-0.0320,0.9084,4.9494,-7.1693
57.8147,4.8512,-7.3028,3.1273,0.0229,-0.0320,0.9084,4.9494,-7.1693
57.8249,4.8509,-7.3028,3.1268,0.0229,-0.0320,0.9084,4.9494,-7.1693
57.8341,4.8507,-7.3028,3.1264,0.0229,-0.0320,0.9084,4.9494,-7.1693
57.8463,4.8505,-7.3028,3.1261,0.0233,0.0313,0.9084,4.9494,-7.1693
57.8542,4.8503,-7.3028,3.1255,0.0233,0.0313,0.9084,4.9494,-7.1693
57.8642,4.8501,-7.3028,3.1252,0.0233,0.0313,0.9084,4.9494,-7.1693
57.8743,4.8498,-7.3028,3.1248,0.0233,0.0313,0.9084,4.9494,-7.1693
57.8854,4.8496,-7.3028,3.1245,0.0233,0.0313,0.9084,4.9494,-7.1693
57.8961,4.8494,-7.3028,3.1241,0.0233,0.0313,0.9009,4.9410,-7.1711
57.9040,4.8492,-7.3027,3.1236,0.0233,0.0313,0.9009,4.9410,-7.1711
57.9147,4.8490,-7.3027,3.1233,0.0233,0.0313,0.9009,4.9410,-7.1711
57.9244,4.8488,-7.3027,3.1229,0.0233,0.0313,0.9009,4.9410,-7.1711
57.9343,4.8487,-7.3027,3.1227,0.0233,0.0313,0.9009,4.9410,-7.1711
57.9448,4.8485,-7.3027,3.1224,0.0233,0.0313,0.9009,4.9410,-7.1711
57.9540,4.8483,-7.3027,3.1222,0.0223,0.0122,0.9009,4.9410,-7.1711
57.9644,4.8482,-7.3027,3.1222,0.0223,0.0122,0.9009,4.9410,-7.1711
57.9750,4.8480,-7.3027,3.1220,0.0223,0.0122,0.9009,4.9410,-7.1711
57.9841,4.8478,-7.3027,3.1220,0.0223,0.0122,0.9060,4.9410,-7.1711
57.9951,4.8476,-7.3027,3.1220,0.0223,0.0122,0.9060,4.9339,-7.1710
58.0049,4.8474,-7.3027,3.1222,0.0223,0.0122,0.9060,4.9339,-7.1710
58.0148,4.8472,-7.3027,3.1222,0.0223,0.0122,0.9060,4.9339,-7.1710
58.0252,4.8471,-7.3027,3.1222,0.0223,0.0122,0.9060,4.9339,-7.1710
58.0363,4.8469,-7.3027,3.1220,0.0223,0.0122,0.9060,4.9339,-7.1710
58.0452,4.8467,-7.3027,3.1220,0.0223,0.0122,0.9060,4.9339,-7.1710
58.0554,4.8466,-7.3027,3.1219,0.0217,0.0498,0.9060,4.9339,-7.1710
58.0643,4.8464,-7.3027,3.1217,0.0217,0.0498,0.9060,4.9339,-7.1710
58.0751,4.8462,-7.3027,3.1215,0.0217,0.0498,0.9060,4.9339,-7.1710
58.0843,4.8460,-7.3027,3.1213,0.0217,0.0498,0.9060,4.9339,-7.1710
58.0953,4.8457,-7.3027,3.1212,0.0217,0.0498,0.9044,4.9339,-7.1710
58.1049,4.8455,-7.3027,3.1210,0.0217,0.0498,0.9044,4.9339,-7.1710
58.1145,4.8453,-7.3027,3.1208,0.0217,0.0498,0.9044,4.9294,-7.1705
58.1248,4.8451,-7.3027,3.1208,0.0217,0.0498,0.9044,4.9294,-7.1705
58.1358,4.8448,-7.3027,3.1206,0.0217,0.0498,0.9044,4.9294,-7.1705
58.1448,4.8446,-7.3027,3.1206,0.0218,0.0500,0.9044,4.9294,-7.1705
58.1543,4.8444,-7.3027,3.1208,0.0218,0.0500,0.9044,4.9294,-7.1705
58.1645,4.8441,-7.3026,3.1210,0.0218,0.0500,0.9044,4.9294,-7.1705
58.1744,4.8439,-7.3026,3.1213,0.0218,0.0500,0.9044,4.9294,-7.1705
58.1859,4.8436,-7.3026,3.1217,0.0218,0.0500,0.8997,4.9294,-7.1705
58.1948,4.8434,-7.3026,3.1219,0.0218,0.0500,0.8997,4.9294,-7.1705
58.2044,4.8431,-7.3026,3.1222,0.0218,0.0500,0.8997,4.9252,-7.1706
58.2141,4.8429,-7.3026,3.1227,0.0218,0.0500,0.8997,4.9252,-7.1706
58.2246,4.8427,-7.3026,3.1231,0.0218,0.0500,0.8997,4.9252,-7.1706
58.2353,4.8424,-7.3026,3.1236,0.0218,0.0500,0.8997,4.9252,-7.1706
58.2441,4.8421,-7.3026,3.1240,0.0237,0.0285,0.8997,4.9252,-7.1706
58.2553,4.8419,-7.3026,3.1245,0.0237,0.0285,0.8997,4.9252,-7.1706
58.2650,4.8416,-7.3026,3.1250,0.0237,0.0285,0.8997,4.9252,-7.1706
58.2743,4.8414,-7.3026,3.1254,0.0237,0.0285,0.8997,4.9252,-7.1706
58.2863,4.8412,-7.3026,3.1259,0.0237,0.0285,0.9037,4.9252,-7.1706
58.2967,4.8410,-7.3026,3.1262,0.0237,0.0285,0.9037,4.9224,-7.1708
58.3040,4.8408,-7.3026,3.1266,0.0237,0.0285,0.9037,4.9224,-7.1708
58.3151,4.8406,-7.3026,3.1269,0.0237,0.0285,0.9037,4.9224,-7.1708
58.3256,4.8404,-7.3026,3.1271,0.0237,0.0285,0.9037,4.9224,-7.1708
58.3344,4.8402,-7.3026,3.1273,0.0237,0.0285,0.9037,4.9224,-7.1708
58.3456,4.8400,-7.3026,3.1275,0.0214,0.0237,0.9037,4.9224,-7.1708
58.3544,4.8398,-7.3026,3.1275,0.0214,0.0237,0.9037,4.9224,-7.1708
58.3647,4.8397,-7.3026,3.1276,0.0214,0.0237,0.9037,4.9224,-7.1708
58.3750,4.8395,-7.3026,3.1276,0.0214,0.0237,0.9037,4.9224,-7.1708
58.3847,4.8393,-7.3026,3.1276,0.0214,0.0237,0.9029,4.9224,-7.1708
58.3961,4.8391,-7.3026,3.1276,0.0214,0.0237,0.9029,4.9224,-7.1708
58.4045,4.8390,-7.3026,3.1275,0.0214,0.0237,0.9029,4.9203,-7.1662
58.4147,4.8388,-7.3026,3.1275,0.0214,0.0237,0.9029,4.9203,-7.1662
58.4270,4.8386,-7.3026,3.1276,0.0214,0.0237,0.9029,4.9203,-7.1662
58.4374,4.8385,-7.3026,3.1276,0.0214,0.0237,0.9029,4.9203,-7.1662
58.4452,4.8383,-7.3026,3.1276,0.0214,0.0237,0.9029,4.9203,-7.1662
58.4545,4.8382,-7.3025,3.1276,0.0214,0.0237,0.9029,4.9203,-7.1662
58.4662,4.8380,-7.3025,3.1276,0.0232,0.1257,0.9029,4.9203,-7.1662
58.4745,4.8378,-7.3025,3.1276,0.0232,0.1257,0.9029,4.9203,-7.1662
58.4848,4.8377,-7.3025,3.1276,0.0232,0.1257,0.8990,4.9203,-7.1662
58.4946,4.8375,-7.3025,3.1278,0.0232,0.1257,0.8990,4.9177,-7.1677
58.5045,4.8373,-7.3025,3.1278,0.0232,0.1257,0.8990,4.9177,-7.1677
58.5152,4.8371,-7.3025,3.1280,0.0232,0.1257,0.8990,4.9177,-7.1677
58.5249,4.8369,-7.3025,3.1280,0.0232,0.1257,0.8990,4.9177,-7.1677
58.5342,4.8368,-7.3025,3.1282,0.0232,0.1257,0.8990,4.9177,-7.1677
58.5449,4.8365,-7.3025,3.1283,0.0232,0.1257,0.8990,4.9177,-7.1677
58.5543,4.8364,-7.3025,3.1285,0.0222,0.1136,0.8990,4.9177,-7.1677
58.5648,4.8362,-7.3025,3.1287,0.0222,0.1136,0.8990,4.9177,-7.1677
58.5746,4.8360,-7.3025,3.1290,0.0222,0.1136,0.8990,4.9177,-7.1677
58.5846,4.8357,-7.3025,3.1294,0.0222,0.1136,0.9082,4.9177,-7.1677
58.5947,4.8355,-7.3025,3.1299,0.0222,0.1136,0.9082,4.9153,-7.1635
58.6043,4.8353,-7.3025,3.1304,0.0222,0.1136,0.9082,4.9153,-7.1635
58.6147,4.8351,-7.3025,3.1309,0.0222,0.1136,0.9082,4.9153,-7.1635
58.6247,4.8349,-7.3025,3.1315,0.0222,0.1136,0.9082,4.9153,-7.1635
58.6354,4.8346,-7.3025,3.1322,0.0222,0.1136,0.9082,4.9153,-7.1635
58.6447,4.8344,-7.3025,3.1329,0.0227,0.1231,0.9082,4.9153,-7.1635
58.6544,4.8342,-7.3025,3.1337,0.0227,0.1231,0.9082,4.9153,-7.1635
58.6647,4.8340,-7.3025,3.1344,0.0227,0.1231,0.9082,4.9153,-7.1635
58.6748,4.8337,-7.3025,3.1351,0.0227,0.1231,0.9082,4.9153,-7.1635
58.6852,4.8335,-7.3025,3.1360,0.0227,0.1231,0.9013,4.9153,-7.1635
58.6947,4.8332,-7.3025,3.1367,0.0227,0.1231,0.9013,4.9153,-7.1635
58.7041,4.8330,-7.3025,3.1374,0.0227,0.1231,0.9013,4.9121,-7.1622
58.7187,4.8325,-7.3025,3.1386,0.0227,0.1231,0.9013,4.9121,-7.1622
58.7246,4.8325,-7.3025,3.1386,0.0227,0.1231,0.9013,4.9121,-7.1622
58.7354,4.8322,-7.3025,3.1393,0.0227,0.1231,0.9013,4.9121,-7.1622
58.7453,4.8321,-7.3025,3.1400,0.0234,0.0788,0.9013,4.9121,-7.1622
58.7543,4.8318,-7.3025,3.1407,0.0234,0.0788,0.9013,4.9121,-7.1622
58.7654,4.8315,-7.3025,3.1414,0.0234,0.0788,0.9013,4.9121,-7.1622
58.7749,4.8313,-7.3025,-3.1411,0.0234,0.0788,0.9013,4.9121,-7.1622
58.7850,4.8311,-7.3025,-3.1402,0.0234,0.0788,0.9090,4.9121,-7.1622
58.7944,4.8309,-7.3025,-3.1393,0.0234,0.0788,0.9090,4.9162,-7.1623
58.8042,4.8306,-7.3025,-3.1383,0.0234,0.0788,0.9090,4.9162,-7.1623
58.8148,4.8304,-7.3025,-3.1374,0.0234,0.0788,0.9090,4.9162,-7.1623
58.8248,4.8301,-7.3025,-3.1364,0.0234,0.0788,0.9090,4.9162,-7.1623
58.8349,4.8298,-7.3025,-3.1353,0.0234,0.0788,0.9090,4.9162,-7.1623
58.8450,4.8296,-7.3025,-3.1344,0.0234,0.0788,0.9090,4.9162,-7.1623
58.8540,4.8293,-7.3025,-3.1334,0.0237,0.0461,0.9090,4.9162,-7.1623
58.8655,4.8290,-7.3025,-3.1325,0.0237,0.0461,0.9090,4.9162,-7.1623
58.8747,4.8288,-7.3025,-3.1318,0.0237,0.0461,0.9090,4.9162,-7.1623
58.8846,4.8286,-7.3025,-3.1309,0.0237,0.0461,0.9027,4.9162,-7.1623
58.8954,4.8283,-7.3025,-3.1302,0.0237,0.0461,0.9027,4.9162,-7.1623
58.9042,4.8281,-7.3025,-3.1295,0.0237,0.0461,0.9027,4.9177,-7.1615
58.9143,4.8278,-7.3025,-3.1289,0.0237,0.0461,0.9027,4.9177,-7.1615
58.9246,4.8276,-7.3025,-3.1283,0.0237,0.0461,0.9027,4.9177,-7.1615
58.9352,4.8274,-7.3025,-3.1278,0.0237,0.0461,0.9027,4.9177,-7.1615
58.9450,4.8271,-7.3025,-3.1275,0.0220,0.0351,0.9027,4.9177,-7.1615
58.9559,4.8269,-7.3025,-3.1271,0.0220,0.0351,0.9027,4.9177,-7.1615
58.9654,4.8267,-7.3025,-3.1268,0.0220,0.0351,0.9027,4.9177,-7.1615
58.9748,4.8265,-7.3025,-3.1266,0.0220,0.0351,0.9027,4.9177,-7.1615
58.9845,4.8262,-7.3025,-3.1262,0.0220,0.0351,0.9015,4.9177,-7.1615
58.9949,4.8260,-7.3025,-3.1261,0.0220,0.0351,0.9015,4.9173,-7.1589
59.0041,4.8258,-7.3025,-3.1257,0.0220,0.0351,0.9015,4.9173,-7.1589
59.0146,4.8256,-7.3025,-3.1254,0.0220,0.0351,0.9015,4.9173,-7.1589
59.0249,4.8253,-7.3025,-3.1250,0.0220,0.0351,0.9015,4.9173,-7.1589
59.0355,4.8251,-7.3026,-3.1248,0.0220,0.0351,0.9015,4.9173,-7.1589
59.0463,4.8249,-7.3026,-3.1245,0.0000,0.0000,0.9015,4.9173,-7.1589
59.0619,4.8245,-7.3026,-3.1240,0.0000,0.0000,0.9015,4.9173,-7.1589
59.0654,4.8245,-7.3026,-3.1240,0.0000,0.0000,0.9015,4.9173,-7.1589
59.0758,4.8241,-7.3026,-3.1231,0.0000,0.0000,0.9015,4.9173,-7.1589
59.0867,4.8241,-7.3026,-3.1231,0.0000,0.0000,0.9011,4.9173,-7.1589
59.0938,4.8239,-7.3026,-3.1227,0.0000,0.0000,0.9011,4.9173,-7.1589
59.1039,4.8237,-7.3026,-3.1222,0.0000,0.0000,0.9011,4.9121,-7.1572
59.1148,4.8235,-7.3026,-3.1219,0.0000,0.0000,0.9011,4.9121,-7.1572
59.1241,4.8233,-7.3026,-3.1213,0.0000,0.0000,0.9011,4.9121,-7.1572
59.1346,4.8232,-7.3026,-3.1208,0.0000,0.0000,0.9011,4.9121,-7.1572
59.1443,4.8230,-7.3026,-3.1203,0.0000,0.0000,0.9011,4.9121,-7.1572
59.1545,4.8230,-7.3026,-3.1200,0.0000,0.0000,0.9011,4.9121,-7.1572
59.1646,4.8229,-7.3026,-3.1196,0.0000,0.0000,0.9011,4.9121,-7.1572
59.1743,4.8229,-7.3026,-3.1196,0.0000,0.0000,0.9011,4.9121,-7.1572
59.1845,4.8230,-7.3026,-3.1198,0.0000,0.0000,0.9034,4.9121,-7.1572
59.1944,4.8230,-7.3026,-3.1200,0.0000,0.0000,0.9034,4.9160,-7.1555
59.2044,4.8231,-7.3026,-3.1203,0.0000,0.0000,0.9034,4.9160,-7.1555
59.2156,4.8231,-7.3026,-3.1208,0.0000,0.0000,0.9034,4.9160,-7.1555
59.2247,4.8231,-7.3026,-3.1213,0.0000,0.0000,0.9034,4.9160,-7.1555
59.2352,4.8231,-7.3026,-3.1219,0.0000,0.0000,0.9034,4.9160,-7.1555
59.2442,4.8231,-7.3026,-3.1222,0.0000,0.0000,0.9034,4.9160,-7.1555
59.2604,4.8232,-7.3026,-3.1227,0.0232,0.0877,0.9034,4.9160,-7.1555
59.2641,4.8232,-7.3026,-3.1227,0.0219,0.1064,0.9034,4.9160,-7.1555
59.2743,4.8233,-7.3026,-3.1229,0.0219,0.1064,0.9034,4.9160,-7.1555
59.2850,4.8233,-7.3026,-3.1231,0.0219,0.1064,0.9054,4.9160,-7.1555
59.2946,4.8234,-7.3026,-3.1231,0.0219,0.1064,0.9054,4.9179,-7.1547
59.3041,4.8235,-7.3026,-3.1233,0.0219,0.1064,0.9054,4.9179,-7.1547
59.3171,4.8235,-7.3026,-3.1233,0.0219,0.1064,0.9054,4.9179,-7.1547
59.3268,4.8235,-7.3026,-3.1233,0.0228,0.1169,0.9054,4.9179,-7.1547
59.3370,4.8237,-7.3026,-3.1234,0.0228,0.1169,0.9054,4.9179,-7.1547
59.3444,4.8238,-7.3026,-3.1234,0.0228,0.1169,0.9054,4.9179,-7.1547
59.3545,4.8238,-7.3026,-3.1236,0.0228,0.1169,0.9054,4.9179,-7.1547
59.3649,4.8238,-7.3026,-3.1238,0.0228,0.1169,0.9054,4.9179,-7.1547
59.3746,4.8238,-7.3026,-3.1240,0.0228,0.1169,0.9054,4.9179,-7.1547
59.3850,4.8237,-7.3026,-3.1241,0.0228,0.1169,0.9005,4.9179,-7.1547
59.3949,4.8237,-7.3026,-3.1241,0.0228,0.1169,0.9005,4.9189,-7.1563
59.4043,4.8237,-7.3026,-3.1241,0.0228,0.1169,0.9005,4.9189,-7.1563
59.4148,4.8236,-7.3026,-3.1236,0.0228,0.1169,0.9005,4.9189,-7.1563
59.4255,4.8236,-7.3026,-3.1236,0.0228,0.1169,0.9005,4.9189,-7.1563
59.4346,4.8235,-7.3026,-3.1234,0.0230,0.1401,0.9005,4.9189,-7.1563
59.4448,4.8235,-7.3026,-3.1229,0.0230,0.1401,0.9005,4.9189,-7.1563
59.4546,4.8233,-7.3026,-3.1226,0.0230,0.1401,0.9005,4.9189,-7.1563
59.4648,4.8233,-7.3026,-3.1220,0.0230,0.1401,0.9005,4.9189,-7.1563
59.4757,4.8231,-7.3026,-3.1210,0.0230,0.1401,0.9005,4.9189,-7.1563
59.4847,4.8230,-7.3026,-3.1206,0.0230,0.1401,0.9058,4.9189,-7.1563
59.4944,4.8230,-7.3026,-3.1206,0.0230,0.1401,0.9058,4.9189,-7.1563
59.5089,4.8228,-7.3026,-3.1198,0.0230,0.1401,0.9058,4.9160,-7.1567
59.5149,4.8228,-7.3026,-3.1198,0.0230,0.1401,0.9058,4.9160,-7.1567
59.5253,4.8227,-7.3026,-3.1194,0.0231,0.1570,0.9058,4.9160,-7.1567
59.5348,4.8226,-7.3026,-3.1193,0.0231,0.1570,0.9058,4.9160,-7.1567
59.5453,4.8224,-7.3026,-3.1187,0.0231,0.1570,0.9058,4.9160,-7.1567
59.5542,4.8224,-7.3026,-3.1187,0.0231,0.1570,0.9058,4.9160,-7.1567
59.5647,4.8224,-7.3026,-3.1186,0.0231,0.1570,0.9058,4.9160,-7.1567
59.5743,4.8223,-7.3026,-3.1184,0.0231,0.1570,0.9058,4.9160,-7.1567
59.5845,4.8222,-7.3026,-3.1182,0.0231,0.1570,0.9058,4.9160,-7.1567
59.5949,4.8220,-7.3026,-3.1177,0.0231,0.1570,0.9058,4.9160,-7.1567
59.6042,4.8220,-7.3026,-3.1177,0.0231,0.1570,0.9058,4.9159,-7.1573
59.6158,4.8218,-7.3026,-3.1170,0.0231,0.1570,0.9058,4.9159,-7.1573
59.6252,4.8218,-7.3026,-3.1166,0.0210,0.1660,0.9058,4.9159,-7.1573
59.6345,4.8217,-7.3026,-3.1161,0.0210,0.1660,0.9058,4.9159,-7.1573
59.6445,4.8217,-7.3026,-3.1161,0.0210,0.1660,0.9058,4.9159,-7.1573
59.6543,4.8216,-7.3026,-3.1158,0.0210,0.1660,0.9058,4.9159,-7.1573
59.6649,4.8216,-7.3026,-3.1152,0.0210,0.1660,0.9058,4.9159,-7.1573
59.6753,4.8215,-7.3026,-3.1147,0.0210,0.1660,0.9058,4.9159,-7.1573
59.6851,4.8213,-7.3026,-3.1138,0.0210,0.1660,0.9044,4.9159,-7.1573
59.6947,4.8213,-7.3026,-3.1133,0.0210,0.1660,0.9044,4.9181,-7.1563
59.7054,4.8213,-7.3026,-3.1133,0.0210,0.1660,0.9044,4.9181,-7.1563
59.7149,4.8211,-7.3026,-3.1126,0.0210,0.1660,0.9044,4.9181,-7.1563
59.7256,4.8210,-7.3026,-3.1123,0.0231,0.1961,0.9044,4.9181,-7.1563
59.7359,4.8209,-7.3026,-3.1117,0.0231,0.1961,0.9044,4.9181,-7.1563
59.7448,4.8208,-7.3026,-3.1114,0.0231,0.1961,0.9044,4.9181,-7.1563
59.7545,4.8207,-7.3026,-3.1110,0.0231,0.1961,0.9044,4.9181,-7.1563
59.7727,4.8206,-7.3027,-3.1105,0.0231,0.1961,0.9044,4.9181,-7.1563
59.7745,4.8205,-7.3027,-3.1100,0.0231,0.1961,0.9044,4.9181,-7.1563
59.7853,4.8204,-7.3027,-3.1097,0.0231,0.1961,0.9038,4.9181,-7.1563
59.7950,4.8203,-7.3027,-3.1091,0.0231,0.1961,0.9038,4.9158,-7.1594
59.8040,4.8202,-7.3027,-3.1086,0.0231,0.1961,0.9038,4.9158,-7.1594
59.8148,4.8200,-7.3027,-3.1081,0.0231,0.1961,0.9038,4.9158,-7.1594
59.8246,4.8199,-7.3027,-3.1076,0.0227,0.1947,0.9038,4.9158,-7.1594
59.8362,4.8197,-7.3027,-3.1069,0.0227,0.1947,0.9038,4.9158,-7.1594
59.8445,4.8197,-7.3027,-3.1069,0.0227,0.1947,0.9038,4.9158,-7.1594
59.8560,4.8194,-7.3027,-3.1055,0.0227,0.1947,0.9038,4.9158,-7.1594
59.8648,4.8193,-7.3027,-3.1046,0.0227,0.1947,0.9038,4.9158,-7.1594
59.8743,4.8191,-7.3027,-3.1037,0.0227,0.1947,0.9038,4.9158,-7.1594
59.8849,4.8188,-7.3027,-3.1037,0.0227,0.1947,0.9072,4.9158,-7.1594
59.8956,4.8186,-7.3027,-3.1027,0.0227,0.1947,0.9072,4.9139,-7.1628
59.9039,4.8184,-7.3027,-3.1016,0.0227,0.1947,0.9072,4.9139,-7.1628
59.9194,4.8184,-7.3027,-3.1016,0.0227,0.1947,0.9072,4.9139,-7.1628
59.9261,4.8179,-7.3027,-3.0994,0.0218,0.1829,0.9072,4.9139,-7.1628
59.9345,4.8177,-7.3028,-3.0980,0.0218,0.1829,0.9072,4.9139,-7.1628
59.9457,4.8174,-7.3028,-3.0967,0.0218,0.1829,0.9072,4.9139,-7.1628
59.9543,4.8172,-7.3028,-3.0953,0.0218,0.1829,0.9072,4.9139,-7.1628
59.9652,4.8170,-7.3028,-3.0939,0.0218,0.1829,0.9072,4.9139,-7.1628
59.9756,4.8168,-7.3028,-3.0925,0.0218,0.1829,0.9072,4.9139,-7.1628
59.9847,4.8165,-7.3028,-3.0912,0.0218,0.1829,0.9037,4.9139,-7.1628
59.9945,4.8163,-7.3028,-3.0899,0.0218,0.1829,0.9037,4.9171,-7.1648
60.0043,4.8163,-7.3028,-3.0885,0.0218,0.1829,0.9037,4.9171,-7.1648
60.0153,4.8158,-7.3029,-3.0873,0.0218,0.1829,0.9037,4.9171,-7.1648
60.0251,4.8155,-7.3029,-3.0859,0.0219,0.1819,0.9037,4.9171,-7.1648
60.0347,4.8153,-7.3029,-3.0847,0.0219,0.1819,0.9037,4.9171,-7.1648
60.0447,4.8150,-7.3029,-3.0833,0.0219,0.1819,0.9037,4.9171,-7.1648
60.0557,4.8147,-7.3029,-3.0821,0.0219,0.1819,0.9037,4.9171,-7.1648
60.0649,4.8145,-7.3029,-3.0807,0.0219,0.1819,0.9037,4.9171,-7.1648
60.0748,4.8142,-7.3029,-3.0795,0.0219,0.1819,0.9037,4.9171,-7.1648
60.0846,4.8140,-7.3030,-3.0781,0.0219,0.1819,0.9066,4.9171,-7.1648
60.0954,4.8137,-7.3030,-3.0768,0.0219,0.1819,0.9066,4.9204,-7.1643
60.1047,4.8134,-7.3030,-3.0754,0.0219,0.1819,0.9066,4.9204,-7.1643
60.1150,4.8131,-7.3030,-3.0740,0.0219,0.1819,0.9066,4.9204,-7.1643
60.1251,4.8128,-7.3030,-3.0725,0.0222,0.1530,0.9066,4.9204,-7.1643
60.1356,4.8126,-7.3031,-3.0711,0.0222,0.1530,0.9066,4.9204,-7.1643
60.1451,4.8123,-7.3031,-3.0695,0.0222,0.1530,0.9066,4.9204,-7.1643
60.1545,4.8120,-7.3031,-3.0679,0.0222,0.1530,0.9066,4.9204,-7.1643
60.1650,4.8117,-7.3031,-3.0664,0.0222,0.1530,0.9066,4.9204,-7.1643
60.1746,4.8113,-7.3032,-3.0648,0.0222,0.1530,0.9066,4.9204,-7.1643
60.1847,4.8111,-7.3032,-3.0631,0.0222,0.1530,0.9105,4.9204,-7.1643
60.1955,4.8107,-7.3032,-3.0615,0.0222,0.1530,0.9105,4.9211,-7.1663
60.2043,4.8104,-7.3032,-3.0599,0.0222,0.1530,0.9105,4.9211,-7.1663
60.2158,4.8102,-7.3032,-3.0582,0.0222,0.1530,0.9105,4.9211,-7.1663
60.2266,4.8099,-7.3033,-3.0568,0.0216,0.1302,0.9105,4.9211,-7.1663
60.2358,4.8097,-7.3033,-3.0552,0.0216,0.1302,0.9105,4.9211,-7.1663
60.2460,4.8094,-7.3033,-3.0538,0.0216,0.1302,0.9105,4.9211,-7.1663
60.2545,4.8091,-7.3033,-3.0524,0.0216,0.1302,0.9105,4.9211,-7.1663
60.2648,4.8088,-7.3034,-3.0510,0.0216,0.1302,0.9105,4.9211,-7.1663
60.2767,4.8085,-7.3034,-3.0496,0.0216,0.1302,0.9105,4.9211,-7.1663
60.2864,4.8081,-7.3034,-3.0484,0.0216,0.1302,0.9043,4.9211,-7.1663
60.2951,4.8078,-7.3035,-3.0470,0.0216,0.1302,0.9043,4.9166,-7.1695
60.3043,4.8075,-7.3035,-3.0456,0.0216,0.1302,0.9043,4.9166,-7.1695
60.3207,4.8072,-7.3035,-3.0442,0.0216,0.1302,0.9043,4.9166,-7.1695
60.3251,4.8069,-7.3035,-3.0428,0.0227,0.0869,0.9043,4.9166,-7.1695
60.3365,4.8066,-7.3036,-3.0414,0.0227,0.0869,0.9043,4.9166,-7.1695
60.3447,4.8064,-7.3036,-3.0400,0.0227,0.0869,0.9043,4.9166,-7.1695
60.3540,4.8061,-7.3036,-3.0386,0.0227,0.0869,0.9043,4.9166,-7.1695
60.3643,4.8059,-7.3037,-3.0374,0.0227,0.0869,0.9043,4.9166,-7.1695
60.3752,4.8057,-7.3037,-3.0360,0.0227,0.0869,0.9043,4.9166,-7.1695
60.3842,4.8054,-7.3037,-3.0348,0.0227,0.0869,0.9031,4.9166,-7.1695
60.3945,4.8052,-7.3037,-3.0337,0.0227,0.0869,0.9031,4.9169,-7.1704
60.4042,4.8050,-7.3037,-3.0325,0.0227,0.0869,0.9031,4.9169,-7.1704
60.4147,4.8048,-7.3038,-3.0315,0.0227,0.0869,0.9031,4.9169,-7.1704
60.4252,4.8046,-7.3038,-3.0304,0.0233,0.0560,0.9031,4.9169,-7.1704
60.4359,4.8044,-7.3038,-3.0295,0.0233,0.0560,0.9031,4.9169,-7.1704
60.4460,4.8042,-7.3038,-3.0287,0.0233,0.0560,0.9031,4.9169,-7.1704
60.4554,4.8040,-7.3039,-3.0278,0.0233,0.0560,0.9031,4.9169,-7.1704
60.4650,4.8038,-7.3039,-3.0267,0.0233,0.0560,0.9031,4.9169,-7.1704
60.4747,4.8036,-7.3039,-3.0259,0.0233,0.0560,0.9031,4.9169,-7.1704
60.4846,4.8034,-7.3039,-3.0250,0.0233,0.0560,0.9067,4.9187,-7.1693
60.4960,4.8033,-7.3039,-3.0240,0.0233,0.0560,0.9067,4.9187,-7.1693
60.5041,4.8031,-7.3040,-3.0231,0.0233,0.0560,0.9067,4.9187,-7.1693
60.5164,4.8029,-7.3040,-3.0220,0.0233,0.0560,0.9067,4.9187,-7.1693
60.5266,4.8027,-7.3040,-3.0210,0.0233,0.0560,0.9067,4.9187,-7.1693
60.5363,4.8025,-7.3040,-3.0201,0.0233,0.0560,0.9067,4.9187,-7.1693
60.5458,4.8023,-7.3041,-3.0192,0.0221,-0.0115,0.9067,4.9187,-7.1693
60.5550,4.8021,-7.3041,-3.0184,0.0221,-0.0115,0.9067,4.9187,-7.1693
60.5683,4.8019,-7.3041,-3.0175,0.0221,-0.0115,0.9067,4.9187,-7.1693
60.5765,4.8017,-7.3041,-3.0166,0.0221,-0.0115,0.9067,4.9187,-7.1693
60.5845,4.8015,-7.3042,-3.0159,0.0221,-0.0115,0.9050,4.9170,-7.1688
60.5945,4.8013,-7.3042,-3.0151,0.0221,-0.0115,0.9050,4.9170,-7.1688
60.6041,4.8011,-7.3042,-3.0142,0.0221,-0.0115,0.9050,4.9170,-7.1688
60.6168,4.8009,-7.3042,-3.0133,0.0221,-0.0115,0.9050,4.9170,-7.1688
60.6247,4.8007,-7.3043,-3.0126,0.0229,-0.0234,0.9050,4.9170,-7.1688
60.6349,4.8005,-7.3043,-3.0117,0.0229,-0.0234,0.9050,4.9170,-7.1688
60.6451,4.8003,-7.3043,-3.0110,0.0229,-0.0234,0.9050,4.9170,-7.1688
60.6542,4.8001,-7.3043,-3.0103,0.0229,-0.0234,0.9050,4.9170,-7.1688
60.6645,4.8000,-7.3044,-3.0096,0.0229,-0.0234,0.9050,4.9170,-7.1688
60.6752,4.7998,-7.3044,-3.0089,0.0229,-0.0234,0.9050,4.9170,-7.1688
60.6906,4.7997,-7.3044,-3.0082,0.0229,-0.0234,0.9044,4.9174,-7.1672
60.6961,4.7995,-7.3044,-3.0077,0.0229,-0.0234,0.9044,4.9174,-7.1672
60.7041,4.7994,-7.3044,-3.0072,0.0229,-0.0234,0.9044,4.9174,-7.1672
60.7140,4.7992,-7.3045,-3.0067,0.0218,-0.0591,0.9044,4.9174,-7.1672
60.7250,4.7991,-7.3045,-3.0062,0.0218,-0.0591,0.9044,4.9174,-7.1672
60.7344,4.7989,-7.3045,-3.0058,0.0218,-0.0591,0.9044,4.9174,-7.1672
60.7485,4.7988,-7.3045,-3.0053,0.0218,-0.0591,0.9044,4.9174,-7.1672
60.7546,4.7986,-7.3045,-3.0048,0.0218,-0.0591,0.9044,4.9174,-7.1672
60.7677,4.7985,-7.3046,-3.0044,0.0218,-0.0591,0.9044,4.9174,-7.1672
60.7742,4.7983,-7.3046,-3.0039,0.0218,-0.0591,0.9044,4.9174,-7.1672
60.7844,4.7982,-7.3046,-3.0035,0.0218,-0.0591,0.9038,4.9144,-7.1687
60.7952,4.7980,-7.3046,-3.0030,0.0218,-0.0591,0.9038,4.9144,-7.1687
60.8044,4.7979,-7.3046,-3.0027,0.0218,-0.0591,0.9038,4.9144,-7.1687
60.8147,4.7978,-7.3047,-3.0023,0.0218,-0.0591,0.9038,4.9144,-7.1687
60.8255,4.7976,-7.3047,-3.0020,0.0226,-0.0441,0.9038,4.9144,-7.1687
60.8348,4.7975,-7.3047,-3.0016,0.0226,-0.0441,0.9038,4.9144,-7.1687
60.8452,4.7974,-7.3047,-3.0014,0.0226,-0.0441,0.9038,4.9144,-7.1687
60.8553,4.7972,-7.3047,-3.0013,0.0226,-0.0441,0.9038,4.9144,-7.1687
60.8654,4.7971,-7.3047,-3.0011,0.0226,-0.0441,0.9038,4.9144,-7.1687
60.8755,4.7970,-7.3048,-3.0011,0.0226,-0.0441,0.9038,4.9144,-7.1687
60.8846,4.7969,-7.3048,-3.0011,0.0226,-0.0441,0.9067,4.9144,-7.1687
60.8953,4.7968,-7.3048,-3.0011,0.0226,-0.0441,0.9067,4.9134,-7.1706
60.9043,4.7966,-7.3048,-3.0011,0.0226,-0.0441,0.9067,4.9134,-7.1706
60.9152,4.7965,-7.3048,-3.0009,0.0213,-0.0725,0.9067,4.9134,-7.1706
60.9252,4.7964,-7.3049,-3.0009,0.0213,-0.0725,0.9067,4.9134,-7.1706
60.9353,4.7963,-7.3049,-3.0007,0.0213,-0.0725,0.9067,4.9134,-7.1706
60.9447,4.7961,-7.3049,-3.0006,0.0213,-0.0725,0.9067,4.9134,-7.1706
60.9547,4.7960,-7.3049,-3.0002,0.0213,-0.0725,0.9067,4.9134,-7.1706
60.9648,4.7958,-7.3049,-3.0000,0.0213,-0.0725,0.9067,4.9134,-7.1706
60.9754,4.7957,-7.3049,-2.9997,0.0213,-0.0725,0.9067,4.9134,-7.1706
60.9847,4.7956,-7.3050,-2.9993,0.0213,-0.0725,0.9028,4.9138,-7.1740
60.9952,4.7955,-7.3050,-2.9990,0.0213,-0.0725,0.9028,4.9138,-7.1740
61.0043,4.7953,-7.3050,-2.9988,0.0213,-0.0725,0.9028,4.9138,-7.1740
61.0179,4.7951,-7.3050,-2.9985,0.0213,-0.0725,0.9028,4.9138,-7.1740
61.0253,4.7950,-7.3051,-2.9981,0.0231,-0.0921,0.9028,4.9138,-7.1740
61.0347,4.7948,-7.3051,-2.9978,0.0231,-0.0921,0.9028,4.9138,-7.1740
61.0457,4.7947,-7.3051,-2.9974,0.0231,-0.0921,0.9028,4.9138,-7.1740
61.0548,4.7946,-7.3051,-2.9973,0.0231,-0.0921,0.9028,4.9138,-7.1740
61.0651,4.7944,-7.3051,-2.9971,0.0231,-0.0921,0.9028,4.9138,-7.1740
61.0745,4.7943,-7.3052,-2.9969,0.0231,-0.0921,0.9028,4.9138,-7.1740
61.0854,4.7941,-7.3052,-2.9969,0.0231,-0.0921,0.9090,4.9138,-7.1740
61.0961,4.7940,-7.3052,-2.9967,0.0231,-0.0921,0.9090,4.9142,-7.1744
61.1041,4.7938,-7.3052,-2.9967,0.0231,-0.0921,0.9090,4.9142,-7.1744
61.1144,4.7936,-7.3052,-2.9967,0.0231,-0.0921,0.9090,4.9142,-7.1744
61.1251,4.7935,-7.3053,-2.9967,0.0232,-0.1365,0.9090,4.9142,-7.1744
61.1348,4.7933,-7.3053,-2.9969,0.0232,-0.1365,0.9090,4.9142,-7.1744
61.1447,4.7931,-7.3053,-2.9969,0.0232,-0.1365,0.9090,4.9142,-7.1744
61.1544,4.7929,-7.3053,-2.9969,0.0232,-0.1365,0.9090,4.9142,-7.1744
61.1649,4.7928,-7.3054,-2.9969,0.0232,-0.1365,0.9090,4.9142,-7.1744
61.1749,4.7926,-7.3054,-2.9969,0.0232,-0.1365,0.9090,4.9142,-7.1744
61.1853,4.7924,-7.3054,-2.9971,0.0232,-0.1365,0.9100,4.9142,-7.1744
61.1955,4.7922,-7.3055,-2.9971,0.0232,-0.1365,0.9100,4.9130,-7.1751
61.2041,4.7920,-7.3055,-2.9971,0.0232,-0.1365,0.9100,4.9130,-7.1751
61.2152,4.7918,-7.3055,-2.9973,0.0232,-0.1365,0.9100,4.9130,-7.1751
61.2248,4.7917,-7.3055,-2.9973,0.0224,-0.1536,0.9100,4.9130,-7.1751
61.2345,4.7915,-7.3056,-2.9973,0.0224,-0.1536,0.9100,4.9130,-7.1751
61.2444,4.7913,-7.3056,-2.9974,0.0224,-0.1536,0.9100,4.9130,-7.1751
61.2543,4.7910,-7.3056,-2.9976,0.0224,-0.1536,0.9100,4.9130,-7.1751
61.2649,4.7908,-7.3057,-2.9976,0.0224,-0.1536,0.9100,4.9130,-7.1751
61.2745,4.7906,-7.3057,-2.9976,0.0224,-0.1536,0.9100,4.9130,-7.1751
61.2844,4.7904,-7.3057,-2.9978,0.0224,-0.1536,0.9090,4.9130,-7.1751
61.2953,4.7902,-7.3057,-2.9978,0.0224,-0.1536,0.9090,4.9122,-7.1763
61.3042,4.7900,-7.3058,-2.9980,0.0224,-0.1536,0.9090,4.9122,-7.1763
61.3153,4.7899,-7.3058,-2.9980,0.0224,-0.1536,0.9090,4.9122,-7.1763
61.3253,4.7897,-7.3058,-2.9983,0.0216,-0.1271,0.9090,4.9122,-7.1763
61.3345,4.7896,-7.3058,-2.9987,0.0216,-0.1271,0.9090,4.9122,-7.1763
61.3452,4.7895,-7.3059,-2.9992,0.0216,-0.1271,0.9090,4.9122,-7.1763
61.3543,4.7893,-7.3059,-2.9997,0.0216,-0.1271,0.9090,4.9122,-7.1763
61.3644,4.7892,-7.3059,-3.0006,0.0216,-0.1271,0.9090,4.9122,-7.1763
61.3761,4.7890,-7.3059,-3.0013,0.0216,-0.1271,0.9090,4.9122,-7.1763
61.3848,4.7889,-7.3059,-3.0021,0.0216,-0.1271,0.9109,4.9122,-7.1763
61.3951,4.7888,-7.3060,-3.0030,0.0216,-0.1271,0.9109,4.9110,-7.1761
61.4043,4.7886,-7.3060,-3.0041,0.0216,-0.1271,0.9109,4.9110,-7.1761
61.4150,4.7885,-7.3060,-3.0049,0.0216,-0.1271,0.9109,4.9110,-7.1761
61.4249,4.7883,-7.3060,-3.0060,0.0233,-0.1128,0.9109,4.9110,-7.1761
61.4346,4.7882,-7.3060,-3.0070,0.0233,-0.1128,0.9109,4.9110,-7.1761
61.4470,4.7881,-7.3060,-3.0081,0.0233,-0.1128,0.9109,4.9110,-7.1761
61.4543,4.7880,-7.3061,-3.0091,0.0233,-0.1128,0.9109,4.9110,-7.1761
61.4648,4.7879,-7.3061,-3.0102,0.0233,-0.1128,0.9109,4.9110,-7.1761
61.4741,4.7877,-7.3061,-3.0110,0.0233,-0.1128,0.9109,4.9110,-7.1761
61.4842,4.7876,-7.3061,-3.0119,0.0233,-0.1128,0.9090,4.9110,-7.1761
61.4944,4.7875,-7.3061,-3.0128,0.0233,-0.1128,0.9090,4.9103,-7.1757
61.5059,4.7873,-7.3061,-3.0135,0.0233,-0.1128,0.9090,4.9103,-7.1757
61.5147,4.7872,-7.3062,-3.0144,0.0233,-0.1128,0.9090,4.9103,-7.1757
61.5251,4.7871,-7.3062,-3.0151,0.0233,-0.1128,0.9090,4.9103,-7.1757
61.5349,4.7870,-7.3062,-3.0159,0.0223,-0.2431,0.9090,4.9103,-7.1757
61.5448,4.7868,-7.3062,-3.0166,0.0223,-0.2431,0.9090,4.9103,-7.1757
61.5543,4.7867,-7.3062,-3.0173,0.0223,-0.2431,0.9090,4.9103,-7.1757
61.5644,4.7865,-7.3062,-3.0180,0.0223,-0.2431,0.9090,4.9103,-7.1757
61.5744,4.7864,-7.3063,-3.0187,0.0223,-0.2431,0.9090,4.9103,-7.1757
61.5857,4.7863,-7.3063,-3.0192,0.0223,-0.2431,0.9070,4.9103,-7.1757
61.5957,4.7861,-7.3063,-3.0199,0.0223,-0.2431,0.9070,4.9099,-7.1775
61.6042,4.7859,-7.3063,-3.0206,0.0223,-0.2431,0.9070,4.9099,-7.1775
61.6145,4.7858,-7.3063,-3.0213,0.0223,-0.2431,0.9070,4.9099,-7.1775
61.6249,4.7856,-7.3064,-3.0220,0.0236,-0.2514,0.9070,4.9099,-7.1775
61.6345,4.7854,-7.3064,-3.0227,0.0236,-0.2514,0.9070,4.9099,-7.1775
61.6444,4.7853,-7.3064,-3.0236,0.0236,-0.2514,0.9070,4.9099,-7.1775
61.6543,4.7850,-7.3064,-3.0245,0.0236,-0.2514,0.9070,4.9099,-7.1775
61.6653,4.7848,-7.3065,-3.0255,0.0236,-0.2514,0.9070,4.9099,-7.1775
61.6752,4.7846,-7.3065,-3.0266,0.0236,-0.2514,0.9070,4.9099,-7.1775
61.6859,4.7843,-7.3065,-3.0278,0.0236,-0.2514,0.9106,4.9099,-7.1775
61.6971,4.7841,-7.3065,-3.0292,0.0236,-0.2514,0.9106,4.9091,-7.1769
61.7061,4.7839,-7.3066,-3.0306,0.0236,-0.2514,0.9106,4.9091,-7.1769
61.7157,4.7836,-7.3066,-3.0323,0.0236,-0.2514,0.9106,4.9091,-7.1769
61.7247,4.7834,-7.3066,-3.0341,0.0237,-0.2590,0.9106,4.9091,-7.1769
61.7345,4.7831,-7.3067,-3.0362,0.0237,-0.2590,0.9106,4.9091,-7.1769
61.7442,4.7828,-7.3067,-3.0383,0.0237,-0.2590,0.9106,4.9091,-7.1769
61.7561,4.7825,-7.3067,-3.0407,0.0237,-0.2590,0.9106,4.9091,-7.1769
61.7654,4.7821,-7.3068,-3.0432,0.0237,-0.2590,0.9106,4.9091,-7.1769
61.7756,4.7818,-7.3068,-3.0458,0.0237,-0.2590,0.9106,4.9091,-7.1769
61.7844,4.7815,-7.3068,-3.0484,0.0237,-0.2590,0.7053,4.9069,-7.1797
61.7945,4.7811,-7.3068,-3.0512,0.0237,-0.2590,0.7053,4.9069,-7.1797
61.8040,4.7808,-7.3069,-3.0538,0.0237,-0.2590,0.7053,4.9069,-7.1797
61.8144,4.7805,-7.3069,-3.0564,0.0237,-0.2590,0.7053,4.9069,-7.1797
61.8245,4.7801,-7.3069,-3.0589,0.0231,-0.2637,0.7053,4.9069,-7.1797
61.8343,4.7798,-7.3070,-3.0615,0.0231,-0.2637,0.7053,4.9069,-7.1797
61.8448,4.7794,-7.3070,-3.0639,0.0231,-0.2637,0.7053,4.9069,-7.1797
61.8541,4.7790,-7.3070,-3.0664,0.0231,-0.2637,0.7053,4.9069,-7.1797
61.8642,4.7786,-7.3071,-3.0688,0.0231,-0.2637,0.7053,4.9069,-7.1797
61.8747,4.7782,-7.3071,-3.0711,0.0231,-0.2637,0.7053,4.9069,-7.1797
61.8857,4.7778,-7.3071,-3.0735,0.0231,-0.2637,0.6787,4.9056,-7.1801
61.8952,4.7774,-7.3071,-3.0758,0.0231,-0.2637,0.6787,4.9056,-7.1801
61.9040,4.7770,-7.3072,-3.0781,0.0231,-0.2637,0.6787,4.9056,-7.1801
61.9157,4.7767,-7.3072,-3.0805,0.0231,-0.2637,0.6787,4.9056,-7.1801
61.9245,4.7764,-7.3072,-3.0826,0.0230,-0.2545,0.6787,4.9056,-7.1801
61.9344,4.7761,-7.3072,-3.0849,0.0230,-0.2545,0.6787,4.9056,-7.1801
61.9450,4.7759,-7.3072,-3.0871,0.0230,-0.2545,0.6787,4.9056,-7.1801
61.9545,4.7756,-7.3072,-3.0892,0.0230,-0.2545,0.6787,4.9056,-7.1801
61.9651,4.7753,-7.3073,-3.0915,0.0230,-0.2545,0.6787,4.9056,-7.1801
61.9755,4.7751,-7.3073,-3.0938,0.0230,-0.2545,0.6787,4.9056,-7.1801
61.9861,4.7748,-7.3073,-3.0962,0.0230,-0.2545,0.6433,4.9032,-7.1846
61.9942,4.7745,-7.3073,-3.0985,0.0230,-0.2545,0.6433,4.9032,-7.1846
62.0053,4.7742,-7.3073,-3.1009,0.0230,-0.2545,0.6433,4.9032,-7.1846
62.0148,4.7739,-7.3073,-3.1009,0.0230,-0.2545,0.6433,4.9032,-7.1846
62.0245,4.7736,-7.3073,-3.1032,0.0218,-0.2333,0.6433,4.9032,-7.1846
62.0348,4.7733,-7.3073,-3.1056,0.0218,-0.2333,0.6433,4.9032,-7.1846
62.0446,4.7731,-7.3074,-3.1081,0.0218,-0.2333,0.6433,4.9032,-7.1846
62.0549,4.7728,-7.3074,-3.1105,0.0218,-0.2333,0.6433,4.9032,-7.1846
62.0644,4.7725,-7.3074,-3.1130,0.0218,-0.2333,0.6433,4.9032,-7.1846
62.0747,4.7723,-7.3074,-3.1152,0.0218,-0.2333,0.6433,4.9032,-7.1846
62.0844,4.7720,-7.3074,-3.1175,0.0218,-0.2333,0.6301,4.8981,-7.1836
62.0957,4.7717,-7.3074,-3.1198,0.0218,-0.2333,0.6301,4.8981,-7.1836
62.1042,4.7714,-7.3074,-3.1220,0.0218,-0.2333,0.6301,4.8981,-7.1836
62.1146,4.7711,-7.3074,-3.1241,0.0218,-0.2333,0.6301,4.8981,-7.1836
62.1253,4.7708,-7.3074,-3.1262,0.0228,-0.2421,0.6301,4.8981,-7.1836
62.1344,4.7705,-7.3074,-3.1283,0.0228,-0.2421,0.6301,4.8981,-7.1836
62.1453,4.7703,-7.3074,-3.1304,0.0228,-0.2421,0.6301,4.8981,-7.1836
62.1546,4.7700,-7.3074,-3.1325,0.0228,-0.2421,0.6301,4.8981,-7.1836
62.1644,4.7697,-7.3074,-3.1344,0.0228,-0.2421,0.6301,4.8981,-7.1836
62.1757,4.7695,-7.3074,-3.1365,0.0228,-0.2421,0.6301,4.8981,-7.1836
62.1858,4.7692,-7.3074,-3.1386,0.0228,-0.2421,0.6302,4.8942,-7.1836
62.1943,4.7690,-7.3074,-3.1405,0.0228,-0.2421,0.6302,4.8942,-7.1836
62.2053,4.7687,-7.3074,3.1407,0.0228,-0.2421,0.6302,4.8942,-7.1836
62.2146,4.7685,-7.3074,3.1388,0.0228,-0.2421,0.6302,4.8942,-7.1836
62.2251,4.7683,-7.3074,3.1371,0.0228,-0.2274,0.6302,4.8942,-7.1836
62.2348,4.7681,-7.3074,3.1351,0.0228,-0.2274,0.6302,4.8942,-7.1836
62.2448,4.7679,-7.3074,3.1334,0.0228,-0.2274,0.6302,4.8942,-7.1836
62.2550,4.7677,-7.3074,3.1315,0.0228,-0.2274,0.6302,4.8942,-7.1836
62.2646,4.7675,-7.3074,3.1297,0.0228,-0.2274,0.6302,4.8942,-7.1836
62.2748,4.7673,-7.3074,3.1280,0.0228,-0.2274,0.6302,4.8942,-7.1836
62.2865,4.7672,-7.3074,3.1262,0.0228,-0.2274,0.6236,4.8948,-7.1864
62.2947,4.7669,-7.3074,3.1245,0.0228,-0.2274,0.6236,4.8948,-7.1864
62.3048,4.7668,-7.3074,3.1226,0.0228,-0.2274,0.6236,4.8948,-7.1864
62.3150,4.7665,-7.3074,3.1206,0.0228,-0.2274,0.6236,4.8948,-7.1864
62.3263,4.7662,-7.3074,3.1189,0.0229,-0.1762,0.6236,4.8948,-7.1864
62.3381,4.7659,-7.3074,3.1170,0.0229,-0.1762,0.6236,4.8948,-7.1864
62.3459,4.7656,-7.3074,3.1154,0.0229,-0.1762,0.6236,4.8948,-7.1864
62.3551,4.7653,-7.3074,3.1137,0.0229,-0.1762,0.6236,4.8948,-7.1864
62.3651,4.7650,-7.3074,3.1121,0.0229,-0.1762,0.6236,4.8948,-7.1864
62.3749,4.7647,-7.3073,3.1107,0.0229,-0.1762,0.6236,4.8948,-7.1864
62.3855,4.7644,-7.3073,3.1091,0.0229,-0.1762,0.5953,4.8948,-7.1864
62.3945,4.7641,-7.3073,3.1077,0.0229,-0.1762,0.5953,4.8911,-7.1964
62.4042,4.7639,-7.3073,3.1063,0.0229,-0.1762,0.5953,4.8911,-7.1964
62.4159,4.7637,-7.3073,3.1051,0.0229,-0.1762,0.5953,4.8911,-7.1964
62.4259,4.7634,-7.3073,3.1037,0.0238,-0.1220,0.5953,4.8911,-7.1964
62.4350,4.7632,-7.3073,3.1025,0.0238,-0.1220,0.5953,4.8911,-7.1964
62.4455,4.7629,-7.3073,3.1013,0.0238,-0.1220,0.5953,4.8911,-7.1964
62.4546,4.7627,-7.3073,3.1001,0.0238,-0.1220,0.5953,4.8911,-7.1964
62.4649,4.7624,-7.3073,3.0988,0.0238,-0.1220,0.5953,4.8911,-7.1964
62.4756,4.7621,-7.3072,3.0976,0.0238,-0.1220,0.5953,4.8911,-7.1964
62.4855,4.7618,-7.3072,3.0962,0.0238,-0.1220,0.5718,4.8911,-7.1964
62.4945,4.7615,-7.3072,3.0950,0.0238,-0.1220,0.5718,4.8863,-7.2001
62.5057,4.7613,-7.3072,3.0936,0.0238,-0.1220,0.5718,4.8863,-7.2001
62.5147,4.7610,-7.3072,3.0922,0.0238,-0.1220,0.5718,4.8863,-7.2001
62.5267,4.7608,-7.3072,3.0908,0.0238,-0.1220,0.5718,4.8863,-7.2001
62.5362,4.7605,-7.3072,3.0894,0.0224,-0.0136,0.5718,4.8863,-7.2001
62.5450,4.7603,-7.3072,3.0880,0.0224,-0.0136,0.5718,4.8863,-7.2001
62.5540,4.7601,-7.3071,3.0866,0.0224,-0.0136,0.5718,4.8863,-7.2001
62.5644,4.7599,-7.3071,3.0852,0.0224,-0.0136,0.5718,4.8863,-7.2001
62.5777,4.7597,-7.3071,3.0840,0.0224,-0.0136,0.5823,4.8863,-7.2001
62.5844,4.7595,-7.3071,3.0826,0.0224,-0.0136,0.5823,4.8863,-7.2001
62.5961,4.7593,-7.3071,3.0812,0.0224,-0.0136,0.5823,4.8849,-7.1984
62.6043,4.7591,-7.3071,3.0800,0.0224,-0.0136,0.5823,4.8849,-7.1984
62.6143,4.7590,-7.3071,3.0788,0.0224,-0.0136,0.5823,4.8849,-7.1984
62.6244,4.7588,-7.3071,3.0775,0.0232,0.0423,0.5823,4.8849,-7.1984
62.6343,4.7586,-7.3071,3.0765,0.0232,0.0423,0.5823,4.8849,-7.1984
62.6449,4.7585,-7.3070,3.0754,0.0232,0.0423,0.5823,4.8849,-7.1984
62.6545,4.7584,-7.3070,3.0746,0.0232,0.0423,0.5823,4.8849,-7.1984
62.6657,4.7582,-7.3070,3.0737,0.0232,0.0423,0.5823,4.8849,-7.1984
62.6758,4.7581,-7.3070,3.0730,0.0232,0.0423,0.5245,4.8849,-7.1984
62.6848,4.7579,-7.3070,3.0723,0.0232,0.0423,0.5245,4.8849,-7.1984
62.6955,4.7577,-7.3070,3.0718,0.0232,0.0423,0.5245,4.8873,-7.1934
62.7045,4.7576,-7.3070,3.0711,0.0232,0.0423,0.5245,4.8873,-7.1934
62.7158,4.7574,-7.3070,3.0706,0.0232,0.0423,0.5245,4.8873,-7.1934
62.7252,4.7573,-7.3070,3.0700,0.0237,0.0998,0.5245,4.8873,-7.1934
62.7359,4.7572,-7.3070,3.0695,0.0237,0.0998,0.5245,4.8873,-7.1934
62.7456,4.7570,-7.3069,3.0690,0.0237,0.0998,0.5245,4.8873,-7.1934
62.7553,4.7568,-7.3069,3.0685,0.0237,0.0998,0.5245,4.8873,-7.1934
62.7647,4.7567,-7.3069,3.0679,0.0237,0.0998,0.5245,4.8873,-7.1934
62.7752,4.7565,-7.3069,3.0674,0.0237,0.0998,0.3895,4.8873,-7.1934
62.7854,4.7563,-7.3069,3.0669,0.0237,0.0998,0.3895,4.8873,-7.1934
62.7953,4.7561,-7.3069,3.0664,0.0237,0.0998,0.3895,4.8879,-7.1860
62.8042,4.7560,-7.3069,3.0660,0.0237,0.0998,0.3895,4.8879,-7.1860
62.8163,4.7558,-7.3069,3.0655,0.0237,0.0998,0.3895,4.8879,-7.1860
62.8254,4.7557,-7.3068,3.0651,0.0210,0.1149,0.3895,4.8879,-7.1860
62.8348,4.7555,-7.3068,3.0646,0.0210,0.1149,0.3895,4.8879,-7.1860
62.8446,4.7553,-7.3068,3.0643,0.0210,0.1149,0.3895,4.8879,-7.1860
62.8546,4.7552,-7.3068,3.0639,0.0210,0.1149,0.3895,4.8879,-7.1860
62.8644,4.7550,-7.3068,3.0636,0.0210,0.1149,0.3895,4.8879,-7.1860
62.8811,4.7547,-7.3068,3.0631,0.0210,0.1149,0.5315,4.8879,-7.1860
62.8840,4.7547,-7.3068,3.0631,0.0210,0.1149,0.5315,4.8879,-7.1860
62.8946,4.7546,-7.3068,3.0627,0.0210,0.1149,0.5315,4.8880,-7.1847
62.9048,4.7544,-7.3068,3.0625,0.0210,0.1149,0.5315,4.8880,-7.1847
62.9206,4.7541,-7.3067,3.0620,0.0232,0.1575,0.5315,4.8880,-7.1847
62.9266,4.7541,-7.3067,3.0620,0.0232,0.1575,0.5315,4.8880,-7.1847
62.9347,4.7540,-7.3067,3.0618,0.0232,0.1575,0.5315,4.8880,-7.1847
62.9453,4.7539,-7.3067,3.0617,0.0232,0.1575,0.5315,4.8880,-7.1847
62.9566,4.7538,-7.3067,3.0617,0.0232,0.1575,0.5315,4.8880,-7.1847
62.9649,4.7537,-7.3067,3.0615,0.0232,0.1575,0.5315,4.8880,-7.1847
62.9747,4.7535,-7.3067,3.0615,0.0232,0.1575,0.5889,4.8880,-7.1847
62.9848,4.7534,-7.3067,3.0613,0.0232,0.1575,0.5889,4.8880,-7.1847
62.9955,4.7533,-7.3067,3.0613,0.0232,0.1575,0.5889,4.8891,-7.1814
63.0049,4.7532,-7.3067,3.0611,0.0232,0.1575,0.5889,4.8891,-7.1814
63.0157,4.7532,-7.3066,3.0611,0.0232,0.1575,0.5889,4.8891,-7.1814
63.0258,4.7531,-7.3066,3.0611,0.0225,0.1800,0.5889,4.8891,-7.1814
63.0366,4.7531,-7.3066,3.0613,0.0225,0.1800,0.5889,4.8891,-7.1814
63.0459,4.7530,-7.3066,3.0617,0.0225,0.1800,0.5889,4.8891,-7.1814
63.0550,4.7530,-7.3066,3.0622,0.0225,0.1800,0.5889,4.8891,-7.1814
63.0647,4.7529,-7.3066,3.0629,0.0225,0.1800,0.5889,4.8891,-7.1814
63.0747,4.7529,-7.3066,3.0636,0.0225,0.1800,0.5983,4.8891,-7.1814
63.0850,4.7528,-7.3066,3.0644,0.0225,0.1800,0.5983,4.8891,-7.1814
63.0964,4.7527,-7.3066,3.0653,0.0225,0.1800,0.5983,4.8930,-7.1795
63.1046,4.7527,-7.3066,3.0662,0.0225,0.1800,0.5983,4.8930,-7.1795
63.1144,4.7526,-7.3066,3.0672,0.0225,0.1800,0.5983,4.8930,-7.1795
63.1263,4.7525,-7.3066,3.0683,0.0231,0.1872,0.5983,4.8930,-7.1795
63.1346,4.7524,-7.3066,3.0695,0.0231,0.1872,0.5983,4.8930,-7.1795
63.1446,4.7523,-7.3066,3.0706,0.0231,0.1872,0.5983,4.8930,-7.1795
63.1549,4.7522,-7.3066,3.0718,0.0231,0.1872,0.5983,4.8930,-7.1795
63.1652,4.7521,-7.3066,3.0730,0.0231,0.1872,0.5983,4.8930,-7.1795
63.1742,4.7521,-7.3066,3.0742,0.0231,0.1872,0.5791,4.8930,-7.1795
63.1847,4.7519,-7.3066,3.0754,0.0231,0.1872,0.5791,4.8930,-7.1795
63.1948,4.7518,-7.3065,3.0767,0.0231,0.1872,0.5791,4.8928,-7.1808
63.2044,4.7516,-7.3065,3.0779,0.0231,0.1872,0.5791,4.8928,-7.1808
63.2160,4.7515,-7.3065,3.0791,0.0231,0.1872,0.5791,4.8928,-7.1808
63.2246,4.7513,-7.3065,3.0803,0.0218,0.1775,0.5791,4.8928,-7.1808
63.2358,4.7511,-7.3065,3.0814,0.0218,0.1775,0.5791,4.8928,-7.1808
63.2448,4.7509,-7.3065,3.0826,0.0218,0.1775,0.5791,4.8928,-7.1808
63.2549,4.7507,-7.3065,3.0838,0.0218,0.1775,0.5791,4.8928,-7.1808
63.2645,4.7506,-7.3065,3.0850,0.0218,0.1775,0.5791,4.8928,-7.1808
63.2745,4.7504,-7.3065,3.0863,0.0218,0.1775,0.6120,4.8928,-7.1808
63.2842,4.7502,-7.3065,3.0875,0.0218,0.1775,0.6120,4.8910,-7.1832
63.2947,4.7500,-7.3064,3.0887,0.0218,0.1775,0.6120,4.8910,-7.1832
63.3044,4.7497,-7.3064,3.0899,0.0218,0.1775,0.6120,4.8910,-7.1832
63.3164,4.7495,-7.3064,3.0912,0.0218,0.1775,0.6120,4.8910,-7.1832
63.3251,4.7493,-7.3064,3.0924,0.0237,0.1557,0.6120,4.8910,-7.1832
63.3342,4.7490,-7.3064,3.0938,0.0237,0.1557,0.6120,4.8910,-7.1832
63.3454,4.7488,-7.3064,3.0950,0.0237,0.1557,0.6120,4.8910,-7.1832
63.3542,4.7485,-7.3064,3.0964,0.0237,0.1557,0.6120,4.8910,-7.1832
63.3642,4.7482,-7.3064,3.0976,0.0237,0.1557,0.6120,4.8910,-7.1832
63.3792,4.7477,-7.3063,3.1002,0.0237,0.1557,0.7039,4.8910,-7.1832
63.3844,4.7477,-7.3063,3.1002,0.0237,0.1557,0.7039,4.8866,-7.1868
63.3947,4.7474,-7.3063,3.1015,0.0237,0.1557,0.7039,4.8866,-7.1868
63.4043,4.7472,-7.3063,3.1027,0.0237,0.1557,0.7039,4.8866,-7.1868
63.4165,4.7469,-7.3063,3.1037,0.0237,0.1557,0.7039,4.8866,-7.1868
63.4255,4.7467,-7.3063,3.1048,0.0226,0.1253,0.7039,4.8866,-7.1868
63.4362,4.7464,-7.3063,3.1058,0.0226,0.1253,0.7039,4.8866,-7.1868
63.4454,4.7462,-7.3063,3.1070,0.0226,0.1253,0.7039,4.8866,-7.1868
63.4548,4.7459,-7.3063,3.1081,0.0226,0.1253,0.7039,4.8866,-7.1868
63.4661,4.7456,-7.3063,3.1091,0.0226,0.1253,0.7039,4.8866,-7.1868
63.4755,4.7453,-7.3062,3.1102,0.0226,0.1253,0.7611,4.8866,-7.1868
63.4847,4.7450,-7.3062,3.1112,0.0226,0.1253,0.7611,4.8829,-7.1836
63.4959,4.7446,-7.3062,3.1124,0.0226,0.1253,0.7611,4.8829,-7.1836
63.5042,4.7443,-7.3062,3.1135,0.0226,0.1253,0.7611,4.8829,-7.1836
63.5156,4.7440,-7.3062,3.1145,0.0226,0.1253,0.7611,4.8829,-7.1836
63.5243,4.7438,-7.3062,3.1156,0.0227,0.1229,0.7611,4.8829,-7.1836
63.5344,4.7436,-7.3062,3.1166,0.0227,0.1229,0.7611,4.8829,-7.1836
63.5444,4.7433,-7.3062,3.1175,0.0227,0.1229,0.7611,4.8829,-7.1836
63.5543,4.7431,-7.3062,3.1184,0.0227,0.1229,0.7611,4.8829,-7.1836
63.5659,4.7428,-7.3062,3.1193,0.0227,0.1229,0.7611,4.8829,-7.1836
63.5752,4.7426,-7.3062,3.1200,0.0227,0.1229,0.7692,4.8829,-7.1836
63.5846,4.7424,-7.3062,3.1206,0.0227,0.1229,0.7692,4.8829,-7.1836
63.5949,4.7422,-7.3062,3.1213,0.0227,0.1229,0.7692,4.8847,-7.1776
63.6039,4.7420,-7.3062,3.1220,0.0227,0.1229,0.7692,4.8847,-7.1776
63.6142,4.7418,-7.3062,3.1226,0.0227,0.1229,0.7692,4.8847,-7.1776
63.6250,4.7416,-7.3062,3.1233,0.0227,0.1229,0.7692,4.8847,-7.1776
63.6351,4.7414,-7.3061,3.1240,0.0227,0.1229,0.7692,4.8847,-7.1776
63.6443,4.7412,-7.3061,3.1245,0.0225,0.0606,0.7692,4.8847,-7.1776
63.6544,4.7410,-7.3061,3.1254,0.0225,0.0606,0.7692,4.8847,-7.1776
63.6644,4.7409,-7.3061,3.1261,0.0225,0.0606,0.7692,4.8847,-7.1776
63.6751,4.7406,-7.3061,3.1269,0.0225,0.0606,0.7818,4.8847,-7.1776
63.6850,4.7405,-7.3061,3.1278,0.0225,0.0606,0.7818,4.8806,-7.1736
63.6943,4.7403,-7.3061,3.1287,0.0225,0.0606,0.7818,4.8806,-7.1736
63.7044,4.7403,-7.3061,3.1295,0.0225,0.0606,0.7818,4.8806,-7.1736
63.7168,4.7400,-7.3061,3.1306,0.0225,0.0606,0.7818,4.8806,-7.1736
63.7248,4.7398,-7.3061,3.1316,0.0234,0.0090,0.7818,4.8806,-7.1736
63.7343,4.7396,-7.3061,3.1325,0.0234,0.0090,0.7818,4.8806,-7.1736
63.7454,4.7394,-7.3061,3.1336,0.0234,0.0090,0.7818,4.8806,-7.1736
63.7545,4.7392,-7.3061,3.1344,0.0234,0.0090,0.7818,4.8806,-7.1736
63.7649,4.7390,-7.3061,3.1353,0.0234,0.0090,0.7818,4.8806,-7.1736
63.7753,4.7388,-7.3061,3.1362,0.0234,0.0090,0.8053,4.8806,-7.1736
63.7847,4.7386,-7.3061,3.1371,0.0234,0.0090,0.8053,4.8817,-7.1704
63.7945,4.7384,-7.3061,3.1379,0.0234,0.0090,0.8053,4.8817,-7.1704
63.8048,4.7381,-7.3061,3.1390,0.0234,0.0090,0.8053,4.8817,-7.1704
63.8165,4.7380,-7.3061,3.1398,0.0234,0.0090,0.8053,4.8817,-7.1704
63.8245,4.7376,-7.3061,3.1407,0.0239,-0.0496,0.8053,4.8817,-7.1704
63.8356,4.7374,-7.3061,3.1414,0.0239,-0.0496,0.8053,4.8817,-7.1704
63.8448,4.7371,-7.3061,-3.1409,0.0239,-0.0496,0.8053,4.8817,-7.1704
63.8545,4.7369,-7.3061,-3.1402,0.0239,-0.0496,0.8053,4.8817,-7.1704
63.8645,4.7366,-7.3061,-3.1395,0.0239,-0.0496,0.8053,4.8817,-7.1704
63.8742,4.7364,-7.3061,-3.1388,0.0239,-0.0496,0.7782,4.8817,-7.1704
63.8846,4.7362,-7.3061,-3.1381,0.0239,-0.0496,0.7782,4.8817,-7.1704
63.8950,4.7359,-7.3061,-3.1374,0.0239,-0.0496,0.7782,4.8788,-7.1680
63.9042,4.7357,-7.3061,-3.1369,0.0239,-0.0496,0.7782,4.8788,-7.1680
63.9145,4.7355,-7.3061,-3.1362,0.0239,-0.0496,0.7782,4.8788,-7.1680
63.9247,4.7353,-7.3061,-3.1355,0.0234,-0.0844,0.7782,4.8788,-7.1680
63.9343,4.7351,-7.3061,-3.1348,0.0234,-0.0844,0.7782,4.8788,-7.1680
63.9458,4.7349,-7.3061,-3.1343,0.0234,-0.0844,0.7782,4.8788,-7.1680
63.9553,4.7346,-7.3061,-3.1336,0.0234,-0.0844,0.7782,4.8788,-7.1680
63.9652,4.7345,-7.3061,-3.1330,0.0234,-0.0844,0.7782,4.8788,-7.1680
63.9746,4.7342,-7.3061,-3.1327,0.0234,-0.0844,0.9112,4.8788,-7.1680
63.9841,4.7340,-7.3061,-3.1322,0.0234,-0.0844,0.9112,4.8773,-7.1675
63.9956,4.7338,-7.3061,-3.1316,0.0234,-0.0844,0.9112,4.8773,-7.1675
64.0041,4.7336,-7.3061,-3.1311,0.0234,-0.0844,0.9112,4.8773,-7.1675
64.0148,4.7334,-7.3061,-3.1308,0.0234,-0.0844,0.9112,4.8773,-7.1675
64.0244,4.7332,-7.3061,-3.1302,0.0231,-0.0861,0.9112,4.8773,-7.1675
64.0353,4.7331,-7.3061,-3.1299,0.0231,-0.0861,0.9112,4.8773,-7.1675
64.0454,4.7329,-7.3061,-3.1295,0.0231,-0.0861,0.9112,4.8773,-7.1675
64.0542,4.7327,-7.3061,-3.1294,0.0231,-0.0861,0.9112,4.8773,-7.1675
64.0645,4.7325,-7.3061,-3.1292,0.0231,-0.0861,0.9112,4.8773,-7.1675
64.0751,4.7324,-7.3061,-3.1290,0.0231,-0.0861,0.9103,4.8773,-7.1675
64.0859,4.7322,-7.3061,-3.1290,0.0231,-0.0861,0.9103,4.8773,-7.1675
64.0948,4.7321,-7.3061,-3.1289,0.0231,-0.0861,0.9103,4.8752,-7.1676
64.1046,4.7319,-7.3062,-3.1290,0.0231,-0.0861,0.9103,4.8752,-7.1676
64.1164,4.7318,-7.3062,-3.1290,0.0231,-0.0861,0.9103,4.8752,-7.1676
64.1266,4.7317,-7.3062,-3.1290,0.0234,-0.0853,0.9103,4.8752,-7.1676
64.1364,4.7315,-7.3062,-3.1292,0.0234,-0.0853,0.9103,4.8752,-7.1676
64.1450,4.7314,-7.3062,-3.1292,0.0234,-0.0853,0.9103,4.8752,-7.1676
64.1577,4.7313,-7.3062,-3.1292,0.0234,-0.0853,0.9103,4.8752,-7.1676
64.1648,4.7311,-7.3062,-3.1294,0.0234,-0.0853,0.9103,4.8752,-7.1676
64.1748,4.7310,-7.3062,-3.1294,0.0234,-0.0853,0.9071,4.8752,-7.1676
64.1844,4.7309,-7.3062,-3.1294,0.0234,-0.0853,0.9071,4.8723,-7.1701
64.1954,4.7308,-7.3062,-3.1292,0.0234,-0.0853,0.9071,4.8723,-7.1701
64.2048,4.7307,-7.3062,-3.1292,0.0234,-0.0853,0.9071,4.8723,-7.1701
64.2158,4.7305,-7.3062,-3.1290,0.0234,-0.0853,0.9071,4.8723,-7.1701
64.2268,4.7304,-7.3062,-3.1290,0.0232,-0.0933,0.9071,4.8723,-7.1701
64.2364,4.7303,-7.3062,-3.1289,0.0232,-0.0933,0.9071,4.8723,-7.1701
64.2467,4.7302,-7.3062,-3.1287,0.0232,-0.0933,0.9071,4.8723,-7.1701
64.2548,4.7301,-7.3062,-3.1287,0.0232,-0.0933,0.9071,4.8723,-7.1701
64.2663,4.7300,-7.3062,-3.1285,0.0232,-0.0933,0.9071,4.8723,-7.1701
64.2748,4.7299,-7.3062,-3.1283,0.0232,-0.0933,0.9126,4.8723,-7.1701
64.2847,4.7297,-7.3062,-3.1282,0.0232,-0.0933,0.9126,4.8693,-7.1687
64.2949,4.7296,-7.3062,-3.1280,0.0232,-0.0933,0.9126,4.8693,-7.1687
64.3046,4.7295,-7.3062,-3.1278,0.0232,-0.0933,0.9126,4.8693,-7.1687
64.3151,4.7293,-7.3062,-3.1276,0.0232,-0.0933,0.9126,4.8693,-7.1687
64.3278,4.7291,-7.3062,-3.1275,0.0226,-0.1272,0.9126,4.8693,-7.1687
64.3360,4.7290,-7.3062,-3.1273,0.0226,-0.1272,0.9126,4.8693,-7.1687
64.3454,4.7289,-7.3062,-3.1273,0.0226,-0.1272,0.9126,4.8693,-7.1687
64.3554,4.7288,-7.3062,-3.1271,0.0226,-0.1272,0.9126,4.8693,-7.1687
64.3655,4.7286,-7.3062,-3.1271,0.0226,-0.1272,0.9126,4.8693,-7.1687
64.3753,4.7284,-7.3062,-3.1269,0.0226,-0.1272,0.9139,4.8693,-7.1687
64.3848,4.7283,-7.3062,-3.1269,0.0226,-0.1272,0.9139,4.8693,-7.1687
64.3942,4.7281,-7.3062,-3.1269,0.0226,-0.1272,0.9139,4.8662,-7.1692
64.4047,4.7279,-7.3062,-3.1268,0.0226,-0.1272,0.9139,4.8662,-7.1692
64.4171,4.7276,-7.3062,-3.1268,0.0226,-0.1272,0.9139,4.8662,-7.1692
64.4256,4.7276,-7.3062,-3.1268,0.0233,-0.0978,0.9139,4.8662,-7.1692
64.4347,4.7274,-7.3062,-3.1266,0.0233,-0.0978,0.9139,4.8662,-7.1692
64.4449,4.7273,-7.3062,-3.1266,0.0233,-0.0978,0.9139,4.8662,-7.1692
64.4545,4.7271,-7.3062,-3.1266,0.0233,-0.0978,0.9139,4.8662,-7.1692
64.4648,4.7268,-7.3062,-3.1266,0.0233,-0.0978,0.9139,4.8662,-7.1692
64.4748,4.7267,-7.3062,-3.1266,0.0233,-0.0978,0.9087,4.8662,-7.1692
64.4844,4.7265,-7.3062,-3.1268,0.0233,-0.0978,0.9087,4.8642,-7.1700
64.4950,4.7263,-7.3062,-3.1268,0.0233,-0.0978,0.9087,4.8642,-7.1700
64.5043,4.7261,-7.3062,-3.1269,0.0233,-0.0978,0.9087,4.8642,-7.1700
64.5158,4.7258,-7.3062,-3.1271,0.0233,-0.0978,0.9087,4.8642,-7.1700
64.5258,4.7257,-7.3062,-3.1271,0.0235,-0.0675,0.9087,4.8642,-7.1700
64.5354,4.7255,-7.3062,-3.1271,0.0235,-0.0675,0.9087,4.8642,-7.1700
64.5447,4.7252,-7.3062,-3.1269,0.0235,-0.0675,0.9087,4.8642,-7.1700
64.5545,4.7250,-7.3062,-3.1269,0.0235,-0.0675,0.9087,4.8642,-7.1700
64.5644,4.7248,-7.3063,-3.1268,0.0235,-0.0675,0.9087,4.8642,-7.1700
64.5751,4.7246,-7.3063,-3.1268,0.0235,-0.0675,0.9122,4.8642,-7.1700
64.5851,4.7243,-7.3063,-3.1266,0.0235,-0.0675,0.9122,4.8642,-7.1700
64.5948,4.7241,-7.3063,-3.1266,0.0235,-0.0675,0.9122,4.8645,-7.1709
64.6051,4.7238,-7.3063,-3.1266,0.0235,-0.0675,0.9122,4.8645,-7.1709
64.6150,4.7236,-7.3063,-3.1264,0.0235,-0.0675,0.9122,4.8645,-7.1709
64.6251,4.7234,-7.3063,-3.1264,0.0223,0.0173,0.9122,4.8645,-7.1709
64.6361,4.7231,-7.3063,-3.1264,0.0223,0.0173,0.9122,4.8645,-7.1709
64.6452,4.7229,-7.3063,-3.1266,0.0223,0.0173,0.9122,4.8645,-7.1709
64.6549,4.7226,-7.3063,-3.1266,0.0223,0.0173,0.9122,4.8645,-7.1709
64.6647,4.7224,-7.3063,-3.1268,0.0223,0.0173,0.9122,4.8645,-7.1709
64.6747,4.7221,-7.3063,-3.1271,0.0223,0.0173,0.9107,4.8645,-7.1709
64.6845,4.7219,-7.3063,-3.1273,0.0223,0.0173,0.9107,4.8612,-7.1705
64.6949,4.7216,-7.3063,-3.1275,0.0223,0.0173,0.9107,4.8612,-7.1705
64.7043,4.7214,-7.3063,-3.1276,0.0223,0.0173,0.9107,4.8612,-7.1705
64.7152,4.7211,-7.3063,-3.1278,0.0223,0.0173,0.9107,4.8612,-7.1705
64.7259,4.7207,-7.3063,-3.1280,0.0230,0.0272,0.9107,4.8612,-7.1705
64.7353,4.7207,-7.3063,-3.1280,0.0230,0.0272,0.9107,4.8612,-7.1705
64.7463,4.7204,-7.3063,-3.1282,0.0230,0.0272,0.9107,4.8612,-7.1705
64.7545,4.7202,-7.3063,-3.1280,0.0230,0.0272,0.9107,4.8612,-7.1705
64.7647,4.7200,-7.3063,-3.1280,0.0230,0.0272,0.9107,4.8612,-7.1705
64.7753,4.7198,-7.3063,-3.1278,0.0230,0.0272,0.9061,4.8612,-7.1705
64.7848,4.7196,-7.3063,-3.1276,0.0230,0.0272,0.9061,4.8601,-7.1711
64.7949,4.7193,-7.3063,-3.1273,0.0230,0.0272,0.9061,4.8601,-7.1711
64.8053,4.7191,-7.3063,-3.1269,0.0230,0.0272,0.9061,4.8601,-7.1711
64.8164,4.7187,-7.3063,-3.1262,0.0230,0.0272,0.9061,4.8601,-7.1711
64.8243,4.7187,-7.3063,-3.1262,0.0233,0.0236,0.9061,4.8601,-7.1711
64.8361,4.7185,-7.3063,-3.1261,0.0233,0.0236,0.9061,4.8601,-7.1711
64.8450,4.7182,-7.3063,-3.1257,0.0233,0.0236,0.9061,4.8601,-7.1711
64.8545,4.7180,-7.3063,-3.1255,0.0233,0.0236,0.9061,4.8601,-7.1711
64.8647,4.7179,-7.3064,-3.1254,0.0233,0.0236,0.9061,4.8601,-7.1711
64.8745,4.7176,-7.3064,-3.1252,0.0233,0.0236,0.9147,4.8601,-7.1711
64.8845,4.7174,-7.3064,-3.1252,0.0233,0.0236,0.9147,4.8575,-7.1710
64.8953,4.7172,-7.3064,-3.1252,0.0233,0.0236,0.9147,4.8575,-7.1710
64.9045,4.7170,-7.3064,-3.1254,0.0233,0.0236,0.9147,4.8575,-7.1710
64.9146,4.7168,-7.3064,-3.1254,0.0233,0.0236,0.9147,4.8575,-7.1710
64.9259,4.7166,-7.3064,-3.1255,0.0233,-0.0054,0.9147,4.8575,-7.1710
64.9352,4.7164,-7.3064,-3.1255,0.0233,-0.0054,0.9147,4.8575,-7.1710
64.9456,4.7161,-7.3064,-3.1259,0.0233,-0.0054,0.9147,4.8575,-7.1710
64.9554,4.7159,-7.3064,-3.1261,0.0233,-0.0054,0.9147,4.8575,-7.1710
64.9643,4.7159,-7.3064,-3.1261,0.0233,-0.0054,0.9147,4.8575,-7.1710
64.9743,4.7157,-7.3064,-3.1262,0.0233,-0.0054,0.9147,4.8575,-7.1710
64.9846,4.7155,-7.3064,-3.1264,0.0233,-0.0054,0.9147,4.8558,-7.1715
64.9950,4.7153,-7.3064,-3.1266,0.0233,-0.0054,0.9147,4.8558,-7.1715
65.0044,4.7151,-7.3064,-3.1268,0.0233,-0.0054,0.9147,4.8558,-7.1715
65.0146,4.7149,-7.3064,-3.1269,0.0225,0.0581,0.9147,4.8558,-7.1715
65.0256,4.7145,-7.3064,-3.1273,0.0225,0.0581,0.9147,4.8558,-7.1715
65.0354,4.7145,-7.3064,-3.1273,0.0225,0.0581,0.9147,4.8558,-7.1715
65.0455,4.7141,-7.3064,-3.1276,0.0225,0.0581,0.9147,4.8558,-7.1715
65.0561,4.7139,-7.3064,-3.1278,0.0225,0.0581,0.9147,4.8558,-7.1715
65.0643,4.7139,-7.3064,-3.1278,0.0225,0.0581,0.9147,4.8558,-7.1715
65.0774,4.7135,-7.3064,-3.1283,0.0225,0.0581,0.9092,4.8551,-7.1720
65.0849,4.7135,-7.3064,-3.1283,0.0225,0.0581,0.9092,4.8551,-7.1720
65.0955,4.7133,-7.3064,-3.1285,0.0225,0.0581,0.9092,4.8551,-7.1720
65.1040,4.7131,-7.3064,-3.1289,0.0225,0.0581,0.9092,4.8551,-7.1720
65.1144,4.7129,-7.3064,-3.1290,0.0225,0.0581,0.9092,4.8551,-7.1720
65.1251,4.7127,-7.3064,-3.1292,0.0232,0.0865,0.9092,4.8551,-7.1720
65.1345,4.7125,-7.3064,-3.1292,0.0232,0.0865,0.9092,4.8551,-7.1720
65.1452,4.7121,-7.3064,-3.1294,0.0232,0.0865,0.9092,4.8551,-7.1720
65.1555,4.7119,-7.3064,-3.1294,0.0232,0.0865,0.9092,4.8551,-7.1720
65.1645,4.7119,-7.3064,-3.1294,0.0232,0.0865,0.9092,4.8551,-7.1720
65.1747,4.7117,-7.3064,-3.1292,0.0232,0.0865,0.9084,4.8551,-7.1720
65.1858,4.7115,-7.3064,-3.1290,0.0232,0.0865,0.9084,4.8551,-7.1720
65.1952,4.7114,-7.3064,-3.1287,0.0232,0.0865,0.9084,4.8527,-7.1672
65.2049,4.7112,-7.3064,-3.1283,0.0232,0.0865,0.9084,4.8527,-7.1672
65.2152,4.7110,-7.3065,-3.1282,0.0232,0.0865,0.9084,4.8527,-7.1672
65.2245,4.7108,-7.3065,-3.1278,0.0220,0.1127,0.9084,4.8527,-7.1672
65.2348,4.7105,-7.3065,-3.1273,0.0220,0.1127,0.9084,4.8527,-7.1672
65.2449,4.7103,-7.3065,-3.1271,0.0220,0.1127,0.9084,4.8527,-7.1672
65.2541,4.7103,-7.3065,-3.1271,0.0220,0.1127,0.9084,4.8527,-7.1672
65.2651,4.7099,-7.3065,-3.1266,0.0220,0.1127,0.9084,4.8527,-7.1672
65.2746,4.7099,-7.3065,-3.1266,0.0220,0.1127,0.9071,4.8527,-7.1672
65.2859,4.7098,-7.3065,-3.1262,0.0220,0.1127,0.9071,4.8527,-7.1672
65.2953,4.7094,-7.3065,-3.1257,0.0220,0.1127,0.9071,4.8510,-7.1646
65.3045,4.7094,-7.3065,-3.1257,0.0220,0.1127,0.9071,4.8510,-7.1646
65.3168,4.7090,-7.3065,-3.1252,0.0220,0.1127,0.9071,4.8510,-7.1646
65.3248,4.7088,-7.3065,-3.1248,0.0222,0.1160,0.9071,4.8510,-7.1646
65.3350,4.7086,-7.3065,-3.1245,0.0222,0.1160,0.9071,4.8510,-7.1646
65.3460,4.7084,-7.3065,-3.1241,0.0222,0.1160,0.9071,4.8510,-7.1646
65.3546,4.7082,-7.3065,-3.1240,0.0222,0.1160,0.9071,4.8510,-7.1646
65.3674,4.7080,-7.3065,-3.1236,0.0222,0.1160,0.9071,4.8510,-7.1646
65.3747,4.7078,-7.3065,-3.1233,0.0222,0.1160,0.9098,4.8510,-7.1646
65.3844,4.7076,-7.3065,-3.1229,0.0222,0.1160,0.9098,4.8510,-7.1646
65.3955,4.7073,-7.3065,-3.1227,0.0222,0.1160,0.9098,4.8302,-7.1654
65.4047,4.7072,-7.3065,-3.1224,0.0222,0.1160,0.9098,4.8302,-7.1654
65.4151,4.7069,-7.3065,-3.1222,0.0222,0.1160,0.9098,4.8302,-7.1654
65.4246,4.7067,-7.3065,-3.1219,0.0230,0.1153,0.9098,4.8302,-7.1654
65.4342,4.7065,-7.3065,-3.1217,0.0230,0.1153,0.9098,4.8302,-7.1654
65.4451,4.7063,-7.3065,-3.1213,0.0230,0.1153,0.9098,4.8302,-7.1654
65.4548,4.7060,-7.3065,-3.1212,0.0230,0.1153,0.9098,4.8302,-7.1654
65.4684,4.7058,-7.3065,-3.1210,0.0230,0.1153,0.9028,4.8302,-7.1654
65.4753,4.7056,-7.3065,-3.1206,0.0230,0.1153,0.9028,4.8302,-7.1654
65.4847,4.7054,-7.3065,-3.1203,0.0230,0.1153,0.9028,4.8302,-7.1654
65.4956,4.7052,-7.3066,-3.1200,0.0230,0.1153,0.9028,4.8129,-7.1664
65.5041,4.7049,-7.3066,-3.1194,0.0230,0.1153,0.9028,4.8129,-7.1664
65.5144,4.7047,-7.3066,-3.1189,0.0230,0.1153,0.9028,4.8129,-7.1664
65.5272,4.7044,-7.3066,-3.1184,0.0222,0.1174,0.9028,4.8129,-7.1664
65.5342,4.7041,-7.3066,-3.1179,0.0222,0.1174,0.9028,4.8129,-7.1664
65.5441,4.7039,-7.3066,-3.1173,0.0222,0.1174,0.9028,4.8129,-7.1664
65.5541,4.7036,-7.3066,-3.1168,0.0222,0.1174,0.9028,4.8129,-7.1664
65.5652,4.7034,-7.3066,-3.1161,0.0222,0.1174,0.9028,4.8129,-7.1664
65.5744,4.7031,-7.3066,-3.1156,0.0222,0.1174,0.9058,4.8129,-7.1664
65.5852,4.7029,-7.3066,-3.1151,0.0222,0.1174,0.9058,4.8004,-7.1686
65.5988,4.7029,-7.3066,-3.1151,0.0222,0.1174,0.9058,4.8004,-7.1686
65.6045,4.7024,-7.3066,-3.1138,0.0222,0.1174,0.9058,4.8004,-7.1686
65.6155,4.7022,-7.3066,-3.1133,0.0222,0.1174,0.9058,4.8004,-7.1686
65.6255,4.7019,-7.3066,-3.1130,0.0222,0.1174,0.9058,4.8004,-7.1686
65.6341,4.7017,-7.3066,-3.1126,0.0226,0.1025,0.9058,4.8004,-7.1686
65.6457,4.7015,-7.3067,-3.1123,0.0226,0.1025,0.9058,4.8004,-7.1686
65.6541,4.7013,-7.3067,-3.1121,0.0226,0.1025,0.9058,4.8004,-7.1686
65.6652,4.7011,-7.3067,-3.1117,0.0226,0.1025,0.9058,4.8004,-7.1686
65.6761,4.7009,-7.3067,-3.1116,0.0226,0.1025,0.9078,4.8004,-7.1686
65.6847,4.7007,-7.3067,-3.1114,0.0226,0.1025,0.9078,4.7907,-7.1696
65.6944,4.7005,-7.3067,-3.1110,0.0226,0.1025,0.9078,4.7907,-7.1696
65.7074,4.7004,-7.3067,-3.1107,0.0226,0.1025,0.9078,4.7907,-7.1696
65.7149,4.7002,-7.3067,-3.1105,0.0226,0.1025,0.9078,4.7907,-7.1696
65.7251,4.7000,-7.3067,-3.1102,0.0230,0.1111,0.9078,4.7907,-7.1696
65.7354,4.6999,-7.3067,-3.1098,0.0230,0.1111,0.9078,4.7907,-7.1696
65.7447,4.6997,-7.3067,-3.1095,0.0230,0.1111,0.9078,4.7907,-7.1696
65.7543,4.6996,-7.3067,-3.1091,0.0230,0.1111,0.9078,4.7907,-7.1696
65.7649,4.6994,-7.3067,-3.1088,0.0230,0.1111,0.9078,4.7907,-7.1696
65.7744,4.6993,-7.3067,-3.1083,0.0230,0.1111,0.9097,4.7807,-7.1702
65.7847,4.6991,-7.3067,-3.1079,0.0230,0.1111,0.9097,4.7807,-7.1702
65.7958,4.6990,-7.3067,-3.1076,0.0230,0.1111,0.9097,4.7807,-7.1702
65.8052,4.6989,-7.3067,-3.1072,0.0230,0.1111,0.9097,4.7807,-7.1702
65.8146,4.6988,-7.3067,-3.1067,0.0230,0.1111,0.9097,4.7807,-7.1702
65.8251,4.6986,-7.3067,-3.1063,0.0216,0.1074,0.9097,4.7807,-7.1702
65.8351,4.6985,-7.3067,-3.1060,0.0216,0.1074,0.9097,4.7807,-7.1702
65.8452,4.6983,-7.3068,-3.1056,0.0216,0.1074,0.9097,4.7807,-7.1702
65.8546,4.6982,-7.3068,-3.1051,0.0216,0.1074,0.9097,4.7807,-7.1702
65.8645,4.6980,-7.3068,-3.1048,0.0216,0.1074,0.9097,4.7807,-7.1702
65.8775,4.6978,-7.3068,-3.1042,0.0216,0.1074,0.9091,4.7715,-7.1716
65.8848,4.6977,-7.3068,-3.1037,0.0216,0.1074,0.9091,4.7715,-7.1716
65.8956,4.6975,-7.3068,-3.1034,0.0216,0.1074,0.9091,4.7715,-7.1716
65.9047,4.6974,-7.3068,-3.1028,0.0216,0.1074,0.9091,4.7715,-7.1716
65.9160,4.6972,-7.3068,-3.1023,0.0216,0.1074,0.9091,4.7715,-7.1716
65.9250,4.6970,-7.3068,-3.1016,0.0234,0.1277,0.9091,4.7715,-7.1716
65.9361,4.6968,-7.3068,-3.1011,0.0234,0.1277,0.9091,4.7715,-7.1716
65.9452,4.6967,-7.3068,-3.1006,0.0234,0.1277,0.9091,4.7715,-7.1716
65.9543,4.6965,-7.3068,-3.1001,0.0234,0.1277,0.9091,4.7715,-7.1716
65.9647,4.6963,-7.3068,-3.0995,0.0234,0.1277,0.9091,4.7715,-7.1716
65.9747,4.6960,-7.3068,-3.0988,0.0234,0.1277,0.9108,4.7715,-7.1716
65.9842,4.6959,-7.3068,-3.0983,0.0234,0.1277,0.9108,4.7666,-7.1710
65.9946,4.6956,-7.3069,-3.0976,0.0234,0.1277,0.9108,4.7666,-7.1710
66.0044,4.6954,-7.3069,-3.0969,0.0234,0.1277,0.9108,4.7666,-7.1710
66.0164,4.6951,-7.3069,-3.0960,0.0234,0.1277,0.9108,4.7666,-7.1710
66.0244,4.6948,-7.3069,-3.0953,0.0218,0.0956,0.9108,4.7666,-7.1710
66.0340,4.6946,-7.3069,-3.0946,0.0218,0.0956,0.9108,4.7666,-7.1710
66.0446,4.6943,-7.3069,-3.0938,0.0218,0.0956,0.9108,4.7666,-7.1710
66.0542,4.6940,-7.3069,-3.0927,0.0218,0.0956,0.9108,4.7666,-7.1710
66.0644,4.6937,-7.3069,-3.0919,0.0218,0.0956,0.9108,4.7666,-7.1710
66.0742,4.6934,-7.3070,-3.0906,0.0218,0.0956,0.9081,4.7666,-7.1710
66.0844,4.6932,-7.3070,-3.0896,0.0218,0.0956,0.9081,4.7666,-7.1710
66.0947,4.6928,-7.3070,-3.0884,0.0218,0.0956,0.9081,4.7613,-7.1719
66.1039,4.6926,-7.3070,-3.0871,0.0218,0.0956,0.9081,4.7613,-7.1719
66.1144,4.6922,-7.3070,-3.0857,0.0218,0.0956,0.9081,4.7613,-7.1719
66.1247,4.6919,-7.3070,-3.0843,0.0235,0.0475,0.9081,4.7613,-7.1719
66.1419,4.6916,-7.3071,-3.0829,0.0235,0.0475,0.9081,4.7613,-7.1719
66.1500,4.6913,-7.3071,-3.0816,0.0235,0.0475,0.9081,4.7613,-7.1719
66.1555,4.6910,-7.3071,-3.0802,0.0235,0.0475,0.9081,4.7613,-7.1719
66.1655,4.6907,-7.3071,-3.0789,0.0235,0.0475,0.9101,4.7613,-7.1719
66.1742,4.6904,-7.3071,-3.0775,0.0235,0.0475,0.9101,4.7632,-7.1722
66.1844,4.6901,-7.3072,-3.0763,0.0235,0.0475,0.9101,4.7632,-7.1722
66.1951,4.6901,-7.3072,-3.0751,0.0235,0.0475,0.9101,4.7632,-7.1722
66.2040,4.6896,-7.3072,-3.0740,0.0235,0.0475,0.9101,4.7632,-7.1722
66.2151,4.6894,-7.3072,-3.0730,0.0235,0.0475,0.9101,4.7632,-7.1722
66.2260,4.6892,-7.3072,-3.0720,0.0228,0.0080,0.9101,4.7632,-7.1722
66.2345,4.6891,-7.3072,-3.0713,0.0228,0.0080,0.9101,4.7632,-7.1722
66.2448,4.6888,-7.3072,-3.0706,0.0228,0.0080,0.9101,4.7632,-7.1722
66.2543,4.6886,-7.3073,-3.0700,0.0228,0.0080,0.9101,4.7632,-7.1722
66.2648,4.6885,-7.3073,-3.0695,0.0228,0.0080,0.9101,4.7632,-7.1722
66.2754,4.6883,-7.3073,-3.0692,0.0228,0.0080,0.9089,4.7630,-7.1714
66.2843,4.6882,-7.3073,-3.0688,0.0228,0.0080,0.9089,4.7630,-7.1714
66.2944,4.6880,-7.3073,-3.0688,0.0228,0.0080,0.9089,4.7630,-7.1714
66.3048,4.6879,-7.3073,-3.0685,0.0228,0.0080,0.9089,4.7630,-7.1714
66.3161,4.6877,-7.3073,-3.0681,0.0228,0.0080,0.9089,4.7630,-7.1714
66.3255,4.6876,-7.3073,-3.0678,0.0235,0.0464,0.9089,4.7630,-7.1714
66.3347,4.6876,-7.3073,-3.0674,0.0235,0.0464,0.9089,4.7630,-7.1714
66.3443,4.6874,-7.3073,-3.0671,0.0235,0.0464,0.9089,4.7630,-7.1714
66.3550,4.6873,-7.3073,-3.0669,0.0235,0.0464,0.9089,4.7630,-7.1714
66.3658,4.6872,-7.3074,-3.0665,0.0235,0.0464,0.9089,4.7630,-7.1714
66.3752,4.6871,-7.3074,-3.0664,0.0235,0.0464,0.9132,4.7630,-7.1714
66.3844,4.6870,-7.3074,-3.0660,0.0235,0.0464,0.9132,4.7607,-7.1706
66.3958,4.6869,-7.3074,-3.0657,0.0235,0.0464,0.9132,4.7607,-7.1706
66.4043,4.6868,-7.3074,-3.0653,0.0235,0.0464,0.9132,4.7607,-7.1706
66.4150,4.6866,-7.3074,-3.0650,0.0235,0.0464,0.9132,4.7607,-7.1706
66.4250,4.6866,-7.3074,-3.0646,0.0236,0.1007,0.9132,4.7607,-7.1706
66.4353,4.6865,-7.3074,-3.0641,0.0236,0.1007,0.9132,4.7607,-7.1706
66.4447,4.6863,-7.3074,-3.0638,0.0236,0.1007,0.9132,4.7607,-7.1706
66.4556,4.6862,-7.3074,-3.0631,0.0236,0.1007,0.9132,4.7607,-7.1706
66.4657,4.6860,-7.3074,-3.0625,0.0236,0.1007,0.9132,4.7607,-7.1706
66.4757,4.6859,-7.3075,-3.0618,0.0236,0.1007,0.9082,4.7607,-7.1706
66.4845,4.6858,-7.3075,-3.0611,0.0236,0.1007,0.9082,4.7587,-7.1711
66.4957,4.6856,-7.3075,-3.0604,0.0236,0.1007,0.9082,4.7587,-7.1711
66.5049,4.6854,-7.3075,-3.0599,0.0236,0.1007,0.9082,4.7587,-7.1711
66.5150,4.6853,-7.3075,-3.0592,0.0236,0.1007,0.9082,4.7587,-7.1711
66.5246,4.6851,-7.3075,-3.0585,0.0235,0.0721,0.9082,4.7587,-7.1711
66.5352,4.6849,-7.3075,-3.0578,0.0235,0.0721,0.9082,4.7587,-7.1711
66.5442,4.6847,-7.3076,-3.0571,0.0235,0.0721,0.9082,4.7587,-7.1711
66.5548,4.6845,-7.3076,-3.0562,0.0235,0.0721,0.9082,4.7587,-7.1711
66.5655,4.6843,-7.3076,-3.0554,0.0235,0.0721,0.9072,4.7587,-7.1711
66.5748,4.6841,-7.3076,-3.0545,0.0235,0.0721,0.9072,4.7587,-7.1711
66.5846,4.6839,-7.3076,-3.0536,0.0235,0.0721,0.9072,4.7575,-7.1706
66.5966,4.6837,-7.3076,-3.0528,0.0235,0.0721,0.9072,4.7575,-7.1706
66.6050,4.6834,-7.3077,-3.0519,0.0235,0.0721,0.9072,4.7575,-7.1706
66.6152,4.6832,-7.3077,-3.0510,0.0235,0.0721,0.9072,4.7575,-7.1706
66.6245,4.6830,-7.3077,-3.0500,0.0235,0.0513,0.9072,4.7575,-7.1706
66.6358,4.6827,-7.3077,-3.0491,0.0235,0.0513,0.9072,4.7575,-7.1706
66.6450,4.6825,-7.3078,-3.0480,0.0235,0.0513,0.9072,4.7575,-7.1706
66.6542,4.6822,-7.3078,-3.0470,0.0235,0.0513,0.9072,4.7575,-7.1706
66.6654,4.6820,-7.3078,-3.0458,0.0235,0.0513,0.9063,4.7575,-7.1706
66.6754,4.6817,-7.3078,-3.0447,0.0235,0.0513,0.9063,4.7575,-7.1706
66.6850,4.6814,-7.3079,-3.0435,0.0235,0.0513,0.9063,4.7596,-7.1703
66.6949,4.6811,-7.3079,-3.0423,0.0235,0.0513,0.9063,4.7596,-7.1703
66.7056,4.6808,-7.3079,-3.0409,0.0235,0.0513,0.9063,4.7596,-7.1703
66.7143,4.6805,-7.3080,-3.0397,0.0235,0.0513,0.9063,4.7596,-7.1703
66.7250,4.6801,-7.3080,-3.0384,0.0235,0.0513,0.9063,4.7596,-7.1703
66.7360,4.6798,-7.3080,-3.0374,0.0231,0.0356,0.9063,4.7596,-7.1703
66.7444,4.6795,-7.3081,-3.0363,0.0231,0.0356,0.9063,4.7596,-7.1703
66.7548,4.6792,-7.3081,-3.0355,0.0231,0.0356,0.9063,4.7596,-7.1703
66.7648,4.6789,-7.3081,-3.0346,0.0231,0.0356,0.9125,4.7596,-7.1703
66.7753,4.6787,-7.3081,-3.0339,0.0231,0.0356,0.9125,4.7596,-7.1703
66.7843,4.6784,-7.3082,-3.0330,0.0231,0.0356,0.9125,4.7547,-7.1710
66.7950,4.6781,-7.3082,-3.0323,0.0231,0.0356,0.9125,4.7547,-7.1710
66.8062,4.6779,-7.3082,-3.0318,0.0231,0.0356,0.9125,4.7547,-7.1710
66.8156,4.6776,-7.3083,-3.0311,0.0231,0.0356,0.9125,4.7547,-7.1710
66.8255,4.6774,-7.3083,-3.0306,0.0226,0.0293,0.9125,4.7547,-7.1710
66.8343,4.6771,-7.3083,-3.0301,0.0226,0.0293,0.9125,4.7547,-7.1710
66.8455,4.6769,-7.3083,-3.0295,0.0226,0.0293,0.9125,4.7547,-7.1710
66.8542,4.6767,-7.3084,-3.0288,0.0226,0.0293,0.9125,4.7547,-7.1710
66.8649,4.6765,-7.3084,-3.0283,0.0226,0.0293,0.9126,4.7547,-7.1710
66.8748,4.6763,-7.3084,-3.0276,0.0226,0.0293,0.9126,4.7547,-7.1710
66.8844,4.6760,-7.3084,-3.0271,0.0226,0.0293,0.9126,4.7559,-7.1730
66.8949,4.6759,-7.3085,-3.0264,0.0226,0.0293,0.9126,4.7559,-7.1730
66.9064,4.6757,-7.3085,-3.0257,0.0226,0.0293,0.9126,4.7559,-7.1730
66.9148,4.6755,-7.3085,-3.0250,0.0226,0.0293,0.9126,4.7559,-7.1730
66.9248,4.6753,-7.3085,-3.0243,0.0231,0.0222,0.9126,4.7559,-7.1730
66.9347,4.6751,-7.3086,-3.0238,0.0231,0.0222,0.9126,4.7559,-7.1730
66.9445,4.6749,-7.3086,-3.0231,0.0231,0.0222,0.9126,4.7559,-7.1730
66.9541,4.6747,-7.3086,-3.0226,0.0231,0.0222,0.9126,4.7559,-7.1730
66.9659,4.6745,-7.3086,-3.0219,0.0231,0.0222,0.9109,4.7559,-7.1730
66.9743,4.6744,-7.3086,-3.0213,0.0231,0.0222,0.9109,4.7559,-7.1730
66.9844,4.6742,-7.3087,-3.0208,0.0231,0.0222,0.9109,4.7559,-7.1737
66.9952,4.6740,-7.3087,-3.0205,0.0231,0.0222,0.9109,4.7559,-7.1737
67.0042,4.6739,-7.3087,-3.0199,0.0231,0.0222,0.9109,4.7559,-7.1737
67.0145,4.6737,-7.3087,-3.0194,0.0231,0.0222,0.9109,4.7559,-7.1737
67.0255,4.6735,-7.3087,-3.0191,0.0225,-0.0045,0.9109,4.7559,-7.1737
67.0367,4.6733,-7.3088,-3.0185,0.0225,-0.0045,0.9109,4.7559,-7.1737
67.0452,4.6732,-7.3088,-3.0182,0.0225,-0.0045,0.9109,4.7559,-7.1737
67.0544,4.6730,-7.3088,-3.0177,0.0225,-0.0045,0.9109,4.7559,-7.1737
67.0646,4.6728,-7.3088,-3.0173,0.0225,-0.0045,0.9080,4.7559,-7.1737
67.0756,4.6726,-7.3089,-3.0168,0.0225,-0.0045,0.9080,4.7559,-7.1737
67.0843,4.6724,-7.3089,-3.0165,0.0225,-0.0045,0.9080,4.7545,-7.1721
67.0952,4.6722,-7.3089,-3.0161,0.0225,-0.0045,0.9080,4.7545,-7.1721
67.1056,4.6721,-7.3089,-3.0158,0.0225,-0.0045,0.9080,4.7545,-7.1721
67.1153,4.6719,-7.3089,-3.0154,0.0225,-0.0045,0.9080,4.7545,-7.1721
67.1254,4.6717,-7.3090,-3.0152,0.0216,-0.0415,0.9080,4.7545,-7.1721
67.1368,4.6715,-7.3090,-3.0151,0.0216,-0.0415,0.9080,4.7545,-7.1721
67.1445,4.6714,-7.3090,-3.0147,0.0216,-0.0415,0.9080,4.7545,-7.1721
67.1551,4.6712,-7.3090,-3.0145,0.0216,-0.0415,0.9080,4.7545,-7.1721
67.1649,4.6711,-7.3090,-3.0142,0.0216,-0.0415,0.9132,4.7545,-7.1721
67.1741,4.6709,-7.3091,-3.0138,0.0216,-0.0415,0.9132,4.7534,-7.1721
67.1847,4.6708,-7.3091,-3.0137,0.0216,-0.0415,0.9132,4.7534,-7.1721
67.1948,4.6706,-7.3091,-3.0133,0.0216,-0.0415,0.9132,4.7534,-7.1721
67.2046,4.6705,-7.3091,-3.0130,0.0216,-0.0415,0.9132,4.7534,-7.1721
67.2194,4.6703,-7.3091,-3.0124,0.0216,-0.0415,0.9132,4.7534,-7.1721
67.2249,4.6702,-7.3092,-3.0121,0.0213,-0.0431,0.9132,4.7534,-7.1721
67.2350,4.6700,-7.3092,-3.0117,0.0213,-0.0431,0.9132,4.7534,-7.1721
67.2453,4.6699,-7.3092,-3.0112,0.0213,-0.0431,0.9132,4.7534,-7.1721
67.2547,4.6697,-7.3092,-3.0107,0.0213,-0.0431,0.9132,4.7534,-7.1721
67.2645,4.6696,-7.3092,-3.0103,0.0213,-0.0431,0.9084,4.7534,-7.1721
67.2743,4.6694,-7.3093,-3.0098,0.0213,-0.0431,0.9084,4.7509,-7.1710
67.2846,4.6692,-7.3093,-3.0093,0.0213,-0.0431,0.9084,4.7509,-7.1710
67.2949,4.6691,-7.3093,-3.0089,0.0213,-0.0431,0.9084,4.7509,-7.1710
67.3041,4.6689,-7.3093,-3.0082,0.0213,-0.0431,0.9084,4.7509,-7.1710
67.3143,4.6687,-7.3094,-3.0077,0.0213,-0.0431,0.9084,4.7509,-7.1710
67.3244,4.6685,-7.3094,-3.0072,0.0221,-0.0598,0.9084,4.7509,-7.1710
67.3345,4.6683,-7.3094,-3.0067,0.0221,-0.0598,0.9084,4.7509,-7.1710
67.3443,4.6682,-7.3094,-3.0062,0.0221,-0.0598,0.9084,4.7509,-7.1710
67.3559,4.6680,-7.3095,-3.0058,0.0221,-0.0598,0.9084,4.7509,-7.1710
67.3642,4.6678,-7.3095,-3.0053,0.0221,-0.0598,0.9146,4.7509,-7.1710
67.3751,4.6676,-7.3095,-3.0049,0.0221,-0.0598,0.9146,4.7509,-7.1710
67.3842,4.6674,-7.3095,-3.0046,0.0221,-0.0598,0.9146,4.7511,-7.1713
67.3955,4.6673,-7.3096,-3.0042,0.0221,-0.0598,0.9146,4.7511,-7.1713
67.4043,4.6672,-7.3096,-3.0041,0.0221,-0.0598,0.9146,4.7511,-7.1713
67.4144,4.6670,-7.3096,-3.0039,0.0221,-0.0598,0.9146,4.7511,-7.1713
67.4246,4.6668,-7.3096,-3.0039,0.0226,-0.0915,0.9146,4.7511,-7.1713
67.4354,4.6666,-7.3096,-3.0039,0.0226,-0.0915,0.9146,4.7511,-7.1713
67.4466,4.6665,-7.3097,-3.0039,0.0226,-0.0915,0.9146,4.7511,-7.1713
67.4539,4.6663,-7.3097,-3.0039,0.0226,-0.0915,0.9146,4.7511,-7.1713
67.4667,4.6661,-7.3097,-3.0039,0.0226,-0.0915,0.9115,4.7511,-7.1713
67.4754,4.6660,-7.3097,-3.0041,0.0226,-0.0915,0.9115,4.7495,-7.1702
67.4846,4.6658,-7.3098,-3.0041,0.0226,-0.0915,0.9115,4.7495,-7.1702
67.4955,4.6657,-7.3098,-3.0042,0.0226,-0.0915,0.9115,4.7495,-7.1702
67.5044,4.6655,-7.3098,-3.0042,0.0226,-0.0915,0.9115,4.7495,-7.1702
67.5171,4.6653,-7.3098,-3.0042,0.0227,-0.1053,0.9115,4.7495,-7.1702
67.5257,4.6652,-7.3098,-3.0042,0.0227,-0.1053,0.9115,4.7495,-7.1702
67.5348,4.6650,-7.3099,-3.0042,0.0227,-0.1053,0.9115,4.7495,-7.1702
67.5449,4.6649,-7.3099,-3.0042,0.0227,-0.1053,0.9115,4.7495,-7.1702
67.5544,4.6647,-7.3099,-3.0042,0.0227,-0.1053,0.9115,4.7495,-7.1702
67.5658,4.6646,-7.3099,-3.0042,0.0227,-0.1053,0.9134,4.7495,-7.1702
67.5748,4.6644,-7.3100,-3.0042,0.0227,-0.1053,0.9134,4.7495,-7.1702
67.5845,4.6642,-7.3100,-3.0041,0.0227,-0.1053,0.9134,4.7479,-7.1705
67.5943,4.6641,-7.3100,-3.0041,0.0227,-0.1053,0.9134,4.7479,-7.1705
67.6041,4.6639,-7.3100,-3.0041,0.0227,-0.1053,0.9134,4.7479,-7.1705
67.6151,4.6638,-7.3100,-3.0039,0.0227,-0.1053,0.9134,4.7479,-7.1705
67.6245,4.6636,-7.3101,-3.0039,0.0220,-0.1084,0.9134,4.7479,-7.1705
67.6356,4.6635,-7.3101,-3.0041,0.0220,-0.1084,0.9134,4.7479,-7.1705
67.6456,4.6633,-7.3101,-3.0041,0.0220,-0.1084,0.9134,4.7479,-7.1705
67.6647,4.6630,-7.3101,-3.0044,0.0220,-0.1084,0.9146,4.7479,-7.1705
67.6749,4.6628,-7.3102,-3.0044,0.0220,-0.1084,0.9146,4.7479,-7.1705
67.6853,4.6627,-7.3102,-3.0046,0.0220,-0.1084,0.9146,4.7479,-7.1706
67.6949,4.6625,-7.3102,-3.0048,0.0220,-0.1084,0.9146,4.7479,-7.1706
67.7041,4.6623,-7.3102,-3.0049,0.0220,-0.1084,0.9146,4.7479,-7.1706
67.7153,4.6621,-7.3103,-3.0053,0.0220,-0.1084,0.9146,4.7479,-7.1706
67.7263,4.6619,-7.3103,-3.0055,0.0236,-0.1501,0.9146,4.7479,-7.1706
67.7347,4.6618,-7.3103,-3.0058,0.0236,-0.1501,0.9146,4.7479,-7.1706
67.7451,4.6616,-7.3103,-3.0062,0.0236,-0.1501,0.9146,4.7479,-7.1706
67.7542,4.6614,-7.3104,-3.0065,0.0236,-0.1501,0.9146,4.7479,-7.1706
67.7644,4.6612,-7.3104,-3.0069,0.0236,-0.1501,0.9198,4.7479,-7.1706
67.7744,4.6610,-7.3104,-3.0074,0.0236,-0.1501,0.9198,4.7500,-7.1703
67.7847,4.6608,-7.3104,-3.0079,0.0236,-0.1501,0.9198,4.7500,-7.1703
67.7948,4.6606,-7.3105,-3.0084,0.0236,-0.1501,0.9198,4.7500,-7.1703
67.8040,4.6604,-7.3105,-3.0089,0.0236,-0.1501,0.9198,4.7500,-7.1703
67.8147,4.6602,-7.3105,-3.0096,0.0236,-0.1501,0.9198,4.7500,-7.1703
67.8249,4.6600,-7.3106,-3.0103,0.0225,-0.1782,0.9198,4.7500,-7.1703
67.8351,4.6598,-7.3106,-3.0112,0.0225,-0.1782,0.9198,4.7500,-7.1703
67.8447,4.6596,-7.3106,-3.0123,0.0225,-0.1782,0.9198,4.7500,-7.1703
67.8549,4.6594,-7.3106,-3.0133,0.0225,-0.1782,0.9198,4.7500,-7.1703
67.8646,4.6592,-7.3107,-3.0145,0.0225,-0.1782,0.9165,4.7500,-7.1703
67.8750,4.6590,-7.3107,-3.0159,0.0225,-0.1782,0.9165,4.7500,-7.1703
67.8846,4.6588,-7.3107,-3.0173,0.0225,-0.1782,0.9165,4.7507,-7.1682
67.8952,4.6586,-7.3107,-3.0185,0.0225,-0.1782,0.9165,4.7507,-7.1682
67.9043,4.6583,-7.3108,-3.0199,0.0225,-0.1782,0.9165,4.7507,-7.1682
67.9179,4.6581,-7.3108,-3.0213,0.0233,-0.1510,0.9165,4.7507,-7.1682
67.9249,4.6579,-7.3108,-3.0227,0.0233,-0.1510,0.9165,4.7507,-7.1682
67.9356,4.6576,-7.3109,-3.0241,0.0233,-0.1510,0.9165,4.7507,-7.1682
67.9451,4.6574,-7.3109,-3.0257,0.0233,-0.1510,0.9165,4.7507,-7.1682
67.9545,4.6571,-7.3109,-3.0271,0.0233,-0.1510,0.9165,4.7507,-7.1682
67.9649,4.6569,-7.3109,-3.0287,0.0233,-0.1510,0.9175,4.7507,-7.1682
67.9747,4.6566,-7.3110,-3.0301,0.0233,-0.1510,0.9175,4.7489,-7.1689
67.9849,4.6564,-7.3110,-3.0315,0.0233,-0.1510,0.9175,4.7489,-7.1689
67.9951,4.6562,-7.3110,-3.0330,0.0233,-0.1510,0.9175,4.7489,-7.1689
68.0046,4.6559,-7.3110,-3.0346,0.0233,-0.1510,0.9175,4.7489,-7.1689
68.0147,4.6556,-7.3111,-3.0360,0.0233,-0.1510,0.9175,4.7489,-7.1689
68.0260,4.6553,-7.3111,-3.0376,0.0231,-0.1519,0.9175,4.7489,-7.1689
68.0380,4.6550,-7.3111,-3.0390,0.0231,-0.1519,0.9175,4.7489,-7.1689
68.0460,4.6547,-7.3112,-3.0405,0.0231,-0.1519,0.9175,4.7489,-7.1689
68.0553,4.6544,-7.3112,-3.0419,0.0231,-0.1519,0.9175,4.7489,-7.1689
68.0642,4.6541,-7.3112,-3.0433,0.0231,-0.1519,0.9114,4.7489,-7.1689
68.0748,4.6539,-7.3113,-3.0446,0.0231,-0.1519,0.9114,4.7506,-7.1690
68.0843,4.6536,-7.3113,-3.0458,0.0231,-0.1519,0.9114,4.7506,-7.1690
68.0944,4.6533,-7.3113,-3.0470,0.0231,-0.1519,0.9114,4.7506,-7.1690
68.1043,4.6531,-7.3113,-3.0482,0.0231,-0.1519,0.9114,4.7506,-7.1690
68.1183,4.6528,-7.3114,-3.0494,0.0231,-0.1519,0.9114,4.7506,-7.1690
68.1255,4.6525,-7.3114,-3.0505,0.0225,-0.1475,0.9114,4.7506,-7.1690
68.1349,4.6523,-7.3114,-3.0517,0.0225,-0.1475,0.9114,4.7506,-7.1690
68.1453,4.6520,-7.3114,-3.0528,0.0225,-0.1475,0.9114,4.7506,-7.1690
68.1554,4.6518,-7.3115,-3.0536,0.0225,-0.1475,0.9114,4.7506,-7.1690
68.1664,4.6515,-7.3115,-3.0547,0.0225,-0.1475,0.9188,4.7506,-7.1690
68.1749,4.6512,-7.3115,-3.0557,0.0225,-0.1475,0.9188,4.7506,-7.1690
68.1853,4.6509,-7.3115,-3.0566,0.0225,-0.1475,0.9188,4.7542,-7.1715
68.1945,4.6506,-7.3115,-3.0576,0.0225,-0.1475,0.9188,4.7542,-7.1715
68.2042,4.6504,-7.3116,-3.0585,0.0225,-0.1475,0.9188,4.7542,-7.1715
68.2152,4.6501,-7.3116,-3.0596,0.0225,-0.1475,0.9188,4.7542,-7.1715
68.2246,4.6498,-7.3116,-3.0606,0.0239,-0.1414,0.9188,4.7542,-7.1715
68.2349,4.6496,-7.3116,-3.0617,0.0239,-0.1414,0.9188,4.7542,-7.1715
68.2453,4.6494,-7.3117,-3.0627,0.0239,-0.1414,0.9188,4.7542,-7.1715
68.2547,4.6492,-7.3117,-3.0638,0.0239,-0.1414,0.9188,4.7542,-7.1715
68.2646,4.6489,-7.3117,-3.0648,0.0239,-0.1414,0.9155,4.7542,-7.1715
68.2760,4.6487,-7.3117,-3.0658,0.0239,-0.1414,0.9155,4.7514,-7.1724
68.2842,4.6485,-7.3117,-3.0667,0.0239,-0.1414,0.9155,4.7514,-7.1724
68.2955,4.6483,-7.3117,-3.0678,0.0239,-0.1414,0.9155,4.7514,-7.1724
68.3045,4.6481,-7.3118,-3.0688,0.0239,-0.1414,0.9155,4.7514,-7.1724
68.3159,4.6479,-7.3118,-3.0697,0.0239,-0.1414,0.9155,4.7514,-7.1724
68.3252,4.6477,-7.3118,-3.0707,0.0235,-0.1530,0.9155,4.7514,-7.1724
68.3345,4.6475,-7.3118,-3.0716,0.0235,-0.1530,0.9155,4.7514,-7.1724
68.3448,4.6473,-7.3118,-3.0727,0.0235,-0.1530,0.9155,4.7514,-7.1724
68.3552,4.6471,-7.3118,-3.0735,0.0235,-0.1530,0.9155,4.7514,-7.1724
68.3651,4.6469,-7.3118,-3.0746,0.0235,-0.1530,0.9217,4.7514,-7.1724
68.3766,4.6468,-7.3118,-3.0756,0.0235,-0.1530,0.9217,4.7505,-7.1719
68.3841,4.6466,-7.3119,-3.0768,0.0235,-0.1530,0.9217,4.7505,-7.1719
68.3966,4.6464,-7.3119,-3.0779,0.0235,-0.1530,0.9217,4.7505,-7.1719
68.4041,4.6463,-7.3119,-3.0789,0.0235,-0.1530,0.9217,4.7505,-7.1719
68.4161,4.6461,-7.3119,-3.0802,0.0235,-0.1530,0.9217,4.7505,-7.1719
68.4255,4.6459,-7.3119,-3.0814,0.0235,-0.1602,0.9217,4.7505,-7.1719
68.4342,4.6457,-7.3119,-3.0814,0.0235,-0.1602,0.9217,4.7505,-7.1719
68.4451,4.6455,-7.3119,-3.0828,0.0235,-0.1602,0.9217,4.7505,-7.1719
68.4540,4.6453,-7.3119,-3.0840,0.0235,-0.1602,0.9217,4.7505,-7.1719
68.4707,4.6449,-7.3120,-3.0868,0.0235,-0.1602,0.9128,4.7536,-7.1740
68.4742,4.6449,-7.3120,-3.0868,0.0235,-0.1602,0.9128,4.7536,-7.1740
68.4853,4.6446,-7.3120,-3.0882,0.0235,-0.1602,0.9128,4.7536,-7.1740
68.4942,4.6444,-7.3120,-3.0894,0.0235,-0.1602,0.9128,4.7536,-7.1740
68.5045,4.6442,-7.3120,-3.0908,0.0235,-0.1602,0.9128,4.7536,-7.1740
68.5151,4.6440,-7.3120,-3.0922,0.0235,-0.1602,0.9128,4.7536,-7.1740
68.5254,4.6437,-7.3120,-3.0936,0.0238,-0.1409,0.9128,4.7536,-7.1740
68.5345,4.6435,-7.3120,-3.0950,0.0238,-0.1409,0.9128,4.7536,-7.1740
68.5454,4.6432,-7.3120,-3.0964,0.0238,-0.1409,0.9128,4.7536,-7.1740
68.5545,4.6429,-7.3121,-3.0980,0.0238,-0.1409,0.9128,4.7536,-7.1740
68.5647,4.6426,-7.3121,-3.0994,0.0238,-0.1409,0.9158,4.7536,-7.1740
68.5768,4.6423,-7.3121,-3.1008,0.0238,-0.1409,0.9158,4.7536,-7.1740
68.5846,4.6420,-7.3121,-3.1021,0.0238,-0.1409,0.9158,4.7553,-7.1764
68.5946,4.6417,-7.3121,-3.1035,0.0238,-0.1409,0.9158,4.7553,-7.1764
68.6042,4.6414,-7.3121,-3.1049,0.0238,-0.1409,0.9158,4.7553,-7.1764
68.6148,4.6411,-7.3121,-3.1063,0.0238,-0.1409,0.9158,4.7553,-7.1764
68.6249,4.6408,-7.3121,-3.1077,0.0221,-0.1267,0.9158,4.7553,-7.1764
68.6347,4.6405,-7.3121,-3.1091,0.0221,-0.1267,0.9158,4.7553,-7.1764
68.6448,4.6403,-7.3122,-3.1104,0.0221,-0.1267,0.9158,4.7553,-7.1764
68.6546,4.6400,-7.3122,-3.1117,0.0221,-0.1267,0.9158,4.7553,-7.1764
68.6649,4.6398,-7.3122,-3.1131,0.0221,-0.1267,0.9118,4.7553,-7.1764
68.6748,4.6395,-7.3122,-3.1145,0.0221,-0.1267,0.9118,4.7553,-7.1764
68.6852,4.6392,-7.3122,-3.1158,0.0221,-0.1267,0.9118,4.7514,-7.1779
68.6945,4.6390,-7.3122,-3.1170,0.0221,-0.1267,0.9118,4.7514,-7.1779
68.7042,4.6387,-7.3122,-3.1182,0.0221,-0.1267,0.9118,4.7514,-7.1779
68.7151,4.6385,-7.3122,-3.1194,0.0221,-0.1267,0.9118,4.7514,-7.1779
68.7251,4.6383,-7.3122,-3.1205,0.0221,-0.1267,0.9118,4.7514,-7.1779
68.7352,4.6380,-7.3122,-3.1217,0.0237,-0.0087,0.9118,4.7514,-7.1779
68.7447,4.6378,-7.3122,-3.1227,0.0237,-0.0087,0.9118,4.7514,-7.1779
68.7545,4.6376,-7.3122,-3.1240,0.0237,-0.0087,0.9118,4.7514,-7.1779
68.7650,4.6374,-7.3122,-3.1250,0.0237,-0.0087,0.9170,4.7514,-7.1779
68.7745,4.6372,-7.3122,-3.1261,0.0237,-0.0087,0.9170,4.7486,-7.1786
68.7847,4.6370,-7.3122,-3.1273,0.0237,-0.0087,0.9170,4.7486,-7.1786
68.7948,4.6369,-7.3122,-3.1285,0.0237,-0.0087,0.9170,4.7486,-7.1786
68.8045,4.6367,-7.3122,-3.1297,0.0237,-0.0087,0.9170,4.7486,-7.1786
68.8159,4.6365,-7.3122,-3.1311,0.0237,-0.0087,0.9170,4.7486,-7.1786
68.8247,4.6363,-7.3122,-3.1323,0.0235,0.0190,0.9170,4.7486,-7.1786
68.8356,4.6361,-7.3122,-3.1337,0.0235,0.0190,0.9170,4.7486,-7.1786
68.8455,4.6360,-7.3122,-3.1350,0.0235,0.0190,0.9170,4.7486,-7.1786
68.8542,4.6358,-7.3122,-3.1362,0.0235,0.0190,0.9170,4.7486,-7.1786
68.8644,4.6356,-7.3122,-3.1374,0.0235,0.0190,0.9147,4.7486,-7.1786
68.8743,4.6354,-7.3122,-3.1386,0.0235,0.0190,0.9147,4.7475,-7.1796
68.8847,4.6352,-7.3122,-3.1397,0.0235,0.0190,0.9147,4.7475,-7.1796
68.8954,4.6350,-7.3122,-3.1407,0.0235,0.0190,0.9147,4.7475,-7.1796
68.9049,4.6348,-7.3122,-3.1416,0.0235,0.0190,0.9147,4.7475,-7.1796
68.9150,4.6346,-7.3122,3.1405,0.0235,0.0190,0.9147,4.7475,-7.1796
68.9252,4.6344,-7.3122,3.1398,0.0222,0.0344,0.9147,4.7475,-7.1796
68.9366,4.6343,-7.3122,3.1391,0.0222,0.0344,0.9147,4.7475,-7.1796
68.9448,4.6341,-7.3122,3.1388,0.0222,0.0344,0.9147,4.7475,-7.1796
68.9553,4.6340,-7.3122,3.1385,0.0222,0.0344,0.9147,4.7475,-7.1796
68.9647,4.6338,-7.3122,3.1383,0.0222,0.0344,0.9153,4.7475,-7.1796
68.9752,4.6337,-7.3122,3.1381,0.0222,0.0344,0.9153,4.7488,-7.1807
68.9844,4.6335,-7.3122,3.1381,0.0222,0.0344,0.9153,4.7488,-7.1807
68.9943,4.6334,-7.3122,3.1381,0.0222,0.0344,0.9153,4.7488,-7.1807
69.0047,4.6332,-7.3122,3.1379,0.0222,0.0344,0.9153,4.7488,-7.1807
69.0143,4.6331,-7.3122,3.1379,0.0222,0.0344,0.9153,4.7488,-7.1807
69.0249,4.6330,-7.3122,3.1379,0.0234,0.0626,0.9153,4.7488,-7.1807
69.0342,4.6329,-7.3122,3.1379,0.0234,0.0626,0.9153,4.7488,-7.1807
69.0445,4.6328,-7.3122,3.1378,0.0234,0.0626,0.9153,4.7488,-7.1807
69.0541,4.6327,-7.3122,3.1376,0.0234,0.0626,0.9153,4.7488,-7.1807
69.0647,4.6326,-7.3122,3.1372,0.0234,0.0626,0.9149,4.7488,-7.1807
69.0746,4.6326,-7.3122,3.1371,0.0234,0.0626,0.9149,4.7509,-7.1811
69.0847,4.6325,-7.3122,3.1367,0.0234,0.0626,0.9149,4.7509,-7.1811
69.0961,4.6324,-7.3122,3.1364,0.0234,0.0626,0.9149,4.7509,-7.1811
69.1043,4.6323,-7.3122,3.1360,0.0234,0.0626,0.9149,4.7509,-7.1811
69.1209,4.6321,-7.3122,3.1353,0.0234,0.1123,0.9149,4.7509,-7.1811
69.1260,4.6321,-7.3122,3.1353,0.0234,0.1123,0.9149,4.7509,-7.1811
69.1361,4.6320,-7.3122,3.1351,0.0234,0.1123,0.9149,4.7509,-7.1811
69.1447,4.6320,-7.3122,3.1350,0.0234,0.1123,0.9149,4.7509,-7.1811
69.1553,4.6318,-7.3122,3.1348,0.0234,0.1123,0.9149,4.7509,-7.1811
69.1648,4.6317,-7.3122,3.1348,0.0234,0.1123,0.9173,4.7509,-7.1811
69.1748,4.6316,-7.3122,3.1346,0.0234,0.1123,0.9173,4.7575,-7.1797
69.1846,4.6315,-7.3122,3.1346,0.0234,0.1123,0.9173,4.7575,-7.1797
69.1952,4.6314,-7.3122,3.1346,0.0234,0.1123,0.9173,4.7575,-7.1797
69.2044,4.6313,-7.3122,3.1346,0.0234,0.1123,0.9173,4.7575,-7.1797
69.2146,4.6312,-7.3122,3.1346,0.0234,0.1123,0.9173,4.7575,-7.1797
69.2254,4.6310,-7.3122,3.1346,0.0232,0.1548,0.9173,4.7575,-7.1797
69.2366,4.6309,-7.3122,3.1346,0.0232,0.1548,0.9173,4.7575,-7.1797
69.2466,4.6307,-7.3122,3.1348,0.0232,0.1548,0.9173,4.7575,-7.1797
69.2545,4.6306,-7.3122,3.1348,0.0232,0.1548,0.9173,4.7575,-7.1797
69.2647,4.6304,-7.3122,3.1350,0.0232,0.1548,0.9149,4.7575,-7.1797
69.2743,4.6303,-7.3122,3.1350,0.0232,0.1548,0.9149,4.7547,-7.1773
69.2848,4.6301,-7.3122,3.1350,0.0232,0.1548,0.9149,4.7547,-7.1773
69.2949,4.6299,-7.3122,3.1350,0.0232,0.1548,0.9149,4.7547,-7.1773
69.3048,4.6297,-7.3122,3.1351,0.0232,0.1548,0.9149,4.7547,-7.1773
69.3167,4.6296,-7.3122,3.1351,0.0000,0.0000,0.9149,4.7547,-7.1773
69.3258,4.6295,-7.3122,3.1351,0.0000,0.0000,0.9149,4.7547,-7.1773
69.3351,4.6295,-7.3122,3.1355,0.0000,0.0000,0.9149,4.7547,-7.1773
69.3449,4.6294,-7.3122,3.1360,0.0000,0.0000,0.9149,4.7547,-7.1773
69.3540,4.6293,-7.3122,3.1367,0.0000,0.0000,0.9149,4.7547,-7.1773
69.3650,4.6292,-7.3122,3.1376,0.0000,0.0000,0.9110,4.7547,-7.1773
69.3748,4.6291,-7.3122,3.1386,0.0000,0.0000,0.9110,4.7547,-7.1773
69.3848,4.6291,-7.3122,3.1397,0.0000,0.0000,0.9110,4.7552,-7.1765
69.3948,4.6289,-7.3122,3.1407,0.0000,0.0000,0.9110,4.7552,-7.1765
69.4046,4.6287,-7.3122,-3.1414,0.0000,0.0000,0.9110,4.7552,-7.1765
69.4149,4.6286,-7.3122,-3.1404,0.0000,0.0000,0.9110,4.7552,-7.1765
69.4254,4.6285,-7.3122,-3.1393,0.0000,0.0000,0.9110,4.7552,-7.1765
69.4349,4.6285,-7.3122,-3.1383,0.0000,0.0000,0.9110,4.7552,-7.1765
69.4454,4.6284,-7.3122,-3.1374,0.0000,0.0000,0.9110,4.7552,-7.1765
69.4557,4.6284,-7.3122,-3.1367,0.0000,0.0000,0.9110,4.7552,-7.1765
69.4642,4.6284,-7.3122,-3.1360,0.0000,0.0000,0.9192,4.7552,-7.1765
69.4744,4.6284,-7.3122,-3.1355,0.0000,0.0000,0.9192,4.7525,-7.1760
69.4843,4.6284,-7.3122,-3.1353,0.0000,0.0000,0.9192,4.7525,-7.1760
69.4943,4.6284,-7.3122,-3.1351,0.0000,0.0000,0.9192,4.7525,-7.1760
69.5044,4.6285,-7.3122,-3.1351,0.0000,0.0000,0.9192,4.7525,-7.1760
69.5148,4.6285,-7.3122,-3.1353,0.0000,0.0000,0.9192,4.7525,-7.1760
69.5258,4.6285,-7.3122,-3.1357,0.0000,0.0000,0.9192,4.7525,-7.1760
69.5348,4.6285,-7.3122,-3.1362,0.0000,0.0000,0.9192,4.7525,-7.1760
69.5457,4.6286,-7.3122,-3.1369,0.0000,0.0000,0.9192,4.7525,-7.1760
69.5573,4.6287,-7.3122,-3.1374,0.0000,0.0000,0.9192,4.7525,-7.1760
69.5647,4.6287,-7.3122,-3.1378,0.0000,0.0000,0.9133,4.7525,-7.1760
69.5742,4.6288,-7.3122,-3.1381,0.0000,0.0000,0.9133,4.7525,-7.1760
69.5840,4.6288,-7.3122,-3.1383,0.0000,0.0000,0.9133,4.7543,-7.1766
69.5945,4.6288,-7.3122,-3.1383,0.0000,0.0000,0.9133,4.7543,-7.1766
69.6040,4.6288,-7.3122,-3.1383,0.0000,0.0000,0.9133,4.7543,-7.1766
69.6139,4.6288,-7.3122,-3.1381,0.0000,0.0000,0.9133,4.7543,-7.1766
69.6246,4.6289,-7.3122,-3.1379,0.0000,0.0000,0.9133,4.7543,-7.1766
69.6350,4.6290,-7.3122,-3.1378,0.0000,0.0000,0.9133,4.7543,-7.1766
69.6446,4.6290,-7.3122,-3.1376,0.0000,0.0000,0.9133,4.7543,-7.1766
69.6545,4.6290,-7.3122,-3.1374,0.0000,0.0000,0.9133,4.7543,-7.1766
69.6644,4.6291,-7.3122,-3.1372,0.0000,0.0000,0.9186,4.7543,-7.1766
69.6749,4.6291,-7.3122,-3.1372,0.0000,0.0000,0.9186,4.7565,-7.1783
69.6853,4.6291,-7.3122,-3.1372,0.0000,0.0000,0.9186,4.7565,-7.1783
69.6951,4.6291,-7.3122,-3.1372,0.0000,0.0000,0.9186,4.7565,-7.1783
69.7051,4.6291,-7.3122,-3.1372,0.0000,0.0000,0.9186,4.7565,-7.1783
69.7158,4.6291,-7.3122,-3.1374,0.0000,0.0000,0.9186,4.7565,-7.1783
69.7265,4.6291,-7.3122,-3.1374,0.0000,0.0000,0.9186,4.7565,-7.1783
69.7354,4.6290,-7.3122,-3.1374,0.0000,0.0000,0.9186,4.7565,-7.1783
69.7462,4.6290,-7.3122,-3.1374,0.0000,0.0000,0.9186,4.7565,-7.1783
69.7559,4.6290,-7.3122,-3.1374,0.0000,0.0000,0.9186,4.7565,-7.1783
69.7647,4.6290,-7.3122,-3.1374,0.0000,0.0000,0.9133,4.7565,-7.1783
69.7742,4.6290,-7.3122,-3.1372,0.0000,0.0000,0.9133,4.7569,-7.1761
69.7846,4.6290,-7.3122,-3.1372,0.0000,0.0000,0.9133,4.7569,-7.1761
69.7953,4.6290,-7.3122,-3.1372,0.0000,0.0000,0.9133,4.7569,-7.1761
69.8047,4.6290,-7.3122,-3.1372,0.0000,0.0000,0.9133,4.7569,-7.1761
69.8142,4.6290,-7.3122,-3.1372,0.0000,0.0000,0.9133,4.7569,-7.1761
69.8244,4.6290,-7.3122,-3.1372,0.0000,0.0000,0.9133,4.7569,-7.1761
69.8345,4.6290,-7.3122,-3.1372,0.0000,0.0000,0.9133,4.7569,-7.1761
69.8444,4.6290,-7.3122,-3.1372,0.0000,0.0000,0.9133,4.7569,-7.1761
69.8548,4.6290,-7.3122,-3.1374,0.0000,0.0000,0.9133,4.7569,-7.1761
69.8644,4.6290,-7.3122,-3.1374,0.0000,0.0000,0.9173,4.7569,-7.1761
69.8747,4.6290,-7.3122,-3.1374,0.0000,0.0000,0.9173,4.7540,-7.1742
69.8852,4.6291,-7.3122,-3.1374,0.0000,0.0000,0.9173,4.7540,-7.1742
69.8949,4.6290,-7.3122,-3.1374,0.0000,0.0000,0.9173,4.7540,-7.1742
69.9043,4.6291,-7.3122,-3.1374,0.0000,0.0000,0.9173,4.7540,-7.1742
69.9144,4.6290,-7.3122,-3.1374,0.0000,0.0000,0.9173,4.7540,-7.1742
69.9249,4.6290,-7.3122,-3.1374,0.0000,0.0000,0.9173,4.7540,-7.1742
69.9351,4.6291,-7.3122,-3.1374,0.0000,0.0000,0.9173,4.7540,-7.1742
69.9446,4.6290,-7.3122,-3.1374,0.0000,0.0000,0.9173,4.7540,-7.1742
69.9554,4.6291,-7.3122,-3.1374,0.0000,0.0000,0.9173,4.7540,-7.1742
69.9648,4.6291,-7.3122,-3.1374,0.0000,0.0000,0.9157,4.7540,-7.1742
69.9745,4.6290,-7.3122,-3.1374,0.0000,0.0000,0.9157,4.7556,-7.1731
69.9846,4.6291,-7.3122,-3.1374,0.0000,0.0000,0.9157,4.7556,-7.1731
69.9948,4.6290,-7.3122,-3.1374,0.0000,0.0000,0.9157,4.7556,-7.1731
70.0045,4.6291,-7.3122,-3.1372,0.0000,0.0000,0.9157,4.7556,-7.1731
70.0148,4.6290,-7.3122,-3.1372,0.0000,0.0000,0.9157,4.7556,-7.1731
70.0245,4.6290,-7.3122,-3.1372,0.0000,0.0000,0.9157,4.7556,-7.1731
70.0343,4.6290,-7.3122,-3.1372,0.0000,0.0000,0.9157,4.7556,-7.1731
70.0454,4.6291,-7.3122,-3.1372,0.0000,0.0000,0.9157,4.7556,-7.1731
70.0549,4.6290,-7.3122,-3.1372,0.0000,0.0000,0.9157,4.7556,-7.1731
70.0662,4.6290,-7.3122,-3.1372,0.0000,0.0000,0.9143,4.7581,-7.1746
70.0748,4.6290,-7.3122,-3.1372,0.0000,0.0000,0.9143,4.7581,-7.1746
70.0848,4.6291,-7.3122,-3.1372,0.0000,0.0000,0.9143,4.7581,-7.1746
70.0951,4.6290,-7.3122,-3.1372,0.0000,0.0000,0.9143,4.7581,-7.1746
70.1046,4.6290,-7.3122,-3.1372,0.0000,0.0000,0.9143,4.7581,-7.1746
70.1161,4.6290,-7.3122,-3.1372,0.0000,0.0000,0.9143,4.7581,-7.1746
70.1247,4.6290,-7.3122,-3.1372,0.0000,0.0000,0.9143,4.7581,-7.1746
70.1349,4.6291,-7.3122,-3.1374,0.0000,0.0000,0.9143,4.7581,-7.1746
70.1447,4.6290,-7.3122,-3.1374,0.0000,0.0000,0.9143,4.7581,-7.1746
70.1560,4.6290,-7.3122,-3.1374,0.0000,0.0000,0.9143,4.7581,-7.1746
70.1648,4.6290,-7.3122,-3.1374,0.0000,0.0000,0.9113,4.7581,-7.1746
70.1757,4.6291,-7.3122,-3.1374,0.0000,0.0000,0.9113,4.7581,-7.1746
70.1860,4.6290,-7.3122,-3.1374,0.0000,0.0000,0.9113,4.7603,-7.1750
70.1944,4.6290,-7.3122,-3.1372,0.0000,0.0000,0.9113,4.7603,-7.1750
70.2045,4.6290,-7.3122,-3.1372,0.0000,0.0000,0.9113,4.7603,-7.1750
70.2144,4.6290,-7.3122,-3.1374,0.0000,0.0000,0.9113,4.7603,-7.1750
70.2257,4.6291,-7.3122,-3.1374,0.0000,0.0000,0.9113,4.7603,-7.1750
70.2346,4.6291,-7.3122,-3.1374,0.0000,0.0000,0.9113,4.7603,-7.1750
70.2461,4.6291,-7.3122,-3.1374,0.0000,0.0000,0.9113,4.7603,-7.1750
70.2542,4.6290,-7.3122,-3.1374,0.0000,0.0000,0.9113,4.7603,-7.1750
70.2645,4.6290,-7.3122,-3.1374,0.0000,0.0000,0.9123,4.7603,-7.1750
70.2750,4.6290,-7.3122,-3.1374,0.0000,0.0000,0.9123,4.7573,-7.1762
70.2842,4.6290,-7.3122,-3.1374,0.0000,0.0000,0.9123,4.7573,-7.1762
70.2953,4.6290,-7.3122,-3.1374,0.0000,0.0000,0.9123,4.7573,-7.1762
70.3041,4.6290,-7.3122,-3.1372,0.0000,0.0000,0.9123,4.7573,-7.1762
70.3143,4.6290,-7.3122,-3.1372,0.0000,0.0000,0.9123,4.7573,-7.1762
70.3244,4.6291,-7.3122,-3.1374,0.0000,0.0000,0.9123,4.7573,-7.1762
70.3343,4.6290,-7.3122,-3.1374,0.0000,0.0000,0.9123,4.7573,-7.1762
70.3450,4.6290,-7.3122,-3.1374,0.0000,0.0000,0.9123,4.7573,-7.1762
70.3562,4.6290,-7.3122,-3.1374,0.0000,0.0000,0.9123,4.7573,-7.1762
70.3650,4.6290,-7.3122,-3.1374,0.0000,0.0000,0.9113,4.7576,-7.1752
70.3754,4.6290,-7.3122,-3.1374,0.0000,0.0000,0.9113,4.7576,-7.1752
70.3848,4.6290,-7.3122,-3.1374,0.0000,0.0000,0.9113,4.7576,-7.1752
70.3949,4.6290,-7.3122,-3.1374,0.0000,0.0000,0.9113,4.7576,-7.1752
70.4072,4.6290,-7.3122,-3.1374,0.0000,0.0000,0.9113,4.7576,-7.1752
70.4157,4.6290,-7.3122,-3.1374,0.0000,0.0000,0.9113,4.7576,-7.1752
70.4249,4.6290,-7.3122,-3.1374,0.0000,0.0000,0.9113,4.7576,-7.1752
70.4346,4.6290,-7.3122,-3.1374,0.0000,0.0000,0.9113,4.7576,-7.1752
70.4451,4.6290,-7.3122,-3.1374,0.0000,0.0000,0.9113,4.7576,-7.1752
70.4559,4.6291,-7.3122,-3.1374,0.0000,0.0000,0.9113,4.7576,-7.1752
70.4642,4.6290,-7.3122,-3.1374,0.0000,0.0000,0.9143,4.7576,-7.1752
70.4741,4.6290,-7.3122,-3.1374,0.0000,0.0000,0.9143,4.7576,-7.1752
70.4842,4.6290,-7.3122,-3.1374,0.0000,0.0000,0.9143,4.7597,-7.1762
70.4948,4.6291,-7.3122,-3.1374,0.0000,0.0000,0.9143,4.7597,-7.1762
70.5056,4.6290,-7.3122,-3.1374,0.0000,0.0000,0.9143,4.7597,-7.1762
70.5147,4.6290,-7.3122,-3.1374,0.0000,0.0000,0.9143,4.7597,-7.1762
70.5256,4.6290,-7.3122,-3.1374,0.0000,0.0000,0.9143,4.7597,-7.1762
70.5346,4.6290,-7.3122,-3.1374,0.0000,0.0000,0.9143,4.7597,-7.1762
70.5445,4.6290,-7.3122,-3.1374,0.0000,0.0000,0.9143,4.7597,-7.1762
70.5549,4.6290,-7.3122,-3.1374,0.0000,0.0000,0.9153,4.7597,-7.1762
70.5654,4.6290,-7.3122,-3.1374,0.0000,0.0000,0.9153,4.7597,-7.1762
70.5744,4.6290,-7.3122,-3.1374,0.0000,0.0000,0.9153,4.7608,-7.1771
70.5844,4.6290,-7.3122,-3.1374,0.0000,0.0000,0.9153,4.7608,-7.1771
70.5946,4.6290,-7.3122,-3.1374,0.0000,0.0000,0.9153,4.7608,-7.1771
70.6046,4.6290,-7.3122,-3.1372,0.0000,0.0000,0.9153,4.7608,-7.1771
70.6148,4.6291,-7.3122,-3.1374,0.0000,0.0000,0.9153,4.7608,-7.1771
70.6255,4.6290,-7.3122,-3.1374,0.0000,0.0000,0.9153,4.7608,-7.1771
70.6355,4.6290,-7.3122,-3.1374,0.0000,0.0000,0.9153,4.7608,-7.1771
70.6455,4.6291,-7.3122,-3.1374,0.0000,0.0000,0.9153,4.7608,-7.1771
70.6550,4.6291,-7.3122,-3.1374,0.0000,0.0000,0.9163,4.7608,-7.1771
70.6664,4.6290,-7.3122,-3.1374,0.0000,0.0000,0.9163,4.7603,-7.1773
70.6749,4.6290,-7.3122,-3.1374,0.0000,0.0000,0.9163,4.7603,-7.1773
70.6853,4.6290,-7.3122,-3.1374,0.0000,0.0000,0.9163,4.7603,-7.1773
70.6951,4.6290,-7.3122,-3.1372,0.0000,0.0000,0.9163,4.7603,-7.1773
70.7047,4.6290,-7.3122,-3.1374,0.0000,0.0000,0.9163,4.7603,-7.1773
70.7147,4.6290,-7.3122,-3.1374,0.0000,0.0000,0.9163,4.7603,-7.1773
70.7247,4.6291,-7.3122,-3.1374,0.0000,0.0000,0.9163,4.7603,-7.1773
70.7342,4.6290,-7.3122,-3.1374,0.0000,0.0000,0.9163,4.7603,-7.1773
70.7459,4.6290,-7.3122,-3.1374,0.0000,0.0000,0.9163,4.7603,-7.1773
70.7543,4.6290,-7.3122,-3.1374,0.0000,0.0000,0.9176,4.7603,-7.1773
70.7649,4.6290,-7.3122,-3.1374,0.0000,0.0000,0.9176,4.7603,-7.1773
70.7744,4.6290,-7.3122,-3.1374,0.0000,0.0000,0.9176,4.7617,-7.1776
70.7890,4.6290,-7.3122,-3.1372,0.0000,0.0000,0.9176,4.7617,-7.1776
70.7951,4.6290,-7.3122,-3.1372,0.0000,0.0000,0.9176,4.7617,-7.1776
70.8043,4.6290,-7.3122,-3.1372,0.0000,0.0000,0.9176,4.7617,-7.1776
70.8143,4.6290,-7.3122,-3.1372,0.0000,0.0000,0.9176,4.7617,-7.1776
70.8251,4.6290,-7.3122,-3.1372,0.0000,0.0000,0.9176,4.7617,-7.1776
70.8344,4.6290,-7.3122,-3.1372,0.0000,0.0000,0.9176,4.7617,-7.1776
70.8447,4.6290,-7.3122,-3.1372,0.0000,0.0000,0.9176,4.7617,-7.1776
70.8554,4.6290,-7.3122,-3.1372,0.0000,0.0000,0.9114,4.7617,-7.1776
70.8648,4.6290,-7.3122,-3.1372,0.0000,0.0000,0.9114,4.7617,-7.1776
70.8746,4.6290,-7.3122,-3.1372,0.0000,0.0000,0.9114,4.7622,-7.1790
70.8846,4.6291,-7.3122,-3.1372,0.0000,0.0000,0.9114,4.7622,-7.1790
70.8948,4.6291,-7.3122,-3.1372,0.0000,0.0000,0.9114,4.7622,-7.1790
70.9049,4.6291,-7.3122,-3.1372,0.0000,0.0000,0.9114,4.7622,-7.1790
70.9145,4.6290,-7.3122,-3.1372,0.0000,0.0000,0.9114,4.7622,-7.1790
70.9248,4.6291,-7.3122,-3.1372,0.0000,0.0000,0.9114,4.7622,-7.1790
70.9347,4.6290,-7.3122,-3.1372,0.0000,0.0000,0.9114,4.7622,-7.1790
70.9454,4.6291,-7.3122,-3.1372,0.0000,0.0000,0.9114,4.7622,-7.1790
70.9549,4.6290,-7.3122,-3.1372,0.0000,0.0000,0.9123,4.7622,-7.1790
70.9651,4.6290,-7.3122,-3.1372,0.0000,0.0000,0.9123,4.7622,-7.1790
70.9750,4.6290,-7.3122,-3.1372,0.0000,0.0000,0.9123,4.7621,-7.1785
70.9847,4.6290,-7.3122,-3.1372,0.0000,0.0000,0.9123,4.7621,-7.1785
70.9950,4.6291,-7.3122,-3.1372,0.0000,0.0000,0.9123,4.7621,-7.1785
71.0052,4.6291,-7.3122,-3.1372,0.0000,0.0000,0.9123,4.7621,-7.1785
71.0150,4.6290,-7.3122,-3.1372,0.0000,0.0000,0.9123,4.7621,-7.1785
71.0254,4.6290,-7.3122,-3.1372,0.0000,0.0000,0.9123,4.7621,-7.1785
71.0354,4.6290,-7.3122,-3.1372,0.0000,0.0000,0.9123,4.7621,-7.1785
71.0453,4.6290,-7.3122,-3.1372,0.0000,0.0000,0.9123,4.7621,-7.1785
71.0555,4.6290,-7.3122,-3.1372,0.0000,0.0000,0.9143,4.7621,-7.1785
71.0652,4.6290,-7.3122,-3.1372,0.0000,0.0000,0.9143,4.7614,-7.1787
71.0745,4.6291,-7.3122,-3.1372,0.0000,0.0000,0.9143,4.7614,-7.1787
71.0845,4.6290,-7.3122,-3.1372,0.0000,0.0000,0.9143,4.7614,-7.1787
71.0959,4.6290,-7.3122,-3.1372,0.0000,0.0000,0.9143,4.7614,-7.1787
71.1053,4.6290,-7.3122,-3.1372,0.0000,0.0000,0.9143,4.7614,-7.1787
71.1147,4.6291,-7.3122,-3.1372,0.0000,0.0000,0.9143,4.7614,-7.1787
71.1248,4.6290,-7.3122,-3.1372,0.0000,0.0000,0.9143,4.7614,-7.1787
71.1344,4.6291,-7.3122,-3.1372,0.0000,0.0000,0.9143,4.7614,-7.1787
71.1457,4.6290,-7.3122,-3.1372,0.0000,0.0000,0.9143,4.7614,-7.1787
71.1548,4.6290,-7.3122,-3.1372,0.0000,0.0000,0.9143,4.7614,-7.1787
71.1647,4.6290,-7.3122,-3.1372,0.0000,0.0000,0.9143,4.7609,-7.1770
71.1745,4.6290,-7.3122,-3.1372,0.0000,0.0000,0.9143,4.7609,-7.1770
71.1845,4.6290,-7.3122,-3.1372,0.0000,0.0000,0.9143,4.7609,-7.1770
71.1955,4.6290,-7.3122,-3.1372,0.0000,0.0000,0.9143,4.7609,-7.1770
71.2046,4.6290,-7.3122,-3.1372,0.0000,0.0000,0.9143,4.7609,-7.1770
71.2148,4.6290,-7.3122,-3.1372,0.0000,0.0000,0.9143,4.7609,-7.1770
71.2256,4.6290,-7.3122,-3.1372,0.0000,0.0000,0.9143,4.7609,-7.1770
71.2366,4.6290,-7.3122,-3.1372,0.0000,0.0000,0.9143,4.7609,-7.1770
71.2450,4.6290,-7.3122,-3.1372,0.0000,0.0000,0.9143,4.7609,-7.1770
71.2549,4.6290,-7.3122,-3.1372,0.0000,0.0000,0.9133,4.7609,-7.1770
71.2645,4.6290,-7.3122,-3.1372,0.0000,0.0000,0.9133,4.7593,-7.1754
71.2742,4.6290,-7.3122,-3.1372,0.0000,0.0000,0.9133,4.7593,-7.1754
71.2843,4.6290,-7.3122,-3.1372,0.0000,0.0000,0.9133,4.7593,-7.1754
71.2944,4.6290,-7.3122,-3.1372,0.0000,0.0000,0.9133,4.7593,-7.1754
71.3044,4.6290,-7.3122,-3.1372,0.0000,0.0000,0.9133,4.7593,-7.1754
71.3149,4.6290,-7.3122,-3.1372,0.0000,0.0000,0.9133,4.7593,-7.1754
71.3250,4.6290,-7.3122,-3.1372,0.0000,0.0000,0.9133,4.7593,-7.1754
71.3344,4.6290,-7.3122,-3.1372,0.0000,0.0000,0.9133,4.7593,-7.1754
71.3448,4.6290,-7.3122,-3.1372,0.0000,0.0000,0.9133,4.7593,-7.1754
71.3566,4.6290,-7.3122,-3.1372,0.0000,0.0000,0.9143,4.7593,-7.1754
71.3644,4.6290,-7.3122,-3.1372,0.0000,0.0000,0.9143,4.7608,-7.1763
71.3751,4.6290,-7.3122,-3.1372,0.0000,0.0000,0.9143,4.7608,-7.1763
71.3845,4.6290,-7.3122,-3.1372,0.0000,0.0000,0.9143,4.7608,-7.1763
71.3947,4.6290,-7.3122,-3.1372,0.0000,0.0000,0.9143,4.7608,-7.1763
71.4041,4.6290,-7.3122,-3.1372,0.0215,-0.0078,0.9143,4.7608,-7.1763
71.4147,4.6290,-7.3122,-3.1372,0.0215,-0.0078,0.9143,4.7608,-7.1763
71.4242,4.6290,-7.3122,-3.1372,0.0215,-0.0078,0.9143,4.7608,-7.1763
71.4347,4.6291,-7.3122,-3.1372,0.0215,-0.0078,0.9143,4.7608,-7.1763
71.4449,4.6290,-7.3122,-3.1372,0.0215,-0.0078,0.9143,4.7608,-7.1763
71.4543,4.6290,-7.3122,-3.1372,0.0215,-0.0078,0.9148,4.7608,-7.1763
71.4651,4.6290,-7.3122,-3.1372,0.0215,-0.0078,0.9148,4.7608,-7.1763
71.4765,4.6290,-7.3122,-3.1372,0.0215,-0.0078,0.9148,4.7620,-7.1766
71.4851,4.6291,-7.3122,-3.1372,0.0215,-0.0078,0.9148,4.7620,-7.1766
71.4954,4.6291,-7.3122,-3.1372,0.0238,0.0473,0.9148,4.7620,-7.1766
71.5042,4.6291,-7.3122,-3.1372,0.0238,0.0473,0.9148,4.7620,-7.1766
71.5142,4.6290,-7.3122,-3.1372,0.0238,0.0473,0.9148,4.7620,-7.1766
71.5249,4.6290,-7.3122,-3.1372,0.0238,0.0473,0.9148,4.7620,-7.1766
71.5352,4.6289,-7.3122,-3.1372,0.0238,0.0473,0.9148,4.7620,-7.1766
71.5450,4.6289,-7.3122,-3.1372,0.0238,0.0473,0.9148,4.7620,-7.1766
71.5547,4.6289,-7.3122,-3.1372,0.0238,0.0473,0.9143,4.7620,-7.1766
71.5649,4.6289,-7.3122,-3.1372,0.0238,0.0473,0.9143,4.7620,-7.1766
71.5745,4.6288,-7.3122,-3.1372,0.0238,0.0473,0.9143,4.7622,-7.1770
71.5845,4.6288,-7.3122,-3.1372,0.0238,0.0473,0.9143,4.7622,-7.1770
71.5981,4.6287,-7.3122,-3.1372,0.0238,0.0473,0.9143,4.7622,-7.1770
71.6050,4.6286,-7.3122,-3.1371,0.0242,0.0550,0.9143,4.7622,-7.1770
71.6147,4.6285,-7.3122,-3.1371,0.0242,0.0550,0.9143,4.7622,-7.1770
71.6248,4.6286,-7.3122,-3.1371,0.0242,0.0550,0.9143,4.7622,-7.1770
71.6360,4.6285,-7.3122,-3.1371,0.0242,0.0550,0.9143,4.7622,-7.1770
71.6448,4.6285,-7.3122,-3.1371,0.0242,0.0550,0.9143,4.7622,-7.1770
71.6572,4.6284,-7.3122,-3.1371,0.0242,0.0550,0.9176,4.7622,-7.1770
71.6644,4.6284,-7.3122,-3.1371,0.0242,0.0550,0.9176,4.7602,-7.1757
71.6749,4.6283,-7.3122,-3.1371,0.0242,0.0550,0.9176,4.7602,-7.1757
71.6855,4.6283,-7.3122,-3.1372,0.0242,0.0550,0.9176,4.7602,-7.1757
71.6969,4.6282,-7.3122,-3.1372,0.0242,0.0550,0.9176,4.7602,-7.1757
71.7053,4.6281,-7.3122,-3.1374,0.0234,0.0557,0.9176,4.7602,-7.1757
71.7142,4.6281,-7.3122,-3.1374,0.0234,0.0557,0.9176,4.7602,-7.1757
71.7247,4.6280,-7.3122,-3.1374,0.0234,0.0557,0.9176,4.7602,-7.1757
71.7352,4.6280,-7.3122,-3.1376,0.0234,0.0557,0.9176,4.7602,-7.1757
71.7453,4.6279,-7.3122,-3.1376,0.0234,0.0557,0.9176,4.7602,-7.1757
71.7545,4.6279,-7.3122,-3.1376,0.0234,0.0557,0.9113,4.7602,-7.1757
71.7649,4.6278,-7.3122,-3.1376,0.0234,0.0557,0.9113,4.7602,-7.1757
71.7740,4.6278,-7.3122,-3.1376,0.0234,0.0557,0.9113,4.7632,-7.1754
71.7843,4.6277,-7.3122,-3.1376,0.0234,0.0557,0.9113,4.7632,-7.1754
71.7951,4.6277,-7.3122,-3.1376,0.0234,0.0557,0.9113,4.7632,-7.1754
71.8050,4.6276,-7.3122,-3.1376,0.0230,0.0849,0.9113,4.7632,-7.1754
71.8152,4.6276,-7.3122,-3.1376,0.0230,0.0849,0.9113,4.7632,-7.1754
71.8253,4.6275,-7.3122,-3.1376,0.0230,0.0849,0.9113,4.7632,-7.1754
71.8351,4.6274,-7.3122,-3.1376,0.0230,0.0849,0.9113,4.7632,-7.1754
71.8453,4.6273,-7.3122,-3.1378,0.0230,0.0849,0.9113,4.7632,-7.1754
71.8546,4.6272,-7.3122,-3.1378,0.0230,0.0849,0.9159,4.7632,-7.1754
71.8647,4.6271,-7.3122,-3.1378,0.0230,0.0849,0.9159,4.7621,-7.1752
71.8746,4.6271,-7.3122,-3.1378,0.0230,0.0849,0.9159,4.7621,-7.1752
71.8849,4.6269,-7.3122,-3.1378,0.0230,0.0849,0.9159,4.7621,-7.1752
71.8957,4.6268,-7.3122,-3.1378,0.0230,0.0849,0.9159,4.7621,-7.1752
71.9048,4.6267,-7.3122,-3.1378,0.0236,0.1326,0.9159,4.7621,-7.1752
71.9147,4.6266,-7.3122,-3.1378,0.0236,0.1326,0.9159,4.7621,-7.1752
71.9259,4.6265,-7.3122,-3.1378,0.0236,0.1326,0.9159,4.7621,-7.1752
71.9364,4.6263,-7.3122,-3.1376,0.0236,0.1326,0.9159,4.7621,-7.1752
71.9447,4.6262,-7.3122,-3.1376,0.0236,0.1326,0.9159,4.7621,-7.1752
71.9546,4.6261,-7.3122,-3.1374,0.0236,0.1326,0.9143,4.7621,-7.1752
71.9656,4.6259,-7.3122,-3.1371,0.0236,0.1326,0.9143,4.7621,-7.1751
71.9749,4.6258,-7.3122,-3.1369,0.0236,0.1326,0.9143,4.7621,-7.1751
71.9850,4.6257,-7.3122,-3.1365,0.0236,0.1326,0.9143,4.7621,-7.1751
71.9990,4.6255,-7.3122,-3.1360,0.0224,0.1630,0.9143,4.7621,-7.1751
72.0043,4.6253,-7.3122,-3.1355,0.0224,0.1630,0.9143,4.7621,-7.1751
72.0146,4.6252,-7.3122,-3.1351,0.0224,0.1630,0.9143,4.7621,-7.1751
72.0242,4.6251,-7.3122,-3.1344,0.0224,0.1630,0.9143,4.7621,-7.1751
72.0347,4.6249,-7.3122,-3.1339,0.0224,0.1630,0.9143,4.7621,-7.1751
72.0451,4.6248,-7.3122,-3.1334,0.0224,0.1630,0.9143,4.7621,-7.1751
72.0552,4.6246,-7.3122,-3.1327,0.0224,0.1630,0.9143,4.7621,-7.1751
72.0647,4.6245,-7.3122,-3.1320,0.0224,0.1630,0.9143,4.7621,-7.1751
72.0748,4.6244,-7.3122,-3.1313,0.0224,0.1630,0.9143,4.7611,-7.1767
72.0850,4.6243,-7.3122,-3.1304,0.0224,0.1630,0.9143,4.7611,-7.1767
72.0971,4.6242,-7.3122,-3.1295,0.0224,0.1630,0.9143,4.7611,-7.1767
72.1062,4.6241,-7.3122,-3.1285,0.0232,0.1570,0.9143,4.7611,-7.1767
72.1147,4.6240,-7.3122,-3.1275,0.0232,0.1570,0.9143,4.7611,-7.1767
72.1250,4.6238,-7.3122,-3.1264,0.0232,0.1570,0.9143,4.7611,-7.1767
72.1345,4.6237,-7.3122,-3.1252,0.0232,0.1570,0.9143,4.7611,-7.1767
72.1454,4.6236,-7.3122,-3.1240,0.0232,0.1570,0.9143,4.7611,-7.1767
72.1544,4.6234,-7.3122,-3.1227,0.0232,0.1570,0.9149,4.7611,-7.1767
72.1647,4.6233,-7.3122,-3.1215,0.0232,0.1570,0.9149,4.7604,-7.1781
72.1750,4.6231,-7.3122,-3.1203,0.0232,0.1570,0.9149,4.7604,-7.1781
72.1845,4.6229,-7.3123,-3.1189,0.0232,0.1570,0.9149,4.7604,-7.1781
72.1957,4.6228,-7.3123,-3.1177,0.0232,0.1570,0.9149,4.7604,-7.1781
72.2042,4.6226,-7.3123,-3.1165,0.0233,0.1169,0.9149,4.7604,-7.1781
72.2163,4.6224,-7.3123,-3.1154,0.0233,0.1169,0.9149,4.7604,-7.1781
72.2248,4.6222,-7.3123,-3.1142,0.0233,0.1169,0.9149,4.7604,-7.1781
72.2348,4.6222,-7.3123,-3.1131,0.0233,0.1169,0.9149,4.7604,-7.1781
72.2448,4.6219,-7.3123,-3.1121,0.0233,0.1169,0.9149,4.7604,-7.1781
72.2543,4.6216,-7.3123,-3.1110,0.0233,0.1169,0.9143,4.7604,-7.1781
72.2648,4.6214,-7.3123,-3.1102,0.0233,0.1169,0.9143,4.7604,-7.1781
72.2751,4.6212,-7.3123,-3.1091,0.0233,0.1169,0.9143,4.7566,-7.1779
72.2847,4.6210,-7.3123,-3.1081,0.0233,0.1169,0.9143,4.7566,-7.1779
72.2954,4.6208,-7.3123,-3.1072,0.0233,0.1169,0.9143,4.7566,-7.1779
72.3046,4.6205,-7.3123,-3.1062,0.0233,0.0727,0.9143,4.7566,-7.1779
72.3146,4.6203,-7.3123,-3.1053,0.0233,0.0727,0.9143,4.7566,-7.1779
72.3247,4.6201,-7.3123,-3.1042,0.0233,0.0727,0.9143,4.7566,-7.1779
72.3348,4.6199,-7.3123,-3.1034,0.0233,0.0727,0.9143,4.7566,-7.1779
72.3448,4.6196,-7.3124,-3.1023,0.0233,0.0727,0.9143,4.7566,-7.1779
72.3544,4.6194,-7.3124,-3.1013,0.0233,0.0727,0.9147,4.7566,-7.1779
72.3643,4.6192,-7.3124,-3.1002,0.0233,0.0727,0.9147,4.7517,-7.1767
72.3742,4.6189,-7.3124,-3.0992,0.0233,0.0727,0.9147,4.7517,-7.1767
72.3843,4.6187,-7.3124,-3.0981,0.0233,0.0727,0.9147,4.7517,-7.1767
72.3952,4.6184,-7.3124,-3.0969,0.0233,0.0727,0.9147,4.7517,-7.1767
72.4046,4.6181,-7.3124,-3.0957,0.0218,0.0664,0.9147,4.7517,-7.1767
72.4152,4.6179,-7.3124,-3.0945,0.0218,0.0664,0.9147,4.7517,-7.1767
72.4259,4.6176,-7.3124,-3.0932,0.0218,0.0664,0.9147,4.7517,-7.1767
72.4361,4.6173,-7.3125,-3.0920,0.0218,0.0664,0.9147,4.7517,-7.1767
72.4457,4.6171,-7.3125,-3.0910,0.0218,0.0664,0.9147,4.7517,-7.1767
72.4554,4.6168,-7.3125,-3.0898,0.0218,0.0664,0.9140,4.7467,-7.1777
72.4651,4.6165,-7.3125,-3.0887,0.0218,0.0664,0.9140,4.7467,-7.1777
72.4753,4.6162,-7.3125,-3.0875,0.0218,0.0664,0.9140,4.7467,-7.1777
72.4844,4.6160,-7.3125,-3.0864,0.0218,0.0664,0.9140,4.7467,-7.1777
72.4943,4.6157,-7.3125,-3.0856,0.0218,0.0664,0.9140,4.7467,-7.1777
72.5042,4.6155,-7.3126,-3.0845,0.0218,0.0664,0.9140,4.7467,-7.1777
72.5148,4.6152,-7.3126,-3.0836,0.0221,0.0106,0.9140,4.7467,-7.1777
72.5246,4.6150,-7.3126,-3.0828,0.0221,0.0106,0.9140,4.7467,-7.1777
72.5356,4.6148,-7.3126,-3.0819,0.0221,0.0106,0.9140,4.7467,-7.1777
72.5443,4.6145,-7.3126,-3.0810,0.0221,0.0106,0.9140,4.7467,-7.1777
72.5590,4.6143,-7.3126,-3.0802,0.0221,0.0106,0.9140,4.7435,-7.1787
72.5647,4.6141,-7.3126,-3.0793,0.0221,0.0106,0.9140,4.7435,-7.1787
72.5741,4.6139,-7.3127,-3.0784,0.0221,0.0106,0.9140,4.7435,-7.1787
72.5841,4.6136,-7.3127,-3.0774,0.0221,0.0106,0.9140,4.7435,-7.1787
72.5952,4.6134,-7.3127,-3.0765,0.0221,0.0106,0.9140,4.7435,-7.1787
72.6040,4.6132,-7.3127,-3.0754,0.0229,-0.0081,0.9140,4.7435,-7.1787
72.6147,4.6129,-7.3127,-3.0746,0.0229,-0.0081,0.9140,4.7435,-7.1787
72.6246,4.6127,-7.3127,-3.0737,0.0229,-0.0081,0.9140,4.7435,-7.1787
72.6346,4.6125,-7.3127,-3.0728,0.0229,-0.0081,0.9140,4.7435,-7.1787
72.6444,4.6123,-7.3128,-3.0721,0.0229,-0.0081,0.9140,4.7435,-7.1787
72.6614,4.6121,-7.3128,-3.0714,0.0229,-0.0081,0.9174,4.7403,-7.1784
72.6654,4.6119,-7.3128,-3.0709,0.0229,-0.0081,0.9174,4.7403,-7.1784
72.6753,4.6116,-7.3128,-3.0704,0.0229,-0.0081,0.9174,4.7403,-7.1784
72.6885,4.6115,-7.3128,-3.0700,0.0229,-0.0081,0.9174,4.7403,-7.1784
72.6958,4.6113,-7.3128,-3.0700,0.0229,-0.0081,0.9174,4.7403,-7.1784
72.7049,4.6111,-7.3128,-3.0697,0.0229,-0.0081,0.9174,4.7403,-7.1784
72.7145,4.6110,-7.3128,-3.0693,0.0235,-0.1026,0.9174,4.7403,-7.1784
72.7247,4.6108,-7.3129,-3.0692,0.0235,-0.1026,0.9174,4.7403,-7.1784
72.7349,4.6107,-7.3129,-3.0688,0.0235,-0.1026,0.9174,4.7403,-7.1784
72.7444,4.6105,-7.3129,-3.0686,0.0235,-0.1026,0.9174,4.7403,-7.1784
72.7542,4.6105,-7.3129,-3.0686,0.0235,-0.1026,0.9177,4.7403,-7.1784
72.7641,4.6102,-7.3129,-3.0679,0.0235,-0.1026,0.9177,4.7419,-7.1788
72.7753,4.6101,-7.3129,-3.0678,0.0235,-0.1026,0.9177,4.7419,-7.1788
72.7844,4.6099,-7.3129,-3.0674,0.0235,-0.1026,0.9177,4.7419,-7.1788
72.7943,4.6098,-7.3129,-3.0671,0.0235,-0.1026,0.9177,4.7419,-7.1788
72.8043,4.6097,-7.3129,-3.0665,0.0235,-0.1284,0.9177,4.7419,-7.1788
72.8143,4.6095,-7.3130,-3.0662,0.0235,-0.1284,0.9177,4.7419,-7.1788
72.8242,4.6094,-7.3130,-3.0658,0.0235,-0.1284,0.9177,4.7419,-7.1788
72.8356,4.6092,-7.3130,-3.0655,0.0235,-0.1284,0.9177,4.7419,-7.1788
72.8445,4.6090,-7.3130,-3.0651,0.0235,-0.1284,0.9177,4.7419,-7.1788
72.8539,4.6090,-7.3130,-3.0650,0.0235,-0.1284,0.9200,4.7419,-7.1788
72.8645,4.6088,-7.3130,-3.0646,0.0235,-0.1284,0.9200,4.7419,-7.1788
72.8752,4.6087,-7.3130,-3.0644,0.0235,-0.1284,0.9200,4.7422,-7.1787
72.8868,4.6085,-7.3130,-3.0643,0.0235,-0.1284,0.9200,4.7422,-7.1787
72.8967,4.6084,-7.3130,-3.0643,0.0235,-0.1284,0.9200,4.7422,-7.1787
72.9042,4.6082,-7.3131,-3.0643,0.0232,-0.1351,0.9200,4.7422,-7.1787
72.9143,4.6081,-7.3131,-3.0641,0.0232,-0.1351,0.9200,4.7422,-7.1787
72.9246,4.6079,-7.3131,-3.0641,0.0232,-0.1351,0.9200,4.7422,-7.1787
72.9349,4.6077,-7.3131,-3.0641,0.0232,-0.1351,0.9200,4.7422,-7.1787
72.9446,4.6076,-7.3131,-3.0643,0.0232,-0.1351,0.9200,4.7422,-7.1787
72.9541,4.6075,-7.3131,-3.0643,0.0232,-0.1351,0.9098,4.7422,-7.1787
72.9645,4.6073,-7.3131,-3.0644,0.0232,-0.1351,0.9098,4.7431,-7.1799
72.9746,4.6071,-7.3131,-3.0646,0.0232,-0.1351,0.9098,4.7431,-7.1799
72.9844,4.6070,-7.3132,-3.0646,0.0232,-0.1351,0.9098,4.7431,-7.1799
72.9964,4.6069,-7.3132,-3.0646,0.0232,-0.1351,0.9098,4.7431,-7.1799
73.0043,4.6067,-7.3132,-3.0646,0.0225,-0.1474,0.9098,4.7431,-7.1799
73.0159,4.6066,-7.3132,-3.0646,0.0225,-0.1474,0.9098,4.7431,-7.1799
73.0248,4.6064,-7.3132,-3.0646,0.0225,-0.1474,0.9098,4.7431,-7.1799
73.0351,4.6063,-7.3132,-3.0644,0.0225,-0.1474,0.9098,4.7431,-7.1799
73.0447,4.6061,-7.3132,-3.0643,0.0225,-0.1474,0.9098,4.7431,-7.1799
73.0542,4.6060,-7.3132,-3.0641,0.0225,-0.1474,0.9132,4.7431,-7.1799
73.0651,4.6059,-7.3132,-3.0639,0.0225,-0.1474,0.9132,4.7412,-7.1793
73.0746,4.6058,-7.3132,-3.0639,0.0225,-0.1474,0.9132,4.7412,-7.1793
73.0847,4.6057,-7.3132,-3.0639,0.0225,-0.1474,0.9132,4.7412,-7.1793
73.0956,4.6057,-7.3133,-3.0643,0.0225,-0.1474,0.9132,4.7412,-7.1793
73.1061,4.6056,-7.3133,-3.0646,0.0228,-0.1387,0.9132,4.7412,-7.1793
73.1160,4.6056,-7.3133,-3.0651,0.0228,-0.1387,0.9132,4.7412,-7.1793
73.1258,4.6055,-7.3133,-3.0658,0.0228,-0.1387,0.9132,4.7412,-7.1793
73.1361,4.6054,-7.3133,-3.0665,0.0228,-0.1387,0.9132,4.7412,-7.1793
73.1463,4.6053,-7.3133,-3.0672,0.0228,-0.1387,0.9132,4.7412,-7.1793
73.1549,4.6053,-7.3133,-3.0679,0.0228,-0.1387,0.9151,4.7412,-7.1793
73.1648,4.6052,-7.3133,-3.0686,0.0228,-0.1387,0.9151,4.7419,-7.1797
73.1750,4.6051,-7.3133,-3.0693,0.0228,-0.1387,0.9151,4.7419,-7.1797
73.1844,4.6050,-7.3133,-3.0700,0.0228,-0.1387,0.9151,4.7419,-7.1797
73.2124,4.6048,-7.3133,-3.0721,0.0223,-0.1290,0.9151,4.7419,-7.1797
73.2149,4.6048,-7.3133,-3.0721,0.0223,-0.1290,0.9151,4.7419,-7.1797
73.2257,4.6047,-7.3133,-3.0727,0.0223,-0.1290,0.9151,4.7419,-7.1797
73.2356,4.6045,-7.3133,-3.0734,0.0223,-0.1290,0.9151,4.7419,-7.1797
73.2465,4.6045,-7.3133,-3.0740,0.0223,-0.1290,0.9151,4.7419,-7.1797
73.2553,4.6043,-7.3133,-3.0747,0.0223,-0.1290,0.9227,4.7419,-7.1797
73.2650,4.6042,-7.3134,-3.0753,0.0223,-0.1290,0.9227,4.7419,-7.1797
73.2749,4.6041,-7.3134,-3.0760,0.0223,-0.1290,0.9227,4.7398,-7.1798
73.2848,4.6039,-7.3134,-3.0767,0.0223,-0.1290,0.9227,4.7398,-7.1798
73.2946,4.6038,-7.3134,-3.0774,0.0223,-0.1290,0.9227,4.7398,-7.1798
73.3042,4.6036,-7.3134,-3.0782,0.0225,-0.1084,0.9227,4.7398,-7.1798
73.3147,4.6035,-7.3134,-3.0789,0.0225,-0.1084,0.9227,4.7398,-7.1798
73.3249,4.6033,-7.3134,-3.0798,0.0225,-0.1084,0.9227,4.7398,-7.1798
73.3351,4.6031,-7.3134,-3.0805,0.0225,-0.1084,0.9227,4.7398,-7.1798
73.3451,4.6029,-7.3134,-3.0814,0.0225,-0.1084,0.9227,4.7398,-7.1798
73.3547,4.6027,-7.3134,-3.0823,0.0225,-0.1084,0.9164,4.7398,-7.1798
73.3652,4.6026,-7.3135,-3.0831,0.0225,-0.1084,0.9164,4.7361,-7.1808
73.3753,4.6024,-7.3135,-3.0840,0.0225,-0.1084,0.9164,4.7361,-7.1808
73.3846,4.6022,-7.3135,-3.0849,0.0225,-0.1084,0.9164,4.7361,-7.1808
73.3962,4.6020,-7.3135,-3.0856,0.0225,-0.1084,0.9164,4.7361,-7.1808
73.4044,4.6018,-7.3135,-3.0864,0.0232,-0.1103,0.9164,4.7361,-7.1808
73.4147,4.6016,-7.3135,-3.0873,0.0232,-0.1103,0.9164,4.7361,-7.1808
73.4251,4.6014,-7.3135,-3.0882,0.0232,-0.1103,0.9164,4.7361,-7.1808
73.4349,4.6013,-7.3135,-3.0889,0.0232,-0.1103,0.9164,4.7361,-7.1808
73.4461,4.6011,-7.3135,-3.0898,0.0232,-0.1103,0.9164,4.7361,-7.1808
73.4545,4.6009,-7.3136,-3.0906,0.0232,-0.1103,0.9141,4.7361,-7.1808
73.4687,4.6008,-7.3136,-3.0913,0.0232,-0.1103,0.9141,4.7361,-7.1808
73.4742,4.6005,-7.3136,-3.0922,0.0232,-0.1103,0.9141,4.7333,-7.1804
73.4847,4.6004,-7.3136,-3.0931,0.0232,-0.1103,0.9141,4.7333,-7.1804
73.4959,4.6002,-7.3136,-3.0939,0.0232,-0.1103,0.9141,4.7333,-7.1804
73.5039,4.6000,-7.3136,-3.0948,0.0232,-0.1103,0.9141,4.7333,-7.1804
73.5148,4.5998,-7.3136,-3.0957,0.0221,-0.1335,0.9141,4.7333,-7.1804
73.5247,4.5996,-7.3136,-3.0967,0.0221,-0.1335,0.9141,4.7333,-7.1804
73.5350,4.5993,-7.3136,-3.0978,0.0221,-0.1335,0.9141,4.7333,-7.1804
73.5463,4.5991,-7.3136,-3.0990,0.0221,-0.1335,0.9141,4.7333,-7.1804
73.5545,4.5989,-7.3136,-3.1002,0.0221,-0.1335,0.9134,4.7333,-7.1804
73.5715,4.5984,-7.3137,-3.1027,0.0221,-0.1335,0.9134,4.7340,-7.1821
73.5758,4.5984,-7.3137,-3.1027,0.0221,-0.1335,0.9134,4.7340,-7.1821
73.5849,4.5982,-7.3137,-3.1039,0.0221,-0.1335,0.9134,4.7340,-7.1821
73.5951,4.5980,-7.3137,-3.1053,0.0221,-0.1335,0.9134,4.7340,-7.1821
73.6042,4.5977,-7.3137,-3.1067,0.0221,-0.1335,0.9134,4.7340,-7.1821
73.6143,4.5975,-7.3137,-3.1079,0.0225,-0.1121,0.9134,4.7340,-7.1821
73.6246,4.5973,-7.3137,-3.1091,0.0225,-0.1121,0.9134,4.7340,-7.1821
73.6356,4.5970,-7.3137,-3.1104,0.0225,-0.1121,0.9134,4.7340,-7.1821
73.6445,4.5967,-7.3137,-3.1117,0.0225,-0.1121,0.9134,4.7340,-7.1821
73.6550,4.5965,-7.3137,-3.1130,0.0225,-0.1121,0.9174,4.7340,-7.1821
73.6643,4.5962,-7.3137,-3.1140,0.0225,-0.1121,0.9174,4.7321,-7.1819
73.6742,4.5960,-7.3137,-3.1152,0.0225,-0.1121,0.9174,4.7321,-7.1819
73.6841,4.5958,-7.3137,-3.1163,0.0225,-0.1121,0.9174,4.7321,-7.1819
73.6946,4.5956,-7.3137,-3.1173,0.0225,-0.1121,0.9174,4.7321,-7.1819
73.7045,4.5953,-7.3138,-3.1184,0.0220,-0.1324,0.9174,4.7321,-7.1819
73.7145,4.5950,-7.3138,-3.1194,0.0220,-0.1324,0.9174,4.7321,-7.1819
73.7253,4.5948,-7.3138,-3.1203,0.0220,-0.1324,0.9174,4.7321,-7.1819
73.7364,4.5946,-7.3138,-3.1213,0.0220,-0.1324,0.9174,4.7321,-7.1819
73.7449,4.5944,-7.3138,-3.1222,0.0220,-0.1324,0.9174,4.7321,-7.1819
73.7550,4.5942,-7.3138,-3.1231,0.0220,-0.1324,0.9150,4.7333,-7.1827
73.7647,4.5940,-7.3138,-3.1238,0.0220,-0.1324,0.9150,4.7333,-7.1827
73.7746,4.5938,-7.3138,-3.1247,0.0220,-0.1324,0.9150,4.7333,-7.1827
73.7855,4.5936,-7.3138,-3.1255,0.0220,-0.1324,0.9150,4.7333,-7.1827
73.7953,4.5934,-7.3138,-3.1264,0.0220,-0.1324,0.9150,4.7333,-7.1827
73.8046,4.5932,-7.3138,-3.1271,0.0228,-0.0770,0.9150,4.7333,-7.1827
73.8148,4.5930,-7.3138,-3.1280,0.0228,-0.0770,0.9150,4.7333,-7.1827
73.8250,4.5928,-7.3138,-3.1289,0.0228,-0.0770,0.9150,4.7333,-7.1827
73.8348,4.5926,-7.3138,-3.1297,0.0228,-0.0770,0.9150,4.7333,-7.1827
73.8450,4.5924,-7.3138,-3.1308,0.0228,-0.0770,0.9150,4.7333,-7.1827
73.8548,4.5922,-7.3138,-3.1318,0.0228,-0.0770,0.9182,4.7333,-7.1827
73.8648,4.5920,-7.3138,-3.1327,0.0228,-0.0770,0.9182,4.7333,-7.1827
73.8748,4.5918,-7.3138,-3.1337,0.0228,-0.0770,0.9182,4.7340,-7.1837
73.8859,4.5916,-7.3138,-3.1348,0.0228,-0.0770,0.9182,4.7340,-7.1837
73.8951,4.5914,-7.3138,-3.1357,0.0228,-0.0770,0.9182,4.7340,-7.1837
73.9052,4.5912,-7.3138,-3.1365,0.0234,-0.0746,0.9182,4.7340,-7.1837
73.9147,4.5910,-7.3138,-3.1374,0.0234,-0.0746,0.9182,4.7340,-7.1837
73.9249,4.5908,-7.3138,-3.1383,0.0234,-0.0746,0.9182,4.7340,-7.1837
73.9347,4.5907,-7.3138,-3.1391,0.0234,-0.0746,0.9182,4.7340,-7.1837
73.9449,4.5905,-7.3138,-3.1400,0.0234,-0.0746,0.9182,4.7340,-7.1837
73.9549,4.5903,-7.3138,-3.1409,0.0234,-0.0746,0.9166,4.7340,-7.1837
73.9643,4.5902,-7.3138,3.1414,0.0234,-0.0746,0.9166,4.7351,-7.1835
73.9743,4.5899,-7.3138,3.1405,0.0234,-0.0746,0.9166,4.7351,-7.1835
73.9847,4.5898,-7.3138,3.1395,0.0234,-0.0746,0.9166,4.7351,-7.1835
73.9947,4.5896,-7.3138,3.1386,0.0234,-0.0746,0.9166,4.7351,-7.1835
74.0039,4.5894,-7.3138,3.1376,0.0233,-0.0475,0.9166,4.7351,-7.1835
74.0146,4.5892,-7.3138,3.1364,0.0233,-0.0475,0.9166,4.7351,-7.1835
74.0245,4.5890,-7.3138,3.1353,0.0233,-0.0475,0.9166,4.7351,-7.1835
74.0343,4.5888,-7.3138,3.1341,0.0233,-0.0475,0.9166,4.7351,-7.1835
74.0448,4.5885,-7.3138,3.1329,0.0233,-0.0475,0.9166,4.7351,-7.1835
74.0542,4.5883,-7.3138,3.1316,0.0233,-0.0475,0.9163,4.7351,-7.1835
74.0642,4.5880,-7.3138,3.1304,0.0233,-0.0475,0.9163,4.7340,-7.1832
74.0749,4.5877,-7.3138,3.1292,0.0233,-0.0475,0.9163,4.7340,-7.1832
74.0844,4.5875,-7.3138,3.1280,0.0233,-0.0475,0.9163,4.7340,-7.1832
74.0952,4.5872,-7.3138,3.1269,0.0233,-0.0475,0.9163,4.7340,-7.1832
74.1045,4.5870,-7.3138,3.1259,0.0231,-0.0364,0.9163,4.7340,-7.1832
74.1148,4.5867,-7.3138,3.1248,0.0231,-0.0364,0.9163,4.7340,-7.1832
74.1255,4.5865,-7.3138,3.1240,0.0231,-0.0364,0.9163,4.7340,-7.1832
74.1361,4.5862,-7.3138,3.1233,0.0231,-0.0364,0.9163,4.7340,-7.1832
74.1455,4.5860,-7.3138,3.1224,0.0231,-0.0364,0.9163,4.7340,-7.1832
74.1573,4.5858,-7.3138,3.1217,0.0231,-0.0364,0.9182,4.7340,-7.1832
74.1645,4.5856,-7.3138,3.1210,0.0231,-0.0364,0.9182,4.7340,-7.1832
74.1751,4.5853,-7.3138,3.1203,0.0231,-0.0364,0.9182,4.7329,-7.1830
74.1845,4.5851,-7.3137,3.1196,0.0231,-0.0364,0.9182,4.7329,-7.1830
74.1944,4.5849,-7.3137,3.1187,0.0231,-0.0364,0.9182,4.7329,-7.1830
74.2040,4.5847,-7.3137,3.1179,0.0228,-0.0106,0.9182,4.7329,-7.1830
74.2144,4.5844,-7.3137,3.1172,0.0228,-0.0106,0.9182,4.7329,-7.1830
74.2245,4.5842,-7.3137,3.1163,0.0228,-0.0106,0.9182,4.7329,-7.1830
74.2344,4.5839,-7.3137,3.1152,0.0228,-0.0106,0.9182,4.7329,-7.1830
74.2449,4.5837,-7.3137,3.1144,0.0228,-0.0106,0.9182,4.7329,-7.1830
74.2543,4.5835,-7.3137,3.1135,0.0228,-0.0106,0.9149,4.7329,-7.1830
74.2643,4.5833,-7.3137,3.1124,0.0228,-0.0106,0.9149,4.7306,-7.1813
74.2752,4.5831,-7.3137,3.1116,0.0228,-0.0106,0.9149,4.7306,-7.1813
74.2842,4.5829,-7.3137,3.1107,0.0228,-0.0106,0.9149,4.7306,-7.1813
74.2951,4.5827,-7.3137,3.1098,0.0228,-0.0106,0.9149,4.7306,-7.1813
74.3046,4.5826,-7.3137,3.1090,0.0230,0.0044,0.9149,4.7306,-7.1813
74.3149,4.5824,-7.3137,3.1083,0.0230,0.0044,0.9149,4.7306,-7.1813
74.3247,4.5822,-7.3137,3.1076,0.0230,0.0044,0.9149,4.7306,-7.1813
74.3354,4.5821,-7.3137,3.1069,0.0230,0.0044,0.9149,4.7306,-7.1813
74.3449,4.5820,-7.3137,3.1062,0.0230,0.0044,0.9149,4.7306,-7.1813
74.3552,4.5818,-7.3137,3.1056,0.0230,0.0044,0.9169,4.7306,-7.1813
74.3655,4.5816,-7.3136,3.1051,0.0230,0.0044,0.9169,4.7275,-7.1806
74.3751,4.5815,-7.3136,3.1046,0.0230,0.0044,0.9169,4.7275,-7.1806
74.3848,4.5813,-7.3136,3.1041,0.0230,0.0044,0.9169,4.7275,-7.1806
74.3948,4.5812,-7.3136,3.1035,0.0230,0.0044,0.9169,4.7275,-7.1806
74.4049,4.5811,-7.3136,3.1032,0.0228,0.0201,0.9169,4.7275,-7.1806
74.4148,4.5809,-7.3136,3.1027,0.0228,0.0201,0.9169,4.7275,-7.1806
74.4254,4.5808,-7.3136,3.1023,0.0228,0.0201,0.9169,4.7275,-7.1806
74.4360,4.5806,-7.3136,3.1018,0.0228,0.0201,0.9169,4.7275,-7.1806
74.4467,4.5805,-7.3136,3.1015,0.0228,0.0201,0.9126,4.7275,-7.1806
74.4546,4.5804,-7.3136,3.1009,0.0228,0.0201,0.9126,4.7275,-7.1806
74.4642,4.5802,-7.3136,3.1004,0.0228,0.0201,0.9126,4.7269,-7.1787
74.4819,4.5801,-7.3136,3.0999,0.0228,0.0201,0.9126,4.7269,-7.1787
74.4846,4.5800,-7.3136,3.0994,0.0228,0.0201,0.9126,4.7269,-7.1787
74.4957,4.5799,-7.3136,3.0988,0.0228,0.0201,0.9126,4.7269,-7.1787
74.5045,4.5798,-7.3136,3.0983,0.0228,0.0201,0.9126,4.7269,-7.1787
74.5145,4.5797,-7.3136,3.0978,0.0236,0.0691,0.9126,4.7269,-7.1787
74.5250,4.5796,-7.3136,3.0973,0.0236,0.0691,0.9126,4.7269,-7.1787
74.5360,4.5794,-7.3136,3.0967,0.0236,0.0691,0.9126,4.7269,-7.1787
74.5456,4.5793,-7.3136,3.0960,0.0236,0.0691,0.9122,4.7269,-7.1787
74.5542,4.5792,-7.3135,3.0955,0.0236,0.0691,0.9122,4.7259,-7.1772
74.5642,4.5791,-7.3135,3.0950,0.0236,0.0691,0.9122,4.7259,-7.1772
74.5742,4.5789,-7.3135,3.0945,0.0236,0.0691,0.9122,4.7259,-7.1772
74.5843,4.5788,-7.3135,3.0939,0.0236,0.0691,0.9122,4.7259,-7.1772
74.5973,4.5787,-7.3135,3.0932,0.0236,0.0691,0.9122,4.7259,-7.1772
74.6042,4.5785,-7.3135,3.0927,0.0233,0.0654,0.9122,4.7259,-7.1772
74.6144,4.5783,-7.3135,3.0922,0.0233,0.0654,0.9122,4.7259,-7.1772
74.6247,4.5781,-7.3135,3.0917,0.0233,0.0654,0.9122,4.7259,-7.1772
74.6341,4.5780,-7.3135,3.0912,0.0233,0.0654,0.9122,4.7259,-7.1772
74.6444,4.5778,-7.3135,3.0908,0.0233,0.0654,0.9122,4.7259,-7.1772
74.6543,4.5777,-7.3135,3.0905,0.0233,0.0654,0.9198,4.7231,-7.1771
74.6644,4.5775,-7.3135,3.0903,0.0233,0.0654,0.9198,4.7231,-7.1771
74.6768,4.5773,-7.3135,3.0901,0.0233,0.0654,0.9198,4.7231,-7.1771
74.6847,4.5772,-7.3134,3.0899,0.0233,0.0654,0.9198,4.7231,-7.1771
74.6951,4.5770,-7.3134,3.0898,0.0233,0.0654,0.9198,4.7231,-7.1771
74.7045,4.5768,-7.3134,3.0896,0.0233,0.0444,0.9198,4.7231,-7.1771
74.7162,4.5766,-7.3134,3.0896,0.0233,0.0444,0.9198,4.7231,-7.1771
74.7247,4.5765,-7.3134,3.0894,0.0233,0.0444,0.9198,4.7231,-7.1771
74.7347,4.5763,-7.3134,3.0894,0.0233,0.0444,0.9198,4.7231,-7.1771
74.7464,4.5761,-7.3134,3.0892,0.0233,0.0444,0.9187,4.7231,-7.1771
74.7585,4.5758,-7.3134,3.0894,0.0233,0.0444,0.9187,4.7248,-7.1777
74.7664,4.5758,-7.3134,3.0894,0.0233,0.0444,0.9187,4.7248,-7.1777
74.7744,4.5757,-7.3134,3.0894,0.0233,0.0444,0.9187,4.7248,-7.1777
74.7848,4.5755,-7.3134,3.0896,0.0233,0.0444,0.9187,4.7248,-7.1777
74.7946,4.5753,-7.3134,3.0896,0.0211,0.0366,0.9187,4.7248,-7.1777
74.8051,4.5751,-7.3133,3.0898,0.0211,0.0366,0.9187,4.7248,-7.1777
74.8152,4.5750,-7.3133,3.0898,0.0211,0.0366,0.9187,4.7248,-7.1777
74.8241,4.5748,-7.3133,3.0898,0.0211,0.0366,0.9187,4.7248,-7.1777
74.8348,4.5746,-7.3133,3.0898,0.0211,0.0366,0.9187,4.7248,-7.1777
74.8450,4.5744,-7.3133,3.0898,0.0211,0.0366,0.9151,4.7248,-7.1777
74.8539,4.5742,-7.3133,3.0898,0.0211,0.0366,0.9151,4.7241,-7.1782
74.8639,4.5741,-7.3133,3.0898,0.0211,0.0366,0.9151,4.7241,-7.1782
74.8746,4.5739,-7.3133,3.0898,0.0211,0.0366,0.9151,4.7241,-7.1782
74.8849,4.5737,-7.3133,3.0898,0.0211,0.0366,0.9151,4.7241,-7.1782
74.8968,4.5735,-7.3133,3.0896,0.0211,0.0366,0.9151,4.7241,-7.1782
74.9043,4.5733,-7.3132,3.0896,0.0237,0.0453,0.9151,4.7241,-7.1782
74.9144,4.5733,-7.3132,3.0894,0.0237,0.0453,0.9151,4.7241,-7.1782
74.9252,4.5730,-7.3132,3.0892,0.0237,0.0453,0.9151,4.7241,-7.1782
74.9354,4.5728,-7.3132,3.0891,0.0237,0.0453,0.9151,4.7241,-7.1782
74.9458,4.5726,-7.3132,3.0889,0.0237,0.0453,0.9151,4.7241,-7.1782
74.9606,4.5724,-7.3132,3.0887,0.0237,0.0453,0.9145,4.7241,-7.1782
74.9646,4.5722,-7.3132,3.0885,0.0237,0.0453,0.9145,4.7235,-7.1788
74.9752,4.5720,-7.3132,3.0884,0.0237,0.0453,0.9145,4.7235,-7.1788
74.9843,4.5718,-7.3132,3.0882,0.0237,0.0453,0.9145,4.7235,-7.1788
74.9952,4.5715,-7.3132,3.0882,0.0237,0.0453,0.9145,4.7235,-7.1788
75.0045,4.5713,-7.3131,3.0882,0.0227,0.0249,0.9145,4.7235,-7.1788
75.0146,4.5710,-7.3131,3.0882,0.0227,0.0249,0.9145,4.7235,-7.1788
75.0248,4.5708,-7.3131,3.0882,0.0227,0.0249,0.9145,4.7235,-7.1788
75.0357,4.5706,-7.3131,3.0882,0.0227,0.0249,0.9145,4.7235,-7.1788
75.0452,4.5704,-7.3131,3.0882,0.0227,0.0249,0.9128,4.7235,-7.1788
75.0545,4.5701,-7.3131,3.0884,0.0227,0.0249,0.9128,4.7235,-7.1788
75.0649,4.5699,-7.3131,3.0884,0.0227,0.0249,0.9128,4.7244,-7.1782
75.0742,4.5697,-7.3131,3.0884,0.0227,0.0249,0.9128,4.7244,-7.1782
75.0842,4.5695,-7.3130,3.0885,0.0227,0.0249,0.9128,4.7244,-7.1782
75.0959,4.5693,-7.3130,3.0885,0.0227,0.0249,0.9128,4.7244,-7.1782
75.1042,4.5691,-7.3130,3.0885,0.0228,0.0190,0.9128,4.7244,-7.1782
75.1144,4.5689,-7.3130,3.0885,0.0228,0.0190,0.9128,4.7244,-7.1782
75.1256,4.5686,-7.3130,3.0885,0.0228,0.0190,0.9128,4.7244,-7.1782
75.1343,4.5685,-7.3130,3.0885,0.0228,0.0190,0.9128,4.7244,-7.1782
75.1467,4.5682,-7.3130,3.0885,0.0228,0.0190,0.9118,4.7244,-7.1782
75.1548,4.5680,-7.3130,3.0885,0.0228,0.0190,0.9118,4.7244,-7.1782
75.1644,4.5678,-7.3130,3.0885,0.0228,0.0190,0.9118,4.7224,-7.1781
75.1743,4.5676,-7.3129,3.0887,0.0228,0.0190,0.9118,4.7224,-7.1781
75.1843,4.5674,-7.3129,3.0887,0.0228,0.0190,0.9118,4.7224,-7.1781
75.1965,4.5672,-7.3129,3.0887,0.0228,0.0190,0.9118,4.7224,-7.1781
75.2039,4.5670,-7.3129,3.0889,0.0230,0.0449,0.9118,4.7224,-7.1781
75.2153,4.5668,-7.3129,3.0889,0.0230,0.0449,0.9118,4.7224,-7.1781
75.2244,4.5666,-7.3129,3.0891,0.0230,0.0449,0.9118,4.7224,-7.1781
75.2345,4.5664,-7.3129,3.0892,0.0230,0.0449,0.9118,4.7224,-7.1781
75.2524,4.5660,-7.3129,3.0894,0.0230,0.0449,0.9102,4.7224,-7.1781
75.2547,4.5660,-7.3129,3.0894,0.0230,0.0449,0.9102,4.7224,-7.1781
75.2643,4.5658,-7.3128,3.0896,0.0230,0.0449,0.9102,4.7226,-7.1747
75.2747,4.5656,-7.3128,3.0896,0.0230,0.0449,0.9102,4.7226,-7.1747
75.2850,4.5653,-7.3128,3.0898,0.0230,0.0449,0.9102,4.7226,-7.1747
75.2952,4.5651,-7.3128,3.0899,0.0230,0.0449,0.9102,4.7226,-7.1747
75.3044,4.5649,-7.3128,3.0901,0.0236,0.0146,0.9102,4.7226,-7.1747
75.3147,4.5647,-7.3128,3.0903,0.0236,0.0146,0.9102,4.7226,-7.1747
75.3252,4.5645,-7.3128,3.0905,0.0236,0.0146,0.9102,4.7226,-7.1747
75.3349,4.5643,-7.3128,3.0906,0.0236,0.0146,0.9102,4.7226,-7.1747
75.3451,4.5641,-7.3128,3.0908,0.0236,0.0146,0.9142,4.7226,-7.1747
75.3545,4.5639,-7.3128,3.0908,0.0236,0.0146,0.9142,4.7209,-7.1747
75.3649,4.5637,-7.3127,3.0908,0.0236,0.0146,0.9142,4.7209,-7.1747
75.3749,4.5635,-7.3127,3.0908,0.0236,0.0146,0.9142,4.7209,-7.1747
75.3849,4.5633,-7.3127,3.0906,0.0236,0.0146,0.9142,4.7209,-7.1747
75.3959,4.5631,-7.3127,3.0905,0.0236,0.0146,0.9142,4.7209,-7.1747
75.4045,4.5629,-7.3127,3.0903,0.0231,0.0508,0.9142,4.7209,-7.1747
75.4147,4.5626,-7.3127,3.0899,0.0231,0.0508,0.9142,4.7209,-7.1747
75.4255,4.5625,-7.3127,3.0898,0.0231,0.0508,0.9142,4.7209,-7.1747
75.4349,4.5622,-7.3127,3.0894,0.0231,0.0508,0.9142,4.7209,-7.1747
75.4455,4.5620,-7.3127,3.0891,0.0231,0.0508,0.9082,4.7209,-7.1747
75.4553,4.5618,-7.3126,3.0889,0.0231,0.0508,0.9082,4.7186,-7.1746
75.4647,4.5616,-7.3126,3.0887,0.0231,0.0508,0.9082,4.7186,-7.1746
75.4751,4.5614,-7.3126,3.0885,0.0231,0.0508,0.9082,4.7186,-7.1746
75.4851,4.5611,-7.3126,3.0884,0.0231,0.0508,0.9082,4.7186,-7.1746
75.4957,4.5610,-7.3126,3.0884,0.0231,0.0508,0.9082,4.7186,-7.1746
75.5044,4.5607,-7.3126,3.0884,0.0238,0.0582,0.9082,4.7186,-7.1746
75.5191,4.5603,-7.3126,3.0885,0.0238,0.0582,0.9082,4.7186,-7.1746
75.5259,4.5603,-7.3126,3.0885,0.0238,0.0582,0.9082,4.7186,-7.1746
75.5351,4.5601,-7.3126,3.0885,0.0238,0.0582,0.9082,4.7186,-7.1746
75.5445,4.5599,-7.3125,3.0887,0.0238,0.0582,0.9132,4.7186,-7.1746
75.5542,4.5597,-7.3125,3.0889,0.0238,0.0582,0.9132,4.7168,-7.1747
75.5648,4.5595,-7.3125,3.0892,0.0238,0.0582,0.9132,4.7168,-7.1747
75.5744,4.5594,-7.3125,3.0896,0.0238,0.0582,0.9132,4.7168,-7.1747
75.5846,4.5591,-7.3125,3.0901,0.0238,0.0582,0.9132,4.7168,-7.1747
75.5971,4.5589,-7.3125,3.0905,0.0238,0.0582,0.9132,4.7168,-7.1747
75.6043,4.5587,-7.3125,3.0908,0.0238,0.0582,0.9132,4.7168,-7.1747
75.6164,4.5585,-7.3125,3.0913,0.0239,0.0297,0.9132,4.7168,-7.1747
75.6252,4.5583,-7.3125,3.0917,0.0239,0.0297,0.9132,4.7168,-7.1747
75.6363,4.5581,-7.3125,3.0920,0.0239,0.0297,0.9132,4.7168,-7.1747
75.6451,4.5579,-7.3124,3.0924,0.0239,0.0297,0.9142,4.7168,-7.1747
75.6546,4.5577,-7.3124,3.0929,0.0239,0.0297,0.9142,4.7168,-7.1747
75.6653,4.5575,-7.3124,3.0932,0.0239,0.0297,0.9142,4.7151,-7.1751
75.6741,4.5572,-7.3124,3.0936,0.0239,0.0297,0.9142,4.7151,-7.1751
75.6851,4.5570,-7.3124,3.0939,0.0239,0.0297,0.9142,4.7151,-7.1751
75.6947,4.5568,-7.3124,3.0945,0.0239,0.0297,0.9142,4.7151,-7.1751
75.7041,4.5566,-7.3124,3.0948,0.0237,0.0266,0.9142,4.7151,-7.1751
75.7150,4.5564,-7.3124,3.0952,0.0237,0.0266,0.9142,4.7151,-7.1751
75.7251,4.5562,-7.3124,3.0955,0.0237,0.0266,0.9142,4.7151,-7.1751
75.7351,4.5559,-7.3123,3.0957,0.0237,0.0266,0.9142,4.7151,-7.1751
75.7459,4.5557,-7.3123,3.0959,0.0237,0.0266,0.9171,4.7151,-7.1751
75.7545,4.5555,-7.3123,3.0960,0.0237,0.0266,0.9171,4.7151,-7.1751
75.7669,4.5553,-7.3123,3.0962,0.0237,0.0266,0.9171,4.7138,-7.1756
75.7748,4.5551,-7.3123,3.0964,0.0237,0.0266,0.9171,4.7138,-7.1756
75.7846,4.5548,-7.3123,3.0966,0.0237,0.0266,0.9171,4.7138,-7.1756
75.7959,4.5546,-7.3123,3.0967,0.0237,0.0266,0.9171,4.7138,-7.1756
75.8048,4.5544,-7.3123,3.0969,0.0233,0.0348,0.9171,4.7138,-7.1756
75.8151,4.5541,-7.3123,3.0971,0.0233,0.0348,0.9171,4.7138,-7.1756
75.8257,4.5539,-7.3123,3.0974,0.0233,0.0348,0.9171,4.7138,-7.1756
75.8356,4.5537,-7.3122,3.0976,0.0233,0.0348,0.9171,4.7138,-7.1756
75.8446,4.5534,-7.3122,3.0980,0.0233,0.0348,0.9128,4.7138,-7.1756
75.8551,4.5532,-7.3122,3.0985,0.0233,0.0348,0.9128,4.7129,-7.1740
75.8645,4.5530,-7.3122,3.0988,0.0233,0.0348,0.9128,4.7129,-7.1740
75.8746,4.5528,-7.3122,3.0994,0.0233,0.0348,0.9128,4.7129,-7.1740
75.8847,4.5526,-7.3122,3.0999,0.0233,0.0348,0.9128,4.7129,-7.1740
75.8977,4.5523,-7.3122,3.1004,0.0233,0.0348,0.9128,4.7129,-7.1740
75.9044,4.5520,-7.3122,3.1009,0.0235,0.0284,0.9128,4.7129,-7.1740
75.9148,4.5518,-7.3122,3.1015,0.0235,0.0284,0.9128,4.7129,-7.1740
75.9251,4.5515,-7.3122,3.1020,0.0235,0.0284,0.9128,4.7129,-7.1740
75.9357,4.5512,-7.3121,3.1025,0.0235,0.0284,0.9128,4.7129,-7.1740
75.9457,4.5510,-7.3121,3.1030,0.0235,0.0284,0.9132,4.7129,-7.1740
75.9551,4.5507,-7.3121,3.1034,0.0235,0.0284,0.9132,4.7129,-7.1740
75.9642,4.5505,-7.3121,3.1039,0.0235,0.0284,0.9132,4.7149,-7.1725
75.9748,4.5502,-7.3121,3.1042,0.0235,0.0284,0.9132,4.7149,-7.1725
75.9842,4.5500,-7.3121,3.1046,0.0235,0.0284,0.9132,4.7149,-7.1725
75.9971,4.5497,-7.3121,3.1049,0.0235,0.0284,0.9132,4.7149,-7.1725
76.0044,4.5495,-7.3121,3.1053,0.0232,0.0592,0.9132,4.7149,-7.1725
76.0148,4.5492,-7.3121,3.1055,0.0232,0.0592,0.9132,4.7149,-7.1725
76.0245,4.5490,-7.3121,3.1058,0.0232,0.0592,0.9132,4.7149,-7.1725
76.0356,4.5488,-7.3121,3.1060,0.0232,0.0592,0.9132,4.7149,-7.1725
76.0449,4.5485,-7.3120,3.1062,0.0232,0.0592,0.9132,4.7149,-7.1725
76.0545,4.5483,-7.3120,3.1065,0.0232,0.0592,0.9132,4.7149,-7.1725
76.0652,4.5481,-7.3120,3.1067,0.0232,0.0592,0.9132,4.7112,-7.1725
76.0748,4.5479,-7.3120,3.1070,0.0232,0.0592,0.9132,4.7112,-7.1725
76.0849,4.5478,-7.3120,3.1072,0.0232,0.0592,0.9132,4.7112,-7.1725
76.0950,4.5476,-7.3120,3.1074,0.0232,0.0592,0.9132,4.7112,-7.1725
76.1045,4.5474,-7.3120,3.1076,0.0229,0.0755,0.9132,4.7112,-7.1725
76.1157,4.5472,-7.3120,3.1077,0.0229,0.0755,0.9132,4.7112,-7.1725
76.1250,4.5471,-7.3120,3.1081,0.0229,0.0755,0.9132,4.7112,-7.1725
76.1347,4.5469,-7.3120,3.1083,0.0229,0.0755,0.9132,4.7112,-7.1725
76.1460,4.5468,-7.3120,3.1084,0.0229,0.0755,0.9145,4.7112,-7.1725
76.1547,4.5466,-7.3120,3.1088,0.0229,0.0755,0.9145,4.7090,-7.1729
76.1646,4.5465,-7.3120,3.1090,0.0229,0.0755,0.9145,4.7090,-7.1729
76.1745,4.5464,-7.3120,3.1093,0.0229,0.0755,0.9145,4.7090,-7.1729
76.1853,4.5462,-7.3120,3.1097,0.0229,0.0755,0.9145,4.7090,-7.1729
76.1950,4.5461,-7.3120,3.1100,0.0229,0.0755,0.9145,4.7090,-7.1729
76.2039,4.5459,-7.3120,3.1104,0.0223,0.0373,0.9145,4.7090,-7.1729
76.2149,4.5458,-7.3120,3.1107,0.0223,0.0373,0.9145,4.7090,-7.1729
76.2251,4.5456,-7.3119,3.1110,0.0223,0.0373,0.9145,4.7090,-7.1729
76.2364,4.5455,-7.3119,3.1114,0.0223,0.0373,0.9145,4.7090,-7.1729
76.2469,4.5453,-7.3119,3.1117,0.0223,0.0373,0.9116,4.7090,-7.1729
76.2548,4.5452,-7.3119,3.1123,0.0223,0.0373,0.9116,4.7065,-7.1740
76.2641,4.5450,-7.3119,3.1126,0.0223,0.0373,0.9116,4.7065,-7.1740
76.2743,4.5448,-7.3119,3.1131,0.0223,0.0373,0.9116,4.7065,-7.1740
76.2848,4.5446,-7.3119,3.1135,0.0223,0.0373,0.9116,4.7065,-7.1740
76.2985,4.5444,-7.3119,3.1140,0.0223,0.0373,0.9116,4.7065,-7.1740
76.3042,4.5441,-7.3119,3.1144,0.0233,0.0138,0.9116,4.7065,-7.1740
76.3148,4.5439,-7.3119,3.1147,0.0233,0.0138,0.9116,4.7065,-7.1740
76.3251,4.5437,-7.3119,3.1151,0.0233,0.0138,0.9116,4.7065,-7.1740
76.3347,4.5435,-7.3119,3.1154,0.0233,0.0138,0.9116,4.7065,-7.1740
76.3448,4.5432,-7.3119,3.1158,0.0233,0.0138,0.9126,4.7065,-7.1740
76.3542,4.5430,-7.3119,3.1161,0.0233,0.0138,0.9126,4.7064,-7.1735
76.3656,4.5430,-7.3119,3.1166,0.0233,0.0138,0.9126,4.7064,-7.1735
76.3746,4.5424,-7.3119,3.1170,0.0233,0.0138,0.9126,4.7064,-7.1735
76.3848,4.5421,-7.3119,3.1175,0.0233,0.0138,0.9126,4.7064,-7.1735
76.3965,4.5419,-7.3118,3.1180,0.0233,0.0138,0.9126,4.7064,-7.1735
76.4044,4.5416,-7.3118,3.1186,0.0232,0.0280,0.9126,4.7064,-7.1735
76.4144,4.5414,-7.3118,3.1191,0.0232,0.0280,0.9126,4.7064,-7.1735
76.4244,4.5410,-7.3118,3.1196,0.0232,0.0280,0.9126,4.7064,-7.1735
76.4346,4.5408,-7.3118,3.1201,0.0232,0.0280,0.9126,4.7064,-7.1735
76.4448,4.5405,-7.3118,3.1206,0.0232,0.0280,0.9086,4.7064,-7.1735
76.4549,4.5403,-7.3118,3.1212,0.0232,0.0280,0.9086,4.7036,-7.1742
76.4646,4.5399,-7.3118,3.1217,0.0232,0.0280,0.9086,4.7036,-7.1742
76.4747,4.5396,-7.3118,3.1222,0.0232,0.0280,0.9086,4.7036,-7.1742
76.4850,4.5393,-7.3118,3.1227,0.0232,0.0280,0.9086,4.7036,-7.1742
76.4949,4.5391,-7.3118,3.1234,0.0232,0.0280,0.9086,4.7036,-7.1742
76.5048,4.5387,-7.3118,3.1241,0.0232,0.0108,0.9086,4.7036,-7.1742
76.5142,4.5384,-7.3118,3.1248,0.0232,0.0108,0.9086,4.7036,-7.1742
76.5252,4.5381,-7.3118,3.1255,0.0232,0.0108,0.9086,4.7036,-7.1742
76.5367,4.5377,-7.3118,3.1268,0.0232,0.0108,0.9086,4.7036,-7.1742
76.5445,4.5377,-7.3118,3.1268,0.0232,0.0108,0.9126,4.7036,-7.1742
76.5541,4.5375,-7.3118,3.1275,0.0232,0.0108,0.9126,4.7012,-7.1715
76.5656,4.5373,-7.3118,3.1280,0.0232,0.0108,0.9126,4.7012,-7.1715
76.5751,4.5370,-7.3118,3.1285,0.0232,0.0108,0.9126,4.7012,-7.1715
76.5843,4.5368,-7.3118,3.1290,0.0232,0.0108,0.9126,4.7012,-7.1715
76.5945,4.5367,-7.3118,3.1294,0.0232,0.0108,0.9126,4.7012,-7.1715
76.6055,4.5365,-7.3118,3.1297,0.0233,0.0358,0.9126,4.7012,-7.1715
76.6145,4.5361,-7.3117,3.1299,0.0233,0.0358,0.9126,4.7012,-7.1715
76.6265,4.5361,-7.3117,3.1299,0.0233,0.0358,0.9126,4.7012,-7.1715
76.6365,4.5359,-7.3117,3.1301,0.0233,0.0358,0.9126,4.7012,-7.1715
76.6454,4.5356,-7.3117,3.1299,0.0233,0.0358,0.9119,4.7012,-7.1715
76.6548,4.5354,-7.3117,3.1299,0.0233,0.0358,0.9119,4.7012,-7.1715
76.6646,4.5354,-7.3117,3.1299,0.0233,0.0358,0.9119,4.6783,-7.1728
76.6750,4.5351,-7.3117,3.1299,0.0233,0.0358,0.9119,4.6783,-7.1728
76.6858,4.5350,-7.3117,3.1299,0.0233,0.0358,0.9119,4.6783,-7.1728
76.6953,4.5349,-7.3117,3.1299,0.0233,0.0358,0.9119,4.6783,-7.1728
76.7052,4.5348,-7.3117,3.1301,0.0216,0.0317,0.9119,4.6783,-7.1728
76.7146,4.5346,-7.3117,3.1304,0.0216,0.0317,0.9119,4.6783,-7.1728
76.7249,4.5345,-7.3117,3.1306,0.0216,0.0317,0.9119,4.6783,-7.1728
76.7349,4.5344,-7.3117,3.1309,0.0216,0.0317,0.9119,4.6783,-7.1728
76.7445,4.5342,-7.3117,3.1313,0.0216,0.0317,0.9119,4.6783,-7.1728
76.7547,4.5340,-7.3117,3.1318,0.0216,0.0317,0.9119,4.6641,-7.1742
76.7645,4.5338,-7.3117,3.1322,0.0216,0.0317,0.9119,4.6641,-7.1742
76.7750,4.5337,-7.3117,3.1327,0.0216,0.0317,0.9119,4.6641,-7.1742
76.7849,4.5335,-7.3117,3.1330,0.0216,0.0317,0.9119,4.6641,-7.1742
76.7949,4.5333,-7.3117,3.1334,0.0216,0.0317,0.9119,4.6641,-7.1742
76.8045,4.5332,-7.3117,3.1337,0.0233,-0.0064,0.9119,4.6641,-7.1742
76.8161,4.5330,-7.3117,3.1339,0.0233,-0.0064,0.9119,4.6641,-7.1742
76.8248,4.5328,-7.3117,3.1341,0.0233,-0.0064,0.9119,4.6641,-7.1742
76.8358,4.5326,-7.3117,3.1343,0.0233,-0.0064,0.9119,4.6641,-7.1742
76.8455,4.5326,-7.3117,3.1346,0.0233,-0.0064,0.9110,4.6641,-7.1742
76.8544,4.5324,-7.3117,3.1348,0.0233,-0.0064,0.9110,4.6505,-7.1747
76.8648,4.5322,-7.3117,3.1350,0.0233,-0.0064,0.9110,4.6505,-7.1747
76.8749,4.5320,-7.3117,3.1351,0.0233,-0.0064,0.9110,4.6505,-7.1747
76.8851,4.5318,-7.3117,3.1355,0.0233,-0.0064,0.9110,4.6505,-7.1747
76.8955,4.5316,-7.3117,3.1357,0.0233,-0.0064,0.9110,4.6505,-7.1747
76.9044,4.5314,-7.3117,3.1360,0.0232,-0.0347,0.9110,4.6505,-7.1747
76.9147,4.5312,-7.3117,3.1362,0.0232,-0.0347,0.9110,4.6505,-7.1747
76.9245,4.5310,-7.3117,3.1365,0.0232,-0.0347,0.9110,4.6505,-7.1747
76.9348,4.5308,-7.3117,3.1367,0.0232,-0.0347,0.9110,4.6505,-7.1747
76.9474,4.5306,-7.3117,3.1367,0.0232,-0.0347,0.9139,4.6505,-7.1747
76.9547,4.5304,-7.3117,3.1371,0.0232,-0.0347,0.9139,4.6505,-7.1747
76.9658,4.5302,-7.3117,3.1374,0.0232,-0.0347,0.9139,4.6418,-7.1745
76.9746,4.5300,-7.3117,3.1378,0.0232,-0.0347,0.9139,4.6418,-7.1745
76.9842,4.5298,-7.3117,3.1381,0.0232,-0.0347,0.9139,4.6418,-7.1745
76.9944,4.5296,-7.3117,3.1383,0.0232,-0.0347,0.9139,4.6418,-7.1745
77.0049,4.5293,-7.3117,3.1386,0.0224,-0.0214,0.9139,4.6418,-7.1745
77.0143,4.5291,-7.3117,3.1388,0.0224,-0.0214,0.9139,4.6418,-7.1745
77.0244,4.5289,-7.3117,3.1390,0.0224,-0.0214,0.9139,4.6418,-7.1745
77.0345,4.5287,-7.3117,3.1390,0.0224,-0.0214,0.9139,4.6418,-7.1745
77.0451,4.5286,-7.3117,3.1391,0.0224,-0.0214,0.9110,4.6418,-7.1745
77.0547,4.5283,-7.3117,3.1393,0.0224,-0.0214,0.9110,4.6353,-7.1749
77.0644,4.5282,-7.3117,3.1395,0.0224,-0.0214,0.9110,4.6353,-7.1749
77.0747,4.5280,-7.3117,3.1397,0.0224,-0.0214,0.9110,4.6353,-7.1749
77.0854,4.5278,-7.3117,3.1400,0.0224,-0.0214,0.9110,4.6353,-7.1749
77.0963,4.5276,-7.3117,3.1404,0.0224,-0.0214,0.9110,4.6353,-7.1749
77.1042,4.5274,-7.3117,3.1407,0.0231,-0.0586,0.9110,4.6353,-7.1749
77.1148,4.5273,-7.3117,3.1411,0.0231,-0.0586,0.9110,4.6353,-7.1749
77.1251,4.5271,-7.3117,3.1414,0.0231,-0.0586,0.9110,4.6353,-7.1749
77.1372,4.5269,-7.3117,-3.1414,0.0231,-0.0586,0.9110,4.6353,-7.1749
77.1452,4.5267,-7.3117,-3.1411,0.0231,-0.0586,0.9103,4.6307,-7.1755
77.1543,4.5265,-7.3117,-3.1405,0.0231,-0.0586,0.9103,4.6307,-7.1755
77.1648,4.5264,-7.3117,-3.1402,0.0231,-0.0586,0.9103,4.6307,-7.1755
77.1756,4.5262,-7.3117,-3.1398,0.0231,-0.0586,0.9103,4.6307,-7.1755
77.1846,4.5260,-7.3117,-3.1395,0.0231,-0.0586,0.9103,4.6307,-7.1755
77.1958,4.5258,-7.3117,-3.1391,0.0231,-0.0586,0.9103,4.6307,-7.1755
77.2045,4.5256,-7.3117,-3.1388,0.0228,-0.0718,0.9103,4.6307,-7.1755
77.2156,4.5254,-7.3117,-3.1386,0.0228,-0.0718,0.9103,4.6307,-7.1755
77.2257,4.5252,-7.3117,-3.1385,0.0228,-0.0718,0.9103,4.6307,-7.1755
77.2354,4.5250,-7.3117,-3.1385,0.0228,-0.0718,0.9103,4.6307,-7.1755
77.2459,4.5248,-7.3117,-3.1385,0.0228,-0.0718,0.9153,4.6307,-7.1755
77.2546,4.5246,-7.3117,-3.1385,0.0228,-0.0718,0.9153,4.6255,-7.1760
77.2657,4.5243,-7.3117,-3.1386,0.0228,-0.0718,0.9153,4.6255,-7.1760
77.2746,4.5241,-7.3117,-3.1388,0.0228,-0.0718,0.9153,4.6255,-7.1760
77.2851,4.5238,-7.3117,-3.1390,0.0228,-0.0718,0.9153,4.6255,-7.1760
77.2953,4.5236,-7.3117,-3.1391,0.0228,-0.0718,0.9153,4.6255,-7.1760
77.3044,4.5234,-7.3117,-3.1393,0.0222,-0.0965,0.9153,4.6255,-7.1760
77.3148,4.5231,-7.3117,-3.1395,0.0222,-0.0965,0.9153,4.6255,-7.1760
77.3264,4.5229,-7.3117,-3.1397,0.0222,-0.0965,0.9153,4.6255,-7.1760
77.3346,4.5227,-7.3117,-3.1397,0.0222,-0.0965,0.9153,4.6255,-7.1760
77.3450,4.5225,-7.3117,-3.1397,0.0222,-0.0965,0.9094,4.6255,-7.1760
77.3546,4.5222,-7.3117,-3.1398,0.0222,-0.0965,0.9094,4.6211,-7.1767
77.3657,4.5220,-7.3117,-3.1398,0.0222,-0.0965,0.9094,4.6211,-7.1767
77.3758,4.5218,-7.3117,-3.1398,0.0222,-0.0965,0.9094,4.6211,-7.1767
77.3858,4.5216,-7.3117,-3.1398,0.0222,-0.0965,0.9094,4.6211,-7.1767
77.3965,4.5215,-7.3117,-3.1398,0.0239,-0.0741,0.9094,4.6211,-7.1767
77.4044,4.5213,-7.3117,-3.1400,0.0239,-0.0741,0.9094,4.6211,-7.1767
77.4147,4.5211,-7.3117,-3.1400,0.0239,-0.0741,0.9094,4.6211,-7.1767
77.4252,4.5209,-7.3117,-3.1402,0.0239,-0.0741,0.9094,4.6211,-7.1767
77.4384,4.5208,-7.3117,-3.1404,0.0239,-0.0741,0.9094,4.6211,-7.1767
77.4456,4.5206,-7.3117,-3.1405,0.0239,-0.0741,0.9147,4.6211,-7.1767
77.4563,4.5205,-7.3117,-3.1407,0.0239,-0.0741,0.9147,4.6211,-7.1767
77.4657,4.5204,-7.3117,-3.1411,0.0239,-0.0741,0.9147,4.6176,-7.1756
77.4753,4.5202,-7.3117,-3.1414,0.0239,-0.0741,0.9147,4.6176,-7.1756
77.4847,4.5201,-7.3117,3.1414,0.0239,-0.0741,0.9147,4.6176,-7.1756
77.4948,4.5199,-7.3117,3.1411,0.0239,-0.0741,0.9147,4.6176,-7.1756
77.5048,4.5198,-7.3117,3.1409,0.0226,-0.0771,0.9147,4.6176,-7.1756
77.5148,4.5197,-7.3117,3.1405,0.0226,-0.0771,0.9147,4.6176,-7.1756
77.5256,4.5195,-7.3117,3.1404,0.0226,-0.0771,0.9147,4.6176,-7.1756
77.5345,4.5194,-7.3117,3.1402,0.0226,-0.0771,0.9147,4.6176,-7.1756
77.5452,4.5192,-7.3117,3.1400,0.0226,-0.0771,0.9166,4.6176,-7.1756
77.5543,4.5191,-7.3117,3.1398,0.0226,-0.0771,0.9166,4.6146,-7.1751
77.5656,4.5190,-7.3117,3.1397,0.0226,-0.0771,0.9166,4.6146,-7.1751
77.5751,4.5188,-7.3117,3.1397,0.0226,-0.0771,0.9166,4.6146,-7.1751
77.5848,4.5187,-7.3117,3.1395,0.0226,-0.0771,0.9166,4.6146,-7.1751
77.5947,4.5186,-7.3117,3.1393,0.0226,-0.0771,0.9166,4.6146,-7.1751
77.6040,4.5184,-7.3117,3.1391,0.0226,-0.0771,0.9166,4.6146,-7.1751
77.6143,4.5183,-7.3117,3.1390,0.0237,-0.0608,0.9166,4.6146,-7.1751
77.6277,4.5181,-7.3117,3.1390,0.0237,-0.0608,0.9166,4.6146,-7.1751
77.6353,4.5179,-7.3117,3.1388,0.0237,-0.0608,0.9166,4.6146,-7.1751
77.6451,4.5178,-7.3117,3.1386,0.0237,-0.0608,0.9094,4.6146,-7.1751
77.6539,4.5176,-7.3117,3.1385,0.0237,-0.0608,0.9094,4.6146,-7.1751
77.6647,4.5174,-7.3117,3.1385,0.0237,-0.0608,0.9094,4.6126,-7.1745
77.6745,4.5172,-7.3117,3.1383,0.0237,-0.0608,0.9094,4.6126,-7.1745
77.6843,4.5170,-7.3117,3.1381,0.0237,-0.0608,0.9094,4.6126,-7.1745
77.6954,4.5168,-7.3117,3.1378,0.0237,-0.0608,0.9094,4.6126,-7.1745
77.7047,4.5166,-7.3117,3.1376,0.0225,-0.0576,0.9094,4.6126,-7.1745
77.7144,4.5164,-7.3117,3.1372,0.0225,-0.0576,0.9094,4.6126,-7.1745
77.7244,4.5162,-7.3117,3.1369,0.0225,-0.0576,0.9094,4.6126,-7.1745
77.7347,4.5159,-7.3117,3.1367,0.0225,-0.0576,0.9094,4.6126,-7.1745
77.7448,4.5157,-7.3117,3.1364,0.0225,-0.0576,0.9113,4.6126,-7.1745
77.7543,4.5155,-7.3117,3.1362,0.0225,-0.0576,0.9113,4.6072,-7.1743
77.7650,4.5153,-7.3117,3.1358,0.0225,-0.0576,0.9113,4.6072,-7.1743
77.7745,4.5150,-7.3117,3.1357,0.0225,-0.0576,0.9113,4.6072,-7.1743
77.7846,4.5148,-7.3117,3.1353,0.0225,-0.0576,0.9113,4.6072,-7.1743
77.7947,4.5146,-7.3117,3.1350,0.0225,-0.0576,0.9113,4.6072,-7.1743
77.8044,4.5144,-7.3117,3.1346,0.0238,-0.0809,0.9113,4.6072,-7.1743
77.8145,4.5142,-7.3117,3.1343,0.0238,-0.0809,0.9113,4.6072,-7.1743
77.8252,4.5139,-7.3117,3.1339,0.0238,-0.0809,0.9113,4.6072,-7.1743
77.8350,4.5137,-7.3117,3.1334,0.0238,-0.0809,0.9113,4.6072,-7.1743
77.8448,4.5135,-7.3117,3.1330,0.0238,-0.0809,0.9129,4.6072,-7.1743
77.8547,4.5133,-7.3117,3.1325,0.0238,-0.0809,0.9129,4.6072,-7.1743
77.8651,4.5130,-7.3117,3.1322,0.0238,-0.0809,0.9129,4.6094,-7.1769
77.8742,4.5128,-7.3117,3.1316,0.0238,-0.0809,0.9129,4.6094,-7.1769
77.8843,4.5126,-7.3117,3.1311,0.0238,-0.0809,0.9129,4.6094,-7.1769
77.8945,4.5123,-7.3117,3.1306,0.0238,-0.0809,0.9129,4.6094,-7.1769
77.9057,4.5121,-7.3117,3.1301,0.0234,-0.0744,0.9129,4.6094,-7.1769
77.9146,4.5119,-7.3117,3.1294,0.0234,-0.0744,0.9129,4.6094,-7.1769
77.9245,4.5117,-7.3117,3.1287,0.0234,-0.0744,0.9129,4.6094,-7.1769
77.9345,4.5115,-7.3117,3.1278,0.0234,-0.0744,0.9129,4.6094,-7.1769
77.9451,4.5113,-7.3117,3.1271,0.0234,-0.0744,0.9149,4.6094,-7.1769
77.9550,4.5111,-7.3117,3.1262,0.0234,-0.0744,0.9149,4.6036,-7.1755
77.9646,4.5108,-7.3116,3.1254,0.0234,-0.0744,0.9149,4.6036,-7.1755
77.9744,4.5106,-7.3116,3.1245,0.0234,-0.0744,0.9149,4.6036,-7.1755
77.9852,4.5104,-7.3116,3.1236,0.0234,-0.0744,0.9149,4.6036,-7.1755
77.9950,4.5101,-7.3116,3.1227,0.0234,-0.0744,0.9149,4.6036,-7.1755
78.0044,4.5098,-7.3116,3.1219,0.0228,-0.0618,0.9149,4.6036,-7.1755
78.0150,4.5095,-7.3116,3.1208,0.0228,-0.0618,0.9149,4.6036,-7.1755
78.0250,4.5093,-7.3116,3.1200,0.0228,-0.0618,0.9149,4.6036,-7.1755
78.0352,4.5090,-7.3116,3.1191,0.0228,-0.0618,0.9149,4.6036,-7.1755
78.0461,4.5087,-7.3116,3.1182,0.0228,-0.0618,0.9123,4.5995,-7.1756
78.0540,4.5085,-7.3116,3.1173,0.0228,-0.0618,0.9123,4.5995,-7.1756
78.0643,4.5082,-7.3116,3.1166,0.0228,-0.0618,0.9123,4.5995,-7.1756
78.0742,4.5079,-7.3116,3.1158,0.0228,-0.0618,0.9123,4.5995,-7.1756
78.0850,4.5077,-7.3116,3.1151,0.0228,-0.0618,0.9123,4.5995,-7.1756
78.0950,4.5074,-7.3116,3.1144,0.0228,-0.0618,0.9123,4.5995,-7.1756
78.1042,4.5072,-7.3116,3.1138,0.0222,-0.0640,0.9123,4.5995,-7.1756
78.1143,4.5070,-7.3116,3.1133,0.0222,-0.0640,0.9123,4.5995,-7.1756
78.1247,4.5067,-7.3116,3.1128,0.0222,-0.0640,0.9123,4.5995,-7.1756
78.1348,4.5065,-7.3115,3.1124,0.0222,-0.0640,0.9123,4.5995,-7.1756
78.1452,4.5063,-7.3115,3.1121,0.0222,-0.0640,0.9129,4.5995,-7.1756
78.1545,4.5061,-7.3115,3.1117,0.0222,-0.0640,0.9129,4.5995,-7.1756
78.1780,4.5057,-7.3115,3.1110,0.0222,-0.0640,0.9129,4.5974,-7.1761
78.1846,4.5054,-7.3115,3.1107,0.0222,-0.0640,0.9129,4.5974,-7.1761
78.1956,4.5054,-7.3115,3.1105,0.0222,-0.0640,0.9129,4.5974,-7.1761
78.2040,4.5050,-7.3115,3.1100,0.0225,-0.0550,0.9129,4.5974,-7.1761
78.2145,4.5048,-7.3115,3.1097,0.0225,-0.0550,0.9129,4.5974,-7.1761
78.2249,4.5046,-7.3115,3.1091,0.0225,-0.0550,0.9129,4.5974,-7.1761
78.2344,4.5044,-7.3115,3.1086,0.0225,-0.0550,0.9129,4.5974,-7.1761
78.2454,4.5042,-7.3115,3.1081,0.0225,-0.0550,0.9169,4.5997,-7.1774
78.2544,4.5040,-7.3115,3.1076,0.0225,-0.0550,0.9169,4.5997,-7.1774
78.2646,4.5038,-7.3115,3.1070,0.0225,-0.0550,0.9169,4.5997,-7.1774
78.2741,4.5036,-7.3115,3.1065,0.0225,-0.0550,0.9169,4.5997,-7.1774
78.2894,4.5035,-7.3115,3.1058,0.0225,-0.0550,0.9169,4.5997,-7.1774
78.2957,4.5033,-7.3114,3.1053,0.0225,-0.0550,0.9169,4.5997,-7.1774
78.3043,4.5031,-7.3114,3.1048,0.0226,-0.0492,0.9169,4.5997,-7.1774
78.3144,4.5029,-7.3114,3.1042,0.0226,-0.0492,0.9169,4.5997,-7.1774
78.3254,4.5028,-7.3114,3.1037,0.0226,-0.0492,0.9169,4.5997,-7.1774
78.3364,4.5026,-7.3114,3.1032,0.0226,-0.0492,0.9149,4.5997,-7.1774
78.3447,4.5025,-7.3114,3.1027,0.0226,-0.0492,0.9149,4.5997,-7.1774
78.3547,4.5023,-7.3114,3.1023,0.0226,-0.0492,0.9149,4.6029,-7.1762
78.3648,4.5021,-7.3114,3.1018,0.0226,-0.0492,0.9149,4.6029,-7.1762
78.3752,4.5019,-7.3114,3.1015,0.0226,-0.0492,0.9149,4.6029,-7.1762
78.3844,4.5018,-7.3114,3.1009,0.0226,-0.0492,0.9149,4.6029,-7.1762
78.3956,4.5016,-7.3114,3.1006,0.0226,-0.0492,0.9149,4.6029,-7.1762
78.4052,4.5014,-7.3114,3.1002,0.0236,-0.0230,0.9149,4.6029,-7.1762
78.4145,4.5013,-7.3114,3.0997,0.0236,-0.0230,0.9149,4.6029,-7.1762
78.4243,4.5011,-7.3114,3.0994,0.0236,-0.0230,0.9149,4.6029,-7.1762
78.4346,4.5009,-7.3114,3.0990,0.0236,-0.0230,0.9149,4.6029,-7.1762
78.4450,4.5007,-7.3113,3.0985,0.0236,-0.0230,0.9169,4.6029,-7.1762
78.4551,4.5006,-7.3113,3.0981,0.0236,-0.0230,0.9169,4.6057,-7.1754
78.4664,4.5004,-7.3113,3.0976,0.0236,-0.0230,0.9169,4.6057,-7.1754
78.4743,4.5002,-7.3113,3.0971,0.0236,-0.0230,0.9169,4.6057,-7.1754
78.4845,4.5001,-7.3113,3.0967,0.0236,-0.0230,0.9169,4.6057,-7.1754
78.4953,4.4999,-7.3113,3.0964,0.0236,-0.0230,0.9169,4.6057,-7.1754
78.5041,4.4998,-7.3113,3.0959,0.0230,-0.0080,0.9169,4.6057,-7.1754
78.5144,4.4996,-7.3113,3.0955,0.0230,-0.0080,0.9169,4.6057,-7.1754
78.5249,4.4994,-7.3113,3.0950,0.0230,-0.0080,0.9169,4.6057,-7.1754
78.5424,4.4992,-7.3113,3.0945,0.0230,-0.0080,0.9145,4.6078,-7.1742
78.5460,4.4991,-7.3113,3.0939,0.0230,-0.0080,0.9145,4.6078,-7.1742
78.5548,4.4989,-7.3113,3.0934,0.0230,-0.0080,0.9145,4.6078,-7.1742
78.5652,4.4987,-7.3113,3.0929,0.0230,-0.0080,0.9145,4.6078,-7.1742
78.5748,4.4985,-7.3112,3.0922,0.0230,-0.0080,0.9145,4.6078,-7.1742
78.5845,4.4983,-7.3112,3.0915,0.0230,-0.0080,0.9145,4.6078,-7.1742
78.5966,4.4981,-7.3112,3.0908,0.0232,0.0168,0.9145,4.6078,-7.1742
78.6043,4.4979,-7.3112,3.0903,0.0232,0.0168,0.9145,4.6078,-7.1742
78.6144,4.4977,-7.3112,3.0896,0.0232,0.0168,0.9145,4.6078,-7.1742
78.6243,4.4975,-7.3112,3.0891,0.0232,0.0168,0.9145,4.6078,-7.1742
78.6343,4.4972,-7.3112,3.0884,0.0232,0.0168,0.9145,4.6078,-7.1742
78.6453,4.4970,-7.3112,3.0878,0.0232,0.0168,0.9224,4.6078,-7.1742
78.6556,4.4967,-7.3111,3.0875,0.0232,0.0168,0.9224,4.6073,-7.1741
78.6655,4.4965,-7.3111,3.0870,0.0232,0.0168,0.9224,4.6073,-7.1741
78.6763,4.4963,-7.3111,3.0866,0.0232,0.0168,0.9224,4.6073,-7.1741
78.6845,4.4961,-7.3111,3.0863,0.0232,0.0168,0.9224,4.6073,-7.1741
78.6951,4.4959,-7.3111,3.0861,0.0232,0.0168,0.9224,4.6073,-7.1741
78.7047,4.4957,-7.3111,3.0857,0.0232,0.0168,0.9224,4.6073,-7.1741
78.7147,4.4955,-7.3111,3.0856,0.0224,0.0388,0.9224,4.6073,-7.1741
78.7248,4.4954,-7.3111,3.0854,0.0224,0.0388,0.9224,4.6073,-7.1741
78.7348,4.4952,-7.3111,3.0852,0.0224,0.0388,0.9161,4.6073,-7.1741
78.7467,4.4950,-7.3111,3.0850,0.0224,0.0388,0.9161,4.6073,-7.1741
78.7542,4.4947,-7.3110,3.0849,0.0224,0.0388,0.9161,4.6061,-7.1741
78.7649,4.4946,-7.3110,3.0849,0.0224,0.0388,0.9161,4.6061,-7.1741
78.7751,4.4944,-7.3110,3.0847,0.0224,0.0388,0.9161,4.6061,-7.1741
78.7859,4.4942,-7.3110,3.0845,0.0224,0.0388,0.9161,4.6061,-7.1741
78.7963,4.4940,-7.3110,3.0843,0.0224,0.0388,0.9161,4.6061,-7.1741
78.8065,4.4938,-7.3110,3.0842,0.0228,0.0279,0.9161,4.6061,-7.1741
78.8146,4.4936,-7.3110,3.0840,0.0228,0.0279,0.9161,4.6061,-7.1741
78.8249,4.4935,-7.3110,3.0836,0.0228,0.0279,0.9161,4.6061,-7.1741
78.8365,4.4933,-7.3110,3.0835,0.0228,0.0279,0.9176,4.6061,-7.1741
78.8459,4.4931,-7.3109,3.0835,0.0228,0.0279,0.9176,4.6036,-7.1751
78.8539,4.4929,-7.3109,3.0833,0.0228,0.0279,0.9176,4.6036,-7.1751
78.8648,4.4927,-7.3109,3.0831,0.0228,0.0279,0.9176,4.6036,-7.1751
78.8750,4.4925,-7.3109,3.0828,0.0228,0.0279,0.9176,4.6036,-7.1751
78.8843,4.4923,-7.3109,3.0826,0.0228,0.0279,0.9176,4.6036,-7.1751
78.8948,4.4921,-7.3109,3.0823,0.0228,0.0279,0.9176,4.6036,-7.1751
78.9044,4.4919,-7.3109,3.0819,0.0228,0.0279,0.9176,4.6036,-7.1751
78.9146,4.4918,-7.3109,3.0814,0.0229,0.0452,0.9176,4.6036,-7.1751
78.9248,4.4916,-7.3109,3.0810,0.0229,0.0452,0.9176,4.6036,-7.1751
78.9357,4.4914,-7.3108,3.0805,0.0229,0.0452,0.9161,4.6036,-7.1751
78.9447,4.4913,-7.3108,3.0802,0.0229,0.0452,0.9161,4.6001,-7.1754
78.9543,4.4911,-7.3108,3.0798,0.0229,0.0452,0.9161,4.6001,-7.1754
78.9652,4.4909,-7.3108,3.0795,0.0229,0.0452,0.9161,4.6001,-7.1754
78.9749,4.4907,-7.3108,3.0791,0.0229,0.0452,0.9161,4.6001,-7.1754
78.9854,4.4905,-7.3108,3.0789,0.0229,0.0452,0.9161,4.6001,-7.1754
78.9965,4.4903,-7.3108,3.0786,0.0229,0.0452,0.9161,4.6001,-7.1754
79.0047,4.4901,-7.3108,3.0784,0.0232,0.0595,0.9161,4.6001,-7.1754
79.0148,4.4900,-7.3108,3.0781,0.0232,0.0595,0.9161,4.6001,-7.1754
79.0246,4.4898,-7.3107,3.0779,0.0232,0.0595,0.9161,4.6001,-7.1754
79.0347,4.4896,-7.3107,3.0777,0.0232,0.0595,0.9161,4.6001,-7.1754
79.0443,4.4894,-7.3107,3.0775,0.0232,0.0595,0.9161,4.6005,-7.1752
79.0540,4.4893,-7.3107,3.0774,0.0232,0.0595,0.9161,4.6005,-7.1752
79.0641,4.4891,-7.3107,3.0772,0.0232,0.0595,0.9161,4.6005,-7.1752
79.0743,4.4889,-7.3107,3.0772,0.0232,0.0595,0.9161,4.6005,-7.1752
79.0853,4.4887,-7.3107,3.0772,0.0232,0.0595,0.9161,4.6005,-7.1752
79.0958,4.4886,-7.3107,3.0772,0.0232,0.0595,0.9161,4.6005,-7.1752
79.1042,4.4884,-7.3107,3.0772,0.0234,0.0654,0.9161,4.6005,-7.1752
79.1142,4.4882,-7.3106,3.0772,0.0234,0.0654,0.9161,4.6005,-7.1752
79.1250,4.4881,-7.3106,3.0772,0.0234,0.0654,0.9161,4.6005,-7.1752
79.1425,4.4878,-7.3106,3.0772,0.0234,0.0654,0.9136,4.6001,-7.1742
79.1455,4.4878,-7.3106,3.0772,0.0234,0.0654,0.9136,4.6001,-7.1742
79.1543,4.4876,-7.3106,3.0774,0.0234,0.0654,0.9136,4.6001,-7.1742
79.1643,4.4874,-7.3106,3.0774,0.0234,0.0654,0.9136,4.6001,-7.1742
79.1743,4.4873,-7.3106,3.0774,0.0234,0.0654,0.9136,4.6001,-7.1742
79.1856,4.4870,-7.3106,3.0774,0.0234,0.0654,0.9136,4.6001,-7.1742
79.1946,4.4868,-7.3106,3.0774,0.0234,0.0654,0.9136,4.6001,-7.1742
79.2046,4.4867,-7.3105,3.0772,0.0232,0.0500,0.9136,4.6001,-7.1742
79.2144,4.4865,-7.3105,3.0772,0.0232,0.0500,0.9136,4.6001,-7.1742
79.2254,4.4864,-7.3105,3.0772,0.0232,0.0500,0.9136,4.6001,-7.1742
79.2374,4.4862,-7.3105,3.0772,0.0232,0.0500,0.9177,4.6001,-7.1742
79.2451,4.4861,-7.3105,3.0774,0.0232,0.0500,0.9177,4.6001,-7.1742
79.2543,4.4859,-7.3105,3.0774,0.0232,0.0500,0.9177,4.6006,-7.1756
79.2648,4.4857,-7.3105,3.0774,0.0232,0.0500,0.9177,4.6006,-7.1756
79.2745,4.4855,-7.3105,3.0774,0.0232,0.0500,0.9177,4.6006,-7.1756
79.2845,4.4853,-7.3105,3.0775,0.0232,0.0500,0.9177,4.6006,-7.1756
79.2971,4.4851,-7.3104,3.0775,0.0232,0.0500,0.9177,4.6006,-7.1756
79.3045,4.4849,-7.3104,3.0777,0.0233,0.0633,0.9177,4.6006,-7.1756
79.3148,4.4847,-7.3104,3.0777,0.0233,0.0633,0.9177,4.6006,-7.1756
79.3247,4.4845,-7.3104,3.0779,0.0233,0.0633,0.9177,4.6006,-7.1756
79.3357,4.4842,-7.3104,3.0781,0.0233,0.0633,0.9171,4.6006,-7.1756
79.3459,4.4840,-7.3104,3.0781,0.0233,0.0633,0.9171,4.5982,-7.1756
79.3541,4.4838,-7.3104,3.0782,0.0233,0.0633,0.9171,4.5982,-7.1756
79.3644,4.4835,-7.3103,3.0782,0.0233,0.0633,0.9171,4.5982,-7.1756
79.3759,4.4832,-7.3103,3.0782,0.0233,0.0633,0.9171,4.5982,-7.1756
79.3844,4.4830,-7.3103,3.0782,0.0233,0.0633,0.9171,4.5982,-7.1756
79.3953,4.4827,-7.3103,3.0782,0.0233,0.0633,0.9171,4.5982,-7.1756
79.4049,4.4825,-7.3103,3.0781,0.0232,0.0872,0.9171,4.5982,-7.1756
79.4148,4.4823,-7.3103,3.0781,0.0232,0.0872,0.9171,4.5982,-7.1756
79.4245,4.4821,-7.3103,3.0779,0.0232,0.0872,0.9171,4.5982,-7.1756
79.4375,4.4819,-7.3102,3.0779,0.0232,0.0872,0.9176,4.5982,-7.1756
79.4449,4.4817,-7.3102,3.0779,0.0232,0.0872,0.9176,4.5982,-7.1756
79.4544,4.4815,-7.3102,3.0779,0.0232,0.0872,0.9176,4.5976,-7.1754
79.4652,4.4813,-7.3102,3.0781,0.0232,0.0872,0.9176,4.5976,-7.1754
79.4746,4.4811,-7.3102,3.0781,0.0232,0.0872,0.9176,4.5976,-7.1754
79.4849,4.4809,-7.3102,3.0784,0.0232,0.0872,0.9176,4.5976,-7.1754
79.4983,4.4807,-7.3102,3.0786,0.0234,0.0732,0.9176,4.5976,-7.1754
79.5047,4.4805,-7.3102,3.0789,0.0234,0.0732,0.9176,4.5976,-7.1754
79.5153,4.4803,-7.3101,3.0793,0.0234,0.0732,0.9176,4.5976,-7.1754
79.5249,4.4801,-7.3101,3.0796,0.0234,0.0732,0.9176,4.5976,-7.1754
79.5358,4.4799,-7.3101,3.0802,0.0234,0.0732,0.9187,4.5976,-7.1754
79.5449,4.4798,-7.3101,3.0807,0.0234,0.0732,0.9187,4.5976,-7.1754
79.5544,4.4796,-7.3101,3.0812,0.0234,0.0732,0.9187,4.5970,-7.1751
79.5650,4.4794,-7.3101,3.0817,0.0234,0.0732,0.9187,4.5970,-7.1751
79.5754,4.4792,-7.3101,3.0823,0.0234,0.0732,0.9187,4.5970,-7.1751
79.5847,4.4791,-7.3101,3.0828,0.0234,0.0732,0.9187,4.5970,-7.1751
79.6014,4.4787,-7.3100,3.0838,0.0234,0.0732,0.9187,4.5970,-7.1751
79.6044,4.4787,-7.3100,3.0838,0.0224,0.0465,0.9187,4.5970,-7.1751
79.6147,4.4786,-7.3100,3.0843,0.0224,0.0465,0.9187,4.5970,-7.1751
79.6279,4.4784,-7.3100,3.0849,0.0224,0.0465,0.9187,4.5970,-7.1751
79.6346,4.4783,-7.3100,3.0856,0.0224,0.0465,0.9047,4.5970,-7.1751
79.6447,4.4780,-7.3100,3.0861,0.0224,0.0465,0.9047,4.5974,-7.1732
79.6543,4.4778,-7.3100,3.0868,0.0224,0.0465,0.9047,4.5974,-7.1732
79.6650,4.4776,-7.3100,3.0873,0.0224,0.0465,0.9047,4.5974,-7.1732
79.6746,4.4774,-7.3100,3.0880,0.0224,0.0465,0.9047,4.5974,-7.1732
79.6847,4.4772,-7.3100,3.0885,0.0224,0.0465,0.9047,4.5974,-7.1732
79.6954,4.4770,-7.3099,3.0892,0.0224,0.0465,0.9047,4.5974,-7.1732
79.7047,4.4767,-7.3099,3.0899,0.0224,0.0465,0.9047,4.5974,-7.1732
79.7147,4.4765,-7.3099,3.0905,0.0232,0.0232,0.9047,4.5974,-7.1732
79.7252,4.4763,-7.3099,3.0912,0.0232,0.0232,0.9047,4.5974,-7.1732
79.7355,4.4760,-7.3099,3.0917,0.0232,0.0232,0.9112,4.5974,-7.1732
79.7456,4.4757,-7.3099,3.0924,0.0232,0.0232,0.9112,4.5974,-7.1732
79.7550,4.4755,-7.3099,3.0929,0.0232,0.0232,0.9112,4.5952,-7.1727
79.7645,4.4752,-7.3099,3.0932,0.0232,0.0232,0.9112,4.5952,-7.1727
79.7756,4.4750,-7.3098,3.0938,0.0232,0.0232,0.9112,4.5952,-7.1727
79.7849,4.4747,-7.3098,3.0941,0.0232,0.0232,0.9112,4.5952,-7.1727
79.7956,4.4745,-7.3098,3.0945,0.0232,0.0232,0.9112,4.5952,-7.1727
79.8053,4.4742,-7.3098,3.0948,0.0229,0.0070,0.9112,4.5952,-7.1727
79.8144,4.4740,-7.3098,3.0952,0.0229,0.0070,0.9112,4.5952,-7.1727
79.8244,4.4737,-7.3098,3.0953,0.0229,0.0070,0.9112,4.5952,-7.1727
79.8355,4.4735,-7.3098,3.0957,0.0229,0.0070,0.9167,4.5952,-7.1727
79.8447,4.4733,-7.3098,3.0960,0.0229,0.0070,0.9167,4.5952,-7.1727
79.8549,4.4731,-7.3098,3.0962,0.0229,0.0070,0.9167,4.5936,-7.1713
79.8650,4.4728,-7.3097,3.0966,0.0229,0.0070,0.9167,4.5936,-7.1713
79.8749,4.4727,-7.3097,3.0969,0.0229,0.0070,0.9167,4.5936,-7.1713
79.8842,4.4724,-7.3097,3.0973,0.0229,0.0070,0.9167,4.5936,-7.1713
79.8962,4.4722,-7.3097,3.0976,0.0229,0.0070,0.9167,4.5936,-7.1713
79.9041,4.4719,-7.3097,3.0980,0.0235,0.0092,0.9167,4.5936,-7.1713
79.9153,4.4717,-7.3097,3.0983,0.0235,0.0092,0.9167,4.5936,-7.1713
79.9254,4.4715,-7.3097,3.0987,0.0235,0.0092,0.9167,4.5936,-7.1713
79.9350,4.4712,-7.3097,3.0990,0.0235,0.0092,0.9151,4.5936,-7.1713
79.9447,4.4710,-7.3097,3.0994,0.0235,0.0092,0.9151,4.5949,-7.1715
79.9544,4.4707,-7.3097,3.0999,0.0235,0.0092,0.9151,4.5949,-7.1715
79.9644,4.4705,-7.3096,3.1002,0.0235,0.0092,0.9151,4.5949,-7.1715
79.9744,4.4702,-7.3096,3.1006,0.0235,0.0092,0.9151,4.5949,-7.1715
79.9852,4.4700,-7.3096,3.1009,0.0235,0.0092,0.9151,4.5949,-7.1715
79.9950,4.4697,-7.3096,3.1013,0.0235,0.0092,0.9151,4.5949,-7.1715
80.0040,4.4695,-7.3096,3.1015,0.0221,0.0246,0.9151,4.5949,-7.1715
80.0142,4.4693,-7.3096,3.1018,0.0221,0.0246,0.9151,4.5949,-7.1715
80.0245,4.4691,-7.3096,3.1020,0.0221,0.0246,0.9151,4.5949,-7.1715
80.0360,4.4689,-7.3096,3.1021,0.0221,0.0246,0.9179,4.5949,-7.1715
80.0448,4.4687,-7.3096,3.1023,0.0221,0.0246,0.9179,4.5963,-7.1688
80.0544,4.4684,-7.3096,3.1025,0.0221,0.0246,0.9179,4.5963,-7.1688
80.0647,4.4683,-7.3096,3.1027,0.0221,0.0246,0.9179,4.5963,-7.1688
80.0745,4.4681,-7.3096,3.1028,0.0221,0.0246,0.9179,4.5963,-7.1688
80.0847,4.4679,-7.3095,3.1028,0.0221,0.0246,0.9179,4.5963,-7.1688
80.0956,4.4677,-7.3095,3.1030,0.0221,0.0246,0.9179,4.5963,-7.1688
80.1040,4.4675,-7.3095,3.1030,0.0226,0.0104,0.9179,4.5963,-7.1688
80.1152,4.4674,-7.3095,3.1030,0.0226,0.0104,0.9179,4.5963,-7.1688
80.1254,4.4672,-7.3095,3.1032,0.0226,0.0104,0.9179,4.5963,-7.1688
80.1353,4.4670,-7.3095,3.1032,0.0226,0.0104,0.9138,4.5963,-7.1688
80.1449,4.4669,-7.3095,3.1032,0.0226,0.0104,0.9138,4.5979,-7.1683
80.1541,4.4667,-7.3095,3.1034,0.0226,0.0104,0.9138,4.5979,-7.1683
80.1644,4.4665,-7.3095,3.1035,0.0226,0.0104,0.9138,4.5979,-7.1683
80.1745,4.4664,-7.3095,3.1039,0.0226,0.0104,0.9138,4.5979,-7.1683
80.1848,4.4662,-7.3095,3.1042,0.0226,0.0104,0.9138,4.5979,-7.1683
80.1953,4.4660,-7.3095,3.1046,0.0226,0.0104,0.9138,4.5979,-7.1683
80.2049,4.4659,-7.3095,3.1048,0.0227,0.0211,0.9138,4.5979,-7.1683
80.2150,4.4657,-7.3095,3.1051,0.0227,0.0211,0.9138,4.5979,-7.1683
80.2250,4.4655,-7.3095,3.1055,0.0227,0.0211,0.9138,4.5979,-7.1683
80.2348,4.4653,-7.3094,3.1056,0.0227,0.0211,0.9171,4.5979,-7.1683
80.2457,4.4651,-7.3094,3.1060,0.0227,0.0211,0.9171,4.5994,-7.1667
80.2543,4.4649,-7.3094,3.1062,0.0227,0.0211,0.9171,4.5994,-7.1667
80.2651,4.4647,-7.3094,3.1065,0.0227,0.0211,0.9171,4.5994,-7.1667
80.2751,4.4645,-7.3094,3.1067,0.0227,0.0211,0.9171,4.5994,-7.1667
80.2851,4.4643,-7.3094,3.1070,0.0227,0.0211,0.9171,4.5994,-7.1667
80.2955,4.4641,-7.3094,3.1072,0.0227,0.0211,0.9171,4.5994,-7.1667
80.3052,4.4639,-7.3094,3.1076,0.0234,-0.0198,0.9171,4.5994,-7.1667
80.3158,4.4637,-7.3094,3.1077,0.0234,-0.0198,0.9171,4.5994,-7.1667
80.3258,4.4635,-7.3094,3.1081,0.0234,-0.0198,0.9171,4.5994,-7.1667
80.3355,4.4633,-7.3094,3.1083,0.0234,-0.0198,0.9171,4.5994,-7.1667
80.3449,4.4630,-7.3094,3.1084,0.0234,-0.0198,0.9171,4.6009,-7.1668
80.3544,4.4628,-7.3094,3.1088,0.0234,-0.0198,0.9171,4.6009,-7.1668
80.3650,4.4626,-7.3094,3.1091,0.0234,-0.0198,0.9171,4.6009,-7.1668
80.3754,4.4624,-7.3093,3.1093,0.0234,-0.0198,0.9171,4.6009,-7.1668
80.3852,4.4621,-7.3093,3.1097,0.0234,-0.0198,0.9171,4.6009,-7.1668
80.3963,4.4619,-7.3093,3.1100,0.0234,-0.0198,0.9171,4.6009,-7.1668
80.4049,4.4617,-7.3093,3.1102,0.0231,0.0123,0.9171,4.6009,-7.1668
80.4148,4.4614,-7.3093,3.1105,0.0231,0.0123,0.9171,4.6009,-7.1668
80.4271,4.4612,-7.3093,3.1107,0.0231,0.0123,0.9171,4.6009,-7.1668
80.4357,4.4610,-7.3093,3.1110,0.0231,0.0123,0.9155,4.6009,-7.1668
80.4451,4.4608,-7.3093,3.1112,0.0231,0.0123,0.9155,4.6011,-7.1677
80.4544,4.4606,-7.3093,3.1114,0.0231,0.0123,0.9155,4.6011,-7.1677
80.4643,4.4604,-7.3093,3.1116,0.0231,0.0123,0.9155,4.6011,-7.1677
80.4756,4.4602,-7.3093,3.1117,0.0231,0.0123,0.9155,4.6011,-7.1677
80.4847,4.4599,-7.3093,3.1119,0.0231,0.0123,0.9155,4.6011,-7.1677
80.4948,4.4597,-7.3093,3.1121,0.0231,0.0123,0.9155,4.6011,-7.1677
80.5045,4.4596,-7.3093,3.1123,0.0235,0.0100,0.9155,4.6011,-7.1677
80.5148,4.4593,-7.3093,3.1126,0.0235,0.0100,0.9155,4.6011,-7.1677
80.5247,4.4591,-7.3092,3.1130,0.0235,0.0100,0.9155,4.6011,-7.1677
80.5345,4.4590,-7.3092,3.1133,0.0235,0.0100,0.9126,4.6011,-7.1677
80.5444,4.4587,-7.3092,3.1137,0.0235,0.0100,0.9126,4.6011,-7.1677
80.5541,4.4585,-7.3092,3.1140,0.0235,0.0100,0.9126,4.5941,-7.1660
80.5645,4.4583,-7.3092,3.1144,0.0235,0.0100,0.9126,4.5941,-7.1660
80.5767,4.4581,-7.3092,3.1147,0.0235,0.0100,0.9126,4.5941,-7.1660
80.5844,4.4579,-7.3092,3.1151,0.0235,0.0100,0.9126,4.5941,-7.1660
80.5943,4.4577,-7.3092,3.1154,0.0235,0.0100,0.9126,4.5941,-7.1660
80.6043,4.4575,-7.3092,3.1156,0.0218,0.0281,0.9126,4.5941,-7.1660
80.6147,4.4573,-7.3092,3.1158,0.0218,0.0281,0.9126,4.5941,-7.1660
80.6247,4.4571,-7.3092,3.1159,0.0218,0.0281,0.9126,4.5941,-7.1660
80.6351,4.4568,-7.3092,3.1159,0.0218,0.0281,0.9128,4.5941,-7.1660
80.6457,4.4567,-7.3092,3.1159,0.0218,0.0281,0.9128,4.5967,-7.1668
80.6547,4.4564,-7.3092,3.1161,0.0218,0.0281,0.9128,4.5967,-7.1668
80.6642,4.4562,-7.3092,3.1161,0.0218,0.0281,0.9128,4.5967,-7.1668
80.6743,4.4560,-7.3092,3.1163,0.0218,0.0281,0.9128,4.5967,-7.1668
80.6858,4.4558,-7.3092,3.1163,0.0218,0.0281,0.9128,4.5967,-7.1668
80.6957,4.4556,-7.3092,3.1165,0.0218,0.0281,0.9128,4.5967,-7.1668
80.7053,4.4554,-7.3092,3.1165,0.0218,0.0281,0.9128,4.5967,-7.1668
80.7143,4.4552,-7.3091,3.1166,0.0232,0.0307,0.9128,4.5967,-7.1668
80.7248,4.4550,-7.3091,3.1166,0.0232,0.0307,0.9128,4.5967,-7.1668
80.7348,4.4548,-7.3091,3.1168,0.0232,0.0307,0.9157,4.5967,-7.1668
80.7459,4.4546,-7.3091,3.1168,0.0232,0.0307,0.9157,4.5967,-7.1668
80.7546,4.4544,-7.3091,3.1170,0.0232,0.0307,0.9157,4.5993,-7.1656
80.7643,4.4542,-7.3091,3.1172,0.0232,0.0307,0.9157,4.5993,-7.1656
80.7749,4.4540,-7.3091,3.1175,0.0232,0.0307,0.9157,4.5993,-7.1656
80.7847,4.4539,-7.3091,3.1177,0.0232,0.0307,0.9157,4.5993,-7.1656
80.7951,4.4537,-7.3091,3.1180,0.0232,0.0307,0.9157,4.5993,-7.1656
80.8043,4.4535,-7.3091,3.1182,0.0229,0.0184,0.9157,4.5993,-7.1656
80.8143,4.4533,-7.3091,3.1184,0.0229,0.0184,0.9157,4.5993,-7.1656
80.8249,4.4531,-7.3091,3.1187,0.0229,0.0184,0.9157,4.5993,-7.1656
80.8348,4.4530,-7.3091,3.1189,0.0229,0.0184,0.9135,4.5993,-7.1656
80.8449,4.4528,-7.3091,3.1193,0.0229,0.0184,0.9135,4.5993,-7.1656
80.8546,4.4526,-7.3091,3.1196,0.0229,0.0184,0.9135,4.5997,-7.1656
80.8648,4.4524,-7.3091,3.1200,0.0229,0.0184,0.9135,4.5997,-7.1656
80.8753,4.4523,-7.3091,3.1205,0.0229,0.0184,0.9135,4.5997,-7.1656
80.8846,4.4521,-7.3091,3.1208,0.0229,0.0184,0.9135,4.5997,-7.1656
80.8957,4.4519,-7.3091,3.1212,0.0229,0.0184,0.9135,4.5997,-7.1656
80.9041,4.4518,-7.3091,3.1213,0.0229,0.0046,0.9135,4.5997,-7.1656
80.9147,4.4516,-7.3091,3.1217,0.0229,0.0046,0.9135,4.5997,-7.1656
80.9245,4.4514,-7.3091,3.1219,0.0229,0.0046,0.9135,4.5997,-7.1656
80.9356,4.4513,-7.3091,3.1222,0.0229,0.0046,0.9132,4.5997,-7.1656
80.9446,4.4511,-7.3091,3.1224,0.0229,0.0046,0.9132,4.5997,-7.1656
80.9543,4.4509,-7.3091,3.1227,0.0229,0.0046,0.9132,4.5998,-7.1668
80.9646,4.4508,-7.3090,3.1229,0.0229,0.0046,0.9132,4.5998,-7.1668
80.9748,4.4506,-7.3090,3.1231,0.0229,0.0046,0.9132,4.5998,-7.1668
80.9848,4.4504,-7.3090,3.1234,0.0229,0.0046,0.9132,4.5998,-7.1668
80.9944,4.4502,-7.3090,3.1236,0.0229,0.0046,0.9132,4.5998,-7.1668
81.0041,4.4500,-7.3090,3.1238,0.0230,-0.0016,0.9132,4.5998,-7.1668
81.0143,4.4498,-7.3090,3.1240,0.0230,-0.0016,0.9132,4.5998,-7.1668
81.0250,4.4496,-7.3090,3.1241,0.0230,-0.0016,0.9132,4.5998,-7.1668
81.0356,4.4494,-7.3090,3.1245,0.0230,-0.0016,0.9108,4.5998,-7.1668
81.0455,4.4492,-7.3090,3.1247,0.0230,-0.0016,0.9108,4.5998,-7.1668
81.0539,4.4490,-7.3090,3.1248,0.0230,-0.0016,0.9108,4.5977,-7.1692
81.0648,4.4488,-7.3090,3.1250,0.0230,-0.0016,0.9108,4.5977,-7.1692
81.0751,4.4486,-7.3090,3.1254,0.0230,-0.0016,0.9108,4.5977,-7.1692
81.0852,4.4484,-7.3090,3.1255,0.0230,-0.0016,0.9108,4.5977,-7.1692
81.1000,4.4482,-7.3090,3.1257,0.0230,-0.0016,0.9108,4.5977,-7.1692
81.1046,4.4480,-7.3090,3.1261,0.0228,0.0129,0.9108,4.5977,-7.1692
81.1145,4.4478,-7.3090,3.1262,0.0228,0.0129,0.9108,4.5977,-7.1692
81.1248,4.4476,-7.3090,3.1264,0.0228,0.0129,0.9108,4.5977,-7.1692
81.1344,4.4473,-7.3090,3.1266,0.0228,0.0129,0.9119,4.5969,-7.1681
81.1446,4.4471,-7.3090,3.1268,0.0228,0.0129,0.9119,4.5969,-7.1681
81.1539,4.4469,-7.3090,3.1269,0.0228,0.0129,0.9119,4.5969,-7.1681
81.1651,4.4467,-7.3090,3.1269,0.0228,0.0129,0.9119,4.5969,-7.1681
81.1742,4.4464,-7.3090,3.1271,0.0228,0.0129,0.9119,4.5969,-7.1681
81.1843,4.4462,-7.3090,3.1273,0.0228,0.0129,0.9119,4.5969,-7.1681
81.1959,4.4460,-7.3090,3.1276,0.0228,0.0129,0.9119,4.5969,-7.1681
81.2039,4.4458,-7.3090,3.1278,0.0235,0.0330,0.9119,4.5969,-7.1681
81.2153,4.4456,-7.3090,3.1278,0.0235,0.0330,0.9119,4.5969,-7.1681
81.2259,4.4454,-7.3090,3.1282,0.0235,0.0330,0.9119,4.5969,-7.1681
81.2383,4.4449,-7.3090,3.1290,0.0235,0.0330,0.9100,4.5928,-7.1684
81.2445,4.4449,-7.3090,3.1290,0.0235,0.0330,0.9100,4.5928,-7.1684
81.2539,4.4447,-7.3090,3.1294,0.0235,0.0330,0.9100,4.5928,-7.1684
81.2641,4.4444,-7.3090,3.1299,0.0235,0.0330,0.9100,4.5928,-7.1684
81.2745,4.4442,-7.3089,3.1302,0.0235,0.0330,0.9100,4.5928,-7.1684
81.2852,4.4440,-7.3089,3.1308,0.0235,0.0330,0.9100,4.5928,-7.1684
81.2962,4.4437,-7.3089,3.1311,0.0235,0.0330,0.9100,4.5928,-7.1684
81.3042,4.4436,-7.3089,3.1315,0.0222,0.0514,0.9100,4.5928,-7.1684
81.3148,4.4433,-7.3089,3.1318,0.0222,0.0514,0.9100,4.5928,-7.1684
81.3252,4.4431,-7.3089,3.1322,0.0222,0.0514,0.9100,4.5928,-7.1684
81.3362,4.4429,-7.3089,3.1325,0.0222,0.0514,0.9063,4.5928,-7.1684
81.3448,4.4427,-7.3089,3.1327,0.0222,0.0514,0.9063,4.5902,-7.1692
81.3544,4.4425,-7.3089,3.1330,0.0222,0.0514,0.9063,4.5902,-7.1692
81.3655,4.4423,-7.3089,3.1332,0.0222,0.0514,0.9063,4.5902,-7.1692
81.3746,4.4421,-7.3089,3.1336,0.0222,0.0514,0.9063,4.5902,-7.1692
81.3846,4.4419,-7.3089,3.1339,0.0222,0.0514,0.9063,4.5902,-7.1692
81.3952,4.4417,-7.3089,3.1341,0.0000,0.0000,0.9063,4.5902,-7.1692
81.4044,4.4417,-7.3089,3.1343,0.0000,0.0000,0.9063,4.5902,-7.1692
81.4148,4.4414,-7.3089,3.1346,0.0000,0.0000,0.9063,4.5902,-7.1692
81.4252,4.4413,-7.3089,3.1348,0.0000,0.0000,0.9063,4.5902,-7.1692
81.4356,4.4411,-7.3089,3.1350,0.0000,0.0000,0.9175,4.5902,-7.1692
81.4456,4.4409,-7.3089,3.1351,0.0000,0.0000,0.9175,4.5902,-7.1692
81.4565,4.4408,-7.3089,3.1355,0.0000,0.0000,0.9175,4.5880,-7.1700
81.4641,4.4407,-7.3089,3.1358,0.0000,0.0000,0.9175,4.5880,-7.1700
81.4743,4.4406,-7.3089,3.1360,0.0000,0.0000,0.9175,4.5880,-7.1700
81.4843,4.4406,-7.3089,3.1364,0.0000,0.0000,0.9175,4.5880,-7.1700
81.4946,4.4406,-7.3089,3.1365,0.0000,0.0000,0.9175,4.5880,-7.1700
81.5042,4.4405,-7.3089,3.1365,0.0000,0.0000,0.9175,4.5880,-7.1700
81.5146,4.4405,-7.3089,3.1365,0.0000,0.0000,0.9175,4.5880,-7.1700
81.5275,4.4406,-7.3089,3.1365,0.0000,0.0000,0.9175,4.5880,-7.1700
81.5352,4.4406,-7.3089,3.1365,0.0000,0.0000,0.9096,4.5870,-7.1677
81.5445,4.4408,-7.3089,3.1364,0.0000,0.0000,0.9096,4.5870,-7.1677
81.5545,4.4408,-7.3089,3.1360,0.0000,0.0000,0.9096,4.5870,-7.1677
81.5646,4.4409,-7.3089,3.1357,0.0000,0.0000,0.9096,4.5870,-7.1677
81.5745,4.4410,-7.3089,3.1355,0.0000,0.0000,0.9096,4.5870,-7.1677
81.5845,4.4411,-7.3089,3.1351,0.0000,0.0000,0.9096,4.5870,-7.1677
81.5942,4.4412,-7.3089,3.1350,0.0000,0.0000,0.9096,4.5870,-7.1677
81.6039,4.4412,-7.3089,3.1346,0.0000,0.0000,0.9096,4.5870,-7.1677
81.6150,4.4413,-7.3089,3.1344,0.0000,0.0000,0.9096,4.5870,-7.1677
81.6249,4.4414,-7.3089,3.1343,0.0000,0.0000,0.9096,4.5870,-7.1677
81.6341,4.4415,-7.3089,3.1343,0.0000,0.0000,0.9113,4.5870,-7.1677
81.6443,4.4416,-7.3089,3.1343,0.0000,0.0000,0.9113,4.5871,-7.1678
81.6544,4.4417,-7.3089,3.1343,0.0000,0.0000,0.9113,4.5871,-7.1678
81.6647,4.4418,-7.3089,3.1343,0.0219,0.0844,0.9113,4.5871,-7.1678
81.6747,4.4419,-7.3089,3.1341,0.0217,0.0482,0.9113,4.5871,-7.1678
81.6842,4.4420,-7.3089,3.1341,0.0217,0.0482,0.9113,4.5871,-7.1678
81.6943,4.4421,-7.3089,3.1339,0.0217,0.0482,0.9113,4.5871,-7.1678
81.7074,4.4421,-7.3089,3.1339,0.0217,0.0482,0.9113,4.5871,-7.1678
81.7151,4.4422,-7.3089,3.1337,0.0217,0.0482,0.9113,4.5871,-7.1678
81.7274,4.4422,-7.3089,3.1336,0.0217,0.0482,0.9113,4.5871,-7.1678
81.7360,4.4423,-7.3089,3.1334,0.0217,0.0482,0.9103,4.5871,-7.1678
81.7506,4.4423,-7.3089,3.1332,0.0217,0.0482,0.9103,4.5882,-7.1693
81.7548,4.4423,-7.3089,3.1332,0.0217,0.0482,0.9103,4.5882,-7.1693
81.7647,4.4422,-7.3089,3.1332,0.0217,0.0482,0.9103,4.5882,-7.1693
81.7751,4.4422,-7.3089,3.1332,0.0217,0.0482,0.9103,4.5882,-7.1693
81.7847,4.4421,-7.3089,3.1332,0.0225,-0.0001,0.9103,4.5882,-7.1693
81.7951,4.4421,-7.3089,3.1334,0.0225,-0.0001,0.9103,4.5882,-7.1693
81.8043,4.4420,-7.3089,3.1336,0.0225,-0.0001,0.9103,4.5882,-7.1693
81.8151,4.4420,-7.3089,3.1337,0.0225,-0.0001,0.9103,4.5882,-7.1693
81.8284,4.4419,-7.3089,3.1341,0.0225,-0.0001,0.9103,4.5882,-7.1693
81.8363,4.4418,-7.3089,3.1343,0.0225,-0.0001,0.9175,4.5882,-7.1693
81.8453,4.4418,-7.3089,3.1344,0.0225,-0.0001,0.9175,4.5887,-7.1674
81.8543,4.4417,-7.3089,3.1346,0.0225,-0.0001,0.9175,4.5887,-7.1674
81.8642,4.4417,-7.3089,3.1346,0.0225,-0.0001,0.9175,4.5887,-7.1674
81.8745,4.4416,-7.3089,3.1346,0.0228,0.0379,0.9175,4.5887,-7.1674
81.8846,4.4415,-7.3089,3.1346,0.0228,0.0379,0.9175,4.5887,-7.1674
81.8961,4.4414,-7.3089,3.1343,0.0228,0.0379,0.9175,4.5887,-7.1674
81.9044,4.4414,-7.3089,3.1343,0.0228,0.0379,0.9175,4.5887,-7.1674
81.9149,4.4413,-7.3089,3.1341,0.0228,0.0379,0.9175,4.5887,-7.1674
81.9247,4.4413,-7.3089,3.1339,0.0228,0.0379,0.9175,4.5887,-7.1674
81.9360,4.4412,-7.3089,3.1339,0.0228,0.0379,0.9100,4.5887,-7.1674
81.9452,4.4412,-7.3089,3.1339,0.0228,0.0379,0.9100,4.5881,-7.1673
81.9547,4.4411,-7.3089,3.1339,0.0228,0.0379,0.9100,4.5881,-7.1673
81.9680,4.4410,-7.3089,3.1343,0.0231,0.0157,0.9100,4.5881,-7.1673
81.9748,4.4410,-7.3089,3.1343,0.0231,0.0157,0.9100,4.5881,-7.1673
81.9850,4.4409,-7.3089,3.1346,0.0231,0.0157,0.9100,4.5881,-7.1673
81.9963,4.4409,-7.3089,3.1350,0.0231,0.0157,0.9100,4.5881,-7.1673
82.0042,4.4408,-7.3089,3.1351,0.0231,0.0157,0.9100,4.5881,-7.1673
82.0144,4.4407,-7.3089,3.1355,0.0231,0.0157,0.9100,4.5881,-7.1673
82.0257,4.4406,-7.3089,3.1360,0.0231,0.0157,0.9100,4.5881,-7.1673
82.0347,4.4406,-7.3089,3.1360,0.0231,0.0157,0.9179,4.5881,-7.1673
82.0463,4.4405,-7.3089,3.1362,0.0231,0.0157,0.9179,4.5877,-7.1690
82.0547,4.4405,-7.3089,3.1362,0.0231,0.0157,0.9179,4.5877,-7.1690
82.0650,4.4404,-7.3089,3.1364,0.0231,0.0157,0.9179,4.5877,-7.1690
82.0755,4.4404,-7.3089,3.1364,0.0224,-0.0070,0.9179,4.5877,-7.1690
82.0846,4.4404,-7.3089,3.1364,0.0224,-0.0070,0.9179,4.5877,-7.1690
82.0950,4.4403,-7.3089,3.1364,0.0224,-0.0070,0.9179,4.5877,-7.1690
82.1041,4.4403,-7.3089,3.1362,0.0224,-0.0070,0.9179,4.5877,-7.1690
82.1153,4.4402,-7.3089,3.1362,0.0224,-0.0070,0.9179,4.5877,-7.1690
82.1247,4.4402,-7.3089,3.1362,0.0224,-0.0070,0.9179,4.5877,-7.1690
82.1354,4.4401,-7.3089,3.1362,0.0224,-0.0070,0.9123,4.5877,-7.1690
82.1458,4.4400,-7.3089,3.1362,0.0224,-0.0070,0.9123,4.5880,-7.1671
82.1558,4.4399,-7.3089,3.1364,0.0224,-0.0070,0.9123,4.5880,-7.1671
82.1649,4.4398,-7.3089,3.1365,0.0224,-0.0070,0.9123,4.5880,-7.1671
82.1752,4.4397,-7.3089,3.1365,0.0224,0.0016,0.9123,4.5880,-7.1671
82.1876,4.4396,-7.3089,3.1367,0.0224,0.0016,0.9123,4.5880,-7.1671
82.1952,4.4395,-7.3089,3.1369,0.0224,0.0016,0.9123,4.5880,-7.1671
82.2057,4.4394,-7.3089,3.1369,0.0224,0.0016,0.9123,4.5880,-7.1671
82.2157,4.4390,-7.3089,3.1372,0.0224,0.0016,0.9123,4.5880,-7.1671
82.2246,4.4390,-7.3089,3.1372,0.0224,0.0016,0.9123,4.5880,-7.1671
82.2359,4.4388,-7.3089,3.1376,0.0224,0.0016,0.9133,4.5880,-7.1671
82.2460,4.4387,-7.3089,3.1378,0.0224,0.0016,0.9133,4.5870,-7.1653
82.2545,4.4387,-7.3089,3.1378,0.0224,0.0016,0.9133,4.5870,-7.1653
82.2649,4.4383,-7.3089,3.1381,0.0224,0.0016,0.9133,4.5870,-7.1653
82.2747,4.4382,-7.3089,3.1383,0.0228,-0.0151,0.9133,4.5870,-7.1653
82.2852,4.4380,-7.3089,3.1385,0.0228,-0.0151,0.9133,4.5870,-7.1653
82.2954,4.4378,-7.3089,3.1386,0.0228,-0.0151,0.9133,4.5870,-7.1653
82.3046,4.4376,-7.3089,3.1388,0.0228,-0.0151,0.9133,4.5870,-7.1653
82.3159,4.4374,-7.3089,3.1390,0.0228,-0.0151,0.9133,4.5870,-7.1653
82.3274,4.4372,-7.3089,3.1391,0.0228,-0.0151,0.9103,4.5870,-7.1653
82.3351,4.4370,-7.3089,3.1393,0.0228,-0.0151,0.9103,4.5870,-7.1653
82.3450,4.4368,-7.3089,3.1395,0.0228,-0.0151,0.9103,4.5862,-7.1664
82.3548,4.4366,-7.3089,3.1397,0.0228,-0.0151,0.9103,4.5862,-7.1664
82.3681,4.4364,-7.3089,3.1397,0.0228,-0.0151,0.9103,4.5862,-7.1664
82.3766,4.4362,-7.3089,3.1397,0.0233,0.0041,0.9103,4.5862,-7.1664
82.3847,4.4360,-7.3089,3.1398,0.0233,0.0041,0.9103,4.5862,-7.1664
82.3948,4.4358,-7.3089,3.1400,0.0233,0.0041,0.9103,4.5862,-7.1664
82.4043,4.4355,-7.3089,3.1400,0.0233,0.0041,0.9103,4.5862,-7.1664
82.4151,4.4355,-7.3089,3.1400,0.0233,0.0041,0.9103,4.5862,-7.1664
82.4247,4.4351,-7.3089,3.1404,0.0233,0.0041,0.9090,4.5862,-7.1664
82.4345,4.4349,-7.3089,3.1404,0.0233,0.0041,0.9090,4.5862,-7.1664
82.4447,4.4346,-7.3089,3.1405,0.0233,0.0041,0.9090,4.5854,-7.1658
82.4542,4.4344,-7.3089,3.1407,0.0233,0.0041,0.9090,4.5854,-7.1658
82.4651,4.4341,-7.3089,3.1409,0.0233,0.0041,0.9090,4.5854,-7.1658
82.4742,4.4339,-7.3089,3.1411,0.0235,0.0137,0.9090,4.5854,-7.1658
82.4842,4.4336,-7.3089,3.1414,0.0235,0.0137,0.9090,4.5854,-7.1658
82.4951,4.4334,-7.3089,3.1416,0.0235,0.0137,0.9090,4.5854,-7.1658
82.5042,4.4331,-7.3089,-3.1414,0.0235,0.0137,0.9090,4.5854,-7.1658
82.5148,4.4329,-7.3089,-3.1411,0.0235,0.0137,0.9090,4.5854,-7.1658
82.5269,4.4326,-7.3089,-3.1409,0.0235,0.0137,0.9147,4.5854,-7.1658
82.5342,4.4324,-7.3089,-3.1407,0.0235,0.0137,0.9147,4.5854,-7.1658
82.5447,4.4321,-7.3089,-3.1405,0.0235,0.0137,0.9147,4.5825,-7.1671
82.5546,4.4320,-7.3089,-3.1404,0.0235,0.0137,0.9147,4.5825,-7.1671
82.5646,4.4317,-7.3089,-3.1402,0.0235,0.0137,0.9147,4.5825,-7.1671
82.5741,4.4315,-7.3089,-3.1400,0.0224,0.0512,0.9147,4.5825,-7.1671
82.5842,4.4313,-7.3089,-3.1398,0.0224,0.0512,0.9147,4.5825,-7.1671
82.5947,4.4311,-7.3089,-3.1397,0.0224,0.0512,0.9147,4.5825,-7.1671
82.6040,4.4309,-7.3089,-3.1393,0.0224,0.0512,0.9147,4.5825,-7.1671
82.6148,4.4306,-7.3089,-3.1391,0.0224,0.0512,0.9147,4.5825,-7.1671
82.6257,4.4304,-7.3089,-3.1390,0.0224,0.0512,0.9147,4.5825,-7.1671
82.6390,4.4302,-7.3089,-3.1388,0.0224,0.0512,0.9147,4.5839,-7.1677
82.6447,4.4299,-7.3089,-3.1385,0.0224,0.0512,0.9147,4.5839,-7.1677
82.6539,4.4297,-7.3089,-3.1381,0.0224,0.0512,0.9147,4.5839,-7.1677
82.6643,4.4295,-7.3089,-3.1379,0.0224,0.0512,0.9147,4.5839,-7.1677
82.6747,4.4292,-7.3089,-3.1374,0.0226,0.0736,0.9147,4.5839,-7.1677
82.6846,4.4290,-7.3089,-3.1371,0.0226,0.0736,0.9147,4.5839,-7.1677
82.6949,4.4288,-7.3089,-3.1367,0.0226,0.0736,0.9147,4.5839,-7.1677
82.7050,4.4285,-7.3089,-3.1362,0.0226,0.0736,0.9147,4.5839,-7.1677
82.7148,4.4283,-7.3089,-3.1358,0.0226,0.0736,0.9147,4.5839,-7.1677
82.7245,4.4280,-7.3089,-3.1355,0.0226,0.0736,0.9147,4.5839,-7.1677
82.7361,4.4278,-7.3089,-3.1353,0.0226,0.0736,0.9084,4.5819,-7.1691
82.7453,4.4276,-7.3089,-3.1350,0.0226,0.0736,0.9084,4.5819,-7.1691
82.7555,4.4274,-7.3089,-3.1348,0.0226,0.0736,0.9084,4.5819,-7.1691
82.7644,4.4271,-7.3089,-3.1348,0.0226,0.0736,0.9084,4.5819,-7.1691
82.7750,4.4269,-7.3089,-3.1346,0.0232,0.0666,0.9084,4.5819,-7.1691
82.7846,4.4267,-7.3089,-3.1346,0.0232,0.0666,0.9084,4.5819,-7.1691
82.7949,4.4265,-7.3089,-3.1344,0.0232,0.0666,0.9084,4.5819,-7.1691
82.8045,4.4263,-7.3089,-3.1344,0.0232,0.0666,0.9084,4.5819,-7.1691
82.8150,4.4261,-7.3089,-3.1344,0.0232,0.0666,0.9084,4.5819,-7.1691
82.8270,4.4259,-7.3089,-3.1343,0.0232,0.0666,0.9064,4.5819,-7.1691
82.8352,4.4257,-7.3089,-3.1341,0.0232,0.0666,0.9064,4.5800,-7.1700
82.8449,4.4256,-7.3089,-3.1339,0.0232,0.0666,0.9064,4.5800,-7.1700
82.8545,4.4256,-7.3089,-3.1336,0.0232,0.0666,0.9064,4.5800,-7.1700
82.8654,4.4252,-7.3089,-3.1334,0.0232,0.0666,0.9064,4.5800,-7.1700
82.8745,4.4251,-7.3089,-3.1332,0.0220,0.0786,0.9064,4.5800,-7.1700
82.8848,4.4249,-7.3089,-3.1329,0.0220,0.0786,0.9064,4.5800,-7.1700
82.8956,4.4248,-7.3089,-3.1327,0.0220,0.0786,0.9064,4.5800,-7.1700
82.9045,4.4247,-7.3089,-3.1325,0.0220,0.0786,0.9064,4.5800,-7.1700
82.9146,4.4245,-7.3089,-3.1322,0.0220,0.0786,0.9064,4.5800,-7.1700
82.9257,4.4244,-7.3089,-3.1320,0.0220,0.0786,0.9127,4.5800,-7.1700
82.9345,4.4242,-7.3089,-3.1316,0.0220,0.0786,0.9127,4.5805,-7.1675
82.9455,4.4241,-7.3089,-3.1313,0.0220,0.0786,0.9127,4.5805,-7.1675
82.9543,4.4240,-7.3089,-3.1309,0.0220,0.0786,0.9127,4.5805,-7.1675
82.9656,4.4239,-7.3089,-3.1306,0.0220,0.0786,0.9127,4.5805,-7.1675
82.9752,4.4238,-7.3089,-3.1304,0.0223,0.0538,0.9127,4.5805,-7.1675
82.9842,4.4236,-7.3089,-3.1301,0.0223,0.0538,0.9127,4.5805,-7.1675
82.9949,4.4235,-7.3089,-3.1297,0.0223,0.0538,0.9127,4.5805,-7.1675
83.0046,4.4233,-7.3089,-3.1295,0.0223,0.0538,0.9127,4.5805,-7.1675
83.0152,4.4232,-7.3090,-3.1292,0.0223,0.0538,0.9127,4.5805,-7.1675
83.0249,4.4230,-7.3090,-3.1287,0.0223,0.0538,0.9127,4.5805,-7.1675
83.0356,4.4228,-7.3090,-3.1283,0.0223,0.0538,0.9127,4.5805,-7.1675
83.0447,4.4226,-7.3090,-3.1280,0.0223,0.0538,0.9127,4.5776,-7.1677
83.0544,4.4225,-7.3090,-3.1275,0.0223,0.0538,0.9127,4.5776,-7.1677
83.0645,4.4223,-7.3090,-3.1271,0.0226,0.0306,0.9127,4.5776,-7.1677
83.0756,4.4222,-7.3090,-3.1268,0.0226,0.0306,0.9127,4.5776,-7.1677
83.0854,4.4220,-7.3090,-3.1264,0.0226,0.0306,0.9127,4.5776,-7.1677
83.0950,4.4218,-7.3090,-3.1259,0.0226,0.0306,0.9127,4.5776,-7.1677
83.1050,4.4216,-7.3090,-3.1255,0.0226,0.0306,0.9127,4.5776,-7.1677
83.1150,4.4214,-7.3090,-3.1250,0.0226,0.0306,0.9127,4.5776,-7.1677
83.1281,4.4212,-7.3090,-3.1247,0.0226,0.0306,0.9126,4.5776,-7.1677
83.1393,4.4210,-7.3090,-3.1241,0.0226,0.0306,0.9126,4.5790,-7.1685
83.1445,4.4208,-7.3090,-3.1238,0.0226,0.0306,0.9126,4.5790,-7.1685
83.1548,4.4206,-7.3090,-3.1233,0.0226,0.0306,0.9126,4.5790,-7.1685
83.1650,4.4203,-7.3090,-3.1229,0.0226,0.0306,0.9126,4.5790,-7.1685
83.1759,4.4201,-7.3090,-3.1224,0.0228,0.0294,0.9126,4.5790,-7.1685
83.1845,4.4198,-7.3090,-3.1220,0.0228,0.0294,0.9126,4.5790,-7.1685
83.1948,4.4196,-7.3090,-3.1217,0.0228,0.0294,0.9126,4.5790,-7.1685
83.2052,4.4193,-7.3090,-3.1213,0.0228,0.0294,0.9126,4.5790,-7.1685
83.2156,4.4191,-7.3090,-3.1210,0.0228,0.0294,0.9126,4.5790,-7.1685
83.2255,4.4188,-7.3090,-3.1208,0.0228,0.0294,0.9147,4.5790,-7.1685
83.2358,4.4186,-7.3090,-3.1205,0.0228,0.0294,0.9147,4.5790,-7.1685
83.2451,4.4183,-7.3090,-3.1201,0.0228,0.0294,0.9147,4.5774,-7.1672
83.2544,4.4181,-7.3090,-3.1198,0.0228,0.0294,0.9147,4.5774,-7.1672
83.2670,4.4179,-7.3090,-3.1194,0.0228,0.0294,0.9147,4.5774,-7.1672
83.2746,4.4176,-7.3091,-3.1191,0.0232,0.0210,0.9147,4.5774,-7.1672
83.2847,4.4173,-7.3091,-3.1187,0.0232,0.0210,0.9147,4.5774,-7.1672
83.2950,4.4171,-7.3091,-3.1184,0.0232,0.0210,0.9147,4.5774,-7.1672
83.3047,4.4169,-7.3091,-3.1180,0.0232,0.0210,0.9147,4.5774,-7.1672
83.3148,4.4166,-7.3091,-3.1175,0.0232,0.0210,0.9147,4.5774,-7.1672
83.3249,4.4164,-7.3091,-3.1172,0.0232,0.0210,0.9131,4.5774,-7.1672
83.3347,4.4161,-7.3091,-3.1168,0.0232,0.0210,0.9131,4.5774,-7.1672
83.3452,4.4159,-7.3091,-3.1163,0.0232,0.0210,0.9131,4.5733,-7.1676
83.3555,4.4156,-7.3091,-3.1159,0.0232,0.0210,0.9131,4.5733,-7.1676
83.3661,4.4154,-7.3091,-3.1159,0.0232,0.0210,0.9131,4.5733,-7.1676
83.3745,4.4151,-7.3091,-3.1156,0.0228,0.0402,0.9131,4.5733,-7.1676
83.3850,4.4149,-7.3091,-3.1152,0.0228,0.0402,0.9131,4.5733,-7.1676
83.3955,4.4146,-7.3091,-3.1149,0.0228,0.0402,0.9131,4.5733,-7.1676
83.4053,4.4144,-7.3091,-3.1145,0.0228,0.0402,0.9131,4.5733,-7.1676
83.4144,4.4142,-7.3091,-3.1142,0.0228,0.0402,0.9131,4.5733,-7.1676
83.4275,4.4140,-7.3091,-3.1138,0.0228,0.0402,0.9131,4.5733,-7.1676
83.4343,4.4138,-7.3091,-3.1137,0.0228,0.0402,0.9141,4.5704,-7.1639
83.4453,4.4136,-7.3092,-3.1133,0.0228,0.0402,0.9141,4.5704,-7.1639
83.4541,4.4135,-7.3092,-3.1131,0.0228,0.0402,0.9141,4.5704,-7.1639
83.4643,4.4133,-7.3092,-3.1131,0.0228,0.0402,0.9141,4.5704,-7.1639
83.4751,4.4131,-7.3092,-3.1130,0.0223,-0.0050,0.9141,4.5704,-7.1639
83.4846,4.4129,-7.3092,-3.1128,0.0223,-0.0050,0.9141,4.5704,-7.1639
83.4947,4.4127,-7.3092,-3.1126,0.0223,-0.0050,0.9141,4.5704,-7.1639
83.5052,4.4125,-7.3092,-3.1124,0.0223,-0.0050,0.9141,4.5704,-7.1639
83.5147,4.4123,-7.3092,-3.1123,0.0223,-0.0050,0.9141,4.5704,-7.1639
83.5309,4.4121,-7.3092,-3.1119,0.0223,-0.0050,0.9140,4.5704,-7.1639
83.5341,4.4120,-7.3092,-3.1117,0.0223,-0.0050,0.9140,4.5694,-7.1651
83.5451,4.4118,-7.3092,-3.1116,0.0223,-0.0050,0.9140,4.5694,-7.1651
83.5545,4.4117,-7.3092,-3.1112,0.0223,-0.0050,0.9140,4.5694,-7.1651
83.5691,4.4115,-7.3092,-3.1110,0.0223,-0.0050,0.9140,4.5694,-7.1651
83.5750,4.4114,-7.3092,-3.1109,0.0221,-0.0445,0.9140,4.5694,-7.1651
83.5846,4.4113,-7.3092,-3.1107,0.0221,-0.0445,0.9140,4.5694,-7.1651
83.5956,4.4111,-7.3092,-3.1107,0.0221,-0.0445,0.9140,4.5694,-7.1651
83.6046,4.4110,-7.3092,-3.1107,0.0221,-0.0445,0.9140,4.5694,-7.1651
83.6148,4.4108,-7.3092,-3.1107,0.0221,-0.0445,0.9140,4.5694,-7.1651
83.6247,4.4107,-7.3092,-3.1105,0.0221,-0.0445,0.9131,4.5694,-7.1651
83.6352,4.4106,-7.3092,-3.1105,0.0221,-0.0445,0.9131,4.5655,-7.1683
83.6452,4.4104,-7.3092,-3.1105,0.0221,-0.0445,0.9131,4.5655,-7.1683
83.6546,4.4102,-7.3093,-3.1105,0.0221,-0.0445,0.9131,4.5655,-7.1683
83.6663,4.4101,-7.3093,-3.1105,0.0221,-0.0445,0.9131,4.5655,-7.1683
83.6748,4.4099,-7.3093,-3.1104,0.0236,-0.0380,0.9131,4.5655,-7.1683
83.6846,4.4098,-7.3093,-3.1104,0.0236,-0.0380,0.9131,4.5655,-7.1683
83.6947,4.4096,-7.3093,-3.1104,0.0236,-0.0380,0.9131,4.5655,-7.1683
83.7068,4.4094,-7.3093,-3.1104,0.0236,-0.0380,0.9131,4.5655,-7.1683
83.7152,4.4092,-7.3093,-3.1104,0.0236,-0.0380,0.9131,4.5655,-7.1683
83.7253,4.4090,-7.3093,-3.1104,0.0236,-0.0380,0.9151,4.5655,-7.1683
83.7352,4.4088,-7.3093,-3.1104,0.0236,-0.0380,0.9151,4.5655,-7.1683
83.7465,4.4086,-7.3093,-3.1104,0.0236,-0.0380,0.9151,4.5645,-7.1723
83.7546,4.4084,-7.3093,-3.1104,0.0236,-0.0380,0.9151,4.5645,-7.1723
83.7647,4.4082,-7.3093,-3.1102,0.0236,-0.0380,0.9151,4.5645,-7.1723
83.7783,4.4080,-7.3093,-3.1102,0.0218,-0.1042,0.9151,4.5645,-7.1723
83.7847,4.4077,-7.3093,-3.1098,0.0218,-0.1042,0.9151,4.5645,-7.1723
83.7952,4.4075,-7.3093,-3.1097,0.0218,-0.1042,0.9151,4.5645,-7.1723
83.8040,4.4073,-7.3093,-3.1095,0.0218,-0.1042,0.9151,4.5645,-7.1723
83.8144,4.4071,-7.3094,-3.1091,0.0218,-0.1042,0.9151,4.5645,-7.1723
83.8247,4.4068,-7.3094,-3.1090,0.0218,-0.1042,0.9144,4.5645,-7.1723
83.8351,4.4065,-7.3094,-3.1086,0.0218,-0.1042,0.9144,4.5627,-7.1734
83.8444,4.4063,-7.3094,-3.1083,0.0218,-0.1042,0.9144,4.5627,-7.1734
83.8550,4.4060,-7.3094,-3.1081,0.0218,-0.1042,0.9144,4.5627,-7.1734
83.8648,4.4058,-7.3094,-3.1077,0.0218,-0.1042,0.9144,4.5627,-7.1734
83.8745,4.4055,-7.3094,-3.1076,0.0231,-0.0941,0.9144,4.5627,-7.1734
83.8859,4.4053,-7.3094,-3.1074,0.0231,-0.0941,0.9144,4.5627,-7.1734
83.8958,4.4051,-7.3094,-3.1074,0.0231,-0.0941,0.9144,4.5627,-7.1734
83.9044,4.4049,-7.3094,-3.1076,0.0231,-0.0941,0.9144,4.5627,-7.1734
83.9149,4.4046,-7.3094,-3.1076,0.0231,-0.0941,0.9144,4.5627,-7.1734
83.9249,4.4043,-7.3094,-3.1077,0.0231,-0.0941,0.9124,4.5627,-7.1734
83.9356,4.4041,-7.3095,-3.1077,0.0231,-0.0941,0.9124,4.5605,-7.1742
83.9452,4.4039,-7.3095,-3.1079,0.0231,-0.0941,0.9124,4.5605,-7.1742
83.9544,4.4037,-7.3095,-3.1081,0.0231,-0.0941,0.9124,4.5605,-7.1742
83.9652,4.4035,-7.3095,-3.1083,0.0231,-0.0941,0.9124,4.5605,-7.1742
83.9745,4.4033,-7.3095,-3.1084,0.0229,-0.0988,0.9124,4.5605,-7.1742
83.9847,4.4031,-7.3095,-3.1086,0.0229,-0.0988,0.9124,4.5605,-7.1742
83.9957,4.4029,-7.3095,-3.1088,0.0229,-0.0988,0.9124,4.5605,-7.1742
84.0047,4.4027,-7.3095,-3.1088,0.0229,-0.0988,0.9124,4.5605,-7.1742
84.0146,4.4025,-7.3095,-3.1088,0.0229,-0.0988,0.9124,4.5605,-7.1742
84.0261,4.4023,-7.3095,-3.1088,0.0229,-0.0988,0.9134,4.5605,-7.1742
84.0352,4.4020,-7.3095,-3.1088,0.0229,-0.0988,0.9134,4.5605,-7.1742
84.0447,4.4018,-7.3095,-3.1088,0.0229,-0.0988,0.9134,4.5575,-7.1749
84.0545,4.4016,-7.3095,-3.1090,0.0229,-0.0988,0.9134,4.5575,-7.1749
84.0684,4.4014,-7.3095,-3.1090,0.0230,-0.0820,0.9134,4.5575,-7.1749
84.0760,4.4011,-7.3096,-3.1091,0.0230,-0.0820,0.9134,4.5575,-7.1749
84.0847,4.4009,-7.3096,-3.1093,0.0230,-0.0820,0.9134,4.5575,-7.1749
84.0971,4.4007,-7.3096,-3.1095,0.0230,-0.0820,0.9134,4.5575,-7.1749
84.1045,4.4004,-7.3096,-3.1097,0.0230,-0.0820,0.9134,4.5575,-7.1749
84.1148,4.4002,-7.3096,-3.1100,0.0230,-0.0820,0.9134,4.5575,-7.1749
84.1249,4.4000,-7.3096,-3.1104,0.0230,-0.0820,0.9174,4.5575,-7.1749
84.1351,4.3997,-7.3096,-3.1107,0.0230,-0.0820,0.9174,4.5546,-7.1761
84.1453,4.3995,-7.3096,-3.1110,0.0230,-0.0820,0.9174,4.5546,-7.1761
84.1546,4.3992,-7.3096,-3.1114,0.0230,-0.0820,0.9174,4.5546,-7.1761
84.1679,4.3990,-7.3096,-3.1119,0.0234,-0.0549,0.9174,4.5546,-7.1761
84.1747,4.3988,-7.3096,-3.1123,0.0234,-0.0549,0.9174,4.5546,-7.1761
84.1845,4.3985,-7.3096,-3.1128,0.0234,-0.0549,0.9174,4.5546,-7.1761
84.1944,4.3983,-7.3096,-3.1133,0.0234,-0.0549,0.9174,4.5546,-7.1761
84.2040,4.3981,-7.3096,-3.1138,0.0234,-0.0549,0.9174,4.5546,-7.1761
84.2166,4.3981,-7.3096,-3.1142,0.0234,-0.0549,0.9174,4.5546,-7.1761
84.2250,4.3978,-7.3097,-3.1147,0.0234,-0.0549,0.9177,4.5546,-7.1761
84.2362,4.3976,-7.3097,-3.1152,0.0234,-0.0549,0.9177,4.5533,-7.1762
84.2462,4.3973,-7.3097,-3.1158,0.0234,-0.0549,0.9177,4.5533,-7.1762
84.2552,4.3971,-7.3097,-3.1161,0.0234,-0.0549,0.9177,4.5533,-7.1762
84.2651,4.3969,-7.3097,-3.1166,0.0234,-0.0549,0.9177,4.5533,-7.1762
84.2744,4.3967,-7.3097,-3.1172,0.0234,-0.0581,0.9177,4.5533,-7.1762
84.2843,4.3965,-7.3097,-3.1177,0.0234,-0.0581,0.9177,4.5533,-7.1762
84.2949,4.3962,-7.3097,-3.1180,0.0234,-0.0581,0.9177,4.5533,-7.1762
84.3044,4.3961,-7.3097,-3.1184,0.0234,-0.0581,0.9177,4.5533,-7.1762
84.3146,4.3958,-7.3097,-3.1187,0.0234,-0.0581,0.9177,4.5533,-7.1762
84.3248,4.3956,-7.3097,-3.1193,0.0234,-0.0581,0.9134,4.5533,-7.1762
84.3362,4.3955,-7.3097,-3.1196,0.0234,-0.0581,0.9134,4.5506,-7.1770
84.3456,4.3953,-7.3097,-3.1200,0.0234,-0.0581,0.9134,4.5506,-7.1770
84.3550,4.3951,-7.3097,-3.1205,0.0234,-0.0581,0.9134,4.5506,-7.1770
84.3650,4.3949,-7.3097,-3.1208,0.0234,-0.0581,0.9134,4.5506,-7.1770
84.3745,4.3946,-7.3097,-3.1215,0.0229,-0.0521,0.9134,4.5506,-7.1770
84.3847,4.3944,-7.3097,-3.1220,0.0229,-0.0521,0.9134,4.5506,-7.1770
84.3953,4.3942,-7.3097,-3.1226,0.0229,-0.0521,0.9134,4.5506,-7.1770
84.4041,4.3940,-7.3097,-3.1233,0.0229,-0.0521,0.9134,4.5506,-7.1770
84.4152,4.3938,-7.3097,-3.1238,0.0229,-0.0521,0.9134,4.5506,-7.1770
84.4263,4.3936,-7.3097,-3.1245,0.0229,-0.0521,0.9160,4.5506,-7.1770
84.4358,4.3934,-7.3097,-3.1250,0.0229,-0.0521,0.9160,4.5506,-7.1770
84.4443,4.3932,-7.3098,-3.1257,0.0229,-0.0521,0.9160,4.5253,-7.1782
84.4555,4.3930,-7.3098,-3.1262,0.0229,-0.0521,0.9160,4.5253,-7.1782
84.4654,4.3928,-7.3098,-3.1268,0.0229,-0.0521,0.9160,4.5253,-7.1782
84.4741,4.3926,-7.3098,-3.1273,0.0228,-0.0643,0.9160,4.5253,-7.1782
84.4845,4.3924,-7.3098,-3.1278,0.0228,-0.0643,0.9160,4.5253,-7.1782
84.4944,4.3922,-7.3098,-3.1282,0.0228,-0.0643,0.9160,4.5253,-7.1782
84.5047,4.3920,-7.3098,-3.1287,0.0228,-0.0643,0.9160,4.5253,-7.1782
84.5146,4.3918,-7.3098,-3.1290,0.0228,-0.0643,0.9160,4.5253,-7.1782
84.5249,4.3917,-7.3098,-3.1294,0.0228,-0.0643,0.9180,4.5253,-7.1782
84.5348,4.3915,-7.3098,-3.1297,0.0228,-0.0643,0.9180,4.5253,-7.1782
84.5448,4.3913,-7.3098,-3.1301,0.0228,-0.0643,0.9180,4.5063,-7.1797
84.5552,4.3911,-7.3098,-3.1304,0.0228,-0.0643,0.9180,4.5063,-7.1797
84.5672,4.3909,-7.3098,-3.1306,0.0228,-0.0643,0.9180,4.5063,-7.1797
84.5741,4.3907,-7.3098,-3.1309,0.0233,-0.0843,0.9180,4.5063,-7.1797
84.5860,4.3906,-7.3098,-3.1311,0.0233,-0.0843,0.9180,4.5063,-7.1797
84.5955,4.3904,-7.3098,-3.1315,0.0233,-0.0843,0.9180,4.5063,-7.1797
84.6042,4.3902,-7.3098,-3.1318,0.0233,-0.0843,0.9180,4.5063,-7.1797
84.6143,4.3901,-7.3098,-3.1323,0.0233,-0.0843,0.9180,4.5063,-7.1797
84.6255,4.3899,-7.3098,-3.1327,0.0233,-0.0843,0.9121,4.5063,-7.1797
84.6345,4.3898,-7.3098,-3.1330,0.0233,-0.0843,0.9121,4.4964,-7.1788
84.6459,4.3896,-7.3098,-3.1336,0.0233,-0.0843,0.9121,4.4964,-7.1788
84.6547,4.3894,-7.3098,-3.1339,0.0233,-0.0843,0.9121,4.4964,-7.1788
84.6643,4.3892,-7.3098,-3.1344,0.0233,-0.0843,0.9121,4.4964,-7.1788
84.6759,4.3890,-7.3098,-3.1348,0.0219,-0.0471,0.9121,4.4964,-7.1788
84.6869,4.3888,-7.3098,-3.1353,0.0219,-0.0471,0.9121,4.4964,-7.1788
84.7001,4.3886,-7.3098,-3.1358,0.0219,-0.0471,0.9121,4.4964,-7.1788
84.7048,4.3884,-7.3098,-3.1364,0.0219,-0.0471,0.9121,4.4964,-7.1788
84.7153,4.3882,-7.3098,-3.1371,0.0219,-0.0471,0.9121,4.4964,-7.1788
84.7258,4.3880,-7.3098,-3.1376,0.0219,-0.0471,0.9137,4.4964,-7.1788
84.7358,4.3878,-7.3098,-3.1383,0.0219,-0.0471,0.9137,4.4875,-7.1783
84.7451,4.3876,-7.3098,-3.1390,0.0219,-0.0471,0.9137,4.4875,-7.1783
84.7545,4.3874,-7.3098,-3.1397,0.0219,-0.0471,0.9137,4.4875,-7.1783
84.7659,4.3871,-7.3098,-3.1404,0.0219,-0.0471,0.9137,4.4875,-7.1783
84.7757,4.3869,-7.3098,-3.1411,0.0231,-0.0369,0.9137,4.4875,-7.1783
84.7847,4.3867,-7.3098,-3.1416,0.0231,-0.0369,0.9137,4.4875,-7.1783
84.7945,4.3864,-7.3098,3.1411,0.0231,-0.0369,0.9137,4.4875,-7.1783
84.8051,4.3863,-7.3098,3.1405,0.0231,-0.0369,0.9137,4.4875,-7.1783
84.8148,4.3860,-7.3098,3.1400,0.0231,-0.0369,0.9137,4.4875,-7.1783
84.8248,4.3858,-7.3098,3.1397,0.0231,-0.0369,0.9127,4.4875,-7.1783
84.8348,4.3855,-7.3098,3.1393,0.0231,-0.0369,0.9127,4.4812,-7.1785
84.8449,4.3853,-7.3098,3.1390,0.0231,-0.0369,0.9127,4.4812,-7.1785
84.8544,4.3850,-7.3098,3.1386,0.0231,-0.0369,0.9127,4.4812,-7.1785
84.8648,4.3848,-7.3098,3.1383,0.0231,-0.0369,0.9127,4.4812,-7.1785
84.8760,4.3845,-7.3098,3.1379,0.0220,-0.0103,0.9127,4.4812,-7.1785
84.8846,4.3843,-7.3098,3.1374,0.0220,-0.0103,0.9127,4.4812,-7.1785
84.8951,4.3840,-7.3098,3.1369,0.0220,-0.0103,0.9127,4.4812,-7.1785
84.9043,4.3838,-7.3098,3.1364,0.0220,-0.0103,0.9127,4.4812,-7.1785
84.9147,4.3836,-7.3098,3.1358,0.0220,-0.0103,0.9127,4.4812,-7.1785
84.9248,4.3833,-7.3098,3.1353,0.0220,-0.0103,0.9167,4.4812,-7.1785
84.9348,4.3831,-7.3098,3.1346,0.0220,-0.0103,0.9167,4.4749,-7.1787
84.9451,4.3828,-7.3098,3.1339,0.0220,-0.0103,0.9167,4.4749,-7.1787
84.9541,4.3826,-7.3098,3.1332,0.0220,-0.0103,0.9167,4.4749,-7.1787
84.9656,4.3823,-7.3098,3.1325,0.0220,-0.0103,0.9167,4.4749,-7.1787
84.9751,4.3820,-7.3098,3.1316,0.0211,-0.0272,0.9167,4.4749,-7.1787
84.9849,4.3817,-7.3098,3.1309,0.0211,-0.0272,0.9167,4.4749,-7.1787
84.9947,4.3814,-7.3098,3.1302,0.0211,-0.0272,0.9167,4.4749,-7.1787
85.0040,4.3812,-7.3098,3.1295,0.0211,-0.0272,0.9167,4.4749,-7.1787
85.0148,4.3809,-7.3098,3.1289,0.0211,-0.0272,0.9167,4.4749,-7.1787
85.0250,4.3807,-7.3098,3.1283,0.0211,-0.0272,0.9155,4.4749,-7.1787
85.0350,4.3804,-7.3098,3.1278,0.0211,-0.0272,0.9155,4.4749,-7.1787
85.0452,4.3801,-7.3098,3.1273,0.0211,-0.0272,0.9155,4.4713,-7.1803
85.0549,4.3798,-7.3098,3.1269,0.0211,-0.0272,0.9155,4.4713,-7.1803
85.0656,4.3796,-7.3098,3.1266,0.0211,-0.0272,0.9155,4.4713,-7.1803
85.0748,4.3793,-7.3097,3.1262,0.0231,-0.0295,0.9155,4.4713,-7.1803
85.0847,4.3791,-7.3097,3.1261,0.0231,-0.0295,0.9155,4.4713,-7.1803
85.0954,4.3788,-7.3097,3.1259,0.0231,-0.0295,0.9155,4.4713,-7.1803
85.1046,4.3786,-7.3097,3.1255,0.0231,-0.0295,0.9155,4.4713,-7.1803
85.1149,4.3784,-7.3097,3.1254,0.0231,-0.0295,0.9155,4.4713,-7.1803
85.1253,4.3782,-7.3097,3.1252,0.0231,-0.0295,0.9157,4.4684,-7.1812
85.1351,4.3780,-7.3097,3.1248,0.0231,-0.0295,0.9157,4.4684,-7.1812
85.1449,4.3778,-7.3097,3.1245,0.0231,-0.0295,0.9157,4.4684,-7.1812
85.1542,4.3776,-7.3097,3.1241,0.0231,-0.0295,0.9157,4.4684,-7.1812
85.1650,4.3774,-7.3097,3.1238,0.0231,-0.0295,0.9157,4.4684,-7.1812
85.1744,4.3772,-7.3097,3.1234,0.0238,-0.0028,0.9157,4.4684,-7.1812
85.1848,4.3770,-7.3097,3.1229,0.0238,-0.0028,0.9157,4.4684,-7.1812
85.1946,4.3768,-7.3097,3.1226,0.0238,-0.0028,0.9157,4.4684,-7.1812
85.2047,4.3766,-7.3097,3.1220,0.0238,-0.0028,0.9157,4.4684,-7.1812
85.2150,4.3765,-7.3097,3.1213,0.0238,-0.0028,0.9157,4.4684,-7.1812
85.2253,4.3763,-7.3097,3.1208,0.0238,-0.0028,0.9143,4.4684,-7.1812
85.2348,4.3761,-7.3097,3.1203,0.0238,-0.0028,0.9143,4.4684,-7.1812
85.2450,4.3760,-7.3097,3.1196,0.0238,-0.0028,0.9143,4.4660,-7.1801
85.2540,4.3758,-7.3097,3.1191,0.0238,-0.0028,0.9143,4.4660,-7.1801
85.2645,4.3756,-7.3097,3.1186,0.0238,-0.0028,0.9143,4.4660,-7.1801
85.2754,4.3754,-7.3097,3.1180,0.0241,-0.0006,0.9143,4.4660,-7.1801
85.2859,4.3753,-7.3097,3.1175,0.0241,-0.0006,0.9143,4.4660,-7.1801
85.2954,4.3751,-7.3097,3.1172,0.0241,-0.0006,0.9143,4.4660,-7.1801
85.3050,4.3750,-7.3097,3.1168,0.0241,-0.0006,0.9143,4.4660,-7.1801
85.3151,4.3748,-7.3097,3.1165,0.0241,-0.0006,0.9143,4.4660,-7.1801
85.3251,4.3747,-7.3097,3.1163,0.0241,-0.0006,0.9103,4.4660,-7.1801
85.3347,4.3745,-7.3097,3.1161,0.0241,-0.0006,0.9103,4.4645,-7.1801
85.3494,4.3743,-7.3097,3.1159,0.0241,-0.0006,0.9103,4.4645,-7.1801
85.3541,4.3741,-7.3096,3.1156,0.0241,-0.0006,0.9103,4.4645,-7.1801
85.3651,4.3740,-7.3096,3.1154,0.0241,-0.0006,0.9103,4.4645,-7.1801
85.3757,4.3738,-7.3096,3.1151,0.0239,0.0105,0.9103,4.4645,-7.1801
85.3848,4.3736,-7.3096,3.1149,0.0239,0.0105,0.9103,4.4645,-7.1801
85.3946,4.3734,-7.3096,3.1145,0.0239,0.0105,0.9103,4.4645,-7.1801
85.4053,4.3732,-7.3096,3.1142,0.0239,0.0105,0.9103,4.4645,-7.1801
85.4171,4.3731,-7.3096,3.1138,0.0239,0.0105,0.9103,4.4645,-7.1801
85.4271,4.3729,-7.3096,3.1133,0.0239,0.0105,0.9139,4.4645,-7.1801
85.4342,4.3727,-7.3096,3.1130,0.0239,0.0105,0.9139,4.4620,-7.1799
85.4445,4.3725,-7.3096,3.1126,0.0239,0.0105,0.9139,4.4620,-7.1799
85.4542,4.3723,-7.3096,3.1123,0.0239,0.0105,0.9139,4.4620,-7.1799
85.4646,4.3721,-7.3096,3.1119,0.0239,0.0105,0.9139,4.4620,-7.1799
85.4743,4.3719,-7.3096,3.1114,0.0228,0.0036,0.9139,4.4620,-7.1799
85.4847,4.3717,-7.3096,3.1112,0.0228,0.0036,0.9139,4.4620,-7.1799
85.4949,4.3715,-7.3096,3.1112,0.0228,0.0036,0.9139,4.4620,-7.1799
85.5048,4.3714,-7.3096,3.1109,0.0228,0.0036,0.9139,4.4620,-7.1799
85.5145,4.3711,-7.3096,3.1105,0.0228,0.0036,0.9139,4.4620,-7.1799
85.5261,4.3709,-7.3096,3.1102,0.0228,0.0036,0.9133,4.4620,-7.1799
85.5365,4.3708,-7.3096,3.1098,0.0228,0.0036,0.9133,4.4620,-7.1799
85.5460,4.3706,-7.3095,3.1095,0.0228,0.0036,0.9133,4.4632,-7.1794
85.5544,4.3704,-7.3095,3.1091,0.0228,0.0036,0.9133,4.4632,-7.1794
85.5645,4.3702,-7.3095,3.1088,0.0228,0.0036,0.9133,4.4632,-7.1794
85.5746,4.3701,-7.3095,3.1083,0.0237,0.0069,0.9133,4.4632,-7.1794
85.5843,4.3699,-7.3095,3.1079,0.0237,0.0069,0.9133,4.4632,-7.1794
85.5958,4.3697,-7.3095,3.1074,0.0237,0.0069,0.9133,4.4632,-7.1794
85.6044,4.3694,-7.3095,3.1070,0.0237,0.0069,0.9133,4.4632,-7.1794
85.6145,4.3692,-7.3095,3.1065,0.0237,0.0069,0.9133,4.4632,-7.1794
85.6244,4.3690,-7.3095,3.1062,0.0237,0.0069,0.9155,4.4632,-7.1794
85.6346,4.3688,-7.3095,3.1056,0.0237,0.0069,0.9155,4.4632,-7.1794
85.6450,4.3685,-7.3095,3.1053,0.0237,0.0069,0.9155,4.4616,-7.1774
85.6550,4.3683,-7.3095,3.1048,0.0237,0.0069,0.9155,4.4616,-7.1774
85.6650,4.3681,-7.3095,3.1044,0.0237,0.0069,0.9155,4.4616,-7.1774
85.6753,4.3678,-7.3094,3.1039,0.0228,-0.0088,0.9155,4.4616,-7.1774
85.6849,4.3676,-7.3094,3.1034,0.0228,-0.0088,0.9155,4.4616,-7.1774
85.6960,4.3673,-7.3094,3.1030,0.0228,-0.0088,0.9155,4.4616,-7.1774
85.7050,4.3671,-7.3094,3.1025,0.0228,-0.0088,0.9155,4.4616,-7.1774
85.7157,4.3669,-7.3094,3.1021,0.0228,-0.0088,0.9155,4.4616,-7.1774
85.7260,4.3667,-7.3094,3.1018,0.0228,-0.0088,0.9173,4.4616,-7.1774
85.7372,4.3664,-7.3094,3.1015,0.0228,-0.0088,0.9173,4.4588,-7.1756
85.7455,4.3662,-7.3094,3.1011,0.0228,-0.0088,0.9173,4.4588,-7.1756
85.7555,4.3660,-7.3094,3.1009,0.0228,-0.0088,0.9173,4.4588,-7.1756
85.7652,4.3657,-7.3094,3.1008,0.0228,-0.0088,0.9173,4.4588,-7.1756
85.7759,4.3655,-7.3094,3.1006,0.0233,-0.0072,0.9173,4.4588,-7.1756
85.7844,4.3653,-7.3093,3.1004,0.0233,-0.0072,0.9173,4.4588,-7.1756
85.7943,4.3652,-7.3093,3.1002,0.0233,-0.0072,0.9173,4.4588,-7.1756
85.8074,4.3652,-7.3093,3.1002,0.0233,-0.0072,0.9173,4.4588,-7.1756
85.8147,4.3648,-7.3093,3.1002,0.0233,-0.0072,0.9173,4.4588,-7.1756
85.8254,4.3646,-7.3093,3.1002,0.0233,-0.0072,0.9159,4.4602,-7.1731
85.8357,4.3644,-7.3093,3.1002,0.0233,-0.0072,0.9159,4.4602,-7.1731
85.8450,4.3643,-7.3093,3.1002,0.0233,-0.0072,0.9159,4.4602,-7.1731
85.8545,4.3641,-7.3093,3.1001,0.0233,-0.0072,0.9159,4.4602,-7.1731
85.8645,4.3640,-7.3093,3.1001,0.0233,-0.0072,0.9159,4.4602,-7.1731
85.8746,4.3638,-7.3093,3.1001,0.0233,-0.0072,0.9159,4.4602,-7.1731
85.8849,4.3636,-7.3093,3.0999,0.0223,-0.0197,0.9159,4.4602,-7.1731
85.8954,4.3635,-7.3093,3.0999,0.0223,-0.0197,0.9159,4.4602,-7.1731
85.9042,4.3633,-7.3093,3.0997,0.0223,-0.0197,0.9159,4.4602,-7.1731
85.9143,4.3631,-7.3093,3.0997,0.0223,-0.0197,0.9159,4.4602,-7.1731
85.9291,4.3628,-7.3092,3.0994,0.0223,-0.0197,0.9139,4.4641,-7.1735
85.9358,4.3628,-7.3092,3.0994,0.0223,-0.0197,0.9139,4.4641,-7.1735
85.9444,4.3626,-7.3092,3.0994,0.0223,-0.0197,0.9139,4.4641,-7.1735
85.9542,4.3624,-7.3092,3.0992,0.0223,-0.0197,0.9139,4.4641,-7.1735
85.9651,4.3623,-7.3092,3.0990,0.0223,-0.0197,0.9139,4.4641,-7.1735
85.9756,4.3620,-7.3092,3.0988,0.0233,0.0031,0.9139,4.4641,-7.1735
85.9848,4.3619,-7.3092,3.0987,0.0233,0.0031,0.9139,4.4641,-7.1735
85.9966,4.3617,-7.3092,3.0983,0.0233,0.0031,0.9139,4.4641,-7.1735
86.0041,4.3615,-7.3092,3.0981,0.0233,0.0031,0.9139,4.4641,-7.1735
86.0151,4.3613,-7.3092,3.0978,0.0233,0.0031,0.9139,4.4641,-7.1735
86.0258,4.3612,-7.3092,3.0976,0.0233,0.0031,0.9116,4.4621,-7.1744
86.0342,4.3609,-7.3092,3.0973,0.0233,0.0031,0.9116,4.4621,-7.1744
86.0443,4.3608,-7.3092,3.0971,0.0233,0.0031,0.9116,4.4621,-7.1744
86.0545,4.3605,-7.3091,3.0967,0.0233,0.0031,0.9116,4.4621,-7.1744
86.0647,4.3603,-7.3091,3.0966,0.0233,0.0031,0.9116,4.4621,-7.1744
86.0742,4.3601,-7.3091,3.0962,0.0233,-0.0104,0.9116,4.4621,-7.1744
86.0848,4.3598,-7.3091,3.0960,0.0233,-0.0104,0.9116,4.4621,-7.1744
86.0953,4.3596,-7.3091,3.0959,0.0233,-0.0104,0.9116,4.4621,-7.1744
86.1051,4.3593,-7.3091,3.0957,0.0233,-0.0104,0.9116,4.4621,-7.1744
86.1152,4.3590,-7.3091,3.0955,0.0233,-0.0104,0.9116,4.4621,-7.1744
86.1248,4.3590,-7.3091,3.0955,0.0233,-0.0104,0.9135,4.4621,-7.1744
86.1358,4.3586,-7.3091,3.0953,0.0233,-0.0104,0.9135,4.4645,-7.1742
86.1458,4.3584,-7.3090,3.0953,0.0233,-0.0104,0.9135,4.4645,-7.1742
86.1561,4.3581,-7.3090,3.0952,0.0233,-0.0104,0.9135,4.4645,-7.1742
86.1649,4.3578,-7.3090,3.0952,0.0233,-0.0104,0.9135,4.4645,-7.1742
86.1747,4.3575,-7.3090,3.0952,0.0228,-0.0494,0.9135,4.4645,-7.1742
86.1843,4.3573,-7.3090,3.0950,0.0228,-0.0494,0.9135,4.4645,-7.1742
86.1942,4.3570,-7.3090,3.0950,0.0228,-0.0494,0.9135,4.4645,-7.1742
86.2041,4.3568,-7.3090,3.0948,0.0228,-0.0494,0.9135,4.4645,-7.1742
86.2149,4.3566,-7.3090,3.0945,0.0228,-0.0494,0.9135,4.4645,-7.1742
86.2247,4.3563,-7.3089,3.0943,0.0228,-0.0494,0.9165,4.4645,-7.1742
86.2358,4.3561,-7.3089,3.0939,0.0228,-0.0494,0.9165,4.4652,-7.1741
86.2450,4.3559,-7.3089,3.0938,0.0228,-0.0494,0.9165,4.4652,-7.1741
86.2541,4.3557,-7.3089,3.0934,0.0228,-0.0494,0.9165,4.4652,-7.1741
86.2743,4.3552,-7.3089,3.0924,0.0232,-0.0596,0.9165,4.4652,-7.1741
86.2752,4.3552,-7.3089,3.0924,0.0232,-0.0596,0.9165,4.4652,-7.1741
86.2851,4.3550,-7.3089,3.0919,0.0232,-0.0596,0.9165,4.4652,-7.1741
86.2947,4.3548,-7.3089,3.0913,0.0232,-0.0596,0.9165,4.4652,-7.1741
86.3039,4.3546,-7.3089,3.0908,0.0232,-0.0596,0.9165,4.4652,-7.1741
86.3145,4.3544,-7.3089,3.0901,0.0232,-0.0596,0.9165,4.4652,-7.1741
86.3248,4.3542,-7.3088,3.0894,0.0232,-0.0596,0.9096,4.4612,-7.1757
86.3362,4.3540,-7.3088,3.0887,0.0232,-0.0596,0.9096,4.4612,-7.1757
86.3456,4.3537,-7.3088,3.0882,0.0232,-0.0596,0.9096,4.4612,-7.1757
86.3551,4.3535,-7.3088,3.0877,0.0232,-0.0596,0.9096,4.4612,-7.1757
86.3642,4.3533,-7.3088,3.0871,0.0232,-0.0596,0.9096,4.4612,-7.1757
86.3748,4.3531,-7.3088,3.0866,0.0233,-0.0580,0.9096,4.4612,-7.1757
86.3848,4.3529,-7.3088,3.0863,0.0233,-0.0580,0.9096,4.4612,-7.1757
86.3948,4.3527,-7.3088,3.0857,0.0233,-0.0580,0.9096,4.4612,-7.1757
86.4048,4.3525,-7.3088,3.0854,0.0233,-0.0580,0.9096,4.4612,-7.1757
86.4213,4.3523,-7.3087,3.0852,0.0233,-0.0580,0.9149,4.4612,-7.1757
86.4255,4.3521,-7.3087,3.0849,0.0233,-0.0580,0.9149,4.4600,-7.1780
86.4347,4.3520,-7.3087,3.0847,0.0233,-0.0580,0.9149,4.4600,-7.1780
86.4448,4.3518,-7.3087,3.0847,0.0233,-0.0580,0.9149,4.4600,-7.1780
86.4543,4.3516,-7.3087,3.0845,0.0233,-0.0580,0.9149,4.4600,-7.1780
86.4646,4.3514,-7.3087,3.0845,0.0233,-0.0580,0.9149,4.4600,-7.1780
86.4753,4.3511,-7.3087,3.0843,0.0226,-0.0394,0.9149,4.4600,-7.1780
86.4846,4.3510,-7.3087,3.0843,0.0226,-0.0394,0.9149,4.4600,-7.1780
86.4947,4.3508,-7.3087,3.0843,0.0226,-0.0394,0.9149,4.4600,-7.1780
86.5047,4.3506,-7.3086,3.0843,0.0226,-0.0394,0.9149,4.4600,-7.1780
86.5156,4.3504,-7.3086,3.0842,0.0226,-0.0394,0.9161,4.4600,-7.1780
86.5261,4.3503,-7.3086,3.0842,0.0226,-0.0394,0.9161,4.4600,-7.1780
86.5357,4.3501,-7.3086,3.0842,0.0226,-0.0394,0.9161,4.4600,-7.1780
86.5458,4.3499,-7.3086,3.0840,0.0226,-0.0394,0.9161,4.4561,-7.1768
86.5543,4.3496,-7.3086,3.0838,0.0226,-0.0394,0.9161,4.4561,-7.1768
86.5654,4.3494,-7.3086,3.0836,0.0226,-0.0394,0.9161,4.4561,-7.1768
86.5751,4.3492,-7.3086,3.0835,0.0218,-0.0187,0.9161,4.4561,-7.1768
86.5845,4.3490,-7.3086,3.0833,0.0218,-0.0187,0.9161,4.4561,-7.1768
86.5948,4.3488,-7.3085,3.0831,0.0218,-0.0187,0.9161,4.4561,-7.1768
86.6049,4.3486,-7.3085,3.0828,0.0218,-0.0187,0.9161,4.4561,-7.1768
86.6155,4.3484,-7.3085,3.0826,0.0218,-0.0187,0.9126,4.4561,-7.1768
86.6261,4.3482,-7.3085,3.0823,0.0218,-0.0187,0.9126,4.4527,-7.1759
86.6344,4.3480,-7.3085,3.0819,0.0218,-0.0187,0.9126,4.4527,-7.1759
86.6450,4.3478,-7.3085,3.0816,0.0218,-0.0187,0.9126,4.4527,-7.1759
86.6540,4.3476,-7.3085,3.0814,0.0218,-0.0187,0.9126,4.4527,-7.1759
86.6644,4.3474,-7.3085,3.0810,0.0218,-0.0187,0.9126,4.4527,-7.1759
86.6748,4.3472,-7.3084,3.0807,0.0235,-0.0199,0.9126,4.4527,-7.1759
86.6851,4.3469,-7.3084,3.0805,0.0235,-0.0199,0.9126,4.4527,-7.1759
86.6955,4.3468,-7.3084,3.0803,0.0235,-0.0199,0.9126,4.4527,-7.1759
86.7043,4.3466,-7.3084,3.0802,0.0235,-0.0199,0.9126,4.4527,-7.1759
86.7151,4.3464,-7.3084,3.0800,0.0235,-0.0199,0.9132,4.4527,-7.1759
86.7255,4.3462,-7.3084,3.0798,0.0235,-0.0199,0.9132,4.4527,-7.1759
86.7347,4.3460,-7.3084,3.0796,0.0235,-0.0199,0.9132,4.4505,-7.1771
86.7447,4.3458,-7.3084,3.0796,0.0235,-0.0199,0.9132,4.4505,-7.1771
86.7544,4.3457,-7.3083,3.0795,0.0235,-0.0199,0.9132,4.4505,-7.1771
86.7662,4.3455,-7.3083,3.0795,0.0235,-0.0199,0.9132,4.4505,-7.1771
86.7748,4.3453,-7.3083,3.0793,0.0209,-0.0161,0.9132,4.4505,-7.1771
86.7853,4.3451,-7.3083,3.0791,0.0209,-0.0161,0.9132,4.4505,-7.1771
86.7949,4.3449,-7.3083,3.0791,0.0209,-0.0161,0.9132,4.4505,-7.1771
86.8043,4.3447,-7.3083,3.0789,0.0209,-0.0161,0.9132,4.4505,-7.1771
86.8150,4.3446,-7.3083,3.0788,0.0209,-0.0161,0.9126,4.4505,-7.1771
86.8251,4.3443,-7.3083,3.0786,0.0209,-0.0161,0.9126,4.4509,-7.1752
86.8351,4.3442,-7.3083,3.0786,0.0209,-0.0161,0.9126,4.4509,-7.1752
86.8447,4.3440,-7.3082,3.0784,0.0209,-0.0161,0.9126,4.4509,-7.1752
86.8549,4.3438,-7.3082,3.0784,0.0209,-0.0161,0.9126,4.4509,-7.1752
86.8647,4.3437,-7.3082,3.0782,0.0209,-0.0161,0.9126,4.4509,-7.1752
86.8774,4.3435,-7.3082,3.0781,0.0209,-0.0161,0.9126,4.4509,-7.1752
86.8850,4.3434,-7.3082,3.0779,0.0236,-0.0065,0.9126,4.4509,-7.1752
86.8954,4.3432,-7.3082,3.0779,0.0236,-0.0065,0.9126,4.4509,-7.1752
86.9043,4.3430,-7.3082,3.0777,0.0236,-0.0065,0.9126,4.4509,-7.1752
86.9166,4.3428,-7.3082,3.0775,0.0236,-0.0065,0.9161,4.4509,-7.1752
86.9247,4.3426,-7.3082,3.0775,0.0236,-0.0065,0.9161,4.4485,-7.1760
86.9348,4.3425,-7.3081,3.0774,0.0236,-0.0065,0.9161,4.4485,-7.1760
86.9446,4.3423,-7.3081,3.0772,0.0236,-0.0065,0.9161,4.4485,-7.1760
86.9544,4.3421,-7.3081,3.0770,0.0236,-0.0065,0.9161,4.4485,-7.1760
86.9649,4.3419,-7.3081,3.0768,0.0236,-0.0065,0.9161,4.4485,-7.1760
86.9742,4.3417,-7.3081,3.0767,0.0240,0.0088,0.9161,4.4485,-7.1760
86.9847,4.3414,-7.3081,3.0765,0.0240,0.0088,0.9161,4.4485,-7.1760
86.9949,4.3412,-7.3081,3.0763,0.0240,0.0088,0.9161,4.4485,-7.1760
87.0046,4.3412,-7.3081,3.0761,0.0240,0.0088,0.9161,4.4485,-7.1760
87.0151,4.3408,-7.3080,3.0760,0.0240,0.0088,0.9128,4.4485,-7.1760
87.0257,4.3406,-7.3080,3.0756,0.0240,0.0088,0.9128,4.4485,-7.1760
87.0363,4.3403,-7.3080,3.0754,0.0240,0.0088,0.9128,4.4465,-7.1778
87.0451,4.3400,-7.3080,3.0751,0.0240,0.0088,0.9128,4.4465,-7.1778
87.0547,4.3398,-7.3080,3.0747,0.0240,0.0088,0.9128,4.4465,-7.1778
87.0686,4.3393,-7.3079,3.0739,0.0227,0.0344,0.9128,4.4465,-7.1778
87.0743,4.3393,-7.3079,3.0739,0.0227,0.0344,0.9128,4.4465,-7.1778
87.0848,4.3390,-7.3079,3.0735,0.0227,0.0344,0.9128,4.4465,-7.1778
87.0964,4.3385,-7.3079,3.0728,0.0227,0.0344,0.9128,4.4465,-7.1778
87.1049,4.3385,-7.3079,3.0728,0.0227,0.0344,0.9128,4.4465,-7.1778
87.1151,4.3382,-7.3079,3.0725,0.0227,0.0344,0.9122,4.4465,-7.1778
87.1247,4.3379,-7.3078,3.0723,0.0227,0.0344,0.9122,4.4452,-7.1759
87.1352,4.3377,-7.3078,3.0720,0.0227,0.0344,0.9122,4.4452,-7.1759
87.1451,4.3374,-7.3078,3.0716,0.0227,0.0344,0.9122,4.4452,-7.1759
87.1543,4.3372,-7.3078,3.0714,0.0227,0.0344,0.9122,4.4452,-7.1759
87.1649,4.3370,-7.3078,3.0713,0.0227,0.0344,0.9122,4.4452,-7.1759
87.1751,4.3367,-7.3078,3.0709,0.0234,0.0114,0.9122,4.4452,-7.1759
87.1845,4.3365,-7.3077,3.0709,0.0234,0.0114,0.9122,4.4452,-7.1759
87.1960,4.3363,-7.3077,3.0707,0.0234,0.0114,0.9122,4.4452,-7.1759
87.2041,4.3361,-7.3077,3.0707,0.0234,0.0114,0.9122,4.4452,-7.1759
87.2145,4.3359,-7.3077,3.0706,0.0234,0.0114,0.9142,4.4452,-7.1759
87.2249,4.3357,-7.3077,3.0706,0.0234,0.0114,0.9142,4.4449,-7.1755
87.2345,4.3355,-7.3077,3.0706,0.0234,0.0114,0.9142,4.4449,-7.1755
87.2452,4.3353,-7.3077,3.0706,0.0234,0.0114,0.9142,4.4449,-7.1755
87.2546,4.3351,-7.3076,3.0706,0.0234,0.0114,0.9142,4.4449,-7.1755
87.2645,4.3349,-7.3076,3.0706,0.0234,0.0114,0.9142,4.4449,-7.1755
87.2746,4.3349,-7.3076,3.0706,0.0234,0.0189,0.9142,4.4449,-7.1755
87.2848,4.3346,-7.3076,3.0704,0.0234,0.0189,0.9142,4.4449,-7.1755
87.2959,4.3344,-7.3076,3.0702,0.0234,0.0189,0.9142,4.4449,-7.1755
87.3055,4.3342,-7.3076,3.0700,0.0234,0.0189,0.9142,4.4449,-7.1755
87.3156,4.3340,-7.3076,3.0699,0.0234,0.0189,0.9059,4.4449,-7.1755
87.3242,4.3338,-7.3076,3.0695,0.0234,0.0189,0.9059,4.4446,-7.1766
87.3349,4.3336,-7.3075,3.0693,0.0234,0.0189,0.9059,4.4446,-7.1766
87.3457,4.3334,-7.3075,3.0692,0.0234,0.0189,0.9059,4.4446,-7.1766
87.3552,4.3332,-7.3075,3.0692,0.0234,0.0189,0.9059,4.4446,-7.1766
87.3654,4.3330,-7.3075,3.0690,0.0234,0.0189,0.9059,4.4446,-7.1766
87.3749,4.3328,-7.3075,3.0690,0.0227,-0.0004,0.9059,4.4446,-7.1766
87.3847,4.3326,-7.3075,3.0690,0.0227,-0.0004,0.9059,4.4446,-7.1766
87.3947,4.3325,-7.3075,3.0690,0.0227,-0.0004,0.9059,4.4446,-7.1766
87.4045,4.3323,-7.3074,3.0692,0.0227,-0.0004,0.9059,4.4446,-7.1766
87.4154,4.3321,-7.3074,3.0692,0.0227,-0.0004,0.9151,4.4446,-7.1766
87.4254,4.3319,-7.3074,3.0693,0.0227,-0.0004,0.9151,4.4446,-7.1763
87.4348,4.3317,-7.3074,3.0695,0.0227,-0.0004,0.9151,4.4446,-7.1763
87.4446,4.3315,-7.3074,3.0695,0.0227,-0.0004,0.9151,4.4446,-7.1763
87.4557,4.3313,-7.3074,3.0697,0.0227,-0.0004,0.9151,4.4446,-7.1763
87.4660,4.3311,-7.3074,3.0697,0.0227,-0.0004,0.9151,4.4446,-7.1763
87.4744,4.3309,-7.3073,3.0699,0.0234,0.0030,0.9151,4.4446,-7.1763
87.4847,4.3307,-7.3073,3.0699,0.0234,0.0030,0.9151,4.4446,-7.1763
87.4947,4.3305,-7.3073,3.0699,0.0234,0.0030,0.9151,4.4446,-7.1763
87.5046,4.3303,-7.3073,3.0697,0.0234,0.0030,0.9151,4.4446,-7.1763
87.5150,4.3301,-7.3073,3.0697,0.0234,0.0030,0.9108,4.4446,-7.1763
87.5252,4.3299,-7.3073,3.0695,0.0234,0.0030,0.9108,4.4446,-7.1763
87.5349,4.3296,-7.3072,3.0693,0.0234,0.0030,0.9108,4.4444,-7.1758
87.5443,4.3294,-7.3072,3.0693,0.0234,0.0030,0.9108,4.4444,-7.1758
87.5549,4.3292,-7.3072,3.0692,0.0234,0.0030,0.9108,4.4444,-7.1758
87.5655,4.3290,-7.3072,3.0690,0.0234,0.0030,0.9108,4.4444,-7.1758
87.5761,4.3286,-7.3072,3.0688,0.0235,0.0099,0.9108,4.4444,-7.1758
87.5853,4.3283,-7.3072,3.0688,0.0235,0.0099,0.9108,4.4444,-7.1758
87.5949,4.3283,-7.3072,3.0688,0.0235,0.0099,0.9108,4.4444,-7.1758
87.6042,4.3281,-7.3071,3.0686,0.0235,0.0099,0.9108,4.4444,-7.1758
87.6165,4.3279,-7.3071,3.0685,0.0235,0.0099,0.9132,4.4444,-7.1758
87.6243,4.3277,-7.3071,3.0685,0.0235,0.0099,0.9132,4.4444,-7.1758
87.6347,4.3275,-7.3071,3.0683,0.0235,0.0099,0.9132,4.4417,-7.1752
87.6447,4.3273,-7.3071,3.0681,0.0235,0.0099,0.9132,4.4417,-7.1752
87.6545,4.3271,-7.3071,3.0681,0.0235,0.0099,0.9132,4.4417,-7.1752
87.6659,4.3269,-7.3071,3.0679,0.0235,0.0099,0.9132,4.4417,-7.1752
87.6751,4.3267,-7.3070,3.0678,0.0222,-0.0162,0.9132,4.4417,-7.1752
87.6876,4.3265,-7.3070,3.0674,0.0222,-0.0162,0.9132,4.4417,-7.1752
87.6962,4.3263,-7.3070,3.0672,0.0222,-0.0162,0.9132,4.4417,-7.1752
87.7060,4.3261,-7.3070,3.0671,0.0222,-0.0162,0.9132,4.4417,-7.1752
87.7149,4.3259,-7.3070,3.0669,0.0222,-0.0162,0.9092,4.4417,-7.1752
87.7250,4.3257,-7.3070,3.0667,0.0222,-0.0162,0.9092,4.4417,-7.1752
87.7346,4.3255,-7.3069,3.0665,0.0222,-0.0162,0.9092,4.4405,-7.1767
87.7442,4.3253,-7.3069,3.0664,0.0222,-0.0162,0.9092,4.4405,-7.1767
87.7555,4.3251,-7.3069,3.0662,0.0222,-0.0162,0.9092,4.4405,-7.1767
87.7654,4.3248,-7.3069,3.0662,0.0222,-0.0162,0.9092,4.4405,-7.1767
87.7750,4.3246,-7.3069,3.0660,0.0234,-0.0533,0.9092,4.4405,-7.1767
87.7850,4.3244,-7.3069,3.0658,0.0234,-0.0533,0.9092,4.4405,-7.1767
87.7965,4.3242,-7.3068,3.0658,0.0234,-0.0533,0.9092,4.4405,-7.1767
87.8040,4.3239,-7.3068,3.0657,0.0234,-0.0533,0.9092,4.4405,-7.1767
87.8150,4.3237,-7.3068,3.0655,0.0234,-0.0533,0.9122,4.4405,-7.1767
87.8250,4.3232,-7.3068,3.0653,0.0234,-0.0533,0.9122,4.4405,-7.1767
87.8354,4.3232,-7.3068,3.0653,0.0234,-0.0533,0.9122,4.4413,-7.1763
87.8450,4.3230,-7.3068,3.0651,0.0234,-0.0533,0.9122,4.4413,-7.1763
87.8549,4.3228,-7.3067,3.0650,0.0234,-0.0533,0.9122,4.4413,-7.1763
87.8650,4.3226,-7.3067,3.0650,0.0234,-0.0533,0.9122,4.4413,-7.1763
87.8745,4.3223,-7.3067,3.0648,0.0238,-0.0349,0.9122,4.4413,-7.1763
87.8853,4.3221,-7.3067,3.0648,0.0238,-0.0349,0.9122,4.4413,-7.1763
87.8949,4.3217,-7.3067,3.0644,0.0238,-0.0349,0.9122,4.4413,-7.1763
87.9041,4.3217,-7.3067,3.0644,0.0238,-0.0349,0.9122,4.4413,-7.1763
87.9145,4.3215,-7.3066,3.0643,0.0238,-0.0349,0.9118,4.4413,-7.1763
87.9245,4.3213,-7.3066,3.0641,0.0238,-0.0349,0.9118,4.4413,-7.1763
87.9343,4.3211,-7.3066,3.0638,0.0238,-0.0349,0.9118,4.4406,-7.1744
87.9452,4.3208,-7.3066,3.0632,0.0238,-0.0349,0.9118,4.4406,-7.1744
87.9601,4.3206,-7.3066,3.0631,0.0238,-0.0349,0.9118,4.4406,-7.1744
87.9655,4.3206,-7.3066,3.0631,0.0238,-0.0349,0.9118,4.4406,-7.1744
87.9757,4.3204,-7.3066,3.0629,0.0238,-0.0349,0.9118,4.4406,-7.1744
87.9852,4.3203,-7.3065,3.0625,0.0216,-0.0179,0.9118,4.4406,-7.1744
87.9951,4.3201,-7.3065,3.0624,0.0216,-0.0179,0.9118,4.4406,-7.1744
88.0040,4.3199,-7.3065,3.0622,0.0216,-0.0179,0.9118,4.4406,-7.1744
88.0142,4.3196,-7.3065,3.0618,0.0216,-0.0179,0.9112,4.4406,-7.1744
88.0241,4.3196,-7.3065,3.0618,0.0216,-0.0179,0.9112,4.4406,-7.1744
88.0353,4.3194,-7.3065,3.0617,0.0216,-0.0179,0.9112,4.4432,-7.1749
88.0451,4.3191,-7.3065,3.0613,0.0216,-0.0179,0.9112,4.4432,-7.1749
88.0560,4.3191,-7.3065,3.0613,0.0216,-0.0179,0.9112,4.4432,-7.1749
88.0648,4.3188,-7.3064,3.0610,0.0216,-0.0179,0.9112,4.4432,-7.1749
88.0741,4.3186,-7.3064,3.0608,0.0221,0.0185,0.9112,4.4432,-7.1749
88.0846,4.3184,-7.3064,3.0606,0.0221,0.0185,0.9112,4.4432,-7.1749
88.0955,4.3183,-7.3064,3.0604,0.0221,0.0185,0.9112,4.4432,-7.1749
88.1061,4.3183,-7.3064,3.0603,0.0221,0.0185,0.9112,4.4432,-7.1749
88.1146,4.3180,-7.3064,3.0603,0.0221,0.0185,0.9098,4.4432,-7.1749
88.1249,4.3179,-7.3063,3.0601,0.0221,0.0185,0.9098,4.4417,-7.1760
88.1387,4.3177,-7.3063,3.0601,0.0221,0.0185,0.9098,4.4417,-7.1760
88.1455,4.3175,-7.3063,3.0601,0.0221,0.0185,0.9098,4.4417,-7.1760
88.1544,4.3174,-7.3063,3.0601,0.0221,0.0185,0.9098,4.4417,-7.1760
88.1655,4.3172,-7.3063,3.0601,0.0221,0.0185,0.9098,4.4417,-7.1760
88.1747,4.3170,-7.3063,3.0599,0.0229,0.0259,0.9098,4.4417,-7.1760
88.1862,4.3170,-7.3063,3.0601,0.0229,0.0259,0.9098,4.4417,-7.1760
88.1954,4.3166,-7.3063,3.0601,0.0229,0.0259,0.9098,4.4417,-7.1760
88.2049,4.3165,-7.3062,3.0601,0.0229,0.0259,0.9098,4.4417,-7.1760
88.2155,4.3163,-7.3062,3.0603,0.0229,0.0259,0.9100,4.4417,-7.1760
88.2246,4.3161,-7.3062,3.0604,0.0229,0.0259,0.9100,4.4417,-7.1760
88.2350,4.3160,-7.3062,3.0606,0.0229,0.0259,0.9100,4.4400,-7.1762
88.2456,4.3158,-7.3062,3.0608,0.0229,0.0259,0.9100,4.4400,-7.1762
88.2540,4.3156,-7.3062,3.0611,0.0229,0.0259,0.9100,4.4400,-7.1762
88.2642,4.3155,-7.3062,3.0613,0.0229,0.0259,0.9100,4.4400,-7.1762
88.2741,4.3153,-7.3061,3.0615,0.0234,-0.0085,0.9100,4.4400,-7.1762
88.2851,4.3153,-7.3061,3.0615,0.0234,-0.0085,0.9100,4.4400,-7.1762
88.2948,4.3149,-7.3061,3.0617,0.0234,-0.0085,0.9100,4.4400,-7.1762
88.3047,4.3147,-7.3061,3.0617,0.0234,-0.0085,0.9100,4.4400,-7.1762
88.3149,4.3146,-7.3061,3.0618,0.0234,-0.0085,0.9088,4.4400,-7.1762
88.3248,4.3144,-7.3061,3.0618,0.0234,-0.0085,0.9088,4.4400,-7.1762
88.3347,4.3142,-7.3061,3.0618,0.0234,-0.0085,0.9088,4.4386,-7.1758
88.3447,4.3140,-7.3060,3.0620,0.0234,-0.0085,0.9088,4.4386,-7.1758
88.3542,4.3138,-7.3060,3.0620,0.0234,-0.0085,0.9088,4.4386,-7.1758
88.3650,4.3136,-7.3060,3.0620,0.0234,-0.0085,0.9088,4.4386,-7.1758
88.3746,4.3134,-7.3060,3.0622,0.0231,0.0163,0.9088,4.4386,-7.1758
88.3845,4.3131,-7.3060,3.0622,0.0231,0.0163,0.9088,4.4386,-7.1758
88.3950,4.3129,-7.3060,3.0622,0.0231,0.0163,0.9088,4.4386,-7.1758
88.4042,4.3127,-7.3059,3.0622,0.0231,0.0163,0.9088,4.4386,-7.1758
88.4148,4.3125,-7.3059,3.0622,0.0231,0.0163,0.9082,4.4386,-7.1758
88.4256,4.3123,-7.3059,3.0622,0.0231,0.0163,0.9082,4.4386,-7.1758
88.4354,4.3120,-7.3059,3.0620,0.0231,0.0163,0.9082,4.4387,-7.1742
88.4463,4.3118,-7.3059,3.0620,0.0231,0.0163,0.9082,4.4387,-7.1742
88.4543,4.3116,-7.3058,3.0620,0.0231,0.0163,0.9082,4.4387,-7.1742
88.4647,4.3114,-7.3058,3.0620,0.0231,0.0163,0.9082,4.4387,-7.1742
88.4748,4.3112,-7.3058,3.0618,0.0213,0.0538,0.9082,4.4387,-7.1742
88.4845,4.3110,-7.3058,3.0618,0.0213,0.0538,0.9082,4.4387,-7.1742
88.4953,4.3108,-7.3058,3.0618,0.0213,0.0538,0.9082,4.4387,-7.1742
88.5046,4.3105,-7.3058,3.0617,0.0213,0.0538,0.9082,4.4387,-7.1742
88.5148,4.3103,-7.3057,3.0617,0.0213,0.0538,0.9122,4.4387,-7.1742
88.5248,4.3101,-7.3057,3.0617,0.0213,0.0538,0.9122,4.4405,-7.1733
88.5345,4.3099,-7.3057,3.0617,0.0213,0.0538,0.9122,4.4405,-7.1733
88.5444,4.3097,-7.3057,3.0617,0.0213,0.0538,0.9122,4.4405,-7.1733
88.5548,4.3095,-7.3057,3.0615,0.0213,0.0538,0.9122,4.4405,-7.1733
88.5660,4.3093,-7.3057,3.0615,0.0213,0.0538,0.9122,4.4405,-7.1733
88.5747,4.3091,-7.3056,3.0615,0.0235,0.0716,0.9122,4.4405,-7.1733
88.5847,4.3089,-7.3056,3.0617,0.0235,0.0716,0.9122,4.4405,-7.1733
88.5950,4.3087,-7.3056,3.0618,0.0235,0.0716,0.9122,4.4405,-7.1733
88.6045,4.3084,-7.3056,3.0620,0.0235,0.0716,0.9122,4.4405,-7.1733
88.6152,4.3083,-7.3056,3.0622,0.0235,0.0716,0.9079,4.4405,-7.1733
88.6254,4.3080,-7.3056,3.0625,0.0235,0.0716,0.9079,4.4397,-7.1749
88.6351,4.3078,-7.3055,3.0629,0.0235,0.0716,0.9079,4.4397,-7.1749
88.6446,4.3075,-7.3055,3.0632,0.0235,0.0716,0.9079,4.4397,-7.1749
88.6541,4.3073,-7.3055,3.0638,0.0235,0.0716,0.9079,4.4397,-7.1749
88.6646,4.3073,-7.3055,3.0638,0.0235,0.0716,0.9079,4.4397,-7.1749
88.6743,4.3069,-7.3055,3.0644,0.0234,0.0633,0.9079,4.4397,-7.1749
88.6845,4.3067,-7.3055,3.0650,0.0234,0.0633,0.9079,4.4397,-7.1749
88.6948,4.3064,-7.3054,3.0655,0.0234,0.0633,0.9079,4.4397,-7.1749
88.7049,4.3062,-7.3054,3.0660,0.0234,0.0633,0.9079,4.4397,-7.1749
88.7147,4.3060,-7.3054,3.0665,0.0234,0.0633,0.9142,4.4397,-7.1749
88.7252,4.3058,-7.3054,3.0671,0.0234,0.0633,0.9142,4.4397,-7.1749
88.7344,4.3056,-7.3054,3.0676,0.0234,0.0633,0.9142,4.4384,-7.1748
88.7457,4.3054,-7.3054,3.0681,0.0234,0.0633,0.9142,4.4384,-7.1748
88.7547,4.3052,-7.3053,3.0685,0.0234,0.0633,0.9142,4.4384,-7.1748
88.7698,4.3050,-7.3053,3.0690,0.0222,0.0215,0.9142,4.4384,-7.1748
88.7754,4.3048,-7.3053,3.0693,0.0222,0.0215,0.9142,4.4384,-7.1748
88.7842,4.3048,-7.3053,3.0697,0.0222,0.0215,0.9142,4.4384,-7.1748
88.7953,4.3045,-7.3053,3.0699,0.0222,0.0215,0.9142,4.4384,-7.1748
88.8041,4.3044,-7.3053,3.0702,0.0222,0.0215,0.9142,4.4384,-7.1748
88.8144,4.3042,-7.3053,3.0704,0.0222,0.0215,0.9106,4.4384,-7.1748
88.8244,4.3040,-7.3053,3.0707,0.0222,0.0215,0.9106,4.4384,-7.1748
88.8347,4.3038,-7.3052,3.0709,0.0222,0.0215,0.9106,4.4370,-7.1740
88.8445,4.3037,-7.3052,3.0711,0.0222,0.0215,0.9106,4.4370,-7.1740
88.8550,4.3035,-7.3052,3.0714,0.0222,0.0215,0.9106,4.4370,-7.1740
88.8657,4.3033,-7.3052,3.0716,0.0222,0.0215,0.9106,4.4370,-7.1740
88.8748,4.3031,-7.3052,3.0720,0.0207,0.0153,0.9106,4.4370,-7.1740
88.8850,4.3030,-7.3052,3.0721,0.0207,0.0153,0.9106,4.4370,-7.1740
88.8948,4.3028,-7.3052,3.0721,0.0207,0.0153,0.9106,4.4370,-7.1740
88.9044,4.3027,-7.3052,3.0723,0.0207,0.0153,0.9106,4.4370,-7.1740
88.9157,4.3025,-7.3052,3.0725,0.0207,0.0153,0.9073,4.4370,-7.1740
88.9254,4.3023,-7.3051,3.0725,0.0207,0.0153,0.9073,4.4375,-7.1727
88.9347,4.3021,-7.3051,3.0727,0.0207,0.0153,0.9073,4.4375,-7.1727
88.9444,4.3019,-7.3051,3.0728,0.0207,0.0153,0.9073,4.4375,-7.1727
88.9542,4.3018,-7.3051,3.0728,0.0207,0.0153,0.9073,4.4375,-7.1727
88.9648,4.3015,-7.3051,3.0730,0.0207,0.0153,0.9073,4.4375,-7.1727
88.9745,4.3014,-7.3051,3.0732,0.0207,0.0153,0.9073,4.4375,-7.1727
88.9845,4.3012,-7.3051,3.0734,0.0238,0.0089,0.9073,4.4375,-7.1727
88.9952,4.3010,-7.3050,3.0734,0.0238,0.0089,0.9073,4.4375,-7.1727
89.0043,4.3008,-7.3050,3.0735,0.0238,0.0089,0.9073,4.4375,-7.1727
89.0199,4.3005,-7.3050,3.0735,0.0238,0.0089,0.9086,4.4368,-7.1744
89.0245,4.3003,-7.3050,3.0737,0.0238,0.0089,0.9086,4.4368,-7.1744
89.0348,4.3001,-7.3050,3.0739,0.0238,0.0089,0.9086,4.4368,-7.1744
89.0443,4.2999,-7.3050,3.0740,0.0238,0.0089,0.9086,4.4368,-7.1744
89.0543,4.2997,-7.3050,3.0742,0.0238,0.0089,0.9086,4.4368,-7.1744
89.0653,4.2994,-7.3049,3.0742,0.0217,0.0109,0.9086,4.4368,-7.1744
89.0747,4.2992,-7.3049,3.0744,0.0217,0.0109,0.9086,4.4368,-7.1744
89.0846,4.2989,-7.3049,3.0744,0.0217,0.0109,0.9086,4.4368,-7.1744
89.0948,4.2988,-7.3049,3.0746,0.0217,0.0109,0.9086,4.4368,-7.1744
89.1052,4.2985,-7.3049,3.0746,0.0217,0.0109,0.9086,4.4368,-7.1744
89.1148,4.2983,-7.3049,3.0746,0.0217,0.0109,0.9075,4.4368,-7.1744
89.1245,4.2980,-7.3048,3.0747,0.0217,0.0109,0.9075,4.4347,-7.1723
89.1349,4.2978,-7.3048,3.0747,0.0217,0.0109,0.9075,4.4347,-7.1723
89.1449,4.2975,-7.3048,3.0749,0.0217,0.0109,0.9075,4.4347,-7.1723
89.1548,4.2973,-7.3048,3.0751,0.0217,0.0109,0.9075,4.4347,-7.1723
89.1654,4.2970,-7.3048,3.0753,0.0217,0.0109,0.9075,4.4347,-7.1723
89.1754,4.2969,-7.3048,3.0754,0.0219,-0.0045,0.9075,4.4347,-7.1723
89.1849,4.2966,-7.3048,3.0756,0.0219,-0.0045,0.9075,4.4347,-7.1723
89.1946,4.2964,-7.3047,3.0760,0.0219,-0.0045,0.9075,4.4347,-7.1723
89.2049,4.2963,-7.3047,3.0763,0.0219,-0.0045,0.9075,4.4347,-7.1723
89.2143,4.2960,-7.3047,3.0765,0.0219,-0.0045,0.9056,4.4347,-7.1723
89.2249,4.2958,-7.3047,3.0768,0.0219,-0.0045,0.9056,4.4334,-7.1745
89.2345,4.2956,-7.3047,3.0770,0.0219,-0.0045,0.9056,4.4334,-7.1745
89.2453,4.2954,-7.3047,3.0774,0.0219,-0.0045,0.9056,4.4334,-7.1745
89.2544,4.2952,-7.3047,3.0775,0.0219,-0.0045,0.9056,4.4334,-7.1745
89.2643,4.2950,-7.3047,3.0777,0.0219,-0.0045,0.9056,4.4334,-7.1745
89.2747,4.2949,-7.3046,3.0779,0.0232,-0.0182,0.9056,4.4334,-7.1745
89.2842,4.2947,-7.3046,3.0781,0.0232,-0.0182,0.9056,4.4334,-7.1745
89.2948,4.2946,-7.3046,3.0781,0.0232,-0.0182,0.9056,4.4334,-7.1745
89.3051,4.2944,-7.3046,3.0781,0.0232,-0.0182,0.9056,4.4334,-7.1745
89.3142,4.2943,-7.3046,3.0781,0.0232,-0.0182,0.9057,4.4334,-7.1745
89.3263,4.2941,-7.3046,3.0781,0.0232,-0.0182,0.9057,4.4334,-7.1745
89.3341,4.2940,-7.3046,3.0781,0.0232,-0.0182,0.9057,4.4332,-7.1741
89.3444,4.2938,-7.3046,3.0781,0.0232,-0.0182,0.9057,4.4332,-7.1741
89.3542,4.2937,-7.3046,3.0781,0.0232,-0.0182,0.9057,4.4332,-7.1741
89.3658,4.2935,-7.3046,3.0781,0.0232,-0.0182,0.9057,4.4332,-7.1741
89.3748,4.2933,-7.3045,3.0782,0.0215,-0.0030,0.9057,4.4332,-7.1741
89.3846,4.2931,-7.3045,3.0782,0.0215,-0.0030,0.9057,4.4332,-7.1741
89.3944,4.2930,-7.3045,3.0782,0.0215,-0.0030,0.9057,4.4332,-7.1741
89.4042,4.2928,-7.3045,3.0784,0.0215,-0.0030,0.9057,4.4332,-7.1741
89.4157,4.2926,-7.3045,3.0784,0.0215,-0.0030,0.9086,4.4332,-7.1741
89.4254,4.2924,-7.3045,3.0784,0.0215,-0.0030,0.9086,4.4332,-7.1741
89.4342,4.2923,-7.3045,3.0784,0.0215,-0.0030,0.9086,4.4327,-7.1739
89.4443,4.2920,-7.3045,3.0786,0.0215,-0.0030,0.9086,4.4327,-7.1739
89.4542,4.2919,-7.3045,3.0786,0.0215,-0.0030,0.9086,4.4327,-7.1739
89.4649,4.2917,-7.3044,3.0786,0.0215,-0.0030,0.9086,4.4327,-7.1739
89.4746,4.2915,-7.3044,3.0786,0.0217,0.0456,0.9086,4.4327,-7.1739
89.4845,4.2913,-7.3044,3.0784,0.0217,0.0456,0.9086,4.4327,-7.1739
89.4950,4.2911,-7.3044,3.0784,0.0217,0.0456,0.9086,4.4327,-7.1739
89.5044,4.2909,-7.3044,3.0784,0.0217,0.0456,0.9086,4.4327,-7.1739
89.5146,4.2907,-7.3044,3.0782,0.0217,0.0456,0.9072,4.4327,-7.1739
89.5243,4.2905,-7.3044,3.0782,0.0217,0.0456,0.9072,4.4316,-7.1753
89.5353,4.2903,-7.3044,3.0782,0.0217,0.0456,0.9072,4.4316,-7.1753
89.5448,4.2901,-7.3043,3.0782,0.0217,0.0456,0.9072,4.4316,-7.1753
89.5544,4.2899,-7.3043,3.0782,0.0217,0.0456,0.9072,4.4316,-7.1753
89.5643,4.2897,-7.3043,3.0784,0.0217,0.0456,0.9072,4.4316,-7.1753
89.5744,4.2895,-7.3043,3.0786,0.0232,0.0555,0.9072,4.4316,-7.1753
89.5848,4.2893,-7.3043,3.0789,0.0232,0.0555,0.9072,4.4316,-7.1753
89.5945,4.2891,-7.3043,3.0793,0.0232,0.0555,0.9072,4.4316,-7.1753
89.6049,4.2889,-7.3043,3.0796,0.0232,0.0555,0.9072,4.4316,-7.1753
89.6152,4.2887,-7.3043,3.0802,0.0232,0.0555,0.9082,4.4316,-7.1753
89.6263,4.2885,-7.3042,3.0807,0.0232,0.0555,0.9082,4.4304,-7.1756
89.6342,4.2883,-7.3042,3.0812,0.0232,0.0555,0.9082,4.4304,-7.1756
89.6456,4.2881,-7.3042,3.0817,0.0232,0.0555,0.9082,4.4304,-7.1756
89.6547,4.2879,-7.3042,3.0823,0.0232,0.0555,0.9082,4.4304,-7.1756
89.6643,4.2878,-7.3042,3.0826,0.0232,0.0555,0.9082,4.4304,-7.1756
89.6747,4.2875,-7.3042,3.0829,0.0234,0.0505,0.9082,4.4304,-7.1756
89.6850,4.2873,-7.3042,3.0831,0.0234,0.0505,0.9082,4.4304,-7.1756
89.6948,4.2871,-7.3042,3.0833,0.0234,0.0505,0.9082,4.4304,-7.1756
89.7060,4.2869,-7.3041,3.0836,0.0234,0.0505,0.9082,4.4304,-7.1756
89.7163,4.2867,-7.3041,3.0838,0.0234,0.0505,0.9066,4.4304,-7.1756
89.7243,4.2865,-7.3041,3.0840,0.0234,0.0505,0.9066,4.4300,-7.1771
89.7361,4.2863,-7.3041,3.0842,0.0234,0.0505,0.9066,4.4300,-7.1771
89.7447,4.2861,-7.3041,3.0845,0.0234,0.0505,0.9066,4.4300,-7.1771
89.7541,4.2859,-7.3041,3.0845,0.0234,0.0505,0.9066,4.4300,-7.1771
89.7654,4.2857,-7.3041,3.0849,0.0234,0.0505,0.9066,4.4300,-7.1771
89.7751,4.2855,-7.3041,3.0850,0.0232,0.0593,0.9066,4.4300,-7.1771
89.7852,4.2852,-7.3040,3.0854,0.0232,0.0593,0.9066,4.4300,-7.1771
89.7956,4.2850,-7.3040,3.0857,0.0232,0.0593,0.9066,4.4300,-7.1771
89.8046,4.2848,-7.3040,3.0861,0.0232,0.0593,0.9066,4.4300,-7.1771
89.8153,4.2846,-7.3040,3.0863,0.0232,0.0593,0.9056,4.4300,-7.1771
89.8261,4.2844,-7.3040,3.0866,0.0232,0.0593,0.9056,4.4295,-7.1789
89.8349,4.2842,-7.3040,3.0870,0.0232,0.0593,0.9056,4.4295,-7.1789
89.8445,4.2840,-7.3040,3.0871,0.0232,0.0593,0.9056,4.4295,-7.1789
89.8546,4.2838,-7.3040,3.0875,0.0232,0.0593,0.9056,4.4295,-7.1789
89.8671,4.2836,-7.3040,3.0878,0.0237,0.0907,0.9056,4.4295,-7.1789
89.8747,4.2833,-7.3039,3.0882,0.0237,0.0907,0.9056,4.4295,-7.1789
89.8848,4.2831,-7.3039,3.0884,0.0237,0.0907,0.9056,4.4295,-7.1789
89.8953,4.2829,-7.3039,3.0887,0.0237,0.0907,0.9056,4.4295,-7.1789
89.9044,4.2828,-7.3039,3.0889,0.0237,0.0907,0.9056,4.4295,-7.1789
89.9147,4.2826,-7.3039,3.0892,0.0237,0.0907,0.9086,4.4295,-7.1789
89.9249,4.2823,-7.3039,3.0896,0.0237,0.0907,0.9086,4.4295,-7.1794
89.9359,4.2821,-7.3039,3.0899,0.0237,0.0907,0.9086,4.4295,-7.1794
89.9454,4.2820,-7.3039,3.0903,0.0237,0.0907,0.9086,4.4295,-7.1794
89.9558,4.2818,-7.3039,3.0908,0.0237,0.0907,0.9086,4.4295,-7.1794
89.9653,4.2816,-7.3039,3.0912,0.0237,0.0907,0.9086,4.4295,-7.1794
89.9778,4.2814,-7.3038,3.0917,0.0237,0.0907,0.9086,4.4295,-7.1794
89.9854,4.2811,-7.3038,3.0920,0.0234,0.0721,0.9086,4.4295,-7.1794
89.9956,4.2809,-7.3038,3.0927,0.0234,0.0721,0.9086,4.4295,-7.1794
90.0041,4.2807,-7.3038,3.0932,0.0234,0.0721,0.9086,4.4295,-7.1794
90.0148,4.2805,-7.3038,3.0939,0.0234,0.0721,0.9033,4.4295,-7.1794
90.0257,4.2803,-7.3038,3.0946,0.0234,0.0721,0.9033,4.4260,-7.1760
90.0348,4.2800,-7.3038,3.0955,0.0234,0.0721,0.9033,4.4260,-7.1760
90.0449,4.2798,-7.3038,3.0962,0.0234,0.0721,0.9033,4.4260,-7.1760
90.0542,4.2796,-7.3038,3.0969,0.0234,0.0721,0.9033,4.4260,-7.1760
90.0653,4.2793,-7.3037,3.0978,0.0234,0.0721,0.9033,4.4260,-7.1760
90.0746,4.2791,-7.3037,3.0985,0.0229,0.0498,0.9033,4.4260,-7.1760
90.0842,4.2789,-7.3037,3.0992,0.0229,0.0498,0.9033,4.4260,-7.1760
90.0958,4.2787,-7.3037,3.0999,0.0229,0.0498,0.9033,4.4260,-7.1760
90.1043,4.2785,-7.3037,3.1006,0.0229,0.0498,0.9033,4.4260,-7.1760
90.1154,4.2782,-7.3037,3.1011,0.0229,0.0498,0.9070,4.4260,-7.1760
90.1245,4.2780,-7.3037,3.1018,0.0229,0.0498,0.9070,4.4249,-7.1741
90.1344,4.2778,-7.3037,3.1023,0.0229,0.0498,0.9070,4.4249,-7.1741
90.1446,4.2776,-7.3037,3.1027,0.0229,0.0498,0.9070,4.4249,-7.1741
90.1540,4.2774,-7.3037,3.1032,0.0229,0.0498,0.9070,4.4249,-7.1741
90.1649,4.2772,-7.3037,3.1035,0.0229,0.0498,0.9070,4.4249,-7.1741
90.1754,4.2769,-7.3037,3.1039,0.0220,0.0253,0.9070,4.4249,-7.1741
90.1854,4.2767,-7.3036,3.1041,0.0220,0.0253,0.9070,4.4249,-7.1741
90.1950,4.2765,-7.3036,3.1042,0.0220,0.0253,0.9070,4.4249,-7.1741
90.2046,4.2763,-7.3036,3.1044,0.0220,0.0253,0.9070,4.4249,-7.1741
90.2145,4.2762,-7.3036,3.1046,0.0220,0.0253,0.9045,4.4249,-7.1741
90.2246,4.2760,-7.3036,3.1048,0.0220,0.0253,0.9045,4.4249,-7.1741
90.2352,4.2758,-7.3036,3.1049,0.0220,0.0253,0.9045,4.4227,-7.1731
90.2452,4.2757,-7.3036,3.1053,0.0220,0.0253,0.9045,4.4227,-7.1731
90.2555,4.2755,-7.3036,3.1055,0.0220,0.0253,0.9045,4.4227,-7.1731
90.2684,4.2753,-7.3036,3.1056,0.0220,0.0253,0.9045,4.4227,-7.1731
90.2747,4.2752,-7.3036,3.1060,0.0212,0.0309,0.9045,4.4227,-7.1731
90.2860,4.2750,-7.3036,3.1062,0.0212,0.0309,0.9045,4.4227,-7.1731
90.2966,4.2749,-7.3036,3.1065,0.0212,0.0309,0.9045,4.4227,-7.1731
90.3048,4.2747,-7.3036,3.1069,0.0212,0.0309,0.9045,4.4227,-7.1731
90.3149,4.2746,-7.3036,3.1070,0.0212,0.0309,0.8986,4.4227,-7.1731
90.3269,4.2745,-7.3036,3.1074,0.0212,0.0309,0.8986,4.4205,-7.1713
90.3370,4.2743,-7.3036,3.1076,0.0212,0.0309,0.8986,4.4205,-7.1713
90.3448,4.2742,-7.3036,3.1079,0.0212,0.0309,0.8986,4.4205,-7.1713
90.3558,4.2740,-7.3035,3.1083,0.0212,0.0309,0.8986,4.4205,-7.1713
90.3652,4.2739,-7.3035,3.1086,0.0212,0.0309,0.8986,4.4205,-7.1713
90.3746,4.2737,-7.3035,3.1088,0.0229,0.0194,0.8986,4.4205,-7.1713
90.3847,4.2736,-7.3035,3.1091,0.0229,0.0194,0.8986,4.4205,-7.1713
90.3949,4.2734,-7.3035,3.1093,0.0229,0.0194,0.8986,4.4205,-7.1713
90.4042,4.2734,-7.3035,3.1097,0.0229,0.0194,0.8986,4.4205,-7.1713
90.4154,4.2731,-7.3035,3.1098,0.0229,0.0194,0.9045,4.4205,-7.1713
90.4251,4.2730,-7.3035,3.1102,0.0229,0.0194,0.9045,4.4177,-7.1712
90.4344,4.2728,-7.3035,3.1104,0.0229,0.0194,0.9045,4.4177,-7.1712
90.4441,4.2726,-7.3035,3.1107,0.0229,0.0194,0.9045,4.4177,-7.1712
90.4542,4.2724,-7.3035,3.1109,0.0229,0.0194,0.9045,4.4177,-7.1712
90.4680,4.2722,-7.3035,3.1112,0.0229,0.0194,0.9045,4.4177,-7.1712
90.4751,4.2720,-7.3035,3.1116,0.0229,0.0113,0.9045,4.4177,-7.1712
90.4847,4.2718,-7.3035,3.1119,0.0229,0.0113,0.9045,4.4177,-7.1712
90.4952,4.2716,-7.3035,3.1123,0.0229,0.0113,0.9045,4.4177,-7.1712
90.5044,4.2714,-7.3035,3.1128,0.0229,0.0113,0.9045,4.4177,-7.1712
90.5153,4.2711,-7.3035,3.1131,0.0229,0.0113,0.9082,4.4177,-7.1712
90.5245,4.2709,-7.3035,3.1135,0.0229,0.0113,0.9082,4.4177,-7.1712
90.5357,4.2706,-7.3034,3.1140,0.0229,0.0113,0.9082,4.4177,-7.1712
90.5443,4.2704,-7.3034,3.1144,0.0229,0.0113,0.9082,4.4139,-7.1718
90.5546,4.2702,-7.3034,3.1147,0.0229,0.0113,0.9082,4.4139,-7.1718
90.5654,4.2700,-7.3034,3.1151,0.0227,-0.0226,0.9082,4.4139,-7.1718
90.5745,4.2697,-7.3034,3.1152,0.0227,-0.0226,0.9082,4.4139,-7.1718
90.5839,4.2695,-7.3034,3.1156,0.0227,-0.0226,0.9082,4.4139,-7.1718
90.5953,4.2693,-7.3034,3.1158,0.0227,-0.0226,0.9082,4.4139,-7.1718
90.6041,4.2691,-7.3034,3.1159,0.0227,-0.0226,0.9082,4.4139,-7.1718
90.6143,4.2688,-7.3034,3.1161,0.0227,-0.0226,0.9039,4.4139,-7.1718
90.6243,4.2686,-7.3034,3.1163,0.0227,-0.0226,0.9039,4.4134,-7.1705
90.6352,4.2684,-7.3034,3.1165,0.0227,-0.0226,0.9039,4.4134,-7.1705
90.6446,4.2682,-7.3034,3.1168,0.0227,-0.0226,0.9039,4.4134,-7.1705
90.6543,4.2680,-7.3034,3.1170,0.0227,-0.0226,0.9039,4.4134,-7.1705
90.6645,4.2678,-7.3034,3.1173,0.0227,-0.0226,0.9039,4.4134,-7.1705
90.6746,4.2676,-7.3034,3.1177,0.0237,-0.0194,0.9039,4.4134,-7.1705
90.6847,4.2674,-7.3034,3.1182,0.0237,-0.0194,0.9039,4.4134,-7.1705
90.6948,4.2671,-7.3034,3.1186,0.0237,-0.0194,0.9039,4.4134,-7.1705
90.7077,4.2670,-7.3033,3.1189,0.0237,-0.0194,0.9053,4.4134,-7.1705
90.7155,4.2667,-7.3033,3.1194,0.0237,-0.0194,0.9053,4.4134,-7.1705
90.7254,4.2665,-7.3033,3.1200,0.0237,-0.0194,0.9053,4.4122,-7.1701
90.7340,4.2663,-7.3033,3.1203,0.0237,-0.0194,0.9053,4.4122,-7.1701
90.7648,4.2657,-7.3033,3.1215,0.0237,-0.0194,0.9053,4.4122,-7.1701
90.7648,4.2657,-7.3033,3.1215,0.0237,-0.0194,0.9053,4.4122,-7.1701
90.7748,4.2655,-7.3033,3.1219,0.0216,-0.0302,0.9053,4.4122,-7.1701
90.7849,4.2653,-7.3033,3.1222,0.0216,-0.0302,0.9053,4.4122,-7.1701
90.7949,4.2652,-7.3033,3.1224,0.0216,-0.0302,0.9053,4.4122,-7.1701
90.8050,4.2650,-7.3033,3.1226,0.0216,-0.0302,0.9053,4.4122,-7.1701
90.8174,4.2648,-7.3033,3.1227,0.0216,-0.0302,0.9078,4.4122,-7.1701
90.8247,4.2647,-7.3033,3.1227,0.0216,-0.0302,0.9078,4.4103,-7.1697
90.8352,4.2645,-7.3033,3.1226,0.0216,-0.0302,0.9078,4.4103,-7.1697
90.8457,4.2643,-7.3033,3.1226,0.0216,-0.0302,0.9078,4.4103,-7.1697
90.8549,4.2642,-7.3033,3.1224,0.0216,-0.0302,0.9078,4.4103,-7.1697
90.8653,4.2642,-7.3033,3.1222,0.0216,-0.0302,0.9078,4.4103,-7.1697
90.8744,4.2639,-7.3033,3.1222,0.0222,-0.0020,0.9078,4.4103,-7.1697
90.8846,4.2638,-7.3033,3.1222,0.0222,-0.0020,0.9078,4.4103,-7.1697
90.8946,4.2636,-7.3033,3.1222,0.0222,-0.0020,0.9078,4.4103,-7.1697
90.9040,4.2635,-7.3033,3.1222,0.0222,-0.0020,0.9078,4.4103,-7.1697
90.9145,4.2634,-7.3033,3.1224,0.0222,-0.0020,0.9059,4.4103,-7.1697
90.9245,4.2632,-7.3033,3.1224,0.0222,-0.0020,0.9059,4.4095,-7.1686
90.9344,4.2631,-7.3033,3.1226,0.0222,-0.0020,0.9059,4.4095,-7.1686
90.9447,4.2630,-7.3033,3.1227,0.0222,-0.0020,0.9059,4.4095,-7.1686
90.9545,4.2628,-7.3033,3.1227,0.0222,-0.0020,0.9059,4.4095,-7.1686
90.9656,4.2627,-7.3033,3.1229,0.0222,-0.0020,0.9059,4.4095,-7.1686
90.9777,4.2625,-7.3033,3.1229,0.0239,-0.0069,0.9059,4.4095,-7.1686
90.9842,4.2624,-7.3033,3.1231,0.0239,-0.0069,0.9059,4.4095,-7.1686
90.9965,4.2623,-7.3033,3.1233,0.0239,-0.0069,0.9059,4.4095,-7.1686
91.0041,4.2621,-7.3033,3.1234,0.0239,-0.0069,0.9059,4.4095,-7.1686
91.0145,4.2619,-7.3033,3.1236,0.0239,-0.0069,0.9053,4.4095,-7.1686
91.0242,4.2618,-7.3032,3.1240,0.0239,-0.0069,0.9053,4.4122,-7.1679
91.0357,4.2616,-7.3032,3.1243,0.0239,-0.0069,0.9053,4.4122,-7.1679
91.0444,4.2614,-7.3032,3.1245,0.0239,-0.0069,0.9053,4.4122,-7.1679
91.0542,4.2612,-7.3032,3.1248,0.0239,-0.0069,0.9053,4.4122,-7.1679
91.0661,4.2611,-7.3032,3.1252,0.0239,-0.0069,0.9053,4.4122,-7.1679
91.0767,4.2609,-7.3032,3.1254,0.0239,-0.0069,0.9053,4.4122,-7.1679
91.0844,4.2607,-7.3032,3.1257,0.0224,0.0254,0.9053,4.4122,-7.1679
91.0944,4.2605,-7.3032,3.1261,0.0224,0.0254,0.9053,4.4122,-7.1679
91.1043,4.2602,-7.3032,3.1262,0.0224,0.0254,0.9053,4.4122,-7.1679
91.1144,4.2600,-7.3032,3.1266,0.0224,0.0254,0.9023,4.4122,-7.1679
91.1246,4.2598,-7.3032,3.1268,0.0224,0.0254,0.9023,4.4107,-7.1680
91.1346,4.2596,-7.3032,3.1271,0.0224,0.0254,0.9023,4.4107,-7.1680
91.1448,4.2594,-7.3032,3.1275,0.0224,0.0254,0.9023,4.4107,-7.1680
91.1542,4.2591,-7.3032,3.1278,0.0224,0.0254,0.9023,4.4107,-7.1680
91.1655,4.2589,-7.3032,3.1282,0.0224,0.0254,0.9023,4.4107,-7.1680
91.1752,4.2587,-7.3032,3.1285,0.0230,0.0295,0.9023,4.4107,-7.1680
91.1869,4.2585,-7.3032,3.1289,0.0230,0.0295,0.9023,4.4107,-7.1680
91.1950,4.2582,-7.3032,3.1292,0.0230,0.0295,0.9023,4.4107,-7.1680
91.2042,4.2580,-7.3032,3.1297,0.0230,0.0295,0.9023,4.4107,-7.1680
91.2147,4.2577,-7.3032,3.1301,0.0230,0.0295,0.9013,4.4107,-7.1680
91.2256,4.2575,-7.3032,3.1304,0.0230,0.0295,0.9013,4.4089,-7.1683
91.2358,4.2572,-7.3032,3.1306,0.0230,0.0295,0.9013,4.4089,-7.1683
91.2454,4.2570,-7.3032,3.1309,0.0230,0.0295,0.9013,4.4089,-7.1683
91.2543,4.2568,-7.3032,3.1313,0.0230,0.0295,0.9013,4.4089,-7.1683
91.2650,4.2566,-7.3032,3.1316,0.0230,0.0295,0.9013,4.4089,-7.1683
91.2752,4.2563,-7.3032,3.1318,0.0237,0.0304,0.9013,4.4089,-7.1683
91.2844,4.2561,-7.3032,3.1322,0.0237,0.0304,0.9013,4.4089,-7.1683
91.2946,4.2559,-7.3032,3.1325,0.0237,0.0304,0.9013,4.4089,-7.1683
91.3046,4.2556,-7.3032,3.1327,0.0237,0.0304,0.9013,4.4089,-7.1683
91.3145,4.2555,-7.3032,3.1330,0.0237,0.0304,0.9063,4.4089,-7.1683
91.3242,4.2552,-7.3032,3.1334,0.0237,0.0304,0.9063,4.4099,-7.1671
91.3351,4.2551,-7.3032,3.1337,0.0237,0.0304,0.9063,4.4099,-7.1671
91.3451,4.2549,-7.3032,3.1339,0.0237,0.0304,0.9063,4.4099,-7.1671
91.3542,4.2547,-7.3032,3.1343,0.0237,0.0304,0.9063,4.4099,-7.1671
91.3646,4.2545,-7.3032,3.1346,0.0237,0.0304,0.9063,4.4099,-7.1671
91.3746,4.2543,-7.3032,3.1350,0.0225,0.0118,0.9063,4.4099,-7.1671
91.3844,4.2541,-7.3032,3.1351,0.0225,0.0118,0.9063,4.4099,-7.1671
91.3956,4.2539,-7.3032,3.1355,0.0225,0.0118,0.9063,4.4099,-7.1671
91.4046,4.2537,-7.3032,3.1360,0.0225,0.0118,0.9063,4.4099,-7.1671
91.4146,4.2534,-7.3031,3.1364,0.0225,0.0118,0.9047,4.4099,-7.1671
91.4257,4.2532,-7.3031,3.1367,0.0225,0.0118,0.9047,4.4116,-7.1660
91.4346,4.2529,-7.3031,3.1372,0.0225,0.0118,0.9047,4.4116,-7.1660
91.4445,4.2527,-7.3031,3.1378,0.0225,0.0118,0.9047,4.4116,-7.1660
91.4543,4.2524,-7.3031,3.1381,0.0225,0.0118,0.9047,4.4116,-7.1660
91.4666,4.2522,-7.3031,3.1386,0.0225,0.0118,0.9047,4.4116,-7.1660
91.4749,4.2519,-7.3031,3.1390,0.0225,-0.0104,0.9047,4.4116,-7.1660
91.4850,4.2516,-7.3031,3.1393,0.0225,-0.0104,0.9047,4.4116,-7.1660
91.4950,4.2514,-7.3031,3.1397,0.0225,-0.0104,0.9047,4.4116,-7.1660
91.5078,4.2511,-7.3031,3.1400,0.0225,-0.0104,0.9047,4.4116,-7.1660
91.5152,4.2509,-7.3031,3.1404,0.0225,-0.0104,0.9106,4.4116,-7.1660
91.5259,4.2507,-7.3031,3.1405,0.0225,-0.0104,0.9106,4.4088,-7.1643
91.5365,4.2504,-7.3031,3.1409,0.0225,-0.0104,0.9106,4.4088,-7.1643
91.5455,4.2502,-7.3031,3.1411,0.0225,-0.0104,0.9106,4.4088,-7.1643
91.5544,4.2500,-7.3031,3.1412,0.0225,-0.0104,0.9106,4.4088,-7.1643
91.5681,4.2498,-7.3031,-3.1416,0.0225,-0.0104,0.9106,4.4088,-7.1643
91.5747,4.2496,-7.3031,3.1416,0.0225,0.0110,0.9106,4.4088,-7.1643
91.5852,4.2494,-7.3031,-3.1414,0.0225,0.0110,0.9106,4.4088,-7.1643
91.5952,4.2492,-7.3031,-3.1414,0.0225,0.0110,0.9106,4.4088,-7.1643
91.6061,4.2490,-7.3031,-3.1412,0.0225,0.0110,0.9090,4.4088,-7.1643
91.6146,4.2489,-7.3031,-3.1412,0.0225,0.0110,0.9090,4.4088,-7.1643
91.6264,4.2488,-7.3031,-3.1412,0.0225,0.0110,0.9090,4.4085,-7.1634
91.6348,4.2486,-7.3031,-3.1412,0.0225,0.0110,0.9090,4.4085,-7.1634
91.6448,4.2484,-7.3031,-3.1412,0.0225,0.0110,0.9090,4.4085,-7.1634
91.6548,4.2483,-7.3031,-3.1411,0.0225,0.0110,0.9090,4.4085,-7.1634
91.6652,4.2482,-7.3031,-3.1411,0.0000,0.0000,0.9090,4.4085,-7.1634
91.6741,4.2480,-7.3031,-3.1411,0.0000,0.0000,0.9090,4.4085,-7.1634
91.6901,4.2478,-7.3031,-3.1405,0.0000,0.0000,0.9090,4.4085,-7.1634
91.6962,4.2478,-7.3031,-3.1405,0.0000,0.0000,0.9090,4.4085,-7.1634
91.7069,4.2477,-7.3031,-3.1404,0.0000,0.0000,0.9090,4.4085,-7.1634
91.7144,4.2475,-7.3031,-3.1400,0.0000,0.0000,0.9090,4.4085,-7.1634
91.7252,4.2474,-7.3031,-3.1397,0.0000,0.0000,0.9090,4.4079,-7.1653
91.7372,4.2473,-7.3031,-3.1395,0.0000,0.0000,0.9090,4.4079,-7.1653
91.7443,4.2472,-7.3031,-3.1391,0.0000,0.0000,0.9090,4.4079,-7.1653
91.7540,4.2471,-7.3031,-3.1390,0.0000,0.0000,0.9090,4.4079,-7.1653
91.7644,4.2469,-7.3031,-3.1386,0.0000,0.0000,0.9090,4.4079,-7.1653
91.7745,4.2468,-7.3031,-3.1385,0.0000,0.0000,0.9090,4.4079,-7.1653
91.7847,4.2467,-7.3031,-3.1383,0.0000,0.0000,0.9090,4.4079,-7.1653
91.7948,4.2466,-7.3031,-3.1381,0.0000,0.0000,0.9090,4.4079,-7.1653
91.8038,4.2467,-7.3031,-3.1379,0.0000,0.0000,0.9070,4.4079,-7.1653
91.8145,4.2467,-7.3031,-3.1378,0.0000,0.0000,0.9070,4.4079,-7.1653
91.8242,4.2467,-7.3031,-3.1378,0.0000,0.0000,0.9070,4.4074,-7.1650
91.8341,4.2469,-7.3031,-3.1376,0.0000,0.0000,0.9070,4.4074,-7.1650
91.8443,4.2469,-7.3031,-3.1376,0.0000,0.0000,0.9070,4.4074,-7.1650
91.8545,4.2470,-7.3031,-3.1376,0.0000,0.0000,0.9070,4.4074,-7.1650
91.8647,4.2470,-7.3031,-3.1378,0.0000,0.0000,0.9070,4.4074,-7.1650
91.8751,4.2471,-7.3031,-3.1378,0.0000,0.0000,0.9070,4.4074,-7.1650
91.8845,4.2471,-7.3031,-3.1378,0.0000,0.0000,0.9070,4.4074,-7.1650
91.8962,4.2471,-7.3031,-3.1378,0.0000,0.0000,0.9070,4.4074,-7.1650
91.9053,4.2472,-7.3031,-3.1379,0.0000,0.0000,0.9134,4.4074,-7.1650
91.9149,4.2472,-7.3031,-3.1379,0.0000,0.0000,0.9134,4.4083,-7.1657
91.9259,4.2473,-7.3031,-3.1381,0.0000,0.0000,0.9134,4.4083,-7.1657
91.9352,4.2474,-7.3031,-3.1381,0.0000,0.0000,0.9134,4.4083,-7.1657
91.9459,4.2475,-7.3031,-3.1381,0.0000,0.0000,0.9134,4.4083,-7.1657
91.9555,4.2476,-7.3031,-3.1383,0.0000,0.0000,0.9134,4.4083,-7.1657
91.9649,4.2477,-7.3031,-3.1383,0.0000,0.0000,0.9134,4.4083,-7.1657
91.9749,4.2478,-7.3031,-3.1385,0.0000,0.0000,0.9134,4.4083,-7.1657
91.9849,4.2479,-7.3031,-3.1385,0.0000,0.0000,0.9134,4.4083,-7.1657
91.9958,4.2480,-7.3031,-3.1386,0.0000,0.0000,0.9134,4.4083,-7.1657
92.0048,4.2481,-7.3031,-3.1388,0.0000,0.0000,0.9098,4.4083,-7.1657
92.0141,4.2481,-7.3031,-3.1390,0.0000,0.0000,0.9098,4.4086,-7.1666
92.0261,4.2482,-7.3031,-3.1391,0.0000,0.0000,0.9098,4.4086,-7.1666
92.0357,4.2482,-7.3031,-3.1393,0.0000,0.0000,0.9098,4.4086,-7.1666
92.0454,4.2482,-7.3031,-3.1395,0.0000,0.0000,0.9098,4.4086,-7.1666
92.0544,4.2482,-7.3031,-3.1397,0.0000,0.0000,0.9098,4.4086,-7.1666
92.0645,4.2482,-7.3031,-3.1397,0.0242,0.0208,0.9098,4.4086,-7.1666
92.0745,4.2482,-7.3031,-3.1398,0.0242,0.0208,0.9098,4.4086,-7.1666
92.0846,4.2482,-7.3031,-3.1398,0.0242,0.0208,0.9098,4.4086,-7.1666
92.0949,4.2482,-7.3031,-3.1398,0.0242,0.0208,0.9098,4.4086,-7.1666
92.1045,4.2482,-7.3031,-3.1398,0.0242,0.0208,0.9119,4.4086,-7.1666
92.1147,4.2482,-7.3031,-3.1397,0.0242,0.0208,0.9119,4.4086,-7.1666
92.1278,4.2482,-7.3031,-3.1397,0.0242,0.0208,0.9119,4.4086,-7.1666
92.1353,4.2482,-7.3031,-3.1397,0.0242,0.0208,0.9119,4.4089,-7.1667
92.1476,4.2482,-7.3031,-3.1397,0.0242,0.0208,0.9119,4.4089,-7.1667
92.1551,4.2482,-7.3031,-3.1397,0.0229,0.0267,0.9119,4.4089,-7.1667
92.1659,4.2482,-7.3031,-3.1397,0.0229,0.0267,0.9119,4.4089,-7.1667
92.1752,4.2481,-7.3031,-3.1397,0.0229,0.0267,0.9119,4.4089,-7.1667
92.1850,4.2481,-7.3031,-3.1397,0.0229,0.0267,0.9119,4.4089,-7.1667
92.1949,4.2480,-7.3031,-3.1397,0.0229,0.0267,0.9119,4.4089,-7.1667
92.2064,4.2480,-7.3031,-3.1397,0.0229,0.0267,0.9071,4.4089,-7.1667
92.2167,4.2480,-7.3031,-3.1397,0.0229,0.0267,0.9071,4.4115,-7.1661
92.2258,4.2479,-7.3031,-3.1395,0.0229,0.0267,0.9071,4.4115,-7.1661
92.2348,4.2479,-7.3031,-3.1393,0.0229,0.0267,0.9071,4.4115,-7.1661
92.2452,4.2479,-7.3031,-3.1393,0.0229,0.0267,0.9071,4.4115,-7.1661
92.2547,4.2478,-7.3031,-3.1391,0.0221,0.0568,0.9071,4.4115,-7.1661
92.2649,4.2478,-7.3031,-3.1391,0.0221,0.0568,0.9071,4.4115,-7.1661
92.2744,4.2477,-7.3031,-3.1390,0.0221,0.0568,0.9071,4.4115,-7.1661
92.2855,4.2477,-7.3031,-3.1390,0.0221,0.0568,0.9071,4.4115,-7.1661
92.2948,4.2477,-7.3031,-3.1390,0.0221,0.0568,0.9071,4.4115,-7.1661
92.3040,4.2476,-7.3031,-3.1388,0.0221,0.0568,0.9027,4.4115,-7.1661
92.3163,4.2476,-7.3031,-3.1388,0.0221,0.0568,0.9027,4.4117,-7.1625
92.3244,4.2475,-7.3031,-3.1386,0.0221,0.0568,0.9027,4.4117,-7.1625
92.3363,4.2475,-7.3031,-3.1385,0.0221,0.0568,0.9027,4.4117,-7.1625
92.3454,4.2474,-7.3031,-3.1383,0.0221,0.0568,0.9027,4.4117,-7.1625
92.3545,4.2473,-7.3031,-3.1379,0.0227,0.0570,0.9027,4.4117,-7.1625
92.3644,4.2473,-7.3031,-3.1378,0.0227,0.0570,0.9027,4.4117,-7.1625
92.3740,4.2472,-7.3031,-3.1374,0.0227,0.0570,0.9027,4.4117,-7.1625
92.3847,4.2471,-7.3031,-3.1371,0.0227,0.0570,0.9027,4.4117,-7.1625
92.3951,4.2471,-7.3031,-3.1367,0.0227,0.0570,0.9027,4.4117,-7.1625
92.4050,4.2470,-7.3031,-3.1364,0.0227,0.0570,0.9064,4.4117,-7.1625
92.4149,4.2469,-7.3031,-3.1360,0.0227,0.0570,0.9064,4.4117,-7.1625
92.4246,4.2469,-7.3031,-3.1357,0.0227,0.0570,0.9064,4.4108,-7.1633
92.4357,4.2468,-7.3031,-3.1355,0.0227,0.0570,0.9064,4.4108,-7.1633
92.4466,4.2468,-7.3031,-3.1351,0.0227,0.0570,0.9064,4.4108,-7.1633
92.4543,4.2467,-7.3031,-3.1350,0.0240,0.1002,0.9064,4.4108,-7.1633
92.4644,4.2466,-7.3031,-3.1348,0.0240,0.1002,0.9064,4.4108,-7.1633
92.4742,4.2465,-7.3031,-3.1346,0.0240,0.1002,0.9064,4.4108,-7.1633
92.4858,4.2465,-7.3031,-3.1344,0.0240,0.1002,0.9064,4.4108,-7.1633
92.4946,4.2464,-7.3031,-3.1344,0.0240,0.1002,0.9064,4.4108,-7.1633
92.5047,4.2463,-7.3031,-3.1343,0.0240,0.1002,0.9100,4.4108,-7.1633
92.5144,4.2462,-7.3031,-3.1341,0.0240,0.1002,0.9100,4.4103,-7.1648
92.5252,4.2461,-7.3031,-3.1339,0.0240,0.1002,0.9100,4.4103,-7.1648
92.5354,4.2460,-7.3031,-3.1337,0.0240,0.1002,0.9100,4.4103,-7.1648
92.5467,4.2458,-7.3032,-3.1330,0.0240,0.1002,0.9100,4.4103,-7.1648
92.5549,4.2458,-7.3032,-3.1330,0.0232,0.0134,0.9100,4.4103,-7.1648
92.5654,4.2456,-7.3032,-3.1327,0.0232,0.0134,0.9100,4.4103,-7.1648
92.5741,4.2455,-7.3032,-3.1322,0.0232,0.0134,0.9100,4.4103,-7.1648
92.5842,4.2453,-7.3032,-3.1316,0.0232,0.0134,0.9100,4.4103,-7.1648
92.5947,4.2452,-7.3032,-3.1313,0.0232,0.0134,0.9100,4.4103,-7.1648
92.6101,4.2448,-7.3032,-3.1302,0.0232,0.0134,0.9120,4.4076,-7.1643
92.6164,4.2448,-7.3032,-3.1302,0.0232,0.0134,0.9120,4.4076,-7.1643
92.6252,4.2446,-7.3032,-3.1299,0.0232,0.0134,0.9120,4.4076,-7.1643
92.6360,4.2445,-7.3032,-3.1295,0.0232,0.0134,0.9120,4.4076,-7.1643
92.6453,4.2443,-7.3032,-3.1292,0.0232,0.0134,0.9120,4.4076,-7.1643
92.6554,4.2442,-7.3032,-3.1289,0.0221,-0.0298,0.9120,4.4076,-7.1643
92.6652,4.2440,-7.3032,-3.1287,0.0221,-0.0298,0.9120,4.4076,-7.1643
92.6753,4.2438,-7.3032,-3.1283,0.0221,-0.0298,0.9120,4.4076,-7.1643
92.6848,4.2436,-7.3032,-3.1282,0.0221,-0.0298,0.9120,4.4076,-7.1643
92.6951,4.2434,-7.3032,-3.1280,0.0221,-0.0298,0.9120,4.4076,-7.1643
92.7068,4.2432,-7.3032,-3.1280,0.0221,-0.0298,0.9060,4.4076,-7.1643
92.7144,4.2431,-7.3032,-3.1278,0.0221,-0.0298,0.9060,4.4050,-7.1633
92.7246,4.2429,-7.3032,-3.1278,0.0221,-0.0298,0.9060,4.4050,-7.1633
92.7347,4.2427,-7.3032,-3.1278,0.0221,-0.0298,0.9060,4.4050,-7.1633
92.7449,4.2425,-7.3032,-3.1278,0.0221,-0.0298,0.9060,4.4050,-7.1633
92.7542,4.2424,-7.3032,-3.1280,0.0225,-0.0295,0.9060,4.4050,-7.1633
92.7649,4.2422,-7.3032,-3.1280,0.0225,-0.0295,0.9060,4.4050,-7.1633
92.7746,4.2420,-7.3032,-3.1278,0.0225,-0.0295,0.9060,4.4050,-7.1633
92.7846,4.2418,-7.3032,-3.1278,0.0225,-0.0295,0.9060,4.4050,-7.1633
92.7946,4.2416,-7.3032,-3.1278,0.0225,-0.0295,0.9060,4.4050,-7.1633
92.8084,4.2414,-7.3032,-3.1276,0.0225,-0.0295,0.9097,4.4035,-7.1627
92.8152,4.2413,-7.3032,-3.1275,0.0225,-0.0295,0.9097,4.4035,-7.1627
92.8244,4.2411,-7.3032,-3.1273,0.0225,-0.0295,0.9097,4.4035,-7.1627
92.8345,4.2409,-7.3032,-3.1269,0.0225,-0.0295,0.9097,4.4035,-7.1627
92.8450,4.2407,-7.3032,-3.1268,0.0225,-0.0295,0.9097,4.4035,-7.1627
92.8543,4.2406,-7.3032,-3.1264,0.0224,-0.0223,0.9097,4.4035,-7.1627
92.8648,4.2404,-7.3032,-3.1261,0.0224,-0.0223,0.9097,4.4035,-7.1627
92.8742,4.2402,-7.3032,-3.1257,0.0224,-0.0223,0.9097,4.4035,-7.1627
92.8844,4.2401,-7.3032,-3.1254,0.0224,-0.0223,0.9097,4.4035,-7.1627
92.8947,4.2399,-7.3032,-3.1250,0.0224,-0.0223,0.9097,4.4035,-7.1627
92.9041,4.2397,-7.3032,-3.1247,0.0224,-0.0223,0.9160,4.4035,-7.1627
92.9150,4.2395,-7.3032,-3.1243,0.0224,-0.0223,0.9160,4.4035,-7.1627
92.9243,4.2394,-7.3032,-3.1240,0.0224,-0.0223,0.9160,4.4009,-7.1642
92.9359,4.2392,-7.3032,-3.1236,0.0224,-0.0223,0.9160,4.4009,-7.1642
92.9451,4.2390,-7.3032,-3.1233,0.0220,-0.0228,0.9160,4.4009,-7.1642
92.9541,4.2388,-7.3032,-3.1231,0.0220,-0.0228,0.9160,4.4009,-7.1642
92.9652,4.2385,-7.3033,-3.1227,0.0220,-0.0228,0.9160,4.4009,-7.1642
92.9755,4.2383,-7.3033,-3.1226,0.0220,-0.0228,0.9160,4.4009,-7.1642
92.9844,4.2381,-7.3033,-3.1226,0.0220,-0.0228,0.9160,4.4009,-7.1642
92.9948,4.2380,-7.3033,-3.1224,0.0220,-0.0228,0.9160,4.4009,-7.1642
93.0055,4.2377,-7.3033,-3.1224,0.0220,-0.0228,0.9074,4.4009,-7.1642
93.0144,4.2375,-7.3033,-3.1224,0.0220,-0.0228,0.9074,4.4009,-7.1642
93.0258,4.2374,-7.3033,-3.1224,0.0220,-0.0228,0.9074,4.4018,-7.1648
93.0357,4.2372,-7.3033,-3.1224,0.0220,-0.0228,0.9074,4.4018,-7.1648
93.0461,4.2370,-7.3033,-3.1224,0.0220,-0.0228,0.9074,4.4018,-7.1648
93.0542,4.2369,-7.3033,-3.1224,0.0231,-0.0400,0.9074,4.4018,-7.1648
93.0648,4.2367,-7.3033,-3.1224,0.0231,-0.0400,0.9074,4.4018,-7.1648
93.0743,4.2366,-7.3033,-3.1222,0.0231,-0.0400,0.9074,4.4018,-7.1648
93.0844,4.2364,-7.3033,-3.1222,0.0231,-0.0400,0.9074,4.4018,-7.1648
93.0946,4.2363,-7.3033,-3.1222,0.0231,-0.0400,0.9074,4.4018,-7.1648
93.1060,4.2361,-7.3033,-3.1220,0.0231,-0.0400,0.9103,4.4018,-7.1648
93.1143,4.2360,-7.3033,-3.1220,0.0231,-0.0400,0.9103,4.4041,-7.1665
93.1258,4.2358,-7.3033,-3.1219,0.0231,-0.0400,0.9103,4.4041,-7.1665
93.1351,4.2357,-7.3033,-3.1219,0.0231,-0.0400,0.9103,4.4041,-7.1665
93.1446,4.2355,-7.3033,-3.1217,0.0231,-0.0400,0.9103,4.4041,-7.1665
93.1584,4.2354,-7.3033,-3.1217,0.0231,-0.0400,0.9103,4.4041,-7.1665
93.1650,4.2352,-7.3033,-3.1217,0.0239,-0.1231,0.9103,4.4041,-7.1665
93.1751,4.2351,-7.3033,-3.1217,0.0239,-0.1231,0.9103,4.4041,-7.1665
93.1848,4.2349,-7.3033,-3.1219,0.0239,-0.1231,0.9103,4.4041,-7.1665
93.1968,4.2348,-7.3033,-3.1219,0.0239,-0.1231,0.9103,4.4041,-7.1665
93.2074,4.2347,-7.3033,-3.1222,0.0239,-0.1231,0.9113,4.4041,-7.1665
93.2153,4.2344,-7.3033,-3.1226,0.0239,-0.1231,0.9113,4.4012,-7.1664
93.2260,4.2342,-7.3033,-3.1229,0.0239,-0.1231,0.9113,4.4012,-7.1664
93.2357,4.2340,-7.3033,-3.1231,0.0239,-0.1231,0.9113,4.4012,-7.1664
93.2450,4.2340,-7.3033,-3.1231,0.0239,-0.1231,0.9113,4.4012,-7.1664
93.2544,4.2338,-7.3033,-3.1234,0.0237,-0.1590,0.9113,4.4012,-7.1664
93.2648,4.2337,-7.3033,-3.1236,0.0237,-0.1590,0.9113,4.4012,-7.1664
93.2747,4.2335,-7.3033,-3.1240,0.0237,-0.1590,0.9113,4.4012,-7.1664
93.2852,4.2333,-7.3034,-3.1243,0.0237,-0.1590,0.9113,4.4012,-7.1664
93.2949,4.2331,-7.3034,-3.1247,0.0237,-0.1590,0.9113,4.4012,-7.1664
93.3050,4.2329,-7.3034,-3.1250,0.0237,-0.1590,0.9084,4.4012,-7.1664
93.3151,4.2327,-7.3034,-3.1254,0.0237,-0.1590,0.9084,4.4012,-7.1664
93.3255,4.2323,-7.3034,-3.1264,0.0237,-0.1590,0.9084,4.3762,-7.1654
93.3350,4.2323,-7.3034,-3.1264,0.0237,-0.1590,0.9084,4.3762,-7.1654
93.3455,4.2319,-7.3034,-3.1276,0.0237,-0.1590,0.9084,4.3762,-7.1654
93.3548,4.2319,-7.3034,-3.1276,0.0234,-0.1532,0.9084,4.3762,-7.1654
93.3656,4.2316,-7.3034,-3.1282,0.0234,-0.1532,0.9084,4.3762,-7.1654
93.3751,4.2315,-7.3034,-3.1290,0.0234,-0.1532,0.9084,4.3762,-7.1654
93.3845,4.2313,-7.3034,-3.1299,0.0234,-0.1532,0.9084,4.3762,-7.1654
93.3950,4.2312,-7.3034,-3.1309,0.0234,-0.1532,0.9084,4.3762,-7.1654
93.4045,4.2310,-7.3034,-3.1320,0.0234,-0.1532,0.9143,4.3762,-7.1654
93.4147,4.2309,-7.3034,-3.1332,0.0234,-0.1532,0.9143,4.3762,-7.1654
93.4246,4.2307,-7.3034,-3.1344,0.0234,-0.1532,0.9143,4.3579,-7.1668
93.4364,4.2304,-7.3034,-3.1369,0.0234,-0.1532,0.9143,4.3579,-7.1668
93.4451,4.2303,-7.3034,-3.1381,0.0234,-0.1532,0.9143,4.3579,-7.1668
93.4546,4.2303,-7.3034,-3.1381,0.0220,-0.1576,0.9143,4.3579,-7.1668
93.4651,4.2301,-7.3034,-3.1391,0.0220,-0.1576,0.9143,4.3579,-7.1668
93.4750,4.2299,-7.3034,-3.1404,0.0220,-0.1576,0.9143,4.3579,-7.1668
93.4848,4.2298,-7.3034,-3.1414,0.0220,-0.1576,0.9143,4.3579,-7.1668
93.4986,4.2295,-7.3034,3.1395,0.0220,-0.1576,0.9143,4.3579,-7.1668
93.5058,4.2295,-7.3034,3.1395,0.0220,-0.1576,0.9080,4.3579,-7.1668
93.5148,4.2293,-7.3034,3.1385,0.0220,-0.1576,0.9080,4.3579,-7.1668
93.5251,4.2289,-7.3034,3.1364,0.0220,-0.1576,0.9080,4.3421,-7.1690
93.5356,4.2288,-7.3034,3.1353,0.0220,-0.1576,0.9080,4.3421,-7.1690
93.5456,4.2288,-7.3034,3.1353,0.0220,-0.1576,0.9080,4.3421,-7.1690
93.5549,4.2285,-7.3034,3.1332,0.0233,-0.1270,0.9080,4.3421,-7.1690
93.5647,4.2285,-7.3034,3.1332,0.0233,-0.1270,0.9080,4.3421,-7.1690
93.5741,4.2283,-7.3034,3.1322,0.0233,-0.1270,0.9080,4.3421,-7.1690
93.5843,4.2281,-7.3034,3.1311,0.0233,-0.1270,0.9080,4.3421,-7.1690
93.5957,4.2280,-7.3034,3.1301,0.0233,-0.1270,0.9080,4.3421,-7.1690
93.6044,4.2279,-7.3034,3.1290,0.0233,-0.1270,0.9080,4.3421,-7.1690
93.6153,4.2275,-7.3034,3.1268,0.0233,-0.1270,0.9047,4.3349,-7.1693
93.6249,4.2275,-7.3034,3.1268,0.0233,-0.1270,0.9047,4.3349,-7.1693
93.6345,4.2273,-7.3034,3.1257,0.0233,-0.1270,0.9047,4.3349,-7.1693
93.6455,4.2272,-7.3034,3.1248,0.0233,-0.1270,0.9047,4.3349,-7.1693
93.6543,4.2270,-7.3034,3.1238,0.0218,-0.0795,0.9047,4.3349,-7.1693
93.6646,4.2268,-7.3034,3.1227,0.0218,-0.0795,0.9047,4.3349,-7.1693
93.6743,4.2266,-7.3034,3.1217,0.0218,-0.0795,0.9047,4.3349,-7.1693
93.6842,4.2264,-7.3034,3.1206,0.0218,-0.0795,0.9047,4.3349,-7.1693
93.6942,4.2262,-7.3033,3.1196,0.0218,-0.0795,0.9047,4.3349,-7.1693
93.7044,4.2260,-7.3033,3.1186,0.0218,-0.0795,0.9103,4.3349,-7.1693
93.7143,4.2258,-7.3033,3.1175,0.0218,-0.0795,0.9103,4.3349,-7.1693
93.7253,4.2256,-7.3033,3.1165,0.0218,-0.0795,0.9103,4.3250,-7.1697
93.7352,4.2253,-7.3033,3.1145,0.0218,-0.0795,0.9103,4.3250,-7.1697
93.7451,4.2253,-7.3033,3.1145,0.0218,-0.0795,0.9103,4.3250,-7.1697
93.7548,4.2250,-7.3033,3.1128,0.0222,-0.0607,0.9103,4.3250,-7.1697
93.7689,4.2248,-7.3033,3.1119,0.0222,-0.0607,0.9103,4.3250,-7.1697
93.7744,4.2246,-7.3033,3.1110,0.0222,-0.0607,0.9103,4.3250,-7.1697
93.7852,4.2244,-7.3033,3.1102,0.0222,-0.0607,0.9103,4.3250,-7.1697
93.7950,4.2242,-7.3033,3.1091,0.0222,-0.0607,0.9103,4.3250,-7.1697
93.8041,4.2242,-7.3033,3.1091,0.0222,-0.0607,0.9116,4.3250,-7.1697
93.8146,4.2237,-7.3033,3.1072,0.0222,-0.0607,0.9116,4.3250,-7.1697
93.8245,4.2235,-7.3033,3.1062,0.0222,-0.0607,0.9116,4.3198,-7.1701
93.8359,4.2233,-7.3033,3.1051,0.0222,-0.0607,0.9116,4.3198,-7.1701
93.8456,4.2230,-7.3033,3.1039,0.0238,-0.0242,0.9116,4.3198,-7.1701
93.8553,4.2228,-7.3032,3.1028,0.0238,-0.0242,0.9116,4.3198,-7.1701
93.8641,4.2226,-7.3032,3.1016,0.0238,-0.0242,0.9116,4.3198,-7.1701
93.8747,4.2224,-7.3032,3.1006,0.0238,-0.0242,0.9116,4.3198,-7.1701
93.8843,4.2221,-7.3032,3.0995,0.0238,-0.0242,0.9116,4.3198,-7.1701
93.8949,4.2220,-7.3032,3.0985,0.0238,-0.0242,0.9116,4.3198,-7.1701
93.9041,4.2217,-7.3032,3.0974,0.0238,-0.0242,0.9119,4.3198,-7.1701
93.9142,4.2215,-7.3032,3.0966,0.0238,-0.0242,0.9119,4.3198,-7.1704
93.9241,4.2214,-7.3032,3.0959,0.0238,-0.0242,0.9119,4.3198,-7.1704
93.9359,4.2211,-7.3032,3.0952,0.0238,-0.0242,0.9119,4.3198,-7.1704
93.9450,4.2209,-7.3032,3.0946,0.0238,-0.0242,0.9119,4.3198,-7.1704
93.9546,4.2207,-7.3032,3.0941,0.0228,0.0140,0.9119,4.3198,-7.1704
93.9647,4.2205,-7.3031,3.0938,0.0228,0.0140,0.9119,4.3198,-7.1704
93.9754,4.2202,-7.3031,3.0932,0.0228,0.0140,0.9119,4.3198,-7.1704
93.9848,4.2200,-7.3031,3.0927,0.0228,0.0140,0.9119,4.3198,-7.1704
93.9948,4.2198,-7.3031,3.0922,0.0228,0.0140,0.9119,4.3198,-7.1704
94.0045,4.2197,-7.3031,3.0922,0.0228,0.0140,0.9096,4.3198,-7.1704
94.0144,4.2194,-7.3031,3.0919,0.0228,0.0140,0.9096,4.3198,-7.1704
94.0243,4.2193,-7.3031,3.0913,0.0228,0.0140,0.9096,4.3200,-7.1717
94.0345,4.2190,-7.3031,3.0908,0.0228,0.0140,0.9096,4.3200,-7.1717
94.0443,4.2189,-7.3031,3.0903,0.0228,0.0140,0.9096,4.3200,-7.1717
94.0542,4.2187,-7.3031,3.0898,0.0229,0.0363,0.9096,4.3200,-7.1717
94.0649,4.2185,-7.3030,3.0894,0.0229,0.0363,0.9096,4.3200,-7.1717
94.0745,4.2184,-7.3030,3.0891,0.0229,0.0363,0.9096,4.3200,-7.1717
94.0845,4.2181,-7.3030,3.0887,0.0229,0.0363,0.9096,4.3200,-7.1717
94.0952,4.2180,-7.3030,3.0884,0.0229,0.0363,0.9096,4.3200,-7.1717
94.1049,4.2178,-7.3030,3.0880,0.0229,0.0363,0.9098,4.3200,-7.1702
94.1146,4.2176,-7.3030,3.0877,0.0229,0.0363,0.9098,4.3200,-7.1702
94.1244,4.2175,-7.3030,3.0873,0.0229,0.0363,0.9098,4.3200,-7.1702
94.1344,4.2173,-7.3030,3.0870,0.0229,0.0363,0.9098,4.3200,-7.1702
94.1457,4.2172,-7.3030,3.0866,0.0229,0.0363,0.9098,4.3200,-7.1702
94.1545,4.2170,-7.3030,3.0861,0.0229,0.0363,0.9098,4.3200,-7.1702
94.1648,4.2168,-7.3030,3.0856,0.0228,0.1063,0.9098,4.3200,-7.1702
94.1746,4.2167,-7.3029,3.0850,0.0228,0.1063,0.9098,4.3200,-7.1702
94.1852,4.2165,-7.3029,3.0845,0.0228,0.1063,0.9098,4.3200,-7.1702
94.1955,4.2163,-7.3029,3.0842,0.0228,0.1063,0.9098,4.3200,-7.1702
94.2048,4.2162,-7.3029,3.0838,0.0228,0.1063,0.9118,4.3200,-7.1702
94.2150,4.2159,-7.3029,3.0835,0.0228,0.1063,0.9118,4.3136,-7.1687
94.2269,4.2158,-7.3029,3.0833,0.0228,0.1063,0.9118,4.3136,-7.1687
94.2351,4.2156,-7.3029,3.0831,0.0228,0.1063,0.9118,4.3136,-7.1687
94.2470,4.2154,-7.3029,3.0829,0.0228,0.1063,0.9118,4.3136,-7.1687
94.2551,4.2152,-7.3029,3.0828,0.0230,0.1423,0.9118,4.3136,-7.1687
94.2642,4.2151,-7.3029,3.0828,0.0230,0.1423,0.9118,4.3136,-7.1687
94.2742,4.2149,-7.3028,3.0826,0.0230,0.1423,0.9118,4.3136,-7.1687
94.2848,4.2147,-7.3028,3.0826,0.0230,0.1423,0.9118,4.3136,-7.1687
94.2981,4.2145,-7.3028,3.0826,0.0230,0.1423,0.9118,4.3136,-7.1687
94.3047,4.2143,-7.3028,3.0828,0.0230,0.1423,0.9075,4.3136,-7.1687
94.3153,4.2141,-7.3028,3.0828,0.0230,0.1423,0.9075,4.3134,-7.1698
94.3270,4.2139,-7.3028,3.0829,0.0230,0.1423,0.9075,4.3134,-7.1698
94.3391,4.2137,-7.3028,3.0831,0.0230,0.1423,0.9075,4.3134,-7.1698
94.3580,4.2135,-7.3028,3.0833,0.0236,0.1032,0.9075,4.3134,-7.1698
94.3585,4.2133,-7.3027,3.0836,0.0236,0.1032,0.9075,4.3134,-7.1698
94.3656,4.2131,-7.3027,3.0838,0.0236,0.1032,0.9075,4.3134,-7.1698
94.3747,4.2129,-7.3027,3.0840,0.0236,0.1032,0.9075,4.3134,-7.1698
94.3851,4.2127,-7.3027,3.0842,0.0236,0.1032,0.9075,4.3134,-7.1698
94.3953,4.2125,-7.3027,3.0843,0.0236,0.1032,0.9075,4.3134,-7.1698
94.4049,4.2123,-7.3027,3.0845,0.0236,0.1032,0.9016,4.3063,-7.1688
94.4157,4.2121,-7.3027,3.0845,0.0236,0.1032,0.9016,4.3063,-7.1688
94.4274,4.2119,-7.3027,3.0845,0.0236,0.1032,0.9016,4.3063,-7.1688
94.4364,4.2117,-7.3027,3.0845,0.0236,0.1032,0.9016,4.3063,-7.1688
94.4473,4.2115,-7.3027,3.0842,0.0236,0.1032,0.9016,4.3063,-7.1688
94.4560,4.2114,-7.3026,3.0838,0.0232,0.1122,0.9016,4.3063,-7.1688
94.4652,4.2112,-7.3026,3.0835,0.0232,0.1122,0.9016,4.3063,-7.1688
94.4762,4.2110,-7.3026,3.0831,0.0232,0.1122,0.9016,4.3063,-7.1688
94.4849,4.2108,-7.3026,3.0826,0.0232,0.1122,0.9016,4.3063,-7.1688
94.4956,4.2106,-7.3026,3.0823,0.0232,0.1122,0.9016,4.3063,-7.1688
94.5054,4.2104,-7.3026,3.0817,0.0232,0.1122,0.9124,4.3063,-7.1688
94.5155,4.2102,-7.3026,3.0814,0.0232,0.1122,0.9124,4.3063,-7.1688
94.5260,4.2100,-7.3026,3.0810,0.0232,0.1122,0.9124,4.3013,-7.1681
94.5345,4.2099,-7.3026,3.0809,0.0232,0.1122,0.9124,4.3013,-7.1681
94.5447,4.2097,-7.3025,3.0807,0.0232,0.1122,0.9124,4.3013,-7.1681
94.5559,4.2096,-7.3025,3.0805,0.0234,0.1206,0.9124,4.3013,-7.1681
94.5645,4.2094,-7.3025,3.0805,0.0234,0.1206,0.9124,4.3013,-7.1681
94.5742,4.2092,-7.3025,3.0805,0.0234,0.1206,0.9124,4.3013,-7.1681
94.5844,4.2091,-7.3025,3.0805,0.0234,0.1206,0.9124,4.3013,-7.1681
94.5956,4.2089,-7.3025,3.0807,0.0234,0.1206,0.9124,4.3013,-7.1681
94.6042,4.2087,-7.3025,3.0809,0.0234,0.1206,0.9092,4.3013,-7.1681
94.6155,4.2085,-7.3025,3.0810,0.0234,0.1206,0.9092,4.2986,-7.1676
94.6266,4.2083,-7.3025,3.0812,0.0234,0.1206,0.9092,4.2986,-7.1676
94.6356,4.2082,-7.3024,3.0816,0.0234,0.1206,0.9092,4.2986,-7.1676
94.6456,4.2080,-7.3024,3.0819,0.0234,0.1206,0.9092,4.2986,-7.1676
94.6549,4.2078,-7.3024,3.0823,0.0223,0.1143,0.9092,4.2986,-7.1676
94.6643,4.2077,-7.3024,3.0826,0.0223,0.1143,0.9092,4.2986,-7.1676
94.6748,4.2075,-7.3024,3.0831,0.0223,0.1143,0.9092,4.2986,-7.1676
94.6844,4.2074,-7.3024,3.0835,0.0223,0.1143,0.9092,4.2986,-7.1676
94.6963,4.2072,-7.3024,3.0840,0.0223,0.1143,0.9134,4.2986,-7.1676
94.7041,4.2070,-7.3024,3.0845,0.0223,0.1143,0.9134,4.2986,-7.1676
94.7152,4.2068,-7.3024,3.0849,0.0223,0.1143,0.9134,4.3000,-7.1678
94.7242,4.2067,-7.3024,3.0854,0.0223,0.1143,0.9134,4.3000,-7.1678
94.7370,4.2065,-7.3023,3.0859,0.0223,0.1143,0.9134,4.3000,-7.1678
94.7451,4.2063,-7.3023,3.0864,0.0233,0.1312,0.9134,4.3000,-7.1678
94.7569,4.2061,-7.3023,3.0870,0.0233,0.1312,0.9134,4.3000,-7.1678
94.7645,4.2060,-7.3023,3.0873,0.0233,0.1312,0.9134,4.3000,-7.1678
94.7744,4.2058,-7.3023,3.0878,0.0233,0.1312,0.9134,4.3000,-7.1678
94.7844,4.2056,-7.3023,3.0882,0.0233,0.1312,0.9134,4.3000,-7.1678
94.7956,4.2055,-7.3023,3.0887,0.0233,0.1312,0.9051,4.3000,-7.1678
94.8040,4.2053,-7.3023,3.0892,0.0233,0.1312,0.9051,4.3000,-7.1678
94.8143,4.2051,-7.3023,3.0898,0.0233,0.1312,0.9051,4.2959,-7.1699
94.8254,4.2049,-7.3023,3.0903,0.0233,0.1312,0.9051,4.2959,-7.1699
94.8347,4.2047,-7.3023,3.0908,0.0233,0.1312,0.9051,4.2959,-7.1699
94.8446,4.2045,-7.3022,3.0915,0.0233,0.1312,0.9051,4.2959,-7.1699
94.8552,4.2043,-7.3022,3.0922,0.0229,0.1146,0.9051,4.2959,-7.1699
94.8641,4.2041,-7.3022,3.0931,0.0229,0.1146,0.9051,4.2959,-7.1699
94.8745,4.2038,-7.3022,3.0938,0.0229,0.1146,0.9051,4.2959,-7.1699
94.8845,4.2036,-7.3022,3.0946,0.0229,0.1146,0.9051,4.2959,-7.1699
94.8951,4.2034,-7.3022,3.0955,0.0229,0.1146,0.9079,4.2959,-7.1699
94.9042,4.2032,-7.3022,3.0964,0.0229,0.1146,0.9079,4.2959,-7.1699
94.9140,4.2030,-7.3022,3.0973,0.0229,0.1146,0.9079,4.2928,-7.1693
94.9251,4.2027,-7.3022,3.0983,0.0229,0.1146,0.9079,4.2928,-7.1693
94.9343,4.2025,-7.3022,3.0992,0.0229,0.1146,0.9079,4.2928,-7.1693
94.9459,4.2023,-7.3021,3.1002,0.0229,0.1146,0.9079,4.2928,-7.1693
94.9548,4.2021,-7.3021,3.1011,0.0222,0.0757,0.9079,4.2928,-7.1693
94.9656,4.2019,-7.3021,3.1021,0.0222,0.0757,0.9079,4.2928,-7.1693
94.9764,4.2016,-7.3021,3.1032,0.0222,0.0757,0.9079,4.2928,-7.1693
94.9844,4.2014,-7.3021,3.1041,0.0222,0.0757,0.9079,4.2928,-7.1693
94.9952,4.2012,-7.3021,3.1049,0.0222,0.0757,0.9098,4.2928,-7.1693
95.0047,4.2008,-7.3021,3.1060,0.0222,0.0757,0.9098,4.2928,-7.1693
95.0146,4.2006,-7.3021,3.1070,0.0222,0.0757,0.9098,4.2967,-7.1703
95.0245,4.2003,-7.3021,3.1079,0.0222,0.0757,0.9098,4.2967,-7.1703
95.0359,4.2000,-7.3021,3.1088,0.0222,0.0757,0.9098,4.2967,-7.1703
95.0447,4.1997,-7.3021,3.1097,0.0236,0.0768,0.9098,4.2967,-7.1703
95.0544,4.1994,-7.3020,3.1104,0.0236,0.0768,0.9098,4.2967,-7.1703
95.0644,4.1991,-7.3020,3.1110,0.0236,0.0768,0.9098,4.2967,-7.1703
95.0744,4.1989,-7.3020,3.1116,0.0236,0.0768,0.9098,4.2967,-7.1703
95.0849,4.1986,-7.3020,3.1121,0.0236,0.0768,0.9098,4.2967,-7.1703
95.0946,4.1984,-7.3020,3.1126,0.0236,0.0768,0.9098,4.2967,-7.1703
95.1039,4.1982,-7.3020,3.1130,0.0236,0.0768,0.9069,4.2998,-7.1703
95.1143,4.1980,-7.3020,3.1133,0.0236,0.0768,0.9069,4.2998,-7.1703
95.1278,4.1977,-7.3020,3.1138,0.0236,0.0768,0.9069,4.2998,-7.1703
95.1343,4.1975,-7.3020,3.1142,0.0236,0.0768,0.9069,4.2998,-7.1703
95.1454,4.1972,-7.3020,3.1145,0.0236,0.0768,0.9069,4.2998,-7.1703
95.1544,4.1970,-7.3020,3.1151,0.0228,0.0690,0.9069,4.2998,-7.1703
95.1648,4.1968,-7.3020,3.1154,0.0228,0.0690,0.9069,4.2998,-7.1703
95.1742,4.1966,-7.3020,3.1159,0.0228,0.0690,0.9069,4.2998,-7.1703
95.1841,4.1964,-7.3020,3.1165,0.0228,0.0690,0.9069,4.2998,-7.1703
95.1963,4.1962,-7.3020,3.1170,0.0228,0.0690,0.9039,4.2998,-7.1703
95.2046,4.1959,-7.3019,3.1177,0.0228,0.0690,0.9039,4.2998,-7.1703
95.2145,4.1957,-7.3019,3.1182,0.0228,0.0690,0.9039,4.3025,-7.1705
95.2250,4.1955,-7.3019,3.1189,0.0228,0.0690,0.9039,4.3025,-7.1705
95.2342,4.1953,-7.3019,3.1198,0.0228,0.0690,0.9039,4.3025,-7.1705
95.2445,4.1951,-7.3019,3.1205,0.0228,0.0690,0.9039,4.3025,-7.1705
95.2554,4.1949,-7.3019,3.1213,0.0216,0.0431,0.9039,4.3025,-7.1705
95.2643,4.1947,-7.3019,3.1220,0.0216,0.0431,0.9039,4.3025,-7.1705
95.2751,4.1945,-7.3019,3.1229,0.0216,0.0431,0.9039,4.3025,-7.1705
95.2844,4.1943,-7.3019,3.1236,0.0216,0.0431,0.9039,4.3025,-7.1705
95.2945,4.1941,-7.3019,3.1243,0.0216,0.0431,0.9093,4.3025,-7.1705
95.3043,4.1939,-7.3019,3.1250,0.0216,0.0431,0.9093,4.3025,-7.1705
95.3145,4.1937,-7.3019,3.1257,0.0216,0.0431,0.9093,4.2983,-7.1692
95.3252,4.1935,-7.3019,3.1262,0.0216,0.0431,0.9093,4.2983,-7.1692
95.3344,4.1933,-7.3019,3.1268,0.0216,0.0431,0.9093,4.2983,-7.1692
95.3450,4.1930,-7.3019,3.1275,0.0216,0.0431,0.9093,4.2983,-7.1692
95.3558,4.1928,-7.3019,3.1280,0.0221,0.0135,0.9093,4.2983,-7.1692
95.3642,4.1926,-7.3019,3.1285,0.0221,0.0135,0.9093,4.2983,-7.1692
95.3748,4.1924,-7.3019,3.1289,0.0221,0.0135,0.9093,4.2983,-7.1692
95.3843,4.1921,-7.3019,3.1294,0.0221,0.0135,0.9093,4.2983,-7.1692
95.3948,4.1919,-7.3019,3.1297,0.0221,0.0135,0.9043,4.2983,-7.1692
95.4049,4.1917,-7.3019,3.1302,0.0221,0.0135,0.9043,4.2983,-7.1692
95.4150,4.1915,-7.3019,3.1306,0.0221,0.0135,0.9043,4.2959,-7.1713
95.4247,4.1913,-7.3019,3.1311,0.0221,0.0135,0.9043,4.2959,-7.1713
95.4344,4.1911,-7.3019,3.1315,0.0221,0.0135,0.9043,4.2959,-7.1713
95.4448,4.1909,-7.3019,3.1318,0.0221,0.0135,0.9043,4.2959,-7.1713
95.4544,4.1907,-7.3019,3.1323,0.0234,0.0093,0.9043,4.2959,-7.1713
95.4646,4.1906,-7.3019,3.1327,0.0234,0.0093,0.9043,4.2959,-7.1713
95.4750,4.1904,-7.3019,3.1332,0.0234,0.0093,0.9043,4.2959,-7.1713
95.4853,4.1902,-7.3019,3.1337,0.0234,0.0093,0.9043,4.2959,-7.1713
95.4963,4.1900,-7.3019,3.1343,0.0234,0.0093,0.9096,4.2959,-7.1713
95.5045,4.1898,-7.3019,3.1348,0.0234,0.0093,0.9096,4.2980,-7.1713
95.5157,4.1896,-7.3019,3.1353,0.0234,0.0093,0.9096,4.2980,-7.1713
95.5252,4.1894,-7.3019,3.1360,0.0234,0.0093,0.9096,4.2980,-7.1713
95.5348,4.1891,-7.3019,3.1365,0.0234,0.0093,0.9096,4.2980,-7.1713
95.5493,4.1889,-7.3019,3.1371,0.0234,0.0093,0.9096,4.2980,-7.1713
95.5547,4.1887,-7.3019,3.1376,0.0230,-0.0027,0.9096,4.2980,-7.1713
95.5722,4.1884,-7.3019,3.1381,0.0230,-0.0027,0.9096,4.2980,-7.1713
95.5786,4.1882,-7.3019,3.1386,0.0230,-0.0027,0.9096,4.2980,-7.1713
95.5848,4.1880,-7.3019,3.1391,0.0230,-0.0027,0.9096,4.2980,-7.1713
95.5951,4.1877,-7.3019,3.1395,0.0230,-0.0027,0.9135,4.2980,-7.1713
95.6045,4.1875,-7.3019,3.1400,0.0230,-0.0027,0.9135,4.2980,-7.1713
95.6153,4.1872,-7.3019,3.1404,0.0230,-0.0027,0.9135,4.2988,-7.1714
95.6246,4.1870,-7.3019,3.1407,0.0230,-0.0027,0.9135,4.2988,-7.1714
95.6357,4.1867,-7.3018,3.1409,0.0230,-0.0027,0.9135,4.2988,-7.1714
95.6450,4.1865,-7.3018,3.1412,0.0230,-0.0027,0.9135,4.2988,-7.1714
95.6544,4.1863,-7.3018,3.1414,0.0225,-0.0229,0.9135,4.2988,-7.1714
95.6650,4.1860,-7.3018,3.1416,0.0225,-0.0229,0.9135,4.2988,-7.1714
95.6742,4.1858,-7.3018,-3.1412,0.0225,-0.0229,0.9135,4.2988,-7.1714
95.6848,4.1856,-7.3018,-3.1411,0.0225,-0.0229,0.9135,4.2988,-7.1714
95.6953,4.1854,-7.3019,-3.1409,0.0225,-0.0229,0.9170,4.2988,-7.1714
95.7055,4.1852,-7.3019,-3.1405,0.0225,-0.0229,0.9170,4.2982,-7.1747
95.7153,4.1850,-7.3019,-3.1404,0.0225,-0.0229,0.9170,4.2982,-7.1747
95.7251,4.1848,-7.3019,-3.1400,0.0225,-0.0229,0.9170,4.2982,-7.1747
95.7353,4.1846,-7.3019,-3.1398,0.0225,-0.0229,0.9170,4.2982,-7.1747
95.7453,4.1844,-7.3019,-3.1395,0.0225,-0.0229,0.9170,4.2982,-7.1747
95.7541,4.1843,-7.3019,-3.1391,0.0226,-0.0276,0.9170,4.2982,-7.1747
95.7645,4.1842,-7.3019,-3.1388,0.0226,-0.0276,0.9170,4.2982,-7.1747
95.7762,4.1840,-7.3019,-3.1385,0.0226,-0.0276,0.9170,4.2982,-7.1747
95.7845,4.1839,-7.3019,-3.1383,0.0226,-0.0276,0.9170,4.2982,-7.1747
95.7946,4.1837,-7.3019,-3.1379,0.0226,-0.0276,0.9150,4.2982,-7.1747
95.8049,4.1836,-7.3019,-3.1376,0.0226,-0.0276,0.9150,4.2986,-7.1768
95.8152,4.1834,-7.3019,-3.1372,0.0226,-0.0276,0.9150,4.2986,-7.1768
95.8250,4.1833,-7.3019,-3.1369,0.0226,-0.0276,0.9150,4.2986,-7.1768
95.8350,4.1831,-7.3019,-3.1365,0.0226,-0.0276,0.9150,4.2986,-7.1768
95.8447,4.1830,-7.3019,-3.1364,0.0226,-0.0276,0.9150,4.2986,-7.1768
95.8554,4.1828,-7.3019,-3.1360,0.0235,-0.0082,0.9150,4.2986,-7.1768
95.8655,4.1828,-7.3019,-3.1357,0.0235,-0.0082,0.9150,4.2986,-7.1768
95.8751,4.1826,-7.3019,-3.1355,0.0235,-0.0082,0.9150,4.2986,-7.1768
95.8858,4.1825,-7.3019,-3.1351,0.0235,-0.0082,0.9150,4.2986,-7.1768
95.8969,4.1823,-7.3019,-3.1350,0.0235,-0.0082,0.9150,4.2986,-7.1768
95.9039,4.1821,-7.3019,-3.1346,0.0235,-0.0082,0.9120,4.2990,-7.1763
95.9146,4.1820,-7.3019,-3.1343,0.0235,-0.0082,0.9120,4.2990,-7.1763
95.9245,4.1818,-7.3019,-3.1339,0.0235,-0.0082,0.9120,4.2990,-7.1763
95.9343,4.1817,-7.3019,-3.1336,0.0235,-0.0082,0.9120,4.2990,-7.1763
95.9452,4.1815,-7.3019,-3.1332,0.0235,-0.0082,0.9120,4.2990,-7.1763
95.9548,4.1813,-7.3019,-3.1327,0.0231,-0.0484,0.9120,4.2990,-7.1763
95.9643,4.1811,-7.3019,-3.1323,0.0231,-0.0484,0.9120,4.2990,-7.1763
95.9752,4.1809,-7.3019,-3.1320,0.0231,-0.0484,0.9120,4.2990,-7.1763
95.9849,4.1807,-7.3019,-3.1316,0.0231,-0.0484,0.9120,4.2990,-7.1763
95.9958,4.1805,-7.3019,-3.1313,0.0231,-0.0484,0.9096,4.2990,-7.1763
96.0041,4.1802,-7.3019,-3.1309,0.0231,-0.0484,0.9096,4.2990,-7.1763
96.0141,4.1801,-7.3019,-3.1308,0.0231,-0.0484,0.9096,4.3008,-7.1765
96.0244,4.1799,-7.3019,-3.1304,0.0231,-0.0484,0.9096,4.3008,-7.1765
96.0343,4.1797,-7.3019,-3.1304,0.0231,-0.0484,0.9096,4.3008,-7.1765
96.0446,4.1794,-7.3019,-3.1302,0.0231,-0.0484,0.9096,4.3008,-7.1765
96.0547,4.1793,-7.3019,-3.1302,0.0215,-0.0780,0.9096,4.3008,-7.1765
96.0645,4.1790,-7.3019,-3.1302,0.0215,-0.0780,0.9096,4.3008,-7.1765
96.0745,4.1789,-7.3019,-3.1302,0.0215,-0.0780,0.9096,4.3008,-7.1765
96.0851,4.1787,-7.3019,-3.1302,0.0215,-0.0780,0.9096,4.3008,-7.1765
96.0964,4.1785,-7.3019,-3.1302,0.0215,-0.0780,0.9064,4.3008,-7.1765
96.1042,4.1782,-7.3019,-3.1302,0.0215,-0.0780,0.9064,4.3008,-7.1765
96.1147,4.1781,-7.3019,-3.1302,0.0215,-0.0780,0.9064,4.3006,-7.1755
96.1243,4.1779,-7.3019,-3.1302,0.0215,-0.0780,0.9064,4.3006,-7.1755
96.1344,4.1777,-7.3019,-3.1302,0.0215,-0.0780,0.9064,4.3006,-7.1755
96.1455,4.1776,-7.3019,-3.1302,0.0215,-0.0780,0.9064,4.3006,-7.1755
96.1545,4.1774,-7.3019,-3.1302,0.0234,-0.0478,0.9064,4.3006,-7.1755
96.1646,4.1773,-7.3019,-3.1302,0.0234,-0.0478,0.9064,4.3006,-7.1755
96.1747,4.1771,-7.3019,-3.1302,0.0234,-0.0478,0.9064,4.3006,-7.1755
96.1841,4.1770,-7.3019,-3.1302,0.0234,-0.0478,0.9064,4.3006,-7.1755
96.1945,4.1768,-7.3019,-3.1301,0.0234,-0.0478,0.9100,4.3006,-7.1755
96.2040,4.1766,-7.3019,-3.1301,0.0234,-0.0478,0.9100,4.3003,-7.1728
96.2144,4.1765,-7.3019,-3.1299,0.0234,-0.0478,0.9100,4.3003,-7.1728
96.2247,4.1763,-7.3019,-3.1299,0.0234,-0.0478,0.9100,4.3003,-7.1728
96.2344,4.1761,-7.3019,-3.1297,0.0234,-0.0478,0.9100,4.3003,-7.1728
96.2446,4.1759,-7.3019,-3.1295,0.0234,-0.0478,0.9100,4.3003,-7.1728
96.2542,4.1758,-7.3019,-3.1294,0.0234,-0.0478,0.9100,4.3003,-7.1728
96.2642,4.1756,-7.3019,-3.1292,0.0229,-0.0729,0.9100,4.3003,-7.1728
96.2746,4.1754,-7.3019,-3.1290,0.0229,-0.0729,0.9100,4.3003,-7.1728
96.2847,4.1752,-7.3019,-3.1287,0.0229,-0.0729,0.9100,4.3003,-7.1728
96.2951,4.1749,-7.3019,-3.1285,0.0229,-0.0729,0.9150,4.3003,-7.1728
96.3046,4.1747,-7.3019,-3.1282,0.0229,-0.0729,0.9150,4.3037,-7.1699
96.3148,4.1745,-7.3019,-3.1280,0.0229,-0.0729,0.9150,4.3037,-7.1699
96.3248,4.1743,-7.3019,-3.1278,0.0229,-0.0729,0.9150,4.3037,-7.1699
96.3365,4.1741,-7.3020,-3.1275,0.0229,-0.0729,0.9150,4.3037,-7.1699
96.3450,4.1738,-7.3020,-3.1275,0.0229,-0.0729,0.9150,4.3037,-7.1699
96.3542,4.1736,-7.3020,-3.1273,0.0225,-0.0701,0.9150,4.3037,-7.1699
96.3643,4.1734,-7.3020,-3.1271,0.0225,-0.0701,0.9150,4.3037,-7.1699
96.3748,4.1732,-7.3020,-3.1271,0.0225,-0.0701,0.9150,4.3037,-7.1699
96.3846,4.1730,-7.3020,-3.1271,0.0225,-0.0701,0.9150,4.3037,-7.1699
96.3955,4.1729,-7.3020,-3.1271,0.0225,-0.0701,0.9070,4.3037,-7.1699
96.4044,4.1727,-7.3020,-3.1273,0.0225,-0.0701,0.9070,4.3036,-7.1699
96.4141,4.1725,-7.3020,-3.1273,0.0225,-0.0701,0.9070,4.3036,-7.1699
96.4246,4.1723,-7.3020,-3.1276,0.0225,-0.0701,0.9070,4.3036,-7.1699
96.4343,4.1722,-7.3020,-3.1278,0.0225,-0.0701,0.9070,4.3036,-7.1699
96.4470,4.1720,-7.3020,-3.1282,0.0225,-0.0701,0.9070,4.3036,-7.1699
96.4554,4.1718,-7.3020,-3.1285,0.0230,-0.0665,0.9070,4.3036,-7.1699
96.4650,4.1716,-7.3020,-3.1289,0.0230,-0.0665,0.9070,4.3036,-7.1699
96.4749,4.1715,-7.3020,-3.1292,0.0230,-0.0665,0.9070,4.3036,-7.1699
96.4859,4.1713,-7.3020,-3.1295,0.0230,-0.0665,0.9070,4.3036,-7.1699
96.4950,4.1712,-7.3020,-3.1299,0.0230,-0.0665,0.9032,4.3036,-7.1699
96.5046,4.1710,-7.3020,-3.1302,0.0230,-0.0665,0.9032,4.3036,-7.1699
96.5147,4.1708,-7.3020,-3.1308,0.0230,-0.0665,0.9032,4.3025,-7.1696
96.5255,4.1706,-7.3020,-3.1311,0.0230,-0.0665,0.9032,4.3025,-7.1696
96.5347,4.1705,-7.3020,-3.1315,0.0230,-0.0665,0.9032,4.3025,-7.1696
96.5451,4.1703,-7.3020,-3.1318,0.0230,-0.0665,0.9032,4.3025,-7.1696
96.5543,4.1701,-7.3020,-3.1322,0.0228,-0.0615,0.9032,4.3025,-7.1696
96.5703,4.1697,-7.3020,-3.1329,0.0228,-0.0615,0.9032,4.3025,-7.1696
96.5778,4.1697,-7.3020,-3.1329,0.0228,-0.0615,0.9032,4.3025,-7.1696
96.5849,4.1695,-7.3020,-3.1332,0.0228,-0.0615,0.9032,4.3025,-7.1696
96.5947,4.1693,-7.3020,-3.1336,0.0228,-0.0615,0.9081,4.3025,-7.1696
96.6039,4.1690,-7.3020,-3.1339,0.0228,-0.0615,0.9081,4.3032,-7.1708
96.6142,4.1688,-7.3020,-3.1341,0.0228,-0.0615,0.9081,4.3032,-7.1708
96.6247,4.1686,-7.3020,-3.1344,0.0228,-0.0615,0.9081,4.3032,-7.1708
96.6345,4.1684,-7.3020,-3.1348,0.0228,-0.0615,0.9081,4.3032,-7.1708
96.6444,4.1682,-7.3020,-3.1350,0.0228,-0.0615,0.9081,4.3032,-7.1708
96.6544,4.1680,-7.3020,-3.1353,0.0226,-0.0501,0.9081,4.3032,-7.1708
96.6646,4.1678,-7.3020,-3.1357,0.0226,-0.0501,0.9081,4.3032,-7.1708
96.6742,4.1676,-7.3020,-3.1358,0.0226,-0.0501,0.9081,4.3032,-7.1708
96.6843,4.1674,-7.3020,-3.1362,0.0226,-0.0501,0.9081,4.3032,-7.1708
96.6949,4.1672,-7.3020,-3.1365,0.0226,-0.0501,0.9151,4.3032,-7.1708
96.7041,4.1670,-7.3020,-3.1367,0.0226,-0.0501,0.9151,4.3034,-7.1699
96.7149,4.1668,-7.3020,-3.1369,0.0226,-0.0501,0.9151,4.3034,-7.1699
96.7252,4.1666,-7.3020,-3.1371,0.0226,-0.0501,0.9151,4.3034,-7.1699
96.7353,4.1664,-7.3020,-3.1372,0.0226,-0.0501,0.9151,4.3034,-7.1699
96.7478,4.1663,-7.3020,-3.1374,0.0226,-0.0501,0.9151,4.3034,-7.1699
96.7546,4.1661,-7.3020,-3.1378,0.0229,-0.0069,0.9151,4.3034,-7.1699
96.7647,4.1659,-7.3020,-3.1379,0.0229,-0.0069,0.9151,4.3034,-7.1699
96.7747,4.1657,-7.3020,-3.1381,0.0229,-0.0069,0.9151,4.3034,-7.1699
96.7848,4.1655,-7.3020,-3.1383,0.0229,-0.0069,0.9151,4.3034,-7.1699
96.7946,4.1653,-7.3020,-3.1385,0.0229,-0.0069,0.9080,4.3034,-7.1699
96.8049,4.1651,-7.3020,-3.1386,0.0229,-0.0069,0.9080,4.3034,-7.1699
96.8160,4.1649,-7.3020,-3.1388,0.0229,-0.0069,0.9080,4.3037,-7.1708
96.8249,4.1648,-7.3020,-3.1391,0.0229,-0.0069,0.9080,4.3037,-7.1708
96.8352,4.1645,-7.3020,-3.1393,0.0229,-0.0069,0.9080,4.3037,-7.1708
96.8456,4.1643,-7.3020,-3.1395,0.0229,-0.0069,0.9080,4.3037,-7.1708
96.8544,4.1641,-7.3020,-3.1398,0.0218,0.0206,0.9080,4.3037,-7.1708
96.8645,4.1639,-7.3020,-3.1400,0.0218,0.0206,0.9080,4.3037,-7.1708
96.8745,4.1636,-7.3020,-3.1402,0.0218,0.0206,0.9080,4.3037,-7.1708
96.8847,4.1634,-7.3020,-3.1405,0.0218,0.0206,0.9080,4.3037,-7.1708
96.8949,4.1632,-7.3020,-3.1407,0.0218,0.0206,0.9131,4.3037,-7.1708
96.9045,4.1629,-7.3020,-3.1409,0.0218,0.0206,0.9131,4.3042,-7.1691
96.9146,4.1627,-7.3020,-3.1411,0.0218,0.0206,0.9131,4.3042,-7.1691
96.9249,4.1625,-7.3020,-3.1411,0.0218,0.0206,0.9131,4.3042,-7.1691
96.9351,4.1622,-7.3020,-3.1412,0.0218,0.0206,0.9131,4.3042,-7.1691
96.9462,4.1620,-7.3020,-3.1412,0.0218,0.0206,0.9131,4.3042,-7.1691
96.9548,4.1618,-7.3020,-3.1412,0.0230,0.0033,0.9131,4.3042,-7.1691
96.9650,4.1615,-7.3020,-3.1412,0.0230,0.0033,0.9131,4.3042,-7.1691
96.9753,4.1613,-7.3020,-3.1414,0.0230,0.0033,0.9131,4.3042,-7.1691
96.9844,4.1611,-7.3020,-3.1414,0.0230,0.0033,0.9131,4.3042,-7.1691
96.9946,4.1609,-7.3020,-3.1416,0.0230,0.0033,0.9080,4.3042,-7.1691
97.0041,4.1607,-7.3020,3.1414,0.0230,0.0033,0.9080,4.3042,-7.1691
97.0148,4.1605,-7.3020,3.1414,0.0230,0.0033,0.9080,4.3024,-7.1672
97.0261,4.1602,-7.3020,3.1412,0.0230,0.0033,0.9080,4.3024,-7.1672
97.0354,4.1600,-7.3020,3.1411,0.0230,0.0033,0.9080,4.3024,-7.1672
97.0459,4.1598,-7.3020,3.1409,0.0230,0.0033,0.9080,4.3024,-7.1672
97.0544,4.1595,-7.3020,3.1407,0.0231,0.0105,0.9080,4.3024,-7.1672
97.0645,4.1594,-7.3020,3.1404,0.0231,0.0105,0.9080,4.3024,-7.1672
97.0750,4.1591,-7.3020,3.1402,0.0231,0.0105,0.9080,4.3024,-7.1672
97.0848,4.1589,-7.3020,3.1400,0.0231,0.0105,0.9080,4.3024,-7.1672
97.0950,4.1588,-7.3020,3.1397,0.0231,0.0105,0.9126,4.3024,-7.1672
97.1053,4.1586,-7.3020,3.1395,0.0231,0.0105,0.9126,4.3024,-7.1672
97.1147,4.1584,-7.3020,3.1393,0.0231,0.0105,0.9126,4.2994,-7.1673
97.1253,4.1582,-7.3020,3.1391,0.0231,0.0105,0.9126,4.2994,-7.1673
97.1348,4.1580,-7.3020,3.1390,0.0231,0.0105,0.9126,4.2994,-7.1673
97.1465,4.1578,-7.3020,3.1386,0.0231,0.0105,0.9126,4.2994,-7.1673
97.1543,4.1576,-7.3020,3.1385,0.0235,0.0090,0.9126,4.2994,-7.1673
97.1651,4.1574,-7.3020,3.1383,0.0235,0.0090,0.9126,4.2994,-7.1673
97.1747,4.1572,-7.3020,3.1381,0.0235,0.0090,0.9126,4.2994,-7.1673
97.1849,4.1570,-7.3020,3.1379,0.0235,0.0090,0.9126,4.2994,-7.1673
97.1949,4.1568,-7.3020,3.1376,0.0235,0.0090,0.9113,4.2994,-7.1673
97.2071,4.1566,-7.3020,3.1374,0.0235,0.0090,0.9113,4.2994,-7.1673
97.2149,4.1564,-7.3020,3.1371,0.0235,0.0090,0.9113,4.2955,-7.1672
97.2264,4.1561,-7.3020,3.1369,0.0235,0.0090,0.9113,4.2955,-7.1672
97.2348,4.1559,-7.3020,3.1367,0.0235,0.0090,0.9113,4.2955,-7.1672
97.2456,4.1557,-7.3020,3.1364,0.0235,0.0090,0.9113,4.2955,-7.1672
97.2544,4.1554,-7.3020,3.1362,0.0235,0.0090,0.9113,4.2955,-7.1672
97.2646,4.1551,-7.3020,3.1358,0.0232,0.0255,0.9113,4.2955,-7.1672
97.2746,4.1551,-7.3020,3.1355,0.0232,0.0255,0.9113,4.2955,-7.1672
97.2843,4.1546,-7.3020,3.1353,0.0232,0.0255,0.9113,4.2955,-7.1672
97.2988,4.1544,-7.3020,3.1350,0.0232,0.0255,0.9106,4.2955,-7.1672
97.3043,4.1541,-7.3020,3.1348,0.0232,0.0255,0.9106,4.2928,-7.1681
97.3146,4.1539,-7.3020,3.1344,0.0232,0.0255,0.9106,4.2928,-7.1681
97.3248,4.1537,-7.3020,3.1343,0.0232,0.0255,0.9106,4.2928,-7.1681
97.3350,4.1535,-7.3020,3.1339,0.0232,0.0255,0.9106,4.2928,-7.1681
97.3448,4.1532,-7.3020,3.1337,0.0232,0.0255,0.9106,4.2928,-7.1681
97.3552,4.1531,-7.3020,3.1336,0.0222,0.0034,0.9106,4.2928,-7.1681
97.3649,4.1528,-7.3020,3.1334,0.0222,0.0034,0.9106,4.2928,-7.1681
97.3748,4.1526,-7.3020,3.1332,0.0222,0.0034,0.9106,4.2928,-7.1681
97.3845,4.1524,-7.3020,3.1330,0.0222,0.0034,0.9106,4.2928,-7.1681
97.3952,4.1523,-7.3020,3.1329,0.0222,0.0034,0.9086,4.2928,-7.1681
97.4040,4.1521,-7.3020,3.1329,0.0222,0.0034,0.9086,4.2946,-7.1664
97.4150,4.1520,-7.3020,3.1327,0.0222,0.0034,0.9086,4.2946,-7.1664
97.4246,4.1518,-7.3020,3.1327,0.0222,0.0034,0.9086,4.2946,-7.1664
97.4358,4.1516,-7.3020,3.1325,0.0222,0.0034,0.9086,4.2946,-7.1664
97.4454,4.1515,-7.3020,3.1325,0.0235,-0.0090,0.9086,4.2946,-7.1664
97.4544,4.1513,-7.3020,3.1323,0.0235,-0.0090,0.9086,4.2946,-7.1664
97.4646,4.1511,-7.3020,3.1323,0.0235,-0.0090,0.9086,4.2946,-7.1664
97.4745,4.1510,-7.3020,3.1322,0.0235,-0.0090,0.9086,4.2946,-7.1664
97.4841,4.1508,-7.3020,3.1320,0.0235,-0.0090,0.9086,4.2946,-7.1664
97.4947,4.1506,-7.3020,3.1320,0.0235,-0.0090,0.9096,4.2946,-7.1664
97.5044,4.1505,-7.3020,3.1318,0.0235,-0.0090,0.9096,4.2916,-7.1667
97.5144,4.1503,-7.3020,3.1318,0.0235,-0.0090,0.9096,4.2916,-7.1667
97.5257,4.1501,-7.3020,3.1316,0.0235,-0.0090,0.9096,4.2916,-7.1667
97.5350,4.1499,-7.3020,3.1315,0.0235,-0.0090,0.9096,4.2916,-7.1667
97.5449,4.1497,-7.3020,3.1313,0.0235,-0.0090,0.9096,4.2916,-7.1667
97.5545,4.1496,-7.3020,3.1313,0.0227,0.0140,0.9096,4.2916,-7.1667
97.5643,4.1494,-7.3020,3.1311,0.0227,0.0140,0.9096,4.2916,-7.1667
97.5741,4.1492,-7.3020,3.1311,0.0227,0.0140,0.9096,4.2916,-7.1667
97.5844,4.1489,-7.3020,3.1309,0.0227,0.0140,0.9096,4.2916,-7.1667
97.5988,4.1485,-7.3020,3.1308,0.0227,0.0140,0.9123,4.2900,-7.1679
97.6043,4.1485,-7.3020,3.1308,0.0227,0.0140,0.9123,4.2900,-7.1679
97.6145,4.1483,-7.3020,3.1306,0.0227,0.0140,0.9123,4.2900,-7.1679
97.6253,4.1480,-7.3020,3.1304,0.0227,0.0140,0.9123,4.2900,-7.1679
97.6342,4.1478,-7.3020,3.1302,0.0227,0.0140,0.9123,4.2900,-7.1679
97.6456,4.1476,-7.3020,3.1301,0.0227,0.0140,0.9123,4.2900,-7.1679
97.6543,4.1474,-7.3019,3.1301,0.0229,-0.0503,0.9123,4.2900,-7.1679
97.6653,4.1474,-7.3019,3.1301,0.0229,-0.0503,0.9123,4.2900,-7.1679
97.6748,4.1474,-7.3019,3.1299,0.0229,-0.0503,0.9123,4.2900,-7.1679
97.6847,4.1474,-7.3019,3.1299,0.0229,-0.0503,0.9123,4.2900,-7.1679
97.6950,4.1474,-7.3019,3.1299,0.0229,-0.0503,0.9092,4.2900,-7.1679
97.7049,4.1474,-7.3019,3.1299,0.0229,-0.0503,0.9092,4.2893,-7.1667
97.7153,4.1474,-7.3019,3.1299,0.0229,-0.0503,0.9092,4.2893,-7.1667
97.7247,4.1474,-7.3019,3.1299,0.0229,-0.0503,0.9092,4.2893,-7.1667
97.7351,4.1474,-7.3019,3.1299,0.0229,-0.0503,0.9092,4.2893,-7.1667
97.7468,4.1474,-7.3019,3.1299,0.0221,-0.0407,0.9092,4.2893,-7.1667
97.7541,4.1474,-7.3019,3.1299,0.0221,-0.0407,0.9092,4.2893,-7.1667
97.7736,4.1474,-7.3019,3.1301,0.0221,-0.0407,0.9092,4.2893,-7.1667
97.7751,4.1474,-7.3019,3.1301,0.0221,-0.0407,0.9092,4.2893,-7.1667
97.7848,4.1450,-7.3019,3.1301,0.0221,-0.0407,0.9092,4.2893,-7.1667
97.7947,4.1448,-7.3019,3.1301,0.0221,-0.0407,0.9151,4.2893,-7.1667
97.8039,4.1446,-7.3019,3.1301,0.0221,-0.0407,0.9151,4.2875,-7.1657
97.8141,4.1445,-7.3019,3.1301,0.0221,-0.0407,0.9151,4.2875,-7.1657
97.8257,4.1443,-7.3019,3.1301,0.0221,-0.0407,0.9151,4.2875,-7.1657
97.8362,4.1441,-7.3019,3.1299,0.0221,-0.0407,0.9151,4.2875,-7.1657
97.8446,4.1439,-7.3019,3.1295,0.0221,-0.0407,0.9151,4.2875,-7.1657
97.8544,4.1437,-7.3019,3.1294,0.0226,0.0008,0.9151,4.2875,-7.1657
97.8645,4.1436,-7.3019,3.1290,0.0226,0.0008,0.9151,4.2875,-7.1657
97.8744,4.1434,-7.3019,3.1285,0.0226,0.0008,0.9151,4.2875,-7.1657
97.8852,4.1432,-7.3019,3.1282,0.0226,0.0008,0.9151,4.2875,-7.1657
97.8964,4.1430,-7.3019,3.1276,0.0226,0.0008,0.9076,4.2875,-7.1657
97.9054,4.1428,-7.3019,3.1273,0.0226,0.0008,0.9076,4.2847,-7.1671
97.9148,4.1427,-7.3019,3.1268,0.0226,0.0008,0.9076,4.2847,-7.1671
97.9253,4.1425,-7.3019,3.1264,0.0226,0.0008,0.9076,4.2847,-7.1671
97.9357,4.1423,-7.3019,3.1262,0.0226,0.0008,0.9076,4.2847,-7.1671
97.9458,4.1421,-7.3019,3.1259,0.0226,0.0008,0.9076,4.2847,-7.1671
97.9543,4.1419,-7.3019,3.1257,0.0234,-0.0043,0.9076,4.2847,-7.1671
97.9658,4.1417,-7.3019,3.1255,0.0234,-0.0043,0.9076,4.2847,-7.1671
97.9756,4.1415,-7.3019,3.1254,0.0234,-0.0043,0.9076,4.2847,-7.1671
97.9849,4.1412,-7.3019,3.1252,0.0234,-0.0043,0.9076,4.2847,-7.1671
97.9949,4.1410,-7.3019,3.1252,0.0234,-0.0043,0.9061,4.2847,-7.1671
98.0044,4.1407,-7.3019,3.1250,0.0234,-0.0043,0.9061,4.2821,-7.1686
98.0146,4.1405,-7.3019,3.1248,0.0234,-0.0043,0.9061,4.2821,-7.1686
98.0252,4.1402,-7.3019,3.1248,0.0234,-0.0043,0.9061,4.2821,-7.1686
98.0356,4.1399,-7.3018,3.1247,0.0234,-0.0043,0.9061,4.2821,-7.1686
98.0454,4.1397,-7.3018,3.1245,0.0233,0.0350,0.9061,4.2821,-7.1686
98.0546,4.1394,-7.3018,3.1243,0.0233,0.0350,0.9061,4.2821,-7.1686
98.0658,4.1391,-7.3018,3.1241,0.0233,0.0350,0.9061,4.2821,-7.1686
98.0768,4.1388,-7.3018,3.1240,0.0233,0.0350,0.9061,4.2821,-7.1686
98.0884,4.1386,-7.3018,3.1238,0.0233,0.0350,0.9061,4.2821,-7.1686
98.0955,4.1383,-7.3018,3.1236,0.0233,0.0350,0.9151,4.2821,-7.1686
98.1048,4.1380,-7.3018,3.1234,0.0233,0.0350,0.9151,4.2821,-7.1686
98.1144,4.1378,-7.3018,3.1233,0.0233,0.0350,0.9151,4.2809,-7.1689
98.1244,4.1375,-7.3018,3.1233,0.0233,0.0350,0.9151,4.2809,-7.1689
98.1356,4.1373,-7.3018,3.1233,0.0233,0.0350,0.9151,4.2809,-7.1689
98.1462,4.1370,-7.3018,3.1234,0.0224,0.0357,0.9151,4.2809,-7.1689
98.1544,4.1368,-7.3018,3.1234,0.0224,0.0357,0.9151,4.2809,-7.1689
98.1641,4.1366,-7.3018,3.1236,0.0224,0.0357,0.9151,4.2809,-7.1689
98.1748,4.1364,-7.3018,3.1238,0.0224,0.0357,0.9151,4.2809,-7.1689
98.1856,4.1362,-7.3018,3.1241,0.0224,0.0357,0.9151,4.2809,-7.1689
98.1949,4.1360,-7.3018,3.1243,0.0224,0.0357,0.9163,4.2809,-7.1689
98.2050,4.1358,-7.3018,3.1245,0.0224,0.0357,0.9163,4.2788,-7.1690
98.2152,4.1356,-7.3018,3.1245,0.0224,0.0357,0.9163,4.2788,-7.1690
98.2256,4.1354,-7.3018,3.1247,0.0224,0.0357,0.9163,4.2788,-7.1690
98.2344,4.1353,-7.3018,3.1247,0.0224,0.0357,0.9163,4.2788,-7.1690
98.2446,4.1351,-7.3018,3.1245,0.0224,0.0357,0.9163,4.2788,-7.1690
98.2545,4.1349,-7.3018,3.1245,0.0235,0.0300,0.9163,4.2788,-7.1690
98.2649,4.1348,-7.3018,3.1243,0.0235,0.0300,0.9163,4.2788,-7.1690
98.2746,4.1346,-7.3018,3.1241,0.0235,0.0300,0.9163,4.2788,-7.1690
98.2858,4.1346,-7.3018,3.1241,0.0235,0.0300,0.9163,4.2788,-7.1690
98.2960,4.1343,-7.3017,3.1241,0.0235,0.0300,0.9110,4.2788,-7.1690
98.3048,4.1341,-7.3017,3.1240,0.0235,0.0300,0.9110,4.2793,-7.1664
98.3166,4.1340,-7.3017,3.1240,0.0235,0.0300,0.9110,4.2793,-7.1664
98.3247,4.1338,-7.3017,3.1240,0.0235,0.0300,0.9110,4.2793,-7.1664
98.3348,4.1336,-7.3017,3.1240,0.0235,0.0300,0.9110,4.2793,-7.1664
98.3447,4.1335,-7.3017,3.1238,0.0235,0.0300,0.9110,4.2793,-7.1664
98.3561,4.1333,-7.3017,3.1238,0.0235,0.0300,0.9110,4.2793,-7.1664
98.3646,4.1331,-7.3017,3.1238,0.0234,0.0374,0.9110,4.2793,-7.1664
98.3748,4.1329,-7.3017,3.1238,0.0234,0.0374,0.9110,4.2793,-7.1664
98.3904,4.1328,-7.3017,3.1238,0.0234,0.0374,0.9110,4.2793,-7.1664
98.3942,4.1326,-7.3017,3.1238,0.0234,0.0374,0.9023,4.2784,-7.1663
98.4047,4.1324,-7.3017,3.1240,0.0234,0.0374,0.9023,4.2784,-7.1663
98.4150,4.1322,-7.3017,3.1241,0.0234,0.0374,0.9023,4.2784,-7.1663
98.4244,4.1320,-7.3017,3.1243,0.0234,0.0374,0.9023,4.2784,-7.1663
98.4364,4.1317,-7.3017,3.1245,0.0234,0.0374,0.9023,4.2784,-7.1663
98.4449,4.1315,-7.3017,3.1247,0.0234,0.0374,0.9023,4.2784,-7.1663
98.4554,4.1313,-7.3017,3.1248,0.0236,0.0512,0.9023,4.2784,-7.1663
98.4649,4.1310,-7.3017,3.1252,0.0236,0.0512,0.9023,4.2784,-7.1663
98.4749,4.1308,-7.3017,3.1254,0.0236,0.0512,0.9023,4.2784,-7.1663
98.4880,4.1306,-7.3017,3.1257,0.0236,0.0512,0.9023,4.2784,-7.1663
98.4948,4.1304,-7.3017,3.1261,0.0236,0.0512,0.9140,4.2784,-7.1663
98.5050,4.1301,-7.3017,3.1264,0.0236,0.0512,0.9140,4.2784,-7.1663
98.5147,4.1299,-7.3017,3.1268,0.0236,0.0512,0.9140,4.2809,-7.1652
98.5248,4.1296,-7.3017,3.1269,0.0236,0.0512,0.9140,4.2809,-7.1652
98.5348,4.1294,-7.3017,3.1273,0.0236,0.0512,0.9140,4.2809,-7.1652
98.5455,4.1292,-7.3017,3.1276,0.0236,0.0512,0.9140,4.2809,-7.1652
98.5543,4.1289,-7.3017,3.1280,0.0231,0.0515,0.9140,4.2809,-7.1652
98.5642,4.1286,-7.3017,3.1282,0.0231,0.0515,0.9140,4.2809,-7.1652
98.5747,4.1284,-7.3017,3.1285,0.0231,0.0515,0.9140,4.2809,-7.1652
98.5851,4.1282,-7.3017,3.1289,0.0231,0.0515,0.9140,4.2809,-7.1652
98.5942,4.1279,-7.3016,3.1290,0.0231,0.0515,0.9164,4.2809,-7.1652
98.6048,4.1277,-7.3016,3.1294,0.0231,0.0515,0.9164,4.2809,-7.1652
98.6146,4.1274,-7.3016,3.1297,0.0231,0.0515,0.9164,4.2794,-7.1650
98.6247,4.1272,-7.3016,3.1299,0.0231,0.0515,0.9164,4.2794,-7.1650
98.6352,4.1270,-7.3016,3.1302,0.0231,0.0515,0.9164,4.2794,-7.1650
98.6450,4.1268,-7.3016,3.1306,0.0218,0.0513,0.9164,4.2794,-7.1650
98.6547,4.1265,-7.3016,3.1308,0.0218,0.0513,0.9164,4.2794,-7.1650
98.6650,4.1263,-7.3016,3.1311,0.0218,0.0513,0.9164,4.2794,-7.1650
98.6748,4.1261,-7.3016,3.1315,0.0218,0.0513,0.9164,4.2794,-7.1650
98.6853,4.1259,-7.3016,3.1320,0.0218,0.0513,0.9164,4.2794,-7.1650
98.6949,4.1257,-7.3016,3.1323,0.0218,0.0513,0.9153,4.2794,-7.1650
98.7047,4.1254,-7.3016,3.1327,0.0218,0.0513,0.9153,4.2829,-7.1613
98.7149,4.1252,-7.3016,3.1330,0.0218,0.0513,0.9153,4.2829,-7.1613
98.7339,4.1247,-7.3016,3.1337,0.0218,0.0513,0.9153,4.2829,-7.1613
98.7372,4.1245,-7.3016,3.1341,0.0218,0.0513,0.9153,4.2829,-7.1613
98.7446,4.1245,-7.3016,3.1341,0.0218,0.0513,0.9153,4.2829,-7.1613
98.7546,4.1243,-7.3016,3.1344,0.0235,0.0563,0.9153,4.2829,-7.1613
98.7649,4.1240,-7.3016,3.1348,0.0235,0.0563,0.9153,4.2829,-7.1613
98.7750,4.1238,-7.3016,3.1351,0.0235,0.0563,0.9153,4.2829,-7.1613
98.7847,4.1236,-7.3016,3.1353,0.0235,0.0563,0.9092,4.2829,-7.1613
98.7958,4.1234,-7.3016,3.1357,0.0235,0.0563,0.9092,4.2829,-7.1613
98.8048,4.1232,-7.3016,3.1358,0.0235,0.0563,0.9092,4.2807,-7.1629
98.8161,4.1229,-7.3016,3.1362,0.0235,0.0563,0.9092,4.2807,-7.1629
98.8258,4.1228,-7.3016,3.1364,0.0235,0.0563,0.9092,4.2807,-7.1629
98.8362,4.1226,-7.3016,3.1365,0.0235,0.0563,0.9092,4.2807,-7.1629
98.8477,4.1222,-7.3016,3.1367,0.0235,0.0563,0.9092,4.2807,-7.1629
98.8549,4.1222,-7.3016,3.1367,0.0233,0.0205,0.9092,4.2807,-7.1629
98.8649,4.1220,-7.3016,3.1369,0.0233,0.0205,0.9092,4.2807,-7.1629
98.8745,4.1218,-7.3016,3.1371,0.0233,0.0205,0.9092,4.2807,-7.1629
98.8849,4.1216,-7.3016,3.1372,0.0233,0.0205,0.9175,4.2807,-7.1629
98.8952,4.1214,-7.3016,3.1374,0.0233,0.0205,0.9175,4.2807,-7.1629
98.9043,4.1212,-7.3016,3.1376,0.0233,0.0205,0.9175,4.2803,-7.1633
98.9147,4.1210,-7.3016,3.1378,0.0233,0.0205,0.9175,4.2803,-7.1633
98.9279,4.1209,-7.3016,3.1379,0.0233,0.0205,0.9175,4.2803,-7.1633
98.9349,4.1207,-7.3016,3.1381,0.0233,0.0205,0.9175,4.2803,-7.1633
98.9453,4.1205,-7.3016,3.1383,0.0233,0.0205,0.9175,4.2803,-7.1633
98.9545,4.1204,-7.3016,3.1385,0.0220,-0.0022,0.9175,4.2803,-7.1633
98.9642,4.1202,-7.3016,3.1388,0.0220,-0.0022,0.9175,4.2803,-7.1633
98.9741,4.1201,-7.3016,3.1390,0.0220,-0.0022,0.9175,4.2803,-7.1633
98.9853,4.1199,-7.3016,3.1391,0.0220,-0.0022,0.9154,4.2803,-7.1633
98.9955,4.1196,-7.3016,3.1397,0.0220,-0.0022,0.9154,4.2803,-7.1633
99.0047,4.1196,-7.3016,3.1397,0.0220,-0.0022,0.9154,4.2854,-7.1635
99.0144,4.1194,-7.3016,3.1400,0.0220,-0.0022,0.9154,4.2854,-7.1635
99.0253,4.1192,-7.3016,3.1402,0.0220,-0.0022,0.9154,4.2854,-7.1635
99.0352,4.1189,-7.3016,3.1407,0.0220,-0.0022,0.9154,4.2854,-7.1635
99.0451,4.1188,-7.3016,3.1409,0.0220,-0.0022,0.9154,4.2854,-7.1635
99.0539,4.1188,-7.3016,3.1409,0.0229,-0.0234,0.9154,4.2854,-7.1635
99.0647,4.1186,-7.3016,3.1411,0.0229,-0.0234,0.9154,4.2854,-7.1635
99.0744,4.1184,-7.3016,3.1414,0.0229,-0.0234,0.9154,4.2854,-7.1635
99.0852,4.1182,-7.3016,-3.1416,0.0229,-0.0234,0.9167,4.2854,-7.1635
99.0963,4.1181,-7.3016,-3.1414,0.0229,-0.0234,0.9167,4.2854,-7.1635
99.1045,4.1179,-7.3016,-3.1412,0.0229,-0.0234,0.9167,4.2841,-7.1626
99.1146,4.1177,-7.3016,-3.1411,0.0229,-0.0234,0.9167,4.2841,-7.1626
99.1248,4.1175,-7.3016,-3.1407,0.0229,-0.0234,0.9167,4.2841,-7.1626
99.1353,4.1173,-7.3016,-3.1405,0.0229,-0.0234,0.9167,4.2841,-7.1626
99.1449,4.1171,-7.3016,-3.1404,0.0229,-0.0234,0.9167,4.2841,-7.1626
99.1542,4.1168,-7.3016,-3.1400,0.0222,-0.0593,0.9167,4.2841,-7.1626
99.1645,4.1166,-7.3016,-3.1397,0.0222,-0.0593,0.9167,4.2841,-7.1626
99.1744,4.1164,-7.3016,-3.1395,0.0222,-0.0593,0.9167,4.2841,-7.1626
99.1848,4.1161,-7.3016,-3.1393,0.0222,-0.0593,0.9012,4.2841,-7.1626
99.1944,4.1160,-7.3016,-3.1390,0.0222,-0.0593,0.9012,4.2841,-7.1626
99.2045,4.1157,-7.3016,-3.1388,0.0222,-0.0593,0.9012,4.2846,-7.1635
99.2146,4.1155,-7.3016,-3.1386,0.0222,-0.0593,0.9012,4.2846,-7.1635
99.2276,4.1153,-7.3016,-3.1386,0.0222,-0.0593,0.9012,4.2846,-7.1635
99.2366,4.1150,-7.3016,-3.1385,0.0222,-0.0593,0.9012,4.2846,-7.1635
99.2450,4.1148,-7.3016,-3.1386,0.0222,-0.0593,0.9012,4.2846,-7.1635
99.2540,4.1146,-7.3016,-3.1386,0.0219,-0.0368,0.9012,4.2846,-7.1635
99.2643,4.1144,-7.3016,-3.1388,0.0219,-0.0368,0.9012,4.2846,-7.1635
99.2742,4.1141,-7.3016,-3.1390,0.0219,-0.0368,0.9012,4.2846,-7.1635
99.2843,4.1139,-7.3016,-3.1391,0.0219,-0.0368,0.9081,4.2846,-7.1635
99.2962,4.1137,-7.3016,-3.1393,0.0219,-0.0368,0.9081,4.2818,-7.1639
99.3042,4.1134,-7.3016,-3.1395,0.0219,-0.0368,0.9081,4.2818,-7.1639
99.3150,4.1132,-7.3016,-3.1397,0.0219,-0.0368,0.9081,4.2818,-7.1639
99.3249,4.1128,-7.3016,-3.1397,0.0219,-0.0368,0.9081,4.2818,-7.1639
99.3348,4.1128,-7.3016,-3.1397,0.0219,-0.0368,0.9081,4.2818,-7.1639
99.3444,4.1126,-7.3016,-3.1395,0.0219,-0.0368,0.9081,4.2818,-7.1639
99.3549,4.1124,-7.3016,-3.1393,0.0219,-0.0368,0.9081,4.2818,-7.1639
99.3643,4.1122,-7.3016,-3.1391,0.0227,-0.0134,0.9081,4.2818,-7.1639
99.3759,4.1118,-7.3016,-3.1386,0.0227,-0.0134,0.9081,4.2818,-7.1639
99.3848,4.1116,-7.3016,-3.1383,0.0227,-0.0134,0.9066,4.2818,-7.1639
99.3944,4.1116,-7.3016,-3.1383,0.0227,-0.0134,0.9066,4.2818,-7.1639
99.4041,4.1114,-7.3016,-3.1379,0.0227,-0.0134,0.9066,4.2783,-7.1639
99.4156,4.1112,-7.3016,-3.1376,0.0227,-0.0134,0.9066,4.2783,-7.1639
99.4252,4.1108,-7.3016,-3.1371,0.0227,-0.0134,0.9066,4.2783,-7.1639
99.4343,4.1106,-7.3016,-3.1367,0.0227,-0.0134,0.9066,4.2783,-7.1639
99.4453,4.1104,-7.3016,-3.1365,0.0227,-0.0620,0.9066,4.2783,-7.1639
99.4549,4.1101,-7.3016,-3.1364,0.0227,-0.0620,0.9066,4.2783,-7.1639
99.4644,4.1100,-7.3016,-3.1362,0.0227,-0.0620,0.9066,4.2783,-7.1639
99.4750,4.1097,-7.3016,-3.1360,0.0227,-0.0620,0.9066,4.2783,-7.1639
99.4854,4.1095,-7.3016,-3.1360,0.0227,-0.0620,0.9170,4.2783,-7.1639
99.4952,4.1094,-7.3016,-3.1358,0.0227,-0.0620,0.9170,4.2770,-7.1638
99.5064,4.1092,-7.3016,-3.1358,0.0227,-0.0620,0.9170,4.2770,-7.1638
99.5143,4.1089,-7.3016,-3.1358,0.0227,-0.0620,0.9170,4.2770,-7.1638
99.5245,4.1088,-7.3016,-3.1360,0.0227,-0.0620,0.9170,4.2770,-7.1638
99.5346,4.1086,-7.3016,-3.1362,0.0227,-0.0620,0.9170,4.2770,-7.1638
99.5455,4.1084,-7.3016,-3.1365,0.0232,-0.0854,0.9170,4.2770,-7.1638
99.5543,4.1082,-7.3016,-3.1367,0.0232,-0.0854,0.9170,4.2770,-7.1638
99.5653,4.1081,-7.3016,-3.1371,0.0232,-0.0854,0.9170,4.2770,-7.1638
99.5756,4.1079,-7.3016,-3.1372,0.0232,-0.0854,0.9170,4.2770,-7.1638
99.5847,4.1078,-7.3016,-3.1376,0.0232,-0.0854,0.9133,4.2770,-7.1638
99.5952,4.1077,-7.3016,-3.1378,0.0232,-0.0854,0.9133,4.2770,-7.1638
99.6042,4.1075,-7.3016,-3.1381,0.0232,-0.0854,0.9133,4.2725,-7.1616
99.6149,4.1073,-7.3016,-3.1385,0.0232,-0.0854,0.9133,4.2725,-7.1616
99.6253,4.1072,-7.3016,-3.1388,0.0232,-0.0854,0.9133,4.2725,-7.1616
99.6374,4.1070,-7.3016,-3.1391,0.0232,-0.0854,0.9133,4.2725,-7.1616
99.6509,4.1068,-7.3016,-3.1395,0.0229,-0.0721,0.9133,4.2725,-7.1616
99.6554,4.1067,-7.3016,-3.1400,0.0229,-0.0721,0.9133,4.2725,-7.1616
99.6643,4.1065,-7.3016,-3.1404,0.0229,-0.0721,0.9133,4.2725,-7.1616
99.6762,4.1063,-7.3016,-3.1409,0.0229,-0.0721,0.9133,4.2725,-7.1616
99.6861,4.1062,-7.3016,-3.1414,0.0229,-0.0721,0.9158,4.2725,-7.1616
99.6960,4.1060,-7.3016,3.1414,0.0229,-0.0721,0.9158,4.2725,-7.1616
99.7048,4.1059,-7.3016,3.1409,0.0229,-0.0721,0.9158,4.2698,-7.1632
99.7148,4.1056,-7.3016,3.1404,0.0229,-0.0721,0.9158,4.2698,-7.1632
99.7245,4.1055,-7.3016,3.1398,0.0229,-0.0721,0.9158,4.2698,-7.1632
99.7346,4.1053,-7.3016,3.1395,0.0229,-0.0721,0.9158,4.2698,-7.1632
99.7462,4.1051,-7.3016,3.1391,0.0229,-0.0721,0.9158,4.2698,-7.1632
99.7545,4.1050,-7.3016,3.1386,0.0230,-0.0114,0.9158,4.2698,-7.1632
99.7657,4.1048,-7.3016,3.1383,0.0230,-0.0114,0.9158,4.2698,-7.1632
99.7753,4.1046,-7.3016,3.1381,0.0230,-0.0114,0.9158,4.2698,-7.1632
99.7850,4.1044,-7.3016,3.1378,0.0230,-0.0114,0.9141,4.2698,-7.1632
99.7942,4.1043,-7.3016,3.1376,0.0230,-0.0114,0.9141,4.2684,-7.1621
99.8044,4.1041,-7.3016,3.1372,0.0230,-0.0114,0.9141,4.2684,-7.1621
99.8150,4.1040,-7.3016,3.1371,0.0230,-0.0114,0.9141,4.2684,-7.1621
99.8247,4.1038,-7.3016,3.1371,0.0230,-0.0114,0.9141,4.2684,-7.1621
99.8347,4.1036,-7.3016,3.1369,0.0230,-0.0114,0.9141,4.2684,-7.1621
99.8452,4.1035,-7.3016,3.1369,0.0230,-0.0114,0.9141,4.2684,-7.1621
99.8565,4.1033,-7.3016,3.1369,0.0216,0.0475,0.9141,4.2684,-7.1621
99.8645,4.1031,-7.3016,3.1369,0.0216,0.0475,0.9141,4.2684,-7.1621
99.8743,4.1030,-7.3016,3.1371,0.0216,0.0475,0.9141,4.2684,-7.1621
99.8845,4.1028,-7.3016,3.1372,0.0216,0.0475,0.9158,4.2684,-7.1621
99.8945,4.1026,-7.3016,3.1372,0.0216,0.0475,0.9158,4.2686,-7.1588
99.9054,4.1024,-7.3016,3.1374,0.0216,0.0475,0.9158,4.2686,-7.1588
99.9148,4.1023,-7.3016,3.1376,0.0216,0.0475,0.9158,4.2686,-7.1588
99.9250,4.1020,-7.3016,3.1378,0.0216,0.0475,0.9158,4.2686,-7.1588
99.9354,4.1019,-7.3016,3.1379,0.0216,0.0475,0.9158,4.2686,-7.1588
99.9467,4.1017,-7.3016,3.1381,0.0216,0.0475,0.9158,4.2686,-7.1588
99.9544,4.1015,-7.3016,3.1383,0.0230,0.0524,0.9158,4.2686,-7.1588
99.9652,4.1013,-7.3016,3.1383,0.0230,0.0524,0.9158,4.2686,-7.1588
99.9747,4.1011,-7.3016,3.1383,0.0230,0.0524,0.9158,4.2686,-7.1588
99.9848,4.1009,-7.3016,3.1385,0.0230,0.0524,0.9174,4.2686,-7.1588
99.9963,4.1007,-7.3016,3.1386,0.0230,0.0524,0.9174,4.2686,-7.1588
100.0048,4.1005,-7.3016,3.1388,0.0230,0.0524,0.9174,4.2681,-7.1561
100.0146,4.1003,-7.3016,3.1388,0.0230,0.0524,0.9174,4.2681,-7.1561
100.0246,4.1001,-7.3016,3.1390,0.0230,0.0524,0.9174,4.2681,-7.1561
100.0350,4.0998,-7.3016,3.1391,0.0230,0.0524,0.9174,4.2681,-7.1561
100.0443,4.0996,-7.3016,3.1393,0.0235,0.0328,0.9174,4.2681,-7.1561
100.0542,4.0993,-7.3016,3.1395,0.0235,0.0328,0.9174,4.2681,-7.1561
100.0642,4.0991,-7.3016,3.1397,0.0235,0.0328,0.9174,4.2681,-7.1561
100.0746,4.0988,-7.3016,3.1398,0.0235,0.0328,0.9174,4.2681,-7.1561
100.0853,4.0986,-7.3016,3.1398,0.0235,0.0328,0.9171,4.2681,-7.1561
100.0942,4.0983,-7.3016,3.1400,0.0235,0.0328,0.9171,4.2681,-7.1561
100.1041,4.0980,-7.3016,3.1402,0.0235,0.0328,0.9171,4.2675,-7.1578
100.1143,4.0978,-7.3016,3.1404,0.0235,0.0328,0.9171,4.2675,-7.1578
100.1259,4.0975,-7.3016,3.1404,0.0235,0.0328,0.9171,4.2675,-7.1578
100.1353,4.0973,-7.3016,3.1405,0.0235,0.0328,0.9171,4.2675,-7.1578
100.1455,4.0970,-7.3016,3.1405,0.0235,0.0328,0.9171,4.2675,-7.1578
100.1545,4.0968,-7.3016,3.1405,0.0235,0.0339,0.9171,4.2675,-7.1578
100.1647,4.0966,-7.3016,3.1407,0.0235,0.0339,0.9171,4.2675,-7.1578
100.1747,4.0963,-7.3016,3.1407,0.0235,0.0339,0.9171,4.2675,-7.1578
100.1864,4.0961,-7.3016,3.1409,0.0235,0.0339,0.9180,4.2675,-7.1578
100.1945,4.0959,-7.3016,3.1411,0.0235,0.0339,0.9180,4.2648,-7.1605
100.2042,4.0956,-7.3016,3.1411,0.0235,0.0339,0.9180,4.2648,-7.1605
100.2148,4.0954,-7.3016,3.1412,0.0235,0.0339,0.9180,4.2648,-7.1605
100.2251,4.0952,-7.3016,3.1414,0.0235,0.0339,0.9180,4.2648,-7.1605
100.2352,4.0949,-7.3016,-3.1416,0.0235,0.0339,0.9180,4.2648,-7.1605
100.2486,4.0946,-7.3016,-3.1414,0.0233,-0.0123,0.9180,4.2648,-7.1605
100.2547,4.0944,-7.3016,-3.1414,0.0233,-0.0123,0.9180,4.2648,-7.1605
100.2648,4.0942,-7.3016,-3.1412,0.0233,-0.0123,0.9180,4.2648,-7.1605
100.2754,4.0939,-7.3016,-3.1411,0.0233,-0.0123,0.9180,4.2648,-7.1605
100.2880,4.0937,-7.3016,-3.1409,0.0233,-0.0123,0.9150,4.2648,-7.1605
100.2947,4.0934,-7.3016,-3.1407,0.0233,-0.0123,0.9150,4.2648,-7.1605
100.3051,4.0932,-7.3016,-3.1405,0.0233,-0.0123,0.9150,4.2659,-7.1621
100.3155,4.0930,-7.3016,-3.1405,0.0233,-0.0123,0.9150,4.2659,-7.1621
100.3242,4.0927,-7.3016,-3.1405,0.0233,-0.0123,0.9150,4.2659,-7.1621
100.3351,4.0925,-7.3016,-3.1405,0.0233,-0.0123,0.9150,4.2659,-7.1621
100.3444,4.0923,-7.3016,-3.1407,0.0233,-0.0123,0.9150,4.2659,-7.1621
100.3544,4.0921,-7.3016,-3.1409,0.0233,-0.0123,0.9150,4.2659,-7.1621
100.3645,4.0919,-7.3016,-3.1412,0.0231,0.0002,0.9150,4.2659,-7.1621
100.3757,4.0917,-7.3016,-3.1414,0.0231,0.0002,0.9150,4.2659,-7.1621
100.3842,4.0915,-7.3016,3.1414,0.0231,0.0002,0.9081,4.2659,-7.1621
100.3946,4.0913,-7.3016,3.1411,0.0231,0.0002,0.9081,4.2648,-7.1633
100.4045,4.0911,-7.3016,3.1407,0.0231,0.0002,0.9081,4.2648,-7.1633
100.4145,4.0909,-7.3016,3.1407,0.0231,0.0002,0.9081,4.2648,-7.1633
100.4242,4.0907,-7.3016,3.1405,0.0231,0.0002,0.9081,4.2648,-7.1633
100.4345,4.0905,-7.3016,3.1402,0.0231,0.0002,0.9081,4.2648,-7.1633
100.4445,4.0904,-7.3016,3.1398,0.0231,0.0002,0.9081,4.2648,-7.1633
100.4559,4.0901,-7.3016,3.1397,0.0232,0.0245,0.9081,4.2648,-7.1633
100.4645,4.0899,-7.3016,3.1393,0.0232,0.0245,0.9081,4.2648,-7.1633
100.4748,4.0899,-7.3016,3.1391,0.0232,0.0245,0.9081,4.2648,-7.1633
100.4858,4.0896,-7.3016,3.1390,0.0232,0.0245,0.9190,4.2648,-7.1633
100.4946,4.0894,-7.3016,3.1388,0.0232,0.0245,0.9190,4.2626,-7.1642
100.5045,4.0892,-7.3016,3.1388,0.0232,0.0245,0.9190,4.2626,-7.1642
100.5146,4.0890,-7.3016,3.1386,0.0232,0.0245,0.9190,4.2626,-7.1642
100.5246,4.0888,-7.3016,3.1386,0.0232,0.0245,0.9190,4.2626,-7.1642
100.5345,4.0887,-7.3016,3.1388,0.0232,0.0245,0.9190,4.2626,-7.1642
100.5461,4.0885,-7.3016,3.1390,0.0232,0.0245,0.9190,4.2626,-7.1642
100.5545,4.0884,-7.3016,3.1390,0.0232,0.0245,0.9190,4.2626,-7.1642
100.5641,4.0882,-7.3016,3.1391,0.0220,-0.0336,0.9190,4.2626,-7.1642
100.5744,4.0881,-7.3016,3.1393,0.0220,-0.0336,0.9190,4.2626,-7.1642
100.5843,4.0879,-7.3016,3.1393,0.0220,-0.0336,0.9085,4.2626,-7.1642
100.5947,4.0879,-7.3016,3.1395,0.0220,-0.0336,0.9085,4.2626,-7.1642
100.6040,4.0876,-7.3016,3.1397,0.0220,-0.0336,0.9085,4.2597,-7.1664
100.6147,4.0875,-7.3016,3.1397,0.0220,-0.0336,0.9085,4.2597,-7.1664
100.6249,4.0873,-7.3016,3.1398,0.0220,-0.0336,0.9085,4.2597,-7.1664
100.6346,4.0871,-7.3016,3.1398,0.0220,-0.0336,0.9085,4.2597,-7.1664
100.6458,4.0869,-7.3016,3.1400,0.0220,-0.0336,0.9085,4.2597,-7.1664
100.6548,4.0868,-7.3016,3.1402,0.0224,-0.0501,0.9085,4.2597,-7.1664
100.6652,4.0866,-7.3016,3.1404,0.0224,-0.0501,0.9085,4.2597,-7.1664
100.6759,4.0865,-7.3016,3.1404,0.0224,-0.0501,0.9085,4.2597,-7.1664
100.6847,4.0863,-7.3016,3.1405,0.0224,-0.0501,0.9174,4.2597,-7.1664
100.6947,4.0862,-7.3016,3.1405,0.0224,-0.0501,0.9174,4.2597,-7.1664
100.7048,4.0860,-7.3016,3.1405,0.0224,-0.0501,0.9174,4.2583,-7.1637
100.7146,4.0858,-7.3016,3.1405,0.0224,-0.0501,0.9174,4.2583,-7.1637
100.7249,4.0857,-7.3016,3.1405,0.0224,-0.0501,0.9174,4.2583,-7.1637
100.7348,4.0854,-7.3016,3.1404,0.0224,-0.0501,0.9174,4.2583,-7.1637
100.7446,4.0852,-7.3016,3.1404,0.0224,-0.0501,0.9174,4.2583,-7.1637
100.7544,4.0850,-7.3016,3.1402,0.0231,-0.0505,0.9174,4.2583,-7.1637
100.7649,4.0848,-7.3016,3.1402,0.0231,-0.0505,0.9174,4.2583,-7.1637
100.7750,4.0845,-7.3016,3.1400,0.0231,-0.0505,0.9174,4.2583,-7.1637
100.7845,4.0843,-7.3016,3.1400,0.0231,-0.0505,0.9114,4.2583,-7.1637
100.7946,4.0841,-7.3016,3.1398,0.0231,-0.0505,0.9114,4.2578,-7.1636
100.8041,4.0838,-7.3016,3.1397,0.0231,-0.0505,0.9114,4.2578,-7.1636
100.8148,4.0836,-7.3016,3.1397,0.0231,-0.0505,0.9114,4.2578,-7.1636
100.8247,4.0833,-7.3016,3.1395,0.0231,-0.0505,0.9114,4.2578,-7.1636
100.8360,4.0831,-7.3016,3.1395,0.0231,-0.0505,0.9114,4.2578,-7.1636
100.8453,4.0828,-7.3016,3.1393,0.0231,-0.0505,0.9114,4.2578,-7.1636
100.8567,4.0826,-7.3016,3.1393,0.0239,-0.0693,0.9114,4.2578,-7.1636
100.8658,4.0823,-7.3016,3.1391,0.0239,-0.0693,0.9114,4.2578,-7.1636
100.8748,4.0821,-7.3016,3.1391,0.0239,-0.0693,0.9114,4.2578,-7.1636
100.8851,4.0818,-7.3016,3.1391,0.0239,-0.0693,0.9095,4.2578,-7.1636
100.8946,4.0816,-7.3016,3.1390,0.0239,-0.0693,0.9095,4.2552,-7.1672
100.9045,4.0813,-7.3016,3.1390,0.0239,-0.0693,0.9095,4.2552,-7.1672
100.9156,4.0810,-7.3016,3.1390,0.0239,-0.0693,0.9095,4.2552,-7.1672
100.9261,4.0808,-7.3016,3.1390,0.0239,-0.0693,0.9095,4.2552,-7.1672
100.9350,4.0805,-7.3016,3.1388,0.0239,-0.0693,0.9095,4.2552,-7.1672
100.9453,4.0803,-7.3016,3.1386,0.0239,-0.0693,0.9095,4.2552,-7.1672
100.9550,4.0800,-7.3016,3.1385,0.0237,-0.0443,0.9095,4.2552,-7.1672
100.9672,4.0798,-7.3016,3.1385,0.0237,-0.0443,0.9095,4.2552,-7.1672
100.9759,4.0795,-7.3016,3.1383,0.0237,-0.0443,0.9095,4.2552,-7.1672
100.9847,4.0793,-7.3016,3.1381,0.0237,-0.0443,0.9181,4.2552,-7.1672
100.9947,4.0791,-7.3016,3.1381,0.0237,-0.0443,0.9181,4.2550,-7.1646
101.0039,4.0789,-7.3016,3.1379,0.0237,-0.0443,0.9181,4.2550,-7.1646
101.0151,4.0786,-7.3016,3.1378,0.0237,-0.0443,0.9181,4.2550,-7.1646
101.0244,4.0784,-7.3016,3.1376,0.0237,-0.0443,0.9181,4.2550,-7.1646
101.0350,4.0782,-7.3016,3.1376,0.0237,-0.0443,0.9181,4.2550,-7.1646
101.0447,4.0779,-7.3016,3.1376,0.0235,-0.0206,0.9181,4.2550,-7.1646
101.0546,4.0777,-7.3016,3.1374,0.0235,-0.0206,0.9181,4.2550,-7.1646
101.0643,4.0774,-7.3016,3.1374,0.0235,-0.0206,0.9181,4.2550,-7.1646
101.0756,4.0772,-7.3016,3.1374,0.0235,-0.0206,0.9181,4.2550,-7.1646
101.0852,4.0770,-7.3016,3.1372,0.0235,-0.0206,0.9170,4.2550,-7.1646
101.0948,4.0768,-7.3016,3.1372,0.0235,-0.0206,0.9170,4.2538,-7.1655
101.1045,4.0766,-7.3016,3.1371,0.0235,-0.0206,0.9170,4.2538,-7.1655
101.1142,4.0764,-7.3016,3.1369,0.0235,-0.0206,0.9170,4.2538,-7.1655
101.1255,4.0762,-7.3016,3.1367,0.0235,-0.0206,0.9170,4.2538,-7.1655
101.1361,4.0760,-7.3016,3.1365,0.0235,-0.0206,0.9170,4.2538,-7.1655
101.1467,4.0758,-7.3016,3.1362,0.0235,-0.0206,0.9170,4.2538,-7.1655
101.1542,4.0755,-7.3016,3.1360,0.0232,-0.0392,0.9170,4.2538,-7.1655
101.1653,4.0754,-7.3016,3.1357,0.0232,-0.0392,0.9170,4.2538,-7.1655
101.1746,4.0752,-7.3016,3.1355,0.0232,-0.0392,0.9170,4.2538,-7.1655
101.1859,4.0750,-7.3016,3.1351,0.0232,-0.0392,0.9140,4.2534,-7.1667
101.1947,4.0749,-7.3016,3.1350,0.0232,-0.0392,0.9140,4.2534,-7.1667
101.2047,4.0746,-7.3016,3.1346,0.0232,-0.0392,0.9140,4.2534,-7.1667
101.2145,4.0744,-7.3016,3.1344,0.0232,-0.0392,0.9140,4.2534,-7.1667
101.2249,4.0743,-7.3016,3.1341,0.0232,-0.0392,0.9140,4.2534,-7.1667
101.2345,4.0741,-7.3015,3.1337,0.0232,-0.0392,0.9140,4.2534,-7.1667
101.2442,4.0739,-7.3015,3.1336,0.0232,-0.0392,0.9140,4.2534,-7.1667
101.2543,4.0737,-7.3015,3.1332,0.0239,-0.0221,0.9140,4.2534,-7.1667
101.2652,4.0735,-7.3015,3.1329,0.0239,-0.0221,0.9140,4.2534,-7.1667
101.2742,4.0733,-7.3015,3.1323,0.0239,-0.0221,0.9140,4.2534,-7.1667
101.2846,4.0732,-7.3015,3.1320,0.0239,-0.0221,0.9154,4.2534,-7.1667
101.2946,4.0730,-7.3015,3.1316,0.0239,-0.0221,0.9154,4.2526,-7.1659
101.3039,4.0728,-7.3015,3.1313,0.0239,-0.0221,0.9154,4.2526,-7.1659
101.3145,4.0727,-7.3015,3.1309,0.0239,-0.0221,0.9154,4.2526,-7.1659
101.3263,4.0725,-7.3015,3.1306,0.0239,-0.0221,0.9154,4.2526,-7.1659
101.3362,4.0724,-7.3015,3.1304,0.0239,-0.0221,0.9154,4.2526,-7.1659
101.3461,4.0723,-7.3015,3.1302,0.0239,-0.0221,0.9154,4.2526,-7.1659
101.3594,4.0721,-7.3015,3.1301,0.0221,0.0341,0.9154,4.2526,-7.1659
101.3645,4.0720,-7.3015,3.1301,0.0221,0.0341,0.9154,4.2526,-7.1659
101.3745,4.0718,-7.3015,3.1299,0.0221,0.0341,0.9154,4.2526,-7.1659
101.3851,4.0717,-7.3015,3.1299,0.0221,0.0341,0.9081,4.2526,-7.1659
101.3947,4.0716,-7.3015,3.1299,0.0221,0.0341,0.9081,4.2515,-7.1634
101.4045,4.0714,-7.3015,3.1297,0.0221,0.0341,0.9081,4.2515,-7.1634
101.4149,4.0713,-7.3015,3.1297,0.0221,0.0341,0.9081,4.2515,-7.1634
101.4250,4.0712,-7.3015,3.1297,0.0221,0.0341,0.9081,4.2515,-7.1634
101.4347,4.0711,-7.3015,3.1297,0.0221,0.0341,0.9081,4.2515,-7.1634
101.4456,4.0710,-7.3015,3.1299,0.0221,0.0341,0.9081,4.2515,-7.1634
101.4565,4.0709,-7.3015,3.1299,0.0221,0.0341,0.9081,4.2515,-7.1634
101.4647,4.0707,-7.3015,3.1299,0.0231,0.0740,0.9081,4.2515,-7.1634
101.4758,4.0706,-7.3015,3.1301,0.0231,0.0740,0.9081,4.2515,-7.1634
101.4855,4.0705,-7.3015,3.1301,0.0231,0.0740,0.9100,4.2515,-7.1634
101.4951,4.0703,-7.3015,3.1301,0.0231,0.0740,0.9100,4.2515,-7.1634
101.5044,4.0702,-7.3015,3.1301,0.0231,0.0740,0.9100,4.2478,-7.1633
101.5145,4.0701,-7.3015,3.1301,0.0231,0.0740,0.9100,4.2478,-7.1633
101.5253,4.0699,-7.3015,3.1299,0.0231,0.0740,0.9100,4.2478,-7.1633
101.5354,4.0698,-7.3015,3.1299,0.0231,0.0740,0.9100,4.2478,-7.1633
101.5477,4.0696,-7.3015,3.1297,0.0231,0.0740,0.9100,4.2478,-7.1633
101.5543,4.0695,-7.3015,3.1295,0.0228,0.0648,0.9100,4.2478,-7.1633
101.5648,4.0694,-7.3015,3.1294,0.0228,0.0648,0.9100,4.2478,-7.1633
101.5744,4.0692,-7.3015,3.1294,0.0228,0.0648,0.9100,4.2478,-7.1633
101.5864,4.0690,-7.3015,3.1294,0.0228,0.0648,0.9160,4.2478,-7.1633
101.5945,4.0688,-7.3015,3.1294,0.0228,0.0648,0.9160,4.2209,-7.1643
101.6045,4.0686,-7.3015,3.1295,0.0228,0.0648,0.9160,4.2209,-7.1643
101.6153,4.0684,-7.3015,3.1297,0.0228,0.0648,0.9160,4.2209,-7.1643
101.6252,4.0682,-7.3015,3.1301,0.0228,0.0648,0.9160,4.2209,-7.1643
101.6360,4.0679,-7.3015,3.1302,0.0228,0.0648,0.9160,4.2209,-7.1643
101.6450,4.0678,-7.3015,3.1304,0.0228,0.0648,0.9160,4.2209,-7.1643
101.6548,4.0678,-7.3015,3.1304,0.0231,0.0484,0.9160,4.2209,-7.1643
101.6649,4.0673,-7.3015,3.1306,0.0231,0.0484,0.9160,4.2209,-7.1643
101.6748,4.0671,-7.3015,3.1308,0.0231,0.0484,0.9160,4.2209,-7.1643
101.6843,4.0669,-7.3015,3.1309,0.0231,0.0484,0.9110,4.2209,-7.1643
101.6948,4.0666,-7.3015,3.1309,0.0231,0.0484,0.9110,4.2020,-7.1639
101.7049,4.0664,-7.3015,3.1311,0.0231,0.0484,0.9110,4.2020,-7.1639
101.7181,4.0661,-7.3015,3.1311,0.0231,0.0484,0.9110,4.2020,-7.1639
101.7251,4.0659,-7.3015,3.1311,0.0231,0.0484,0.9110,4.2020,-7.1639
101.7343,4.0656,-7.3015,3.1311,0.0231,0.0484,0.9110,4.2020,-7.1639
101.7449,4.0654,-7.3015,3.1311,0.0231,0.0484,0.9110,4.2020,-7.1639
101.7540,4.0652,-7.3015,3.1311,0.0232,0.0220,0.9110,4.2020,-7.1639
101.7646,4.0649,-7.3014,3.1311,0.0232,0.0220,0.9110,4.2020,-7.1639
101.7744,4.0647,-7.3014,3.1311,0.0232,0.0220,0.9110,4.2020,-7.1639
101.7842,4.0644,-7.3014,3.1311,0.0232,0.0220,0.9131,4.2020,-7.1639
101.7945,4.0642,-7.3014,3.1309,0.0232,0.0220,0.9131,4.1848,-7.1651
101.8046,4.0639,-7.3014,3.1309,0.0232,0.0220,0.9131,4.1848,-7.1651
101.8145,4.0636,-7.3014,3.1309,0.0232,0.0220,0.9131,4.1848,-7.1651
101.8249,4.0634,-7.3014,3.1309,0.0232,0.0220,0.9131,4.1848,-7.1651
101.8363,4.0632,-7.3014,3.1309,0.0232,0.0220,0.9131,4.1848,-7.1651
101.8455,4.0629,-7.3014,3.1309,0.0232,0.0220,0.9131,4.1848,-7.1651
101.8552,4.0627,-7.3014,3.1309,0.0235,0.0394,0.9131,4.1848,-7.1651
101.8649,4.0624,-7.3014,3.1309,0.0235,0.0394,0.9131,4.1848,-7.1651
101.8758,4.0622,-7.3014,3.1309,0.0235,0.0394,0.9075,4.1848,-7.1651
101.8848,4.0620,-7.3014,3.1309,0.0235,0.0394,0.9075,4.1848,-7.1651
101.8947,4.0617,-7.3014,3.1309,0.0235,0.0394,0.9075,4.1767,-7.1648
101.9049,4.0615,-7.3014,3.1309,0.0235,0.0394,0.9075,4.1767,-7.1648
101.9148,4.0612,-7.3014,3.1309,0.0235,0.0394,0.9075,4.1767,-7.1648
101.9246,4.0609,-7.3014,3.1309,0.0235,0.0394,0.9075,4.1767,-7.1648
101.9346,4.0607,-7.3014,3.1309,0.0235,0.0394,0.9075,4.1767,-7.1648
101.9452,4.0604,-7.3014,3.1308,0.0235,0.0394,0.9075,4.1767,-7.1648
101.9552,4.0602,-7.3014,3.1308,0.0239,0.0360,0.9075,4.1767,-7.1648
101.9648,4.0599,-7.3014,3.1306,0.0239,0.0360,0.9075,4.1767,-7.1648
101.9760,4.0596,-7.3014,3.1304,0.0239,0.0360,0.9075,4.1767,-7.1648
101.9848,4.0594,-7.3014,3.1304,0.0239,0.0360,0.9170,4.1767,-7.1648
101.9948,4.0592,-7.3014,3.1302,0.0239,0.0360,0.9170,4.1653,-7.1647
102.0043,4.0590,-7.3014,3.1302,0.0239,0.0360,0.9170,4.1653,-7.1647
102.0142,4.0587,-7.3014,3.1301,0.0239,0.0360,0.9170,4.1653,-7.1647
102.0248,4.0585,-7.3014,3.1299,0.0239,0.0360,0.9170,4.1653,-7.1647
102.0347,4.0583,-7.3014,3.1299,0.0239,0.0360,0.9170,4.1653,-7.1647
102.0451,4.0581,-7.3014,3.1299,0.0000,0.0000,0.9170,4.1653,-7.1647
102.0541,4.0579,-7.3014,3.1297,0.0000,0.0000,0.9170,4.1653,-7.1647
102.0713,4.0575,-7.3014,3.1299,0.0000,0.0000,0.9170,4.1653,-7.1647
102.0793,4.0575,-7.3014,3.1299,0.0000,0.0000,0.9032,4.1653,-7.1647
102.0851,4.0573,-7.3014,3.1299,0.0000,0.0000,0.9032,4.1586,-7.1636
102.0956,4.0571,-7.3014,3.1299,0.0000,0.0000,0.9032,4.1586,-7.1636
102.1047,4.0569,-7.3014,3.1301,0.0000,0.0000,0.9032,4.1586,-7.1636
102.1155,4.0568,-7.3014,3.1301,0.0000,0.0000,0.9032,4.1586,-7.1636
102.1241,4.0567,-7.3014,3.1302,0.0000,0.0000,0.9032,4.1586,-7.1636
102.1341,4.0566,-7.3014,3.1302,0.0000,0.0000,0.9032,4.1586,-7.1636
102.1442,4.0565,-7.3014,3.1304,0.0000,0.0000,0.9032,4.1586,-7.1636
102.1540,4.0565,-7.3014,3.1304,0.0000,0.0000,0.9032,4.1586,-7.1636
102.1643,4.0565,-7.3014,3.1304,0.0000,0.0000,0.9032,4.1586,-7.1636
102.1744,4.0566,-7.3014,3.1304,0.0000,0.0000,0.9032,4.1586,-7.1636
102.1846,4.0567,-7.3014,3.1304,0.0000,0.0000,0.9075,4.1586,-7.1636
102.1944,4.0567,-7.3014,3.1302,0.0000,0.0000,0.9075,4.1534,-7.1631
102.2040,4.0568,-7.3014,3.1302,0.0000,0.0000,0.9075,4.1534,-7.1631
102.2150,4.0569,-7.3014,3.1301,0.0000,0.0000,0.9075,4.1534,-7.1631
102.2246,4.0569,-7.3014,3.1299,0.0000,0.0000,0.9075,4.1534,-7.1631
102.2365,4.0570,-7.3014,3.1297,0.0000,0.0000,0.9075,4.1534,-7.1631
102.2453,4.0571,-7.3014,3.1295,0.0000,0.0000,0.9075,4.1534,-7.1631
102.2563,4.0571,-7.3014,3.1294,0.0000,0.0000,0.9075,4.1534,-7.1631
102.2658,4.0572,-7.3014,3.1292,0.0236,0.0633,0.9075,4.1534,-7.1631
102.2767,4.0573,-7.3014,3.1292,0.0235,0.0775,0.9041,4.1534,-7.1631
102.2849,4.0573,-7.3014,3.1290,0.0235,0.0775,0.9041,4.1556,-7.1634
102.2950,4.0574,-7.3014,3.1290,0.0235,0.0775,0.9041,4.1556,-7.1634
102.3042,4.0575,-7.3014,3.1290,0.0235,0.0775,0.9041,4.1556,-7.1634
102.3148,4.0576,-7.3014,3.1289,0.0235,0.0775,0.9041,4.1556,-7.1634
102.3263,4.0577,-7.3014,3.1289,0.0235,0.0775,0.9041,4.1556,-7.1634
102.3352,4.0578,-7.3014,3.1287,0.0235,0.0775,0.9041,4.1556,-7.1634
102.3452,4.0579,-7.3014,3.1287,0.0227,0.0932,0.9041,4.1556,-7.1634
102.3555,4.0580,-7.3014,3.1287,0.0227,0.0932,0.9041,4.1556,-7.1634
102.3655,4.0579,-7.3014,3.1285,0.0227,0.0932,0.9041,4.1556,-7.1634
102.3922,4.0578,-7.3014,3.1287,0.0227,0.0932,0.9114,4.1493,-7.1633
102.3950,4.0578,-7.3014,3.1287,0.0227,0.0932,0.9114,4.1493,-7.1633
102.4048,4.0578,-7.3014,3.1289,0.0227,0.0932,0.9114,4.1493,-7.1633
102.4153,4.0577,-7.3014,3.1290,0.0227,0.0932,0.9114,4.1493,-7.1633
102.4264,4.0577,-7.3014,3.1292,0.0227,0.0932,0.9114,4.1493,-7.1633
102.4349,4.0576,-7.3014,3.1294,0.0227,0.0932,0.9114,4.1493,-7.1633
102.4467,4.0575,-7.3014,3.1297,0.0227,0.0932,0.9114,4.1493,-7.1633
102.4546,4.0574,-7.3014,3.1299,0.0232,0.1451,0.9114,4.1493,-7.1633
102.4649,4.0573,-7.3014,3.1301,0.0232,0.1451,0.9114,4.1493,-7.1633
102.4750,4.0572,-7.3014,3.1304,0.0232,0.1451,0.9114,4.1493,-7.1633
102.4867,4.0571,-7.3014,3.1306,0.0232,0.1451,0.9137,4.1493,-7.1633
102.4948,4.0570,-7.3014,3.1308,0.0232,0.1451,0.9137,4.1519,-7.1644
102.5049,4.0570,-7.3014,3.1309,0.0232,0.1451,0.9137,4.1519,-7.1644
102.5143,4.0569,-7.3014,3.1309,0.0232,0.1451,0.9137,4.1519,-7.1644
102.5260,4.0568,-7.3014,3.1313,0.0232,0.1451,0.9137,4.1519,-7.1644
102.5346,4.0567,-7.3014,3.1315,0.0232,0.1451,0.9137,4.1519,-7.1644
102.5454,4.0566,-7.3014,3.1315,0.0235,0.1854,0.9137,4.1519,-7.1644
102.5543,4.0565,-7.3014,3.1318,0.0235,0.1854,0.9137,4.1519,-7.1644
102.5646,4.0564,-7.3014,3.1322,0.0235,0.1854,0.9137,4.1519,-7.1644
102.5754,4.0563,-7.3014,3.1325,0.0235,0.1854,0.9170,4.1519,-7.1644
102.5846,4.0563,-7.3014,3.1329,0.0235,0.1854,0.9170,4.1490,-7.1645
102.5952,4.0562,-7.3014,3.1332,0.0235,0.1854,0.9170,4.1490,-7.1645
102.6043,4.0561,-7.3014,3.1337,0.0235,0.1854,0.9170,4.1490,-7.1645
102.6147,4.0561,-7.3014,3.1341,0.0235,0.1854,0.9170,4.1490,-7.1645
102.6247,4.0561,-7.3014,3.1346,0.0235,0.1854,0.9170,4.1490,-7.1645
102.6373,4.0559,-7.3014,3.1351,0.0235,0.1854,0.9170,4.1490,-7.1645
102.6444,4.0559,-7.3014,3.1357,0.0228,0.1862,0.9170,4.1490,-7.1645
102.6544,4.0558,-7.3014,3.1362,0.0228,0.1862,0.9170,4.1490,-7.1645
102.6648,4.0557,-7.3014,3.1367,0.0228,0.1862,0.9170,4.1490,-7.1645
102.6749,4.0557,-7.3014,3.1374,0.0228,0.1862,0.9051,4.1490,-7.1645
102.6853,4.0556,-7.3014,3.1381,0.0228,0.1862,0.9051,4.1490,-7.1645
102.6952,4.0555,-7.3014,3.1386,0.0228,0.1862,0.9051,4.1490,-7.1645
102.7047,4.0554,-7.3014,3.1395,0.0228,0.1862,0.9051,4.1461,-7.1654
102.7147,4.0553,-7.3014,3.1402,0.0228,0.1862,0.9051,4.1461,-7.1654
102.7300,4.0552,-7.3014,3.1409,0.0228,0.1862,0.9051,4.1461,-7.1654
102.7429,4.0550,-7.3014,-3.1405,0.0235,0.1275,0.9051,4.1461,-7.1654
102.7479,4.0550,-7.3014,-3.1405,0.0235,0.1275,0.9051,4.1461,-7.1654
102.7548,4.0549,-7.3014,-3.1398,0.0235,0.1275,0.9051,4.1461,-7.1654
102.7646,4.0547,-7.3014,-3.1390,0.0235,0.1275,0.9051,4.1461,-7.1654
102.7748,4.0547,-7.3014,-3.1379,0.0235,0.1275,0.9095,4.1461,-7.1654
102.7854,4.0545,-7.3014,-3.1371,0.0235,0.1275,0.9095,4.1461,-7.1654
102.7948,4.0543,-7.3014,-3.1360,0.0235,0.1275,0.9095,4.1507,-7.1649
102.8044,4.0541,-7.3014,-3.1350,0.0235,0.1275,0.9095,4.1507,-7.1649
102.8148,4.0539,-7.3014,-3.1339,0.0235,0.1275,0.9095,4.1507,-7.1649
102.8252,4.0538,-7.3014,-3.1329,0.0235,0.1275,0.9095,4.1507,-7.1649
102.8346,4.0536,-7.3014,-3.1318,0.0235,0.1275,0.9095,4.1507,-7.1649
102.8446,4.0534,-7.3014,-3.1308,0.0231,0.0785,0.9095,4.1507,-7.1649
102.8549,4.0532,-7.3014,-3.1297,0.0231,0.0785,0.9095,4.1507,-7.1649
102.8651,4.0530,-7.3014,-3.1287,0.0231,0.0785,0.9095,4.1507,-7.1649
102.8742,4.0528,-7.3014,-3.1276,0.0231,0.0785,0.9094,4.1507,-7.1649
102.8842,4.0526,-7.3014,-3.1266,0.0231,0.0785,0.9094,4.1506,-7.1659
102.8944,4.0524,-7.3014,-3.1254,0.0231,0.0785,0.9094,4.1506,-7.1659
102.9040,4.0521,-7.3014,-3.1243,0.0231,0.0785,0.9094,4.1506,-7.1659
102.9147,4.0519,-7.3014,-3.1233,0.0231,0.0785,0.9094,4.1506,-7.1659
102.9250,4.0517,-7.3014,-3.1220,0.0231,0.0785,0.9094,4.1506,-7.1659
102.9360,4.0515,-7.3014,-3.1210,0.0231,0.0785,0.9094,4.1506,-7.1659
102.9450,4.0513,-7.3014,-3.1200,0.0224,0.0411,0.9094,4.1506,-7.1659
102.9546,4.0510,-7.3014,-3.1189,0.0224,0.0411,0.9094,4.1506,-7.1659
102.9681,4.0508,-7.3014,-3.1177,0.0224,0.0411,0.9094,4.1506,-7.1659
102.9749,4.0505,-7.3014,-3.1166,0.0224,0.0411,0.9118,4.1506,-7.1659
102.9851,4.0502,-7.3014,-3.1156,0.0224,0.0411,0.9118,4.1485,-7.1677
102.9952,4.0500,-7.3014,-3.1144,0.0224,0.0411,0.9118,4.1485,-7.1677
103.0044,4.0498,-7.3014,-3.1133,0.0224,0.0411,0.9118,4.1485,-7.1677
103.0143,4.0495,-7.3014,-3.1121,0.0224,0.0411,0.9118,4.1485,-7.1677
103.0248,4.0492,-7.3015,-3.1109,0.0224,0.0411,0.9118,4.1485,-7.1677
103.0351,4.0490,-7.3015,-3.1098,0.0224,0.0411,0.9118,4.1485,-7.1677
103.0444,4.0488,-7.3015,-3.1088,0.0233,0.0342,0.9118,4.1485,-7.1677
103.0542,4.0486,-7.3015,-3.1079,0.0233,0.0342,0.9118,4.1485,-7.1677
103.0646,4.0484,-7.3015,-3.1070,0.0233,0.0342,0.9118,4.1485,-7.1677
103.0742,4.0482,-7.3015,-3.1063,0.0233,0.0342,0.9138,4.1485,-7.1677
103.0841,4.0480,-7.3015,-3.1056,0.0233,0.0342,0.9138,4.1478,-7.1677
103.0947,4.0478,-7.3015,-3.1049,0.0233,0.0342,0.9138,4.1478,-7.1677
103.1044,4.0476,-7.3015,-3.1044,0.0233,0.0342,0.9138,4.1478,-7.1677
103.1148,4.0475,-7.3015,-3.1039,0.0233,0.0342,0.9138,4.1478,-7.1677
103.1265,4.0473,-7.3015,-3.1034,0.0233,0.0342,0.9138,4.1478,-7.1677
103.1348,4.0472,-7.3015,-3.1030,0.0233,0.0342,0.9138,4.1478,-7.1677
103.1459,4.0470,-7.3015,-3.1025,0.0224,0.0067,0.9138,4.1478,-7.1677
103.1550,4.0469,-7.3015,-3.1021,0.0224,0.0067,0.9138,4.1478,-7.1677
103.1647,4.0467,-7.3015,-3.1016,0.0224,0.0067,0.9138,4.1478,-7.1677
103.1744,4.0466,-7.3015,-3.1013,0.0224,0.0067,0.9121,4.1478,-7.1677
103.1850,4.0464,-7.3016,-3.1008,0.0224,0.0067,0.9121,4.1478,-7.1677
103.1945,4.0463,-7.3016,-3.1002,0.0224,0.0067,0.9121,4.1495,-7.1653
103.2064,4.0462,-7.3016,-3.0997,0.0224,0.0067,0.9121,4.1495,-7.1653
103.2146,4.0461,-7.3016,-3.0992,0.0224,0.0067,0.9121,4.1495,-7.1653
103.2254,4.0459,-7.3016,-3.0985,0.0224,0.0067,0.9121,4.1495,-7.1653
103.2348,4.0458,-7.3016,-3.0980,0.0224,0.0067,0.9121,4.1495,-7.1653
103.2451,4.0456,-7.3016,-3.0976,0.0209,-0.0167,0.9121,4.1495,-7.1653
103.2542,4.0455,-7.3016,-3.0971,0.0209,-0.0167,0.9121,4.1495,-7.1653
103.2656,4.0453,-7.3016,-3.0967,0.0209,-0.0167,0.9121,4.1495,-7.1653
103.2761,4.0452,-7.3016,-3.0962,0.0209,-0.0167,0.9047,4.1495,-7.1653
103.2850,4.0450,-7.3016,-3.0959,0.0209,-0.0167,0.9047,4.1495,-7.1653
103.2946,4.0448,-7.3016,-3.0953,0.0209,-0.0167,0.9047,4.1516,-7.1667
103.3043,4.0447,-7.3016,-3.0950,0.0209,-0.0167,0.9047,4.1516,-7.1667
103.3148,4.0445,-7.3016,-3.0945,0.0209,-0.0167,0.9047,4.1516,-7.1667
103.3249,4.0443,-7.3016,-3.0941,0.0209,-0.0167,0.9047,4.1516,-7.1667
103.3364,4.0442,-7.3017,-3.0936,0.0209,-0.0167,0.9047,4.1516,-7.1667
103.3449,4.0440,-7.3017,-3.0932,0.0213,-0.0461,0.9047,4.1516,-7.1667
103.3547,4.0438,-7.3017,-3.0927,0.0213,-0.0461,0.9047,4.1516,-7.1667
103.3655,4.0436,-7.3017,-3.0924,0.0213,-0.0461,0.9047,4.1516,-7.1667
103.3767,4.0435,-7.3017,-3.0919,0.0213,-0.0461,0.9116,4.1516,-7.1667
103.3846,4.0433,-7.3017,-3.0915,0.0213,-0.0461,0.9116,4.1516,-7.1667
103.3954,4.0431,-7.3017,-3.0910,0.0213,-0.0461,0.9116,4.1538,-7.1673
103.4045,4.0429,-7.3017,-3.0905,0.0213,-0.0461,0.9116,4.1538,-7.1673
103.4158,4.0427,-7.3017,-3.0899,0.0213,-0.0461,0.9116,4.1538,-7.1673
103.4247,4.0425,-7.3017,-3.0896,0.0213,-0.0461,0.9116,4.1538,-7.1673
103.4350,4.0423,-7.3018,-3.0892,0.0213,-0.0461,0.9116,4.1538,-7.1673
103.4449,4.0421,-7.3018,-3.0889,0.0235,-0.0381,0.9116,4.1538,-7.1673
103.4544,4.0420,-7.3018,-3.0885,0.0235,-0.0381,0.9116,4.1538,-7.1673
103.4658,4.0418,-7.3018,-3.0885,0.0235,-0.0381,0.9116,4.1538,-7.1673
103.4755,4.0416,-7.3018,-3.0884,0.0235,-0.0381,0.9096,4.1538,-7.1673
103.4846,4.0414,-7.3018,-3.0882,0.0235,-0.0381,0.9096,4.1538,-7.1673
103.4948,4.0413,-7.3018,-3.0882,0.0235,-0.0381,0.9096,4.1555,-7.1654
103.5060,4.0411,-7.3018,-3.0880,0.0235,-0.0381,0.9096,4.1555,-7.1654
103.5150,4.0411,-7.3018,-3.0878,0.0235,-0.0381,0.9096,4.1555,-7.1654
103.5245,4.0408,-7.3018,-3.0877,0.0235,-0.0381,0.9096,4.1555,-7.1654
103.5348,4.0406,-7.3018,-3.0875,0.0235,-0.0381,0.9096,4.1555,-7.1654
103.5442,4.0404,-7.3019,-3.0871,0.0235,-0.0381,0.9096,4.1555,-7.1654
103.5542,4.0402,-7.3019,-3.0868,0.0235,-0.0381,0.9096,4.1555,-7.1654
103.5645,4.0400,-7.3019,-3.0864,0.0211,-0.2190,0.9096,4.1555,-7.1654
103.5741,4.0398,-7.3019,-3.0859,0.0211,-0.2190,0.9034,4.1555,-7.1654
103.5848,4.0396,-7.3019,-3.0854,0.0211,-0.2190,0.9034,4.1530,-7.1668
103.5950,4.0394,-7.3019,-3.0849,0.0211,-0.2190,0.9034,4.1530,-7.1668
103.6041,4.0391,-7.3019,-3.0843,0.0211,-0.2190,0.9034,4.1530,-7.1668
103.6149,4.0389,-7.3019,-3.0836,0.0211,-0.2190,0.9034,4.1530,-7.1668
103.6251,4.0387,-7.3020,-3.0829,0.0211,-0.2190,0.9034,4.1530,-7.1668
103.6346,4.0384,-7.3020,-3.0824,0.0211,-0.2190,0.9034,4.1530,-7.1668
103.6457,4.0382,-7.3020,-3.0817,0.0229,-0.1766,0.9034,4.1530,-7.1668
103.6551,4.0379,-7.3020,-3.0812,0.0229,-0.1766,0.9034,4.1530,-7.1668
103.6648,4.0376,-7.3020,-3.0807,0.0229,-0.1766,0.9034,4.1530,-7.1668
103.6744,4.0374,-7.3020,-3.0803,0.0229,-0.1766,0.9149,4.1530,-7.1668
103.6843,4.0372,-7.3020,-3.0800,0.0229,-0.1766,0.9149,4.1547,-7.1667
103.6956,4.0370,-7.3020,-3.0798,0.0229,-0.1766,0.9149,4.1547,-7.1667
103.7046,4.0368,-7.3021,-3.0796,0.0229,-0.1766,0.9149,4.1547,-7.1667
103.7152,4.0366,-7.3021,-3.0796,0.0229,-0.1766,0.9149,4.1547,-7.1667
103.7249,4.0364,-7.3021,-3.0796,0.0229,-0.1766,0.9149,4.1547,-7.1667
103.7367,4.0362,-7.3021,-3.0800,0.0229,-0.1766,0.9149,4.1547,-7.1667
103.7447,4.0359,-7.3021,-3.0802,0.0236,-0.1877,0.9149,4.1547,-7.1667
103.7546,4.0357,-7.3021,-3.0805,0.0236,-0.1877,0.9149,4.1547,-7.1667
103.7648,4.0355,-7.3021,-3.0810,0.0236,-0.1877,0.9149,4.1547,-7.1667
103.7753,4.0353,-7.3022,-3.0816,0.0236,-0.1877,0.9011,4.1547,-7.1667
103.7856,4.0352,-7.3022,-3.0824,0.0236,-0.1877,0.9011,4.1547,-7.1667
103.7970,4.0350,-7.3022,-3.0833,0.0236,-0.1877,0.9011,4.1514,-7.1679
103.8045,4.0348,-7.3022,-3.0843,0.0236,-0.1877,0.9011,4.1514,-7.1679
103.8145,4.0347,-7.3022,-3.0854,0.0236,-0.1877,0.9011,4.1514,-7.1679
103.8253,4.0345,-7.3022,-3.0866,0.0236,-0.1877,0.9011,4.1514,-7.1679
103.8364,4.0343,-7.3022,-3.0878,0.0236,-0.1877,0.9011,4.1514,-7.1679
103.8458,4.0341,-7.3022,-3.0891,0.0224,-0.1770,0.9011,4.1514,-7.1679
103.8553,4.0339,-7.3022,-3.0903,0.0224,-0.1770,0.9011,4.1514,-7.1679
103.8650,4.0337,-7.3022,-3.0915,0.0224,-0.1770,0.9011,4.1514,-7.1679
103.8750,4.0336,-7.3023,-3.0929,0.0224,-0.1770,0.9103,4.1514,-7.1679
103.8849,4.0334,-7.3023,-3.0939,0.0224,-0.1770,0.9103,4.1514,-7.1679
103.8944,4.0332,-7.3023,-3.0952,0.0224,-0.1770,0.9103,4.1496,-7.1670
103.9048,4.0330,-7.3023,-3.0962,0.0224,-0.1770,0.9103,4.1496,-7.1670
103.9149,4.0328,-7.3023,-3.0973,0.0224,-0.1770,0.9103,4.1496,-7.1670
103.9258,4.0327,-7.3023,-3.0981,0.0224,-0.1770,0.9103,4.1496,-7.1670
103.9355,4.0326,-7.3023,-3.0992,0.0224,-0.1770,0.9103,4.1496,-7.1670
103.9452,4.0324,-7.3023,-3.1001,0.0238,-0.1814,0.9103,4.1496,-7.1670
103.9546,4.0323,-7.3023,-3.1008,0.0238,-0.1814,0.9103,4.1496,-7.1670
103.9651,4.0321,-7.3023,-3.1016,0.0238,-0.1814,0.9103,4.1496,-7.1670
103.9749,4.0319,-7.3023,-3.1023,0.0238,-0.1814,0.9126,4.1496,-7.1670
103.9851,4.0318,-7.3023,-3.1030,0.0238,-0.1814,0.9126,4.1518,-7.1671
103.9949,4.0317,-7.3023,-3.1037,0.0238,-0.1814,0.9126,4.1518,-7.1671
104.0064,4.0315,-7.3023,-3.1044,0.0238,-0.1814,0.9126,4.1518,-7.1671
104.0159,4.0314,-7.3023,-3.1053,0.0238,-0.1814,0.9126,4.1518,-7.1671
104.0255,4.0312,-7.3024,-3.1060,0.0238,-0.1814,0.9126,4.1518,-7.1671
104.0358,4.0310,-7.3024,-3.1069,0.0238,-0.1814,0.9126,4.1518,-7.1671
104.0445,4.0309,-7.3024,-3.1077,0.0230,-0.1710,0.9126,4.1518,-7.1671
104.0548,4.0307,-7.3024,-3.1086,0.0230,-0.1710,0.9126,4.1518,-7.1671
104.0647,4.0305,-7.3024,-3.1097,0.0230,-0.1710,0.9126,4.1518,-7.1671
104.0752,4.0304,-7.3024,-3.1107,0.0230,-0.1710,0.9017,4.1518,-7.1671
104.0853,4.0302,-7.3024,-3.1117,0.0230,-0.1710,0.9017,4.1518,-7.1671
104.0949,4.0300,-7.3024,-3.1130,0.0230,-0.1710,0.9017,4.1518,-7.1646
104.1043,4.0298,-7.3024,-3.1142,0.0230,-0.1710,0.9017,4.1518,-7.1646
104.1148,4.0296,-7.3024,-3.1154,0.0230,-0.1710,0.9017,4.1518,-7.1646
104.1258,4.0294,-7.3024,-3.1166,0.0230,-0.1710,0.9017,4.1518,-7.1646
104.1358,4.0291,-7.3024,-3.1180,0.0230,-0.1710,0.9017,4.1518,-7.1646
104.1452,4.0289,-7.3024,-3.1194,0.0223,-0.1424,0.9017,4.1518,-7.1646
104.1546,4.0287,-7.3024,-3.1208,0.0223,-0.1424,0.9017,4.1518,-7.1646
104.1654,4.0285,-7.3024,-3.1222,0.0223,-0.1424,0.9017,4.1518,-7.1646
104.1746,4.0282,-7.3024,-3.1236,0.0223,-0.1424,0.9191,4.1518,-7.1646
104.1847,4.0280,-7.3024,-3.1252,0.0223,-0.1424,0.9191,4.1562,-7.1640
104.1948,4.0275,-7.3024,-3.1266,0.0223,-0.1424,0.9191,4.1562,-7.1640
104.2057,4.0272,-7.3024,-3.1280,0.0223,-0.1424,0.9191,4.1562,-7.1640
104.2147,4.0270,-7.3025,-3.1295,0.0223,-0.1424,0.9191,4.1562,-7.1640
104.2248,4.0268,-7.3025,-3.1311,0.0223,-0.1424,0.9191,4.1562,-7.1640
104.2345,4.0265,-7.3025,-3.1325,0.0223,-0.1424,0.9191,4.1562,-7.1640
104.2445,4.0262,-7.3025,-3.1341,0.0237,-0.1225,0.9191,4.1562,-7.1640
104.2547,4.0260,-7.3025,-3.1358,0.0237,-0.1225,0.9191,4.1562,-7.1640
104.2645,4.0257,-7.3025,-3.1374,0.0237,-0.1225,0.9191,4.1562,-7.1640
104.2780,4.0251,-7.3025,-3.1409,0.0237,-0.1225,0.9072,4.1562,-7.1640
104.2840,4.0251,-7.3025,-3.1409,0.0237,-0.1225,0.9072,4.1543,-7.1642
104.2953,4.0247,-7.3025,3.1407,0.0237,-0.1225,0.9072,4.1543,-7.1642
104.3044,4.0244,-7.3025,3.1390,0.0237,-0.1225,0.9072,4.1543,-7.1642
104.3147,4.0241,-7.3025,3.1372,0.0237,-0.1225,0.9072,4.1543,-7.1642
104.3255,4.0238,-7.3025,3.1355,0.0237,-0.1225,0.9072,4.1543,-7.1642
104.3348,4.0236,-7.3025,3.1339,0.0237,-0.1225,0.9072,4.1543,-7.1642
104.3455,4.0233,-7.3025,3.1323,0.0231,-0.1061,0.9072,4.1543,-7.1642
104.3545,4.0230,-7.3025,3.1308,0.0231,-0.1061,0.9072,4.1543,-7.1642
104.3649,4.0228,-7.3025,3.1294,0.0231,-0.1061,0.9072,4.1543,-7.1642
104.3755,4.0226,-7.3025,3.1280,0.0231,-0.1061,0.9056,4.1543,-7.1642
104.3844,4.0224,-7.3024,3.1268,0.0231,-0.1061,0.9056,4.1531,-7.1626
104.3951,4.0224,-7.3024,3.1255,0.0231,-0.1061,0.9056,4.1531,-7.1626
104.4043,4.0219,-7.3024,3.1245,0.0231,-0.1061,0.9056,4.1531,-7.1626
104.4148,4.0216,-7.3024,3.1234,0.0231,-0.1061,0.9056,4.1531,-7.1626
104.4251,4.0214,-7.3024,3.1226,0.0231,-0.1061,0.9056,4.1531,-7.1626
104.4382,4.0209,-7.3024,3.1206,0.0239,-0.0829,0.9056,4.1531,-7.1626
104.4447,4.0209,-7.3024,3.1206,0.0239,-0.0829,0.9056,4.1531,-7.1626
104.4545,4.0206,-7.3024,3.1196,0.0239,-0.0829,0.9056,4.1531,-7.1626
104.4650,4.0204,-7.3024,3.1187,0.0239,-0.0829,0.9056,4.1531,-7.1626
104.4748,4.0202,-7.3024,3.1179,0.0239,-0.0829,0.9085,4.1531,-7.1626
104.4850,4.0201,-7.3024,3.1168,0.0239,-0.0829,0.9085,4.1570,-7.1627
104.4951,4.0199,-7.3024,3.1159,0.0239,-0.0829,0.9085,4.1570,-7.1627
104.5045,4.0197,-7.3024,3.1151,0.0239,-0.0829,0.9085,4.1570,-7.1627
104.5144,4.0195,-7.3024,3.1142,0.0239,-0.0829,0.9085,4.1570,-7.1627
104.5257,4.0193,-7.3024,3.1131,0.0239,-0.0829,0.9085,4.1570,-7.1627
104.5346,4.0191,-7.3024,3.1123,0.0239,-0.0829,0.9085,4.1570,-7.1627
104.5445,4.0189,-7.3024,3.1116,0.0239,-0.0829,0.9085,4.1570,-7.1627
104.5564,4.0185,-7.3024,3.1098,0.0239,-0.0829,0.9085,4.1570,-7.1627
104.5641,4.0185,-7.3024,3.1098,0.0226,0.0418,0.9085,4.1570,-7.1627
104.5746,4.0184,-7.3024,3.1091,0.0226,0.0418,0.9071,4.1570,-7.1627
104.5843,4.0182,-7.3024,3.1083,0.0226,0.0418,0.9071,4.1570,-7.1627
104.5952,4.0180,-7.3023,3.1076,0.0226,0.0418,0.9071,4.1536,-7.1637
104.6051,4.0178,-7.3023,3.1067,0.0226,0.0418,0.9071,4.1536,-7.1637
104.6148,4.0176,-7.3023,3.1060,0.0226,0.0418,0.9071,4.1536,-7.1637
104.6246,4.0175,-7.3023,3.1053,0.0226,0.0418,0.9071,4.1536,-7.1637
104.6363,4.0173,-7.3023,3.1044,0.0226,0.0418,0.9071,4.1536,-7.1637
104.6442,4.0172,-7.3023,3.1035,0.0218,0.0882,0.9071,4.1536,-7.1637
104.6545,4.0170,-7.3023,3.1027,0.0218,0.0882,0.9071,4.1536,-7.1637
104.6651,4.0168,-7.3023,3.1018,0.0218,0.0882,0.9071,4.1536,-7.1637
104.6743,4.0167,-7.3023,3.1009,0.0218,0.0882,0.9018,4.1536,-7.1637
104.6840,4.0165,-7.3023,3.1009,0.0218,0.0882,0.9018,4.1525,-7.1638
104.6944,4.0164,-7.3023,3.1001,0.0218,0.0882,0.9018,4.1525,-7.1638
104.7045,4.0162,-7.3023,3.0994,0.0218,0.0882,0.9018,4.1525,-7.1638
104.7144,4.0161,-7.3023,3.0985,0.0218,0.0882,0.9018,4.1525,-7.1638
104.7260,4.0159,-7.3023,3.0978,0.0218,0.0882,0.9018,4.1525,-7.1638
104.7345,4.0158,-7.3023,3.0971,0.0205,0.1004,0.9018,4.1525,-7.1638
104.7455,4.0156,-7.3023,3.0964,0.0205,0.1004,0.9018,4.1525,-7.1638
104.7547,4.0155,-7.3022,3.0959,0.0205,0.1004,0.9018,4.1525,-7.1638
104.7650,4.0153,-7.3022,3.0953,0.0205,0.1004,0.9018,4.1525,-7.1638
104.7747,4.0151,-7.3022,3.0948,0.0205,0.1004,0.9041,4.1525,-7.1638
104.7853,4.0148,-7.3022,3.0939,0.0205,0.1004,0.9041,4.1525,-7.1657
104.7947,4.0148,-7.3022,3.0939,0.0205,0.1004,0.9041,4.1525,-7.1657
104.8044,4.0146,-7.3022,3.0936,0.0205,0.1004,0.9041,4.1525,-7.1657
104.8147,4.0145,-7.3022,3.0932,0.0205,0.1004,0.9041,4.1525,-7.1657
104.8255,4.0141,-7.3022,3.0929,0.0205,0.1004,0.9041,4.1525,-7.1657
104.8361,4.0140,-7.3022,3.0927,0.0205,0.1004,0.9041,4.1525,-7.1657
104.8453,4.0140,-7.3022,3.0927,0.0222,0.0903,0.9041,4.1525,-7.1657
104.8547,4.0139,-7.3022,3.0925,0.0222,0.0903,0.9041,4.1525,-7.1657
104.8654,4.0136,-7.3022,3.0924,0.0222,0.0903,0.9041,4.1525,-7.1657
104.8756,4.0134,-7.3021,3.0922,0.0222,0.0903,0.9097,4.1525,-7.1657
104.8847,4.0134,-7.3021,3.0922,0.0222,0.0903,0.9097,4.1525,-7.1657
104.8942,4.0133,-7.3021,3.0920,0.0222,0.0903,0.9097,4.1544,-7.1691
104.9044,4.0132,-7.3021,3.0919,0.0222,0.0903,0.9097,4.1544,-7.1691
104.9281,4.0129,-7.3021,3.0913,0.0222,0.0903,0.9097,4.1544,-7.1691
104.9352,4.0129,-7.3021,3.0913,0.0222,0.0903,0.9097,4.1544,-7.1691
104.9444,4.0128,-7.3021,3.0910,0.0236,0.1299,0.9097,4.1544,-7.1691
104.9549,4.0126,-7.3021,3.0908,0.0236,0.1299,0.9097,4.1544,-7.1691
104.9645,4.0125,-7.3021,3.0906,0.0236,0.1299,0.9097,4.1544,-7.1691
104.9744,4.0124,-7.3021,3.0905,0.0236,0.1299,0.9063,4.1544,-7.1691
104.9840,4.0123,-7.3021,3.0903,0.0236,0.1299,0.9063,4.1550,-7.1685
104.9950,4.0122,-7.3021,3.0901,0.0236,0.1299,0.9063,4.1550,-7.1685
105.0043,4.0121,-7.3021,3.0899,0.0236,0.1299,0.9063,4.1550,-7.1685
105.0148,4.0119,-7.3021,3.0896,0.0236,0.1299,0.9063,4.1550,-7.1685
105.0250,4.0118,-7.3021,3.0894,0.0236,0.1299,0.9063,4.1550,-7.1685
105.0355,4.0116,-7.3021,3.0894,0.0236,0.1299,0.9063,4.1550,-7.1685
105.0454,4.0115,-7.3020,3.0894,0.0230,0.1085,0.9063,4.1550,-7.1685
105.0543,4.0115,-7.3020,3.0894,0.0230,0.1085,0.9063,4.1550,-7.1685
105.0653,4.0113,-7.3020,3.0894,0.0230,0.1085,0.9063,4.1550,-7.1685
105.0748,4.0111,-7.3020,3.0896,0.0230,0.1085,0.9159,4.1550,-7.1685
105.0856,4.0110,-7.3020,3.0899,0.0230,0.1085,0.9159,4.1569,-7.1686
105.0960,4.0108,-7.3020,3.0901,0.0230,0.1085,0.9159,4.1569,-7.1686
105.1052,4.0107,-7.3020,3.0905,0.0230,0.1085,0.9159,4.1569,-7.1686
105.1148,4.0105,-7.3020,3.0906,0.0230,0.1085,0.9159,4.1569,-7.1686
105.1248,4.0104,-7.3020,3.0910,0.0230,0.1085,0.9159,4.1569,-7.1686
105.1352,4.0102,-7.3020,3.0912,0.0233,0.1452,0.9159,4.1569,-7.1686
105.1447,4.0101,-7.3020,3.0915,0.0233,0.1452,0.9159,4.1569,-7.1686
105.1543,4.0099,-7.3020,3.0917,0.0233,0.1452,0.9159,4.1569,-7.1686
105.1645,4.0097,-7.3020,3.0919,0.0233,0.1452,0.9159,4.1569,-7.1686
105.1746,4.0095,-7.3019,3.0920,0.0233,0.1452,0.9101,4.1569,-7.1686
105.1852,4.0093,-7.3019,3.0922,0.0233,0.1452,0.9101,4.1569,-7.1686
105.1948,4.0092,-7.3019,3.0924,0.0233,0.1452,0.9101,4.1500,-7.1689
105.2046,4.0089,-7.3019,3.0927,0.0233,0.1452,0.9101,4.1500,-7.1689
105.2148,4.0087,-7.3019,3.0929,0.0233,0.1452,0.9101,4.1500,-7.1689
105.2267,4.0085,-7.3019,3.0932,0.0233,0.1452,0.9101,4.1500,-7.1689
105.2355,4.0083,-7.3019,3.0936,0.0233,0.1452,0.9101,4.1500,-7.1689
105.2463,4.0080,-7.3019,3.0938,0.0228,0.1723,0.9101,4.1500,-7.1689
105.2543,4.0078,-7.3019,3.0941,0.0228,0.1723,0.9101,4.1500,-7.1689
105.2650,4.0076,-7.3019,3.0945,0.0228,0.1723,0.9101,4.1500,-7.1689
105.2745,4.0073,-7.3018,3.0948,0.0228,0.1723,0.9077,4.1500,-7.1689
105.2849,4.0071,-7.3018,3.0952,0.0228,0.1723,0.9077,4.1496,-7.1684
105.2956,4.0069,-7.3018,3.0955,0.0228,0.1723,0.9077,4.1496,-7.1684
105.3043,4.0067,-7.3018,3.0957,0.0228,0.1723,0.9077,4.1496,-7.1684
105.3146,4.0065,-7.3018,3.0960,0.0228,0.1723,0.9077,4.1496,-7.1684
105.3247,4.0063,-7.3018,3.0964,0.0228,0.1723,0.9077,4.1496,-7.1684
105.3356,4.0061,-7.3018,3.0969,0.0228,0.1723,0.9077,4.1496,-7.1684
105.3447,4.0060,-7.3018,3.0976,0.0232,0.1255,0.9077,4.1496,-7.1684
105.3542,4.0058,-7.3018,3.0985,0.0232,0.1255,0.9077,4.1496,-7.1684
105.3646,4.0056,-7.3018,3.0994,0.0232,0.1255,0.9077,4.1496,-7.1684
105.3741,4.0054,-7.3018,3.1006,0.0232,0.1255,0.9146,4.1496,-7.1684
105.3846,4.0053,-7.3017,3.1016,0.0232,0.1255,0.9146,4.1516,-7.1696
105.3951,4.0051,-7.3017,3.1028,0.0232,0.1255,0.9146,4.1516,-7.1696
105.4040,4.0049,-7.3017,3.1041,0.0232,0.1255,0.9146,4.1516,-7.1696
105.4143,4.0047,-7.3017,3.1053,0.0232,0.1255,0.9146,4.1516,-7.1696
105.4244,4.0046,-7.3017,3.1067,0.0232,0.1255,0.9146,4.1516,-7.1696
105.4360,4.0044,-7.3017,3.1079,0.0232,0.1255,0.9146,4.1516,-7.1696
105.4446,4.0043,-7.3017,3.1091,0.0224,0.1127,0.9146,4.1516,-7.1696
105.4550,4.0041,-7.3017,3.1104,0.0224,0.1127,0.9146,4.1516,-7.1696
105.4653,4.0040,-7.3017,3.1116,0.0224,0.1127,0.9146,4.1516,-7.1696
105.4743,4.0038,-7.3017,3.1126,0.0224,0.1127,0.9116,4.1496,-7.1695
105.4848,4.0036,-7.3017,3.1138,0.0224,0.1127,0.9116,4.1496,-7.1695
105.4950,4.0034,-7.3017,3.1149,0.0224,0.1127,0.9116,4.1496,-7.1695
105.5043,4.0032,-7.3017,3.1159,0.0224,0.1127,0.9116,4.1496,-7.1695
105.5147,4.0030,-7.3017,3.1170,0.0224,0.1127,0.9116,4.1496,-7.1695
105.5247,4.0028,-7.3017,3.1180,0.0224,0.1127,0.9116,4.1496,-7.1695
105.5347,4.0026,-7.3017,3.1189,0.0224,0.1127,0.9116,4.1496,-7.1695
105.5460,4.0024,-7.3017,3.1198,0.0224,0.1127,0.9116,4.1496,-7.1695
105.5623,4.0022,-7.3017,3.1206,0.0229,0.0714,0.9116,4.1496,-7.1695
105.5648,4.0020,-7.3017,3.1215,0.0229,0.0714,0.9116,4.1496,-7.1695
105.5758,4.0018,-7.3017,3.1224,0.0229,0.0714,0.9057,4.1496,-7.1695
105.5851,4.0016,-7.3016,3.1233,0.0229,0.0714,0.9057,4.1495,-7.1696
105.5958,4.0014,-7.3016,3.1241,0.0229,0.0714,0.9057,4.1495,-7.1696
105.6041,4.0012,-7.3016,3.1250,0.0229,0.0714,0.9057,4.1495,-7.1696
105.6153,4.0010,-7.3016,3.1257,0.0229,0.0714,0.9057,4.1495,-7.1696
105.6251,4.0009,-7.3016,3.1266,0.0229,0.0714,0.9057,4.1495,-7.1696
105.6348,4.0007,-7.3016,3.1275,0.0229,0.0714,0.9057,4.1495,-7.1696
105.6448,4.0005,-7.3016,3.1282,0.0231,0.0784,0.9057,4.1495,-7.1696
105.6541,4.0003,-7.3016,3.1290,0.0231,0.0784,0.9057,4.1495,-7.1696
105.6641,4.0001,-7.3016,3.1299,0.0231,0.0784,0.9091,4.1495,-7.1696
105.6745,4.0000,-7.3016,3.1306,0.0231,0.0784,0.9091,4.1495,-7.1696
105.6844,3.9998,-7.3016,3.1315,0.0231,0.0784,0.9091,4.1497,-7.1672
105.6966,3.9996,-7.3016,3.1322,0.0231,0.0784,0.9091,4.1497,-7.1672
105.7052,3.9994,-7.3016,3.1329,0.0231,0.0784,0.9091,4.1497,-7.1672
105.7153,3.9992,-7.3016,3.1337,0.0231,0.0784,0.9091,4.1497,-7.1672
105.7250,3.9990,-7.3016,3.1344,0.0231,0.0784,0.9091,4.1497,-7.1672
105.7388,3.9987,-7.3016,3.1353,0.0225,0.1094,0.9091,4.1497,-7.1672
105.7459,3.9985,-7.3016,3.1362,0.0225,0.1094,0.9091,4.1497,-7.1672
105.7543,3.9983,-7.3016,3.1371,0.0225,0.1094,0.9091,4.1497,-7.1672
105.7648,3.9981,-7.3016,3.1381,0.0225,0.1094,0.9148,4.1497,-7.1672
105.7756,3.9978,-7.3016,3.1391,0.0225,0.1094,0.9148,4.1497,-7.1672
105.7848,3.9976,-7.3016,3.1402,0.0225,0.1094,0.9148,4.1543,-7.1654
105.7954,3.9973,-7.3016,3.1412,0.0225,0.1094,0.9148,4.1543,-7.1654
105.8045,3.9971,-7.3016,-3.1409,0.0225,0.1094,0.9148,4.1543,-7.1654
105.8153,3.9968,-7.3016,-3.1398,0.0225,0.1094,0.9148,4.1543,-7.1654
105.8254,3.9966,-7.3016,-3.1388,0.0225,0.1094,0.9148,4.1543,-7.1654
105.8373,3.9964,-7.3016,-3.1378,0.0225,0.1094,0.9148,4.1543,-7.1654
105.8457,3.9962,-7.3016,-3.1367,0.0236,0.1057,0.9148,4.1543,-7.1654
105.8545,3.9960,-7.3016,-3.1358,0.0236,0.1057,0.9148,4.1543,-7.1654
105.8645,3.9958,-7.3016,-3.1348,0.0236,0.1057,0.9081,4.1543,-7.1654
105.8750,3.9955,-7.3016,-3.1339,0.0236,0.1057,0.9081,4.1546,-7.1647
105.8843,3.9953,-7.3016,-3.1330,0.0236,0.1057,0.9081,4.1546,-7.1647
105.8944,3.9951,-7.3016,-3.1322,0.0236,0.1057,0.9081,4.1546,-7.1647
105.9054,3.9949,-7.3016,-3.1313,0.0236,0.1057,0.9081,4.1546,-7.1647
105.9152,3.9946,-7.3016,-3.1304,0.0236,0.1057,0.9081,4.1546,-7.1647
105.9248,3.9944,-7.3016,-3.1295,0.0236,0.1057,0.9081,4.1546,-7.1647
105.9368,3.9942,-7.3016,-3.1287,0.0236,0.1057,0.9081,4.1546,-7.1647
105.9454,3.9940,-7.3016,-3.1276,0.0231,0.1195,0.9081,4.1546,-7.1647
105.9543,3.9938,-7.3016,-3.1266,0.0231,0.1195,0.9081,4.1546,-7.1647
105.9660,3.9936,-7.3016,-3.1257,0.0231,0.1195,0.9081,4.1546,-7.1647
105.9742,3.9934,-7.3016,-3.1247,0.0231,0.1195,0.9088,4.1518,-7.1649
105.9850,3.9932,-7.3016,-3.1236,0.0231,0.1195,0.9088,4.1518,-7.1649
105.9958,3.9930,-7.3017,-3.1226,0.0231,0.1195,0.9088,4.1518,-7.1649
106.0047,3.9927,-7.3017,-3.1215,0.0231,0.1195,0.9088,4.1518,-7.1649
106.0159,3.9925,-7.3017,-3.1205,0.0231,0.1195,0.9088,4.1518,-7.1649
106.0252,3.9923,-7.3017,-3.1194,0.0231,0.1195,0.9088,4.1518,-7.1649
106.0387,3.9921,-7.3017,-3.1184,0.0231,0.1195,0.9088,4.1518,-7.1649
106.0447,3.9918,-7.3017,-3.1173,0.0224,0.0735,0.9088,4.1518,-7.1649
106.0556,3.9916,-7.3017,-3.1165,0.0224,0.0735,0.9088,4.1518,-7.1649
106.0713,3.9913,-7.3017,-3.1154,0.0224,0.0735,0.9153,4.1518,-7.1649
106.0755,3.9911,-7.3017,-3.1144,0.0224,0.0735,0.9153,4.1519,-7.1644
106.0857,3.9908,-7.3017,-3.1131,0.0224,0.0735,0.9153,4.1519,-7.1644
106.0968,3.9906,-7.3017,-3.1121,0.0224,0.0735,0.9153,4.1519,-7.1644
106.1055,3.9904,-7.3017,-3.1110,0.0224,0.0735,0.9153,4.1519,-7.1644
106.1148,3.9902,-7.3017,-3.1100,0.0224,0.0735,0.9153,4.1519,-7.1644
106.1248,3.9900,-7.3017,-3.1090,0.0224,0.0735,0.9153,4.1519,-7.1644
106.1409,3.9898,-7.3017,-3.1081,0.0224,0.0735,0.9153,4.1519,-7.1644
106.1462,3.9896,-7.3017,-3.1070,0.0221,0.1057,0.9153,4.1519,-7.1644
106.1551,3.9894,-7.3018,-3.1063,0.0221,0.1057,0.9153,4.1519,-7.1644
106.1660,3.9892,-7.3018,-3.1055,0.0221,0.1057,0.9029,4.1519,-7.1644
106.1747,3.9892,-7.3018,-3.1048,0.0221,0.1057,0.9029,4.1519,-7.1644
106.1849,3.9892,-7.3018,-3.1041,0.0221,0.1057,0.9029,4.1493,-7.1663
106.1952,3.9887,-7.3018,-3.1032,0.0221,0.1057,0.9029,4.1493,-7.1663
106.2039,3.9885,-7.3018,-3.1025,0.0221,0.1057,0.9029,4.1493,-7.1663
106.2143,3.9883,-7.3018,-3.1018,0.0221,0.1057,0.9029,4.1493,-7.1663
106.2248,3.9882,-7.3018,-3.1009,0.0221,0.1057,0.9029,4.1493,-7.1663
106.2368,3.9880,-7.3018,-3.1002,0.0221,0.1057,0.9029,4.1493,-7.1663
106.2451,3.9878,-7.3018,-3.0994,0.0226,0.1228,0.9029,4.1493,-7.1663
106.2540,3.9876,-7.3018,-3.0985,0.0226,0.1228,0.9029,4.1493,-7.1663
106.2648,3.9874,-7.3018,-3.0974,0.0226,0.1228,0.9025,4.1493,-7.1663
106.2746,3.9872,-7.3018,-3.0966,0.0226,0.1228,0.9025,4.1448,-7.1671
106.2848,3.9870,-7.3019,-3.0955,0.0226,0.1228,0.9025,4.1448,-7.1671
106.2945,3.9868,-7.3019,-3.0946,0.0226,0.1228,0.9025,4.1448,-7.1671
106.3106,3.9866,-7.3019,-3.0936,0.0226,0.1228,0.9025,4.1448,-7.1671
106.3148,3.9864,-7.3019,-3.0927,0.0226,0.1228,0.9025,4.1448,-7.1671
106.3250,3.9862,-7.3019,-3.0917,0.0226,0.1228,0.9025,4.1448,-7.1671
106.3355,3.9860,-7.3019,-3.0908,0.0226,0.1228,0.9025,4.1448,-7.1671
106.3444,3.9858,-7.3019,-3.0898,0.0240,0.0955,0.9025,4.1448,-7.1671
106.3541,3.9856,-7.3019,-3.0887,0.0240,0.0955,0.9025,4.1448,-7.1671
106.3643,3.9854,-7.3019,-3.0875,0.0240,0.0955,0.9162,4.1448,-7.1671
106.3763,3.9852,-7.3019,-3.0864,0.0240,0.0955,0.9162,4.1448,-7.1671
106.3846,3.9850,-7.3020,-3.0854,0.0240,0.0955,0.9162,4.1431,-7.1681
106.3950,3.9848,-7.3020,-3.0842,0.0240,0.0955,0.9162,4.1431,-7.1681
106.4042,3.9848,-7.3020,-3.0829,0.0240,0.0955,0.9162,4.1431,-7.1681
106.4144,3.9844,-7.3020,-3.0819,0.0240,0.0955,0.9162,4.1431,-7.1681
106.4246,3.9842,-7.3020,-3.0809,0.0240,0.0955,0.9162,4.1431,-7.1681
106.4355,3.9840,-7.3020,-3.0798,0.0240,0.0955,0.9162,4.1431,-7.1681
106.4448,3.9837,-7.3020,-3.0788,0.0224,0.1008,0.9162,4.1431,-7.1681
106.4542,3.9835,-7.3020,-3.0779,0.0224,0.1008,0.9162,4.1431,-7.1681
106.4646,3.9833,-7.3021,-3.0768,0.0224,0.1008,0.9044,4.1431,-7.1681
106.4746,3.9831,-7.3021,-3.0758,0.0224,0.1008,0.9044,4.1431,-7.1681
106.4847,3.9829,-7.3021,-3.0747,0.0224,0.1008,0.9044,4.1442,-7.1681
106.4948,3.9825,-7.3021,-3.0737,0.0224,0.1008,0.9044,4.1442,-7.1681
106.5051,3.9823,-7.3021,-3.0727,0.0224,0.1008,0.9044,4.1442,-7.1681
106.5143,3.9821,-7.3021,-3.0714,0.0224,0.1008,0.9044,4.1442,-7.1681
106.5250,3.9819,-7.3021,-3.0704,0.0224,0.1008,0.9044,4.1442,-7.1681
106.5354,3.9817,-7.3022,-3.0692,0.0224,0.1008,0.9044,4.1442,-7.1681
106.5458,3.9815,-7.3022,-3.0681,0.0224,0.1008,0.9044,4.1442,-7.1681
106.5574,3.9813,-7.3022,-3.0669,0.0225,-0.1383,0.9044,4.1442,-7.1681
106.5643,3.9811,-7.3022,-3.0658,0.0225,-0.1383,0.9178,4.1442,-7.1681
106.5745,3.9810,-7.3022,-3.0648,0.0225,-0.1383,0.9178,4.1442,-7.1681
106.5844,3.9808,-7.3022,-3.0636,0.0225,-0.1383,0.9178,4.1441,-7.1669
106.5953,3.9806,-7.3022,-3.0625,0.0225,-0.1383,0.9178,4.1441,-7.1669
106.6044,3.9804,-7.3023,-3.0615,0.0225,-0.1383,0.9178,4.1441,-7.1669
106.6145,3.9802,-7.3023,-3.0604,0.0225,-0.1383,0.9178,4.1441,-7.1669
106.6244,3.9800,-7.3023,-3.0594,0.0225,-0.1383,0.9178,4.1441,-7.1669
106.6353,3.9799,-7.3023,-3.0583,0.0225,-0.1383,0.9178,4.1441,-7.1669
106.6447,3.9797,-7.3023,-3.0573,0.0238,-0.1934,0.9178,4.1441,-7.1669
106.6541,3.9796,-7.3023,-3.0561,0.0238,-0.1934,0.9178,4.1441,-7.1669
106.6651,3.9793,-7.3024,-3.0550,0.0238,-0.1934,0.9169,4.1441,-7.1669
106.6746,3.9792,-7.3024,-3.0540,0.0238,-0.1934,0.9169,4.1487,-7.1657
106.6900,3.9790,-7.3024,-3.0531,0.0238,-0.1934,0.9169,4.1487,-7.1657
106.6954,3.9788,-7.3024,-3.0521,0.0238,-0.1934,0.9169,4.1487,-7.1657
106.7045,3.9786,-7.3024,-3.0512,0.0238,-0.1934,0.9169,4.1487,-7.1657
106.7146,3.9784,-7.3024,-3.0505,0.0238,-0.1934,0.9169,4.1487,-7.1657
106.7252,3.9782,-7.3025,-3.0498,0.0238,-0.1934,0.9169,4.1487,-7.1657
106.7358,3.9782,-7.3025,-3.0498,0.0238,-0.1934,0.9169,4.1487,-7.1657
106.7448,3.9778,-7.3025,-3.0486,0.0239,-0.2387,0.9169,4.1487,-7.1657
106.7547,3.9777,-7.3025,-3.0480,0.0239,-0.2387,0.9169,4.1487,-7.1657
106.7687,3.9774,-7.3025,-3.0475,0.0239,-0.2387,0.9110,4.1487,-7.1657
106.7745,3.9773,-7.3025,-3.0472,0.0239,-0.2387,0.9110,4.1474,-7.1664
106.7849,3.9771,-7.3026,-3.0468,0.0239,-0.2387,0.9110,4.1474,-7.1664
106.7944,3.9770,-7.3026,-3.0465,0.0239,-0.2387,0.9110,4.1474,-7.1664
106.8041,3.9768,-7.3026,-3.0465,0.0239,-0.2387,0.9110,4.1474,-7.1664
106.8145,3.9767,-7.3026,-3.0463,0.0239,-0.2387,0.9110,4.1474,-7.1664
106.8249,3.9766,-7.3026,-3.0459,0.0239,-0.2387,0.9110,4.1474,-7.1664
106.8350,3.9764,-7.3026,-3.0458,0.0239,-0.2387,0.9110,4.1474,-7.1664
106.8448,3.9762,-7.3026,-3.0458,0.0232,-0.2601,0.9110,4.1474,-7.1664
106.8544,3.9762,-7.3026,-3.0456,0.0232,-0.2601,0.9110,4.1474,-7.1664
106.8667,3.9760,-7.3027,-3.0456,0.0232,-0.2601,0.9110,4.1474,-7.1664
106.8746,3.9758,-7.3027,-3.0456,0.0232,-0.2601,0.9188,4.1474,-7.1664
106.8856,3.9757,-7.3027,-3.0458,0.0232,-0.2601,0.9188,4.1468,-7.1675
106.8953,3.9756,-7.3027,-3.0459,0.0232,-0.2601,0.9188,4.1468,-7.1675
106.9042,3.9755,-7.3027,-3.0461,0.0232,-0.2601,0.9188,4.1468,-7.1675
106.9146,3.9755,-7.3027,-3.0465,0.0232,-0.2601,0.9188,4.1468,-7.1675
106.9244,3.9754,-7.3027,-3.0468,0.0232,-0.2601,0.9188,4.1468,-7.1675
106.9406,3.9755,-7.3027,-3.0473,0.0232,-0.2601,0.9188,4.1468,-7.1675
106.9448,3.9755,-7.3027,-3.0482,0.0227,-0.2738,0.9188,4.1468,-7.1675
106.9545,3.9755,-7.3027,-3.0491,0.0227,-0.2738,0.9188,4.1468,-7.1675
106.9645,3.9754,-7.3027,-3.0501,0.0227,-0.2738,0.9140,4.1468,-7.1675
106.9744,3.9754,-7.3027,-3.0514,0.0227,-0.2738,0.9140,4.1468,-7.1675
106.9843,3.9753,-7.3027,-3.0526,0.0227,-0.2738,0.9140,4.1468,-7.1675
106.9963,3.9753,-7.3027,-3.0540,0.0227,-0.2738,0.9140,4.1452,-7.1674
107.0065,3.9752,-7.3027,-3.0554,0.0227,-0.2738,0.9140,4.1452,-7.1674
107.0163,3.9751,-7.3027,-3.0568,0.0227,-0.2738,0.9140,4.1452,-7.1674
107.0274,3.9751,-7.3027,-3.0580,0.0227,-0.2738,0.9140,4.1452,-7.1674
107.0392,3.9751,-7.3027,-3.0594,0.0227,-0.2738,0.9140,4.1452,-7.1674
107.0450,3.9750,-7.3028,-3.0608,0.0229,-0.2708,0.9140,4.1452,-7.1674
107.0553,3.9749,-7.3028,-3.0620,0.0229,-0.2708,0.9140,4.1452,-7.1674
107.0654,3.9749,-7.3028,-3.0632,0.0229,-0.2708,0.9172,4.1452,-7.1674
107.0748,3.9748,-7.3028,-3.0644,0.0229,-0.2708,0.9172,4.1452,-7.1674
107.0846,3.9747,-7.3028,-3.0657,0.0229,-0.2708,0.9172,4.1459,-7.1677
107.0950,3.9746,-7.3028,-3.0669,0.0229,-0.2708,0.9172,4.1459,-7.1677
107.1046,3.9745,-7.3028,-3.0679,0.0229,-0.2708,0.9172,4.1459,-7.1677
107.1151,3.9743,-7.3028,-3.0692,0.0229,-0.2708,0.9172,4.1459,-7.1677
107.1266,3.9742,-7.3028,-3.0702,0.0229,-0.2708,0.9172,4.1459,-7.1677
107.1356,3.9740,-7.3028,-3.0711,0.0229,-0.2708,0.9172,4.1459,-7.1677
107.1464,3.9739,-7.3028,-3.0721,0.0201,-0.2685,0.9172,4.1459,-7.1677
107.1542,3.9737,-7.3028,-3.0730,0.0201,-0.2685,0.9172,4.1459,-7.1677
107.1648,3.9736,-7.3029,-3.0740,0.0201,-0.2685,0.9177,4.1459,-7.1677
107.1745,3.9734,-7.3029,-3.0749,0.0201,-0.2685,0.9177,4.1401,-7.1658
107.1847,3.9732,-7.3029,-3.0760,0.0201,-0.2685,0.9177,4.1401,-7.1658
107.1951,3.9731,-7.3029,-3.0770,0.0201,-0.2685,0.9177,4.1401,-7.1658
107.2042,3.9729,-7.3029,-3.0781,0.0201,-0.2685,0.9177,4.1401,-7.1658
107.2146,3.9727,-7.3029,-3.0791,0.0201,-0.2685,0.9177,4.1401,-7.1658
107.2248,3.9726,-7.3029,-3.0803,0.0201,-0.2685,0.9177,4.1401,-7.1658
107.2362,3.9725,-7.3029,-3.0816,0.0201,-0.2685,0.9177,4.1401,-7.1658
107.2442,3.9723,-7.3029,-3.0829,0.0235,-0.2687,0.9177,4.1401,-7.1658
107.2543,3.9722,-7.3029,-3.0842,0.0235,-0.2687,0.9177,4.1401,-7.1658
107.2646,3.9721,-7.3029,-3.0857,0.0235,-0.2687,0.9094,4.1401,-7.1658
107.2746,3.9719,-7.3030,-3.0871,0.0235,-0.2687,0.9094,4.1476,-7.1628
107.2848,3.9718,-7.3030,-3.0887,0.0235,-0.2687,0.9094,4.1476,-7.1628
107.2956,3.9716,-7.3030,-3.0903,0.0235,-0.2687,0.9094,4.1476,-7.1628
107.3052,3.9714,-7.3030,-3.0920,0.0235,-0.2687,0.9094,4.1476,-7.1628
107.3149,3.9712,-7.3030,-3.0938,0.0235,-0.2687,0.9094,4.1476,-7.1628
107.3252,3.9710,-7.3030,-3.0955,0.0235,-0.2687,0.9094,4.1476,-7.1628
107.3350,3.9708,-7.3030,-3.0974,0.0235,-0.2687,0.9094,4.1476,-7.1628
107.3448,3.9705,-7.3030,-3.0994,0.0234,-0.2644,0.9094,4.1476,-7.1628
107.3546,3.9703,-7.3030,-3.1013,0.0234,-0.2644,0.9094,4.1476,-7.1628
107.3643,3.9700,-7.3030,-3.1032,0.0234,-0.2644,0.9168,4.1476,-7.1628
107.3743,3.9697,-7.3031,-3.1051,0.0234,-0.2644,0.9168,4.1464,-7.1631
107.3842,3.9695,-7.3031,-3.1070,0.0234,-0.2644,0.9168,4.1464,-7.1631
107.3943,3.9693,-7.3031,-3.1090,0.0234,-0.2644,0.9168,4.1464,-7.1631
107.4040,3.9690,-7.3031,-3.1109,0.0234,-0.2644,0.9168,4.1464,-7.1631
107.4143,3.9688,-7.3031,-3.1128,0.0234,-0.2644,0.9168,4.1464,-7.1631
107.4251,3.9686,-7.3031,-3.1147,0.0234,-0.2644,0.9168,4.1464,-7.1631
107.4343,3.9683,-7.3031,-3.1165,0.0234,-0.2644,0.9168,4.1464,-7.1631
107.4447,3.9680,-7.3031,-3.1182,0.0222,-0.2074,0.9168,4.1464,-7.1631
107.4548,3.9677,-7.3031,-3.1201,0.0222,-0.2074,0.9168,4.1464,-7.1631
107.4648,3.9675,-7.3031,-3.1219,0.0222,-0.2074,0.9169,4.1464,-7.1631
107.4741,3.9672,-7.3031,-3.1236,0.0222,-0.2074,0.9169,4.1464,-7.1631
107.4844,3.9667,-7.3031,-3.1255,0.0222,-0.2074,0.9169,4.1434,-7.1660
107.4945,3.9667,-7.3031,-3.1275,0.0222,-0.2074,0.9169,4.1434,-7.1660
107.5044,3.9661,-7.3031,-3.1294,0.0222,-0.2074,0.9169,4.1434,-7.1660
107.5147,3.9658,-7.3031,-3.1315,0.0222,-0.2074,0.9169,4.1434,-7.1660
107.5265,3.9655,-7.3031,-3.1334,0.0222,-0.2074,0.9169,4.1434,-7.1660
107.5386,3.9651,-7.3031,-3.1353,0.0236,-0.1808,0.9169,4.1434,-7.1660
107.5467,3.9648,-7.3031,-3.1372,0.0236,-0.1808,0.9169,4.1434,-7.1660
107.5546,3.9645,-7.3031,-3.1390,0.0236,-0.1808,0.9169,4.1434,-7.1660
107.5658,3.9642,-7.3031,-3.1407,0.0236,-0.1808,0.9148,4.1434,-7.1660
107.5744,3.9640,-7.3031,3.1409,0.0236,-0.1808,0.9148,4.1394,-7.1685
107.5848,3.9637,-7.3031,3.1393,0.0236,-0.1808,0.9148,4.1394,-7.1685
107.5957,3.9635,-7.3031,3.1378,0.0236,-0.1808,0.9148,4.1394,-7.1685
107.6047,3.9632,-7.3031,3.1362,0.0236,-0.1808,0.9148,4.1394,-7.1685
107.6148,3.9629,-7.3031,3.1346,0.0236,-0.1808,0.9148,4.1394,-7.1685
107.6258,3.9626,-7.3031,3.1329,0.0236,-0.1808,0.9148,4.1394,-7.1685
107.6344,3.9623,-7.3031,3.1313,0.0236,-0.1808,0.9148,4.1394,-7.1685
107.6474,3.9620,-7.3031,3.1294,0.0233,0.0327,0.9148,4.1394,-7.1685
107.6540,3.9617,-7.3031,3.1276,0.0233,0.0327,0.9148,4.1394,-7.1685
107.6644,3.9613,-7.3031,3.1257,0.0233,0.0327,0.9063,4.1394,-7.1685
107.6744,3.9610,-7.3031,3.1238,0.0233,0.0327,0.9063,4.1394,-7.1685
107.6846,3.9607,-7.3031,3.1219,0.0233,0.0327,0.9063,4.1377,-7.1696
107.6944,3.9604,-7.3031,3.1198,0.0233,0.0327,0.9063,4.1377,-7.1696
107.7054,3.9601,-7.3031,3.1179,0.0233,0.0327,0.9063,4.1377,-7.1696
107.7148,3.9598,-7.3031,3.1159,0.0233,0.0327,0.9063,4.1377,-7.1696
107.7244,3.9595,-7.3031,3.1142,0.0233,0.0327,0.9063,4.1377,-7.1696
107.7389,3.9592,-7.3031,3.1124,0.0233,0.0327,0.9063,4.1377,-7.1696
107.7449,3.9590,-7.3031,3.1107,0.0216,0.0317,0.9063,4.1377,-7.1696
107.7542,3.9587,-7.3031,3.1091,0.0216,0.0317,0.9063,4.1377,-7.1696
107.7646,3.9585,-7.3030,3.1077,0.0216,0.0317,0.9051,4.1377,-7.1696
107.7751,3.9582,-7.3030,3.1063,0.0216,0.0317,0.9051,4.1377,-7.1696
107.7842,3.9580,-7.3030,3.1053,0.0216,0.0317,0.9051,4.1382,-7.1668
107.7945,3.9577,-7.3030,3.1041,0.0216,0.0317,0.9051,4.1382,-7.1668
107.8048,3.9574,-7.3030,3.1032,0.0216,0.0317,0.9051,4.1382,-7.1668
107.8147,3.9572,-7.3030,3.1021,0.0216,0.0317,0.9051,4.1382,-7.1668
107.8249,3.9570,-7.3030,3.1015,0.0216,0.0317,0.9051,4.1382,-7.1668
107.8350,3.9568,-7.3030,3.1008,0.0233,0.0430,0.9051,4.1382,-7.1668
107.8457,3.9566,-7.3030,3.1001,0.0233,0.0430,0.9051,4.1382,-7.1668
107.8544,3.9565,-7.3030,3.0995,0.0233,0.0430,0.9051,4.1382,-7.1668
107.8646,3.9563,-7.3030,3.0990,0.0233,0.0430,0.9088,4.1382,-7.1668
107.8741,3.9562,-7.3030,3.0987,0.0233,0.0430,0.9088,4.1355,-7.1668
107.8853,3.9560,-7.3030,3.0983,0.0233,0.0430,0.9088,4.1355,-7.1668
107.8946,3.9559,-7.3029,3.0980,0.0233,0.0430,0.9088,4.1355,-7.1668
107.9042,3.9558,-7.3029,3.0978,0.0233,0.0430,0.9088,4.1355,-7.1668
107.9148,3.9556,-7.3029,3.0976,0.0233,0.0430,0.9088,4.1355,-7.1668
107.9247,3.9555,-7.3029,3.0974,0.0233,0.0430,0.9088,4.1355,-7.1668
107.9370,3.9554,-7.3029,3.0973,0.0233,0.0430,0.9088,4.1355,-7.1668
107.9451,3.9552,-7.3029,3.0973,0.0237,0.0681,0.9088,4.1355,-7.1668
107.9555,3.9550,-7.3029,3.0971,0.0237,0.0681,0.9088,4.1355,-7.1668
107.9648,3.9549,-7.3029,3.0969,0.0237,0.0681,0.9159,4.1355,-7.1668
107.9746,3.9548,-7.3029,3.0969,0.0237,0.0681,0.9159,4.1355,-7.1668
107.9854,3.9547,-7.3029,3.0967,0.0237,0.0681,0.9159,4.1337,-7.1674
107.9952,3.9545,-7.3029,3.0966,0.0237,0.0681,0.9159,4.1337,-7.1674
108.0045,3.9544,-7.3029,3.0962,0.0237,0.0681,0.9159,4.1337,-7.1674
108.0149,3.9543,-7.3029,3.0960,0.0237,0.0681,0.9159,4.1337,-7.1674
108.0251,3.9542,-7.3029,3.0957,0.0237,0.0681,0.9159,4.1337,-7.1674
108.0386,3.9541,-7.3029,3.0953,0.0237,0.0681,0.9159,4.1337,-7.1674
108.0446,3.9540,-7.3029,3.0950,0.0238,0.1139,0.9159,4.1337,-7.1674
108.0546,3.9539,-7.3029,3.0946,0.0238,0.1139,0.9159,4.1337,-7.1674
108.0647,3.9538,-7.3029,3.0943,0.0238,0.1139,0.9122,4.1337,-7.1674
108.0749,3.9538,-7.3029,3.0941,0.0238,0.1139,0.9122,4.1337,-7.1674
108.0845,3.9535,-7.3028,3.0938,0.0238,0.1139,0.9122,4.1335,-7.1649
108.0973,3.9534,-7.3028,3.0934,0.0238,0.1139,0.9122,4.1335,-7.1649
108.1045,3.9533,-7.3028,3.0931,0.0238,0.1139,0.9122,4.1335,-7.1649
108.1147,3.9531,-7.3028,3.0929,0.0238,0.1139,0.9122,4.1335,-7.1649
108.1248,3.9530,-7.3028,3.0925,0.0238,0.1139,0.9122,4.1335,-7.1649
108.1388,3.9529,-7.3028,3.0924,0.0238,0.1139,0.9122,4.1335,-7.1649
108.1454,3.9527,-7.3028,3.0924,0.0236,0.1368,0.9122,4.1335,-7.1649
108.1550,3.9526,-7.3028,3.0924,0.0236,0.1368,0.9122,4.1335,-7.1649
108.1692,3.9524,-7.3028,3.0924,0.0236,0.1368,0.9044,4.1360,-7.1619
108.1748,3.9523,-7.3028,3.0925,0.0236,0.1368,0.9044,4.1360,-7.1619
108.1848,3.9521,-7.3028,3.0925,0.0236,0.1368,0.9044,4.1360,-7.1619
108.1954,3.9519,-7.3028,3.0927,0.0236,0.1368,0.9044,4.1360,-7.1619
108.2060,3.9518,-7.3028,3.0927,0.0236,0.1368,0.9044,4.1360,-7.1619
108.2148,3.9516,-7.3027,3.0929,0.0236,0.1368,0.9044,4.1360,-7.1619
108.2247,3.9514,-7.3027,3.0929,0.0236,0.1368,0.9044,4.1360,-7.1619
108.2368,3.9513,-7.3027,3.0929,0.0236,0.1368,0.9044,4.1360,-7.1619
108.2470,3.9510,-7.3027,3.0929,0.0230,0.1174,0.9044,4.1360,-7.1619
108.2547,3.9509,-7.3027,3.0931,0.0230,0.1174,0.9044,4.1360,-7.1619
108.2653,3.9507,-7.3027,3.0931,0.0230,0.1174,0.9081,4.1360,-7.1619
108.2758,3.9504,-7.3027,3.0931,0.0230,0.1174,0.9081,4.1360,-7.1619
108.2860,3.9502,-7.3027,3.0931,0.0230,0.1174,0.9081,4.1355,-7.1619
108.2951,3.9500,-7.3027,3.0929,0.0230,0.1174,0.9081,4.1355,-7.1619
108.3057,3.9498,-7.3027,3.0929,0.0230,0.1174,0.9081,4.1355,-7.1619
108.3147,3.9496,-7.3026,3.0929,0.0230,0.1174,0.9081,4.1355,-7.1619
108.3246,3.9494,-7.3026,3.0927,0.0230,0.1174,0.9081,4.1355,-7.1619
108.3354,3.9492,-7.3026,3.0927,0.0230,0.1174,0.9081,4.1355,-7.1619
108.3451,3.9491,-7.3026,3.0927,0.0224,0.1205,0.9081,4.1355,-7.1619
108.3557,3.9488,-7.3026,3.0925,0.0224,0.1205,0.9081,4.1355,-7.1619
108.3686,3.9487,-7.3026,3.0925,0.0224,0.1205,0.9162,4.1355,-7.1619
108.3749,3.9485,-7.3026,3.0925,0.0224,0.1205,0.9162,4.1326,-7.1649
108.3863,3.9483,-7.3026,3.0925,0.0224,0.1205,0.9162,4.1326,-7.1649
108.3949,3.9482,-7.3026,3.0925,0.0224,0.1205,0.9162,4.1326,-7.1649
108.4043,3.9480,-7.3026,3.0925,0.0224,0.1205,0.9162,4.1326,-7.1649
108.4147,3.9479,-7.3026,3.0927,0.0224,0.1205,0.9162,4.1326,-7.1649
108.4248,3.9477,-7.3026,3.0929,0.0224,0.1205,0.9162,4.1326,-7.1649
108.4345,3.9476,-7.3025,3.0931,0.0224,0.1205,0.9162,4.1326,-7.1649
108.4450,3.9474,-7.3025,3.0934,0.0229,0.0895,0.9162,4.1326,-7.1649
108.4570,3.9472,-7.3025,3.0938,0.0229,0.0895,0.9162,4.1326,-7.1649
108.4653,3.9471,-7.3025,3.0943,0.0229,0.0895,0.9073,4.1326,-7.1649
108.4742,3.9469,-7.3025,3.0946,0.0229,0.0895,0.9073,4.1321,-7.1658
108.4846,3.9467,-7.3025,3.0952,0.0229,0.0895,0.9073,4.1321,-7.1658
108.4947,3.9465,-7.3025,3.0959,0.0229,0.0895,0.9073,4.1321,-7.1658
108.5046,3.9464,-7.3025,3.0964,0.0229,0.0895,0.9073,4.1321,-7.1658
108.5144,3.9461,-7.3025,3.0971,0.0229,0.0895,0.9073,4.1321,-7.1658
108.5246,3.9460,-7.3025,3.0976,0.0229,0.0895,0.9073,4.1321,-7.1658
108.5350,3.9458,-7.3025,3.0983,0.0229,0.0895,0.9073,4.1321,-7.1658
108.5462,3.9456,-7.3025,3.0988,0.0233,0.0651,0.9073,4.1321,-7.1658
108.5545,3.9454,-7.3024,3.0994,0.0233,0.0651,0.9073,4.1321,-7.1658
108.5651,3.9451,-7.3024,3.0999,0.0233,0.0651,0.9136,4.1321,-7.1658
108.5747,3.9450,-7.3024,3.1002,0.0233,0.0651,0.9136,4.1321,-7.1658
108.5846,3.9448,-7.3024,3.1006,0.0233,0.0651,0.9136,4.1299,-7.1650
108.5953,3.9446,-7.3024,3.1009,0.0233,0.0651,0.9136,4.1299,-7.1650
108.6043,3.9444,-7.3024,3.1011,0.0233,0.0651,0.9136,4.1299,-7.1650
108.6154,3.9442,-7.3024,3.1013,0.0233,0.0651,0.9136,4.1299,-7.1650
108.6255,3.9440,-7.3024,3.1015,0.0233,0.0651,0.9136,4.1299,-7.1650
108.6357,3.9438,-7.3024,3.1015,0.0233,0.0651,0.9136,4.1299,-7.1650
108.6451,3.9436,-7.3024,3.1015,0.0233,0.0651,0.9136,4.1299,-7.1650
108.6557,3.9434,-7.3024,3.1015,0.0218,-0.0625,0.9136,4.1299,-7.1650
108.6674,3.9433,-7.3024,3.1015,0.0218,-0.0625,0.9113,4.1299,-7.1650
108.6751,3.9431,-7.3024,3.1015,0.0218,-0.0625,0.9113,4.1307,-7.1604
108.6877,3.9429,-7.3023,3.1015,0.0218,-0.0625,0.9113,4.1307,-7.1604
108.6949,3.9427,-7.3023,3.1015,0.0218,-0.0625,0.9113,4.1307,-7.1604
108.7088,3.9424,-7.3023,3.1016,0.0218,-0.0625,0.9113,4.1307,-7.1604
108.7146,3.9424,-7.3023,3.1016,0.0218,-0.0625,0.9113,4.1307,-7.1604
108.7250,3.9422,-7.3023,3.1016,0.0218,-0.0625,0.9113,4.1307,-7.1604
108.7346,3.9420,-7.3023,3.1016,0.0218,-0.0625,0.9113,4.1307,-7.1604
108.7450,3.9419,-7.3023,3.1018,0.0219,-0.0784,0.9113,4.1307,-7.1604
108.7546,3.9417,-7.3023,3.1020,0.0219,-0.0784,0.9113,4.1307,-7.1604
108.7662,3.9415,-7.3023,3.1021,0.0219,-0.0784,0.9057,4.1307,-7.1604
108.7755,3.9414,-7.3023,3.1025,0.0219,-0.0784,0.9057,4.1341,-7.1572
108.7847,3.9412,-7.3023,3.1027,0.0219,-0.0784,0.9057,4.1341,-7.1572
108.7950,3.9411,-7.3023,3.1028,0.0219,-0.0784,0.9057,4.1341,-7.1572
108.8040,3.9409,-7.3023,3.1030,0.0219,-0.0784,0.9057,4.1341,-7.1572
108.8147,3.9407,-7.3023,3.1032,0.0219,-0.0784,0.9057,4.1341,-7.1572
108.8249,3.9405,-7.3023,3.1032,0.0219,-0.0784,0.9057,4.1341,-7.1572
108.8351,3.9403,-7.3022,3.1032,0.0219,-0.0784,0.9057,4.1341,-7.1572
108.8445,3.9402,-7.3022,3.1032,0.0231,-0.0516,0.9057,4.1341,-7.1572
108.8560,3.9399,-7.3022,3.1032,0.0231,-0.0516,0.9057,4.1341,-7.1572
108.8649,3.9397,-7.3022,3.1030,0.0231,-0.0516,0.9087,4.1341,-7.1572
108.8746,3.9396,-7.3022,3.1030,0.0231,-0.0516,0.9087,4.1357,-7.1621
108.8846,3.9394,-7.3022,3.1028,0.0231,-0.0516,0.9087,4.1357,-7.1621
108.8947,3.9391,-7.3022,3.1027,0.0231,-0.0516,0.9087,4.1357,-7.1621
108.9044,3.9389,-7.3022,3.1025,0.0231,-0.0516,0.9087,4.1357,-7.1621
108.9152,3.9387,-7.3022,3.1025,0.0231,-0.0516,0.9087,4.1357,-7.1621
108.9253,3.9385,-7.3022,3.1023,0.0231,-0.0516,0.9087,4.1357,-7.1621
108.9363,3.9382,-7.3022,3.1023,0.0231,-0.0516,0.9087,4.1357,-7.1621
108.9449,3.9380,-7.3022,3.1021,0.0223,-0.0736,0.9087,4.1357,-7.1621
108.9601,3.9378,-7.3021,3.1021,0.0223,-0.0736,0.9087,4.1357,-7.1621
108.9649,3.9375,-7.3021,3.1021,0.0223,-0.0736,0.9104,4.1357,-7.1621
108.9747,3.9373,-7.3021,3.1021,0.0223,-0.0736,0.9104,4.1370,-7.1627
108.9849,3.9370,-7.3021,3.1021,0.0223,-0.0736,0.9104,4.1370,-7.1627
108.9970,3.9368,-7.3021,3.1021,0.0223,-0.0736,0.9104,4.1370,-7.1627
109.0043,3.9366,-7.3021,3.1021,0.0223,-0.0736,0.9104,4.1370,-7.1627
109.0152,3.9363,-7.3021,3.1021,0.0223,-0.0736,0.9104,4.1370,-7.1627
109.0251,3.9361,-7.3021,3.1021,0.0223,-0.0736,0.9104,4.1370,-7.1627
109.0358,3.9359,-7.3021,3.1021,0.0223,-0.0736,0.9104,4.1370,-7.1627
109.0450,3.9356,-7.3021,3.1020,0.0223,-0.0736,0.9104,4.1370,-7.1627
109.0548,3.9354,-7.3021,3.1018,0.0230,-0.0295,0.9104,4.1370,-7.1627
109.0648,3.9351,-7.3020,3.1018,0.0230,-0.0295,0.9091,4.1370,-7.1627
109.0747,3.9349,-7.3020,3.1016,0.0230,-0.0295,0.9091,4.1371,-7.1640
109.0847,3.9347,-7.3020,3.1015,0.0230,-0.0295,0.9091,4.1371,-7.1640
109.0959,3.9344,-7.3020,3.1011,0.0230,-0.0295,0.9091,4.1371,-7.1640
109.1050,3.9342,-7.3020,3.1009,0.0230,-0.0295,0.9091,4.1371,-7.1640
109.1144,3.9339,-7.3020,3.1008,0.0230,-0.0295,0.9091,4.1371,-7.1640
109.1249,3.9337,-7.3020,3.1006,0.0230,-0.0295,0.9091,4.1371,-7.1640
109.1351,3.9335,-7.3020,3.1006,0.0234,-0.0065,0.9091,4.1371,-7.1640
109.1448,3.9332,-7.3020,3.1004,0.0234,-0.0065,0.9091,4.1371,-7.1640
109.1558,3.9330,-7.3020,3.1004,0.0234,-0.0065,0.9091,4.1371,-7.1640
109.1645,3.9327,-7.3019,3.1004,0.0234,-0.0065,0.9150,4.1371,-7.1640
109.1755,3.9325,-7.3019,3.1004,0.0234,-0.0065,0.9150,4.1362,-7.1628
109.1858,3.9322,-7.3019,3.1006,0.0234,-0.0065,0.9150,4.1362,-7.1628
109.1945,3.9320,-7.3019,3.1008,0.0234,-0.0065,0.9150,4.1362,-7.1628
109.2040,3.9317,-7.3019,3.1009,0.0234,-0.0065,0.9150,4.1362,-7.1628
109.2144,3.9317,-7.3019,3.1011,0.0234,-0.0065,0.9150,4.1362,-7.1628
109.2248,3.9314,-7.3019,3.1013,0.0234,-0.0065,0.9150,4.1362,-7.1628
109.2372,3.9311,-7.3019,3.1015,0.0234,-0.0065,0.9150,4.1362,-7.1628
109.2447,3.9309,-7.3019,3.1016,0.0237,0.0032,0.9150,4.1362,-7.1628
109.2543,3.9306,-7.3019,3.1018,0.0237,0.0032,0.9150,4.1362,-7.1628
109.2654,3.9304,-7.3018,3.1021,0.0237,0.0032,0.9101,4.1376,-7.1661
109.2750,3.9302,-7.3018,3.1023,0.0237,0.0032,0.9101,4.1376,-7.1661
109.2848,3.9299,-7.3018,3.1025,0.0237,0.0032,0.9101,4.1376,-7.1661
109.2951,3.9297,-7.3018,3.1027,0.0237,0.0032,0.9101,4.1376,-7.1661
109.3049,3.9294,-7.3018,3.1028,0.0237,0.0032,0.9101,4.1376,-7.1661
109.3152,3.9292,-7.3018,3.1028,0.0237,0.0032,0.9101,4.1376,-7.1661
109.3247,3.9290,-7.3018,3.1030,0.0237,0.0032,0.9101,4.1376,-7.1661
109.3347,3.9289,-7.3018,3.1030,0.0237,0.0032,0.9101,4.1376,-7.1661
109.3456,3.9287,-7.3018,3.1030,0.0231,0.0205,0.9101,4.1376,-7.1661
109.3554,3.9285,-7.3018,3.1030,0.0231,0.0205,0.9101,4.1376,-7.1661
109.3662,3.9283,-7.3018,3.1030,0.0231,0.0205,0.9065,4.1376,-7.1661
109.3770,3.9281,-7.3018,3.1028,0.0231,0.0205,0.9065,4.1413,-7.1647
109.3843,3.9280,-7.3018,3.1028,0.0231,0.0205,0.9065,4.1413,-7.1647
109.3948,3.9278,-7.3017,3.1027,0.0231,0.0205,0.9065,4.1413,-7.1647
109.4046,3.9276,-7.3017,3.1027,0.0231,0.0205,0.9065,4.1413,-7.1647
109.4146,3.9275,-7.3017,3.1025,0.0231,0.0205,0.9065,4.1413,-7.1647
109.4253,3.9273,-7.3017,3.1025,0.0231,0.0205,0.9065,4.1413,-7.1647
109.4351,3.9272,-7.3017,3.1025,0.0231,0.0205,0.9065,4.1413,-7.1647
109.4450,3.9271,-7.3017,3.1025,0.0237,0.0463,0.9065,4.1413,-7.1647
109.4548,3.9270,-7.3017,3.1025,0.0237,0.0463,0.9065,4.1413,-7.1647
109.4648,3.9268,-7.3017,3.1025,0.0237,0.0463,0.9083,4.1434,-7.1634
109.4744,3.9267,-7.3017,3.1027,0.0237,0.0463,0.9083,4.1434,-7.1634
109.4843,3.9266,-7.3017,3.1027,0.0237,0.0463,0.9083,4.1434,-7.1634
109.4944,3.9264,-7.3017,3.1027,0.0237,0.0463,0.9083,4.1434,-7.1634
109.5043,3.9263,-7.3017,3.1028,0.0237,0.0463,0.9083,4.1434,-7.1634
109.5144,3.9261,-7.3017,3.1028,0.0237,0.0463,0.9083,4.1434,-7.1634
109.5249,3.9260,-7.3017,3.1028,0.0237,0.0463,0.9083,4.1434,-7.1634
109.5348,3.9257,-7.3017,3.1028,0.0237,0.0463,0.9083,4.1434,-7.1634
109.5456,3.9256,-7.3017,3.1028,0.0229,0.0555,0.9083,4.1434,-7.1634
109.5549,3.9254,-7.3017,3.1028,0.0229,0.0555,0.9083,4.1434,-7.1634
109.5651,3.9252,-7.3016,3.1030,0.0229,0.0555,0.9146,4.1434,-7.1634
109.5744,3.9251,-7.3016,3.1030,0.0229,0.0555,0.9146,4.1443,-7.1632
109.5845,3.9249,-7.3016,3.1032,0.0229,0.0555,0.9146,4.1443,-7.1632
109.5950,3.9247,-7.3016,3.1034,0.0229,0.0555,0.9146,4.1443,-7.1632
109.6045,3.9246,-7.3016,3.1034,0.0229,0.0555,0.9146,4.1443,-7.1632
109.6147,3.9243,-7.3016,3.1035,0.0229,0.0555,0.9146,4.1443,-7.1632
109.6246,3.9241,-7.3016,3.1037,0.0229,0.0555,0.9146,4.1443,-7.1632
109.6344,3.9240,-7.3016,3.1039,0.0229,0.0555,0.9146,4.1443,-7.1632
109.6451,3.9237,-7.3016,3.1041,0.0229,0.0555,0.9146,4.1443,-7.1632
109.6626,3.9232,-7.3016,3.1046,0.0224,0.2148,0.9048,4.1428,-7.1641
109.6645,3.9232,-7.3016,3.1046,0.0224,0.2148,0.9048,4.1428,-7.1641
109.6747,3.9230,-7.3016,3.1048,0.0224,0.2148,0.9048,4.1428,-7.1641
109.6850,3.9228,-7.3016,3.1051,0.0224,0.2148,0.9048,4.1428,-7.1641
109.6946,3.9225,-7.3015,3.1053,0.0224,0.2148,0.9048,4.1428,-7.1641
109.7051,3.9223,-7.3015,3.1056,0.0224,0.2148,0.9048,4.1428,-7.1641
109.7168,3.9220,-7.3015,3.1060,0.0224,0.2148,0.9048,4.1428,-7.1641
109.7250,3.9218,-7.3015,3.1065,0.0224,0.2148,0.9048,4.1428,-7.1641
109.7365,3.9215,-7.3015,3.1069,0.0224,0.2148,0.9048,4.1428,-7.1641
109.7442,3.9213,-7.3015,3.1072,0.0212,0.2041,0.9048,4.1428,-7.1641
109.7554,3.9210,-7.3015,3.1076,0.0212,0.2041,0.9069,4.1428,-7.1641
109.7648,3.9207,-7.3015,3.1079,0.0212,0.2041,0.9069,4.1431,-7.1641
109.7748,3.9205,-7.3015,3.1084,0.0212,0.2041,0.9069,4.1431,-7.1641
109.7845,3.9202,-7.3015,3.1088,0.0212,0.2041,0.9069,4.1431,-7.1641
109.7944,3.9202,-7.3015,3.1093,0.0212,0.2041,0.9069,4.1431,-7.1641
109.8039,3.9198,-7.3015,3.1098,0.0212,0.2041,0.9069,4.1431,-7.1641
109.8146,3.9196,-7.3014,3.1104,0.0212,0.2041,0.9069,4.1431,-7.1641
109.8244,3.9194,-7.3014,3.1110,0.0212,0.2041,0.9069,4.1431,-7.1641
109.8353,3.9192,-7.3014,3.1117,0.0230,0.2108,0.9069,4.1431,-7.1641
109.8583,3.9186,-7.3014,3.1149,0.0230,0.2108,0.9075,4.1431,-7.1641
109.8659,3.9186,-7.3014,3.1149,0.0230,0.2108,0.9075,4.1431,-7.1641
109.8755,3.9183,-7.3014,3.1159,0.0230,0.2108,0.9075,4.1431,-7.1641
109.8842,3.9181,-7.3014,3.1173,0.0230,0.2108,0.9075,4.1425,-7.1650
109.8953,3.9178,-7.3014,3.1187,0.0230,0.2108,0.9075,4.1425,-7.1650
109.9046,3.9176,-7.3014,3.1201,0.0230,0.2108,0.9075,4.1425,-7.1650
109.9143,3.9173,-7.3014,3.1217,0.0230,0.2108,0.9075,4.1425,-7.1650
109.9242,3.9170,-7.3014,3.1231,0.0230,0.2108,0.9075,4.1425,-7.1650
109.9360,3.9167,-7.3014,3.1247,0.0230,0.2108,0.9075,4.1425,-7.1650
109.9450,3.9165,-7.3014,3.1262,0.0224,0.1963,0.9075,4.1425,-7.1650
109.9560,3.9162,-7.3014,3.1278,0.0224,0.1963,0.9128,4.1425,-7.1650
109.9644,3.9159,-7.3014,3.1294,0.0224,0.1963,0.9128,4.1403,-7.1664
109.9755,3.9156,-7.3014,3.1308,0.0224,0.1963,0.9128,4.1403,-7.1664
109.9849,3.9154,-7.3014,3.1322,0.0224,0.1963,0.9128,4.1403,-7.1664
109.9954,3.9151,-7.3014,3.1336,0.0224,0.1963,0.9128,4.1403,-7.1664
110.0047,3.9149,-7.3014,3.1348,0.0224,0.1963,0.9128,4.1403,-7.1664
110.0154,3.9146,-7.3014,3.1360,0.0224,0.1963,0.9128,4.1403,-7.1664
110.0246,3.9144,-7.3013,3.1371,0.0224,0.1963,0.9128,4.1403,-7.1664
110.0367,3.9141,-7.3013,3.1381,0.0224,0.1963,0.9128,4.1403,-7.1664
110.0447,3.9139,-7.3013,3.1390,0.0231,0.1731,0.9128,4.1403,-7.1664
110.0544,3.9137,-7.3013,3.1398,0.0231,0.1731,0.9148,4.1403,-7.1664
110.0650,3.9135,-7.3013,3.1405,0.0231,0.1731,0.9148,4.1403,-7.1664
110.0750,3.9132,-7.3013,3.1412,0.0231,0.1731,0.9148,4.1452,-7.1658
110.0848,3.9130,-7.3013,-3.1412,0.0231,0.1731,0.9148,4.1452,-7.1658
110.0956,3.9128,-7.3013,-3.1405,0.0231,0.1731,0.9148,4.1452,-7.1658
110.1045,3.9126,-7.3013,-3.1398,0.0231,0.1731,0.9148,4.1452,-7.1658
110.1142,3.9124,-7.3013,-3.1391,0.0231,0.1731,0.9148,4.1452,-7.1658
110.1251,3.9121,-7.3013,-3.1383,0.0231,0.1731,0.9148,4.1452,-7.1658
110.1361,3.9120,-7.3013,-3.1376,0.0231,0.1731,0.9148,4.1452,-7.1658
110.1448,3.9117,-7.3013,-3.1367,0.0230,0.1841,0.9148,4.1452,-7.1658
110.1546,3.9115,-7.3014,-3.1357,0.0230,0.1841,0.9118,4.1452,-7.1658
110.1652,3.9112,-7.3014,-3.1346,0.0230,0.1841,0.9118,4.1466,-7.1645
110.1751,3.9110,-7.3014,-3.1336,0.0230,0.1841,0.9118,4.1466,-7.1645
110.1848,3.9108,-7.3014,-3.1323,0.0230,0.1841,0.9118,4.1466,-7.1645
110.1950,3.9105,-7.3014,-3.1311,0.0230,0.1841,0.9118,4.1466,-7.1645
110.2046,3.9102,-7.3014,-3.1299,0.0230,0.1841,0.9118,4.1466,-7.1645
110.2151,3.9099,-7.3014,-3.1287,0.0230,0.1841,0.9118,4.1466,-7.1645
110.2249,3.9097,-7.3014,-3.1275,0.0230,0.1841,0.9118,4.1466,-7.1645
110.2357,3.9092,-7.3014,-3.1247,0.0233,0.1712,0.9118,4.1466,-7.1645
110.2448,3.9092,-7.3014,-3.1247,0.0233,0.1712,0.9118,4.1466,-7.1645
110.2544,3.9089,-7.3014,-3.1233,0.0233,0.1712,0.9139,4.1466,-7.1645
110.2643,3.9087,-7.3014,-3.1219,0.0233,0.1712,0.9139,4.1452,-7.1635
110.2746,3.9084,-7.3014,-3.1203,0.0233,0.1712,0.9139,4.1452,-7.1635
110.2849,3.9080,-7.3014,-3.1189,0.0233,0.1712,0.9139,4.1452,-7.1635
110.2953,3.9077,-7.3014,-3.1172,0.0233,0.1712,0.9139,4.1452,-7.1635
110.3044,3.9073,-7.3014,-3.1156,0.0233,0.1712,0.9139,4.1452,-7.1635
110.3147,3.9069,-7.3014,-3.1138,0.0233,0.1712,0.9139,4.1452,-7.1635
110.3258,3.9062,-7.3014,-3.1104,0.0233,0.1712,0.9139,4.1452,-7.1635
110.3353,3.9062,-7.3014,-3.1104,0.0233,0.1712,0.9139,4.1452,-7.1635
110.3457,3.9058,-7.3015,-3.1088,0.0232,0.1666,0.9139,4.1452,-7.1635
110.3551,3.9055,-7.3015,-3.1072,0.0232,0.1666,0.9148,4.1452,-7.1635
110.3642,3.9052,-7.3015,-3.1056,0.0232,0.1666,0.9148,4.1397,-7.1655
110.3743,3.9048,-7.3015,-3.1042,0.0232,0.1666,0.9148,4.1397,-7.1655
110.3848,3.9045,-7.3015,-3.1030,0.0232,0.1666,0.9148,4.1397,-7.1655
110.3949,3.9042,-7.3015,-3.1016,0.0232,0.1666,0.9148,4.1397,-7.1655
110.4050,3.9039,-7.3015,-3.1004,0.0232,0.1666,0.9148,4.1397,-7.1655
110.4146,3.9037,-7.3015,-3.0992,0.0232,0.1666,0.9148,4.1397,-7.1655
110.4245,3.9033,-7.3016,-3.0980,0.0232,0.1666,0.9148,4.1397,-7.1655
110.4363,3.9031,-7.3016,-3.0967,0.0232,0.1666,0.9148,4.1397,-7.1655
110.4444,3.9029,-7.3016,-3.0955,0.0229,0.1370,0.9148,4.1397,-7.1655
110.4546,3.9027,-7.3016,-3.0943,0.0229,0.1370,0.9160,4.1397,-7.1655
110.4644,3.9024,-7.3016,-3.0931,0.0229,0.1370,0.9160,4.1397,-7.1655
110.4746,3.9022,-7.3016,-3.0919,0.0229,0.1370,0.9160,4.1355,-7.1668
110.4851,3.9019,-7.3016,-3.0906,0.0229,0.1370,0.9160,4.1355,-7.1668
110.4957,3.9017,-7.3016,-3.0894,0.0229,0.1370,0.9160,4.1355,-7.1668
110.5052,3.9015,-7.3016,-3.0884,0.0229,0.1370,0.9160,4.1355,-7.1668
110.5150,3.9013,-7.3016,-3.0871,0.0229,0.1370,0.9160,4.1355,-7.1668
110.5269,3.9009,-7.3017,-3.0847,0.0229,0.1370,0.9160,4.1355,-7.1668
110.5362,3.9009,-7.3017,-3.0847,0.0229,0.1370,0.9160,4.1355,-7.1668
110.5445,3.9007,-7.3017,-3.0835,0.0223,0.0879,0.9160,4.1355,-7.1668
110.5544,3.9006,-7.3017,-3.0824,0.0223,0.0879,0.9168,4.1355,-7.1668
110.5656,3.9004,-7.3017,-3.0812,0.0223,0.0879,0.9168,4.1308,-7.1708
110.5747,3.9002,-7.3017,-3.0802,0.0223,0.0879,0.9168,4.1308,-7.1708
110.5863,3.8998,-7.3017,-3.0779,0.0223,0.0879,0.9168,4.1308,-7.1708
110.5944,3.8998,-7.3017,-3.0779,0.0223,0.0879,0.9168,4.1308,-7.1708
110.6046,3.8996,-7.3017,-3.0768,0.0223,0.0879,0.9168,4.1308,-7.1708
110.6148,3.8994,-7.3018,-3.0756,0.0223,0.0879,0.9168,4.1308,-7.1708
110.6251,3.8991,-7.3018,-3.0735,0.0223,0.0879,0.9168,4.1308,-7.1708
110.6348,3.8989,-7.3018,-3.0723,0.0223,0.0879,0.9168,4.1308,-7.1708
110.6459,3.8987,-7.3018,-3.0713,0.0232,0.0712,0.9168,4.1308,-7.1708
110.6550,3.8987,-7.3018,-3.0713,0.0232,0.0712,0.9137,4.1308,-7.1708
110.6643,3.8985,-7.3018,-3.0702,0.0232,0.0712,0.9137,4.1308,-7.1708
110.6745,3.8983,-7.3018,-3.0690,0.0232,0.0712,0.9137,4.1215,-7.1684
110.6844,3.8981,-7.3019,-3.0679,0.0232,0.0712,0.9137,4.1215,-7.1684
110.6952,3.8979,-7.3019,-3.0667,0.0232,0.0712,0.9137,4.1215,-7.1684
110.7056,3.8976,-7.3019,-3.0655,0.0232,0.0712,0.9137,4.1215,-7.1684
110.7142,3.8974,-7.3019,-3.0644,0.0232,0.0712,0.9137,4.1215,-7.1684
110.7245,3.8971,-7.3019,-3.0632,0.0232,0.0712,0.9137,4.1215,-7.1684
110.7348,3.8969,-7.3019,-3.0622,0.0232,0.0712,0.9137,4.1215,-7.1684
110.7450,3.8964,-7.3020,-3.0601,0.0232,0.0712,0.9137,4.1215,-7.1684
110.7551,3.8964,-7.3020,-3.0601,0.0231,-0.1670,0.9161,4.1215,-7.1684
110.7640,3.8962,-7.3020,-3.0590,0.0231,-0.1670,0.9161,4.1210,-7.1624
110.7764,3.8958,-7.3020,-3.0573,0.0231,-0.1670,0.9161,4.1210,-7.1624
110.7848,3.8958,-7.3020,-3.0573,0.0231,-0.1670,0.9161,4.1210,-7.1624
110.7942,3.8956,-7.3021,-3.0564,0.0231,-0.1670,0.9161,4.1210,-7.1624
110.8041,3.8954,-7.3021,-3.0557,0.0231,-0.1670,0.9161,4.1210,-7.1624
110.8142,3.8951,-7.3021,-3.0543,0.0231,-0.1670,0.9161,4.1210,-7.1624
110.8250,3.8949,-7.3021,-3.0536,0.0231,-0.1670,0.9161,4.1210,-7.1624
110.8342,3.8947,-7.3021,-3.0529,0.0231,-0.1670,0.9161,4.1210,-7.1624
110.8467,3.8946,-7.3021,-3.0522,0.0225,-0.2013,0.9161,4.1210,-7.1624
110.8545,3.8946,-7.3021,-3.0522,0.0225,-0.2013,0.9170,4.1210,-7.1624
110.8648,3.8943,-7.3022,-3.0510,0.0225,-0.2013,0.9170,4.1210,-7.1624
110.8744,3.8942,-7.3022,-3.0505,0.0225,-0.2013,0.9170,4.1182,-7.1592
110.8846,3.8940,-7.3022,-3.0500,0.0225,-0.2013,0.9170,4.1182,-7.1592
110.8948,3.8939,-7.3022,-3.0494,0.0225,-0.2013,0.9170,4.1182,-7.1592
110.9045,3.8938,-7.3022,-3.0491,0.0225,-0.2013,0.9170,4.1182,-7.1592
110.9159,3.8936,-7.3022,-3.0487,0.0225,-0.2013,0.9170,4.1182,-7.1592
110.9247,3.8935,-7.3022,-3.0484,0.0225,-0.2013,0.9170,4.1182,-7.1592
110.9350,3.8934,-7.3023,-3.0482,0.0225,-0.2013,0.9170,4.1182,-7.1592
110.9462,3.8932,-7.3023,-3.0479,0.0229,-0.2330,0.9170,4.1182,-7.1592
110.9575,3.8931,-7.3023,-3.0477,0.0229,-0.2330,0.9171,4.1182,-7.1592
110.9733,3.8929,-7.3023,-3.0475,0.0229,-0.2330,0.9171,4.1124,-7.1590
110.9786,3.8928,-7.3023,-3.0473,0.0229,-0.2330,0.9171,4.1124,-7.1590
110.9848,3.8926,-7.3023,-3.0472,0.0229,-0.2330,0.9171,4.1124,-7.1590
110.9949,3.8925,-7.3023,-3.0470,0.0229,-0.2330,0.9171,4.1124,-7.1590
111.0041,3.8923,-7.3023,-3.0470,0.0229,-0.2330,0.9171,4.1124,-7.1590
111.0143,3.8922,-7.3024,-3.0470,0.0229,-0.2330,0.9171,4.1124,-7.1590
111.0245,3.8920,-7.3024,-3.0472,0.0229,-0.2330,0.9171,4.1124,-7.1590
111.0356,3.8919,-7.3024,-3.0473,0.0229,-0.2330,0.9171,4.1124,-7.1590
111.0514,3.8918,-7.3024,-3.0475,0.0222,-0.2475,0.9211,4.1124,-7.1590
111.0555,3.8916,-7.3024,-3.0475,0.0222,-0.2475,0.9211,4.1124,-7.1590
111.0642,3.8915,-7.3024,-3.0477,0.0222,-0.2475,0.9211,4.1124,-7.1590
111.0743,3.8914,-7.3024,-3.0479,0.0222,-0.2475,0.9211,4.1063,-7.1594
111.0841,3.8914,-7.3024,-3.0484,0.0222,-0.2475,0.9211,4.1063,-7.1594
111.0949,3.8914,-7.3024,-3.0491,0.0222,-0.2475,0.9211,4.1063,-7.1594
111.1043,3.8913,-7.3024,-3.0500,0.0222,-0.2475,0.9211,4.1063,-7.1594
111.1144,3.8913,-7.3024,-3.0508,0.0222,-0.2475,0.9211,4.1063,-7.1594
111.1254,3.8912,-7.3025,-3.0517,0.0222,-0.2475,0.9211,4.1063,-7.1594
111.1344,3.8911,-7.3025,-3.0528,0.0222,-0.2475,0.9211,4.1063,-7.1594
111.1446,3.8910,-7.3025,-3.0538,0.0212,-0.2612,0.9211,4.1063,-7.1594
111.1548,3.8909,-7.3025,-3.0548,0.0212,-0.2612,0.9217,4.1063,-7.1594
111.1647,3.8908,-7.3025,-3.0557,0.0212,-0.2612,0.9217,4.1063,-7.1594
111.1751,3.8908,-7.3025,-3.0568,0.0212,-0.2612,0.9217,4.0979,-7.1607
111.1847,3.8907,-7.3025,-3.0578,0.0212,-0.2612,0.9217,4.0979,-7.1607
111.1953,3.8907,-7.3025,-3.0589,0.0212,-0.2612,0.9217,4.0979,-7.1607
111.2050,3.8906,-7.3025,-3.0599,0.0212,-0.2612,0.9217,4.0979,-7.1607
111.2145,3.8905,-7.3025,-3.0611,0.0212,-0.2612,0.9217,4.0979,-7.1607
111.2250,3.8905,-7.3025,-3.0622,0.0212,-0.2612,0.9217,4.0979,-7.1607
111.2356,3.8905,-7.3025,-3.0632,0.0212,-0.2612,0.9217,4.0979,-7.1607
111.2448,3.8903,-7.3025,-3.0643,0.0212,-0.2612,0.9217,4.0979,-7.1607
111.2554,3.8902,-7.3025,-3.0655,0.0231,-0.2586,0.9207,4.0979,-7.1607
111.2646,3.8901,-7.3025,-3.0665,0.0231,-0.2586,0.9207,4.0778,-7.1636
111.2755,3.8901,-7.3025,-3.0678,0.0231,-0.2586,0.9207,4.0778,-7.1636
111.2851,3.8899,-7.3026,-3.0690,0.0231,-0.2586,0.9207,4.0778,-7.1636
111.2962,3.8898,-7.3026,-3.0702,0.0231,-0.2586,0.9207,4.0778,-7.1636
111.3045,3.8897,-7.3026,-3.0714,0.0231,-0.2586,0.9207,4.0778,-7.1636
111.3150,3.8896,-7.3026,-3.0728,0.0231,-0.2586,0.9207,4.0778,-7.1636
111.3253,3.8894,-7.3026,-3.0742,0.0231,-0.2586,0.9207,4.0778,-7.1636
111.3357,3.8893,-7.3026,-3.0756,0.0231,-0.2586,0.9207,4.0778,-7.1636
111.3453,3.8891,-7.3026,-3.0772,0.0237,-0.2322,0.9207,4.0778,-7.1636
111.3546,3.8889,-7.3026,-3.0788,0.0237,-0.2322,0.9115,4.0778,-7.1636
111.3666,3.8887,-7.3026,-3.0803,0.0237,-0.2322,0.9115,4.0628,-7.1650
111.3747,3.8885,-7.3027,-3.0821,0.0237,-0.2322,0.9115,4.0628,-7.1650
111.3860,3.8882,-7.3027,-3.0838,0.0237,-0.2322,0.9115,4.0628,-7.1650
111.3953,3.8880,-7.3027,-3.0857,0.0237,-0.2322,0.9115,4.0628,-7.1650
111.4053,3.8877,-7.3027,-3.0875,0.0237,-0.2322,0.9115,4.0628,-7.1650
111.4154,3.8875,-7.3027,-3.0894,0.0237,-0.2322,0.9115,4.0628,-7.1650
111.4253,3.8872,-7.3027,-3.0913,0.0237,-0.2322,0.9115,4.0628,-7.1650
111.4348,3.8869,-7.3027,-3.0931,0.0237,-0.2322,0.9115,4.0628,-7.1650
111.4453,3.8866,-7.3027,-3.0946,0.0236,-0.2130,0.9115,4.0628,-7.1650
111.4550,3.8864,-7.3028,-3.0962,0.0236,-0.2130,0.9254,4.0628,-7.1650
111.4641,3.8861,-7.3028,-3.0974,0.0236,-0.2130,0.9254,4.0482,-7.1635
111.4744,3.8858,-7.3028,-3.0988,0.0236,-0.2130,0.9254,4.0482,-7.1635
111.4848,3.8855,-7.3028,-3.0999,0.0236,-0.2130,0.9254,4.0482,-7.1635
111.4949,3.8853,-7.3028,-3.1011,0.0236,-0.2130,0.9254,4.0482,-7.1635
111.5046,3.8850,-7.3028,-3.1021,0.0236,-0.2130,0.9254,4.0482,-7.1635
111.5150,3.8847,-7.3028,-3.1032,0.0236,-0.2130,0.9254,4.0482,-7.1635
111.5251,3.8844,-7.3028,-3.1042,0.0236,-0.2130,0.9254,4.0482,-7.1635
111.5376,3.8841,-7.3029,-3.1055,0.0236,-0.2130,0.9254,4.0482,-7.1635
111.5454,3.8838,-7.3029,-3.1065,0.0223,-0.1564,0.9254,4.0482,-7.1635
111.5547,3.8835,-7.3029,-3.1077,0.0223,-0.1564,0.9180,4.0482,-7.1635
111.5644,3.8832,-7.3029,-3.1090,0.0223,-0.1564,0.9180,4.0378,-7.1651
111.5741,3.8829,-7.3029,-3.1102,0.0223,-0.1564,0.9180,4.0378,-7.1651
111.5844,3.8826,-7.3029,-3.1114,0.0223,-0.1564,0.9180,4.0378,-7.1651
111.5943,3.8823,-7.3029,-3.1128,0.0223,-0.1564,0.9180,4.0378,-7.1651
111.6041,3.8820,-7.3029,-3.1142,0.0223,-0.1564,0.9180,4.0378,-7.1651
111.6148,3.8817,-7.3029,-3.1158,0.0223,-0.1564,0.9180,4.0378,-7.1651
111.6252,3.8815,-7.3029,-3.1172,0.0223,-0.1564,0.9180,4.0378,-7.1651
111.6367,3.8812,-7.3029,-3.1187,0.0223,-0.1564,0.9180,4.0378,-7.1651
111.6446,3.8810,-7.3029,-3.1203,0.0241,-0.1087,0.9180,4.0378,-7.1651
111.6566,3.8808,-7.3029,-3.1217,0.0241,-0.1087,0.9103,4.0378,-7.1651
111.6645,3.8806,-7.3029,-3.1233,0.0241,-0.1087,0.9103,4.0254,-7.1665
111.6744,3.8804,-7.3030,-3.1245,0.0241,-0.1087,0.9103,4.0254,-7.1665
111.6857,3.8802,-7.3030,-3.1259,0.0241,-0.1087,0.9103,4.0254,-7.1665
111.6946,3.8800,-7.3030,-3.1273,0.0241,-0.1087,0.9103,4.0254,-7.1665
111.7043,3.8798,-7.3030,-3.1287,0.0241,-0.1087,0.9103,4.0254,-7.1665
111.7145,3.8797,-7.3030,-3.1299,0.0241,-0.1087,0.9103,4.0254,-7.1665
111.7245,3.8795,-7.3030,-3.1313,0.0241,-0.1087,0.9103,4.0254,-7.1665
111.7353,3.8792,-7.3030,-3.1329,0.0241,-0.1087,0.9103,4.0254,-7.1665
111.7445,3.8790,-7.3030,-3.1343,0.0241,-0.1087,0.9103,4.0254,-7.1665
111.7546,3.8787,-7.3030,-3.1357,0.0237,0.0081,0.9187,4.0254,-7.1665
111.7708,3.8785,-7.3030,-3.1372,0.0237,0.0081,0.9187,4.0173,-7.1685
111.7748,3.8781,-7.3030,-3.1386,0.0237,0.0081,0.9187,4.0173,-7.1685
111.7842,3.8779,-7.3030,-3.1402,0.0237,0.0081,0.9187,4.0173,-7.1685
111.7948,3.8776,-7.3030,-3.1416,0.0237,0.0081,0.9187,4.0173,-7.1685
111.8041,3.8774,-7.3030,3.1400,0.0237,0.0081,0.9187,4.0173,-7.1685
111.8145,3.8771,-7.3030,3.1386,0.0237,0.0081,0.9187,4.0173,-7.1685
111.8242,3.8768,-7.3030,3.1371,0.0237,0.0081,0.9187,4.0173,-7.1685
111.8348,3.8766,-7.3030,3.1357,0.0237,0.0081,0.9187,4.0173,-7.1685
111.8458,3.8764,-7.3030,3.1343,0.0229,0.0558,0.9187,4.0173,-7.1685
111.8553,3.8761,-7.3030,3.1329,0.0229,0.0558,0.9159,4.0173,-7.1685
111.8647,3.8759,-7.3030,3.1316,0.0229,0.0558,0.9159,4.0152,-7.1722
111.8747,3.8757,-7.3030,3.1304,0.0229,0.0558,0.9159,4.0152,-7.1722
111.8850,3.8754,-7.3030,3.1294,0.0229,0.0558,0.9159,4.0152,-7.1722
111.8965,3.8752,-7.3030,3.1283,0.0229,0.0558,0.9159,4.0152,-7.1722
111.9047,3.8750,-7.3030,3.1275,0.0229,0.0558,0.9159,4.0152,-7.1722
111.9160,3.8747,-7.3030,3.1266,0.0229,0.0558,0.9159,4.0152,-7.1722
111.9246,3.8745,-7.3030,3.1259,0.0229,0.0558,0.9159,4.0152,-7.1722
111.9357,3.8743,-7.3029,3.1252,0.0229,0.0558,0.9159,4.0152,-7.1722
111.9444,3.8740,-7.3029,3.1245,0.0229,0.0525,0.9159,4.0152,-7.1722
111.9577,3.8738,-7.3029,3.1238,0.0229,0.0525,0.9174,4.0158,-7.1725
111.9643,3.8736,-7.3029,3.1233,0.0229,0.0525,0.9174,4.0158,-7.1725
111.9744,3.8734,-7.3029,3.1227,0.0229,0.0525,0.9174,4.0158,-7.1725
111.9853,3.8732,-7.3029,3.1222,0.0229,0.0525,0.9174,4.0158,-7.1725
111.9960,3.8730,-7.3029,3.1219,0.0229,0.0525,0.9174,4.0158,-7.1725
112.0048,3.8728,-7.3029,3.1213,0.0229,0.0525,0.9174,4.0158,-7.1725
112.0147,3.8727,-7.3029,3.1210,0.0229,0.0525,0.9174,4.0158,-7.1725
112.0252,3.8725,-7.3029,3.1206,0.0229,0.0525,0.9174,4.0158,-7.1725
112.0347,3.8722,-7.3029,3.1205,0.0229,0.0525,0.9174,4.0158,-7.1725
112.0443,3.8721,-7.3029,3.1201,0.0229,0.0525,0.9174,4.0158,-7.1725
112.0574,3.8719,-7.3029,3.1200,0.0232,0.0702,0.9025,4.0158,-7.1725
112.0646,3.8717,-7.3029,3.1196,0.0232,0.0702,0.9025,4.0203,-7.1722
112.0741,3.8716,-7.3029,3.1194,0.0232,0.0702,0.9025,4.0203,-7.1722
112.0842,3.8714,-7.3029,3.1191,0.0232,0.0702,0.9025,4.0203,-7.1722
112.0947,3.8712,-7.3029,3.1189,0.0232,0.0702,0.9025,4.0203,-7.1722
112.1044,3.8711,-7.3029,3.1186,0.0232,0.0702,0.9025,4.0203,-7.1722
112.1148,3.8709,-7.3029,3.1184,0.0232,0.0702,0.9025,4.0203,-7.1722
112.1254,3.8707,-7.3029,3.1180,0.0232,0.0702,0.9025,4.0203,-7.1722
112.1347,3.8706,-7.3029,3.1177,0.0232,0.0702,0.9025,4.0203,-7.1722
112.1457,3.8704,-7.3029,3.1173,0.0214,0.0533,0.9025,4.0203,-7.1722
112.1559,3.8702,-7.3029,3.1172,0.0214,0.0533,0.9171,4.0203,-7.1722
112.1651,3.8701,-7.3029,3.1168,0.0214,0.0533,0.9171,4.0222,-7.1732
112.1746,3.8701,-7.3029,3.1165,0.0214,0.0533,0.9171,4.0222,-7.1732
112.1868,3.8699,-7.3029,3.1161,0.0214,0.0533,0.9171,4.0222,-7.1732
112.1954,3.8697,-7.3028,3.1158,0.0214,0.0533,0.9171,4.0222,-7.1732
112.2043,3.8695,-7.3028,3.1156,0.0214,0.0533,0.9171,4.0222,-7.1732
112.2155,3.8694,-7.3028,3.1152,0.0214,0.0533,0.9171,4.0222,-7.1732
112.2273,3.8692,-7.3028,3.1151,0.0214,0.0533,0.9171,4.0222,-7.1732
112.2363,3.8691,-7.3028,3.1147,0.0214,0.0533,0.9171,4.0222,-7.1732
112.2454,3.8689,-7.3028,3.1144,0.0235,0.0323,0.9171,4.0222,-7.1732
112.2548,3.8688,-7.3028,3.1142,0.0235,0.0323,0.9203,4.0222,-7.1732
112.2649,3.8686,-7.3028,3.1138,0.0235,0.0323,0.9203,4.0177,-7.1735
112.2745,3.8685,-7.3028,3.1135,0.0235,0.0323,0.9203,4.0177,-7.1735
112.2845,3.8684,-7.3028,3.1131,0.0235,0.0323,0.9203,4.0177,-7.1735
112.2949,3.8682,-7.3028,3.1128,0.0235,0.0323,0.9203,4.0177,-7.1735
112.3047,3.8681,-7.3028,3.1124,0.0235,0.0323,0.9203,4.0177,-7.1735
112.3146,3.8679,-7.3028,3.1119,0.0235,0.0323,0.9203,4.0177,-7.1735
112.3247,3.8677,-7.3028,3.1116,0.0235,0.0323,0.9203,4.0177,-7.1735
112.3360,3.8677,-7.3028,3.1110,0.0000,0.0000,0.9203,4.0177,-7.1735
112.3463,3.8674,-7.3028,3.1107,0.0000,0.0000,0.9203,4.0177,-7.1735
112.3545,3.8672,-7.3028,3.1102,0.0000,0.0000,0.9191,4.0177,-7.1735
112.3645,3.8670,-7.3028,3.1098,0.0000,0.0000,0.9191,4.0131,-7.1714
112.3749,3.8668,-7.3028,3.1095,0.0000,0.0000,0.9191,4.0131,-7.1714
112.3854,3.8666,-7.3028,3.1091,0.0000,0.0000,0.9191,4.0131,-7.1714
112.3947,3.8664,-7.3028,3.1088,0.0000,0.0000,0.9191,4.0131,-7.1714
112.4042,3.8662,-7.3027,3.1084,0.0000,0.0000,0.9191,4.0131,-7.1714
112.4146,3.8661,-7.3027,3.1081,0.0000,0.0000,0.9191,4.0131,-7.1714
112.4244,3.8659,-7.3027,3.1079,0.0000,0.0000,0.9191,4.0131,-7.1714
112.4344,3.8658,-7.3027,3.1076,0.0000,0.0000,0.9191,4.0131,-7.1714
112.4454,3.8657,-7.3027,3.1072,0.0000,0.0000,0.9191,4.0131,-7.1714
112.4541,3.8657,-7.3027,3.1070,0.0000,0.0000,0.9191,4.0131,-7.1714
112.4648,3.8656,-7.3027,3.1069,0.0000,0.0000,0.9191,4.0131,-7.1714
112.4747,3.8657,-7.3027,3.1067,0.0000,0.0000,0.9191,4.0115,-7.1725
112.4843,3.8657,-7.3027,3.1065,0.0000,0.0000,0.9191,4.0115,-7.1725
112.4948,3.8658,-7.3027,3.1065,0.0000,0.0000,0.9191,4.0115,-7.1725
112.5042,3.8658,-7.3027,3.1065,0.0000,0.0000,0.9191,4.0115,-7.1725
112.5153,3.8659,-7.3027,3.1065,0.0000,0.0000,0.9191,4.0115,-7.1725
112.5248,3.8659,-7.3027,3.1067,0.0000,0.0000,0.9191,4.0115,-7.1725
112.5351,3.8659,-7.3027,3.1069,0.0000,0.0000,0.9191,4.0115,-7.1725
112.5457,3.8659,-7.3027,3.1070,0.0000,0.0000,0.9191,4.0115,-7.1725
112.5551,3.8660,-7.3027,3.1070,0.0000,0.0000,0.9167,4.0115,-7.1725
112.5646,3.8660,-7.3027,3.1072,0.0000,0.0000,0.9167,4.0139,-7.1710
112.5747,3.8661,-7.3027,3.1074,0.0000,0.0000,0.9167,4.0139,-7.1710
112.5845,3.8661,-7.3027,3.1074,0.0000,0.0000,0.9167,4.0139,-7.1710
112.5949,3.8662,-7.3027,3.1074,0.0000,0.0000,0.9167,4.0139,-7.1710
112.6045,3.8664,-7.3028,3.1074,0.0000,0.0000,0.9167,4.0139,-7.1710
112.6149,3.8665,-7.3028,3.1074,0.0000,0.0000,0.9167,4.0139,-7.1710
112.6245,3.8666,-7.3028,3.1072,0.0000,0.0000,0.9167,4.0139,-7.1710
112.6350,3.8666,-7.3028,3.1072,0.0000,0.0000,0.9167,4.0139,-7.1710
112.6446,3.8667,-7.3028,3.1072,0.0000,0.0000,0.9167,4.0139,-7.1710
112.6544,3.8667,-7.3028,3.1072,0.0000,0.0000,0.9189,4.0139,-7.1710
112.6656,3.8668,-7.3028,3.1074,0.0000,0.0000,0.9189,4.0139,-7.1710
112.6742,3.8668,-7.3028,3.1076,0.0000,0.0000,0.9189,4.0164,-7.1698
112.6845,3.8669,-7.3028,3.1076,0.0000,0.0000,0.9189,4.0164,-7.1698
112.6954,3.8669,-7.3028,3.1077,0.0000,0.0000,0.9189,4.0164,-7.1698
112.7050,3.8669,-7.3028,3.1079,0.0000,0.0000,0.9189,4.0164,-7.1698
112.7143,3.8668,-7.3028,3.1081,0.0000,0.0000,0.9189,4.0164,-7.1698
112.7252,3.8668,-7.3028,3.1081,0.0000,0.0000,0.9189,4.0164,-7.1698
112.7353,3.8668,-7.3028,3.1081,0.0000,0.0000,0.9189,4.0164,-7.1698
112.7443,3.8668,-7.3028,3.1081,0.0000,0.0000,0.9189,4.0164,-7.1698
112.7543,3.8668,-7.3028,3.1081,0.0000,0.0000,0.9196,4.0164,-7.1698
112.7657,3.8668,-7.3028,3.1081,0.0000,0.0000,0.9196,4.0160,-7.1698
112.7744,3.8668,-7.3028,3.1081,0.0000,0.0000,0.9196,4.0160,-7.1698
112.7853,3.8668,-7.3028,3.1081,0.0000,0.0000,0.9196,4.0160,-7.1698
112.7948,3.8668,-7.3028,3.1081,0.0000,0.0000,0.9196,4.0160,-7.1698
112.8042,3.8667,-7.3028,3.1079,0.0000,0.0000,0.9196,4.0160,-7.1698
112.8145,3.8668,-7.3028,3.1079,0.0000,0.0000,0.9196,4.0160,-7.1698
112.8256,3.8668,-7.3028,3.1079,0.0000,0.0000,0.9196,4.0160,-7.1698
112.8345,3.8668,-7.3028,3.1079,0.0000,0.0000,0.9196,4.0160,-7.1698
112.8465,3.8667,-7.3028,3.1079,0.0000,0.0000,0.9202,4.0160,-7.1698
112.8542,3.8668,-7.3028,3.1079,0.0000,0.0000,0.9202,4.0160,-7.1698
112.8651,3.8668,-7.3028,3.1081,0.0000,0.0000,0.9202,4.0156,-7.1699
112.8744,3.8667,-7.3028,3.1081,0.0000,0.0000,0.9202,4.0156,-7.1699
112.8846,3.8668,-7.3028,3.1081,0.0000,0.0000,0.9202,4.0156,-7.1699
112.8953,3.8668,-7.3028,3.1081,0.0000,0.0000,0.9202,4.0156,-7.1699
112.9045,3.8668,-7.3028,3.1081,0.0000,0.0000,0.9202,4.0156,-7.1699
112.9148,3.8668,-7.3028,3.1079,0.0000,0.0000,0.9202,4.0156,-7.1699
112.9246,3.8668,-7.3028,3.1079,0.0000,0.0000,0.9202,4.0156,-7.1699
112.9349,3.8668,-7.3028,3.1079,0.0000,0.0000,0.9202,4.0156,-7.1699
112.9449,3.8668,-7.3028,3.1079,0.0000,0.0000,0.9202,4.0156,-7.1699
112.9583,3.8668,-7.3028,3.1079,0.0000,0.0000,0.9186,4.0143,-7.1695
112.9646,3.8668,-7.3028,3.1081,0.0000,0.0000,0.9186,4.0143,-7.1695
112.9749,3.8668,-7.3028,3.1081,0.0000,0.0000,0.9186,4.0143,-7.1695
112.9849,3.8668,-7.3028,3.1081,0.0000,0.0000,0.9186,4.0143,-7.1695
112.9947,3.8668,-7.3028,3.1081,0.0000,0.0000,0.9186,4.0143,-7.1695
113.0043,3.8668,-7.3028,3.1079,0.0000,0.0000,0.9186,4.0143,-7.1695
113.0150,3.8668,-7.3028,3.1079,0.0000,0.0000,0.9186,4.0143,-7.1695
113.0250,3.8668,-7.3028,3.1079,0.0000,0.0000,0.9186,4.0143,-7.1695
113.0352,3.8668,-7.3028,3.1079,0.0000,0.0000,0.9186,4.0143,-7.1695
113.0454,3.8668,-7.3028,3.1079,0.0000,0.0000,0.9186,4.0143,-7.1695
113.0573,3.8668,-7.3028,3.1079,0.0000,0.0000,0.9138,4.0122,-7.1682
113.0660,3.8668,-7.3028,3.1079,0.0000,0.0000,0.9138,4.0122,-7.1682
113.0752,3.8668,-7.3028,3.1079,0.0000,0.0000,0.9138,4.0122,-7.1682
113.0855,3.8668,-7.3028,3.1079,0.0000,0.0000,0.9138,4.0122,-7.1682
113.0962,3.8668,-7.3028,3.1079,0.0000,0.0000,0.9138,4.0122,-7.1682
113.1064,3.8668,-7.3028,3.1079,0.0000,0.0000,0.9138,4.0122,-7.1682
113.1163,3.8668,-7.3028,3.1079,0.0000,0.0000,0.9138,4.0122,-7.1682
113.1251,3.8668,-7.3028,3.1081,0.0000,0.0000,0.9138,4.0122,-7.1682
113.1371,3.8668,-7.3028,3.1079,0.0000,0.0000,0.9138,4.0122,-7.1682
113.1452,3.8668,-7.3028,3.1079,0.0000,0.0000,0.9216,4.0122,-7.1682
113.1543,3.8668,-7.3028,3.1079,0.0000,0.0000,0.9216,4.0122,-7.1682
113.1646,3.8668,-7.3028,3.1079,0.0000,0.0000,0.9216,4.0131,-7.1687
113.1747,3.8668,-7.3028,3.1079,0.0000,0.0000,0.9216,4.0131,-7.1687
113.1846,3.8668,-7.3028,3.1079,0.0000,0.0000,0.9216,4.0131,-7.1687
113.1953,3.8668,-7.3028,3.1079,0.0000,0.0000,0.9216,4.0131,-7.1687
113.2043,3.8668,-7.3028,3.1079,0.0000,0.0000,0.9216,4.0131,-7.1687
113.2151,3.8668,-7.3028,3.1079,0.0000,0.0000,0.9216,4.0131,-7.1687
113.2250,3.8668,-7.3028,3.1079,0.0000,0.0000,0.9216,4.0131,-7.1687
113.2350,3.8668,-7.3028,3.1079,0.0000,0.0000,0.9216,4.0131,-7.1687
113.2451,3.8668,-7.3028,3.1079,0.0000,0.0000,0.9216,4.0131,-7.1687
113.2547,3.8668,-7.3028,3.1079,0.0000,0.0000,0.9157,4.0131,-7.1687
113.2645,3.8668,-7.3028,3.1079,0.0000,0.0000,0.9157,4.0132,-7.1699
113.2747,3.8668,-7.3028,3.1079,0.0000,0.0000,0.9157,4.0132,-7.1699
113.2849,3.8668,-7.3028,3.1079,0.0000,0.0000,0.9157,4.0132,-7.1699
113.2957,3.8668,-7.3028,3.1079,0.0000,0.0000,0.9157,4.0132,-7.1699
113.3056,3.8668,-7.3028,3.1079,0.0000,0.0000,0.9157,4.0132,-7.1699
113.3147,3.8668,-7.3028,3.1079,0.0000,0.0000,0.9157,4.0132,-7.1699
113.3258,3.8668,-7.3028,3.1079,0.0000,0.0000,0.9157,4.0132,-7.1699
113.3358,3.8668,-7.3028,3.1079,0.0000,0.0000,0.9157,4.0132,-7.1699
113.3479,3.8668,-7.3028,3.1079,0.0000,0.0000,0.9128,4.0132,-7.1699
113.3546,3.8668,-7.3028,3.1079,0.0000,0.0000,0.9128,4.0133,-7.1708
113.3647,3.8668,-7.3028,3.1079,0.0000,0.0000,0.9128,4.0133,-7.1708
113.3750,3.8668,-7.3028,3.1079,0.0000,0.0000,0.9128,4.0133,-7.1708
113.3871,3.8668,-7.3028,3.1081,0.0000,0.0000,0.9128,4.0133,-7.1708
113.3964,3.8668,-7.3028,3.1081,0.0000,0.0000,0.9128,4.0133,-7.1708
113.4054,3.8668,-7.3028,3.1081,0.0000,0.0000,0.9128,4.0133,-7.1708
113.4154,3.8668,-7.3028,3.1079,0.0000,0.0000,0.9128,4.0133,-7.1708
113.4253,3.8668,-7.3028,3.1079,0.0000,0.0000,0.9128,4.0133,-7.1708
113.4347,3.8668,-7.3028,3.1079,0.0000,0.0000,0.9128,4.0133,-7.1708
113.4459,3.8668,-7.3028,3.1079,0.0000,0.0000,0.9239,4.0133,-7.1708
113.4547,3.8668,-7.3028,3.1079,0.0000,0.0000,0.9239,4.0133,-7.1708
113.4642,3.8668,-7.3028,3.1079,0.0000,0.0000,0.9239,4.0124,-7.1699
113.4743,3.8668,-7.3028,3.1081,0.0000,0.0000,0.9239,4.0124,-7.1699
113.4851,3.8668,-7.3028,3.1081,0.0000,0.0000,0.9239,4.0124,-7.1699
113.4958,3.8668,-7.3028,3.1081,0.0000,0.0000,0.9239,4.0124,-7.1699
113.5057,3.8668,-7.3028,3.1081,0.0000,0.0000,0.9239,4.0124,-7.1699
113.5159,3.8668,-7.3028,3.1081,0.0000,0.0000,0.9239,4.0124,-7.1699
113.5283,3.8668,-7.3028,3.1079,0.0000,0.0000,0.9239,4.0124,-7.1699
113.5349,3.8668,-7.3028,3.1079,0.0000,0.0000,0.9239,4.0124,-7.1699
113.5448,3.8668,-7.3028,3.1079,0.0000,0.0000,0.9239,4.0124,-7.1699
113.5552,3.8668,-7.3028,3.1079,0.0000,0.0000,0.9191,4.0124,-7.1699
113.5645,3.8668,-7.3028,3.1079,0.0000,0.0000,0.9191,4.0127,-7.1708
113.5756,3.8668,-7.3028,3.1079,0.0000,0.0000,0.9191,4.0127,-7.1708
113.5850,3.8668,-7.3028,3.1079,0.0000,0.0000,0.9191,4.0127,-7.1708
113.5955,3.8668,-7.3028,3.1079,0.0000,0.0000,0.9191,4.0127,-7.1708
113.6050,3.8668,-7.3028,3.1079,0.0000,0.0000,0.9191,4.0127,-7.1708
113.6163,3.8668,-7.3028,3.1079,0.0000,0.0000,0.9191,4.0127,-7.1708
113.6255,3.8668,-7.3028,3.1079,0.0000,0.0000,0.9191,4.0127,-7.1708
113.6361,3.8668,-7.3028,3.1079,0.0000,0.0000,0.9191,4.0127,-7.1708
113.6468,3.8668,-7.3028,3.1079,0.0000,0.0000,0.9132,4.0127,-7.1708
113.6545,3.8668,-7.3028,3.1079,0.0000,0.0000,0.9132,4.0128,-7.1696
113.6670,3.8668,-7.3028,3.1079,0.0000,0.0000,0.9132,4.0128,-7.1696
113.6763,3.8668,-7.3028,3.1079,0.0000,0.0000,0.9132,4.0128,-7.1696
113.6851,3.8668,-7.3028,3.1079,0.0000,0.0000,0.9132,4.0128,-7.1696
113.6948,3.8668,-7.3028,3.1079,0.0000,0.0000,0.9132,4.0128,-7.1696
113.7046,3.8668,-7.3028,3.1079,0.0000,0.0000,0.9132,4.0128,-7.1696
113.7146,3.8668,-7.3028,3.1077,0.0000,0.0000,0.9132,4.0128,-7.1696
113.7252,3.8668,-7.3028,3.1077,0.0000,0.0000,0.9132,4.0128,-7.1696
113.7349,3.8668,-7.3028,3.1077,0.0000,0.0000,0.9132,4.0128,-7.1696
113.7450,3.8668,-7.3028,3.1077,0.0000,0.0000,0.9132,4.0128,-7.1696
113.7548,3.8668,-7.3028,3.1077,0.0000,0.0000,0.9169,4.0128,-7.1696
113.7650,3.8668,-7.3028,3.1077,0.0000,0.0000,0.9169,4.0137,-7.1697
113.7747,3.8668,-7.3028,3.1077,0.0000,0.0000,0.9169,4.0137,-7.1697
113.7847,3.8668,-7.3028,3.1077,0.0000,0.0000,0.9169,4.0137,-7.1697
113.7946,3.8668,-7.3028,3.1077,0.0000,0.0000,0.9169,4.0137,-7.1697
113.8051,3.8668,-7.3028,3.1077,0.0000,0.0000,0.9169,4.0137,-7.1697
113.8157,3.8668,-7.3028,3.1077,0.0000,0.0000,0.9169,4.0137,-7.1697
113.8259,3.8668,-7.3028,3.1077,0.0000,0.0000,0.9169,4.0137,-7.1697
113.8363,3.8668,-7.3028,3.1077,0.0000,0.0000,0.9169,4.0137,-7.1697
113.8458,3.8668,-7.3028,3.1077,0.0000,0.0000,0.9157,4.0137,-7.1697
113.8559,3.8668,-7.3028,3.1077,0.0000,0.0000,0.9157,4.0137,-7.1697
113.8645,3.8668,-7.3028,3.1077,0.0000,0.0000,0.9157,4.0136,-7.1685
113.8752,3.8668,-7.3028,3.1077,0.0000,0.0000,0.9157,4.0136,-7.1685
113.8846,3.8668,-7.3028,3.1077,0.0000,0.0000,0.9157,4.0136,-7.1685
113.8967,3.8668,-7.3028,3.1077,0.0000,0.0000,0.9157,4.0136,-7.1685
113.9052,3.8668,-7.3028,3.1077,0.0000,0.0000,0.9157,4.0136,-7.1685
113.9158,3.8668,-7.3028,3.1077,0.0000,0.0000,0.9157,4.0136,-7.1685
113.9270,3.8668,-7.3028,3.1077,0.0000,0.0000,0.9157,4.0136,-7.1685
113.9359,3.8668,-7.3028,3.1077,0.0000,0.0000,0.9157,4.0136,-7.1685
113.9470,3.8668,-7.3028,3.1077,0.0000,0.0000,0.9157,4.0136,-7.1685
113.9556,3.8668,-7.3028,3.1077,0.0000,0.0000,0.9132,4.0136,-7.1685
113.9643,3.8668,-7.3028,3.1077,0.0000,0.0000,0.9132,4.0128,-7.1677
113.9758,3.8668,-7.3028,3.1077,0.0000,0.0000,0.9132,4.0128,-7.1677
113.9848,3.8668,-7.3028,3.1077,0.0000,0.0000,0.9132,4.0128,-7.1677
113.9945,3.8668,-7.3028,3.1077,0.0000,0.0000,0.9132,4.0128,-7.1677
114.0046,3.8668,-7.3028,3.1077,0.0000,0.0000,0.9132,4.0128,-7.1677
114.0145,3.8668,-7.3028,3.1077,0.0000,0.0000,0.9132,4.0128,-7.1677
114.0252,3.8668,-7.3028,3.1077,0.0000,0.0000,0.9132,4.0128,-7.1677
114.0350,3.8668,-7.3028,3.1077,0.0000,0.0000,0.9132,4.0128,-7.1677
114.0447,3.8668,-7.3028,3.1077,0.0000,0.0000,0.9142,4.0128,-7.1677
114.0546,3.8668,-7.3028,3.1077,0.0000,0.0000,0.9142,4.0134,-7.1672
114.0648,3.8668,-7.3028,3.1077,0.0000,0.0000,0.9142,4.0134,-7.1672
114.0750,3.8668,-7.3028,3.1077,0.0000,0.0000,0.9142,4.0134,-7.1672
114.0847,3.8668,-7.3028,3.1077,0.0000,0.0000,0.9142,4.0134,-7.1672
114.0952,3.8668,-7.3028,3.1077,0.0000,0.0000,0.9142,4.0134,-7.1672
114.1048,3.8668,-7.3028,3.1077,0.0000,0.0000,0.9142,4.0134,-7.1672
114.1150,3.8668,-7.3028,3.1077,0.0000,0.0000,0.9142,4.0134,-7.1672
114.1250,3.8668,-7.3028,3.1077,0.0000,0.0000,0.9142,4.0134,-7.1672
114.1343,3.8668,-7.3028,3.1077,0.0000,0.0000,0.9142,4.0134,-7.1672
114.1451,3.8668,-7.3028,3.1077,0.0000,0.0000,0.9191,4.0134,-7.1672
114.1553,3.8668,-7.3028,3.1077,0.0000,0.0000,0.9191,4.0141,-7.1680
114.1658,3.8668,-7.3028,3.1077,0.0000,0.0000,0.9191,4.0141,-7.1680
114.1746,3.8668,-7.3028,3.1077,0.0000,0.0000,0.9191,4.0141,-7.1680
114.1852,3.8668,-7.3028,3.1077,0.0000,0.0000,0.9191,4.0141,-7.1680
114.1956,3.8668,-7.3028,3.1077,0.0000,0.0000,0.9191,4.0141,-7.1680
114.2045,3.8668,-7.3028,3.1077,0.0000,0.0000,0.9191,4.0141,-7.1680
114.2145,3.8668,-7.3028,3.1077,0.0000,0.0000,0.9191,4.0141,-7.1680
114.2268,3.8668,-7.3028,3.1077,0.0000,0.0000,0.9191,4.0141,-7.1680
114.2362,3.8668,-7.3028,3.1077,0.0000,0.0000,0.9191,4.0141,-7.1680
114.2455,3.8668,-7.3028,3.1077,0.0000,0.0000,0.9159,4.0141,-7.1680
114.2555,3.8668,-7.3028,3.1077,0.0000,0.0000,0.9159,4.0141,-7.1680
114.2648,3.8668,-7.3028,3.1077,0.0000,0.0000,0.9159,4.0148,-7.1685
114.2752,3.8668,-7.3028,3.1077,0.0000,0.0000,0.9159,4.0148,-7.1685
114.2849,3.8668,-7.3028,3.1077,0.0000,0.0000,0.9159,4.0148,-7.1685
114.2948,3.8668,-7.3028,3.1077,0.0000,0.0000,0.9159,4.0148,-7.1685
114.3049,3.8668,-7.3028,3.1077,0.0000,0.0000,0.9159,4.0148,-7.1685
114.3144,3.8668,-7.3028,3.1077,0.0000,0.0000,0.9159,4.0148,-7.1685
114.3258,3.8668,-7.3028,3.1077,0.0000,0.0000,0.9159,4.0148,-7.1685
114.3344,3.8668,-7.3028,3.1077,0.0000,0.0000,0.9159,4.0148,-7.1685
114.3445,3.8668,-7.3028,3.1077,0.0000,0.0000,0.9152,4.0148,-7.1685
114.3549,3.8668,-7.3028,3.1077,0.0000,0.0000,0.9152,4.0148,-7.1685
114.3651,3.8668,-7.3028,3.1077,0.0000,0.0000,0.9152,4.0146,-7.1675
114.3745,3.8668,-7.3028,3.1077,0.0000,0.0000,0.9152,4.0146,-7.1675
114.3845,3.8668,-7.3028,3.1077,0.0000,0.0000,0.9152,4.0146,-7.1675
114.3952,3.8668,-7.3028,3.1077,0.0000,0.0000,0.9152,4.0146,-7.1675
114.4052,3.8668,-7.3028,3.1077,0.0000,0.0000,0.9152,4.0146,-7.1675
114.4147,3.8668,-7.3028,3.1077,0.0000,0.0000,0.9152,4.0146,-7.1675
114.4257,3.8668,-7.3028,3.1077,0.0000,0.0000,0.9152,4.0146,-7.1675
114.4362,3.8668,-7.3028,3.1077,0.0195,0.1736,0.9152,4.0146,-7.1675
114.4473,3.8668,-7.3028,3.1077,0.0195,0.1736,0.9138,4.0146,-7.1675
114.4544,3.8668,-7.3028,3.1077,0.0195,0.1736,0.9138,4.0142,-7.1684
114.4670,3.8668,-7.3028,3.1077,0.0195,0.1736,0.9138,4.0142,-7.1684
114.4747,3.8668,-7.3028,3.1077,0.0195,0.1736,0.9138,4.0142,-7.1684
114.4850,3.8668,-7.3028,3.1077,0.0195,0.1736,0.9138,4.0142,-7.1684
114.4950,3.8668,-7.3028,3.1077,0.0195,0.1736,0.9138,4.0142,-7.1684
114.5050,3.8668,-7.3028,3.1077,0.0195,0.1736,0.9138,4.0142,-7.1684
114.5144,3.8668,-7.3028,3.1077,0.0246,0.2154,0.9138,4.0142,-7.1684
114.5257,3.8668,-7.3028,3.1077,0.0246,0.2154,0.9138,4.0142,-7.1684
114.5348,3.8667,-7.3028,3.1077,0.0246,0.2154,0.9138,4.0142,-7.1684
114.5443,3.8667,-7.3028,3.1079,0.0246,0.2154,0.9098,4.0142,-7.1684
114.5545,3.8667,-7.3028,3.1081,0.0246,0.2154,0.9098,4.0145,-7.1691
114.5654,3.8667,-7.3028,3.1081,0.0246,0.2154,0.9098,4.0145,-7.1691
114.5756,3.8667,-7.3028,3.1084,0.0246,0.2154,0.9098,4.0145,-7.1691
114.5845,3.8666,-7.3028,3.1086,0.0246,0.2154,0.9098,4.0145,-7.1691
114.5965,3.8666,-7.3028,3.1088,0.0246,0.2154,0.9098,4.0145,-7.1691
114.6050,3.8666,-7.3028,3.1088,0.0246,0.2154,0.9098,4.0145,-7.1691
114.6142,3.8666,-7.3028,3.1090,0.0233,0.1465,0.9098,4.0145,-7.1691
114.6244,3.8665,-7.3028,3.1091,0.0233,0.1465,0.9098,4.0145,-7.1691
114.6350,3.8665,-7.3028,3.1091,0.0233,0.1465,0.9098,4.0145,-7.1691
114.6447,3.8664,-7.3028,3.1093,0.0233,0.1465,0.9122,4.0145,-7.1691
114.6541,3.8663,-7.3028,3.1095,0.0233,0.1465,0.9122,4.0139,-7.1706
114.6649,3.8662,-7.3027,3.1097,0.0233,0.1465,0.9122,4.0139,-7.1706
114.6745,3.8662,-7.3027,3.1102,0.0233,0.1465,0.9122,4.0139,-7.1706
114.6853,3.8662,-7.3027,3.1105,0.0233,0.1465,0.9122,4.0139,-7.1706
114.6948,3.8661,-7.3027,3.1110,0.0233,0.1465,0.9122,4.0139,-7.1706
114.7051,3.8660,-7.3027,3.1116,0.0233,0.1465,0.9122,4.0139,-7.1706
114.7144,3.8659,-7.3027,3.1121,0.0228,0.1792,0.9122,4.0139,-7.1706
114.7250,3.8659,-7.3027,3.1128,0.0228,0.1792,0.9122,4.0139,-7.1706
114.7347,3.8658,-7.3027,3.1133,0.0228,0.1792,0.9122,4.0139,-7.1706
114.7445,3.8657,-7.3027,3.1138,0.0228,0.1792,0.9175,4.0139,-7.1706
114.7545,3.8657,-7.3027,3.1142,0.0228,0.1792,0.9175,4.0125,-7.1703
114.7655,3.8656,-7.3027,3.1147,0.0228,0.1792,0.9175,4.0125,-7.1703
114.7747,3.8656,-7.3027,3.1151,0.0228,0.1792,0.9175,4.0125,-7.1703
114.7848,3.8655,-7.3027,3.1154,0.0228,0.1792,0.9175,4.0125,-7.1703
114.7950,3.8654,-7.3027,3.1158,0.0228,0.1792,0.9175,4.0125,-7.1703
114.8138,3.8654,-7.3027,3.1161,0.0230,0.1485,0.9175,4.0125,-7.1703
114.8142,3.8653,-7.3027,3.1165,0.0230,0.1485,0.9175,4.0125,-7.1703
114.8251,3.8652,-7.3027,3.1168,0.0230,0.1485,0.9175,4.0125,-7.1703
114.8344,3.8651,-7.3027,3.1172,0.0230,0.1485,0.9175,4.0125,-7.1703
114.8446,3.8650,-7.3027,3.1177,0.0230,0.1485,0.9191,4.0125,-7.1703
114.8542,3.8649,-7.3027,3.1182,0.0230,0.1485,0.9191,4.0118,-7.1700
114.8653,3.8648,-7.3027,3.1187,0.0230,0.1485,0.9191,4.0118,-7.1700
114.8746,3.8647,-7.3027,3.1194,0.0230,0.1485,0.9191,4.0118,-7.1700
114.8848,3.8646,-7.3027,3.1203,0.0230,0.1485,0.9191,4.0118,-7.1700
114.8952,3.8645,-7.3027,3.1210,0.0230,0.1485,0.9191,4.0118,-7.1700
114.9048,3.8644,-7.3027,3.1217,0.0230,0.1485,0.9191,4.0118,-7.1700
114.9155,3.8643,-7.3027,3.1226,0.0229,0.1621,0.9191,4.0118,-7.1700
114.9246,3.8642,-7.3027,3.1234,0.0229,0.1621,0.9191,4.0118,-7.1700
114.9355,3.8641,-7.3027,3.1241,0.0229,0.1621,0.9191,4.0118,-7.1700
114.9457,3.8639,-7.3027,3.1250,0.0229,0.1621,0.9142,4.0118,-7.1700
114.9555,3.8638,-7.3027,3.1259,0.0229,0.1621,0.9142,4.0079,-7.1709
114.9646,3.8637,-7.3027,3.1268,0.0229,0.1621,0.9142,4.0079,-7.1709
114.9742,3.8634,-7.3027,3.1276,0.0229,0.1621,0.9142,4.0079,-7.1709
114.9842,3.8633,-7.3027,3.1285,0.0229,0.1621,0.9142,4.0079,-7.1709
114.9947,3.8632,-7.3027,3.1292,0.0229,0.1621,0.9142,4.0079,-7.1709
115.0045,3.8630,-7.3027,3.1301,0.0229,0.1621,0.9142,4.0079,-7.1709
115.0150,3.8628,-7.3027,3.1311,0.0221,0.1816,0.9142,4.0079,-7.1709
115.0254,3.8626,-7.3027,3.1320,0.0221,0.1816,0.9142,4.0079,-7.1709
115.0350,3.8624,-7.3027,3.1330,0.0221,0.1816,0.9142,4.0079,-7.1709
115.0454,3.8622,-7.3027,3.1341,0.0221,0.1816,0.9155,4.0079,-7.1709
115.0544,3.8619,-7.3027,3.1353,0.0221,0.1816,0.9155,4.0126,-7.1674
115.0647,3.8618,-7.3027,3.1364,0.0221,0.1816,0.9155,4.0126,-7.1674
115.0744,3.8616,-7.3027,3.1376,0.0221,0.1816,0.9155,4.0126,-7.1674
115.0849,3.8613,-7.3027,3.1386,0.0221,0.1816,0.9155,4.0126,-7.1674
115.0951,3.8611,-7.3027,3.1398,0.0221,0.1816,0.9155,4.0126,-7.1674
115.1046,3.8609,-7.3027,3.1409,0.0221,0.1816,0.9155,4.0126,-7.1674
115.1148,3.8607,-7.3027,-3.1411,0.0229,0.1325,0.9155,4.0126,-7.1674
115.1258,3.8605,-7.3027,-3.1400,0.0229,0.1325,0.9155,4.0126,-7.1674
115.1348,3.8602,-7.3027,-3.1390,0.0229,0.1325,0.9155,4.0126,-7.1674
115.1450,3.8600,-7.3027,-3.1379,0.0229,0.1325,0.9135,4.0126,-7.1674
115.1546,3.8598,-7.3027,-3.1369,0.0229,0.1325,0.9135,4.0126,-7.1701
115.1653,3.8596,-7.3027,-3.1358,0.0229,0.1325,0.9135,4.0126,-7.1701
115.1745,3.8594,-7.3027,-3.1348,0.0229,0.1325,0.9135,4.0126,-7.1701
115.1850,3.8591,-7.3027,-3.1337,0.0229,0.1325,0.9135,4.0126,-7.1701
115.1949,3.8589,-7.3027,-3.1325,0.0229,0.1325,0.9135,4.0126,-7.1701
115.2047,3.8586,-7.3027,-3.1313,0.0229,0.1325,0.9135,4.0126,-7.1701
115.2149,3.8583,-7.3027,-3.1301,0.0232,0.0850,0.9135,4.0126,-7.1701
115.2258,3.8581,-7.3027,-3.1289,0.0232,0.0850,0.9135,4.0126,-7.1701
115.2343,3.8579,-7.3027,-3.1275,0.0232,0.0850,0.9135,4.0126,-7.1701
115.2446,3.8576,-7.3027,-3.1261,0.0232,0.0850,0.9155,4.0126,-7.1701
115.2550,3.8574,-7.3027,-3.1247,0.0232,0.0850,0.9155,4.0102,-7.1713
115.2648,3.8571,-7.3027,-3.1233,0.0232,0.0850,0.9155,4.0102,-7.1713
115.2754,3.8569,-7.3027,-3.1220,0.0232,0.0850,0.9155,4.0102,-7.1713
115.2844,3.8567,-7.3027,-3.1206,0.0232,0.0850,0.9155,4.0102,-7.1713
115.2952,3.8565,-7.3027,-3.1194,0.0232,0.0850,0.9155,4.0102,-7.1713
115.3045,3.8562,-7.3027,-3.1182,0.0232,0.0850,0.9155,4.0102,-7.1713
115.3146,3.8560,-7.3027,-3.1172,0.0227,0.0214,0.9155,4.0102,-7.1713
115.3244,3.8558,-7.3027,-3.1161,0.0227,0.0214,0.9155,4.0102,-7.1713
115.3348,3.8556,-7.3027,-3.1151,0.0227,0.0214,0.9155,4.0102,-7.1713
115.3451,3.8554,-7.3027,-3.1151,0.0227,0.0214,0.9192,4.0102,-7.1713
115.3546,3.8552,-7.3027,-3.1142,0.0227,0.0214,0.9192,4.0102,-7.1713
115.3642,3.8550,-7.3027,-3.1133,0.0227,0.0214,0.9192,4.0069,-7.1715
115.3772,3.8547,-7.3028,-3.1124,0.0227,0.0214,0.9192,4.0069,-7.1715
115.3846,3.8545,-7.3028,-3.1116,0.0227,0.0214,0.9192,4.0069,-7.1715
115.3952,3.8543,-7.3028,-3.1107,0.0227,0.0214,0.9192,4.0069,-7.1715
115.4044,3.8542,-7.3028,-3.1100,0.0227,0.0214,0.9192,4.0069,-7.1715
115.4151,3.8539,-7.3028,-3.1091,0.0230,-0.0413,0.9192,4.0069,-7.1715
115.4252,3.8537,-7.3028,-3.1083,0.0230,-0.0413,0.9192,4.0069,-7.1715
115.4343,3.8535,-7.3028,-3.1074,0.0230,-0.0413,0.9192,4.0069,-7.1715
115.4447,3.8533,-7.3028,-3.1067,0.0230,-0.0413,0.9237,4.0069,-7.1715
115.4547,3.8531,-7.3028,-3.1060,0.0230,-0.0413,0.9237,4.0069,-7.1715
115.4644,3.8529,-7.3028,-3.1051,0.0230,-0.0413,0.9237,4.0033,-7.1706
115.4813,3.8526,-7.3028,-3.1037,0.0230,-0.0413,0.9237,4.0033,-7.1706
115.4842,3.8526,-7.3028,-3.1037,0.0230,-0.0413,0.9237,4.0033,-7.1706
115.4943,3.8524,-7.3028,-3.1030,0.0230,-0.0413,0.9237,4.0033,-7.1706
115.5041,3.8522,-7.3028,-3.1023,0.0230,-0.0413,0.9237,4.0033,-7.1706
115.5154,3.8520,-7.3029,-3.1016,0.0230,-0.0413,0.9237,4.0033,-7.1706
115.5259,3.8517,-7.3029,-3.1009,0.0231,-0.0608,0.9237,4.0033,-7.1706
115.5349,3.8515,-7.3029,-3.1002,0.0231,-0.0608,0.9237,4.0033,-7.1706
115.5446,3.8513,-7.3029,-3.0997,0.0231,-0.0608,0.9224,4.0033,-7.1706
115.5542,3.8512,-7.3029,-3.0990,0.0231,-0.0608,0.9224,4.0001,-7.1707
115.5642,3.8509,-7.3029,-3.0985,0.0231,-0.0608,0.9224,4.0001,-7.1707
115.5747,3.8507,-7.3029,-3.0981,0.0231,-0.0608,0.9224,4.0001,-7.1707
115.5845,3.8505,-7.3029,-3.0976,0.0231,-0.0608,0.9224,4.0001,-7.1707
115.5942,3.8502,-7.3029,-3.0973,0.0231,-0.0608,0.9224,4.0001,-7.1707
115.6046,3.8501,-7.3029,-3.0969,0.0231,-0.0608,0.9224,4.0001,-7.1707
115.6144,3.8499,-7.3029,-3.0966,0.0229,-0.0670,0.9224,4.0001,-7.1707
115.6245,3.8497,-7.3029,-3.0964,0.0229,-0.0670,0.9224,4.0001,-7.1707
115.6344,3.8495,-7.3030,-3.0960,0.0229,-0.0670,0.9224,4.0001,-7.1707
115.6447,3.8494,-7.3030,-3.0959,0.0229,-0.0670,0.9107,4.0001,-7.1707
115.6541,3.8492,-7.3030,-3.0957,0.0229,-0.0670,0.9107,3.9979,-7.1699
115.6643,3.8490,-7.3030,-3.0953,0.0229,-0.0670,0.9107,3.9979,-7.1699
115.6743,3.8489,-7.3030,-3.0952,0.0229,-0.0670,0.9107,3.9979,-7.1699
115.6848,3.8487,-7.3030,-3.0950,0.0229,-0.0670,0.9107,3.9979,-7.1699
115.6950,3.8485,-7.3030,-3.0948,0.0229,-0.0670,0.9107,3.9979,-7.1699
115.7042,3.8484,-7.3030,-3.0946,0.0229,-0.0670,0.9107,3.9979,-7.1699
115.7162,3.8482,-7.3030,-3.0945,0.0236,-0.0651,0.9107,3.9979,-7.1699
115.7255,3.8480,-7.3030,-3.0941,0.0236,-0.0651,0.9107,3.9979,-7.1699
115.7347,3.8479,-7.3030,-3.0938,0.0236,-0.0651,0.9107,3.9979,-7.1699
115.7449,3.8477,-7.3030,-3.0936,0.0236,-0.0651,0.9218,3.9979,-7.1699
115.7553,3.8476,-7.3030,-3.0932,0.0236,-0.0651,0.9218,3.9979,-7.1699
115.7648,3.8474,-7.3031,-3.0927,0.0236,-0.0651,0.9218,3.9960,-7.1690
115.7749,3.8473,-7.3031,-3.0924,0.0236,-0.0651,0.9218,3.9960,-7.1690
115.7846,3.8471,-7.3031,-3.0920,0.0236,-0.0651,0.9218,3.9960,-7.1690
115.7945,3.8469,-7.3031,-3.0915,0.0236,-0.0651,0.9218,3.9960,-7.1690
115.8047,3.8468,-7.3031,-3.0912,0.0236,-0.0651,0.9218,3.9960,-7.1690
115.8151,3.8465,-7.3031,-3.0906,0.0231,-0.0947,0.9218,3.9960,-7.1690
115.8253,3.8464,-7.3031,-3.0903,0.0231,-0.0947,0.9218,3.9960,-7.1690
115.8352,3.8462,-7.3031,-3.0899,0.0231,-0.0947,0.9218,3.9960,-7.1690
115.8444,3.8460,-7.3031,-3.0896,0.0231,-0.0947,0.9150,3.9960,-7.1690
115.8545,3.8458,-7.3031,-3.0892,0.0231,-0.0947,0.9150,3.9954,-7.1692
115.8646,3.8457,-7.3031,-3.0889,0.0231,-0.0947,0.9150,3.9954,-7.1692
115.8756,3.8455,-7.3032,-3.0885,0.0231,-0.0947,0.9150,3.9954,-7.1692
115.8856,3.8453,-7.3032,-3.0882,0.0231,-0.0947,0.9150,3.9954,-7.1692
115.8942,3.8452,-7.3032,-3.0880,0.0231,-0.0947,0.9150,3.9954,-7.1692
115.9050,3.8450,-7.3032,-3.0877,0.0231,-0.0947,0.9150,3.9954,-7.1692
115.9147,3.8448,-7.3032,-3.0875,0.0232,-0.0910,0.9150,3.9954,-7.1692
115.9255,3.8446,-7.3032,-3.0871,0.0232,-0.0910,0.9150,3.9954,-7.1692
115.9359,3.8445,-7.3032,-3.0870,0.0232,-0.0910,0.9150,3.9954,-7.1692
115.9445,3.8443,-7.3032,-3.0870,0.0232,-0.0910,0.9158,3.9954,-7.1692
115.9554,3.8441,-7.3032,-3.0868,0.0232,-0.0910,0.9158,3.9975,-7.1722
115.9641,3.8439,-7.3032,-3.0868,0.0232,-0.0910,0.9158,3.9975,-7.1722
115.9745,3.8438,-7.3032,-3.0868,0.0232,-0.0910,0.9158,3.9975,-7.1722
115.9848,3.8436,-7.3033,-3.0868,0.0232,-0.0910,0.9158,3.9975,-7.1722
115.9948,3.8434,-7.3033,-3.0868,0.0232,-0.0910,0.9158,3.9975,-7.1722
116.0079,3.8432,-7.3033,-3.0866,0.0232,-0.0910,0.9158,3.9975,-7.1722
116.0150,3.8432,-7.3033,-3.0866,0.0239,-0.1269,0.9158,3.9975,-7.1722
116.0248,3.8430,-7.3033,-3.0866,0.0239,-0.1269,0.9158,3.9975,-7.1722
116.0367,3.8429,-7.3033,-3.0866,0.0239,-0.1269,0.9164,3.9975,-7.1722
116.0443,3.8428,-7.3033,-3.0868,0.0239,-0.1269,0.9164,3.9975,-7.1720
116.0544,3.8426,-7.3033,-3.0868,0.0239,-0.1269,0.9164,3.9975,-7.1720
116.0646,3.8425,-7.3033,-3.0868,0.0239,-0.1269,0.9164,3.9975,-7.1720
116.0748,3.8423,-7.3033,-3.0870,0.0239,-0.1269,0.9164,3.9975,-7.1720
116.0849,3.8421,-7.3033,-3.0871,0.0239,-0.1269,0.9164,3.9975,-7.1720
116.0948,3.8420,-7.3033,-3.0873,0.0239,-0.1269,0.9164,3.9975,-7.1720
116.1047,3.8418,-7.3034,-3.0873,0.0239,-0.1269,0.9164,3.9975,-7.1720
116.1151,3.8416,-7.3034,-3.0875,0.0239,-0.0720,0.9164,3.9975,-7.1720
116.1248,3.8415,-7.3034,-3.0877,0.0239,-0.0720,0.9164,3.9975,-7.1720
116.1356,3.8413,-7.3034,-3.0878,0.0239,-0.0720,0.9164,3.9975,-7.1720
116.1453,3.8411,-7.3034,-3.0882,0.0239,-0.0720,0.9207,3.9975,-7.1720
116.1546,3.8409,-7.3034,-3.0885,0.0239,-0.0720,0.9207,3.9977,-7.1756
116.1692,3.8407,-7.3034,-3.0889,0.0239,-0.0720,0.9207,3.9977,-7.1756
116.1747,3.8405,-7.3034,-3.0892,0.0239,-0.0720,0.9207,3.9977,-7.1756
116.1847,3.8403,-7.3034,-3.0896,0.0239,-0.0720,0.9207,3.9977,-7.1756
116.1950,3.8401,-7.3034,-3.0901,0.0239,-0.0720,0.9207,3.9977,-7.1756
116.2041,3.8398,-7.3035,-3.0905,0.0227,-0.0656,0.9207,3.9977,-7.1756
116.2155,3.8396,-7.3035,-3.0908,0.0227,-0.0656,0.9207,3.9977,-7.1756
116.2244,3.8393,-7.3035,-3.0912,0.0227,-0.0656,0.9207,3.9977,-7.1756
116.2344,3.8391,-7.3035,-3.0913,0.0227,-0.0656,0.9207,3.9977,-7.1756
116.2451,3.8389,-7.3035,-3.0915,0.0227,-0.0656,0.9134,3.9971,-7.1750
116.2541,3.8386,-7.3035,-3.0917,0.0227,-0.0656,0.9134,3.9971,-7.1750
116.2644,3.8384,-7.3035,-3.0917,0.0227,-0.0656,0.9134,3.9971,-7.1750
116.2743,3.8381,-7.3035,-3.0919,0.0227,-0.0656,0.9134,3.9971,-7.1750
116.2854,3.8378,-7.3036,-3.0919,0.0227,-0.0656,0.9134,3.9971,-7.1750
116.2946,3.8374,-7.3036,-3.0919,0.0227,-0.0656,0.9134,3.9971,-7.1750
116.3047,3.8374,-7.3036,-3.0919,0.0227,-0.0656,0.9134,3.9971,-7.1750
116.3152,3.8371,-7.3036,-3.0919,0.0229,-0.0922,0.9134,3.9971,-7.1750
116.3243,3.8369,-7.3036,-3.0919,0.0229,-0.0922,0.9134,3.9971,-7.1750
116.3361,3.8367,-7.3036,-3.0919,0.0229,-0.0922,0.9174,3.9971,-7.1750
116.3448,3.8363,-7.3036,-3.0919,0.0229,-0.0922,0.9174,3.9971,-7.1750
116.3544,3.8363,-7.3036,-3.0919,0.0229,-0.0922,0.9174,3.9971,-7.1750
116.3645,3.8361,-7.3036,-3.0919,0.0229,-0.0922,0.9174,3.9987,-7.1729
116.3743,3.8359,-7.3037,-3.0919,0.0229,-0.0922,0.9174,3.9987,-7.1729
116.3848,3.8357,-7.3037,-3.0919,0.0229,-0.0922,0.9174,3.9987,-7.1729
116.3953,3.8353,-7.3037,-3.0922,0.0229,-0.0922,0.9174,3.9987,-7.1729
116.4047,3.8353,-7.3037,-3.0922,0.0229,-0.0922,0.9174,3.9987,-7.1729
116.4145,3.8351,-7.3037,-3.0924,0.0225,-0.1058,0.9174,3.9987,-7.1729
116.4245,3.8349,-7.3037,-3.0925,0.0225,-0.1058,0.9174,3.9987,-7.1729
116.4345,3.8346,-7.3037,-3.0929,0.0225,-0.1058,0.9174,3.9987,-7.1729
116.4458,3.8342,-7.3037,-3.0934,0.0225,-0.1058,0.9180,3.9953,-7.1746
116.4545,3.8342,-7.3037,-3.0934,0.0225,-0.1058,0.9180,3.9953,-7.1746
116.4641,3.8339,-7.3038,-3.0939,0.0225,-0.1058,0.9180,3.9953,-7.1746
116.4749,3.8337,-7.3038,-3.0943,0.0225,-0.1058,0.9180,3.9953,-7.1746
116.4858,3.8333,-7.3038,-3.0952,0.0225,-0.1058,0.9180,3.9953,-7.1746
116.4947,3.8333,-7.3038,-3.0952,0.0225,-0.1058,0.9180,3.9953,-7.1746
116.5042,3.8328,-7.3038,-3.0964,0.0225,-0.1058,0.9180,3.9953,-7.1746
116.5152,3.8326,-7.3038,-3.0969,0.0225,-0.1058,0.9180,3.9953,-7.1746
116.5248,3.8326,-7.3038,-3.0969,0.0236,-0.2192,0.9180,3.9953,-7.1746
116.5343,3.8322,-7.3038,-3.0981,0.0236,-0.2192,0.9207,3.9953,-7.1746
116.5449,3.8320,-7.3038,-3.0988,0.0236,-0.2192,0.9207,3.9952,-7.1738
116.5548,3.8318,-7.3039,-3.0995,0.0236,-0.2192,0.9207,3.9952,-7.1738
116.5648,3.8316,-7.3039,-3.1002,0.0236,-0.2192,0.9207,3.9952,-7.1738
116.5746,3.8314,-7.3039,-3.1009,0.0236,-0.2192,0.9207,3.9952,-7.1738
116.5842,3.8312,-7.3039,-3.1016,0.0236,-0.2192,0.9207,3.9952,-7.1738
116.5950,3.8309,-7.3039,-3.1023,0.0236,-0.2192,0.9207,3.9952,-7.1738
116.6052,3.8307,-7.3039,-3.1030,0.0236,-0.2192,0.9207,3.9952,-7.1738
116.6148,3.8305,-7.3039,-3.1037,0.0235,-0.2166,0.9207,3.9952,-7.1738
116.6254,3.8303,-7.3039,-3.1046,0.0235,-0.2166,0.9207,3.9952,-7.1738
116.6350,3.8301,-7.3039,-3.1056,0.0235,-0.2166,0.9174,3.9952,-7.1738
116.6451,3.8299,-7.3039,-3.1067,0.0235,-0.2166,0.9174,3.9952,-7.1738
116.6573,3.8296,-7.3039,-3.1077,0.0235,-0.2166,0.9174,3.9901,-7.1738
116.6647,3.8295,-7.3039,-3.1090,0.0235,-0.2166,0.9174,3.9901,-7.1738
116.6746,3.8292,-7.3039,-3.1104,0.0235,-0.2166,0.9174,3.9901,-7.1738
116.6848,3.8290,-7.3040,-3.1117,0.0235,-0.2166,0.9174,3.9901,-7.1738
116.6954,3.8288,-7.3040,-3.1135,0.0235,-0.2166,0.9174,3.9901,-7.1738
116.7046,3.8285,-7.3040,-3.1151,0.0235,-0.2166,0.9174,3.9901,-7.1738
116.7149,3.8282,-7.3040,-3.1168,0.0229,-0.2214,0.9174,3.9901,-7.1738
116.7249,3.8279,-7.3040,-3.1187,0.0229,-0.2214,0.9174,3.9901,-7.1738
116.7357,3.8276,-7.3040,-3.1206,0.0229,-0.2214,0.9187,3.9901,-7.1738
116.7449,3.8273,-7.3040,-3.1226,0.0229,-0.2214,0.9187,3.9871,-7.1714
116.7548,3.8271,-7.3040,-3.1243,0.0229,-0.2214,0.9187,3.9871,-7.1714
116.7650,3.8267,-7.3040,-3.1262,0.0229,-0.2214,0.9187,3.9871,-7.1714
116.7751,3.8265,-7.3040,-3.1282,0.0229,-0.2214,0.9187,3.9871,-7.1714
116.7854,3.8262,-7.3040,-3.1299,0.0229,-0.2214,0.9187,3.9871,-7.1714
116.7960,3.8259,-7.3040,-3.1318,0.0229,-0.2214,0.9187,3.9871,-7.1714
116.8044,3.8256,-7.3040,-3.1334,0.0232,-0.1965,0.9187,3.9871,-7.1714
116.8146,3.8254,-7.3040,-3.1350,0.0232,-0.1965,0.9187,3.9871,-7.1714
116.8245,3.8250,-7.3040,-3.1365,0.0232,-0.1965,0.9187,3.9871,-7.1714
116.8368,3.8247,-7.3040,-3.1379,0.0232,-0.1965,0.9154,3.9871,-7.1714
116.8443,3.8244,-7.3040,-3.1395,0.0232,-0.1965,0.9154,3.9839,-7.1732
116.8543,3.8241,-7.3040,-3.1409,0.0232,-0.1965,0.9154,3.9839,-7.1732
116.8645,3.8238,-7.3040,3.1409,0.0232,-0.1965,0.9154,3.9839,-7.1732
116.8751,3.8234,-7.3040,3.1395,0.0232,-0.1965,0.9154,3.9839,-7.1732
116.8843,3.8231,-7.3040,3.1379,0.0232,-0.1965,0.9154,3.9839,-7.1732
116.8962,3.8227,-7.3040,3.1365,0.0232,-0.1965,0.9154,3.9839,-7.1732
116.9056,3.8224,-7.3040,3.1351,0.0232,-0.1965,0.9154,3.9839,-7.1732
116.9145,3.8221,-7.3040,3.1336,0.0232,-0.1851,0.9154,3.9839,-7.1732
116.9258,3.8218,-7.3040,3.1322,0.0232,-0.1851,0.9154,3.9839,-7.1732
116.9344,3.8215,-7.3040,3.1309,0.0232,-0.1851,0.9227,3.9839,-7.1732
116.9443,3.8212,-7.3040,3.1295,0.0232,-0.1851,0.9227,3.9869,-7.1749
116.9543,3.8209,-7.3040,3.1283,0.0232,-0.1851,0.9227,3.9869,-7.1749
116.9647,3.8206,-7.3040,3.1269,0.0232,-0.1851,0.9227,3.9869,-7.1749
116.9757,3.8204,-7.3040,3.1257,0.0232,-0.1851,0.9227,3.9869,-7.1749
116.9857,3.8202,-7.3040,3.1245,0.0232,-0.1851,0.9227,3.9869,-7.1749
116.9952,3.8199,-7.3040,3.1233,0.0232,-0.1851,0.9227,3.9869,-7.1749
117.0051,3.8197,-7.3040,3.1219,0.0232,-0.1851,0.9227,3.9869,-7.1749
117.0144,3.8194,-7.3040,3.1206,0.0212,-0.1764,0.9227,3.9869,-7.1749
117.0265,3.8192,-7.3040,3.1193,0.0212,-0.1764,0.9227,3.9869,-7.1749
117.0358,3.8190,-7.3040,3.1179,0.0212,-0.1764,0.9173,3.9869,-7.1749
117.0457,3.8187,-7.3040,3.1163,0.0212,-0.1764,0.9173,3.9903,-7.1729
117.0540,3.8185,-7.3040,3.1149,0.0212,-0.1764,0.9173,3.9903,-7.1729
117.0649,3.8182,-7.3040,3.1133,0.0212,-0.1764,0.9173,3.9903,-7.1729
117.0746,3.8179,-7.3040,3.1119,0.0212,-0.1764,0.9173,3.9903,-7.1729
117.0850,3.8176,-7.3039,3.1104,0.0212,-0.1764,0.9173,3.9903,-7.1729
117.0947,3.8174,-7.3039,3.1088,0.0212,-0.1764,0.9173,3.9903,-7.1729
117.1061,3.8171,-7.3039,3.1072,0.0235,-0.1562,0.9173,3.9903,-7.1729
117.1146,3.8168,-7.3039,3.1056,0.0235,-0.1562,0.9173,3.9903,-7.1729
117.1252,3.8166,-7.3039,3.1041,0.0235,-0.1562,0.9173,3.9903,-7.1729
117.1437,3.8161,-7.3039,3.1013,0.0235,-0.1562,0.9232,3.9903,-7.1729
117.1459,3.8161,-7.3039,3.1013,0.0235,-0.1562,0.9232,3.9903,-7.1729
117.1544,3.8158,-7.3039,3.0999,0.0235,-0.1562,0.9232,3.9890,-7.1750
117.1649,3.8156,-7.3039,3.0987,0.0235,-0.1562,0.9232,3.9890,-7.1750
117.1750,3.8153,-7.3039,3.0974,0.0235,-0.1562,0.9232,3.9890,-7.1750
117.1860,3.8151,-7.3038,3.0962,0.0235,-0.1562,0.9232,3.9890,-7.1750
117.1949,3.8148,-7.3038,3.0950,0.0235,-0.1562,0.9232,3.9890,-7.1750
117.2043,3.8145,-7.3038,3.0938,0.0235,-0.1562,0.9232,3.9890,-7.1750
117.2142,3.8143,-7.3038,3.0924,0.0238,-0.1217,0.9232,3.9890,-7.1750
117.2247,3.8140,-7.3038,3.0912,0.0238,-0.1217,0.9232,3.9890,-7.1750
117.2369,3.8137,-7.3038,3.0899,0.0238,-0.1217,0.9153,3.9890,-7.1750
117.2446,3.8134,-7.3038,3.0887,0.0238,-0.1217,0.9153,3.9863,-7.1749
117.2539,3.8132,-7.3038,3.0875,0.0238,-0.1217,0.9153,3.9863,-7.1749
117.2643,3.8129,-7.3037,3.0863,0.0238,-0.1217,0.9153,3.9863,-7.1749
117.2745,3.8127,-7.3037,3.0850,0.0238,-0.1217,0.9153,3.9863,-7.1749
117.2845,3.8124,-7.3037,3.0840,0.0238,-0.1217,0.9153,3.9863,-7.1749
117.2949,3.8122,-7.3037,3.0828,0.0238,-0.1217,0.9153,3.9863,-7.1749
117.3119,3.8119,-7.3037,3.0816,0.0238,-0.0885,0.9153,3.9863,-7.1749
117.3149,3.8117,-7.3037,3.0805,0.0238,-0.0885,0.9153,3.9863,-7.1749
117.3255,3.8115,-7.3037,3.0793,0.0238,-0.0885,0.9153,3.9863,-7.1749
117.3354,3.8113,-7.3036,3.0781,0.0238,-0.0885,0.9155,3.9863,-7.1749
117.3464,3.8111,-7.3036,3.0770,0.0238,-0.0885,0.9155,3.9838,-7.1722
117.3546,3.8109,-7.3036,3.0758,0.0238,-0.0885,0.9155,3.9838,-7.1722
117.3645,3.8107,-7.3036,3.0747,0.0238,-0.0885,0.9155,3.9838,-7.1722
117.3760,3.8105,-7.3036,3.0737,0.0238,-0.0885,0.9155,3.9838,-7.1722
117.3845,3.8103,-7.3036,3.0725,0.0238,-0.0885,0.9155,3.9838,-7.1722
117.3959,3.8101,-7.3036,3.0714,0.0238,-0.0885,0.9155,3.9838,-7.1722
117.4044,3.8100,-7.3036,3.0702,0.0238,-0.0885,0.9155,3.9838,-7.1722
117.4151,3.8098,-7.3035,3.0690,0.0229,-0.0062,0.9155,3.9838,-7.1722
117.4245,3.8096,-7.3035,3.0678,0.0229,-0.0062,0.9155,3.9838,-7.1722
117.4348,3.8094,-7.3035,3.0667,0.0229,-0.0062,0.9142,3.9838,-7.1722
117.4442,3.8093,-7.3035,3.0655,0.0229,-0.0062,0.9142,3.9838,-7.1722
117.4542,3.8091,-7.3035,3.0644,0.0229,-0.0062,0.9142,3.9824,-7.1726
117.4649,3.8088,-7.3035,3.0644,0.0229,-0.0062,0.9142,3.9824,-7.1726
117.4752,3.8086,-7.3035,3.0634,0.0229,-0.0062,0.9142,3.9824,-7.1726
117.4844,3.8084,-7.3034,3.0622,0.0229,-0.0062,0.9142,3.9824,-7.1726
117.4950,3.8082,-7.3034,3.0611,0.0229,-0.0062,0.9142,3.9824,-7.1726
117.5061,3.8080,-7.3034,3.0601,0.0229,-0.0062,0.9142,3.9824,-7.1726
117.5148,3.8078,-7.3034,3.0592,0.0229,-0.0062,0.9142,3.9824,-7.1726
117.5249,3.8076,-7.3034,3.0582,0.0228,0.1575,0.9142,3.9824,-7.1726
117.5356,3.8073,-7.3033,3.0573,0.0228,0.1575,0.9177,3.9824,-7.1726
117.5451,3.8072,-7.3033,3.0564,0.0228,0.1575,0.9177,3.9846,-7.1705
117.5547,3.8070,-7.3033,3.0557,0.0228,0.1575,0.9177,3.9846,-7.1705
117.5653,3.8067,-7.3033,3.0550,0.0228,0.1575,0.9177,3.9846,-7.1705
117.5751,3.8065,-7.3033,3.0545,0.0228,0.1575,0.9177,3.9846,-7.1705
117.5849,3.8063,-7.3033,3.0540,0.0228,0.1575,0.9177,3.9846,-7.1705
117.5945,3.8061,-7.3032,3.0536,0.0228,0.1575,0.9177,3.9846,-7.1705
117.6042,3.8060,-7.3032,3.0533,0.0227,0.1969,0.9177,3.9846,-7.1705
117.6142,3.8058,-7.3032,3.0529,0.0227,0.1969,0.9177,3.9846,-7.1705
117.6245,3.8057,-7.3032,3.0526,0.0227,0.1969,0.9177,3.9846,-7.1705
117.6358,3.8055,-7.3032,3.0522,0.0227,0.1969,0.9193,3.9846,-7.1705
117.6442,3.8054,-7.3032,3.0521,0.0227,0.1969,0.9193,3.9837,-7.1714
117.6538,3.8052,-7.3032,3.0519,0.0227,0.1969,0.9193,3.9837,-7.1714
117.6640,3.8050,-7.3031,3.0517,0.0227,0.1969,0.9193,3.9837,-7.1714
117.6742,3.8049,-7.3031,3.0517,0.0227,0.1969,0.9193,3.9837,-7.1714
117.6842,3.8048,-7.3031,3.0515,0.0227,0.1969,0.9193,3.9837,-7.1714
117.6943,3.8046,-7.3031,3.0515,0.0227,0.1969,0.9193,3.9837,-7.1714
117.7041,3.8045,-7.3031,3.0515,0.0227,0.1969,0.9193,3.9837,-7.1714
117.7148,3.8045,-7.3031,3.0515,0.0233,0.1917,0.9193,3.9837,-7.1714
117.7251,3.8044,-7.3031,3.0517,0.0233,0.1917,0.9193,3.9837,-7.1714
117.7345,3.8045,-7.3031,3.0522,0.0233,0.1917,0.9167,3.9837,-7.1714
117.7442,3.8044,-7.3031,3.0529,0.0233,0.1917,0.9167,3.9875,-7.1711
117.7547,3.8044,-7.3031,3.0538,0.0233,0.1917,0.9167,3.9875,-7.1711
117.7647,3.8044,-7.3031,3.0547,0.0233,0.1917,0.9167,3.9875,-7.1711
117.7744,3.8044,-7.3031,3.0557,0.0233,0.1917,0.9167,3.9875,-7.1711
117.7844,3.8043,-7.3031,3.0568,0.0233,0.1917,0.9167,3.9875,-7.1711
117.7951,3.8043,-7.3031,3.0578,0.0233,0.1917,0.9167,3.9875,-7.1711
117.8050,3.8042,-7.3031,3.0587,0.0233,0.1917,0.9167,3.9875,-7.1711
117.8144,3.8042,-7.3031,3.0597,0.0233,0.2116,0.9167,3.9875,-7.1711
117.8251,3.8041,-7.3031,3.0606,0.0233,0.2116,0.9167,3.9875,-7.1711
117.8356,3.8041,-7.3031,3.0615,0.0233,0.2116,0.9177,3.9875,-7.1711
117.8443,3.8041,-7.3031,3.0624,0.0233,0.2116,0.9177,3.9875,-7.1711
117.8541,3.8040,-7.3031,3.0632,0.0233,0.2116,0.9177,3.9903,-7.1703
117.8640,3.8040,-7.3031,3.0641,0.0233,0.2116,0.9177,3.9903,-7.1703
117.8742,3.8039,-7.3031,3.0650,0.0233,0.2116,0.9177,3.9903,-7.1703
117.8845,3.8039,-7.3031,3.0657,0.0233,0.2116,0.9177,3.9903,-7.1703
117.8956,3.8038,-7.3030,3.0664,0.0233,0.2116,0.9177,3.9903,-7.1703
117.9041,3.8038,-7.3030,3.0671,0.0233,0.2116,0.9177,3.9903,-7.1703
117.9142,3.8037,-7.3030,3.0678,0.0222,0.2003,0.9177,3.9903,-7.1703
117.9242,3.8036,-7.3030,3.0686,0.0222,0.2003,0.9177,3.9903,-7.1703
117.9351,3.8035,-7.3030,3.0693,0.0222,0.2003,0.9118,3.9903,-7.1703
117.9451,3.8033,-7.3030,3.0702,0.0222,0.2003,0.9118,3.9931,-7.1707
117.9564,3.8033,-7.3030,3.0711,0.0222,0.2003,0.9118,3.9931,-7.1707
117.9656,3.8031,-7.3030,3.0721,0.0222,0.2003,0.9118,3.9931,-7.1707
117.9759,3.8030,-7.3030,3.0730,0.0222,0.2003,0.9118,3.9931,-7.1707
117.9849,3.8028,-7.3030,3.0742,0.0222,0.2003,0.9118,3.9931,-7.1707
117.9955,3.8027,-7.3030,3.0753,0.0222,0.2003,0.9118,3.9931,-7.1707
118.0052,3.8025,-7.3030,3.0765,0.0237,0.2036,0.9118,3.9931,-7.1707
118.0148,3.8024,-7.3029,3.0779,0.0237,0.2036,0.9118,3.9931,-7.1707
118.0248,3.8022,-7.3029,3.0791,0.0237,0.2036,0.9118,3.9931,-7.1707
118.0379,3.8021,-7.3029,3.0803,0.0237,0.2036,0.9136,3.9931,-7.1707
118.0453,3.8019,-7.3029,3.0817,0.0237,0.2036,0.9136,3.9910,-7.1692
118.0546,3.8017,-7.3029,3.0829,0.0237,0.2036,0.9136,3.9910,-7.1692
118.0647,3.8015,-7.3029,3.0843,0.0237,0.2036,0.9136,3.9910,-7.1692
118.0752,3.8014,-7.3029,3.0854,0.0237,0.2036,0.9136,3.9910,-7.1692
118.0856,3.8012,-7.3029,3.0866,0.0237,0.2036,0.9136,3.9910,-7.1692
118.0960,3.8010,-7.3029,3.0877,0.0237,0.2036,0.9136,3.9910,-7.1692
118.1049,3.8008,-7.3029,3.0887,0.0237,0.2036,0.9136,3.9910,-7.1692
118.1153,3.8007,-7.3028,3.0896,0.0225,0.1974,0.9136,3.9910,-7.1692
118.1252,3.8005,-7.3028,3.0905,0.0225,0.1974,0.9136,3.9910,-7.1692
118.1362,3.8003,-7.3028,3.0913,0.0225,0.1974,0.9197,3.9910,-7.1692
118.1454,3.8001,-7.3028,3.0920,0.0225,0.1974,0.9197,3.9858,-7.1703
118.1547,3.8000,-7.3028,3.0929,0.0225,0.1974,0.9197,3.9858,-7.1703
118.1650,3.7997,-7.3028,3.0938,0.0225,0.1974,0.9197,3.9858,-7.1703
118.1752,3.7996,-7.3028,3.0946,0.0225,0.1974,0.9197,3.9858,-7.1703
118.1859,3.7994,-7.3028,3.0955,0.0225,0.1974,0.9197,3.9858,-7.1703
118.1947,3.7992,-7.3028,3.0964,0.0225,0.1974,0.9197,3.9858,-7.1703
118.2041,3.7989,-7.3028,3.0974,0.0225,0.1974,0.9197,3.9858,-7.1703
118.2143,3.7988,-7.3028,3.0983,0.0234,0.1704,0.9197,3.9858,-7.1703
118.2246,3.7986,-7.3027,3.0994,0.0234,0.1704,0.9197,3.9858,-7.1703
118.2342,3.7983,-7.3027,3.1004,0.0234,0.1704,0.9152,3.9858,-7.1703
118.2443,3.7982,-7.3027,3.1015,0.0234,0.1704,0.9152,3.9823,-7.1732
118.2545,3.7980,-7.3027,3.1025,0.0234,0.1704,0.9152,3.9823,-7.1732
118.2648,3.7978,-7.3027,3.1037,0.0234,0.1704,0.9152,3.9823,-7.1732
118.2748,3.7976,-7.3027,3.1048,0.0234,0.1704,0.9152,3.9823,-7.1732
118.2848,3.7974,-7.3027,3.1060,0.0234,0.1704,0.9152,3.9823,-7.1732
118.2950,3.7971,-7.3027,3.1070,0.0234,0.1704,0.9152,3.9823,-7.1732
118.3044,3.7969,-7.3027,3.1083,0.0234,0.1704,0.9152,3.9823,-7.1732
118.3150,3.7966,-7.3027,3.1095,0.0231,0.1308,0.9152,3.9823,-7.1732
118.3256,3.7963,-7.3027,3.1107,0.0231,0.1308,0.9152,3.9823,-7.1732
118.3355,3.7960,-7.3027,3.1119,0.0231,0.1308,0.9191,3.9823,-7.1732
118.3444,3.7958,-7.3026,3.1133,0.0231,0.1308,0.9191,3.9772,-7.1738
118.3553,3.7955,-7.3026,3.1147,0.0231,0.1308,0.9191,3.9772,-7.1738
118.3646,3.7952,-7.3026,3.1161,0.0231,0.1308,0.9191,3.9772,-7.1738
118.3747,3.7949,-7.3026,3.1175,0.0231,0.1308,0.9191,3.9772,-7.1738
118.3843,3.7945,-7.3026,3.1187,0.0231,0.1308,0.9191,3.9772,-7.1738
118.3950,3.7942,-7.3026,3.1201,0.0231,0.1308,0.9191,3.9772,-7.1738
118.4054,3.7939,-7.3026,3.1215,0.0231,0.1308,0.9191,3.9772,-7.1738
118.4150,3.7936,-7.3026,3.1227,0.0230,0.0897,0.9191,3.9772,-7.1738
118.4275,3.7933,-7.3026,3.1241,0.0230,0.0897,0.9191,3.9772,-7.1738
118.4370,3.7930,-7.3026,3.1254,0.0230,0.0897,0.9195,3.9736,-7.1741
118.4452,3.7927,-7.3026,3.1266,0.0230,0.0897,0.9195,3.9736,-7.1741
118.4544,3.7924,-7.3026,3.1280,0.0230,0.0897,0.9195,3.9736,-7.1741
118.4653,3.7921,-7.3026,3.1294,0.0230,0.0897,0.9195,3.9736,-7.1741
118.4754,3.7918,-7.3026,3.1306,0.0230,0.0897,0.9195,3.9736,-7.1741
118.4851,3.7915,-7.3026,3.1322,0.0230,0.0897,0.9195,3.9736,-7.1741
118.4955,3.7911,-7.3026,3.1336,0.0230,0.0897,0.9195,3.9736,-7.1741
118.5076,3.7908,-7.3026,3.1350,0.0230,0.0897,0.9195,3.9736,-7.1741
118.5147,3.7905,-7.3026,3.1364,0.0234,0.0906,0.9195,3.9736,-7.1741
118.5246,3.7902,-7.3026,3.1378,0.0234,0.0906,0.9195,3.9736,-7.1741
118.5349,3.7899,-7.3026,3.1390,0.0234,0.0906,0.9153,3.9736,-7.1741
118.5446,3.7897,-7.3025,3.1400,0.0234,0.0906,0.9153,3.9736,-7.1741
118.5544,3.7894,-7.3025,3.1411,0.0234,0.0906,0.9153,3.9754,-7.1701
118.5652,3.7892,-7.3025,-3.1412,0.0234,0.0906,0.9153,3.9754,-7.1701
118.5748,3.7890,-7.3025,-3.1405,0.0234,0.0906,0.9153,3.9754,-7.1701
118.5847,3.7887,-7.3025,-3.1398,0.0234,0.0906,0.9153,3.9754,-7.1701
118.5946,3.7885,-7.3025,-3.1391,0.0234,0.0906,0.9153,3.9754,-7.1701
118.6045,3.7883,-7.3026,-3.1386,0.0234,0.0906,0.9153,3.9754,-7.1701
118.6145,3.7881,-7.3026,-3.1379,0.0234,0.0906,0.9153,3.9754,-7.1701
118.6258,3.7879,-7.3026,-3.1372,0.0225,0.0287,0.9153,3.9754,-7.1701
118.6343,3.7877,-7.3026,-3.1367,0.0225,0.0287,0.9202,3.9754,-7.1701
118.6444,3.7876,-7.3026,-3.1358,0.0225,0.0287,0.9202,3.9744,-7.1697
118.6541,3.7874,-7.3026,-3.1351,0.0225,0.0287,0.9202,3.9744,-7.1697
118.6646,3.7872,-7.3026,-3.1343,0.0225,0.0287,0.9202,3.9744,-7.1697
118.6755,3.7870,-7.3026,-3.1334,0.0225,0.0287,0.9202,3.9744,-7.1697
118.6846,3.7868,-7.3026,-3.1323,0.0225,0.0287,0.9202,3.9744,-7.1697
118.6947,3.7866,-7.3026,-3.1315,0.0225,0.0287,0.9202,3.9744,-7.1697
118.7048,3.7864,-7.3026,-3.1302,0.0225,0.0287,0.9202,3.9744,-7.1697
118.7165,3.7862,-7.3026,-3.1292,0.0229,-0.0128,0.9202,3.9744,-7.1697
118.7329,3.7860,-7.3026,-3.1280,0.0229,-0.0128,0.9213,3.9731,-7.1690
118.7355,3.7858,-7.3026,-3.1269,0.0229,-0.0128,0.9213,3.9731,-7.1690
118.7448,3.7855,-7.3026,-3.1257,0.0229,-0.0128,0.9213,3.9731,-7.1690
118.7549,3.7853,-7.3026,-3.1247,0.0229,-0.0128,0.9213,3.9731,-7.1690
118.7643,3.7851,-7.3026,-3.1236,0.0229,-0.0128,0.9213,3.9731,-7.1690
118.7752,3.7849,-7.3026,-3.1226,0.0229,-0.0128,0.9213,3.9731,-7.1690
118.7849,3.7847,-7.3026,-3.1215,0.0229,-0.0128,0.9213,3.9731,-7.1690
118.7946,3.7844,-7.3026,-3.1205,0.0229,-0.0128,0.9213,3.9731,-7.1690
118.8042,3.7841,-7.3026,-3.1196,0.0229,-0.0128,0.9213,3.9731,-7.1690
118.8144,3.7839,-7.3026,-3.1187,0.0223,0.0130,0.9213,3.9731,-7.1690
118.8247,3.7837,-7.3026,-3.1179,0.0223,0.0130,0.9213,3.9731,-7.1690
118.8382,3.7834,-7.3026,-3.1170,0.0223,0.0130,0.9130,3.9715,-7.1694
118.8449,3.7832,-7.3026,-3.1161,0.0223,0.0130,0.9130,3.9715,-7.1694
118.8553,3.7830,-7.3026,-3.1154,0.0223,0.0130,0.9130,3.9715,-7.1694
118.8647,3.7828,-7.3026,-3.1147,0.0223,0.0130,0.9130,3.9715,-7.1694
118.8746,3.7826,-7.3026,-3.1140,0.0223,0.0130,0.9130,3.9715,-7.1694
118.8845,3.7824,-7.3026,-3.1133,0.0223,0.0130,0.9130,3.9715,-7.1694
118.8947,3.7822,-7.3026,-3.1126,0.0223,0.0130,0.9130,3.9715,-7.1694
118.9044,3.7820,-7.3027,-3.1119,0.0223,0.0130,0.9130,3.9715,-7.1694
118.9155,3.7818,-7.3027,-3.1112,0.0218,0.0057,0.9130,3.9715,-7.1694
118.9303,3.7816,-7.3027,-3.1105,0.0218,0.0057,0.9130,3.9715,-7.1694
118.9355,3.7814,-7.3027,-3.1097,0.0218,0.0057,0.9226,3.9705,-7.1698
118.9453,3.7813,-7.3027,-3.1088,0.0218,0.0057,0.9226,3.9705,-7.1698
118.9540,3.7811,-7.3027,-3.1079,0.0218,0.0057,0.9226,3.9705,-7.1698
118.9646,3.7809,-7.3027,-3.1070,0.0218,0.0057,0.9226,3.9705,-7.1698
118.9755,3.7807,-7.3027,-3.1063,0.0218,0.0057,0.9226,3.9705,-7.1698
118.9848,3.7805,-7.3027,-3.1056,0.0218,0.0057,0.9226,3.9705,-7.1698
118.9949,3.7803,-7.3027,-3.1049,0.0218,0.0057,0.9226,3.9705,-7.1698
119.0043,3.7802,-7.3027,-3.1042,0.0218,0.0057,0.9226,3.9705,-7.1698
119.0144,3.7800,-7.3027,-3.1037,0.0240,-0.0037,0.9226,3.9705,-7.1698
119.0259,3.7798,-7.3027,-3.1032,0.0240,-0.0037,0.9226,3.9705,-7.1698
119.0351,3.7797,-7.3027,-3.1027,0.0240,-0.0037,0.9218,3.9705,-7.1698
119.0461,3.7795,-7.3027,-3.1023,0.0240,-0.0037,0.9218,3.9678,-7.1708
119.0542,3.7794,-7.3027,-3.1020,0.0240,-0.0037,0.9218,3.9678,-7.1708
119.0648,3.7793,-7.3027,-3.1016,0.0240,-0.0037,0.9218,3.9678,-7.1708
119.0744,3.7792,-7.3028,-3.1015,0.0240,-0.0037,0.9218,3.9678,-7.1708
119.0842,3.7790,-7.3028,-3.1013,0.0240,-0.0037,0.9218,3.9678,-7.1708
119.0955,3.7789,-7.3028,-3.1011,0.0240,-0.0037,0.9218,3.9678,-7.1708
119.1049,3.7788,-7.3028,-3.1009,0.0240,-0.0037,0.9218,3.9678,-7.1708
119.1144,3.7787,-7.3028,-3.1008,0.0236,-0.0180,0.9218,3.9678,-7.1708
119.1250,3.7786,-7.3028,-3.1006,0.0236,-0.0180,0.9218,3.9678,-7.1708
119.1343,3.7784,-7.3028,-3.1004,0.0236,-0.0180,0.9174,3.9678,-7.1708
119.1444,3.7783,-7.3028,-3.1004,0.0236,-0.0180,0.9174,3.9678,-7.1708
119.1541,3.7782,-7.3028,-3.1004,0.0236,-0.0180,0.9174,3.9641,-7.1691
119.1643,3.7781,-7.3028,-3.1002,0.0236,-0.0180,0.9174,3.9641,-7.1691
119.1752,3.7780,-7.3028,-3.1002,0.0236,-0.0180,0.9174,3.9641,-7.1691
119.1848,3.7778,-7.3028,-3.1002,0.0236,-0.0180,0.9174,3.9641,-7.1691
119.1950,3.7777,-7.3028,-3.1001,0.0236,-0.0180,0.9174,3.9641,-7.1691
119.2044,3.7776,-7.3028,-3.0999,0.0236,-0.0180,0.9174,3.9641,-7.1691
119.2145,3.7775,-7.3028,-3.0997,0.0230,-0.0597,0.9174,3.9641,-7.1691
119.2257,3.7774,-7.3028,-3.0995,0.0230,-0.0597,0.9174,3.9641,-7.1691
119.2353,3.7773,-7.3028,-3.0992,0.0230,-0.0597,0.9144,3.9641,-7.1691
119.2443,3.7772,-7.3028,-3.0990,0.0230,-0.0597,0.9144,3.9623,-7.1689
119.2543,3.7771,-7.3028,-3.0985,0.0230,-0.0597,0.9144,3.9623,-7.1689
119.2647,3.7769,-7.3028,-3.0981,0.0230,-0.0597,0.9144,3.9623,-7.1689
119.2745,3.7768,-7.3029,-3.0976,0.0230,-0.0597,0.9144,3.9623,-7.1689
119.2846,3.7767,-7.3029,-3.0973,0.0230,-0.0597,0.9144,3.9623,-7.1689
119.2948,3.7766,-7.3029,-3.0967,0.0230,-0.0597,0.9144,3.9623,-7.1689
119.3047,3.7764,-7.3029,-3.0964,0.0230,-0.0597,0.9144,3.9623,-7.1689
119.3148,3.7762,-7.3029,-3.0960,0.0240,-0.1027,0.9144,3.9623,-7.1689
119.3246,3.7761,-7.3029,-3.0957,0.0240,-0.1027,0.9220,3.9623,-7.1689
119.3343,3.7760,-7.3029,-3.0953,0.0240,-0.1027,0.9220,3.9605,-7.1679
119.3451,3.7758,-7.3029,-3.0950,0.0240,-0.1027,0.9220,3.9605,-7.1679
119.3553,3.7757,-7.3029,-3.0948,0.0240,-0.1027,0.9220,3.9605,-7.1679
119.3656,3.7756,-7.3029,-3.0946,0.0240,-0.1027,0.9220,3.9605,-7.1679
119.3745,3.7754,-7.3029,-3.0945,0.0240,-0.1027,0.9220,3.9605,-7.1679
119.3851,3.7753,-7.3029,-3.0943,0.0240,-0.1027,0.9220,3.9605,-7.1679
119.3957,3.7751,-7.3029,-3.0941,0.0240,-0.1027,0.9220,3.9605,-7.1679
119.4046,3.7749,-7.3029,-3.0941,0.0240,-0.1027,0.9220,3.9605,-7.1679
119.4146,3.7748,-7.3029,-3.0939,0.0224,-0.0720,0.9220,3.9605,-7.1679
119.4311,3.7746,-7.3030,-3.0938,0.0224,-0.0720,0.9220,3.9605,-7.1679
119.4343,3.7744,-7.3030,-3.0934,0.0224,-0.0720,0.9220,3.9598,-7.1703
119.4449,3.7742,-7.3030,-3.0932,0.0224,-0.0720,0.9220,3.9598,-7.1703
119.4547,3.7740,-7.3030,-3.0929,0.0224,-0.0720,0.9220,3.9598,-7.1703
119.4646,3.7739,-7.3030,-3.0925,0.0224,-0.0720,0.9220,3.9598,-7.1703
119.4753,3.7736,-7.3030,-3.0922,0.0224,-0.0720,0.9220,3.9598,-7.1703
119.4850,3.7735,-7.3030,-3.0919,0.0224,-0.0720,0.9220,3.9598,-7.1703
119.4956,3.7733,-7.3030,-3.0913,0.0224,-0.0720,0.9220,3.9598,-7.1703
119.5054,3.7731,-7.3030,-3.0910,0.0224,-0.0720,0.9220,3.9598,-7.1703
119.5143,3.7729,-7.3030,-3.0906,0.0215,-0.0751,0.9220,3.9598,-7.1703
119.5247,3.7727,-7.3030,-3.0903,0.0215,-0.0751,0.9220,3.9598,-7.1703
119.5347,3.7726,-7.3031,-3.0898,0.0215,-0.0751,0.9181,3.9598,-7.1703
119.5470,3.7724,-7.3031,-3.0894,0.0215,-0.0751,0.9181,3.9571,-7.1725
119.5544,3.7722,-7.3031,-3.0891,0.0215,-0.0751,0.9181,3.9571,-7.1725
119.5657,3.7721,-7.3031,-3.0887,0.0215,-0.0751,0.9181,3.9571,-7.1725
119.5743,3.7719,-7.3031,-3.0885,0.0215,-0.0751,0.9181,3.9571,-7.1725
119.5844,3.7717,-7.3031,-3.0884,0.0215,-0.0751,0.9181,3.9571,-7.1725
119.5949,3.7716,-7.3031,-3.0884,0.0215,-0.0751,0.9181,3.9571,-7.1725
119.6045,3.7714,-7.3031,-3.0880,0.0215,-0.0751,0.9181,3.9571,-7.1725
119.6146,3.7712,-7.3031,-3.0878,0.0215,-0.0751,0.9181,3.9571,-7.1725
119.6348,3.7711,-7.3031,-3.0877,0.0228,-0.0856,0.9219,3.9571,-7.1725
119.6394,3.7707,-7.3032,-3.0873,0.0228,-0.0856,0.9219,3.9547,-7.1730
119.6442,3.7707,-7.3032,-3.0873,0.0228,-0.0856,0.9219,3.9547,-7.1730
119.6539,3.7706,-7.3032,-3.0871,0.0228,-0.0856,0.9219,3.9547,-7.1730
119.6641,3.7704,-7.3032,-3.0870,0.0228,-0.0856,0.9219,3.9547,-7.1730
119.6743,3.7702,-7.3032,-3.0868,0.0228,-0.0856,0.9219,3.9547,-7.1730
119.6843,3.7700,-7.3032,-3.0866,0.0228,-0.0856,0.9219,3.9547,-7.1730
119.6944,3.7698,-7.3032,-3.0864,0.0228,-0.0856,0.9219,3.9547,-7.1730
119.7042,3.7697,-7.3032,-3.0863,0.0228,-0.0856,0.9219,3.9547,-7.1730
119.7160,3.7695,-7.3032,-3.0861,0.0223,-0.1050,0.9219,3.9547,-7.1730
119.7308,3.7693,-7.3032,-3.0859,0.0223,-0.1050,0.9250,3.9547,-7.1730
119.7344,3.7690,-7.3032,-3.0859,0.0223,-0.1050,0.9250,3.9533,-7.1734
119.7452,3.7688,-7.3033,-3.0859,0.0223,-0.1050,0.9250,3.9533,-7.1734
119.7563,3.7686,-7.3033,-3.0859,0.0223,-0.1050,0.9250,3.9533,-7.1734
119.7645,3.7684,-7.3033,-3.0861,0.0223,-0.1050,0.9250,3.9533,-7.1734
119.7746,3.7681,-7.3033,-3.0861,0.0223,-0.1050,0.9250,3.9533,-7.1734
119.7846,3.7679,-7.3033,-3.0863,0.0223,-0.1050,0.9250,3.9533,-7.1734
119.7963,3.7676,-7.3033,-3.0864,0.0223,-0.1050,0.9250,3.9533,-7.1734
119.8068,3.7674,-7.3033,-3.0868,0.0223,-0.1050,0.9250,3.9533,-7.1734
119.8172,3.7672,-7.3033,-3.0870,0.0232,-0.1030,0.9250,3.9533,-7.1734
119.8302,3.7669,-7.3034,-3.0873,0.0232,-0.1030,0.9227,3.9533,-7.1734
119.8344,3.7666,-7.3034,-3.0877,0.0232,-0.1030,0.9227,3.9512,-7.1759
119.8458,3.7664,-7.3034,-3.0880,0.0232,-0.1030,0.9227,3.9512,-7.1759
119.8550,3.7661,-7.3034,-3.0884,0.0232,-0.1030,0.9227,3.9512,-7.1759
119.8646,3.7659,-7.3034,-3.0889,0.0232,-0.1030,0.9227,3.9512,-7.1759
119.8747,3.7657,-7.3034,-3.0892,0.0232,-0.1030,0.9227,3.9512,-7.1759
119.8848,3.7654,-7.3034,-3.0898,0.0232,-0.1030,0.9227,3.9512,-7.1759
119.8970,3.7652,-7.3035,-3.0903,0.0232,-0.1030,0.9227,3.9512,-7.1759
119.9043,3.7649,-7.3035,-3.0908,0.0232,-0.1030,0.9227,3.9512,-7.1759
119.9157,3.7647,-7.3035,-3.0913,0.0225,-0.0942,0.9227,3.9512,-7.1759
119.9261,3.7645,-7.3035,-3.0920,0.0225,-0.0942,0.9227,3.9512,-7.1759
119.9349,3.7642,-7.3035,-3.0925,0.0225,-0.0942,0.9189,3.9291,-7.1758
119.9457,3.7640,-7.3035,-3.0932,0.0225,-0.0942,0.9189,3.9291,-7.1758
119.9541,3.7638,-7.3035,-3.0938,0.0225,-0.0942,0.9189,3.9291,-7.1758
119.9643,3.7636,-7.3035,-3.0945,0.0225,-0.0942,0.9189,3.9291,-7.1758
119.9745,3.7633,-7.3035,-3.0952,0.0225,-0.0942,0.9189,3.9291,-7.1758
119.9847,3.7631,-7.3036,-3.0959,0.0225,-0.0942,0.9189,3.9291,-7.1758
119.9955,3.7629,-7.3036,-3.0966,0.0225,-0.0942,0.9189,3.9291,-7.1758
120.0060,3.7628,-7.3036,-3.0973,0.0225,-0.0942,0.9189,3.9291,-7.1758
120.0143,3.7626,-7.3036,-3.0981,0.0229,-0.0782,0.9189,3.9291,-7.1758
120.0336,3.7621,-7.3036,-3.0997,0.0229,-0.0782,0.9234,3.9159,-7.1749
120.0351,3.7621,-7.3036,-3.0997,0.0229,-0.0782,0.9234,3.9159,-7.1749
120.0448,3.7619,-7.3036,-3.1006,0.0229,-0.0782,0.9234,3.9159,-7.1749
120.0551,3.7616,-7.3036,-3.1015,0.0229,-0.0782,0.9234,3.9159,-7.1749
120.0644,3.7614,-7.3036,-3.1023,0.0229,-0.0782,0.9234,3.9159,-7.1749
120.0756,3.7611,-7.3036,-3.1032,0.0229,-0.0782,0.9234,3.9159,-7.1749
120.0849,3.7609,-7.3036,-3.1041,0.0229,-0.0782,0.9234,3.9159,-7.1749
120.0948,3.7606,-7.3037,-3.1049,0.0229,-0.0782,0.9234,3.9159,-7.1749
120.1046,3.7604,-7.3037,-3.1056,0.0229,-0.0782,0.9234,3.9159,-7.1749
120.1146,3.7601,-7.3037,-3.1065,0.0228,-0.1069,0.9234,3.9159,-7.1749
120.1249,3.7599,-7.3037,-3.1072,0.0228,-0.1069,0.9246,3.9159,-7.1749
120.1416,3.7594,-7.3037,-3.1088,0.0228,-0.1069,0.9246,3.9039,-7.1751
120.1459,3.7594,-7.3037,-3.1088,0.0228,-0.1069,0.9246,3.9039,-7.1751
120.1565,3.7592,-7.3037,-3.1095,0.0228,-0.1069,0.9246,3.9039,-7.1751
120.1647,3.7590,-7.3037,-3.1100,0.0228,-0.1069,0.9246,3.9039,-7.1751
120.1749,3.7588,-7.3037,-3.1107,0.0228,-0.1069,0.9246,3.9039,-7.1751
120.1847,3.7585,-7.3037,-3.1114,0.0228,-0.1069,0.9246,3.9039,-7.1751
120.1951,3.7584,-7.3037,-3.1119,0.0228,-0.1069,0.9246,3.9039,-7.1751
120.2042,3.7581,-7.3037,-3.1126,0.0228,-0.1069,0.9246,3.9039,-7.1751
120.2152,3.7579,-7.3037,-3.1131,0.0223,-0.0892,0.9246,3.9039,-7.1751
120.2255,3.7577,-7.3037,-3.1137,0.0223,-0.0892,0.9194,3.9039,-7.1751
120.2355,3.7574,-7.3038,-3.1144,0.0223,-0.0892,0.9194,3.8909,-7.1745
120.2448,3.7573,-7.3038,-3.1151,0.0223,-0.0892,0.9194,3.8909,-7.1745
120.2564,3.7570,-7.3038,-3.1158,0.0223,-0.0892,0.9194,3.8909,-7.1745
120.2647,3.7568,-7.3038,-3.1165,0.0223,-0.0892,0.9194,3.8909,-7.1745
120.2753,3.7566,-7.3038,-3.1173,0.0223,-0.0892,0.9194,3.8909,-7.1745
120.2846,3.7564,-7.3038,-3.1182,0.0223,-0.0892,0.9194,3.8909,-7.1745
120.2944,3.7561,-7.3038,-3.1191,0.0223,-0.0892,0.9194,3.8909,-7.1745
120.3102,3.7557,-7.3038,-3.1210,0.0232,-0.1025,0.9194,3.8909,-7.1745
120.3147,3.7557,-7.3038,-3.1210,0.0232,-0.1025,0.9194,3.8909,-7.1745
120.3250,3.7555,-7.3038,-3.1219,0.0232,-0.1025,0.9230,3.8909,-7.1745
120.3346,3.7552,-7.3038,-3.1227,0.0232,-0.1025,0.9230,3.8804,-7.1746
120.3450,3.7550,-7.3038,-3.1236,0.0232,-0.1025,0.9230,3.8804,-7.1746
120.3540,3.7547,-7.3038,-3.1245,0.0232,-0.1025,0.9230,3.8804,-7.1746
120.3654,3.7545,-7.3038,-3.1252,0.0232,-0.1025,0.9230,3.8804,-7.1746
120.3747,3.7543,-7.3038,-3.1259,0.0232,-0.1025,0.9230,3.8804,-7.1746
120.3846,3.7541,-7.3038,-3.1266,0.0232,-0.1025,0.9230,3.8804,-7.1746
120.3951,3.7539,-7.3038,-3.1273,0.0232,-0.1025,0.9230,3.8804,-7.1746
120.4040,3.7537,-7.3038,-3.1280,0.0232,-0.1025,0.9230,3.8804,-7.1746
120.4160,3.7535,-7.3038,-3.1287,0.0222,-0.0778,0.9230,3.8804,-7.1746
120.4273,3.7532,-7.3038,-3.1294,0.0222,-0.0778,0.9237,3.8804,-7.1746
120.4343,3.7531,-7.3038,-3.1301,0.0222,-0.0778,0.9237,3.8731,-7.1743
120.4448,3.7529,-7.3038,-3.1308,0.0222,-0.0778,0.9237,3.8731,-7.1743
120.4556,3.7527,-7.3038,-3.1316,0.0222,-0.0778,0.9237,3.8731,-7.1743
120.4645,3.7524,-7.3038,-3.1325,0.0222,-0.0778,0.9237,3.8731,-7.1743
120.4747,3.7522,-7.3039,-3.1334,0.0222,-0.0778,0.9237,3.8731,-7.1743
120.4844,3.7520,-7.3039,-3.1343,0.0222,-0.0778,0.9237,3.8731,-7.1743
120.4960,3.7518,-7.3039,-3.1351,0.0222,-0.0778,0.9237,3.8731,-7.1743
120.5047,3.7516,-7.3039,-3.1362,0.0222,-0.0778,0.9237,3.8731,-7.1743
120.5148,3.7514,-7.3039,-3.1372,0.0223,-0.0546,0.9237,3.8731,-7.1743
120.5273,3.7512,-7.3039,-3.1383,0.0223,-0.0546,0.9217,3.8731,-7.1743
120.5358,3.7510,-7.3039,-3.1391,0.0223,-0.0546,0.9217,3.8675,-7.1745
120.5458,3.7508,-7.3039,-3.1402,0.0223,-0.0546,0.9217,3.8675,-7.1745
120.5561,3.7505,-7.3039,-3.1411,0.0223,-0.0546,0.9217,3.8675,-7.1745
120.5646,3.7501,-7.3039,3.1411,0.0223,-0.0546,0.9217,3.8675,-7.1745
120.5750,3.7499,-7.3039,3.1402,0.0223,-0.0546,0.9217,3.8675,-7.1745
120.5860,3.7496,-7.3039,3.1391,0.0223,-0.0546,0.9217,3.8675,-7.1745
120.5955,3.7495,-7.3039,3.1383,0.0223,-0.0546,0.9217,3.8675,-7.1745
120.6045,3.7492,-7.3039,3.1374,0.0223,-0.0546,0.9217,3.8675,-7.1745
120.6152,3.7490,-7.3039,3.1365,0.0223,-0.0546,0.9217,3.8675,-7.1745
120.6249,3.7488,-7.3039,3.1357,0.0238,-0.1442,0.9225,3.8675,-7.1745
120.6450,3.7484,-7.3039,3.1343,0.0238,-0.1442,0.9225,3.8657,-7.1736
120.6551,3.7481,-7.3038,3.1334,0.0238,-0.1442,0.9225,3.8657,-7.1736
120.6643,3.7479,-7.3038,3.1327,0.0238,-0.1442,0.9225,3.8657,-7.1736
120.6752,3.7477,-7.3038,3.1320,0.0238,-0.1442,0.9225,3.8657,-7.1736
120.6846,3.7475,-7.3038,3.1313,0.0238,-0.1442,0.9225,3.8657,-7.1736
120.6948,3.7473,-7.3038,3.1306,0.0238,-0.1442,0.9225,3.8657,-7.1736
120.7046,3.7471,-7.3038,3.1299,0.0238,-0.1442,0.9225,3.8657,-7.1736
120.7190,3.7469,-7.3038,3.1292,0.0231,-0.1577,0.9225,3.8657,-7.1736
120.7267,3.7467,-7.3038,3.1285,0.0231,-0.1577,0.9163,3.8657,-7.1736
120.7361,3.7465,-7.3038,3.1276,0.0231,-0.1577,0.9163,3.8659,-7.1758
120.7453,3.7462,-7.3038,3.1268,0.0231,-0.1577,0.9163,3.8659,-7.1758
120.7554,3.7460,-7.3038,3.1259,0.0231,-0.1577,0.9163,3.8659,-7.1758
120.7664,3.7457,-7.3038,3.1250,0.0231,-0.1577,0.9163,3.8659,-7.1758
120.7754,3.7455,-7.3038,3.1241,0.0231,-0.1577,0.9163,3.8659,-7.1758
120.7849,3.7452,-7.3038,3.1231,0.0231,-0.1577,0.9163,3.8659,-7.1758
120.7948,3.7450,-7.3038,3.1220,0.0231,-0.1577,0.9163,3.8659,-7.1758
120.8047,3.7447,-7.3038,3.1208,0.0231,-0.1577,0.9163,3.8659,-7.1758
120.8145,3.7445,-7.3038,3.1196,0.0231,-0.1198,0.9163,3.8659,-7.1758
120.8252,3.7442,-7.3038,3.1184,0.0231,-0.1198,0.9227,3.8659,-7.1758
120.8345,3.7440,-7.3038,3.1172,0.0231,-0.1198,0.9227,3.8648,-7.1750
120.8455,3.7438,-7.3038,3.1159,0.0231,-0.1198,0.9227,3.8648,-7.1750
120.8546,3.7435,-7.3038,3.1147,0.0231,-0.1198,0.9227,3.8648,-7.1750
120.8654,3.7433,-7.3038,3.1135,0.0231,-0.1198,0.9227,3.8648,-7.1750
120.8749,3.7430,-7.3038,3.1123,0.0231,-0.1198,0.9227,3.8648,-7.1750
120.8848,3.7428,-7.3037,3.1110,0.0231,-0.1198,0.9227,3.8648,-7.1750
120.8962,3.7426,-7.3037,3.1100,0.0231,-0.1198,0.9227,3.8648,-7.1750
120.9050,3.7423,-7.3037,3.1090,0.0231,-0.1198,0.9227,3.8648,-7.1750
