t,x,y,yaw,cmd_vx,cmd_wz,scan_min,map_x,map_y
0.0000,5.6941,-7.2273,0.1201,0.0000,0.0000,nan,nan,nan
0.0104,5.6941,-7.2273,0.1201,0.0000,0.0000,nan,nan,nan
0.0210,5.6941,-7.2273,0.1201,0.0000,0.0000,nan,nan,nan
0.0304,5.6941,-7.2273,0.1201,0.0000,0.0000,nan,nan,nan
0.0473,5.6941,-7.2273,0.1201,0.0000,0.0000,nan,nan,nan
0.0550,5.6941,-7.2273,0.1201,0.0000,0.0000,nan,nan,nan
0.0600,5.6941,-7.2273,0.1201,0.0000,0.0000,nan,nan,nan
0.0696,5.6941,-7.2273,0.1201,0.0000,0.0000,nan,nan,nan
0.0805,5.6941,-7.2273,0.1201,0.0000,0.0000,nan,nan,nan
0.0891,5.6941,-7.2273,0.1201,0.0000,0.0000,nan,nan,nan
0.0989,5.6941,-7.2273,0.1201,0.0000,0.0000,nan,nan,nan
0.1088,5.6941,-7.2273,0.1201,0.0000,0.0000,nan,nan,nan
0.1188,5.6941,-7.2273,0.1201,0.0000,0.0000,nan,nan,nan
0.1288,5.6941,-7.2273,0.1201,0.0000,0.0000,nan,nan,nan
0.1388,5.6941,-7.2273,0.1201,0.0000,0.0000,nan,nan,nan
0.1490,5.6941,-7.2273,0.1201,0.0000,0.0000,nan,nan,nan
0.1589,5.6941,-7.2273,0.1201,0.0000,0.0000,nan,nan,nan
0.1689,5.6941,-7.2273,0.1201,0.0000,0.0000,nan,nan,nan
0.1788,5.6941,-7.2273,0.1201,0.0000,0.0000,nan,nan,nan
0.1888,5.6941,-7.2273,0.1201,0.0000,0.0000,nan,nan,nan
0.1988,5.6941,-7.2273,0.1201,0.0000,0.0000,nan,nan,nan
0.2088,5.6941,-7.2273,0.1201,0.0000,0.0000,nan,nan,nan
0.2193,5.6941,-7.2273,0.1201,0.0000,0.0000,nan,nan,nan
0.2286,5.6941,-7.2273,0.1201,0.0000,0.0000,nan,nan,nan
0.2385,5.6941,-7.2273,0.1201,0.0000,0.0000,nan,nan,nan
0.2487,5.6941,-7.2273,0.1201,0.0000,0.0000,nan,nan,nan
0.2593,5.6941,-7.2273,0.1201,0.0000,0.0000,nan,nan,nan
0.2686,5.6941,-7.2273,0.1201,0.0000,0.0000,nan,nan,nan
0.2787,5.6941,-7.2273,0.1201,0.0000,0.0000,nan,nan,nan
0.2910,5.6941,-7.2273,0.1201,0.0000,0.0000,nan,nan,nan
0.3012,5.6941,-7.2273,0.1201,0.0000,0.0000,nan,nan,nan
0.3133,5.6941,-7.2273,0.1201,0.0000,0.0000,nan,nan,nan
0.3188,5.6941,-7.2273,0.1201,0.0000,0.0000,nan,nan,nan
0.3290,5.6941,-7.2273,0.1201,0.0000,0.0000,nan,nan,nan
0.3406,5.6941,-7.2273,0.1201,0.0000,0.0000,nan,nan,nan
0.3490,5.6941,-7.2273,0.1201,0.0000,0.0000,nan,nan,nan
0.3587,5.6941,-7.2273,0.1201,0.0000,0.0000,nan,nan,nan
0.3691,5.6941,-7.2273,0.1201,0.0000,0.0000,nan,nan,nan
0.3789,5.6941,-7.2273,0.1201,0.0000,0.0000,nan,nan,nan
0.3888,5.6941,-7.2273,0.1201,0.0000,0.0000,nan,nan,nan
0.3993,5.6941,-7.2273,0.1201,0.0000,0.0000,nan,nan,nan
0.4089,5.6941,-7.2273,0.1201,0.0000,0.0000,nan,nan,nan
0.4198,5.6941,-7.2273,0.1201,0.0000,0.0000,nan,nan,nan
0.4291,5.6941,-7.2273,0.1201,0.0000,0.0000,nan,nan,nan
0.4402,5.6941,-7.2273,0.1201,0.0000,0.0000,nan,nan,nan
0.4508,5.6941,-7.2273,0.1201,0.0000,0.0000,nan,nan,nan
0.4618,5.6941,-7.2273,0.1201,0.0000,0.0000,nan,nan,nan
0.4772,5.6941,-7.2273,0.1201,0.0000,0.0000,nan,nan,nan
0.4869,5.6941,-7.2273,0.1201,0.0000,0.0000,nan,nan,nan
0.4922,5.6941,-7.2273,0.1201,0.0000,0.0000,nan,nan,nan
0.4990,5.6941,-7.2273,0.1201,0.0000,0.0000,nan,nan,nan
0.5102,5.6941,-7.2273,0.1201,0.0000,0.0000,nan,nan,nan
0.5189,5.6941,-7.2273,0.1201,0.0000,0.0000,nan,nan,nan
0.5290,5.6941,-7.2273,0.1201,0.0000,0.0000,nan,nan,nan
0.5391,5.6941,-7.2273,0.1201,0.0000,0.0000,nan,nan,nan
0.5488,5.6941,-7.2273,0.1201,0.0000,0.0000,nan,nan,nan
0.5619,5.6941,-7.2273,0.1201,0.0000,0.0000,nan,nan,nan
0.5776,5.6941,-7.2273,0.1201,0.0000,0.0000,nan,nan,nan
0.5834,5.6941,-7.2273,0.1201,0.0000,0.0000,nan,nan,nan
0.6491,5.6941,-7.2273,0.1201,0.0000,0.0000,nan,nan,nan
0.6619,5.6941,-7.2273,0.1201,0.0000,0.0000,nan,nan,nan
0.6850,5.6941,-7.2273,0.1201,0.0000,0.0000,nan,nan,nan
0.7168,5.6941,-7.2273,0.1201,0.0000,0.0000,nan,nan,nan
0.7193,5.6941,-7.2273,0.1201,0.0000,0.0000,nan,nan,nan
0.7417,5.6941,-7.2273,0.1201,0.0000,0.0000,nan,nan,nan
0.7594,5.6941,-7.2273,0.1201,0.0000,0.0000,nan,nan,nan
0.7701,5.6941,-7.2273,0.1201,0.0000,0.0000,nan,nan,nan
0.7798,5.6941,-7.2273,0.1201,0.0000,0.0000,nan,nan,nan
0.7888,5.6941,-7.2273,0.1201,0.0000,0.0000,nan,nan,nan
0.7996,5.6941,-7.2273,0.1201,0.0000,0.0000,nan,nan,nan
0.8168,5.6941,-7.2273,0.1201,0.0000,0.0000,nan,nan,nan
0.8214,5.6941,-7.2273,0.1201,0.0000,0.0000,nan,nan,nan
0.8297,5.6941,-7.2273,0.1201,0.0000,0.0000,nan,nan,nan
0.8388,5.6941,-7.2273,0.1201,0.0000,0.0000,nan,nan,nan
0.8489,5.6941,-7.2273,0.1201,0.0000,0.0000,nan,nan,nan
0.8659,5.6941,-7.2273,0.1201,0.0000,0.0000,nan,nan,nan
0.8697,5.6941,-7.2273,0.1201,0.0000,0.0000,nan,nan,nan
0.8974,5.6941,-7.2273,0.1201,0.0000,0.0000,nan,nan,nan
0.8975,5.6941,-7.2273,0.1201,0.0000,0.0000,nan,nan,nan
0.8987,5.6941,-7.2273,0.1201,0.0000,0.0000,nan,nan,nan
0.9101,5.6941,-7.2273,0.1201,0.0000,0.0000,nan,nan,nan
0.9187,5.6941,-7.2273,0.1201,0.0000,0.0000,nan,nan,nan
0.9309,5.6941,-7.2273,0.1201,0.0000,0.0000,nan,nan,nan
0.9416,5.6941,-7.2273,0.1201,0.0000,0.0000,nan,nan,nan
0.9484,5.6941,-7.2273,0.1201,0.0000,0.0000,nan,nan,nan
0.9585,5.6941,-7.2273,0.1201,0.0000,0.0000,nan,nan,nan
0.9709,5.6941,-7.2273,0.1201,0.0000,0.0000,nan,nan,nan
0.9826,5.6941,-7.2273,0.1201,0.0000,0.0000,nan,nan,nan
1.0030,5.6941,-7.2273,0.1201,0.0000,0.0000,nan,nan,nan
1.0033,5.6941,-7.2273,0.1201,0.0000,0.0000,nan,nan,nan
1.0090,5.6941,-7.2273,0.1201,0.0000,0.0000,nan,nan,nan
1.0187,5.6941,-7.2273,0.1201,0.0000,0.0000,nan,nan,nan
1.0287,5.6941,-7.2273,0.1201,0.0000,0.0000,nan,nan,nan
1.0388,5.6941,-7.2273,0.1201,0.0000,0.0000,nan,nan,nan
1.0489,5.6941,-7.2273,0.1201,0.0000,0.0000,nan,nan,nan
1.0636,5.6941,-7.2273,0.1201,0.0000,0.0000,nan,nan,nan
1.0745,5.6941,-7.2273,0.1201,0.0000,0.0000,nan,nan,nan
1.0819,5.6941,-7.2273,0.1201,0.0000,0.0000,nan,nan,nan
1.0896,5.6941,-7.2273,0.1201,0.0000,0.0000,0.8287,nan,nan
1.1071,5.6941,-7.2273,0.1201,0.0000,0.0000,0.8287,nan,nan
1.1095,5.6941,-7.2273,0.1201,0.0000,0.0000,0.8287,nan,nan
1.1193,5.6941,-7.2273,0.1201,0.0000,0.0000,0.8287,nan,nan
1.1301,5.6941,-7.2273,0.1201,0.0000,0.0000,0.8287,nan,nan
1.1426,5.6941,-7.2273,0.1201,0.0000,0.0000,0.8287,nan,nan
1.1496,5.6941,-7.2273,0.1201,0.0000,0.0000,0.8287,nan,nan
1.1621,5.6941,-7.2273,0.1201,0.0000,0.0000,0.8287,nan,nan
1.1709,5.6941,-7.2273,0.1201,0.0000,0.0000,0.8287,nan,nan
1.1818,5.6941,-7.2273,0.1201,0.0000,0.0000,0.8227,nan,nan
1.1896,5.6941,-7.2273,0.1201,0.0000,0.0000,0.8227,nan,nan
1.2027,5.6941,-7.2273,0.1201,0.0000,0.0000,0.8227,nan,nan
1.2137,5.6941,-7.2273,0.1201,0.0000,0.0000,0.8227,nan,nan
1.2236,5.6941,-7.2273,0.1201,0.0000,0.0000,0.8227,nan,nan
1.2297,5.6941,-7.2273,0.1201,0.0000,0.0000,0.8227,nan,nan
1.2395,5.6941,-7.2273,0.1201,0.0000,0.0000,0.8227,nan,nan
1.2497,5.6941,-7.2273,0.1201,0.0000,0.0000,0.8227,nan,nan
1.2610,5.6941,-7.2273,0.1201,0.0000,0.0000,0.8227,nan,nan
1.2695,5.6941,-7.2273,0.1201,0.0000,0.0000,0.8227,nan,nan
1.2789,5.6941,-7.2273,0.1201,0.0000,0.0000,0.8227,nan,nan
1.2887,5.6941,-7.2273,0.1201,0.0000,0.0000,0.8296,nan,nan
1.2988,5.6941,-7.2273,0.1201,0.0000,0.0000,0.8296,nan,nan
1.3087,5.6941,-7.2273,0.1201,0.0000,0.0000,0.8296,nan,nan
1.3188,5.6941,-7.2273,0.1201,0.0000,0.0000,0.8296,nan,nan
1.3288,5.6941,-7.2273,0.1201,0.0000,0.0000,0.8296,nan,nan
1.3389,5.6941,-7.2273,0.1201,0.0000,0.0000,0.8296,nan,nan
1.3497,5.6941,-7.2273,0.1201,0.0000,0.0000,0.8296,nan,nan
1.3588,5.6941,-7.2273,0.1201,0.0000,0.0000,0.8296,nan,nan
1.3702,5.6941,-7.2273,0.1201,0.0000,0.0000,0.8296,nan,nan
1.3789,5.6941,-7.2273,0.1201,0.0000,0.0000,0.8296,nan,nan
1.3892,5.6941,-7.2273,0.1201,0.0000,0.0000,0.8213,nan,nan
1.3988,5.6941,-7.2273,0.1201,0.0000,0.0000,0.8213,nan,nan
1.4088,5.6941,-7.2273,0.1201,0.0000,0.0000,0.8213,nan,nan
1.4193,5.6941,-7.2273,0.1201,0.0000,0.0000,0.8213,nan,nan
1.4295,5.6941,-7.2273,0.1201,0.0000,0.0000,0.8213,nan,nan
1.4389,5.6941,-7.2273,0.1201,0.0000,0.0000,0.8213,nan,nan
1.4487,5.6941,-7.2273,0.1201,0.0000,0.0000,0.8213,nan,nan
1.4591,5.6941,-7.2273,0.1201,0.0000,0.0000,0.8213,nan,nan
1.4691,5.6941,-7.2273,0.1201,0.0000,0.0000,0.8213,nan,nan
1.4793,5.6941,-7.2273,0.1201,0.0000,0.0000,0.8213,nan,nan
1.4895,5.6941,-7.2273,0.1201,0.0000,0.0000,0.8257,nan,nan
1.4992,5.6941,-7.2273,0.1201,0.0000,0.0000,0.8257,nan,nan
1.5090,5.6941,-7.2273,0.1201,0.0000,0.0000,0.8257,nan,nan
1.5192,5.6941,-7.2273,0.1201,0.0000,0.0000,0.8257,nan,nan
1.5291,5.6941,-7.2273,0.1201,0.0000,0.0000,0.8257,nan,nan
1.5393,5.6941,-7.2273,0.1201,0.0000,0.0000,0.8257,nan,nan
1.5499,5.6941,-7.2273,0.1201,0.0000,0.0000,0.8257,nan,nan
1.5597,5.6941,-7.2273,0.1201,0.0000,0.0000,0.8257,nan,nan
1.6260,5.6941,-7.2273,0.1201,0.0000,0.0000,0.8292,nan,nan
1.6318,5.6941,-7.2273,0.1201,0.0000,0.0000,0.8292,nan,nan
1.6475,5.6941,-7.2273,0.1201,0.0000,0.0000,0.8292,nan,nan
1.6488,5.6941,-7.2273,0.1201,0.0000,0.0000,0.8292,nan,nan
1.6623,5.6941,-7.2273,0.1201,0.0000,0.0000,0.8292,nan,nan
1.6693,5.6941,-7.2273,0.1201,0.0000,0.0000,0.8292,nan,nan
1.6792,5.6941,-7.2273,0.1201,0.0000,0.0000,0.8256,nan,nan
1.6886,5.6941,-7.2273,0.1201,0.0000,0.0000,0.8256,nan,nan
1.7062,5.6941,-7.2273,0.1201,0.0000,0.0000,0.8256,nan,nan
1.7110,5.6941,-7.2273,0.1201,0.0000,0.0000,0.8256,nan,nan
1.7202,5.6941,-7.2273,0.1201,0.0000,0.0000,0.8256,nan,nan
1.7305,5.6941,-7.2273,0.1201,0.0000,0.0000,0.8256,nan,nan
1.7386,5.6941,-7.2273,0.1201,0.0000,0.0000,0.8256,nan,nan
1.7489,5.6941,-7.2273,0.1201,0.0000,0.0000,0.8256,nan,nan
1.7587,5.6941,-7.2273,0.1201,0.0000,0.0000,0.8256,nan,nan
1.7695,5.6941,-7.2273,0.1201,0.0000,0.0000,0.8256,nan,nan
1.7791,5.6941,-7.2273,0.1201,0.0000,0.0000,0.8256,nan,nan
1.7905,5.6941,-7.2273,0.1201,0.0000,0.0000,0.8310,nan,nan
1.7985,5.6941,-7.2273,0.1201,0.0000,0.0000,0.8310,nan,nan
1.8088,5.6941,-7.2273,0.1201,0.0000,0.0000,0.8310,nan,nan
1.8193,5.6941,-7.2273,0.1201,0.0000,0.0000,0.8310,nan,nan
1.8296,5.6941,-7.2273,0.1201,0.0000,0.0000,0.8310,nan,nan
1.8387,5.6941,-7.2273,0.1201,0.0000,0.0000,0.8310,nan,nan
1.8486,5.6941,-7.2273,0.1201,0.0000,0.0000,0.8310,nan,nan
1.8590,5.6941,-7.2273,0.1201,0.0000,0.0000,0.8310,nan,nan
1.8690,5.6941,-7.2273,0.1201,0.0000,0.0000,0.8310,nan,nan
1.8792,5.6941,-7.2273,0.1201,0.0000,0.0000,0.8310,nan,nan
1.8899,5.6941,-7.2273,0.1201,0.0000,0.0000,0.8317,nan,nan
1.9018,5.6941,-7.2273,0.1201,0.0000,0.0000,0.8317,nan,nan
1.9093,5.6941,-7.2273,0.1201,0.0000,0.0000,0.8317,nan,nan
1.9187,5.6941,-7.2273,0.1201,0.0000,0.0000,0.8317,nan,nan
1.9291,5.6941,-7.2273,0.1201,0.0000,0.0000,0.8317,nan,nan
1.9402,5.6941,-7.2273,0.1201,0.0000,0.0000,0.8317,nan,nan
1.9506,5.6941,-7.2273,0.1201,0.0000,0.0000,0.8317,nan,nan
1.9596,5.6941,-7.2273,0.1201,0.0000,0.0000,0.8317,nan,nan
1.9723,5.6941,-7.2273,0.1201,0.0000,0.0000,0.8317,nan,nan
1.9798,5.6941,-7.2273,0.1201,0.0000,0.0000,0.8317,nan,nan
1.9892,5.6941,-7.2273,0.1201,0.0000,0.0000,0.8290,nan,nan
2.0018,5.6941,-7.2273,0.1201,0.0000,0.0000,0.8290,nan,nan
2.0098,5.6941,-7.2273,0.1201,0.0000,0.0000,0.8290,nan,nan
2.0194,5.6941,-7.2273,0.1201,0.0000,0.0000,0.8290,nan,nan
2.0296,5.6941,-7.2273,0.1201,0.0000,0.0000,0.8290,nan,nan
2.0391,5.6941,-7.2273,0.1201,0.0000,0.0000,0.8290,nan,nan
2.0496,5.6941,-7.2273,0.1201,0.0000,0.0000,0.8290,nan,nan
2.0613,5.6941,-7.2273,0.1201,0.0000,0.0000,0.8290,nan,nan
2.0692,5.6941,-7.2273,0.1201,0.0000,0.0000,0.8290,nan,nan
2.0797,5.6941,-7.2273,0.1201,0.0000,0.0000,0.8290,nan,nan
2.0904,5.6941,-7.2273,0.1201,0.0000,0.0000,0.8270,nan,nan
2.0995,5.6941,-7.2273,0.1201,0.0000,0.0000,0.8270,nan,nan
2.1092,5.6941,-7.2273,0.1201,0.0000,0.0000,0.8270,nan,nan
2.1199,5.6941,-7.2273,0.1201,0.0000,0.0000,0.8270,nan,nan
2.1290,5.6941,-7.2273,0.1201,0.0000,0.0000,0.8270,nan,nan
2.1392,5.6941,-7.2273,0.1201,0.0000,0.0000,0.8270,nan,nan
2.1491,5.6941,-7.2273,0.1201,0.0000,0.0000,0.8270,nan,nan
2.1596,5.6941,-7.2273,0.1201,0.0000,0.0000,0.8270,nan,nan
2.1691,5.6941,-7.2273,0.1201,0.0000,0.0000,0.8270,nan,nan
2.1801,5.6941,-7.2273,0.1201,0.0000,0.0000,0.8270,nan,nan
2.1893,5.6941,-7.2273,0.1201,0.0000,0.0000,0.8260,nan,nan
2.1993,5.6941,-7.2273,0.1201,0.0000,0.0000,0.8260,nan,nan
2.2093,5.6941,-7.2273,0.1201,0.0000,0.0000,0.8260,nan,nan
2.2201,5.6941,-7.2273,0.1201,0.0000,0.0000,0.8260,nan,nan
2.2296,5.6941,-7.2273,0.1201,0.0000,0.0000,0.8260,nan,nan
2.2395,5.6941,-7.2273,0.1201,0.0000,0.0000,0.8260,nan,nan
2.2490,5.6941,-7.2273,0.1201,0.0000,0.0000,0.8260,nan,nan
2.2600,5.6941,-7.2273,0.1201,0.0000,0.0000,0.8260,nan,nan
2.2694,5.6941,-7.2273,0.1201,0.0000,0.0000,0.8260,nan,nan
2.2793,5.6941,-7.2273,0.1201,0.0000,0.0000,0.8223,nan,nan
2.2921,5.6941,-7.2273,0.1201,0.0000,0.0000,0.8223,nan,nan
2.2987,5.6941,-7.2273,0.1201,0.0000,0.0000,0.8223,nan,nan
2.3093,5.6941,-7.2273,0.1201,0.0000,0.0000,0.8223,nan,nan
2.3189,5.6941,-7.2273,0.1201,0.0000,0.0000,0.8223,nan,nan
2.3293,5.6941,-7.2273,0.1201,0.0000,0.0000,0.8223,nan,nan
2.3389,5.6941,-7.2273,0.1201,0.0000,0.0000,0.8223,nan,nan
2.3496,5.6941,-7.2273,0.1201,0.0000,0.0000,0.8223,nan,nan
2.3591,5.6941,-7.2273,0.1201,0.0000,0.0000,0.8223,nan,nan
2.3693,5.6941,-7.2273,0.1201,0.0000,0.0000,0.8223,nan,nan
2.3827,5.6941,-7.2273,0.1201,0.0000,0.0000,0.8276,nan,nan
2.3910,5.6941,-7.2273,0.1201,0.0000,0.0000,0.8276,nan,nan
2.3989,5.6941,-7.2273,0.1201,0.0000,0.0000,0.8276,nan,nan
2.4093,5.6941,-7.2273,0.1201,0.0000,0.0000,0.8276,nan,nan
2.4191,5.6941,-7.2273,0.1201,0.0000,0.0000,0.8276,nan,nan
2.4294,5.6941,-7.2273,0.1201,0.0000,0.0000,0.8276,nan,nan
2.4392,5.6941,-7.2273,0.1201,0.0000,0.0000,0.8276,nan,nan
2.4497,5.6941,-7.2273,0.1201,0.0000,0.0000,0.8276,nan,nan
2.4596,5.6941,-7.2273,0.1201,0.0000,0.0000,0.8276,nan,nan
2.4693,5.6941,-7.2273,0.1201,0.0000,0.0000,0.8276,nan,nan
2.4794,5.6941,-7.2273,0.1201,0.0000,0.0000,0.8282,nan,nan
2.4920,5.6941,-7.2273,0.1201,0.0000,0.0000,0.8282,nan,nan
2.5030,5.6941,-7.2273,0.1201,0.0000,0.0000,0.8282,nan,nan
2.5090,5.6941,-7.2273,0.1201,0.0000,0.0000,0.8282,nan,nan
2.5200,5.6941,-7.2273,0.1201,0.0000,0.0000,0.8282,nan,nan
2.5288,5.6941,-7.2273,0.1201,0.0000,0.0000,0.8282,nan,nan
2.5391,5.6941,-7.2273,0.1201,0.0000,0.0000,0.8282,nan,nan
2.5494,5.6941,-7.2273,0.1201,0.0000,0.0000,0.8282,nan,nan
2.5610,5.6941,-7.2273,0.1201,0.0000,0.0000,0.8282,nan,nan
2.5701,5.6941,-7.2273,0.1201,0.0000,0.0000,0.8282,nan,nan
2.5816,5.6941,-7.2273,0.1201,0.0000,0.0000,0.8313,nan,nan
2.5897,5.6941,-7.2273,0.1201,0.0000,0.0000,0.8313,nan,nan
2.5990,5.6941,-7.2273,0.1201,0.0000,0.0000,0.8313,nan,nan
2.6087,5.6941,-7.2273,0.1201,0.0000,0.0000,0.8313,nan,nan
2.6191,5.6941,-7.2273,0.1201,0.0000,0.0000,0.8313,nan,nan
2.6327,5.6941,-7.2273,0.1201,0.0000,0.0000,0.8313,nan,nan
2.6398,5.6941,-7.2273,0.1201,0.0000,0.0000,0.8313,nan,nan
2.6486,5.6941,-7.2273,0.1201,0.0000,0.0000,0.8313,nan,nan
2.6587,5.6941,-7.2273,0.1201,0.0000,0.0000,0.8313,nan,nan
2.6691,5.6941,-7.2273,0.1201,0.0000,0.0000,0.8313,nan,nan
2.6798,5.6941,-7.2273,0.1201,0.0000,0.0000,0.8266,nan,nan
2.6898,5.6941,-7.2273,0.1201,0.0000,0.0000,0.8266,nan,nan
2.6994,5.6941,-7.2273,0.1201,0.0000,0.0000,0.8266,nan,nan
2.7094,5.6941,-7.2273,0.1201,0.0000,0.0000,0.8266,nan,nan
2.7198,5.6941,-7.2273,0.1201,0.0000,0.0000,0.8266,nan,nan
2.7293,5.6941,-7.2273,0.1201,0.0000,0.0000,0.8266,nan,nan
2.7393,5.6941,-7.2273,0.1201,0.0000,0.0000,0.8266,nan,nan
2.7516,5.6941,-7.2273,0.1201,0.0000,0.0000,0.8266,nan,nan
2.7616,5.6941,-7.2273,0.1201,0.0000,0.0000,0.8266,nan,nan
2.7696,5.6941,-7.2273,0.1201,0.0000,0.0000,0.8266,nan,nan
2.7808,5.6941,-7.2273,0.1201,0.0000,0.0000,0.8266,nan,nan
2.7896,5.6941,-7.2273,0.1201,0.0000,0.0000,0.8266,nan,nan
2.7988,5.6941,-7.2273,0.1201,0.0000,0.0000,0.8266,nan,nan
2.8096,5.6941,-7.2273,0.1201,0.0000,0.0000,0.8266,nan,nan
2.8195,5.6941,-7.2273,0.1201,0.0000,0.0000,0.8266,nan,nan
2.8293,5.6941,-7.2273,0.1201,0.0000,0.0000,0.8266,nan,nan
2.8387,5.6941,-7.2273,0.1201,0.0000,0.0000,0.8266,nan,nan
2.8516,5.6941,-7.2273,0.1201,0.0000,0.0000,0.8266,nan,nan
2.8631,5.6941,-7.2273,0.1201,0.0000,0.0000,0.8266,nan,nan
2.8687,5.6941,-7.2273,0.1201,0.0000,0.0000,0.8266,nan,nan
2.8793,5.6941,-7.2273,0.1201,0.0000,0.0000,0.8277,nan,nan
2.8914,5.6941,-7.2273,0.1201,0.0000,0.0000,0.8277,nan,nan
2.9005,5.6941,-7.2273,0.1201,0.0000,0.0000,0.8277,nan,nan
2.9093,5.6941,-7.2273,0.1201,0.0000,0.0000,0.8277,nan,nan
2.9191,5.6941,-7.2273,0.1201,0.0000,0.0000,0.8277,nan,nan
2.9296,5.6941,-7.2273,0.1201,0.0000,0.0000,0.8277,nan,nan
2.9394,5.6941,-7.2273,0.1201,0.0000,0.0000,0.8277,nan,nan
2.9493,5.6941,-7.2273,0.1201,0.0000,0.0000,0.8277,nan,nan
2.9594,5.6941,-7.2273,0.1201,0.0000,0.0000,0.8277,nan,nan
2.9693,5.6941,-7.2273,0.1201,0.0000,0.0000,0.8277,nan,nan
2.9825,5.6941,-7.2273,0.1201,0.0000,0.0000,0.8241,nan,nan
2.9888,5.6941,-7.2273,0.1201,0.0000,0.0000,0.8241,nan,nan
2.9989,5.6941,-7.2273,0.1201,0.0000,0.0000,0.8241,nan,nan
3.0090,5.6941,-7.2273,0.1201,0.0000,0.0000,0.8241,nan,nan
3.0193,5.6941,-7.2273,0.1201,0.0000,0.0000,0.8241,nan,nan
3.0292,5.6941,-7.2273,0.1201,0.0000,0.0000,0.8241,nan,nan
3.0390,5.6941,-7.2273,0.1201,0.0000,0.0000,0.8241,nan,nan
3.0491,5.6941,-7.2273,0.1201,0.0000,0.0000,0.8241,nan,nan
3.0593,5.6941,-7.2273,0.1201,0.0000,0.0000,0.8241,nan,nan
3.0718,5.6941,-7.2273,0.1201,0.0000,0.0000,0.8241,nan,nan
3.0814,5.6941,-7.2273,0.1201,0.0000,0.0000,0.8303,nan,nan
3.0909,5.6941,-7.2273,0.1201,0.0000,0.0000,0.8303,nan,nan
3.0989,5.6941,-7.2273,0.1201,0.0000,0.0000,0.8303,nan,nan
3.1091,5.6941,-7.2273,0.1201,0.0000,0.0000,0.8303,nan,nan
3.1196,5.6941,-7.2273,0.1201,0.0000,0.0000,0.8303,nan,nan
3.1294,5.6941,-7.2273,0.1201,0.0000,0.0000,0.8303,nan,nan
3.1393,5.6941,-7.2273,0.1201,0.0000,0.0000,0.8303,nan,nan
3.1493,5.6941,-7.2273,0.1201,0.0000,0.0000,0.8303,nan,nan
3.1592,5.6941,-7.2273,0.1201,0.0000,0.0000,0.8303,nan,nan
3.1692,5.6941,-7.2273,0.1201,0.0000,0.0000,0.8303,nan,nan
3.1815,5.6941,-7.2273,0.1201,0.0000,0.0000,0.8304,nan,nan
3.1891,5.6941,-7.2273,0.1201,0.0000,0.0000,0.8304,nan,nan
3.1992,5.6941,-7.2273,0.1201,0.0000,0.0000,0.8304,nan,nan
3.2095,5.6941,-7.2273,0.1201,0.0000,0.0000,0.8304,nan,nan
3.2192,5.6941,-7.2273,0.1201,0.0000,0.0000,0.8304,nan,nan
3.2298,5.6941,-7.2273,0.1201,0.0000,0.0000,0.8304,nan,nan
3.2403,5.6941,-7.2273,0.1201,0.0000,0.0000,0.8304,nan,nan
3.2495,5.6941,-7.2273,0.1201,0.0000,0.0000,0.8304,nan,nan
3.2597,5.6941,-7.2273,0.1201,0.0000,0.0000,0.8304,nan,nan
3.2695,5.6941,-7.2273,0.1201,0.0000,0.0000,0.8304,nan,nan
3.2788,5.6941,-7.2273,0.1201,0.0000,0.0000,0.8304,nan,nan
3.2893,5.6941,-7.2273,0.1201,0.0000,0.0000,0.8299,nan,nan
3.3005,5.6941,-7.2273,0.1201,0.0000,0.0000,0.8299,nan,nan
3.3106,5.6941,-7.2273,0.1201,0.0000,0.0000,0.8299,nan,nan
3.3196,5.6941,-7.2273,0.1201,0.0000,0.0000,0.8299,nan,nan
3.3297,5.6941,-7.2273,0.1201,0.0000,0.0000,0.8299,nan,nan
3.3396,5.6941,-7.2273,0.1201,0.0000,0.0000,0.8299,nan,nan
3.3490,5.6941,-7.2273,0.1201,0.0000,0.0000,0.8299,nan,nan
3.3589,5.6941,-7.2273,0.1201,0.0000,0.0000,0.8299,nan,nan
3.3690,5.6941,-7.2273,0.1201,0.0000,0.0000,0.8299,nan,nan
3.3809,5.6941,-7.2273,0.1201,0.0000,0.0000,0.8268,nan,nan
3.3915,5.6941,-7.2273,0.1201,0.0000,0.0000,0.8268,nan,nan
3.3990,5.6941,-7.2273,0.1201,0.0000,0.0000,0.8268,nan,nan
3.4091,5.6941,-7.2273,0.1201,0.0000,0.0000,0.8268,nan,nan
3.4201,5.6941,-7.2273,0.1201,0.0000,0.0000,0.8268,nan,nan
3.4293,5.6941,-7.2273,0.1201,0.0000,0.0000,0.8268,nan,nan
3.4398,5.6941,-7.2273,0.1201,0.0000,0.0000,0.8268,nan,nan
3.4493,5.6941,-7.2273,0.1201,0.0000,0.0000,0.8268,nan,nan
3.4593,5.6941,-7.2273,0.1201,0.0000,0.0000,0.8268,nan,nan
3.4691,5.6941,-7.2273,0.1201,0.0000,0.0000,0.8268,nan,nan
3.4798,5.6941,-7.2273,0.1201,0.0000,0.0000,0.8290,nan,nan
3.4898,5.6941,-7.2273,0.1201,0.0000,0.0000,0.8290,nan,nan
3.5010,5.6941,-7.2273,0.1201,0.0000,0.0000,0.8290,nan,nan
3.5095,5.6941,-7.2273,0.1201,0.0000,0.0000,0.8290,nan,nan
3.5187,5.6941,-7.2273,0.1201,0.0000,0.0000,0.8290,nan,nan
3.5297,5.6941,-7.2273,0.1201,0.0000,0.0000,0.8290,nan,nan
3.5392,5.6941,-7.2273,0.1201,0.0000,0.0000,0.8290,nan,nan
3.5491,5.6941,-7.2273,0.1201,0.0000,0.0000,0.8290,nan,nan
3.5593,5.6941,-7.2273,0.1201,0.0000,0.0000,0.8290,nan,nan
3.5696,5.6941,-7.2273,0.1201,0.0000,0.0000,0.8290,nan,nan
3.5794,5.6941,-7.2273,0.1201,0.0000,0.0000,0.8297,nan,nan
3.5893,5.6941,-7.2273,0.1201,0.0000,0.0000,0.8297,nan,nan
3.5996,5.6941,-7.2273,0.1201,0.0000,0.0000,0.8297,nan,nan
3.6105,5.6941,-7.2273,0.1201,0.0000,0.0000,0.8297,nan,nan
3.6198,5.6941,-7.2273,0.1201,0.0000,0.0000,0.8297,nan,nan
3.6292,5.6941,-7.2273,0.1201,0.0000,0.0000,0.8297,nan,nan
3.6390,5.6941,-7.2273,0.1201,0.0000,0.0000,0.8297,nan,nan
3.6490,5.6941,-7.2273,0.1201,0.0000,0.0000,0.8297,nan,nan
3.6602,5.6941,-7.2273,0.1201,0.0000,0.0000,0.8297,nan,nan
3.6689,5.6941,-7.2273,0.1201,0.0000,0.0000,0.8297,nan,nan
3.6791,5.6941,-7.2273,0.1201,0.0000,0.0000,0.8276,nan,nan
3.6888,5.6941,-7.2273,0.1201,0.0000,0.0000,0.8276,nan,nan
3.6991,5.6941,-7.2273,0.1201,0.0000,0.0000,0.8276,nan,nan
3.7093,5.6941,-7.2273,0.1201,0.0000,0.0000,0.8276,nan,nan
3.7192,5.6941,-7.2273,0.1201,0.0000,0.0000,0.8276,nan,nan
3.7294,5.6941,-7.2273,0.1201,0.0000,0.0000,0.8276,nan,nan
3.7395,5.6941,-7.2273,0.1201,0.0000,0.0000,0.8276,nan,nan
3.7497,5.6941,-7.2273,0.1201,0.0000,0.0000,0.8276,nan,nan
3.7603,5.6941,-7.2273,0.1201,0.0000,0.0000,0.8276,nan,nan
3.7693,5.6941,-7.2273,0.1201,0.0000,0.0000,0.8276,nan,nan
3.7800,5.6941,-7.2273,0.1201,0.0000,0.0000,0.8243,nan,nan
3.7893,5.6941,-7.2273,0.1201,0.0000,0.0000,0.8243,nan,nan
3.7988,5.6941,-7.2273,0.1201,0.0000,0.0000,0.8243,nan,nan
3.8090,5.6941,-7.2273,0.1201,0.0000,0.0000,0.8243,nan,nan
3.8193,5.6941,-7.2273,0.1201,0.0000,0.0000,0.8243,nan,nan
3.8294,5.6941,-7.2273,0.1201,0.0000,0.0000,0.8243,nan,nan
3.8394,5.6941,-7.2273,0.1201,0.0000,0.0000,0.8243,nan,nan
3.8493,5.6941,-7.2273,0.1201,0.0000,0.0000,0.8243,nan,nan
3.8594,5.6941,-7.2273,0.1201,0.0000,0.0000,0.8243,nan,nan
3.8692,5.6941,-7.2273,0.1201,0.0000,0.0000,0.8243,nan,nan
3.8796,5.6941,-7.2273,0.1201,0.0000,0.0000,0.8313,nan,nan
3.8894,5.6941,-7.2273,0.1201,0.0000,0.0000,0.8313,nan,nan
3.8999,5.6941,-7.2273,0.1201,0.0000,0.0000,0.8313,nan,nan
3.9093,5.6941,-7.2273,0.1201,0.0000,0.0000,0.8313,nan,nan
3.9204,5.6941,-7.2273,0.1201,0.0000,0.0000,0.8313,nan,nan
3.9300,5.6941,-7.2273,0.1201,0.0000,0.0000,0.8313,nan,nan
3.9391,5.6941,-7.2273,0.1201,0.0000,0.0000,0.8313,nan,nan
3.9494,5.6941,-7.2273,0.1201,0.0000,0.0000,0.8313,nan,nan
3.9600,5.6941,-7.2273,0.1201,0.0000,0.0000,0.8313,nan,nan
3.9725,5.6941,-7.2273,0.1201,0.0000,0.0000,0.8313,nan,nan
3.9794,5.6941,-7.2273,0.1201,0.0000,0.0000,0.8316,nan,nan
3.9894,5.6941,-7.2273,0.1201,0.0000,0.0000,0.8316,nan,nan
3.9994,5.6941,-7.2273,0.1201,0.0000,0.0000,0.8316,nan,nan
4.0092,5.6941,-7.2273,0.1201,0.0000,0.0000,0.8316,nan,nan
4.0190,5.6941,-7.2273,0.1201,0.0000,0.0000,0.8316,nan,nan
4.0301,5.6941,-7.2273,0.1201,0.0000,0.0000,0.8316,nan,nan
4.0393,5.6941,-7.2273,0.1201,0.0000,0.0000,0.8316,nan,nan
4.0497,5.6941,-7.2273,0.1201,0.0000,0.0000,0.8316,nan,nan
4.0600,5.6941,-7.2273,0.1201,0.0000,0.0000,0.8316,nan,nan
4.0687,5.6941,-7.2273,0.1201,0.0000,0.0000,0.8316,nan,nan
4.0799,5.6941,-7.2273,0.1201,0.0000,0.0000,0.8280,nan,nan
4.0905,5.6941,-7.2273,0.1201,0.0000,0.0000,0.8280,nan,nan
4.1039,5.6941,-7.2273,0.1201,0.0000,0.0000,0.8280,nan,nan
4.1102,5.6941,-7.2273,0.1201,0.0000,0.0000,0.8280,nan,nan
4.1193,5.6941,-7.2273,0.1201,0.0000,0.0000,0.8280,nan,nan
4.1295,5.6941,-7.2273,0.1201,0.0000,0.0000,0.8280,nan,nan
4.1394,5.6941,-7.2273,0.1201,0.0000,0.0000,0.8280,nan,nan
4.1494,5.6941,-7.2273,0.1201,0.0000,0.0000,0.8280,nan,nan
4.1593,5.6941,-7.2273,0.1201,0.0000,0.0000,0.8280,nan,nan
4.1691,5.6941,-7.2273,0.1201,0.0000,0.0000,0.8280,nan,nan
4.1800,5.6941,-7.2273,0.1201,0.0000,0.0000,0.8260,nan,nan
4.1893,5.6941,-7.2273,0.1201,0.0000,0.0000,0.8260,nan,nan
4.2002,5.6941,-7.2273,0.1201,0.0000,0.0000,0.8260,nan,nan
4.2090,5.6941,-7.2273,0.1201,0.0000,0.0000,0.8260,nan,nan
4.2208,5.6941,-7.2273,0.1201,0.0000,0.0000,0.8260,nan,nan
4.2294,5.6941,-7.2273,0.1201,0.0000,0.0000,0.8260,nan,nan
4.2393,5.6941,-7.2273,0.1201,0.0000,0.0000,0.8260,nan,nan
4.2494,5.6941,-7.2273,0.1201,0.0000,0.0000,0.8260,nan,nan
4.2599,5.6941,-7.2273,0.1201,0.0000,0.0000,0.8260,nan,nan
4.2692,5.6941,-7.2273,0.1201,0.0000,0.0000,0.8260,nan,nan
4.2791,5.6941,-7.2273,0.1201,0.0000,0.0000,0.8233,nan,nan
4.2906,5.6941,-7.2273,0.1201,0.0000,0.0000,0.8233,nan,nan
4.2997,5.6941,-7.2273,0.1201,0.0000,0.0000,0.8233,nan,nan
4.3090,5.6941,-7.2273,0.1201,0.0000,0.0000,0.8233,nan,nan
4.3191,5.6941,-7.2273,0.1201,0.0000,0.0000,0.8233,nan,nan
4.3308,5.6941,-7.2273,0.1201,0.0000,0.0000,0.8233,nan,nan
4.3394,5.6941,-7.2273,0.1201,0.0000,0.0000,0.8233,nan,nan
4.3493,5.6941,-7.2273,0.1201,0.0000,0.0000,0.8233,nan,nan
4.3594,5.6941,-7.2273,0.1201,0.0000,0.0000,0.8233,nan,nan
4.3691,5.6941,-7.2273,0.1201,0.0000,0.0000,0.8233,nan,nan
4.3793,5.6941,-7.2273,0.1201,0.0000,0.0000,0.8286,nan,nan
4.3895,5.6941,-7.2273,0.1201,0.0000,0.0000,0.8286,nan,nan
4.3992,5.6941,-7.2273,0.1201,0.0000,0.0000,0.8286,nan,nan
4.4086,5.6941,-7.2273,0.1201,0.0000,0.0000,0.8286,nan,nan
4.4190,5.6941,-7.2273,0.1201,0.0000,0.0000,0.8286,nan,nan
4.4292,5.6941,-7.2273,0.1201,0.0000,0.0000,0.8286,nan,nan
4.4418,5.6941,-7.2273,0.1201,0.0000,0.0000,0.8286,nan,nan
4.4506,5.6941,-7.2273,0.1201,0.0000,0.0000,0.8286,nan,nan
4.4595,5.6941,-7.2273,0.1201,0.0000,0.0000,0.8286,nan,nan
4.4695,5.6941,-7.2273,0.1201,0.0000,0.0000,0.8286,nan,nan
4.4807,5.6941,-7.2273,0.1201,0.0000,0.0000,0.8302,nan,nan
4.4901,5.6941,-7.2273,0.1201,0.0000,0.0000,0.8302,nan,nan
4.4993,5.6941,-7.2273,0.1201,0.0000,0.0000,0.8302,nan,nan
4.5098,5.6941,-7.2273,0.1201,0.0000,0.0000,0.8302,nan,nan
4.5194,5.6941,-7.2273,0.1201,0.0000,0.0000,0.8302,nan,nan
4.5303,5.6941,-7.2273,0.1201,0.0000,0.0000,0.8302,nan,nan
4.5392,5.6941,-7.2273,0.1201,0.0000,0.0000,0.8302,nan,nan
4.5492,5.6941,-7.2273,0.1201,0.0000,0.0000,0.8302,nan,nan
4.5591,5.6941,-7.2273,0.1201,0.0000,0.0000,0.8302,nan,nan
4.5708,5.6941,-7.2273,0.1201,0.0000,0.0000,0.8302,nan,nan
4.5796,5.6941,-7.2273,0.1201,0.0000,0.0000,0.8287,nan,nan
4.5894,5.6941,-7.2273,0.1201,0.0000,0.0000,0.8287,nan,nan
4.5990,5.6941,-7.2273,0.1201,0.0000,0.0000,0.8287,nan,nan
4.6093,5.6941,-7.2273,0.1201,0.0000,0.0000,0.8287,nan,nan
4.6192,5.6941,-7.2273,0.1201,0.0000,0.0000,0.8287,nan,nan
4.6304,5.6941,-7.2273,0.1201,0.0000,0.0000,0.8287,nan,nan
4.6393,5.6941,-7.2273,0.1201,0.0000,0.0000,0.8287,nan,nan
4.6493,5.6941,-7.2273,0.1201,0.0000,0.0000,0.8287,nan,nan
4.6592,5.6941,-7.2273,0.1201,0.0000,0.0000,0.8287,nan,nan
4.6689,5.6941,-7.2273,0.1201,0.0000,0.0000,0.8287,nan,nan
4.6797,5.6941,-7.2273,0.1201,0.0000,0.0000,0.8247,nan,nan
4.6887,5.6941,-7.2273,0.1201,0.0000,0.0000,0.8247,nan,nan
4.6992,5.6941,-7.2273,0.1201,0.0000,0.0000,0.8247,nan,nan
4.7093,5.6941,-7.2273,0.1201,0.0000,0.0000,0.8247,nan,nan
4.7196,5.6941,-7.2273,0.1201,0.0000,0.0000,0.8247,nan,nan
4.7296,5.6941,-7.2273,0.1201,0.0000,0.0000,0.8247,nan,nan
4.7397,5.6941,-7.2273,0.1201,0.0000,0.0000,0.8247,nan,nan
4.7494,5.6941,-7.2273,0.1201,0.0000,0.0000,0.8247,nan,nan
4.7593,5.6941,-7.2273,0.1201,0.0000,0.0000,0.8247,nan,nan
4.7714,5.6941,-7.2273,0.1201,0.0000,0.0000,0.8247,nan,nan
4.7797,5.6941,-7.2273,0.1201,0.0000,0.0000,0.8307,nan,nan
4.7897,5.6941,-7.2273,0.1201,0.0000,0.0000,0.8307,nan,nan
4.7992,5.6941,-7.2273,0.1201,0.0000,0.0000,0.8307,nan,nan
4.8091,5.6941,-7.2273,0.1201,0.0000,0.0000,0.8307,nan,nan
4.8192,5.6941,-7.2273,0.1201,0.0000,0.0000,0.8307,nan,nan
4.8288,5.6941,-7.2273,0.1201,0.0000,0.0000,0.8307,nan,nan
4.8417,5.6941,-7.2273,0.1201,0.0000,0.0000,0.8307,nan,nan
4.8492,5.6941,-7.2273,0.1201,0.0000,0.0000,0.8307,nan,nan
4.8593,5.6941,-7.2273,0.1201,0.0000,0.0000,0.8307,nan,nan
4.8725,5.6941,-7.2273,0.1201,0.0000,0.0000,0.8307,nan,nan
4.8793,5.6941,-7.2273,0.1201,0.0000,0.0000,0.8233,nan,nan
4.8906,5.6941,-7.2273,0.1201,0.0000,0.0000,0.8233,nan,nan
4.9029,5.6941,-7.2273,0.1201,0.0000,0.0000,0.8233,nan,nan
4.9092,5.6941,-7.2273,0.1201,0.0000,0.0000,0.8233,nan,nan
4.9198,5.6941,-7.2273,0.1201,0.0000,0.0000,0.8233,nan,nan
4.9291,5.6941,-7.2273,0.1201,0.0000,0.0000,0.8233,nan,nan
4.9393,5.6941,-7.2273,0.1201,0.0000,0.0000,0.8233,nan,nan
4.9509,5.6941,-7.2273,0.1201,0.0000,0.0000,0.8233,nan,nan
4.9592,5.6941,-7.2273,0.1201,0.0000,0.0000,0.8233,nan,nan
4.9701,5.6941,-7.2273,0.1201,0.0000,0.0000,0.8233,nan,nan
4.9812,5.6941,-7.2273,0.1201,0.0000,0.0000,0.8323,nan,nan
4.9888,5.6941,-7.2273,0.1201,0.0000,0.0000,0.8323,nan,nan
4.9989,5.6941,-7.2273,0.1201,0.0000,0.0000,0.8323,nan,nan
5.0087,5.6941,-7.2273,0.1201,0.0000,0.0000,0.8323,nan,nan
5.0201,5.6941,-7.2273,0.1201,0.0000,0.0000,0.8323,nan,nan
5.0299,5.6941,-7.2273,0.1201,0.0000,0.0000,0.8323,nan,nan
5.0395,5.6941,-7.2273,0.1201,0.0000,0.0000,0.8323,nan,nan
5.0490,5.6941,-7.2273,0.1201,0.0000,0.0000,0.8323,nan,nan
5.0602,5.6941,-7.2273,0.1201,0.0000,0.0000,0.8323,nan,nan
5.0693,5.6941,-7.2273,0.1201,0.0000,0.0000,0.8323,nan,nan
5.0797,5.6941,-7.2273,0.1201,0.0000,0.0000,0.8247,nan,nan
5.0903,5.6941,-7.2273,0.1201,0.0000,0.0000,0.8247,nan,nan
5.1105,5.6941,-7.2273,0.1201,0.0000,0.0000,0.8247,nan,nan
5.1192,5.6941,-7.2273,0.1201,0.0000,0.0000,0.8247,nan,nan
5.1294,5.6941,-7.2273,0.1201,0.0000,0.0000,0.8247,nan,nan
5.1393,5.6941,-7.2273,0.1201,0.0000,0.0000,0.8247,nan,nan
5.1497,5.6941,-7.2273,0.1201,0.0000,0.0000,0.8247,nan,nan
5.1609,5.6941,-7.2273,0.1201,0.0000,0.0000,0.8247,nan,nan
5.1693,5.6941,-7.2273,0.1201,0.0000,0.0000,0.8247,nan,nan
5.1799,5.6941,-7.2273,0.1201,0.0000,0.0000,0.8241,nan,nan
5.1892,5.6941,-7.2273,0.1201,0.0000,0.0000,0.8241,nan,nan
5.1993,5.6941,-7.2273,0.1201,0.0000,0.0000,0.8241,nan,nan
5.2103,5.6941,-7.2273,0.1201,0.0000,0.0000,0.8241,nan,nan
5.2193,5.6941,-7.2273,0.1201,0.0000,0.0000,0.8241,nan,nan
5.2292,5.6941,-7.2273,0.1201,0.0000,0.0000,0.8241,nan,nan
5.2394,5.6941,-7.2273,0.1201,0.0000,0.0000,0.8241,nan,nan
5.2516,5.6941,-7.2273,0.1201,0.0000,0.0000,0.8241,nan,nan
5.2620,5.6941,-7.2273,0.1201,0.0000,0.0000,0.8241,nan,nan
5.2704,5.6941,-7.2273,0.1201,0.0000,0.0000,0.8241,nan,nan
5.2792,5.6941,-7.2273,0.1201,0.0000,0.0000,0.8217,nan,nan
5.2895,5.6941,-7.2273,0.1201,0.0000,0.0000,0.8217,nan,nan
5.2995,5.6941,-7.2273,0.1201,0.0000,0.0000,0.8217,nan,nan
5.3087,5.6941,-7.2273,0.1201,0.0000,0.0000,0.8217,nan,nan
5.3189,5.6941,-7.2273,0.1201,0.0000,0.0000,0.8217,nan,nan
5.3292,5.6941,-7.2273,0.1201,0.0000,0.0000,0.8217,nan,nan
5.3393,5.6941,-7.2273,0.1201,0.0000,0.0000,0.8217,nan,nan
5.3494,5.6941,-7.2273,0.1201,0.0000,0.0000,0.8217,nan,nan
5.3592,5.6941,-7.2273,0.1201,0.0000,0.0000,0.8217,nan,nan
5.3694,5.6941,-7.2273,0.1201,0.0000,0.0000,0.8217,nan,nan
5.3804,5.6941,-7.2273,0.1201,0.0000,0.0000,0.8243,nan,nan
5.3894,5.6941,-7.2273,0.1201,0.0000,0.0000,0.8243,nan,nan
5.3992,5.6941,-7.2273,0.1201,0.0000,0.0000,0.8243,nan,nan
5.4093,5.6941,-7.2273,0.1201,0.0000,0.0000,0.8243,nan,nan
5.4195,5.6941,-7.2273,0.1201,0.0000,0.0000,0.8243,nan,nan
5.4297,5.6941,-7.2273,0.1201,0.0000,0.0000,0.8243,nan,nan
5.4394,5.6941,-7.2273,0.1201,0.0000,0.0000,0.8243,nan,nan
5.4499,5.6941,-7.2273,0.1201,0.0000,0.0000,0.8243,nan,nan
5.4601,5.6941,-7.2273,0.1201,0.0000,0.0000,0.8243,nan,nan
5.4699,5.6941,-7.2273,0.1201,0.0000,0.0000,0.8243,nan,nan
5.4790,5.6941,-7.2273,0.1201,0.0000,0.0000,0.8288,nan,nan
5.4890,5.6941,-7.2273,0.1201,0.0000,0.0000,0.8288,nan,nan
5.4995,5.6941,-7.2273,0.1201,0.0000,0.0000,0.8288,nan,nan
5.5098,5.6941,-7.2273,0.1201,0.0000,0.0000,0.8288,nan,nan
5.5191,5.6941,-7.2273,0.1201,0.0000,0.0000,0.8288,nan,nan
5.5290,5.6941,-7.2273,0.1201,0.0000,0.0000,0.8288,nan,nan
5.5480,5.6941,-7.2273,0.1201,0.0000,0.0000,0.8288,nan,nan
5.5512,5.6941,-7.2273,0.1201,0.0000,0.0000,0.8288,nan,nan
5.5597,5.6941,-7.2273,0.1201,0.0000,0.0000,0.8288,nan,nan
5.5696,5.6941,-7.2273,0.1201,0.0000,0.0000,0.8288,nan,nan
5.5809,5.6941,-7.2273,0.1201,0.0000,0.0000,0.8286,nan,nan
5.5891,5.6941,-7.2273,0.1201,0.0000,0.0000,0.8286,nan,nan
5.5992,5.6941,-7.2273,0.1201,0.0000,0.0000,0.8286,nan,nan
5.6092,5.6941,-7.2273,0.1201,0.0000,0.0000,0.8286,nan,nan
5.6192,5.6941,-7.2273,0.1201,0.0000,0.0000,0.8286,nan,nan
5.6297,5.6941,-7.2273,0.1201,0.0000,0.0000,0.8286,nan,nan
5.6398,5.6941,-7.2273,0.1201,0.0000,0.0000,0.8286,nan,nan
5.6495,5.6941,-7.2273,0.1201,0.0000,0.0000,0.8286,nan,nan
5.6596,5.6941,-7.2273,0.1201,0.0000,0.0000,0.8286,nan,nan
5.6695,5.6941,-7.2273,0.1201,0.0000,0.0000,0.8286,nan,nan
5.6802,5.6941,-7.2273,0.1201,0.0000,0.0000,0.8298,nan,nan
5.6893,5.6941,-7.2273,0.1201,0.0000,0.0000,0.8298,nan,nan
5.6991,5.6941,-7.2273,0.1201,0.0000,0.0000,0.8298,nan,nan
5.7090,5.6941,-7.2273,0.1201,0.0000,0.0000,0.8298,nan,nan
5.7214,5.6941,-7.2273,0.1201,0.0000,0.0000,0.8298,nan,nan
5.7309,5.6941,-7.2273,0.1201,0.0000,0.0000,0.8298,nan,nan
5.7395,5.6941,-7.2273,0.1201,0.0000,0.0000,0.8298,nan,nan
5.7509,5.6941,-7.2273,0.1201,0.0000,0.0000,0.8298,nan,nan
5.7597,5.6941,-7.2273,0.1201,0.0000,0.0000,0.8298,nan,nan
5.7691,5.6941,-7.2273,0.1201,0.0000,0.0000,0.8298,nan,nan
5.7796,5.6941,-7.2273,0.1201,0.0000,0.0000,0.8287,nan,nan
5.7891,5.6941,-7.2273,0.1201,0.0000,0.0000,0.8287,nan,nan
5.7987,5.6941,-7.2273,0.1201,0.0000,0.0000,0.8287,nan,nan
5.8089,5.6941,-7.2273,0.1201,0.0000,0.0000,0.8287,nan,nan
5.8195,5.6941,-7.2273,0.1201,0.0000,0.0000,0.8287,nan,nan
5.8293,5.6941,-7.2273,0.1201,0.0000,0.0000,0.8287,nan,nan
5.8398,5.6941,-7.2273,0.1201,0.0000,0.0000,0.8287,nan,nan
5.8493,5.6941,-7.2273,0.1201,0.0000,0.0000,0.8287,nan,nan
5.8609,5.6941,-7.2273,0.1201,0.0000,0.0000,0.8287,nan,nan
5.8712,5.6941,-7.2273,0.1201,0.0000,0.0000,0.8253,nan,nan
5.8794,5.6941,-7.2273,0.1201,0.0000,0.0000,0.8253,nan,nan
5.8896,5.6941,-7.2273,0.1201,0.0000,0.0000,0.8253,nan,nan
5.8995,5.6941,-7.2273,0.1201,0.0000,0.0000,0.8253,nan,nan
5.9094,5.6941,-7.2273,0.1201,0.0000,0.0000,0.8253,nan,nan
5.9193,5.6941,-7.2273,0.1201,0.0000,0.0000,0.8253,nan,nan
5.9329,5.6941,-7.2273,0.1201,0.0000,0.0000,0.8253,nan,nan
5.9392,5.6941,-7.2273,0.1201,0.0000,0.0000,0.8253,nan,nan
5.9507,5.6941,-7.2273,0.1201,0.0000,0.0000,0.8253,nan,nan
5.9604,5.6941,-7.2273,0.1201,0.0000,0.0000,0.8253,nan,nan
5.9702,5.6941,-7.2273,0.1201,0.0000,0.0000,0.8253,nan,nan
5.9793,5.6941,-7.2273,0.1201,0.0000,0.0000,0.8266,nan,nan
5.9891,5.6941,-7.2273,0.1201,0.0000,0.0000,0.8266,nan,nan
6.0001,5.6941,-7.2273,0.1201,0.0000,0.0000,0.8266,nan,nan
6.0088,5.6941,-7.2273,0.1201,0.0000,0.0000,0.8266,nan,nan
6.0190,5.6941,-7.2273,0.1201,0.0000,0.0000,0.8266,nan,nan
6.0290,5.6941,-7.2273,0.1201,0.0000,0.0000,0.8266,nan,nan
6.0390,5.6941,-7.2273,0.1201,0.0000,0.0000,0.8266,nan,nan
6.0502,5.6941,-7.2273,0.1201,0.0000,0.0000,0.8266,nan,nan
6.0594,5.6941,-7.2273,0.1201,0.0000,0.0000,0.8266,nan,nan
6.0696,5.6941,-7.2273,0.1201,0.0000,0.0000,0.8260,nan,nan
6.0808,5.6941,-7.2273,0.1201,0.0000,0.0000,0.8260,nan,nan
6.0889,5.6941,-7.2273,0.1201,0.0000,0.0000,0.8260,nan,nan
6.0990,5.6941,-7.2273,0.1201,0.0000,0.0000,0.8260,nan,nan
6.1088,5.6941,-7.2273,0.1201,0.0000,0.0000,0.8260,nan,nan
6.1191,5.6941,-7.2273,0.1201,0.0000,0.0000,0.8260,nan,nan
6.1293,5.6941,-7.2273,0.1201,0.0000,0.0000,0.8260,nan,nan
6.1394,5.6941,-7.2273,0.1201,0.0000,0.0000,0.8260,nan,nan
6.1493,5.6941,-7.2273,0.1201,0.0000,0.0000,0.8260,nan,nan
6.1588,5.6941,-7.2273,0.1201,0.0000,0.0000,0.8260,nan,nan
6.1700,5.6941,-7.2273,0.1201,0.0000,0.0000,0.8260,nan,nan
6.1815,5.6941,-7.2273,0.1201,0.0000,0.0000,0.8292,nan,nan
6.1889,5.6941,-7.2273,0.1201,0.0000,0.0000,0.8292,nan,nan
6.1991,5.6941,-7.2273,0.1201,0.0000,0.0000,0.8292,nan,nan
6.2090,5.6941,-7.2273,0.1201,0.0000,0.0000,0.8292,nan,nan
6.2193,5.6941,-7.2273,0.1201,0.0000,0.0000,0.8292,nan,nan
6.2289,5.6941,-7.2273,0.1201,0.0000,0.0000,0.8292,nan,nan
6.2401,5.6941,-7.2273,0.1201,0.0000,0.0000,0.8292,nan,nan
6.2489,5.6941,-7.2273,0.1201,0.0000,0.0000,0.8292,nan,nan
6.2594,5.6941,-7.2273,0.1201,0.0000,0.0000,0.8292,nan,nan
6.2806,5.6941,-7.2273,0.1201,0.0000,0.0000,0.8250,nan,nan
6.2891,5.6941,-7.2273,0.1201,0.0000,0.0000,0.8250,nan,nan
6.2992,5.6941,-7.2273,0.1201,0.0000,0.0000,0.8250,nan,nan
6.3103,5.6941,-7.2273,0.1201,0.0000,0.0000,0.8250,nan,nan
6.3190,5.6941,-7.2273,0.1201,0.0000,0.0000,0.8250,nan,nan
6.3293,5.6941,-7.2273,0.1201,0.0000,0.0000,0.8250,nan,nan
6.3426,5.6941,-7.2273,0.1201,0.0000,0.0000,0.8250,nan,nan
6.3491,5.6941,-7.2273,0.1201,0.0000,0.0000,0.8250,nan,nan
6.3593,5.6941,-7.2273,0.1201,0.0000,0.0000,0.8250,nan,nan
6.3752,5.6941,-7.2273,0.1201,0.0000,0.0000,0.8250,nan,nan
6.3792,5.6941,-7.2273,0.1201,0.0000,0.0000,0.8290,nan,nan
6.3895,5.6941,-7.2273,0.1201,0.0000,0.0000,0.8290,nan,nan
6.3992,5.6941,-7.2273,0.1201,0.0000,0.0000,0.8290,nan,nan
6.4093,5.6941,-7.2273,0.1201,0.0000,0.0000,0.8290,nan,nan
6.4191,5.6941,-7.2273,0.1201,0.0000,0.0000,0.8290,nan,nan
6.4294,5.6941,-7.2273,0.1201,0.0000,0.0000,0.8290,nan,nan
6.4399,5.6941,-7.2273,0.1201,0.0000,0.0000,0.8290,nan,nan
6.4503,5.6941,-7.2273,0.1201,0.0000,0.0000,0.8290,nan,nan
6.4594,5.6941,-7.2273,0.1201,0.0000,0.0000,0.8290,nan,nan
6.4698,5.6941,-7.2273,0.1201,0.0000,0.0000,0.8220,nan,nan
6.4805,5.6941,-7.2273,0.1201,0.0000,0.0000,0.8220,nan,nan
6.4892,5.6941,-7.2273,0.1201,0.0000,0.0000,0.8220,nan,nan
6.4990,5.6941,-7.2273,0.1201,0.0000,0.0000,0.8220,nan,nan
6.5091,5.6941,-7.2273,0.1201,0.0000,0.0000,0.8220,nan,nan
6.5192,5.6941,-7.2273,0.1201,0.0000,0.0000,0.8220,nan,nan
6.5296,5.6941,-7.2273,0.1201,0.0000,0.0000,0.8220,nan,nan
6.5391,5.6941,-7.2273,0.1201,0.0000,0.0000,0.8220,nan,nan
6.5496,5.6941,-7.2273,0.1201,0.0000,0.0000,0.8220,nan,nan
6.5594,5.6941,-7.2273,0.1201,0.0000,0.0000,0.8220,nan,nan
6.5692,5.6941,-7.2273,0.1201,0.0000,0.0000,0.8247,nan,nan
6.5792,5.6941,-7.2273,0.1201,0.0000,0.0000,0.8247,nan,nan
6.5886,5.6941,-7.2273,0.1201,0.0000,0.0000,0.8247,nan,nan
6.5992,5.6941,-7.2273,0.1201,0.0000,0.0000,0.8247,nan,nan
6.6088,5.6941,-7.2273,0.1201,0.0000,0.0000,0.8247,nan,nan
6.6191,5.6941,-7.2273,0.1201,0.0000,0.0000,0.8247,nan,nan
6.6292,5.6941,-7.2273,0.1201,0.0000,0.0000,0.8247,nan,nan
6.6414,5.6941,-7.2273,0.1201,0.0000,0.0000,0.8247,nan,nan
6.6497,5.6941,-7.2273,0.1201,0.0000,0.0000,0.8247,nan,nan
6.6597,5.6941,-7.2273,0.1201,0.0000,0.0000,0.8247,nan,nan
6.6688,5.6941,-7.2273,0.1201,0.0000,0.0000,0.8293,nan,nan
6.6793,5.6941,-7.2273,0.1201,0.0000,0.0000,0.8293,nan,nan
6.6886,5.6941,-7.2273,0.1201,0.0000,0.0000,0.8293,nan,nan
6.6989,5.6941,-7.2273,0.1201,0.0000,0.0000,0.8293,nan,nan
6.7095,5.6941,-7.2273,0.1201,0.0000,0.0000,0.8293,nan,nan
6.7199,5.6941,-7.2273,0.1201,0.0000,0.0000,0.8293,nan,nan
6.7308,5.6941,-7.2273,0.1201,0.0000,0.0000,0.8293,nan,nan
6.7388,5.6941,-7.2273,0.1201,0.0000,0.0000,0.8293,nan,nan
6.7491,5.6941,-7.2273,0.1201,0.0000,0.0000,0.8293,nan,nan
6.7590,5.6941,-7.2273,0.1201,0.0000,0.0000,0.8293,nan,nan
6.7716,5.6941,-7.2273,0.1201,0.0000,0.0000,0.8270,nan,nan
6.7794,5.6941,-7.2273,0.1201,0.0000,0.0000,0.8270,nan,nan
6.7890,5.6941,-7.2273,0.1201,0.0000,0.0000,0.8270,nan,nan
6.7995,5.6941,-7.2273,0.1201,0.0000,0.0000,0.8270,nan,nan
6.8093,5.6941,-7.2273,0.1201,0.0000,0.0000,0.8270,nan,nan
6.8208,5.6941,-7.2273,0.1201,0.0000,0.0000,0.8270,nan,nan
6.8301,5.6941,-7.2273,0.1201,0.0000,0.0000,0.8270,nan,nan
6.8394,5.6941,-7.2273,0.1201,0.0000,0.0000,0.8270,nan,nan
6.8491,5.6941,-7.2273,0.1201,0.0000,0.0000,0.8270,nan,nan
6.8604,5.6941,-7.2273,0.1201,0.0000,0.0000,0.8270,nan,nan
6.8691,5.6941,-7.2273,0.1201,0.0000,0.0000,0.8258,nan,nan
6.8796,5.6941,-7.2273,0.1201,0.0000,0.0000,0.8258,nan,nan
6.8890,5.6941,-7.2273,0.1201,0.0000,0.0000,0.8258,nan,nan
6.8995,5.6941,-7.2273,0.1201,0.0000,0.0000,0.8258,nan,nan
6.9090,5.6941,-7.2273,0.1201,0.0000,0.0000,0.8258,nan,nan
6.9188,5.6941,-7.2273,0.1201,0.0000,0.0000,0.8258,nan,nan
6.9291,5.6941,-7.2273,0.1201,0.0000,0.0000,0.8258,nan,nan
6.9392,5.6941,-7.2273,0.1201,0.0000,0.0000,0.8258,nan,nan
6.9494,5.6941,-7.2273,0.1201,0.0000,0.0000,0.8258,nan,nan
6.9597,5.6941,-7.2273,0.1201,0.0000,0.0000,0.8258,nan,nan
6.9691,5.6941,-7.2273,0.1201,0.0000,0.0000,0.8272,nan,nan
6.9792,5.6941,-7.2273,0.1201,0.0000,0.0000,0.8272,nan,nan
6.9891,5.6941,-7.2273,0.1201,0.0000,0.0000,0.8272,nan,nan
6.9991,5.6941,-7.2273,0.1201,0.0000,0.0000,0.8272,nan,nan
7.0093,5.6941,-7.2273,0.1201,0.0000,0.0000,0.8272,nan,nan
7.0198,5.6941,-7.2273,0.1201,0.0000,0.0000,0.8272,nan,nan
7.0293,5.6941,-7.2273,0.1201,0.0000,0.0000,0.8272,nan,nan
7.0390,5.6941,-7.2273,0.1201,0.0000,0.0000,0.8272,nan,nan
7.0491,5.6941,-7.2273,0.1201,0.0000,0.0000,0.8272,nan,nan
7.0601,5.6941,-7.2273,0.1201,0.0000,0.0000,0.8272,nan,nan
7.0737,5.6941,-7.2273,0.1201,0.0000,0.0000,0.8256,nan,nan
7.0793,5.6941,-7.2273,0.1201,0.0000,0.0000,0.8256,nan,nan
7.0919,5.6941,-7.2273,0.1201,0.0000,0.0000,0.8256,nan,nan
7.0997,5.6941,-7.2273,0.1201,0.0000,0.0000,0.8256,nan,nan
7.1088,5.6941,-7.2273,0.1201,0.0000,0.0000,0.8256,nan,nan
7.1186,5.6941,-7.2273,0.1201,0.0000,0.0000,0.8256,nan,nan
7.1294,5.6941,-7.2273,0.1201,0.0000,0.0000,0.8256,nan,nan
7.1404,5.6941,-7.2273,0.1201,0.0000,0.0000,0.8256,nan,nan
7.1487,5.6941,-7.2273,0.1201,0.0000,0.0000,0.8256,nan,nan
7.1587,5.6941,-7.2273,0.1201,0.0000,0.0000,0.8256,nan,nan
7.1688,5.6941,-7.2273,0.1201,0.0000,0.0000,0.8307,nan,nan
7.1788,5.6941,-7.2273,0.1201,0.0000,0.0000,0.8307,nan,nan
7.1889,5.6941,-7.2273,0.1201,0.0000,0.0000,0.8307,nan,nan
7.1990,5.6941,-7.2273,0.1201,0.0000,0.0000,0.8307,nan,nan
7.2090,5.6941,-7.2273,0.1201,0.0000,0.0000,0.8307,nan,nan
7.2189,5.6941,-7.2273,0.1201,0.0000,0.0000,0.8307,nan,nan
7.2289,5.6941,-7.2273,0.1201,0.0000,0.0000,0.8307,nan,nan
7.2393,5.6941,-7.2273,0.1201,0.0000,0.0000,0.8307,nan,nan
7.2498,5.6941,-7.2273,0.1201,0.0000,0.0000,0.8307,nan,nan
7.2593,5.6941,-7.2273,0.1201,0.0000,0.0000,0.8307,nan,nan
7.2692,5.6941,-7.2273,0.1201,0.0000,0.0000,0.8266,nan,nan
7.2792,5.6941,-7.2273,0.1201,0.0000,0.0000,0.8266,nan,nan
7.2890,5.6941,-7.2273,0.1201,0.0000,0.0000,0.8266,nan,nan
7.2995,5.6941,-7.2273,0.1201,0.0000,0.0000,0.8266,nan,nan
7.3096,5.6941,-7.2273,0.1201,0.0000,0.0000,0.8266,nan,nan
7.3202,5.6941,-7.2273,0.1201,0.0000,0.0000,0.8266,nan,nan
7.3293,5.6941,-7.2273,0.1201,0.0000,0.0000,0.8266,nan,nan
7.3404,5.6941,-7.2273,0.1201,0.0000,0.0000,0.8266,nan,nan
7.3495,5.6941,-7.2273,0.1201,0.0000,0.0000,0.8266,nan,nan
7.3593,5.6941,-7.2273,0.1201,0.0000,0.0000,0.8266,nan,nan
7.3696,5.6941,-7.2273,0.1201,0.0000,0.0000,0.8284,nan,nan
7.3814,5.6941,-7.2273,0.1201,0.0000,0.0000,0.8284,nan,nan
7.3892,5.6941,-7.2273,0.1201,0.0000,0.0000,0.8284,nan,nan
7.3987,5.6941,-7.2273,0.1201,0.0000,0.0000,0.8284,nan,nan
7.4090,5.6941,-7.2273,0.1201,0.0000,0.0000,0.8284,nan,nan
7.4195,5.6941,-7.2273,0.1201,0.0000,0.0000,0.8284,nan,nan
7.4295,5.6941,-7.2273,0.1201,0.0000,0.0000,0.8284,nan,nan
7.4399,5.6941,-7.2273,0.1201,0.0000,0.0000,0.8284,nan,nan
7.4496,5.6941,-7.2273,0.1201,0.0000,0.0000,0.8284,nan,nan
7.4596,5.6941,-7.2273,0.1201,0.0000,0.0000,0.8284,nan,nan
7.4691,5.6941,-7.2273,0.1201,0.0000,0.0000,0.8233,nan,nan
7.4792,5.6941,-7.2273,0.1201,0.0000,0.0000,0.8233,nan,nan
7.4890,5.6941,-7.2273,0.1201,0.0000,0.0000,0.8233,nan,nan
7.4993,5.6941,-7.2273,0.1201,0.0000,0.0000,0.8233,nan,nan
7.5087,5.6941,-7.2273,0.1201,0.0000,0.0000,0.8233,nan,nan
7.5187,5.6941,-7.2273,0.1201,0.0000,0.0000,0.8233,nan,nan
7.5293,5.6941,-7.2273,0.1201,0.0000,0.0000,0.8233,nan,nan
7.5393,5.6941,-7.2273,0.1201,0.0000,0.0000,0.8233,nan,nan
7.5494,5.6941,-7.2273,0.1201,0.0000,0.0000,0.8233,nan,nan
7.5599,5.6941,-7.2273,0.1201,0.0000,0.0000,0.8233,nan,nan
7.5694,5.6941,-7.2273,0.1201,0.0000,0.0000,0.8274,nan,nan
7.5808,5.6941,-7.2273,0.1201,0.0000,0.0000,0.8274,nan,nan
7.5894,5.6941,-7.2273,0.1201,0.0000,0.0000,0.8274,nan,nan
7.5994,5.6941,-7.2273,0.1201,0.0000,0.0000,0.8274,nan,nan
7.6092,5.6941,-7.2273,0.1201,0.0000,0.0000,0.8274,nan,nan
7.6192,5.6941,-7.2273,0.1201,0.0000,0.0000,0.8274,nan,nan
7.6315,5.6941,-7.2273,0.1201,0.0000,0.0000,0.8274,nan,nan
7.6391,5.6941,-7.2273,0.1201,0.0000,0.0000,0.8274,nan,nan
7.6498,5.6941,-7.2273,0.1201,0.0000,0.0000,0.8274,nan,nan
7.6594,5.6941,-7.2273,0.1201,0.0000,0.0000,0.8274,nan,nan
7.6691,5.6941,-7.2273,0.1201,0.0000,0.0000,0.8287,nan,nan
7.6804,5.6941,-7.2273,0.1201,0.0000,0.0000,0.8287,nan,nan
7.6900,5.6941,-7.2273,0.1201,0.0000,0.0000,0.8287,nan,nan
7.6996,5.6941,-7.2273,0.1201,0.0000,0.0000,0.8287,nan,nan
7.7094,5.6941,-7.2273,0.1201,0.0000,0.0000,0.8287,nan,nan
7.7196,5.6941,-7.2273,0.1201,0.0000,0.0000,0.8287,nan,nan
7.7291,5.6941,-7.2273,0.1201,0.0000,0.0000,0.8287,nan,nan
7.7388,5.6941,-7.2273,0.1201,0.0000,0.0000,0.8287,nan,nan
7.7494,5.6941,-7.2273,0.1201,0.0000,0.0000,0.8287,nan,nan
7.7601,5.6941,-7.2273,0.1201,0.0000,0.0000,0.8287,nan,nan
7.7707,5.6941,-7.2273,0.1201,0.0000,0.0000,0.8253,nan,nan
7.7793,5.6941,-7.2273,0.1201,0.0000,0.0000,0.8253,nan,nan
7.7892,5.6941,-7.2273,0.1201,0.0000,0.0000,0.8253,nan,nan
7.7992,5.6941,-7.2273,0.1201,0.0000,0.0000,0.8253,nan,nan
7.8092,5.6941,-7.2273,0.1201,0.0000,0.0000,0.8253,nan,nan
7.8204,5.6941,-7.2273,0.1201,0.0000,0.0000,0.8253,nan,nan
7.8295,5.6941,-7.2273,0.1201,0.0000,0.0000,0.8253,nan,nan
7.8395,5.6941,-7.2273,0.1201,0.0000,0.0000,0.8253,nan,nan
7.8486,5.6941,-7.2273,0.1201,0.0000,0.0000,0.8253,nan,nan
7.8595,5.6941,-7.2273,0.1201,0.0000,0.0000,0.8253,nan,nan
7.8693,5.6941,-7.2273,0.1201,0.0000,0.0000,0.8292,nan,nan
7.8792,5.6941,-7.2273,0.1201,0.0000,0.0000,0.8292,nan,nan
7.8895,5.6941,-7.2273,0.1201,0.0000,0.0000,0.8292,nan,nan
7.8995,5.6941,-7.2273,0.1201,0.0000,0.0000,0.8292,nan,nan
7.9090,5.6941,-7.2273,0.1201,0.0000,0.0000,0.8292,nan,nan
7.9198,5.6941,-7.2273,0.1201,0.0000,0.0000,0.8292,nan,nan
7.9297,5.6941,-7.2273,0.1201,0.0000,0.0000,0.8292,nan,nan
7.9405,5.6941,-7.2273,0.1201,0.0000,0.0000,0.8292,nan,nan
7.9494,5.6941,-7.2273,0.1201,0.0000,0.0000,0.8292,nan,nan
7.9607,5.6941,-7.2273,0.1201,0.0000,0.0000,0.8292,nan,nan
7.9721,5.6941,-7.2273,0.1201,0.0000,0.0000,0.8233,nan,nan
7.9797,5.6941,-7.2273,0.1201,0.0000,0.0000,0.8233,nan,nan
7.9891,5.6941,-7.2273,0.1201,0.0000,0.0000,0.8233,nan,nan
8.0007,5.6941,-7.2273,0.1201,0.0000,0.0000,0.8233,nan,nan
8.0090,5.6941,-7.2273,0.1201,0.0000,0.0000,0.8233,nan,nan
8.0189,5.6941,-7.2273,0.1201,0.0000,0.0000,0.8233,nan,nan
8.0319,5.6941,-7.2273,0.1201,0.0000,0.0000,0.8233,nan,nan
8.0389,5.6941,-7.2273,0.1201,0.0000,0.0000,0.8233,nan,nan
8.0489,5.6941,-7.2273,0.1201,0.0000,0.0000,0.8233,nan,nan
8.0595,5.6941,-7.2273,0.1201,0.0000,0.0000,0.8233,nan,nan
8.0689,5.6941,-7.2273,0.1201,0.0000,0.0000,0.8270,nan,nan
8.0789,5.6941,-7.2273,0.1201,0.0000,0.0000,0.8270,nan,nan
8.0891,5.6941,-7.2273,0.1201,0.0000,0.0000,0.8270,nan,nan
8.0987,5.6941,-7.2273,0.1201,0.0000,0.0000,0.8270,nan,nan
8.1093,5.6941,-7.2273,0.1201,0.0000,0.0000,0.8270,nan,nan
8.1191,5.6941,-7.2273,0.1201,0.0000,0.0000,0.8270,nan,nan
8.1345,5.6941,-7.2273,0.1201,0.0000,0.0000,0.8270,nan,nan
8.1418,5.6941,-7.2273,0.1201,0.0000,0.0000,0.8270,nan,nan
8.1490,5.6941,-7.2273,0.1201,0.0000,0.0000,0.8270,nan,nan
8.1589,5.6941,-7.2273,0.1201,0.0000,0.0000,0.8270,nan,nan
8.1693,5.6941,-7.2273,0.1201,0.0000,-0.5000,0.8277,nan,nan
8.1796,5.6941,-7.2273,0.1201,0.0000,-0.5000,0.8277,nan,nan
8.1892,5.6941,-7.2273,0.1201,0.0000,-0.5000,0.8277,nan,nan
8.1988,5.6941,-7.2273,0.1201,0.0000,-0.5000,0.8277,nan,nan
8.2088,5.6941,-7.2273,0.1201,0.0000,-0.5000,0.8277,nan,nan
8.2209,5.6941,-7.2273,0.1201,0.0000,-0.5000,0.8277,nan,nan
8.2291,5.6941,-7.2273,0.1201,0.0000,-0.5000,0.8277,nan,nan
8.2390,5.6941,-7.2273,0.1201,0.0000,-0.5000,0.8277,nan,nan
8.2487,5.6941,-7.2273,0.1201,0.0000,-0.5000,0.8277,nan,nan
8.2595,5.6941,-7.2273,0.1201,0.0000,-0.5000,0.8277,nan,nan
8.2687,5.6941,-7.2273,0.1201,0.0000,-0.5000,0.8274,nan,nan
8.2792,5.6941,-7.2273,0.1201,0.0000,-0.5000,0.8274,nan,nan
8.2897,5.6941,-7.2273,0.1201,0.0000,-0.5000,0.8274,nan,nan
8.2998,5.6941,-7.2273,0.1201,0.0000,-0.5000,0.8274,nan,nan
8.3094,5.6941,-7.2273,0.1201,0.0000,-0.5000,0.8274,nan,nan
8.3189,5.6941,-7.2273,0.1199,0.0000,-0.5000,0.8274,nan,nan
8.3319,5.6941,-7.2273,0.1199,0.0000,-0.5000,0.8274,nan,nan
8.3389,5.6941,-7.2273,0.1197,0.0000,-0.5000,0.8274,nan,nan
8.3487,5.6941,-7.2273,0.1196,0.0000,-0.5000,0.8274,nan,nan
8.3594,5.6941,-7.2273,0.1196,0.0000,-0.5000,0.8274,nan,nan
8.3693,5.6941,-7.2273,0.1196,0.0000,-0.5000,0.8287,nan,nan
8.3812,5.6941,-7.2273,0.1194,0.0000,-0.5000,0.8287,nan,nan
8.3891,5.6941,-7.2273,0.1192,0.0000,-0.5000,0.8287,nan,nan
8.3989,5.6940,-7.2273,0.1192,0.0000,-0.5000,0.8287,nan,nan
8.4097,5.6940,-7.2273,0.1190,0.0000,-0.5000,0.8287,nan,nan
8.4193,5.6940,-7.2273,0.1189,0.0000,-0.5000,0.8287,nan,nan
8.4292,5.6940,-7.2273,0.1185,0.0000,-0.5000,0.8287,nan,nan
8.4392,5.6940,-7.2273,0.1183,0.0000,-0.5000,0.8287,nan,nan
8.4508,5.6940,-7.2273,0.1180,0.0000,-0.5000,0.8287,nan,nan
8.4589,5.6940,-7.2273,0.1176,0.0000,-0.5000,0.8287,nan,nan
8.4689,5.6940,-7.2273,0.1173,0.0000,-0.5000,0.8287,nan,nan
8.4851,5.6940,-7.2273,0.1169,0.0000,-0.5000,0.8260,nan,nan
8.4887,5.6939,-7.2273,0.1164,0.0000,-0.5000,0.8260,nan,nan
8.4990,5.6940,-7.2273,0.1161,0.0000,-0.5000,0.8260,nan,nan
8.5091,5.6939,-7.2273,0.1155,0.0000,-0.5000,0.8260,nan,nan
8.5191,5.6940,-7.2273,0.1150,0.0000,-0.5000,0.8260,nan,nan
8.5291,5.6939,-7.2273,0.1145,0.0000,-0.5000,0.8260,nan,nan
8.5392,5.6940,-7.2273,0.1138,0.0000,-0.5000,0.8260,nan,nan
8.5489,5.6939,-7.2273,0.1131,0.0000,-0.5000,0.8260,nan,nan
8.5590,5.6940,-7.2273,0.1124,0.0000,-0.5000,0.8260,nan,nan
8.5708,5.6940,-7.2273,0.1115,0.0000,-0.5000,0.8303,nan,nan
8.5794,5.6940,-7.2273,0.1105,0.0000,-0.5000,0.8303,nan,nan
8.5893,5.6940,-7.2273,0.1093,0.0000,-0.5000,0.8303,nan,nan
8.5986,5.6940,-7.2273,0.1080,0.0000,-0.5000,0.8303,nan,nan
8.6088,5.6940,-7.2273,0.1066,0.0000,-0.5000,0.8303,nan,nan
8.6194,5.6940,-7.2273,0.1051,0.0000,-0.5000,0.8303,nan,nan
8.6290,5.6940,-7.2273,0.1033,0.0000,-0.5000,0.8303,nan,nan
8.6388,5.6941,-7.2273,0.1014,0.0000,-0.5000,0.8303,nan,nan
8.6490,5.6941,-7.2273,0.0993,0.0000,-0.5000,0.8303,nan,nan
8.6594,5.6942,-7.2272,0.0970,0.0000,-0.5000,0.8303,nan,nan
8.6690,5.6942,-7.2272,0.0948,0.0000,-0.5000,0.8317,nan,nan
8.6800,5.6942,-7.2272,0.0923,0.0000,-0.5000,0.8317,nan,nan
8.6893,5.6943,-7.2272,0.0895,0.0000,-0.5000,0.8317,nan,nan
8.6986,5.6943,-7.2272,0.0867,0.0000,-0.5000,0.8317,nan,nan
8.7090,5.6943,-7.2272,0.0838,0.0000,-0.5000,0.8317,nan,nan
8.7192,5.6943,-7.2272,0.0806,0.0000,-0.5000,0.8317,nan,nan
8.7289,5.6943,-7.2272,0.0775,0.0000,-0.5000,0.8317,nan,nan
8.7392,5.6943,-7.2272,0.0740,0.0000,-0.5000,0.8317,nan,nan
8.7489,5.6942,-7.2272,0.0705,0.0000,-0.5000,0.8317,nan,nan
8.7592,5.6943,-7.2272,0.0668,0.0000,-0.5000,0.8317,nan,nan
8.7697,5.6942,-7.2272,0.0630,0.0000,-0.5000,0.8327,nan,nan
8.7801,5.6942,-7.2272,0.0593,0.0000,-0.5000,0.8327,nan,nan
8.7891,5.6942,-7.2272,0.0553,0.0000,-0.5000,0.8327,nan,nan
8.7987,5.6943,-7.2272,0.0513,0.0000,-0.5000,0.8327,nan,nan
8.8096,5.6942,-7.2272,0.0473,0.0000,-0.5000,0.8327,nan,nan
8.8197,5.6942,-7.2272,0.0431,0.0000,-0.5000,0.8327,nan,nan
8.8288,5.6942,-7.2272,0.0389,0.0000,-0.5000,0.8327,nan,nan
8.8395,5.6942,-7.2272,0.0346,0.0000,-0.5000,0.8327,nan,nan
8.8492,5.6943,-7.2272,0.0302,0.0000,-0.5000,0.8327,nan,nan
8.8595,5.6943,-7.2272,0.0257,0.0000,-0.5000,0.8327,nan,nan
8.8704,5.6943,-7.2272,0.0209,0.0000,-0.5000,0.8224,nan,nan
8.8803,5.6943,-7.2272,0.0162,0.0000,-0.5000,0.8224,nan,nan
8.8890,5.6943,-7.2272,0.0113,0.0000,-0.5000,0.8224,nan,nan
8.8989,5.6943,-7.2272,0.0065,0.0000,-0.5000,0.8224,nan,nan
8.9096,5.6944,-7.2272,0.0014,0.0000,-0.5000,0.8224,nan,nan
8.9197,5.6944,-7.2272,-0.0035,0.0000,-0.5000,0.8224,nan,nan
8.9305,5.6944,-7.2272,-0.0086,0.0000,-0.5000,0.8224,nan,nan
8.9393,5.6945,-7.2272,-0.0134,0.0000,-0.5000,0.8224,nan,nan
8.9491,5.6946,-7.2272,-0.0185,0.0000,-0.5000,0.8224,nan,nan
8.9591,5.6948,-7.2272,-0.0234,0.0000,-0.5000,0.8224,nan,nan
8.9695,5.6949,-7.2273,-0.0283,0.0000,-0.5000,0.8220,nan,nan
8.9814,5.6951,-7.2273,-0.0332,0.0000,-0.5000,0.8220,nan,nan
8.9918,5.6952,-7.2273,-0.0382,0.0000,-0.5000,0.8220,nan,nan
8.9988,5.6953,-7.2273,-0.0431,0.0000,-0.5000,0.8220,nan,nan
9.0091,5.6954,-7.2273,-0.0482,0.0000,-0.5000,0.8220,nan,nan
9.0200,5.6955,-7.2273,-0.0531,0.0000,-0.5000,0.8220,nan,nan
9.0291,5.6956,-7.2273,-0.0581,0.0000,-0.5000,0.8220,nan,nan
9.0407,5.6956,-7.2273,-0.0632,0.0000,-0.5000,0.8220,nan,nan
9.0490,5.6957,-7.2273,-0.0682,0.0000,-0.5000,0.8220,nan,nan
9.0592,5.6957,-7.2273,-0.0733,0.0000,-0.5000,0.8220,nan,nan
9.0696,5.6957,-7.2273,-0.0784,0.0000,-0.5000,0.8275,nan,nan
9.0793,5.6958,-7.2273,-0.0836,0.0000,-0.5000,0.8275,nan,nan
9.0894,5.6959,-7.2273,-0.0888,0.0000,-0.5000,0.8275,nan,nan
9.0990,5.6960,-7.2273,-0.0942,0.0000,-0.5000,0.8275,nan,nan
9.1099,5.6961,-7.2273,-0.0995,0.0000,-0.5000,0.8275,nan,nan
9.1204,5.6962,-7.2273,-0.1049,0.0000,-0.5000,0.8275,nan,nan
9.1293,5.6964,-7.2274,-0.1103,0.0000,-0.5000,0.8275,nan,nan
9.1405,5.6965,-7.2274,-0.1155,0.0000,-0.5000,0.8275,nan,nan
9.1513,5.6965,-7.2274,-0.1210,0.0000,-0.5000,0.8275,nan,nan
9.1599,5.6966,-7.2274,-0.1262,0.0000,-0.5000,0.8275,nan,nan
9.1692,5.6967,-7.2274,-0.1314,0.0000,-0.5000,0.8266,nan,nan
9.1805,5.6968,-7.2274,-0.1365,0.0000,-0.5000,0.8266,nan,nan
9.1895,5.6968,-7.2274,-0.1417,0.0000,-0.5000,0.8266,nan,nan
9.1990,5.6973,-7.2275,-0.1468,0.0000,-0.5000,0.8266,nan,nan
9.2090,5.6973,-7.2275,-0.1520,0.0000,-0.5000,0.8266,nan,nan
9.2187,5.6974,-7.2275,-0.1571,0.0000,-0.5000,0.8266,nan,nan
9.2292,5.6974,-7.2275,-0.1621,0.0000,-0.5000,0.8266,nan,nan
9.2401,5.6974,-7.2275,-0.1672,0.0000,-0.5000,0.8266,nan,nan
9.2649,5.6971,-7.2274,-0.1773,0.0000,-0.5000,0.8268,nan,nan
9.2691,5.6971,-7.2274,-0.1824,0.0000,-0.5000,0.8268,nan,nan
9.2808,5.6971,-7.2274,-0.1873,0.0000,-0.5000,0.8268,nan,nan
9.2892,5.6970,-7.2274,-0.1923,0.0000,-0.5000,0.8268,nan,nan
9.2990,5.6969,-7.2274,-0.1974,0.0000,-0.5000,0.8268,nan,nan
9.3087,5.6968,-7.2274,-0.2025,0.0000,-0.5000,0.8268,nan,nan
9.3206,5.6967,-7.2274,-0.2075,0.0000,-0.5000,0.8268,nan,nan
9.3292,5.6966,-7.2273,-0.2128,0.0000,-0.5000,0.8268,nan,nan
9.3388,5.6966,-7.2273,-0.2180,0.0000,-0.5000,0.8268,nan,nan
9.3487,5.6966,-7.2273,-0.2232,0.0000,-0.5000,0.8268,nan,nan
9.3590,5.6966,-7.2273,-0.2285,0.0000,-0.5000,0.8268,nan,nan
9.3694,5.6967,-7.2274,-0.2337,0.0000,-0.5000,0.8323,nan,nan
9.3803,5.6967,-7.2274,-0.2389,0.0000,-0.5000,0.8323,nan,nan
9.3888,5.6968,-7.2274,-0.2442,0.0000,-0.5000,0.8323,nan,nan
9.3987,5.6968,-7.2274,-0.2492,0.0000,-0.5000,0.8323,nan,nan
9.4086,5.6967,-7.2274,-0.2541,0.0000,-0.5000,0.8323,nan,nan
9.4207,5.6967,-7.2274,-0.2592,0.0000,-0.5000,0.8323,nan,nan
9.4289,5.6967,-7.2274,-0.2641,0.0000,-0.5000,0.8323,nan,nan
9.4390,5.6967,-7.2274,-0.2690,0.0000,-0.5000,0.8323,nan,nan
9.4495,5.6968,-7.2274,-0.2738,0.0000,-0.5000,0.8323,nan,nan
9.4594,5.6968,-7.2274,-0.2789,0.0000,-0.5000,0.8323,nan,nan
9.4693,5.6968,-7.2274,-0.2838,0.0000,-0.5000,0.8277,nan,nan
9.4809,5.6968,-7.2274,-0.2887,0.0000,-0.5000,0.8277,nan,nan
9.4900,5.6968,-7.2274,-0.2936,0.0000,-0.5000,0.8277,nan,nan
9.4999,5.6969,-7.2274,-0.2985,0.0000,-0.5000,0.8277,nan,nan
9.5091,5.6969,-7.2274,-0.3033,0.0000,-0.5000,0.8277,nan,nan
9.5208,5.6969,-7.2274,-0.3082,0.0000,-0.5000,0.8277,nan,nan
9.5293,5.6969,-7.2274,-0.3131,0.0000,-0.5000,0.8277,nan,nan
9.5390,5.6970,-7.2274,-0.3178,0.0000,-0.5000,0.8277,nan,nan
9.5501,5.6970,-7.2274,-0.3227,0.0000,-0.5000,0.8277,nan,nan
9.5594,5.6970,-7.2274,-0.3276,0.0000,-0.5000,0.8277,nan,nan
9.5706,5.6970,-7.2274,-0.3276,0.0000,-0.5000,0.8256,nan,nan
9.5791,5.6968,-7.2274,-0.3375,0.0000,-0.5000,0.8256,nan,nan
9.5906,5.6967,-7.2274,-0.3424,0.0000,-0.5000,0.8256,nan,nan
9.5991,5.6967,-7.2274,-0.3475,0.0000,-0.5000,0.8256,nan,nan
9.6091,5.6967,-7.2274,-0.3527,0.0000,-0.5000,0.8256,nan,nan
9.6214,5.6967,-7.2273,-0.3580,0.0000,-0.5000,0.8256,nan,nan
9.6294,5.6967,-7.2274,-0.3632,0.0000,-0.5000,0.8256,nan,nan
9.6417,5.6967,-7.2274,-0.3684,0.0000,-0.5000,0.8256,nan,nan
9.6489,5.6968,-7.2274,-0.3738,0.0000,-0.5000,0.8256,nan,nan
9.6596,5.6968,-7.2274,-0.3791,0.0000,-0.5000,0.8256,nan,nan
9.6688,5.6968,-7.2274,-0.3843,0.0000,-0.5000,0.8261,nan,nan
9.6794,5.6969,-7.2274,-0.3894,0.0000,-0.5000,0.8261,nan,nan
9.6893,5.6969,-7.2274,-0.3944,0.0000,-0.5000,0.8261,nan,nan
9.6993,5.6969,-7.2274,-0.3995,0.0000,-0.5000,0.8261,nan,nan
9.7093,5.6970,-7.2275,-0.4046,0.0000,-0.5000,0.8261,nan,nan
9.7191,5.6970,-7.2275,-0.4096,0.0000,-0.5000,0.8261,nan,nan
9.7298,5.6970,-7.2275,-0.4149,0.0000,-0.5000,0.8261,nan,nan
9.7410,5.6970,-7.2275,-0.4199,0.0000,-0.5000,0.8261,nan,nan
9.7491,5.6971,-7.2275,-0.4250,0.0000,-0.5000,0.8261,nan,nan
9.7596,5.6971,-7.2275,-0.4300,0.0000,-0.5000,0.8261,nan,nan
9.7707,5.6971,-7.2275,-0.4349,0.0000,-0.5000,0.8275,nan,nan
9.7800,5.6971,-7.2275,-0.4396,0.0000,-0.5000,0.8275,nan,nan
9.7898,5.6971,-7.2275,-0.4444,0.0000,-0.5000,0.8275,nan,nan
9.8008,5.6972,-7.2275,-0.4489,0.0000,-0.5000,0.8275,nan,nan
9.8091,5.6972,-7.2275,-0.4534,0.0000,-0.5000,0.8275,nan,nan
9.8193,5.6971,-7.2275,-0.4578,0.0000,-0.5000,0.8275,nan,nan
9.8292,5.6972,-7.2275,-0.4622,0.0000,-0.5000,0.8275,nan,nan
9.8395,5.6971,-7.2275,-0.4667,0.0000,-0.5000,0.8275,nan,nan
9.8489,5.6970,-7.2275,-0.4711,0.0000,-0.5000,0.8275,nan,nan
9.8596,5.6970,-7.2275,-0.4756,0.0000,-0.5000,0.8275,nan,nan
9.8691,5.6969,-7.2274,-0.4801,0.0000,-0.5000,0.8258,nan,nan
9.8800,5.6969,-7.2274,-0.4850,0.0000,-0.5000,0.8258,nan,nan
9.8896,5.6968,-7.2274,-0.4899,0.0000,-0.5000,0.8258,nan,nan
9.9038,5.6967,-7.2273,-0.4948,0.0000,-0.5000,0.8258,nan,nan
9.9090,5.6967,-7.2273,-0.5000,0.0000,-0.5000,0.8258,nan,nan
9.9191,5.6967,-7.2273,-0.5053,0.0000,-0.5000,0.8258,nan,nan
9.9296,5.6967,-7.2273,-0.5105,0.0000,-0.5000,0.8258,nan,nan
9.9392,5.6967,-7.2273,-0.5157,0.0000,-0.5000,0.8258,nan,nan
9.9497,5.6966,-7.2272,-0.5210,0.0000,-0.5000,0.8258,nan,nan
9.9617,5.6966,-7.2272,-0.5264,0.0000,-0.5000,0.8258,nan,nan
9.9707,5.6966,-7.2272,-0.5316,0.0000,-0.5000,0.8275,nan,nan
9.9790,5.6965,-7.2272,-0.5369,0.0000,-0.5000,0.8275,nan,nan
9.9894,5.6965,-7.2272,-0.5421,0.0000,-0.5000,0.8275,nan,nan
9.9998,5.6965,-7.2272,-0.5473,0.0000,-0.5000,0.8275,nan,nan
10.0106,5.6965,-7.2272,-0.5526,0.0000,-0.5000,0.8275,nan,nan
10.0207,5.6965,-7.2272,-0.5576,0.0000,-0.5000,0.8275,nan,nan
10.0292,5.6966,-7.2272,-0.5625,0.0000,-0.5000,0.8275,nan,nan
10.0389,5.6966,-7.2272,-0.5674,0.0000,-0.5000,0.8275,nan,nan
10.0506,5.6966,-7.2273,-0.5721,0.0000,-0.5000,0.8275,nan,nan
10.0589,5.6967,-7.2273,-0.5768,0.0000,-0.5000,0.8275,nan,nan
10.0688,5.6968,-7.2274,-0.5812,0.0000,-0.5000,0.8236,nan,nan
10.0792,5.6968,-7.2274,-0.5857,0.0000,-0.5000,0.8236,nan,nan
10.0894,5.6967,-7.2273,-0.5901,0.0000,-0.5000,0.8236,nan,nan
10.0989,5.6968,-7.2274,-0.5945,0.0000,-0.5000,0.8236,nan,nan
10.1094,5.6967,-7.2273,-0.5988,0.0000,-0.5000,0.8236,nan,nan
10.1198,5.6967,-7.2273,-0.6032,0.0000,-0.5000,0.8236,nan,nan
10.1295,5.6966,-7.2272,-0.6077,0.0000,-0.5000,0.8236,nan,nan
10.1398,5.6966,-7.2272,-0.6123,0.0000,-0.5000,0.8236,nan,nan
10.1509,5.6965,-7.2272,-0.6170,0.0000,-0.5000,0.8236,nan,nan
10.1592,5.6965,-7.2272,-0.6217,0.0000,-0.5000,0.8236,nan,nan
10.1692,5.6965,-7.2272,-0.6264,0.0000,-0.5000,0.8243,nan,nan
10.1789,5.6965,-7.2272,-0.6313,0.0000,-0.5000,0.8243,nan,nan
10.1888,5.6965,-7.2272,-0.6362,0.0000,-0.5000,0.8243,nan,nan
10.1986,5.6965,-7.2272,-0.6411,0.0000,-0.5000,0.8243,nan,nan
10.2086,5.6965,-7.2272,-0.6459,0.0000,-0.5000,0.8243,nan,nan
10.2199,5.6965,-7.2272,-0.6510,0.0000,-0.5000,0.8243,nan,nan
10.2288,5.6965,-7.2272,-0.6559,0.0000,-0.5000,0.8243,nan,nan
10.2386,5.6965,-7.2272,-0.6608,0.0000,-0.5000,0.8243,nan,nan
10.2487,5.6966,-7.2272,-0.6658,0.0000,-0.5000,0.8243,nan,nan
10.2599,5.6966,-7.2273,-0.6707,0.0000,-0.5000,0.8243,nan,nan
10.2698,5.6966,-7.2273,-0.6756,0.0000,-0.5000,0.8262,nan,nan
10.2793,5.6967,-7.2273,-0.6805,0.0000,-0.5000,0.8262,nan,nan
10.2893,5.6967,-7.2273,-0.6852,0.0000,-0.5000,0.8262,nan,nan
10.3125,5.6967,-7.2273,-0.6946,0.0000,-0.5000,0.8262,nan,nan
10.3200,5.6967,-7.2273,-0.6992,0.0000,-0.5000,0.8262,nan,nan
10.3293,5.6967,-7.2274,-0.7035,0.0000,-0.5000,0.8262,nan,nan
10.3391,5.6968,-7.2274,-0.7079,0.0000,-0.5000,0.8262,nan,nan
10.3492,5.6968,-7.2274,-0.7123,0.0000,-0.5000,0.8262,nan,nan
10.3615,5.6968,-7.2274,-0.7165,0.0000,-0.5000,0.8262,nan,nan
10.3693,5.6968,-7.2275,-0.7206,0.0000,-0.5000,0.8243,nan,nan
10.3790,5.6968,-7.2275,-0.7248,0.0000,-0.5000,0.8243,nan,nan
10.3894,5.6967,-7.2274,-0.7290,0.0000,-0.5000,0.8243,nan,nan
10.3989,5.6967,-7.2273,-0.7332,0.0000,-0.5000,0.8243,nan,nan
10.4092,5.6966,-7.2272,-0.7376,0.0000,-0.5000,0.8243,nan,nan
10.4187,5.6965,-7.2272,-0.7419,0.0000,-0.5000,0.8243,nan,nan
10.4289,5.6965,-7.2271,-0.7465,0.0000,-0.5000,0.8243,nan,nan
10.4393,5.6964,-7.2271,-0.7510,0.0000,-0.5000,0.8243,nan,nan
10.4486,5.6964,-7.2270,-0.7557,0.0000,-0.5000,0.8243,nan,nan
10.4598,5.6964,-7.2270,-0.7604,0.0000,-0.5000,0.8243,nan,nan
10.4688,5.6963,-7.2270,-0.7653,0.0000,-0.5000,0.8227,nan,nan
10.4797,5.6963,-7.2270,-0.7702,0.0000,-0.5000,0.8227,nan,nan
10.4893,5.6963,-7.2270,-0.7702,0.0000,-0.5000,0.8227,nan,nan
10.5005,5.6963,-7.2270,-0.7749,0.0000,-0.5000,0.8227,nan,nan
10.5097,5.6963,-7.2270,-0.7798,0.0000,-0.5000,0.8227,nan,nan
10.5193,5.6963,-7.2269,-0.7849,0.0000,-0.5000,0.8227,nan,nan
10.5289,5.6963,-7.2269,-0.7898,0.0000,-0.5000,0.8227,nan,nan
10.5391,5.6963,-7.2269,-0.7946,0.0000,-0.5000,0.8227,nan,nan
10.5491,5.6963,-7.2270,-0.7997,0.0000,-0.5000,0.8227,nan,nan
10.5590,5.6963,-7.2270,-0.8046,0.0000,-0.5000,0.8227,nan,nan
10.5704,5.6963,-7.2270,-0.8097,0.0000,-0.5000,0.8233,nan,nan
10.5790,5.6963,-7.2270,-0.8145,0.0000,-0.5000,0.8233,nan,nan
10.5894,5.6963,-7.2270,-0.8196,0.0000,-0.5000,0.8233,nan,nan
10.6001,5.6964,-7.2271,-0.8245,0.0000,-0.5000,0.8233,nan,nan
10.6091,5.6964,-7.2271,-0.8294,0.0000,-0.5000,0.8233,nan,nan
10.6195,5.6965,-7.2271,-0.8341,0.0000,-0.5000,0.8233,nan,nan
10.6293,5.6965,-7.2272,-0.8390,0.0000,-0.5000,0.8233,nan,nan
10.6392,5.6965,-7.2272,-0.8437,0.0000,-0.5000,0.8233,nan,nan
10.6486,5.6965,-7.2272,-0.8482,0.0000,-0.5000,0.8233,nan,nan
10.6591,5.6964,-7.2271,-0.8529,0.0000,-0.5000,0.8233,nan,nan
10.6724,5.6964,-7.2270,-0.8575,0.0000,-0.5000,0.8228,nan,nan
10.6814,5.6963,-7.2270,-0.8620,0.0000,-0.5000,0.8228,nan,nan
10.6903,5.6963,-7.2269,-0.8666,0.0000,-0.5000,0.8228,nan,nan
10.6999,5.6962,-7.2268,-0.8713,0.0000,-0.5000,0.8228,nan,nan
10.7096,5.6962,-7.2268,-0.8758,0.0000,-0.5000,0.8228,nan,nan
10.7197,5.6962,-7.2268,-0.8807,0.0000,-0.5000,0.8228,nan,nan
10.7297,5.6962,-7.2268,-0.8854,0.0000,-0.5000,0.8228,nan,nan
10.7392,5.6962,-7.2268,-0.8903,0.0000,-0.5000,0.8228,nan,nan
10.7505,5.6962,-7.2268,-0.8950,0.0000,-0.5000,0.8228,nan,nan
10.7594,5.6962,-7.2268,-0.8999,0.0000,-0.5000,0.8198,nan,nan
10.7692,5.6962,-7.2268,-0.9048,0.0000,-0.5000,0.8198,nan,nan
10.7798,5.6962,-7.2269,-0.9097,0.0000,-0.5000,0.8198,nan,nan
10.7890,5.6962,-7.2269,-0.9146,0.0000,-0.5000,0.8198,nan,nan
10.7989,5.6963,-7.2269,-0.9194,0.0000,-0.5000,0.8198,nan,nan
10.8092,5.6963,-7.2270,-0.9245,0.0000,-0.5000,0.8198,nan,nan
10.8214,5.6964,-7.2271,-0.9294,0.0000,-0.5000,0.8198,nan,nan
10.8293,5.6964,-7.2271,-0.9346,0.0000,-0.5000,0.8198,nan,nan
10.8413,5.6965,-7.2272,-0.9397,0.0000,-0.5000,0.8198,nan,nan
10.8503,5.6965,-7.2272,-0.9446,0.0000,-0.5000,0.8198,nan,nan
10.8605,5.6965,-7.2273,-0.9495,0.0000,-0.5000,0.8221,nan,nan
10.8689,5.6966,-7.2273,-0.9543,0.0000,-0.5000,0.8221,nan,nan
10.8797,5.6966,-7.2274,-0.9591,0.0000,-0.5000,0.8221,nan,nan
10.8891,5.6966,-7.2274,-0.9638,0.0000,-0.5000,0.8221,nan,nan
10.9014,5.6966,-7.2274,-0.9683,0.0000,-0.5000,0.8221,nan,nan
10.9122,5.6966,-7.2274,-0.9728,0.0000,-0.5000,0.8221,nan,nan
10.9208,5.6966,-7.2274,-0.9772,0.0000,-0.5000,0.8221,nan,nan
10.9292,5.6966,-7.2274,-0.9816,0.0000,-0.5000,0.8221,nan,nan
10.9387,5.6966,-7.2273,-0.9861,0.0000,-0.5000,0.8221,nan,nan
10.9497,5.6965,-7.2272,-0.9905,0.0000,-0.5000,0.8221,nan,nan
10.9595,5.6964,-7.2271,-0.9948,0.0000,-0.5000,0.8252,nan,nan
10.9738,5.6963,-7.2269,-1.0039,0.0000,-0.5000,0.8252,nan,nan
10.9786,5.6963,-7.2269,-1.0039,0.0000,-0.5000,0.8252,nan,nan
10.9886,5.6963,-7.2268,-1.0085,0.0000,-0.5000,0.8252,nan,nan
10.9985,5.6962,-7.2268,-1.0132,0.0000,-0.5000,0.8252,nan,nan
11.0087,5.6962,-7.2268,-1.0179,0.0000,-0.5000,0.8252,nan,nan
11.0192,5.6962,-7.2268,-1.0226,0.0000,-0.5000,0.8252,nan,nan
11.0291,5.6962,-7.2267,-1.0275,0.0000,-0.5000,0.8252,nan,nan
11.0396,5.6962,-7.2267,-1.0325,0.0000,-0.5000,0.8252,nan,nan
11.0494,5.6962,-7.2267,-1.0374,0.0000,-0.5000,0.8252,nan,nan
11.0607,5.6962,-7.2267,-1.0425,0.0000,-0.5000,0.8206,nan,nan
11.0688,5.6962,-7.2267,-1.0475,0.0000,-0.5000,0.8206,nan,nan
11.0794,5.6961,-7.2267,-1.0526,0.0000,-0.5000,0.8206,nan,nan
11.0896,5.6961,-7.2266,-1.0577,0.0000,-0.5000,0.8206,nan,nan
11.0992,5.6961,-7.2266,-1.0627,0.0000,-0.5000,0.8206,nan,nan
11.1089,5.6962,-7.2267,-1.0678,0.0000,-0.5000,0.8206,nan,nan
11.1197,5.6962,-7.2267,-1.0730,0.0000,-0.5000,0.8206,nan,nan
11.1290,5.6962,-7.2267,-1.0779,0.0000,-0.5000,0.8206,nan,nan
11.1390,5.6962,-7.2267,-1.0830,0.0000,-0.5000,0.8206,nan,nan
11.1492,5.6962,-7.2268,-1.0879,0.0000,-0.5000,0.8206,nan,nan
11.1591,5.6962,-7.2268,-1.0928,0.0000,-0.5000,0.8206,nan,nan
11.1846,5.6963,-7.2269,-1.1069,0.0000,-0.5000,0.8236,nan,nan
11.1892,5.6963,-7.2269,-1.1069,0.0000,-0.5000,0.8236,nan,nan
11.1988,5.6962,-7.2268,-1.1116,0.0000,-0.5000,0.8236,nan,nan
11.2092,5.6962,-7.2268,-1.1163,0.0000,-0.5000,0.8236,nan,nan
11.2198,5.6962,-7.2267,-1.1210,0.0000,-0.5000,0.8236,nan,nan
11.2294,5.6961,-7.2265,-1.1257,0.0000,-0.5000,0.8236,nan,nan
11.2388,5.6961,-7.2265,-1.1306,0.0000,-0.5000,0.8236,nan,nan
11.2488,5.6960,-7.2264,-1.1355,0.0000,-0.5000,0.8236,nan,nan
11.2592,5.6960,-7.2264,-1.1404,0.0000,-0.5000,0.8236,nan,nan
11.2687,5.6960,-7.2264,-1.1455,0.0000,-0.5000,0.8212,nan,nan
11.2797,5.6961,-7.2264,-1.1505,0.0000,-0.5000,0.8212,nan,nan
11.2891,5.6961,-7.2264,-1.1556,0.0000,-0.5000,0.8212,nan,nan
11.3000,5.6961,-7.2265,-1.1606,0.0000,-0.5000,0.8212,nan,nan
11.3108,5.6961,-7.2265,-1.1657,0.0000,-0.5000,0.8212,nan,nan
11.3203,5.6961,-7.2265,-1.1708,0.0000,-0.5000,0.8212,nan,nan
11.3298,5.6961,-7.2266,-1.1758,0.0000,-0.5000,0.8212,nan,nan
11.3390,5.6961,-7.2266,-1.1807,0.0000,-0.5000,0.8212,nan,nan
11.3491,5.6961,-7.2267,-1.1856,0.0000,-0.5000,0.8212,nan,nan
11.3587,5.6962,-7.2267,-1.1907,0.0000,-0.5000,0.8212,nan,nan
11.3688,5.6962,-7.2267,-1.1956,0.0000,-0.5000,0.8212,nan,nan
11.3797,5.6962,-7.2268,-1.2003,0.0000,-0.5000,0.8212,nan,nan
11.3892,5.6962,-7.2268,-1.2051,0.0000,-0.5000,0.8212,nan,nan
11.3986,5.6962,-7.2269,-1.2099,0.0000,-0.5000,0.8212,nan,nan
11.4094,5.6963,-7.2270,-1.2146,0.0000,-0.5000,0.8212,nan,nan
11.4194,5.6963,-7.2270,-1.2193,0.0000,-0.5000,0.8212,nan,nan
11.4296,5.6963,-7.2271,-1.2240,0.0000,-0.5000,0.8212,nan,nan
11.4390,5.6963,-7.2271,-1.2285,0.0000,-0.5000,0.8212,nan,nan
11.4489,5.6963,-7.2271,-1.2331,0.0000,-0.5000,0.8212,nan,nan
11.4591,5.6963,-7.2271,-1.2374,0.0000,-0.5000,0.8212,nan,nan
11.4709,5.6963,-7.2271,-1.2418,0.0000,-0.5000,0.8234,nan,nan
11.4800,5.6963,-7.2270,-1.2462,0.0000,-0.5000,0.8234,nan,nan
11.4889,5.6962,-7.2268,-1.2504,0.0000,-0.5000,0.8234,nan,nan
11.4993,5.6962,-7.2267,-1.2545,0.0000,-0.5000,0.8234,nan,nan
11.5088,5.6962,-7.2267,-1.2589,0.0000,-0.5000,0.8234,nan,nan
11.5193,5.6961,-7.2265,-1.2631,0.0000,-0.5000,0.8234,nan,nan
11.5295,5.6961,-7.2265,-1.2675,0.0000,-0.5000,0.8234,nan,nan
11.5400,5.6961,-7.2264,-1.2718,0.0000,-0.5000,0.8234,nan,nan
11.5492,5.6961,-7.2264,-1.2764,0.0000,-0.5000,0.8234,nan,nan
11.5598,5.6961,-7.2263,-1.2807,0.0000,-0.5000,0.8234,nan,nan
11.5699,5.6961,-7.2264,-1.2851,0.0000,-0.5000,0.8238,nan,nan
11.5796,5.6961,-7.2264,-1.2896,0.0000,-0.5000,0.8238,nan,nan
11.5891,5.6961,-7.2264,-1.2940,0.0000,-0.5000,0.8238,nan,nan
11.5988,5.6961,-7.2266,-1.2985,0.0000,-0.5000,0.8238,nan,nan
11.6092,5.6962,-7.2266,-1.3029,0.0000,-0.5000,0.8238,nan,nan
11.6194,5.6961,-7.2266,-1.3074,0.0000,-0.5000,0.8238,nan,nan
11.6312,5.6961,-7.2266,-1.3118,0.0000,-0.5000,0.8238,nan,nan
11.6404,5.6962,-7.2267,-1.3163,0.0000,-0.5000,0.8238,nan,nan
11.6489,5.6962,-7.2267,-1.3209,0.0000,-0.5000,0.8238,nan,nan
11.6593,5.6962,-7.2267,-1.3254,0.0000,-0.5000,0.8238,nan,nan
11.6697,5.6962,-7.2268,-1.3299,0.0000,-0.5000,0.8250,nan,nan
11.6790,5.6962,-7.2267,-1.3345,0.0000,-0.5000,0.8250,nan,nan
11.6896,5.6962,-7.2268,-1.3392,0.0000,-0.5000,0.8250,nan,nan
11.7001,5.6962,-7.2268,-1.3439,0.0000,-0.5000,0.8250,nan,nan
11.7086,5.6962,-7.2268,-1.3486,0.0000,-0.5000,0.8250,nan,nan
11.7202,5.6962,-7.2268,-1.3533,0.0000,-0.5000,0.8250,nan,nan
11.7296,5.6962,-7.2269,-1.3582,0.0000,-0.5000,0.8250,nan,nan
11.7392,5.6962,-7.2269,-1.3631,0.0000,-0.5000,0.8250,nan,nan
11.7493,5.6962,-7.2269,-1.3680,0.0000,-0.5000,0.8250,nan,nan
11.7591,5.6962,-7.2268,-1.3731,0.0000,-0.5000,0.8250,nan,nan
11.7692,5.6962,-7.2267,-1.3779,0.0000,-0.5000,0.8252,nan,nan
11.7789,5.6962,-7.2266,-1.3832,0.0000,-0.5000,0.8252,nan,nan
11.7889,5.6961,-7.2265,-1.3882,0.0000,-0.5000,0.8252,nan,nan
11.8143,5.6961,-7.2263,-1.4039,0.0000,-0.5000,0.8252,nan,nan
11.8201,5.6961,-7.2263,-1.4039,0.0000,-0.5000,0.8252,nan,nan
11.8303,5.6961,-7.2263,-1.4092,0.0000,-0.5000,0.8252,nan,nan
11.8394,5.6961,-7.2264,-1.4146,0.0000,-0.5000,0.8252,nan,nan
11.8489,5.6961,-7.2264,-1.4200,0.0000,-0.5000,0.8252,nan,nan
11.8594,5.6961,-7.2264,-1.4254,0.0000,-0.5000,0.8252,nan,nan
11.8696,5.6961,-7.2264,-1.4306,0.0000,-0.5000,0.8243,nan,nan
11.8797,5.6961,-7.2265,-1.4361,0.0000,-0.5000,0.8243,nan,nan
11.8893,5.6961,-7.2265,-1.4413,0.0000,-0.5000,0.8243,nan,nan
11.8999,5.6961,-7.2266,-1.4464,0.0000,-0.5000,0.8243,nan,nan
11.9089,5.6961,-7.2266,-1.4514,0.0000,-0.5000,0.8243,nan,nan
11.9364,5.6962,-7.2268,-1.4661,0.0000,-0.5000,0.8243,nan,nan
11.9391,5.6962,-7.2268,-1.4661,0.0000,-0.5000,0.8243,nan,nan
11.9485,5.6962,-7.2269,-1.4708,0.0000,-0.5000,0.8243,nan,nan
11.9594,5.6962,-7.2269,-1.4753,0.0000,-0.5000,0.8243,nan,nan
11.9689,5.6962,-7.2270,-1.4797,0.0000,-0.5000,0.8234,nan,nan
11.9798,5.6962,-7.2270,-1.4842,0.0000,-0.5000,0.8234,nan,nan
11.9901,5.6962,-7.2271,-1.4884,0.0000,-0.5000,0.8234,nan,nan
11.9986,5.6962,-7.2271,-1.4928,0.0000,-0.5000,0.8234,nan,nan
12.0087,5.6962,-7.2270,-1.4971,0.0000,-0.5000,0.8234,nan,nan
12.0188,5.6962,-7.2271,-1.5015,0.0000,-0.5000,0.8234,nan,nan
12.0287,5.6962,-7.2270,-1.5059,0.0000,-0.5000,0.8234,nan,nan
12.0426,5.6962,-7.2268,-1.5149,0.0000,-0.5000,0.8234,nan,nan
12.0496,5.6962,-7.2268,-1.5149,0.0000,-0.5000,0.8234,nan,nan
12.0592,5.6962,-7.2267,-1.5195,0.0000,-0.5000,0.8234,nan,nan
12.0699,5.6962,-7.2266,-1.5242,0.0000,-0.5000,0.8255,nan,nan
12.0786,5.6962,-7.2265,-1.5289,0.0000,-0.5000,0.8255,nan,nan
12.0891,5.6962,-7.2265,-1.5338,0.0000,-0.5000,0.8255,nan,nan
12.0987,5.6962,-7.2264,-1.5387,0.0000,-0.5000,0.8255,nan,nan
12.1087,5.6962,-7.2264,-1.5436,0.0000,-0.5000,0.8255,nan,nan
12.1193,5.6962,-7.2264,-1.5486,0.0000,-0.5000,0.8255,nan,nan
12.1293,5.6962,-7.2264,-1.5537,0.0000,-0.5000,0.8255,nan,nan
12.1394,5.6962,-7.2264,-1.5588,0.0000,-0.5000,0.8255,nan,nan
12.1507,5.6962,-7.2264,-1.5638,0.0000,-0.5000,0.8255,nan,nan
12.1590,5.6962,-7.2264,-1.5687,0.0000,-0.5000,0.8255,nan,nan
12.1714,5.6962,-7.2264,-1.5738,0.0000,-0.5000,0.8251,nan,nan
12.1808,5.6962,-7.2264,-1.5787,0.0000,-0.5000,0.8251,nan,nan
12.1893,5.6962,-7.2264,-1.5835,0.0000,-0.5000,0.8251,nan,nan
12.1992,5.6962,-7.2264,-1.5884,0.0000,-0.5000,0.8251,nan,nan
12.2092,5.6962,-7.2264,-1.5931,0.0000,-0.5000,0.8251,nan,nan
12.2207,5.6962,-7.2265,-1.5978,0.0000,-0.5000,0.8251,nan,nan
12.2292,5.6962,-7.2265,-1.6024,0.0000,-0.5000,0.8251,nan,nan
12.2392,5.6962,-7.2265,-1.6069,0.0000,-0.5000,0.8251,nan,nan
12.2495,5.6962,-7.2266,-1.6115,0.0000,-0.5000,0.8251,nan,nan
12.2596,5.6961,-7.2267,-1.6158,0.0000,-0.5000,0.8251,nan,nan
12.2693,5.6961,-7.2267,-1.6204,0.0000,-0.5000,0.8249,nan,nan
12.2808,5.6961,-7.2267,-1.6291,0.0000,-0.5000,0.8249,nan,nan
12.2970,5.6961,-7.2267,-1.6291,0.0000,-0.5000,0.8249,nan,nan
12.2984,5.6961,-7.2268,-1.6335,0.0000,-0.5000,0.8249,nan,nan
12.3088,5.6961,-7.2267,-1.6378,0.0000,-0.5000,0.8249,nan,nan
12.3192,5.6962,-7.2266,-1.6425,0.0000,-0.5000,0.8249,nan,nan
12.3294,5.6962,-7.2266,-1.6471,0.0000,-0.5000,0.8249,nan,nan
12.3394,5.6962,-7.2265,-1.6520,0.0000,-0.5000,0.8249,nan,nan
12.3489,5.6962,-7.2265,-1.6568,0.0000,-0.5000,0.8249,nan,nan
12.3595,5.6962,-7.2265,-1.6617,0.0000,-0.5000,0.8249,nan,nan
12.3696,5.6962,-7.2265,-1.6670,0.0000,-0.5000,0.8217,nan,nan
12.3791,5.6962,-7.2266,-1.6722,0.0000,-0.5000,0.8217,nan,nan
12.3899,5.6961,-7.2267,-1.6776,0.0000,-0.5000,0.8217,nan,nan
12.3985,5.6961,-7.2267,-1.6830,0.0000,-0.5000,0.8217,nan,nan
12.4092,5.6961,-7.2267,-1.6886,0.0000,-0.5000,0.8217,nan,nan
12.4192,5.6961,-7.2268,-1.6942,0.0000,-0.5000,0.8217,nan,nan
12.4289,5.6961,-7.2268,-1.6998,0.0000,-0.5000,0.8217,nan,nan
12.4395,5.6961,-7.2268,-1.7054,0.0000,-0.5000,0.8217,nan,nan
12.4486,5.6961,-7.2268,-1.7109,0.0000,-0.5000,0.8217,nan,nan
12.4591,5.6961,-7.2268,-1.7164,0.0000,-0.5000,0.8217,nan,nan
12.4714,5.6961,-7.2268,-1.7218,0.0000,-0.5000,0.8249,nan,nan
12.4792,5.6961,-7.2268,-1.7270,0.0000,-0.5000,0.8249,nan,nan
12.4894,5.6961,-7.2268,-1.7322,0.0000,-0.5000,0.8249,nan,nan
12.4993,5.6961,-7.2269,-1.7373,0.0000,-0.5000,0.8249,nan,nan
12.5092,5.6961,-7.2269,-1.7422,0.0000,-0.5000,0.8249,nan,nan
12.5192,5.6961,-7.2269,-1.7471,0.0000,-0.5000,0.8249,nan,nan
12.5293,5.6961,-7.2269,-1.7518,0.0000,-0.5000,0.8249,nan,nan
12.5393,5.6961,-7.2269,-1.7565,0.0000,-0.5000,0.8249,nan,nan
12.5495,5.6961,-7.2269,-1.7610,0.0000,-0.5000,0.8249,nan,nan
12.5594,5.6961,-7.2269,-1.7656,0.0000,-0.5000,0.8249,nan,nan
12.5693,5.6961,-7.2269,-1.7701,0.0000,-0.5000,0.8269,nan,nan
12.5798,5.6961,-7.2268,-1.7745,0.0000,-0.5000,0.8269,nan,nan
12.5891,5.6961,-7.2268,-1.7790,0.0000,-0.5000,0.8269,nan,nan
12.5987,5.6962,-7.2267,-1.7836,0.0000,-0.5000,0.8269,nan,nan
12.6109,5.6962,-7.2266,-1.7836,0.0000,-0.5000,0.8269,nan,nan
12.6206,5.6962,-7.2266,-1.7881,0.0000,-0.5000,0.8269,nan,nan
12.6294,5.6962,-7.2266,-1.7926,0.0000,-0.5000,0.8269,nan,nan
12.6396,5.6962,-7.2266,-1.8021,0.0000,-0.5000,0.8269,nan,nan
12.6491,5.6962,-7.2266,-1.8021,0.0000,-0.5000,0.8269,nan,nan
12.6612,5.6961,-7.2267,-1.8117,0.0000,-0.5000,0.8187,nan,nan
12.6704,5.6961,-7.2267,-1.8117,0.0000,-0.5000,0.8187,nan,nan
12.6799,5.6961,-7.2268,-1.8165,0.0000,-0.5000,0.8187,nan,nan
12.6892,5.6961,-7.2268,-1.8214,0.0000,-0.5000,0.8187,nan,nan
12.6992,5.6961,-7.2268,-1.8263,0.0000,-0.5000,0.8187,nan,nan
12.7113,5.6962,-7.2267,-1.8361,0.0000,-0.5000,0.8187,nan,nan
12.7202,5.6962,-7.2267,-1.8361,0.0000,-0.5000,0.8187,nan,nan
12.7309,5.6962,-7.2267,-1.8408,0.0000,-0.5000,0.8187,nan,nan
12.7410,5.6962,-7.2266,-1.8455,0.0000,-0.5000,0.8187,nan,nan
12.7493,5.6962,-7.2266,-1.8504,0.0000,-0.5000,0.8187,nan,nan
12.7592,5.6962,-7.2266,-1.8551,0.0000,-0.5000,0.8187,nan,nan
12.7692,5.6962,-7.2266,-1.8598,0.0000,-0.5000,0.8209,nan,nan
12.7793,5.6962,-7.2266,-1.8644,0.0000,-0.5000,0.8209,nan,nan
12.7891,5.6962,-7.2266,-1.8689,0.0000,-0.5000,0.8209,nan,nan
12.7989,5.6962,-7.2265,-1.8734,0.0000,-0.5000,0.8209,nan,nan
12.8091,5.6962,-7.2266,-1.8780,0.0000,-0.5000,0.8209,nan,nan
12.8207,5.6962,-7.2266,-1.8823,0.0000,-0.5000,0.8209,nan,nan
12.8297,5.6962,-7.2266,-1.8867,0.0000,-0.5000,0.8209,nan,nan
12.8394,5.6962,-7.2266,-1.8953,0.0000,-0.5000,0.8209,nan,nan
12.8511,5.6962,-7.2266,-1.8994,0.0000,-0.5000,0.8209,nan,nan
12.8598,5.6962,-7.2266,-1.9038,0.0000,-0.5000,0.8215,nan,nan
12.8690,5.6962,-7.2266,-1.9038,0.0000,-0.5000,0.8215,nan,nan
12.8796,5.6962,-7.2265,-1.9125,0.0000,-0.5000,0.8215,nan,nan
12.8892,5.6962,-7.2265,-1.9169,0.0000,-0.5000,0.8215,nan,nan
12.8986,5.6962,-7.2265,-1.9169,0.0000,-0.5000,0.8215,nan,nan
12.9096,5.6962,-7.2264,-1.9213,0.0000,-0.5000,0.8215,nan,nan
12.9202,5.6962,-7.2264,-1.9258,0.0000,-0.5000,0.8215,nan,nan
12.9306,5.6962,-7.2265,-1.9303,0.0000,-0.5000,0.8215,nan,nan
12.9393,5.6962,-7.2265,-1.9352,0.0000,-0.5000,0.8215,nan,nan
12.9497,5.6962,-7.2266,-1.9450,0.0000,-0.5000,0.8215,nan,nan
12.9593,5.6962,-7.2266,-1.9501,0.0000,-0.5000,0.8215,nan,nan
12.9693,5.6962,-7.2266,-1.9551,0.0000,-0.5000,0.8200,nan,nan
12.9844,5.6962,-7.2266,-1.9604,0.0000,-0.5000,0.8200,nan,nan
12.9903,5.6962,-7.2266,-1.9656,0.0000,-0.5000,0.8200,nan,nan
12.9991,5.6962,-7.2266,-1.9656,0.0000,-0.5000,0.8200,nan,nan
13.0108,5.6962,-7.2266,-1.9761,0.0000,-0.5000,0.8200,nan,nan
13.0195,5.6962,-7.2266,-1.9761,0.0000,-0.5000,0.8200,nan,nan
13.0294,5.6961,-7.2267,-1.9864,0.0000,-0.5000,0.8200,nan,nan
13.0389,5.6961,-7.2267,-1.9864,0.0000,-0.5000,0.8200,nan,nan
13.0504,5.6961,-7.2267,-1.9914,0.0000,-0.5000,0.8200,nan,nan
13.0601,5.6961,-7.2268,-2.0014,0.0000,-0.5000,0.8200,nan,nan
13.0699,5.6961,-7.2268,-2.0061,0.0000,-0.5000,0.8202,nan,nan
13.0788,5.6961,-7.2268,-2.0108,0.0000,-0.5000,0.8202,nan,nan
13.0887,5.6960,-7.2269,-2.0155,0.0000,-0.5000,0.8202,nan,nan
13.1004,5.6960,-7.2269,-2.0200,0.0000,-0.5000,0.8202,nan,nan
13.1091,5.6960,-7.2269,-2.0200,0.0000,-0.5000,0.8202,nan,nan
13.1210,5.6961,-7.2268,-2.0289,0.0000,-0.5000,0.8202,nan,nan
13.1299,5.6961,-7.2268,-2.0333,0.0000,-0.5000,0.8202,nan,nan
13.1393,5.6961,-7.2267,-2.0377,0.0000,-0.5000,0.8202,nan,nan
13.1487,5.6961,-7.2267,-2.0420,0.0000,-0.5000,0.8202,nan,nan
13.1600,5.6962,-7.2267,-2.0464,0.0000,-0.5000,0.8221,nan,nan
13.1694,5.6962,-7.2266,-2.0509,0.0000,-0.5000,0.8221,nan,nan
13.1787,5.6962,-7.2266,-2.0555,0.0000,-0.5000,0.8221,nan,nan
13.1891,5.6962,-7.2266,-2.0600,0.0000,-0.5000,0.8221,nan,nan
13.1987,5.6962,-7.2266,-2.0647,0.0000,-0.5000,0.8221,nan,nan
13.2095,5.6962,-7.2266,-2.0694,0.0000,-0.5000,0.8221,nan,nan
13.2213,5.6962,-7.2266,-2.0741,0.0000,-0.5000,0.8221,nan,nan
13.2288,5.6962,-7.2266,-2.0790,0.0000,-0.5000,0.8221,nan,nan
13.2388,5.6962,-7.2265,-2.0841,0.0000,-0.5000,0.8221,nan,nan
13.2491,5.6962,-7.2265,-2.0892,0.0000,-0.5000,0.8221,nan,nan
13.2593,5.6963,-7.2265,-2.0944,0.0000,-0.5000,0.8187,nan,nan
13.2692,5.6963,-7.2264,-2.0996,0.0000,-0.5000,0.8187,nan,nan
13.2807,5.6963,-7.2264,-2.1049,0.0000,-0.5000,0.8187,nan,nan
13.2913,5.6963,-7.2264,-2.1101,0.0000,-0.5000,0.8187,nan,nan
13.3002,5.6963,-7.2265,-2.1153,0.0000,-0.5000,0.8187,nan,nan
13.3091,5.6962,-7.2265,-2.1206,0.0000,-0.5000,0.8187,nan,nan
13.3188,5.6962,-7.2265,-2.1256,0.0000,-0.5000,0.8187,nan,nan
13.3318,5.6962,-7.2266,-2.1309,0.0000,-0.5000,0.8187,nan,nan
13.3398,5.6962,-7.2267,-2.1359,0.0000,-0.5000,0.8187,nan,nan
13.3493,5.6961,-7.2267,-2.1410,0.0000,-0.5000,0.8187,nan,nan
13.3603,5.6961,-7.2267,-2.1461,0.0000,-0.5000,0.8181,nan,nan
13.3685,5.6961,-7.2267,-2.1509,0.0000,-0.5000,0.8181,nan,nan
13.3795,5.6961,-7.2267,-2.1558,0.0000,-0.5000,0.8181,nan,nan
13.3887,5.6961,-7.2267,-2.1607,0.0000,-0.5000,0.8181,nan,nan
13.3990,5.6962,-7.2266,-2.1656,0.0000,-0.5000,0.8181,nan,nan
13.4091,5.6962,-7.2265,-2.1703,0.0000,-0.5000,0.8181,nan,nan
13.4193,5.6963,-7.2265,-2.1752,0.0000,-0.5000,0.8181,nan,nan
13.4299,5.6963,-7.2265,-2.1799,0.0000,-0.5000,0.8181,nan,nan
13.4410,5.6963,-7.2264,-2.1848,0.0000,-0.5000,0.8181,nan,nan
13.4494,5.6963,-7.2264,-2.1897,0.0000,-0.5000,0.8181,nan,nan
13.4593,5.6963,-7.2265,-2.1948,0.0000,-0.5000,0.8208,nan,nan
13.4689,5.6963,-7.2265,-2.1996,0.0000,-0.5000,0.8208,nan,nan
13.4806,5.6962,-7.2265,-2.2049,0.0000,-0.5000,0.8208,nan,nan
13.4895,5.6962,-7.2266,-2.2099,0.0000,-0.5000,0.8208,nan,nan
13.5001,5.6961,-7.2267,-2.2152,0.0000,-0.5000,0.8208,nan,nan
13.5106,5.6961,-7.2267,-2.2204,0.0000,-0.5000,0.8208,nan,nan
13.5193,5.6961,-7.2266,-2.2256,0.0000,-0.5000,0.8208,nan,nan
13.5293,5.6962,-7.2266,-2.2309,0.0000,-0.5000,0.8208,nan,nan
13.5391,5.6962,-7.2266,-2.2363,0.0000,-0.5000,0.8208,nan,nan
13.5497,5.6962,-7.2266,-2.2415,0.0000,-0.5000,0.8208,nan,nan
13.5598,5.6962,-7.2266,-2.2469,0.0000,-0.5000,0.8232,nan,nan
13.5689,5.6962,-7.2266,-2.2522,0.0000,-0.5000,0.8232,nan,nan
13.5788,5.6961,-7.2266,-2.2574,0.0000,-0.5000,0.8232,nan,nan
13.5888,5.6961,-7.2267,-2.2625,0.0000,-0.5000,0.8232,nan,nan
13.5994,5.6961,-7.2267,-2.2675,0.0000,-0.5000,0.8232,nan,nan
13.6087,5.6960,-7.2268,-2.2724,0.0000,-0.5000,0.8232,nan,nan
13.6191,5.6960,-7.2268,-2.2773,0.0000,-0.5000,0.8232,nan,nan
13.6294,5.6960,-7.2268,-2.2822,0.0000,-0.5000,0.8232,nan,nan
13.6397,5.6961,-7.2268,-2.2869,0.0000,-0.5000,0.8232,nan,nan
13.6495,5.6961,-7.2267,-2.2916,0.0000,-0.5000,0.8232,nan,nan
13.6595,5.6962,-7.2266,-2.2963,0.0000,-0.5000,0.8191,nan,nan
13.6692,5.6962,-7.2266,-2.3010,0.0000,-0.5000,0.8191,nan,nan
13.6789,5.6963,-7.2264,-2.3058,0.0000,-0.5000,0.8191,nan,nan
13.6893,5.6964,-7.2264,-2.3103,0.0000,-0.5000,0.8191,nan,nan
13.7082,5.6964,-7.2263,-2.3148,0.0000,-0.5000,0.8191,nan,nan
13.7090,5.6965,-7.2263,-2.3194,0.0000,-0.5000,0.8191,nan,nan
13.7193,5.6965,-7.2262,-2.3239,0.0000,-0.5000,0.8191,nan,nan
13.7289,5.6965,-7.2263,-2.3284,0.0000,-0.5000,0.8191,nan,nan
13.7389,5.6965,-7.2262,-2.3330,0.0000,-0.5000,0.8191,nan,nan
13.7494,5.6965,-7.2263,-2.3375,0.0000,-0.5000,0.8191,nan,nan
13.7638,5.6965,-7.2263,-2.3421,0.0000,-0.5000,0.8213,nan,nan
13.7726,5.6965,-7.2263,-2.3466,0.0000,-0.5000,0.8213,nan,nan
13.7796,5.6965,-7.2263,-2.3511,0.0000,-0.5000,0.8213,nan,nan
13.7893,5.6965,-7.2263,-2.3558,0.0000,-0.5000,0.8213,nan,nan
13.7992,5.6965,-7.2263,-2.3606,0.0000,-0.5000,0.8213,nan,nan
13.8098,5.6965,-7.2262,-2.3654,0.0000,-0.5000,0.8213,nan,nan
13.8190,5.6965,-7.2262,-2.3703,0.0000,-0.5000,0.8213,nan,nan
13.8292,5.6965,-7.2262,-2.3752,0.0000,-0.5000,0.8213,nan,nan
13.8394,5.6965,-7.2263,-2.3801,0.0000,-0.5000,0.8213,nan,nan
13.8510,5.6965,-7.2263,-2.3850,0.0000,-0.5000,0.8213,nan,nan
13.8621,5.6965,-7.2263,-2.3901,0.0000,-0.5000,0.8228,nan,nan
13.8690,5.6964,-7.2263,-2.3951,0.0000,-0.5000,0.8228,nan,nan
13.8811,5.6964,-7.2264,-2.4000,0.0000,-0.5000,0.8228,nan,nan
13.8896,5.6963,-7.2264,-2.4051,0.0000,-0.5000,0.8228,nan,nan
13.9040,5.6963,-7.2264,-2.4101,0.0000,-0.5000,0.8228,nan,nan
13.9096,5.6963,-7.2264,-2.4150,0.0000,-0.5000,0.8228,nan,nan
13.9194,5.6963,-7.2264,-2.4201,0.0000,-0.5000,0.8228,nan,nan
13.9295,5.6963,-7.2264,-2.4250,0.0000,-0.5000,0.8228,nan,nan
13.9391,5.6964,-7.2264,-2.4300,0.0000,-0.5000,0.8228,nan,nan
13.9501,5.6964,-7.2263,-2.4349,0.0000,-0.5000,0.8228,nan,nan
13.9590,5.6965,-7.2263,-2.4398,0.0000,-0.5000,0.8179,nan,nan
13.9700,5.6965,-7.2263,-2.4449,0.0000,-0.5000,0.8179,nan,nan
13.9798,5.6965,-7.2263,-2.4497,0.0000,-0.5000,0.8179,nan,nan
13.9891,5.6965,-7.2263,-2.4548,0.0000,-0.5000,0.8179,nan,nan
14.0013,5.6965,-7.2263,-2.4599,0.0000,-0.5000,0.8179,nan,nan
14.0092,5.6965,-7.2263,-2.4648,0.0000,-0.5000,0.8179,nan,nan
14.0195,5.6965,-7.2263,-2.4698,0.0000,-0.5000,0.8179,nan,nan
14.0299,5.6965,-7.2263,-2.4749,0.0000,-0.5000,0.8179,nan,nan
14.0395,5.6965,-7.2263,-2.4799,0.0000,-0.5000,0.8179,nan,nan
14.0513,5.6964,-7.2263,-2.4852,0.0000,-0.5000,0.8179,nan,nan
14.0593,5.6965,-7.2263,-2.4902,0.0000,-0.5000,0.8200,nan,nan
14.0692,5.6965,-7.2263,-2.4953,0.0000,-0.5000,0.8200,nan,nan
14.0794,5.6965,-7.2263,-2.5005,0.0000,-0.5000,0.8200,nan,nan
14.0903,5.6965,-7.2262,-2.5056,0.0000,-0.5000,0.8200,nan,nan
14.1047,5.6965,-7.2262,-2.5105,0.0000,-0.5000,0.8200,nan,nan
14.1162,5.6966,-7.2262,-2.5155,0.0000,-0.5000,0.8200,nan,nan
14.1202,5.6965,-7.2262,-2.5204,0.0000,-0.5000,0.8200,nan,nan
14.1293,5.6965,-7.2263,-2.5253,0.0000,-0.5000,0.8200,nan,nan
14.1392,5.6965,-7.2263,-2.5302,0.0000,-0.5000,0.8200,nan,nan
14.1492,5.6964,-7.2263,-2.5351,0.0000,-0.5000,0.8200,nan,nan
14.1600,5.6964,-7.2264,-2.5400,0.0000,-0.5000,0.8221,nan,nan
14.1752,5.6963,-7.2264,-2.5447,0.0000,-0.5000,0.8221,nan,nan
14.1795,5.6963,-7.2264,-2.5494,0.0000,-0.5000,0.8221,nan,nan
14.1897,5.6963,-7.2264,-2.5541,0.0000,-0.5000,0.8221,nan,nan
14.1990,5.6963,-7.2264,-2.5587,0.0000,-0.5000,0.8221,nan,nan
14.2122,5.6963,-7.2264,-2.5634,0.0000,-0.5000,0.8221,nan,nan
14.2193,5.6964,-7.2264,-2.5679,0.0000,-0.5000,0.8221,nan,nan
14.2313,5.6964,-7.2263,-2.5726,0.0000,-0.5000,0.8221,nan,nan
14.2426,5.6964,-7.2263,-2.5772,0.0000,-0.5000,0.8221,nan,nan
14.2523,5.6965,-7.2263,-2.5819,0.0000,-0.5000,0.8221,nan,nan
14.2593,5.6965,-7.2263,-2.5864,0.0000,-0.5000,0.8228,nan,nan
14.2692,5.6965,-7.2263,-2.5911,0.0000,-0.5000,0.8228,nan,nan
14.2792,5.6965,-7.2263,-2.5958,0.0000,-0.5000,0.8228,nan,nan
14.2892,5.6965,-7.2263,-2.6005,0.0000,-0.5000,0.8228,nan,nan
14.2993,5.6965,-7.2263,-2.6053,0.0000,-0.5000,0.8228,nan,nan
14.3087,5.6965,-7.2263,-2.6101,0.0000,-0.5000,0.8228,nan,nan
14.3189,5.6965,-7.2263,-2.6150,0.0000,-0.5000,0.8228,nan,nan
14.3299,5.6965,-7.2263,-2.6197,0.0000,-0.5000,0.8228,nan,nan
14.3387,5.6966,-7.2262,-2.6248,0.0000,-0.5000,0.8228,nan,nan
14.3509,5.6967,-7.2262,-2.6297,0.0000,-0.5000,0.8228,nan,nan
14.3618,5.6967,-7.2261,-2.6347,0.0000,-0.5000,0.8223,nan,nan
14.3686,5.6968,-7.2261,-2.6398,0.0000,-0.5000,0.8223,nan,nan
14.3787,5.6968,-7.2261,-2.6447,0.0000,-0.5000,0.8223,nan,nan
14.3889,5.6969,-7.2261,-2.6496,0.0000,-0.5000,0.8223,nan,nan
14.3996,5.6968,-7.2261,-2.6545,0.0000,-0.5000,0.8223,nan,nan
14.4095,5.6968,-7.2261,-2.6592,0.0000,-0.5000,0.8223,nan,nan
14.4192,5.6968,-7.2261,-2.6639,0.0000,-0.5000,0.8223,nan,nan
14.4299,5.6967,-7.2262,-2.6686,0.0000,-0.5000,0.8223,nan,nan
14.4391,5.6967,-7.2262,-2.6733,0.0000,-0.5000,0.8223,nan,nan
14.4502,5.6967,-7.2262,-2.6780,0.0000,-0.5000,0.8223,nan,nan
14.4626,5.6967,-7.2262,-2.6829,0.0000,-0.5000,0.8255,nan,nan
14.4690,5.6967,-7.2262,-2.6876,0.0000,-0.5000,0.8255,nan,nan
14.4801,5.6967,-7.2262,-2.6925,0.0000,-0.5000,0.8255,nan,nan
14.4896,5.6967,-7.2262,-2.6974,0.0000,-0.5000,0.8255,nan,nan
14.5082,5.6968,-7.2261,-2.7021,0.0000,-0.5000,0.8255,nan,nan
14.5097,5.6968,-7.2261,-2.7070,0.0000,-0.5000,0.8255,nan,nan
14.5192,5.6969,-7.2261,-2.7119,0.0000,-0.5000,0.8255,nan,nan
14.5298,5.6969,-7.2261,-2.7170,0.0000,-0.5000,0.8255,nan,nan
14.5393,5.6970,-7.2260,-2.7218,0.0000,-0.5000,0.8255,nan,nan
14.5502,5.6970,-7.2260,-2.7269,0.0000,-0.5000,0.8216,nan,nan
14.5598,5.6970,-7.2260,-2.7321,0.0000,-0.5000,0.8216,nan,nan
14.5685,5.6970,-7.2260,-2.7374,0.0000,-0.5000,0.8216,nan,nan
14.5791,5.6969,-7.2261,-2.7426,0.0000,-0.5000,0.8216,nan,nan
14.5895,5.6968,-7.2261,-2.7478,0.0000,-0.5000,0.8216,nan,nan
14.5988,5.6968,-7.2261,-2.7533,0.0000,-0.5000,0.8216,nan,nan
14.6092,5.6968,-7.2261,-2.7587,0.0000,-0.5000,0.8216,nan,nan
14.6193,5.6968,-7.2261,-2.7641,0.0000,-0.5000,0.8216,nan,nan
14.6287,5.6967,-7.2261,-2.7695,0.0000,-0.5000,0.8216,nan,nan
14.6400,5.6967,-7.2262,-2.7749,0.0000,-0.5000,0.8216,nan,nan
14.6491,5.6967,-7.2262,-2.7801,0.0000,-0.5000,0.8216,nan,nan
14.6597,5.6966,-7.2262,-2.7852,0.0000,-0.5000,0.8225,nan,nan
14.6688,5.6966,-7.2262,-2.7904,0.0000,-0.5000,0.8225,nan,nan
14.6796,5.6966,-7.2262,-2.7953,0.1207,-0.1288,0.8225,nan,nan
14.6893,5.6965,-7.2262,-2.8002,0.1207,-0.1288,0.8225,nan,nan
14.6987,5.6965,-7.2262,-2.8051,0.1207,-0.1288,0.8225,nan,nan
14.7090,5.6965,-7.2262,-2.8100,0.1207,-0.1288,0.8225,nan,nan
14.7188,5.6966,-7.2262,-2.8149,0.1207,-0.1288,0.8225,nan,nan
14.7289,5.6966,-7.2262,-2.8149,0.1207,-0.1288,0.8225,nan,nan
14.7390,5.6967,-7.2261,-2.8196,0.1207,-0.1288,0.8225,nan,nan
14.7495,5.6968,-7.2261,-2.8245,0.1207,-0.1288,0.8222,nan,nan
14.7591,5.6969,-7.2261,-2.8294,0.1207,-0.1288,0.8222,nan,nan
14.7691,5.6969,-7.2261,-2.8342,0.1443,-0.2709,0.8222,nan,nan
14.7799,5.6969,-7.2261,-2.8391,0.1443,-0.2709,0.8222,nan,nan
14.7892,5.6969,-7.2261,-2.8438,0.1443,-0.2709,0.8222,nan,nan
14.7989,5.6969,-7.2261,-2.8486,0.1443,-0.2709,0.8222,nan,nan
14.8098,5.6968,-7.2261,-2.8531,0.1443,-0.2709,0.8222,nan,nan
14.8201,5.6967,-7.2262,-2.8576,0.1443,-0.2709,0.8222,nan,nan
14.8295,5.6966,-7.2262,-2.8620,0.1443,-0.2709,0.8222,nan,nan
14.8392,5.6964,-7.2262,-2.8662,0.1443,-0.2709,0.8222,nan,nan
14.8492,5.6963,-7.2263,-2.8704,0.1443,-0.2709,0.8222,nan,nan
14.8596,5.6961,-7.2263,-2.8744,0.1443,-0.2709,0.8248,nan,nan
14.8691,5.6959,-7.2264,-2.8784,0.1645,-0.2720,0.8248,nan,nan
14.8797,5.6956,-7.2264,-2.8822,0.1645,-0.2720,0.8248,nan,nan
14.8891,5.6954,-7.2265,-2.8861,0.1645,-0.2720,0.8248,nan,nan
14.8999,5.6952,-7.2266,-2.8897,0.1645,-0.2720,0.8248,nan,nan
14.9092,5.6950,-7.2266,-2.8932,0.1645,-0.2720,0.8248,nan,nan
14.9202,5.6947,-7.2267,-2.8967,0.1645,-0.2720,0.8248,nan,nan
14.9296,5.6944,-7.2267,-2.9000,0.1645,-0.2720,0.8248,nan,nan
14.9391,5.6941,-7.2268,-2.9034,0.1645,-0.2720,0.8248,nan,nan
14.9501,5.6939,-7.2269,-2.9063,0.1645,-0.2720,0.8241,nan,nan
14.9603,5.6935,-7.2270,-2.9093,0.1830,-0.2421,0.8241,nan,nan
14.9689,5.6932,-7.2270,-2.9123,0.1830,-0.2421,0.8241,nan,nan
14.9810,5.6928,-7.2271,-2.9152,0.1830,-0.2421,0.8241,nan,nan
14.9892,5.6924,-7.2272,-2.9182,0.1830,-0.2421,0.8241,nan,nan
14.9986,5.6920,-7.2273,-2.9210,0.1830,-0.2421,0.8241,nan,nan
15.0087,5.6916,-7.2274,-2.9241,0.1830,-0.2421,0.8241,nan,nan
15.0188,5.6912,-7.2275,-2.9271,0.1830,-0.2421,0.8241,nan,nan
15.0304,5.6908,-7.2276,-2.9304,0.1830,-0.2421,0.8241,nan,nan
15.0395,5.6903,-7.2277,-2.9337,0.1830,-0.2421,0.8241,nan,nan
15.0501,5.6897,-7.2278,-2.9372,0.1830,-0.2421,0.8274,nan,nan
15.0598,5.6890,-7.2279,-2.9409,0.1989,-0.1684,0.8274,nan,nan
15.0698,5.6883,-7.2281,-2.9447,0.1989,-0.1684,0.8274,nan,nan
15.0790,5.6876,-7.2282,-2.9487,0.1989,-0.1684,0.8274,nan,nan
15.0962,5.6869,-7.2284,-2.9527,0.1989,-0.1684,0.8274,nan,nan
15.0997,5.6861,-7.2285,-2.9569,0.1989,-0.1684,0.8274,nan,nan
15.1091,5.6853,-7.2287,-2.9610,0.1989,-0.1684,0.8274,nan,nan
15.1196,5.6844,-7.2288,-2.9651,0.1989,-0.1684,0.8274,nan,nan
15.1290,5.6835,-7.2290,-2.9692,0.1989,-0.1684,0.8274,nan,nan
15.1392,5.6826,-7.2291,-2.9732,0.1989,-0.1684,0.8274,nan,nan
15.1498,5.6818,-7.2293,-2.9772,0.1989,-0.1684,0.8227,nan,nan
15.1594,5.6810,-7.2294,-2.9812,0.2132,-0.1469,0.8227,nan,nan
15.1687,5.6802,-7.2295,-2.9849,0.2132,-0.1469,0.8227,nan,nan
15.1790,5.6793,-7.2296,-2.9887,0.2132,-0.1469,0.8227,nan,nan
15.1890,5.6785,-7.2298,-2.9922,0.2132,-0.1469,0.8227,nan,nan
15.1992,5.6775,-7.2299,-2.9957,0.2132,-0.1469,0.8227,nan,nan
15.2100,5.6766,-7.2300,-2.9992,0.2132,-0.1469,0.8227,nan,nan
15.2188,5.6756,-7.2302,-3.0027,0.2132,-0.1469,0.8227,nan,nan
15.2307,5.6744,-7.2303,-3.0060,0.2132,-0.1469,0.8227,nan,nan
15.2392,5.6733,-7.2305,-3.0093,0.2132,-0.1469,0.8227,nan,nan
15.2487,5.6722,-7.2306,-3.0126,0.2132,-0.1469,0.8286,nan,nan
15.2588,5.6710,-7.2308,-3.0158,0.2308,-0.1342,0.8286,nan,nan
15.2696,5.6700,-7.2309,-3.0189,0.2308,-0.1342,0.8286,nan,nan
15.2789,5.6689,-7.2310,-3.0220,0.2308,-0.1342,0.8286,nan,nan
15.2889,5.6677,-7.2312,-3.0250,0.2308,-0.1342,0.8286,nan,nan
15.2999,5.6663,-7.2313,-3.0280,0.2308,-0.1342,0.8286,nan,nan
15.3088,5.6648,-7.2315,-3.0309,0.2308,-0.1342,0.8286,nan,nan
15.3189,5.6633,-7.2317,-3.0337,0.2308,-0.1342,0.8286,nan,nan
15.3292,5.6620,-7.2318,-3.0367,0.2308,-0.1342,0.8286,nan,nan
15.3392,5.6606,-7.2320,-3.0395,0.2308,-0.1342,0.8286,nan,nan
15.3492,5.6593,-7.2321,-3.0425,0.2308,-0.1342,0.8305,nan,nan
15.3599,5.6581,-7.2322,-3.0451,0.2308,-0.1342,0.8305,nan,nan
15.3691,5.6569,-7.2323,-3.0479,0.2491,-0.0951,0.8305,nan,nan
15.3792,5.6556,-7.2324,-3.0503,0.2491,-0.0951,0.8305,nan,nan
15.3886,5.6556,-7.2324,-3.0528,0.2491,-0.0951,0.8305,nan,nan
15.4011,5.6534,-7.2326,-3.0548,0.2491,-0.0951,0.8305,nan,nan
15.4104,5.6519,-7.2328,-3.0569,0.2491,-0.0951,0.8305,nan,nan
15.4196,5.6502,-7.2329,-3.0590,0.2491,-0.0951,0.8305,nan,nan
15.4295,5.6485,-7.2330,-3.0608,0.2491,-0.0951,0.8305,nan,nan
15.4388,5.6466,-7.2332,-3.0627,0.2491,-0.0951,0.8305,nan,nan
15.4494,5.6448,-7.2333,-3.0644,0.2491,-0.0951,0.8331,nan,nan
15.4587,5.6431,-7.2335,-3.0660,0.2491,-0.0951,0.8331,nan,nan
15.4685,5.6415,-7.2336,-3.0676,0.2491,-0.0951,0.8331,nan,nan
15.4806,5.6399,-7.2337,-3.0692,0.2627,-0.0836,0.8331,nan,nan
15.4890,5.6380,-7.2339,-3.0707,0.2627,-0.0836,0.8331,nan,nan
15.4989,5.6360,-7.2340,-3.0721,0.2627,-0.0836,0.8331,nan,nan
15.5086,5.6340,-7.2341,-3.0735,0.2627,-0.0836,0.8331,nan,nan
15.5194,5.6321,-7.2343,-3.0749,0.2627,-0.0836,0.8331,nan,nan
15.5294,5.6301,-7.2344,-3.0763,0.2627,-0.0836,0.8331,nan,nan
15.5389,5.6282,-7.2345,-3.0775,0.2627,-0.0836,0.8331,nan,nan
15.5527,5.6263,-7.2346,-3.0786,0.2627,-0.0836,0.8342,nan,nan
15.5587,5.6244,-7.2348,-3.0796,0.2627,-0.0836,0.8342,nan,nan
15.5691,5.6225,-7.2349,-3.0807,0.2826,-0.0102,0.8342,nan,nan
15.5805,5.6204,-7.2350,-3.0817,0.2826,-0.0102,0.8342,nan,nan
15.5896,5.6182,-7.2351,-3.0828,0.2826,-0.0102,0.8342,nan,nan
15.5993,5.6160,-7.2353,-3.0838,0.2826,-0.0102,0.8342,nan,nan
15.6092,5.6140,-7.2354,-3.0849,0.2826,-0.0102,0.8342,nan,nan
15.6201,5.6120,-7.2355,-3.0859,0.2826,-0.0102,0.8342,nan,nan
15.6294,5.6097,-7.2356,-3.0870,0.2826,-0.0102,0.8342,nan,nan
15.6406,5.6073,-7.2358,-3.0880,0.2826,-0.0102,0.8342,nan,nan
15.6493,5.6049,-7.2359,-3.0891,0.2826,-0.0102,0.8322,nan,nan
15.6618,5.6022,-7.2360,-3.0903,0.2993,0.0408,0.8322,nan,nan
15.6689,5.5997,-7.2362,-3.0912,0.2993,0.0408,0.8322,nan,nan
15.6792,5.5975,-7.2363,-3.0922,0.2993,0.0408,0.8322,nan,nan
15.6892,5.5952,-7.2364,-3.0931,0.2993,0.0408,0.8322,nan,nan
15.7002,5.5927,-7.2365,-3.0938,0.2993,0.0408,0.8322,nan,nan
15.7095,5.5904,-7.2366,-3.0945,0.2993,0.0408,0.8322,nan,nan
15.7195,5.5879,-7.2367,-3.0952,0.2993,0.0408,0.8322,nan,nan
15.7293,5.5853,-7.2369,-3.0959,0.2993,0.0408,0.8322,nan,nan
15.7404,5.5829,-7.2370,-3.0964,0.2993,0.0408,0.8322,nan,nan
15.7539,5.5805,-7.2371,-3.0967,0.2993,0.0408,0.8338,nan,nan
15.7618,5.5777,-7.2372,-3.0971,0.3121,0.0820,0.8338,nan,nan
15.7694,5.5748,-7.2373,-3.0973,0.3121,0.0820,0.8338,nan,nan
15.7795,5.5721,-7.2374,-3.0973,0.3121,0.0820,0.8338,nan,nan
15.7891,5.5692,-7.2376,-3.0971,0.3121,0.0820,0.8338,nan,nan
15.7982,5.5666,-7.2377,-3.0969,0.3121,0.0820,0.8338,nan,nan
15.8084,5.5641,-7.2378,-3.0966,0.3121,0.0820,0.8338,nan,nan
15.8196,5.5614,-7.2379,-3.0962,0.3121,0.0820,0.8338,nan,nan
15.8288,5.5587,-7.2380,-3.0959,0.3121,0.0820,0.8338,nan,nan
15.8389,5.5561,-7.2382,-3.0953,0.3121,0.0820,0.8338,nan,nan
15.8492,5.5532,-7.2383,-3.0948,0.3121,0.0820,0.8365,nan,nan
15.8591,5.5503,-7.2384,-3.0943,0.3121,0.0820,0.8365,nan,nan
15.8693,5.5474,-7.2386,-3.0936,0.3264,0.1163,0.8365,nan,nan
15.8789,5.5444,-7.2387,-3.0931,0.3264,0.1163,0.8365,nan,nan
15.8888,5.5414,-7.2389,-3.0924,0.3264,0.1163,0.8365,nan,nan
15.8990,5.5383,-7.2390,-3.0917,0.3264,0.1163,0.8365,nan,nan
15.9092,5.5354,-7.2392,-3.0910,0.3264,0.1163,0.8365,nan,nan
15.9196,5.5322,-7.2393,-3.0905,0.3264,0.1163,0.8365,nan,nan
15.9292,5.5293,-7.2395,-3.0898,0.3264,0.1163,0.8365,nan,nan
15.9393,5.5262,-7.2396,-3.0889,0.3264,0.1163,0.8365,nan,nan
15.9491,5.5232,-7.2398,-3.0882,0.3264,0.1163,0.8408,nan,nan
15.9607,5.5201,-7.2400,-3.0873,0.3432,0.1042,0.8408,nan,nan
15.9693,5.5167,-7.2401,-3.0864,0.3432,0.1042,0.8408,nan,nan
15.9792,5.5139,-7.2403,-3.0856,0.3432,0.1042,0.8408,nan,nan
15.9899,5.5106,-7.2405,-3.0845,0.3432,0.1042,0.8408,nan,nan
15.9998,5.5073,-7.2407,-3.0835,0.3432,0.1042,0.8408,nan,nan
16.0093,5.5041,-7.2408,-3.0824,0.3432,0.1042,0.8408,nan,nan
16.0198,5.5008,-7.2410,-3.0814,0.3432,0.1042,0.8408,nan,nan
16.0293,5.4979,-7.2412,-3.0802,0.3432,0.1042,0.8408,nan,nan
16.0394,5.4947,-7.2414,-3.0791,0.3432,0.1042,0.8408,nan,nan
16.0513,5.4914,-7.2416,-3.0781,0.3432,0.1042,0.8367,nan,nan
16.0591,5.4882,-7.2418,-3.0768,0.3594,0.0564,0.8367,nan,nan
16.0704,5.4846,-7.2421,-3.0758,0.3594,0.0564,0.8367,nan,nan
16.0811,5.4811,-7.2423,-3.0747,0.3594,0.0564,0.8367,nan,nan
16.0912,5.4776,-7.2425,-3.0737,0.3594,0.0564,0.8367,nan,nan
16.1005,5.4741,-7.2428,-3.0727,0.3594,0.0564,0.8367,nan,nan
16.1093,5.4706,-7.2430,-3.0716,0.3594,0.0564,0.8367,nan,nan
16.1207,5.4671,-7.2433,-3.0706,0.3594,0.0564,0.8367,nan,nan
16.1295,5.4640,-7.2435,-3.0695,0.3594,0.0564,0.8367,nan,nan
16.1393,5.4604,-7.2437,-3.0685,0.3594,0.0564,0.8367,nan,nan
16.1491,5.4572,-7.2440,-3.0674,0.3594,0.0564,0.8367,nan,nan
16.1593,5.4535,-7.2442,-3.0665,0.3594,0.0564,0.8367,nan,nan
16.1696,5.4500,-7.2445,-3.0655,0.3734,0.0317,0.8367,nan,nan
16.1802,5.4466,-7.2448,-3.0646,0.3734,0.0317,0.8367,nan,nan
16.1892,5.4430,-7.2450,-3.0638,0.3734,0.0317,0.8367,nan,nan
16.2004,5.4396,-7.2453,-3.0631,0.3734,0.0317,0.8367,nan,nan
16.2113,5.4358,-7.2456,-3.0624,0.3734,0.0317,0.8367,nan,nan
16.2195,5.4322,-7.2459,-3.0620,0.3734,0.0317,0.8367,nan,nan
16.2294,5.4288,-7.2462,-3.0615,0.3734,0.0317,0.8367,nan,nan
16.2394,5.4254,-7.2464,-3.0611,0.3734,0.0317,0.8367,nan,nan
16.2507,5.4217,-7.2467,-3.0608,0.3734,0.0317,0.8440,nan,nan
16.2604,5.4179,-7.2470,-3.0604,0.3734,0.0317,0.8440,nan,nan
16.2702,5.4143,-7.2473,-3.0601,0.3918,0.0665,0.8440,nan,nan
16.2819,5.4105,-7.2476,-3.0599,0.3918,0.0665,0.8440,nan,nan
16.2912,5.4065,-7.2480,-3.0596,0.3918,0.0665,0.8440,nan,nan
16.2990,5.4029,-7.2483,-3.0592,0.3918,0.0665,0.8440,nan,nan
16.3087,5.3995,-7.2486,-3.0590,0.3918,0.0665,0.8440,nan,nan
16.3195,5.3957,-7.2489,-3.0587,0.3918,0.0665,0.8440,nan,nan
16.3300,5.3916,-7.2492,-3.0585,0.3918,0.0665,0.8440,nan,nan
16.3392,5.3880,-7.2495,-3.0582,0.3918,0.0665,0.8440,nan,nan
16.3498,5.3845,-7.2498,-3.0578,0.3918,0.0665,0.8411,nan,nan
16.3603,5.3810,-7.2501,-3.0576,0.3905,0.0681,0.8411,nan,nan
16.3690,5.3770,-7.2504,-3.0573,0.3905,0.0681,0.8411,nan,nan
16.3799,5.3712,-7.2509,-3.0571,0.3905,0.0681,0.8411,nan,nan
16.3892,5.3677,-7.2512,-3.0568,0.3905,0.0681,0.8411,nan,nan
16.3992,5.3638,-7.2515,-3.0562,0.3905,0.0681,0.8411,nan,nan
16.4092,5.3600,-7.2519,-3.0559,0.3905,0.0681,0.8411,nan,nan
16.4191,5.3557,-7.2522,-3.0554,0.3905,0.0681,0.8411,nan,nan
16.4300,5.3520,-7.2526,-3.0548,0.3905,0.0681,0.8411,nan,nan
16.4415,5.3479,-7.2529,-3.0542,0.3905,0.0681,0.8473,nan,nan
16.4513,5.3439,-7.2533,-3.0536,0.3905,0.0681,0.8473,nan,nan
16.4595,5.3400,-7.2536,-3.0531,0.3905,0.0681,0.8473,nan,nan
16.4693,5.3363,-7.2539,-3.0526,0.3905,0.0681,0.8473,nan,nan
16.4809,5.3326,-7.2543,-3.0521,0.3902,0.0474,0.8473,nan,nan
16.4903,5.3285,-7.2546,-3.0515,0.3902,0.0474,0.8473,nan,nan
16.4993,5.3245,-7.2550,-3.0508,0.3902,0.0474,0.8473,nan,nan
16.5092,5.3208,-7.2553,-3.0503,0.3902,0.0474,0.8473,nan,nan
16.5194,5.3172,-7.2557,-3.0498,0.3902,0.0474,0.8473,nan,nan
16.5297,5.3133,-7.2560,-3.0491,0.3902,0.0474,0.8473,nan,nan
16.5401,5.3090,-7.2564,-3.0486,0.3902,0.0474,0.8473,nan,nan
16.5491,5.3051,-7.2568,-3.0480,0.3902,0.0474,0.8599,nan,nan
16.5617,5.3015,-7.2571,-3.0473,0.3890,0.0486,0.8599,nan,nan
16.5707,5.2976,-7.2575,-3.0468,0.3890,0.0486,0.8599,nan,nan
16.5803,5.2936,-7.2579,-3.0459,0.3890,0.0486,0.8599,nan,nan
16.5903,5.2896,-7.2583,-3.0453,0.3890,0.0486,0.8599,nan,nan
16.6015,5.2859,-7.2586,-3.0446,0.3890,0.0486,0.8599,nan,nan
16.6091,5.2818,-7.2590,-3.0437,0.3890,0.0486,0.8599,nan,nan
16.6199,5.2777,-7.2594,-3.0430,0.3890,0.0486,0.8599,nan,nan
16.6298,5.2738,-7.2598,-3.0421,0.3890,0.0486,0.8599,nan,nan
16.6392,5.2702,-7.2602,-3.0414,0.3890,0.0486,0.8599,nan,nan
16.6491,5.2666,-7.2605,-3.0407,0.3890,0.0486,0.8640,nan,nan
16.6596,5.2625,-7.2609,-3.0400,0.3890,0.0486,0.8640,nan,nan
16.6694,5.2586,-7.2613,-3.0393,0.3873,0.0533,0.8640,nan,nan
16.6805,5.2552,-7.2617,-3.0386,0.3873,0.0533,0.8640,nan,nan
16.6891,5.2516,-7.2621,-3.0381,0.3873,0.0533,0.8640,nan,nan
16.6998,5.2478,-7.2625,-3.0376,0.3873,0.0533,0.8640,nan,nan
16.7090,5.2439,-7.2629,-3.0370,0.3873,0.0533,0.8640,nan,nan
16.7197,5.2402,-7.2633,-3.0365,0.3873,0.0533,0.8640,nan,nan
16.7300,5.2365,-7.2636,-3.0362,0.3873,0.0533,0.8640,nan,nan
16.7397,5.2324,-7.2641,-3.0357,0.3873,0.0533,0.8640,nan,nan
16.7498,5.2289,-7.2645,-3.0351,0.3873,0.0533,0.8624,nan,nan
16.7600,5.2251,-7.2649,-3.0346,0.3873,0.0533,0.8624,nan,nan
16.7699,5.2216,-7.2652,-3.0343,0.3901,0.0129,0.8624,nan,nan
16.7791,5.2176,-7.2657,-3.0337,0.3901,0.0129,0.8624,nan,nan
16.7896,5.2139,-7.2661,-3.0332,0.3901,0.0129,0.8624,nan,nan
16.7994,5.2101,-7.2665,-3.0329,0.3901,0.0129,0.8624,nan,nan
16.8093,5.2066,-7.2669,-3.0323,0.3901,0.0129,0.8624,nan,nan
16.8209,5.2028,-7.2673,-3.0316,0.3901,0.0129,0.8624,nan,nan
16.8293,5.1989,-7.2677,-3.0309,0.3901,0.0129,0.8624,nan,nan
16.8402,5.1948,-7.2682,-3.0302,0.3901,0.0129,0.8774,nan,nan
16.8511,5.1909,-7.2686,-3.0302,0.3901,0.0129,0.8774,nan,nan
16.8622,5.1875,-7.2690,-3.0294,0.3880,0.0048,0.8774,nan,nan
16.8694,5.1838,-7.2694,-3.0285,0.3880,0.0048,0.8774,nan,nan
16.8808,5.1800,-7.2698,-3.0278,0.3880,0.0048,0.8774,nan,nan
16.8893,5.1762,-7.2703,-3.0269,0.3880,0.0048,0.8774,nan,nan
16.8990,5.1727,-7.2707,-3.0262,0.3880,0.0048,0.8774,nan,nan
16.9093,5.1689,-7.2711,-3.0255,0.3880,0.0048,0.8774,nan,nan
16.9213,5.1650,-7.2716,-3.0248,0.3880,0.0048,0.8774,nan,nan
16.9299,5.1610,-7.2721,-3.0241,0.3880,0.0048,0.8774,nan,nan
16.9406,5.1571,-7.2725,-3.0236,0.3880,0.0048,0.8667,nan,nan
16.9502,5.1533,-7.2730,-3.0229,0.3880,0.0048,0.8667,nan,nan
16.9591,5.1494,-7.2734,-3.0224,0.3880,0.0048,0.8667,nan,nan
16.9692,5.1457,-7.2739,-3.0220,0.3882,0.0295,0.8667,nan,nan
16.9792,5.1419,-7.2743,-3.0217,0.3882,0.0295,0.8667,nan,nan
16.9905,5.1381,-7.2748,-3.0213,0.3882,0.0295,0.8667,nan,nan
16.9991,5.1342,-7.2753,-3.0212,0.3882,0.0295,0.8667,nan,nan
17.0090,5.1303,-7.2757,-3.0210,0.3882,0.0295,0.8667,nan,nan
17.0192,5.1303,-7.2757,-3.0210,0.3882,0.0295,0.8667,nan,nan
17.0294,5.1248,-7.2764,-3.0210,0.3882,0.0295,0.8667,nan,nan
17.0404,5.1211,-7.2769,-3.0210,0.3882,0.0295,0.8667,nan,nan
17.0504,5.1171,-7.2773,-3.0212,0.3882,0.0295,0.8832,nan,nan
17.0617,5.1135,-7.2778,-3.0213,0.3882,0.0295,0.8832,nan,nan
17.0694,5.1091,-7.2783,-3.0215,0.3883,0.0188,0.8832,nan,nan
17.0792,5.1056,-7.2787,-3.0217,0.3883,0.0188,0.8832,nan,nan
17.0893,5.1017,-7.2792,-3.0217,0.3883,0.0188,0.8832,nan,nan
17.0991,5.0979,-7.2797,-3.0217,0.3883,0.0188,0.8832,nan,nan
17.1091,5.0940,-7.2801,-3.0217,0.3883,0.0188,0.8832,nan,nan
17.1197,5.0904,-7.2806,-3.0217,0.3883,0.0188,0.8832,nan,nan
17.1295,5.0866,-7.2810,-3.0217,0.3883,0.0188,0.8832,nan,nan
17.1395,5.0829,-7.2815,-3.0217,0.3883,0.0188,0.8879,nan,nan
17.1501,5.0788,-7.2820,-3.0215,0.3883,0.0188,0.8879,nan,nan
17.1596,5.0752,-7.2824,-3.0215,0.3854,0.0790,0.8879,nan,nan
17.1702,5.0713,-7.2829,-3.0213,0.3854,0.0790,0.8879,nan,nan
17.1790,5.0673,-7.2833,-3.0213,0.3854,0.0790,0.8879,nan,nan
17.1891,5.0635,-7.2838,-3.0212,0.3854,0.0790,0.8879,nan,nan
17.2000,5.0600,-7.2842,-3.0212,0.3854,0.0790,0.8879,nan,nan
17.2092,5.0559,-7.2847,-3.0210,0.3854,0.0790,0.8879,nan,nan
17.2187,5.0520,-7.2852,-3.0210,0.3854,0.0790,0.8879,nan,nan
17.2293,5.0480,-7.2857,-3.0210,0.3854,0.0790,0.8879,nan,nan
17.2446,5.0406,-7.2866,-3.0210,0.3854,0.0790,0.8786,nan,nan
17.2489,5.0406,-7.2866,-3.0210,0.3854,0.0790,0.8786,nan,nan
17.2594,5.0368,-7.2870,-3.0208,0.3854,0.0790,0.8786,nan,nan
17.2690,5.0326,-7.2875,-3.0208,0.3937,0.0692,0.8786,nan,nan
17.2788,5.0289,-7.2880,-3.0206,0.3937,0.0692,0.8786,nan,nan
17.2889,5.0255,-7.2884,-3.0205,0.3937,0.0692,0.8786,nan,nan
17.2989,5.0216,-7.2889,-3.0203,0.3937,0.0692,0.8786,nan,nan
17.3108,5.0175,-7.2894,-3.0201,0.3937,0.0692,0.8786,nan,nan
17.3191,5.0132,-7.2899,-3.0199,0.3937,0.0692,0.8786,nan,nan
17.3311,5.0098,-7.2903,-3.0196,0.3937,0.0692,0.8786,nan,nan
17.3402,5.0062,-7.2908,-3.0191,0.3937,0.0692,0.9024,nan,nan
17.3497,5.0023,-7.2912,-3.0185,0.3937,0.0692,0.9024,nan,nan
17.3590,4.9984,-7.2917,-3.0180,0.3907,0.0409,0.9024,nan,nan
17.3686,4.9950,-7.2922,-3.0173,0.3907,0.0409,0.9024,nan,nan
17.3791,4.9913,-7.2926,-3.0166,0.3907,0.0409,0.9024,nan,nan
17.3899,4.9872,-7.2931,-3.0158,0.3907,0.0409,0.9024,nan,nan
17.3995,4.9833,-7.2936,-3.0151,0.3907,0.0409,0.9024,nan,nan
17.4096,4.9796,-7.2941,-3.0142,0.3907,0.0409,0.9024,nan,nan
17.4189,4.9755,-7.2946,-3.0133,0.3907,0.0409,0.9024,nan,nan
17.4291,4.9717,-7.2951,-3.0123,0.3907,0.0409,0.9024,nan,nan
17.4405,4.9678,-7.2956,-3.0114,0.3907,0.0409,0.9092,nan,nan
17.4497,4.9641,-7.2961,-3.0103,0.3907,0.0409,0.9092,nan,nan
17.4595,4.9606,-7.2966,-3.0095,0.3907,0.0409,0.9092,nan,nan
17.4710,4.9567,-7.2971,-3.0084,0.3951,0.0258,0.9092,nan,nan
17.4794,4.9525,-7.2977,-3.0077,0.3951,0.0258,0.9092,nan,nan
17.4890,4.9486,-7.2982,-3.0069,0.3951,0.0258,0.9092,nan,nan
17.4993,4.9452,-7.2987,-3.0062,0.3951,0.0258,0.9092,nan,nan
17.5098,4.9411,-7.2992,-3.0053,0.3951,0.0258,0.9092,nan,nan
17.5199,4.9374,-7.2997,-3.0046,0.3951,0.0258,0.9092,nan,nan
17.5292,4.9336,-7.3003,-3.0039,0.3951,0.0258,0.9092,nan,nan
17.5397,4.9300,-7.3008,-3.0032,0.3951,0.0258,0.9124,nan,nan
17.5494,4.9262,-7.3013,-3.0025,0.3951,0.0258,0.9124,nan,nan
17.5597,4.9218,-7.3019,-3.0020,0.3951,0.0258,0.9124,nan,nan
17.5695,4.9174,-7.3025,-3.0013,0.3883,-0.0736,0.9124,nan,nan
17.5796,4.9141,-7.3030,-3.0006,0.3883,-0.0736,0.9124,nan,nan
17.5891,4.9103,-7.3035,-2.9999,0.3883,-0.0736,0.9124,nan,nan
17.5988,4.9063,-7.3041,-2.9993,0.3883,-0.0736,0.9124,nan,nan
17.6095,4.9024,-7.3047,-2.9987,0.3883,-0.0736,0.9124,nan,nan
17.6191,4.8989,-7.3052,-2.9981,0.3883,-0.0736,0.9124,nan,nan
17.6316,4.8952,-7.3057,-2.9978,0.3883,-0.0736,0.9124,nan,nan
17.6392,4.8914,-7.3062,-2.9973,0.3883,-0.0736,0.9079,nan,nan
17.6494,4.8872,-7.3068,-2.9969,0.3883,-0.0736,0.9079,nan,nan
17.6592,4.8835,-7.3074,-2.9964,0.3861,-0.1357,0.9079,nan,nan
17.6703,4.8796,-7.3080,-2.9957,0.3861,-0.1357,0.9079,nan,nan
17.6799,4.8760,-7.3085,-2.9952,0.3861,-0.1357,0.9079,nan,nan
17.6893,4.8719,-7.3091,-2.9948,0.3861,-0.1357,0.9079,nan,nan
17.7105,4.8644,-7.3102,-2.9941,0.3861,-0.1357,0.9079,nan,nan
17.7207,4.8608,-7.3107,-2.9938,0.3861,-0.1357,0.9079,nan,nan
17.7316,4.8567,-7.3114,-2.9936,0.3861,-0.1357,0.9079,nan,nan
17.7408,4.8527,-7.3120,-2.9934,0.3861,-0.1357,0.9194,nan,nan
17.7496,4.8488,-7.3125,-2.9932,0.3861,-0.1357,0.9194,nan,nan
17.7587,4.8451,-7.3131,-2.9932,0.3915,-0.1420,0.9194,nan,nan
17.7690,4.8412,-7.3137,-2.9934,0.3915,-0.1420,0.9194,nan,nan
17.7811,4.8375,-7.3142,-2.9936,0.3915,-0.1420,0.9194,nan,nan
17.7892,4.8338,-7.3148,-2.9938,0.3915,-0.1420,0.9194,nan,nan
17.7986,4.8301,-7.3153,-2.9941,0.3915,-0.1420,0.9194,nan,nan
17.8093,4.8261,-7.3159,-2.9946,0.3915,-0.1420,0.9194,nan,nan
17.8196,4.8223,-7.3165,-2.9952,0.3915,-0.1420,0.9194,nan,nan
17.8294,4.8187,-7.3170,-2.9959,0.3915,-0.1420,0.9194,nan,nan
17.8395,4.8149,-7.3176,-2.9964,0.3915,-0.1420,0.9336,nan,nan
17.8526,4.8113,-7.3181,-2.9973,0.3915,-0.1420,0.9336,nan,nan
17.8648,4.8042,-7.3191,-2.9988,0.3813,-0.1114,0.9336,nan,nan
17.8712,4.8002,-7.3197,-2.9999,0.3813,-0.1114,0.9336,nan,nan
17.8816,4.8002,-7.3197,-2.9999,0.3813,-0.1114,0.9336,nan,nan
17.8899,4.7966,-7.3202,-3.0011,0.3813,-0.1114,0.9336,nan,nan
17.8988,4.7926,-7.3208,-3.0023,0.3813,-0.1114,0.9336,nan,nan
17.9089,4.7889,-7.3213,-3.0035,0.3813,-0.1114,0.9336,nan,nan
17.9187,4.7848,-7.3219,-3.0048,0.3813,-0.1114,0.9336,nan,nan
17.9312,4.7771,-7.3229,-3.0074,0.3813,-0.1114,0.9336,nan,nan
17.9387,4.7771,-7.3229,-3.0074,0.3813,-0.1114,0.9300,nan,nan
17.9490,4.7733,-7.3234,-3.0086,0.3813,-0.1114,0.9300,nan,nan
17.9599,4.7695,-7.3239,-3.0100,0.3900,-0.1296,0.9300,nan,nan
17.9719,4.7657,-7.3244,-3.0114,0.3900,-0.1296,0.9300,nan,nan
17.9787,4.7620,-7.3249,-3.0126,0.3900,-0.1296,0.9300,nan,nan
17.9891,4.7582,-7.3254,-3.0140,0.3900,-0.1296,0.9300,nan,nan
17.9985,4.7544,-7.3259,-3.0152,0.3900,-0.1296,0.9300,nan,nan
18.0106,4.7508,-7.3264,-3.0165,0.3900,-0.1296,0.9300,nan,nan
18.0202,4.7473,-7.3268,-3.0177,0.3900,-0.1296,0.9300,nan,nan
18.0293,4.7439,-7.3272,-3.0189,0.3900,-0.1296,0.9300,nan,nan
18.0389,4.7400,-7.3277,-3.0201,0.3900,-0.1296,0.9330,nan,nan
18.0495,4.7362,-7.3282,-3.0213,0.3900,-0.1296,0.9330,nan,nan
18.0590,4.7321,-7.3287,-3.0227,0.3850,-0.1352,0.9330,nan,nan
18.0689,4.7287,-7.3291,-3.0240,0.3850,-0.1352,0.9330,nan,nan
18.0794,4.7251,-7.3295,-3.0252,0.3850,-0.1352,0.9330,nan,nan
18.0895,4.7214,-7.3299,-3.0262,0.3850,-0.1352,0.9330,nan,nan
18.0993,4.7172,-7.3304,-3.0274,0.3850,-0.1352,0.9330,nan,nan
18.1099,4.7136,-7.3308,-3.0285,0.3850,-0.1352,0.9330,nan,nan
18.1208,4.7099,-7.3313,-3.0295,0.3850,-0.1352,0.9330,nan,nan
18.1303,4.7060,-7.3317,-3.0306,0.3850,-0.1352,0.9330,nan,nan
18.1391,4.7021,-7.3321,-3.0316,0.3850,-0.1352,0.9457,nan,nan
18.1537,4.6943,-7.3330,-3.0337,0.3850,-0.1352,0.9457,nan,nan
18.1594,4.6943,-7.3330,-3.0337,0.3861,-0.1513,0.9457,nan,nan
18.1686,4.6904,-7.3334,-3.0346,0.3861,-0.1513,0.9457,nan,nan
18.1786,4.6868,-7.3338,-3.0355,0.3861,-0.1513,0.9457,nan,nan
18.1887,4.6833,-7.3342,-3.0365,0.3861,-0.1513,0.9457,nan,nan
18.1990,4.6797,-7.3345,-3.0374,0.3861,-0.1513,0.9457,nan,nan
18.2090,4.6758,-7.3350,-3.0384,0.3861,-0.1513,0.9457,nan,nan
18.2188,4.6720,-7.3353,-3.0395,0.3861,-0.1513,0.9457,nan,nan
18.2300,4.6685,-7.3357,-3.0405,0.3861,-0.1513,0.9457,nan,nan
18.2468,4.6614,-7.3364,-3.0426,0.3861,-0.1513,0.9492,nan,nan
18.2502,4.6575,-7.3368,-3.0439,0.3861,-0.1513,0.9492,nan,nan
18.2602,4.6575,-7.3368,-3.0439,0.3905,-0.0912,0.9492,nan,nan
18.2693,4.6536,-7.3372,-3.0449,0.3905,-0.0912,0.9492,nan,nan
18.2796,4.6498,-7.3376,-3.0459,0.3905,-0.0912,0.9492,nan,nan
18.2888,4.6457,-7.3380,-3.0470,0.3905,-0.0912,0.9492,nan,nan
18.2986,4.6415,-7.3384,-3.0482,0.3905,-0.0912,0.9492,nan,nan
18.3107,4.6379,-7.3387,-3.0493,0.3905,-0.0912,0.9492,nan,nan
18.3188,4.6345,-7.3390,-3.0505,0.3905,-0.0912,0.9492,nan,nan
18.3294,4.6307,-7.3394,-3.0517,0.3905,-0.0912,0.9492,nan,nan
18.3391,4.6266,-7.3397,-3.0529,0.3905,-0.0912,0.9513,nan,nan
18.3496,4.6229,-7.3401,-3.0542,0.3905,-0.0912,0.9513,nan,nan
18.3587,4.6193,-7.3404,-3.0552,0.3880,-0.0339,0.9513,nan,nan
18.3692,4.6153,-7.3407,-3.0562,0.3880,-0.0339,0.9513,nan,nan
18.3792,4.6111,-7.3411,-3.0573,0.3880,-0.0339,0.9513,nan,nan
18.3890,4.6075,-7.3414,-3.0583,0.3880,-0.0339,0.9513,nan,nan
18.3993,4.6039,-7.3417,-3.0592,0.3880,-0.0339,0.9513,nan,nan
18.4093,4.6000,-7.3420,-3.0601,0.3880,-0.0339,0.9513,nan,nan
18.4204,4.5960,-7.3423,-3.0608,0.3880,-0.0339,0.9513,nan,nan
18.4302,4.5883,-7.3429,-3.0622,0.3880,-0.0339,0.9513,nan,nan
18.4402,4.5883,-7.3429,-3.0622,0.3880,-0.0339,0.9471,nan,nan
18.4490,4.5845,-7.3433,-3.0629,0.3880,-0.0339,0.9471,nan,nan
18.4599,4.5804,-7.3436,-3.0636,0.3841,0.0207,0.9471,nan,nan
18.4687,4.5766,-7.3439,-3.0641,0.3841,0.0207,0.9471,nan,nan
18.4801,4.5732,-7.3441,-3.0646,0.3841,0.0207,0.9471,nan,nan
18.4895,4.5692,-7.3444,-3.0651,0.3841,0.0207,0.9471,nan,nan
18.5014,4.5614,-7.3450,-3.0660,0.3841,0.0207,0.9471,nan,nan
18.5093,4.5614,-7.3450,-3.0660,0.3841,0.0207,0.9471,nan,nan
18.5187,4.5578,-7.3453,-3.0664,0.3841,0.0207,0.9471,nan,nan
18.5287,4.5538,-7.3456,-3.0667,0.3841,0.0207,0.9471,nan,nan
18.5395,4.5497,-7.3459,-3.0671,0.3841,0.0207,0.9547,nan,nan
18.5490,4.5424,-7.3465,-3.0679,0.3841,0.0207,0.9547,nan,nan
18.5593,4.5424,-7.3465,-3.0679,0.3841,0.0207,0.9547,nan,nan
18.5688,4.5386,-7.3467,-3.0683,0.3841,0.0207,0.9547,nan,nan
18.5792,4.5347,-7.3470,-3.0688,0.3855,0.1185,0.9547,nan,nan
18.5890,4.5270,-7.3476,-3.0695,0.3855,0.1185,0.9547,nan,nan
18.5996,4.5270,-7.3476,-3.0695,0.3855,0.1185,0.9547,nan,nan
18.6087,4.5188,-7.3482,-3.0700,0.3855,0.1185,0.9547,nan,nan
18.6187,4.5151,-7.3484,-3.0700,0.3855,0.1185,0.9547,nan,nan
18.6295,4.5116,-7.3487,-3.0702,0.3855,0.1185,0.9547,nan,nan
18.6405,4.5080,-7.3490,-3.0704,0.3855,0.1185,0.9619,nan,nan
18.6490,4.5043,-7.3492,-3.0704,0.3855,0.1185,0.9619,nan,nan
18.6593,4.5043,-7.3492,-3.0704,0.3865,0.1062,0.9619,nan,nan
18.6692,4.5006,-7.3495,-3.0704,0.3865,0.1062,0.9619,nan,nan
18.6796,4.4931,-7.3500,-3.0702,0.3865,0.1062,0.9619,nan,nan
18.6900,4.4893,-7.3503,-3.0699,0.3865,0.1062,0.9619,nan,nan
18.6991,4.4852,-7.3506,-3.0697,0.3865,0.1062,0.9619,nan,nan
18.7093,4.4815,-7.3509,-3.0693,0.3865,0.1062,0.9619,nan,nan
18.7195,4.4781,-7.3511,-3.0688,0.3865,0.1062,0.9619,nan,nan
18.7295,4.4744,-7.3514,-3.0683,0.3865,0.1062,0.9619,nan,nan
18.7394,4.4707,-7.3516,-3.0678,0.3865,0.1062,0.9580,nan,nan
18.7489,4.4671,-7.3519,-3.0672,0.3865,0.1062,0.9580,nan,nan
18.7612,4.4634,-7.3522,-3.0665,0.3896,0.0778,0.9580,nan,nan
18.7693,4.4594,-7.3525,-3.0658,0.3896,0.0778,0.9580,nan,nan
18.7797,4.4554,-7.3528,-3.0651,0.3896,0.0778,0.9580,nan,nan
18.7896,4.4516,-7.3531,-3.0644,0.3896,0.0778,0.9580,nan,nan
18.7990,4.4478,-7.3534,-3.0638,0.3896,0.0778,0.9580,nan,nan
18.8096,4.4478,-7.3534,-3.0629,0.3896,0.0778,0.9580,nan,nan
18.8219,4.4405,-7.3539,-3.0622,0.3896,0.0778,0.9580,nan,nan
18.8300,4.4405,-7.3539,-3.0613,0.3896,0.0778,0.9580,nan,nan
18.8391,4.4327,-7.3546,-3.0604,0.3896,0.0778,0.9641,nan,nan
18.8486,4.4292,-7.3549,-3.0596,0.3896,0.0778,0.9641,nan,nan
18.8605,4.4253,-7.3552,-3.0587,0.3845,-0.0030,0.9641,nan,nan
18.8691,4.4216,-7.3555,-3.0578,0.3845,-0.0030,0.9641,nan,nan
18.8803,4.4174,-7.3558,-3.0571,0.3845,-0.0030,0.9641,nan,nan
18.8898,4.4139,-7.3561,-3.0564,0.3845,-0.0030,0.9641,nan,nan
18.8990,4.4102,-7.3564,-3.0557,0.3845,-0.0030,0.9641,nan,nan
18.9094,4.4066,-7.3568,-3.0552,0.3845,-0.0030,0.9641,nan,nan
18.9215,4.4026,-7.3571,-3.0545,0.3845,-0.0030,0.9641,nan,nan
18.9307,4.3989,-7.3574,-3.0540,0.3845,-0.0030,0.9641,nan,nan
18.9394,4.3950,-7.3578,-3.0533,0.3845,-0.0030,0.9711,nan,nan
18.9489,4.3911,-7.3581,-3.0528,0.3845,-0.0030,0.9711,nan,nan
18.9593,4.3870,-7.3585,-3.0521,0.3934,-0.0239,0.9711,nan,nan
18.9703,4.3834,-7.3588,-3.0515,0.3934,-0.0239,0.9711,nan,nan
18.9809,4.3799,-7.3591,-3.0515,0.3934,-0.0239,0.9711,nan,nan
18.9891,4.3761,-7.3595,-3.0508,0.3934,-0.0239,0.9711,nan,nan
18.9988,4.3721,-7.3598,-3.0503,0.3934,-0.0239,0.9711,nan,nan
19.0088,4.3682,-7.3602,-3.0498,0.3934,-0.0239,0.9711,nan,nan
19.0189,4.3648,-7.3605,-3.0491,0.3934,-0.0239,0.9711,nan,nan
19.0298,4.3610,-7.3609,-3.0487,0.3934,-0.0239,0.9711,nan,nan
19.0389,4.3569,-7.3612,-3.0484,0.3934,-0.0239,0.9731,nan,nan
19.0487,4.3529,-7.3616,-3.0480,0.3934,-0.0239,0.9731,nan,nan
19.0589,4.3494,-7.3620,-3.0479,0.3959,-0.0244,0.9731,nan,nan
19.0688,4.3456,-7.3623,-3.0477,0.3959,-0.0244,0.9731,nan,nan
19.0787,4.3417,-7.3627,-3.0475,0.3959,-0.0244,0.9731,nan,nan
19.0892,4.3378,-7.3630,-3.0472,0.3959,-0.0244,0.9731,nan,nan
19.1022,4.3342,-7.3634,-3.0470,0.3959,-0.0244,0.9731,nan,nan
19.1117,4.3342,-7.3634,-3.0470,0.3959,-0.0244,0.9731,nan,nan
19.1195,4.3258,-7.3642,-3.0465,0.3959,-0.0244,0.9731,nan,nan
19.1295,4.3215,-7.3646,-3.0461,0.3959,-0.0244,0.9731,nan,nan
19.1403,4.3180,-7.3649,-3.0456,0.3959,-0.0244,0.9731,nan,nan
19.1491,4.3143,-7.3653,-3.0453,0.3959,-0.0244,0.9761,nan,nan
19.1615,4.3105,-7.3657,-3.0447,0.3900,-0.0587,0.9761,nan,nan
19.1691,4.3066,-7.3660,-3.0444,0.3900,-0.0587,0.9761,nan,nan
19.1804,4.3030,-7.3664,-3.0439,0.3900,-0.0587,0.9761,nan,nan
19.1892,4.2993,-7.3668,-3.0435,0.3900,-0.0587,0.9761,nan,nan
19.1989,4.2955,-7.3671,-3.0433,0.3900,-0.0587,0.9761,nan,nan
19.2099,4.2913,-7.3675,-3.0430,0.3900,-0.0587,0.9761,nan,nan
19.2193,4.2876,-7.3679,-3.0428,0.3900,-0.0587,0.9761,nan,nan
19.2292,4.2841,-7.3683,-3.0426,0.3900,-0.0587,0.9761,nan,nan
19.2456,4.2803,-7.3686,-3.0425,0.3900,-0.0587,0.9811,nan,nan
19.2569,4.2758,-7.3691,-3.0425,0.3900,-0.0587,0.9811,nan,nan
19.2600,4.2718,-7.3695,-3.0423,0.3839,-0.0779,0.9811,nan,nan
19.2692,4.2683,-7.3698,-3.0423,0.3839,-0.0779,0.9811,nan,nan
19.2792,4.2643,-7.3702,-3.0423,0.3839,-0.0779,0.9811,nan,nan
19.2917,4.2600,-7.3707,-3.0423,0.3839,-0.0779,0.9811,nan,nan
19.2990,4.2561,-7.3711,-3.0425,0.3839,-0.0779,0.9811,nan,nan
19.3090,4.2525,-7.3714,-3.0426,0.3839,-0.0779,0.9811,nan,nan
19.3209,4.2486,-7.3718,-3.0428,0.3839,-0.0779,0.9811,nan,nan
19.3301,4.2446,-7.3722,-3.0432,0.3839,-0.0779,0.9811,nan,nan
19.3392,4.2406,-7.3726,-3.0435,0.3839,-0.0779,0.9784,nan,nan
19.3505,4.2368,-7.3730,-3.0439,0.3839,-0.0779,0.9784,nan,nan
19.3590,4.2368,-7.3730,-3.0442,0.3884,-0.0744,0.9784,nan,nan
19.3696,4.2292,-7.3737,-3.0447,0.3884,-0.0744,0.9784,nan,nan
19.3796,4.2253,-7.3741,-3.0451,0.3884,-0.0744,0.9784,nan,nan
19.3888,4.2214,-7.3744,-3.0458,0.3884,-0.0744,0.9784,nan,nan
19.4006,4.2177,-7.3748,-3.0463,0.3884,-0.0744,0.9784,nan,nan
19.4101,4.2142,-7.3751,-3.0468,0.3884,-0.0744,0.9784,nan,nan
19.4192,4.2104,-7.3755,-3.0473,0.3884,-0.0744,0.9784,nan,nan
19.4291,4.2065,-7.3759,-3.0479,0.3884,-0.0744,0.9784,nan,nan
19.4422,4.2027,-7.3762,-3.0484,0.3884,-0.0744,0.9796,nan,nan
19.4491,4.1988,-7.3766,-3.0489,0.3884,-0.0744,0.9796,nan,nan
19.4590,4.1952,-7.3769,-3.0494,0.3929,-0.0997,0.9796,nan,nan
19.4687,4.1915,-7.3773,-3.0500,0.3929,-0.0997,0.9796,nan,nan
19.4796,4.1877,-7.3776,-3.0505,0.3929,-0.0997,0.9796,nan,nan
19.4901,4.1841,-7.3779,-3.0512,0.3929,-0.0997,0.9796,nan,nan
19.5038,4.1802,-7.3783,-3.0521,0.3929,-0.0997,0.9796,nan,nan
19.5085,4.1764,-7.3786,-3.0529,0.3929,-0.0997,0.9796,nan,nan
19.5189,4.1726,-7.3790,-3.0540,0.3929,-0.0997,0.9796,nan,nan
19.5293,4.1684,-7.3793,-3.0550,0.3929,-0.0997,0.9796,nan,nan
19.5523,4.1646,-7.3796,-3.0561,0.3929,-0.0997,0.9753,nan,nan
19.5543,4.1608,-7.3800,-3.0573,0.3929,-0.0997,0.9753,nan,nan
19.5587,4.1573,-7.3803,-3.0585,0.3929,-0.0997,0.9753,nan,nan
19.5685,4.1535,-7.3806,-3.0597,0.3929,-0.0997,0.9753,nan,nan
19.5787,4.1499,-7.3809,-3.0610,0.3902,-0.0956,0.9753,nan,nan
19.5896,4.1460,-7.3812,-3.0624,0.3902,-0.0956,0.9753,nan,nan
19.5989,4.1423,-7.3815,-3.0636,0.3902,-0.0956,0.9753,nan,nan
19.6100,4.1380,-7.3818,-3.0648,0.3902,-0.0956,0.9753,nan,nan
19.6189,4.1343,-7.3821,-3.0662,0.3902,-0.0956,0.9753,nan,nan
19.6291,4.1343,-7.3821,-3.0676,0.3902,-0.0956,0.9753,nan,nan
19.6409,4.1268,-7.3827,-3.0690,0.3902,-0.0956,0.9730,nan,nan
19.6488,4.1230,-7.3829,-3.0704,0.3902,-0.0956,0.9730,nan,nan
19.6594,4.1194,-7.3832,-3.0718,0.3902,-0.0956,0.9730,nan,nan
19.6690,4.1157,-7.3835,-3.0734,0.3882,-0.0750,0.9730,nan,nan
19.6791,4.1119,-7.3837,-3.0747,0.3882,-0.0750,0.9730,nan,nan
19.6891,4.1080,-7.3840,-3.0763,0.3882,-0.0750,0.9730,nan,nan
19.6993,4.1040,-7.3842,-3.0779,0.3882,-0.0750,0.9730,nan,nan
19.7093,4.1001,-7.3845,-3.0795,0.3882,-0.0750,0.9730,nan,nan
19.7191,4.0964,-7.3847,-3.0810,0.3882,-0.0750,0.9730,nan,nan
19.7311,4.0926,-7.3849,-3.0824,0.3882,-0.0750,0.9730,nan,nan
19.7399,4.0884,-7.3852,-3.0840,0.3882,-0.0750,0.9704,nan,nan
19.7493,4.0844,-7.3854,-3.0856,0.3882,-0.0750,0.9704,nan,nan
19.7601,4.0808,-7.3856,-3.0871,0.3882,-0.0750,0.9704,nan,nan
19.7698,4.0769,-7.3858,-3.0887,0.3896,-0.0323,0.9704,nan,nan
19.7793,4.0726,-7.3861,-3.0903,0.3896,-0.0323,0.9704,nan,nan
19.7892,4.0686,-7.3863,-3.0917,0.3896,-0.0323,0.9704,nan,nan
19.7988,4.0651,-7.3864,-3.0932,0.3896,-0.0323,0.9704,nan,nan
19.8093,4.0614,-7.3866,-3.0946,0.3896,-0.0323,0.9704,nan,nan
19.8216,4.0576,-7.3868,-3.0960,0.3896,-0.0323,0.9704,nan,nan
19.8312,4.0536,-7.3870,-3.0976,0.3896,-0.0323,0.9704,nan,nan
19.8395,4.0501,-7.3871,-3.0988,0.3896,-0.0323,0.9661,nan,nan
19.8498,4.0461,-7.3873,-3.1002,0.3896,-0.0323,0.9661,nan,nan
19.8602,4.0421,-7.3875,-3.1015,0.3868,0.0070,0.9661,nan,nan
19.8688,4.0381,-7.3876,-3.1027,0.3868,0.0070,0.9661,nan,nan
19.8791,4.0347,-7.3878,-3.1037,0.3868,0.0070,0.9661,nan,nan
19.8893,4.0309,-7.3879,-3.1046,0.3868,0.0070,0.9661,nan,nan
19.9004,4.0309,-7.3879,-3.1046,0.3868,0.0070,0.9661,nan,nan
19.9119,4.0232,-7.3882,-3.1062,0.3868,0.0070,0.9661,nan,nan
19.9196,4.0199,-7.3883,-3.1069,0.3868,0.0070,0.9661,nan,nan
19.9298,4.0161,-7.3884,-3.1074,0.3868,0.0070,0.9661,nan,nan
19.9392,4.0119,-7.3886,-3.1081,0.3868,0.0070,0.9635,nan,nan
19.9516,4.0080,-7.3887,-3.1086,0.3868,0.0070,0.9635,nan,nan
19.9639,4.0042,-7.3888,-3.1090,0.3868,0.0070,0.9635,nan,nan
19.9724,4.0006,-7.3890,-3.1093,0.3830,-0.0111,0.9635,nan,nan
19.9796,3.9966,-7.3891,-3.1097,0.3830,-0.0111,0.9635,nan,nan
19.9886,3.9930,-7.3892,-3.1098,0.3830,-0.0111,0.9635,nan,nan
19.9989,3.9897,-7.3893,-3.1102,0.3830,-0.0111,0.9635,nan,nan
20.0093,3.9859,-7.3894,-3.1104,0.3830,-0.0111,0.9635,nan,nan
20.0192,3.9819,-7.3896,-3.1107,0.3830,-0.0111,0.9635,nan,nan
20.0285,3.9778,-7.3897,-3.1109,0.3830,-0.0111,0.9635,nan,nan
20.0385,3.9740,-7.3898,-3.1110,0.3830,-0.0111,0.9612,nan,nan
20.0485,3.9704,-7.3899,-3.1112,0.3830,-0.0111,0.9612,nan,nan
20.0599,3.9666,-7.3900,-3.1114,0.3910,-0.0090,0.9612,nan,nan
20.0686,3.9628,-7.3901,-3.1116,0.3910,-0.0090,0.9612,nan,nan
20.0803,3.9590,-7.3903,-3.1116,0.3910,-0.0090,0.9612,nan,nan
20.0895,3.9557,-7.3903,-3.1117,0.3910,-0.0090,0.9612,nan,nan
20.0990,3.9517,-7.3905,-3.1117,0.3910,-0.0090,0.9612,nan,nan
20.1101,3.9475,-7.3906,-3.1117,0.3910,-0.0090,0.9612,nan,nan
20.1190,3.9434,-7.3907,-3.1119,0.3910,-0.0090,0.9612,nan,nan
20.1289,3.9398,-7.3908,-3.1119,0.3910,-0.0090,0.9612,nan,nan
20.1397,3.9358,-7.3909,-3.1121,0.3910,-0.0090,0.9602,nan,nan
20.1494,3.9319,-7.3911,-3.1123,0.3910,-0.0090,0.9602,nan,nan
20.1598,3.9282,-7.3912,-3.1124,0.3911,-0.0334,0.9602,nan,nan
20.1695,3.9247,-7.3913,-3.1126,0.3911,-0.0334,0.9602,nan,nan
20.1790,3.9210,-7.3914,-3.1128,0.3911,-0.0334,0.9602,nan,nan
20.1896,3.9169,-7.3915,-3.1130,0.3911,-0.0334,0.9602,nan,nan
20.1988,3.9128,-7.3916,-3.1131,0.3911,-0.0334,0.9602,nan,nan
20.2092,3.9088,-7.3917,-3.1133,0.3911,-0.0334,0.9602,nan,nan
20.2201,3.9053,-7.3918,-3.1135,0.3911,-0.0334,0.9602,nan,nan
20.2290,3.9015,-7.3919,-3.1135,0.3911,-0.0334,0.9602,nan,nan
20.2389,3.8976,-7.3920,-3.1137,0.3911,-0.0334,0.9592,nan,nan
20.2489,3.8938,-7.3921,-3.1137,0.3911,-0.0334,0.9592,nan,nan
20.2594,3.8903,-7.3922,-3.1138,0.3939,-0.0358,0.9592,nan,nan
20.2706,3.8865,-7.3923,-3.1140,0.3939,-0.0358,0.9592,nan,nan
20.2789,3.8825,-7.3925,-3.1142,0.3939,-0.0358,0.9592,nan,nan
20.2986,3.8749,-7.3927,-3.1147,0.3939,-0.0358,0.9592,nan,nan
20.3020,3.8749,-7.3927,-3.1147,0.3939,-0.0358,0.9592,nan,nan
20.3091,3.8712,-7.3928,-3.1151,0.3939,-0.0358,0.9592,nan,nan
20.3192,3.8674,-7.3929,-3.1154,0.3939,-0.0358,0.9592,nan,nan
20.3291,3.8633,-7.3930,-3.1159,0.3939,-0.0358,0.9592,nan,nan
20.3397,3.8595,-7.3931,-3.1165,0.3939,-0.0358,0.9587,nan,nan
20.3489,3.8556,-7.3932,-3.1170,0.3939,-0.0358,0.9587,nan,nan
20.3594,3.8514,-7.3933,-3.1175,0.3939,-0.0358,0.9587,nan,nan
20.3690,3.8473,-7.3934,-3.1182,0.3926,-0.0540,0.9587,nan,nan
20.3793,3.8435,-7.3935,-3.1187,0.3926,-0.0540,0.9587,nan,nan
20.3896,3.8398,-7.3935,-3.1193,0.3926,-0.0540,0.9587,nan,nan
20.3985,3.8360,-7.3936,-3.1198,0.3926,-0.0540,0.9587,nan,nan
20.4088,3.8321,-7.3937,-3.1205,0.3926,-0.0540,0.9587,nan,nan
20.4190,3.8283,-7.3938,-3.1212,0.3926,-0.0540,0.9587,nan,nan
20.4290,3.8244,-7.3939,-3.1219,0.3926,-0.0540,0.9587,nan,nan
20.4391,3.8203,-7.3940,-3.1224,0.3926,-0.0540,0.9571,nan,nan
20.4494,3.8164,-7.3940,-3.1231,0.3926,-0.0540,0.9571,nan,nan
20.4600,3.8121,-7.3941,-3.1236,0.3924,-0.0200,0.9571,nan,nan
20.4692,3.8081,-7.3942,-3.1243,0.3924,-0.0200,0.9571,nan,nan
20.4793,3.8040,-7.3943,-3.1248,0.3924,-0.0200,0.9571,nan,nan
20.4894,3.8004,-7.3943,-3.1255,0.3924,-0.0200,0.9571,nan,nan
20.5000,3.7969,-7.3944,-3.1261,0.3924,-0.0200,0.9571,nan,nan
20.5096,3.7931,-7.3944,-3.1268,0.3924,-0.0200,0.9571,nan,nan
20.5197,3.7888,-7.3945,-3.1275,0.3924,-0.0200,0.9571,nan,nan
20.5294,3.7847,-7.3946,-3.1282,0.3924,-0.0200,0.9571,nan,nan
20.5391,3.7812,-7.3946,-3.1289,0.3924,-0.0200,0.9552,nan,nan
20.5517,3.7776,-7.3946,-3.1294,0.3924,-0.0200,0.9552,nan,nan
20.5594,3.7738,-7.3947,-3.1301,0.3924,-0.0200,0.9552,nan,nan
20.5694,3.7697,-7.3947,-3.1308,0.3935,-0.0505,0.9552,nan,nan
20.5797,3.7662,-7.3948,-3.1313,0.3935,-0.0505,0.9552,nan,nan
20.5895,3.7621,-7.3948,-3.1318,0.3935,-0.0505,0.9552,nan,nan
20.5992,3.7582,-7.3949,-3.1322,0.3935,-0.0505,0.9552,nan,nan
20.6089,3.7543,-7.3949,-3.1327,0.3935,-0.0505,0.9552,nan,nan
20.6189,3.7504,-7.3949,-3.1332,0.3935,-0.0505,0.9552,nan,nan
20.6302,3.7466,-7.3950,-3.1336,0.3935,-0.0505,0.9552,nan,nan
20.6398,3.7428,-7.3950,-3.1337,0.3935,-0.0505,0.9575,nan,nan
20.6491,3.7388,-7.3950,-3.1341,0.3935,-0.0505,0.9575,nan,nan
20.6606,3.7353,-7.3950,-3.1344,0.3935,-0.0505,0.9575,nan,nan
20.6692,3.7315,-7.3951,-3.1346,0.3935,-0.0505,0.9575,nan,nan
20.6793,3.7276,-7.3951,-3.1351,0.3866,-0.0697,0.9575,nan,nan
20.6893,3.7231,-7.3951,-3.1357,0.3866,-0.0697,0.9575,nan,nan
20.6992,3.7193,-7.3952,-3.1362,0.3866,-0.0697,0.9575,nan,nan
20.7119,3.7157,-7.3952,-3.1367,0.3866,-0.0697,0.9575,nan,nan
20.7193,3.7119,-7.3952,-3.1374,0.3866,-0.0697,0.9575,nan,nan
20.7288,3.7079,-7.3952,-3.1379,0.3866,-0.0697,0.9575,nan,nan
20.7397,3.7041,-7.3952,-3.1385,0.3866,-0.0697,0.9575,nan,nan
20.7491,3.7005,-7.3952,-3.1390,0.3866,-0.0697,0.9575,nan,nan
20.7613,3.6968,-7.3952,-3.1395,0.3862,-0.0411,0.9575,nan,nan
20.7694,3.6927,-7.3953,-3.1398,0.3862,-0.0411,0.9575,nan,nan
20.7800,3.6887,-7.3953,-3.1402,0.3862,-0.0411,0.9575,nan,nan
20.7893,3.6852,-7.3953,-3.1405,0.3862,-0.0411,0.9575,nan,nan
20.7990,3.6813,-7.3953,-3.1407,0.3862,-0.0411,0.9575,nan,nan
20.8093,3.6774,-7.3953,-3.1411,0.3862,-0.0411,0.9575,nan,nan
20.8210,3.6735,-7.3953,-3.1414,0.3862,-0.0411,0.9575,nan,nan
20.8296,3.6703,-7.3953,3.1414,0.3862,-0.0411,0.9575,nan,nan
20.8390,3.6662,-7.3953,3.1411,0.3862,-0.0411,0.9575,nan,nan
20.8499,3.6624,-7.3953,3.1405,0.3862,-0.0411,0.9575,nan,nan
20.8614,3.6583,-7.3953,3.1400,0.3824,-0.0543,0.9575,nan,nan
20.8694,3.6547,-7.3953,3.1395,0.3824,-0.0543,0.9575,nan,nan
20.8805,3.6509,-7.3953,3.1391,0.3824,-0.0543,0.9575,nan,nan
20.8906,3.6471,-7.3952,3.1388,0.3824,-0.0543,0.9575,nan,nan
20.8995,3.6432,-7.3952,3.1386,0.3824,-0.0543,0.9575,nan,nan
20.9107,3.6395,-7.3952,3.1383,0.3824,-0.0543,0.9575,nan,nan
20.9187,3.6358,-7.3952,3.1379,0.3824,-0.0543,0.9575,nan,nan
20.9301,3.6318,-7.3952,3.1376,0.3824,-0.0543,0.9575,nan,nan
20.9392,3.6276,-7.3952,3.1372,0.3824,-0.0543,0.9565,nan,nan
20.9486,3.6237,-7.3952,3.1369,0.3824,-0.0543,0.9565,nan,nan
20.9587,3.6200,-7.3951,3.1364,0.3824,-0.0543,0.9565,nan,nan
20.9695,3.6161,-7.3951,3.1358,0.3872,-0.0758,0.9565,nan,nan
20.9796,3.6123,-7.3951,3.1353,0.3872,-0.0758,0.9565,nan,nan
20.9895,3.6084,-7.3951,3.1348,0.3872,-0.0758,0.9565,nan,nan
20.9993,3.6050,-7.3951,3.1341,0.3872,-0.0758,0.9565,nan,nan
21.0094,3.6012,-7.3950,3.1336,0.3872,-0.0758,0.9565,nan,nan
21.0189,3.5973,-7.3950,3.1329,0.3872,-0.0758,0.9565,nan,nan
21.0292,3.5934,-7.3950,3.1323,0.3872,-0.0758,0.9565,nan,nan
21.0389,3.5898,-7.3949,3.1318,0.3872,-0.0758,0.9575,nan,nan
21.0500,3.5857,-7.3949,3.1313,0.3872,-0.0758,0.9575,nan,nan
21.0599,3.5818,-7.3948,3.1308,0.3872,-0.0758,0.9575,nan,nan
21.0704,3.5780,-7.3948,3.1302,0.3880,-0.1575,0.9575,nan,nan
21.0808,3.5746,-7.3948,3.1297,0.3880,-0.1575,0.9575,nan,nan
21.0892,3.5706,-7.3947,3.1290,0.3880,-0.1575,0.9575,nan,nan
21.0992,3.5667,-7.3947,3.1290,0.3880,-0.1575,0.9575,nan,nan
21.1090,3.5630,-7.3946,3.1283,0.3880,-0.1575,0.9575,nan,nan
21.1191,3.5593,-7.3946,3.1276,0.3880,-0.1575,0.9575,nan,nan
21.1288,3.5551,-7.3945,3.1271,0.3880,-0.1575,0.9575,nan,nan
21.1398,3.5512,-7.3944,3.1264,0.3880,-0.1575,0.9552,nan,nan
21.1492,3.5475,-7.3944,3.1257,0.3880,-0.1575,0.9552,nan,nan
21.1593,3.5439,-7.3943,3.1250,0.3886,-0.2321,0.9552,nan,nan
21.1696,3.5402,-7.3943,3.1241,0.3886,-0.2321,0.9552,nan,nan
21.1796,3.5364,-7.3942,3.1233,0.3886,-0.2321,0.9552,nan,nan
21.1901,3.5326,-7.3941,3.1222,0.3886,-0.2321,0.9552,nan,nan
21.1993,3.5289,-7.3940,3.1212,0.3886,-0.2321,0.9552,nan,nan
21.2105,3.5251,-7.3940,3.1201,0.3886,-0.2321,0.9552,nan,nan
21.2192,3.5214,-7.3939,3.1189,0.3886,-0.2321,0.9552,nan,nan
21.2304,3.5174,-7.3938,3.1175,0.3886,-0.2321,0.9559,nan,nan
21.2409,3.5139,-7.3937,3.1161,0.3886,-0.2321,0.9559,nan,nan
21.2495,3.5101,-7.3936,3.1145,0.3886,-0.2321,0.9559,nan,nan
21.2591,3.5061,-7.3935,3.1130,0.3864,-0.2122,0.9559,nan,nan
21.2695,3.5021,-7.3934,3.1110,0.3864,-0.2122,0.9559,nan,nan
21.2799,3.4983,-7.3932,3.1091,0.3864,-0.2122,0.9559,nan,nan
21.2896,3.4943,-7.3931,3.1069,0.3864,-0.2122,0.9559,nan,nan
21.2991,3.4905,-7.3930,3.1046,0.3864,-0.2122,0.9559,nan,nan
21.3093,3.4866,-7.3928,3.1023,0.3864,-0.2122,0.9559,nan,nan
21.3193,3.4830,-7.3926,3.0997,0.3864,-0.2122,0.9559,nan,nan
21.3296,3.4792,-7.3925,3.0971,0.3864,-0.2122,0.9572,nan,nan
21.3398,3.4750,-7.3923,3.0945,0.3864,-0.2122,0.9572,nan,nan
21.3492,3.4712,-7.3921,3.0915,0.3864,-0.2122,0.9572,nan,nan
21.3598,3.4678,-7.3919,3.0887,0.3855,-0.2013,0.9572,nan,nan
21.3696,3.4643,-7.3917,3.0859,0.3855,-0.2013,0.9572,nan,nan
21.3812,3.4602,-7.3915,3.0829,0.3855,-0.2013,0.9572,nan,nan
21.3894,3.4561,-7.3912,3.0802,0.3855,-0.2013,0.9572,nan,nan
21.3989,3.4527,-7.3910,3.0775,0.3855,-0.2013,0.9572,nan,nan
21.4093,3.4484,-7.3907,3.0747,0.3855,-0.2013,0.9572,nan,nan
21.4195,3.4445,-7.3904,3.0720,0.3855,-0.2013,0.9572,nan,nan
21.4302,3.4406,-7.3902,3.0692,0.3855,-0.2013,0.9572,nan,nan
21.4393,3.4372,-7.3899,3.0664,0.3855,-0.2013,0.9572,nan,nan
21.4497,3.4334,-7.3896,3.0638,0.3855,-0.2013,0.9572,nan,nan
21.4612,3.4295,-7.3893,3.0610,0.3894,-0.1729,0.9572,nan,nan
21.4698,3.4261,-7.3890,3.0583,0.3894,-0.1729,0.9572,nan,nan
21.4799,3.4225,-7.3887,3.0557,0.3894,-0.1729,0.9572,nan,nan
21.4894,3.4185,-7.3883,3.0531,0.3894,-0.1729,0.9572,nan,nan
21.4993,3.4143,-7.3880,3.0507,0.3894,-0.1729,0.9572,nan,nan
21.5087,3.4105,-7.3876,3.0482,0.3894,-0.1729,0.9572,nan,nan
21.5189,3.4067,-7.3872,3.0458,0.3894,-0.1729,0.9572,nan,nan
21.5373,3.3994,-7.3865,3.0409,0.3894,-0.1729,0.9571,nan,nan
21.5408,3.3994,-7.3865,3.0409,0.3894,-0.1729,0.9571,nan,nan
21.5489,3.3958,-7.3862,3.0384,0.3894,-0.1729,0.9571,nan,nan
21.5592,3.3920,-7.3858,3.0360,0.3822,-0.1548,0.9571,nan,nan
21.5688,3.3878,-7.3853,3.0336,0.3822,-0.1548,0.9571,nan,nan
21.5793,3.3838,-7.3849,3.0313,0.3822,-0.1548,0.9571,nan,nan
21.5916,3.3803,-7.3845,3.0290,0.3822,-0.1548,0.9571,nan,nan
21.5990,3.3767,-7.3841,3.0267,0.3822,-0.1548,0.9571,nan,nan
21.6101,3.3729,-7.3836,3.0247,0.3822,-0.1548,0.9571,nan,nan
21.6192,3.3692,-7.3832,3.0226,0.3822,-0.1548,0.9571,nan,nan
21.6302,3.3656,-7.3827,3.0206,0.3822,-0.1548,0.9585,nan,nan
21.6410,3.3620,-7.3823,3.0187,0.3822,-0.1548,0.9585,nan,nan
21.6496,3.3583,-7.3818,3.0168,0.3822,-0.1548,0.9585,nan,nan
21.6589,3.3542,-7.3813,3.0151,0.3822,-0.1548,0.9585,nan,nan
21.6688,3.3506,-7.3809,3.0135,0.3822,-0.1548,0.9585,nan,nan
21.6796,3.3468,-7.3804,3.0119,0.3921,-0.1503,0.9585,nan,nan
21.6900,3.3430,-7.3799,3.0103,0.3921,-0.1503,0.9585,nan,nan
21.6993,3.3390,-7.3793,3.0089,0.3921,-0.1503,0.9585,nan,nan
21.7110,3.3355,-7.3789,3.0074,0.3921,-0.1503,0.9585,nan,nan
21.7213,3.3321,-7.3784,3.0060,0.3921,-0.1503,0.9585,nan,nan
21.7321,3.3283,-7.3779,3.0046,0.3921,-0.1503,0.9633,nan,nan
21.7404,3.3244,-7.3773,3.0032,0.3921,-0.1503,0.9633,nan,nan
21.7488,3.3205,-7.3768,3.0018,0.3921,-0.1503,0.9633,nan,nan
21.7596,3.3167,-7.3763,3.0006,0.3922,-0.1237,0.9633,nan,nan
21.7686,3.3129,-7.3757,2.9992,0.3922,-0.1237,0.9633,nan,nan
21.7797,3.3093,-7.3752,2.9980,0.3922,-0.1237,0.9633,nan,nan
21.7894,3.3054,-7.3746,2.9967,0.3922,-0.1237,0.9633,nan,nan
21.7988,3.3018,-7.3741,2.9953,0.3922,-0.1237,0.9633,nan,nan
21.8094,3.2981,-7.3736,2.9941,0.3922,-0.1237,0.9633,nan,nan
21.8188,3.2940,-7.3730,2.9927,0.3922,-0.1237,0.9633,nan,nan
21.8297,3.2901,-7.3724,2.9913,0.3922,-0.1237,0.9633,nan,nan
21.8396,3.2863,-7.3718,2.9899,0.3922,-0.1237,0.9682,nan,nan
21.8486,3.2825,-7.3712,2.9885,0.3922,-0.1237,0.9682,nan,nan
21.8592,3.2786,-7.3706,2.9871,0.3885,-0.0285,0.9682,nan,nan
21.8692,3.2747,-7.3700,2.9856,0.3885,-0.0285,0.9682,nan,nan
21.8797,3.2710,-7.3694,2.9840,0.3885,-0.0285,0.9682,nan,nan
21.8893,3.2672,-7.3688,2.9826,0.3885,-0.0285,0.9682,nan,nan
21.8992,3.2635,-7.3682,2.9810,0.3885,-0.0285,0.9682,nan,nan
21.9086,3.2599,-7.3677,2.9795,0.3885,-0.0285,0.9682,nan,nan
21.9196,3.2561,-7.3670,2.9781,0.3885,-0.0285,0.9682,nan,nan
21.9293,3.2523,-7.3664,2.9767,0.3885,-0.0285,0.9711,nan,nan
21.9397,3.2480,-7.3657,2.9754,0.3885,-0.0285,0.9711,nan,nan
21.9490,3.2444,-7.3651,2.9742,0.3885,-0.0285,0.9711,nan,nan
21.9591,3.2407,-7.3645,2.9728,0.3874,0.0887,0.9711,nan,nan
21.9724,3.2369,-7.3638,2.9718,0.3874,0.0887,0.9711,nan,nan
21.9795,3.2329,-7.3631,2.9706,0.3874,0.0887,0.9711,nan,nan
21.9893,3.2273,-7.3622,2.9695,0.3874,0.0887,0.9711,nan,nan
21.9992,3.2238,-7.3615,2.9686,0.3874,0.0887,0.9711,nan,nan
22.0102,3.2199,-7.3609,2.9676,0.3874,0.0887,0.9711,nan,nan
22.0198,3.2160,-7.3602,2.9667,0.3874,0.0887,0.9711,nan,nan
22.0306,3.2122,-7.3595,2.9660,0.3874,0.0887,0.9789,nan,nan
22.0394,3.2084,-7.3588,2.9653,0.3874,0.0887,0.9789,nan,nan
22.0489,3.2046,-7.3581,2.9646,0.3874,0.0887,0.9789,nan,nan
22.0591,3.2008,-7.3574,2.9641,0.3879,0.1730,0.9789,nan,nan
22.0703,3.1971,-7.3568,2.9636,0.3879,0.1730,0.9789,nan,nan
22.0791,3.1933,-7.3561,2.9630,0.3879,0.1730,0.9789,nan,nan
22.0901,3.1894,-7.3554,2.9627,0.3879,0.1730,0.9789,nan,nan
22.0989,3.1856,-7.3547,2.9623,0.3879,0.1730,0.9789,nan,nan
22.1112,3.1819,-7.3540,2.9622,0.3879,0.1730,0.9789,nan,nan
22.1194,3.1781,-7.3533,2.9622,0.3879,0.1730,0.9789,nan,nan
22.1317,3.1742,-7.3526,2.9622,0.3879,0.1730,0.9850,nan,nan
22.1403,3.1703,-7.3519,2.9622,0.3879,0.1730,0.9850,nan,nan
22.1495,3.1666,-7.3513,2.9623,0.3879,0.1730,0.9850,nan,nan
22.1600,3.1634,-7.3507,2.9625,0.3910,0.1953,0.9850,nan,nan
22.1695,3.1594,-7.3500,2.9629,0.3910,0.1953,0.9850,nan,nan
22.1798,3.1553,-7.3492,2.9634,0.3910,0.1953,0.9850,nan,nan
22.1892,3.1516,-7.3486,2.9641,0.3910,0.1953,0.9850,nan,nan
22.2002,3.1480,-7.3479,2.9648,0.3910,0.1953,0.9850,nan,nan
22.2088,3.1441,-7.3472,2.9657,0.3910,0.1953,0.9850,nan,nan
22.2219,3.1401,-7.3465,2.9667,0.3910,0.1953,0.9850,nan,nan
22.2293,3.1364,-7.3459,2.9679,0.3910,0.1953,0.9913,nan,nan
22.2387,3.1330,-7.3453,2.9692,0.3910,0.1953,0.9913,nan,nan
22.2488,3.1290,-7.3446,2.9707,0.3910,0.1953,0.9913,nan,nan
22.2593,3.1250,-7.3439,2.9725,0.3888,0.2306,0.9913,nan,nan
22.2689,3.1212,-7.3433,2.9744,0.3888,0.2306,0.9913,nan,nan
22.2798,3.1179,-7.3427,2.9763,0.3888,0.2306,0.9913,nan,nan
22.2890,3.1140,-7.3421,2.9784,0.3888,0.2306,0.9913,nan,nan
22.2992,3.1101,-7.3414,2.9805,0.3888,0.2306,0.9913,nan,nan
22.3106,3.1061,-7.3408,2.9828,0.3888,0.2306,0.9913,nan,nan
22.3189,3.1024,-7.3402,2.9850,0.3888,0.2306,0.9913,nan,nan
22.3301,3.0990,-7.3397,2.9875,0.3888,0.2306,0.9940,nan,nan
22.3392,3.0953,-7.3391,2.9897,0.3888,0.2306,0.9940,nan,nan
22.3497,3.0914,-7.3385,2.9922,0.3888,0.2306,0.9940,nan,nan
22.3612,3.0876,-7.3380,2.9946,0.3866,0.2335,0.9940,nan,nan
22.3694,3.0842,-7.3375,2.9971,0.3866,0.2335,0.9940,nan,nan
22.3792,3.0807,-7.3370,2.9995,0.3866,0.2335,0.9940,nan,nan
22.3892,3.0769,-7.3364,3.0020,0.3866,0.2335,0.9940,nan,nan
22.3990,3.0728,-7.3359,3.0044,0.3866,0.2335,0.9940,nan,nan
22.4100,3.0684,-7.3353,3.0069,0.3866,0.2335,0.9940,nan,nan
22.4206,3.0651,-7.3348,3.0095,0.3866,0.2335,0.9940,nan,nan
22.4294,3.0613,-7.3343,3.0119,0.3866,0.2335,0.9813,nan,nan
22.4396,3.0574,-7.3338,3.0144,0.3866,0.2335,0.9813,nan,nan
22.4494,3.0535,-7.3333,3.0170,0.3866,0.2335,0.9813,nan,nan
22.4607,3.0500,-7.3329,3.0196,0.3866,0.2335,0.9813,nan,nan
22.4693,3.0463,-7.3325,3.0222,0.3935,0.2262,0.9813,nan,nan
22.4809,3.0424,-7.3320,3.0247,0.3935,0.2262,0.9813,nan,nan
22.4905,3.0384,-7.3316,3.0273,0.3935,0.2262,0.9813,nan,nan
22.4999,3.0345,-7.3311,3.0297,0.3935,0.2262,0.9813,nan,nan
22.5091,3.0309,-7.3307,3.0323,0.3935,0.2262,0.9813,nan,nan
22.5193,3.0270,-7.3303,3.0350,0.3935,0.2262,0.9813,nan,nan
22.5303,3.0229,-7.3299,3.0376,0.3935,0.2262,0.9716,nan,nan
22.5403,3.0191,-7.3295,3.0402,0.3935,0.2262,0.9716,nan,nan
22.5494,3.0155,-7.3291,3.0428,0.3935,0.2262,0.9716,nan,nan
22.5599,3.0117,-7.3288,3.0454,0.3875,0.2084,0.9716,nan,nan
22.5690,3.0077,-7.3284,3.0482,0.3875,0.2084,0.9716,nan,nan
22.5804,3.0037,-7.3280,3.0508,0.3875,0.2084,0.9716,nan,nan
22.5896,2.9999,-7.3277,3.0535,0.3875,0.2084,0.9716,nan,nan
22.5993,2.9963,-7.3274,3.0561,0.3875,0.2084,0.9716,nan,nan
22.6090,2.9924,-7.3271,3.0587,0.3875,0.2084,0.9716,nan,nan
22.6204,2.9886,-7.3268,3.0611,0.3875,0.2084,0.9716,nan,nan
22.6296,2.9848,-7.3265,3.0638,0.3875,0.2084,0.9758,nan,nan
22.6393,2.9808,-7.3261,3.0664,0.3875,0.2084,0.9758,nan,nan
22.6490,2.9769,-7.3258,3.0688,0.3875,0.2084,0.9758,nan,nan
22.6594,2.9731,-7.3256,3.0714,0.3875,0.2084,0.9758,nan,nan
22.6693,2.9692,-7.3253,3.0739,0.3869,0.0858,0.9758,nan,nan
22.6797,2.9650,-7.3250,3.0763,0.3869,0.0858,0.9758,nan,nan
22.6892,2.9618,-7.3248,3.0788,0.3869,0.0858,0.9758,nan,nan
22.7010,2.9582,-7.3246,3.0810,0.3869,0.0858,0.9758,nan,nan
22.7092,2.9544,-7.3244,3.0833,0.3869,0.0858,0.9758,nan,nan
22.7188,2.9503,-7.3242,3.0857,0.3869,0.0858,0.9758,nan,nan
22.7289,2.9466,-7.3240,3.0880,0.3869,0.0858,0.9835,nan,nan
22.7391,2.9426,-7.3238,3.0903,0.3869,0.0858,0.9835,nan,nan
22.7493,2.9388,-7.3236,3.0927,0.3869,0.0858,0.9835,nan,nan
22.7593,2.9349,-7.3234,3.0952,0.3909,-0.0403,0.9835,nan,nan
22.7699,2.9310,-7.3232,3.0974,0.3909,-0.0403,0.9835,nan,nan
22.7795,2.9275,-7.3230,3.0999,0.3909,-0.0403,0.9835,nan,nan
22.7894,2.9236,-7.3229,3.1021,0.3909,-0.0403,0.9835,nan,nan
22.7989,2.9198,-7.3227,3.1042,0.3909,-0.0403,0.9835,nan,nan
22.8094,2.9158,-7.3226,3.1065,0.3909,-0.0403,0.9835,nan,nan
22.8214,2.9119,-7.3225,3.1086,0.3909,-0.0403,0.9835,nan,nan
22.8306,2.9083,-7.3223,3.1105,0.3909,-0.0403,0.9692,nan,nan
22.8396,2.9045,-7.3222,3.1124,0.3909,-0.0403,0.9692,nan,nan
22.8489,2.9007,-7.3221,3.1142,0.3909,-0.0403,0.9692,nan,nan
22.8605,2.8968,-7.3220,3.1159,0.3914,-0.0947,0.9692,nan,nan
22.8691,2.8934,-7.3219,3.1173,0.3914,-0.0947,0.9692,nan,nan
22.8793,2.8895,-7.3218,3.1189,0.3914,-0.0947,0.9692,nan,nan
22.8900,2.8856,-7.3217,3.1201,0.3914,-0.0947,0.9692,nan,nan
22.8991,2.8856,-7.3217,3.1215,0.3914,-0.0947,0.9692,nan,nan
22.9118,2.8781,-7.3216,3.1226,0.3914,-0.0947,0.9692,nan,nan
22.9198,2.8741,-7.3215,3.1236,0.3914,-0.0947,0.9692,nan,nan
22.9295,2.8702,-7.3214,3.1245,0.3914,-0.0947,0.9733,nan,nan
22.9389,2.8662,-7.3214,3.1254,0.3914,-0.0947,0.9733,nan,nan
22.9492,2.8628,-7.3213,3.1259,0.3914,-0.0947,0.9733,nan,nan
22.9591,2.8589,-7.3212,3.1264,0.3783,-0.1286,0.9733,nan,nan
22.9687,2.8549,-7.3212,3.1268,0.3783,-0.1286,0.9733,nan,nan
22.9791,2.8510,-7.3211,3.1269,0.3783,-0.1286,0.9733,nan,nan
22.9887,2.8474,-7.3211,3.1269,0.3783,-0.1286,0.9733,nan,nan
22.9987,2.8435,-7.3210,3.1269,0.3783,-0.1286,0.9733,nan,nan
23.0100,2.8395,-7.3210,3.1266,0.3783,-0.1286,0.9733,nan,nan
23.0206,2.8355,-7.3209,3.1262,0.3783,-0.1286,0.9733,nan,nan
23.0290,2.8317,-7.3208,3.1257,0.3783,-0.1286,0.9737,nan,nan
23.0387,2.8280,-7.3208,3.1250,0.3783,-0.1286,0.9737,nan,nan
23.0484,2.8241,-7.3207,3.1243,0.3783,-0.1286,0.9737,nan,nan
23.0586,2.8202,-7.3206,3.1236,0.3935,-0.1548,0.9737,nan,nan
23.0685,2.8162,-7.3206,3.1227,0.3935,-0.1548,0.9737,nan,nan
23.0791,2.8128,-7.3205,3.1219,0.3935,-0.1548,0.9737,nan,nan
23.0899,2.8087,-7.3204,3.1208,0.3935,-0.1548,0.9737,nan,nan
23.0994,2.8049,-7.3204,3.1196,0.3935,-0.1548,0.9737,nan,nan
23.1101,2.8010,-7.3203,3.1186,0.3935,-0.1548,0.9737,nan,nan
23.1190,2.7974,-7.3202,3.1173,0.3935,-0.1548,0.9737,nan,nan
23.1302,2.7937,-7.3201,3.1161,0.3935,-0.1548,0.9770,nan,nan
23.1397,2.7900,-7.3200,3.1151,0.3935,-0.1548,0.9770,nan,nan
23.1489,2.7861,-7.3199,3.1138,0.3935,-0.1548,0.9770,nan,nan
23.1598,2.7824,-7.3198,3.1126,0.3907,-0.1316,0.9770,nan,nan
23.1704,2.7784,-7.3197,3.1112,0.3907,-0.1316,0.9770,nan,nan
23.1800,2.7741,-7.3195,3.1098,0.3907,-0.1316,0.9770,nan,nan
23.1889,2.7705,-7.3194,3.1084,0.3907,-0.1316,0.9770,nan,nan
23.1989,2.7669,-7.3193,3.1069,0.3907,-0.1316,0.9770,nan,nan
23.2094,2.7634,-7.3192,3.1055,0.3907,-0.1316,0.9770,nan,nan
23.2194,2.7592,-7.3190,3.1055,0.3907,-0.1316,0.9770,nan,nan
23.2296,2.7555,-7.3189,3.1041,0.3907,-0.1316,0.9786,nan,nan
23.2386,2.7520,-7.3188,3.1027,0.3907,-0.1316,0.9786,nan,nan
23.2514,2.7441,-7.3184,3.1001,0.3907,-0.1316,0.9786,nan,nan
23.2590,2.7441,-7.3184,3.1001,0.3876,-0.1600,0.9786,nan,nan
23.2701,2.7403,-7.3183,3.0988,0.3876,-0.1600,0.9786,nan,nan
23.2821,2.7369,-7.3181,3.0974,0.3876,-0.1600,0.9786,nan,nan
23.2906,2.7331,-7.3180,3.0962,0.3876,-0.1600,0.9786,nan,nan
23.2990,2.7293,-7.3178,3.0948,0.3876,-0.1600,0.9786,nan,nan
23.3096,2.7254,-7.3176,3.0936,0.3876,-0.1600,0.9786,nan,nan
23.3193,2.7217,-7.3174,3.0924,0.3876,-0.1600,0.9786,nan,nan
23.3305,2.7175,-7.3172,3.0913,0.3876,-0.1600,0.9760,nan,nan
23.3400,2.7133,-7.3170,3.0901,0.3876,-0.1600,0.9760,nan,nan
23.3500,2.7093,-7.3168,3.0891,0.3876,-0.1600,0.9760,nan,nan
23.3605,2.7057,-7.3166,3.0882,0.3876,-0.1600,0.9760,nan,nan
23.3704,2.7020,-7.3164,3.0871,0.3903,-0.1354,0.9760,nan,nan
23.3797,2.6981,-7.3162,3.0861,0.3903,-0.1354,0.9760,nan,nan
23.3897,2.6943,-7.3159,3.0850,0.3903,-0.1354,0.9760,nan,nan
23.3992,2.6904,-7.3157,3.0840,0.3903,-0.1354,0.9760,nan,nan
23.4115,2.6864,-7.3155,3.0828,0.3903,-0.1354,0.9760,nan,nan
23.4197,2.6823,-7.3152,3.0816,0.3903,-0.1354,0.9760,nan,nan
23.4292,2.6786,-7.3150,3.0803,0.3903,-0.1354,0.9723,nan,nan
23.4394,2.6749,-7.3148,3.0791,0.3903,-0.1354,0.9723,nan,nan
23.4497,2.6711,-7.3145,3.0779,0.3903,-0.1354,0.9723,nan,nan
23.4615,2.6672,-7.3143,3.0768,0.3903,-0.1354,0.9723,nan,nan
23.4691,2.6634,-7.3140,3.0756,0.3910,-0.1065,0.9723,nan,nan
23.4790,2.6594,-7.3138,3.0744,0.3910,-0.1065,0.9723,nan,nan
23.4889,2.6554,-7.3135,3.0734,0.3910,-0.1065,0.9723,nan,nan
23.5001,2.6514,-7.3132,3.0723,0.3910,-0.1065,0.9723,nan,nan
23.5106,2.6474,-7.3129,3.0711,0.3910,-0.1065,0.9723,nan,nan
23.5196,2.6436,-7.3127,3.0697,0.3910,-0.1065,0.9723,nan,nan
23.5332,2.6359,-7.3121,3.0672,0.3910,-0.1065,0.9729,nan,nan
23.5395,2.6359,-7.3121,3.0672,0.3910,-0.1065,0.9729,nan,nan
23.5493,2.6322,-7.3118,3.0660,0.3910,-0.1065,0.9729,nan,nan
23.5604,2.6286,-7.3115,3.0646,0.3863,-0.0711,0.9729,nan,nan
23.5699,2.6245,-7.3112,3.0632,0.3863,-0.0711,0.9729,nan,nan
23.5796,2.6204,-7.3109,3.0620,0.3863,-0.0711,0.9729,nan,nan
23.5894,2.6166,-7.3106,3.0608,0.3863,-0.0711,0.9729,nan,nan
23.5993,2.6127,-7.3103,3.0597,0.3863,-0.0711,0.9729,nan,nan
23.6092,2.6090,-7.3099,3.0585,0.3863,-0.0711,0.9729,nan,nan
23.6212,2.6090,-7.3099,3.0575,0.3863,-0.0711,0.9729,nan,nan
23.6308,2.5995,-7.3091,3.0555,0.3863,-0.0711,0.9710,nan,nan
23.6406,2.5958,-7.3088,3.0545,0.3863,-0.0711,0.9710,nan,nan
23.6492,2.5958,-7.3088,3.0545,0.3863,-0.0711,0.9710,nan,nan
23.6621,2.5918,-7.3085,3.0535,0.3885,-0.0012,0.9710,nan,nan
23.6710,2.5877,-7.3081,3.0526,0.3885,-0.0012,0.9710,nan,nan
23.6794,2.5837,-7.3077,3.0515,0.3885,-0.0012,0.9710,nan,nan
23.6907,2.5803,-7.3074,3.0507,0.3885,-0.0012,0.9710,nan,nan
23.6996,2.5767,-7.3071,3.0498,0.3885,-0.0012,0.9710,nan,nan
23.7101,2.5730,-7.3067,3.0489,0.3885,-0.0012,0.9710,nan,nan
23.7200,2.5693,-7.3064,3.0480,0.3885,-0.0012,0.9710,nan,nan
23.7320,2.5617,-7.3057,3.0465,0.3885,-0.0012,0.9709,nan,nan
23.7394,2.5617,-7.3057,3.0465,0.3885,-0.0012,0.9709,nan,nan
23.7495,2.5577,-7.3053,3.0456,0.3885,-0.0012,0.9709,nan,nan
23.7594,2.5540,-7.3049,3.0447,0.3885,-0.0012,0.9709,nan,nan
23.7693,2.5502,-7.3046,3.0440,0.3914,-0.0075,0.9709,nan,nan
23.7789,2.5464,-7.3042,3.0433,0.3914,-0.0075,0.9709,nan,nan
23.7894,2.5425,-7.3038,3.0426,0.3914,-0.0075,0.9709,nan,nan
23.8000,2.5387,-7.3034,3.0419,0.3914,-0.0075,0.9709,nan,nan
23.8089,2.5352,-7.3031,3.0414,0.3914,-0.0075,0.9709,nan,nan
23.8190,2.5314,-7.3027,3.0407,0.3914,-0.0075,0.9709,nan,nan
23.8304,2.5273,-7.3023,3.0402,0.3914,-0.0075,0.9676,nan,nan
23.8394,2.5232,-7.3018,3.0397,0.3914,-0.0075,0.9676,nan,nan
23.8489,2.5196,-7.3015,3.0393,0.3914,-0.0075,0.9676,nan,nan
23.8606,2.5120,-7.3007,3.0386,0.3915,-0.0033,0.9676,nan,nan
23.8696,2.5081,-7.3003,3.0384,0.3915,-0.0033,0.9676,nan,nan
23.8786,2.5081,-7.3003,3.0384,0.3915,-0.0033,0.9676,nan,nan
23.8897,2.5047,-7.2999,3.0381,0.3915,-0.0033,0.9676,nan,nan
23.8989,2.5012,-7.2996,3.0379,0.3915,-0.0033,0.9676,nan,nan
23.9090,2.4969,-7.2991,3.0376,0.3915,-0.0033,0.9676,nan,nan
23.9188,2.4928,-7.2987,3.0372,0.3915,-0.0033,0.9676,nan,nan
23.9298,2.4893,-7.2983,3.0369,0.3915,-0.0033,0.9629,nan,nan
23.9398,2.4855,-7.2979,3.0367,0.3915,-0.0033,0.9629,nan,nan
23.9493,2.4817,-7.2975,3.0363,0.3915,-0.0033,0.9629,nan,nan
23.9596,2.4777,-7.2971,3.0360,0.3827,-0.0052,0.9629,nan,nan
23.9698,2.4742,-7.2967,3.0357,0.3827,-0.0052,0.9629,nan,nan
23.9790,2.4742,-7.2967,3.0357,0.3827,-0.0052,0.9629,nan,nan
23.9893,2.4664,-7.2959,3.0355,0.3827,-0.0052,0.9629,nan,nan
23.9990,2.4623,-7.2955,3.0353,0.3827,-0.0052,0.9629,nan,nan
24.0090,2.4585,-7.2951,3.0353,0.3827,-0.0052,0.9629,nan,nan
24.0196,2.4545,-7.2946,3.0353,0.3827,-0.0052,0.9629,nan,nan
24.0330,2.4507,-7.2942,3.0351,0.3827,-0.0052,0.9590,nan,nan
24.0391,2.4468,-7.2938,3.0351,0.3827,-0.0052,0.9590,nan,nan
24.0492,2.4433,-7.2934,3.0351,0.3827,-0.0052,0.9590,nan,nan
24.0593,2.4396,-7.2931,3.0351,0.3827,-0.0052,0.9590,nan,nan
24.0694,2.4357,-7.2926,3.0351,0.3879,0.0102,0.9590,nan,nan
24.0801,2.4277,-7.2918,3.0351,0.3879,0.0102,0.9590,nan,nan
24.0892,2.4277,-7.2918,3.0351,0.3879,0.0102,0.9590,nan,nan
24.1017,2.4204,-7.2910,3.0353,0.3879,0.0102,0.9590,nan,nan
24.1092,2.4204,-7.2910,3.0353,0.3879,0.0102,0.9590,nan,nan
24.1195,2.4165,-7.2906,3.0355,0.3879,0.0102,0.9590,nan,nan
24.1305,2.4130,-7.2902,3.0357,0.3879,0.0102,0.9513,nan,nan
24.1411,2.4097,-7.2899,3.0358,0.3879,0.0102,0.9513,nan,nan
24.1513,2.4021,-7.2891,3.0363,0.3879,0.0102,0.9513,nan,nan
24.1602,2.3980,-7.2886,3.0365,0.3956,-0.0032,0.9513,nan,nan
24.1721,2.3946,-7.2883,3.0369,0.3956,-0.0032,0.9513,nan,nan
24.1797,2.3946,-7.2883,3.0369,0.3956,-0.0032,0.9513,nan,nan
24.1904,2.3869,-7.2875,3.0377,0.3956,-0.0032,0.9513,nan,nan
24.1989,2.3869,-7.2875,3.0377,0.3956,-0.0032,0.9513,nan,nan
24.2094,2.3826,-7.2870,3.0383,0.3956,-0.0032,0.9513,nan,nan
24.2214,2.3754,-7.2863,3.0393,0.3956,-0.0032,0.9513,nan,nan
24.2302,2.3754,-7.2863,3.0393,0.3956,-0.0032,0.9500,nan,nan
24.2393,2.3677,-7.2855,3.0400,0.3956,-0.0032,0.9500,nan,nan
24.2490,2.3677,-7.2855,3.0400,0.3956,-0.0032,0.9500,nan,nan
24.2596,2.3604,-7.2847,3.0409,0.3927,-0.0040,0.9500,nan,nan
24.2695,2.3566,-7.2843,3.0412,0.3927,-0.0040,0.9500,nan,nan
24.2804,2.3528,-7.2840,3.0416,0.3927,-0.0040,0.9500,nan,nan
24.2893,2.3490,-7.2836,3.0419,0.3927,-0.0040,0.9500,nan,nan
24.2992,2.3455,-7.2832,3.0425,0.3927,-0.0040,0.9500,nan,nan
24.3102,2.3414,-7.2828,3.0428,0.3927,-0.0040,0.9500,nan,nan
24.3190,2.3372,-7.2824,3.0432,0.3927,-0.0040,0.9500,nan,nan
24.3294,2.3329,-7.2820,3.0435,0.3927,-0.0040,0.9467,nan,nan
24.3392,2.3296,-7.2817,3.0439,0.3927,-0.0040,0.9467,nan,nan
24.3485,2.3296,-7.2817,3.0439,0.3927,-0.0040,0.9467,nan,nan
24.3595,2.3217,-7.2809,3.0446,0.3927,-0.0040,0.9467,nan,nan
24.3698,2.3178,-7.2805,3.0447,0.3876,-0.0025,0.9467,nan,nan
24.3809,2.3142,-7.2802,3.0451,0.3876,-0.0025,0.9467,nan,nan
24.3899,2.3105,-7.2798,3.0453,0.3876,-0.0025,0.9467,nan,nan
24.3994,2.3065,-7.2794,3.0454,0.3876,-0.0025,0.9467,nan,nan
24.4090,2.3023,-7.2790,3.0456,0.3876,-0.0025,0.9467,nan,nan
24.4206,2.2985,-7.2786,3.0459,0.3876,-0.0025,0.9467,nan,nan
24.4289,2.2945,-7.2783,3.0461,0.3876,-0.0025,0.9434,nan,nan
24.4393,2.2908,-7.2779,3.0465,0.3876,-0.0025,0.9434,nan,nan
24.4488,2.2870,-7.2775,3.0466,0.3876,-0.0025,0.9434,nan,nan
24.4593,2.2831,-7.2772,3.0470,0.3886,0.0025,0.9434,nan,nan
24.4688,2.2792,-7.2768,3.0472,0.3886,0.0025,0.9434,nan,nan
24.4788,2.2756,-7.2765,3.0473,0.3886,0.0025,0.9434,nan,nan
24.4891,2.2716,-7.2761,3.0475,0.3886,0.0025,0.9434,nan,nan
24.4989,2.2658,-7.2755,3.0477,0.3886,0.0025,0.9434,nan,nan
24.5091,2.2618,-7.2752,3.0480,0.3886,0.0025,0.9434,nan,nan
24.5214,2.2581,-7.2748,3.0482,0.3886,0.0025,0.9333,nan,nan
24.5301,2.2542,-7.2745,3.0486,0.3886,0.0025,0.9333,nan,nan
24.5388,2.2506,-7.2741,3.0487,0.3886,0.0025,0.9333,nan,nan
24.5488,2.2506,-7.2741,3.0489,0.3886,0.0025,0.9333,nan,nan
24.5599,2.2446,-7.2736,3.0489,0.3931,0.0499,0.9333,nan,nan
24.5689,2.2404,-7.2732,3.0491,0.3931,0.0499,0.9333,nan,nan
24.5797,2.2366,-7.2728,3.0491,0.3931,0.0499,0.9333,nan,nan
24.5888,2.2328,-7.2725,3.0493,0.3931,0.0499,0.9333,nan,nan
24.5986,2.2290,-7.2721,3.0493,0.3931,0.0499,0.9333,nan,nan
24.6089,2.2252,-7.2718,3.0493,0.3931,0.0499,0.9333,nan,nan
24.6205,2.2215,-7.2714,3.0493,0.3931,0.0499,0.9333,nan,nan
24.6292,2.2179,-7.2711,3.0493,0.3931,0.0499,0.9355,nan,nan
24.6401,2.2141,-7.2707,3.0491,0.3931,0.0499,0.9355,nan,nan
24.6492,2.2080,-7.2702,3.0491,0.3931,0.0499,0.9355,nan,nan
24.6597,2.2043,-7.2698,3.0491,0.3932,0.0495,0.9355,nan,nan
24.6689,2.2005,-7.2695,3.0491,0.3932,0.0495,0.9355,nan,nan
24.6833,2.1969,-7.2691,3.0494,0.3932,0.0495,0.9355,nan,nan
24.6906,2.1929,-7.2688,3.0496,0.3932,0.0495,0.9355,nan,nan
24.7035,2.1890,-7.2684,3.0498,0.3932,0.0495,0.9355,nan,nan
24.7087,2.1856,-7.2681,3.0501,0.3932,0.0495,0.9355,nan,nan
24.7196,2.1816,-7.2677,3.0505,0.3932,0.0495,0.9355,nan,nan
24.7290,2.1775,-7.2674,3.0507,0.3932,0.0495,0.9355,nan,nan
24.7389,2.1735,-7.2670,3.0510,0.3932,0.0495,0.9355,nan,nan
24.7499,2.1700,-7.2667,3.0514,0.3932,0.0495,0.9355,nan,nan
24.7594,2.1664,-7.2664,3.0519,0.3932,0.0495,0.9355,nan,nan
24.7692,2.1626,-7.2660,3.0522,0.3956,0.0766,0.9355,nan,nan
24.7800,2.1587,-7.2657,3.0528,0.3956,0.0766,0.9355,nan,nan
24.7893,2.1553,-7.2654,3.0533,0.3956,0.0766,0.9355,nan,nan
24.7989,2.1513,-7.2650,3.0540,0.3956,0.0766,0.9355,nan,nan
24.8096,2.1472,-7.2646,3.0545,0.3956,0.0766,0.9355,nan,nan
24.8190,2.1431,-7.2643,3.0550,0.3956,0.0766,0.9355,nan,nan
24.8301,2.1394,-7.2640,3.0557,0.3956,0.0766,0.9313,nan,nan
24.8388,2.1354,-7.2636,3.0564,0.3956,0.0766,0.9313,nan,nan
24.8494,2.1315,-7.2633,3.0569,0.3956,0.0766,0.9313,nan,nan
24.8599,2.1275,-7.2630,3.0576,0.3919,0.1308,0.9313,nan,nan
24.8690,2.1240,-7.2627,3.0582,0.3919,0.1308,0.9313,nan,nan
24.8796,2.1201,-7.2623,3.0587,0.3919,0.1308,0.9313,nan,nan
24.8892,2.1160,-7.2620,3.0594,0.3919,0.1308,0.9313,nan,nan
24.8991,2.1115,-7.2616,3.0599,0.3919,0.1308,0.9313,nan,nan
24.9092,2.1079,-7.2613,3.0604,0.3919,0.1308,0.9313,nan,nan
24.9195,2.1041,-7.2610,3.0611,0.3919,0.1308,0.9313,nan,nan
24.9295,2.1002,-7.2607,3.0618,0.3919,0.1308,0.9293,nan,nan
24.9388,2.0962,-7.2604,3.0627,0.3919,0.1308,0.9293,nan,nan
24.9497,2.0926,-7.2601,3.0634,0.3919,0.1308,0.9293,nan,nan
24.9589,2.0892,-7.2598,3.0643,0.3924,0.1375,0.9293,nan,nan
24.9685,2.0854,-7.2595,3.0651,0.3924,0.1375,0.9293,nan,nan
24.9795,2.0812,-7.2592,3.0660,0.3924,0.1375,0.9293,nan,nan
24.9895,2.0771,-7.2589,3.0671,0.3924,0.1375,0.9293,nan,nan
24.9994,2.0735,-7.2586,3.0683,0.3924,0.1375,0.9293,nan,nan
25.0093,2.0696,-7.2584,3.0695,0.3924,0.1375,0.9293,nan,nan
25.0203,2.0655,-7.2581,3.0709,0.3924,0.1375,0.9264,nan,nan
25.0295,2.0614,-7.2578,3.0723,0.3924,0.1375,0.9264,nan,nan
25.0393,2.0579,-7.2575,3.0737,0.3924,0.1375,0.9264,nan,nan
25.0492,2.0540,-7.2573,3.0753,0.3924,0.1375,0.9264,nan,nan
25.0610,2.0499,-7.2570,3.0768,0.3873,0.1475,0.9264,nan,nan
25.0726,2.0459,-7.2567,3.0784,0.3873,0.1475,0.9264,nan,nan
25.0796,2.0421,-7.2565,3.0802,0.3873,0.1475,0.9264,nan,nan
25.0887,2.0384,-7.2563,3.0819,0.3873,0.1475,0.9264,nan,nan
25.0989,2.0344,-7.2560,3.0835,0.3873,0.1475,0.9264,nan,nan
25.1099,2.0305,-7.2558,3.0852,0.3873,0.1475,0.9264,nan,nan
25.1203,2.0267,-7.2556,3.0870,0.3873,0.1475,0.9264,nan,nan
25.1296,2.0232,-7.2554,3.0887,0.3873,0.1475,0.9271,nan,nan
25.1399,2.0190,-7.2552,3.0905,0.3873,0.1475,0.9271,nan,nan
25.1490,2.0152,-7.2550,3.0922,0.3873,0.1475,0.9271,nan,nan
25.1613,2.0111,-7.2548,3.0938,0.3836,0.1166,0.9271,nan,nan
25.1697,2.0075,-7.2546,3.0953,0.3836,0.1166,0.9271,nan,nan
25.1799,2.0037,-7.2544,3.0969,0.3836,0.1166,0.9271,nan,nan
25.1892,2.0002,-7.2543,3.0985,0.3836,0.1166,0.9271,nan,nan
25.1987,1.9964,-7.2541,3.0999,0.3836,0.1166,0.9271,nan,nan
25.2089,1.9926,-7.2540,3.1015,0.3836,0.1166,0.9271,nan,nan
25.2220,1.9888,-7.2538,3.1028,0.3836,0.1166,0.9222,nan,nan
25.2293,1.9847,-7.2536,3.1044,0.3836,0.1166,0.9222,nan,nan
25.2389,1.9805,-7.2535,3.1060,0.3836,0.1166,0.9222,nan,nan
25.2490,1.9768,-7.2534,3.1076,0.3836,0.1166,0.9222,nan,nan
25.2592,1.9734,-7.2532,3.1090,0.3884,0.1183,0.9222,nan,nan
25.2689,1.9697,-7.2531,3.1105,0.3884,0.1183,0.9222,nan,nan
25.2794,1.9657,-7.2530,3.1119,0.3884,0.1183,0.9222,nan,nan
25.2907,1.9621,-7.2529,3.1135,0.3884,0.1183,0.9222,nan,nan
25.3014,1.9583,-7.2528,3.1149,0.3884,0.1183,0.9222,nan,nan
25.3091,1.9545,-7.2527,3.1165,0.3884,0.1183,0.9222,nan,nan
25.3192,1.9505,-7.2526,3.1179,0.3884,0.1183,0.9226,nan,nan
25.3294,1.9467,-7.2525,3.1179,0.3884,0.1183,0.9226,nan,nan
25.3392,1.9429,-7.2524,3.1193,0.3884,0.1183,0.9226,nan,nan
25.3505,1.9395,-7.2523,3.1206,0.3884,0.1183,0.9226,nan,nan
25.3606,1.9355,-7.2523,3.1220,0.3882,0.1322,0.9226,nan,nan
25.3692,1.9319,-7.2522,3.1233,0.3882,0.1322,0.9226,nan,nan
25.3795,1.9279,-7.2521,3.1247,0.3882,0.1322,0.9226,nan,nan
25.3892,1.9242,-7.2521,3.1259,0.3882,0.1322,0.9226,nan,nan
25.3992,1.9202,-7.2520,3.1273,0.3882,0.1322,0.9226,nan,nan
25.4092,1.9163,-7.2520,3.1287,0.3882,0.1322,0.9226,nan,nan
25.4207,1.9124,-7.2519,3.1299,0.3882,0.1322,0.9153,nan,nan
25.4293,1.9088,-7.2519,3.1311,0.3882,0.1322,0.9153,nan,nan
25.4394,1.9050,-7.2518,3.1325,0.3882,0.1322,0.9153,nan,nan
25.4494,1.9012,-7.2518,3.1336,0.3882,0.1322,0.9153,nan,nan
25.4593,1.8974,-7.2518,3.1348,0.3882,0.1322,0.9153,nan,nan
25.4694,1.8937,-7.2518,3.1358,0.3860,0.1058,0.9153,nan,nan
25.4804,1.8900,-7.2517,3.1371,0.3860,0.1058,0.9153,nan,nan
25.4895,1.8863,-7.2517,3.1383,0.3860,0.1058,0.9153,nan,nan
25.5126,1.8782,-7.2517,3.1407,0.3860,0.1058,0.9153,nan,nan
25.5218,1.8746,-7.2517,-3.1414,0.3860,0.1058,0.9121,nan,nan
25.5318,1.8711,-7.2517,-3.1402,0.3860,0.1058,0.9121,nan,nan
25.5396,1.8671,-7.2517,-3.1390,0.3860,0.1058,0.9121,nan,nan
25.5497,1.8629,-7.2517,-3.1378,0.3860,0.1058,0.9121,nan,nan
25.5590,1.8590,-7.2518,-3.1364,0.3908,0.0624,0.9121,nan,nan
25.5693,1.8552,-7.2518,-3.1350,0.3908,0.0624,0.9121,nan,nan
25.5801,1.8514,-7.2518,-3.1337,0.3908,0.0624,0.9121,nan,nan
25.5894,1.8473,-7.2519,-3.1323,0.3908,0.0624,0.9121,nan,nan
25.5993,1.8435,-7.2519,-3.1311,0.3908,0.0624,0.9121,nan,nan
25.6100,1.8400,-7.2519,-3.1297,0.3908,0.0624,0.9121,nan,nan
25.6194,1.8364,-7.2520,-3.1285,0.3908,0.0624,0.9210,nan,nan
25.6295,1.8326,-7.2520,-3.1273,0.3908,0.0624,0.9210,nan,nan
25.6393,1.8287,-7.2521,-3.1259,0.3908,0.0624,0.9210,nan,nan
25.6488,1.8249,-7.2522,-3.1245,0.3908,0.0624,0.9210,nan,nan
25.6598,1.8212,-7.2522,-3.1233,0.3916,-0.0121,0.9210,nan,nan
25.6691,1.8175,-7.2523,-3.1219,0.3916,-0.0121,0.9210,nan,nan
25.6805,1.8137,-7.2524,-3.1205,0.3916,-0.0121,0.9210,nan,nan
25.6895,1.8098,-7.2525,-3.1193,0.3916,-0.0121,0.9210,nan,nan
25.7009,1.8060,-7.2526,-3.1180,0.3916,-0.0121,0.9210,nan,nan
25.7132,1.8021,-7.2527,-3.1168,0.3916,-0.0121,0.9210,nan,nan
25.7320,1.7982,-7.2528,-3.1156,0.3916,-0.0121,0.9164,nan,nan
25.7322,1.7982,-7.2528,-3.1156,0.3916,-0.0121,0.9164,nan,nan
25.7396,1.7909,-7.2530,-3.1131,0.3916,-0.0121,0.9164,nan,nan
25.7509,1.7869,-7.2531,-3.1121,0.3916,-0.0121,0.9164,nan,nan
25.7587,1.7830,-7.2532,-3.1110,0.3916,-0.0121,0.9164,nan,nan
25.7691,1.7791,-7.2533,-3.1100,0.3916,-0.0121,0.9164,nan,nan
25.7791,1.7755,-7.2534,-3.1091,0.3868,-0.0362,0.9164,nan,nan
25.7897,1.7716,-7.2536,-3.1083,0.3868,-0.0362,0.9164,nan,nan
25.7990,1.7678,-7.2537,-3.1076,0.3868,-0.0362,0.9164,nan,nan
25.8091,1.7637,-7.2538,-3.1069,0.3868,-0.0362,0.9164,nan,nan
25.8220,1.7600,-7.2540,-3.1062,0.3868,-0.0362,0.9234,nan,nan
25.8304,1.7562,-7.2541,-3.1055,0.3868,-0.0362,0.9234,nan,nan
25.8404,1.7523,-7.2543,-3.1048,0.3868,-0.0362,0.9234,nan,nan
25.8489,1.7484,-7.2544,-3.1042,0.3868,-0.0362,0.9234,nan,nan
25.8595,1.7447,-7.2545,-3.1037,0.3879,-0.0567,0.9234,nan,nan
25.8689,1.7410,-7.2547,-3.1032,0.3879,-0.0567,0.9234,nan,nan
25.8790,1.7372,-7.2548,-3.1027,0.3879,-0.0567,0.9234,nan,nan
25.8890,1.7333,-7.2550,-3.1021,0.3879,-0.0567,0.9234,nan,nan
25.8987,1.7295,-7.2551,-3.1018,0.3879,-0.0567,0.9234,nan,nan
25.9095,1.7260,-7.2553,-3.1015,0.3879,-0.0567,0.9234,nan,nan
25.9192,1.7222,-7.2554,-3.1013,0.3879,-0.0567,0.9229,nan,nan
25.9293,1.7182,-7.2556,-3.1011,0.3879,-0.0567,0.9229,nan,nan
25.9401,1.7143,-7.2558,-3.1009,0.3879,-0.0567,0.9229,nan,nan
25.9507,1.7104,-7.2559,-3.1008,0.3879,-0.0567,0.9229,nan,nan
25.9590,1.7063,-7.2561,-3.1004,0.3912,-0.0354,0.9229,nan,nan
25.9704,1.7027,-7.2562,-3.1002,0.3912,-0.0354,0.9229,nan,nan
25.9796,1.6988,-7.2564,-3.1001,0.3912,-0.0354,0.9229,nan,nan
25.9896,1.6952,-7.2565,-3.1001,0.3912,-0.0354,0.9229,nan,nan
25.9991,1.6952,-7.2565,-3.1001,0.3912,-0.0354,0.9229,nan,nan
26.0089,1.6876,-7.2569,-3.1001,0.3912,-0.0354,0.9229,nan,nan
26.0191,1.6837,-7.2570,-3.1002,0.3912,-0.0354,0.9320,nan,nan
26.0290,1.6800,-7.2572,-3.1004,0.3912,-0.0354,0.9320,nan,nan
26.0391,1.6761,-7.2573,-3.1006,0.3912,-0.0354,0.9320,nan,nan
26.0493,1.6723,-7.2575,-3.1008,0.3912,-0.0354,0.9320,nan,nan
26.0598,1.6679,-7.2577,-3.1011,0.3849,-0.0254,0.9320,nan,nan
26.0701,1.6641,-7.2578,-3.1015,0.3849,-0.0254,0.9320,nan,nan
26.0810,1.6603,-7.2580,-3.1016,0.3849,-0.0254,0.9320,nan,nan
26.0901,1.6565,-7.2581,-3.1021,0.3849,-0.0254,0.9320,nan,nan
26.0989,1.6525,-7.2583,-3.1025,0.3849,-0.0254,0.9320,nan,nan
26.1092,1.6489,-7.2584,-3.1028,0.3849,-0.0254,0.9320,nan,nan
26.1201,1.6452,-7.2586,-3.1032,0.3849,-0.0254,0.9287,nan,nan
26.1305,1.6413,-7.2587,-3.1037,0.3849,-0.0254,0.9287,nan,nan
26.1386,1.6373,-7.2589,-3.1041,0.3849,-0.0254,0.9287,nan,nan
26.1565,1.6300,-7.2591,-3.1049,0.3849,-0.0254,0.9287,nan,nan
26.1679,1.6300,-7.2591,-3.1049,0.3878,-0.0727,0.9287,nan,nan
26.1705,1.6261,-7.2593,-3.1055,0.3878,-0.0727,0.9287,nan,nan
26.1809,1.6222,-7.2594,-3.1058,0.3878,-0.0727,0.9287,nan,nan
26.1894,1.6183,-7.2595,-3.1063,0.3878,-0.0727,0.9287,nan,nan
26.1989,1.6150,-7.2597,-3.1069,0.3878,-0.0727,0.9287,nan,nan
26.2089,1.6112,-7.2598,-3.1072,0.3878,-0.0727,0.9287,nan,nan
26.2189,1.6074,-7.2599,-3.1076,0.3878,-0.0727,0.9234,nan,nan
26.2292,1.6033,-7.2601,-3.1079,0.3878,-0.0727,0.9234,nan,nan
26.2413,1.5998,-7.2602,-3.1083,0.3878,-0.0727,0.9234,nan,nan
26.2533,1.5960,-7.2603,-3.1086,0.3878,-0.0727,0.9234,nan,nan
26.2617,1.5921,-7.2604,-3.1090,0.3899,-0.0835,0.9234,nan,nan
26.2746,1.5879,-7.2606,-3.1095,0.3899,-0.0835,0.9234,nan,nan
26.2796,1.5843,-7.2607,-3.1100,0.3899,-0.0835,0.9234,nan,nan
26.2896,1.5803,-7.2608,-3.1107,0.3899,-0.0835,0.9234,nan,nan
26.2997,1.5763,-7.2609,-3.1116,0.3899,-0.0835,0.9234,nan,nan
26.3102,1.5725,-7.2610,-3.1123,0.3899,-0.0835,0.9234,nan,nan
26.3188,1.5690,-7.2611,-3.1131,0.3899,-0.0835,0.9204,nan,nan
26.3298,1.5651,-7.2612,-3.1140,0.3899,-0.0835,0.9204,nan,nan
26.3387,1.5610,-7.2613,-3.1151,0.3899,-0.0835,0.9204,nan,nan
26.3486,1.5571,-7.2614,-3.1159,0.3899,-0.0835,0.9204,nan,nan
26.3599,1.5535,-7.2615,-3.1170,0.3914,-0.1276,0.9204,nan,nan
26.3692,1.5501,-7.2616,-3.1180,0.3914,-0.1276,0.9204,nan,nan
26.3797,1.5460,-7.2617,-3.1191,0.3914,-0.1276,0.9204,nan,nan
26.3914,1.5418,-7.2618,-3.1200,0.3914,-0.1276,0.9204,nan,nan
26.4008,1.5383,-7.2619,-3.1208,0.3914,-0.1276,0.9204,nan,nan
26.4107,1.5347,-7.2619,-3.1219,0.3914,-0.1276,0.9204,nan,nan
26.4200,1.5307,-7.2620,-3.1227,0.3914,-0.1276,0.9257,nan,nan
26.4289,1.5267,-7.2621,-3.1238,0.3914,-0.1276,0.9257,nan,nan
26.4386,1.5229,-7.2622,-3.1247,0.3914,-0.1276,0.9257,nan,nan
26.4494,1.5192,-7.2622,-3.1257,0.3914,-0.1276,0.9257,nan,nan
26.4593,1.5156,-7.2623,-3.1266,0.3914,-0.1276,0.9257,nan,nan
26.4687,1.5116,-7.2623,-3.1275,0.3877,-0.1324,0.9257,nan,nan
26.4793,1.5080,-7.2624,-3.1285,0.3877,-0.1324,0.9257,nan,nan
26.4893,1.5040,-7.2624,-3.1294,0.3877,-0.1324,0.9257,nan,nan
26.4992,1.4999,-7.2625,-3.1304,0.3877,-0.1324,0.9257,nan,nan
26.5116,1.4957,-7.2625,-3.1315,0.3877,-0.1324,0.9257,nan,nan
26.5194,1.4922,-7.2625,-3.1325,0.3877,-0.1324,0.9260,nan,nan
26.5313,1.4886,-7.2626,-3.1336,0.3877,-0.1324,0.9260,nan,nan
26.5390,1.4849,-7.2626,-3.1346,0.3877,-0.1324,0.9260,nan,nan
26.5488,1.4809,-7.2626,-3.1358,0.3877,-0.1324,0.9260,nan,nan
26.5591,1.4768,-7.2626,-3.1369,0.3906,-0.1711,0.9260,nan,nan
26.5690,1.4733,-7.2627,-3.1379,0.3906,-0.1711,0.9260,nan,nan
26.5793,1.4690,-7.2627,-3.1390,0.3906,-0.1711,0.9260,nan,nan
26.5889,1.4650,-7.2627,-3.1400,0.3906,-0.1711,0.9260,nan,nan
26.5987,1.4612,-7.2627,-3.1412,0.3906,-0.1711,0.9260,nan,nan
26.6089,1.4577,-7.2627,3.1409,0.3906,-0.1711,0.9260,nan,nan
26.6200,1.4539,-7.2627,3.1397,0.3906,-0.1711,0.9375,nan,nan
26.6293,1.4500,-7.2626,3.1385,0.3906,-0.1711,0.9375,nan,nan
26.6387,1.4465,-7.2626,3.1374,0.3906,-0.1711,0.9375,nan,nan
26.6489,1.4427,-7.2626,3.1362,0.3906,-0.1711,0.9375,nan,nan
26.6605,1.4388,-7.2626,3.1351,0.3925,-0.1360,0.9375,nan,nan
26.6692,1.4346,-7.2626,3.1341,0.3925,-0.1360,0.9375,nan,nan
26.6794,1.4306,-7.2625,3.1329,0.3925,-0.1360,0.9375,nan,nan
26.6899,1.4269,-7.2625,3.1318,0.3925,-0.1360,0.9375,nan,nan
26.6986,1.4232,-7.2624,3.1304,0.3925,-0.1360,0.9375,nan,nan
26.7089,1.4191,-7.2624,3.1292,0.3925,-0.1360,0.9375,nan,nan
26.7188,1.4155,-7.2623,3.1276,0.3925,-0.1360,0.9261,nan,nan
26.7288,1.4115,-7.2623,3.1262,0.3925,-0.1360,0.9261,nan,nan
26.7395,1.4076,-7.2622,3.1248,0.3925,-0.1360,0.9261,nan,nan
26.7530,1.4036,-7.2621,3.1234,0.3925,-0.1360,0.9261,nan,nan
26.7601,1.4001,-7.2621,3.1219,0.3938,-0.1425,0.9261,nan,nan
26.7691,1.3963,-7.2620,3.1205,0.3938,-0.1425,0.9261,nan,nan
26.7805,1.3925,-7.2619,3.1191,0.3938,-0.1425,0.9261,nan,nan
26.7898,1.3885,-7.2618,3.1177,0.3938,-0.1425,0.9261,nan,nan
26.8000,1.3850,-7.2617,3.1163,0.3938,-0.1425,0.9261,nan,nan
26.8091,1.3807,-7.2616,3.1151,0.3938,-0.1425,0.9261,nan,nan
26.8195,1.3767,-7.2615,3.1138,0.3938,-0.1425,0.9368,nan,nan
26.8302,1.3728,-7.2614,3.1126,0.3938,-0.1425,0.9368,nan,nan
26.8401,1.3691,-7.2613,3.1112,0.3938,-0.1425,0.9368,nan,nan
26.8497,1.3653,-7.2612,3.1098,0.3938,-0.1425,0.9368,nan,nan
26.8593,1.3613,-7.2610,3.1084,0.3938,-0.1425,0.9368,nan,nan
26.8692,1.3575,-7.2609,3.1070,0.3938,-0.1425,0.9368,nan,nan
26.8806,1.3538,-7.2608,3.1055,0.3938,-0.1425,0.9368,nan,nan
26.8900,1.3499,-7.2606,3.1037,0.3850,-0.1814,0.9368,nan,nan
26.8993,1.3456,-7.2604,3.1020,0.3850,-0.1814,0.9368,nan,nan
26.9101,1.3416,-7.2603,3.1002,0.3850,-0.1814,0.9368,nan,nan
26.9208,1.3375,-7.2601,3.0987,0.3850,-0.1814,0.9358,nan,nan
26.9312,1.3335,-7.2599,3.0971,0.3850,-0.1814,0.9358,nan,nan
26.9392,1.3299,-7.2598,3.0953,0.3850,-0.1814,0.9358,nan,nan
26.9495,1.3261,-7.2596,3.0938,0.3850,-0.1814,0.9358,nan,nan
26.9588,1.3226,-7.2594,3.0920,0.3850,-0.1814,0.9358,nan,nan
26.9696,1.3183,-7.2592,3.0903,0.3887,-0.1908,0.9358,nan,nan
26.9794,1.3150,-7.2590,3.0885,0.3887,-0.1908,0.9358,nan,nan
26.9889,1.3111,-7.2588,3.0866,0.3887,-0.1908,0.9358,nan,nan
26.9990,1.3074,-7.2586,3.0847,0.3887,-0.1908,0.9358,nan,nan
27.0095,1.3035,-7.2584,3.0826,0.3887,-0.1908,0.9358,nan,nan
27.0192,1.2998,-7.2582,3.0807,0.3887,-0.1908,0.9324,nan,nan
27.0292,1.2961,-7.2579,3.0786,0.3887,-0.1908,0.9324,nan,nan
27.0402,1.2925,-7.2577,3.0767,0.3887,-0.1908,0.9324,nan,nan
27.0505,1.2885,-7.2575,3.0746,0.3887,-0.1908,0.9324,nan,nan
27.0610,1.2845,-7.2572,3.0723,0.3845,-0.1800,0.9324,nan,nan
27.0692,1.2810,-7.2569,3.0702,0.3845,-0.1800,0.9324,nan,nan
27.0795,1.2770,-7.2566,3.0679,0.3845,-0.1800,0.9324,nan,nan
27.0892,1.2729,-7.2563,3.0657,0.3845,-0.1800,0.9324,nan,nan
27.0995,1.2690,-7.2561,3.0636,0.3845,-0.1800,0.9324,nan,nan
27.1091,1.2651,-7.2557,3.0613,0.3845,-0.1800,0.9324,nan,nan
27.1249,1.2576,-7.2551,3.0569,0.3845,-0.1800,0.9301,nan,nan
27.1291,1.2576,-7.2551,3.0569,0.3845,-0.1800,0.9301,nan,nan
27.1390,1.2534,-7.2548,3.0547,0.3845,-0.1800,0.9301,nan,nan
27.1490,1.2534,-7.2548,3.0524,0.3845,-0.1800,0.9301,nan,nan
27.1590,1.2479,-7.2543,3.0501,0.3880,-0.1472,0.9301,nan,nan
27.1690,1.2445,-7.2540,3.0479,0.3880,-0.1472,0.9301,nan,nan
27.1809,1.2409,-7.2536,3.0458,0.3880,-0.1472,0.9301,nan,nan
27.1888,1.2368,-7.2532,3.0435,0.3880,-0.1472,0.9301,nan,nan
27.1991,1.2330,-7.2529,3.0412,0.3880,-0.1472,0.9301,nan,nan
27.2097,1.2295,-7.2525,3.0391,0.3880,-0.1472,0.9301,nan,nan
27.2200,1.2255,-7.2521,3.0369,0.3880,-0.1472,0.9324,nan,nan
27.2292,1.2217,-7.2517,3.0346,0.3880,-0.1472,0.9324,nan,nan
27.2392,1.2180,-7.2513,3.0322,0.3880,-0.1472,0.9324,nan,nan
27.2489,1.2145,-7.2509,3.0299,0.3880,-0.1472,0.9324,nan,nan
27.2594,1.2104,-7.2505,3.0278,0.3860,-0.0842,0.9324,nan,nan
27.2692,1.2065,-7.2500,3.0255,0.3860,-0.0842,0.9324,nan,nan
27.2805,1.2029,-7.2496,3.0236,0.3860,-0.0842,0.9324,nan,nan
27.2890,1.1993,-7.2492,3.0217,0.3860,-0.0842,0.9324,nan,nan
27.2989,1.1953,-7.2487,3.0198,0.3860,-0.0842,0.9324,nan,nan
27.3106,1.1912,-7.2482,3.0180,0.3860,-0.0842,0.9324,nan,nan
27.3193,1.1873,-7.2477,3.0163,0.3860,-0.0842,0.9298,nan,nan
27.3298,1.1836,-7.2472,3.0145,0.3860,-0.0842,0.9298,nan,nan
27.3393,1.1799,-7.2468,3.0130,0.3860,-0.0842,0.9298,nan,nan
27.3490,1.1759,-7.2462,3.0116,0.3860,-0.0842,0.9298,nan,nan
27.3602,1.1723,-7.2458,3.0100,0.3870,-0.0452,0.9298,nan,nan
27.3685,1.1684,-7.2453,3.0086,0.3870,-0.0452,0.9298,nan,nan
27.3787,1.1644,-7.2447,3.0072,0.3870,-0.0452,0.9298,nan,nan
27.3887,1.1604,-7.2442,3.0060,0.3870,-0.0452,0.9298,nan,nan
27.3986,1.1569,-7.2437,3.0048,0.3870,-0.0452,0.9298,nan,nan
27.4088,1.1536,-7.2433,3.0035,0.3870,-0.0452,0.9298,nan,nan
27.4189,1.1496,-7.2427,3.0025,0.3870,-0.0452,0.9244,nan,nan
27.4287,1.1496,-7.2427,3.0013,0.3870,-0.0452,0.9244,nan,nan
27.4386,1.1419,-7.2416,3.0004,0.3870,-0.0452,0.9244,nan,nan
27.4485,1.1385,-7.2411,3.0004,0.3870,-0.0452,0.9244,nan,nan
27.4586,1.1346,-7.2406,2.9993,0.3937,0.0078,0.9244,nan,nan
27.4690,1.1308,-7.2400,2.9983,0.3937,0.0078,0.9244,nan,nan
27.4800,1.1270,-7.2395,2.9973,0.3937,0.0078,0.9244,nan,nan
27.4894,1.1236,-7.2390,2.9964,0.3937,0.0078,0.9244,nan,nan
27.4988,1.1198,-7.2384,2.9957,0.3937,0.0078,0.9244,nan,nan
27.5101,1.1161,-7.2379,2.9950,0.3937,0.0078,0.9244,nan,nan
27.5195,1.1123,-7.2373,2.9945,0.3937,0.0078,0.9246,nan,nan
27.5288,1.1086,-7.2367,2.9939,0.3937,0.0078,0.9246,nan,nan
27.5407,1.1046,-7.2362,2.9936,0.3937,0.0078,0.9246,nan,nan
27.5492,1.1005,-7.2355,2.9932,0.3937,0.0078,0.9246,nan,nan
27.5589,1.0966,-7.2350,2.9931,0.3878,0.0187,0.9246,nan,nan
27.5698,1.0930,-7.2344,2.9929,0.3878,0.0187,0.9246,nan,nan
27.5793,1.0892,-7.2338,2.9929,0.3878,0.0187,0.9246,nan,nan
27.5889,1.0854,-7.2333,2.9929,0.3878,0.0187,0.9246,nan,nan
27.5990,1.0815,-7.2327,2.9929,0.3878,0.0187,0.9246,nan,nan
27.6087,1.0777,-7.2321,2.9931,0.3878,0.0187,0.9246,nan,nan
27.6190,1.0737,-7.2315,2.9932,0.3878,0.0187,0.9193,nan,nan
27.6287,1.0698,-7.2309,2.9936,0.3878,0.0187,0.9193,nan,nan
27.6398,1.0659,-7.2304,2.9939,0.3878,0.0187,0.9193,nan,nan
27.6489,1.0621,-7.2298,2.9943,0.3878,0.0187,0.9193,nan,nan
27.6595,1.0585,-7.2293,2.9946,0.3908,0.0311,0.9193,nan,nan
27.6694,1.0549,-7.2287,2.9950,0.3908,0.0311,0.9193,nan,nan
27.6789,1.0509,-7.2282,2.9955,0.3908,0.0311,0.9193,nan,nan
27.6894,1.0469,-7.2276,2.9960,0.3908,0.0311,0.9193,nan,nan
27.6986,1.0433,-7.2270,2.9966,0.3908,0.0311,0.9193,nan,nan
27.7088,1.0395,-7.2265,2.9971,0.3908,0.0311,0.9193,nan,nan
27.7195,1.0356,-7.2259,2.9974,0.3908,0.0311,0.9041,nan,nan
27.7290,1.0317,-7.2253,2.9980,0.3908,0.0311,0.9041,nan,nan
27.7397,1.0283,-7.2249,2.9985,0.3908,0.0311,0.9041,nan,nan
27.7498,1.0246,-7.2243,2.9990,0.3908,0.0311,0.9041,nan,nan
27.7603,1.0206,-7.2238,2.9995,0.3908,0.0658,0.9041,nan,nan
27.7694,1.0165,-7.2232,3.0000,0.3908,0.0658,0.9041,nan,nan
27.7787,1.0128,-7.2227,3.0006,0.3908,0.0658,0.9041,nan,nan
27.7895,1.0086,-7.2221,3.0011,0.3908,0.0658,0.9041,nan,nan
27.7991,1.0047,-7.2215,3.0016,0.3908,0.0658,0.9041,nan,nan
27.8092,1.0007,-7.2210,3.0020,0.3908,0.0658,0.9041,nan,nan
27.8256,0.9935,-7.2199,3.0030,0.3908,0.0658,0.9071,nan,nan
27.8290,0.9935,-7.2199,3.0030,0.3908,0.0658,0.9071,nan,nan
27.8395,0.9898,-7.2194,3.0034,0.3908,0.0658,0.9071,nan,nan
27.8492,0.9858,-7.2189,3.0039,0.3908,0.0658,0.9071,nan,nan
27.8601,0.9823,-7.2184,3.0044,0.3908,0.0658,0.9071,nan,nan
27.8709,0.9782,-7.2178,3.0049,0.3814,0.0893,0.9071,nan,nan
27.8795,0.9742,-7.2173,3.0053,0.3814,0.0893,0.9071,nan,nan
27.8893,0.9705,-7.2168,3.0058,0.3814,0.0893,0.9071,nan,nan
27.8991,0.9669,-7.2163,3.0062,0.3814,0.0893,0.9071,nan,nan
27.9092,0.9632,-7.2158,3.0067,0.3814,0.0893,0.9071,nan,nan
27.9202,0.9593,-7.2152,3.0072,0.3814,0.0893,0.8972,nan,nan
27.9293,0.9554,-7.2147,3.0077,0.3814,0.0893,0.8972,nan,nan
27.9390,0.9516,-7.2142,3.0082,0.3814,0.0893,0.8972,nan,nan
27.9494,0.9482,-7.2138,3.0089,0.3814,0.0893,0.8972,nan,nan
27.9605,0.9439,-7.2132,3.0095,0.3903,0.1070,0.8972,nan,nan
27.9691,0.9401,-7.2127,3.0102,0.3903,0.1070,0.8972,nan,nan
27.9800,0.9362,-7.2122,3.0105,0.3903,0.1070,0.8972,nan,nan
27.9887,0.9327,-7.2117,3.0110,0.3903,0.1070,0.8972,nan,nan
27.9991,0.9291,-7.2112,3.0116,0.3903,0.1070,0.8972,nan,nan
28.0103,0.9257,-7.2108,3.0121,0.3903,0.1070,0.8972,nan,nan
28.0195,0.9216,-7.2103,3.0126,0.3903,0.1070,0.8976,nan,nan
28.0295,0.9180,-7.2098,3.0131,0.3903,0.1070,0.8976,nan,nan
28.0392,0.9144,-7.2093,3.0138,0.3903,0.1070,0.8976,nan,nan
28.0507,0.9106,-7.2088,3.0144,0.3903,0.1070,0.8976,nan,nan
28.0606,0.9063,-7.2083,3.0151,0.3903,0.1070,0.8976,nan,nan
28.0693,0.9025,-7.2078,3.0156,0.3922,0.1086,0.8976,nan,nan
28.0798,0.8990,-7.2074,3.0163,0.3922,0.1086,0.8976,nan,nan
28.0895,0.8954,-7.2069,3.0170,0.3922,0.1086,0.8976,nan,nan
28.1092,0.8874,-7.2059,3.0185,0.3922,0.1086,0.8976,nan,nan
28.1214,0.8840,-7.2055,3.0194,0.3922,0.1086,0.8943,nan,nan
28.1313,0.8803,-7.2051,3.0203,0.3922,0.1086,0.8943,nan,nan
28.1403,0.8762,-7.2046,3.0212,0.3922,0.1086,0.8943,nan,nan
28.1508,0.8724,-7.2041,3.0220,0.3922,0.1086,0.8943,nan,nan
28.1597,0.8687,-7.2037,3.0231,0.3872,0.1220,0.8943,nan,nan
28.1688,0.8653,-7.2032,3.0240,0.3872,0.1220,0.8943,nan,nan
28.1792,0.8616,-7.2028,3.0250,0.3872,0.1220,0.8943,nan,nan
28.1912,0.8576,-7.2023,3.0259,0.3872,0.1220,0.8943,nan,nan
28.1994,0.8538,-7.2019,3.0269,0.3872,0.1220,0.8943,nan,nan
28.2092,0.8502,-7.2015,3.0280,0.3872,0.1220,0.8943,nan,nan
28.2198,0.8461,-7.2010,3.0292,0.3872,0.1220,0.8885,nan,nan
28.2297,0.8423,-7.2006,3.0302,0.3872,0.1220,0.8885,nan,nan
28.2395,0.8383,-7.2001,3.0313,0.3872,0.1220,0.8885,nan,nan
28.2509,0.8350,-7.1998,3.0323,0.3872,0.1220,0.8885,nan,nan
28.2596,0.8311,-7.1993,3.0334,0.3932,0.1261,0.8885,nan,nan
28.2694,0.8272,-7.1989,3.0346,0.3932,0.1261,0.8885,nan,nan
28.2799,0.8233,-7.1985,3.0360,0.3932,0.1261,0.8885,nan,nan
28.2925,0.8161,-7.1977,3.0386,0.3932,0.1261,0.8885,nan,nan
28.2997,0.8161,-7.1977,3.0386,0.3932,0.1261,0.8885,nan,nan
28.3093,0.8123,-7.1974,3.0400,0.3932,0.1261,0.8885,nan,nan
28.3193,0.8085,-7.1970,3.0414,0.3932,0.1261,0.8846,nan,nan
28.3302,0.8046,-7.1966,3.0430,0.3932,0.1261,0.8846,nan,nan
28.3397,0.8012,-7.1962,3.0444,0.3932,0.1261,0.8846,nan,nan
28.3508,0.7973,-7.1959,3.0461,0.3932,0.1261,0.8846,nan,nan
28.3592,0.7934,-7.1955,3.0477,0.3932,0.1261,0.8846,nan,nan
28.3689,0.7894,-7.1951,3.0493,0.3894,0.1325,0.8846,nan,nan
28.3786,0.7855,-7.1947,3.0508,0.3894,0.1325,0.8846,nan,nan
28.3889,0.7817,-7.1944,3.0524,0.3894,0.1325,0.8846,nan,nan
28.3990,0.7778,-7.1940,3.0542,0.3894,0.1325,0.8846,nan,nan
28.4108,0.7737,-7.1937,3.0557,0.3894,0.1325,0.8814,nan,nan
28.4187,0.7697,-7.1933,3.0573,0.3894,0.1325,0.8814,nan,nan
28.4290,0.7659,-7.1930,3.0590,0.3894,0.1325,0.8814,nan,nan
28.4390,0.7618,-7.1927,3.0606,0.3894,0.1325,0.8814,nan,nan
28.4489,0.7580,-7.1924,3.0624,0.3894,0.1325,0.8814,nan,nan
28.4590,0.7540,-7.1921,3.0641,0.3908,0.1516,0.8814,nan,nan
28.4688,0.7505,-7.1918,3.0657,0.3908,0.1516,0.8814,nan,nan
28.4792,0.7467,-7.1915,3.0672,0.3908,0.1516,0.8814,nan,nan
28.4891,0.7428,-7.1912,3.0688,0.3908,0.1516,0.8814,nan,nan
28.4990,0.7385,-7.1909,3.0702,0.3908,0.1516,0.8814,nan,nan
28.5091,0.7348,-7.1906,3.0716,0.3908,0.1516,0.8814,nan,nan
28.5208,0.7313,-7.1904,3.0728,0.3908,0.1516,0.8764,nan,nan
28.5292,0.7275,-7.1901,3.0740,0.3908,0.1516,0.8764,nan,nan
28.5397,0.7233,-7.1898,3.0753,0.3908,0.1516,0.8764,nan,nan
28.5494,0.7196,-7.1896,3.0763,0.3908,0.1516,0.8764,nan,nan
28.5602,0.7196,-7.1896,3.0774,0.3866,0.1838,0.8764,nan,nan
28.5796,0.7079,-7.1888,3.0798,0.3866,0.1838,0.8764,nan,nan
28.5893,0.7039,-7.1886,3.0812,0.3866,0.1838,0.8764,nan,nan
28.5993,0.7000,-7.1884,3.0828,0.3866,0.1838,0.8764,nan,nan
28.6091,0.6961,-7.1881,3.0843,0.3866,0.1838,0.8764,nan,nan
28.6187,0.6924,-7.1879,3.0861,0.3866,0.1838,0.8788,nan,nan
28.6290,0.6887,-7.1877,3.0877,0.3866,0.1838,0.8788,nan,nan
28.6394,0.6848,-7.1875,3.0894,0.3866,0.1838,0.8788,nan,nan
28.6491,0.6813,-7.1873,3.0912,0.3866,0.1838,0.8788,nan,nan
28.6591,0.6774,-7.1871,3.0927,0.3906,0.1735,0.8788,nan,nan
28.6700,0.6733,-7.1869,3.0945,0.3906,0.1735,0.8788,nan,nan
28.6793,0.6691,-7.1867,3.0960,0.3906,0.1735,0.8788,nan,nan
28.6893,0.6656,-7.1866,3.0976,0.3906,0.1735,0.8788,nan,nan
28.6989,0.6620,-7.1864,3.0992,0.3906,0.1735,0.8788,nan,nan
28.7103,0.6583,-7.1863,3.1008,0.3906,0.1735,0.8788,nan,nan
28.7189,0.6544,-7.1861,3.1023,0.3906,0.1735,0.8726,nan,nan
28.7293,0.6508,-7.1860,3.1037,0.3906,0.1735,0.8726,nan,nan
28.7391,0.6470,-7.1858,3.1053,0.3906,0.1735,0.8726,nan,nan
28.7487,0.6429,-7.1857,3.1065,0.3906,0.1735,0.8726,nan,nan
28.7593,0.6388,-7.1855,3.1079,0.3879,0.1677,0.8726,nan,nan
28.7688,0.6350,-7.1854,3.1091,0.3879,0.1677,0.8726,nan,nan
28.7793,0.6314,-7.1853,3.1105,0.3879,0.1677,0.8726,nan,nan
28.7892,0.6275,-7.1851,3.1117,0.3879,0.1677,0.8726,nan,nan
28.7989,0.6236,-7.1850,3.1130,0.3879,0.1677,0.8726,nan,nan
28.8113,0.6203,-7.1849,3.1142,0.3879,0.1677,0.8726,nan,nan
28.8248,0.6128,-7.1847,3.1168,0.3879,0.1677,0.8657,nan,nan
28.8319,0.6128,-7.1847,3.1168,0.3879,0.1677,0.8657,nan,nan
28.8406,0.6087,-7.1846,3.1180,0.3879,0.1677,0.8657,nan,nan
28.8493,0.6048,-7.1845,3.1194,0.3879,0.1677,0.8657,nan,nan
28.8593,0.6007,-7.1845,3.1210,0.3879,0.1677,0.8657,nan,nan
28.8694,0.5972,-7.1844,3.1226,0.3879,0.1677,0.8657,nan,nan
28.8788,0.5936,-7.1843,3.1241,0.3910,0.0979,0.8657,nan,nan
28.8897,0.5894,-7.1842,3.1255,0.3910,0.0979,0.8657,nan,nan
28.9016,0.5850,-7.1842,3.1271,0.3910,0.0979,0.8657,nan,nan
28.9093,0.5815,-7.1841,3.1287,0.3910,0.0979,0.8657,nan,nan
28.9191,0.5775,-7.1841,3.1302,0.3910,0.0979,0.8704,nan,nan
28.9294,0.5736,-7.1840,3.1318,0.3910,0.0979,0.8704,nan,nan
28.9393,0.5696,-7.1840,3.1334,0.3910,0.0979,0.8704,nan,nan
28.9527,0.5660,-7.1840,3.1350,0.3910,0.0979,0.8704,nan,nan
28.9612,0.5606,-7.1839,3.1365,0.3877,0.0705,0.8704,nan,nan
28.9717,0.5567,-7.1839,3.1381,0.3877,0.0705,0.8704,nan,nan
28.9796,0.5530,-7.1839,3.1395,0.3877,0.0705,0.8704,nan,nan
28.9894,0.5494,-7.1839,3.1407,0.3877,0.0705,0.8704,nan,nan
28.9987,0.5450,-7.1839,-3.1411,0.3877,0.0705,0.8704,nan,nan
29.0089,0.5410,-7.1839,-3.1398,0.3877,0.0705,0.8626,nan,nan
29.0188,0.5371,-7.1839,-3.1388,0.3877,0.0705,0.8626,nan,nan
29.0294,0.5338,-7.1839,-3.1376,0.3877,0.0705,0.8626,nan,nan
29.0394,0.5300,-7.1839,-3.1365,0.3877,0.0705,0.8626,nan,nan
29.0497,0.5262,-7.1840,-3.1355,0.3877,0.0705,0.8626,nan,nan
29.0615,0.5219,-7.1840,-3.1344,0.3915,0.0799,0.8626,nan,nan
29.0695,0.5184,-7.1840,-3.1334,0.3915,0.0799,0.8626,nan,nan
29.0803,0.5147,-7.1841,-3.1325,0.3915,0.0799,0.8626,nan,nan
29.0895,0.5108,-7.1841,-3.1315,0.3915,0.0799,0.8626,nan,nan
29.0990,0.5067,-7.1841,-3.1306,0.3915,0.0799,0.8626,nan,nan
29.1151,0.4997,-7.1842,-3.1287,0.3915,0.0799,0.8751,nan,nan
29.1204,0.4997,-7.1842,-3.1287,0.3915,0.0799,0.8751,nan,nan
29.1293,0.4960,-7.1843,-3.1278,0.3915,0.0799,0.8751,nan,nan
29.1392,0.4921,-7.1843,-3.1268,0.3915,0.0799,0.8751,nan,nan
29.1511,0.4881,-7.1844,-3.1257,0.3915,0.0799,0.8751,nan,nan
29.1596,0.4845,-7.1845,-3.1245,0.3947,0.0648,0.8751,nan,nan
29.1691,0.4807,-7.1845,-3.1233,0.3947,0.0648,0.8751,nan,nan
29.1794,0.4766,-7.1846,-3.1222,0.3947,0.0648,0.8751,nan,nan
29.1893,0.4725,-7.1847,-3.1210,0.3947,0.0648,0.8751,nan,nan
29.1988,0.4690,-7.1847,-3.1200,0.3947,0.0648,0.8751,nan,nan
29.2097,0.4653,-7.1848,-3.1187,0.3947,0.0648,0.8764,nan,nan
29.2205,0.4614,-7.1849,-3.1175,0.3947,0.0648,0.8764,nan,nan
29.2293,0.4574,-7.1850,-3.1163,0.3947,0.0648,0.8764,nan,nan
29.2394,0.4535,-7.1851,-3.1151,0.3947,0.0648,0.8764,nan,nan
29.2498,0.4499,-7.1852,-3.1138,0.3947,0.0648,0.8764,nan,nan
29.2603,0.4459,-7.1853,-3.1124,0.3918,0.0358,0.8764,nan,nan
29.2689,0.4420,-7.1854,-3.1112,0.3918,0.0358,0.8764,nan,nan
29.2797,0.4379,-7.1856,-3.1100,0.3918,0.0358,0.8764,nan,nan
29.2911,0.4341,-7.1857,-3.1088,0.3918,0.0358,0.8764,nan,nan
29.2986,0.4297,-7.1858,-3.1076,0.3918,0.0358,0.8764,nan,nan
29.3103,0.4260,-7.1859,-3.1065,0.3918,0.0358,0.8738,nan,nan
29.3193,0.4221,-7.1861,-3.1053,0.3918,0.0358,0.8738,nan,nan
29.3298,0.4185,-7.1862,-3.1044,0.3918,0.0358,0.8738,nan,nan
29.3389,0.4144,-7.1864,-3.1034,0.3918,0.0358,0.8738,nan,nan
29.3486,0.4107,-7.1865,-3.1025,0.3918,0.0358,0.8738,nan,nan
29.3591,0.4068,-7.1867,-3.1018,0.3820,-0.0058,0.8738,nan,nan
29.3695,0.4031,-7.1868,-3.1013,0.3820,-0.0058,0.8738,nan,nan
29.3805,0.3992,-7.1870,-3.1006,0.3820,-0.0058,0.8738,nan,nan
29.3907,0.3954,-7.1871,-3.0999,0.3820,-0.0058,0.8738,nan,nan
29.3988,0.3910,-7.1873,-3.0994,0.3820,-0.0058,0.8738,nan,nan
29.4089,0.3871,-7.1875,-3.0987,0.3820,-0.0058,0.8735,nan,nan
29.4190,0.3835,-7.1876,-3.0981,0.3820,-0.0058,0.8735,nan,nan
29.4303,0.3796,-7.1878,-3.0976,0.3820,-0.0058,0.8735,nan,nan
29.4391,0.3756,-7.1880,-3.0971,0.3820,-0.0058,0.8735,nan,nan
29.4493,0.3718,-7.1881,-3.0966,0.3820,-0.0058,0.8735,nan,nan
29.4596,0.3683,-7.1883,-3.0959,0.3919,0.0039,0.8735,nan,nan
29.4698,0.3602,-7.1887,-3.0950,0.3919,0.0039,0.8735,nan,nan
29.4796,0.3602,-7.1887,-3.0950,0.3919,0.0039,0.8735,nan,nan
29.4895,0.3565,-7.1888,-3.0946,0.3919,0.0039,0.8735,nan,nan
29.4994,0.3530,-7.1890,-3.0943,0.3919,0.0039,0.8735,nan,nan
29.5101,0.3490,-7.1892,-3.0941,0.3919,0.0039,0.8689,nan,nan
29.5199,0.3452,-7.1894,-3.0941,0.3919,0.0039,0.8689,nan,nan
29.5302,0.3412,-7.1896,-3.0939,0.3919,0.0039,0.8689,nan,nan
29.5401,0.3379,-7.1897,-3.0939,0.3919,0.0039,0.8689,nan,nan
29.5490,0.3341,-7.1899,-3.0939,0.3919,0.0039,0.8689,nan,nan
29.5622,0.3265,-7.1903,-3.0939,0.3915,0.0336,0.8689,nan,nan
29.5693,0.3265,-7.1903,-3.0939,0.3915,0.0336,0.8689,nan,nan
29.5805,0.3229,-7.1904,-3.0939,0.3915,0.0336,0.8689,nan,nan
29.5892,0.3229,-7.1904,-3.0939,0.3915,0.0336,0.8689,nan,nan
29.5991,0.3153,-7.1908,-3.0941,0.3915,0.0336,0.8689,nan,nan
29.6102,0.3078,-7.1912,-3.0943,0.3915,0.0336,0.8777,nan,nan
29.6201,0.3078,-7.1912,-3.0943,0.3915,0.0336,0.8777,nan,nan
29.6296,0.3040,-7.1913,-3.0945,0.3915,0.0336,0.8777,nan,nan
29.6397,0.2958,-7.1917,-3.0946,0.3915,0.0336,0.8777,nan,nan
29.6488,0.2958,-7.1917,-3.0946,0.3915,0.0336,0.8777,nan,nan
29.6593,0.2922,-7.1919,-3.0948,0.3906,0.0149,0.8777,nan,nan
29.6692,0.2886,-7.1921,-3.0948,0.3906,0.0149,0.8777,nan,nan
29.6792,0.2844,-7.1923,-3.0948,0.3906,0.0149,0.8777,nan,nan
29.6904,0.2805,-7.1924,-3.0946,0.3906,0.0149,0.8777,nan,nan
29.6992,0.2805,-7.1924,-3.0946,0.3906,0.0149,0.8777,nan,nan
29.7109,0.2708,-7.1929,-3.0946,0.3906,0.0149,0.8824,nan,nan
29.7283,0.2671,-7.1931,-3.0946,0.3906,0.0149,0.8824,nan,nan
29.7351,0.2634,-7.1932,-3.0943,0.3906,0.0149,0.8824,nan,nan
29.7435,0.2593,-7.1934,-3.0941,0.3906,0.0149,0.8824,nan,nan
29.7515,0.2557,-7.1936,-3.0939,0.3906,0.0149,0.8824,nan,nan
29.7597,0.2557,-7.1936,-3.0939,0.3906,0.0149,0.8824,nan,nan
29.7697,0.2520,-7.1938,-3.0938,0.3884,-0.0066,0.8824,nan,nan
29.7797,0.2478,-7.1940,-3.0936,0.3884,-0.0066,0.8824,nan,nan
29.7888,0.2436,-7.1942,-3.0934,0.3884,-0.0066,0.8824,nan,nan
29.7999,0.2399,-7.1944,-3.0932,0.3884,-0.0066,0.8824,nan,nan
29.8089,0.2361,-7.1945,-3.0932,0.3884,-0.0066,0.8830,nan,nan
29.8202,0.2320,-7.1947,-3.0931,0.3884,-0.0066,0.8830,nan,nan
29.8291,0.2281,-7.1949,-3.0929,0.3884,-0.0066,0.8830,nan,nan
29.8397,0.2243,-7.1951,-3.0927,0.3884,-0.0066,0.8830,nan,nan
29.8497,0.2207,-7.1953,-3.0927,0.3884,-0.0066,0.8830,nan,nan
29.8603,0.2166,-7.1955,-3.0925,0.3884,-0.0066,0.8830,nan,nan
29.8687,0.2127,-7.1957,-3.0925,0.3752,-0.0170,0.8830,nan,nan
29.8792,0.2086,-7.1959,-3.0924,0.3752,-0.0170,0.8830,nan,nan
29.8891,0.2052,-7.1961,-3.0924,0.3752,-0.0170,0.8830,nan,nan
29.8994,0.2015,-7.1962,-3.0922,0.3752,-0.0170,0.8830,nan,nan
29.9106,0.1977,-7.1964,-3.0920,0.3752,-0.0170,0.8860,nan,nan
29.9193,0.1937,-7.1966,-3.0919,0.3752,-0.0170,0.8860,nan,nan
29.9301,0.1863,-7.1970,-3.0915,0.3752,-0.0170,0.8860,nan,nan
29.9390,0.1823,-7.1972,-3.0913,0.3752,-0.0170,0.8860,nan,nan
29.9492,0.1784,-7.1974,-3.0912,0.3752,-0.0170,0.8860,nan,nan
29.9589,0.1784,-7.1974,-3.0912,0.3752,-0.0170,0.8860,nan,nan
29.9686,0.1750,-7.1976,-3.0910,0.3752,-0.0170,0.8860,nan,nan
29.9860,0.1673,-7.1980,-3.0903,0.3932,0.0631,0.8860,nan,nan
29.9894,0.1673,-7.1980,-3.0903,0.3932,0.0631,0.8860,nan,nan
29.9989,0.1635,-7.1982,-3.0899,0.3932,0.0631,0.8860,nan,nan
30.0092,0.1565,-7.1985,-3.0892,0.3932,0.0631,0.8932,nan,nan
30.0192,0.1565,-7.1985,-3.0892,0.3932,0.0631,0.8932,nan,nan
30.0307,0.1488,-7.1989,-3.0889,0.3932,0.0631,0.8932,nan,nan
30.0388,0.1448,-7.1991,-3.0887,0.3932,0.0631,0.8932,nan,nan
30.0498,0.1414,-7.1993,-3.0885,0.3932,0.0631,0.8932,nan,nan
30.0593,0.1377,-7.1995,-3.0884,0.3902,0.0493,0.8932,nan,nan
30.0689,0.1341,-7.1997,-3.0882,0.3902,0.0493,0.8932,nan,nan
30.0792,0.1303,-7.1999,-3.0880,0.3902,0.0493,0.8932,nan,nan
30.0898,0.1269,-7.2001,-3.0878,0.3902,0.0493,0.8932,nan,nan
30.1006,0.1231,-7.2003,-3.0875,0.3902,0.0493,0.8932,nan,nan
30.1097,0.1194,-7.2005,-3.0871,0.3902,0.0493,0.8958,nan,nan
30.1191,0.1153,-7.2007,-3.0870,0.3902,0.0493,0.8958,nan,nan
30.1300,0.1114,-7.2009,-3.0864,0.3902,0.0493,0.8958,nan,nan
30.1390,0.1077,-7.2011,-3.0861,0.3902,0.0493,0.8958,nan,nan
30.1504,0.1037,-7.2014,-3.0856,0.3902,0.0493,0.8958,nan,nan
30.1593,0.0997,-7.2016,-3.0850,0.3926,0.0101,0.8958,nan,nan
30.1693,0.0958,-7.2018,-3.0845,0.3926,0.0101,0.8958,nan,nan
30.1801,0.0923,-7.2020,-3.0840,0.3926,0.0101,0.8958,nan,nan
30.1891,0.0886,-7.2022,-3.0833,0.3926,0.0101,0.8958,nan,nan
30.1985,0.0846,-7.2025,-3.0828,0.3926,0.0101,0.8958,nan,nan
30.2090,0.0805,-7.2027,-3.0821,0.3926,0.0101,0.8965,nan,nan
30.2188,0.0768,-7.2029,-3.0814,0.3926,0.0101,0.8965,nan,nan
30.2286,0.0730,-7.2032,-3.0807,0.3926,0.0101,0.8965,nan,nan
30.2391,0.0692,-7.2034,-3.0800,0.3926,0.0101,0.8965,nan,nan
30.2500,0.0653,-7.2036,-3.0793,0.3926,0.0101,0.8965,nan,nan
30.2605,0.0616,-7.2039,-3.0786,0.3936,0.0098,0.8965,nan,nan
30.2705,0.0574,-7.2041,-3.0781,0.3936,0.0098,0.8965,nan,nan
30.2812,0.0537,-7.2044,-3.0775,0.3936,0.0098,0.8965,nan,nan
30.2894,0.0497,-7.2046,-3.0770,0.3936,0.0098,0.8965,nan,nan
30.2986,0.0460,-7.2049,-3.0767,0.3936,0.0098,0.8965,nan,nan
30.3092,0.0418,-7.2051,-3.0763,0.3936,0.0098,0.8988,nan,nan
30.3186,0.0383,-7.2054,-3.0760,0.3936,0.0098,0.8988,nan,nan
30.3291,0.0344,-7.2056,-3.0758,0.3936,0.0098,0.8988,nan,nan
30.3387,0.0308,-7.2059,-3.0758,0.3936,0.0098,0.8988,nan,nan
30.3491,0.0268,-7.2061,-3.0756,0.3936,0.0098,0.8988,nan,nan
30.3594,0.0230,-7.2064,-3.0758,0.3913,-0.0440,0.8988,nan,nan
30.3693,0.0188,-7.2067,-3.0758,0.3913,-0.0440,0.8988,nan,nan
30.3796,0.0149,-7.2069,-3.0760,0.3913,-0.0440,0.8988,nan,nan
30.3891,0.0108,-7.2072,-3.0760,0.3913,-0.0440,0.8988,nan,nan
30.3990,0.0070,-7.2074,-3.0760,0.3913,-0.0440,0.8988,nan,nan
30.4092,0.0032,-7.2077,-3.0761,0.3913,-0.0440,0.8871,nan,nan
30.4199,-0.0005,-7.2079,-3.0761,0.3913,-0.0440,0.8871,nan,nan
30.4294,-0.0045,-7.2082,-3.0763,0.3913,-0.0440,0.8871,nan,nan
30.4395,-0.0083,-7.2084,-3.0765,0.3913,-0.0440,0.8871,nan,nan
30.4493,-0.0122,-7.2087,-3.0767,0.3913,-0.0440,0.8871,nan,nan
30.4617,-0.0161,-7.2089,-3.0768,0.3915,-0.0195,0.8871,nan,nan
30.4696,-0.0200,-7.2092,-3.0770,0.3915,-0.0195,0.8871,nan,nan
30.4790,-0.0240,-7.2094,-3.0772,0.3915,-0.0195,0.8871,nan,nan
30.4893,-0.0278,-7.2097,-3.0774,0.3915,-0.0195,0.8871,nan,nan
30.4991,-0.0316,-7.2099,-3.0777,0.3915,-0.0195,0.8871,nan,nan
30.5111,-0.0353,-7.2102,-3.0779,0.3915,-0.0195,0.8881,nan,nan
30.5204,-0.0391,-7.2104,-3.0782,0.3915,-0.0195,0.8881,nan,nan
30.5294,-0.0435,-7.2107,-3.0788,0.3915,-0.0195,0.8881,nan,nan
30.5392,-0.0478,-7.2110,-3.0791,0.3915,-0.0195,0.8881,nan,nan
30.5506,-0.0512,-7.2112,-3.0795,0.3915,-0.0195,0.8881,nan,nan
30.5602,-0.0548,-7.2114,-3.0798,0.3851,-0.0142,0.8881,nan,nan
30.5690,-0.0587,-7.2116,-3.0802,0.3851,-0.0142,0.8881,nan,nan
30.5796,-0.0629,-7.2119,-3.0805,0.3851,-0.0142,0.8881,nan,nan
30.5899,-0.0663,-7.2121,-3.0809,0.3851,-0.0142,0.8881,nan,nan
30.5990,-0.0702,-7.2124,-3.0812,0.3851,-0.0142,0.8881,nan,nan
30.6094,-0.0742,-7.2126,-3.0814,0.3851,-0.0142,0.8930,nan,nan
30.6196,-0.0784,-7.2128,-3.0816,0.3851,-0.0142,0.8930,nan,nan
30.6301,-0.0817,-7.2130,-3.0819,0.3851,-0.0142,0.8930,nan,nan
30.6390,-0.0857,-7.2133,-3.0819,0.3851,-0.0142,0.8930,nan,nan
30.6487,-0.0896,-7.2135,-3.0821,0.3851,-0.0142,0.8930,nan,nan
30.6600,-0.0934,-7.2137,-3.0823,0.3867,-0.0164,0.8930,nan,nan
30.6693,-0.0968,-7.2139,-3.0826,0.3867,-0.0164,0.8930,nan,nan
30.6797,-0.1006,-7.2142,-3.0828,0.3867,-0.0164,0.8930,nan,nan
30.6891,-0.1046,-7.2144,-3.0831,0.3867,-0.0164,0.8930,nan,nan
30.6991,-0.1087,-7.2146,-3.0833,0.3867,-0.0164,0.8930,nan,nan
30.7089,-0.1124,-7.2149,-3.0835,0.3867,-0.0164,0.9046,nan,nan
30.7190,-0.1159,-7.2151,-3.0838,0.3867,-0.0164,0.9046,nan,nan
30.7289,-0.1200,-7.2153,-3.0840,0.3867,-0.0164,0.9046,nan,nan
30.7391,-0.1237,-7.2155,-3.0842,0.3867,-0.0164,0.9046,nan,nan
30.7491,-0.1274,-7.2157,-3.0843,0.3867,-0.0164,0.9046,nan,nan
30.7605,-0.1308,-7.2159,-3.0845,0.3839,-0.0684,0.9046,nan,nan
30.7700,-0.1347,-7.2161,-3.0847,0.3839,-0.0684,0.9046,nan,nan
30.7790,-0.1386,-7.2164,-3.0850,0.3839,-0.0684,0.9046,nan,nan
30.7887,-0.1425,-7.2166,-3.0850,0.3839,-0.0684,0.9046,nan,nan
30.7989,-0.1460,-7.2168,-3.0850,0.3839,-0.0684,0.9046,nan,nan
30.8108,-0.1498,-7.2170,-3.0850,0.3839,-0.0684,0.9135,nan,nan
30.8188,-0.1538,-7.2172,-3.0850,0.3839,-0.0684,0.9135,nan,nan
30.8289,-0.1576,-7.2174,-3.0847,0.3839,-0.0684,0.9135,nan,nan
30.8397,-0.1610,-7.2176,-3.0845,0.3839,-0.0684,0.9135,nan,nan
30.8490,-0.1647,-7.2178,-3.0843,0.3839,-0.0684,0.9135,nan,nan
30.8593,-0.1686,-7.2181,-3.0842,0.3839,-0.0684,0.9135,nan,nan
30.8708,-0.1724,-7.2183,-3.0840,0.3928,-0.0542,0.9135,nan,nan
30.8803,-0.1764,-7.2185,-3.0840,0.3928,-0.0542,0.9135,nan,nan
30.8897,-0.1800,-7.2187,-3.0840,0.3928,-0.0542,0.9135,nan,nan
30.8990,-0.1838,-7.2189,-3.0840,0.3928,-0.0542,0.9135,nan,nan
30.9091,-0.1875,-7.2192,-3.0840,0.3928,-0.0542,0.9158,nan,nan
30.9193,-0.1912,-7.2194,-3.0843,0.3928,-0.0542,0.9158,nan,nan
30.9294,-0.1948,-7.2196,-3.0845,0.3928,-0.0542,0.9158,nan,nan
30.9391,-0.1985,-7.2198,-3.0849,0.3928,-0.0542,0.9158,nan,nan
30.9487,-0.2023,-7.2200,-3.0852,0.3928,-0.0542,0.9158,nan,nan
30.9587,-0.2064,-7.2202,-3.0857,0.3928,-0.0542,0.9158,nan,nan
30.9694,-0.2102,-7.2204,-3.0861,0.3883,-0.0770,0.9158,nan,nan
30.9809,-0.2141,-7.2207,-3.0864,0.3883,-0.0770,0.9158,nan,nan
30.9893,-0.2180,-7.2209,-3.0870,0.3883,-0.0770,0.9158,nan,nan
30.9990,-0.2219,-7.2211,-3.0875,0.3883,-0.0770,0.9158,nan,nan
31.0102,-0.2256,-7.2213,-3.0878,0.3883,-0.0770,0.9140,nan,nan
31.0190,-0.2293,-7.2215,-3.0884,0.3883,-0.0770,0.9140,nan,nan
31.0302,-0.2333,-7.2217,-3.0887,0.3883,-0.0770,0.9140,nan,nan
31.0400,-0.2372,-7.2219,-3.0891,0.3883,-0.0770,0.9140,nan,nan
31.0500,-0.2410,-7.2221,-3.0894,0.3883,-0.0770,0.9140,nan,nan
31.0604,-0.2449,-7.2223,-3.0898,0.3920,-0.0704,0.9140,nan,nan
31.0691,-0.2491,-7.2225,-3.0899,0.3920,-0.0704,0.9140,nan,nan
31.0792,-0.2531,-7.2227,-3.0903,0.3920,-0.0704,0.9140,nan,nan
31.0896,-0.2567,-7.2229,-3.0906,0.3920,-0.0704,0.9140,nan,nan
31.0995,-0.2603,-7.2231,-3.0910,0.3920,-0.0704,0.9140,nan,nan
31.1095,-0.2645,-7.2233,-3.0915,0.3920,-0.0704,0.8889,nan,nan
31.1191,-0.2682,-7.2235,-3.0919,0.3920,-0.0704,0.8889,nan,nan
31.1292,-0.2718,-7.2237,-3.0924,0.3920,-0.0704,0.8889,nan,nan
31.1390,-0.2758,-7.2239,-3.0927,0.3920,-0.0704,0.8889,nan,nan
31.1490,-0.2798,-7.2241,-3.0932,0.3920,-0.0704,0.8889,nan,nan
31.1600,-0.2837,-7.2243,-3.0938,0.3896,-0.0650,0.8889,nan,nan
31.1694,-0.2871,-7.2244,-3.0943,0.3896,-0.0650,0.8889,nan,nan
31.1803,-0.2909,-7.2246,-3.0950,0.3896,-0.0650,0.8889,nan,nan
31.1886,-0.2949,-7.2248,-3.0957,0.3896,-0.0650,0.8889,nan,nan
31.1993,-0.2991,-7.2250,-3.0964,0.3896,-0.0650,0.8889,nan,nan
31.2090,-0.3028,-7.2252,-3.0973,0.3896,-0.0650,0.8652,nan,nan
31.2191,-0.3068,-7.2253,-3.0980,0.3896,-0.0650,0.8652,nan,nan
31.2293,-0.3107,-7.2255,-3.0987,0.3896,-0.0650,0.8652,nan,nan
31.2389,-0.3146,-7.2257,-3.0995,0.3896,-0.0650,0.8652,nan,nan
31.2495,-0.3181,-7.2258,-3.1006,0.3896,-0.0650,0.8652,nan,nan
31.2588,-0.3221,-7.2260,-3.1015,0.3842,-0.0743,0.8652,nan,nan
31.2691,-0.3260,-7.2261,-3.1025,0.3842,-0.0743,0.8652,nan,nan
31.2808,-0.3299,-7.2263,-3.1035,0.3842,-0.0743,0.8652,nan,nan
31.2923,-0.3332,-7.2264,-3.1048,0.3842,-0.0743,0.8652,nan,nan
31.2996,-0.3372,-7.2266,-3.1058,0.3842,-0.0743,0.8652,nan,nan
31.3098,-0.3414,-7.2267,-3.1069,0.3842,-0.0743,0.8392,nan,nan
31.3199,-0.3452,-7.2269,-3.1079,0.3842,-0.0743,0.8392,nan,nan
31.3289,-0.3488,-7.2270,-3.1090,0.3842,-0.0743,0.8392,nan,nan
31.3388,-0.3528,-7.2271,-3.1100,0.3842,-0.0743,0.8392,nan,nan
31.3493,-0.3569,-7.2272,-3.1112,0.3842,-0.0743,0.8392,nan,nan
31.3590,-0.3609,-7.2274,-3.1124,0.3932,-0.0741,0.8392,nan,nan
31.3686,-0.3644,-7.2275,-3.1137,0.3932,-0.0741,0.8392,nan,nan
31.3812,-0.3680,-7.2276,-3.1149,0.3932,-0.0741,0.8392,nan,nan
31.3904,-0.3720,-7.2277,-3.1161,0.3932,-0.0741,0.8392,nan,nan
31.3996,-0.3761,-7.2278,-3.1172,0.3932,-0.0741,0.8392,nan,nan
31.4095,-0.3800,-7.2279,-3.1184,0.3932,-0.0741,0.8159,nan,nan
31.4193,-0.3835,-7.2279,-3.1194,0.3932,-0.0741,0.8159,nan,nan
31.4293,-0.3876,-7.2280,-3.1206,0.3932,-0.0741,0.8159,nan,nan
31.4392,-0.3916,-7.2281,-3.1219,0.3932,-0.0741,0.8159,nan,nan
31.4491,-0.3952,-7.2282,-3.1229,0.3932,-0.0741,0.8159,nan,nan
31.4586,-0.3989,-7.2283,-3.1240,0.3913,-0.0520,0.8159,nan,nan
31.4692,-0.4028,-7.2283,-3.1252,0.3913,-0.0520,0.8159,nan,nan
31.4811,-0.4066,-7.2284,-3.1262,0.3913,-0.0520,0.8159,nan,nan
31.4927,-0.4103,-7.2284,-3.1271,0.3913,-0.0520,0.8159,nan,nan
31.5002,-0.4142,-7.2285,-3.1282,0.3913,-0.0520,0.8159,nan,nan
31.5091,-0.4181,-7.2286,-3.1294,0.3913,-0.0520,0.7939,nan,nan
31.5190,-0.4221,-7.2286,-3.1304,0.3913,-0.0520,0.7939,nan,nan
31.5293,-0.4256,-7.2286,-3.1315,0.3913,-0.0520,0.7939,nan,nan
31.5395,-0.4294,-7.2287,-3.1325,0.3913,-0.0520,0.7939,nan,nan
31.5566,-0.4331,-7.2287,-3.1336,0.3913,-0.0520,0.7939,nan,nan
31.5590,-0.4373,-7.2287,-3.1346,0.3887,-0.0585,0.7939,nan,nan
31.5697,-0.4410,-7.2288,-3.1355,0.3887,-0.0585,0.7939,nan,nan
31.5797,-0.4447,-7.2288,-3.1362,0.3887,-0.0585,0.7939,nan,nan
31.5893,-0.4487,-7.2288,-3.1371,0.3887,-0.0585,0.7939,nan,nan
31.5988,-0.4528,-7.2288,-3.1378,0.3887,-0.0585,0.7939,nan,nan
31.6092,-0.4567,-7.2289,-3.1385,0.3887,-0.0585,0.7713,nan,nan
31.6201,-0.4602,-7.2289,-3.1390,0.3887,-0.0585,0.7713,nan,nan
31.6293,-0.4641,-7.2289,-3.1397,0.3887,-0.0585,0.7713,nan,nan
31.6393,-0.4680,-7.2289,-3.1402,0.3887,-0.0585,0.7713,nan,nan
31.6492,-0.4718,-7.2289,-3.1407,0.3887,-0.0585,0.7713,nan,nan
31.6591,-0.4754,-7.2289,-3.1411,0.3913,-0.0762,0.7713,nan,nan
31.6697,-0.4794,-7.2289,-3.1411,0.3913,-0.0762,0.7713,nan,nan
31.6792,-0.4836,-7.2289,3.1416,0.3913,-0.0762,0.7713,nan,nan
31.6904,-0.4876,-7.2289,3.1412,0.3913,-0.0762,0.7713,nan,nan
31.7008,-0.4908,-7.2289,3.1409,0.3913,-0.0762,0.7713,nan,nan
31.7117,-0.4946,-7.2289,3.1405,0.3913,-0.0762,0.7517,nan,nan
31.7196,-0.4982,-7.2289,3.1402,0.3913,-0.0762,0.7517,nan,nan
31.7294,-0.5023,-7.2289,3.1400,0.3913,-0.0762,0.7517,nan,nan
31.7390,-0.5061,-7.2289,3.1397,0.3913,-0.0762,0.7517,nan,nan
31.7498,-0.5098,-7.2289,3.1395,0.3913,-0.0762,0.7517,nan,nan
31.7611,-0.5138,-7.2288,3.1391,0.3927,-0.1214,0.7517,nan,nan
31.7692,-0.5177,-7.2288,3.1388,0.3927,-0.1214,0.7517,nan,nan
31.7795,-0.5215,-7.2288,3.1385,0.3927,-0.1214,0.7517,nan,nan
31.7895,-0.5253,-7.2288,3.1379,0.3927,-0.1214,0.7517,nan,nan
31.7988,-0.5292,-7.2288,3.1374,0.3927,-0.1214,0.7517,nan,nan
31.8093,-0.5335,-7.2288,3.1369,0.3927,-0.1214,0.7357,nan,nan
31.8189,-0.5374,-7.2288,3.1364,0.3927,-0.1214,0.7357,nan,nan
31.8288,-0.5412,-7.2287,3.1358,0.3927,-0.1214,0.7357,nan,nan
31.8389,-0.5450,-7.2287,3.1353,0.3927,-0.1214,0.7357,nan,nan
31.8492,-0.5490,-7.2287,3.1346,0.3927,-0.1214,0.7357,nan,nan
31.8604,-0.5528,-7.2287,3.1339,0.3922,-0.1061,0.7357,nan,nan
31.8699,-0.5564,-7.2286,3.1332,0.3922,-0.1061,0.7357,nan,nan
31.8796,-0.5601,-7.2286,3.1323,0.3922,-0.1061,0.7357,nan,nan
31.8893,-0.5640,-7.2285,3.1315,0.3922,-0.1061,0.7357,nan,nan
31.8986,-0.5679,-7.2285,3.1304,0.3922,-0.1061,0.7357,nan,nan
31.9097,-0.5719,-7.2285,3.1295,0.3922,-0.1061,0.7188,nan,nan
31.9190,-0.5763,-7.2284,3.1287,0.3922,-0.1061,0.7188,nan,nan
31.9301,-0.5800,-7.2283,3.1278,0.3922,-0.1061,0.7188,nan,nan
31.9451,-0.5836,-7.2283,3.1268,0.3922,-0.1061,0.7188,nan,nan
31.9503,-0.5875,-7.2282,3.1257,0.3922,-0.1061,0.7188,nan,nan
31.9592,-0.5915,-7.2282,3.1248,0.3922,-0.1061,0.7188,nan,nan
31.9710,-0.5955,-7.2281,3.1238,0.3897,-0.1026,0.7188,nan,nan
31.9795,-0.5991,-7.2280,3.1227,0.3897,-0.1026,0.7188,nan,nan
31.9896,-0.6031,-7.2279,3.1219,0.3897,-0.1026,0.7188,nan,nan
31.9986,-0.6071,-7.2279,3.1210,0.3897,-0.1026,0.7188,nan,nan
32.0091,-0.6115,-7.2278,3.1200,0.3897,-0.1026,0.7028,nan,nan
32.0195,-0.6150,-7.2277,3.1191,0.3897,-0.1026,0.7028,nan,nan
32.0297,-0.6188,-7.2276,3.1182,0.3897,-0.1026,0.7028,nan,nan
32.0397,-0.6225,-7.2275,3.1173,0.3897,-0.1026,0.7028,nan,nan
32.0489,-0.6264,-7.2274,3.1165,0.3897,-0.1026,0.7028,nan,nan
32.0615,-0.6298,-7.2273,3.1154,0.3876,-0.0862,0.7028,nan,nan
32.0691,-0.6340,-7.2272,3.1144,0.3876,-0.0862,0.7028,nan,nan
32.0814,-0.6378,-7.2271,3.1133,0.3876,-0.0862,0.7028,nan,nan
32.0889,-0.6418,-7.2270,3.1123,0.3876,-0.0862,0.7028,nan,nan
32.0991,-0.6453,-7.2269,3.1110,0.3876,-0.0862,0.7028,nan,nan
32.1092,-0.6492,-7.2268,3.1100,0.3876,-0.0862,0.6891,nan,nan
32.1205,-0.6532,-7.2266,3.1088,0.3876,-0.0862,0.6891,nan,nan
32.1289,-0.6570,-7.2265,3.1076,0.3876,-0.0862,0.6891,nan,nan
32.1390,-0.6606,-7.2264,3.1063,0.3876,-0.0862,0.6891,nan,nan
32.1491,-0.6643,-7.2262,3.1051,0.3876,-0.0862,0.6891,nan,nan
32.1593,-0.6686,-7.2261,3.1037,0.3892,-0.1262,0.6891,nan,nan
32.1688,-0.6729,-7.2259,3.1025,0.3892,-0.1262,0.6891,nan,nan
32.1795,-0.6766,-7.2258,3.1013,0.3892,-0.1262,0.6891,nan,nan
32.1889,-0.6801,-7.2256,3.1001,0.3892,-0.1262,0.6891,nan,nan
32.1986,-0.6840,-7.2255,3.0990,0.3892,-0.1262,0.6891,nan,nan
32.2098,-0.6879,-7.2253,3.0981,0.3892,-0.1262,0.6753,nan,nan
32.2205,-0.6914,-7.2251,3.0971,0.3892,-0.1262,0.6753,nan,nan
32.2304,-0.6948,-7.2250,3.0960,0.3892,-0.1262,0.6753,nan,nan
32.2394,-0.6989,-7.2248,3.0950,0.3892,-0.1262,0.6753,nan,nan
32.2487,-0.7032,-7.2246,3.0941,0.3892,-0.1262,0.6753,nan,nan
32.2588,-0.7068,-7.2244,3.0931,0.3892,-0.1262,0.6753,nan,nan
32.2701,-0.7106,-7.2242,3.0922,0.3879,-0.1509,0.6753,nan,nan
32.2790,-0.7143,-7.2240,3.0913,0.3879,-0.1509,0.6753,nan,nan
32.2898,-0.7182,-7.2238,3.0905,0.3879,-0.1509,0.6753,nan,nan
32.3004,-0.7217,-7.2237,3.0894,0.3879,-0.1509,0.6753,nan,nan
32.3096,-0.7254,-7.2235,3.0885,0.3879,-0.1509,0.6550,nan,nan
32.3193,-0.7294,-7.2232,3.0875,0.3879,-0.1509,0.6550,nan,nan
32.3292,-0.7334,-7.2230,3.0864,0.3879,-0.1509,0.6550,nan,nan
32.3396,-0.7372,-7.2228,3.0854,0.3879,-0.1509,0.6550,nan,nan
32.3499,-0.7410,-7.2226,3.0843,0.3879,-0.1509,0.6550,nan,nan
32.3594,-0.7448,-7.2224,3.0835,0.3927,-0.1232,0.6550,nan,nan
32.3689,-0.7487,-7.2222,3.0823,0.3927,-0.1232,0.6550,nan,nan
32.3796,-0.7522,-7.2219,3.0810,0.3927,-0.1232,0.6550,nan,nan
32.3893,-0.7558,-7.2217,3.0798,0.3927,-0.1232,0.6550,nan,nan
32.3986,-0.7598,-7.2215,3.0784,0.3927,-0.1232,0.6550,nan,nan
32.4107,-0.7637,-7.2212,3.0768,0.3927,-0.1232,0.6365,nan,nan
32.4187,-0.7676,-7.2210,3.0753,0.3927,-0.1232,0.6365,nan,nan
32.4295,-0.7712,-7.2207,3.0739,0.3927,-0.1232,0.6365,nan,nan
32.4399,-0.7750,-7.2205,3.0725,0.3927,-0.1232,0.6365,nan,nan
32.4494,-0.7788,-7.2202,3.0711,0.3927,-0.1232,0.6365,nan,nan
32.4591,-0.7826,-7.2200,3.0697,0.3927,-0.1232,0.6365,nan,nan
32.4690,-0.7863,-7.2197,3.0683,0.3919,-0.1063,0.6365,nan,nan
32.4796,-0.7902,-7.2194,3.0671,0.3919,-0.1063,0.6365,nan,nan
32.4900,-0.7942,-7.2191,3.0657,0.3919,-0.1063,0.6365,nan,nan
32.4987,-0.7978,-7.2188,3.0644,0.3919,-0.1063,0.6365,nan,nan
32.5096,-0.8018,-7.2185,3.0632,0.3919,-0.1063,0.6301,nan,nan
32.5204,-0.8056,-7.2182,3.0622,0.3919,-0.1063,0.6301,nan,nan
32.5303,-0.8097,-7.2179,3.0611,0.3919,-0.1063,0.6301,nan,nan
32.5391,-0.8135,-7.2176,3.0601,0.3919,-0.1063,0.6301,nan,nan
32.5501,-0.8174,-7.2173,3.0592,0.3919,-0.1063,0.6301,nan,nan
32.5595,-0.8212,-7.2170,3.0582,0.3919,-0.1063,0.6301,nan,nan
32.5696,-0.8254,-7.2166,3.0573,0.3893,-0.0783,0.6301,nan,nan
32.5796,-0.8289,-7.2163,3.0564,0.3893,-0.0783,0.6301,nan,nan
32.5898,-0.8329,-7.2160,3.0557,0.3893,-0.0783,0.6301,nan,nan
32.5995,-0.8368,-7.2156,3.0550,0.3893,-0.0783,0.6254,nan,nan
32.6105,-0.8408,-7.2153,3.0543,0.3893,-0.0783,0.6254,nan,nan
32.6202,-0.8445,-7.2150,3.0536,0.3893,-0.0783,0.6254,nan,nan
32.6300,-0.8481,-7.2146,3.0529,0.3893,-0.0783,0.6254,nan,nan
32.6402,-0.8521,-7.2143,3.0521,0.3893,-0.0783,0.6254,nan,nan
32.6516,-0.8561,-7.2139,3.0514,0.3893,-0.0783,0.6254,nan,nan
32.6599,-0.8597,-7.2136,3.0507,0.3881,-0.0592,0.6254,nan,nan
32.6693,-0.8637,-7.2132,3.0498,0.3881,-0.0592,0.6254,nan,nan
32.6791,-0.8677,-7.2129,3.0491,0.3881,-0.0592,0.6254,nan,nan
32.6898,-0.8717,-7.2125,3.0484,0.3881,-0.0592,0.6254,nan,nan
32.6999,-0.8755,-7.2121,3.0475,0.3881,-0.0592,0.6280,nan,nan
32.7101,-0.8793,-7.2118,3.0468,0.3881,-0.0592,0.6280,nan,nan
32.7191,-0.8834,-7.2114,3.0461,0.3881,-0.0592,0.6280,nan,nan
32.7292,-0.8873,-7.2110,3.0454,0.3881,-0.0592,0.6280,nan,nan
32.7393,-0.8909,-7.2107,3.0447,0.3881,-0.0592,0.6280,nan,nan
32.7496,-0.8944,-7.2103,3.0442,0.3881,-0.0592,0.6280,nan,nan
32.7593,-0.8983,-7.2100,3.0437,0.3876,-0.0605,0.6280,nan,nan
32.7692,-0.9023,-7.2096,3.0432,0.3876,-0.0605,0.6280,nan,nan
32.7791,-0.9063,-7.2092,3.0425,0.3876,-0.0605,0.6280,nan,nan
32.7894,-0.9103,-7.2088,3.0419,0.3876,-0.0605,0.6280,nan,nan
32.8004,-0.9141,-7.2084,3.0414,0.3876,-0.0605,0.6287,nan,nan
32.8091,-0.9181,-7.2080,3.0407,0.3876,-0.0605,0.6287,nan,nan
32.8207,-0.9218,-7.2076,3.0402,0.3876,-0.0605,0.6287,nan,nan
32.8293,-0.9256,-7.2072,3.0395,0.3876,-0.0605,0.6287,nan,nan
32.8388,-0.9291,-7.2069,3.0388,0.3876,-0.0605,0.6287,nan,nan
32.8488,-0.9329,-7.2065,3.0383,0.3876,-0.0605,0.6287,nan,nan
32.8621,-0.9369,-7.2061,3.0376,0.3861,-0.0402,0.6287,nan,nan
32.8686,-0.9408,-7.2056,3.0369,0.3861,-0.0402,0.6287,nan,nan
32.8802,-0.9447,-7.2052,3.0362,0.3861,-0.0402,0.6287,nan,nan
32.8892,-0.9486,-7.2048,3.0355,0.3861,-0.0402,0.6287,nan,nan
32.8992,-0.9523,-7.2044,3.0350,0.3861,-0.0402,0.6280,nan,nan
32.9087,-0.9559,-7.2040,3.0341,0.3861,-0.0402,0.6280,nan,nan
32.9192,-0.9597,-7.2036,3.0334,0.3861,-0.0402,0.6280,nan,nan
32.9292,-0.9636,-7.2032,3.0327,0.3861,-0.0402,0.6280,nan,nan
32.9394,-0.9674,-7.2028,3.0318,0.3861,-0.0402,0.6280,nan,nan
32.9500,-0.9710,-7.2024,3.0311,0.3861,-0.0402,0.6280,nan,nan
32.9591,-0.9749,-7.2020,3.0302,0.3861,-0.0402,0.6280,nan,nan
32.9743,-0.9787,-7.2015,3.0294,0.3870,-0.0021,0.6280,nan,nan
32.9816,-0.9826,-7.2011,3.0285,0.3870,-0.0021,0.6280,nan,nan
32.9891,-0.9861,-7.2007,3.0278,0.3870,-0.0021,0.6280,nan,nan
33.0005,-0.9899,-7.2003,3.0271,0.3870,-0.0021,0.6385,nan,nan
33.0095,-0.9934,-7.1999,3.0264,0.3870,-0.0021,0.6385,nan,nan
33.0190,-0.9976,-7.1994,3.0257,0.3870,-0.0021,0.6385,nan,nan
33.0292,-1.0012,-7.1990,3.0250,0.3870,-0.0021,0.6385,nan,nan
33.0397,-1.0050,-7.1985,3.0243,0.3870,-0.0021,0.6385,nan,nan
33.0514,-1.0090,-7.1981,3.0236,0.3870,-0.0021,0.6385,nan,nan
33.0610,-1.0130,-7.1976,3.0229,0.3923,0.0389,0.6385,nan,nan
33.0709,-1.0166,-7.1971,3.0224,0.3923,0.0389,0.6385,nan,nan
33.0793,-1.0201,-7.1967,3.0219,0.3923,0.0389,0.6385,nan,nan
33.0893,-1.0237,-7.1963,3.0215,0.3923,0.0389,0.6385,nan,nan
33.0996,-1.0277,-7.1958,3.0212,0.3923,0.0389,0.6385,nan,nan
33.1132,-1.0315,-7.1953,3.0210,0.3923,0.0389,0.6493,nan,nan
33.1196,-1.0352,-7.1949,3.0210,0.3923,0.0389,0.6493,nan,nan
33.1304,-1.0391,-7.1944,3.0208,0.3923,0.0389,0.6493,nan,nan
33.1390,-1.0432,-7.1939,3.0208,0.3923,0.0389,0.6493,nan,nan
33.1512,-1.0471,-7.1935,3.0208,0.3923,0.0389,0.6493,nan,nan
33.1599,-1.0505,-7.1931,3.0210,0.3865,0.0503,0.6493,nan,nan
33.1690,-1.0543,-7.1926,3.0210,0.3865,0.0503,0.6493,nan,nan
33.1789,-1.0580,-7.1921,3.0212,0.3865,0.0503,0.6493,nan,nan
33.1887,-1.0619,-7.1917,3.0213,0.3865,0.0503,0.6493,nan,nan
33.2017,-1.0653,-7.1913,3.0217,0.3865,0.0503,0.6595,nan,nan
33.2093,-1.0695,-7.1908,3.0219,0.3865,0.0503,0.6595,nan,nan
33.2186,-1.0737,-7.1902,3.0222,0.3865,0.0503,0.6595,nan,nan
33.2291,-1.0776,-7.1898,3.0226,0.3865,0.0503,0.6595,nan,nan
33.2386,-1.0809,-7.1894,3.0227,0.3865,0.0503,0.6595,nan,nan
33.2488,-1.0846,-7.1889,3.0231,0.3865,0.0503,0.6595,nan,nan
33.2604,-1.0884,-7.1885,3.0234,0.3865,0.0695,0.6595,nan,nan
33.2693,-1.0927,-7.1880,3.0238,0.3865,0.0695,0.6595,nan,nan
33.2814,-1.0962,-7.1876,3.0241,0.3865,0.0695,0.6595,nan,nan
33.2889,-1.0997,-7.1871,3.0247,0.3865,0.0695,0.6595,nan,nan
33.2989,-1.1036,-7.1867,3.0250,0.3865,0.0695,0.6745,nan,nan
33.3086,-1.1075,-7.1862,3.0255,0.3865,0.0695,0.6745,nan,nan
33.3194,-1.1113,-7.1858,3.0262,0.3865,0.0695,0.6745,nan,nan
33.3294,-1.1146,-7.1854,3.0267,0.3865,0.0695,0.6745,nan,nan
33.3405,-1.1183,-7.1850,3.0274,0.3865,0.0695,0.6745,nan,nan
33.3493,-1.1221,-7.1845,3.0281,0.3865,0.0695,0.6745,nan,nan
33.3619,-1.1260,-7.1841,3.0288,0.3880,0.0898,0.6745,nan,nan
33.3692,-1.1296,-7.1837,3.0297,0.3880,0.0898,0.6745,nan,nan
33.3793,-1.1335,-7.1833,3.0304,0.3880,0.0898,0.6745,nan,nan
33.3899,-1.1374,-7.1828,3.0313,0.3880,0.0898,0.6745,nan,nan
33.3990,-1.1415,-7.1824,3.0322,0.3880,0.0898,0.6861,nan,nan
33.4087,-1.1449,-7.1820,3.0330,0.3880,0.0898,0.6861,nan,nan
33.4189,-1.1488,-7.1816,3.0339,0.3880,0.0898,0.6861,nan,nan
33.4292,-1.1524,-7.1812,3.0348,0.3880,0.0898,0.6861,nan,nan
33.4389,-1.1564,-7.1807,3.0358,0.3880,0.0898,0.6861,nan,nan
33.4494,-1.1603,-7.1803,3.0369,0.3880,0.0898,0.6861,nan,nan
33.4601,-1.1640,-7.1799,3.0379,0.3880,0.0898,0.6861,nan,nan
33.4686,-1.1677,-7.1796,3.0391,0.3892,0.0673,0.6861,nan,nan
33.4797,-1.1720,-7.1791,3.0402,0.3892,0.0673,0.6861,nan,nan
33.4892,-1.1758,-7.1787,3.0414,0.3892,0.0673,0.6861,nan,nan
33.5048,-1.1793,-7.1784,3.0426,0.3892,0.0673,0.6861,nan,nan
33.5089,-1.1829,-7.1780,3.0439,0.3892,0.0673,0.7023,nan,nan
33.5190,-1.1869,-7.1776,3.0451,0.3892,0.0673,0.7023,nan,nan
33.5293,-1.1906,-7.1773,3.0463,0.3892,0.0673,0.7023,nan,nan
33.5394,-1.1943,-7.1769,3.0475,0.3892,0.0673,0.7023,nan,nan
33.5488,-1.1980,-7.1766,3.0486,0.3892,0.0673,0.7023,nan,nan
33.5601,-1.2021,-7.1762,3.0498,0.3892,0.0673,0.7023,nan,nan
33.5691,-1.2057,-7.1759,3.0510,0.3886,0.0604,0.7023,nan,nan
33.5824,-1.2094,-7.1755,3.0521,0.3886,0.0604,0.7023,nan,nan
33.5915,-1.2127,-7.1752,3.0533,0.3886,0.0604,0.7023,nan,nan
33.5990,-1.2168,-7.1749,3.0543,0.3886,0.0604,0.7173,nan,nan
33.6104,-1.2208,-7.1745,3.0554,0.3886,0.0604,0.7173,nan,nan
33.6199,-1.2249,-7.1742,3.0564,0.3886,0.0604,0.7173,nan,nan
33.6298,-1.2286,-7.1738,3.0573,0.3886,0.0604,0.7173,nan,nan
33.6412,-1.2325,-7.1735,3.0582,0.3886,0.0604,0.7173,nan,nan
33.6493,-1.2364,-7.1732,3.0590,0.3886,0.0604,0.7173,nan,nan
33.6603,-1.2405,-7.1728,3.0597,0.3886,0.0604,0.7173,nan,nan
33.6690,-1.2439,-7.1726,3.0606,0.3896,0.0443,0.7173,nan,nan
33.6811,-1.2477,-7.1723,3.0615,0.3896,0.0443,0.7173,nan,nan
33.6894,-1.2517,-7.1719,3.0622,0.3896,0.0443,0.7173,nan,nan
33.6994,-1.2557,-7.1716,3.0631,0.3896,0.0443,0.7351,nan,nan
33.7094,-1.2612,-7.1712,3.0638,0.3896,0.0443,0.7351,nan,nan
33.7207,-1.2651,-7.1709,3.0646,0.3896,0.0443,0.7351,nan,nan
33.7297,-1.2689,-7.1706,3.0653,0.3896,0.0443,0.7351,nan,nan
33.7387,-1.2728,-7.1703,3.0658,0.3896,0.0443,0.7351,nan,nan
33.7486,-1.2763,-7.1700,3.0665,0.3896,0.0443,0.7351,nan,nan
33.7598,-1.2804,-7.1697,3.0672,0.3917,0.0613,0.7351,nan,nan
33.7687,-1.2843,-7.1694,3.0679,0.3917,0.0613,0.7351,nan,nan
33.7793,-1.2882,-7.1691,3.0686,0.3917,0.0613,0.7351,nan,nan
33.7892,-1.2917,-7.1689,3.0693,0.3917,0.0613,0.7351,nan,nan
33.7992,-1.2957,-7.1686,3.0693,0.3917,0.0613,0.7531,nan,nan
33.8096,-1.2996,-7.1683,3.0699,0.3917,0.0613,0.7531,nan,nan
33.8190,-1.3040,-7.1680,3.0706,0.3917,0.0613,0.7531,nan,nan
33.8297,-1.3074,-7.1678,3.0711,0.3917,0.0613,0.7531,nan,nan
33.8391,-1.3110,-7.1675,3.0718,0.3917,0.0613,0.7531,nan,nan
33.8503,-1.3148,-7.1672,3.0723,0.3917,0.0613,0.7531,nan,nan
33.8593,-1.3189,-7.1670,3.0730,0.3902,0.0685,0.7531,nan,nan
33.8700,-1.3228,-7.1667,3.0737,0.3902,0.0685,0.7531,nan,nan
33.8798,-1.3263,-7.1665,3.0744,0.3902,0.0685,0.7531,nan,nan
33.8892,-1.3303,-7.1662,3.0749,0.3902,0.0685,0.7531,nan,nan
33.8992,-1.3342,-7.1659,3.0756,0.3902,0.0685,0.7720,nan,nan
33.9092,-1.3381,-7.1657,3.0761,0.3902,0.0685,0.7720,nan,nan
33.9190,-1.3416,-7.1655,3.0768,0.3902,0.0685,0.7720,nan,nan
33.9300,-1.3456,-7.1652,3.0775,0.3902,0.0685,0.7720,nan,nan
33.9392,-1.3495,-7.1650,3.0782,0.3902,0.0685,0.7720,nan,nan
33.9488,-1.3533,-7.1647,3.0789,0.3902,0.0685,0.7720,nan,nan
33.9606,-1.3567,-7.1645,3.0796,0.3902,0.0685,0.7720,nan,nan
33.9693,-1.3606,-7.1643,3.0803,0.3922,0.0426,0.7720,nan,nan
33.9800,-1.3644,-7.1640,3.0810,0.3922,0.0426,0.7720,nan,nan
33.9893,-1.3685,-7.1638,3.0817,0.3922,0.0426,0.7720,nan,nan
33.9987,-1.3720,-7.1636,3.0826,0.3922,0.0426,0.7910,nan,nan
34.0088,-1.3757,-7.1634,3.0833,0.3922,0.0426,0.7910,nan,nan
34.0186,-1.3797,-7.1631,3.0842,0.3922,0.0426,0.7910,nan,nan
34.0289,-1.3838,-7.1629,3.0849,0.3922,0.0426,0.7910,nan,nan
34.0393,-1.3876,-7.1627,3.0857,0.3922,0.0426,0.7910,nan,nan
34.0498,-1.3913,-7.1625,3.0866,0.3922,0.0426,0.7910,nan,nan
34.0606,-1.3950,-7.1623,3.0875,0.3922,0.0426,0.7910,nan,nan
34.0691,-1.3991,-7.1621,3.0882,0.3878,0.0101,0.7910,nan,nan
34.0804,-1.4030,-7.1619,3.0889,0.3878,0.0101,0.7910,nan,nan
34.0899,-1.4067,-7.1617,3.0896,0.3878,0.0101,0.7910,nan,nan
34.0990,-1.4105,-7.1615,3.0903,0.3878,0.0101,0.8118,nan,nan
34.1112,-1.4145,-7.1613,3.0912,0.3878,0.0101,0.8118,nan,nan
34.1214,-1.4182,-7.1611,3.0920,0.3878,0.0101,0.8118,nan,nan
34.1307,-1.4217,-7.1609,3.0929,0.3878,0.0101,0.8118,nan,nan
34.1389,-1.4255,-7.1607,3.0938,0.3878,0.0101,0.8118,nan,nan
34.1494,-1.4298,-7.1605,3.0945,0.3878,0.0101,0.8118,nan,nan
34.1595,-1.4338,-7.1603,3.0953,0.3878,0.0101,0.8118,nan,nan
34.1686,-1.4374,-7.1602,3.0960,0.3910,-0.0035,0.8118,nan,nan
34.1793,-1.4411,-7.1600,3.0967,0.3910,-0.0035,0.8118,nan,nan
34.1891,-1.4450,-7.1598,3.0974,0.3910,-0.0035,0.8118,nan,nan
34.1991,-1.4490,-7.1597,3.0983,0.3910,-0.0035,0.8314,nan,nan
34.2085,-1.4528,-7.1595,3.0988,0.3910,-0.0035,0.8314,nan,nan
34.2194,-1.4564,-7.1594,3.0995,0.3910,-0.0035,0.8314,nan,nan
34.2291,-1.4602,-7.1592,3.1002,0.3910,-0.0035,0.8314,nan,nan
34.2391,-1.4641,-7.1590,3.1008,0.3910,-0.0035,0.8314,nan,nan
34.2492,-1.4678,-7.1589,3.1011,0.3910,-0.0035,0.8314,nan,nan
34.2593,-1.4717,-7.1587,3.1016,0.3880,0.0338,0.8314,nan,nan
34.2693,-1.4757,-7.1586,3.1021,0.3880,0.0338,0.8314,nan,nan
34.2801,-1.4797,-7.1584,3.1027,0.3880,0.0338,0.8314,nan,nan
34.2927,-1.4872,-7.1581,3.1035,0.3880,0.0338,0.8314,nan,nan
34.2998,-1.4872,-7.1581,3.1035,0.3880,0.0338,0.8549,nan,nan
34.3092,-1.4909,-7.1580,3.1041,0.3880,0.0338,0.8549,nan,nan
34.3195,-1.4948,-7.1579,3.1048,0.3880,0.0338,0.8549,nan,nan
34.3294,-1.4988,-7.1577,3.1053,0.3880,0.0338,0.8549,nan,nan
34.3397,-1.5028,-7.1576,3.1058,0.3880,0.0338,0.8549,nan,nan
34.3493,-1.5066,-7.1574,3.1063,0.3880,0.0338,0.8549,nan,nan
34.3618,-1.5146,-7.1572,3.1072,0.3933,0.0540,0.8549,nan,nan
34.3692,-1.5146,-7.1572,3.1072,0.3933,0.0540,0.8549,nan,nan
34.3799,-1.5184,-7.1570,3.1077,0.3933,0.0540,0.8549,nan,nan
34.3892,-1.5218,-7.1569,3.1083,0.3933,0.0540,0.8549,nan,nan
34.3990,-1.5256,-7.1568,3.1090,0.3933,0.0540,0.8737,nan,nan
34.4094,-1.5294,-7.1567,3.1097,0.3933,0.0540,0.8737,nan,nan
34.4191,-1.5334,-7.1565,3.1104,0.3933,0.0540,0.8737,nan,nan
34.4306,-1.5371,-7.1564,3.1112,0.3933,0.0540,0.8737,nan,nan
34.4391,-1.5410,-7.1563,3.1121,0.3933,0.0540,0.8737,nan,nan
34.4490,-1.5449,-7.1562,3.1130,0.3933,0.0540,0.8737,nan,nan
34.4590,-1.5488,-7.1561,3.1138,0.3899,0.0440,0.8737,nan,nan
34.4692,-1.5525,-7.1560,3.1147,0.3899,0.0440,0.8737,nan,nan
34.4794,-1.5566,-7.1559,3.1154,0.3899,0.0440,0.8737,nan,nan
34.4897,-1.5604,-7.1558,3.1163,0.3899,0.0440,0.8737,nan,nan
34.4991,-1.5644,-7.1557,3.1170,0.3899,0.0440,0.8669,nan,nan
34.5108,-1.5682,-7.1556,3.1175,0.3899,0.0440,0.8669,nan,nan
34.5193,-1.5723,-7.1555,3.1182,0.3899,0.0440,0.8669,nan,nan
34.5329,-1.5760,-7.1554,3.1189,0.3899,0.0440,0.8669,nan,nan
34.5389,-1.5796,-7.1553,3.1196,0.3899,0.0440,0.8669,nan,nan
34.5488,-1.5834,-7.1553,3.1201,0.3899,0.0440,0.8669,nan,nan
34.5626,-1.5912,-7.1551,3.1212,0.3803,0.0537,0.8669,nan,nan
34.5692,-1.5912,-7.1551,3.1212,0.3803,0.0537,0.8669,nan,nan
34.5795,-1.5951,-7.1550,3.1215,0.3803,0.0537,0.8669,nan,nan
34.5905,-1.5990,-7.1549,3.1220,0.3803,0.0537,0.8669,nan,nan
34.5990,-1.6030,-7.1549,3.1224,0.3803,0.0537,0.8608,nan,nan
34.6103,-1.6070,-7.1548,3.1229,0.3803,0.0537,0.8608,nan,nan
34.6198,-1.6106,-7.1547,3.1234,0.3803,0.0537,0.8608,nan,nan
34.6302,-1.6142,-7.1547,3.1240,0.3803,0.0537,0.8608,nan,nan
34.6392,-1.6179,-7.1546,3.1245,0.3803,0.0537,0.8608,nan,nan
34.6497,-1.6218,-7.1545,3.1252,0.3803,0.0537,0.8608,nan,nan
34.6623,-1.6256,-7.1545,3.1257,0.3897,0.0310,0.8608,nan,nan
34.6690,-1.6299,-7.1544,3.1262,0.3897,0.0310,0.8608,nan,nan
34.6816,-1.6332,-7.1544,3.1269,0.3897,0.0310,0.8608,nan,nan
34.6890,-1.6371,-7.1543,3.1276,0.3897,0.0310,0.8608,nan,nan
34.7000,-1.6408,-7.1543,3.1283,0.3897,0.0310,0.8556,nan,nan
34.7090,-1.6449,-7.1542,3.1290,0.3897,0.0310,0.8556,nan,nan
34.7204,-1.6483,-7.1542,3.1299,0.3897,0.0310,0.8556,nan,nan
34.7319,-1.6519,-7.1541,3.1308,0.3897,0.0310,0.8556,nan,nan
34.7404,-1.6559,-7.1541,3.1315,0.3897,0.0310,0.8556,nan,nan
34.7492,-1.6601,-7.1540,3.1323,0.3897,0.0310,0.8556,nan,nan
34.7609,-1.6672,-7.1540,3.1341,0.3927,0.0650,0.8556,nan,nan
34.7735,-1.6672,-7.1540,3.1341,0.3927,0.0650,0.8556,nan,nan
34.7803,-1.6708,-7.1540,3.1350,0.3927,0.0650,0.8556,nan,nan
34.7923,-1.6747,-7.1539,3.1358,0.3927,0.0650,0.8556,nan,nan
34.7995,-1.6784,-7.1539,3.1369,0.3927,0.0650,0.8620,nan,nan
34.8091,-1.6819,-7.1539,3.1376,0.3927,0.0650,0.8620,nan,nan
34.8204,-1.6858,-7.1539,3.1385,0.3927,0.0650,0.8620,nan,nan
34.8309,-1.6897,-7.1539,3.1391,0.3927,0.0650,0.8620,nan,nan
34.8407,-1.6935,-7.1539,3.1397,0.3927,0.0650,0.8620,nan,nan
34.8495,-1.6969,-7.1539,3.1402,0.3927,0.0650,0.8620,nan,nan
34.8591,-1.7007,-7.1539,3.1407,0.3927,0.0650,0.8620,nan,nan
34.8691,-1.7044,-7.1539,3.1414,0.3827,0.0391,0.8620,nan,nan
34.8800,-1.7082,-7.1539,-3.1412,0.3827,0.0391,0.8620,nan,nan
34.8904,-1.7117,-7.1539,-3.1407,0.3827,0.0391,0.8620,nan,nan
34.9001,-1.7153,-7.1539,-3.1402,0.3827,0.0391,0.8568,nan,nan
34.9105,-1.7195,-7.1539,-3.1395,0.3827,0.0391,0.8568,nan,nan
34.9196,-1.7240,-7.1539,-3.1390,0.3827,0.0391,0.8568,nan,nan
34.9286,-1.7279,-7.1539,-3.1383,0.3827,0.0391,0.8568,nan,nan
34.9390,-1.7317,-7.1539,-3.1376,0.3827,0.0391,0.8568,nan,nan
34.9498,-1.7356,-7.1540,-3.1369,0.3827,0.0391,0.8568,nan,nan
34.9592,-1.7398,-7.1540,-3.1362,0.3827,0.0391,0.8568,nan,nan
34.9700,-1.7436,-7.1540,-3.1355,0.3900,0.0537,0.8568,nan,nan
34.9799,-1.7470,-7.1540,-3.1346,0.3900,0.0537,0.8568,nan,nan
34.9893,-1.7508,-7.1540,-3.1339,0.3900,0.0537,0.8568,nan,nan
34.9991,-1.7550,-7.1541,-3.1330,0.3900,0.0537,0.8580,nan,nan
35.0092,-1.7591,-7.1541,-3.1322,0.3900,0.0537,0.8580,nan,nan
35.0196,-1.7630,-7.1542,-3.1313,0.3900,0.0537,0.8580,nan,nan
35.0304,-1.7668,-7.1542,-3.1304,0.3900,0.0537,0.8580,nan,nan
35.0393,-1.7706,-7.1543,-3.1294,0.3900,0.0537,0.8580,nan,nan
35.0494,-1.7744,-7.1543,-3.1283,0.3900,0.0537,0.8580,nan,nan
35.0595,-1.7780,-7.1544,-3.1273,0.3900,0.0537,0.8580,nan,nan
35.0692,-1.7817,-7.1544,-3.1264,0.3900,0.0537,0.8580,nan,nan
35.0796,-1.7858,-7.1545,-3.1252,0.3888,0.0208,0.8580,nan,nan
35.0895,-1.7900,-7.1546,-3.1241,0.3888,0.0208,0.8580,nan,nan
35.1006,-1.7939,-7.1546,-3.1229,0.3888,0.0208,0.8617,nan,nan
35.1093,-1.7978,-7.1547,-3.1219,0.3888,0.0208,0.8617,nan,nan
35.1199,-1.8016,-7.1548,-3.1206,0.3888,0.0208,0.8617,nan,nan
35.1291,-1.8055,-7.1549,-3.1196,0.3888,0.0208,0.8617,nan,nan
35.1402,-1.8095,-7.1550,-3.1186,0.3888,0.0208,0.8617,nan,nan
35.1492,-1.8131,-7.1550,-3.1177,0.3888,0.0208,0.8617,nan,nan
35.1600,-1.8174,-7.1552,-3.1166,0.3937,0.0118,0.8617,nan,nan
35.1694,-1.8213,-7.1553,-3.1158,0.3937,0.0118,0.8617,nan,nan
35.1804,-1.8288,-7.1555,-3.1144,0.3937,0.0118,0.8617,nan,nan
35.1891,-1.8288,-7.1555,-3.1144,0.3937,0.0118,0.8617,nan,nan
35.1991,-1.8327,-7.1556,-3.1138,0.3937,0.0118,0.8654,nan,nan
35.2090,-1.8363,-7.1557,-3.1133,0.3937,0.0118,0.8654,nan,nan
35.2216,-1.8437,-7.1559,-3.1126,0.3937,0.0118,0.8654,nan,nan
35.2296,-1.8437,-7.1559,-3.1126,0.3937,0.0118,0.8654,nan,nan
35.2395,-1.8475,-7.1560,-3.1121,0.3937,0.0118,0.8654,nan,nan
35.2508,-1.8559,-7.1562,-3.1114,0.3937,0.0118,0.8654,nan,nan
35.2598,-1.8597,-7.1564,-3.1109,0.3937,0.0118,0.8654,nan,nan
35.2694,-1.8597,-7.1564,-3.1109,0.3809,-0.0232,0.8654,nan,nan
35.2803,-1.8634,-7.1565,-3.1105,0.3809,-0.0232,0.8654,nan,nan
35.2936,-1.8711,-7.1567,-3.1098,0.3809,-0.0232,0.8654,nan,nan
35.2999,-1.8711,-7.1567,-3.1098,0.3809,-0.0232,0.8668,nan,nan
35.3090,-1.8749,-7.1568,-3.1095,0.3809,-0.0232,0.8668,nan,nan
35.3191,-1.8784,-7.1570,-3.1093,0.3809,-0.0232,0.8668,nan,nan
35.3302,-1.8864,-7.1572,-3.1088,0.3809,-0.0232,0.8668,nan,nan
35.3392,-1.8864,-7.1572,-3.1088,0.3809,-0.0232,0.8668,nan,nan
35.3505,-1.8864,-7.1572,-3.1088,0.3809,-0.0232,0.8668,nan,nan
35.3593,-1.8939,-7.1575,-3.1086,0.3809,-0.0232,0.8668,nan,nan
35.3690,-1.8976,-7.1576,-3.1086,0.3896,-0.0291,0.8668,nan,nan
35.3791,-1.9011,-7.1577,-3.1084,0.3896,-0.0291,0.8668,nan,nan
35.3894,-1.9050,-7.1578,-3.1084,0.3896,-0.0291,0.8668,nan,nan
35.3998,-1.9084,-7.1579,-3.1086,0.3896,-0.0291,0.8607,nan,nan
35.4086,-1.9125,-7.1581,-3.1086,0.3896,-0.0291,0.8607,nan,nan
35.4206,-1.9166,-7.1582,-3.1086,0.3896,-0.0291,0.8607,nan,nan
35.4296,-1.9206,-7.1583,-3.1088,0.3896,-0.0291,0.8607,nan,nan
35.4391,-1.9242,-7.1585,-3.1090,0.3896,-0.0291,0.8607,nan,nan
35.4496,-1.9320,-7.1587,-3.1093,0.3896,-0.0291,0.8607,nan,nan
35.4590,-1.9359,-7.1588,-3.1097,0.3873,-0.0206,0.8607,nan,nan
35.4705,-1.9395,-7.1590,-3.1100,0.3873,-0.0206,0.8607,nan,nan
35.4794,-1.9437,-7.1591,-3.1104,0.3873,-0.0206,0.8607,nan,nan
35.4890,-1.9437,-7.1591,-3.1104,0.3873,-0.0206,0.8607,nan,nan
35.5000,-1.9478,-7.1592,-3.1107,0.3873,-0.0206,0.8707,nan,nan
35.5104,-1.9520,-7.1593,-3.1110,0.3873,-0.0206,0.8707,nan,nan
35.5207,-1.9590,-7.1596,-3.1121,0.3873,-0.0206,0.8707,nan,nan
35.5299,-1.9627,-7.1597,-3.1126,0.3873,-0.0206,0.8707,nan,nan
35.5397,-1.9663,-7.1598,-3.1130,0.3873,-0.0206,0.8707,nan,nan
35.5489,-1.9699,-7.1599,-3.1135,0.3873,-0.0206,0.8707,nan,nan
35.5594,-1.9730,-7.1600,-3.1140,0.3873,-0.0206,0.8707,nan,nan
35.5688,-1.9730,-7.1600,-3.1140,0.3923,-0.0325,0.8707,nan,nan
35.5797,-1.9771,-7.1601,-3.1145,0.3923,-0.0325,0.8707,nan,nan
35.5959,-1.9849,-7.1603,-3.1152,0.3923,-0.0325,0.8710,nan,nan
35.5997,-1.9881,-7.1604,-3.1156,0.3923,-0.0325,0.8710,nan,nan
35.6091,-1.9917,-7.1605,-3.1158,0.3923,-0.0325,0.8710,nan,nan
35.6197,-1.9956,-7.1606,-3.1159,0.3923,-0.0325,0.8710,nan,nan
35.6288,-1.9992,-7.1607,-3.1159,0.3923,-0.0325,0.8710,nan,nan
35.6390,-2.0027,-7.1607,-3.1159,0.3923,-0.0325,0.8710,nan,nan
35.6489,-2.0064,-7.1608,-3.1159,0.3923,-0.0325,0.8710,nan,nan
35.6590,-2.0105,-7.1609,-3.1161,0.3928,-0.0670,0.8710,nan,nan
35.6686,-2.0147,-7.1611,-3.1161,0.3928,-0.0670,0.8710,nan,nan
35.6792,-2.0185,-7.1611,-3.1163,0.3928,-0.0670,0.8710,nan,nan
35.6893,-2.0224,-7.1612,-3.1165,0.3928,-0.0670,0.8743,nan,nan
35.7103,-2.0301,-7.1614,-3.1168,0.3928,-0.0670,0.8743,nan,nan
35.7195,-2.0336,-7.1615,-3.1172,0.3928,-0.0670,0.8743,nan,nan
35.7295,-2.0375,-7.1616,-3.1175,0.3928,-0.0670,0.8743,nan,nan
35.7401,-2.0419,-7.1617,-3.1179,0.3928,-0.0670,0.8743,nan,nan
35.7488,-2.0461,-7.1618,-3.1182,0.3928,-0.0670,0.8743,nan,nan
35.7586,-2.0495,-7.1619,-3.1187,0.3856,-0.1181,0.8743,nan,nan
35.7687,-2.0533,-7.1620,-3.1191,0.3856,-0.1181,0.8743,nan,nan
35.7790,-2.0573,-7.1621,-3.1194,0.3856,-0.1181,0.8743,nan,nan
35.7889,-2.0613,-7.1622,-3.1198,0.3856,-0.1181,0.8772,nan,nan
35.7985,-2.0648,-7.1622,-3.1201,0.3856,-0.1181,0.8772,nan,nan
35.8092,-2.0685,-7.1623,-3.1206,0.3856,-0.1181,0.8772,nan,nan
35.8187,-2.0725,-7.1624,-3.1210,0.3856,-0.1181,0.8772,nan,nan
35.8285,-2.0766,-7.1625,-3.1213,0.3856,-0.1181,0.8772,nan,nan
35.8387,-2.0803,-7.1626,-3.1217,0.3856,-0.1181,0.8772,nan,nan
35.8489,-2.0843,-7.1627,-3.1220,0.3856,-0.1181,0.8772,nan,nan
35.8602,-2.0883,-7.1627,-3.1224,0.3868,-0.1410,0.8772,nan,nan
35.8690,-2.0925,-7.1628,-3.1227,0.3868,-0.1410,0.8772,nan,nan
35.8791,-2.0961,-7.1629,-3.1231,0.3868,-0.1410,0.8772,nan,nan
35.8905,-2.0999,-7.1629,-3.1234,0.3868,-0.1410,0.8772,nan,nan
35.8992,-2.1038,-7.1630,-3.1240,0.3868,-0.1410,0.8749,nan,nan
35.9088,-2.1080,-7.1631,-3.1245,0.3868,-0.1410,0.8749,nan,nan
35.9201,-2.1115,-7.1632,-3.1245,0.3868,-0.1410,0.8749,nan,nan
35.9288,-2.1153,-7.1632,-3.1248,0.3868,-0.1410,0.8749,nan,nan
35.9392,-2.1192,-7.1633,-3.1254,0.3868,-0.1410,0.8749,nan,nan
35.9489,-2.1230,-7.1633,-3.1259,0.3868,-0.1410,0.8749,nan,nan
35.9598,-2.1269,-7.1634,-3.1264,0.3764,-0.1578,0.8749,nan,nan
35.9691,-2.1304,-7.1634,-3.1269,0.3764,-0.1578,0.8749,nan,nan
35.9799,-2.1343,-7.1635,-3.1276,0.3764,-0.1578,0.8749,nan,nan
35.9893,-2.1384,-7.1636,-3.1282,0.3764,-0.1578,0.8839,nan,nan
35.9993,-2.1426,-7.1636,-3.1289,0.3764,-0.1578,0.8839,nan,nan
36.0091,-2.1462,-7.1637,-3.1295,0.3764,-0.1578,0.8839,nan,nan
36.0201,-2.1498,-7.1637,-3.1302,0.3764,-0.1578,0.8839,nan,nan
36.0315,-2.1538,-7.1637,-3.1311,0.3764,-0.1578,0.8839,nan,nan
36.0393,-2.1579,-7.1638,-3.1320,0.3764,-0.1578,0.8839,nan,nan
36.0491,-2.1614,-7.1638,-3.1330,0.3764,-0.1578,0.8839,nan,nan
36.0596,-2.1650,-7.1638,-3.1341,0.3764,-0.1578,0.8839,nan,nan
36.0698,-2.1688,-7.1639,-3.1351,0.3764,-0.1578,0.8839,nan,nan
36.0789,-2.1725,-7.1639,-3.1364,0.3764,-0.1578,0.8839,nan,nan
36.0895,-2.1763,-7.1639,-3.1376,0.3852,-0.0557,0.8813,nan,nan
36.1023,-2.1800,-7.1639,-3.1390,0.3852,-0.0557,0.8813,nan,nan
36.1092,-2.1839,-7.1639,-3.1402,0.3852,-0.0557,0.8813,nan,nan
36.1192,-2.1875,-7.1639,-3.1414,0.3852,-0.0557,0.8813,nan,nan
36.1292,-2.1909,-7.1639,3.1402,0.3852,-0.0557,0.8813,nan,nan
36.1393,-2.1945,-7.1639,3.1386,0.3852,-0.0557,0.8813,nan,nan
36.1494,-2.1983,-7.1639,3.1371,0.3852,-0.0557,0.8813,nan,nan
36.1594,-2.2022,-7.1639,3.1353,0.3852,-0.0557,0.8813,nan,nan
36.1692,-2.2054,-7.1638,3.1336,0.3925,-0.0223,0.8813,nan,nan
36.1812,-2.2091,-7.1638,3.1320,0.3925,-0.0223,0.8813,nan,nan
36.1949,-2.2129,-7.1637,3.1304,0.3925,-0.0223,0.8865,nan,nan
36.1995,-2.2168,-7.1637,3.1289,0.3925,-0.0223,0.8865,nan,nan
36.2090,-2.2203,-7.1636,3.1273,0.3925,-0.0223,0.8865,nan,nan
36.2196,-2.2244,-7.1636,3.1259,0.3925,-0.0223,0.8865,nan,nan
36.2291,-2.2280,-7.1635,3.1247,0.3925,-0.0223,0.8865,nan,nan
36.2390,-2.2318,-7.1635,3.1233,0.3925,-0.0223,0.8865,nan,nan
36.2496,-2.2354,-7.1634,3.1220,0.3925,-0.0223,0.8865,nan,nan
36.2597,-2.2389,-7.1633,3.1208,0.3846,0.0049,0.8865,nan,nan
36.2697,-2.2429,-7.1632,3.1198,0.3846,0.0049,0.8865,nan,nan
36.2803,-2.2467,-7.1631,3.1186,0.3846,0.0049,0.8865,nan,nan
36.2888,-2.2505,-7.1630,3.1175,0.3846,0.0049,0.8763,nan,nan
36.2991,-2.2540,-7.1630,3.1166,0.3846,0.0049,0.8763,nan,nan
36.3095,-2.2580,-7.1629,3.1156,0.3846,0.0049,0.8763,nan,nan
36.3186,-2.2623,-7.1627,3.1147,0.3846,0.0049,0.8763,nan,nan
36.3289,-2.2661,-7.1626,3.1138,0.3846,0.0049,0.8763,nan,nan
36.3393,-2.2696,-7.1625,3.1128,0.3846,0.0049,0.8763,nan,nan
36.3488,-2.2733,-7.1624,3.1119,0.3846,0.0049,0.8763,nan,nan
36.3586,-2.2775,-7.1623,3.1110,0.3849,-0.0388,0.8763,nan,nan
36.3700,-2.2816,-7.1622,3.1104,0.3849,-0.0388,0.8763,nan,nan
36.3789,-2.2852,-7.1621,3.1098,0.3849,-0.0388,0.8763,nan,nan
36.3962,-2.2891,-7.1619,3.1091,0.3849,-0.0388,0.8866,nan,nan
36.3985,-2.2933,-7.1618,3.1086,0.3849,-0.0388,0.8866,nan,nan
36.4088,-2.2970,-7.1617,3.1081,0.3849,-0.0388,0.8866,nan,nan
36.4190,-2.3005,-7.1615,3.1076,0.3849,-0.0388,0.8866,nan,nan
36.4289,-2.3042,-7.1614,3.1072,0.3849,-0.0388,0.8866,nan,nan
36.4394,-2.3087,-7.1613,3.1069,0.3849,-0.0388,0.8866,nan,nan
36.4495,-2.3124,-7.1611,3.1067,0.3849,-0.0388,0.8866,nan,nan
36.4594,-2.3159,-7.1610,3.1067,0.3849,-0.0388,0.8866,nan,nan
36.4690,-2.3198,-7.1609,3.1065,0.3919,-0.0551,0.8866,nan,nan
36.4793,-2.3240,-7.1607,3.1065,0.3919,-0.0551,0.8866,nan,nan
36.4896,-2.3279,-7.1606,3.1067,0.3919,-0.0551,0.8892,nan,nan
36.5024,-2.3315,-7.1605,3.1067,0.3919,-0.0551,0.8892,nan,nan
36.5115,-2.3351,-7.1603,3.1069,0.3919,-0.0551,0.8892,nan,nan
36.5199,-2.3389,-7.1602,3.1069,0.3919,-0.0551,0.8892,nan,nan
36.5291,-2.3427,-7.1601,3.1069,0.3919,-0.0551,0.8892,nan,nan
36.5391,-2.3464,-7.1599,3.1069,0.3919,-0.0551,0.8892,nan,nan
36.5495,-2.3502,-7.1598,3.1069,0.3919,-0.0551,0.8892,nan,nan
36.5731,-2.3580,-7.1595,3.1069,0.3831,-0.0277,0.8892,nan,nan
36.5799,-2.3616,-7.1594,3.1069,0.3831,-0.0277,0.8892,nan,nan
36.5894,-2.3652,-7.1593,3.1069,0.3831,-0.0277,0.8877,nan,nan
36.5987,-2.3692,-7.1592,3.1069,0.3831,-0.0277,0.8877,nan,nan
36.6086,-2.3733,-7.1590,3.1070,0.3831,-0.0277,0.8877,nan,nan
36.6192,-2.3770,-7.1589,3.1070,0.3831,-0.0277,0.8877,nan,nan
36.6293,-2.3807,-7.1588,3.1070,0.3831,-0.0277,0.8877,nan,nan
36.6393,-2.3846,-7.1586,3.1070,0.3831,-0.0277,0.8877,nan,nan
36.6493,-2.3885,-7.1585,3.1070,0.3831,-0.0277,0.8877,nan,nan
36.6592,-2.3924,-7.1583,3.1070,0.3831,-0.0277,0.8877,nan,nan
36.6694,-2.3958,-7.1582,3.1069,0.3759,0.0227,0.8877,nan,nan
36.6798,-2.3995,-7.1581,3.1069,0.3759,0.0227,0.8877,nan,nan
36.6896,-2.4033,-7.1580,3.1069,0.3759,0.0227,0.8852,nan,nan
36.6989,-2.4074,-7.1578,3.1069,0.3759,0.0227,0.8852,nan,nan
36.7087,-2.4110,-7.1577,3.1069,0.3759,0.0227,0.8852,nan,nan
36.7191,-2.4147,-7.1576,3.1069,0.3759,0.0227,0.8852,nan,nan
36.7295,-2.4187,-7.1574,3.1069,0.3759,0.0227,0.8852,nan,nan
36.7389,-2.4226,-7.1573,3.1070,0.3759,0.0227,0.8852,nan,nan
36.7502,-2.4261,-7.1572,3.1069,0.3759,0.0227,0.8852,nan,nan
36.7596,-2.4301,-7.1570,3.1069,0.3759,0.0227,0.8852,nan,nan
36.7720,-2.4339,-7.1569,3.1069,0.3678,0.0181,0.8852,nan,nan
36.7804,-2.4379,-7.1568,3.1070,0.3678,0.0181,0.8852,nan,nan
36.7908,-2.4417,-7.1566,3.1070,0.3678,0.0181,0.8838,nan,nan
36.7987,-2.4454,-7.1565,3.1072,0.3678,0.0181,0.8838,nan,nan
36.8088,-2.4490,-7.1564,3.1076,0.3678,0.0181,0.8838,nan,nan
36.8190,-2.4530,-7.1563,3.1079,0.3678,0.0181,0.8838,nan,nan
36.8288,-2.4565,-7.1561,3.1083,0.3678,0.0181,0.8838,nan,nan
36.8389,-2.4599,-7.1560,3.1086,0.3678,0.0181,0.8838,nan,nan
36.8489,-2.4635,-7.1559,3.1090,0.3678,0.0181,0.8838,nan,nan
36.8594,-2.4675,-7.1558,3.1093,0.3651,0.0086,0.8838,nan,nan
36.8695,-2.4712,-7.1557,3.1098,0.3651,0.0086,0.8838,nan,nan
36.8796,-2.4746,-7.1556,3.1102,0.3651,0.0086,0.8838,nan,nan
36.8894,-2.4781,-7.1554,3.1105,0.3651,0.0086,0.8857,nan,nan
36.8987,-2.4823,-7.1553,3.1109,0.3651,0.0086,0.8857,nan,nan
36.9092,-2.4859,-7.1552,3.1112,0.3651,0.0086,0.8857,nan,nan
36.9188,-2.4892,-7.1551,3.1116,0.3651,0.0086,0.8857,nan,nan
36.9289,-2.4925,-7.1550,3.1119,0.3651,0.0086,0.8857,nan,nan
36.9399,-2.4961,-7.1549,3.1121,0.3651,0.0086,0.8857,nan,nan
36.9496,-2.4998,-7.1548,3.1124,0.3651,0.0086,0.8857,nan,nan
36.9618,-2.5034,-7.1547,3.1126,0.3679,-0.0353,0.8857,nan,nan
36.9721,-2.5071,-7.1546,3.1130,0.3679,-0.0353,0.8857,nan,nan
36.9794,-2.5105,-7.1545,3.1131,0.3679,-0.0353,0.8857,nan,nan
36.9894,-2.5140,-7.1544,3.1133,0.3679,-0.0353,0.8779,nan,nan
36.9991,-2.5176,-7.1543,3.1135,0.3679,-0.0353,0.8779,nan,nan
37.0091,-2.5216,-7.1542,3.1137,0.3679,-0.0353,0.8779,nan,nan
37.0199,-2.5249,-7.1541,3.1137,0.3679,-0.0353,0.8779,nan,nan
37.0293,-2.5282,-7.1540,3.1137,0.3679,-0.0353,0.8779,nan,nan
37.0403,-2.5317,-7.1539,3.1138,0.3679,-0.0353,0.8779,nan,nan
37.0506,-2.5354,-7.1538,3.1140,0.3679,-0.0353,0.8779,nan,nan
37.0597,-2.5390,-7.1537,3.1140,0.3679,-0.0353,0.8779,nan,nan
37.0694,-2.5425,-7.1536,3.1142,0.3613,-0.0759,0.8779,nan,nan
37.0795,-2.5462,-7.1535,3.1142,0.3613,-0.0759,0.8779,nan,nan
37.0894,-2.5497,-7.1534,3.1140,0.3613,-0.0759,0.8862,nan,nan
37.0992,-2.5533,-7.1533,3.1138,0.3613,-0.0759,0.8862,nan,nan
37.1094,-2.5567,-7.1532,3.1137,0.3613,-0.0759,0.8862,nan,nan
37.1192,-2.5605,-7.1531,3.1133,0.3613,-0.0759,0.8862,nan,nan
37.1300,-2.5644,-7.1530,3.1131,0.3613,-0.0759,0.8862,nan,nan
37.1392,-2.5679,-7.1529,3.1130,0.3613,-0.0759,0.8862,nan,nan
37.1494,-2.5714,-7.1528,3.1128,0.3613,-0.0759,0.8862,nan,nan
37.1595,-2.5749,-7.1527,3.1126,0.3613,-0.0759,0.8862,nan,nan
37.1699,-2.5785,-7.1526,3.1124,0.3613,-0.0759,0.8862,nan,nan
37.1810,-2.5821,-7.1525,3.1121,0.3613,-0.0759,0.8862,nan,nan
37.1894,-2.5857,-7.1524,3.1116,0.3539,-0.0847,0.8743,nan,nan
37.2001,-2.5889,-7.1523,3.1110,0.3539,-0.0847,0.8743,nan,nan
37.2090,-2.5920,-7.1522,3.1104,0.3539,-0.0847,0.8743,nan,nan
37.2213,-2.5957,-7.1521,3.1098,0.3539,-0.0847,0.8743,nan,nan
37.2293,-2.5995,-7.1519,3.1091,0.3539,-0.0847,0.8743,nan,nan
37.2395,-2.6031,-7.1518,3.1086,0.3539,-0.0847,0.8743,nan,nan
37.2486,-2.6066,-7.1517,3.1079,0.3539,-0.0847,0.8743,nan,nan
37.2611,-2.6106,-7.1516,3.1072,0.3514,-0.0897,0.8743,nan,nan
37.2698,-2.6144,-7.1514,3.1063,0.3514,-0.0897,0.8743,nan,nan
37.2803,-2.6176,-7.1513,3.1055,0.3514,-0.0897,0.8743,nan,nan
37.2925,-2.6209,-7.1512,3.1046,0.3514,-0.0897,0.8808,nan,nan
37.2990,-2.6242,-7.1511,3.1037,0.3514,-0.0897,0.8808,nan,nan
37.3094,-2.6280,-7.1509,3.1030,0.3514,-0.0897,0.8808,nan,nan
37.3194,-2.6316,-7.1508,3.1023,0.3514,-0.0897,0.8808,nan,nan
37.3301,-2.6347,-7.1506,3.1015,0.3514,-0.0897,0.8808,nan,nan
37.3406,-2.6382,-7.1505,3.1008,0.3514,-0.0897,0.8808,nan,nan
37.3492,-2.6420,-7.1503,3.0999,0.3514,-0.0897,0.8808,nan,nan
37.3590,-2.6458,-7.1502,3.0990,0.3564,-0.0913,0.8808,nan,nan
37.3690,-2.6488,-7.1501,3.0981,0.3564,-0.0913,0.8808,nan,nan
37.3807,-2.6521,-7.1499,3.0974,0.3564,-0.0913,0.8808,nan,nan
37.3901,-2.6558,-7.1497,3.0966,0.3564,-0.0913,0.8818,nan,nan
37.3993,-2.6590,-7.1496,3.0959,0.3564,-0.0913,0.8818,nan,nan
37.4086,-2.6625,-7.1494,3.0950,0.3564,-0.0913,0.8818,nan,nan
37.4187,-2.6653,-7.1493,3.0941,0.3564,-0.0913,0.8818,nan,nan
37.4303,-2.6689,-7.1491,3.0932,0.3564,-0.0913,0.8818,nan,nan
37.4389,-2.6727,-7.1489,3.0922,0.3564,-0.0913,0.8818,nan,nan
37.4488,-2.6764,-7.1488,3.0913,0.3564,-0.0913,0.8818,nan,nan
37.4591,-2.6795,-7.1486,3.0903,0.3478,-0.0858,0.8818,nan,nan
37.4688,-2.6825,-7.1484,3.0892,0.3478,-0.0858,0.8818,nan,nan
37.4794,-2.6858,-7.1483,3.0880,0.3478,-0.0858,0.8818,nan,nan
37.4924,-2.6892,-7.1481,3.0870,0.3478,-0.0858,0.8846,nan,nan
37.4996,-2.6927,-7.1479,3.0859,0.3478,-0.0858,0.8846,nan,nan
37.5087,-2.6960,-7.1477,3.0850,0.3478,-0.0858,0.8846,nan,nan
37.5206,-2.6995,-7.1475,3.0840,0.3478,-0.0858,0.8846,nan,nan
37.5293,-2.7032,-7.1473,3.0831,0.3478,-0.0858,0.8846,nan,nan
37.5390,-2.7068,-7.1471,3.0821,0.3478,-0.0858,0.8846,nan,nan
37.5496,-2.7101,-7.1469,3.0812,0.3478,-0.0858,0.8846,nan,nan
37.5595,-2.7135,-7.1467,3.0803,0.3478,-0.0858,0.8846,nan,nan
37.5691,-2.7170,-7.1464,3.0795,0.3478,-0.0739,0.8846,nan,nan
37.5791,-2.7205,-7.1462,3.0786,0.3478,-0.0739,0.8846,nan,nan
37.5911,-2.7239,-7.1460,3.0779,0.3478,-0.0739,0.8806,nan,nan
37.5994,-2.7272,-7.1458,3.0772,0.3478,-0.0739,0.8806,nan,nan
37.6092,-2.7305,-7.1456,3.0767,0.3478,-0.0739,0.8806,nan,nan
37.6195,-2.7341,-7.1453,3.0760,0.3478,-0.0739,0.8806,nan,nan
37.6295,-2.7379,-7.1451,3.0754,0.3478,-0.0739,0.8806,nan,nan
37.6392,-2.7412,-7.1449,3.0749,0.3478,-0.0739,0.8806,nan,nan
37.6496,-2.7448,-7.1446,3.0746,0.3478,-0.0739,0.8806,nan,nan
37.6612,-2.7482,-7.1444,3.0740,0.3478,-0.0739,0.8806,nan,nan
37.6690,-2.7514,-7.1442,3.0737,0.3442,-0.0783,0.8806,nan,nan
37.6793,-2.7551,-7.1439,3.0732,0.3442,-0.0783,0.8806,nan,nan
37.6894,-2.7584,-7.1437,3.0728,0.3442,-0.0783,0.8793,nan,nan
37.6997,-2.7619,-7.1435,3.0723,0.3442,-0.0783,0.8793,nan,nan
37.7094,-2.7655,-7.1432,3.0720,0.3442,-0.0783,0.8793,nan,nan
37.7191,-2.7692,-7.1430,3.0716,0.3442,-0.0783,0.8793,nan,nan
37.7307,-2.7725,-7.1427,3.0709,0.3442,-0.0783,0.8793,nan,nan
37.7392,-2.7758,-7.1425,3.0704,0.3442,-0.0783,0.8793,nan,nan
37.7495,-2.7792,-7.1423,3.0699,0.3442,-0.0783,0.8793,nan,nan
37.7590,-2.7827,-7.1420,3.0692,0.3441,-0.0726,0.8793,nan,nan
37.7698,-2.7863,-7.1417,3.0686,0.3441,-0.0726,0.8793,nan,nan
37.7791,-2.7895,-7.1415,3.0679,0.3441,-0.0726,0.8793,nan,nan
37.7893,-2.7935,-7.1412,3.0672,0.3441,-0.0726,0.8800,nan,nan
37.8013,-2.7970,-7.1410,3.0667,0.3441,-0.0726,0.8800,nan,nan
37.8119,-2.8003,-7.1407,3.0662,0.3441,-0.0726,0.8800,nan,nan
37.8194,-2.8036,-7.1405,3.0655,0.3441,-0.0726,0.8800,nan,nan
37.8303,-2.8069,-7.1402,3.0650,0.3441,-0.0726,0.8800,nan,nan
37.8412,-2.8103,-7.1399,3.0643,0.3441,-0.0726,0.8800,nan,nan
37.8494,-2.8136,-7.1397,3.0638,0.3441,-0.0726,0.8800,nan,nan
37.8592,-2.8167,-7.1394,3.0631,0.3434,-0.0737,0.8800,nan,nan
37.8691,-2.8167,-7.1394,3.0624,0.3434,-0.0737,0.8800,nan,nan
37.8820,-2.8232,-7.1389,3.0615,0.3434,-0.0737,0.8800,nan,nan
37.8897,-2.8269,-7.1386,3.0608,0.3434,-0.0737,0.8816,nan,nan
37.8993,-2.8269,-7.1386,3.0599,0.3434,-0.0737,0.8816,nan,nan
37.9089,-2.8322,-7.1382,3.0592,0.3434,-0.0737,0.8816,nan,nan
37.9193,-2.8359,-7.1379,3.0583,0.3434,-0.0737,0.8816,nan,nan
37.9305,-2.8390,-7.1376,3.0576,0.3434,-0.0737,0.8816,nan,nan
37.9387,-2.8424,-7.1374,3.0568,0.3434,-0.0737,0.8816,nan,nan
37.9486,-2.8457,-7.1371,3.0559,0.3434,-0.0737,0.8816,nan,nan
37.9591,-2.8493,-7.1368,3.0552,0.3457,-0.0350,0.8816,nan,nan
37.9687,-2.8523,-7.1365,3.0543,0.3457,-0.0350,0.8816,nan,nan
37.9787,-2.8558,-7.1362,3.0536,0.3457,-0.0350,0.8816,nan,nan
37.9888,-2.8593,-7.1359,3.0528,0.3457,-0.0350,0.8764,nan,nan
37.9986,-2.8628,-7.1356,3.0521,0.3457,-0.0350,0.8764,nan,nan
38.0091,-2.8663,-7.1353,3.0512,0.3457,-0.0350,0.8764,nan,nan
38.0203,-2.8694,-7.1350,3.0503,0.3457,-0.0350,0.8764,nan,nan
38.0296,-2.8728,-7.1347,3.0494,0.3457,-0.0350,0.8764,nan,nan
38.0395,-2.8760,-7.1344,3.0494,0.3457,-0.0350,0.8764,nan,nan
38.0502,-2.8792,-7.1341,3.0486,0.3457,-0.0350,0.8764,nan,nan
38.0599,-2.8824,-7.1338,3.0477,0.3457,-0.0350,0.8764,nan,nan
38.0691,-2.8855,-7.1335,3.0468,0.3388,-0.0199,0.8764,nan,nan
38.0819,-2.8890,-7.1331,3.0459,0.3388,-0.0199,0.8764,nan,nan
38.1004,-2.8964,-7.1324,3.0444,0.3388,-0.0199,0.8740,nan,nan
38.1012,-2.8964,-7.1324,3.0444,0.3388,-0.0199,0.8740,nan,nan
38.1109,-2.8998,-7.1321,3.0435,0.3388,-0.0199,0.8740,nan,nan
38.1202,-2.9029,-7.1318,3.0428,0.3388,-0.0199,0.8740,nan,nan
38.1294,-2.9062,-7.1315,3.0423,0.3388,-0.0199,0.8740,nan,nan
38.1391,-2.9062,-7.1315,3.0416,0.3388,-0.0199,0.8740,nan,nan
38.1491,-2.9133,-7.1307,3.0409,0.3388,-0.0199,0.8740,nan,nan
38.1594,-2.9165,-7.1304,3.0404,0.3388,-0.0199,0.8740,nan,nan
38.1711,-2.9197,-7.1301,3.0397,0.3388,-0.0199,0.8740,nan,nan
38.1797,-2.9234,-7.1297,3.0391,0.3292,0.0090,0.8740,nan,nan
38.1900,-2.9271,-7.1293,3.0386,0.3292,0.0090,0.8700,nan,nan
38.1999,-2.9302,-7.1290,3.0383,0.3292,0.0090,0.8700,nan,nan
38.2099,-2.9333,-7.1287,3.0379,0.3292,0.0090,0.8700,nan,nan
38.2214,-2.9365,-7.1283,3.0377,0.3292,0.0090,0.8700,nan,nan
38.2301,-2.9400,-7.1280,3.0376,0.3292,0.0090,0.8700,nan,nan
38.2391,-2.9430,-7.1277,3.0374,0.3292,0.0090,0.8700,nan,nan
38.2500,-2.9458,-7.1274,3.0374,0.3292,0.0090,0.8700,nan,nan
38.2601,-2.9490,-7.1270,3.0372,0.3205,0.0329,0.8700,nan,nan
38.2699,-2.9525,-7.1267,3.0372,0.3205,0.0329,0.8700,nan,nan
38.2797,-2.9563,-7.1263,3.0370,0.3205,0.0329,0.8700,nan,nan
38.2910,-2.9596,-7.1259,3.0370,0.3205,0.0329,0.8677,nan,nan
38.3003,-2.9624,-7.1256,3.0370,0.3205,0.0329,0.8677,nan,nan
38.3094,-2.9624,-7.1256,3.0370,0.3205,0.0329,0.8677,nan,nan
38.3192,-2.9687,-7.1250,3.0370,0.3205,0.0329,0.8677,nan,nan
38.3306,-2.9721,-7.1246,3.0370,0.3205,0.0329,0.8677,nan,nan
38.3395,-2.9752,-7.1243,3.0370,0.3205,0.0329,0.8677,nan,nan
38.3496,-2.9781,-7.1240,3.0372,0.3205,0.0329,0.8677,nan,nan
38.3596,-2.9815,-7.1236,3.0372,0.3094,0.0477,0.8677,nan,nan
38.3695,-2.9847,-7.1233,3.0372,0.3094,0.0477,0.8677,nan,nan
38.3794,-2.9882,-7.1229,3.0372,0.3094,0.0477,0.8677,nan,nan
38.3900,-2.9911,-7.1226,3.0372,0.3094,0.0477,0.8484,nan,nan
38.3999,-2.9942,-7.1223,3.0376,0.3094,0.0477,0.8484,nan,nan
38.4092,-2.9974,-7.1220,3.0377,0.3094,0.0477,0.8484,nan,nan
38.4191,-3.0005,-7.1216,3.0381,0.3094,0.0477,0.8484,nan,nan
38.4293,-3.0035,-7.1213,3.0384,0.3094,0.0477,0.8484,nan,nan
38.4392,-3.0064,-7.1210,3.0388,0.3094,0.0477,0.8484,nan,nan
38.4503,-3.0090,-7.1208,3.0391,0.3094,0.0477,0.8484,nan,nan
38.4593,-3.0120,-7.1205,3.0395,0.3080,0.0621,0.8484,nan,nan
38.4709,-3.0149,-7.1202,3.0398,0.3080,0.0621,0.8484,nan,nan
38.4799,-3.0182,-7.1198,3.0402,0.3080,0.0621,0.8484,nan,nan
38.4900,-3.0214,-7.1195,3.0407,0.3080,0.0621,0.8587,nan,nan
38.5046,-3.0243,-7.1192,3.0414,0.3080,0.0621,0.8587,nan,nan
38.5094,-3.0271,-7.1189,3.0423,0.3080,0.0621,0.8587,nan,nan
38.5201,-3.0301,-7.1186,3.0432,0.3080,0.0621,0.8587,nan,nan
38.5287,-3.0331,-7.1183,3.0440,0.3080,0.0621,0.8587,nan,nan
38.5388,-3.0361,-7.1180,3.0449,0.3080,0.0621,0.8587,nan,nan
38.5500,-3.0391,-7.1178,3.0459,0.3080,0.0621,0.8587,nan,nan
38.5596,-3.0418,-7.1175,3.0468,0.3029,0.0547,0.8587,nan,nan
38.5686,-3.0448,-7.1172,3.0479,0.3029,0.0547,0.8587,nan,nan
38.5791,-3.0477,-7.1170,3.0489,0.3029,0.0547,0.8587,nan,nan
38.5946,-3.0540,-7.1164,3.0508,0.3029,0.0547,0.8562,nan,nan
38.5993,-3.0540,-7.1164,3.0508,0.3029,0.0547,0.8562,nan,nan
38.6097,-3.0571,-7.1161,3.0519,0.3029,0.0547,0.8562,nan,nan
38.6196,-3.0601,-7.1158,3.0529,0.3029,0.0547,0.8562,nan,nan
38.6287,-3.0632,-7.1155,3.0540,0.3029,0.0547,0.8562,nan,nan
38.6397,-3.0665,-7.1153,3.0550,0.3029,0.0547,0.8562,nan,nan
38.6498,-3.0693,-7.1150,3.0561,0.3029,0.0547,0.8562,nan,nan
38.6590,-3.0722,-7.1148,3.0571,0.2927,0.0553,0.8562,nan,nan
38.6704,-3.0749,-7.1145,3.0582,0.2927,0.0553,0.8562,nan,nan
38.6791,-3.0776,-7.1143,3.0590,0.2927,0.0553,0.8562,nan,nan
38.6892,-3.0806,-7.1141,3.0601,0.2927,0.0553,0.8503,nan,nan
38.6999,-3.0837,-7.1138,3.0610,0.2927,0.0553,0.8503,nan,nan
38.7091,-3.0867,-7.1136,3.0620,0.2927,0.0553,0.8503,nan,nan
38.7191,-3.0897,-7.1133,3.0629,0.2927,0.0553,0.8503,nan,nan
38.7292,-3.0925,-7.1131,3.0638,0.2927,0.0553,0.8503,nan,nan
38.7408,-3.0954,-7.1129,3.0646,0.2927,0.0553,0.8503,nan,nan
38.7506,-3.0984,-7.1127,3.0655,0.2927,0.0553,0.8503,nan,nan
38.7600,-3.1014,-7.1124,3.0665,0.2879,0.0553,0.8503,nan,nan
38.7694,-3.1044,-7.1122,3.0674,0.2879,0.0553,0.8503,nan,nan
38.7794,-3.1071,-7.1120,3.0683,0.2879,0.0553,0.8471,nan,nan
38.7918,-3.1100,-7.1118,3.0692,0.2879,0.0553,0.8471,nan,nan
38.7990,-3.1132,-7.1116,3.0702,0.2879,0.0553,0.8471,nan,nan
38.8092,-3.1161,-7.1113,3.0713,0.2879,0.0553,0.8471,nan,nan
38.8192,-3.1189,-7.1111,3.0723,0.2879,0.0553,0.8471,nan,nan
38.8304,-3.1218,-7.1109,3.0734,0.2879,0.0553,0.8471,nan,nan
38.8406,-3.1246,-7.1108,3.0744,0.2879,0.0553,0.8471,nan,nan
38.8498,-3.1276,-7.1106,3.0754,0.2879,0.0553,0.8471,nan,nan
38.8632,-3.1304,-7.1104,3.0765,0.2879,0.0553,0.8471,nan,nan
38.8690,-3.1329,-7.1102,3.0777,0.2675,0.0422,0.8471,nan,nan
38.8822,-3.1358,-7.1100,3.0788,0.2675,0.0422,0.8491,nan,nan
38.8897,-3.1386,-7.1098,3.0796,0.2675,0.0422,0.8491,nan,nan
38.9089,-3.1442,-7.1095,3.0816,0.2675,0.0422,0.8491,nan,nan
38.9191,-3.1471,-7.1093,3.0826,0.2675,0.0422,0.8491,nan,nan
38.9313,-3.1502,-7.1091,3.0835,0.2675,0.0422,0.8491,nan,nan
38.9407,-3.1533,-7.1090,3.0843,0.2675,0.0422,0.8491,nan,nan
38.9498,-3.1560,-7.1088,3.0852,0.2675,0.0422,0.8491,nan,nan
38.9602,-3.1585,-7.1087,3.0859,0.2589,0.1371,0.8491,nan,nan
38.9688,-3.1611,-7.1085,3.0868,0.2589,0.1371,0.8491,nan,nan
38.9805,-3.1637,-7.1084,3.0877,0.2589,0.1371,0.8498,nan,nan
38.9899,-3.1666,-7.1082,3.0884,0.2589,0.1371,0.8498,nan,nan
39.0006,-3.1691,-7.1081,3.0891,0.2589,0.1371,0.8498,nan,nan
39.0086,-3.1716,-7.1080,3.0898,0.2589,0.1371,0.8498,nan,nan
39.0191,-3.1741,-7.1078,3.0905,0.2589,0.1371,0.8498,nan,nan
39.0291,-3.1769,-7.1077,3.0912,0.2589,0.1371,0.8498,nan,nan
39.0399,-3.1798,-7.1075,3.0919,0.2589,0.1371,0.8498,nan,nan
39.0490,-3.1828,-7.1074,3.0924,0.2589,0.1371,0.8498,nan,nan
39.0593,-3.1854,-7.1073,3.0931,0.2589,0.1371,0.8498,nan,nan
39.0699,-3.1879,-7.1071,3.0938,0.2548,0.2089,0.8498,nan,nan
39.0793,-3.1902,-7.1070,3.0945,0.2548,0.2089,0.8449,nan,nan
39.0898,-3.1926,-7.1069,3.0953,0.2548,0.2089,0.8449,nan,nan
39.1137,-3.1979,-7.1067,3.0969,0.2548,0.2089,0.8449,nan,nan
39.1211,-3.2003,-7.1066,3.0978,0.2548,0.2089,0.8449,nan,nan
39.1293,-3.2028,-7.1065,3.0987,0.2548,0.2089,0.8449,nan,nan
39.1391,-3.2054,-7.1063,3.0999,0.2548,0.2089,0.8449,nan,nan
39.1564,-3.2078,-7.1062,3.1011,0.2548,0.2089,0.8449,nan,nan
39.1603,-3.2105,-7.1061,3.1021,0.2548,0.2089,0.8449,nan,nan
39.1693,-3.2131,-7.1060,3.1034,0.2469,0.2387,0.8449,nan,nan
39.1793,-3.2156,-7.1059,3.1046,0.2469,0.2387,0.8473,nan,nan
39.1887,-3.2182,-7.1058,3.1058,0.2469,0.2387,0.8473,nan,nan
39.1986,-3.2207,-7.1058,3.1072,0.2469,0.2387,0.8473,nan,nan
39.2088,-3.2230,-7.1057,3.1086,0.2469,0.2387,0.8473,nan,nan
39.2195,-3.2252,-7.1056,3.1102,0.2469,0.2387,0.8473,nan,nan
39.2287,-3.2273,-7.1055,3.1117,0.2469,0.2387,0.8473,nan,nan
39.2387,-3.2297,-7.1055,3.1135,0.2469,0.2387,0.8473,nan,nan
39.2535,-3.2317,-7.1054,3.1152,0.2469,0.2387,0.8473,nan,nan
39.2591,-3.2343,-7.1053,3.1170,0.2420,0.2402,0.8473,nan,nan
39.2692,-3.2371,-7.1053,3.1189,0.2420,0.2402,0.8473,nan,nan
39.2832,-3.2396,-7.1052,3.1210,0.2420,0.2402,0.8457,nan,nan
39.2894,-3.2418,-7.1052,3.1231,0.2420,0.2402,0.8457,nan,nan
39.2991,-3.2440,-7.1051,3.1250,0.2420,0.2402,0.8457,nan,nan
39.3095,-3.2463,-7.1051,3.1271,0.2420,0.2402,0.8457,nan,nan
39.3190,-3.2489,-7.1051,3.1290,0.2420,0.2402,0.8457,nan,nan
39.3294,-3.2514,-7.1050,3.1313,0.2420,0.2402,0.8457,nan,nan
39.3389,-3.2538,-7.1050,3.1334,0.2420,0.2402,0.8457,nan,nan
39.3492,-3.2561,-7.1050,3.1355,0.2420,0.2402,0.8457,nan,nan
39.3600,-3.2583,-7.1050,3.1378,0.2367,0.2544,0.8457,nan,nan
39.3690,-3.2604,-7.1050,3.1400,0.2367,0.2544,0.8457,nan,nan
39.3796,-3.2629,-7.1050,-3.1407,0.2367,0.2544,0.8513,nan,nan
39.3893,-3.2654,-7.1050,-3.1383,0.2367,0.2544,0.8513,nan,nan
39.3992,-3.2687,-7.1050,-3.1357,0.2367,0.2544,0.8513,nan,nan
39.4092,-3.2710,-7.1050,-3.1332,0.2367,0.2544,0.8513,nan,nan
39.4193,-3.2733,-7.1050,-3.1308,0.2367,0.2544,0.8513,nan,nan
39.4292,-3.2754,-7.1050,-3.1282,0.2367,0.2544,0.8513,nan,nan
39.4392,-3.2776,-7.1051,-3.1255,0.2367,0.2544,0.8513,nan,nan
39.4499,-3.2799,-7.1051,-3.1229,0.2367,0.2544,0.8513,nan,nan
39.4588,-3.2823,-7.1052,-3.1201,0.2201,0.2823,0.8513,nan,nan
39.4688,-3.2847,-7.1052,-3.1175,0.2201,0.2823,0.8513,nan,nan
39.4858,-3.2896,-7.1054,-3.1123,0.2201,0.2823,0.8541,nan,nan
39.4888,-3.2896,-7.1054,-3.1123,0.2201,0.2823,0.8541,nan,nan
39.4992,-3.2919,-7.1054,-3.1095,0.2201,0.2823,0.8541,nan,nan
39.5090,-3.2941,-7.1055,-3.1067,0.2201,0.2823,0.8541,nan,nan
39.5188,-3.2962,-7.1056,-3.1039,0.2201,0.2823,0.8541,nan,nan
39.5289,-3.2985,-7.1057,-3.1009,0.2201,0.2823,0.8541,nan,nan
39.5388,-3.3009,-7.1058,-3.0981,0.2201,0.2823,0.8541,nan,nan
39.5487,-3.3032,-7.1059,-3.0953,0.2201,0.2823,0.8541,nan,nan
39.5601,-3.3055,-7.1060,-3.0925,0.2060,0.2916,0.8541,nan,nan
39.5691,-3.3077,-7.1061,-3.0899,0.2060,0.2916,0.8541,nan,nan
39.5792,-3.3099,-7.1062,-3.0871,0.2060,0.2916,0.8617,nan,nan
39.5892,-3.3121,-7.1064,-3.0847,0.2060,0.2916,0.8617,nan,nan
39.5989,-3.3141,-7.1065,-3.0821,0.2060,0.2916,0.8617,nan,nan
39.6090,-3.3161,-7.1066,-3.0795,0.2060,0.2916,0.8617,nan,nan
39.6192,-3.3184,-7.1068,-3.0768,0.2060,0.2916,0.8617,nan,nan
39.6301,-3.3208,-7.1069,-3.0742,0.2060,0.2916,0.8617,nan,nan
39.6401,-3.3231,-7.1071,-3.0718,0.2060,0.2916,0.8617,nan,nan
39.6490,-3.3253,-7.1072,-3.0692,0.2060,0.2916,0.8617,nan,nan
39.6588,-3.3276,-7.1074,-3.0665,0.1855,0.2596,0.8617,nan,nan
39.6688,-3.3298,-7.1076,-3.0639,0.1855,0.2596,0.8617,nan,nan
39.6795,-3.3317,-7.1077,-3.0613,0.1855,0.2596,0.8610,nan,nan
39.6893,-3.3335,-7.1079,-3.0585,0.1855,0.2596,0.8610,nan,nan
39.6985,-3.3356,-7.1080,-3.0557,0.1855,0.2596,0.8610,nan,nan
39.7089,-3.3375,-7.1082,-3.0529,0.1855,0.2596,0.8610,nan,nan
39.7190,-3.3395,-7.1084,-3.0503,0.1855,0.2596,0.8610,nan,nan
39.7289,-3.3415,-7.1086,-3.0473,0.1855,0.2596,0.8610,nan,nan
39.7387,-3.3435,-7.1088,-3.0446,0.1855,0.2596,0.8610,nan,nan
39.7499,-3.3455,-7.1090,-3.0416,0.1855,0.2596,0.8610,nan,nan
39.7591,-3.3476,-7.1092,-3.0384,0.1855,0.2596,0.8610,nan,nan
39.7693,-3.3495,-7.1094,-3.0353,0.1764,0.1772,0.8610,nan,nan
39.7803,-3.3513,-7.1096,-3.0322,0.1764,0.1772,0.8662,nan,nan
39.7932,-3.3550,-7.1100,-3.0259,0.1764,0.1772,0.8662,nan,nan
39.7987,-3.3550,-7.1100,-3.0259,0.1764,0.1772,0.8662,nan,nan
39.8088,-3.3568,-7.1102,-3.0227,0.1764,0.1772,0.8662,nan,nan
39.8191,-3.3587,-7.1104,-3.0198,0.1764,0.1772,0.8662,nan,nan
39.8301,-3.3606,-7.1106,-3.0168,0.1764,0.1772,0.8662,nan,nan
39.8389,-3.3625,-7.1109,-3.0138,0.1764,0.1772,0.8662,nan,nan
39.8497,-3.3643,-7.1111,-3.0110,0.1764,0.1772,0.8662,nan,nan
39.8601,-3.3659,-7.1113,-3.0084,0.1648,0.0906,0.8662,nan,nan
39.8692,-3.3675,-7.1115,-3.0058,0.1648,0.0906,0.8662,nan,nan
39.8796,-3.3691,-7.1118,-3.0034,0.1648,0.0906,0.8694,nan,nan
39.8887,-3.3707,-7.1120,-3.0009,0.1648,0.0906,0.8694,nan,nan
39.8992,-3.3721,-7.1122,-2.9987,0.1648,0.0906,0.8694,nan,nan
39.9097,-3.3737,-7.1124,-2.9962,0.1648,0.0906,0.8694,nan,nan
39.9191,-3.3754,-7.1127,-2.9938,0.1648,0.0906,0.8694,nan,nan
39.9292,-3.3771,-7.1129,-2.9913,0.1648,0.0906,0.8694,nan,nan
39.9400,-3.3788,-7.1132,-2.9892,0.1648,0.0906,0.8694,nan,nan
39.9492,-3.3805,-7.1134,-2.9870,0.1648,0.0906,0.8694,nan,nan
39.9594,-3.3821,-7.1137,-2.9849,0.1476,0.0449,0.8694,nan,nan
39.9695,-3.3836,-7.1139,-2.9826,0.1476,0.0449,0.8694,nan,nan
39.9839,-3.3865,-7.1144,-2.9784,0.1476,0.0449,0.8719,nan,nan
39.9887,-3.3865,-7.1144,-2.9784,0.1476,0.0449,0.8719,nan,nan
39.9988,-3.3880,-7.1146,-2.9763,0.1476,0.0449,0.8719,nan,nan
40.0094,-3.3894,-7.1149,-2.9744,0.1476,0.0449,0.8719,nan,nan
40.0188,-3.3906,-7.1151,-2.9725,0.1476,0.0449,0.8719,nan,nan
40.0293,-3.3919,-7.1153,-2.9707,0.1476,0.0449,0.8719,nan,nan
40.0389,-3.3933,-7.1155,-2.9692,0.1476,0.0449,0.8719,nan,nan
40.0488,-3.3949,-7.1158,-2.9676,0.1476,0.0449,0.8719,nan,nan
40.0591,-3.3964,-7.1161,-2.9664,0.0000,0.0000,0.8719,nan,nan
40.0692,-3.3979,-7.1163,-2.9650,0.0000,0.0000,0.8719,nan,nan
40.0788,-3.3994,-7.1166,-2.9637,0.0000,0.0000,0.8741,nan,nan
40.0890,-3.4010,-7.1169,-2.9623,0.0000,0.0000,0.8741,nan,nan
40.0996,-3.4027,-7.1172,-2.9611,0.0000,0.0000,0.8741,nan,nan
40.1106,-3.4027,-7.1172,-2.9599,0.0000,0.0000,0.8741,nan,nan
40.1189,-3.4049,-7.1176,-2.9589,0.0000,0.0000,0.8741,nan,nan
40.1290,-3.4063,-7.1179,-2.9578,0.0000,0.0000,0.8741,nan,nan
40.1388,-3.4074,-7.1181,-2.9568,0.0000,0.0000,0.8741,nan,nan
40.1515,-3.4086,-7.1183,-2.9559,0.0000,0.0000,0.8741,nan,nan
40.1592,-3.4086,-7.1183,-2.9559,0.0000,0.0000,0.8741,nan,nan
40.1694,-3.4112,-7.1188,-2.9552,0.0000,0.0000,0.8741,nan,nan
40.1794,-3.4125,-7.1190,-2.9545,0.0000,0.0000,0.8776,nan,nan
40.1894,-3.4138,-7.1193,-2.9541,0.0000,0.0000,0.8776,nan,nan
40.1991,-3.4152,-7.1195,-2.9538,0.0000,0.0000,0.8776,nan,nan
40.2087,-3.4165,-7.1198,-2.9534,0.0000,0.0000,0.8776,nan,nan
40.2208,-3.4178,-7.1200,-2.9531,0.0000,0.0000,0.8776,nan,nan
40.2296,-3.4190,-7.1203,-2.9529,0.0000,0.0000,0.8776,nan,nan
40.2391,-3.4200,-7.1205,-2.9527,0.0000,0.0000,0.8776,nan,nan
40.2488,-3.4211,-7.1207,-2.9526,0.0000,0.0000,0.8776,nan,nan
40.2592,-3.4221,-7.1209,-2.9526,0.0000,0.0000,0.8776,nan,nan
40.2719,-3.4231,-7.1211,-2.9526,0.0000,0.0000,0.8776,nan,nan
40.2795,-3.4240,-7.1212,-2.9526,0.0000,0.0000,0.8775,nan,nan
40.2904,-3.4249,-7.1214,-2.9526,0.0000,0.0000,0.8775,nan,nan
40.3115,-3.4278,-7.1219,-2.9529,0.0000,0.0000,0.8775,nan,nan
40.3203,-3.4278,-7.1219,-2.9529,0.0000,0.0000,0.8775,nan,nan
40.3289,-3.4287,-7.1221,-2.9529,0.0000,0.0000,0.8775,nan,nan
40.3389,-3.4295,-7.1223,-2.9529,0.0000,0.0000,0.8775,nan,nan
40.3501,-3.4305,-7.1225,-2.9527,0.0000,0.0000,0.8775,nan,nan
40.3593,-3.4314,-7.1226,-2.9526,0.0000,0.0000,0.8775,nan,nan
40.3692,-3.4323,-7.1228,-2.9522,0.0000,0.0000,0.8775,nan,nan
40.3795,-3.4332,-7.1230,-2.9519,0.0000,0.0000,0.8792,nan,nan
40.3891,-3.4340,-7.1231,-2.9514,0.0000,0.0000,0.8792,nan,nan
40.3988,-3.4348,-7.1233,-2.9510,0.0000,0.0000,0.8792,nan,nan
40.4092,-3.4356,-7.1234,-2.9507,0.0000,0.0000,0.8792,nan,nan
40.4192,-3.4363,-7.1236,-2.9505,0.0000,0.0000,0.8792,nan,nan
40.4294,-3.4372,-7.1238,-2.9503,0.0000,0.0000,0.8792,nan,nan
40.4392,-3.4379,-7.1239,-2.9503,0.0000,0.0000,0.8792,nan,nan
40.4501,-3.4385,-7.1240,-2.9503,0.0000,0.0000,0.8792,nan,nan
40.4592,-3.4391,-7.1241,-2.9503,0.0000,0.0000,0.8792,nan,nan
40.4700,-3.4396,-7.1242,-2.9503,0.0000,0.0000,0.8792,nan,nan
40.4798,-3.4401,-7.1243,-2.9503,0.0000,0.0000,0.8826,nan,nan
40.4904,-3.4406,-7.1244,-2.9505,0.0000,0.0000,0.8826,nan,nan
40.5017,-3.4411,-7.1245,-2.9507,0.0000,0.0000,0.8826,nan,nan
40.5114,-3.4416,-7.1246,-2.9508,0.0000,0.0000,0.8826,nan,nan
40.5192,-3.4420,-7.1247,-2.9512,0.0000,0.0000,0.8826,nan,nan
40.5296,-3.4424,-7.1247,-2.9515,0.0000,0.0000,0.8826,nan,nan
40.5394,-3.4427,-7.1248,-2.9519,0.0000,0.0000,0.8826,nan,nan
40.5493,-3.4430,-7.1249,-2.9524,0.0000,0.0000,0.8826,nan,nan
40.5589,-3.4432,-7.1249,-2.9527,0.0000,0.0000,0.8826,nan,nan
40.5697,-3.4435,-7.1250,-2.9531,0.0000,0.0000,0.8826,nan,nan
40.5793,-3.4437,-7.1250,-2.9534,0.0000,0.0000,0.8822,nan,nan
40.5889,-3.4439,-7.1250,-2.9536,0.0000,0.0000,0.8822,nan,nan
40.5990,-3.4441,-7.1251,-2.9538,0.0000,0.0000,0.8822,nan,nan
40.6107,-3.4442,-7.1251,-2.9540,0.0000,0.0000,0.8822,nan,nan
40.6196,-3.4444,-7.1251,-2.9541,0.0000,0.0000,0.8822,nan,nan
40.6296,-3.4445,-7.1252,-2.9541,0.0000,0.0000,0.8822,nan,nan
40.6394,-3.4446,-7.1252,-2.9540,0.0000,0.0000,0.8822,nan,nan
40.6495,-3.4447,-7.1252,-2.9538,0.0000,0.0000,0.8822,nan,nan
40.6603,-3.4448,-7.1252,-2.9536,0.0000,0.0000,0.8822,nan,nan
40.6693,-3.4449,-7.1252,-2.9536,0.0000,0.0000,0.8822,nan,nan
40.6803,-3.4449,-7.1252,-2.9534,0.0000,0.0000,0.8842,nan,nan
40.6894,-3.4448,-7.1252,-2.9533,0.0000,0.0000,0.8842,nan,nan
40.6995,-3.4448,-7.1252,-2.9533,0.0000,0.0000,0.8842,nan,nan
40.7092,-3.4448,-7.1252,-2.9531,0.0000,0.0000,0.8842,nan,nan
40.7193,-3.4448,-7.1252,-2.9531,0.0000,0.0000,0.8842,nan,nan
40.7290,-3.4447,-7.1252,-2.9531,0.0000,0.0000,0.8842,nan,nan
40.7394,-3.4447,-7.1252,-2.9531,0.0000,0.0000,0.8842,nan,nan
40.7493,-3.4447,-7.1252,-2.9529,0.0000,0.0000,0.8842,nan,nan
40.7606,-3.4447,-7.1252,-2.9529,0.0000,0.0000,0.8842,nan,nan
40.7691,-3.4446,-7.1252,-2.9529,0.0000,0.0000,0.8842,nan,nan
40.7796,-3.4446,-7.1252,-2.9529,0.0000,0.0000,0.8854,nan,nan
40.7889,-3.4446,-7.1252,-2.9529,0.0000,0.0000,0.8854,nan,nan
40.7988,-3.4445,-7.1252,-2.9529,0.0000,0.0000,0.8854,nan,nan
40.8108,-3.4445,-7.1252,-2.9527,0.0000,0.0000,0.8854,nan,nan
40.8225,-3.4444,-7.1251,-2.9527,0.0000,0.0000,0.8854,nan,nan
40.8289,-3.4444,-7.1251,-2.9527,0.0000,0.0000,0.8854,nan,nan
40.8395,-3.4444,-7.1251,-2.9527,0.0000,0.0000,0.8854,nan,nan
40.8486,-3.4444,-7.1251,-2.9527,0.0000,0.0000,0.8854,nan,nan
40.8591,-3.4444,-7.1251,-2.9527,0.0000,0.0000,0.8854,nan,nan
40.8688,-3.4443,-7.1251,-2.9526,0.0000,0.0000,0.8854,nan,nan
40.8795,-3.4443,-7.1251,-2.9526,0.0000,0.0000,0.8832,nan,nan
40.8893,-3.4443,-7.1251,-2.9526,0.0000,0.0000,0.8832,nan,nan
40.8989,-3.4443,-7.1251,-2.9526,0.0000,0.0000,0.8832,nan,nan
40.9093,-3.4443,-7.1251,-2.9526,0.0000,0.0000,0.8832,nan,nan
40.9200,-3.4443,-7.1251,-2.9526,0.0000,0.0000,0.8832,nan,nan
40.9293,-3.4444,-7.1251,-2.9526,0.0000,0.0000,0.8832,nan,nan
40.9390,-3.4443,-7.1251,-2.9526,0.0000,0.0000,0.8832,nan,nan
40.9516,-3.4443,-7.1251,-2.9526,0.0000,0.0000,0.8832,nan,nan
40.9593,-3.4443,-7.1251,-2.9526,0.0000,0.0000,0.8832,nan,nan
40.9690,-3.4444,-7.1251,-2.9526,0.0000,0.0000,0.8832,nan,nan
40.9794,-3.4444,-7.1251,-2.9527,0.0000,0.0000,0.8834,nan,nan
40.9890,-3.4443,-7.1251,-2.9526,0.0000,0.0000,0.8834,nan,nan
40.9993,-3.4444,-7.1251,-2.9526,0.0000,0.0000,0.8834,nan,nan
41.0089,-3.4444,-7.1251,-2.9526,0.0000,0.0000,0.8834,nan,nan
41.0190,-3.4444,-7.1251,-2.9526,0.0000,0.0000,0.8834,nan,nan
41.0305,-3.4444,-7.1251,-2.9526,0.0000,0.0000,0.8834,nan,nan
41.0397,-3.4444,-7.1251,-2.9526,0.0000,0.0000,0.8834,nan,nan
41.0498,-3.4444,-7.1251,-2.9526,0.0000,0.0000,0.8834,nan,nan
41.0588,-3.4444,-7.1251,-2.9526,0.0000,0.0000,0.8834,nan,nan
41.0703,-3.4444,-7.1251,-2.9526,0.0000,0.0000,0.8834,nan,nan
41.0825,-3.4444,-7.1251,-2.9526,0.0000,0.0000,0.8842,nan,nan
41.0905,-3.4444,-7.1251,-2.9526,0.0000,0.0000,0.8842,nan,nan
41.0998,-3.4444,-7.1251,-2.9526,0.0000,0.0000,0.8842,nan,nan
41.1091,-3.4443,-7.1251,-2.9526,0.0000,0.0000,0.8842,nan,nan
41.1192,-3.4444,-7.1251,-2.9526,0.0000,0.0000,0.8842,nan,nan
41.1298,-3.4444,-7.1251,-2.9526,0.0000,0.0000,0.8842,nan,nan
41.1392,-3.4444,-7.1251,-2.9526,0.0000,0.0000,0.8842,nan,nan
41.1507,-3.4443,-7.1251,-2.9526,0.0000,0.0000,0.8842,nan,nan
41.1591,-3.4443,-7.1251,-2.9526,0.0000,0.0000,0.8842,nan,nan
41.1694,-3.4443,-7.1251,-2.9526,0.0000,0.0000,0.8842,nan,nan
41.1802,-3.4443,-7.1251,-2.9526,0.0000,0.0000,0.8842,nan,nan
41.1888,-3.4443,-7.1251,-2.9526,0.0000,0.0000,0.8842,nan,nan
41.1993,-3.4443,-7.1251,-2.9526,0.0000,0.0000,0.8842,nan,nan
41.2153,-3.4444,-7.1251,-2.9526,0.0000,0.0000,0.8842,nan,nan
41.2210,-3.4443,-7.1251,-2.9524,0.0000,0.0000,0.8842,nan,nan
41.2294,-3.4443,-7.1251,-2.9526,0.0000,0.0000,0.8842,nan,nan
41.2392,-3.4443,-7.1251,-2.9526,0.0000,0.0000,0.8842,nan,nan
41.2506,-3.4443,-7.1251,-2.9526,0.0000,0.0000,0.8842,nan,nan
41.2595,-3.4444,-7.1251,-2.9526,0.0000,0.0000,0.8842,nan,nan
41.2691,-3.4443,-7.1251,-2.9526,0.0000,0.0000,0.8842,nan,nan
41.2792,-3.4443,-7.1251,-2.9526,0.0000,0.0000,0.8844,nan,nan
41.2884,-3.4444,-7.1251,-2.9524,0.0000,0.0000,0.8844,nan,nan
41.2989,-3.4444,-7.1251,-2.9524,0.0000,0.0000,0.8844,nan,nan
41.3093,-3.4443,-7.1251,-2.9524,0.0000,0.0000,0.8844,nan,nan
41.3188,-3.4444,-7.1251,-2.9524,0.0000,0.0000,0.8844,nan,nan
41.3290,-3.4443,-7.1251,-2.9524,0.0000,0.0000,0.8844,nan,nan
41.3389,-3.4443,-7.1251,-2.9524,0.0000,0.0000,0.8844,nan,nan
41.3488,-3.4443,-7.1251,-2.9526,0.0000,0.0000,0.8844,nan,nan
41.3588,-3.4444,-7.1251,-2.9526,0.0000,0.0000,0.8844,nan,nan
41.3689,-3.4443,-7.1251,-2.9526,0.0000,0.0000,0.8844,nan,nan
41.3790,-3.4443,-7.1251,-2.9526,0.0000,0.0000,0.8854,nan,nan
41.3888,-3.4443,-7.1251,-2.9526,0.0000,0.0000,0.8854,nan,nan
41.3986,-3.4444,-7.1251,-2.9526,0.0000,0.0000,0.8854,nan,nan
41.4090,-3.4443,-7.1251,-2.9526,0.0000,0.0000,0.8854,nan,nan
41.4188,-3.4443,-7.1251,-2.9526,0.0000,0.0000,0.8854,nan,nan
41.4294,-3.4443,-7.1251,-2.9526,0.0000,0.0000,0.8854,nan,nan
41.4393,-3.4444,-7.1251,-2.9526,0.0000,0.0000,0.8854,nan,nan
41.4490,-3.4443,-7.1251,-2.9526,0.0000,0.0000,0.8854,nan,nan
41.4587,-3.4443,-7.1251,-2.9526,0.0000,0.0000,0.8854,nan,nan
41.4740,-3.4443,-7.1251,-2.9526,0.0000,0.0000,0.8832,nan,nan
41.4799,-3.4443,-7.1251,-2.9526,0.0000,0.0000,0.8832,nan,nan
41.4896,-3.4444,-7.1251,-2.9526,0.0000,0.0000,0.8832,nan,nan
41.4992,-3.4444,-7.1251,-2.9526,0.0000,0.0000,0.8832,nan,nan
41.5090,-3.4444,-7.1251,-2.9526,0.0000,0.0000,0.8832,nan,nan
41.5194,-3.4443,-7.1251,-2.9526,0.0000,0.0000,0.8832,nan,nan
41.5299,-3.4443,-7.1251,-2.9526,0.0000,0.0000,0.8832,nan,nan
41.5392,-3.4443,-7.1251,-2.9526,0.0000,0.0000,0.8832,nan,nan
41.5499,-3.4443,-7.1251,-2.9526,0.0000,0.0000,0.8832,nan,nan
41.5600,-3.4444,-7.1251,-2.9526,0.0000,0.0000,0.8832,nan,nan
41.5694,-3.4444,-7.1251,-2.9526,0.0000,0.0000,0.8832,nan,nan
41.5830,-3.4444,-7.1251,-2.9526,0.0000,0.0000,0.8842,nan,nan
41.5899,-3.4444,-7.1251,-2.9524,0.0000,0.0000,0.8842,nan,nan
41.5989,-3.4443,-7.1251,-2.9524,0.0000,0.0000,0.8842,nan,nan
41.6122,-3.4443,-7.1251,-2.9524,0.0000,0.0000,0.8842,nan,nan
41.6192,-3.4443,-7.1251,-2.9524,0.0000,0.0000,0.8842,nan,nan
41.6294,-3.4444,-7.1251,-2.9526,0.0000,0.0000,0.8842,nan,nan
41.6392,-3.4443,-7.1251,-2.9526,0.0000,0.0000,0.8842,nan,nan
41.6494,-3.4444,-7.1251,-2.9526,0.0000,0.0000,0.8842,nan,nan
41.6596,-3.4443,-7.1251,-2.9526,0.0000,0.0000,0.8842,nan,nan
41.6697,-3.4443,-7.1251,-2.9524,0.0000,0.0000,0.8842,nan,nan
41.6805,-3.4443,-7.1251,-2.9524,0.0000,0.0000,0.8855,nan,nan
41.6896,-3.4443,-7.1251,-2.9524,0.0000,0.0000,0.8855,nan,nan
41.7007,-3.4444,-7.1251,-2.9524,0.0000,0.0000,0.8855,nan,nan
41.7093,-3.4443,-7.1251,-2.9524,0.0000,0.0000,0.8855,nan,nan
41.7191,-3.4443,-7.1251,-2.9524,0.0000,0.0000,0.8855,nan,nan
41.7294,-3.4443,-7.1251,-2.9524,0.0000,0.0000,0.8855,nan,nan
41.7417,-3.4443,-7.1251,-2.9524,0.0000,0.0000,0.8855,nan,nan
41.7492,-3.4443,-7.1251,-2.9524,0.0000,0.0000,0.8855,nan,nan
41.7594,-3.4443,-7.1251,-2.9524,0.0000,0.0000,0.8855,nan,nan
41.7714,-3.4443,-7.1251,-2.9524,0.0000,0.0000,0.8855,nan,nan
41.7812,-3.4444,-7.1251,-2.9524,0.0000,0.0000,0.8844,nan,nan
41.7893,-3.4444,-7.1251,-2.9524,0.0000,0.0000,0.8844,nan,nan
41.7997,-3.4443,-7.1251,-2.9524,0.0000,0.0000,0.8844,nan,nan
41.8090,-3.4443,-7.1251,-2.9524,0.0000,0.0000,0.8844,nan,nan
41.8192,-3.4443,-7.1251,-2.9524,0.0000,0.0000,0.8844,nan,nan
41.8293,-3.4443,-7.1251,-2.9524,0.0000,0.0000,0.8844,nan,nan
41.8389,-3.4443,-7.1251,-2.9524,0.0000,0.0000,0.8844,nan,nan
41.8492,-3.4443,-7.1251,-2.9524,0.0000,0.0000,0.8844,nan,nan
41.8586,-3.4443,-7.1251,-2.9524,0.0000,0.0000,0.8844,nan,nan
41.8697,-3.4443,-7.1251,-2.9524,0.0000,0.0000,0.8844,nan,nan
41.8795,-3.4444,-7.1251,-2.9524,0.0000,0.0000,0.8855,nan,nan
41.8887,-3.4443,-7.1251,-2.9524,0.0000,0.0000,0.8855,nan,nan
41.9000,-3.4443,-7.1251,-2.9524,0.0000,0.0000,0.8855,nan,nan
41.9091,-3.4443,-7.1251,-2.9524,0.0000,0.0000,0.8855,nan,nan
41.9192,-3.4443,-7.1251,-2.9524,0.0000,0.0000,0.8855,nan,nan
41.9295,-3.4443,-7.1251,-2.9524,0.0000,0.0000,0.8855,nan,nan
41.9395,-3.4443,-7.1251,-2.9524,0.0000,0.0000,0.8855,nan,nan
41.9493,-3.4444,-7.1251,-2.9524,0.0000,0.0000,0.8855,nan,nan
41.9594,-3.4444,-7.1251,-2.9524,0.0000,0.0000,0.8855,nan,nan
41.9694,-3.4443,-7.1251,-2.9524,0.0000,0.0000,0.8855,nan,nan
41.9790,-3.4443,-7.1251,-2.9522,0.0000,0.0000,0.8832,nan,nan
41.9896,-3.4443,-7.1251,-2.9522,0.0000,0.0000,0.8832,nan,nan
41.9993,-3.4443,-7.1251,-2.9522,0.0000,0.0000,0.8832,nan,nan
42.0089,-3.4443,-7.1251,-2.9522,0.0000,0.0000,0.8832,nan,nan
42.0190,-3.4443,-7.1251,-2.9522,0.0000,0.0000,0.8832,nan,nan
42.0287,-3.4444,-7.1251,-2.9522,0.0000,0.0000,0.8832,nan,nan
42.0395,-3.4443,-7.1251,-2.9524,0.0000,0.0000,0.8832,nan,nan
42.0505,-3.4443,-7.1251,-2.9524,0.0000,0.0000,0.8832,nan,nan
42.0595,-3.4444,-7.1251,-2.9522,0.0000,0.0000,0.8832,nan,nan
42.0692,-3.4443,-7.1251,-2.9522,0.0000,0.0000,0.8851,nan,nan
42.0829,-3.4443,-7.1251,-2.9522,0.0000,0.0000,0.8851,nan,nan
42.0949,-3.4444,-7.1251,-2.9522,0.0000,0.0000,0.8851,nan,nan
42.0997,-3.4444,-7.1251,-2.9522,0.0000,0.0000,0.8851,nan,nan
42.1115,-3.4443,-7.1251,-2.9522,0.0000,0.0000,0.8851,nan,nan
42.1193,-3.4443,-7.1251,-2.9522,0.0000,0.0000,0.8851,nan,nan
42.1301,-3.4444,-7.1251,-2.9522,0.0000,0.0000,0.8851,nan,nan
42.1401,-3.4444,-7.1251,-2.9522,0.0000,0.0000,0.8851,nan,nan
42.1506,-3.4444,-7.1251,-2.9522,0.0000,0.0000,0.8851,nan,nan
42.1589,-3.4443,-7.1251,-2.9522,0.0000,0.0000,0.8851,nan,nan
42.1704,-3.4443,-7.1251,-2.9522,0.0000,0.0000,0.8851,nan,nan
42.1789,-3.4444,-7.1251,-2.9522,0.0000,0.0000,0.8835,nan,nan
42.1892,-3.4443,-7.1251,-2.9522,0.0000,0.0000,0.8835,nan,nan
42.1991,-3.4444,-7.1251,-2.9522,0.0000,0.0000,0.8835,nan,nan
42.2090,-3.4443,-7.1251,-2.9522,0.0000,0.0000,0.8835,nan,nan
42.2192,-3.4443,-7.1251,-2.9522,0.0000,0.0000,0.8835,nan,nan
42.2288,-3.4444,-7.1251,-2.9522,0.0000,0.0000,0.8835,nan,nan
42.2393,-3.4443,-7.1251,-2.9522,0.0000,0.0000,0.8835,nan,nan
42.2504,-3.4444,-7.1251,-2.9522,0.0000,0.0000,0.8835,nan,nan
42.2599,-3.4443,-7.1251,-2.9522,0.0000,0.0000,0.8835,nan,nan
42.2699,-3.4443,-7.1251,-2.9522,0.0000,0.0000,0.8835,nan,nan
42.2812,-3.4443,-7.1251,-2.9522,0.0000,0.0000,0.8832,nan,nan
42.2893,-3.4443,-7.1251,-2.9522,0.0000,0.0000,0.8832,nan,nan
42.2992,-3.4443,-7.1251,-2.9522,0.0000,0.0000,0.8832,nan,nan
42.3094,-3.4444,-7.1251,-2.9522,0.0000,0.0000,0.8832,nan,nan
42.3189,-3.4444,-7.1251,-2.9522,0.0000,0.0000,0.8832,nan,nan
42.3375,-3.4444,-7.1251,-2.9522,0.0000,0.0000,0.8832,nan,nan
42.3394,-3.4443,-7.1251,-2.9522,0.0000,0.0000,0.8832,nan,nan
42.3493,-3.4443,-7.1251,-2.9522,0.0000,0.0000,0.8832,nan,nan
42.3591,-3.4443,-7.1251,-2.9522,0.0000,0.0000,0.8832,nan,nan
42.3688,-3.4443,-7.1251,-2.9522,0.0000,0.0000,0.8851,nan,nan
42.3808,-3.4443,-7.1251,-2.9522,0.0000,0.0000,0.8851,nan,nan
42.3888,-3.4443,-7.1251,-2.9522,0.0000,0.0000,0.8851,nan,nan
42.3988,-3.4444,-7.1251,-2.9522,0.0000,0.0000,0.8851,nan,nan
42.4095,-3.4444,-7.1251,-2.9522,0.0000,0.0000,0.8851,nan,nan
42.4193,-3.4443,-7.1251,-2.9522,0.0000,0.0000,0.8851,nan,nan
42.4292,-3.4443,-7.1251,-2.9522,0.0000,0.0000,0.8851,nan,nan
42.4393,-3.4444,-7.1251,-2.9522,0.0000,0.0000,0.8851,nan,nan
42.4488,-3.4443,-7.1251,-2.9522,0.0000,0.0000,0.8851,nan,nan
42.4593,-3.4443,-7.1251,-2.9522,0.0000,0.0000,0.8851,nan,nan
42.4702,-3.4444,-7.1251,-2.9522,0.0000,0.0000,0.8851,nan,nan
42.4798,-3.4443,-7.1251,-2.9522,0.0000,0.0000,0.8865,nan,nan
42.4894,-3.4443,-7.1251,-2.9522,0.0000,0.0000,0.8865,nan,nan
42.4995,-3.4443,-7.1251,-2.9522,0.0000,0.0000,0.8865,nan,nan
42.5092,-3.4444,-7.1251,-2.9522,0.0000,0.0000,0.8865,nan,nan
42.5195,-3.4443,-7.1251,-2.9522,0.0000,0.0000,0.8865,nan,nan
42.5290,-3.4444,-7.1251,-2.9522,0.0000,0.0000,0.8865,nan,nan
42.5397,-3.4444,-7.1251,-2.9522,0.0000,0.0000,0.8865,nan,nan
42.5494,-3.4443,-7.1251,-2.9522,0.0000,0.0000,0.8865,nan,nan
42.5597,-3.4443,-7.1251,-2.9522,0.0000,0.0000,0.8865,nan,nan
42.5693,-3.4443,-7.1251,-2.9522,0.0000,0.0000,0.8822,nan,nan
42.5794,-3.4443,-7.1251,-2.9522,0.0000,0.0000,0.8822,nan,nan
42.5906,-3.4444,-7.1251,-2.9522,0.0000,0.0000,0.8822,nan,nan
42.5990,-3.4444,-7.1251,-2.9522,0.0000,0.0000,0.8822,nan,nan
42.6091,-3.4443,-7.1251,-2.9522,0.0000,0.0000,0.8822,nan,nan
42.6193,-3.4443,-7.1251,-2.9522,0.0000,0.0000,0.8822,nan,nan
42.6293,-3.4444,-7.1251,-2.9522,0.0000,0.0000,0.8822,nan,nan
42.6402,-3.4443,-7.1251,-2.9522,0.0000,0.0000,0.8822,nan,nan
42.6495,-3.4443,-7.1251,-2.9522,0.0000,0.0000,0.8822,nan,nan
42.6608,-3.4444,-7.1251,-2.9522,0.0000,0.0000,0.8822,nan,nan
42.6708,-3.4443,-7.1251,-2.9522,0.0000,0.0000,0.8842,nan,nan
42.6803,-3.4443,-7.1251,-2.9522,0.0000,0.0000,0.8842,nan,nan
42.6889,-3.4443,-7.1251,-2.9522,0.0000,0.0000,0.8842,nan,nan
42.6998,-3.4444,-7.1251,-2.9522,0.0000,0.0000,0.8842,nan,nan
42.7089,-3.4443,-7.1251,-2.9522,0.0000,0.0000,0.8842,nan,nan
42.7276,-3.4443,-7.1251,-2.9522,0.0000,0.0000,0.8842,nan,nan
42.7302,-3.4443,-7.1251,-2.9522,0.0000,0.0000,0.8842,nan,nan
42.7397,-3.4443,-7.1251,-2.9522,0.0000,0.0000,0.8842,nan,nan
42.7492,-3.4444,-7.1251,-2.9522,0.0000,0.0000,0.8842,nan,nan
42.7593,-3.4443,-7.1251,-2.9522,0.0000,0.0000,0.8842,nan,nan
42.7703,-3.4443,-7.1251,-2.9522,0.0000,0.0000,0.8853,nan,nan
42.7799,-3.4443,-7.1251,-2.9522,0.0000,0.0000,0.8853,nan,nan
42.7889,-3.4443,-7.1251,-2.9522,0.0000,0.0000,0.8853,nan,nan
42.7990,-3.4444,-7.1251,-2.9522,0.0000,0.0000,0.8853,nan,nan
42.8094,-3.4444,-7.1251,-2.9522,0.0000,0.0000,0.8853,nan,nan
42.8191,-3.4444,-7.1251,-2.9522,0.0000,0.0000,0.8853,nan,nan
42.8294,-3.4443,-7.1251,-2.9522,0.0000,0.0000,0.8853,nan,nan
42.8396,-3.4444,-7.1251,-2.9522,0.0000,0.0000,0.8853,nan,nan
42.8491,-3.4443,-7.1251,-2.9522,0.0000,0.0000,0.8853,nan,nan
42.8588,-3.4443,-7.1251,-2.9522,0.0000,0.0000,0.8853,nan,nan
42.8713,-3.4443,-7.1251,-2.9522,0.0000,0.0000,0.8832,nan,nan
42.8802,-3.4443,-7.1251,-2.9522,0.0000,0.0000,0.8832,nan,nan
42.8887,-3.4443,-7.1251,-2.9522,0.0000,0.0000,0.8832,nan,nan
42.8989,-3.4443,-7.1251,-2.9522,0.0000,0.0000,0.8832,nan,nan
42.9087,-3.4444,-7.1251,-2.9522,0.0000,0.0000,0.8832,nan,nan
42.9189,-3.4443,-7.1251,-2.9522,0.0000,0.0000,0.8832,nan,nan
42.9290,-3.4444,-7.1251,-2.9522,0.0000,0.0000,0.8832,nan,nan
42.9391,-3.4443,-7.1251,-2.9522,0.0000,0.0000,0.8832,nan,nan
42.9500,-3.4443,-7.1251,-2.9522,0.0000,0.0000,0.8832,nan,nan
42.9593,-3.4443,-7.1251,-2.9522,0.0000,0.0000,0.8832,nan,nan
42.9735,-3.4443,-7.1251,-2.9522,0.0000,0.0000,0.8832,nan,nan
42.9807,-3.4444,-7.1251,-2.9522,0.0000,0.0000,0.8832,nan,nan
42.9891,-3.4443,-7.1251,-2.9522,0.0000,0.0000,0.8832,nan,nan
42.9995,-3.4444,-7.1251,-2.9522,0.0000,0.0000,0.8832,nan,nan
43.0101,-3.4443,-7.1251,-2.9522,0.0000,0.0000,0.8832,nan,nan
43.0193,-3.4444,-7.1251,-2.9522,0.0000,0.0000,0.8832,nan,nan
43.0294,-3.4443,-7.1251,-2.9522,0.0000,0.0000,0.8832,nan,nan
43.0394,-3.4444,-7.1251,-2.9522,0.0000,0.0000,0.8832,nan,nan
43.0500,-3.4444,-7.1251,-2.9522,0.0000,0.0000,0.8832,nan,nan
43.0601,-3.4443,-7.1251,-2.9522,0.0000,0.0000,0.8832,nan,nan
43.0690,-3.4443,-7.1251,-2.9522,0.0000,0.0000,0.8855,nan,nan
43.0796,-3.4443,-7.1251,-2.9522,0.0000,0.0000,0.8855,nan,nan
43.0895,-3.4444,-7.1251,-2.9522,0.0000,0.0000,0.8855,nan,nan
43.1141,-3.4443,-7.1251,-2.9522,0.0000,0.0000,0.8855,nan,nan
43.1190,-3.4443,-7.1251,-2.9522,0.0000,0.0000,0.8855,nan,nan
43.1296,-3.4444,-7.1251,-2.9522,0.0000,0.0000,0.8855,nan,nan
43.1403,-3.4443,-7.1251,-2.9522,0.0000,0.0000,0.8855,nan,nan
43.1491,-3.4444,-7.1251,-2.9522,0.0000,0.0000,0.8855,nan,nan
43.1591,-3.4443,-7.1251,-2.9522,0.0000,0.0000,0.8855,nan,nan
43.1694,-3.4443,-7.1251,-2.9522,0.0000,0.0000,0.8822,nan,nan
43.1793,-3.4443,-7.1251,-2.9522,0.0000,0.0000,0.8822,nan,nan
43.1899,-3.4443,-7.1251,-2.9522,0.0000,0.0000,0.8822,nan,nan
43.1996,-3.4443,-7.1251,-2.9522,0.0000,0.0000,0.8822,nan,nan
43.2090,-3.4443,-7.1251,-2.9522,0.0000,0.0000,0.8822,nan,nan
43.2253,-3.4443,-7.1251,-2.9522,0.0000,0.0000,0.8822,nan,nan
43.2298,-3.4443,-7.1251,-2.9522,0.0000,0.0000,0.8822,nan,nan
43.2393,-3.4444,-7.1251,-2.9522,0.0000,0.0000,0.8822,nan,nan
43.2506,-3.4444,-7.1251,-2.9522,0.0000,0.0000,0.8822,nan,nan
43.2592,-3.4443,-7.1251,-2.9522,0.0000,0.0000,0.8822,nan,nan
43.2698,-3.4443,-7.1251,-2.9522,0.0000,0.0000,0.8834,nan,nan
43.2800,-3.4443,-7.1251,-2.9522,0.0000,0.0000,0.8834,nan,nan
43.2891,-3.4443,-7.1251,-2.9522,0.0000,0.0000,0.8834,nan,nan
43.2997,-3.4443,-7.1251,-2.9522,0.0000,0.0000,0.8834,nan,nan
43.3101,-3.4443,-7.1251,-2.9522,0.0000,0.0000,0.8834,nan,nan
43.3193,-3.4443,-7.1251,-2.9522,0.0000,0.0000,0.8834,nan,nan
43.3296,-3.4443,-7.1251,-2.9522,0.0000,0.0000,0.8834,nan,nan
43.3393,-3.4443,-7.1251,-2.9522,0.0000,0.0000,0.8834,nan,nan
43.3509,-3.4443,-7.1251,-2.9522,0.0000,0.0000,0.8834,nan,nan
43.3593,-3.4443,-7.1251,-2.9522,0.0000,0.0000,0.8834,nan,nan
43.3693,-3.4443,-7.1251,-2.9522,0.0000,0.0000,0.8824,nan,nan
43.3798,-3.4444,-7.1251,-2.9522,0.0000,0.0000,0.8824,nan,nan
43.3896,-3.4443,-7.1251,-2.9522,0.0000,0.0000,0.8824,nan,nan
43.3998,-3.4443,-7.1251,-2.9522,0.0000,0.0000,0.8824,nan,nan
43.4093,-3.4444,-7.1251,-2.9522,0.0000,0.0000,0.8824,nan,nan
43.4215,-3.4443,-7.1251,-2.9522,0.0000,0.0000,0.8824,nan,nan
43.4301,-3.4443,-7.1251,-2.9522,0.0000,0.0000,0.8824,nan,nan
43.4395,-3.4443,-7.1251,-2.9522,0.0000,0.0000,0.8824,nan,nan
43.4503,-3.4443,-7.1251,-2.9522,0.0000,0.0000,0.8824,nan,nan
43.4594,-3.4444,-7.1251,-2.9522,0.0000,0.0000,0.8824,nan,nan
43.4694,-3.4443,-7.1251,-2.9522,0.0000,0.0000,0.8842,nan,nan
43.4793,-3.4444,-7.1251,-2.9522,0.0000,0.0000,0.8842,nan,nan
43.4893,-3.4443,-7.1251,-2.9522,0.0000,0.0000,0.8842,nan,nan
43.5125,-3.4444,-7.1251,-2.9522,0.0000,0.0000,0.8842,nan,nan
43.5195,-3.4443,-7.1251,-2.9522,0.0000,0.0000,0.8842,nan,nan
43.5292,-3.4443,-7.1251,-2.9522,0.0000,0.0000,0.8842,nan,nan
43.5393,-3.4443,-7.1251,-2.9522,0.0000,0.0000,0.8842,nan,nan
43.5504,-3.4443,-7.1251,-2.9522,0.0000,0.0000,0.8842,nan,nan
43.5595,-3.4443,-7.1251,-2.9522,0.0000,0.0000,0.8842,nan,nan
43.5705,-3.4443,-7.1251,-2.9522,0.0000,0.0000,0.8865,nan,nan
43.5789,-3.4443,-7.1251,-2.9522,0.0000,0.0000,0.8865,nan,nan
43.5892,-3.4443,-7.1251,-2.9522,0.0000,0.0000,0.8865,nan,nan
43.5988,-3.4443,-7.1251,-2.9522,0.0000,0.0000,0.8865,nan,nan
43.6093,-3.4444,-7.1251,-2.9522,0.0000,0.0000,0.8865,nan,nan
43.6194,-3.4444,-7.1251,-2.9522,0.0000,0.0000,0.8865,nan,nan
43.6292,-3.4444,-7.1251,-2.9522,0.0000,0.0000,0.8865,nan,nan
43.6400,-3.4444,-7.1251,-2.9522,0.0000,0.0000,0.8865,nan,nan
43.6497,-3.4443,-7.1251,-2.9522,0.0000,0.0000,0.8865,nan,nan
43.6593,-3.4444,-7.1251,-2.9522,0.0000,0.0000,0.8865,nan,nan
43.6697,-3.4443,-7.1251,-2.9522,0.0000,0.0000,0.8822,nan,nan
43.6793,-3.4443,-7.1251,-2.9522,0.0000,0.0000,0.8822,nan,nan
43.6895,-3.4443,-7.1251,-2.9522,0.0000,0.0000,0.8822,nan,nan
43.6993,-3.4444,-7.1251,-2.9522,0.0000,0.0000,0.8822,nan,nan
43.7092,-3.4444,-7.1251,-2.9522,0.0000,0.0000,0.8822,nan,nan
43.7195,-3.4443,-7.1251,-2.9522,0.0000,0.0000,0.8822,nan,nan
43.7296,-3.4443,-7.1251,-2.9522,0.0000,0.0000,0.8822,nan,nan
43.7408,-3.4443,-7.1251,-2.9522,0.0000,0.0000,0.8822,nan,nan
43.7492,-3.4443,-7.1251,-2.9522,0.0000,0.0000,0.8822,nan,nan
43.7588,-3.4443,-7.1251,-2.9522,0.0000,0.0000,0.8822,nan,nan
43.7692,-3.4444,-7.1251,-2.9522,0.0000,0.0000,0.8834,nan,nan
43.7799,-3.4443,-7.1251,-2.9522,0.0000,0.0000,0.8834,nan,nan
43.7890,-3.4443,-7.1251,-2.9522,0.0000,0.0000,0.8834,nan,nan
43.7988,-3.4443,-7.1251,-2.9522,0.0000,0.0000,0.8834,nan,nan
43.8097,-3.4443,-7.1251,-2.9522,0.0000,0.0000,0.8834,nan,nan
43.8205,-3.4443,-7.1251,-2.9522,0.0000,0.0000,0.8834,nan,nan
43.8291,-3.4443,-7.1251,-2.9522,0.0000,0.0000,0.8834,nan,nan
43.8389,-3.4443,-7.1251,-2.9522,0.0000,0.0000,0.8834,nan,nan
43.8494,-3.4443,-7.1251,-2.9522,0.0000,0.0000,0.8834,nan,nan
43.8591,-3.4443,-7.1251,-2.9522,0.0000,0.0000,0.8834,nan,nan
43.8698,-3.4444,-7.1251,-2.9522,0.0000,0.0000,0.8832,nan,nan
43.8790,-3.4443,-7.1251,-2.9522,0.0000,0.0000,0.8832,nan,nan
43.8892,-3.4444,-7.1251,-2.9522,0.0000,0.0000,0.8832,nan,nan
43.9006,-3.4443,-7.1251,-2.9522,0.0000,0.0000,0.8832,nan,nan
43.9096,-3.4443,-7.1251,-2.9522,0.0000,0.0000,0.8832,nan,nan
43.9190,-3.4443,-7.1251,-2.9522,0.0000,0.0000,0.8832,nan,nan
43.9291,-3.4444,-7.1251,-2.9522,0.0000,0.0000,0.8832,nan,nan
43.9389,-3.4443,-7.1251,-2.9522,0.0000,0.0000,0.8832,nan,nan
43.9494,-3.4443,-7.1251,-2.9522,0.0000,0.0000,0.8832,nan,nan
43.9590,-3.4443,-7.1251,-2.9522,0.0000,0.0000,0.8832,nan,nan
43.9687,-3.4444,-7.1251,-2.9522,0.0000,0.0000,0.8834,nan,nan
43.9968,-3.4443,-7.1251,-2.9522,0.0000,0.0000,0.8834,nan,nan
43.9997,-3.4443,-7.1251,-2.9522,0.0000,0.0000,0.8834,nan,nan
44.0091,-3.4444,-7.1251,-2.9522,0.0000,0.0000,0.8834,nan,nan
44.0196,-3.4443,-7.1251,-2.9522,0.0000,0.0000,0.8834,nan,nan
44.0289,-3.4444,-7.1251,-2.9522,0.0000,0.0000,0.8834,nan,nan
44.0395,-3.4444,-7.1251,-2.9522,0.0000,0.0000,0.8834,nan,nan
44.0490,-3.4444,-7.1251,-2.9522,0.0000,0.0000,0.8834,nan,nan
44.0608,-3.4444,-7.1251,-2.9522,0.0000,0.0000,0.8834,nan,nan
44.0694,-3.4443,-7.1251,-2.9522,0.0000,0.0000,0.8835,nan,nan
44.0794,-3.4444,-7.1251,-2.9522,0.0000,0.0000,0.8835,nan,nan
44.0914,-3.4444,-7.1251,-2.9522,0.0000,0.0000,0.8835,nan,nan
44.1015,-3.4443,-7.1251,-2.9522,0.0000,0.0000,0.8835,nan,nan
44.1092,-3.4443,-7.1251,-2.9522,0.0000,0.0000,0.8835,nan,nan
44.1212,-3.4443,-7.1251,-2.9522,0.0000,0.0000,0.8835,nan,nan
44.1303,-3.4443,-7.1251,-2.9522,0.0000,0.0000,0.8835,nan,nan
44.1396,-3.4443,-7.1251,-2.9522,0.0000,0.0000,0.8835,nan,nan
44.1497,-3.4443,-7.1251,-2.9522,0.0000,0.0000,0.8835,nan,nan
44.1592,-3.4444,-7.1251,-2.9522,0.0000,0.0000,0.8835,nan,nan
44.1693,-3.4443,-7.1251,-2.9522,0.0000,0.0000,0.8842,nan,nan
44.1790,-3.4443,-7.1251,-2.9522,0.0000,0.0000,0.8842,nan,nan
44.1890,-3.4444,-7.1251,-2.9522,0.0000,0.0000,0.8842,nan,nan
44.1998,-3.4443,-7.1251,-2.9522,0.0000,0.0000,0.8842,nan,nan
44.2089,-3.4443,-7.1251,-2.9522,0.0000,0.0000,0.8842,nan,nan
