t,x,y,yaw,v,w,t_abs
0.022,1.2000,5.0000,0.0000,0.0000,0.0000,1788740313.725
0.042,1.2000,5.0000,0.0000,0.0000,0.0000,1788740313.745
0.062,1.2000,5.0000,0.0000,0.0000,0.0000,1788740313.765
0.082,1.2000,5.0000,0.0000,0.0000,0.0000,1788740313.785
0.102,1.2000,5.0000,0.0000,0.0000,0.0000,1788740313.805
0.122,1.2000,5.0000,0.0000,0.0000,0.0000,1788740313.825
0.143,1.2000,5.0000,0.0000,0.0000,0.0000,1788740313.845
0.163,1.2000,5.0000,0.0000,0.0000,0.0000,1788740313.865
0.182,1.2000,5.0000,0.0000,0.0000,0.0000,1788740313.885
0.202,1.2000,5.0000,0.0000,0.0000,0.0000,1788740313.905
0.223,1.2000,5.0000,0.0000,0.0000,0.0000,1788740313.925
0.243,1.2000,5.0000,0.0000,0.0000,0.0000,1788740313.945
0.262,1.2000,5.0000,0.0000,0.0000,0.0000,1788740313.965
0.282,1.2000,5.0000,0.0000,0.0000,0.0000,1788740313.985
0.302,1.2000,5.0000,0.0000,0.0000,0.0000,1788740314.005
0.322,1.2000,5.0000,0.0000,0.0000,0.0000,1788740314.025
0.342,1.2000,5.0000,0.0000,0.0000,0.0000,1788740314.045
0.362,1.2000,5.0000,0.0000,0.0000,0.0000,1788740314.065
0.382,1.2000,5.0000,0.0000,0.0000,0.0000,1788740314.085
0.402,1.2000,5.0000,0.0000,0.0000,0.0000,1788740314.105
0.423,1.2000,5.0000,0.0000,0.0000,0.0000,1788740314.125
0.443,1.2000,5.0000,0.0000,0.0000,0.0000,1788740314.145
0.462,1.2000,5.0000,0.0000,0.0000,0.0000,1788740314.165
0.482,1.2000,5.0000,0.0000,0.0000,0.0000,1788740314.185
0.502,1.2000,5.0000,0.0000,0.0000,0.0000,1788740314.205
0.522,1.2000,5.0000,0.0000,0.0000,0.0000,1788740314.225
0.542,1.2000,5.0000,0.0000,0.0000,0.0000,1788740314.245
0.562,1.2000,5.0000,0.0000,0.0000,0.0000,1788740314.265
0.582,1.2000,5.0000,0.0000,0.0000,0.0000,1788740314.285
0.602,1.2000,5.0000,0.0000,0.0000,0.0000,1788740314.305
0.622,1.2000,5.0000,0.0000,0.0000,0.0000,1788740314.325
0.643,1.2000,5.0000,0.0000,0.0000,0.0000,1788740314.345
0.662,1.2000,5.0000,0.0000,0.0000,0.0000,1788740314.365
0.682,1.2000,5.0000,0.0000,0.0000,0.0000,1788740314.385
0.702,1.2000,5.0000,0.0000,0.0000,0.0000,1788740314.405
0.722,1.2000,5.0000,0.0000,0.0000,0.0000,1788740314.425
0.742,1.2000,5.0000,0.0000,0.0000,0.0000,1788740314.445
0.762,1.2000,5.0000,0.0000,0.0000,0.0000,1788740314.465
0.782,1.2000,5.0000,0.0000,0.0000,0.0000,1788740314.485
0.802,1.2000,5.0000,0.0000,0.0000,0.0000,1788740314.505
0.823,1.2000,5.0000,0.0000,0.0000,0.0000,1788740314.525
0.842,1.2000,5.0000,0.0000,0.0000,0.0000,1788740314.545
0.862,1.2000,5.0000,0.0000,0.0000,0.0000,1788740314.565
0.883,1.2000,5.0000,0.0000,0.0000,0.0000,1788740314.585
0.902,1.2000,5.0000,0.0000,0.0000,0.0000,1788740314.605
0.923,1.2000,5.0000,0.0000,0.0000,0.0000,1788740314.625
0.942,1.2000,5.0000,0.0000,0.0000,0.0000,1788740314.645
0.962,1.2000,5.0000,0.0000,0.0000,0.0000,1788740314.665
0.982,1.2000,5.0000,0.0000,0.0000,0.0000,1788740314.685
1.002,1.2000,5.0000,0.0000,0.0000,0.0000,1788740314.705
1.022,1.2000,5.0000,0.0000,0.0000,0.0000,1788740314.725
1.042,1.2000,5.0000,0.0000,0.0000,0.0000,1788740314.745
1.062,1.2000,5.0000,0.0000,0.0000,0.0000,1788740314.765
1.083,1.2000,5.0000,0.0000,0.0000,0.0000,1788740314.785
1.103,1.2000,5.0000,0.0000,0.0000,0.0000,1788740314.805
1.122,1.2000,5.0000,0.0000,0.0000,0.0000,1788740314.825
1.143,1.2000,5.0000,0.0000,0.0000,0.0000,1788740314.845
1.162,1.2000,5.0000,0.0000,0.0000,0.0000,1788740314.865
1.182,1.2000,5.0000,0.0000,0.0000,0.0000,1788740314.885
1.202,1.2000,5.0000,0.0000,0.0000,0.0000,1788740314.905
1.222,1.2000,5.0000,0.0000,0.0000,0.0000,1788740314.925
1.242,1.2000,5.0000,0.0000,0.0000,0.0000,1788740314.945
1.262,1.2000,5.0000,0.0000,0.0000,0.0000,1788740314.965
1.282,1.2000,5.0000,0.0000,0.0000,0.0000,1788740314.985
1.302,1.2000,5.0000,0.0000,0.0000,0.0000,1788740315.005
1.323,1.2000,5.0000,0.0000,0.0000,0.0000,1788740315.025
1.342,1.2000,5.0000,0.0000,0.0000,0.0000,1788740315.045
1.363,1.2000,5.0000,0.0000,0.0000,0.0000,1788740315.065
1.383,1.2000,5.0000,0.0000,0.0000,0.0000,1788740315.085
1.403,1.2000,5.0000,0.0000,0.0000,0.0000,1788740315.105
1.422,1.2000,5.0000,0.0000,0.0000,0.0000,1788740315.125
1.442,1.2000,5.0000,0.0000,0.0000,0.0000,1788740315.145
1.462,1.2000,5.0000,0.0000,0.0000,0.0000,1788740315.165
1.482,1.2000,5.0000,0.0000,0.0000,0.0000,1788740315.185
1.502,1.2000,5.0000,0.0000,0.0000,0.0000,1788740315.205
1.522,1.2000,5.0000,0.0000,0.0000,0.0000,1788740315.225
1.542,1.2000,5.0000,0.0000,0.0000,0.0000,1788740315.245
1.562,1.2000,5.0000,0.0000,0.0000,0.0000,1788740315.265
1.582,1.2000,5.0000,0.0000,0.0000,0.0000,1788740315.285
1.602,1.2000,5.0000,0.0000,0.0000,0.0000,1788740315.305
1.622,1.2000,5.0000,0.0000,0.0000,0.0000,1788740315.325
1.643,1.2000,5.0000,0.0000,0.0000,0.0000,1788740315.345
1.663,1.2000,5.0000,0.0000,0.0000,0.0000,1788740315.365
1.683,1.2000,5.0000,0.0000,0.0000,0.0000,1788740315.385
1.702,1.2000,5.0000,0.0000,0.0000,0.0000,1788740315.405
1.722,1.2000,5.0000,0.0000,0.0000,0.0000,1788740315.425
1.742,1.2000,5.0000,0.0000,0.0000,0.0000,1788740315.445
1.762,1.2000,5.0000,0.0000,0.0000,0.0000,1788740315.465
1.782,1.2000,5.0000,0.0000,0.0000,0.0000,1788740315.485
1.802,1.2000,5.0000,0.0000,0.0000,0.0000,1788740315.505
1.822,1.2000,5.0000,0.0000,0.0000,0.0000,1788740315.525
1.842,1.2000,5.0000,0.0000,0.0000,0.0000,1788740315.545
1.862,1.2000,5.0000,0.0000,0.0000,0.0000,1788740315.565
1.882,1.2000,5.0000,0.0000,0.0000,0.0000,1788740315.585
1.902,1.2000,5.0000,0.0000,0.0000,0.0000,1788740315.605
1.923,1.2000,5.0000,0.0000,0.0000,0.0000,1788740315.625
1.942,1.2000,5.0000,0.0000,0.0000,0.0000,1788740315.645
1.962,1.2000,5.0000,0.0000,0.0000,0.0000,1788740315.665
1.982,1.2000,5.0000,0.0000,0.0000,0.0000,1788740315.685
2.002,1.2000,5.0000,0.0000,0.0000,0.0000,1788740315.705
2.022,1.2000,5.0000,0.0000,0.0000,0.0000,1788740315.725
2.042,1.2000,5.0000,0.0000,0.0000,0.0000,1788740315.745
2.062,1.2000,5.0000,0.0000,0.0000,0.0000,1788740315.765
2.082,1.2000,5.0000,0.0000,0.0000,0.0000,1788740315.785
2.102,1.2000,5.0000,0.0000,0.0000,0.0000,1788740315.805
2.122,1.2000,5.0000,0.0000,0.0000,0.0000,1788740315.825
2.142,1.2000,5.0000,0.0000,0.0000,0.0000,1788740315.845
2.162,1.2000,5.0000,0.0000,0.0000,0.0000,1788740315.865
2.183,1.2000,5.0000,0.0000,0.0000,0.0000,1788740315.885
2.203,1.2000,5.0000,0.0000,0.0000,0.0000,1788740315.905
2.223,1.2000,5.0000,0.0000,0.0000,0.0000,1788740315.925
2.242,1.2000,5.0000,0.0000,0.0000,0.0000,1788740315.945
2.262,1.2000,5.0000,0.0000,0.0000,0.0000,1788740315.965
2.282,1.2000,5.0000,0.0000,0.0000,0.0000,1788740315.985
2.302,1.2000,5.0000,0.0000,0.0000,0.0000,1788740316.005
2.322,1.2000,5.0000,0.0000,0.0000,0.0000,1788740316.025
2.342,1.2000,5.0000,0.0000,0.0000,0.0000,1788740316.045
2.362,1.2000,5.0000,0.0000,0.0000,0.0000,1788740316.065
2.382,1.2000,5.0000,0.0000,0.0000,0.0000,1788740316.085
2.402,1.2000,5.0000,0.0000,0.0000,0.0000,1788740316.105
2.422,1.2000,5.0000,0.0000,0.0000,0.0000,1788740316.125
2.442,1.2000,5.0000,0.0000,0.0000,0.0000,1788740316.145
2.463,1.2000,5.0000,0.0000,0.0000,0.0000,1788740316.165
2.483,1.2000,5.0000,0.0000,0.0000,0.0000,1788740316.185
2.503,1.2000,5.0000,0.0000,0.0000,0.0000,1788740316.205
2.522,1.2000,5.0000,0.0000,0.0000,0.0000,1788740316.225
2.542,1.2000,5.0000,0.0000,0.0000,0.0000,1788740316.245
2.562,1.2000,5.0000,0.0000,0.0000,0.0000,1788740316.265
2.582,1.2000,5.0000,0.0000,0.0000,0.0000,1788740316.285
2.602,1.2000,5.0000,0.0000,0.0000,0.0000,1788740316.305
2.622,1.2000,5.0000,0.0000,0.0000,0.0000,1788740316.325
2.642,1.2000,5.0000,0.0000,0.0000,0.0000,1788740316.345
2.662,1.2000,5.0000,0.0000,0.0000,0.0000,1788740316.365
2.682,1.2000,5.0000,0.0000,0.0000,0.0000,1788740316.385
2.702,1.2000,5.0000,0.0000,0.0000,0.0000,1788740316.405
2.722,1.2000,5.0000,0.0000,0.0000,0.0000,1788740316.425
2.742,1.2000,5.0000,0.0000,0.0000,0.0000,1788740316.445
2.762,1.2000,5.0000,0.0000,0.0000,0.0000,1788740316.465
2.783,1.2000,5.0000,0.0000,0.0000,0.0000,1788740316.485
2.803,1.2000,5.0000,0.0000,0.0000,0.0000,1788740316.505
2.822,1.2000,5.0000,0.0000,0.0000,0.0000,1788740316.525
2.842,1.2000,5.0000,0.0000,0.0000,0.0000,1788740316.545
2.863,1.2000,5.0000,0.0000,0.0000,0.0000,1788740316.565
2.883,1.2000,5.0000,0.0000,0.0000,0.0000,1788740316.585
2.902,1.2000,5.0000,0.0000,0.0000,0.0000,1788740316.605
2.922,1.2000,5.0000,0.0000,0.0000,0.0000,1788740316.625
2.942,1.2000,5.0000,0.0000,0.0000,0.0000,1788740316.645
2.963,1.2000,5.0000,0.0000,0.0000,0.0000,1788740316.665
2.982,1.2000,5.0000,0.0000,0.0000,0.0000,1788740316.685
3.003,1.2000,5.0000,0.0000,0.0000,0.0000,1788740316.705
3.022,1.2000,5.0000,0.0000,0.0000,0.0000,1788740316.725
3.043,1.2000,5.0000,0.0000,0.0000,0.0000,1788740316.745
3.063,1.2000,5.0000,0.0000,0.0000,0.0000,1788740316.765
3.083,1.2000,5.0000,0.0000,0.0000,0.0000,1788740316.785
3.102,1.2000,5.0000,0.0000,0.0000,0.0000,1788740316.805
3.122,1.2000,5.0000,0.0000,0.0000,0.0000,1788740316.825
3.142,1.2000,5.0000,0.0000,0.0000,0.0000,1788740316.845
3.162,1.2000,5.0000,0.0000,0.0000,0.0000,1788740316.865
3.182,1.2000,5.0000,0.0000,0.0000,0.0000,1788740316.885
3.202,1.2000,5.0000,0.0000,0.0000,0.0000,1788740316.905
3.222,1.2000,5.0000,0.0000,0.0000,0.0000,1788740316.925
3.242,1.2000,5.0000,0.0000,0.0000,0.0000,1788740316.945
3.262,1.2000,5.0000,0.0000,0.0000,0.0000,1788740316.965
3.282,1.2000,5.0000,0.0000,0.0000,0.0000,1788740316.985
3.302,1.2000,5.0000,0.0000,0.0000,0.0000,1788740317.005
3.322,1.2000,5.0000,0.0000,0.0000,0.0000,1788740317.025
3.343,1.2000,5.0000,0.0000,0.0000,0.0000,1788740317.045
3.363,1.2000,5.0000,0.0000,0.0000,0.0000,1788740317.065
3.382,1.2000,5.0000,0.0000,0.0000,0.0000,1788740317.085
3.403,1.2000,5.0000,0.0000,0.0000,0.0000,1788740317.105
3.422,1.2000,5.0000,0.0000,0.0000,0.0000,1788740317.125
3.442,1.2000,5.0000,0.0000,0.0000,0.0000,1788740317.145
3.462,1.2000,5.0000,0.0000,0.0000,0.0000,1788740317.165
3.482,1.2000,5.0000,0.0000,0.0000,0.0000,1788740317.185
3.502,1.2000,5.0000,0.0000,0.0000,0.0000,1788740317.205
3.522,1.2000,5.0000,0.0000,0.0000,0.0000,1788740317.225
3.542,1.2000,5.0000,0.0000,0.0000,0.0000,1788740317.245
3.562,1.2000,5.0000,0.0000,0.0000,0.0000,1788740317.265
3.582,1.2000,5.0000,0.0000,0.0000,0.0000,1788740317.285
3.602,1.2000,5.0000,0.0000,0.0000,0.0000,1788740317.305
3.622,1.2000,5.0000,0.0000,0.0000,0.0000,1788740317.325
3.642,1.2000,5.0000,0.0000,0.0000,0.0000,1788740317.345
3.662,1.2000,5.0000,0.0000,0.0000,0.0000,1788740317.365
3.682,1.2000,5.0000,0.0000,0.0000,0.0000,1788740317.385
3.703,1.2000,5.0000,0.0000,0.0000,0.0000,1788740317.405
3.722,1.2000,5.0000,0.0000,0.0000,0.0000,1788740317.425
3.742,1.2000,5.0000,0.0000,0.0000,0.0000,1788740317.445
3.762,1.2000,5.0000,0.0000,0.0000,0.0000,1788740317.465
3.782,1.2000,5.0000,0.0000,0.0000,0.0000,1788740317.485
3.802,1.2000,5.0000,0.0000,0.0000,0.0000,1788740317.505
3.822,1.2000,5.0000,0.0000,0.0000,0.0000,1788740317.525
3.842,1.2000,5.0000,0.0000,0.0000,0.0000,1788740317.545
3.862,1.2000,5.0000,0.0000,0.0000,0.0000,1788740317.565
3.882,1.2000,5.0000,0.0000,0.0000,0.0000,1788740317.585
3.903,1.2000,5.0000,0.0000,0.0000,0.0000,1788740317.605
3.923,1.2000,5.0000,0.0000,0.0000,0.0000,1788740317.625
3.943,1.2000,5.0000,0.0000,0.0000,0.0000,1788740317.645
3.963,1.2000,5.0000,0.0000,0.0000,0.0000,1788740317.665
3.983,1.2000,5.0000,0.0000,0.0000,0.0000,1788740317.685
4.002,1.2000,5.0000,0.0000,0.0000,0.0000,1788740317.705
4.022,1.2000,5.0000,0.0000,0.0000,0.0000,1788740317.725
4.042,1.2000,5.0000,0.0000,0.0000,0.0000,1788740317.745
4.062,1.2000,5.0000,0.0000,0.0000,0.0000,1788740317.765
4.082,1.2000,5.0000,0.0000,0.0000,0.0000,1788740317.785
4.102,1.2000,5.0000,0.0000,0.0000,0.0000,1788740317.805
4.122,1.2000,5.0000,0.0000,0.0000,0.0000,1788740317.825
4.142,1.2000,5.0000,0.0000,0.0000,0.0000,1788740317.845
4.162,1.2000,5.0000,0.0000,0.0000,0.0000,1788740317.865
4.182,1.2000,5.0000,0.0000,0.0000,0.0000,1788740317.885
4.202,1.2000,5.0000,0.0000,0.0000,0.0000,1788740317.905
4.222,1.2000,5.0000,0.0000,0.0000,0.0000,1788740317.925
4.242,1.2000,5.0000,0.0000,0.0000,0.0000,1788740317.945
4.262,1.2000,5.0000,0.0000,0.0000,0.0000,1788740317.965
4.282,1.2000,5.0000,0.0000,0.0000,0.0000,1788740317.985
4.302,1.2000,5.0000,0.0000,0.0000,0.0000,1788740318.005
4.322,1.2000,5.0000,0.0000,0.0000,0.0000,1788740318.025
4.342,1.2000,5.0000,0.0000,0.0000,0.0000,1788740318.045
4.362,1.2000,5.0000,0.0000,0.0000,0.0000,1788740318.065
4.382,1.2000,5.0000,0.0000,0.0000,0.0000,1788740318.085
4.402,1.2000,5.0000,0.0000,0.0000,0.0000,1788740318.105
4.422,1.2000,5.0000,0.0000,0.0000,0.0000,1788740318.125
4.442,1.2000,5.0000,0.0000,0.0000,0.0000,1788740318.145
4.462,1.2000,5.0000,0.0000,0.0000,0.0000,1788740318.165
4.482,1.2000,5.0000,0.0000,0.0000,0.0000,1788740318.185
4.502,1.2000,5.0000,0.0000,0.0000,0.0000,1788740318.205
4.522,1.2000,5.0000,0.0000,0.0000,0.0000,1788740318.225
4.542,1.2000,5.0000,0.0000,0.0000,0.0000,1788740318.245
4.562,1.2000,5.0000,0.0000,0.0000,0.0000,1788740318.265
4.582,1.2000,5.0000,0.0000,0.0000,0.0000,1788740318.285
4.602,1.2000,5.0000,0.0000,0.0000,0.0000,1788740318.305
4.622,1.2000,5.0000,0.0000,0.0000,0.0000,1788740318.325
4.643,1.2000,5.0000,0.0000,0.0000,0.0000,1788740318.345
4.663,1.2000,5.0000,0.0000,0.0000,0.0000,1788740318.365
4.683,1.2000,5.0000,0.0000,0.0000,0.0000,1788740318.385
4.703,1.2000,5.0000,0.0000,0.0000,0.0000,1788740318.405
4.723,1.2000,5.0000,0.0000,0.0000,0.0000,1788740318.425
4.742,1.2000,5.0000,0.0000,0.0000,0.0000,1788740318.445
4.762,1.2000,5.0000,0.0000,0.0000,0.0000,1788740318.465
4.782,1.2000,5.0000,0.0000,0.0000,0.0000,1788740318.485
4.802,1.2000,5.0000,0.0000,0.0000,0.0000,1788740318.505
4.822,1.2000,5.0000,0.0000,0.0000,0.0000,1788740318.525
4.842,1.2000,5.0000,0.0000,0.0000,0.0000,1788740318.545
4.862,1.2000,5.0000,0.0000,0.0000,0.0000,1788740318.565
4.882,1.2000,5.0000,0.0000,0.0000,0.0000,1788740318.585
4.903,1.2000,5.0000,0.0000,0.0000,0.0000,1788740318.605
4.922,1.2000,5.0000,0.0000,0.0000,0.0000,1788740318.625
4.943,1.2000,5.0000,0.0000,0.0000,0.0000,1788740318.645
4.962,1.2000,5.0000,0.0000,0.0000,0.0000,1788740318.665
4.982,1.2000,5.0000,0.0000,0.0000,0.0000,1788740318.685
5.002,1.2000,5.0000,0.0000,0.0000,0.0000,1788740318.705
5.022,1.2000,5.0000,0.0000,0.0000,0.0000,1788740318.725
5.042,1.2000,5.0000,0.0000,0.0000,0.0000,1788740318.745
5.062,1.2000,5.0000,0.0000,0.0000,0.0000,1788740318.765
5.082,1.2000,5.0000,0.0000,0.0000,0.0000,1788740318.785
5.102,1.2000,5.0000,0.0000,0.0000,0.0000,1788740318.805
5.122,1.2000,5.0000,0.0000,0.0000,0.0000,1788740318.825
5.142,1.2000,5.0000,0.0000,0.0000,0.0000,1788740318.845
5.162,1.2000,5.0000,0.0000,0.0000,0.0000,1788740318.865
5.183,1.2000,5.0000,0.0000,0.0000,0.0000,1788740318.885
5.203,1.2000,5.0000,0.0000,0.0000,0.0000,1788740318.905
5.222,1.2000,5.0000,0.0000,0.0000,0.0000,1788740318.925
5.243,1.2000,5.0000,0.0000,0.0000,0.0000,1788740318.945
5.263,1.2000,5.0000,0.0000,0.0000,0.0000,1788740318.965
5.282,1.2000,5.0000,0.0000,0.0000,0.0000,1788740318.985
5.302,1.2000,5.0000,0.0000,0.0000,0.0000,1788740319.005
5.322,1.2000,5.0000,0.0000,0.0000,0.0000,1788740319.025
5.342,1.2000,5.0000,0.0000,0.0000,0.0000,1788740319.045
5.362,1.2000,5.0000,0.0000,0.0000,0.0000,1788740319.065
5.382,1.2000,5.0000,0.0000,0.0000,0.0000,1788740319.085
5.402,1.2000,5.0000,0.0000,0.0000,0.0000,1788740319.105
5.423,1.2000,5.0000,0.0000,0.0000,0.0000,1788740319.125
5.443,1.2000,5.0000,0.0000,0.0000,0.0000,1788740319.145
5.463,1.2000,5.0000,0.0000,0.0000,0.0000,1788740319.165
5.483,1.2000,5.0000,0.0000,0.0000,0.0000,1788740319.185
5.502,1.2000,5.0000,0.0000,0.0000,0.0000,1788740319.205
5.522,1.2000,5.0000,0.0000,0.0000,0.0000,1788740319.225
5.542,1.2000,5.0000,0.0000,0.0000,0.0000,1788740319.245
5.562,1.2000,5.0000,0.0000,0.0000,0.0000,1788740319.265
5.582,1.2000,5.0000,0.0000,0.0000,0.0000,1788740319.285
5.602,1.2000,5.0000,0.0000,0.0000,0.0000,1788740319.305
5.622,1.2000,5.0000,0.0000,0.0000,0.0000,1788740319.325
5.642,1.2000,5.0000,0.0000,0.0000,0.0000,1788740319.345
5.663,1.2000,5.0000,0.0000,0.0000,0.0000,1788740319.365
5.683,1.2000,5.0000,0.0000,0.0000,0.0000,1788740319.385
5.702,1.2000,5.0000,0.0000,0.0000,0.0000,1788740319.405
5.722,1.2000,5.0000,0.0000,0.0000,0.0000,1788740319.425
5.742,1.2000,5.0000,0.0000,0.0000,0.0000,1788740319.445
5.762,1.2000,5.0000,0.0000,0.0000,0.0000,1788740319.465
5.782,1.2000,5.0000,0.0000,0.0000,0.0000,1788740319.485
5.802,1.2000,5.0000,0.0000,0.0000,0.0000,1788740319.505
5.822,1.2000,5.0000,0.0000,0.0000,0.0000,1788740319.525
5.842,1.2000,5.0000,0.0000,0.0000,0.0000,1788740319.545
5.862,1.2000,5.0000,0.0000,0.0000,0.0000,1788740319.565
5.883,1.2000,5.0000,0.0000,0.0000,0.0000,1788740319.585
5.902,1.2000,5.0000,0.0000,0.0000,0.0000,1788740319.605
5.923,1.2000,5.0000,0.0000,0.0000,0.0000,1788740319.625
5.943,1.2000,5.0000,0.0000,0.0000,0.0000,1788740319.645
5.962,1.2000,5.0000,0.0000,0.0000,0.0000,1788740319.665
5.983,1.2000,5.0000,0.0000,0.0000,0.0000,1788740319.685
6.002,1.2000,5.0000,0.0000,0.0000,0.0000,1788740319.705
6.022,1.2000,5.0000,0.0000,0.0000,0.0000,1788740319.725
6.042,1.2000,5.0000,0.0000,0.0000,0.0000,1788740319.745
6.062,1.2000,5.0000,0.0000,0.0000,0.0000,1788740319.765
6.082,1.2000,5.0000,0.0000,0.0000,0.0000,1788740319.785
6.102,1.2000,5.0000,0.0000,0.0000,0.0000,1788740319.805
6.122,1.2000,5.0000,0.0000,0.0000,0.0000,1788740319.825
6.142,1.2000,5.0000,0.0000,0.0000,0.0000,1788740319.845
6.162,1.2000,5.0000,0.0000,0.0000,0.0000,1788740319.865
6.182,1.2000,5.0000,0.0000,0.0000,0.0000,1788740319.885
6.203,1.2000,5.0000,0.0000,0.0000,0.0000,1788740319.905
6.223,1.2000,5.0000,0.0000,0.0000,0.0000,1788740319.925
6.242,1.2000,5.0000,0.0000,0.0000,0.0000,1788740319.945
6.263,1.2000,5.0000,0.0000,0.0000,0.0000,1788740319.965
6.282,1.2000,5.0000,0.0000,0.0000,0.0000,1788740319.985
6.303,1.2000,5.0000,0.0000,0.0000,0.0000,1788740320.005
6.322,1.2000,5.0000,0.0000,0.0000,0.0000,1788740320.025
6.342,1.2000,5.0000,0.0000,0.0000,0.0000,1788740320.045
6.362,1.2000,5.0000,0.0000,0.0000,0.0000,1788740320.065
6.382,1.2000,5.0000,0.0000,0.0000,0.0000,1788740320.085
6.402,1.2000,5.0000,0.0000,0.0000,0.0000,1788740320.105
6.422,1.2000,5.0000,0.0000,0.0000,0.0000,1788740320.125
6.442,1.2000,5.0000,0.0000,0.0000,0.0000,1788740320.145
6.462,1.2000,5.0000,0.0000,0.0000,0.0000,1788740320.165
6.483,1.2000,5.0000,0.0000,0.0000,0.0000,1788740320.185
6.502,1.2000,5.0000,0.0000,0.0000,0.0000,1788740320.205
6.523,1.2000,5.0000,0.0000,0.0000,0.0000,1788740320.225
6.543,1.2000,5.0000,0.0000,0.0000,0.0000,1788740320.245
6.562,1.2000,5.0000,0.0000,0.0000,0.0000,1788740320.265
6.583,1.2000,5.0000,0.0000,0.0000,0.0000,1788740320.285
6.602,1.2000,5.0000,0.0000,0.0000,0.0000,1788740320.305
6.623,1.2000,5.0000,0.0000,0.0000,0.0000,1788740320.325
6.643,1.2000,5.0000,0.0000,0.0000,0.0000,1788740320.345
6.663,1.2000,5.0000,0.0000,0.0000,0.0000,1788740320.365
6.683,1.2000,5.0000,0.0000,0.0000,0.0000,1788740320.385
6.703,1.2000,5.0000,0.0000,0.0000,0.0000,1788740320.405
6.722,1.2000,5.0000,0.0000,0.0000,0.0000,1788740320.425
6.742,1.2000,5.0000,0.0000,0.0000,0.0000,1788740320.445
6.763,1.2000,5.0000,0.0000,0.0000,0.0000,1788740320.465
6.782,1.2000,5.0000,0.0000,0.0000,0.0000,1788740320.485
6.802,1.2000,5.0000,0.0000,0.0000,0.0000,1788740320.505
6.822,1.2000,5.0000,0.0000,0.0000,0.0000,1788740320.525
6.842,1.2000,5.0000,0.0000,0.0000,0.0000,1788740320.545
6.863,1.2000,5.0000,0.0000,0.0000,0.0000,1788740320.565
6.882,1.2000,5.0000,0.0000,0.0000,0.0000,1788740320.585
6.903,1.2000,5.0000,0.0000,0.0000,0.0000,1788740320.605
6.923,1.2000,5.0000,0.0000,0.0000,0.0000,1788740320.625
6.943,1.2000,5.0000,0.0000,0.0000,0.0000,1788740320.645
6.962,1.2000,5.0000,0.0000,0.0000,0.0000,1788740320.665
6.982,1.2000,5.0000,0.0000,0.0000,0.0000,1788740320.685
7.002,1.2000,5.0000,0.0000,0.0000,0.0000,1788740320.705
7.022,1.2000,5.0000,0.0000,0.0000,0.0000,1788740320.725
7.042,1.2000,5.0000,0.0000,0.0000,0.0000,1788740320.745
7.062,1.2000,5.0000,0.0000,0.0000,0.0000,1788740320.765
7.082,1.2000,5.0000,0.0000,0.0000,0.0000,1788740320.785
7.102,1.2000,5.0000,0.0000,0.0000,0.0000,1788740320.805
7.122,1.2000,5.0000,0.0000,0.0000,0.0000,1788740320.825
7.142,1.2000,5.0000,0.0000,0.0000,0.0000,1788740320.845
7.162,1.2000,5.0000,0.0000,0.0000,0.0000,1788740320.865
7.182,1.2000,5.0000,0.0000,0.0000,0.0000,1788740320.885
7.202,1.2000,5.0000,0.0000,0.0000,0.0000,1788740320.905
7.222,1.2000,5.0000,0.0000,0.0000,0.0000,1788740320.925
7.242,1.2000,5.0000,0.0000,0.0000,0.0000,1788740320.945
7.262,1.2000,5.0000,0.0000,0.0000,0.0000,1788740320.965
7.283,1.2000,5.0000,0.0000,0.0000,0.0000,1788740320.985
7.302,1.2000,5.0000,0.0000,0.0000,0.0000,1788740321.005
7.322,1.2000,5.0000,0.0000,0.0000,0.0000,1788740321.025
7.342,1.2000,5.0000,0.0000,0.0000,0.0000,1788740321.045
7.363,1.2000,5.0000,0.0000,0.0000,0.0000,1788740321.065
7.383,1.2000,5.0000,0.0000,0.0000,0.0000,1788740321.085
7.402,1.2000,5.0000,0.0000,0.0000,0.0000,1788740321.105
7.422,1.2000,5.0000,0.0000,0.0000,0.0000,1788740321.125
7.443,1.2000,5.0000,0.0000,0.0000,0.0000,1788740321.145
7.462,1.2000,5.0000,0.0000,0.0000,0.0000,1788740321.165
7.482,1.2000,5.0000,0.0000,0.0000,0.0000,1788740321.185
7.502,1.2000,5.0000,0.0000,0.0000,0.0000,1788740321.205
7.522,1.2000,5.0000,0.0000,0.0000,0.0000,1788740321.225
7.542,1.2000,5.0000,0.0000,0.0000,0.0000,1788740321.245
7.563,1.2000,5.0000,0.0000,0.0000,0.0000,1788740321.265
7.582,1.2000,5.0000,0.0000,0.0000,0.0000,1788740321.285
7.603,1.2000,5.0000,0.0000,0.0000,0.0000,1788740321.305
7.623,1.2000,5.0000,0.0000,0.0000,0.0000,1788740321.325
7.643,1.2000,5.0000,0.0000,0.0000,0.0000,1788740321.345
7.663,1.2000,5.0000,0.0000,0.0000,0.0000,1788740321.365
7.683,1.2000,5.0000,0.0000,0.0000,0.0000,1788740321.385
7.702,1.2000,5.0000,0.0000,0.0000,0.0000,1788740321.405
7.723,1.2000,5.0000,0.0000,0.0000,0.0000,1788740321.425
7.742,1.2000,5.0000,0.0000,0.0000,0.0000,1788740321.445
7.763,1.2000,5.0000,0.0000,0.0000,0.0000,1788740321.465
7.782,1.2000,5.0000,0.0000,0.0000,0.0000,1788740321.485
7.802,1.2000,5.0000,0.0000,0.0000,0.0000,1788740321.505
7.822,1.2000,5.0000,0.0000,0.0000,0.0000,1788740321.525
7.842,1.2000,5.0000,0.0000,0.0000,0.0000,1788740321.545
7.862,1.2000,5.0000,0.0000,0.0000,0.0000,1788740321.565
7.885,1.2000,5.0000,0.0000,0.0000,0.0000,1788740321.587
7.902,1.2000,5.0000,0.0000,0.0000,0.0000,1788740321.605
7.922,1.2000,5.0000,0.0000,0.0000,0.0000,1788740321.625
7.942,1.2000,5.0000,0.0000,0.0000,0.0000,1788740321.645
7.962,1.2000,5.0000,0.0000,0.0000,0.0000,1788740321.665
7.982,1.2000,5.0000,0.0000,0.0000,0.0000,1788740321.685
8.003,1.2000,5.0000,0.0000,0.0000,0.0000,1788740321.705
8.022,1.2000,5.0000,0.0000,0.0000,0.0000,1788740321.725
8.042,1.2000,5.0000,0.0000,0.0000,0.0000,1788740321.745
8.063,1.2000,5.0000,0.0000,0.0000,0.0000,1788740321.765
8.082,1.2000,5.0000,0.0000,0.0000,0.0000,1788740321.785
8.102,1.2000,5.0000,0.0000,0.0000,0.0000,1788740321.805
8.122,1.2000,5.0000,0.0000,0.0000,0.0000,1788740321.825
8.142,1.2000,5.0000,0.0000,0.0000,0.0000,1788740321.845
8.162,1.2000,5.0000,0.0000,0.0000,0.0000,1788740321.865
8.182,1.2000,5.0000,0.0000,0.0000,0.0000,1788740321.885
8.203,1.2000,5.0000,0.0000,0.0000,0.0000,1788740321.905
8.222,1.2000,5.0000,0.0000,0.0000,0.0000,1788740321.925
8.243,1.2000,5.0000,0.0000,0.0000,0.0000,1788740321.945
8.262,1.2000,5.0000,0.0000,0.0000,0.0000,1788740321.965
8.282,1.2000,5.0000,0.0000,0.0000,0.0000,1788740321.985
8.302,1.2000,5.0000,0.0000,0.0000,0.0000,1788740322.005
8.322,1.2000,5.0000,0.0000,0.0000,0.0000,1788740322.025
8.342,1.2000,5.0000,0.0000,0.0000,0.0000,1788740322.045
8.362,1.2005,5.0000,0.0016,0.0226,0.0803,1788740322.065
8.382,1.2009,5.0000,0.0032,0.0226,0.0803,1788740322.085
8.402,1.2014,5.0000,0.0048,0.0226,0.0803,1788740322.105
8.422,1.2018,5.0000,0.0064,0.0226,0.0803,1788740322.125
8.442,1.2027,5.0000,0.0054,0.0468,-0.0514,1788740322.145
8.463,1.2037,5.0000,0.0044,0.0468,-0.0514,1788740322.165
8.482,1.2046,5.0000,0.0033,0.0468,-0.0514,1788740322.185
8.503,1.2055,5.0000,0.0023,0.0468,-0.0514,1788740322.205
8.523,1.2065,5.0000,0.0013,0.0468,-0.0514,1788740322.225
8.543,1.2078,5.0000,-0.0002,0.0652,-0.0734,1788740322.245
8.562,1.2091,5.0000,-0.0017,0.0652,-0.0734,1788740322.265
8.582,1.2104,5.0000,-0.0031,0.0652,-0.0734,1788740322.285
8.602,1.2117,5.0000,-0.0046,0.0652,-0.0734,1788740322.305
8.622,1.2130,5.0000,-0.0061,0.0652,-0.0734,1788740322.325
8.642,1.2147,5.0000,-0.0073,0.0871,-0.0626,1788740322.345
8.662,1.2165,5.0000,-0.0086,0.0871,-0.0626,1788740322.365
8.682,1.2182,5.0000,-0.0098,0.0871,-0.0626,1788740322.385
8.702,1.2200,4.9999,-0.0111,0.0871,-0.0626,1788740322.405
8.722,1.2217,4.9999,-0.0123,0.0871,-0.0626,1788740322.425
8.742,1.2239,4.9999,-0.0134,0.1084,-0.0546,1788740322.445
8.762,1.2260,4.9999,-0.0145,0.1084,-0.0546,1788740322.465
8.782,1.2282,4.9998,-0.0156,0.1084,-0.0546,1788740322.485
8.802,1.2304,4.9998,-0.0167,0.1084,-0.0546,1788740322.505
8.822,1.2325,4.9997,-0.0178,0.1084,-0.0546,1788740322.525
8.842,1.2351,4.9997,-0.0192,0.1272,-0.0698,1788740322.545
8.863,1.2376,4.9996,-0.0206,0.1272,-0.0698,1788740322.565
8.882,1.2402,4.9996,-0.0220,0.1272,-0.0698,1788740322.585
8.903,1.2427,4.9995,-0.0234,0.1272,-0.0698,1788740322.605
8.923,1.2453,4.9995,-0.0248,0.1272,-0.0698,1788740322.625
8.942,1.2482,4.9994,-0.0274,0.1452,-0.1346,1788740322.645
8.962,1.2511,4.9993,-0.0301,0.1452,-0.1346,1788740322.665
8.982,1.2540,4.9992,-0.0328,0.1452,-0.1346,1788740322.685
9.003,1.2569,4.9991,-0.0355,0.1452,-0.1346,1788740322.705
9.022,1.2598,4.9990,-0.0382,0.1452,-0.1346,1788740322.725
9.042,1.2630,4.9989,-0.0407,0.1604,-0.1250,1788740322.745
9.062,1.2662,4.9987,-0.0432,0.1604,-0.1250,1788740322.765
9.082,1.2694,4.9986,-0.0457,0.1604,-0.1250,1788740322.785
9.102,1.2726,4.9984,-0.0482,0.1604,-0.1250,1788740322.805
9.122,1.2758,4.9983,-0.0507,0.1604,-0.1250,1788740322.825
9.142,1.2793,4.9981,-0.0522,0.1756,-0.0744,1788740322.845
9.163,1.2828,4.9979,-0.0537,0.1756,-0.0744,1788740322.865
9.182,1.2863,4.9977,-0.0552,0.1756,-0.0744,1788740322.885
9.202,1.2898,4.9975,-0.0567,0.1756,-0.0744,1788740322.905
9.222,1.2933,4.9973,-0.0582,0.1756,-0.0744,1788740322.925
9.242,1.2972,4.9971,-0.0589,0.1914,-0.0357,1788740322.945
9.262,1.3010,4.9968,-0.0596,0.1914,-0.0357,1788740322.965
9.283,1.3048,4.9966,-0.0603,0.1914,-0.0357,1788740322.985
9.303,1.3086,4.9964,-0.0610,0.1914,-0.0357,1788740323.005
9.323,1.3124,4.9961,-0.0617,0.1914,-0.0357,1788740323.025
9.342,1.3166,4.9959,-0.0614,0.2076,0.0184,1788740323.045
9.362,1.3207,4.9956,-0.0610,0.2076,0.0184,1788740323.065
9.382,1.3249,4.9954,-0.0606,0.2076,0.0184,1788740323.085
9.402,1.3290,4.9951,-0.0603,0.2076,0.0184,1788740323.105
9.422,1.3332,4.9949,-0.0599,0.2076,0.0184,1788740323.125
9.442,1.3375,4.9946,-0.0589,0.2193,0.0492,1788740323.145
9.462,1.3419,4.9944,-0.0579,0.2193,0.0492,1788740323.165
9.482,1.3463,4.9941,-0.0569,0.2193,0.0492,1788740323.185
9.502,1.3507,4.9939,-0.0559,0.2193,0.0492,1788740323.205
9.523,1.3550,4.9936,-0.0550,0.2193,0.0492,1788740323.225
9.542,1.3597,4.9934,-0.0533,0.2336,0.0812,1788740323.245
9.562,1.3644,4.9931,-0.0517,0.2336,0.0812,1788740323.265
9.582,1.3690,4.9929,-0.0501,0.2336,0.0812,1788740323.285
9.602,1.3737,4.9927,-0.0485,0.2336,0.0812,1788740323.305
9.622,1.3784,4.9925,-0.0468,0.2336,0.0812,1788740323.325
9.642,1.3834,4.9922,-0.0441,0.2514,0.1349,1788740323.345
9.662,1.3884,4.9920,-0.0414,0.2514,0.1349,1788740323.365
9.682,1.3934,4.9918,-0.0387,0.2514,0.1349,1788740323.385
9.703,1.3985,4.9917,-0.0360,0.2514,0.1349,1788740323.405
9.722,1.4035,4.9915,-0.0333,0.2514,0.1349,1788740323.425
9.742,1.4088,4.9913,-0.0309,0.2662,0.1238,1788740323.445
9.762,1.4141,4.9912,-0.0284,0.2662,0.1238,1788740323.465
9.782,1.4195,4.9910,-0.0259,0.2662,0.1238,1788740323.485
9.802,1.4248,4.9909,-0.0234,0.2662,0.1238,1788740323.505
9.823,1.4301,4.9908,-0.0210,0.2662,0.1238,1788740323.525
9.842,1.4357,4.9907,-0.0194,0.2807,0.0770,1788740323.545
9.863,1.4413,4.9906,-0.0179,0.2807,0.0770,1788740323.565
9.882,1.4469,4.9905,-0.0163,0.2807,0.0770,1788740323.585
9.902,1.4526,4.9904,-0.0148,0.2807,0.0770,1788740323.605
9.922,1.4582,4.9903,-0.0133,0.2807,0.0770,1788740323.625
9.942,1.4641,4.9903,-0.0120,0.2975,0.0608,1788740323.645
9.962,1.4701,4.9902,-0.0108,0.2975,0.0608,1788740323.665
9.982,1.4760,4.9901,-0.0096,0.2975,0.0608,1788740323.685
10.002,1.4820,4.9901,-0.0084,0.2975,0.0608,1788740323.705
10.022,1.4879,4.9901,-0.0072,0.2975,0.0608,1788740323.725
10.043,1.4942,4.9900,-0.0061,0.3124,0.0558,1788740323.745
10.063,1.5004,4.9900,-0.0050,0.3124,0.0558,1788740323.765
10.082,1.5067,4.9900,-0.0038,0.3124,0.0558,1788740323.785
10.102,1.5129,4.9899,-0.0027,0.3124,0.0558,1788740323.805
10.122,1.5192,4.9899,-0.0016,0.3124,0.0558,1788740323.825
10.142,1.5257,4.9899,-0.0005,0.3266,0.0530,1788740323.845
10.162,1.5322,4.9899,0.0005,0.3266,0.0530,1788740323.865
10.182,1.5388,4.9899,0.0016,0.3266,0.0530,1788740323.885
10.202,1.5453,4.9900,0.0026,0.3266,0.0530,1788740323.905
10.222,1.5518,4.9900,0.0037,0.3266,0.0530,1788740323.925
10.242,1.5587,4.9900,0.0037,0.3438,-0.0015,1788740323.945
10.262,1.5656,4.9900,0.0036,0.3438,-0.0015,1788740323.965
10.282,1.5725,4.9901,0.0036,0.3438,-0.0015,1788740323.985
10.302,1.5793,4.9901,0.0036,0.3438,-0.0015,1788740324.005
10.323,1.5862,4.9901,0.0036,0.3438,-0.0015,1788740324.025
10.343,1.5935,4.9901,0.0045,0.3644,0.0461,1788740324.045
10.362,1.6008,4.9902,0.0054,0.3644,0.0461,1788740324.065
10.383,1.6081,4.9902,0.0063,0.3644,0.0461,1788740324.085
10.403,1.6154,4.9903,0.0072,0.3644,0.0461,1788740324.105
10.422,1.6227,4.9903,0.0082,0.3644,0.0461,1788740324.125
10.442,1.6302,4.9904,0.0087,0.3759,0.0255,1788740324.145
10.462,1.6377,4.9905,0.0092,0.3759,0.0255,1788740324.165
10.482,1.6452,4.9905,0.0097,0.3759,0.0255,1788740324.185
10.502,1.6527,4.9906,0.0102,0.3759,0.0255,1788740324.205
10.522,1.6602,4.9907,0.0107,0.3759,0.0255,1788740324.225
10.542,1.6678,4.9908,0.0113,0.3758,0.0294,1788740324.245
10.562,1.6753,4.9909,0.0119,0.3758,0.0294,1788740324.265
10.582,1.6828,4.9910,0.0125,0.3758,0.0294,1788740324.285
10.602,1.6903,4.9911,0.0131,0.3758,0.0294,1788740324.305
10.623,1.6978,4.9912,0.0137,0.3758,0.0294,1788740324.325
10.642,1.7056,4.9913,0.0150,0.3886,0.0671,1788740324.345
10.663,1.7134,4.9914,0.0163,0.3886,0.0671,1788740324.365
10.683,1.7211,4.9916,0.0177,0.3886,0.0671,1788740324.386
10.702,1.7289,4.9917,0.0190,0.3886,0.0671,1788740324.405
10.722,1.7367,4.9919,0.0204,0.3886,0.0671,1788740324.425
10.742,1.7445,4.9920,0.0215,0.3908,0.0572,1788740324.445
10.762,1.7523,4.9922,0.0227,0.3908,0.0572,1788740324.465
10.782,1.7601,4.9924,0.0238,0.3908,0.0572,1788740324.485
10.802,1.7679,4.9926,0.0249,0.3908,0.0572,1788740324.505
10.823,1.7757,4.9928,0.0261,0.3908,0.0572,1788740324.525
10.842,1.7835,4.9930,0.0269,0.3863,0.0415,1788740324.545
10.862,1.7912,4.9932,0.0277,0.3863,0.0415,1788740324.565
10.882,1.7989,4.9934,0.0286,0.3863,0.0415,1788740324.585
10.902,1.8066,4.9937,0.0294,0.3863,0.0415,1788740324.605
10.923,1.8144,4.9939,0.0302,0.3863,0.0415,1788740324.625
10.942,1.8221,4.9941,0.0302,0.3892,-0.0012,1788740324.645
10.962,1.8299,4.9944,0.0302,0.3892,-0.0012,1788740324.665
10.982,1.8377,4.9946,0.0302,0.3892,-0.0012,1788740324.685
11.002,1.8455,4.9948,0.0301,0.3892,-0.0012,1788740324.705
11.022,1.8533,4.9951,0.0301,0.3892,-0.0012,1788740324.725
11.042,1.8610,4.9953,0.0285,0.3896,-0.0822,1788740324.745
11.062,1.8688,4.9955,0.0268,0.3896,-0.0822,1788740324.765
11.082,1.8766,4.9957,0.0252,0.3896,-0.0822,1788740324.785
11.103,1.8844,4.9959,0.0235,0.3896,-0.0822,1788740324.805
11.122,1.8922,4.9961,0.0219,0.3896,-0.0822,1788740324.825
11.142,1.9000,4.9962,0.0201,0.3899,-0.0917,1788740324.845
11.162,1.9078,4.9963,0.0182,0.3899,-0.0917,1788740324.865
11.182,1.9156,4.9965,0.0164,0.3899,-0.0917,1788740324.885
11.202,1.9234,4.9966,0.0146,0.3899,-0.0917,1788740324.905
11.222,1.9312,4.9967,0.0127,0.3899,-0.0917,1788740324.925
11.242,1.9389,4.9968,0.0111,0.3849,-0.0829,1788740324.945
11.262,1.9466,4.9968,0.0094,0.3849,-0.0829,1788740324.965
11.282,1.9543,4.9969,0.0078,0.3849,-0.0829,1788740324.985
11.302,1.9620,4.9970,0.0061,0.3849,-0.0829,1788740325.005
11.322,1.9697,4.9970,0.0044,0.3849,-0.0829,1788740325.025
11.342,1.9772,4.9970,0.0028,0.3782,-0.0846,1788740325.045
11.363,1.9848,4.9970,0.0011,0.3782,-0.0846,1788740325.065
11.382,1.9924,4.9970,-0.0006,0.3782,-0.0846,1788740325.085
11.402,1.9999,4.9970,-0.0023,0.3782,-0.0846,1788740325.105
11.422,2.0075,4.9970,-0.0040,0.3782,-0.0846,1788740325.125
11.442,2.0154,4.9969,-0.0051,0.3932,-0.0551,1788740325.145
11.462,2.0232,4.9969,-0.0062,0.3932,-0.0551,1788740325.165
11.482,2.0311,4.9968,-0.0073,0.3932,-0.0551,1788740325.185
11.502,2.0389,4.9968,-0.0084,0.3932,-0.0551,1788740325.205
11.522,2.0468,4.9967,-0.0095,0.3932,-0.0551,1788740325.225
11.542,2.0547,4.9966,-0.0109,0.3933,-0.0674,1788740325.245
11.562,2.0625,4.9965,-0.0122,0.3933,-0.0674,1788740325.265
11.582,2.0704,4.9964,-0.0136,0.3933,-0.0674,1788740325.285
11.602,2.0783,4.9963,-0.0149,0.3933,-0.0674,1788740325.305
11.622,2.0861,4.9961,-0.0163,0.3933,-0.0674,1788740325.325
11.642,2.0940,4.9960,-0.0179,0.3911,-0.0831,1788740325.345
11.662,2.1018,4.9958,-0.0196,0.3911,-0.0831,1788740325.365
11.682,2.1096,4.9957,-0.0213,0.3911,-0.0831,1788740325.385
11.703,2.1174,4.9955,-0.0229,0.3911,-0.0831,1788740325.405
11.723,2.1252,4.9953,-0.0246,0.3911,-0.0831,1788740325.425
11.742,2.1331,4.9951,-0.0256,0.3930,-0.0502,1788740325.445
11.762,2.1410,4.9949,-0.0266,0.3930,-0.0502,1788740325.465
11.782,2.1488,4.9947,-0.0276,0.3930,-0.0502,1788740325.485
11.802,2.1567,4.9945,-0.0286,0.3930,-0.0502,1788740325.505
11.822,2.1645,4.9942,-0.0296,0.3930,-0.0502,1788740325.525
11.842,2.1724,4.9940,-0.0302,0.3915,-0.0307,1788740325.545
11.862,2.1802,4.9937,-0.0308,0.3915,-0.0307,1788740325.565
11.882,2.1880,4.9935,-0.0314,0.3915,-0.0307,1788740325.585
11.902,2.1958,4.9933,-0.0321,0.3915,-0.0307,1788740325.605
11.922,2.2037,4.9930,-0.0327,0.3915,-0.0307,1788740325.625
11.942,2.2114,4.9927,-0.0328,0.3872,-0.0084,1788740325.645
11.962,2.2191,4.9925,-0.0330,0.3872,-0.0084,1788740325.665
11.982,2.2269,4.9922,-0.0332,0.3872,-0.0084,1788740325.685
12.002,2.2346,4.9920,-0.0333,0.3872,-0.0084,1788740325.705
12.022,2.2424,4.9917,-0.0335,0.3872,-0.0084,1788740325.725
12.042,2.2499,4.9915,-0.0333,0.3791,0.0096,1788740325.745
12.062,2.2575,4.9912,-0.0331,0.3791,0.0096,1788740325.765
12.082,2.2651,4.9910,-0.0329,0.3791,0.0096,1788740325.785
12.102,2.2727,4.9907,-0.0327,0.3791,0.0096,1788740325.805
12.123,2.2802,4.9905,-0.0325,0.3791,0.0096,1788740325.825
12.143,2.2879,4.9902,-0.0329,0.3854,-0.0173,1788740325.845
12.163,2.2957,4.9900,-0.0332,0.3854,-0.0173,1788740325.865
12.182,2.3034,4.9897,-0.0336,0.3854,-0.0173,1788740325.885
12.202,2.3111,4.9894,-0.0339,0.3854,-0.0173,1788740325.905
12.222,2.3188,4.9892,-0.0343,0.3854,-0.0173,1788740325.925
12.242,2.3266,4.9889,-0.0342,0.3898,0.0020,1788740325.945
12.262,2.3344,4.9886,-0.0342,0.3898,0.0020,1788740325.965
12.282,2.3421,4.9884,-0.0342,0.3898,0.0020,1788740325.985
12.302,2.3499,4.9881,-0.0341,0.3898,0.0020,1788740326.005
12.322,2.3577,4.9878,-0.0341,0.3898,0.0020,1788740326.025
12.342,2.3656,4.9876,-0.0331,0.3926,0.0513,1788740326.045
12.362,2.3734,4.9873,-0.0320,0.3926,0.0513,1788740326.065
12.383,2.3813,4.9871,-0.0310,0.3926,0.0513,1788740326.085
12.402,2.3891,4.9868,-0.0300,0.3926,0.0513,1788740326.105
12.422,2.3970,4.9866,-0.0290,0.3926,0.0513,1788740326.125
12.443,2.4049,4.9864,-0.0281,0.3956,0.0428,1788740326.145
12.462,2.4128,4.9862,-0.0272,0.3956,0.0428,1788740326.165
12.482,2.4207,4.9860,-0.0264,0.3956,0.0428,1788740326.185
12.502,2.4286,4.9858,-0.0255,0.3956,0.0428,1788740326.205
12.523,2.4365,4.9856,-0.0247,0.3956,0.0428,1788740326.225
12.542,2.4443,4.9854,-0.0231,0.3882,0.0799,1788740326.245
12.562,2.4520,4.9852,-0.0215,0.3882,0.0799,1788740326.265
12.582,2.4598,4.9851,-0.0199,0.3882,0.0799,1788740326.285
12.602,2.4676,4.9849,-0.0183,0.3882,0.0799,1788740326.305
12.622,2.4753,4.9848,-0.0167,0.3882,0.0799,1788740326.325
12.642,2.4832,4.9847,-0.0149,0.3941,0.0872,1788740326.345
12.663,2.4911,4.9846,-0.0132,0.3941,0.0872,1788740326.365
12.682,2.4990,4.9845,-0.0115,0.3941,0.0872,1788740326.385
12.702,2.5069,4.9844,-0.0097,0.3941,0.0872,1788740326.405
12.723,2.5147,4.9844,-0.0080,0.3941,0.0872,1788740326.425
12.742,2.5221,4.9843,-0.0060,0.3708,0.0985,1788740326.445
12.762,2.5296,4.9843,-0.0040,0.3708,0.0985,1788740326.465
12.782,2.5370,4.9843,-0.0021,0.3708,0.0985,1788740326.485
12.802,2.5444,4.9843,-0.0001,0.3708,0.0985,1788740326.505
12.822,2.5518,4.9843,0.0019,0.3708,0.0985,1788740326.525
12.842,2.5594,4.9843,0.0038,0.3804,0.0968,1788740326.545
12.863,2.5670,4.9844,0.0058,0.3804,0.0968,1788740326.565
12.883,2.5746,4.9844,0.0077,0.3804,0.0968,1788740326.585
12.902,2.5822,4.9845,0.0096,0.3804,0.0968,1788740326.605
12.922,2.5899,4.9846,0.0116,0.3804,0.0968,1788740326.625
12.942,2.5977,4.9847,0.0129,0.3906,0.0665,1788740326.645
12.962,2.6055,4.9848,0.0142,0.3906,0.0665,1788740326.665
12.982,2.6133,4.9849,0.0155,0.3906,0.0665,1788740326.685
13.002,2.6211,4.9850,0.0169,0.3906,0.0665,1788740326.705
13.022,2.6289,4.9852,0.0182,0.3906,0.0665,1788740326.725
13.042,2.6367,4.9853,0.0194,0.3897,0.0592,1788740326.745
13.062,2.6445,4.9855,0.0206,0.3897,0.0592,1788740326.765
13.082,2.6523,4.9857,0.0218,0.3897,0.0592,1788740326.785
13.102,2.6601,4.9858,0.0229,0.3897,0.0592,1788740326.805
13.122,2.6679,4.9860,0.0241,0.3897,0.0592,1788740326.825
13.142,2.6757,4.9862,0.0251,0.3933,0.0481,1788740326.845
13.162,2.6836,4.9864,0.0261,0.3933,0.0481,1788740326.865
13.182,2.6915,4.9866,0.0270,0.3933,0.0481,1788740326.885
13.203,2.6993,4.9869,0.0280,0.3933,0.0481,1788740326.905
13.222,2.7072,4.9871,0.0289,0.3933,0.0481,1788740326.925
13.243,2.7150,4.9873,0.0303,0.3906,0.0683,1788740326.945
13.263,2.7228,4.9876,0.0317,0.3906,0.0683,1788740326.965
13.282,2.7306,4.9878,0.0330,0.3906,0.0683,1788740326.985
13.302,2.7384,4.9881,0.0344,0.3906,0.0683,1788740327.005
13.322,2.7462,4.9884,0.0358,0.3906,0.0683,1788740327.025
13.342,2.7541,4.9887,0.0360,0.3928,0.0135,1788740327.045
13.362,2.7619,4.9889,0.0363,0.3928,0.0135,1788740327.065
13.382,2.7698,4.9892,0.0366,0.3928,0.0135,1788740327.085
13.402,2.7776,4.9895,0.0369,0.3928,0.0135,1788740327.105
13.422,2.7855,4.9898,0.0371,0.3928,0.0135,1788740327.125
13.442,2.7933,4.9901,0.0372,0.3904,0.0025,1788740327.145
13.462,2.8011,4.9904,0.0372,0.3904,0.0025,1788740327.165
13.482,2.8089,4.9907,0.0373,0.3904,0.0025,1788740327.185
13.502,2.8167,4.9910,0.0373,0.3904,0.0025,1788740327.205
13.522,2.8245,4.9913,0.0374,0.3904,0.0025,1788740327.225
13.543,2.8323,4.9916,0.0364,0.3880,-0.0505,1788740327.245
13.563,2.8400,4.9918,0.0353,0.3880,-0.0505,1788740327.265
13.583,2.8478,4.9921,0.0343,0.3880,-0.0505,1788740327.285
13.603,2.8555,4.9924,0.0333,0.3880,-0.0505,1788740327.305
13.622,2.8633,4.9926,0.0323,0.3880,-0.0505,1788740327.325
13.642,2.8711,4.9928,0.0305,0.3922,-0.0894,1788740327.345
13.662,2.8790,4.9931,0.0287,0.3922,-0.0894,1788740327.365
13.682,2.8868,4.9933,0.0270,0.3922,-0.0894,1788740327.385
13.702,2.8946,4.9935,0.0252,0.3922,-0.0894,1788740327.405
13.722,2.9025,4.9937,0.0234,0.3922,-0.0894,1788740327.425
13.742,2.9102,4.9938,0.0217,0.3854,-0.0847,1788740327.445
13.762,2.9179,4.9940,0.0200,0.3854,-0.0847,1788740327.465
13.782,2.9256,4.9941,0.0183,0.3854,-0.0847,1788740327.485
13.803,2.9333,4.9942,0.0166,0.3854,-0.0847,1788740327.505
13.823,2.9410,4.9944,0.0149,0.3854,-0.0847,1788740327.525
13.842,2.9487,4.9945,0.0136,0.3860,-0.0632,1788740327.545
13.862,2.9565,4.9946,0.0124,0.3860,-0.0632,1788740327.565
13.882,2.9642,4.9947,0.0111,0.3860,-0.0632,1788740327.585
13.902,2.9719,4.9947,0.0099,0.3860,-0.0632,1788740327.605
13.922,2.9796,4.9948,0.0086,0.3860,-0.0632,1788740327.625
13.942,2.9874,4.9949,0.0080,0.3893,-0.0292,1788740327.645
13.962,2.9952,4.9949,0.0074,0.3893,-0.0292,1788740327.665
13.982,3.0030,4.9950,0.0068,0.3893,-0.0292,1788740327.685
14.002,3.0108,4.9950,0.0062,0.3893,-0.0292,1788740327.705
14.022,3.0185,4.9951,0.0057,0.3893,-0.0292,1788740327.725
14.042,3.0264,4.9951,0.0064,0.3921,0.0358,1788740327.745
14.063,3.0342,4.9952,0.0071,0.3921,0.0358,1788740327.765
14.082,3.0421,4.9952,0.0078,0.3921,0.0358,1788740327.785
14.103,3.0499,4.9953,0.0085,0.3921,0.0358,1788740327.805
14.123,3.0577,4.9954,0.0092,0.3921,0.0358,1788740327.825
14.142,3.0655,4.9954,0.0099,0.3871,0.0325,1788740327.845
14.162,3.0732,4.9955,0.0105,0.3871,0.0325,1788740327.865
14.182,3.0810,4.9956,0.0112,0.3871,0.0325,1788740327.885
14.202,3.0887,4.9957,0.0118,0.3871,0.0325,1788740327.905
14.222,3.0964,4.9958,0.0125,0.3871,0.0325,1788740327.925
14.243,3.1042,4.9959,0.0134,0.3871,0.0452,1788740327.945
14.262,3.1119,4.9960,0.0143,0.3871,0.0452,1788740327.965
14.282,3.1197,4.9961,0.0152,0.3871,0.0452,1788740327.985
14.302,3.1274,4.9963,0.0161,0.3871,0.0452,1788740328.005
14.322,3.1352,4.9964,0.0170,0.3871,0.0452,1788740328.025
14.342,3.1429,4.9965,0.0174,0.3874,0.0195,1788740328.045
14.362,3.1507,4.9967,0.0178,0.3874,0.0195,1788740328.065
14.382,3.1584,4.9968,0.0182,0.3874,0.0195,1788740328.085
14.402,3.1661,4.9969,0.0186,0.3874,0.0195,1788740328.105
14.422,3.1739,4.9971,0.0190,0.3874,0.0195,1788740328.125
14.442,3.1816,4.9972,0.0200,0.3830,0.0501,1788740328.145
14.462,3.1892,4.9974,0.0210,0.3830,0.0501,1788740328.165
14.482,3.1969,4.9976,0.0220,0.3830,0.0501,1788740328.185
14.502,3.2045,4.9977,0.0230,0.3830,0.0501,1788740328.205
14.522,3.2122,4.9979,0.0240,0.3830,0.0501,1788740328.225
14.542,3.2199,4.9981,0.0239,0.3863,-0.0041,1788740328.245
14.562,3.2276,4.9983,0.0238,0.3863,-0.0041,1788740328.265
14.582,3.2354,4.9985,0.0237,0.3863,-0.0041,1788740328.285
14.603,3.2431,4.9987,0.0236,0.3863,-0.0041,1788740328.305
14.622,3.2508,4.9988,0.0236,0.3863,-0.0041,1788740328.325
14.642,3.2586,4.9990,0.0236,0.3884,0.0035,1788740328.345
14.662,3.2663,4.9992,0.0237,0.3884,0.0035,1788740328.365
14.682,3.2741,4.9994,0.0238,0.3884,0.0035,1788740328.385
14.702,3.2819,4.9996,0.0238,0.3884,0.0035,1788740328.405
14.722,3.2896,4.9998,0.0239,0.3884,0.0035,1788740328.425
14.743,3.2975,5.0000,0.0231,0.3917,-0.0406,1788740328.445
14.763,3.3053,5.0001,0.0223,0.3917,-0.0406,1788740328.465
14.782,3.3131,5.0003,0.0215,0.3917,-0.0406,1788740328.485
14.802,3.3210,5.0005,0.0207,0.3917,-0.0406,1788740328.505
14.822,3.3288,5.0006,0.0198,0.3917,-0.0406,1788740328.525
14.842,3.3367,5.0008,0.0190,0.3931,-0.0438,1788740328.545
14.862,3.3445,5.0009,0.0181,0.3931,-0.0438,1788740328.565
14.882,3.3524,5.0010,0.0172,0.3931,-0.0438,1788740328.585
14.902,3.3602,5.0012,0.0163,0.3931,-0.0438,1788740328.605
14.922,3.3681,5.0013,0.0155,0.3931,-0.0438,1788740328.625
14.942,3.3759,5.0014,0.0142,0.3912,-0.0612,1788740328.645
14.962,3.3837,5.0015,0.0130,0.3912,-0.0612,1788740328.665
14.982,3.3916,5.0016,0.0118,0.3912,-0.0612,1788740328.685
15.003,3.3994,5.0017,0.0106,0.3912,-0.0612,1788740328.705
15.023,3.4072,5.0018,0.0094,0.3912,-0.0612,1788740328.725
15.043,3.4150,5.0018,0.0080,0.3897,-0.0665,1788740328.745
15.063,3.4228,5.0019,0.0067,0.3897,-0.0665,1788740328.765
15.083,3.4306,5.0019,0.0054,0.3897,-0.0665,1788740328.785
15.102,3.4384,5.0019,0.0040,0.3897,-0.0665,1788740328.805
15.122,3.4462,5.0020,0.0027,0.3897,-0.0665,1788740328.825
15.142,3.4538,5.0020,0.0012,0.3785,-0.0773,1788740328.845
15.162,3.4613,5.0020,-0.0004,0.3785,-0.0773,1788740328.865
15.182,3.4689,5.0020,-0.0019,0.3785,-0.0773,1788740328.885
15.202,3.4765,5.0019,-0.0035,0.3785,-0.0773,1788740328.905
15.222,3.4840,5.0019,-0.0050,0.3785,-0.0773,1788740328.925
15.243,3.4918,5.0018,-0.0063,0.3861,-0.0658,1788740328.945
15.262,3.4995,5.0018,-0.0077,0.3861,-0.0658,1788740328.965
15.282,3.5072,5.0017,-0.0090,0.3861,-0.0658,1788740328.985
15.302,3.5149,5.0016,-0.0103,0.3861,-0.0658,1788740329.005
15.323,3.5226,5.0015,-0.0116,0.3861,-0.0658,1788740329.025
15.343,3.5305,5.0014,-0.0120,0.3905,-0.0193,1788740329.045
15.363,3.5383,5.0014,-0.0124,0.3905,-0.0193,1788740329.065
15.382,3.5461,5.0013,-0.0128,0.3905,-0.0193,1788740329.085
15.402,3.5539,5.0011,-0.0131,0.3905,-0.0193,1788740329.105
15.423,3.5617,5.0010,-0.0135,0.3905,-0.0193,1788740329.125
15.443,3.5695,5.0009,-0.0134,0.3884,0.0052,1788740329.145
15.462,3.5772,5.0008,-0.0133,0.3884,0.0052,1788740329.165
15.482,3.5850,5.0007,-0.0132,0.3884,0.0052,1788740329.185
15.502,3.5928,5.0006,-0.0131,0.3884,0.0052,1788740329.205
15.522,3.6005,5.0005,-0.0130,0.3884,0.0052,1788740329.225
15.542,3.6084,5.0004,-0.0121,0.3921,0.0474,1788740329.245
15.562,3.6162,5.0003,-0.0111,0.3921,0.0474,1788740329.265
15.582,3.6240,5.0003,-0.0102,0.3921,0.0474,1788740329.285
15.602,3.6319,5.0002,-0.0092,0.3921,0.0474,1788740329.305
15.622,3.6397,5.0001,-0.0083,0.3921,0.0474,1788740329.325
15.643,3.6475,5.0001,-0.0073,0.3884,0.0486,1788740329.345
15.662,3.6553,5.0000,-0.0063,0.3884,0.0486,1788740329.365
15.682,3.6630,5.0000,-0.0054,0.3884,0.0486,1788740329.385
15.702,3.6708,4.9999,-0.0044,0.3884,0.0486,1788740329.405
15.722,3.6786,4.9999,-0.0034,0.3884,0.0486,1788740329.425
15.743,3.6864,4.9999,-0.0027,0.3914,0.0373,1788740329.445
15.762,3.6942,4.9999,-0.0019,0.3914,0.0373,1788740329.465
15.783,3.7020,4.9999,-0.0012,0.3914,0.0373,1788740329.485
15.802,3.7099,4.9999,-0.0004,0.3914,0.0373,1788740329.505
15.822,3.7177,4.9999,0.0003,0.3914,0.0373,1788740329.525
15.842,3.7255,4.9999,0.0024,0.3884,0.1023,1788740329.545
15.862,3.7332,4.9999,0.0044,0.3884,0.1023,1788740329.565
15.882,3.7410,5.0000,0.0064,0.3884,0.1023,1788740329.585
15.902,3.7488,5.0000,0.0085,0.3884,0.1023,1788740329.605
15.923,3.7565,5.0001,0.0105,0.3884,0.1023,1788740329.625
15.942,3.7644,5.0002,0.0123,0.3947,0.0880,1788740329.645
15.962,3.7723,5.0003,0.0141,0.3947,0.0880,1788740329.665
15.982,3.7802,5.0005,0.0158,0.3947,0.0880,1788740329.685
16.002,3.7881,5.0006,0.0176,0.3947,0.0880,1788740329.705
16.022,3.7960,5.0008,0.0193,0.3947,0.0880,1788740329.725
16.042,3.8039,5.0009,0.0225,0.3921,0.1577,1788740329.745
16.062,3.8117,5.0011,0.0256,0.3921,0.1577,1788740329.765
16.083,3.8195,5.0014,0.0288,0.3921,0.1577,1788740329.785
16.103,3.8274,5.0016,0.0320,0.3921,0.1577,1788740329.805
16.123,3.8352,5.0019,0.0351,0.3921,0.1577,1788740329.825
16.143,3.8428,5.0022,0.0377,0.3787,0.1309,1788740329.845
16.162,3.8503,5.0025,0.0403,0.3787,0.1309,1788740329.865
16.183,3.8579,5.0028,0.0430,0.3787,0.1309,1788740329.885
16.202,3.8655,5.0031,0.0456,0.3787,0.1309,1788740329.905
16.222,3.8730,5.0035,0.0482,0.3787,0.1309,1788740329.925
16.242,3.8808,5.0039,0.0552,0.3899,0.3485,1788740329.945
16.262,3.8886,5.0044,0.0621,0.3899,0.3485,1788740329.965
16.282,3.8964,5.0050,0.0691,0.3899,0.3485,1788740329.985
16.302,3.9042,5.0056,0.0761,0.3899,0.3485,1788740330.005
16.322,3.9119,5.0062,0.0831,0.3899,0.3485,1788740330.025
16.342,3.9197,5.0069,0.0905,0.3877,0.3721,1788740330.045
16.362,3.9274,5.0077,0.0979,0.3877,0.3721,1788740330.065
16.382,3.9351,5.0085,0.1054,0.3877,0.3721,1788740330.085
16.403,3.9428,5.0093,0.1128,0.3877,0.3721,1788740330.105
16.422,3.9505,5.0103,0.1203,0.3877,0.3721,1788740330.125
16.443,3.9583,5.0113,0.1319,0.3945,0.5815,1788740330.145
16.462,3.9661,5.0124,0.1435,0.3945,0.5815,1788740330.165
16.483,3.9739,5.0137,0.1552,0.3945,0.5815,1788740330.185
16.503,3.9817,5.0150,0.1668,0.3945,0.5815,1788740330.205
16.522,3.9895,5.0164,0.1784,0.3945,0.5815,1788740330.225
16.542,3.9971,5.0178,0.1909,0.3888,0.6238,1788740330.245
16.562,4.0047,5.0194,0.2034,0.3888,0.6238,1788740330.265
16.582,4.0123,5.0211,0.2158,0.3888,0.6238,1788740330.285
16.602,4.0199,5.0228,0.2283,0.3888,0.6238,1788740330.305
16.622,4.0274,5.0247,0.2408,0.3888,0.6238,1788740330.325
16.642,4.0350,5.0267,0.2562,0.3924,0.7692,1788740330.345
16.662,4.0426,5.0288,0.2716,0.3924,0.7692,1788740330.365
16.682,4.0501,5.0310,0.2869,0.3924,0.7692,1788740330.385
16.702,4.0576,5.0333,0.3023,0.3924,0.7692,1788740330.405
16.722,4.0651,5.0358,0.3177,0.3924,0.7692,1788740330.425
16.743,4.0725,5.0384,0.3335,0.3922,0.7899,1788740330.445
16.763,4.0798,5.0411,0.3493,0.3922,0.7899,1788740330.465
16.783,4.0872,5.0439,0.3651,0.3922,0.7899,1788740330.485
16.803,4.0944,5.0468,0.3809,0.3922,0.7899,1788740330.505
16.822,4.1017,5.0498,0.3967,0.3922,0.7899,1788740330.525
16.842,4.1087,5.0529,0.4149,0.3852,0.9113,1788740330.545
16.863,4.1157,5.0561,0.4332,0.3852,0.9113,1788740330.565
16.882,4.1227,5.0595,0.4514,0.3852,0.9113,1788740330.585
16.902,4.1295,5.0630,0.4696,0.3852,0.9113,1788740330.605
16.922,4.1363,5.0666,0.4878,0.3852,0.9113,1788740330.625
16.943,4.1431,5.0703,0.5050,0.3849,0.8577,1788740330.645
16.962,4.1497,5.0742,0.5221,0.3849,0.8577,1788740330.665
16.982,4.1563,5.0781,0.5393,0.3849,0.8577,1788740330.685
17.002,4.1629,5.0822,0.5564,0.3849,0.8577,1788740330.705
17.023,4.1693,5.0864,0.5736,0.3849,0.8577,1788740330.725
17.042,4.1693,5.0864,0.5736,0.0000,0.0000,1788740330.745
17.062,4.1693,5.0864,0.5736,0.0000,0.0000,1788740330.765
17.082,4.1693,5.0864,0.5736,0.0000,0.0000,1788740330.785
17.103,4.1693,5.0864,0.5736,0.0000,0.0000,1788740330.805
17.123,4.1693,5.0864,0.5736,0.0000,0.0000,1788740330.825
17.143,4.1696,5.0865,0.5794,0.0160,0.2913,1788740330.845
17.162,4.1699,5.0867,0.5853,0.0160,0.2913,1788740330.865
17.182,4.1701,5.0869,0.5911,0.0160,0.2913,1788740330.885
17.202,4.1704,5.0871,0.5969,0.0160,0.2913,1788740330.905
17.222,4.1707,5.0872,0.6027,0.0160,0.2913,1788740330.925
17.242,4.1711,5.0876,0.6143,0.0271,0.5809,1788740330.945
17.262,4.1716,5.0879,0.6260,0.0271,0.5809,1788740330.965
17.282,4.1720,5.0882,0.6376,0.0271,0.5809,1788740330.985
17.302,4.1724,5.0885,0.6492,0.0271,0.5809,1788740331.005
17.322,4.1729,5.0889,0.6608,0.0271,0.5809,1788740331.025
17.342,4.1734,5.0893,0.6779,0.0335,0.8516,1788740331.045
17.362,4.1739,5.0897,0.6949,0.0335,0.8516,1788740331.065
17.382,4.1744,5.0902,0.7119,0.0335,0.8516,1788740331.085
17.403,4.1749,5.0906,0.7289,0.0335,0.8516,1788740331.105
17.423,4.1754,5.0911,0.7460,0.0335,0.8516,1788740331.125
17.443,4.1760,5.0917,0.7657,0.0449,0.9884,1788740331.145
17.462,4.1767,5.0923,0.7855,0.0449,0.9884,1788740331.165
17.483,4.1773,5.0930,0.8053,0.0449,0.9884,1788740331.185
17.502,4.1779,5.0936,0.8250,0.0449,0.9884,1788740331.205
17.522,4.1785,5.0943,0.8448,0.0449,0.9884,1788740331.225
17.542,4.1792,5.0951,0.8643,0.0546,0.9758,1788740331.245
17.562,4.1799,5.0960,0.8839,0.0546,0.9758,1788740331.265
17.582,4.1806,5.0968,0.9034,0.0546,0.9758,1788740331.285
17.602,4.1812,5.0977,0.9229,0.0546,0.9758,1788740331.305
17.622,4.1819,5.0986,0.9424,0.0546,0.9758,1788740331.325
17.642,4.1825,5.0995,0.9623,0.0576,0.9948,1788740331.345
17.662,4.1832,5.1005,0.9822,0.0576,0.9948,1788740331.365
17.682,4.1838,5.1014,1.0021,0.0576,0.9948,1788740331.385
17.702,4.1844,5.1024,1.0220,0.0576,0.9948,1788740331.405
17.723,4.1850,5.1034,1.0419,0.0576,0.9948,1788740331.425
17.743,4.1857,5.1048,1.0614,0.0770,0.9742,1788740331.445
17.762,4.1865,5.1061,1.0808,0.0770,0.9742,1788740331.465
17.782,4.1872,5.1075,1.1003,0.0770,0.9742,1788740331.485
17.802,4.1878,5.1089,1.1198,0.0770,0.9742,1788740331.505
17.822,4.1885,5.1103,1.1393,0.0770,0.9742,1788740331.525
17.842,4.1893,5.1121,1.1568,0.0985,0.8764,1788740331.545
17.862,4.1900,5.1139,1.1744,0.0985,0.8764,1788740331.565
17.882,4.1908,5.1157,1.1919,0.0985,0.8764,1788740331.585
17.902,4.1914,5.1176,1.2094,0.0985,0.8764,1788740331.605
17.922,4.1921,5.1194,1.2269,0.0985,0.8764,1788740331.625
17.942,4.1929,5.1216,1.2452,0.1165,0.9117,1788740331.645
17.962,4.1936,5.1239,1.2634,0.1165,0.9117,1788740331.665
17.982,4.1942,5.1261,1.2816,0.1165,0.9117,1788740331.685
18.003,4.1949,5.1283,1.2999,0.1165,0.9117,1788740331.705
18.022,4.1954,5.1306,1.3181,0.1165,0.9117,1788740331.725
18.042,4.1961,5.1332,1.3365,0.1347,0.9209,1788740331.745
18.062,4.1966,5.1359,1.3550,0.1347,0.9209,1788740331.765
18.082,4.1972,5.1385,1.3734,0.1347,0.9209,1788740331.785
18.102,4.1976,5.1411,1.3918,0.1347,0.9209,1788740331.805
18.122,4.1981,5.1438,1.4102,0.1347,0.9209,1788740331.825
18.142,4.1985,5.1469,1.4268,0.1544,0.8287,1788740331.845
18.162,4.1989,5.1499,1.4434,0.1544,0.8287,1788740331.865
18.182,4.1993,5.1530,1.4599,0.1544,0.8287,1788740331.885
18.202,4.1995,5.1561,1.4765,0.1544,0.8287,1788740331.905
18.222,4.1998,5.1591,1.4931,0.1544,0.8287,1788740331.925
18.242,4.2000,5.1626,1.5110,0.1735,0.8987,1788740331.945
18.262,4.2001,5.1661,1.5290,0.1735,0.8987,1788740331.965
18.283,4.2002,5.1695,1.5470,0.1735,0.8987,1788740331.985
18.303,4.2002,5.1730,1.5650,0.1735,0.8987,1788740332.005
18.323,4.2002,5.1765,1.5829,0.1735,0.8987,1788740332.025
18.343,4.2001,5.1804,1.5997,0.1935,0.8394,1788740332.045
18.362,4.1999,5.1842,1.6165,0.1935,0.8394,1788740332.065
18.382,4.1997,5.1881,1.6333,0.1935,0.8394,1788740332.085
18.402,4.1994,5.1919,1.6501,0.1935,0.8394,1788740332.105
18.422,4.1990,5.1958,1.6669,0.1935,0.8394,1788740332.125
18.442,4.1985,5.2000,1.6849,0.2116,0.8990,1788740332.145
18.462,4.1979,5.2042,1.7028,0.2116,0.8990,1788740332.165
18.482,4.1973,5.2084,1.7208,0.2116,0.8990,1788740332.185
18.503,4.1966,5.2125,1.7388,0.2116,0.8990,1788740332.205
18.522,4.1958,5.2167,1.7568,0.2116,0.8990,1788740332.225
18.542,4.1949,5.2213,1.7716,0.2330,0.7422,1788740332.245
18.562,4.1939,5.2258,1.7865,0.2330,0.7422,1788740332.265
18.582,4.1928,5.2304,1.8013,0.2330,0.7422,1788740332.285
18.602,4.1917,5.2349,1.8161,0.2330,0.7422,1788740332.305
18.622,4.1905,5.2394,1.8310,0.2330,0.7422,1788740332.325
18.642,4.1891,5.2443,1.8416,0.2535,0.5304,1788740332.345
18.662,4.1877,5.2491,1.8522,0.2535,0.5304,1788740332.365
18.682,4.1863,5.2540,1.8628,0.2535,0.5304,1788740332.385
18.702,4.1848,5.2588,1.8734,0.2535,0.5304,1788740332.405
18.722,4.1832,5.2637,1.8840,0.2535,0.5304,1788740332.425
18.742,4.1815,5.2689,1.8894,0.2748,0.2690,1788740332.445
18.762,4.1797,5.2741,1.8948,0.2748,0.2690,1788740332.465
18.782,4.1780,5.2793,1.9002,0.2748,0.2690,1788740332.485
18.802,4.1762,5.2845,1.9055,0.2748,0.2690,1788740332.505
18.822,4.1743,5.2897,1.9109,0.2748,0.2690,1788740332.525
18.842,4.1724,5.2952,1.9116,0.2938,0.0328,1788740332.545
18.862,4.1704,5.3007,1.9122,0.2938,0.0328,1788740332.565
18.882,4.1684,5.3063,1.9129,0.2938,0.0328,1788740332.585
18.902,4.1664,5.3118,1.9135,0.2938,0.0328,1788740332.605
18.922,4.1645,5.3173,1.9142,0.2938,0.0328,1788740332.625
18.942,4.1624,5.3233,1.9100,0.3143,-0.2078,1788740332.645
18.962,4.1603,5.3292,1.9059,0.3143,-0.2078,1788740332.665
18.982,4.1583,5.3351,1.9017,0.3143,-0.2078,1788740332.685
19.002,4.1562,5.3411,1.8976,0.3143,-0.2078,1788740332.705
19.022,4.1543,5.3471,1.8934,0.3143,-0.2078,1788740332.725
19.042,4.1522,5.3534,1.8891,0.3324,-0.2156,1788740332.745
19.062,4.1501,5.3597,1.8848,0.3324,-0.2156,1788740332.765
19.082,4.1481,5.3660,1.8805,0.3324,-0.2156,1788740332.785
19.103,4.1461,5.3724,1.8762,0.3324,-0.2156,1788740332.805
19.123,4.1441,5.3787,1.8719,0.3324,-0.2156,1788740332.825
19.143,4.1421,5.3854,1.8632,0.3483,-0.4325,1788740332.845
19.162,4.1402,5.3921,1.8546,0.3483,-0.4325,1788740332.865
19.182,4.1383,5.3988,1.8459,0.3483,-0.4325,1788740332.885
19.202,4.1364,5.4055,1.8373,0.3483,-0.4325,1788740332.905
19.223,4.1347,5.4122,1.8286,0.3483,-0.4325,1788740332.925
19.243,4.1329,5.4192,1.8198,0.3575,-0.4403,1788740332.945
19.263,4.1312,5.4261,1.8110,0.3575,-0.4403,1788740332.965
19.283,4.1296,5.4331,1.8022,0.3575,-0.4403,1788740332.985
19.302,4.1280,5.4400,1.7934,0.3575,-0.4403,1788740333.005
19.322,4.1265,5.4470,1.7846,0.3575,-0.4403,1788740333.025
19.342,4.1250,5.4543,1.7748,0.3719,-0.4894,1788740333.045
19.362,4.1235,5.4616,1.7650,0.3719,-0.4894,1788740333.065
19.382,4.1222,5.4689,1.7552,0.3719,-0.4894,1788740333.085
19.402,4.1209,5.4762,1.7454,0.3719,-0.4894,1788740333.105
19.422,4.1196,5.4836,1.7356,0.3719,-0.4894,1788740333.125
19.442,4.1184,5.4912,1.7274,0.3872,-0.4109,1788740333.145
19.462,4.1173,5.4989,1.7192,0.3872,-0.4109,1788740333.165
19.482,4.1162,5.5066,1.7110,0.3872,-0.4109,1788740333.185
19.502,4.1152,5.5142,1.7028,0.3872,-0.4109,1788740333.205
19.523,4.1142,5.5219,1.6946,0.3872,-0.4109,1788740333.225
19.543,4.1134,5.5293,1.6873,0.3716,-0.3613,1788740333.245
19.563,4.1126,5.5367,1.6801,0.3716,-0.3613,1788740333.265
19.583,4.1118,5.5441,1.6729,0.3716,-0.3613,1788740333.285
19.602,4.1111,5.5515,1.6656,0.3716,-0.3613,1788740333.305
19.622,4.1104,5.5589,1.6584,0.3716,-0.3613,1788740333.325
19.642,4.1098,5.5664,1.6533,0.3769,-0.2552,1788740333.345
19.662,4.1092,5.5739,1.6482,0.3769,-0.2552,1788740333.365
19.682,4.1087,5.5814,1.6431,0.3769,-0.2552,1788740333.385
19.702,4.1082,5.5889,1.6380,0.3769,-0.2552,1788740333.405
19.722,4.1077,5.5965,1.6329,0.3769,-0.2552,1788740333.425
19.742,4.1073,5.6041,1.6263,0.3825,-0.3317,1788740333.445
19.762,4.1069,5.6118,1.6196,0.3825,-0.3317,1788740333.465
19.782,4.1066,5.6194,1.6130,0.3825,-0.3317,1788740333.485
19.802,4.1063,5.6270,1.6064,0.3825,-0.3317,1788740333.505
19.822,4.1061,5.6347,1.5997,0.3825,-0.3317,1788740333.525
19.842,4.1059,5.6421,1.5935,0.3702,-0.3118,1788740333.545
19.863,4.1058,5.6495,1.5873,0.3702,-0.3118,1788740333.565
19.883,4.1057,5.6569,1.5810,0.3702,-0.3118,1788740333.585
19.903,4.1057,5.6643,1.5748,0.3702,-0.3118,1788740333.605
19.922,4.1057,5.6717,1.5685,0.3702,-0.3118,1788740333.625
19.942,4.1058,5.6795,1.5581,0.3890,-0.5244,1788740333.645
19.962,4.1060,5.6873,1.5476,0.3890,-0.5244,1788740333.665
19.983,4.1063,5.6950,1.5371,0.3890,-0.5244,1788740333.685
20.002,4.1066,5.7028,1.5266,0.3890,-0.5244,1788740333.705
20.023,4.1070,5.7106,1.5161,0.3890,-0.5244,1788740333.725
20.042,4.1075,5.7185,1.5104,0.3959,-0.2864,1788740333.745
20.062,4.1080,5.7264,1.5047,0.3959,-0.2864,1788740333.765
20.082,4.1086,5.7343,1.4989,0.3959,-0.2864,1788740333.785
20.102,4.1092,5.7422,1.4932,0.3959,-0.2864,1788740333.805
20.122,4.1099,5.7501,1.4875,0.3959,-0.2864,1788740333.825
20.143,4.1105,5.7574,1.4832,0.3665,-0.2160,1788740333.845
20.162,4.1112,5.7647,1.4788,0.3665,-0.2160,1788740333.865
20.182,4.1119,5.7720,1.4745,0.3665,-0.2160,1788740333.885
20.203,4.1126,5.7792,1.4702,0.3665,-0.2160,1788740333.905
20.222,4.1134,5.7865,1.4659,0.3665,-0.2160,1788740333.925
20.243,4.1142,5.7937,1.4641,0.3585,-0.0875,1788740333.945
20.262,4.1149,5.8008,1.4624,0.3585,-0.0875,1788740333.965
20.282,4.1157,5.8079,1.4606,0.3585,-0.0875,1788740333.985
20.302,4.1165,5.8150,1.4589,0.3585,-0.0875,1788740334.005
20.322,4.1174,5.8222,1.4571,0.3585,-0.0875,1788740334.025
20.342,4.1182,5.8290,1.4543,0.3461,-0.1437,1788740334.045
20.362,4.1190,5.8359,1.4514,0.3461,-0.1437,1788740334.065
20.382,4.1198,5.8428,1.4485,0.3461,-0.1437,1788740334.085
20.403,4.1207,5.8496,1.4456,0.3461,-0.1437,1788740334.105
20.422,4.1216,5.8565,1.4428,0.3461,-0.1437,1788740334.125
20.442,4.1223,5.8621,1.4449,0.2793,0.1088,1788740334.145
20.462,4.1230,5.8676,1.4471,0.2793,0.1088,1788740334.165
20.483,4.1236,5.8731,1.4493,0.2793,0.1088,1788740334.185
20.502,4.1243,5.8787,1.4515,0.2793,0.1088,1788740334.205
20.523,4.1250,5.8842,1.4536,0.2793,0.1088,1788740334.225
20.543,4.1256,5.8896,1.4553,0.2696,0.0855,1788740334.245
20.562,4.1262,5.8949,1.4571,0.2696,0.0855,1788740334.265
20.582,4.1268,5.9003,1.4588,0.2696,0.0855,1788740334.285
20.602,4.1274,5.9057,1.4605,0.2696,0.0855,1788740334.305
20.622,4.1280,5.9110,1.4622,0.2696,0.0855,1788740334.325
20.642,4.1285,5.9161,1.4670,0.2528,0.2403,1788740334.345
20.662,4.1290,5.9211,1.4718,0.2528,0.2403,1788740334.365
20.682,4.1295,5.9261,1.4766,0.2528,0.2403,1788740334.385
20.702,4.1299,5.9312,1.4814,0.2528,0.2403,1788740334.405
20.722,4.1303,5.9362,1.4862,0.2528,0.2403,1788740334.425
20.742,4.1306,5.9395,1.4868,0.1635,0.0277,1788740334.445
20.762,4.1309,5.9427,1.4873,0.1635,0.0277,1788740334.465
20.782,4.1312,5.9460,1.4879,0.1635,0.0277,1788740334.485
20.802,4.1314,5.9492,1.4884,0.1635,0.0277,1788740334.505
20.822,4.1317,5.9525,1.4890,0.1635,0.0277,1788740334.525
20.842,4.1318,5.9538,1.4847,0.0639,-0.2120,1788740334.545
20.862,4.1319,5.9550,1.4805,0.0639,-0.2120,1788740334.565
20.882,4.1320,5.9563,1.4763,0.0639,-0.2120,1788740334.585
20.902,4.1322,5.9576,1.4720,0.0639,-0.2120,1788740334.605
20.922,4.1323,5.9588,1.4678,0.0639,-0.2120,1788740334.625
20.943,4.1323,5.9589,1.4587,0.0021,-0.4540,1788740334.645
20.962,4.1323,5.9589,1.4496,0.0021,-0.4540,1788740334.665
20.982,4.1323,5.9590,1.4406,0.0021,-0.4540,1788740334.685
21.002,4.1323,5.9590,1.4315,0.0021,-0.4540,1788740334.705
21.022,4.1323,5.9591,1.4224,0.0021,-0.4540,1788740334.725
21.042,4.1323,5.9591,1.4081,0.0016,-0.7127,1788740334.745
21.062,4.1323,5.9591,1.3939,0.0016,-0.7127,1788740334.765
21.082,4.1324,5.9591,1.3796,0.0016,-0.7127,1788740334.785
21.102,4.1324,5.9592,1.3654,0.0016,-0.7127,1788740334.805
21.122,4.1324,5.9592,1.3511,0.0016,-0.7127,1788740334.825
21.143,4.1324,5.9592,1.3320,0.0011,-0.9540,1788740334.845
21.162,4.1324,5.9593,1.3130,0.0011,-0.9540,1788740334.865
21.183,4.1324,5.9593,1.2939,0.0011,-0.9540,1788740334.885
21.202,4.1324,5.9593,1.2748,0.0011,-0.9540,1788740334.905
21.222,4.1324,5.9593,1.2557,0.0011,-0.9540,1788740334.925
21.243,4.1324,5.9593,1.2365,0.0008,-0.9612,1788740334.945
21.262,4.1324,5.9593,1.2173,0.0008,-0.9612,1788740334.965
21.282,4.1324,5.9594,1.1981,0.0008,-0.9612,1788740334.985
21.302,4.1324,5.9594,1.1788,0.0008,-0.9612,1788740335.005
21.322,4.1324,5.9594,1.1596,0.0008,-0.9612,1788740335.025
21.342,4.1324,5.9594,1.1404,0.0022,-0.9623,1788740335.045
21.362,4.1325,5.9595,1.1211,0.0022,-0.9623,1788740335.065
21.382,4.1325,5.9595,1.1019,0.0022,-0.9623,1788740335.085
21.402,4.1325,5.9595,1.0826,0.0022,-0.9623,1788740335.105
21.422,4.1325,5.9596,1.0634,0.0022,-0.9623,1788740335.125
21.442,4.1325,5.9596,1.0442,0.0016,-0.9580,1788740335.145
21.462,4.1326,5.9596,1.0251,0.0016,-0.9580,1788740335.165
21.483,4.1326,5.9597,1.0059,0.0016,-0.9580,1788740335.186
21.502,4.1326,5.9597,0.9867,0.0016,-0.9580,1788740335.205
21.522,4.1326,5.9597,0.9676,0.0016,-0.9580,1788740335.225
21.542,4.1326,5.9597,0.9486,0.0002,-0.9506,1788740335.245
21.562,4.1326,5.9597,0.9295,0.0002,-0.9506,1788740335.265
21.582,4.1326,5.9597,0.9105,0.0002,-0.9506,1788740335.285
21.602,4.1326,5.9597,0.8915,0.0002,-0.9506,1788740335.305
21.622,4.1326,5.9597,0.8725,0.0002,-0.9506,1788740335.325
21.642,4.1326,5.9598,0.8532,0.0009,-0.9648,1788740335.345
21.662,4.1326,5.9598,0.8339,0.0009,-0.9648,1788740335.365
21.682,4.1327,5.9598,0.8146,0.0009,-0.9648,1788740335.385
21.702,4.1327,5.9598,0.7953,0.0009,-0.9648,1788740335.405
21.722,4.1327,5.9598,0.7760,0.0009,-0.9648,1788740335.425
21.742,4.1327,5.9598,0.7569,0.0009,-0.9565,1788740335.445
21.762,4.1327,5.9598,0.7378,0.0009,-0.9565,1788740335.465
21.782,4.1327,5.9598,0.7186,0.0009,-0.9565,1788740335.485
21.802,4.1327,5.9599,0.6995,0.0009,-0.9565,1788740335.505
21.822,4.1328,5.9599,0.6804,0.0009,-0.9565,1788740335.525
21.842,4.1328,5.9599,0.6611,0.0006,-0.9621,1788740335.545
21.862,4.1328,5.9599,0.6419,0.0006,-0.9621,1788740335.565
21.883,4.1328,5.9599,0.6227,0.0006,-0.9621,1788740335.585
21.902,4.1328,5.9599,0.6034,0.0006,-0.9621,1788740335.605
21.923,4.1328,5.9599,0.5842,0.0006,-0.9621,1788740335.625
21.942,4.1328,5.9599,0.5649,0.0010,-0.9648,1788740335.645
21.963,4.1328,5.9599,0.5456,0.0010,-0.9648,1788740335.665
21.982,4.1329,5.9599,0.5263,0.0010,-0.9648,1788740335.685
22.002,4.1329,5.9599,0.5070,0.0010,-0.9648,1788740335.705
22.022,4.1329,5.9600,0.4877,0.0010,-0.9648,1788740335.725
22.043,4.1329,5.9600,0.4684,0.0006,-0.9661,1788740335.745
22.062,4.1329,5.9600,0.4490,0.0006,-0.9661,1788740335.765
22.083,4.1329,5.9600,0.4297,0.0006,-0.9661,1788740335.785
22.102,4.1329,5.9600,0.4104,0.0006,-0.9661,1788740335.805
22.122,4.1329,5.9600,0.3911,0.0006,-0.9661,1788740335.825
22.142,4.1329,5.9600,0.3717,0.0006,-0.9679,1788740335.845
22.162,4.1330,5.9600,0.3524,0.0006,-0.9679,1788740335.865
22.182,4.1330,5.9600,0.3330,0.0006,-0.9679,1788740335.885
22.202,4.1330,5.9600,0.3137,0.0006,-0.9679,1788740335.905
22.222,4.1330,5.9600,0.2943,0.0006,-0.9679,1788740335.925
22.242,4.1330,5.9600,0.2749,0.0010,-0.9722,1788740335.945
22.262,4.1330,5.9600,0.2554,0.0010,-0.9722,1788740335.965
22.282,4.1331,5.9600,0.2360,0.0010,-0.9722,1788740335.985
22.302,4.1331,5.9600,0.2165,0.0010,-0.9722,1788740336.005
22.322,4.1331,5.9600,0.1971,0.0010,-0.9722,1788740336.025
22.342,4.1331,5.9600,0.1780,0.0005,-0.9559,1788740336.045
22.362,4.1331,5.9600,0.1588,0.0005,-0.9559,1788740336.065
22.382,4.1331,5.9600,0.1397,0.0005,-0.9559,1788740336.085
22.402,4.1331,5.9600,0.1206,0.0005,-0.9559,1788740336.105
22.422,4.1331,5.9600,0.1015,0.0005,-0.9559,1788740336.125
22.442,4.1332,5.9600,0.0831,0.0037,-0.9217,1788740336.145
22.462,4.1333,5.9600,0.0646,0.0037,-0.9217,1788740336.165
22.482,4.1334,5.9600,0.0462,0.0037,-0.9217,1788740336.185
22.502,4.1334,5.9600,0.0278,0.0037,-0.9217,1788740336.205
22.522,4.1335,5.9600,0.0093,0.0037,-0.9217,1788740336.225
22.542,4.1335,5.9600,-0.0085,0.0001,-0.8892,1788740336.245
22.562,4.1335,5.9600,-0.0263,0.0001,-0.8892,1788740336.265
22.582,4.1335,5.9600,-0.0440,0.0001,-0.8892,1788740336.285
22.602,4.1335,5.9600,-0.0618,0.0001,-0.8892,1788740336.305
22.622,4.1335,5.9600,-0.0796,0.0001,-0.8892,1788740336.325
22.642,4.1335,5.9600,-0.0983,0.0001,-0.9323,1788740336.345
22.662,4.1335,5.9600,-0.1169,0.0001,-0.9323,1788740336.365
22.682,4.1335,5.9600,-0.1355,0.0001,-0.9323,1788740336.385
22.703,4.1335,5.9600,-0.1542,0.0001,-0.9323,1788740336.405
22.722,4.1335,5.9600,-0.1728,0.0001,-0.9323,1788740336.425
22.743,4.1335,5.9600,-0.1919,0.0000,-0.9521,1788740336.445
22.762,4.1335,5.9600,-0.2109,0.0000,-0.9521,1788740336.465
22.783,4.1335,5.9600,-0.2300,0.0000,-0.9521,1788740336.485
22.803,4.1335,5.9600,-0.2490,0.0000,-0.9521,1788740336.505
22.823,4.1335,5.9600,-0.2680,0.0000,-0.9521,1788740336.525
22.843,4.1335,5.9600,-0.2863,0.0003,-0.9108,1788740336.545
22.862,4.1335,5.9600,-0.3045,0.0003,-0.9108,1788740336.565
22.883,4.1336,5.9600,-0.3227,0.0003,-0.9108,1788740336.585
22.903,4.1336,5.9600,-0.3409,0.0003,-0.9108,1788740336.605
22.922,4.1336,5.9600,-0.3591,0.0003,-0.9108,1788740336.625
22.942,4.1337,5.9600,-0.3771,0.0047,-0.8962,1788740336.645
22.962,4.1337,5.9600,-0.3950,0.0047,-0.8962,1788740336.665
22.982,4.1338,5.9599,-0.4129,0.0047,-0.8962,1788740336.685
23.003,4.1339,5.9599,-0.4308,0.0047,-0.8962,1788740336.705
23.022,4.1340,5.9598,-0.4488,0.0047,-0.8962,1788740336.725
23.042,4.1345,5.9596,-0.4616,0.0296,-0.6438,1788740336.745
23.062,4.1351,5.9593,-0.4745,0.0296,-0.6438,1788740336.765
23.082,4.1356,5.9590,-0.4874,0.0296,-0.6438,1788740336.785
23.102,4.1361,5.9587,-0.5003,0.0296,-0.6438,1788740336.805
23.122,4.1366,5.9585,-0.5131,0.0296,-0.6438,1788740336.825
23.142,4.1375,5.9579,-0.5249,0.0533,-0.5908,1788740336.845
23.162,4.1384,5.9574,-0.5368,0.0533,-0.5908,1788740336.865
23.182,4.1394,5.9568,-0.5486,0.0533,-0.5908,1788740336.885
23.202,4.1403,5.9563,-0.5604,0.0533,-0.5908,1788740336.905
23.222,4.1412,5.9557,-0.5722,0.0533,-0.5908,1788740336.925
23.242,4.1424,5.9548,-0.5800,0.0766,-0.3884,1788740336.945
23.262,4.1437,5.9540,-0.5877,0.0766,-0.3884,1788740336.965
23.282,4.1450,5.9531,-0.5955,0.0766,-0.3884,1788740336.985
23.302,4.1462,5.9523,-0.6033,0.0766,-0.3884,1788740337.005
23.322,4.1475,5.9514,-0.6111,0.0766,-0.3884,1788740337.025
23.342,4.1491,5.9502,-0.6160,0.0998,-0.2476,1788740337.045
23.362,4.1508,5.9491,-0.6210,0.0998,-0.2476,1788740337.065
23.382,4.1524,5.9479,-0.6259,0.0998,-0.2476,1788740337.085
23.402,4.1540,5.9467,-0.6309,0.0998,-0.2476,1788740337.105
23.422,4.1556,5.9455,-0.6358,0.0998,-0.2476,1788740337.125
23.443,4.1576,5.9441,-0.6389,0.1225,-0.1538,1788740337.145
23.462,4.1595,5.9426,-0.6420,0.1225,-0.1538,1788740337.165
23.482,4.1615,5.9411,-0.6450,0.1225,-0.1538,1788740337.185
23.502,4.1634,5.9397,-0.6481,0.1225,-0.1538,1788740337.205
23.523,4.1654,5.9382,-0.6512,0.1225,-0.1538,1788740337.225
23.542,4.1677,5.9364,-0.6527,0.1447,-0.0771,1788740337.245
23.563,4.1700,5.9346,-0.6543,0.1447,-0.0771,1788740337.265
23.583,4.1723,5.9329,-0.6558,0.1447,-0.0771,1788740337.285
23.602,4.1746,5.9311,-0.6574,0.1447,-0.0771,1788740337.305
23.623,4.1768,5.9293,-0.6589,0.1447,-0.0771,1788740337.325
23.643,4.1795,5.9273,-0.6593,0.1679,-0.0170,1788740337.345
23.662,4.1822,5.9252,-0.6596,0.1679,-0.0170,1788740337.365
23.683,4.1848,5.9232,-0.6599,0.1679,-0.0170,1788740337.385
23.702,4.1875,5.9211,-0.6603,0.1679,-0.0170,1788740337.405
23.722,4.1901,5.9190,-0.6606,0.1679,-0.0170,1788740337.425
23.743,4.1931,5.9167,-0.6598,0.1894,0.0393,1788740337.445
23.763,4.1961,5.9144,-0.6590,0.1894,0.0393,1788740337.465
23.783,4.1991,5.9121,-0.6583,0.1894,0.0393,1788740337.485
23.802,4.2021,5.9098,-0.6575,0.1894,0.0393,1788740337.505
23.822,4.2051,5.9075,-0.6567,0.1894,0.0393,1788740337.525
23.843,4.2084,5.9049,-0.6548,0.2107,0.0945,1788740337.545
23.862,4.2118,5.9023,-0.6529,0.2107,0.0945,1788740337.565
23.882,4.2151,5.8998,-0.6510,0.2107,0.0945,1788740337.585
23.902,4.2185,5.8972,-0.6491,0.2107,0.0945,1788740337.605
23.922,4.2219,5.8947,-0.6472,0.2107,0.0945,1788740337.625
23.942,4.2256,5.8919,-0.6452,0.2318,0.0990,1788740337.645
23.962,4.2293,5.8891,-0.6433,0.2318,0.0990,1788740337.665
23.982,4.2330,5.8864,-0.6413,0.2318,0.0990,1788740337.685
24.002,4.2367,5.8836,-0.6393,0.2318,0.0990,1788740337.705
24.022,4.2404,5.8808,-0.6373,0.2318,0.0990,1788740337.725
24.042,4.2445,5.8778,-0.6366,0.2552,0.0354,1788740337.745
24.063,4.2486,5.8748,-0.6359,0.2552,0.0354,1788740337.765
24.082,4.2527,5.8717,-0.6352,0.2552,0.0354,1788740337.785
24.103,4.2569,5.8687,-0.6345,0.2552,0.0354,1788740337.805
24.123,4.2610,5.8657,-0.6338,0.2552,0.0354,1788740337.825
24.143,4.2654,5.8624,-0.6339,0.2766,-0.0043,1788740337.845
24.162,4.2699,5.8591,-0.6340,0.2766,-0.0043,1788740337.865
24.183,4.2743,5.8559,-0.6340,0.2766,-0.0043,1788740337.885
24.203,4.2788,5.8526,-0.6341,0.2766,-0.0043,1788740337.905
24.223,4.2832,5.8493,-0.6342,0.2766,-0.0043,1788740337.925
24.243,4.2880,5.8458,-0.6353,0.2968,-0.0526,1788740337.946
24.262,4.2928,5.8423,-0.6363,0.2968,-0.0526,1788740337.965
24.283,4.2976,5.8387,-0.6374,0.2968,-0.0526,1788740337.985
24.303,4.3023,5.8352,-0.6384,0.2968,-0.0526,1788740338.005
24.322,4.3071,5.8316,-0.6395,0.2968,-0.0526,1788740338.025
24.342,4.3122,5.8278,-0.6394,0.3193,0.0016,1788740338.045
24.362,4.3174,5.8240,-0.6394,0.3193,0.0016,1788740338.065
24.382,4.3225,5.8202,-0.6394,0.3193,0.0016,1788740338.085
24.402,4.3276,5.8164,-0.6393,0.3193,0.0016,1788740338.105
24.422,4.3327,5.8126,-0.6393,0.3193,0.0016,1788740338.125
24.442,4.3382,5.8085,-0.6382,0.3405,0.0567,1788740338.145
24.462,4.3437,5.8045,-0.6370,0.3405,0.0567,1788740338.165
24.482,4.3492,5.8004,-0.6359,0.3405,0.0567,1788740338.185
24.502,4.3546,5.7964,-0.6348,0.3405,0.0567,1788740338.205
24.522,4.3601,5.7924,-0.6336,0.3405,0.0567,1788740338.225
24.542,4.3660,5.7881,-0.6317,0.3612,0.0987,1788740338.245
24.562,4.3718,5.7838,-0.6297,0.3612,0.0987,1788740338.265
24.582,4.3776,5.7796,-0.6277,0.3612,0.0987,1788740338.285
24.602,4.3835,5.7754,-0.6257,0.3612,0.0987,1788740338.305
24.623,4.3894,5.7712,-0.6238,0.3612,0.0987,1788740338.325
24.642,4.3956,5.7667,-0.6213,0.3837,0.1221,1788740338.345
24.663,4.4018,5.7622,-0.6189,0.3837,0.1221,1788740338.365
24.682,4.4081,5.7578,-0.6164,0.3837,0.1221,1788740338.385
24.702,4.4144,5.7534,-0.6140,0.3837,0.1221,1788740338.405
24.722,4.4207,5.7490,-0.6116,0.3837,0.1221,1788740338.425
24.742,4.4272,5.7444,-0.6094,0.3964,0.1072,1788740338.445
24.763,4.4337,5.7399,-0.6073,0.3964,0.1072,1788740338.465
24.782,4.4402,5.7354,-0.6051,0.3964,0.1072,1788740338.485
24.802,4.4467,5.7309,-0.6030,0.3964,0.1072,1788740338.505
24.822,4.4533,5.7264,-0.6008,0.3964,0.1072,1788740338.525
24.843,4.4598,5.7220,-0.5984,0.3964,0.1244,1788740338.545
24.862,4.4664,5.7175,-0.5959,0.3964,0.1244,1788740338.565
24.882,4.4729,5.7131,-0.5934,0.3964,0.1244,1788740338.585
24.902,4.4795,5.7087,-0.5909,0.3964,0.1244,1788740338.605
24.922,4.4861,5.7043,-0.5884,0.3964,0.1244,1788740338.625
24.942,4.4927,5.6999,-0.5865,0.3956,0.0937,1788740338.645
24.962,4.4993,5.6955,-0.5847,0.3956,0.0937,1788740338.665
24.982,4.5059,5.6912,-0.5828,0.3956,0.0937,1788740338.685
25.002,4.5125,5.6868,-0.5809,0.3956,0.0937,1788740338.705
25.022,4.5192,5.6825,-0.5790,0.3956,0.0937,1788740338.725
25.043,4.5258,5.6782,-0.5776,0.3950,0.0713,1788740338.745
25.062,4.5324,5.6739,-0.5762,0.3950,0.0713,1788740338.765
25.083,4.5390,5.6696,-0.5748,0.3950,0.0713,1788740338.785
25.103,4.5457,5.6653,-0.5733,0.3950,0.0713,1788740338.805
25.122,4.5523,5.6610,-0.5719,0.3950,0.0713,1788740338.825
25.143,4.5590,5.6567,-0.5706,0.3958,0.0651,1788740338.845
25.162,4.5656,5.6525,-0.5693,0.3958,0.0651,1788740338.865
25.182,4.5723,5.6482,-0.5680,0.3958,0.0651,1788740338.885
25.203,4.5790,5.6440,-0.5667,0.3958,0.0651,1788740338.905
25.222,4.5857,5.6397,-0.5654,0.3958,0.0651,1788740338.925
25.243,4.5924,5.6355,-0.5648,0.3961,0.0294,1788740338.945
25.262,4.5991,5.6312,-0.5642,0.3961,0.0294,1788740338.965
25.282,4.6058,5.6270,-0.5636,0.3961,0.0294,1788740338.985
25.302,4.6125,5.6228,-0.5631,0.3961,0.0294,1788740339.005
25.323,4.6192,5.6186,-0.5625,0.3961,0.0294,1788740339.025
25.343,4.6259,5.6143,-0.5615,0.3962,0.0488,1788740339.045
25.362,4.6326,5.6101,-0.5605,0.3962,0.0488,1788740339.065
25.382,4.6393,5.6059,-0.5595,0.3962,0.0488,1788740339.085
25.402,4.6460,5.6017,-0.5586,0.3962,0.0488,1788740339.105
25.422,4.6527,5.5975,-0.5576,0.3962,0.0488,1788740339.125
25.442,4.6595,5.5933,-0.5561,0.3973,0.0758,1788740339.145
25.462,4.6662,5.5891,-0.5546,0.3973,0.0758,1788740339.165
25.482,4.6730,5.5850,-0.5530,0.3973,0.0758,1788740339.185
25.502,4.6798,5.5808,-0.5515,0.3973,0.0758,1788740339.205
25.522,4.6865,5.5767,-0.5500,0.3973,0.0758,1788740339.225
25.542,4.6933,5.5725,-0.5480,0.3967,0.0994,1788740339.245
25.562,4.7001,5.5684,-0.5460,0.3967,0.0994,1788740339.265
25.582,4.7069,5.5643,-0.5440,0.3967,0.0994,1788740339.285
25.602,4.7137,5.5602,-0.5420,0.3967,0.0994,1788740339.305
25.622,4.7205,5.5561,-0.5401,0.3967,0.0994,1788740339.325
25.642,4.7273,5.5521,-0.5382,0.3947,0.0945,1788740339.345
25.662,4.7340,5.5480,-0.5363,0.3947,0.0945,1788740339.365
25.682,4.7408,5.5440,-0.5344,0.3947,0.0945,1788740339.385
25.702,4.7476,5.5400,-0.5325,0.3947,0.0945,1788740339.405
25.722,4.7545,5.5360,-0.5306,0.3947,0.0945,1788740339.425
25.742,4.7613,5.5320,-0.5290,0.3937,0.0784,1788740339.445
25.762,4.7681,5.5281,-0.5275,0.3937,0.0784,1788740339.465
25.783,4.7749,5.5241,-0.5259,0.3937,0.0784,1788740339.485
25.803,4.7817,5.5202,-0.5243,0.3937,0.0784,1788740339.505
25.822,4.7885,5.5163,-0.5228,0.3937,0.0784,1788740339.525
25.842,4.7953,5.5124,-0.5193,0.3931,0.1738,1788740339.545
25.862,4.8022,5.5085,-0.5158,0.3931,0.1738,1788740339.565
25.883,4.8090,5.5046,-0.5123,0.3931,0.1738,1788740339.585
25.902,4.8159,5.5008,-0.5089,0.3931,0.1738,1788740339.605
25.922,4.8228,5.4970,-0.5054,0.3931,0.1738,1788740339.625
25.942,4.8297,5.4932,-0.5026,0.3944,0.1391,1788740339.645
25.963,4.8366,5.4894,-0.4998,0.3944,0.1391,1788740339.665
25.982,4.8435,5.4856,-0.4970,0.3944,0.1391,1788740339.685
26.003,4.8505,5.4819,-0.4943,0.3944,0.1391,1788740339.705
26.022,4.8574,5.4782,-0.4915,0.3944,0.1391,1788740339.725
26.043,4.8644,5.4745,-0.4893,0.3940,0.1065,1788740339.745
26.063,4.8713,5.4708,-0.4872,0.3940,0.1065,1788740339.765
26.082,4.8783,5.4671,-0.4851,0.3940,0.1065,1788740339.785
26.103,4.8853,5.4635,-0.4830,0.3940,0.1065,1788740339.805
26.123,4.8923,5.4598,-0.4808,0.3940,0.1065,1788740339.825
26.142,4.8993,5.4562,-0.4775,0.3950,0.1666,1788740339.845
26.162,4.9063,5.4526,-0.4742,0.3950,0.1666,1788740339.865
26.182,4.9134,5.4490,-0.4708,0.3950,0.1666,1788740339.885
26.202,4.9204,5.4454,-0.4675,0.3950,0.1666,1788740339.905
26.222,4.9275,5.4419,-0.4642,0.3950,0.1666,1788740339.925
26.242,4.9346,5.4384,-0.4605,0.3948,0.1850,1788740339.945
26.262,4.9416,5.4349,-0.4568,0.3948,0.1850,1788740339.965
26.282,4.9487,5.4314,-0.4531,0.3948,0.1850,1788740339.985
26.302,4.9559,5.4280,-0.4494,0.3948,0.1850,1788740340.005
26.322,4.9630,5.4246,-0.4457,0.3948,0.1850,1788740340.025
26.342,4.9701,5.4212,-0.4426,0.3936,0.1523,1788740340.045
26.362,4.9772,5.4179,-0.4396,0.3936,0.1523,1788740340.065
26.382,4.9844,5.4146,-0.4365,0.3936,0.1523,1788740340.085
26.402,4.9915,5.4113,-0.4335,0.3936,0.1523,1788740340.105
26.422,4.9987,5.4080,-0.4304,0.3936,0.1523,1788740340.125
26.442,5.0059,5.4047,-0.4282,0.3955,0.1112,1788740340.145
26.462,5.0131,5.4014,-0.4260,0.3955,0.1112,1788740340.165
26.482,5.0203,5.3982,-0.4238,0.3955,0.1112,1788740340.185
26.502,5.0275,5.3949,-0.4215,0.3955,0.1112,1788740340.205
26.522,5.0347,5.3917,-0.4193,0.3955,0.1112,1788740340.225
26.542,5.0419,5.3885,-0.4165,0.3920,0.1411,1788740340.245
26.562,5.0491,5.3854,-0.4137,0.3920,0.1411,1788740340.265
26.582,5.0562,5.3823,-0.4108,0.3920,0.1411,1788740340.285
26.602,5.0634,5.3791,-0.4080,0.3920,0.1411,1788740340.305
26.622,5.0706,5.3761,-0.4052,0.3920,0.1411,1788740340.325
26.642,5.0778,5.3730,-0.4021,0.3896,0.1558,1788740340.345
26.662,5.0850,5.3700,-0.3990,0.3896,0.1558,1788740340.365
26.682,5.0922,5.3670,-0.3959,0.3896,0.1558,1788740340.385
26.702,5.0994,5.3640,-0.3927,0.3896,0.1558,1788740340.405
26.722,5.1066,5.3610,-0.3896,0.3896,0.1558,1788740340.425
26.742,5.1139,5.3581,-0.3870,0.3942,0.1322,1788740340.445
26.762,5.1212,5.3551,-0.3843,0.3942,0.1322,1788740340.465
26.782,5.1285,5.3522,-0.3817,0.3942,0.1322,1788740340.485
26.803,5.1358,5.3492,-0.3790,0.3942,0.1322,1788740340.505
26.822,5.1432,5.3463,-0.3764,0.3942,0.1322,1788740340.525
26.842,5.1505,5.3435,-0.3735,0.3940,0.1442,1788740340.545
26.862,5.1578,5.3406,-0.3706,0.3940,0.1442,1788740340.565
26.883,5.1652,5.3378,-0.3678,0.3940,0.1442,1788740340.585
26.903,5.1726,5.3350,-0.3649,0.3940,0.1442,1788740340.605
26.923,5.1799,5.3322,-0.3620,0.3940,0.1442,1788740340.625
26.943,5.1873,5.3294,-0.3599,0.3932,0.1051,1788740340.645
26.962,5.1947,5.3267,-0.3578,0.3932,0.1051,1788740340.665
26.982,5.2020,5.3239,-0.3557,0.3932,0.1051,1788740340.685
27.003,5.2094,5.3212,-0.3536,0.3932,0.1051,1788740340.705
27.023,5.2168,5.3185,-0.3515,0.3932,0.1051,1788740340.725
27.043,5.2242,5.3158,-0.3497,0.3945,0.0881,1788740340.745
27.062,5.2316,5.3131,-0.3480,0.3945,0.0881,1788740340.765
27.082,5.2390,5.3104,-0.3462,0.3945,0.0881,1788740340.785
27.102,5.2465,5.3078,-0.3444,0.3945,0.0881,1788740340.805
27.122,5.2539,5.3051,-0.3427,0.3945,0.0881,1788740340.825
27.142,5.2613,5.3025,-0.3411,0.3931,0.0766,1788740340.845
27.162,5.2687,5.2999,-0.3396,0.3931,0.0766,1788740340.865
27.182,5.2761,5.2973,-0.3381,0.3931,0.0766,1788740340.885
27.202,5.2836,5.2947,-0.3365,0.3931,0.0766,1788740340.905
27.222,5.2910,5.2921,-0.3350,0.3931,0.0766,1788740340.925
27.242,5.2983,5.2895,-0.3338,0.3897,0.0578,1788740340.945
27.262,5.3057,5.2870,-0.3327,0.3897,0.0578,1788740340.965
27.283,5.3131,5.2844,-0.3315,0.3897,0.0578,1788740340.985
27.302,5.3205,5.2819,-0.3304,0.3897,0.0578,1788740341.005
27.322,5.3278,5.2794,-0.3292,0.3897,0.0578,1788740341.025
27.343,5.3353,5.2769,-0.3280,0.3922,0.0635,1788740341.045
27.362,5.3427,5.2743,-0.3267,0.3922,0.0635,1788740341.065
27.382,5.3501,5.2718,-0.3254,0.3922,0.0635,1788740341.085
27.402,5.3576,5.2693,-0.3241,0.3922,0.0635,1788740341.105
27.422,5.3650,5.2668,-0.3229,0.3922,0.0635,1788740341.125
27.442,5.3724,5.2644,-0.3216,0.3926,0.0615,1788740341.145
27.462,5.3799,5.2619,-0.3204,0.3926,0.0615,1788740341.165
27.482,5.3873,5.2594,-0.3192,0.3926,0.0615,1788740341.185
27.502,5.3948,5.2570,-0.3179,0.3926,0.0615,1788740341.205
27.522,5.4023,5.2545,-0.3167,0.3926,0.0615,1788740341.225
27.542,5.4098,5.2521,-0.3165,0.3944,0.0120,1788740341.245
27.562,5.4173,5.2496,-0.3162,0.3944,0.0120,1788740341.265
27.582,5.4248,5.2472,-0.3160,0.3944,0.0120,1788740341.285
27.602,5.4323,5.2447,-0.3158,0.3944,0.0120,1788740341.305
27.622,5.4398,5.2423,-0.3155,0.3944,0.0120,1788740341.325
27.643,5.4472,5.2399,-0.3140,0.3907,0.0753,1788740341.345
27.662,5.4546,5.2375,-0.3125,0.3907,0.0753,1788740341.365
27.682,5.4621,5.2351,-0.3110,0.3907,0.0753,1788740341.385
27.703,5.4695,5.2327,-0.3095,0.3907,0.0753,1788740341.405
27.722,5.4770,5.2303,-0.3080,0.3907,0.0753,1788740341.425
27.742,5.4844,5.2280,-0.3053,0.3923,0.1352,1788740341.445
27.763,5.4919,5.2256,-0.3026,0.3923,0.1352,1788740341.465
27.782,5.4994,5.2233,-0.2999,0.3923,0.1352,1788740341.485
27.802,5.5069,5.2210,-0.2972,0.3923,0.1352,1788740341.505
27.822,5.5144,5.2187,-0.2945,0.3923,0.1352,1788740341.525
27.843,5.5219,5.2165,-0.2916,0.3907,0.1423,1788740341.545
27.863,5.5294,5.2143,-0.2888,0.3907,0.1423,1788740341.565
27.882,5.5369,5.2120,-0.2859,0.3907,0.1423,1788740341.585
27.903,5.5444,5.2099,-0.2831,0.3907,0.1423,1788740341.605
27.922,5.5519,5.2077,-0.2802,0.3907,0.1423,1788740341.625
27.943,5.5595,5.2056,-0.2773,0.3918,0.1459,1788740341.645
27.962,5.5670,5.2034,-0.2744,0.3918,0.1459,1788740341.665
27.982,5.5745,5.2013,-0.2715,0.3918,0.1459,1788740341.685
28.002,5.5821,5.1993,-0.2686,0.3918,0.1459,1788740341.705
28.023,5.5897,5.1972,-0.2656,0.3918,0.1459,1788740341.725
28.042,5.5972,5.1952,-0.2623,0.3912,0.1645,1788740341.745
28.062,5.6048,5.1932,-0.2591,0.3912,0.1645,1788740341.765
28.082,5.6124,5.1912,-0.2558,0.3912,0.1645,1788740341.785
28.102,5.6199,5.1892,-0.2525,0.3912,0.1645,1788740341.805
28.122,5.6275,5.1873,-0.2492,0.3912,0.1645,1788740341.825
28.142,5.6351,5.1854,-0.2455,0.3902,0.1867,1788740341.845
28.162,5.6427,5.1835,-0.2417,0.3902,0.1867,1788740341.865
28.182,5.6502,5.1817,-0.2380,0.3902,0.1867,1788740341.885
28.202,5.6578,5.1799,-0.2342,0.3902,0.1867,1788740341.905
28.222,5.6654,5.1781,-0.2305,0.3902,0.1867,1788740341.925
28.242,5.6729,5.1764,-0.2267,0.3844,0.1908,1788740341.945
28.262,5.6804,5.1747,-0.2229,0.3844,0.1908,1788740341.965
28.282,5.6879,5.1730,-0.2191,0.3844,0.1908,1788740341.985
28.302,5.6954,5.1714,-0.2153,0.3844,0.1908,1788740342.005
28.322,5.7029,5.1697,-0.2114,0.3844,0.1908,1788740342.025
28.342,5.7106,5.1681,-0.2078,0.3930,0.1799,1788740342.045
28.362,5.7183,5.1665,-0.2042,0.3930,0.1799,1788740342.065
28.383,5.7260,5.1650,-0.2006,0.3930,0.1799,1788740342.085
28.403,5.7337,5.1634,-0.1970,0.3930,0.1799,1788740342.105
28.422,5.7415,5.1619,-0.1934,0.3930,0.1799,1788740342.125
28.442,5.7492,5.1604,-0.1905,0.3927,0.1476,1788740342.145
28.462,5.7569,5.1590,-0.1875,0.3927,0.1476,1788740342.165
28.482,5.7646,5.1575,-0.1846,0.3927,0.1476,1788740342.185
28.502,5.7723,5.1561,-0.1816,0.3927,0.1476,1788740342.205
28.522,5.7801,5.1547,-0.1787,0.3927,0.1476,1788740342.225
28.542,5.7878,5.1533,-0.1774,0.3930,0.0619,1788740342.245
28.562,5.7955,5.1519,-0.1762,0.3930,0.0619,1788740342.265
28.582,5.8033,5.1506,-0.1750,0.3930,0.0619,1788740342.285
28.602,5.8110,5.1492,-0.1737,0.3930,0.0619,1788740342.305
28.622,5.8188,5.1479,-0.1725,0.3930,0.0619,1788740342.325
28.642,5.8265,5.1465,-0.1728,0.3930,-0.0150,1788740342.345
28.662,5.8343,5.1452,-0.1731,0.3930,-0.0150,1788740342.365
28.683,5.8420,5.1438,-0.1734,0.3930,-0.0150,1788740342.385
28.702,5.8497,5.1424,-0.1737,0.3930,-0.0150,1788740342.405
28.722,5.8575,5.1411,-0.1740,0.3930,-0.0150,1788740342.425
28.742,5.8652,5.1397,-0.1746,0.3922,-0.0298,1788740342.445
28.762,5.8729,5.1384,-0.1752,0.3922,-0.0298,1788740342.465
28.782,5.8807,5.1370,-0.1758,0.3922,-0.0298,1788740342.485
28.802,5.8884,5.1356,-0.1764,0.3922,-0.0298,1788740342.505
28.822,5.8961,5.1342,-0.1770,0.3922,-0.0298,1788740342.525
28.842,5.9037,5.1329,-0.1779,0.3873,-0.0488,1788740342.545
28.862,5.9113,5.1315,-0.1789,0.3873,-0.0488,1788740342.565
28.883,5.9190,5.1301,-0.1799,0.3873,-0.0488,1788740342.585
28.902,5.9266,5.1287,-0.1809,0.3873,-0.0488,1788740342.605
28.922,5.9342,5.1273,-0.1819,0.3873,-0.0488,1788740342.625
28.942,5.9419,5.1259,-0.1821,0.3930,-0.0124,1788740342.645
28.962,5.9497,5.1244,-0.1824,0.3930,-0.0124,1788740342.665
28.982,5.9574,5.1230,-0.1826,0.3930,-0.0124,1788740342.685
29.002,5.9651,5.1216,-0.1828,0.3930,-0.0124,1788740342.705
29.022,5.9729,5.1202,-0.1831,0.3930,-0.0124,1788740342.725
29.042,5.9804,5.1188,-0.1839,0.3844,-0.0421,1788740342.745
29.062,5.9880,5.1173,-0.1848,0.3844,-0.0421,1788740342.765
29.083,5.9955,5.1159,-0.1856,0.3844,-0.0421,1788740342.785
29.102,6.0031,5.1145,-0.1865,0.3844,-0.0421,1788740342.805
29.122,6.0106,5.1131,-0.1873,0.3844,-0.0421,1788740342.825
29.143,6.0182,5.1116,-0.1886,0.3849,-0.0642,1788740342.845
29.162,6.0258,5.1102,-0.1899,0.3849,-0.0642,1788740342.865
29.182,6.0333,5.1087,-0.1912,0.3849,-0.0642,1788740342.885
29.202,6.0409,5.1072,-0.1924,0.3849,-0.0642,1788740342.905
29.222,6.0484,5.1058,-0.1937,0.3849,-0.0642,1788740342.925
29.242,6.0560,5.1043,-0.1943,0.3879,-0.0272,1788740342.945
29.262,6.0636,5.1028,-0.1948,0.3879,-0.0272,1788740342.965
29.282,6.0713,5.1012,-0.1954,0.3879,-0.0272,1788740342.985
29.302,6.0789,5.0997,-0.1959,0.3879,-0.0272,1788740343.005
29.322,6.0865,5.0982,-0.1964,0.3879,-0.0272,1788740343.025
29.342,6.0940,5.0967,-0.1961,0.3849,0.0187,1788740343.045
29.362,6.1016,5.0952,-0.1957,0.3849,0.0187,1788740343.065
29.382,6.1091,5.0937,-0.1953,0.3849,0.0187,1788740343.085
29.403,6.1167,5.0922,-0.1949,0.3849,0.0187,1788740343.105
29.422,6.1242,5.0908,-0.1946,0.3849,0.0187,1788740343.125
29.443,6.1318,5.0893,-0.1927,0.3841,0.0931,1788740343.145
29.462,6.1393,5.0878,-0.1908,0.3841,0.0931,1788740343.165
29.482,6.1469,5.0864,-0.1890,0.3841,0.0931,1788740343.185
29.502,6.1544,5.0850,-0.1871,0.3841,0.0931,1788740343.205
29.522,6.1620,5.0835,-0.1853,0.3841,0.0931,1788740343.225
29.543,6.1697,5.0821,-0.1833,0.3920,0.0977,1788740343.245
29.563,6.1774,5.0807,-0.1813,0.3920,0.0977,1788740343.265
29.582,6.1851,5.0793,-0.1794,0.3920,0.0977,1788740343.285
29.602,6.1928,5.0779,-0.1774,0.3920,0.0977,1788740343.305
29.622,6.2005,5.0765,-0.1755,0.3920,0.0977,1788740343.325
29.642,6.2081,5.0752,-0.1742,0.3838,0.0653,1788740343.345
29.662,6.2156,5.0739,-0.1729,0.3838,0.0653,1788740343.365
29.682,6.2232,5.0726,-0.1716,0.3838,0.0653,1788740343.385
29.702,6.2308,5.0713,-0.1703,0.3838,0.0653,1788740343.405
29.722,6.2383,5.0700,-0.1690,0.3838,0.0653,1788740343.425
29.742,6.2458,5.0687,-0.1675,0.3806,0.0738,1788740343.445
29.762,6.2533,5.0675,-0.1660,0.3806,0.0738,1788740343.465
29.782,6.2609,5.0662,-0.1645,0.3806,0.0738,1788740343.485
29.803,6.2684,5.0650,-0.1631,0.3806,0.0738,1788740343.505
29.823,6.2759,5.0638,-0.1616,0.3806,0.0738,1788740343.525
29.842,6.2835,5.0625,-0.1599,0.3871,0.0823,1788740343.545
29.862,6.2912,5.0613,-0.1583,0.3871,0.0823,1788740343.565
29.882,6.2988,5.0601,-0.1566,0.3871,0.0823,1788740343.585
29.902,6.3065,5.0589,-0.1550,0.3871,0.0823,1788740343.605
29.922,6.3141,5.0577,-0.1533,0.3871,0.0823,1788740343.625
29.942,6.3218,5.0565,-0.1515,0.3879,0.0915,1788740343.645
29.962,6.3295,5.0554,-0.1497,0.3879,0.0915,1788740343.665
29.982,6.3371,5.0542,-0.1479,0.3879,0.0915,1788740343.685
30.002,6.3448,5.0531,-0.1460,0.3879,0.0915,1788740343.705
30.022,6.3525,5.0520,-0.1442,0.3879,0.0915,1788740343.725
30.042,6.3603,5.0509,-0.1420,0.3918,0.1115,1788740343.745
30.062,6.3680,5.0498,-0.1397,0.3918,0.1115,1788740343.765
30.082,6.3758,5.0487,-0.1375,0.3918,0.1115,1788740343.785
30.102,6.3835,5.0477,-0.1353,0.3918,0.1115,1788740343.805
30.122,6.3913,5.0466,-0.1330,0.3918,0.1115,1788740343.825
30.143,6.3990,5.0456,-0.1313,0.3889,0.0896,1788740343.845
30.163,6.4067,5.0446,-0.1295,0.3889,0.0896,1788740343.865
30.182,6.4144,5.0436,-0.1277,0.3889,0.0896,1788740343.885
30.203,6.4222,5.0426,-0.1259,0.3889,0.0896,1788740343.905
30.223,6.4299,5.0417,-0.1241,0.3889,0.0896,1788740343.925
30.243,6.4377,5.0407,-0.1227,0.3932,0.0713,1788740343.946
30.262,6.4455,5.0398,-0.1212,0.3932,0.0713,1788740343.965
30.283,6.4533,5.0388,-0.1198,0.3932,0.0713,1788740343.985
30.302,6.4611,5.0379,-0.1184,0.3932,0.0713,1788740344.005
30.322,6.4689,5.0370,-0.1170,0.3932,0.0713,1788740344.025
30.342,6.4766,5.0361,-0.1166,0.3877,0.0186,1788740344.045
30.362,6.4843,5.0352,-0.1162,0.3877,0.0186,1788740344.065
30.382,6.4920,5.0343,-0.1158,0.3877,0.0186,1788740344.085
30.403,6.4997,5.0334,-0.1155,0.3877,0.0186,1788740344.105
30.423,6.5074,5.0325,-0.1151,0.3877,0.0186,1788740344.125
30.443,6.5152,5.0316,-0.1150,0.3927,0.0071,1788740344.145
30.462,6.5230,5.0307,-0.1148,0.3927,0.0071,1788740344.165
30.482,6.5308,5.0298,-0.1147,0.3927,0.0071,1788740344.185
30.503,6.5386,5.0289,-0.1145,0.3927,0.0071,1788740344.205
30.523,6.5464,5.0280,-0.1144,0.3927,0.0071,1788740344.225
30.542,6.5541,5.0271,-0.1133,0.3863,0.0525,1788740344.245
30.563,6.5618,5.0263,-0.1123,0.3863,0.0525,1788740344.265
30.582,6.5695,5.0254,-0.1112,0.3863,0.0525,1788740344.285
30.602,6.5772,5.0246,-0.1102,0.3863,0.0525,1788740344.305
30.622,6.5848,5.0237,-0.1091,0.3863,0.0525,1788740344.325
30.642,6.5926,5.0229,-0.1072,0.3905,0.0947,1788740344.345
30.662,6.6004,5.0221,-0.1054,0.3905,0.0947,1788740344.365
30.682,6.6081,5.0213,-0.1035,0.3905,0.0947,1788740344.385
30.702,6.6159,5.0205,-0.1016,0.3905,0.0947,1788740344.405
30.722,6.6237,5.0197,-0.0997,0.3905,0.0947,1788740344.425
30.742,6.6314,5.0189,-0.0977,0.3881,0.0977,1788740344.445
30.762,6.6391,5.0182,-0.0958,0.3881,0.0977,1788740344.465
30.782,6.6468,5.0175,-0.0938,0.3881,0.0977,1788740344.485
30.802,6.6546,5.0167,-0.0919,0.3881,0.0977,1788740344.505
30.823,6.6623,5.0161,-0.0899,0.3881,0.0977,1788740344.525
30.842,6.6701,5.0154,-0.0876,0.3913,0.1144,1788740344.545
30.862,6.6779,5.0147,-0.0853,0.3913,0.1144,1788740344.565
30.882,6.6857,5.0141,-0.0830,0.3913,0.1144,1788740344.585
30.903,6.6935,5.0134,-0.0807,0.3913,0.1144,1788740344.605
30.922,6.7013,5.0128,-0.0785,0.3913,0.1144,1788740344.625
30.942,6.7090,5.0122,-0.0757,0.3875,0.1387,1788740344.645
30.962,6.7168,5.0117,-0.0729,0.3875,0.1387,1788740344.665
30.982,6.7245,5.0111,-0.0701,0.3875,0.1387,1788740344.685
31.002,6.7322,5.0106,-0.0674,0.3875,0.1387,1788740344.705
31.023,6.7400,5.0101,-0.0646,0.3875,0.1387,1788740344.725
31.043,6.7477,5.0096,-0.0614,0.3864,0.1581,1788740344.745
31.063,6.7554,5.0092,-0.0583,0.3864,0.1581,1788740344.765
31.082,6.7631,5.0087,-0.0551,0.3864,0.1581,1788740344.785
31.102,6.7708,5.0083,-0.0519,0.3864,0.1581,1788740344.805
31.122,6.7785,5.0080,-0.0488,0.3864,0.1581,1788740344.825
31.142,6.7864,5.0076,-0.0456,0.3937,0.1569,1788740344.845
31.162,6.7943,5.0073,-0.0425,0.3937,0.1569,1788740344.865
31.182,6.8021,5.0070,-0.0394,0.3937,0.1569,1788740344.885
31.202,6.8100,5.0067,-0.0362,0.3937,0.1569,1788740344.905
31.222,6.8179,5.0064,-0.0331,0.3937,0.1569,1788740344.925
31.242,6.8257,5.0062,-0.0297,0.3922,0.1713,1788740344.945
31.262,6.8336,5.0060,-0.0262,0.3922,0.1713,1788740344.965
31.282,6.8414,5.0058,-0.0228,0.3922,0.1713,1788740344.985
31.302,6.8492,5.0056,-0.0194,0.3922,0.1713,1788740345.005
31.322,6.8571,5.0055,-0.0160,0.3922,0.1713,1788740345.025
31.342,6.8649,5.0054,-0.0128,0.3888,0.1566,1788740345.045
31.362,6.8726,5.0053,-0.0097,0.3888,0.1566,1788740345.065
31.382,6.8804,5.0053,-0.0066,0.3888,0.1566,1788740345.085
31.402,6.8882,5.0053,-0.0034,0.3888,0.1566,1788740345.105
31.422,6.8960,5.0053,-0.0003,0.3888,0.1566,1788740345.125
31.442,6.9036,5.0053,0.0007,0.3827,0.0522,1788740345.145
31.462,6.9113,5.0053,0.0018,0.3827,0.0522,1788740345.165
31.482,6.9189,5.0053,0.0028,0.3827,0.0522,1788740345.185
31.502,6.9266,5.0053,0.0039,0.3827,0.0522,1788740345.205
31.522,6.9342,5.0054,0.0049,0.3827,0.0522,1788740345.225
31.542,6.9420,5.0054,0.0062,0.3880,0.0619,1788740345.245
31.562,6.9497,5.0055,0.0074,0.3880,0.0619,1788740345.265
31.582,6.9575,5.0055,0.0086,0.3880,0.0619,1788740345.285
31.602,6.9653,5.0056,0.0099,0.3880,0.0619,1788740345.305
31.622,6.9730,5.0057,0.0111,0.3880,0.0619,1788740345.325
31.643,6.9809,5.0058,0.0111,0.3925,0.0000,1788740345.345
31.663,6.9887,5.0059,0.0111,0.3925,0.0000,1788740345.365
31.683,6.9966,5.0060,0.0111,0.3925,0.0000,1788740345.385
31.702,7.0044,5.0061,0.0111,0.3925,0.0000,1788740345.405
31.722,7.0123,5.0061,0.0111,0.3925,0.0000,1788740345.425
31.743,7.0199,5.0062,0.0104,0.3836,-0.0342,1788740345.446
31.763,7.0276,5.0063,0.0097,0.3836,-0.0342,1788740345.465
31.782,7.0353,5.0064,0.0091,0.3836,-0.0342,1788740345.485
31.803,7.0430,5.0064,0.0084,0.3836,-0.0342,1788740345.505
31.822,7.0506,5.0065,0.0077,0.3836,-0.0342,1788740345.525
31.842,7.0583,5.0065,0.0067,0.3858,-0.0489,1788740345.545
31.862,7.0661,5.0066,0.0057,0.3858,-0.0489,1788740345.565
31.882,7.0738,5.0066,0.0048,0.3858,-0.0489,1788740345.585
31.902,7.0815,5.0067,0.0038,0.3858,-0.0489,1788740345.605
31.922,7.0892,5.0067,0.0028,0.3858,-0.0489,1788740345.625
31.942,7.0970,5.0067,0.0014,0.3885,-0.0698,1788740345.645
31.962,7.1047,5.0067,0.0000,0.3885,-0.0698,1788740345.665
31.982,7.1125,5.0067,-0.0014,0.3885,-0.0698,1788740345.685
32.002,7.1203,5.0067,-0.0028,0.3885,-0.0698,1788740345.705
32.022,7.1281,5.0066,-0.0042,0.3885,-0.0698,1788740345.725
32.042,7.1358,5.0066,-0.0056,0.3847,-0.0696,1788740345.745
32.063,7.1434,5.0065,-0.0070,0.3847,-0.0696,1788740345.765
32.082,7.1511,5.0065,-0.0083,0.3847,-0.0696,1788740345.785
32.102,7.1588,5.0064,-0.0097,0.3847,-0.0696,1788740345.805
32.122,7.1665,5.0063,-0.0111,0.3847,-0.0696,1788740345.825
32.142,7.1742,5.0062,-0.0117,0.3852,-0.0261,1788740345.845
32.162,7.1819,5.0061,-0.0122,0.3852,-0.0261,1788740345.865
32.182,7.1896,5.0060,-0.0127,0.3852,-0.0261,1788740345.885
32.202,7.1973,5.0059,-0.0132,0.3852,-0.0261,1788740345.905
32.222,7.2050,5.0058,-0.0137,0.3852,-0.0261,1788740345.925
32.243,7.2127,5.0057,-0.0139,0.3822,-0.0056,1788740345.945
32.263,7.2203,5.0056,-0.0140,0.3822,-0.0056,1788740345.965
32.282,7.2280,5.0055,-0.0141,0.3822,-0.0056,1788740345.985
32.303,7.2356,5.0054,-0.0142,0.3822,-0.0056,1788740346.005
32.323,7.2433,5.0053,-0.0143,0.3822,-0.0056,1788740346.025
32.342,7.2510,5.0052,-0.0146,0.3886,-0.0151,1788740346.045
32.362,7.2588,5.0050,-0.0149,0.3886,-0.0151,1788740346.065
32.382,7.2666,5.0049,-0.0152,0.3886,-0.0151,1788740346.085
32.402,7.2743,5.0048,-0.0155,0.3886,-0.0151,1788740346.105
32.422,7.2821,5.0047,-0.0158,0.3886,-0.0151,1788740346.125
32.442,7.2900,5.0046,-0.0159,0.3923,-0.0047,1788740346.145
32.462,7.2978,5.0044,-0.0160,0.3923,-0.0047,1788740346.165
32.482,7.3056,5.0043,-0.0161,0.3923,-0.0047,1788740346.185
32.502,7.3135,5.0042,-0.0162,0.3923,-0.0047,1788740346.205
32.523,7.3213,5.0041,-0.0163,0.3923,-0.0047,1788740346.225
32.542,7.3292,5.0039,-0.0163,0.3928,-0.0005,1788740346.245
32.563,7.3370,5.0038,-0.0163,0.3928,-0.0005,1788740346.265
32.582,7.3449,5.0037,-0.0163,0.3928,-0.0005,1788740346.285
32.602,7.3528,5.0035,-0.0163,0.3928,-0.0005,1788740346.305
32.623,7.3606,5.0034,-0.0163,0.3928,-0.0005,1788740346.325
32.642,7.3684,5.0033,-0.0163,0.3884,0.0002,1788740346.345
32.662,7.3761,5.0032,-0.0163,0.3884,0.0002,1788740346.365
32.683,7.3839,5.0030,-0.0163,0.3884,0.0002,1788740346.385
32.703,7.3917,5.0029,-0.0163,0.3884,0.0002,1788740346.405
32.722,7.3994,5.0028,-0.0163,0.3884,0.0002,1788740346.425
32.742,7.4073,5.0026,-0.0164,0.3914,-0.0041,1788740346.445
32.762,7.4151,5.0025,-0.0165,0.3914,-0.0041,1788740346.465
32.783,7.4229,5.0024,-0.0166,0.3914,-0.0041,1788740346.485
32.802,7.4307,5.0023,-0.0167,0.3914,-0.0041,1788740346.505
32.822,7.4386,5.0021,-0.0167,0.3914,-0.0041,1788740346.525
32.843,7.4462,5.0020,-0.0165,0.3809,0.0101,1788740346.545
32.862,7.4538,5.0019,-0.0163,0.3809,0.0101,1788740346.565
32.882,7.4614,5.0018,-0.0161,0.3809,0.0101,1788740346.585
32.903,7.4690,5.0016,-0.0159,0.3809,0.0101,1788740346.605
32.923,7.4767,5.0015,-0.0157,0.3809,0.0101,1788740346.625
32.942,7.4844,5.0014,-0.0159,0.3880,-0.0080,1788740346.645
32.962,7.4922,5.0013,-0.0161,0.3880,-0.0080,1788740346.665
32.982,7.4999,5.0011,-0.0162,0.3880,-0.0080,1788740346.685
33.002,7.5077,5.0010,-0.0164,0.3880,-0.0080,1788740346.705
33.022,7.5155,5.0009,-0.0165,0.3880,-0.0080,1788740346.725
33.042,7.5232,5.0008,-0.0171,0.3858,-0.0302,1788740346.745
33.063,7.5309,5.0006,-0.0177,0.3858,-0.0302,1788740346.765
33.082,7.5386,5.0005,-0.0183,0.3858,-0.0302,1788740346.785
33.102,7.5463,5.0003,-0.0190,0.3858,-0.0302,1788740346.805
33.122,7.5540,5.0002,-0.0196,0.3858,-0.0302,1788740346.825
33.142,7.5618,5.0000,-0.0193,0.3897,0.0126,1788740346.845
33.163,7.5696,4.9999,-0.0191,0.3897,0.0126,1788740346.865
33.183,7.5774,4.9997,-0.0188,0.3897,0.0126,1788740346.885
33.202,7.5852,4.9996,-0.0185,0.3897,0.0126,1788740346.905
33.222,7.5930,4.9994,-0.0183,0.3897,0.0126,1788740346.925
33.242,7.6005,4.9993,-0.0183,0.3768,-0.0021,1788740346.945
33.262,7.6081,4.9992,-0.0184,0.3768,-0.0021,1788740346.965
33.282,7.6156,4.9990,-0.0184,0.3768,-0.0021,1788740346.985
33.302,7.6231,4.9989,-0.0185,0.3768,-0.0021,1788740347.005
33.322,7.6307,4.9987,-0.0185,0.3768,-0.0021,1788740347.025
33.342,7.6380,4.9986,-0.0186,0.3682,-0.0065,1788740347.045
33.362,7.6454,4.9985,-0.0188,0.3682,-0.0065,1788740347.065
33.382,7.6528,4.9983,-0.0189,0.3682,-0.0065,1788740347.085
33.402,7.6601,4.9982,-0.0190,0.3682,-0.0065,1788740347.105
33.422,7.6675,4.9981,-0.0192,0.3682,-0.0065,1788740347.125
33.442,7.6749,4.9979,-0.0191,0.3708,0.0013,1788740347.145
33.462,7.6823,4.9978,-0.0191,0.3708,0.0013,1788740347.165
33.482,7.6897,4.9976,-0.0191,0.3708,0.0013,1788740347.185
33.502,7.6971,4.9975,-0.0191,0.3708,0.0013,1788740347.205
33.522,7.7046,4.9973,-0.0190,0.3708,0.0013,1788740347.225
33.542,7.7120,4.9972,-0.0190,0.3720,0.0014,1788740347.245
33.562,7.7194,4.9971,-0.0190,0.3720,0.0014,1788740347.265
33.583,7.7269,4.9969,-0.0189,0.3720,0.0014,1788740347.285
33.602,7.7343,4.9968,-0.0189,0.3720,0.0014,1788740347.305
33.622,7.7418,4.9966,-0.0189,0.3720,0.0014,1788740347.325
33.642,7.7492,4.9965,-0.0188,0.3729,0.0049,1788740347.345
33.662,7.7567,4.9964,-0.0187,0.3729,0.0049,1788740347.365
33.682,7.7641,4.9962,-0.0186,0.3729,0.0049,1788740347.385
33.702,7.7716,4.9961,-0.0185,0.3729,0.0049,1788740347.405
33.722,7.7790,4.9959,-0.0184,0.3729,0.0049,1788740347.425
33.742,7.7864,4.9958,-0.0178,0.3692,0.0300,1788740347.445
33.762,7.7938,4.9957,-0.0172,0.3692,0.0300,1788740347.465
33.782,7.8012,4.9956,-0.0166,0.3692,0.0300,1788740347.485
33.802,7.8086,4.9954,-0.0160,0.3692,0.0300,1788740347.505
33.822,7.8160,4.9953,-0.0154,0.3692,0.0300,1788740347.525
33.842,7.8231,4.9952,-0.0150,0.3569,0.0192,1788740347.545
33.862,7.8302,4.9951,-0.0146,0.3569,0.0192,1788740347.565
33.882,7.8374,4.9950,-0.0142,0.3569,0.0192,1788740347.585
33.902,7.8445,4.9949,-0.0139,0.3569,0.0192,1788740347.605
33.922,7.8516,4.9948,-0.0135,0.3569,0.0192,1788740347.625
33.942,7.8587,4.9947,-0.0133,0.3540,0.0082,1788740347.645
33.962,7.8658,4.9946,-0.0131,0.3540,0.0082,1788740347.665
33.982,7.8729,4.9945,-0.0130,0.3540,0.0082,1788740347.685
34.002,7.8800,4.9945,-0.0128,0.3540,0.0082,1788740347.705
34.022,7.8870,4.9944,-0.0127,0.3540,0.0082,1788740347.725
34.042,7.8942,4.9943,-0.0128,0.3571,-0.0055,1788740347.745
34.062,7.9013,4.9942,-0.0129,0.3571,-0.0055,1788740347.765
34.082,7.9085,4.9941,-0.0130,0.3571,-0.0055,1788740347.785
34.103,7.9156,4.9940,-0.0131,0.3571,-0.0055,1788740347.805
34.123,7.9227,4.9939,-0.0132,0.3571,-0.0055,1788740347.825
34.143,7.9297,4.9938,-0.0134,0.3469,-0.0094,1788740347.845
34.162,7.9366,4.9937,-0.0136,0.3469,-0.0094,1788740347.865
34.182,7.9436,4.9936,-0.0138,0.3469,-0.0094,1788740347.885
34.202,7.9505,4.9935,-0.0140,0.3469,-0.0094,1788740347.905
34.222,7.9574,4.9934,-0.0142,0.3469,-0.0094,1788740347.925
34.242,7.9643,4.9933,-0.0142,0.3443,-0.0043,1788740347.945
34.262,7.9712,4.9932,-0.0143,0.3443,-0.0043,1788740347.965
34.282,7.9781,4.9931,-0.0144,0.3443,-0.0043,1788740347.985
34.302,7.9850,4.9930,-0.0145,0.3443,-0.0043,1788740348.005
34.323,7.9919,4.9929,-0.0146,0.3443,-0.0043,1788740348.025
34.342,7.9987,4.9928,-0.0143,0.3441,0.0162,1788740348.045
34.363,8.0056,4.9927,-0.0139,0.3441,0.0162,1788740348.065
34.382,8.0125,4.9926,-0.0136,0.3441,0.0162,1788740348.085
34.403,8.0194,4.9926,-0.0133,0.3441,0.0162,1788740348.105
34.422,8.0263,4.9925,-0.0130,0.3441,0.0162,1788740348.125
34.443,8.0332,4.9924,-0.0128,0.3462,0.0071,1788740348.145
34.462,8.0401,4.9923,-0.0127,0.3462,0.0071,1788740348.165
34.483,8.0470,4.9922,-0.0125,0.3462,0.0071,1788740348.185
34.502,8.0540,4.9921,-0.0124,0.3462,0.0071,1788740348.205
34.522,8.0609,4.9920,-0.0122,0.3462,0.0071,1788740348.225
34.542,8.0678,4.9919,-0.0123,0.3434,-0.0007,1788740348.245
34.562,8.0746,4.9919,-0.0123,0.3434,-0.0007,1788740348.265
34.582,8.0815,4.9918,-0.0123,0.3434,-0.0007,1788740348.285
34.602,8.0884,4.9917,-0.0123,0.3434,-0.0007,1788740348.305
34.622,8.0952,4.9916,-0.0123,0.3434,-0.0007,1788740348.325
34.642,8.1019,4.9915,-0.0120,0.3321,0.0134,1788740348.345
34.662,8.1085,4.9914,-0.0118,0.3321,0.0134,1788740348.365
34.683,8.1152,4.9914,-0.0115,0.3321,0.0134,1788740348.385
34.703,8.1218,4.9913,-0.0112,0.3321,0.0134,1788740348.405
34.723,8.1284,4.9912,-0.0110,0.3321,0.0134,1788740348.425
34.743,8.1349,4.9912,-0.0106,0.3233,0.0165,1788740348.446
34.763,8.1414,4.9911,-0.0103,0.3233,0.0165,1788740348.465
34.782,8.1478,4.9910,-0.0100,0.3233,0.0165,1788740348.485
34.802,8.1543,4.9910,-0.0097,0.3233,0.0165,1788740348.505
34.822,8.1608,4.9909,-0.0093,0.3233,0.0165,1788740348.525
34.842,8.1671,4.9908,-0.0087,0.3171,0.0304,1788740348.545
34.862,8.1735,4.9908,-0.0081,0.3171,0.0304,1788740348.565
34.882,8.1798,4.9907,-0.0075,0.3171,0.0304,1788740348.585
34.902,8.1861,4.9907,-0.0069,0.3171,0.0304,1788740348.605
34.922,8.1925,4.9907,-0.0063,0.3171,0.0304,1788740348.625
34.943,8.1987,4.9906,-0.0057,0.3100,0.0292,1788740348.645
34.962,8.2049,4.9906,-0.0051,0.3100,0.0292,1788740348.665
34.982,8.2111,4.9906,-0.0045,0.3100,0.0292,1788740348.685
35.002,8.2173,4.9905,-0.0040,0.3100,0.0292,1788740348.705
35.023,8.2235,4.9905,-0.0034,0.3100,0.0292,1788740348.725
35.042,8.2295,4.9905,-0.0031,0.3011,0.0115,1788740348.745
35.062,8.2355,4.9905,-0.0029,0.3011,0.0115,1788740348.765
35.083,8.2415,4.9905,-0.0027,0.3011,0.0115,1788740348.785
35.103,8.2476,4.9905,-0.0025,0.3011,0.0115,1788740348.805
35.122,8.2536,4.9904,-0.0022,0.3011,0.0115,1788740348.825
35.142,8.2595,4.9904,-0.0021,0.2939,0.0067,1788740348.845
35.162,8.2653,4.9904,-0.0020,0.2939,0.0067,1788740348.865
35.182,8.2712,4.9904,-0.0018,0.2939,0.0067,1788740348.885
35.202,8.2771,4.9904,-0.0017,0.2939,0.0067,1788740348.905
35.222,8.2830,4.9904,-0.0015,0.2939,0.0067,1788740348.925
35.243,8.2888,4.9904,-0.0015,0.2897,0.0026,1788740348.945
35.262,8.2946,4.9904,-0.0014,0.2897,0.0026,1788740348.965
35.282,8.3004,4.9904,-0.0014,0.2897,0.0026,1788740348.985
35.302,8.3062,4.9904,-0.0013,0.2897,0.0026,1788740349.005
35.322,8.3119,4.9903,-0.0013,0.2897,0.0026,1788740349.025
35.342,8.3175,4.9903,-0.0011,0.2787,0.0093,1788740349.045
35.362,8.3231,4.9903,-0.0009,0.2787,0.0093,1788740349.065
35.382,8.3287,4.9903,-0.0007,0.2787,0.0093,1788740349.085
35.402,8.3342,4.9903,-0.0005,0.2787,0.0093,1788740349.105
35.422,8.3398,4.9903,-0.0004,0.2787,0.0093,1788740349.125
35.442,8.3453,4.9903,0.0002,0.2754,0.0260,1788740349.145
35.462,8.3508,4.9903,0.0007,0.2754,0.0260,1788740349.165
35.482,8.3563,4.9903,0.0012,0.2754,0.0260,1788740349.185
35.502,8.3618,4.9903,0.0017,0.2754,0.0260,1788740349.205
35.522,8.3674,4.9904,0.0022,0.2754,0.0260,1788740349.225
35.542,8.3729,4.9904,0.0021,0.2761,-0.0059,1788740349.245
35.562,8.3784,4.9904,0.0020,0.2761,-0.0059,1788740349.265
35.582,8.3839,4.9904,0.0019,0.2761,-0.0059,1788740349.285
35.602,8.3894,4.9904,0.0018,0.2761,-0.0059,1788740349.305
35.622,8.3950,4.9904,0.0017,0.2761,-0.0059,1788740349.325
35.642,8.4004,4.9904,0.0021,0.2700,0.0232,1788740349.345
35.662,8.4058,4.9904,0.0026,0.2700,0.0232,1788740349.365
35.682,8.4112,4.9905,0.0030,0.2700,0.0232,1788740349.385
35.702,8.4166,4.9905,0.0035,0.2700,0.0232,1788740349.405
35.723,8.4220,4.9905,0.0040,0.2700,0.0232,1788740349.425
35.742,8.4269,4.9905,0.0044,0.2459,0.0211,1788740349.445
35.762,8.4318,4.9905,0.0048,0.2459,0.0211,1788740349.465
35.782,8.4367,4.9906,0.0052,0.2459,0.0211,1788740349.485
35.803,8.4416,4.9906,0.0057,0.2459,0.0211,1788740349.505
35.822,8.4466,4.9906,0.0061,0.2459,0.0211,1788740349.525
35.842,8.4511,4.9907,0.0068,0.2275,0.0381,1788740349.545
35.862,8.4557,4.9907,0.0076,0.2275,0.0381,1788740349.565
35.882,8.4602,4.9907,0.0084,0.2275,0.0381,1788740349.585
35.902,8.4648,4.9908,0.0091,0.2275,0.0381,1788740349.605
35.922,8.4693,4.9908,0.0099,0.2275,0.0381,1788740349.625
35.942,8.4735,4.9909,0.0105,0.2071,0.0280,1788740349.645
35.962,8.4776,4.9909,0.0110,0.2071,0.0280,1788740349.665
35.982,8.4817,4.9910,0.0116,0.2071,0.0280,1788740349.685
36.002,8.4859,4.9910,0.0121,0.2071,0.0280,1788740349.705
36.022,8.4900,4.9911,0.0127,0.2071,0.0280,1788740349.725
36.042,8.4937,4.9911,0.0131,0.1853,0.0190,1788740349.745
36.062,8.4974,4.9912,0.0135,0.1853,0.0190,1788740349.765
36.082,8.5011,4.9912,0.0138,0.1853,0.0190,1788740349.785
36.103,8.5048,4.9913,0.0142,0.1853,0.0190,1788740349.805
36.122,8.5085,4.9913,0.0146,0.1853,0.0190,1788740349.825
36.143,8.5118,4.9914,0.0148,0.1650,0.0112,1788740349.845
36.163,8.5151,4.9914,0.0150,0.1650,0.0112,1788740349.865
36.182,8.5184,4.9915,0.0153,0.1650,0.0112,1788740349.885
36.202,8.5217,4.9915,0.0155,0.1650,0.0112,1788740349.905
36.222,8.5250,4.9916,0.0157,0.1650,0.0112,1788740349.925
36.242,8.5280,4.9916,0.0163,0.1480,0.0298,1788740349.945
36.262,8.5310,4.9917,0.0169,0.1480,0.0298,1788740349.965
36.282,8.5339,4.9917,0.0175,0.1480,0.0298,1788740349.985
36.302,8.5369,4.9918,0.0181,0.1480,0.0298,1788740350.005
36.322,8.5398,4.9918,0.0187,0.1480,0.0298,1788740350.025
36.342,8.5424,4.9919,0.0186,0.1271,-0.0040,1788740350.045
36.362,8.5449,4.9919,0.0185,0.1271,-0.0040,1788740350.065
36.382,8.5475,4.9920,0.0185,0.1271,-0.0040,1788740350.085
36.402,8.5500,4.9920,0.0184,0.1271,-0.0040,1788740350.105
36.422,8.5525,4.9921,0.0183,0.1271,-0.0040,1788740350.125
36.442,8.5525,4.9921,0.0183,0.0000,0.0000,1788740350.145
36.462,8.5525,4.9921,0.0183,0.0000,0.0000,1788740350.165
36.482,8.5525,4.9921,0.0183,0.0000,0.0000,1788740350.185
36.502,8.5525,4.9921,0.0183,0.0000,0.0000,1788740350.205
36.522,8.5525,4.9921,0.0183,0.0000,0.0000,1788740350.225
36.542,8.5525,4.9921,0.0183,0.0000,0.0000,1788740350.245
