t,x,y,yaw,v,w,t_abs
0.022,1.2000,5.0000,0.0000,0.0000,0.0000,1788738169.108
0.042,1.2000,5.0000,0.0000,0.0000,0.0000,1788738169.128
0.062,1.2000,5.0000,0.0000,0.0000,0.0000,1788738169.148
0.082,1.2000,5.0000,0.0000,0.0000,0.0000,1788738169.168
0.103,1.2000,5.0000,0.0000,0.0000,0.0000,1788738169.188
0.122,1.2000,5.0000,0.0000,0.0000,0.0000,1788738169.208
0.142,1.2000,5.0000,0.0000,0.0000,0.0000,1788738169.228
0.162,1.2000,5.0000,0.0000,0.0000,0.0000,1788738169.248
0.182,1.2000,5.0000,0.0000,0.0000,0.0000,1788738169.268
0.203,1.2000,5.0000,0.0000,0.0000,0.0000,1788738169.288
0.222,1.2000,5.0000,0.0000,0.0000,0.0000,1788738169.308
0.243,1.2000,5.0000,0.0000,0.0000,0.0000,1788738169.328
0.262,1.2000,5.0000,0.0000,0.0000,0.0000,1788738169.348
0.282,1.2000,5.0000,0.0000,0.0000,0.0000,1788738169.368
0.302,1.2000,5.0000,0.0000,0.0000,0.0000,1788738169.388
0.322,1.2000,5.0000,0.0000,0.0000,0.0000,1788738169.408
0.342,1.2000,5.0000,0.0000,0.0000,0.0000,1788738169.428
0.362,1.2000,5.0000,0.0000,0.0000,0.0000,1788738169.448
0.382,1.2000,5.0000,0.0000,0.0000,0.0000,1788738169.468
0.402,1.2000,5.0000,0.0000,0.0000,0.0000,1788738169.488
0.422,1.2000,5.0000,0.0000,0.0000,0.0000,1788738169.508
0.442,1.2000,5.0000,0.0000,0.0000,0.0000,1788738169.528
0.462,1.2000,5.0000,0.0000,0.0000,0.0000,1788738169.548
0.482,1.2000,5.0000,0.0000,0.0000,0.0000,1788738169.568
0.502,1.2000,5.0000,0.0000,0.0000,0.0000,1788738169.588
0.522,1.2000,5.0000,0.0000,0.0000,0.0000,1788738169.608
0.542,1.2000,5.0000,0.0000,0.0000,0.0000,1788738169.628
0.562,1.2000,5.0000,0.0000,0.0000,0.0000,1788738169.648
0.582,1.2000,5.0000,0.0000,0.0000,0.0000,1788738169.668
0.602,1.2000,5.0000,0.0000,0.0000,0.0000,1788738169.688
0.622,1.2000,5.0000,0.0000,0.0000,0.0000,1788738169.708
0.642,1.2000,5.0000,0.0000,0.0000,0.0000,1788738169.728
0.662,1.2000,5.0000,0.0000,0.0000,0.0000,1788738169.748
0.682,1.2000,5.0000,0.0000,0.0000,0.0000,1788738169.768
0.702,1.2000,5.0000,0.0000,0.0000,0.0000,1788738169.788
0.722,1.2000,5.0000,0.0000,0.0000,0.0000,1788738169.808
0.742,1.2000,5.0000,0.0000,0.0000,0.0000,1788738169.828
0.762,1.2000,5.0000,0.0000,0.0000,0.0000,1788738169.848
0.782,1.2000,5.0000,0.0000,0.0000,0.0000,1788738169.868
0.802,1.2000,5.0000,0.0000,0.0000,0.0000,1788738169.888
0.822,1.2000,5.0000,0.0000,0.0000,0.0000,1788738169.908
0.842,1.2000,5.0000,0.0000,0.0000,0.0000,1788738169.928
0.862,1.2000,5.0000,0.0000,0.0000,0.0000,1788738169.948
0.882,1.2000,5.0000,0.0000,0.0000,0.0000,1788738169.968
0.902,1.2000,5.0000,0.0000,0.0000,0.0000,1788738169.988
0.922,1.2000,5.0000,0.0000,0.0000,0.0000,1788738170.008
0.942,1.2000,5.0000,0.0000,0.0000,0.0000,1788738170.028
0.962,1.2000,5.0000,0.0000,0.0000,0.0000,1788738170.048
0.982,1.2000,5.0000,0.0000,0.0000,0.0000,1788738170.068
1.002,1.2000,5.0000,0.0000,0.0000,0.0000,1788738170.088
1.022,1.2000,5.0000,0.0000,0.0000,0.0000,1788738170.108
1.043,1.2000,5.0000,0.0000,0.0000,0.0000,1788738170.128
1.062,1.2000,5.0000,0.0000,0.0000,0.0000,1788738170.148
1.082,1.2000,5.0000,0.0000,0.0000,0.0000,1788738170.168
1.102,1.2000,5.0000,0.0000,0.0000,0.0000,1788738170.188
1.123,1.2000,5.0000,0.0000,0.0000,0.0000,1788738170.208
1.142,1.2000,5.0000,0.0000,0.0000,0.0000,1788738170.228
1.162,1.2000,5.0000,0.0000,0.0000,0.0000,1788738170.248
1.182,1.2000,5.0000,0.0000,0.0000,0.0000,1788738170.268
1.202,1.2000,5.0000,0.0000,0.0000,0.0000,1788738170.288
1.222,1.2000,5.0000,0.0000,0.0000,0.0000,1788738170.308
1.242,1.2000,5.0000,0.0000,0.0000,0.0000,1788738170.328
1.262,1.2000,5.0000,0.0000,0.0000,0.0000,1788738170.348
1.282,1.2000,5.0000,0.0000,0.0000,0.0000,1788738170.368
1.302,1.2000,5.0000,0.0000,0.0000,0.0000,1788738170.388
1.322,1.2000,5.0000,0.0000,0.0000,0.0000,1788738170.408
1.342,1.2000,5.0000,0.0000,0.0000,0.0000,1788738170.428
1.363,1.2000,5.0000,0.0000,0.0000,0.0000,1788738170.448
1.382,1.2000,5.0000,0.0000,0.0000,0.0000,1788738170.468
1.402,1.2000,5.0000,0.0000,0.0000,0.0000,1788738170.488
1.423,1.2000,5.0000,0.0000,0.0000,0.0000,1788738170.508
1.442,1.2000,5.0000,0.0000,0.0000,0.0000,1788738170.528
1.463,1.2000,5.0000,0.0000,0.0000,0.0000,1788738170.548
1.482,1.2000,5.0000,0.0000,0.0000,0.0000,1788738170.568
1.502,1.2000,5.0000,0.0000,0.0000,0.0000,1788738170.588
1.522,1.2000,5.0000,0.0000,0.0000,0.0000,1788738170.608
1.542,1.2000,5.0000,0.0000,0.0000,0.0000,1788738170.628
1.562,1.2000,5.0000,0.0000,0.0000,0.0000,1788738170.648
1.582,1.2000,5.0000,0.0000,0.0000,0.0000,1788738170.668
1.602,1.2000,5.0000,0.0000,0.0000,0.0000,1788738170.688
1.622,1.2000,5.0000,0.0000,0.0000,0.0000,1788738170.708
1.642,1.2000,5.0000,0.0000,0.0000,0.0000,1788738170.728
1.662,1.2000,5.0000,0.0000,0.0000,0.0000,1788738170.748
1.682,1.2000,5.0000,0.0000,0.0000,0.0000,1788738170.768
1.702,1.2000,5.0000,0.0000,0.0000,0.0000,1788738170.788
1.722,1.2000,5.0000,0.0000,0.0000,0.0000,1788738170.808
1.742,1.2000,5.0000,0.0000,0.0000,0.0000,1788738170.828
1.762,1.2000,5.0000,0.0000,0.0000,0.0000,1788738170.848
1.783,1.2000,5.0000,0.0000,0.0000,0.0000,1788738170.868
1.802,1.2000,5.0000,0.0000,0.0000,0.0000,1788738170.888
1.822,1.2000,5.0000,0.0000,0.0000,0.0000,1788738170.908
1.842,1.2000,5.0000,0.0000,0.0000,0.0000,1788738170.928
1.862,1.2000,5.0000,0.0000,0.0000,0.0000,1788738170.948
1.882,1.2000,5.0000,0.0000,0.0000,0.0000,1788738170.968
1.902,1.2000,5.0000,0.0000,0.0000,0.0000,1788738170.988
1.922,1.2000,5.0000,0.0000,0.0000,0.0000,1788738171.008
1.943,1.2000,5.0000,0.0000,0.0000,0.0000,1788738171.028
1.963,1.2000,5.0000,0.0000,0.0000,0.0000,1788738171.048
1.982,1.2000,5.0000,0.0000,0.0000,0.0000,1788738171.068
2.003,1.2000,5.0000,0.0000,0.0000,0.0000,1788738171.088
2.023,1.2000,5.0000,0.0000,0.0000,0.0000,1788738171.108
2.042,1.2000,5.0000,0.0000,0.0000,0.0000,1788738171.128
2.062,1.2000,5.0000,0.0000,0.0000,0.0000,1788738171.148
2.082,1.2000,5.0000,0.0000,0.0000,0.0000,1788738171.168
2.102,1.2000,5.0000,0.0000,0.0000,0.0000,1788738171.188
2.122,1.2000,5.0000,0.0000,0.0000,0.0000,1788738171.208
2.142,1.2000,5.0000,0.0000,0.0000,0.0000,1788738171.228
2.162,1.2000,5.0000,0.0000,0.0000,0.0000,1788738171.248
2.182,1.2000,5.0000,0.0000,0.0000,0.0000,1788738171.268
2.202,1.2000,5.0000,0.0000,0.0000,0.0000,1788738171.288
2.222,1.2000,5.0000,0.0000,0.0000,0.0000,1788738171.308
2.243,1.2000,5.0000,0.0000,0.0000,0.0000,1788738171.328
2.263,1.2000,5.0000,0.0000,0.0000,0.0000,1788738171.348
2.283,1.2000,5.0000,0.0000,0.0000,0.0000,1788738171.368
2.303,1.2000,5.0000,0.0000,0.0000,0.0000,1788738171.388
2.322,1.2000,5.0000,0.0000,0.0000,0.0000,1788738171.408
2.342,1.2000,5.0000,0.0000,0.0000,0.0000,1788738171.428
2.362,1.2000,5.0000,0.0000,0.0000,0.0000,1788738171.448
2.382,1.2000,5.0000,0.0000,0.0000,0.0000,1788738171.468
2.402,1.2000,5.0000,0.0000,0.0000,0.0000,1788738171.488
2.422,1.2000,5.0000,0.0000,0.0000,0.0000,1788738171.508
2.442,1.2000,5.0000,0.0000,0.0000,0.0000,1788738171.528
2.463,1.2000,5.0000,0.0000,0.0000,0.0000,1788738171.548
2.482,1.2000,5.0000,0.0000,0.0000,0.0000,1788738171.568
2.502,1.2000,5.0000,0.0000,0.0000,0.0000,1788738171.588
2.522,1.2000,5.0000,0.0000,0.0000,0.0000,1788738171.608
2.542,1.2000,5.0000,0.0000,0.0000,0.0000,1788738171.628
2.562,1.2000,5.0000,0.0000,0.0000,0.0000,1788738171.648
2.582,1.2000,5.0000,0.0000,0.0000,0.0000,1788738171.668
2.602,1.2000,5.0000,0.0000,0.0000,0.0000,1788738171.688
2.622,1.2000,5.0000,0.0000,0.0000,0.0000,1788738171.708
2.643,1.2000,5.0000,0.0000,0.0000,0.0000,1788738171.728
2.662,1.2000,5.0000,0.0000,0.0000,0.0000,1788738171.748
2.682,1.2000,5.0000,0.0000,0.0000,0.0000,1788738171.768
2.702,1.2000,5.0000,0.0000,0.0000,0.0000,1788738171.788
2.722,1.2000,5.0000,0.0000,0.0000,0.0000,1788738171.808
2.742,1.2000,5.0000,0.0000,0.0000,0.0000,1788738171.828
2.762,1.2000,5.0000,0.0000,0.0000,0.0000,1788738171.848
2.782,1.2000,5.0000,0.0000,0.0000,0.0000,1788738171.868
2.802,1.2000,5.0000,0.0000,0.0000,0.0000,1788738171.888
2.822,1.2000,5.0000,0.0000,0.0000,0.0000,1788738171.908
2.842,1.2000,5.0000,0.0000,0.0000,0.0000,1788738171.928
2.862,1.2000,5.0000,0.0000,0.0000,0.0000,1788738171.948
2.882,1.2000,5.0000,0.0000,0.0000,0.0000,1788738171.968
2.902,1.2000,5.0000,0.0000,0.0000,0.0000,1788738171.988
2.922,1.2000,5.0000,0.0000,0.0000,0.0000,1788738172.008
2.942,1.2000,5.0000,0.0000,0.0000,0.0000,1788738172.028
2.962,1.2000,5.0000,0.0000,0.0000,0.0000,1788738172.048
2.982,1.2000,5.0000,0.0000,0.0000,0.0000,1788738172.068
3.002,1.2000,5.0000,0.0000,0.0000,0.0000,1788738172.088
3.022,1.2000,5.0000,0.0000,0.0000,0.0000,1788738172.108
3.042,1.2000,5.0000,0.0000,0.0000,0.0000,1788738172.128
3.062,1.2000,5.0000,0.0000,0.0000,0.0000,1788738172.148
3.082,1.2000,5.0000,0.0000,0.0000,0.0000,1788738172.168
3.102,1.2000,5.0000,0.0000,0.0000,0.0000,1788738172.188
3.122,1.2000,5.0000,0.0000,0.0000,0.0000,1788738172.208
3.142,1.2000,5.0000,0.0000,0.0000,0.0000,1788738172.228
3.162,1.2000,5.0000,0.0000,0.0000,0.0000,1788738172.248
3.182,1.2000,5.0000,0.0000,0.0000,0.0000,1788738172.268
3.202,1.2000,5.0000,0.0000,0.0000,0.0000,1788738172.288
3.222,1.2000,5.0000,0.0000,0.0000,0.0000,1788738172.308
3.242,1.2000,5.0000,0.0000,0.0000,0.0000,1788738172.328
3.262,1.2000,5.0000,0.0000,0.0000,0.0000,1788738172.348
3.282,1.2000,5.0000,0.0000,0.0000,0.0000,1788738172.368
3.302,1.2000,5.0000,0.0000,0.0000,0.0000,1788738172.388
3.322,1.2000,5.0000,0.0000,0.0000,0.0000,1788738172.408
3.342,1.2000,5.0000,0.0000,0.0000,0.0000,1788738172.428
3.362,1.2000,5.0000,0.0000,0.0000,0.0000,1788738172.448
3.382,1.2000,5.0000,0.0000,0.0000,0.0000,1788738172.468
3.402,1.2000,5.0000,0.0000,0.0000,0.0000,1788738172.488
3.422,1.2000,5.0000,0.0000,0.0000,0.0000,1788738172.508
3.442,1.2000,5.0000,0.0000,0.0000,0.0000,1788738172.528
3.462,1.2000,5.0000,0.0000,0.0000,0.0000,1788738172.548
3.482,1.2000,5.0000,0.0000,0.0000,0.0000,1788738172.568
3.502,1.2000,5.0000,0.0000,0.0000,0.0000,1788738172.588
3.522,1.2000,5.0000,0.0000,0.0000,0.0000,1788738172.608
3.542,1.2000,5.0000,0.0000,0.0000,0.0000,1788738172.628
3.562,1.2000,5.0000,0.0000,0.0000,0.0000,1788738172.648
3.582,1.2000,5.0000,0.0000,0.0000,0.0000,1788738172.668
3.602,1.2000,5.0000,0.0000,0.0000,0.0000,1788738172.688
3.622,1.2000,5.0000,0.0000,0.0000,0.0000,1788738172.708
3.642,1.2000,5.0000,0.0000,0.0000,0.0000,1788738172.728
3.662,1.2000,5.0000,0.0000,0.0000,0.0000,1788738172.748
3.682,1.2000,5.0000,0.0000,0.0000,0.0000,1788738172.768
3.702,1.2000,5.0000,0.0000,0.0000,0.0000,1788738172.788
3.722,1.2000,5.0000,0.0000,0.0000,0.0000,1788738172.808
3.742,1.2000,5.0000,0.0000,0.0000,0.0000,1788738172.828
3.762,1.2000,5.0000,0.0000,0.0000,0.0000,1788738172.848
3.782,1.2000,5.0000,0.0000,0.0000,0.0000,1788738172.868
3.802,1.2000,5.0000,0.0000,0.0000,0.0000,1788738172.888
3.822,1.2000,5.0000,0.0000,0.0000,0.0000,1788738172.908
3.842,1.2000,5.0000,0.0000,0.0000,0.0000,1788738172.928
3.862,1.2000,5.0000,0.0000,0.0000,0.0000,1788738172.948
3.882,1.2000,5.0000,0.0000,0.0000,0.0000,1788738172.968
3.902,1.2000,5.0000,0.0000,0.0000,0.0000,1788738172.988
3.922,1.2000,5.0000,0.0000,0.0000,0.0000,1788738173.008
3.942,1.2000,5.0000,0.0000,0.0000,0.0000,1788738173.028
3.962,1.2000,5.0000,0.0000,0.0000,0.0000,1788738173.048
3.982,1.2000,5.0000,0.0000,0.0000,0.0000,1788738173.068
4.002,1.2000,5.0000,0.0000,0.0000,0.0000,1788738173.088
4.022,1.2000,5.0000,0.0000,0.0000,0.0000,1788738173.108
4.043,1.2000,5.0000,0.0000,0.0000,0.0000,1788738173.128
4.062,1.2000,5.0000,0.0000,0.0000,0.0000,1788738173.148
4.082,1.2000,5.0000,0.0000,0.0000,0.0000,1788738173.168
4.103,1.2000,5.0000,0.0000,0.0000,0.0000,1788738173.188
4.122,1.2000,5.0000,0.0000,0.0000,0.0000,1788738173.208
4.142,1.2000,5.0000,0.0000,0.0000,0.0000,1788738173.228
4.162,1.2000,5.0000,0.0000,0.0000,0.0000,1788738173.248
4.182,1.2000,5.0000,0.0000,0.0000,0.0000,1788738173.268
4.202,1.2000,5.0000,0.0000,0.0000,0.0000,1788738173.288
4.222,1.2000,5.0000,0.0000,0.0000,0.0000,1788738173.308
4.242,1.2000,5.0000,0.0000,0.0000,0.0000,1788738173.328
4.262,1.2000,5.0000,0.0000,0.0000,0.0000,1788738173.348
4.282,1.2000,5.0000,0.0000,0.0000,0.0000,1788738173.368
4.302,1.2000,5.0000,0.0000,0.0000,0.0000,1788738173.388
4.322,1.2000,5.0000,0.0000,0.0000,0.0000,1788738173.408
4.342,1.2000,5.0000,0.0000,0.0000,0.0000,1788738173.428
4.362,1.2000,5.0000,0.0000,0.0000,0.0000,1788738173.448
4.382,1.2000,5.0000,0.0000,0.0000,0.0000,1788738173.468
4.402,1.2000,5.0000,0.0000,0.0000,0.0000,1788738173.488
4.422,1.2000,5.0000,0.0000,0.0000,0.0000,1788738173.508
4.443,1.2000,5.0000,0.0000,0.0000,0.0000,1788738173.528
4.462,1.2000,5.0000,0.0000,0.0000,0.0000,1788738173.548
4.482,1.2000,5.0000,0.0000,0.0000,0.0000,1788738173.568
4.503,1.2000,5.0000,0.0000,0.0000,0.0000,1788738173.588
4.522,1.2000,5.0000,0.0000,0.0000,0.0000,1788738173.608
4.542,1.2000,5.0000,0.0000,0.0000,0.0000,1788738173.628
4.562,1.2000,5.0000,0.0000,0.0000,0.0000,1788738173.648
4.582,1.2000,5.0000,0.0000,0.0000,0.0000,1788738173.668
4.602,1.2000,5.0000,0.0000,0.0000,0.0000,1788738173.688
4.623,1.2000,5.0000,0.0000,0.0000,0.0000,1788738173.708
4.643,1.2000,5.0000,0.0000,0.0000,0.0000,1788738173.728
4.662,1.2000,5.0000,0.0000,0.0000,0.0000,1788738173.748
4.683,1.2000,5.0000,0.0000,0.0000,0.0000,1788738173.768
4.702,1.2000,5.0000,0.0000,0.0000,0.0000,1788738173.788
4.722,1.2000,5.0000,0.0000,0.0000,0.0000,1788738173.808
4.743,1.2000,5.0000,0.0000,0.0000,0.0000,1788738173.828
4.763,1.2000,5.0000,0.0000,0.0000,0.0000,1788738173.848
4.782,1.2000,5.0000,0.0000,0.0000,0.0000,1788738173.868
4.802,1.2000,5.0000,0.0000,0.0000,0.0000,1788738173.888
4.822,1.2000,5.0000,0.0000,0.0000,0.0000,1788738173.908
4.842,1.2000,5.0000,0.0000,0.0000,0.0000,1788738173.928
4.862,1.2000,5.0000,0.0000,0.0000,0.0000,1788738173.948
4.882,1.2000,5.0000,0.0000,0.0000,0.0000,1788738173.968
4.902,1.2000,5.0000,0.0000,0.0000,0.0000,1788738173.988
4.922,1.2000,5.0000,0.0000,0.0000,0.0000,1788738174.008
4.942,1.2000,5.0000,0.0000,0.0000,0.0000,1788738174.028
4.962,1.2000,5.0000,0.0000,0.0000,0.0000,1788738174.048
4.982,1.2000,5.0000,0.0000,0.0000,0.0000,1788738174.068
5.002,1.2000,5.0000,0.0000,0.0000,0.0000,1788738174.088
5.022,1.2000,5.0000,0.0000,0.0000,0.0000,1788738174.108
5.042,1.2000,5.0000,0.0000,0.0000,0.0000,1788738174.128
5.062,1.2000,5.0000,0.0000,0.0000,0.0000,1788738174.148
5.082,1.2000,5.0000,0.0000,0.0000,0.0000,1788738174.168
5.102,1.2000,5.0000,0.0000,0.0000,0.0000,1788738174.188
5.122,1.2000,5.0000,0.0000,0.0000,0.0000,1788738174.208
5.143,1.2000,5.0000,0.0000,0.0000,0.0000,1788738174.228
5.162,1.2000,5.0000,0.0000,0.0000,0.0000,1788738174.248
5.182,1.2000,5.0000,0.0000,0.0000,0.0000,1788738174.268
5.202,1.2000,5.0000,0.0000,0.0000,0.0000,1788738174.288
5.222,1.2000,5.0000,0.0000,0.0000,0.0000,1788738174.308
5.242,1.2000,5.0000,0.0000,0.0000,0.0000,1788738174.328
5.262,1.2000,5.0000,0.0000,0.0000,0.0000,1788738174.348
5.282,1.2000,5.0000,0.0000,0.0000,0.0000,1788738174.368
5.302,1.2000,5.0000,0.0000,0.0000,0.0000,1788738174.388
5.322,1.2000,5.0000,0.0000,0.0000,0.0000,1788738174.408
5.342,1.2000,5.0000,0.0000,0.0000,0.0000,1788738174.428
5.362,1.2000,5.0000,0.0000,0.0000,0.0000,1788738174.448
5.382,1.2000,5.0000,0.0000,0.0000,0.0000,1788738174.468
5.402,1.2000,5.0000,0.0000,0.0000,0.0000,1788738174.488
5.423,1.2000,5.0000,0.0000,0.0000,0.0000,1788738174.508
5.442,1.2000,5.0000,0.0000,0.0000,0.0000,1788738174.528
5.462,1.2000,5.0000,0.0000,0.0000,0.0000,1788738174.548
5.482,1.2000,5.0000,0.0000,0.0000,0.0000,1788738174.568
5.502,1.2000,5.0000,0.0000,0.0000,0.0000,1788738174.588
5.522,1.2000,5.0000,0.0000,0.0000,0.0000,1788738174.608
5.542,1.2000,5.0000,0.0000,0.0000,0.0000,1788738174.628
5.562,1.2000,5.0000,0.0000,0.0000,0.0000,1788738174.648
5.582,1.2000,5.0000,0.0000,0.0000,0.0000,1788738174.668
5.602,1.2000,5.0000,0.0000,0.0000,0.0000,1788738174.688
5.623,1.2000,5.0000,0.0000,0.0000,0.0000,1788738174.708
5.643,1.2000,5.0000,0.0000,0.0000,0.0000,1788738174.728
5.662,1.2000,5.0000,0.0000,0.0000,0.0000,1788738174.748
5.682,1.2000,5.0000,0.0000,0.0000,0.0000,1788738174.768
5.703,1.2000,5.0000,0.0000,0.0000,0.0000,1788738174.788
5.722,1.2000,5.0000,0.0000,0.0000,0.0000,1788738174.808
5.742,1.2000,5.0000,0.0000,0.0000,0.0000,1788738174.828
5.762,1.2000,5.0000,0.0000,0.0000,0.0000,1788738174.848
5.782,1.2000,5.0000,0.0000,0.0000,0.0000,1788738174.868
5.802,1.2000,5.0000,0.0000,0.0000,0.0000,1788738174.888
5.822,1.2000,5.0000,0.0000,0.0000,0.0000,1788738174.908
5.842,1.2000,5.0000,0.0000,0.0000,0.0000,1788738174.928
5.862,1.2000,5.0000,0.0000,0.0000,0.0000,1788738174.948
5.882,1.2000,5.0000,0.0000,0.0000,0.0000,1788738174.968
5.902,1.2000,5.0000,0.0000,0.0000,0.0000,1788738174.988
5.922,1.2000,5.0000,0.0000,0.0000,0.0000,1788738175.008
5.942,1.2000,5.0000,0.0000,0.0000,0.0000,1788738175.028
5.962,1.2000,5.0000,0.0000,0.0000,0.0000,1788738175.048
5.982,1.2000,5.0000,0.0000,0.0000,0.0000,1788738175.068
6.003,1.2000,5.0000,0.0000,0.0000,0.0000,1788738175.088
6.022,1.2000,5.0000,0.0000,0.0000,0.0000,1788738175.108
6.042,1.2000,5.0000,0.0000,0.0000,0.0000,1788738175.128
6.062,1.2000,5.0000,0.0000,0.0000,0.0000,1788738175.148
6.082,1.2000,5.0000,0.0000,0.0000,0.0000,1788738175.168
6.102,1.2000,5.0000,0.0000,0.0000,0.0000,1788738175.188
6.122,1.2000,5.0000,0.0000,0.0000,0.0000,1788738175.208
6.142,1.2000,5.0000,0.0000,0.0000,0.0000,1788738175.228
6.162,1.2000,5.0000,0.0000,0.0000,0.0000,1788738175.248
6.182,1.2000,5.0000,0.0000,0.0000,0.0000,1788738175.268
6.202,1.2000,5.0000,0.0000,0.0000,0.0000,1788738175.288
6.222,1.2000,5.0000,0.0000,0.0000,0.0000,1788738175.308
6.242,1.2000,5.0000,0.0000,0.0000,0.0000,1788738175.328
6.262,1.2000,5.0000,0.0000,0.0000,0.0000,1788738175.348
6.282,1.2000,5.0000,0.0000,0.0000,0.0000,1788738175.368
6.302,1.2000,5.0000,0.0000,0.0000,0.0000,1788738175.388
6.322,1.2000,5.0000,0.0000,0.0000,0.0000,1788738175.408
6.342,1.2000,5.0000,0.0000,0.0000,0.0000,1788738175.428
6.362,1.2000,5.0000,0.0000,0.0000,0.0000,1788738175.448
6.382,1.2000,5.0000,0.0000,0.0000,0.0000,1788738175.468
6.402,1.2000,5.0000,0.0000,0.0000,0.0000,1788738175.488
6.422,1.2000,5.0000,0.0000,0.0000,0.0000,1788738175.508
6.442,1.2000,5.0000,0.0000,0.0000,0.0000,1788738175.528
6.463,1.2000,5.0000,0.0000,0.0000,0.0000,1788738175.548
6.482,1.2000,5.0000,0.0000,0.0000,0.0000,1788738175.568
6.502,1.2000,5.0000,0.0000,0.0000,0.0000,1788738175.588
6.523,1.2000,5.0000,0.0000,0.0000,0.0000,1788738175.608
6.542,1.2000,5.0000,0.0000,0.0000,0.0000,1788738175.628
6.563,1.2000,5.0000,0.0000,0.0000,0.0000,1788738175.648
6.582,1.2000,5.0000,0.0000,0.0000,0.0000,1788738175.668
6.602,1.2000,5.0000,0.0000,0.0000,0.0000,1788738175.688
6.622,1.2000,5.0000,0.0000,0.0000,0.0000,1788738175.708
6.642,1.2000,5.0000,0.0000,0.0000,0.0000,1788738175.728
6.662,1.2000,5.0000,0.0000,0.0000,0.0000,1788738175.748
6.682,1.2000,5.0000,0.0000,0.0000,0.0000,1788738175.768
6.702,1.2000,5.0000,0.0000,0.0000,0.0000,1788738175.788
6.722,1.2000,5.0000,0.0000,0.0000,0.0000,1788738175.808
6.742,1.2000,5.0000,0.0000,0.0000,0.0000,1788738175.828
6.762,1.2000,5.0000,0.0000,0.0000,0.0000,1788738175.848
6.782,1.2000,5.0000,0.0000,0.0000,0.0000,1788738175.868
6.802,1.2000,5.0000,0.0000,0.0000,0.0000,1788738175.888
6.822,1.2000,5.0000,0.0000,0.0000,0.0000,1788738175.908
6.843,1.2000,5.0000,0.0000,0.0000,0.0000,1788738175.928
6.862,1.2000,5.0000,0.0000,0.0000,0.0000,1788738175.948
6.882,1.2000,5.0000,0.0000,0.0000,0.0000,1788738175.968
6.902,1.2000,5.0000,0.0000,0.0000,0.0000,1788738175.988
6.922,1.2000,5.0000,0.0000,0.0000,0.0000,1788738176.008
6.942,1.2000,5.0000,0.0000,0.0000,0.0000,1788738176.028
6.962,1.2000,5.0000,0.0000,0.0000,0.0000,1788738176.048
6.982,1.2000,5.0000,0.0000,0.0000,0.0000,1788738176.068
7.002,1.2000,5.0000,0.0000,0.0000,0.0000,1788738176.088
7.022,1.2000,5.0000,0.0000,0.0000,0.0000,1788738176.108
7.042,1.2000,5.0000,0.0000,0.0000,0.0000,1788738176.128
7.062,1.2000,5.0000,0.0000,0.0000,0.0000,1788738176.148
7.082,1.2000,5.0000,0.0000,0.0000,0.0000,1788738176.168
7.102,1.2000,5.0000,0.0000,0.0000,0.0000,1788738176.188
7.122,1.2000,5.0000,0.0000,0.0000,0.0000,1788738176.208
7.142,1.2000,5.0000,0.0000,0.0000,0.0000,1788738176.228
7.162,1.2000,5.0000,0.0000,0.0000,0.0000,1788738176.248
7.182,1.2000,5.0000,0.0000,0.0000,0.0000,1788738176.268
7.202,1.2000,5.0000,0.0000,0.0000,0.0000,1788738176.288
7.222,1.2000,5.0000,0.0000,0.0000,0.0000,1788738176.308
7.242,1.2000,5.0000,0.0000,0.0000,0.0000,1788738176.328
7.262,1.2000,5.0000,0.0000,0.0000,0.0000,1788738176.348
7.282,1.2000,5.0000,0.0000,0.0000,0.0000,1788738176.368
7.303,1.2000,5.0000,0.0000,0.0000,0.0000,1788738176.388
7.322,1.2000,5.0000,0.0000,0.0000,0.0000,1788738176.408
7.342,1.2000,5.0000,0.0000,0.0000,0.0000,1788738176.428
7.362,1.2000,5.0000,0.0000,0.0000,0.0000,1788738176.448
7.383,1.2000,5.0000,0.0000,0.0000,0.0000,1788738176.468
7.402,1.2000,5.0000,0.0000,0.0000,0.0000,1788738176.488
7.422,1.2000,5.0000,0.0000,0.0000,0.0000,1788738176.508
7.442,1.2000,5.0000,0.0000,0.0000,0.0000,1788738176.528
7.462,1.2000,5.0000,0.0000,0.0000,0.0000,1788738176.548
7.482,1.2000,5.0000,0.0000,0.0000,0.0000,1788738176.568
7.502,1.2000,5.0000,0.0000,0.0000,0.0000,1788738176.588
7.522,1.2000,5.0000,0.0000,0.0000,0.0000,1788738176.608
7.542,1.2000,5.0000,0.0000,0.0000,0.0000,1788738176.628
7.562,1.2000,5.0000,0.0000,0.0000,0.0000,1788738176.648
7.582,1.2000,5.0000,0.0000,0.0000,0.0000,1788738176.668
7.602,1.2000,5.0000,0.0000,0.0000,0.0000,1788738176.688
7.622,1.2000,5.0000,0.0000,0.0000,0.0000,1788738176.708
7.642,1.2000,5.0000,0.0000,0.0000,0.0000,1788738176.728
7.662,1.2000,5.0000,0.0000,0.0000,0.0000,1788738176.748
7.682,1.2000,5.0000,0.0000,0.0000,0.0000,1788738176.768
7.702,1.2000,5.0000,0.0000,0.0000,0.0000,1788738176.788
7.722,1.2000,5.0000,0.0000,0.0000,0.0000,1788738176.808
7.742,1.2000,5.0000,0.0000,0.0000,0.0000,1788738176.828
7.762,1.2000,5.0000,0.0000,0.0000,0.0000,1788738176.848
7.782,1.2000,5.0000,0.0000,0.0000,0.0000,1788738176.868
7.802,1.2000,5.0000,0.0000,0.0000,0.0000,1788738176.888
7.822,1.2000,5.0000,0.0000,0.0000,0.0000,1788738176.908
7.842,1.2000,5.0000,0.0000,0.0000,0.0000,1788738176.928
7.864,1.2000,5.0000,0.0000,0.0000,0.0000,1788738176.949
7.882,1.2000,5.0000,0.0000,0.0000,0.0000,1788738176.968
7.902,1.2000,5.0000,0.0000,0.0000,0.0000,1788738176.988
7.922,1.2000,5.0000,0.0000,0.0000,0.0000,1788738177.008
7.943,1.2000,5.0000,0.0000,0.0000,0.0000,1788738177.028
7.962,1.2000,5.0000,0.0000,0.0000,0.0000,1788738177.048
7.982,1.2000,5.0000,0.0000,0.0000,0.0000,1788738177.068
8.002,1.2000,5.0000,0.0000,0.0000,0.0000,1788738177.088
8.022,1.2000,5.0000,0.0000,0.0000,0.0000,1788738177.108
8.042,1.2000,5.0000,0.0000,0.0000,0.0000,1788738177.128
8.062,1.2000,5.0000,0.0000,0.0000,0.0000,1788738177.148
8.082,1.2000,5.0000,0.0000,0.0000,0.0000,1788738177.168
8.102,1.2000,5.0000,0.0000,0.0000,0.0000,1788738177.188
8.122,1.2000,5.0000,0.0000,0.0000,0.0000,1788738177.208
8.143,1.2000,5.0000,0.0000,0.0000,0.0000,1788738177.228
8.162,1.2000,5.0000,0.0000,0.0000,0.0000,1788738177.248
8.182,1.2000,5.0000,0.0000,0.0000,0.0000,1788738177.268
8.203,1.2000,5.0000,0.0000,0.0000,0.0000,1788738177.288
8.223,1.2000,5.0000,0.0000,0.0000,0.0000,1788738177.308
8.242,1.2000,5.0000,0.0000,0.0000,0.0000,1788738177.328
8.262,1.2000,5.0000,0.0000,0.0000,0.0000,1788738177.348
8.282,1.2000,5.0000,0.0000,0.0000,0.0000,1788738177.368
8.302,1.2000,5.0000,0.0000,0.0000,0.0000,1788738177.388
8.322,1.2000,5.0000,0.0000,0.0000,0.0000,1788738177.408
8.342,1.2000,5.0000,0.0000,0.0000,0.0000,1788738177.428
8.362,1.2080,5.0000,0.0000,0.4000,0.0000,1788738177.448
8.382,1.2160,5.0000,0.0000,0.4000,0.0000,1788738177.468
8.402,1.2240,5.0000,0.0000,0.4000,0.0000,1788738177.488
8.423,1.2320,5.0000,0.0000,0.4000,0.0000,1788738177.508
8.442,1.2397,5.0000,0.0000,0.3842,0.0000,1788738177.528
8.462,1.2474,5.0000,0.0000,0.3842,0.0000,1788738177.548
8.482,1.2551,5.0000,0.0000,0.3842,0.0000,1788738177.568
8.502,1.2627,5.0000,0.0000,0.3842,0.0000,1788738177.588
8.522,1.2704,5.0000,0.0000,0.3842,0.0000,1788738177.608
8.543,1.2784,5.0000,0.0000,0.4000,0.0000,1788738177.628
8.562,1.2864,5.0000,0.0000,0.4000,0.0000,1788738177.648
8.582,1.2944,5.0000,0.0000,0.4000,0.0000,1788738177.668
8.602,1.3024,5.0000,0.0000,0.4000,0.0000,1788738177.688
8.622,1.3104,5.0000,0.0000,0.4000,0.0000,1788738177.708
8.642,1.3184,5.0000,0.0000,0.4000,0.0000,1788738177.728
8.662,1.3264,5.0000,0.0000,0.4000,0.0000,1788738177.748
8.682,1.3344,5.0000,0.0000,0.4000,0.0000,1788738177.768
8.702,1.3424,5.0000,0.0000,0.4000,0.0000,1788738177.788
8.722,1.3504,5.0000,0.0000,0.4000,0.0000,1788738177.808
8.742,1.3584,5.0000,0.0000,0.4000,0.0000,1788738177.828
8.762,1.3664,5.0000,0.0000,0.4000,0.0000,1788738177.848
8.782,1.3744,5.0000,0.0000,0.4000,0.0000,1788738177.868
8.802,1.3824,5.0000,0.0000,0.4000,0.0000,1788738177.888
8.822,1.3904,5.0000,0.0000,0.4000,0.0000,1788738177.908
8.842,1.3981,5.0000,0.0000,0.3842,0.0000,1788738177.928
8.862,1.4058,5.0000,0.0000,0.3842,0.0000,1788738177.948
8.882,1.4135,5.0000,0.0000,0.3842,0.0000,1788738177.968
8.902,1.4212,5.0000,0.0000,0.3842,0.0000,1788738177.988
8.922,1.4288,5.0000,0.0000,0.3842,0.0000,1788738178.008
8.942,1.4368,5.0000,0.0000,0.4000,0.0000,1788738178.028
8.962,1.4448,5.0000,0.0000,0.4000,0.0000,1788738178.048
8.982,1.4528,5.0000,0.0000,0.4000,0.0000,1788738178.068
9.003,1.4608,5.0000,0.0000,0.4000,0.0000,1788738178.088
9.022,1.4688,5.0000,0.0000,0.4000,0.0000,1788738178.108
9.042,1.4768,5.0000,0.0000,0.4000,0.0000,1788738178.128
9.062,1.4848,5.0000,0.0000,0.4000,0.0000,1788738178.148
9.082,1.4928,5.0000,0.0000,0.4000,0.0000,1788738178.168
9.102,1.5008,5.0000,0.0000,0.4000,0.0000,1788738178.188
9.122,1.5088,5.0000,0.0000,0.4000,0.0000,1788738178.208
9.142,1.5168,5.0000,0.0000,0.4000,0.0000,1788738178.228
9.162,1.5248,5.0000,0.0000,0.4000,0.0000,1788738178.248
9.182,1.5328,5.0000,0.0000,0.4000,0.0000,1788738178.268
9.202,1.5408,5.0000,0.0000,0.4000,0.0000,1788738178.288
9.222,1.5488,5.0000,0.0000,0.4000,0.0000,1788738178.308
9.242,1.5565,5.0000,0.0000,0.3842,0.0000,1788738178.328
9.262,1.5642,5.0000,0.0000,0.3842,0.0000,1788738178.348
9.282,1.5719,5.0000,0.0000,0.3842,0.0000,1788738178.368
9.302,1.5796,5.0000,0.0000,0.3842,0.0000,1788738178.388
9.322,1.5873,5.0000,0.0000,0.3842,0.0000,1788738178.408
9.342,1.5949,5.0000,0.0000,0.3842,0.0000,1788738178.428
9.362,1.6026,5.0000,0.0000,0.3842,0.0000,1788738178.448
9.382,1.6103,5.0000,0.0000,0.3842,0.0000,1788738178.468
9.402,1.6180,5.0000,0.0000,0.3842,0.0000,1788738178.488
9.422,1.6257,5.0000,0.0000,0.3842,0.0000,1788738178.508
9.442,1.6337,5.0000,0.0000,0.4000,0.0000,1788738178.528
9.462,1.6417,5.0000,0.0000,0.4000,0.0000,1788738178.548
9.482,1.6497,5.0000,0.0000,0.4000,0.0000,1788738178.568
9.502,1.6577,5.0000,0.0000,0.4000,0.0000,1788738178.588
9.523,1.6657,5.0000,0.0000,0.4000,0.0000,1788738178.608
9.542,1.6737,5.0000,0.0000,0.4000,0.0000,1788738178.628
9.562,1.6817,5.0000,0.0000,0.4000,0.0000,1788738178.648
9.583,1.6897,5.0000,0.0000,0.4000,0.0000,1788738178.668
9.602,1.6977,5.0000,0.0000,0.4000,0.0000,1788738178.688
9.622,1.7057,5.0000,0.0000,0.4000,0.0000,1788738178.708
9.642,1.7137,5.0000,0.0000,0.4000,0.0000,1788738178.728
9.662,1.7217,5.0000,0.0000,0.4000,0.0000,1788738178.748
9.682,1.7297,5.0000,0.0000,0.4000,0.0000,1788738178.768
9.702,1.7377,5.0000,0.0000,0.4000,0.0000,1788738178.788
9.722,1.7457,5.0000,0.0000,0.4000,0.0000,1788738178.808
9.742,1.7534,5.0000,0.0000,0.3842,0.0000,1788738178.828
9.762,1.7611,5.0000,0.0000,0.3842,0.0000,1788738178.848
9.782,1.7687,5.0000,0.0000,0.3842,0.0000,1788738178.868
9.802,1.7764,5.0000,0.0000,0.3842,0.0000,1788738178.888
9.822,1.7841,5.0000,0.0000,0.3842,0.0000,1788738178.908
9.842,1.7918,5.0000,0.0000,0.3842,0.0000,1788738178.928
9.862,1.7995,5.0000,0.0000,0.3842,0.0000,1788738178.948
9.882,1.8072,5.0000,0.0000,0.3842,0.0000,1788738178.968
9.902,1.8148,5.0000,0.0000,0.3842,0.0000,1788738178.988
9.922,1.8225,5.0000,0.0000,0.3842,0.0000,1788738179.008
9.943,1.8305,5.0000,0.0000,0.4000,0.0000,1788738179.028
9.963,1.8385,5.0000,0.0000,0.4000,0.0000,1788738179.048
9.982,1.8465,5.0000,0.0000,0.4000,0.0000,1788738179.068
10.002,1.8545,5.0000,0.0000,0.4000,0.0000,1788738179.088
10.022,1.8625,5.0000,0.0000,0.4000,0.0000,1788738179.108
10.043,1.8705,5.0000,0.0000,0.4000,0.0000,1788738179.128
10.062,1.8785,5.0000,0.0000,0.4000,0.0000,1788738179.148
10.082,1.8865,5.0000,0.0000,0.4000,0.0000,1788738179.168
10.102,1.8945,5.0000,0.0000,0.4000,0.0000,1788738179.188
10.122,1.9025,5.0000,0.0000,0.4000,0.0000,1788738179.208
10.142,1.9105,5.0000,0.0000,0.4000,0.0000,1788738179.228
10.163,1.9185,5.0000,0.0000,0.4000,0.0000,1788738179.248
10.182,1.9265,5.0000,0.0000,0.4000,0.0000,1788738179.268
10.202,1.9345,5.0000,0.0000,0.4000,0.0000,1788738179.288
10.222,1.9425,5.0000,0.0000,0.4000,0.0000,1788738179.308
10.242,1.9502,5.0000,0.0000,0.3842,0.0000,1788738179.328
10.263,1.9579,5.0000,0.0000,0.3842,0.0000,1788738179.348
10.282,1.9656,5.0000,0.0000,0.3842,0.0000,1788738179.368
10.302,1.9733,5.0000,0.0000,0.3842,0.0000,1788738179.388
10.322,1.9809,5.0000,0.0000,0.3842,0.0000,1788738179.408
10.342,1.9889,5.0000,0.0000,0.4000,0.0000,1788738179.428
10.362,1.9969,5.0000,0.0000,0.4000,0.0000,1788738179.448
10.382,2.0049,5.0000,0.0000,0.4000,0.0000,1788738179.468
10.402,2.0129,5.0000,0.0000,0.4000,0.0000,1788738179.488
10.422,2.0209,5.0000,0.0000,0.4000,0.0000,1788738179.508
10.442,2.0289,5.0000,0.0000,0.4000,0.0000,1788738179.528
10.462,2.0369,5.0000,0.0000,0.4000,0.0000,1788738179.548
10.482,2.0449,5.0000,0.0000,0.4000,0.0000,1788738179.568
10.502,2.0529,5.0000,0.0000,0.4000,0.0000,1788738179.588
10.522,2.0609,5.0000,0.0000,0.4000,0.0000,1788738179.608
10.542,2.0689,5.0000,0.0000,0.4000,0.0000,1788738179.628
10.562,2.0769,5.0000,0.0000,0.4000,0.0000,1788738179.648
10.582,2.0849,5.0000,0.0000,0.4000,0.0000,1788738179.668
10.602,2.0929,5.0000,0.0000,0.4000,0.0000,1788738179.688
10.622,2.1009,5.0000,0.0000,0.4000,0.0000,1788738179.708
10.642,2.1089,5.0000,0.0000,0.4000,0.0000,1788738179.728
10.662,2.1169,5.0000,0.0000,0.4000,0.0000,1788738179.748
10.682,2.1249,5.0000,0.0000,0.4000,0.0000,1788738179.768
10.702,2.1329,5.0000,0.0000,0.4000,0.0000,1788738179.788
10.722,2.1409,5.0000,0.0000,0.4000,0.0000,1788738179.808
10.742,2.1486,5.0000,0.0000,0.3842,0.0000,1788738179.828
10.762,2.1563,5.0000,0.0000,0.3842,0.0000,1788738179.848
10.782,2.1640,5.0000,0.0000,0.3842,0.0000,1788738179.868
10.802,2.1717,5.0000,0.0000,0.3842,0.0000,1788738179.888
10.822,2.1794,5.0000,0.0000,0.3842,0.0000,1788738179.908
10.842,2.1874,5.0000,0.0000,0.4000,0.0000,1788738179.928
10.862,2.1954,5.0000,0.0000,0.4000,0.0000,1788738179.948
10.882,2.2034,5.0000,0.0000,0.4000,0.0000,1788738179.968
10.902,2.2114,5.0000,0.0000,0.4000,0.0000,1788738179.988
10.922,2.2194,5.0000,0.0000,0.4000,0.0000,1788738180.008
10.942,2.2274,5.0000,0.0000,0.4000,0.0000,1788738180.028
10.962,2.2354,5.0000,0.0000,0.4000,0.0000,1788738180.048
10.982,2.2434,5.0000,0.0000,0.4000,0.0000,1788738180.068
11.002,2.2514,5.0000,0.0000,0.4000,0.0000,1788738180.088
11.022,2.2594,5.0000,0.0000,0.4000,0.0000,1788738180.108
11.042,2.2674,5.0000,0.0000,0.4000,0.0000,1788738180.128
11.062,2.2754,5.0000,0.0000,0.4000,0.0000,1788738180.148
11.082,2.2834,5.0000,0.0000,0.4000,0.0000,1788738180.168
11.102,2.2914,5.0000,0.0000,0.4000,0.0000,1788738180.188
11.122,2.2994,5.0000,0.0000,0.4000,0.0000,1788738180.208
11.142,2.3071,5.0000,0.0000,0.3842,0.0000,1788738180.228
11.162,2.3147,5.0000,0.0000,0.3842,0.0000,1788738180.248
11.182,2.3224,5.0000,0.0000,0.3842,0.0000,1788738180.268
11.202,2.3301,5.0000,0.0000,0.3842,0.0000,1788738180.288
11.222,2.3378,5.0000,0.0000,0.3842,0.0000,1788738180.308
11.242,2.3455,5.0000,0.0000,0.3842,0.0000,1788738180.328
11.262,2.3532,5.0000,0.0000,0.3842,0.0000,1788738180.348
11.282,2.3608,5.0000,0.0000,0.3842,0.0000,1788738180.368
11.303,2.3685,5.0000,0.0000,0.3842,0.0000,1788738180.388
11.322,2.3762,5.0000,0.0000,0.3842,0.0000,1788738180.408
11.342,2.3842,5.0000,0.0000,0.4000,0.0000,1788738180.428
11.363,2.3922,5.0000,0.0000,0.4000,0.0000,1788738180.448
11.382,2.4002,5.0000,0.0000,0.4000,0.0000,1788738180.468
11.402,2.4082,5.0000,0.0000,0.4000,0.0000,1788738180.488
11.422,2.4162,5.0000,0.0000,0.4000,0.0000,1788738180.508
11.442,2.4242,5.0000,0.0000,0.4000,0.0000,1788738180.528
11.462,2.4322,5.0000,0.0000,0.4000,0.0000,1788738180.548
11.482,2.4402,5.0000,0.0000,0.4000,0.0000,1788738180.568
11.502,2.4482,5.0000,0.0000,0.4000,0.0000,1788738180.588
11.522,2.4562,5.0000,0.0000,0.4000,0.0000,1788738180.608
11.542,2.4642,5.0000,0.0000,0.4000,0.0000,1788738180.628
11.562,2.4722,5.0000,0.0000,0.4000,0.0000,1788738180.648
11.582,2.4802,5.0000,0.0000,0.4000,0.0000,1788738180.668
11.602,2.4882,5.0000,0.0000,0.4000,0.0000,1788738180.688
11.622,2.4962,5.0000,0.0000,0.4000,0.0000,1788738180.708
11.643,2.5039,5.0000,0.0000,0.3842,0.0000,1788738180.728
11.662,2.5116,5.0000,0.0000,0.3842,0.0000,1788738180.748
11.682,2.5193,5.0000,0.0000,0.3842,0.0000,1788738180.768
11.702,2.5269,5.0000,0.0000,0.3842,0.0000,1788738180.788
11.722,2.5346,5.0000,0.0000,0.3842,0.0000,1788738180.808
11.742,2.5423,5.0000,0.0000,0.3842,0.0000,1788738180.828
11.762,2.5500,5.0000,0.0000,0.3842,0.0000,1788738180.848
11.782,2.5577,5.0000,0.0000,0.3842,0.0000,1788738180.868
11.802,2.5654,5.0000,0.0000,0.3842,0.0000,1788738180.888
11.822,2.5731,5.0000,0.0000,0.3842,0.0000,1788738180.908
11.842,2.5811,5.0000,0.0000,0.4000,0.0000,1788738180.928
11.862,2.5891,5.0000,0.0000,0.4000,0.0000,1788738180.948
11.882,2.5971,5.0000,0.0000,0.4000,0.0000,1788738180.968
11.902,2.6051,5.0000,0.0000,0.4000,0.0000,1788738180.988
11.922,2.6131,5.0000,0.0000,0.4000,0.0000,1788738181.008
11.942,2.6211,5.0000,0.0000,0.4000,0.0000,1788738181.028
11.962,2.6291,5.0000,0.0000,0.4000,0.0000,1788738181.048
11.982,2.6371,5.0000,0.0000,0.4000,0.0000,1788738181.068
12.002,2.6451,5.0000,0.0000,0.4000,0.0000,1788738181.088
12.022,2.6531,5.0000,0.0000,0.4000,0.0000,1788738181.108
12.042,2.6611,5.0000,0.0000,0.4000,0.0000,1788738181.128
12.062,2.6691,5.0000,0.0000,0.4000,0.0000,1788738181.148
12.082,2.6771,5.0000,0.0000,0.4000,0.0000,1788738181.168
12.102,2.6851,5.0000,0.0000,0.4000,0.0000,1788738181.188
12.122,2.6931,5.0000,0.0000,0.4000,0.0000,1788738181.208
12.142,2.7007,5.0000,0.0000,0.3842,0.0000,1788738181.228
12.162,2.7084,5.0000,0.0000,0.3842,0.0000,1788738181.248
12.183,2.7161,5.0000,0.0000,0.3842,0.0000,1788738181.268
12.202,2.7238,5.0000,0.0000,0.3842,0.0000,1788738181.288
12.222,2.7315,5.0000,0.0000,0.3842,0.0000,1788738181.308
12.243,2.7395,5.0000,0.0000,0.4000,0.0000,1788738181.328
12.263,2.7475,5.0000,0.0000,0.4000,0.0000,1788738181.348
12.282,2.7555,5.0000,0.0000,0.4000,0.0000,1788738181.368
12.302,2.7635,5.0000,0.0000,0.4000,0.0000,1788738181.388
12.322,2.7715,5.0000,0.0000,0.4000,0.0000,1788738181.408
12.342,2.7795,5.0000,0.0000,0.4000,0.0000,1788738181.428
12.362,2.7875,5.0000,0.0000,0.4000,0.0000,1788738181.448
12.382,2.7955,5.0000,0.0000,0.4000,0.0000,1788738181.468
12.402,2.8035,5.0000,0.0000,0.4000,0.0000,1788738181.488
12.422,2.8115,5.0000,0.0000,0.4000,0.0000,1788738181.508
12.442,2.8195,5.0000,0.0000,0.4000,0.0000,1788738181.528
12.462,2.8275,5.0000,0.0000,0.4000,0.0000,1788738181.548
12.482,2.8355,5.0000,0.0000,0.4000,0.0000,1788738181.568
12.502,2.8435,5.0000,0.0000,0.4000,0.0000,1788738181.588
12.522,2.8515,5.0000,0.0000,0.4000,0.0000,1788738181.608
12.542,2.8595,5.0000,0.0000,0.4000,0.0000,1788738181.628
12.562,2.8675,5.0000,0.0000,0.4000,0.0000,1788738181.648
12.582,2.8755,5.0000,0.0000,0.4000,0.0000,1788738181.668
12.602,2.8835,5.0000,0.0000,0.4000,0.0000,1788738181.688
12.622,2.8915,5.0000,0.0000,0.4000,0.0000,1788738181.708
12.642,2.8992,5.0000,0.0000,0.3842,0.0000,1788738181.728
12.662,2.9068,5.0000,0.0000,0.3842,0.0000,1788738181.748
12.682,2.9145,5.0000,0.0000,0.3842,0.0000,1788738181.768
12.702,2.9222,5.0000,0.0000,0.3842,0.0000,1788738181.788
12.722,2.9299,5.0000,0.0000,0.3842,0.0000,1788738181.808
12.742,2.9379,5.0000,0.0000,0.4000,0.0000,1788738181.828
12.762,2.9459,5.0000,0.0000,0.4000,0.0000,1788738181.848
12.783,2.9539,5.0000,0.0000,0.4000,0.0000,1788738181.868
12.803,2.9619,5.0000,0.0000,0.4000,0.0000,1788738181.888
12.822,2.9699,5.0000,0.0000,0.4000,0.0000,1788738181.908
12.842,2.9779,5.0000,0.0000,0.4000,0.0000,1788738181.928
12.862,2.9859,5.0000,0.0000,0.4000,0.0000,1788738181.948
12.883,2.9939,5.0000,0.0000,0.4000,0.0000,1788738181.968
12.902,3.0019,5.0000,0.0000,0.4000,0.0000,1788738181.988
12.922,3.0099,5.0000,0.0000,0.4000,0.0000,1788738182.008
12.942,3.0179,5.0000,0.0000,0.4000,0.0000,1788738182.028
12.962,3.0259,5.0000,0.0000,0.4000,0.0000,1788738182.048
12.982,3.0339,5.0000,0.0000,0.4000,0.0000,1788738182.068
13.002,3.0419,5.0000,0.0000,0.4000,0.0000,1788738182.088
13.022,3.0499,5.0000,0.0000,0.4000,0.0000,1788738182.108
13.042,3.0576,5.0000,0.0000,0.3842,0.0000,1788738182.128
13.062,3.0653,5.0000,0.0000,0.3842,0.0000,1788738182.148
13.082,3.0729,5.0000,0.0000,0.3842,0.0000,1788738182.168
13.102,3.0806,5.0000,0.0000,0.3842,0.0000,1788738182.188
13.122,3.0883,5.0000,0.0000,0.3842,0.0000,1788738182.208
13.142,3.0960,5.0000,0.0000,0.3842,0.0000,1788738182.228
13.163,3.1037,5.0000,0.0000,0.3842,0.0000,1788738182.248
13.183,3.1114,5.0000,0.0000,0.3842,0.0000,1788738182.268
13.203,3.1191,5.0000,0.0000,0.3842,0.0000,1788738182.288
13.222,3.1267,5.0000,0.0000,0.3842,0.0000,1788738182.308
13.243,3.1347,5.0000,0.0000,0.4000,0.0000,1788738182.328
13.263,3.1427,5.0000,0.0000,0.4000,0.0000,1788738182.348
13.282,3.1507,5.0000,0.0000,0.4000,0.0000,1788738182.368
13.302,3.1587,5.0000,0.0000,0.4000,0.0000,1788738182.388
13.322,3.1667,5.0000,0.0000,0.4000,0.0000,1788738182.408
13.342,3.1747,5.0000,0.0000,0.4000,0.0000,1788738182.428
13.362,3.1827,5.0000,0.0000,0.4000,0.0000,1788738182.448
13.382,3.1907,5.0000,0.0000,0.4000,0.0000,1788738182.468
13.403,3.1987,5.0000,0.0000,0.4000,0.0000,1788738182.488
13.422,3.2067,5.0000,0.0000,0.4000,0.0000,1788738182.508
13.442,3.2147,5.0000,0.0000,0.4000,0.0000,1788738182.528
13.462,3.2227,5.0000,0.0000,0.4000,0.0000,1788738182.548
13.483,3.2307,5.0000,0.0000,0.4000,0.0000,1788738182.568
13.502,3.2387,5.0000,0.0000,0.4000,0.0000,1788738182.588
13.522,3.2467,5.0000,0.0000,0.4000,0.0000,1788738182.608
13.542,3.2544,5.0000,0.0000,0.3842,0.0000,1788738182.628
13.562,3.2621,5.0000,0.0000,0.3842,0.0000,1788738182.648
13.582,3.2698,5.0000,0.0000,0.3842,0.0000,1788738182.668
13.602,3.2775,5.0000,0.0000,0.3842,0.0000,1788738182.688
13.622,3.2852,5.0000,0.0000,0.3842,0.0000,1788738182.708
13.642,3.2928,5.0000,0.0000,0.3842,0.0000,1788738182.728
13.662,3.3005,5.0000,0.0000,0.3842,0.0000,1788738182.748
13.682,3.3082,5.0000,0.0000,0.3842,0.0000,1788738182.768
13.702,3.3159,5.0000,0.0000,0.3842,0.0000,1788738182.788
13.722,3.3236,5.0000,0.0000,0.3842,0.0000,1788738182.808
13.742,3.3316,5.0000,0.0000,0.4000,0.0000,1788738182.828
13.762,3.3396,5.0000,0.0000,0.4000,0.0000,1788738182.848
13.782,3.3476,5.0000,0.0000,0.4000,0.0000,1788738182.868
13.802,3.3556,5.0000,0.0000,0.4000,0.0000,1788738182.888
13.822,3.3636,5.0000,0.0000,0.4000,0.0000,1788738182.908
13.842,3.3716,5.0000,0.0000,0.4000,0.0000,1788738182.928
13.862,3.3796,5.0000,0.0000,0.4000,0.0000,1788738182.948
13.882,3.3876,5.0000,0.0000,0.4000,0.0000,1788738182.968
13.902,3.3956,5.0000,0.0000,0.4000,0.0000,1788738182.988
13.922,3.4036,5.0000,0.0000,0.4000,0.0000,1788738183.008
13.942,3.4116,5.0000,0.0000,0.4000,0.0000,1788738183.028
13.962,3.4196,5.0000,0.0000,0.4000,0.0000,1788738183.048
13.982,3.4276,5.0000,0.0000,0.4000,0.0000,1788738183.068
14.002,3.4356,5.0000,0.0000,0.4000,0.0000,1788738183.088
14.022,3.4436,5.0000,0.0000,0.4000,0.0000,1788738183.108
14.042,3.4513,5.0000,0.0000,0.3842,0.0000,1788738183.128
14.062,3.4589,5.0000,0.0000,0.3842,0.0000,1788738183.148
14.082,3.4666,5.0000,0.0000,0.3842,0.0000,1788738183.168
14.102,3.4743,5.0000,0.0000,0.3842,0.0000,1788738183.188
14.122,3.4820,5.0000,0.0000,0.3842,0.0000,1788738183.208
14.143,3.4897,5.0000,0.0000,0.3842,0.0000,1788738183.228
14.162,3.4974,5.0000,0.0000,0.3842,0.0000,1788738183.248
14.182,3.5051,5.0000,0.0000,0.3842,0.0000,1788738183.268
14.202,3.5127,5.0000,0.0000,0.3842,0.0000,1788738183.288
14.222,3.5204,5.0000,0.0000,0.3842,0.0000,1788738183.308
14.242,3.5284,5.0000,0.0000,0.4000,0.0000,1788738183.328
14.262,3.5364,5.0000,0.0000,0.4000,0.0000,1788738183.348
14.282,3.5444,5.0000,0.0000,0.4000,0.0000,1788738183.368
14.302,3.5524,5.0000,0.0000,0.4000,0.0000,1788738183.388
14.322,3.5604,5.0000,0.0000,0.4000,0.0000,1788738183.408
14.342,3.5684,5.0000,0.0000,0.4000,0.0000,1788738183.428
14.362,3.5764,5.0000,0.0000,0.4000,0.0000,1788738183.448
14.382,3.5844,5.0000,0.0000,0.4000,0.0000,1788738183.468
14.402,3.5924,5.0000,0.0000,0.4000,0.0000,1788738183.488
14.422,3.6004,5.0000,0.0000,0.4000,0.0000,1788738183.508
14.442,3.6084,5.0000,0.0000,0.4000,0.0000,1788738183.528
14.462,3.6164,5.0000,0.0000,0.4000,0.0000,1788738183.548
14.482,3.6244,5.0000,0.0000,0.4000,0.0000,1788738183.568
14.502,3.6324,5.0000,0.0000,0.4000,0.0000,1788738183.588
14.522,3.6404,5.0000,0.0000,0.4000,0.0000,1788738183.608
14.542,3.6481,5.0000,0.0000,0.3842,0.0000,1788738183.628
14.562,3.6558,5.0000,0.0000,0.3842,0.0000,1788738183.648
14.582,3.6635,5.0000,0.0000,0.3842,0.0000,1788738183.668
14.602,3.6712,5.0000,0.0000,0.3842,0.0000,1788738183.688
14.622,3.6788,5.0000,0.0000,0.3842,0.0000,1788738183.708
14.642,3.6868,5.0000,0.0000,0.4000,0.0000,1788738183.728
14.662,3.6948,5.0000,0.0000,0.4000,0.0000,1788738183.748
14.682,3.7028,5.0000,0.0000,0.4000,0.0000,1788738183.768
14.702,3.7108,5.0000,0.0000,0.4000,0.0000,1788738183.788
14.722,3.7188,5.0000,0.0000,0.4000,0.0000,1788738183.808
14.743,3.7268,5.0000,0.0000,0.4000,0.0000,1788738183.828
14.762,3.7348,5.0000,0.0000,0.4000,0.0000,1788738183.848
14.782,3.7428,5.0000,0.0000,0.4000,0.0000,1788738183.868
14.802,3.7508,5.0000,0.0000,0.4000,0.0000,1788738183.888
14.822,3.7588,5.0000,0.0000,0.4000,0.0000,1788738183.908
14.842,3.7668,5.0000,0.0000,0.4000,0.0000,1788738183.928
14.862,3.7748,5.0000,0.0000,0.4000,0.0000,1788738183.948
14.882,3.7828,5.0000,0.0000,0.4000,0.0000,1788738183.968
14.903,3.7908,5.0000,0.0000,0.4000,0.0000,1788738183.988
14.922,3.7988,5.0000,0.0000,0.4000,0.0000,1788738184.008
14.943,3.8065,5.0000,0.0000,0.3842,0.0000,1788738184.028
14.962,3.8142,5.0000,0.0000,0.3842,0.0000,1788738184.048
14.982,3.8219,5.0000,0.0000,0.3842,0.0000,1788738184.068
15.002,3.8296,5.0000,0.0000,0.3842,0.0000,1788738184.088
15.022,3.8373,5.0000,0.0000,0.3842,0.0000,1788738184.108
15.042,3.8449,5.0000,0.0000,0.3842,0.0000,1788738184.128
15.062,3.8526,5.0000,0.0000,0.3842,0.0000,1788738184.148
15.082,3.8603,5.0000,0.0000,0.3842,0.0000,1788738184.168
15.102,3.8680,5.0000,0.0000,0.3842,0.0000,1788738184.188
15.122,3.8757,5.0000,0.0000,0.3842,0.0000,1788738184.208
15.142,3.8837,5.0000,0.0000,0.4000,0.0000,1788738184.228
15.162,3.8917,5.0000,0.0000,0.4000,0.0000,1788738184.248
15.182,3.8997,5.0000,0.0000,0.4000,0.0000,1788738184.268
15.203,3.9077,5.0000,0.0000,0.4000,0.0000,1788738184.288
15.222,3.9157,5.0000,0.0000,0.4000,0.0000,1788738184.308
15.242,3.9237,5.0000,0.0000,0.4000,0.0000,1788738184.328
15.262,3.9317,5.0000,0.0000,0.4000,0.0000,1788738184.348
15.283,3.9397,5.0000,0.0000,0.4000,0.0000,1788738184.368
15.302,3.9477,5.0000,0.0000,0.4000,0.0000,1788738184.388
15.322,3.9557,5.0000,0.0000,0.4000,0.0000,1788738184.408
15.342,3.9637,5.0000,0.0000,0.4000,0.0000,1788738184.428
15.362,3.9717,5.0000,0.0000,0.4000,0.0000,1788738184.448
15.382,3.9797,5.0000,0.0000,0.4000,0.0000,1788738184.468
15.402,3.9877,5.0000,0.0000,0.4000,0.0000,1788738184.488
15.422,3.9957,5.0000,0.0000,0.4000,0.0000,1788738184.508
15.442,4.0034,5.0000,0.0000,0.3842,0.0000,1788738184.528
15.462,4.0111,5.0000,0.0000,0.3842,0.0000,1788738184.548
15.482,4.0187,5.0000,0.0000,0.3842,0.0000,1788738184.568
15.502,4.0264,5.0000,0.0000,0.3842,0.0000,1788738184.588
15.522,4.0341,5.0000,0.0000,0.3842,0.0000,1788738184.608
15.542,4.0399,5.0000,0.0000,0.2895,0.0000,1788738184.628
15.562,4.0457,5.0000,0.0000,0.2895,0.0000,1788738184.648
15.582,4.0515,5.0000,0.0000,0.2895,0.0000,1788738184.668
15.602,4.0573,5.0000,0.0000,0.2895,0.0000,1788738184.688
15.622,4.0631,5.0000,0.0000,0.2895,0.0000,1788738184.708
15.642,4.0685,5.0000,0.0000,0.2737,0.0000,1788738184.728
15.662,4.0740,5.0000,0.0000,0.2737,0.0000,1788738184.748
15.682,4.0795,5.0000,0.0000,0.2737,0.0000,1788738184.768
15.702,4.0849,5.0000,0.0000,0.2737,0.0000,1788738184.788
15.722,4.0904,5.0000,0.0000,0.2737,0.0000,1788738184.808
15.742,4.0953,5.0000,0.0000,0.2421,0.0000,1788738184.828
15.762,4.1001,5.0000,0.0000,0.2421,0.0000,1788738184.848
15.782,4.1049,5.0000,0.0000,0.2421,0.0000,1788738184.868
15.802,4.1098,5.0000,0.0000,0.2421,0.0000,1788738184.888
15.822,4.1146,5.0000,0.0000,0.2421,0.0000,1788738184.908
15.842,4.1192,5.0000,0.0000,0.2263,0.0000,1788738184.928
15.863,4.1237,5.0000,0.0000,0.2263,0.0000,1788738184.948
15.882,4.1282,5.0000,0.0000,0.2263,0.0000,1788738184.968
15.902,4.1327,5.0000,0.0000,0.2263,0.0000,1788738184.988
15.922,4.1373,5.0000,0.0000,0.2263,0.0000,1788738185.008
15.942,4.1412,5.0000,-0.0011,0.1947,-0.0526,1788738185.028
15.962,4.1451,5.0000,-0.0021,0.1947,-0.0526,1788738185.048
15.983,4.1489,5.0000,-0.0032,0.1947,-0.0526,1788738185.068
16.002,4.1528,5.0000,-0.0042,0.1947,-0.0526,1788738185.088
16.022,4.1567,4.9999,-0.0053,0.1947,-0.0526,1788738185.108
16.042,4.1603,4.9999,-0.0053,0.1789,0.0000,1788738185.128
16.063,4.1639,4.9999,-0.0053,0.1789,0.0000,1788738185.148
16.082,4.1675,4.9999,-0.0053,0.1789,0.0000,1788738185.168
16.102,4.1711,4.9999,-0.0053,0.1789,0.0000,1788738185.188
16.122,4.1746,4.9998,-0.0053,0.1789,0.0000,1788738185.208
16.142,4.1769,4.9998,-0.0063,0.1158,-0.0526,1788738185.228
16.162,4.1793,4.9998,-0.0074,0.1158,-0.0526,1788738185.248
16.182,4.1816,4.9998,-0.0084,0.1158,-0.0526,1788738185.268
16.202,4.1839,4.9998,-0.0095,0.1158,-0.0526,1788738185.288
16.222,4.1862,4.9997,-0.0105,0.1158,-0.0526,1788738185.308
16.242,4.1885,4.9997,-0.0116,0.1158,-0.0526,1788738185.328
16.262,4.1908,4.9997,-0.0126,0.1158,-0.0526,1788738185.348
16.282,4.1932,4.9997,-0.0137,0.1158,-0.0526,1788738185.368
16.302,4.1955,4.9996,-0.0147,0.1158,-0.0526,1788738185.388
16.322,4.1978,4.9996,-0.0158,0.1158,-0.0526,1788738185.408
16.342,4.2001,4.9996,-0.0158,0.1158,0.0000,1788738185.428
16.362,4.2024,4.9995,-0.0158,0.1158,0.0000,1788738185.448
16.382,4.2047,4.9995,-0.0158,0.1158,0.0000,1788738185.468
16.402,4.2070,4.9994,-0.0158,0.1158,0.0000,1788738185.488
16.422,4.2094,4.9994,-0.0158,0.1158,0.0000,1788738185.508
16.442,4.2114,4.9994,-0.0168,0.1000,-0.0526,1788738185.528
16.462,4.2134,4.9993,-0.0179,0.1000,-0.0526,1788738185.548
16.482,4.2154,4.9993,-0.0189,0.1000,-0.0526,1788738185.568
16.502,4.2174,4.9993,-0.0200,0.1000,-0.0526,1788738185.588
16.522,4.2194,4.9992,-0.0211,0.1000,-0.0526,1788738185.608
16.542,4.2214,4.9992,-0.0211,0.1000,0.0000,1788738185.628
16.562,4.2234,4.9991,-0.0211,0.1000,0.0000,1788738185.648
16.582,4.2254,4.9991,-0.0211,0.1000,0.0000,1788738185.668
16.602,4.2274,4.9990,-0.0211,0.1000,0.0000,1788738185.688
16.622,4.2294,4.9990,-0.0211,0.1000,0.0000,1788738185.708
16.642,4.2314,4.9990,-0.0211,0.1000,0.0000,1788738185.728
16.662,4.2334,4.9989,-0.0211,0.1000,0.0000,1788738185.748
16.682,4.2354,4.9989,-0.0211,0.1000,0.0000,1788738185.768
16.702,4.2374,4.9988,-0.0211,0.1000,0.0000,1788738185.788
16.722,4.2394,4.9988,-0.0211,0.1000,0.0000,1788738185.808
16.742,4.2414,4.9988,-0.0211,0.1000,0.0000,1788738185.828
16.763,4.2434,4.9987,-0.0211,0.1000,0.0000,1788738185.848
16.782,4.2454,4.9987,-0.0211,0.1000,0.0000,1788738185.868
16.802,4.2474,4.9986,-0.0211,0.1000,0.0000,1788738185.888
16.823,4.2494,4.9986,-0.0211,0.1000,0.0000,1788738185.908
16.842,4.2514,4.9985,-0.0211,0.1000,0.0000,1788738185.928
16.863,4.2534,4.9985,-0.0211,0.1000,0.0000,1788738185.948
16.883,4.2554,4.9985,-0.0211,0.1000,0.0000,1788738185.968
16.902,4.2574,4.9984,-0.0211,0.1000,0.0000,1788738185.988
16.922,4.2594,4.9984,-0.0211,0.1000,0.0000,1788738186.008
16.942,4.2614,4.9983,-0.0137,0.1000,0.3684,1788738186.028
16.962,4.2634,4.9983,-0.0063,0.1000,0.3684,1788738186.048
16.982,4.2654,4.9983,0.0011,0.1000,0.3684,1788738186.068
17.002,4.2674,4.9984,0.0084,0.1000,0.3684,1788738186.088
17.022,4.2694,4.9984,0.0158,0.1000,0.3684,1788738186.108
17.042,4.2714,4.9984,0.0253,0.1000,0.4737,1788738186.128
17.062,4.2734,4.9985,0.0347,0.1000,0.4737,1788738186.148
17.082,4.2754,4.9986,0.0442,0.1000,0.4737,1788738186.168
17.102,4.2773,4.9987,0.0537,0.1000,0.4737,1788738186.188
17.122,4.2793,4.9988,0.0632,0.1000,0.4737,1788738186.208
17.142,4.2813,4.9990,0.0726,0.1000,0.4737,1788738186.228
17.162,4.2833,4.9991,0.0821,0.1000,0.4737,1788738186.248
17.182,4.2853,4.9993,0.0916,0.1000,0.4737,1788738186.268
17.202,4.2873,4.9995,0.1011,0.1000,0.4737,1788738186.288
17.222,4.2893,4.9997,0.1105,0.1000,0.4737,1788738186.308
17.242,4.2913,5.0000,0.1074,0.1000,-0.1579,1788738186.328
17.262,4.2933,5.0002,0.1042,0.1000,-0.1579,1788738186.348
17.282,4.2953,5.0004,0.1011,0.1000,-0.1579,1788738186.368
17.302,4.2973,5.0006,0.0979,0.1000,-0.1579,1788738186.388
17.322,4.2992,5.0007,0.0947,0.1000,-0.1579,1788738186.408
17.342,4.3012,5.0009,0.0916,0.1000,-0.1579,1788738186.428
17.362,4.3032,5.0011,0.0884,0.1000,-0.1579,1788738186.448
17.382,4.3052,5.0013,0.0853,0.1000,-0.1579,1788738186.468
17.402,4.3072,5.0014,0.0821,0.1000,-0.1579,1788738186.488
17.422,4.3092,5.0016,0.0789,0.1000,-0.1579,1788738186.508
17.442,4.3112,5.0018,0.0947,0.1000,0.7895,1788738186.528
17.462,4.3132,5.0020,0.1105,0.1000,0.7895,1788738186.548
17.483,4.3152,5.0023,0.1263,0.1000,0.7895,1788738186.568
17.502,4.3172,5.0025,0.1421,0.1000,0.7895,1788738186.588
17.522,4.3191,5.0029,0.1579,0.1000,0.7895,1788738186.608
17.543,4.3211,5.0032,0.1758,0.1000,0.8947,1788738186.628
17.563,4.3231,5.0036,0.1937,0.1000,0.8947,1788738186.648
17.582,4.3250,5.0040,0.2116,0.1000,0.8947,1788738186.668
17.603,4.3270,5.0045,0.2295,0.1000,0.8947,1788738186.688
17.622,4.3289,5.0050,0.2474,0.1000,0.8947,1788738186.708
17.643,4.3308,5.0055,0.2674,0.1000,1.0000,1788738186.728
17.662,4.3328,5.0061,0.2874,0.1000,1.0000,1788738186.748
17.682,4.3347,5.0067,0.3074,0.1000,1.0000,1788738186.768
17.702,4.3366,5.0073,0.3274,0.1000,1.0000,1788738186.788
17.722,4.3384,5.0080,0.3474,0.1000,1.0000,1788738186.808
17.743,4.3403,5.0087,0.3674,0.1000,1.0000,1788738186.828
17.763,4.3422,5.0095,0.3874,0.1000,1.0000,1788738186.848
17.782,4.3440,5.0103,0.4074,0.1000,1.0000,1788738186.868
17.802,4.3458,5.0111,0.4274,0.1000,1.0000,1788738186.888
17.822,4.3476,5.0119,0.4474,0.1000,1.0000,1788738186.908
17.843,4.3494,5.0128,0.4674,0.1000,1.0000,1788738186.928
17.862,4.3512,5.0138,0.4874,0.1000,1.0000,1788738186.948
17.882,4.3529,5.0148,0.5074,0.1000,1.0000,1788738186.968
17.902,4.3546,5.0158,0.5274,0.1000,1.0000,1788738186.988
17.922,4.3563,5.0168,0.5474,0.1000,1.0000,1788738187.008
17.942,4.3580,5.0179,0.5674,0.1000,1.0000,1788738187.028
17.962,4.3597,5.0190,0.5874,0.1000,1.0000,1788738187.048
17.982,4.3613,5.0201,0.6074,0.1000,1.0000,1788738187.068
18.002,4.3630,5.0213,0.6274,0.1000,1.0000,1788738187.088
18.022,4.3646,5.0225,0.6474,0.1000,1.0000,1788738187.108
18.042,4.3661,5.0237,0.6674,0.1000,1.0000,1788738187.128
18.062,4.3677,5.0250,0.6874,0.1000,1.0000,1788738187.148
18.082,4.3692,5.0263,0.7074,0.1000,1.0000,1788738187.168
18.102,4.3707,5.0276,0.7274,0.1000,1.0000,1788738187.188
18.122,4.3722,5.0290,0.7474,0.1000,1.0000,1788738187.208
18.142,4.3736,5.0304,0.7674,0.1000,1.0000,1788738187.228
18.162,4.3750,5.0318,0.7874,0.1000,1.0000,1788738187.248
18.182,4.3764,5.0333,0.8074,0.1000,1.0000,1788738187.268
18.202,4.3777,5.0347,0.8274,0.1000,1.0000,1788738187.288
18.222,4.3791,5.0362,0.8474,0.1000,1.0000,1788738187.308
18.242,4.3804,5.0377,0.8674,0.1000,1.0000,1788738187.328
18.262,4.3816,5.0393,0.8874,0.1000,1.0000,1788738187.348
18.282,4.3829,5.0409,0.9074,0.1000,1.0000,1788738187.368
18.302,4.3841,5.0425,0.9274,0.1000,1.0000,1788738187.388
18.322,4.3852,5.0441,0.9474,0.1000,1.0000,1788738187.408
18.342,4.3864,5.0457,0.9674,0.1000,1.0000,1788738187.428
18.362,4.3875,5.0474,0.9874,0.1000,1.0000,1788738187.448
18.382,4.3885,5.0491,1.0074,0.1000,1.0000,1788738187.468
18.402,4.3896,5.0508,1.0274,0.1000,1.0000,1788738187.488
18.422,4.3906,5.0526,1.0474,0.1000,1.0000,1788738187.508
18.442,4.3915,5.0543,1.0674,0.1000,1.0000,1788738187.528
18.462,4.3925,5.0561,1.0874,0.1000,1.0000,1788738187.548
18.482,4.3933,5.0579,1.1074,0.1000,1.0000,1788738187.568
18.502,4.3942,5.0597,1.1274,0.1000,1.0000,1788738187.588
18.522,4.3950,5.0615,1.1474,0.1000,1.0000,1788738187.608
18.543,4.3958,5.0633,1.1674,0.1000,1.0000,1788738187.628
18.562,4.3966,5.0652,1.1874,0.1000,1.0000,1788738187.648
18.583,4.3973,5.0671,1.2074,0.1000,1.0000,1788738187.668
18.602,4.3979,5.0689,1.2274,0.1000,1.0000,1788738187.688
18.622,4.3986,5.0708,1.2474,0.1000,1.0000,1788738187.708
18.642,4.3992,5.0727,1.2674,0.1000,1.0000,1788738187.728
18.662,4.3997,5.0747,1.2874,0.1000,1.0000,1788738187.748
18.682,4.4003,5.0766,1.3074,0.1000,1.0000,1788738187.768
18.702,4.4007,5.0785,1.3274,0.1000,1.0000,1788738187.788
18.722,4.4012,5.0805,1.3474,0.1000,1.0000,1788738187.808
18.742,4.4016,5.0824,1.3674,0.1000,1.0000,1788738187.828
18.762,4.4020,5.0844,1.3874,0.1000,1.0000,1788738187.848
18.782,4.4023,5.0864,1.4074,0.1000,1.0000,1788738187.868
18.802,4.4026,5.0884,1.4274,0.1000,1.0000,1788738187.888
18.822,4.4028,5.0903,1.4474,0.1000,1.0000,1788738187.908
18.842,4.4030,5.0923,1.4674,0.1000,1.0000,1788738187.928
18.862,4.4032,5.0943,1.4874,0.1000,1.0000,1788738187.948
18.882,4.4033,5.0963,1.5074,0.1000,1.0000,1788738187.968
18.902,4.4034,5.0983,1.5274,0.1000,1.0000,1788738187.988
18.922,4.4034,5.1003,1.5474,0.1000,1.0000,1788738188.008
18.942,4.4035,5.1023,1.5674,0.1000,1.0000,1788738188.028
18.962,4.4034,5.1043,1.5874,0.1000,1.0000,1788738188.048
18.982,4.4033,5.1063,1.6074,0.1000,1.0000,1788738188.068
19.002,4.4032,5.1083,1.6274,0.1000,1.0000,1788738188.088
19.022,4.4031,5.1103,1.6474,0.1000,1.0000,1788738188.108
19.042,4.4029,5.1123,1.6674,0.1000,1.0000,1788738188.128
19.062,4.4027,5.1143,1.6874,0.1000,1.0000,1788738188.148
19.082,4.4024,5.1163,1.7074,0.1000,1.0000,1788738188.168
19.102,4.4021,5.1182,1.7274,0.1000,1.0000,1788738188.188
19.122,4.4017,5.1202,1.7474,0.1000,1.0000,1788738188.208
19.142,4.4013,5.1222,1.7674,0.1000,1.0000,1788738188.228
19.162,4.4009,5.1241,1.7874,0.1000,1.0000,1788738188.248
19.182,4.4004,5.1261,1.8074,0.1000,1.0000,1788738188.268
19.202,4.3999,5.1280,1.8274,0.1000,1.0000,1788738188.288
19.222,4.3994,5.1299,1.8474,0.1000,1.0000,1788738188.308
19.243,4.3988,5.1318,1.8674,0.1000,1.0000,1788738188.328
19.262,4.3982,5.1337,1.8874,0.1000,1.0000,1788738188.348
19.282,4.3975,5.1356,1.9074,0.1000,1.0000,1788738188.368
19.302,4.3968,5.1375,1.9274,0.1000,1.0000,1788738188.388
19.322,4.3961,5.1394,1.9474,0.1000,1.0000,1788738188.408
19.342,4.3953,5.1412,1.9674,0.1000,1.0000,1788738188.428
19.362,4.3945,5.1430,1.9874,0.1000,1.0000,1788738188.448
19.382,4.3936,5.1449,2.0074,0.1000,1.0000,1788738188.468
19.402,4.3928,5.1467,2.0274,0.1000,1.0000,1788738188.488
19.422,4.3918,5.1484,2.0474,0.1000,1.0000,1788738188.508
19.442,4.3909,5.1502,2.0653,0.1000,0.8947,1788738188.528
19.462,4.3899,5.1519,2.0832,0.1000,0.8947,1788738188.548
19.482,4.3889,5.1537,2.1011,0.1000,0.8947,1788738188.568
19.502,4.3879,5.1554,2.1189,0.1000,0.8947,1788738188.588
19.523,4.3868,5.1571,2.1368,0.1000,0.8947,1788738188.608
19.542,4.3857,5.1587,2.1547,0.1000,0.8947,1788738188.628
19.562,4.3846,5.1604,2.1726,0.1000,0.8947,1788738188.648
19.582,4.3834,5.1620,2.1905,0.1000,0.8947,1788738188.668
19.603,4.3822,5.1636,2.2084,0.1000,0.8947,1788738188.688
19.622,4.3810,5.1652,2.2263,0.1000,0.8947,1788738188.708
19.642,4.3797,5.1668,2.2442,0.1000,0.8947,1788738188.728
19.662,4.3785,5.1683,2.2621,0.1000,0.8947,1788738188.748
19.682,4.3772,5.1698,2.2800,0.1000,0.8947,1788738188.768
19.702,4.3758,5.1713,2.2979,0.1000,0.8947,1788738188.788
19.722,4.3745,5.1728,2.3158,0.1000,0.8947,1788738188.808
19.742,4.3731,5.1742,2.3316,0.1000,0.7895,1788738188.828
19.762,4.3717,5.1757,2.3474,0.1000,0.7895,1788738188.848
19.782,4.3703,5.1771,2.3632,0.1000,0.7895,1788738188.868
19.802,4.3688,5.1784,2.3789,0.1000,0.7895,1788738188.888
19.822,4.3674,5.1798,2.3947,0.1000,0.7895,1788738188.908
19.842,4.3659,5.1811,2.4105,0.1000,0.7895,1788738188.928
19.863,4.3644,5.1824,2.4263,0.1000,0.7895,1788738188.948
19.883,4.3628,5.1837,2.4421,0.1000,0.7895,1788738188.968
19.902,4.3613,5.1850,2.4579,0.1000,0.7895,1788738188.988
19.923,4.3597,5.1862,2.4737,0.1000,0.7895,1788738189.008
19.943,4.3581,5.1875,2.4874,0.1000,0.6842,1788738189.028
19.962,4.3565,5.1886,2.5011,0.1000,0.6842,1788738189.048
19.982,4.3549,5.1898,2.5147,0.1000,0.6842,1788738189.068
20.002,4.3533,5.1910,2.5284,0.1000,0.6842,1788738189.088
20.022,4.3516,5.1921,2.5421,0.1000,0.6842,1788738189.108
20.042,4.3499,5.1932,2.5558,0.1000,0.6842,1788738189.128
20.062,4.3483,5.1943,2.5695,0.1000,0.6842,1788738189.148
20.082,4.3466,5.1953,2.5832,0.1000,0.6842,1788738189.168
20.102,4.3449,5.1964,2.5968,0.1000,0.6842,1788738189.188
20.122,4.3431,5.1974,2.6105,0.1000,0.6842,1788738189.208
20.142,4.3414,5.1984,2.6242,0.1000,0.6842,1788738189.228
20.162,4.3396,5.1994,2.6379,0.1000,0.6842,1788738189.248
20.182,4.3379,5.2003,2.6516,0.1000,0.6842,1788738189.268
20.202,4.3361,5.2012,2.6653,0.1000,0.6842,1788738189.288
20.222,4.3343,5.2021,2.6789,0.1000,0.6842,1788738189.308
20.242,4.3325,5.2030,2.6905,0.1000,0.5789,1788738189.328
20.262,4.3307,5.2038,2.7021,0.1000,0.5789,1788738189.348
20.282,4.3289,5.2047,2.7137,0.1000,0.5789,1788738189.368
20.302,4.3270,5.2055,2.7253,0.1000,0.5789,1788738189.388
20.322,4.3252,5.2063,2.7368,0.1000,0.5789,1788738189.408
20.342,4.3234,5.2070,2.7484,0.1000,0.5789,1788738189.428
20.362,4.3215,5.2078,2.7600,0.1000,0.5789,1788738189.448
20.382,4.3196,5.2085,2.7716,0.1000,0.5789,1788738189.468
20.402,4.3178,5.2092,2.7832,0.1000,0.5789,1788738189.488
20.422,4.3159,5.2099,2.7947,0.1000,0.5789,1788738189.508
20.442,4.3140,5.2105,2.8063,0.1000,0.5789,1788738189.528
20.462,4.3121,5.2112,2.8179,0.1000,0.5789,1788738189.548
20.482,4.3102,5.2118,2.8295,0.1000,0.5789,1788738189.568
20.502,4.3083,5.2124,2.8411,0.1000,0.5789,1788738189.588
20.523,4.3064,5.2129,2.8526,0.1000,0.5789,1788738189.608
20.542,4.3045,5.2135,2.8621,0.1000,0.4737,1788738189.628
20.562,4.3025,5.2140,2.8716,0.1000,0.4737,1788738189.648
20.582,4.3006,5.2145,2.8811,0.1000,0.4737,1788738189.668
20.602,4.2987,5.2150,2.8905,0.1000,0.4737,1788738189.688
20.622,4.2967,5.2155,2.9000,0.1000,0.4737,1788738189.708
20.642,4.2948,5.2160,2.9095,0.1000,0.4737,1788738189.728
20.662,4.2928,5.2164,2.9189,0.1000,0.4737,1788738189.748
20.682,4.2909,5.2168,2.9284,0.1000,0.4737,1788738189.768
20.702,4.2889,5.2172,2.9379,0.1000,0.4737,1788738189.788
20.722,4.2869,5.2176,2.9474,0.1000,0.4737,1788738189.808
20.743,4.2850,5.2180,2.9568,0.1000,0.4737,1788738189.828
20.762,4.2830,5.2183,2.9663,0.1000,0.4737,1788738189.848
20.782,4.2810,5.2187,2.9758,0.1000,0.4737,1788738189.868
20.802,4.2791,5.2190,2.9853,0.1000,0.4737,1788738189.888
20.822,4.2771,5.2193,2.9947,0.1000,0.4737,1788738189.908
20.842,4.2745,5.2196,3.0021,0.1316,0.3684,1788738189.928
20.862,4.2719,5.2200,3.0095,0.1316,0.3684,1788738189.948
20.882,4.2693,5.2203,3.0168,0.1316,0.3684,1788738189.968
20.902,4.2666,5.2206,3.0242,0.1316,0.3684,1788738189.988
20.922,4.2640,5.2209,3.0316,0.1316,0.3684,1788738190.008
20.942,4.2620,5.2211,3.0389,0.1000,0.3684,1788738190.028
20.962,4.2600,5.2213,3.0463,0.1000,0.3684,1788738190.048
20.982,4.2580,5.2215,3.0537,0.1000,0.3684,1788738190.068
21.002,4.2561,5.2216,3.0611,0.1000,0.3684,1788738190.088
21.022,4.2541,5.2218,3.0684,0.1000,0.3684,1788738190.108
21.042,4.2514,5.2220,3.0758,0.1316,0.3684,1788738190.128
21.062,4.2488,5.2221,3.0832,0.1316,0.3684,1788738190.148
21.082,4.2462,5.2223,3.0905,0.1316,0.3684,1788738190.168
21.102,4.2436,5.2224,3.0979,0.1316,0.3684,1788738190.188
21.122,4.2409,5.2225,3.1053,0.1316,0.3684,1788738190.208
21.142,4.2389,5.2225,3.1126,0.1000,0.3684,1788738190.228
21.162,4.2369,5.2226,3.1200,0.1000,0.3684,1788738190.248
21.182,4.2349,5.2226,3.1274,0.1000,0.3684,1788738190.268
21.202,4.2329,5.2226,3.1347,0.1000,0.3684,1788738190.288
21.223,4.2309,5.2226,3.1421,0.1000,0.3684,1788738190.308
21.243,4.2289,5.2226,3.1495,0.1000,0.3684,1788738190.328
21.262,4.2269,5.2226,3.1568,0.1000,0.3684,1788738190.348
21.282,4.2249,5.2225,3.1642,0.1000,0.3684,1788738190.368
21.302,4.2229,5.2225,3.1716,0.1000,0.3684,1788738190.388
21.322,4.2209,5.2224,3.1789,0.1000,0.3684,1788738190.408
21.342,4.2183,5.2223,3.1842,0.1316,0.2632,1788738190.428
21.362,4.2157,5.2221,3.1895,0.1316,0.2632,1788738190.448
21.382,4.2130,5.2220,3.1947,0.1316,0.2632,1788738190.468
21.402,4.2104,5.2218,3.2000,0.1316,0.2632,1788738190.488
21.422,4.2078,5.2217,3.2053,0.1316,0.2632,1788738190.508
21.442,4.2052,5.2215,3.2105,0.1316,0.2632,1788738190.528
21.463,4.2025,5.2213,3.2158,0.1316,0.2632,1788738190.548
21.482,4.1999,5.2211,3.2211,0.1316,0.2632,1788738190.568
21.502,4.1973,5.2209,3.2263,0.1316,0.2632,1788738190.588
21.522,4.1947,5.2206,3.2316,0.1316,0.2632,1788738190.608
21.542,4.1924,5.2204,3.2368,0.1158,0.2632,1788738190.628
21.562,4.1901,5.2202,3.2421,0.1158,0.2632,1788738190.648
21.582,4.1878,5.2199,3.2474,0.1158,0.2632,1788738190.668
21.602,4.1855,5.2197,3.2526,0.1158,0.2632,1788738190.688
21.622,4.1832,5.2194,3.2579,0.1158,0.2632,1788738190.708
21.642,4.1812,5.2192,3.2632,0.1000,0.2632,1788738190.728
21.662,4.1792,5.2189,3.2684,0.1000,0.2632,1788738190.748
21.682,4.1772,5.2187,3.2737,0.1000,0.2632,1788738190.768
21.703,4.1752,5.2184,3.2789,0.1000,0.2632,1788738190.788
21.722,4.1732,5.2181,3.2842,0.1000,0.2632,1788738190.808
21.742,4.1713,5.2178,3.2895,0.1000,0.2632,1788738190.828
21.762,4.1693,5.2175,3.2947,0.1000,0.2632,1788738190.848
21.782,4.1673,5.2172,3.3000,0.1000,0.2632,1788738190.868
21.802,4.1653,5.2169,3.3053,0.1000,0.2632,1788738190.888
21.822,4.1634,5.2165,3.3105,0.1000,0.2632,1788738190.908
21.842,4.1608,5.2161,3.3137,0.1316,0.1579,1788738190.928
21.862,4.1582,5.2156,3.3168,0.1316,0.1579,1788738190.948
21.882,4.1556,5.2151,3.3200,0.1316,0.1579,1788738190.968
21.902,4.1530,5.2147,3.3232,0.1316,0.1579,1788738190.988
21.922,4.1504,5.2142,3.3263,0.1316,0.1579,1788738191.008
21.943,4.1481,5.2138,3.3295,0.1158,0.1579,1788738191.028
21.962,4.1459,5.2133,3.3326,0.1158,0.1579,1788738191.048
21.982,4.1436,5.2129,3.3358,0.1158,0.1579,1788738191.068
22.002,4.1413,5.2124,3.3389,0.1158,0.1579,1788738191.088
22.022,4.1391,5.2120,3.3421,0.1158,0.1579,1788738191.108
22.042,4.1371,5.2115,3.3453,0.1000,0.1579,1788738191.128
22.062,4.1351,5.2111,3.3484,0.1000,0.1579,1788738191.148
22.083,4.1332,5.2107,3.3516,0.1000,0.1579,1788738191.168
22.102,4.1312,5.2103,3.3547,0.1000,0.1579,1788738191.188
22.122,4.1293,5.2099,3.3579,0.1000,0.1579,1788738191.208
22.142,4.1273,5.2094,3.3611,0.1000,0.1579,1788738191.228
22.162,4.1254,5.2090,3.3642,0.1000,0.1579,1788738191.248
22.182,4.1234,5.2085,3.3674,0.1000,0.1579,1788738191.268
22.202,4.1215,5.2081,3.3705,0.1000,0.1579,1788738191.288
22.222,4.1195,5.2076,3.3737,0.1000,0.1579,1788738191.308
22.243,4.1176,5.2072,3.3768,0.1000,0.1579,1788738191.328
22.262,4.1156,5.2067,3.3800,0.1000,0.1579,1788738191.348
22.282,4.1137,5.2062,3.3832,0.1000,0.1579,1788738191.368
22.302,4.1118,5.2057,3.3863,0.1000,0.1579,1788738191.388
22.322,4.1098,5.2052,3.3895,0.1000,0.1579,1788738191.408
22.343,4.1079,5.2047,3.3926,0.1000,0.1579,1788738191.428
22.362,4.1060,5.2042,3.3958,0.1000,0.1579,1788738191.448
22.382,4.1040,5.2037,3.3989,0.1000,0.1579,1788738191.468
22.402,4.1021,5.2032,3.4021,0.1000,0.1579,1788738191.488
22.422,4.1002,5.2027,3.4053,0.1000,0.1579,1788738191.508
22.442,4.0982,5.2022,3.4084,0.1000,0.1579,1788738191.528
22.462,4.0963,5.2016,3.4116,0.1000,0.1579,1788738191.548
22.482,4.0944,5.2011,3.4147,0.1000,0.1579,1788738191.568
22.502,4.0924,5.2005,3.4179,0.1000,0.1579,1788738191.588
22.522,4.0905,5.2000,3.4211,0.1000,0.1579,1788738191.608
22.542,4.0874,5.1991,3.4221,0.1632,0.0526,1788738191.628
22.562,4.0843,5.1982,3.4232,0.1632,0.0526,1788738191.648
22.582,4.0811,5.1973,3.4242,0.1632,0.0526,1788738191.668
22.602,4.0780,5.1964,3.4253,0.1632,0.0526,1788738191.688
22.622,4.0749,5.1954,3.4263,0.1632,0.0526,1788738191.708
22.642,4.0717,5.1945,3.4274,0.1632,0.0526,1788738191.728
22.662,4.0686,5.1936,3.4284,0.1632,0.0526,1788738191.748
22.682,4.0655,5.1927,3.4295,0.1632,0.0526,1788738191.768
22.702,4.0623,5.1917,3.4305,0.1632,0.0526,1788738191.788
22.722,4.0592,5.1908,3.4316,0.1632,0.0526,1788738191.808
22.742,4.0564,5.1900,3.4326,0.1474,0.0526,1788738191.828
22.762,4.0536,5.1891,3.4337,0.1474,0.0526,1788738191.848
22.782,4.0507,5.1883,3.4347,0.1474,0.0526,1788738191.868
22.802,4.0479,5.1874,3.4358,0.1474,0.0526,1788738191.888
22.822,4.0451,5.1866,3.4368,0.1474,0.0526,1788738191.908
22.842,4.0426,5.1858,3.4379,0.1316,0.0526,1788738191.928
22.862,4.0401,5.1850,3.4389,0.1316,0.0526,1788738191.948
22.882,4.0376,5.1842,3.4400,0.1316,0.0526,1788738191.968
22.902,4.0350,5.1835,3.4411,0.1316,0.0526,1788738191.988
22.922,4.0325,5.1827,3.4421,0.1316,0.0526,1788738192.008
22.942,4.0300,5.1819,3.4432,0.1316,0.0526,1788738192.028
22.962,4.0275,5.1811,3.4442,0.1316,0.0526,1788738192.048
22.982,4.0250,5.1803,3.4453,0.1316,0.0526,1788738192.068
23.002,4.0225,5.1795,3.4463,0.1316,0.0526,1788738192.088
23.022,4.0200,5.1787,3.4474,0.1316,0.0526,1788738192.108
23.043,4.0178,5.1781,3.4484,0.1158,0.0526,1788738192.128
23.062,4.0156,5.1773,3.4495,0.1158,0.0526,1788738192.148
23.082,4.0133,5.1766,3.4505,0.1158,0.0526,1788738192.168
23.102,4.0111,5.1759,3.4516,0.1158,0.0526,1788738192.188
23.122,4.0089,5.1752,3.4526,0.1158,0.0526,1788738192.208
23.142,4.0067,5.1745,3.4537,0.1158,0.0526,1788738192.228
23.162,4.0045,5.1738,3.4547,0.1158,0.0526,1788738192.248
23.182,4.0023,5.1731,3.4558,0.1158,0.0526,1788738192.268
23.202,4.0001,5.1724,3.4568,0.1158,0.0526,1788738192.288
23.222,3.9979,5.1717,3.4579,0.1158,0.0526,1788738192.308
23.242,3.9957,5.1709,3.4589,0.1158,0.0526,1788738192.328
23.263,3.9935,5.1702,3.4600,0.1158,0.0526,1788738192.348
23.283,3.9913,5.1695,3.4611,0.1158,0.0526,1788738192.368
23.302,3.9891,5.1687,3.4621,0.1158,0.0526,1788738192.388
23.322,3.9869,5.1680,3.4632,0.1158,0.0526,1788738192.408
23.343,3.9850,5.1674,3.4642,0.1000,0.0526,1788738192.428
23.362,3.9831,5.1667,3.4653,0.1000,0.0526,1788738192.448
23.382,3.9812,5.1661,3.4663,0.1000,0.0526,1788738192.468
23.402,3.9794,5.1655,3.4674,0.1000,0.0526,1788738192.488
23.422,3.9775,5.1648,3.4684,0.1000,0.0526,1788738192.508
23.442,3.9756,5.1642,3.4695,0.1000,0.0526,1788738192.528
23.462,3.9737,5.1635,3.4705,0.1000,0.0526,1788738192.548
23.483,3.9718,5.1629,3.4716,0.1000,0.0526,1788738192.568
23.502,3.9699,5.1622,3.4726,0.1000,0.0526,1788738192.588
23.522,3.9680,5.1616,3.4737,0.1000,0.0526,1788738192.608
23.542,3.9661,5.1609,3.4747,0.1000,0.0526,1788738192.628
23.562,3.9642,5.1603,3.4758,0.1000,0.0526,1788738192.648
23.582,3.9623,5.1596,3.4768,0.1000,0.0526,1788738192.668
23.602,3.9604,5.1590,3.4779,0.1000,0.0526,1788738192.688
23.622,3.9586,5.1583,3.4789,0.1000,0.0526,1788738192.708
23.642,3.9567,5.1576,3.4800,0.1000,0.0526,1788738192.728
23.662,3.9548,5.1570,3.4811,0.1000,0.0526,1788738192.748
23.683,3.9529,5.1563,3.4821,0.1000,0.0526,1788738192.768
23.702,3.9510,5.1556,3.4832,0.1000,0.0526,1788738192.788
23.722,3.9491,5.1550,3.4842,0.1000,0.0526,1788738192.808
23.742,3.9472,5.1543,3.4842,0.1000,0.0000,1788738192.828
23.762,3.9454,5.1536,3.4842,0.1000,0.0000,1788738192.848
23.782,3.9435,5.1529,3.4842,0.1000,0.0000,1788738192.868
23.802,3.9416,5.1523,3.4842,0.1000,0.0000,1788738192.888
23.822,3.9397,5.1516,3.4842,0.1000,0.0000,1788738192.908
23.842,3.9378,5.1509,3.4842,0.1000,0.0000,1788738192.928
23.863,3.9359,5.1503,3.4842,0.1000,0.0000,1788738192.948
23.882,3.9341,5.1496,3.4842,0.1000,0.0000,1788738192.968
23.902,3.9322,5.1489,3.4842,0.1000,0.0000,1788738192.988
23.922,3.9303,5.1482,3.4842,0.1000,0.0000,1788738193.008
23.942,3.9284,5.1476,3.4842,0.1000,0.0000,1788738193.028
23.962,3.9265,5.1469,3.4842,0.1000,0.0000,1788738193.048
23.982,3.9246,5.1462,3.4842,0.1000,0.0000,1788738193.068
24.002,3.9228,5.1455,3.4842,0.1000,0.0000,1788738193.088
24.022,3.9209,5.1449,3.4842,0.1000,0.0000,1788738193.108
24.042,3.9190,5.1442,3.4842,0.1000,0.0000,1788738193.128
24.062,3.9171,5.1435,3.4842,0.1000,0.0000,1788738193.148
24.082,3.9152,5.1429,3.4842,0.1000,0.0000,1788738193.168
24.102,3.9133,5.1422,3.4842,0.1000,0.0000,1788738193.188
24.122,3.9115,5.1415,3.4842,0.1000,0.0000,1788738193.208
24.142,3.9096,5.1408,3.4842,0.1000,0.0000,1788738193.228
24.162,3.9077,5.1402,3.4842,0.1000,0.0000,1788738193.248
24.182,3.9058,5.1395,3.4842,0.1000,0.0000,1788738193.268
24.202,3.9039,5.1388,3.4842,0.1000,0.0000,1788738193.288
24.223,3.9020,5.1382,3.4842,0.1000,0.0000,1788738193.308
24.242,3.9001,5.1375,3.4842,0.1000,0.0000,1788738193.328
24.262,3.8983,5.1368,3.4842,0.1000,0.0000,1788738193.348
24.283,3.8964,5.1361,3.4842,0.1000,0.0000,1788738193.368
24.302,3.8945,5.1355,3.4842,0.1000,0.0000,1788738193.388
24.322,3.8926,5.1348,3.4842,0.1000,0.0000,1788738193.408
24.343,3.8907,5.1341,3.4842,0.1000,0.0000,1788738193.428
24.362,3.8888,5.1335,3.4842,0.1000,0.0000,1788738193.448
24.383,3.8870,5.1328,3.4842,0.1000,0.0000,1788738193.468
24.403,3.8851,5.1321,3.4842,0.1000,0.0000,1788738193.488
24.422,3.8832,5.1314,3.4842,0.1000,0.0000,1788738193.508
24.442,3.8813,5.1308,3.4842,0.1000,0.0000,1788738193.528
24.462,3.8794,5.1301,3.4842,0.1000,0.0000,1788738193.548
24.482,3.8775,5.1294,3.4842,0.1000,0.0000,1788738193.568
24.502,3.8757,5.1287,3.4842,0.1000,0.0000,1788738193.588
24.522,3.8738,5.1281,3.4842,0.1000,0.0000,1788738193.608
24.542,3.8719,5.1274,3.4842,0.1000,0.0000,1788738193.628
24.562,3.8700,5.1267,3.4842,0.1000,0.0000,1788738193.648
24.582,3.8681,5.1261,3.4842,0.1000,0.0000,1788738193.668
24.602,3.8662,5.1254,3.4842,0.1000,0.0000,1788738193.688
24.622,3.8644,5.1247,3.4842,0.1000,0.0000,1788738193.708
24.642,3.8619,5.1238,3.4832,0.1316,-0.0526,1788738193.728
24.662,3.8594,5.1230,3.4821,0.1316,-0.0526,1788738193.748
24.683,3.8569,5.1221,3.4811,0.1316,-0.0526,1788738193.768
24.702,3.8544,5.1212,3.4800,0.1316,-0.0526,1788738193.788
24.722,3.8520,5.1203,3.4789,0.1316,-0.0526,1788738193.808
24.742,3.8495,5.1195,3.4779,0.1316,-0.0526,1788738193.828
24.762,3.8470,5.1186,3.4768,0.1316,-0.0526,1788738193.848
24.782,3.8445,5.1177,3.4758,0.1316,-0.0526,1788738193.868
24.802,3.8420,5.1169,3.4747,0.1316,-0.0526,1788738193.888
24.822,3.8395,5.1160,3.4737,0.1316,-0.0526,1788738193.908
24.842,3.8373,5.1153,3.4726,0.1158,-0.0526,1788738193.928
24.862,3.8351,5.1145,3.4716,0.1158,-0.0526,1788738193.948
24.882,3.8329,5.1138,3.4705,0.1158,-0.0526,1788738193.968
24.902,3.8308,5.1130,3.4695,0.1158,-0.0526,1788738193.988
24.922,3.8286,5.1123,3.4684,0.1158,-0.0526,1788738194.008
24.942,3.8267,5.1116,3.4684,0.1000,0.0000,1788738194.028
24.963,3.8248,5.1110,3.4684,0.1000,0.0000,1788738194.048
24.982,3.8229,5.1104,3.4684,0.1000,0.0000,1788738194.068
25.002,3.8210,5.1097,3.4684,0.1000,0.0000,1788738194.088
25.022,3.8191,5.1091,3.4684,0.1000,0.0000,1788738194.108
25.042,3.8169,5.1083,3.4674,0.1158,-0.0526,1788738194.128
25.063,3.8147,5.1076,3.4663,0.1158,-0.0526,1788738194.148
25.083,3.8125,5.1069,3.4653,0.1158,-0.0526,1788738194.168
25.102,3.8103,5.1061,3.4642,0.1158,-0.0526,1788738194.188
25.122,3.8081,5.1054,3.4632,0.1158,-0.0526,1788738194.208
25.142,3.8059,5.1047,3.4621,0.1158,-0.0526,1788738194.228
25.162,3.8037,5.1039,3.4611,0.1158,-0.0526,1788738194.248
25.183,3.8015,5.1032,3.4600,0.1158,-0.0526,1788738194.268
25.202,3.7993,5.1025,3.4589,0.1158,-0.0526,1788738194.288
25.222,3.7971,5.1018,3.4579,0.1158,-0.0526,1788738194.308
25.242,3.7952,5.1011,3.4568,0.1000,-0.0526,1788738194.328
25.262,3.7933,5.1005,3.4558,0.1000,-0.0526,1788738194.348
25.282,3.7914,5.0999,3.4547,0.1000,-0.0526,1788738194.368
25.302,3.7895,5.0993,3.4537,0.1000,-0.0526,1788738194.388
25.322,3.7876,5.0987,3.4526,0.1000,-0.0526,1788738194.408
25.342,3.7857,5.0981,3.4516,0.1000,-0.0526,1788738194.428
25.362,3.7838,5.0975,3.4505,0.1000,-0.0526,1788738194.448
25.382,3.7819,5.0969,3.4495,0.1000,-0.0526,1788738194.468
25.403,3.7800,5.0963,3.4484,0.1000,-0.0526,1788738194.488
25.422,3.7781,5.0957,3.4474,0.1000,-0.0526,1788738194.508
25.442,3.7762,5.0951,3.4463,0.1000,-0.0526,1788738194.528
25.463,3.7743,5.0945,3.4453,0.1000,-0.0526,1788738194.548
25.482,3.7723,5.0939,3.4442,0.1000,-0.0526,1788738194.568
25.502,3.7704,5.0933,3.4432,0.1000,-0.0526,1788738194.588
25.522,3.7685,5.0927,3.4421,0.1000,-0.0526,1788738194.608
25.542,3.7666,5.0921,3.4411,0.1000,-0.0526,1788738194.628
25.562,3.7647,5.0915,3.4400,0.1000,-0.0526,1788738194.648
25.583,3.7628,5.0909,3.4389,0.1000,-0.0526,1788738194.668
25.602,3.7609,5.0903,3.4379,0.1000,-0.0526,1788738194.688
25.622,3.7590,5.0897,3.4368,0.1000,-0.0526,1788738194.708
25.642,3.7571,5.0892,3.4358,0.1000,-0.0526,1788738194.728
25.662,3.7551,5.0886,3.4347,0.1000,-0.0526,1788738194.748
25.682,3.7532,5.0880,3.4337,0.1000,-0.0526,1788738194.768
25.702,3.7513,5.0874,3.4326,0.1000,-0.0526,1788738194.788
25.722,3.7494,5.0869,3.4316,0.1000,-0.0526,1788738194.808
25.742,3.7475,5.0863,3.4305,0.1000,-0.0526,1788738194.828
25.762,3.7456,5.0857,3.4295,0.1000,-0.0526,1788738194.848
25.782,3.7436,5.0852,3.4284,0.1000,-0.0526,1788738194.868
25.802,3.7417,5.0846,3.4274,0.1000,-0.0526,1788738194.888
25.822,3.7398,5.0840,3.4263,0.1000,-0.0526,1788738194.908
25.842,3.7379,5.0835,3.4253,0.1000,-0.0526,1788738194.928
25.862,3.7360,5.0829,3.4242,0.1000,-0.0526,1788738194.948
25.883,3.7340,5.0824,3.4232,0.1000,-0.0526,1788738194.968
25.902,3.7321,5.0818,3.4221,0.1000,-0.0526,1788738194.988
25.923,3.7302,5.0813,3.4211,0.1000,-0.0526,1788738195.008
25.942,3.7283,5.0807,3.4200,0.1000,-0.0526,1788738195.028
25.962,3.7263,5.0802,3.4189,0.1000,-0.0526,1788738195.048
25.982,3.7244,5.0796,3.4179,0.1000,-0.0526,1788738195.068
26.002,3.7225,5.0791,3.4168,0.1000,-0.0526,1788738195.088
26.022,3.7206,5.0785,3.4158,0.1000,-0.0526,1788738195.108
26.042,3.7186,5.0780,3.4147,0.1000,-0.0526,1788738195.128
26.062,3.7167,5.0774,3.4137,0.1000,-0.0526,1788738195.148
26.082,3.7148,5.0769,3.4126,0.1000,-0.0526,1788738195.168
26.103,3.7129,5.0764,3.4116,0.1000,-0.0526,1788738195.188
26.122,3.7109,5.0758,3.4105,0.1000,-0.0526,1788738195.208
26.143,3.7090,5.0753,3.4095,0.1000,-0.0526,1788738195.228
26.162,3.7071,5.0748,3.4084,0.1000,-0.0526,1788738195.248
26.182,3.7052,5.0743,3.4074,0.1000,-0.0526,1788738195.268
26.202,3.7032,5.0737,3.4063,0.1000,-0.0526,1788738195.288
26.222,3.7013,5.0732,3.4053,0.1000,-0.0526,1788738195.308
26.242,3.6994,5.0727,3.4042,0.1000,-0.0526,1788738195.328
26.262,3.6974,5.0722,3.4032,0.1000,-0.0526,1788738195.348
26.282,3.6955,5.0717,3.4021,0.1000,-0.0526,1788738195.368
26.302,3.6936,5.0712,3.4011,0.1000,-0.0526,1788738195.388
26.323,3.6916,5.0706,3.4000,0.1000,-0.0526,1788738195.408
26.343,3.6897,5.0701,3.3989,0.1000,-0.0526,1788738195.428
26.362,3.6878,5.0696,3.3979,0.1000,-0.0526,1788738195.448
26.383,3.6858,5.0691,3.3968,0.1000,-0.0526,1788738195.468
26.402,3.6839,5.0686,3.3958,0.1000,-0.0526,1788738195.488
26.422,3.6820,5.0681,3.3947,0.1000,-0.0526,1788738195.508
26.442,3.6800,5.0676,3.3937,0.1000,-0.0526,1788738195.528
26.462,3.6781,5.0671,3.3926,0.1000,-0.0526,1788738195.548
26.483,3.6761,5.0666,3.3916,0.1000,-0.0526,1788738195.568
26.503,3.6742,5.0661,3.3905,0.1000,-0.0526,1788738195.588
26.522,3.6723,5.0656,3.3895,0.1000,-0.0526,1788738195.608
26.542,3.6703,5.0652,3.3884,0.1000,-0.0526,1788738195.628
26.562,3.6684,5.0647,3.3874,0.1000,-0.0526,1788738195.648
26.582,3.6664,5.0642,3.3863,0.1000,-0.0526,1788738195.668
26.602,3.6645,5.0637,3.3853,0.1000,-0.0526,1788738195.688
26.622,3.6626,5.0632,3.3842,0.1000,-0.0526,1788738195.708
26.642,3.6606,5.0627,3.3832,0.1000,-0.0526,1788738195.728
26.662,3.6587,5.0623,3.3821,0.1000,-0.0526,1788738195.748
26.682,3.6567,5.0618,3.3811,0.1000,-0.0526,1788738195.768
26.702,3.6548,5.0613,3.3800,0.1000,-0.0526,1788738195.788
26.722,3.6528,5.0609,3.3789,0.1000,-0.0526,1788738195.808
26.742,3.6509,5.0604,3.3779,0.1000,-0.0526,1788738195.828
26.762,3.6490,5.0599,3.3768,0.1000,-0.0526,1788738195.848
26.782,3.6470,5.0595,3.3758,0.1000,-0.0526,1788738195.868
26.802,3.6451,5.0590,3.3747,0.1000,-0.0526,1788738195.888
26.822,3.6431,5.0585,3.3737,0.1000,-0.0526,1788738195.908
26.842,3.6412,5.0581,3.3726,0.1000,-0.0526,1788738195.928
26.862,3.6392,5.0576,3.3716,0.1000,-0.0526,1788738195.948
26.882,3.6373,5.0572,3.3705,0.1000,-0.0526,1788738195.968
26.902,3.6353,5.0567,3.3695,0.1000,-0.0526,1788738195.988
26.922,3.6334,5.0563,3.3684,0.1000,-0.0526,1788738196.008
26.942,3.6314,5.0558,3.3674,0.1000,-0.0526,1788738196.028
26.962,3.6295,5.0554,3.3663,0.1000,-0.0526,1788738196.048
26.982,3.6275,5.0549,3.3653,0.1000,-0.0526,1788738196.068
27.003,3.6256,5.0545,3.3642,0.1000,-0.0526,1788738196.088
27.022,3.6236,5.0540,3.3632,0.1000,-0.0526,1788738196.108
27.042,3.6217,5.0536,3.3621,0.1000,-0.0526,1788738196.128
27.063,3.6197,5.0532,3.3611,0.1000,-0.0526,1788738196.148
27.082,3.6178,5.0527,3.3600,0.1000,-0.0526,1788738196.168
27.102,3.6158,5.0523,3.3589,0.1000,-0.0526,1788738196.188
27.122,3.6139,5.0519,3.3579,0.1000,-0.0526,1788738196.208
27.142,3.6119,5.0515,3.3568,0.1000,-0.0526,1788738196.228
27.163,3.6100,5.0510,3.3558,0.1000,-0.0526,1788738196.248
27.182,3.6080,5.0506,3.3547,0.1000,-0.0526,1788738196.268
27.202,3.6060,5.0502,3.3537,0.1000,-0.0526,1788738196.288
27.222,3.6041,5.0498,3.3526,0.1000,-0.0526,1788738196.308
27.242,3.6021,5.0493,3.3516,0.1000,-0.0526,1788738196.328
27.263,3.6002,5.0489,3.3505,0.1000,-0.0526,1788738196.348
27.282,3.5982,5.0485,3.3495,0.1000,-0.0526,1788738196.368
27.302,3.5963,5.0481,3.3484,0.1000,-0.0526,1788738196.388
27.322,3.5943,5.0477,3.3474,0.1000,-0.0526,1788738196.408
27.343,3.5923,5.0473,3.3463,0.1000,-0.0526,1788738196.428
27.363,3.5904,5.0469,3.3453,0.1000,-0.0526,1788738196.448
27.382,3.5884,5.0465,3.3442,0.1000,-0.0526,1788738196.468
27.402,3.5865,5.0461,3.3432,0.1000,-0.0526,1788738196.488
27.422,3.5845,5.0457,3.3421,0.1000,-0.0526,1788738196.508
27.442,3.5826,5.0453,3.3411,0.1000,-0.0526,1788738196.528
27.462,3.5806,5.0449,3.3400,0.1000,-0.0526,1788738196.548
27.482,3.5786,5.0445,3.3389,0.1000,-0.0526,1788738196.568
27.503,3.5767,5.0441,3.3379,0.1000,-0.0526,1788738196.588
27.522,3.5747,5.0437,3.3368,0.1000,-0.0526,1788738196.608
27.542,3.5727,5.0433,3.3358,0.1000,-0.0526,1788738196.628
27.562,3.5708,5.0430,3.3347,0.1000,-0.0526,1788738196.648
27.582,3.5688,5.0426,3.3337,0.1000,-0.0526,1788738196.668
27.602,3.5669,5.0422,3.3326,0.1000,-0.0526,1788738196.688
27.622,3.5649,5.0418,3.3316,0.1000,-0.0526,1788738196.708
27.642,3.5629,5.0414,3.3305,0.1000,-0.0526,1788738196.728
27.662,3.5610,5.0411,3.3295,0.1000,-0.0526,1788738196.748
27.682,3.5590,5.0407,3.3284,0.1000,-0.0526,1788738196.768
27.702,3.5570,5.0403,3.3274,0.1000,-0.0526,1788738196.788
27.722,3.5551,5.0400,3.3263,0.1000,-0.0526,1788738196.808
27.742,3.5531,5.0396,3.3253,0.1000,-0.0526,1788738196.828
27.762,3.5511,5.0392,3.3242,0.1000,-0.0526,1788738196.848
27.782,3.5492,5.0389,3.3232,0.1000,-0.0526,1788738196.868
27.802,3.5472,5.0385,3.3221,0.1000,-0.0526,1788738196.888
27.822,3.5452,5.0382,3.3211,0.1000,-0.0526,1788738196.908
27.842,3.5423,5.0376,3.3200,0.1474,-0.0526,1788738196.928
27.862,3.5394,5.0371,3.3189,0.1474,-0.0526,1788738196.948
27.882,3.5365,5.0366,3.3179,0.1474,-0.0526,1788738196.968
27.902,3.5336,5.0361,3.3168,0.1474,-0.0526,1788738196.988
27.922,3.5307,5.0356,3.3158,0.1474,-0.0526,1788738197.008
27.942,3.5287,5.0352,3.3147,0.1000,-0.0526,1788738197.028
27.962,3.5268,5.0349,3.3137,0.1000,-0.0526,1788738197.048
27.982,3.5248,5.0345,3.3126,0.1000,-0.0526,1788738197.068
28.002,3.5228,5.0342,3.3116,0.1000,-0.0526,1788738197.088
28.022,3.5209,5.0339,3.3105,0.1000,-0.0526,1788738197.108
28.042,3.5189,5.0335,3.3095,0.1000,-0.0526,1788738197.128
28.062,3.5169,5.0332,3.3084,0.1000,-0.0526,1788738197.148
28.082,3.5149,5.0329,3.3074,0.1000,-0.0526,1788738197.168
28.102,3.5130,5.0325,3.3063,0.1000,-0.0526,1788738197.188
28.122,3.5110,5.0322,3.3053,0.1000,-0.0526,1788738197.208
28.142,3.5090,5.0319,3.3053,0.1000,0.0000,1788738197.228
28.162,3.5071,5.0316,3.3053,0.1000,0.0000,1788738197.248
28.182,3.5051,5.0312,3.3053,0.1000,0.0000,1788738197.268
28.202,3.5031,5.0309,3.3053,0.1000,0.0000,1788738197.288
28.222,3.5011,5.0306,3.3053,0.1000,0.0000,1788738197.308
28.242,3.4992,5.0303,3.3042,0.1000,-0.0526,1788738197.328
28.262,3.4972,5.0299,3.3032,0.1000,-0.0526,1788738197.348
28.282,3.4952,5.0296,3.3021,0.1000,-0.0526,1788738197.368
28.302,3.4932,5.0293,3.3011,0.1000,-0.0526,1788738197.388
28.322,3.4913,5.0290,3.3000,0.1000,-0.0526,1788738197.408
28.342,3.4893,5.0287,3.3000,0.1000,0.0000,1788738197.428
28.362,3.4873,5.0284,3.3000,0.1000,0.0000,1788738197.448
28.382,3.4853,5.0280,3.3000,0.1000,0.0000,1788738197.468
28.402,3.4834,5.0277,3.3000,0.1000,0.0000,1788738197.488
28.422,3.4814,5.0274,3.3000,0.1000,0.0000,1788738197.508
28.443,3.4788,5.0270,3.2989,0.1316,-0.0526,1788738197.528
28.462,3.4762,5.0266,3.2979,0.1316,-0.0526,1788738197.548
28.482,3.4736,5.0262,3.2968,0.1316,-0.0526,1788738197.568
28.503,3.4710,5.0258,3.2958,0.1316,-0.0526,1788738197.588
28.522,3.4684,5.0254,3.2947,0.1316,-0.0526,1788738197.608
28.542,3.4661,5.0250,3.2937,0.1158,-0.0526,1788738197.628
28.562,3.4638,5.0247,3.2926,0.1158,-0.0526,1788738197.648
28.582,3.4615,5.0243,3.2916,0.1158,-0.0526,1788738197.668
28.602,3.4592,5.0240,3.2905,0.1158,-0.0526,1788738197.688
28.623,3.4569,5.0236,3.2895,0.1158,-0.0526,1788738197.708
28.642,3.4547,5.0233,3.2884,0.1158,-0.0526,1788738197.728
28.663,3.4524,5.0230,3.2874,0.1158,-0.0526,1788738197.748
28.682,3.4501,5.0226,3.2863,0.1158,-0.0526,1788738197.768
28.702,3.4478,5.0223,3.2853,0.1158,-0.0526,1788738197.788
28.722,3.4455,5.0220,3.2842,0.1158,-0.0526,1788738197.808
28.742,3.4435,5.0217,3.2842,0.1000,0.0000,1788738197.828
28.762,3.4415,5.0214,3.2842,0.1000,0.0000,1788738197.848
28.782,3.4395,5.0211,3.2842,0.1000,0.0000,1788738197.868
28.802,3.4376,5.0208,3.2842,0.1000,0.0000,1788738197.888
28.822,3.4356,5.0206,3.2842,0.1000,0.0000,1788738197.908
28.842,3.4333,5.0202,3.2832,0.1158,-0.0526,1788738197.928
28.862,3.4310,5.0199,3.2821,0.1158,-0.0526,1788738197.948
28.882,3.4287,5.0196,3.2811,0.1158,-0.0526,1788738197.968
28.902,3.4264,5.0193,3.2800,0.1158,-0.0526,1788738197.988
28.922,3.4241,5.0189,3.2789,0.1158,-0.0526,1788738198.008
28.942,3.4221,5.0187,3.2779,0.1000,-0.0526,1788738198.028
28.962,3.4202,5.0184,3.2768,0.1000,-0.0526,1788738198.048
28.982,3.4182,5.0181,3.2758,0.1000,-0.0526,1788738198.068
29.002,3.4162,5.0179,3.2747,0.1000,-0.0526,1788738198.088
29.022,3.4142,5.0176,3.2737,0.1000,-0.0526,1788738198.108
29.042,3.4122,5.0173,3.2726,0.1000,-0.0526,1788738198.128
29.062,3.4102,5.0171,3.2716,0.1000,-0.0526,1788738198.148
29.083,3.4083,5.0168,3.2705,0.1000,-0.0526,1788738198.168
29.102,3.4063,5.0166,3.2695,0.1000,-0.0526,1788738198.188
29.122,3.4043,5.0163,3.2684,0.1000,-0.0526,1788738198.208
29.142,3.4023,5.0161,3.2674,0.1000,-0.0526,1788738198.228
29.163,3.4003,5.0158,3.2663,0.1000,-0.0526,1788738198.248
29.182,3.3983,5.0156,3.2653,0.1000,-0.0526,1788738198.268
29.202,3.3964,5.0153,3.2642,0.1000,-0.0526,1788738198.288
29.222,3.3944,5.0151,3.2632,0.1000,-0.0526,1788738198.308
29.243,3.3924,5.0148,3.2621,0.1000,-0.0526,1788738198.328
29.263,3.3904,5.0146,3.2611,0.1000,-0.0526,1788738198.348
29.283,3.3884,5.0144,3.2600,0.1000,-0.0526,1788738198.368
29.302,3.3864,5.0141,3.2589,0.1000,-0.0526,1788738198.388
29.323,3.3844,5.0139,3.2579,0.1000,-0.0526,1788738198.408
29.343,3.3825,5.0137,3.2568,0.1000,-0.0526,1788738198.428
29.362,3.3805,5.0134,3.2558,0.1000,-0.0526,1788738198.448
29.382,3.3785,5.0132,3.2547,0.1000,-0.0526,1788738198.468
29.402,3.3765,5.0130,3.2537,0.1000,-0.0526,1788738198.488
29.422,3.3745,5.0128,3.2526,0.1000,-0.0526,1788738198.508
29.442,3.3725,5.0126,3.2516,0.1000,-0.0526,1788738198.528
29.462,3.3705,5.0123,3.2505,0.1000,-0.0526,1788738198.548
29.482,3.3685,5.0121,3.2495,0.1000,-0.0526,1788738198.568
29.502,3.3665,5.0119,3.2484,0.1000,-0.0526,1788738198.588
29.522,3.3646,5.0117,3.2474,0.1000,-0.0526,1788738198.608
29.542,3.3626,5.0115,3.2463,0.1000,-0.0526,1788738198.628
29.562,3.3606,5.0113,3.2453,0.1000,-0.0526,1788738198.648
29.582,3.3586,5.0111,3.2442,0.1000,-0.0526,1788738198.668
29.602,3.3566,5.0109,3.2432,0.1000,-0.0526,1788738198.688
29.622,3.3546,5.0107,3.2421,0.1000,-0.0526,1788738198.708
29.642,3.3526,5.0105,3.2421,0.1000,0.0000,1788738198.728
29.662,3.3506,5.0103,3.2421,0.1000,0.0000,1788738198.748
29.682,3.3486,5.0101,3.2421,0.1000,0.0000,1788738198.768
29.702,3.3467,5.0099,3.2421,0.1000,0.0000,1788738198.788
29.723,3.3447,5.0097,3.2421,0.1000,0.0000,1788738198.808
29.742,3.3427,5.0095,3.2411,0.1000,-0.0526,1788738198.828
29.763,3.3407,5.0093,3.2400,0.1000,-0.0526,1788738198.848
29.783,3.3387,5.0091,3.2389,0.1000,-0.0526,1788738198.868
29.802,3.3367,5.0089,3.2379,0.1000,-0.0526,1788738198.888
29.822,3.3347,5.0087,3.2368,0.1000,-0.0526,1788738198.908
29.842,3.3327,5.0085,3.2368,0.1000,0.0000,1788738198.928
29.862,3.3307,5.0083,3.2368,0.1000,0.0000,1788738198.948
29.883,3.3287,5.0081,3.2368,0.1000,0.0000,1788738198.968
29.902,3.3267,5.0079,3.2368,0.1000,0.0000,1788738198.988
29.922,3.3248,5.0078,3.2368,0.1000,0.0000,1788738199.008
29.942,3.3228,5.0076,3.2368,0.1000,0.0000,1788738199.028
29.962,3.3208,5.0074,3.2368,0.1000,0.0000,1788738199.048
29.982,3.3188,5.0072,3.2368,0.1000,0.0000,1788738199.068
30.002,3.3168,5.0070,3.2368,0.1000,0.0000,1788738199.088
30.022,3.3148,5.0068,3.2368,0.1000,0.0000,1788738199.108
30.042,3.3128,5.0066,3.2358,0.1000,-0.0526,1788738199.128
30.062,3.3108,5.0064,3.2347,0.1000,-0.0526,1788738199.148
30.082,3.3088,5.0062,3.2337,0.1000,-0.0526,1788738199.168
30.102,3.3068,5.0061,3.2326,0.1000,-0.0526,1788738199.188
30.122,3.3048,5.0059,3.2316,0.1000,-0.0526,1788738199.208
30.142,3.3029,5.0057,3.2316,0.1000,0.0000,1788738199.228
30.162,3.3009,5.0055,3.2316,0.1000,0.0000,1788738199.248
30.182,3.2989,5.0053,3.2316,0.1000,0.0000,1788738199.268
30.202,3.2969,5.0052,3.2316,0.1000,0.0000,1788738199.288
30.222,3.2949,5.0050,3.2316,0.1000,0.0000,1788738199.308
30.242,3.2929,5.0048,3.2305,0.1000,-0.0526,1788738199.328
30.262,3.2909,5.0046,3.2295,0.1000,-0.0526,1788738199.348
30.283,3.2889,5.0045,3.2284,0.1000,-0.0526,1788738199.368
30.302,3.2869,5.0043,3.2274,0.1000,-0.0526,1788738199.388
30.322,3.2849,5.0041,3.2263,0.1000,-0.0526,1788738199.408
30.342,3.2829,5.0039,3.2263,0.1000,0.0000,1788738199.428
30.362,3.2809,5.0038,3.2263,0.1000,0.0000,1788738199.448
30.382,3.2789,5.0036,3.2263,0.1000,0.0000,1788738199.468
30.402,3.2770,5.0034,3.2263,0.1000,0.0000,1788738199.488
30.422,3.2750,5.0033,3.2263,0.1000,0.0000,1788738199.508
30.442,3.2730,5.0031,3.2263,0.1000,0.0000,1788738199.528
30.462,3.2710,5.0029,3.2263,0.1000,0.0000,1788738199.548
30.482,3.2690,5.0028,3.2263,0.1000,0.0000,1788738199.568
30.502,3.2670,5.0026,3.2263,0.1000,0.0000,1788738199.588
30.522,3.2650,5.0024,3.2263,0.1000,0.0000,1788738199.608
30.542,3.2630,5.0023,3.2263,0.1000,0.0000,1788738199.628
30.562,3.2610,5.0021,3.2263,0.1000,0.0000,1788738199.648
30.582,3.2590,5.0019,3.2263,0.1000,0.0000,1788738199.668
30.602,3.2570,5.0017,3.2263,0.1000,0.0000,1788738199.688
30.622,3.2550,5.0016,3.2263,0.1000,0.0000,1788738199.708
30.642,3.2530,5.0014,3.2253,0.1000,-0.0526,1788738199.728
30.662,3.2510,5.0012,3.2242,0.1000,-0.0526,1788738199.748
30.682,3.2490,5.0011,3.2232,0.1000,-0.0526,1788738199.768
30.702,3.2471,5.0009,3.2221,0.1000,-0.0526,1788738199.788
30.722,3.2451,5.0008,3.2211,0.1000,-0.0526,1788738199.808
30.742,3.2431,5.0006,3.2211,0.1000,0.0000,1788738199.828
30.762,3.2411,5.0004,3.2211,0.1000,0.0000,1788738199.848
30.782,3.2391,5.0003,3.2211,0.1000,0.0000,1788738199.868
30.802,3.2371,5.0001,3.2211,0.1000,0.0000,1788738199.888
30.822,3.2351,5.0000,3.2211,0.1000,0.0000,1788738199.908
30.843,3.2331,4.9998,3.2211,0.1000,0.0000,1788738199.928
30.863,3.2311,4.9996,3.2211,0.1000,0.0000,1788738199.948
30.883,3.2291,4.9995,3.2211,0.1000,0.0000,1788738199.968
30.902,3.2271,4.9993,3.2211,0.1000,0.0000,1788738199.988
30.923,3.2251,4.9992,3.2211,0.1000,0.0000,1788738200.008
30.942,3.2231,4.9990,3.2200,0.1000,-0.0526,1788738200.028
30.962,3.2211,4.9989,3.2189,0.1000,-0.0526,1788738200.048
30.982,3.2191,4.9987,3.2179,0.1000,-0.0526,1788738200.068
31.002,3.2171,4.9986,3.2168,0.1000,-0.0526,1788738200.088
31.022,3.2152,4.9984,3.2158,0.1000,-0.0526,1788738200.108
31.042,3.2132,4.9983,3.2158,0.1000,0.0000,1788738200.128
31.062,3.2112,4.9981,3.2158,0.1000,0.0000,1788738200.148
31.082,3.2092,4.9980,3.2158,0.1000,0.0000,1788738200.168
31.102,3.2072,4.9978,3.2158,0.1000,0.0000,1788738200.188
31.122,3.2052,4.9977,3.2158,0.1000,0.0000,1788738200.208
31.142,3.2032,4.9975,3.2158,0.1000,0.0000,1788738200.228
31.162,3.2012,4.9974,3.2158,0.1000,0.0000,1788738200.248
31.182,3.1992,4.9972,3.2158,0.1000,0.0000,1788738200.268
31.202,3.1972,4.9971,3.2158,0.1000,0.0000,1788738200.288
31.222,3.1952,4.9969,3.2158,0.1000,0.0000,1788738200.308
31.242,3.1932,4.9968,3.2147,0.1000,-0.0526,1788738200.328
31.262,3.1912,4.9966,3.2137,0.1000,-0.0526,1788738200.348
31.282,3.1892,4.9965,3.2126,0.1000,-0.0526,1788738200.368
31.302,3.1872,4.9964,3.2116,0.1000,-0.0526,1788738200.388
31.323,3.1852,4.9962,3.2105,0.1000,-0.0526,1788738200.408
31.342,3.1832,4.9961,3.2105,0.1000,0.0000,1788738200.428
31.362,3.1812,4.9959,3.2105,0.1000,0.0000,1788738200.448
31.383,3.1792,4.9958,3.2105,0.1000,0.0000,1788738200.468
31.403,3.1773,4.9957,3.2105,0.1000,0.0000,1788738200.488
31.423,3.1753,4.9955,3.2105,0.1000,0.0000,1788738200.508
31.442,3.1733,4.9954,3.2105,0.1000,0.0000,1788738200.528
31.462,3.1713,4.9953,3.2105,0.1000,0.0000,1788738200.548
31.482,3.1693,4.9951,3.2105,0.1000,0.0000,1788738200.568
31.503,3.1673,4.9950,3.2105,0.1000,0.0000,1788738200.588
31.522,3.1653,4.9948,3.2105,0.1000,0.0000,1788738200.608
31.543,3.1633,4.9947,3.2105,0.1000,0.0000,1788738200.628
31.563,3.1613,4.9946,3.2105,0.1000,0.0000,1788738200.648
31.583,3.1593,4.9944,3.2105,0.1000,0.0000,1788738200.668
31.602,3.1573,4.9943,3.2105,0.1000,0.0000,1788738200.688
31.622,3.1553,4.9942,3.2105,0.1000,0.0000,1788738200.708
31.642,3.1533,4.9940,3.2095,0.1000,-0.0526,1788738200.728
31.662,3.1513,4.9939,3.2084,0.1000,-0.0526,1788738200.748
31.682,3.1493,4.9938,3.2074,0.1000,-0.0526,1788738200.768
31.702,3.1473,4.9936,3.2063,0.1000,-0.0526,1788738200.788
31.722,3.1453,4.9935,3.2053,0.1000,-0.0526,1788738200.808
31.742,3.1433,4.9934,3.2053,0.1000,0.0000,1788738200.828
31.762,3.1413,4.9932,3.2053,0.1000,0.0000,1788738200.848
31.782,3.1393,4.9931,3.2053,0.1000,0.0000,1788738200.868
31.803,3.1373,4.9930,3.2053,0.1000,0.0000,1788738200.888
31.822,3.1353,4.9929,3.2053,0.1000,0.0000,1788738200.908
31.842,3.1334,4.9927,3.2053,0.1000,0.0000,1788738200.928
31.862,3.1314,4.9926,3.2053,0.1000,0.0000,1788738200.948
31.882,3.1294,4.9925,3.2053,0.1000,0.0000,1788738200.968
31.902,3.1274,4.9923,3.2053,0.1000,0.0000,1788738200.988
31.922,3.1254,4.9922,3.2053,0.1000,0.0000,1788738201.008
31.942,3.1234,4.9921,3.2053,0.1000,0.0000,1788738201.028
31.962,3.1214,4.9920,3.2053,0.1000,0.0000,1788738201.048
31.982,3.1194,4.9918,3.2053,0.1000,0.0000,1788738201.068
32.002,3.1174,4.9917,3.2053,0.1000,0.0000,1788738201.088
32.022,3.1154,4.9916,3.2053,0.1000,0.0000,1788738201.108
32.042,3.1134,4.9915,3.2042,0.1000,-0.0526,1788738201.128
32.062,3.1114,4.9913,3.2032,0.1000,-0.0526,1788738201.148
32.082,3.1094,4.9912,3.2021,0.1000,-0.0526,1788738201.168
32.102,3.1074,4.9911,3.2011,0.1000,-0.0526,1788738201.188
32.122,3.1054,4.9910,3.2000,0.1000,-0.0526,1788738201.208
32.142,3.1034,4.9909,3.2000,0.1000,0.0000,1788738201.228
32.162,3.1014,4.9907,3.2000,0.1000,0.0000,1788738201.248
32.182,3.0994,4.9906,3.2000,0.1000,0.0000,1788738201.268
32.203,3.0974,4.9905,3.2000,0.1000,0.0000,1788738201.288
32.222,3.0954,4.9904,3.2000,0.1000,0.0000,1788738201.308
32.242,3.0934,4.9903,3.2000,0.1000,0.0000,1788738201.328
32.262,3.0914,4.9902,3.2000,0.1000,0.0000,1788738201.348
32.283,3.0894,4.9900,3.2000,0.1000,0.0000,1788738201.368
32.303,3.0874,4.9899,3.2000,0.1000,0.0000,1788738201.388
32.322,3.0854,4.9898,3.2000,0.1000,0.0000,1788738201.408
32.342,3.0834,4.9897,3.2000,0.1000,0.0000,1788738201.428
32.362,3.0814,4.9896,3.2000,0.1000,0.0000,1788738201.448
32.382,3.0795,4.9895,3.2000,0.1000,0.0000,1788738201.468
32.402,3.0775,4.9893,3.2000,0.1000,0.0000,1788738201.488
32.422,3.0755,4.9892,3.2000,0.1000,0.0000,1788738201.508
32.442,3.0735,4.9891,3.2000,0.1000,0.0000,1788738201.528
32.462,3.0715,4.9890,3.2000,0.1000,0.0000,1788738201.548
32.482,3.0695,4.9889,3.2000,0.1000,0.0000,1788738201.568
32.502,3.0675,4.9888,3.2000,0.1000,0.0000,1788738201.588
32.522,3.0655,4.9886,3.2000,0.1000,0.0000,1788738201.608
32.542,3.0635,4.9885,3.1989,0.1000,-0.0526,1788738201.628
32.562,3.0615,4.9884,3.1979,0.1000,-0.0526,1788738201.648
32.582,3.0595,4.9883,3.1968,0.1000,-0.0526,1788738201.668
32.602,3.0575,4.9882,3.1958,0.1000,-0.0526,1788738201.688
32.622,3.0555,4.9881,3.1947,0.1000,-0.0526,1788738201.708
32.642,3.0535,4.9880,3.1947,0.1000,0.0000,1788738201.728
32.662,3.0515,4.9879,3.1947,0.1000,0.0000,1788738201.748
32.682,3.0495,4.9878,3.1947,0.1000,0.0000,1788738201.768
32.702,3.0475,4.9877,3.1947,0.1000,0.0000,1788738201.788
32.722,3.0455,4.9876,3.1947,0.1000,0.0000,1788738201.808
32.742,3.0435,4.9875,3.1947,0.1000,0.0000,1788738201.828
32.762,3.0415,4.9874,3.1947,0.1000,0.0000,1788738201.848
32.782,3.0395,4.9872,3.1947,0.1000,0.0000,1788738201.868
32.802,3.0375,4.9871,3.1947,0.1000,0.0000,1788738201.888
32.822,3.0355,4.9870,3.1947,0.1000,0.0000,1788738201.908
32.842,3.0335,4.9869,3.1947,0.1000,0.0000,1788738201.928
32.862,3.0315,4.9868,3.1947,0.1000,0.0000,1788738201.948
32.882,3.0295,4.9867,3.1947,0.1000,0.0000,1788738201.968
32.902,3.0275,4.9866,3.1947,0.1000,0.0000,1788738201.988
32.922,3.0255,4.9865,3.1947,0.1000,0.0000,1788738202.008
32.942,3.0235,4.9864,3.1937,0.1000,-0.0526,1788738202.028
32.962,3.0215,4.9863,3.1926,0.1000,-0.0526,1788738202.048
32.982,3.0195,4.9862,3.1916,0.1000,-0.0526,1788738202.068
33.002,3.0175,4.9861,3.1905,0.1000,-0.0526,1788738202.088
33.022,3.0155,4.9860,3.1895,0.1000,-0.0526,1788738202.108
33.042,3.0135,4.9859,3.1895,0.1000,0.0000,1788738202.128
33.062,3.0115,4.9858,3.1895,0.1000,0.0000,1788738202.148
33.082,3.0096,4.9857,3.1895,0.1000,0.0000,1788738202.168
33.102,3.0076,4.9856,3.1895,0.1000,0.0000,1788738202.188
33.122,3.0056,4.9855,3.1895,0.1000,0.0000,1788738202.208
33.142,3.0036,4.9854,3.1895,0.1000,0.0000,1788738202.228
33.162,3.0016,4.9853,3.1895,0.1000,0.0000,1788738202.248
33.182,2.9996,4.9852,3.1895,0.1000,0.0000,1788738202.268
33.202,2.9976,4.9851,3.1895,0.1000,0.0000,1788738202.288
33.222,2.9956,4.9850,3.1895,0.1000,0.0000,1788738202.308
33.242,2.9936,4.9849,3.1895,0.1000,0.0000,1788738202.328
33.262,2.9916,4.9849,3.1895,0.1000,0.0000,1788738202.348
33.282,2.9896,4.9848,3.1895,0.1000,0.0000,1788738202.368
33.302,2.9876,4.9847,3.1895,0.1000,0.0000,1788738202.388
33.322,2.9856,4.9846,3.1895,0.1000,0.0000,1788738202.408
33.343,2.9836,4.9845,3.1895,0.1000,0.0000,1788738202.428
33.362,2.9816,4.9844,3.1895,0.1000,0.0000,1788738202.448
33.382,2.9796,4.9843,3.1895,0.1000,0.0000,1788738202.468
33.402,2.9776,4.9842,3.1895,0.1000,0.0000,1788738202.488
33.422,2.9756,4.9841,3.1895,0.1000,0.0000,1788738202.508
33.442,2.9736,4.9840,3.1895,0.1000,0.0000,1788738202.528
33.462,2.9716,4.9839,3.1895,0.1000,0.0000,1788738202.548
33.482,2.9696,4.9838,3.1895,0.1000,0.0000,1788738202.568
33.502,2.9676,4.9837,3.1895,0.1000,0.0000,1788738202.588
33.522,2.9656,4.9836,3.1895,0.1000,0.0000,1788738202.608
33.543,2.9636,4.9835,3.1884,0.1000,-0.0526,1788738202.628
33.562,2.9616,4.9834,3.1874,0.1000,-0.0526,1788738202.648
33.582,2.9596,4.9833,3.1863,0.1000,-0.0526,1788738202.668
33.602,2.9576,4.9832,3.1853,0.1000,-0.0526,1788738202.688
33.622,2.9556,4.9832,3.1842,0.1000,-0.0526,1788738202.708
33.643,2.9536,4.9831,3.1842,0.1000,0.0000,1788738202.728
33.663,2.9516,4.9830,3.1842,0.1000,0.0000,1788738202.748
33.682,2.9496,4.9829,3.1842,0.1000,0.0000,1788738202.768
33.702,2.9476,4.9828,3.1842,0.1000,0.0000,1788738202.788
33.722,2.9456,4.9827,3.1842,0.1000,0.0000,1788738202.808
33.742,2.9436,4.9826,3.1842,0.1000,0.0000,1788738202.828
33.762,2.9416,4.9826,3.1842,0.1000,0.0000,1788738202.848
33.782,2.9396,4.9825,3.1842,0.1000,0.0000,1788738202.868
33.802,2.9376,4.9824,3.1842,0.1000,0.0000,1788738202.888
33.822,2.9356,4.9823,3.1842,0.1000,0.0000,1788738202.908
33.842,2.9336,4.9822,3.1842,0.1000,0.0000,1788738202.928
33.862,2.9316,4.9821,3.1842,0.1000,0.0000,1788738202.948
33.882,2.9296,4.9821,3.1842,0.1000,0.0000,1788738202.968
33.902,2.9276,4.9820,3.1842,0.1000,0.0000,1788738202.988
33.922,2.9256,4.9819,3.1842,0.1000,0.0000,1788738203.008
33.942,2.9236,4.9818,3.1842,0.1000,0.0000,1788738203.028
33.962,2.9216,4.9817,3.1842,0.1000,0.0000,1788738203.048
33.982,2.9196,4.9816,3.1842,0.1000,0.0000,1788738203.068
34.003,2.9176,4.9815,3.1842,0.1000,0.0000,1788738203.088
34.022,2.9156,4.9815,3.1842,0.1000,0.0000,1788738203.108
34.042,2.9137,4.9814,3.1842,0.1000,0.0000,1788738203.128
34.062,2.9117,4.9813,3.1842,0.1000,0.0000,1788738203.148
34.082,2.9097,4.9812,3.1842,0.1000,0.0000,1788738203.168
34.102,2.9077,4.9811,3.1842,0.1000,0.0000,1788738203.188
34.122,2.9057,4.9810,3.1842,0.1000,0.0000,1788738203.208
34.142,2.9037,4.9809,3.1832,0.1000,-0.0526,1788738203.228
34.162,2.9017,4.9809,3.1821,0.1000,-0.0526,1788738203.248
34.182,2.8997,4.9808,3.1811,0.1000,-0.0526,1788738203.268
34.202,2.8977,4.9807,3.1800,0.1000,-0.0526,1788738203.288
34.222,2.8957,4.9806,3.1789,0.1000,-0.0526,1788738203.308
34.242,2.8937,4.9806,3.1789,0.1000,0.0000,1788738203.328
34.262,2.8917,4.9805,3.1789,0.1000,0.0000,1788738203.348
34.282,2.8897,4.9804,3.1789,0.1000,0.0000,1788738203.368
34.302,2.8877,4.9803,3.1789,0.1000,0.0000,1788738203.388
34.322,2.8857,4.9803,3.1789,0.1000,0.0000,1788738203.408
34.343,2.8837,4.9802,3.1789,0.1000,0.0000,1788738203.428
34.362,2.8817,4.9801,3.1789,0.1000,0.0000,1788738203.448
34.382,2.8797,4.9800,3.1789,0.1000,0.0000,1788738203.468
34.402,2.8777,4.9800,3.1789,0.1000,0.0000,1788738203.488
34.422,2.8757,4.9799,3.1789,0.1000,0.0000,1788738203.508
34.442,2.8737,4.9798,3.1789,0.1000,0.0000,1788738203.528
34.462,2.8717,4.9797,3.1789,0.1000,0.0000,1788738203.548
34.482,2.8697,4.9797,3.1789,0.1000,0.0000,1788738203.568
34.502,2.8677,4.9796,3.1789,0.1000,0.0000,1788738203.588
34.522,2.8657,4.9795,3.1789,0.1000,0.0000,1788738203.608
34.542,2.8637,4.9794,3.1789,0.1000,0.0000,1788738203.628
34.562,2.8617,4.9794,3.1789,0.1000,0.0000,1788738203.648
34.582,2.8597,4.9793,3.1789,0.1000,0.0000,1788738203.668
34.602,2.8577,4.9792,3.1789,0.1000,0.0000,1788738203.688
34.622,2.8557,4.9791,3.1789,0.1000,0.0000,1788738203.708
34.642,2.8537,4.9791,3.1789,0.1000,0.0000,1788738203.728
34.662,2.8517,4.9790,3.1789,0.1000,0.0000,1788738203.748
34.682,2.8497,4.9789,3.1789,0.1000,0.0000,1788738203.768
34.702,2.8477,4.9788,3.1789,0.1000,0.0000,1788738203.788
34.722,2.8457,4.9788,3.1789,0.1000,0.0000,1788738203.808
34.742,2.8437,4.9787,3.1789,0.1000,0.0000,1788738203.828
34.762,2.8417,4.9786,3.1789,0.1000,0.0000,1788738203.848
34.783,2.8397,4.9785,3.1789,0.1000,0.0000,1788738203.868
34.802,2.8377,4.9785,3.1789,0.1000,0.0000,1788738203.888
34.822,2.8357,4.9784,3.1789,0.1000,0.0000,1788738203.908
34.842,2.8337,4.9783,3.1779,0.1000,-0.0526,1788738203.928
34.862,2.8317,4.9783,3.1768,0.1000,-0.0526,1788738203.948
34.882,2.8297,4.9782,3.1758,0.1000,-0.0526,1788738203.968
34.902,2.8277,4.9781,3.1747,0.1000,-0.0526,1788738203.988
34.922,2.8257,4.9781,3.1737,0.1000,-0.0526,1788738204.008
34.942,2.8237,4.9780,3.1737,0.1000,0.0000,1788738204.028
34.962,2.8217,4.9779,3.1737,0.1000,0.0000,1788738204.048
34.982,2.8197,4.9779,3.1737,0.1000,0.0000,1788738204.068
35.002,2.8177,4.9778,3.1737,0.1000,0.0000,1788738204.088
35.022,2.8157,4.9777,3.1737,0.1000,0.0000,1788738204.108
35.042,2.8137,4.9777,3.1737,0.1000,0.0000,1788738204.128
35.062,2.8117,4.9776,3.1737,0.1000,0.0000,1788738204.148
35.082,2.8097,4.9775,3.1737,0.1000,0.0000,1788738204.168
35.102,2.8077,4.9775,3.1737,0.1000,0.0000,1788738204.188
35.122,2.8057,4.9774,3.1737,0.1000,0.0000,1788738204.208
35.142,2.8037,4.9773,3.1737,0.1000,0.0000,1788738204.228
35.162,2.8017,4.9773,3.1737,0.1000,0.0000,1788738204.248
35.182,2.7997,4.9772,3.1737,0.1000,0.0000,1788738204.268
35.202,2.7977,4.9772,3.1737,0.1000,0.0000,1788738204.288
35.222,2.7957,4.9771,3.1737,0.1000,0.0000,1788738204.308
35.242,2.7937,4.9770,3.1737,0.1000,0.0000,1788738204.328
35.262,2.7917,4.9770,3.1737,0.1000,0.0000,1788738204.348
35.282,2.7897,4.9769,3.1737,0.1000,0.0000,1788738204.368
35.302,2.7877,4.9768,3.1737,0.1000,0.0000,1788738204.388
35.322,2.7857,4.9768,3.1737,0.1000,0.0000,1788738204.408
35.342,2.7837,4.9767,3.1737,0.1000,0.0000,1788738204.428
35.362,2.7817,4.9766,3.1737,0.1000,0.0000,1788738204.448
35.382,2.7797,4.9766,3.1737,0.1000,0.0000,1788738204.468
35.402,2.7777,4.9765,3.1737,0.1000,0.0000,1788738204.488
35.422,2.7757,4.9764,3.1737,0.1000,0.0000,1788738204.508
35.442,2.7737,4.9764,3.1737,0.1000,0.0000,1788738204.528
35.462,2.7717,4.9763,3.1737,0.1000,0.0000,1788738204.548
35.482,2.7697,4.9763,3.1737,0.1000,0.0000,1788738204.568
35.502,2.7677,4.9762,3.1737,0.1000,0.0000,1788738204.588
35.522,2.7657,4.9761,3.1737,0.1000,0.0000,1788738204.608
35.542,2.7637,4.9761,3.1737,0.1000,0.0000,1788738204.628
35.562,2.7617,4.9760,3.1737,0.1000,0.0000,1788738204.648
35.582,2.7597,4.9759,3.1737,0.1000,0.0000,1788738204.668
35.602,2.7577,4.9759,3.1737,0.1000,0.0000,1788738204.688
35.622,2.7557,4.9758,3.1737,0.1000,0.0000,1788738204.708
35.642,2.7538,4.9757,3.1726,0.1000,-0.0526,1788738204.728
35.662,2.7518,4.9757,3.1716,0.1000,-0.0526,1788738204.748
35.682,2.7498,4.9756,3.1705,0.1000,-0.0526,1788738204.768
35.702,2.7478,4.9756,3.1695,0.1000,-0.0526,1788738204.788
35.722,2.7458,4.9755,3.1684,0.1000,-0.0526,1788738204.808
35.742,2.7438,4.9755,3.1684,0.1000,0.0000,1788738204.828
35.762,2.7418,4.9754,3.1684,0.1000,0.0000,1788738204.848
35.782,2.7398,4.9754,3.1684,0.1000,0.0000,1788738204.868
35.802,2.7378,4.9753,3.1684,0.1000,0.0000,1788738204.888
35.822,2.7358,4.9752,3.1684,0.1000,0.0000,1788738204.908
35.842,2.7338,4.9752,3.1684,0.1000,0.0000,1788738204.928
35.862,2.7318,4.9751,3.1684,0.1000,0.0000,1788738204.948
35.882,2.7298,4.9751,3.1684,0.1000,0.0000,1788738204.968
35.902,2.7278,4.9750,3.1684,0.1000,0.0000,1788738204.988
35.922,2.7258,4.9750,3.1684,0.1000,0.0000,1788738205.008
35.942,2.7238,4.9749,3.1684,0.1000,0.0000,1788738205.028
35.962,2.7218,4.9749,3.1684,0.1000,0.0000,1788738205.048
35.982,2.7198,4.9748,3.1684,0.1000,0.0000,1788738205.068
36.002,2.7178,4.9748,3.1684,0.1000,0.0000,1788738205.088
36.022,2.7158,4.9747,3.1684,0.1000,0.0000,1788738205.108
36.042,2.7138,4.9747,3.1684,0.1000,0.0000,1788738205.128
36.062,2.7118,4.9746,3.1684,0.1000,0.0000,1788738205.148
36.082,2.7098,4.9746,3.1684,0.1000,0.0000,1788738205.168
36.102,2.7078,4.9745,3.1684,0.1000,0.0000,1788738205.188
36.122,2.7058,4.9744,3.1684,0.1000,0.0000,1788738205.208
36.142,2.7038,4.9744,3.1684,0.1000,0.0000,1788738205.228
36.162,2.7018,4.9743,3.1684,0.1000,0.0000,1788738205.248
36.183,2.6998,4.9743,3.1684,0.1000,0.0000,1788738205.268
36.202,2.6978,4.9742,3.1684,0.1000,0.0000,1788738205.288
36.222,2.6958,4.9742,3.1684,0.1000,0.0000,1788738205.308
36.242,2.6938,4.9741,3.1684,0.1000,0.0000,1788738205.328
36.262,2.6918,4.9741,3.1684,0.1000,0.0000,1788738205.348
36.282,2.6898,4.9740,3.1684,0.1000,0.0000,1788738205.368
36.302,2.6878,4.9740,3.1684,0.1000,0.0000,1788738205.388
36.322,2.6858,4.9739,3.1684,0.1000,0.0000,1788738205.408
36.342,2.6838,4.9739,3.1684,0.1000,0.0000,1788738205.428
36.362,2.6818,4.9738,3.1684,0.1000,0.0000,1788738205.448
36.382,2.6798,4.9737,3.1684,0.1000,0.0000,1788738205.468
36.402,2.6778,4.9737,3.1684,0.1000,0.0000,1788738205.488
36.422,2.6758,4.9736,3.1684,0.1000,0.0000,1788738205.508
36.442,2.6738,4.9736,3.1684,0.1000,0.0000,1788738205.528
36.462,2.6718,4.9735,3.1684,0.1000,0.0000,1788738205.548
36.482,2.6698,4.9735,3.1684,0.1000,0.0000,1788738205.568
36.502,2.6678,4.9734,3.1684,0.1000,0.0000,1788738205.588
36.522,2.6658,4.9734,3.1684,0.1000,0.0000,1788738205.608
36.542,2.6638,4.9733,3.1674,0.1000,-0.0526,1788738205.628
36.562,2.6618,4.9733,3.1663,0.1000,-0.0526,1788738205.648
36.582,2.6598,4.9732,3.1653,0.1000,-0.0526,1788738205.668
36.602,2.6578,4.9732,3.1642,0.1000,-0.0526,1788738205.688
36.622,2.6558,4.9731,3.1632,0.1000,-0.0526,1788738205.708
36.642,2.6538,4.9731,3.1632,0.1000,0.0000,1788738205.728
36.662,2.6518,4.9730,3.1632,0.1000,0.0000,1788738205.748
36.682,2.6498,4.9730,3.1632,0.1000,0.0000,1788738205.768
36.702,2.6478,4.9730,3.1632,0.1000,0.0000,1788738205.788
36.722,2.6458,4.9729,3.1632,0.1000,0.0000,1788738205.808
36.742,2.6438,4.9729,3.1632,0.1000,0.0000,1788738205.828
36.762,2.6418,4.9728,3.1632,0.1000,0.0000,1788738205.848
36.782,2.6398,4.9728,3.1632,0.1000,0.0000,1788738205.868
36.802,2.6378,4.9727,3.1632,0.1000,0.0000,1788738205.888
36.822,2.6358,4.9727,3.1632,0.1000,0.0000,1788738205.908
36.842,2.6338,4.9727,3.1632,0.1000,0.0000,1788738205.928
36.862,2.6318,4.9726,3.1632,0.1000,0.0000,1788738205.948
36.882,2.6298,4.9726,3.1632,0.1000,0.0000,1788738205.968
36.902,2.6278,4.9725,3.1632,0.1000,0.0000,1788738205.988
36.922,2.6258,4.9725,3.1632,0.1000,0.0000,1788738206.008
36.942,2.6238,4.9724,3.1632,0.1000,0.0000,1788738206.028
36.962,2.6218,4.9724,3.1632,0.1000,0.0000,1788738206.048
36.982,2.6198,4.9724,3.1632,0.1000,0.0000,1788738206.068
37.002,2.6178,4.9723,3.1632,0.1000,0.0000,1788738206.088
37.022,2.6158,4.9723,3.1632,0.1000,0.0000,1788738206.108
37.042,2.6138,4.9722,3.1632,0.1000,0.0000,1788738206.128
37.062,2.6118,4.9722,3.1632,0.1000,0.0000,1788738206.148
37.082,2.6098,4.9721,3.1632,0.1000,0.0000,1788738206.168
37.102,2.6078,4.9721,3.1632,0.1000,0.0000,1788738206.188
37.122,2.6058,4.9721,3.1632,0.1000,0.0000,1788738206.208
37.142,2.6038,4.9720,3.1632,0.1000,0.0000,1788738206.228
37.162,2.6018,4.9720,3.1632,0.1000,0.0000,1788738206.248
37.182,2.5998,4.9719,3.1632,0.1000,0.0000,1788738206.268
37.202,2.5978,4.9719,3.1632,0.1000,0.0000,1788738206.288
37.222,2.5958,4.9718,3.1632,0.1000,0.0000,1788738206.308
37.242,2.5938,4.9718,3.1632,0.1000,0.0000,1788738206.328
37.263,2.5918,4.9718,3.1632,0.1000,0.0000,1788738206.348
37.282,2.5898,4.9717,3.1632,0.1000,0.0000,1788738206.368
37.302,2.5878,4.9717,3.1632,0.1000,0.0000,1788738206.388
37.322,2.5858,4.9716,3.1632,0.1000,0.0000,1788738206.408
37.342,2.5838,4.9716,3.1632,0.1000,0.0000,1788738206.428
37.363,2.5818,4.9715,3.1632,0.1000,0.0000,1788738206.448
37.382,2.5798,4.9715,3.1632,0.1000,0.0000,1788738206.468
37.403,2.5778,4.9715,3.1632,0.1000,0.0000,1788738206.488
37.422,2.5758,4.9714,3.1632,0.1000,0.0000,1788738206.508
37.442,2.5738,4.9714,3.1632,0.1000,0.0000,1788738206.528
37.462,2.5718,4.9713,3.1632,0.1000,0.0000,1788738206.548
37.482,2.5698,4.9713,3.1632,0.1000,0.0000,1788738206.568
37.502,2.5678,4.9712,3.1632,0.1000,0.0000,1788738206.588
37.522,2.5658,4.9712,3.1632,0.1000,0.0000,1788738206.608
37.542,2.5638,4.9712,3.1632,0.1000,0.0000,1788738206.628
37.562,2.5618,4.9711,3.1632,0.1000,0.0000,1788738206.648
37.582,2.5598,4.9711,3.1632,0.1000,0.0000,1788738206.668
37.602,2.5578,4.9710,3.1632,0.1000,0.0000,1788738206.688
37.622,2.5558,4.9710,3.1632,0.1000,0.0000,1788738206.708
37.643,2.5538,4.9709,3.1632,0.1000,0.0000,1788738206.728
37.662,2.5518,4.9709,3.1632,0.1000,0.0000,1788738206.748
37.682,2.5498,4.9708,3.1632,0.1000,0.0000,1788738206.768
37.702,2.5478,4.9708,3.1632,0.1000,0.0000,1788738206.788
37.722,2.5458,4.9708,3.1632,0.1000,0.0000,1788738206.808
37.742,2.5438,4.9708,3.1432,0.1000,-1.0000,1788738206.828
37.762,2.5418,4.9708,3.1232,0.1000,-1.0000,1788738206.848
37.782,2.5398,4.9709,3.1032,0.1000,-1.0000,1788738206.868
37.802,2.5378,4.9710,3.0832,0.1000,-1.0000,1788738206.888
37.822,2.5358,4.9711,3.0632,0.1000,-1.0000,1788738206.908
37.842,2.5338,4.9713,3.0432,0.1000,-1.0000,1788738206.928
37.862,2.5318,4.9716,3.0232,0.1000,-1.0000,1788738206.948
37.882,2.5299,4.9719,3.0032,0.1000,-1.0000,1788738206.968
37.902,2.5279,4.9722,2.9832,0.1000,-1.0000,1788738206.988
37.922,2.5259,4.9725,2.9632,0.1000,-1.0000,1788738207.008
37.942,2.5240,4.9729,2.9432,0.1000,-1.0000,1788738207.028
37.962,2.5220,4.9734,2.9232,0.1000,-1.0000,1788738207.048
37.982,2.5201,4.9738,2.9032,0.1000,-1.0000,1788738207.068
38.002,2.5181,4.9743,2.8832,0.1000,-1.0000,1788738207.088
38.022,2.5162,4.9749,2.8632,0.1000,-1.0000,1788738207.108
38.042,2.5143,4.9755,2.8432,0.1000,-1.0000,1788738207.128
38.062,2.5124,4.9761,2.8232,0.1000,-1.0000,1788738207.148
38.082,2.5105,4.9768,2.8032,0.1000,-1.0000,1788738207.168
38.102,2.5086,4.9775,2.7832,0.1000,-1.0000,1788738207.188
38.122,2.5068,4.9782,2.7632,0.1000,-1.0000,1788738207.208
38.142,2.5049,4.9790,2.7432,0.1000,-1.0000,1788738207.228
38.163,2.5031,4.9798,2.7232,0.1000,-1.0000,1788738207.248
38.182,2.5013,4.9806,2.7032,0.1000,-1.0000,1788738207.268
38.202,2.4995,4.9815,2.6832,0.1000,-1.0000,1788738207.288
38.222,2.4977,4.9824,2.6632,0.1000,-1.0000,1788738207.308
38.243,2.4960,4.9834,2.6432,0.1000,-1.0000,1788738207.328
38.262,2.4942,4.9844,2.6232,0.1000,-1.0000,1788738207.348
38.282,2.4925,4.9854,2.6032,0.1000,-1.0000,1788738207.368
38.302,2.4908,4.9865,2.5832,0.1000,-1.0000,1788738207.388
38.322,2.4891,4.9876,2.5632,0.1000,-1.0000,1788738207.408
38.342,2.4875,4.9887,2.5432,0.1000,-1.0000,1788738207.428
38.362,2.4859,4.9899,2.5232,0.1000,-1.0000,1788738207.448
38.382,2.4843,4.9911,2.5032,0.1000,-1.0000,1788738207.468
38.402,2.4827,4.9923,2.4832,0.1000,-1.0000,1788738207.488
38.422,2.4811,4.9935,2.4632,0.1000,-1.0000,1788738207.508
38.442,2.4796,4.9948,2.4432,0.1000,-1.0000,1788738207.528
38.462,2.4781,4.9961,2.4232,0.1000,-1.0000,1788738207.548
38.482,2.4766,4.9975,2.4032,0.1000,-1.0000,1788738207.568
38.502,2.4752,4.9989,2.3832,0.1000,-1.0000,1788738207.588
38.522,2.4737,5.0003,2.3632,0.1000,-1.0000,1788738207.608
38.542,2.4723,5.0017,2.3432,0.1000,-1.0000,1788738207.628
38.562,2.4710,5.0032,2.3232,0.1000,-1.0000,1788738207.648
38.582,2.4696,5.0046,2.3032,0.1000,-1.0000,1788738207.668
38.602,2.4683,5.0062,2.2832,0.1000,-1.0000,1788738207.688
38.622,2.4670,5.0077,2.2632,0.1000,-1.0000,1788738207.708
38.642,2.4658,5.0093,2.2432,0.1000,-1.0000,1788738207.728
38.662,2.4646,5.0108,2.2232,0.1000,-1.0000,1788738207.748
38.682,2.4634,5.0125,2.2032,0.1000,-1.0000,1788738207.768
38.702,2.4623,5.0141,2.1832,0.1000,-1.0000,1788738207.788
38.722,2.4611,5.0158,2.1632,0.1000,-1.0000,1788738207.808
38.742,2.4601,5.0174,2.1432,0.1000,-1.0000,1788738207.828
38.763,2.4590,5.0191,2.1232,0.1000,-1.0000,1788738207.848
38.782,2.4580,5.0209,2.1032,0.1000,-1.0000,1788738207.868
38.802,2.4570,5.0226,2.0832,0.1000,-1.0000,1788738207.888
38.822,2.4561,5.0244,2.0632,0.1000,-1.0000,1788738207.908
38.842,2.4552,5.0262,2.0432,0.1000,-1.0000,1788738207.928
38.862,2.4543,5.0280,2.0232,0.1000,-1.0000,1788738207.948
38.882,2.4534,5.0298,2.0032,0.1000,-1.0000,1788738207.968
38.902,2.4526,5.0316,1.9832,0.1000,-1.0000,1788738207.988
38.922,2.4519,5.0334,1.9632,0.1000,-1.0000,1788738208.008
38.942,2.4510,5.0356,1.9432,0.1158,-1.0000,1788738208.028
38.962,2.4502,5.0378,1.9232,0.1158,-1.0000,1788738208.048
38.982,2.4495,5.0400,1.9032,0.1158,-1.0000,1788738208.068
39.002,2.4488,5.0422,1.8832,0.1158,-1.0000,1788738208.088
39.022,2.4481,5.0444,1.8632,0.1158,-1.0000,1788738208.108
39.042,2.4476,5.0463,1.8432,0.1000,-1.0000,1788738208.128
39.062,2.4471,5.0483,1.8232,0.1000,-1.0000,1788738208.148
39.082,2.4466,5.0502,1.8032,0.1000,-1.0000,1788738208.168
39.102,2.4462,5.0522,1.7832,0.1000,-1.0000,1788738208.188
39.122,2.4458,5.0541,1.7632,0.1000,-1.0000,1788738208.208
39.142,2.4455,5.0561,1.7432,0.1000,-1.0000,1788738208.228
39.162,2.4451,5.0581,1.7232,0.1000,-1.0000,1788738208.248
39.182,2.4449,5.0600,1.7032,0.1000,-1.0000,1788738208.268
39.202,2.4447,5.0620,1.6832,0.1000,-1.0000,1788738208.288
39.222,2.4445,5.0640,1.6632,0.1000,-1.0000,1788738208.308
39.242,2.4443,5.0660,1.6432,0.1000,-1.0000,1788738208.328
39.262,2.4442,5.0680,1.6232,0.1000,-1.0000,1788738208.348
39.282,2.4442,5.0700,1.6032,0.1000,-1.0000,1788738208.368
39.302,2.4441,5.0720,1.5832,0.1000,-1.0000,1788738208.388
39.322,2.4442,5.0740,1.5632,0.1000,-1.0000,1788738208.408
39.342,2.4442,5.0760,1.5432,0.1000,-1.0000,1788738208.428
39.362,2.4443,5.0780,1.5232,0.1000,-1.0000,1788738208.448
39.382,2.4444,5.0800,1.5032,0.1000,-1.0000,1788738208.468
39.402,2.4446,5.0820,1.4832,0.1000,-1.0000,1788738208.488
39.422,2.4448,5.0840,1.4632,0.1000,-1.0000,1788738208.508
39.442,2.4458,5.0916,1.4432,0.3842,-1.0000,1788738208.528
39.462,2.4469,5.0992,1.4232,0.3842,-1.0000,1788738208.548
39.482,2.4482,5.1068,1.4032,0.3842,-1.0000,1788738208.568
39.502,2.4497,5.1143,1.3832,0.3842,-1.0000,1788738208.588
39.522,2.4512,5.1219,1.3632,0.3842,-1.0000,1788738208.608
39.542,2.4517,5.1238,1.3432,0.1000,-1.0000,1788738208.628
39.562,2.4522,5.1257,1.3232,0.1000,-1.0000,1788738208.648
39.582,2.4527,5.1277,1.3032,0.1000,-1.0000,1788738208.668
39.602,2.4533,5.1296,1.2832,0.1000,-1.0000,1788738208.688
39.622,2.4539,5.1315,1.2632,0.1000,-1.0000,1788738208.708
39.642,2.4564,5.1388,1.2432,0.3842,-1.0000,1788738208.728
39.662,2.4590,5.1460,1.2232,0.3842,-1.0000,1788738208.748
39.682,2.4617,5.1532,1.2032,0.3842,-1.0000,1788738208.768
39.703,2.4646,5.1603,1.1832,0.3842,-1.0000,1788738208.788
39.722,2.4677,5.1673,1.1632,0.3842,-1.0000,1788738208.808
39.742,2.4706,5.1738,1.1432,0.3526,-1.0000,1788738208.828
39.762,2.4737,5.1801,1.1232,0.3526,-1.0000,1788738208.848
39.782,2.4768,5.1864,1.1032,0.3526,-1.0000,1788738208.868
39.802,2.4801,5.1926,1.0832,0.3526,-1.0000,1788738208.888
39.822,2.4836,5.1988,1.0632,0.3526,-1.0000,1788738208.908
39.842,2.4868,5.2043,1.0432,0.3211,-1.0000,1788738208.928
39.862,2.4901,5.2098,1.0232,0.3211,-1.0000,1788738208.948
39.882,2.4936,5.2152,1.0032,0.3211,-1.0000,1788738208.968
39.902,2.4972,5.2206,0.9832,0.3211,-1.0000,1788738208.988
39.922,2.5008,5.2259,0.9632,0.3211,-1.0000,1788738209.008
39.942,2.5048,5.2313,0.9432,0.3368,-1.0000,1788738209.028
39.962,2.5088,5.2367,0.9232,0.3368,-1.0000,1788738209.048
39.982,2.5130,5.2420,0.9032,0.3368,-1.0000,1788738209.068
40.002,2.5173,5.2472,0.8832,0.3368,-1.0000,1788738209.088
40.022,2.5217,5.2523,0.8632,0.3368,-1.0000,1788738209.108
40.042,2.5270,5.2583,0.8453,0.4000,-0.8947,1788738209.128
40.063,2.5324,5.2642,0.8274,0.4000,-0.8947,1788738209.148
40.083,2.5379,5.2700,0.8095,0.4000,-0.8947,1788738209.168
40.102,2.5435,5.2757,0.7916,0.4000,-0.8947,1788738209.188
40.122,2.5493,5.2812,0.7737,0.4000,-0.8947,1788738209.208
40.143,2.5551,5.2867,0.7558,0.4000,-0.8947,1788738209.228
40.162,2.5610,5.2921,0.7379,0.4000,-0.8947,1788738209.248
40.182,2.5670,5.2974,0.7200,0.4000,-0.8947,1788738209.268
40.202,2.5731,5.3026,0.7021,0.4000,-0.8947,1788738209.288
40.222,2.5793,5.3076,0.6842,0.4000,-0.8947,1788738209.308
40.242,2.5856,5.3126,0.6663,0.4000,-0.8947,1788738209.328
40.262,2.5920,5.3174,0.6484,0.4000,-0.8947,1788738209.348
40.282,2.5985,5.3221,0.6305,0.4000,-0.8947,1788738209.368
40.302,2.6050,5.3267,0.6126,0.4000,-0.8947,1788738209.388
40.322,2.6116,5.3312,0.5947,0.4000,-0.8947,1788738209.408
40.342,2.6183,5.3356,0.5789,0.4000,-0.7895,1788738209.428
40.362,2.6251,5.3398,0.5632,0.4000,-0.7895,1788738209.448
40.382,2.6319,5.3440,0.5474,0.4000,-0.7895,1788738209.468
40.402,2.6388,5.3481,0.5316,0.4000,-0.7895,1788738209.488
40.422,2.6458,5.3520,0.5158,0.4000,-0.7895,1788738209.508
40.442,2.6528,5.3559,0.5021,0.4000,-0.6842,1788738209.528
40.462,2.6598,5.3596,0.4884,0.4000,-0.6842,1788738209.548
40.482,2.6670,5.3633,0.4747,0.4000,-0.6842,1788738209.568
40.502,2.6741,5.3668,0.4611,0.4000,-0.6842,1788738209.588
40.522,2.6813,5.3703,0.4474,0.4000,-0.6842,1788738209.608
40.542,2.6886,5.3736,0.4337,0.4000,-0.6842,1788738209.628
40.562,2.6959,5.3769,0.4200,0.4000,-0.6842,1788738209.648
40.582,2.7033,5.3801,0.4063,0.4000,-0.6842,1788738209.668
40.602,2.7106,5.3831,0.3926,0.4000,-0.6842,1788738209.688
40.622,2.7181,5.3861,0.3789,0.4000,-0.6842,1788738209.708
40.642,2.7244,5.3885,0.3653,0.3368,-0.6842,1788738209.728
40.662,2.7307,5.3908,0.3516,0.3368,-0.6842,1788738209.748
40.682,2.7370,5.3930,0.3379,0.3368,-0.6842,1788738209.768
40.702,2.7434,5.3952,0.3242,0.3368,-0.6842,1788738209.788
40.722,2.7498,5.3973,0.3105,0.3368,-0.6842,1788738209.808
40.742,2.7575,5.3996,0.2989,0.4000,-0.5789,1788738209.828
40.762,2.7652,5.4019,0.2874,0.4000,-0.5789,1788738209.848
40.782,2.7729,5.4041,0.2758,0.4000,-0.5789,1788738209.868
40.802,2.7806,5.4061,0.2642,0.4000,-0.5789,1788738209.888
40.822,2.7883,5.4081,0.2526,0.4000,-0.5789,1788738209.908
40.842,2.7955,5.4099,0.2411,0.3684,-0.5789,1788738209.928
40.862,2.8027,5.4116,0.2295,0.3684,-0.5789,1788738209.948
40.882,2.8099,5.4132,0.2179,0.3684,-0.5789,1788738209.968
40.902,2.8171,5.4147,0.2063,0.3684,-0.5789,1788738209.988
40.922,2.8243,5.4161,0.1947,0.3684,-0.5789,1788738210.008
40.942,2.8322,5.4176,0.1853,0.4000,-0.4737,1788738210.028
40.963,2.8400,5.4190,0.1758,0.4000,-0.4737,1788738210.048
40.982,2.8479,5.4203,0.1663,0.4000,-0.4737,1788738210.068
41.002,2.8558,5.4216,0.1568,0.4000,-0.4737,1788738210.088
41.022,2.8637,5.4227,0.1474,0.4000,-0.4737,1788738210.108
41.042,2.8717,5.4238,0.1379,0.4000,-0.4737,1788738210.128
41.062,2.8796,5.4249,0.1284,0.4000,-0.4737,1788738210.148
41.082,2.8875,5.4258,0.1189,0.4000,-0.4737,1788738210.168
41.102,2.8955,5.4267,0.1095,0.4000,-0.4737,1788738210.188
41.122,2.9035,5.4275,0.1000,0.4000,-0.4737,1788738210.208
41.142,2.9108,5.4281,0.0905,0.3684,-0.4737,1788738210.228
41.162,2.9181,5.4287,0.0811,0.3684,-0.4737,1788738210.248
41.182,2.9255,5.4293,0.0716,0.3684,-0.4737,1788738210.268
41.203,2.9328,5.4297,0.0621,0.3684,-0.4737,1788738210.288
41.222,2.9402,5.4301,0.0526,0.3684,-0.4737,1788738210.308
41.242,2.9482,5.4305,0.0453,0.4000,-0.3684,1788738210.328
41.262,2.9562,5.4308,0.0379,0.4000,-0.3684,1788738210.348
41.282,2.9642,5.4310,0.0305,0.4000,-0.3684,1788738210.368
41.302,2.9722,5.4312,0.0232,0.4000,-0.3684,1788738210.388
41.322,2.9802,5.4313,0.0158,0.4000,-0.3684,1788738210.408
41.342,2.9882,5.4314,0.0084,0.4000,-0.3684,1788738210.428
41.362,2.9962,5.4314,0.0011,0.4000,-0.3684,1788738210.448
41.382,3.0042,5.4314,-0.0063,0.4000,-0.3684,1788738210.468
41.402,3.0122,5.4312,-0.0137,0.4000,-0.3684,1788738210.488
41.422,3.0202,5.4311,-0.0211,0.4000,-0.3684,1788738210.508
41.442,3.0275,5.4309,-0.0284,0.3684,-0.3684,1788738210.528
41.462,3.0349,5.4306,-0.0358,0.3684,-0.3684,1788738210.548
41.482,3.0423,5.4303,-0.0432,0.3684,-0.3684,1788738210.568
41.502,3.0496,5.4299,-0.0505,0.3684,-0.3684,1788738210.588
41.522,3.0570,5.4295,-0.0579,0.3684,-0.3684,1788738210.608
41.542,3.0637,5.4290,-0.0653,0.3368,-0.3684,1788738210.628
41.562,3.0704,5.4286,-0.0726,0.3368,-0.3684,1788738210.648
41.582,3.0771,5.4280,-0.0800,0.3368,-0.3684,1788738210.668
41.602,3.0839,5.4274,-0.0874,0.3368,-0.3684,1788738210.688
41.622,3.0906,5.4268,-0.0947,0.3368,-0.3684,1788738210.708
41.643,3.0985,5.4260,-0.1000,0.4000,-0.2632,1788738210.728
41.662,3.1065,5.4252,-0.1053,0.4000,-0.2632,1788738210.748
41.682,3.1144,5.4243,-0.1105,0.4000,-0.2632,1788738210.768
41.702,3.1224,5.4234,-0.1158,0.4000,-0.2632,1788738210.788
41.722,3.1303,5.4224,-0.1211,0.4000,-0.2632,1788738210.808
41.742,3.1382,5.4214,-0.1263,0.4000,-0.2632,1788738210.828
41.762,3.1462,5.4203,-0.1316,0.4000,-0.2632,1788738210.848
41.782,3.1541,5.4192,-0.1368,0.4000,-0.2632,1788738210.868
41.803,3.1620,5.4181,-0.1421,0.4000,-0.2632,1788738210.888
41.822,3.1699,5.4169,-0.1474,0.4000,-0.2632,1788738210.908
41.842,3.1769,5.4159,-0.1526,0.3526,-0.2632,1788738210.928
41.862,3.1839,5.4147,-0.1579,0.3526,-0.2632,1788738210.948
41.882,3.1908,5.4136,-0.1632,0.3526,-0.2632,1788738210.968
41.902,3.1978,5.4124,-0.1684,0.3526,-0.2632,1788738210.988
41.922,3.2047,5.4112,-0.1737,0.3526,-0.2632,1788738211.008
41.942,3.2111,5.4101,-0.1789,0.3211,-0.2632,1788738211.028
41.962,3.2174,5.4089,-0.1842,0.3211,-0.2632,1788738211.048
41.982,3.2237,5.4077,-0.1895,0.3211,-0.2632,1788738211.068
42.002,3.2300,5.4064,-0.1947,0.3211,-0.2632,1788738211.088
42.022,3.2363,5.4052,-0.2000,0.3211,-0.2632,1788738211.108
42.042,3.2438,5.4036,-0.2032,0.3842,-0.1579,1788738211.128
42.062,3.2513,5.4020,-0.2063,0.3842,-0.1579,1788738211.148
42.082,3.2588,5.4004,-0.2095,0.3842,-0.1579,1788738211.168
42.102,3.2663,5.3988,-0.2126,0.3842,-0.1579,1788738211.188
42.122,3.2738,5.3972,-0.2158,0.3842,-0.1579,1788738211.208
42.142,3.2817,5.3954,-0.2189,0.4000,-0.1579,1788738211.228
42.162,3.2895,5.3937,-0.2221,0.4000,-0.1579,1788738211.248
42.182,3.2973,5.3919,-0.2253,0.4000,-0.1579,1788738211.268
42.202,3.3050,5.3901,-0.2284,0.4000,-0.1579,1788738211.288
42.222,3.3128,5.3882,-0.2316,0.4000,-0.1579,1788738211.308
42.242,3.3200,5.3865,-0.2347,0.3684,-0.1579,1788738211.328
42.262,3.3272,5.3848,-0.2379,0.3684,-0.1579,1788738211.348
42.282,3.3343,5.3830,-0.2411,0.3684,-0.1579,1788738211.368
42.302,3.3415,5.3812,-0.2442,0.3684,-0.1579,1788738211.388
42.322,3.3486,5.3794,-0.2474,0.3684,-0.1579,1788738211.408
42.342,3.3551,5.3778,-0.2505,0.3368,-0.1579,1788738211.428
42.362,3.3617,5.3761,-0.2537,0.3368,-0.1579,1788738211.448
42.382,3.3682,5.3744,-0.2568,0.3368,-0.1579,1788738211.468
42.402,3.3747,5.3726,-0.2600,0.3368,-0.1579,1788738211.488
42.422,3.3812,5.3709,-0.2632,0.3368,-0.1579,1788738211.508
42.442,3.3874,5.3692,-0.2663,0.3211,-0.1579,1788738211.528
42.462,3.3936,5.3675,-0.2695,0.3211,-0.1579,1788738211.548
42.482,3.3998,5.3657,-0.2726,0.3211,-0.1579,1788738211.568
42.503,3.4059,5.3640,-0.2758,0.3211,-0.1579,1788738211.588
42.522,3.4121,5.3622,-0.2789,0.3211,-0.1579,1788738211.608
42.542,3.4198,5.3600,-0.2800,0.4000,-0.0526,1788738211.628
42.562,3.4275,5.3578,-0.2811,0.4000,-0.0526,1788738211.648
42.582,3.4352,5.3556,-0.2821,0.4000,-0.0526,1788738211.668
42.602,3.4428,5.3533,-0.2832,0.4000,-0.0526,1788738211.688
42.622,3.4505,5.3511,-0.2842,0.4000,-0.0526,1788738211.708
42.642,3.4582,5.3488,-0.2853,0.4000,-0.0526,1788738211.728
42.662,3.4659,5.3466,-0.2863,0.4000,-0.0526,1788738211.748
42.682,3.4735,5.3443,-0.2874,0.4000,-0.0526,1788738211.768
42.702,3.4812,5.3420,-0.2884,0.4000,-0.0526,1788738211.788
42.722,3.4889,5.3398,-0.2895,0.4000,-0.0526,1788738211.808
42.742,3.4965,5.3375,-0.2905,0.4000,-0.0526,1788738211.828
42.762,3.5042,5.3352,-0.2916,0.4000,-0.0526,1788738211.848
42.782,3.5119,5.3329,-0.2926,0.4000,-0.0526,1788738211.868
42.802,3.5195,5.3305,-0.2937,0.4000,-0.0526,1788738211.888
42.822,3.5272,5.3282,-0.2947,0.4000,-0.0526,1788738211.908
42.842,3.5345,5.3260,-0.2958,0.3842,-0.0526,1788738211.928
42.862,3.5419,5.3237,-0.2968,0.3842,-0.0526,1788738211.948
42.882,3.5492,5.3215,-0.2979,0.3842,-0.0526,1788738211.968
42.902,3.5566,5.3192,-0.2989,0.3842,-0.0526,1788738211.988
42.922,3.5639,5.3169,-0.3000,0.3842,-0.0526,1788738212.008
42.942,3.5716,5.3146,-0.3000,0.4000,0.0000,1788738212.028
42.962,3.5792,5.3122,-0.3000,0.4000,0.0000,1788738212.048
42.982,3.5868,5.3099,-0.3000,0.4000,0.0000,1788738212.068
43.002,3.5945,5.3075,-0.3000,0.4000,0.0000,1788738212.088
43.022,3.6021,5.3051,-0.3000,0.4000,0.0000,1788738212.108
43.042,3.6098,5.3028,-0.3000,0.4000,0.0000,1788738212.128
43.062,3.6174,5.3004,-0.3000,0.4000,0.0000,1788738212.148
43.083,3.6251,5.2980,-0.3000,0.4000,0.0000,1788738212.168
43.103,3.6327,5.2957,-0.3000,0.4000,0.0000,1788738212.188
43.122,3.6403,5.2933,-0.3000,0.4000,0.0000,1788738212.208
43.142,3.6480,5.2909,-0.3000,0.4000,0.0000,1788738212.228
43.163,3.6556,5.2886,-0.3000,0.4000,0.0000,1788738212.248
43.182,3.6633,5.2862,-0.3000,0.4000,0.0000,1788738212.268
43.202,3.6709,5.2838,-0.3000,0.4000,0.0000,1788738212.288
43.222,3.6786,5.2815,-0.3000,0.4000,0.0000,1788738212.308
43.243,3.6862,5.2791,-0.3000,0.4000,0.0000,1788738212.328
43.262,3.6938,5.2768,-0.3000,0.4000,0.0000,1788738212.348
43.282,3.7015,5.2744,-0.3000,0.4000,0.0000,1788738212.368
43.302,3.7091,5.2720,-0.3000,0.4000,0.0000,1788738212.388
43.322,3.7168,5.2697,-0.3000,0.4000,0.0000,1788738212.408
43.342,3.7241,5.2674,-0.3000,0.3842,0.0000,1788738212.428
43.362,3.7314,5.2651,-0.3000,0.3842,0.0000,1788738212.448
43.382,3.7388,5.2628,-0.3000,0.3842,0.0000,1788738212.468
43.402,3.7461,5.2606,-0.3000,0.3842,0.0000,1788738212.488
43.422,3.7535,5.2583,-0.3000,0.3842,0.0000,1788738212.508
43.442,3.7605,5.2561,-0.3000,0.3684,0.0000,1788738212.528
43.462,3.7676,5.2540,-0.3000,0.3684,0.0000,1788738212.548
43.482,3.7746,5.2518,-0.3000,0.3684,0.0000,1788738212.568
43.502,3.7816,5.2496,-0.3000,0.3684,0.0000,1788738212.588
43.522,3.7887,5.2474,-0.3000,0.3684,0.0000,1788738212.608
43.542,3.7963,5.2451,-0.2989,0.4000,0.0526,1788738212.628
43.562,3.8040,5.2427,-0.2979,0.4000,0.0526,1788738212.648
43.582,3.8116,5.2404,-0.2968,0.4000,0.0526,1788738212.668
43.602,3.8193,5.2380,-0.2958,0.4000,0.0526,1788738212.688
43.622,3.8269,5.2357,-0.2947,0.4000,0.0526,1788738212.708
43.642,3.8346,5.2334,-0.2937,0.4000,0.0526,1788738212.728
43.662,3.8422,5.2311,-0.2926,0.4000,0.0526,1788738212.748
43.682,3.8499,5.2288,-0.2916,0.4000,0.0526,1788738212.768
43.702,3.8576,5.2265,-0.2905,0.4000,0.0526,1788738212.788
43.722,3.8652,5.2242,-0.2895,0.4000,0.0526,1788738212.808
43.742,3.8726,5.2220,-0.2884,0.3842,0.0526,1788738212.828
43.763,3.8800,5.2199,-0.2874,0.3842,0.0526,1788738212.848
43.783,3.8873,5.2177,-0.2863,0.3842,0.0526,1788738212.868
43.802,3.8947,5.2155,-0.2853,0.3842,0.0526,1788738212.888
43.822,3.9021,5.2134,-0.2842,0.3842,0.0526,1788738212.908
43.842,3.9098,5.2111,-0.2832,0.4000,0.0526,1788738212.928
43.862,3.9175,5.2089,-0.2821,0.4000,0.0526,1788738212.948
43.882,3.9251,5.2067,-0.2811,0.4000,0.0526,1788738212.968
43.903,3.9328,5.2045,-0.2800,0.4000,0.0526,1788738212.988
43.922,3.9405,5.2023,-0.2789,0.4000,0.0526,1788738213.008
43.942,3.9482,5.2001,-0.2779,0.4000,0.0526,1788738213.028
43.962,3.9559,5.1979,-0.2768,0.4000,0.0526,1788738213.048
43.982,3.9636,5.1957,-0.2758,0.4000,0.0526,1788738213.068
44.002,3.9713,5.1935,-0.2747,0.4000,0.0526,1788738213.088
44.022,3.9790,5.1914,-0.2737,0.4000,0.0526,1788738213.108
44.042,3.9867,5.1892,-0.2726,0.4000,0.0526,1788738213.128
44.062,3.9944,5.1871,-0.2716,0.4000,0.0526,1788738213.148
44.082,4.0021,5.1849,-0.2705,0.4000,0.0526,1788738213.168
44.102,4.0098,5.1828,-0.2695,0.4000,0.0526,1788738213.188
44.122,4.0176,5.1807,-0.2684,0.4000,0.0526,1788738213.208
44.142,4.0250,5.1787,-0.2674,0.3842,0.0526,1788738213.228
44.162,4.0324,5.1766,-0.2663,0.3842,0.0526,1788738213.248
44.182,4.0398,5.1746,-0.2653,0.3842,0.0526,1788738213.268
44.203,4.0472,5.1726,-0.2642,0.3842,0.0526,1788738213.288
44.222,4.0546,5.1706,-0.2632,0.3842,0.0526,1788738213.308
44.242,4.0621,5.1686,-0.2621,0.3842,0.0526,1788738213.328
44.262,4.0695,5.1666,-0.2611,0.3842,0.0526,1788738213.348
44.282,4.0769,5.1647,-0.2600,0.3842,0.0526,1788738213.368
44.302,4.0843,5.1627,-0.2589,0.3842,0.0526,1788738213.388
44.322,4.0918,5.1607,-0.2579,0.3842,0.0526,1788738213.408
44.342,4.0989,5.1589,-0.2568,0.3684,0.0526,1788738213.428
44.362,4.1060,5.1570,-0.2558,0.3684,0.0526,1788738213.448
44.383,4.1131,5.1552,-0.2547,0.3684,0.0526,1788738213.468
44.402,4.1203,5.1533,-0.2537,0.3684,0.0526,1788738213.488
44.422,4.1274,5.1515,-0.2526,0.3684,0.0526,1788738213.508
44.442,4.1349,5.1495,-0.2516,0.3842,0.0526,1788738213.528
44.462,4.1423,5.1476,-0.2505,0.3842,0.0526,1788738213.548
44.482,4.1497,5.1457,-0.2495,0.3842,0.0526,1788738213.568
44.503,4.1572,5.1439,-0.2484,0.3842,0.0526,1788738213.588
44.522,4.1646,5.1420,-0.2474,0.3842,0.0526,1788738213.608
44.542,4.1718,5.1402,-0.2463,0.3684,0.0526,1788738213.628
44.562,4.1789,5.1384,-0.2453,0.3684,0.0526,1788738213.648
44.582,4.1861,5.1366,-0.2442,0.3684,0.0526,1788738213.668
44.602,4.1932,5.1348,-0.2432,0.3684,0.0526,1788738213.688
44.622,4.2004,5.1331,-0.2421,0.3684,0.0526,1788738213.708
44.642,4.2075,5.1313,-0.2411,0.3684,0.0526,1788738213.728
44.662,4.2147,5.1296,-0.2400,0.3684,0.0526,1788738213.748
44.682,4.2219,5.1278,-0.2389,0.3684,0.0526,1788738213.768
44.702,4.2290,5.1261,-0.2379,0.3684,0.0526,1788738213.788
44.722,4.2362,5.1243,-0.2368,0.3684,0.0526,1788738213.808
44.742,4.2430,5.1227,-0.2358,0.3526,0.0526,1788738213.828
44.762,4.2499,5.1211,-0.2347,0.3526,0.0526,1788738213.848
44.782,4.2568,5.1194,-0.2337,0.3526,0.0526,1788738213.868
44.803,4.2636,5.1178,-0.2326,0.3526,0.0526,1788738213.888
44.822,4.2705,5.1162,-0.2316,0.3526,0.0526,1788738213.908
44.842,4.2774,5.1146,-0.2305,0.3526,0.0526,1788738213.928
44.863,4.2842,5.1130,-0.2295,0.3526,0.0526,1788738213.948
44.883,4.2911,5.1114,-0.2284,0.3526,0.0526,1788738213.968
44.903,4.2980,5.1098,-0.2274,0.3526,0.0526,1788738213.988
44.922,4.3048,5.1082,-0.2263,0.3526,0.0526,1788738214.008
44.942,4.3114,5.1067,-0.2253,0.3368,0.0526,1788738214.028
44.963,4.3180,5.1052,-0.2242,0.3368,0.0526,1788738214.048
44.982,4.3245,5.1037,-0.2232,0.3368,0.0526,1788738214.068
45.002,4.3311,5.1022,-0.2221,0.3368,0.0526,1788738214.088
45.022,4.3377,5.1007,-0.2211,0.3368,0.0526,1788738214.108
45.042,4.3443,5.0993,-0.2200,0.3368,0.0526,1788738214.128
45.062,4.3508,5.0978,-0.2189,0.3368,0.0526,1788738214.148
45.082,4.3574,5.0964,-0.2179,0.3368,0.0526,1788738214.168
45.102,4.3640,5.0949,-0.2168,0.3368,0.0526,1788738214.188
45.122,4.3706,5.0935,-0.2158,0.3368,0.0526,1788738214.208
45.142,4.3768,5.0921,-0.2147,0.3211,0.0526,1788738214.228
45.162,4.3831,5.0907,-0.2137,0.3211,0.0526,1788738214.248
45.182,4.3894,5.0894,-0.2126,0.3211,0.0526,1788738214.268
45.202,4.3957,5.0880,-0.2116,0.3211,0.0526,1788738214.288
45.222,4.4020,5.0867,-0.2105,0.3211,0.0526,1788738214.308
45.242,4.4079,5.0854,-0.2095,0.3053,0.0526,1788738214.328
45.262,4.4139,5.0842,-0.2084,0.3053,0.0526,1788738214.348
45.283,4.4199,5.0829,-0.2074,0.3053,0.0526,1788738214.368
45.302,4.4259,5.0816,-0.2063,0.3053,0.0526,1788738214.388
45.322,4.4318,5.0804,-0.2053,0.3053,0.0526,1788738214.408
45.342,4.4381,5.0791,-0.2042,0.3211,0.0526,1788738214.428
45.362,4.4444,5.0778,-0.2032,0.3211,0.0526,1788738214.448
45.382,4.4507,5.0765,-0.2021,0.3211,0.0526,1788738214.468
45.402,4.4570,5.0752,-0.2011,0.3211,0.0526,1788738214.488
45.422,4.4633,5.0740,-0.2000,0.3211,0.0526,1788738214.508
45.442,4.4693,5.0727,-0.1989,0.3053,0.0526,1788738214.528
45.462,4.4753,5.0715,-0.1979,0.3053,0.0526,1788738214.548
45.482,4.4812,5.0704,-0.1968,0.3053,0.0526,1788738214.568
45.502,4.4872,5.0692,-0.1958,0.3053,0.0526,1788738214.588
45.522,4.4932,5.0680,-0.1947,0.3053,0.0526,1788738214.608
45.542,4.5011,5.0664,-0.1937,0.4000,0.0526,1788738214.628
45.562,4.5089,5.0649,-0.1926,0.4000,0.0526,1788738214.648
45.582,4.5168,5.0634,-0.1916,0.4000,0.0526,1788738214.668
45.602,4.5246,5.0619,-0.1905,0.4000,0.0526,1788738214.688
45.622,4.5325,5.0604,-0.1895,0.4000,0.0526,1788738214.708
45.642,4.5382,5.0593,-0.1884,0.2895,0.0526,1788738214.728
45.662,4.5439,5.0582,-0.1874,0.2895,0.0526,1788738214.748
45.682,4.5496,5.0571,-0.1863,0.2895,0.0526,1788738214.768
45.702,4.5552,5.0561,-0.1853,0.2895,0.0526,1788738214.788
45.722,4.5609,5.0550,-0.1842,0.2895,0.0526,1788738214.808
45.742,4.5685,5.0536,-0.1832,0.3842,0.0526,1788738214.828
45.762,4.5760,5.0522,-0.1821,0.3842,0.0526,1788738214.848
45.782,4.5836,5.0508,-0.1811,0.3842,0.0526,1788738214.868
45.802,4.5912,5.0495,-0.1800,0.3842,0.0526,1788738214.888
45.822,4.5987,5.0481,-0.1789,0.3842,0.0526,1788738214.908
45.842,4.6044,5.0471,-0.1779,0.2895,0.0526,1788738214.928
45.862,4.6101,5.0460,-0.1768,0.2895,0.0526,1788738214.948
45.883,4.6158,5.0450,-0.1758,0.2895,0.0526,1788738214.968
45.902,4.6215,5.0440,-0.1747,0.2895,0.0526,1788738214.988
45.922,4.6272,5.0430,-0.1737,0.2895,0.0526,1788738215.008
45.942,4.6329,5.0420,-0.1726,0.2895,0.0526,1788738215.028
45.962,4.6386,5.0410,-0.1716,0.2895,0.0526,1788738215.048
45.982,4.6443,5.0401,-0.1705,0.2895,0.0526,1788738215.068
46.002,4.6500,5.0391,-0.1695,0.2895,0.0526,1788738215.088
46.022,4.6558,5.0381,-0.1684,0.2895,0.0526,1788738215.108
46.042,4.6627,5.0369,-0.1674,0.3526,0.0526,1788738215.128
46.062,4.6697,5.0358,-0.1663,0.3526,0.0526,1788738215.148
46.082,4.6766,5.0346,-0.1653,0.3526,0.0526,1788738215.168
46.102,4.6836,5.0335,-0.1642,0.3526,0.0526,1788738215.188
46.122,4.6905,5.0323,-0.1632,0.3526,0.0526,1788738215.208
46.142,4.6956,5.0315,-0.1621,0.2579,0.0526,1788738215.228
46.162,4.7007,5.0307,-0.1611,0.2579,0.0526,1788738215.248
46.182,4.7058,5.0298,-0.1600,0.2579,0.0526,1788738215.268
46.202,4.7109,5.0290,-0.1589,0.2579,0.0526,1788738215.288
46.222,4.7160,5.0282,-0.1579,0.2579,0.0526,1788738215.308
46.242,4.7214,5.0273,-0.1568,0.2737,0.0526,1788738215.328
46.262,4.7268,5.0265,-0.1558,0.2737,0.0526,1788738215.348
46.282,4.7322,5.0257,-0.1547,0.2737,0.0526,1788738215.368
46.302,4.7376,5.0248,-0.1537,0.2737,0.0526,1788738215.388
46.322,4.7430,5.0240,-0.1526,0.2737,0.0526,1788738215.408
46.342,4.7481,5.0232,-0.1516,0.2579,0.0526,1788738215.428
46.362,4.7532,5.0224,-0.1505,0.2579,0.0526,1788738215.448
46.382,4.7583,5.0217,-0.1495,0.2579,0.0526,1788738215.468
46.402,4.7634,5.0209,-0.1484,0.2579,0.0526,1788738215.488
46.422,4.7685,5.0201,-0.1474,0.2579,0.0526,1788738215.508
46.442,4.7740,5.0193,-0.1463,0.2737,0.0526,1788738215.528
46.462,4.7794,5.0186,-0.1453,0.2737,0.0526,1788738215.548
46.482,4.7848,5.0178,-0.1442,0.2737,0.0526,1788738215.568
46.502,4.7902,5.0170,-0.1432,0.2737,0.0526,1788738215.588
46.522,4.7956,5.0162,-0.1421,0.2737,0.0526,1788738215.608
46.542,4.8014,5.0154,-0.1411,0.2895,0.0526,1788738215.628
46.563,4.8071,5.0146,-0.1400,0.2895,0.0526,1788738215.648
46.582,4.8128,5.0138,-0.1389,0.2895,0.0526,1788738215.668
46.602,4.8186,5.0130,-0.1379,0.2895,0.0526,1788738215.688
46.622,4.8243,5.0122,-0.1368,0.2895,0.0526,1788738215.708
46.642,4.8300,5.0114,-0.1358,0.2895,0.0526,1788738215.728
46.663,4.8358,5.0106,-0.1347,0.2895,0.0526,1788738215.748
46.682,4.8415,5.0099,-0.1337,0.2895,0.0526,1788738215.768
46.702,4.8472,5.0091,-0.1326,0.2895,0.0526,1788738215.788
46.722,4.8530,5.0083,-0.1316,0.2895,0.0526,1788738215.808
46.742,4.8587,5.0076,-0.1305,0.2895,0.0526,1788738215.828
46.762,4.8645,5.0068,-0.1295,0.2895,0.0526,1788738215.848
46.783,4.8702,5.0061,-0.1284,0.2895,0.0526,1788738215.868
46.802,4.8759,5.0054,-0.1274,0.2895,0.0526,1788738215.888
46.822,4.8817,5.0046,-0.1263,0.2895,0.0526,1788738215.908
46.842,4.8874,5.0039,-0.1253,0.2895,0.0526,1788738215.928
46.862,4.8932,5.0032,-0.1242,0.2895,0.0526,1788738215.948
46.882,4.8989,5.0025,-0.1232,0.2895,0.0526,1788738215.968
46.902,4.9047,5.0018,-0.1221,0.2895,0.0526,1788738215.988
46.922,4.9104,5.0011,-0.1211,0.2895,0.0526,1788738216.008
46.943,4.9165,5.0003,-0.1200,0.3053,0.0526,1788738216.028
46.962,4.9225,4.9996,-0.1189,0.3053,0.0526,1788738216.048
46.982,4.9286,4.9989,-0.1179,0.3053,0.0526,1788738216.068
47.002,4.9347,4.9982,-0.1168,0.3053,0.0526,1788738216.088
47.022,4.9407,4.9975,-0.1158,0.3053,0.0526,1788738216.108
47.042,4.9471,4.9968,-0.1147,0.3211,0.0526,1788738216.128
47.062,4.9535,4.9960,-0.1137,0.3211,0.0526,1788738216.148
47.082,4.9599,4.9953,-0.1126,0.3211,0.0526,1788738216.168
47.102,4.9663,4.9946,-0.1116,0.3211,0.0526,1788738216.188
47.122,4.9726,4.9939,-0.1105,0.3211,0.0526,1788738216.208
47.142,4.9790,4.9932,-0.1095,0.3211,0.0526,1788738216.228
47.162,4.9854,4.9925,-0.1084,0.3211,0.0526,1788738216.248
47.182,4.9918,4.9918,-0.1074,0.3211,0.0526,1788738216.268
47.202,4.9982,4.9911,-0.1063,0.3211,0.0526,1788738216.288
47.222,5.0046,4.9904,-0.1053,0.3211,0.0526,1788738216.308
47.242,5.0116,4.9897,-0.1042,0.3526,0.0526,1788738216.328
47.262,5.0186,4.9890,-0.1032,0.3526,0.0526,1788738216.348
47.282,5.0256,4.9883,-0.1021,0.3526,0.0526,1788738216.368
47.302,5.0326,4.9876,-0.1011,0.3526,0.0526,1788738216.388
47.323,5.0396,4.9868,-0.1000,0.3526,0.0526,1788738216.408
47.342,5.0463,4.9862,-0.0989,0.3368,0.0526,1788738216.428
47.362,5.0530,4.9855,-0.0979,0.3368,0.0526,1788738216.448
47.382,5.0597,4.9849,-0.0968,0.3368,0.0526,1788738216.468
47.402,5.0665,4.9842,-0.0958,0.3368,0.0526,1788738216.488
47.422,5.0732,4.9836,-0.0947,0.3368,0.0526,1788738216.508
47.442,5.0805,4.9829,-0.0937,0.3684,0.0526,1788738216.528
47.462,5.0878,4.9822,-0.0926,0.3684,0.0526,1788738216.548
47.482,5.0952,4.9815,-0.0916,0.3684,0.0526,1788738216.568
47.502,5.1025,4.9809,-0.0905,0.3684,0.0526,1788738216.588
47.522,5.1098,4.9802,-0.0895,0.3684,0.0526,1788738216.608
47.542,5.1178,4.9795,-0.0884,0.4000,0.0526,1788738216.628
47.562,5.1258,4.9788,-0.0874,0.4000,0.0526,1788738216.648
47.582,5.1338,4.9781,-0.0863,0.4000,0.0526,1788738216.668
47.602,5.1417,4.9774,-0.0853,0.4000,0.0526,1788738216.688
47.622,5.1497,4.9768,-0.0842,0.4000,0.0526,1788738216.708
47.643,5.1567,4.9762,-0.0832,0.3526,0.0526,1788738216.728
47.662,5.1638,4.9756,-0.0821,0.3526,0.0526,1788738216.748
47.683,5.1708,4.9750,-0.0811,0.3526,0.0526,1788738216.768
47.702,5.1778,4.9745,-0.0800,0.3526,0.0526,1788738216.788
47.722,5.1848,4.9739,-0.0789,0.3526,0.0526,1788738216.808
47.742,5.1925,4.9733,-0.0779,0.3842,0.0526,1788738216.828
47.762,5.2002,4.9727,-0.0768,0.3842,0.0526,1788738216.848
47.782,5.2078,4.9721,-0.0758,0.3842,0.0526,1788738216.868
47.802,5.2155,4.9716,-0.0747,0.3842,0.0526,1788738216.888
47.822,5.2232,4.9710,-0.0737,0.3842,0.0526,1788738216.908
47.842,5.2311,4.9704,-0.0726,0.4000,0.0526,1788738216.928
47.862,5.2391,4.9699,-0.0716,0.4000,0.0526,1788738216.948
47.882,5.2471,4.9693,-0.0705,0.4000,0.0526,1788738216.968
47.902,5.2551,4.9687,-0.0695,0.4000,0.0526,1788738216.988
47.922,5.2631,4.9682,-0.0684,0.4000,0.0526,1788738217.008
47.942,5.2710,4.9677,-0.0674,0.4000,0.0526,1788738217.028
47.962,5.2790,4.9671,-0.0663,0.4000,0.0526,1788738217.048
47.982,5.2870,4.9666,-0.0653,0.4000,0.0526,1788738217.068
48.002,5.2950,4.9661,-0.0642,0.4000,0.0526,1788738217.088
48.022,5.3030,4.9656,-0.0632,0.4000,0.0526,1788738217.108
48.042,5.3110,4.9651,-0.0621,0.4000,0.0526,1788738217.128
48.062,5.3189,4.9646,-0.0611,0.4000,0.0526,1788738217.148
48.082,5.3269,4.9641,-0.0600,0.4000,0.0526,1788738217.168
48.102,5.3349,4.9636,-0.0589,0.4000,0.0526,1788738217.188
48.122,5.3429,4.9632,-0.0579,0.4000,0.0526,1788738217.208
48.142,5.3506,4.9627,-0.0568,0.3842,0.0526,1788738217.228
48.162,5.3582,4.9623,-0.0558,0.3842,0.0526,1788738217.248
48.182,5.3659,4.9619,-0.0547,0.3842,0.0526,1788738217.268
48.202,5.3736,4.9615,-0.0537,0.3842,0.0526,1788738217.288
48.222,5.3813,4.9611,-0.0526,0.3842,0.0526,1788738217.308
48.242,5.3893,4.9607,-0.0516,0.4000,0.0526,1788738217.328
48.262,5.3972,4.9603,-0.0505,0.4000,0.0526,1788738217.348
48.283,5.4052,4.9599,-0.0495,0.4000,0.0526,1788738217.368
48.302,5.4132,4.9595,-0.0484,0.4000,0.0526,1788738217.388
48.322,5.4212,4.9591,-0.0474,0.4000,0.0526,1788738217.408
48.342,5.4292,4.9587,-0.0463,0.4000,0.0526,1788738217.428
48.362,5.4372,4.9584,-0.0453,0.4000,0.0526,1788738217.448
48.382,5.4452,4.9580,-0.0442,0.4000,0.0526,1788738217.468
48.402,5.4532,4.9577,-0.0432,0.4000,0.0526,1788738217.488
48.422,5.4612,4.9573,-0.0421,0.4000,0.0526,1788738217.508
48.442,5.4692,4.9570,-0.0411,0.4000,0.0526,1788738217.528
48.462,5.4772,4.9567,-0.0400,0.4000,0.0526,1788738217.548
48.482,5.4852,4.9564,-0.0389,0.4000,0.0526,1788738217.568
48.502,5.4932,4.9561,-0.0379,0.4000,0.0526,1788738217.588
48.523,5.5011,4.9558,-0.0368,0.4000,0.0526,1788738217.608
48.542,5.5091,4.9555,-0.0358,0.4000,0.0526,1788738217.628
48.562,5.5171,4.9552,-0.0347,0.4000,0.0526,1788738217.648
48.582,5.5251,4.9549,-0.0337,0.4000,0.0526,1788738217.668
48.602,5.5331,4.9547,-0.0326,0.4000,0.0526,1788738217.688
48.622,5.5411,4.9544,-0.0316,0.4000,0.0526,1788738217.708
48.642,5.5488,4.9542,-0.0305,0.3842,0.0526,1788738217.728
48.662,5.5565,4.9540,-0.0295,0.3842,0.0526,1788738217.748
48.682,5.5642,4.9538,-0.0284,0.3842,0.0526,1788738217.768
48.702,5.5718,4.9535,-0.0274,0.3842,0.0526,1788738217.788
48.722,5.5795,4.9533,-0.0263,0.3842,0.0526,1788738217.808
48.742,5.5875,4.9531,-0.0253,0.4000,0.0526,1788738217.828
48.762,5.5955,4.9529,-0.0242,0.4000,0.0526,1788738217.848
48.782,5.6035,4.9528,-0.0232,0.4000,0.0526,1788738217.868
48.802,5.6115,4.9526,-0.0221,0.4000,0.0526,1788738217.888
48.822,5.6195,4.9524,-0.0211,0.4000,0.0526,1788738217.908
48.842,5.6269,4.9523,-0.0200,0.3684,0.0526,1788738217.928
48.862,5.6343,4.9521,-0.0189,0.3684,0.0526,1788738217.948
48.882,5.6416,4.9520,-0.0179,0.3684,0.0526,1788738217.968
48.902,5.6490,4.9519,-0.0168,0.3684,0.0526,1788738217.988
48.922,5.6564,4.9518,-0.0158,0.3684,0.0526,1788738218.008
48.942,5.6644,4.9516,-0.0147,0.4000,0.0526,1788738218.028
48.962,5.6724,4.9515,-0.0137,0.4000,0.0526,1788738218.048
48.982,5.6804,4.9514,-0.0126,0.4000,0.0526,1788738218.068
49.002,5.6884,4.9513,-0.0116,0.4000,0.0526,1788738218.088
49.022,5.6964,4.9512,-0.0105,0.4000,0.0526,1788738218.108
49.042,5.7040,4.9512,-0.0095,0.3842,0.0526,1788738218.128
49.062,5.7117,4.9511,-0.0084,0.3842,0.0526,1788738218.148
49.082,5.7194,4.9511,-0.0074,0.3842,0.0526,1788738218.168
49.102,5.7271,4.9510,-0.0063,0.3842,0.0526,1788738218.188
49.122,5.7348,4.9510,-0.0053,0.3842,0.0526,1788738218.208
49.142,5.7425,4.9509,-0.0042,0.3842,0.0526,1788738218.228
49.162,5.7501,4.9509,-0.0032,0.3842,0.0526,1788738218.248
49.182,5.7578,4.9509,-0.0021,0.3842,0.0526,1788738218.268
49.202,5.7655,4.9509,-0.0011,0.3842,0.0526,1788738218.288
49.222,5.7732,4.9509,-0.0000,0.3842,0.0526,1788738218.308
49.242,5.7812,4.9509,-0.0000,0.4000,0.0000,1788738218.328
49.262,5.7892,4.9509,-0.0000,0.4000,0.0000,1788738218.348
49.282,5.7972,4.9509,-0.0000,0.4000,0.0000,1788738218.368
49.302,5.8052,4.9509,-0.0000,0.4000,0.0000,1788738218.388
49.322,5.8132,4.9509,-0.0000,0.4000,0.0000,1788738218.408
49.342,5.8212,4.9509,-0.0000,0.4000,0.0000,1788738218.428
49.362,5.8292,4.9509,-0.0000,0.4000,0.0000,1788738218.448
49.382,5.8372,4.9509,-0.0000,0.4000,0.0000,1788738218.468
49.403,5.8452,4.9509,-0.0000,0.4000,0.0000,1788738218.488
49.422,5.8532,4.9509,-0.0000,0.4000,0.0000,1788738218.508
49.442,5.8612,4.9509,-0.0000,0.4000,0.0000,1788738218.528
49.462,5.8692,4.9509,-0.0000,0.4000,0.0000,1788738218.548
49.482,5.8772,4.9509,-0.0000,0.4000,0.0000,1788738218.568
49.502,5.8852,4.9509,-0.0000,0.4000,0.0000,1788738218.588
49.522,5.8932,4.9509,-0.0000,0.4000,0.0000,1788738218.608
49.542,5.9009,4.9509,-0.0000,0.3842,0.0000,1788738218.628
49.562,5.9086,4.9509,-0.0000,0.3842,0.0000,1788738218.648
49.582,5.9162,4.9509,-0.0000,0.3842,0.0000,1788738218.668
49.602,5.9239,4.9509,-0.0000,0.3842,0.0000,1788738218.688
49.622,5.9316,4.9509,-0.0000,0.3842,0.0000,1788738218.708
49.642,5.9393,4.9509,-0.0000,0.3842,0.0000,1788738218.728
49.662,5.9470,4.9509,-0.0000,0.3842,0.0000,1788738218.748
49.682,5.9547,4.9509,-0.0000,0.3842,0.0000,1788738218.768
49.702,5.9624,4.9509,-0.0000,0.3842,0.0000,1788738218.788
49.723,5.9700,4.9509,-0.0000,0.3842,0.0000,1788738218.808
49.742,5.9780,4.9509,-0.0000,0.4000,0.0000,1788738218.828
49.762,5.9860,4.9509,-0.0000,0.4000,0.0000,1788738218.848
49.782,5.9940,4.9509,-0.0000,0.4000,0.0000,1788738218.868
49.802,6.0020,4.9509,-0.0000,0.4000,0.0000,1788738218.888
49.822,6.0100,4.9509,-0.0000,0.4000,0.0000,1788738218.908
49.842,6.0180,4.9509,-0.0000,0.4000,0.0000,1788738218.928
49.862,6.0260,4.9509,-0.0000,0.4000,0.0000,1788738218.948
49.882,6.0340,4.9509,-0.0000,0.4000,0.0000,1788738218.968
49.902,6.0420,4.9509,-0.0000,0.4000,0.0000,1788738218.988
49.922,6.0500,4.9509,-0.0000,0.4000,0.0000,1788738219.008
49.942,6.0580,4.9509,-0.0000,0.4000,0.0000,1788738219.028
49.963,6.0660,4.9509,-0.0000,0.4000,0.0000,1788738219.048
49.982,6.0740,4.9509,-0.0000,0.4000,0.0000,1788738219.068
50.002,6.0820,4.9509,-0.0000,0.4000,0.0000,1788738219.088
50.022,6.0900,4.9509,-0.0000,0.4000,0.0000,1788738219.108
50.042,6.0977,4.9509,-0.0000,0.3842,0.0000,1788738219.128
50.063,6.1054,4.9509,-0.0000,0.3842,0.0000,1788738219.148
50.082,6.1131,4.9509,-0.0000,0.3842,0.0000,1788738219.168
50.102,6.1208,4.9509,-0.0000,0.3842,0.0000,1788738219.188
50.122,6.1285,4.9509,-0.0000,0.3842,0.0000,1788738219.208
50.142,6.1365,4.9509,-0.0000,0.4000,0.0000,1788738219.228
50.162,6.1445,4.9509,-0.0000,0.4000,0.0000,1788738219.248
50.182,6.1525,4.9509,-0.0000,0.4000,0.0000,1788738219.268
50.202,6.1605,4.9509,-0.0000,0.4000,0.0000,1788738219.288
50.222,6.1685,4.9509,-0.0000,0.4000,0.0000,1788738219.308
50.242,6.1765,4.9509,-0.0000,0.4000,0.0000,1788738219.328
50.262,6.1845,4.9509,-0.0000,0.4000,0.0000,1788738219.348
50.282,6.1925,4.9509,-0.0000,0.4000,0.0000,1788738219.368
50.302,6.2005,4.9509,-0.0000,0.4000,0.0000,1788738219.388
50.322,6.2085,4.9509,-0.0000,0.4000,0.0000,1788738219.408
50.342,6.2165,4.9509,-0.0000,0.4000,0.0000,1788738219.428
50.362,6.2245,4.9509,-0.0000,0.4000,0.0000,1788738219.448
50.382,6.2325,4.9509,-0.0000,0.4000,0.0000,1788738219.468
50.402,6.2405,4.9509,-0.0000,0.4000,0.0000,1788738219.488
50.422,6.2485,4.9509,-0.0000,0.4000,0.0000,1788738219.508
50.442,6.2561,4.9509,-0.0000,0.3842,0.0000,1788738219.528
50.462,6.2638,4.9509,-0.0000,0.3842,0.0000,1788738219.548
50.482,6.2715,4.9509,-0.0000,0.3842,0.0000,1788738219.568
50.502,6.2792,4.9509,-0.0000,0.3842,0.0000,1788738219.588
50.522,6.2869,4.9509,-0.0000,0.3842,0.0000,1788738219.608
50.542,6.2946,4.9509,-0.0000,0.3842,0.0000,1788738219.628
50.562,6.3022,4.9509,-0.0000,0.3842,0.0000,1788738219.648
50.582,6.3099,4.9509,-0.0000,0.3842,0.0000,1788738219.668
50.602,6.3176,4.9509,-0.0000,0.3842,0.0000,1788738219.688
50.622,6.3253,4.9509,-0.0000,0.3842,0.0000,1788738219.708
50.642,6.3333,4.9509,-0.0000,0.4000,0.0000,1788738219.728
50.662,6.3413,4.9509,-0.0000,0.4000,0.0000,1788738219.748
50.683,6.3493,4.9509,-0.0000,0.4000,0.0000,1788738219.768
50.703,6.3573,4.9509,-0.0000,0.4000,0.0000,1788738219.788
50.722,6.3653,4.9509,-0.0000,0.4000,0.0000,1788738219.808
50.742,6.3733,4.9509,-0.0000,0.4000,0.0000,1788738219.828
50.762,6.3813,4.9509,-0.0000,0.4000,0.0000,1788738219.848
50.783,6.3893,4.9509,-0.0000,0.4000,0.0000,1788738219.868
50.803,6.3973,4.9509,-0.0000,0.4000,0.0000,1788738219.888
50.822,6.4053,4.9509,-0.0000,0.4000,0.0000,1788738219.908
50.843,6.4133,4.9509,-0.0000,0.4000,0.0000,1788738219.928
50.863,6.4213,4.9509,-0.0000,0.4000,0.0000,1788738219.948
50.882,6.4293,4.9509,-0.0000,0.4000,0.0000,1788738219.968
50.902,6.4373,4.9509,-0.0000,0.4000,0.0000,1788738219.988
50.922,6.4453,4.9509,-0.0000,0.4000,0.0000,1788738220.008
50.942,6.4530,4.9509,-0.0000,0.3842,0.0000,1788738220.028
50.962,6.4607,4.9509,-0.0000,0.3842,0.0000,1788738220.048
50.982,6.4684,4.9509,-0.0000,0.3842,0.0000,1788738220.068
51.002,6.4760,4.9509,-0.0000,0.3842,0.0000,1788738220.088
51.022,6.4837,4.9509,-0.0000,0.3842,0.0000,1788738220.108
51.042,6.4914,4.9509,-0.0000,0.3842,0.0000,1788738220.128
51.062,6.4991,4.9509,-0.0000,0.3842,0.0000,1788738220.148
51.082,6.5068,4.9509,-0.0000,0.3842,0.0000,1788738220.168
51.102,6.5145,4.9509,-0.0000,0.3842,0.0000,1788738220.188
51.122,6.5221,4.9509,-0.0000,0.3842,0.0000,1788738220.208
51.142,6.5301,4.9509,-0.0000,0.4000,0.0000,1788738220.228
51.162,6.5381,4.9509,-0.0000,0.4000,0.0000,1788738220.248
51.182,6.5461,4.9509,-0.0000,0.4000,0.0000,1788738220.268
51.202,6.5541,4.9509,-0.0000,0.4000,0.0000,1788738220.288
51.222,6.5621,4.9509,-0.0000,0.4000,0.0000,1788738220.308
51.242,6.5701,4.9509,-0.0000,0.4000,0.0000,1788738220.328
51.262,6.5781,4.9509,-0.0000,0.4000,0.0000,1788738220.348
51.282,6.5861,4.9509,-0.0000,0.4000,0.0000,1788738220.368
51.302,6.5941,4.9509,-0.0000,0.4000,0.0000,1788738220.388
51.322,6.6021,4.9509,-0.0000,0.4000,0.0000,1788738220.408
51.342,6.6101,4.9509,-0.0000,0.4000,0.0000,1788738220.428
51.362,6.6181,4.9509,-0.0000,0.4000,0.0000,1788738220.448
51.382,6.6261,4.9509,-0.0000,0.4000,0.0000,1788738220.468
51.402,6.6341,4.9509,-0.0000,0.4000,0.0000,1788738220.488
51.422,6.6421,4.9509,-0.0000,0.4000,0.0000,1788738220.508
51.442,6.6498,4.9509,-0.0000,0.3842,0.0000,1788738220.528
51.462,6.6575,4.9509,-0.0000,0.3842,0.0000,1788738220.548
51.482,6.6652,4.9509,-0.0000,0.3842,0.0000,1788738220.568
51.502,6.6729,4.9509,-0.0000,0.3842,0.0000,1788738220.588
51.522,6.6806,4.9509,-0.0000,0.3842,0.0000,1788738220.608
51.542,6.6886,4.9509,-0.0000,0.4000,0.0000,1788738220.628
51.562,6.6966,4.9509,-0.0000,0.4000,0.0000,1788738220.648
51.582,6.7046,4.9509,-0.0000,0.4000,0.0000,1788738220.668
51.602,6.7126,4.9509,-0.0000,0.4000,0.0000,1788738220.688
51.622,6.7206,4.9509,-0.0000,0.4000,0.0000,1788738220.708
51.642,6.7286,4.9509,-0.0000,0.4000,0.0000,1788738220.728
51.662,6.7366,4.9509,-0.0000,0.4000,0.0000,1788738220.748
51.682,6.7446,4.9509,-0.0000,0.4000,0.0000,1788738220.768
51.702,6.7526,4.9509,-0.0000,0.4000,0.0000,1788738220.788
51.722,6.7606,4.9509,-0.0000,0.4000,0.0000,1788738220.808
51.742,6.7686,4.9509,-0.0000,0.4000,0.0000,1788738220.828
51.762,6.7766,4.9509,-0.0000,0.4000,0.0000,1788738220.848
51.782,6.7846,4.9509,-0.0000,0.4000,0.0000,1788738220.868
51.802,6.7926,4.9509,-0.0000,0.4000,0.0000,1788738220.888
51.822,6.8006,4.9509,-0.0000,0.4000,0.0000,1788738220.908
51.842,6.8086,4.9509,-0.0000,0.4000,0.0000,1788738220.928
51.862,6.8166,4.9509,-0.0000,0.4000,0.0000,1788738220.948
51.882,6.8246,4.9509,-0.0000,0.4000,0.0000,1788738220.968
51.902,6.8326,4.9509,-0.0000,0.4000,0.0000,1788738220.988
51.922,6.8406,4.9509,-0.0000,0.4000,0.0000,1788738221.008
51.942,6.8482,4.9509,-0.0000,0.3842,0.0000,1788738221.028
51.962,6.8559,4.9509,-0.0000,0.3842,0.0000,1788738221.048
51.982,6.8636,4.9509,-0.0000,0.3842,0.0000,1788738221.068
52.002,6.8713,4.9509,-0.0000,0.3842,0.0000,1788738221.088
52.022,6.8790,4.9509,-0.0000,0.3842,0.0000,1788738221.108
52.042,6.8870,4.9509,-0.0000,0.4000,0.0000,1788738221.128
52.062,6.8950,4.9509,-0.0000,0.4000,0.0000,1788738221.148
52.082,6.9030,4.9509,-0.0000,0.4000,0.0000,1788738221.168
52.102,6.9110,4.9509,-0.0000,0.4000,0.0000,1788738221.188
52.122,6.9190,4.9509,-0.0000,0.4000,0.0000,1788738221.208
52.142,6.9270,4.9509,-0.0000,0.4000,0.0000,1788738221.228
52.162,6.9350,4.9509,-0.0000,0.4000,0.0000,1788738221.248
52.182,6.9430,4.9509,-0.0000,0.4000,0.0000,1788738221.268
52.202,6.9510,4.9509,-0.0000,0.4000,0.0000,1788738221.288
52.222,6.9590,4.9509,-0.0000,0.4000,0.0000,1788738221.308
52.242,6.9670,4.9509,-0.0000,0.4000,0.0000,1788738221.328
52.262,6.9750,4.9509,-0.0000,0.4000,0.0000,1788738221.348
52.282,6.9830,4.9509,-0.0000,0.4000,0.0000,1788738221.368
52.302,6.9910,4.9509,-0.0000,0.4000,0.0000,1788738221.388
52.322,6.9990,4.9509,-0.0000,0.4000,0.0000,1788738221.408
52.342,7.0067,4.9509,-0.0000,0.3842,0.0000,1788738221.428
52.362,7.0144,4.9509,-0.0000,0.3842,0.0000,1788738221.448
52.382,7.0220,4.9509,-0.0000,0.3842,0.0000,1788738221.468
52.402,7.0297,4.9509,-0.0000,0.3842,0.0000,1788738221.488
52.422,7.0374,4.9509,-0.0000,0.3842,0.0000,1788738221.508
52.442,7.0451,4.9509,-0.0000,0.3842,0.0000,1788738221.528
52.462,7.0528,4.9509,-0.0000,0.3842,0.0000,1788738221.548
52.482,7.0605,4.9509,-0.0000,0.3842,0.0000,1788738221.568
52.502,7.0681,4.9509,-0.0000,0.3842,0.0000,1788738221.588
52.522,7.0758,4.9509,-0.0000,0.3842,0.0000,1788738221.608
52.542,7.0838,4.9509,-0.0000,0.4000,0.0000,1788738221.628
52.562,7.0918,4.9509,-0.0000,0.4000,0.0000,1788738221.648
52.582,7.0998,4.9509,-0.0000,0.4000,0.0000,1788738221.668
52.602,7.1078,4.9509,-0.0000,0.4000,0.0000,1788738221.688
52.622,7.1158,4.9509,-0.0000,0.4000,0.0000,1788738221.708
52.642,7.1238,4.9509,-0.0000,0.4000,0.0000,1788738221.728
52.662,7.1318,4.9509,-0.0000,0.4000,0.0000,1788738221.748
52.682,7.1398,4.9509,-0.0000,0.4000,0.0000,1788738221.768
52.702,7.1478,4.9509,-0.0000,0.4000,0.0000,1788738221.788
52.722,7.1558,4.9509,-0.0000,0.4000,0.0000,1788738221.808
52.742,7.1638,4.9509,-0.0000,0.4000,0.0000,1788738221.828
52.762,7.1718,4.9509,-0.0000,0.4000,0.0000,1788738221.848
52.782,7.1798,4.9509,-0.0000,0.4000,0.0000,1788738221.868
52.802,7.1878,4.9509,-0.0000,0.4000,0.0000,1788738221.888
52.822,7.1958,4.9509,-0.0000,0.4000,0.0000,1788738221.908
52.842,7.2035,4.9509,-0.0000,0.3842,0.0000,1788738221.928
52.862,7.2112,4.9509,-0.0000,0.3842,0.0000,1788738221.948
52.882,7.2189,4.9509,-0.0000,0.3842,0.0000,1788738221.968
52.902,7.2266,4.9509,-0.0000,0.3842,0.0000,1788738221.988
52.922,7.2342,4.9509,-0.0000,0.3842,0.0000,1788738222.008
52.942,7.2419,4.9509,-0.0000,0.3842,0.0000,1788738222.028
52.962,7.2496,4.9509,-0.0000,0.3842,0.0000,1788738222.048
52.982,7.2573,4.9509,-0.0000,0.3842,0.0000,1788738222.068
53.003,7.2650,4.9509,-0.0000,0.3842,0.0000,1788738222.088
53.022,7.2727,4.9509,-0.0000,0.3842,0.0000,1788738222.108
53.042,7.2807,4.9509,-0.0000,0.4000,0.0000,1788738222.128
53.062,7.2887,4.9509,-0.0000,0.4000,0.0000,1788738222.148
53.083,7.2967,4.9509,-0.0000,0.4000,0.0000,1788738222.168
53.102,7.3047,4.9509,-0.0000,0.4000,0.0000,1788738222.188
53.122,7.3127,4.9509,-0.0000,0.4000,0.0000,1788738222.208
53.142,7.3207,4.9509,-0.0000,0.4000,0.0000,1788738222.228
53.162,7.3287,4.9509,-0.0000,0.4000,0.0000,1788738222.248
53.182,7.3367,4.9509,-0.0000,0.4000,0.0000,1788738222.268
53.202,7.3447,4.9509,-0.0000,0.4000,0.0000,1788738222.288
53.222,7.3527,4.9509,-0.0000,0.4000,0.0000,1788738222.308
53.242,7.3607,4.9509,-0.0000,0.4000,0.0000,1788738222.328
53.262,7.3687,4.9509,-0.0000,0.4000,0.0000,1788738222.348
53.282,7.3767,4.9509,-0.0000,0.4000,0.0000,1788738222.368
53.302,7.3847,4.9509,-0.0000,0.4000,0.0000,1788738222.388
53.322,7.3927,4.9509,-0.0000,0.4000,0.0000,1788738222.408
53.342,7.4004,4.9509,-0.0000,0.3842,0.0000,1788738222.428
53.362,7.4080,4.9509,-0.0000,0.3842,0.0000,1788738222.448
53.382,7.4157,4.9509,-0.0000,0.3842,0.0000,1788738222.468
53.402,7.4234,4.9509,-0.0000,0.3842,0.0000,1788738222.488
53.422,7.4311,4.9509,-0.0000,0.3842,0.0000,1788738222.508
53.443,7.4391,4.9509,-0.0000,0.4000,0.0000,1788738222.528
53.462,7.4471,4.9509,-0.0000,0.4000,0.0000,1788738222.548
53.482,7.4551,4.9509,-0.0000,0.4000,0.0000,1788738222.568
53.502,7.4631,4.9509,-0.0000,0.4000,0.0000,1788738222.588
53.522,7.4711,4.9509,-0.0000,0.4000,0.0000,1788738222.608
53.542,7.4791,4.9509,-0.0000,0.4000,0.0000,1788738222.628
53.562,7.4871,4.9509,-0.0000,0.4000,0.0000,1788738222.648
53.582,7.4951,4.9509,-0.0000,0.4000,0.0000,1788738222.668
53.602,7.5031,4.9509,-0.0000,0.4000,0.0000,1788738222.688
53.622,7.5111,4.9509,-0.0000,0.4000,0.0000,1788738222.708
53.642,7.5191,4.9509,-0.0000,0.4000,0.0000,1788738222.728
53.663,7.5271,4.9509,-0.0000,0.4000,0.0000,1788738222.748
53.682,7.5351,4.9509,-0.0000,0.4000,0.0000,1788738222.768
53.702,7.5431,4.9509,-0.0000,0.4000,0.0000,1788738222.788
53.722,7.5511,4.9509,-0.0000,0.4000,0.0000,1788738222.808
53.743,7.5591,4.9509,-0.0000,0.4000,0.0000,1788738222.828
53.763,7.5671,4.9509,-0.0000,0.4000,0.0000,1788738222.848
53.782,7.5751,4.9509,-0.0000,0.4000,0.0000,1788738222.868
53.803,7.5831,4.9509,-0.0000,0.4000,0.0000,1788738222.888
53.822,7.5911,4.9509,-0.0000,0.4000,0.0000,1788738222.908
53.842,7.5988,4.9509,-0.0000,0.3842,0.0000,1788738222.928
53.862,7.6065,4.9509,-0.0000,0.3842,0.0000,1788738222.948
53.882,7.6141,4.9509,-0.0000,0.3842,0.0000,1788738222.968
53.902,7.6218,4.9509,-0.0000,0.3842,0.0000,1788738222.988
53.922,7.6295,4.9509,-0.0000,0.3842,0.0000,1788738223.008
53.942,7.6375,4.9509,-0.0000,0.4000,0.0000,1788738223.028
53.962,7.6455,4.9509,-0.0000,0.4000,0.0000,1788738223.048
53.982,7.6535,4.9509,-0.0000,0.4000,0.0000,1788738223.068
54.002,7.6615,4.9509,-0.0000,0.4000,0.0000,1788738223.088
54.022,7.6695,4.9509,-0.0000,0.4000,0.0000,1788738223.108
54.042,7.6775,4.9509,-0.0000,0.4000,0.0000,1788738223.128
54.063,7.6855,4.9509,-0.0000,0.4000,0.0000,1788738223.148
54.083,7.6935,4.9509,-0.0000,0.4000,0.0000,1788738223.168
54.102,7.7015,4.9509,-0.0000,0.4000,0.0000,1788738223.188
54.122,7.7095,4.9509,-0.0000,0.4000,0.0000,1788738223.208
54.142,7.7172,4.9509,-0.0000,0.3842,0.0000,1788738223.228
54.162,7.7249,4.9509,-0.0000,0.3842,0.0000,1788738223.248
54.182,7.7326,4.9509,-0.0000,0.3842,0.0000,1788738223.268
54.202,7.7402,4.9509,-0.0000,0.3842,0.0000,1788738223.288
54.222,7.7479,4.9509,-0.0000,0.3842,0.0000,1788738223.308
54.242,7.7550,4.9509,-0.0000,0.3526,0.0000,1788738223.328
54.262,7.7620,4.9509,-0.0000,0.3526,0.0000,1788738223.348
54.283,7.7691,4.9509,-0.0000,0.3526,0.0000,1788738223.368
54.302,7.7761,4.9509,-0.0000,0.3526,0.0000,1788738223.388
54.322,7.7832,4.9509,-0.0000,0.3526,0.0000,1788738223.408
54.343,7.7899,4.9509,-0.0000,0.3368,0.0000,1788738223.428
54.362,7.7967,4.9509,-0.0000,0.3368,0.0000,1788738223.448
54.382,7.8034,4.9509,-0.0000,0.3368,0.0000,1788738223.468
54.402,7.8101,4.9509,-0.0000,0.3368,0.0000,1788738223.488
54.422,7.8169,4.9509,-0.0000,0.3368,0.0000,1788738223.508
54.442,7.8233,4.9509,-0.0000,0.3211,0.0000,1788738223.528
54.462,7.8297,4.9509,-0.0000,0.3211,0.0000,1788738223.548
54.482,7.8361,4.9509,-0.0000,0.3211,0.0000,1788738223.568
54.502,7.8426,4.9509,-0.0000,0.3211,0.0000,1788738223.588
54.522,7.8490,4.9509,-0.0000,0.3211,0.0000,1788738223.608
54.542,7.8551,4.9509,-0.0000,0.3053,0.0000,1788738223.628
54.562,7.8612,4.9509,-0.0000,0.3053,0.0000,1788738223.648
54.582,7.8673,4.9509,-0.0000,0.3053,0.0000,1788738223.668
54.602,7.8734,4.9509,-0.0000,0.3053,0.0000,1788738223.688
54.622,7.8795,4.9509,-0.0000,0.3053,0.0000,1788738223.708
54.642,7.8853,4.9509,-0.0000,0.2895,0.0000,1788738223.728
54.662,7.8911,4.9509,-0.0000,0.2895,0.0000,1788738223.748
54.682,7.8969,4.9509,-0.0000,0.2895,0.0000,1788738223.768
54.702,7.9027,4.9509,-0.0000,0.2895,0.0000,1788738223.788
54.722,7.9085,4.9509,-0.0000,0.2895,0.0000,1788738223.808
54.742,7.9139,4.9509,-0.0000,0.2737,0.0000,1788738223.828
54.762,7.9194,4.9509,-0.0000,0.2737,0.0000,1788738223.848
54.782,7.9249,4.9509,-0.0000,0.2737,0.0000,1788738223.868
54.802,7.9304,4.9509,-0.0000,0.2737,0.0000,1788738223.888
54.822,7.9358,4.9509,-0.0000,0.2737,0.0000,1788738223.908
54.842,7.9410,4.9509,-0.0000,0.2579,0.0000,1788738223.928
54.862,7.9461,4.9509,-0.0000,0.2579,0.0000,1788738223.948
54.882,7.9513,4.9509,-0.0000,0.2579,0.0000,1788738223.968
54.902,7.9565,4.9509,-0.0000,0.2579,0.0000,1788738223.988
54.922,7.9616,4.9509,-0.0000,0.2579,0.0000,1788738224.008
54.942,7.9668,4.9509,-0.0000,0.2579,0.0000,1788738224.028
54.962,7.9719,4.9509,-0.0000,0.2579,0.0000,1788738224.048
54.982,7.9771,4.9509,-0.0000,0.2579,0.0000,1788738224.068
55.002,7.9822,4.9509,-0.0000,0.2579,0.0000,1788738224.088
55.022,7.9874,4.9509,-0.0000,0.2579,0.0000,1788738224.108
55.042,7.9922,4.9509,-0.0000,0.2421,0.0000,1788738224.128
55.062,7.9971,4.9509,-0.0000,0.2421,0.0000,1788738224.148
55.082,8.0019,4.9509,-0.0000,0.2421,0.0000,1788738224.168
55.102,8.0068,4.9509,-0.0000,0.2421,0.0000,1788738224.188
55.122,8.0116,4.9509,-0.0000,0.2421,0.0000,1788738224.208
55.142,8.0161,4.9509,-0.0000,0.2263,0.0000,1788738224.228
55.162,8.0207,4.9509,-0.0000,0.2263,0.0000,1788738224.248
55.182,8.0252,4.9509,-0.0000,0.2263,0.0000,1788738224.268
55.202,8.0297,4.9509,-0.0000,0.2263,0.0000,1788738224.288
55.222,8.0342,4.9509,-0.0000,0.2263,0.0000,1788738224.308
55.242,8.0385,4.9509,-0.0000,0.2105,0.0000,1788738224.328
55.262,8.0427,4.9509,-0.0000,0.2105,0.0000,1788738224.348
55.282,8.0469,4.9509,-0.0000,0.2105,0.0000,1788738224.368
55.302,8.0511,4.9509,-0.0000,0.2105,0.0000,1788738224.388
55.322,8.0553,4.9509,-0.0000,0.2105,0.0000,1788738224.408
55.342,8.0595,4.9509,-0.0000,0.2105,0.0000,1788738224.428
55.362,8.0637,4.9509,-0.0000,0.2105,0.0000,1788738224.448
55.382,8.0679,4.9509,-0.0000,0.2105,0.0000,1788738224.468
55.402,8.0721,4.9509,-0.0000,0.2105,0.0000,1788738224.488
55.422,8.0764,4.9509,-0.0000,0.2105,0.0000,1788738224.508
55.442,8.0802,4.9509,-0.0000,0.1947,0.0000,1788738224.528
55.462,8.0841,4.9509,-0.0000,0.1947,0.0000,1788738224.548
55.482,8.0880,4.9509,-0.0000,0.1947,0.0000,1788738224.568
55.502,8.0919,4.9509,-0.0000,0.1947,0.0000,1788738224.588
55.522,8.0958,4.9509,-0.0000,0.1947,0.0000,1788738224.608
55.543,8.0994,4.9509,-0.0000,0.1789,0.0000,1788738224.628
55.562,8.1030,4.9509,-0.0000,0.1789,0.0000,1788738224.648
55.582,8.1066,4.9509,-0.0000,0.1789,0.0000,1788738224.668
55.602,8.1101,4.9509,-0.0000,0.1789,0.0000,1788738224.688
55.622,8.1137,4.9509,-0.0000,0.1789,0.0000,1788738224.708
55.642,8.1173,4.9509,-0.0000,0.1789,0.0000,1788738224.728
55.662,8.1209,4.9509,-0.0000,0.1789,0.0000,1788738224.748
55.682,8.1245,4.9509,-0.0000,0.1789,0.0000,1788738224.768
55.702,8.1280,4.9509,-0.0000,0.1789,0.0000,1788738224.788
55.722,8.1316,4.9509,-0.0000,0.1789,0.0000,1788738224.808
55.742,8.1349,4.9509,-0.0000,0.1632,0.0000,1788738224.828
55.762,8.1381,4.9509,-0.0000,0.1632,0.0000,1788738224.848
55.783,8.1414,4.9509,-0.0000,0.1632,0.0000,1788738224.868
55.802,8.1447,4.9509,-0.0000,0.1632,0.0000,1788738224.888
55.822,8.1479,4.9509,-0.0000,0.1632,0.0000,1788738224.908
55.842,8.1512,4.9509,-0.0000,0.1632,0.0000,1788738224.928
55.862,8.1545,4.9509,-0.0000,0.1632,0.0000,1788738224.948
55.882,8.1577,4.9509,-0.0000,0.1632,0.0000,1788738224.968
55.902,8.1610,4.9509,-0.0000,0.1632,0.0000,1788738224.988
55.922,8.1642,4.9509,-0.0000,0.1632,0.0000,1788738225.008
55.942,8.1672,4.9509,-0.0000,0.1474,0.0000,1788738225.028
55.962,8.1701,4.9509,-0.0000,0.1474,0.0000,1788738225.048
55.982,8.1731,4.9509,-0.0000,0.1474,0.0000,1788738225.068
56.002,8.1760,4.9509,-0.0000,0.1474,0.0000,1788738225.088
56.022,8.1790,4.9509,-0.0000,0.1474,0.0000,1788738225.108
56.042,8.1819,4.9509,-0.0000,0.1474,0.0000,1788738225.128
56.062,8.1849,4.9509,-0.0000,0.1474,0.0000,1788738225.148
56.083,8.1878,4.9509,-0.0000,0.1474,0.0000,1788738225.168
56.102,8.1908,4.9509,-0.0000,0.1474,0.0000,1788738225.188
56.122,8.1937,4.9509,-0.0000,0.1474,0.0000,1788738225.208
56.142,8.1964,4.9509,-0.0000,0.1316,0.0000,1788738225.228
56.162,8.1990,4.9509,-0.0000,0.1316,0.0000,1788738225.248
56.182,8.2016,4.9509,-0.0000,0.1316,0.0000,1788738225.268
56.202,8.2042,4.9509,-0.0000,0.1316,0.0000,1788738225.288
56.222,8.2069,4.9509,-0.0000,0.1316,0.0000,1788738225.308
56.242,8.2098,4.9509,0.0011,0.1474,0.0526,1788738225.328
56.262,8.2128,4.9509,0.0021,0.1474,0.0526,1788738225.348
56.282,8.2157,4.9509,0.0032,0.1474,0.0526,1788738225.368
56.302,8.2187,4.9509,0.0042,0.1474,0.0526,1788738225.388
56.322,8.2216,4.9509,0.0053,0.1474,0.0526,1788738225.408
56.343,8.2239,4.9509,0.0053,0.1158,0.0000,1788738225.428
56.362,8.2262,4.9510,0.0053,0.1158,0.0000,1788738225.448
56.382,8.2286,4.9510,0.0053,0.1158,0.0000,1788738225.468
56.402,8.2309,4.9510,0.0053,0.1158,0.0000,1788738225.488
56.422,8.2332,4.9510,0.0053,0.1158,0.0000,1788738225.508
56.442,8.2355,4.9510,0.0053,0.1158,0.0000,1788738225.528
56.462,8.2378,4.9510,0.0053,0.1158,0.0000,1788738225.548
56.482,8.2401,4.9510,0.0053,0.1158,0.0000,1788738225.568
56.502,8.2425,4.9510,0.0053,0.1158,0.0000,1788738225.588
56.522,8.2448,4.9511,0.0053,0.1158,0.0000,1788738225.608
56.542,8.2471,4.9511,0.0053,0.1158,0.0000,1788738225.628
56.562,8.2494,4.9511,0.0053,0.1158,0.0000,1788738225.648
56.582,8.2517,4.9511,0.0053,0.1158,0.0000,1788738225.668
56.602,8.2540,4.9511,0.0053,0.1158,0.0000,1788738225.688
56.622,8.2564,4.9511,0.0053,0.1158,0.0000,1788738225.708
56.642,8.2584,4.9511,0.0053,0.1000,0.0000,1788738225.728
56.662,8.2604,4.9511,0.0053,0.1000,0.0000,1788738225.748
56.682,8.2624,4.9511,0.0053,0.1000,0.0000,1788738225.768
56.702,8.2644,4.9512,0.0053,0.1000,0.0000,1788738225.788
56.722,8.2663,4.9512,0.0053,0.1000,0.0000,1788738225.808
56.742,8.2683,4.9512,0.0053,0.1000,0.0000,1788738225.828
56.762,8.2703,4.9512,0.0053,0.1000,0.0000,1788738225.848
56.782,8.2723,4.9512,0.0053,0.1000,0.0000,1788738225.868
56.803,8.2743,4.9512,0.0053,0.1000,0.0000,1788738225.888
56.822,8.2763,4.9512,0.0053,0.1000,0.0000,1788738225.908
56.842,8.2783,4.9512,0.0053,0.1000,0.0000,1788738225.928
56.862,8.2803,4.9512,0.0053,0.1000,0.0000,1788738225.948
56.882,8.2823,4.9512,0.0053,0.1000,0.0000,1788738225.968
56.902,8.2843,4.9513,0.0053,0.1000,0.0000,1788738225.988
56.922,8.2863,4.9513,0.0053,0.1000,0.0000,1788738226.008
56.942,8.2883,4.9513,0.0053,0.1000,0.0000,1788738226.028
56.962,8.2903,4.9513,0.0053,0.1000,0.0000,1788738226.048
56.982,8.2923,4.9513,0.0053,0.1000,0.0000,1788738226.068
57.002,8.2943,4.9513,0.0053,0.1000,0.0000,1788738226.088
57.023,8.2963,4.9513,0.0053,0.1000,0.0000,1788738226.108
57.042,8.2983,4.9513,0.0053,0.1000,0.0000,1788738226.128
57.063,8.3003,4.9513,0.0053,0.1000,0.0000,1788738226.148
57.083,8.3023,4.9514,0.0053,0.1000,0.0000,1788738226.168
57.102,8.3043,4.9514,0.0053,0.1000,0.0000,1788738226.188
57.122,8.3063,4.9514,0.0053,0.1000,0.0000,1788738226.208
57.142,8.3083,4.9514,0.0053,0.1000,0.0000,1788738226.228
57.162,8.3103,4.9514,0.0053,0.1000,0.0000,1788738226.248
57.182,8.3123,4.9514,0.0053,0.1000,0.0000,1788738226.268
57.202,8.3143,4.9514,0.0053,0.1000,0.0000,1788738226.288
57.222,8.3163,4.9514,0.0053,0.1000,0.0000,1788738226.308
57.242,8.3183,4.9514,0.0053,0.1000,0.0000,1788738226.328
57.262,8.3203,4.9514,0.0053,0.1000,0.0000,1788738226.348
57.282,8.3223,4.9515,0.0053,0.1000,0.0000,1788738226.368
57.302,8.3243,4.9515,0.0053,0.1000,0.0000,1788738226.388
57.322,8.3263,4.9515,0.0053,0.1000,0.0000,1788738226.408
57.342,8.3283,4.9515,0.0053,0.1000,0.0000,1788738226.428
57.362,8.3303,4.9515,0.0053,0.1000,0.0000,1788738226.448
57.382,8.3323,4.9515,0.0053,0.1000,0.0000,1788738226.468
57.402,8.3343,4.9515,0.0053,0.1000,0.0000,1788738226.488
57.422,8.3363,4.9515,0.0053,0.1000,0.0000,1788738226.508
57.442,8.3383,4.9515,0.0053,0.1000,0.0000,1788738226.528
57.462,8.3403,4.9516,0.0053,0.1000,0.0000,1788738226.548
57.482,8.3423,4.9516,0.0053,0.1000,0.0000,1788738226.568
57.502,8.3443,4.9516,0.0053,0.1000,0.0000,1788738226.588
57.523,8.3463,4.9516,0.0053,0.1000,0.0000,1788738226.608
57.542,8.3483,4.9516,0.0053,0.1000,0.0000,1788738226.628
57.562,8.3503,4.9516,0.0053,0.1000,0.0000,1788738226.648
57.582,8.3523,4.9516,0.0053,0.1000,0.0000,1788738226.668
57.602,8.3543,4.9516,0.0053,0.1000,0.0000,1788738226.688
57.622,8.3563,4.9516,0.0053,0.1000,0.0000,1788738226.708
57.642,8.3583,4.9516,0.0053,0.1000,0.0000,1788738226.728
57.662,8.3603,4.9517,0.0053,0.1000,0.0000,1788738226.748
57.682,8.3623,4.9517,0.0053,0.1000,0.0000,1788738226.768
57.702,8.3643,4.9517,0.0053,0.1000,0.0000,1788738226.788
57.722,8.3663,4.9517,0.0053,0.1000,0.0000,1788738226.808
57.742,8.3683,4.9517,0.0053,0.1000,0.0000,1788738226.828
57.762,8.3703,4.9517,0.0053,0.1000,0.0000,1788738226.848
57.782,8.3723,4.9517,0.0053,0.1000,0.0000,1788738226.868
57.802,8.3743,4.9517,0.0053,0.1000,0.0000,1788738226.888
57.822,8.3763,4.9517,0.0053,0.1000,0.0000,1788738226.908
57.842,8.3783,4.9518,0.0053,0.1000,0.0000,1788738226.928
57.862,8.3803,4.9518,0.0053,0.1000,0.0000,1788738226.948
57.882,8.3823,4.9518,0.0053,0.1000,0.0000,1788738226.968
57.902,8.3843,4.9518,0.0053,0.1000,0.0000,1788738226.988
57.922,8.3863,4.9518,0.0053,0.1000,0.0000,1788738227.008
57.942,8.3883,4.9518,0.0053,0.1000,0.0000,1788738227.028
57.962,8.3903,4.9518,0.0053,0.1000,0.0000,1788738227.048
57.982,8.3923,4.9518,0.0053,0.1000,0.0000,1788738227.068
58.002,8.3943,4.9518,0.0053,0.1000,0.0000,1788738227.088
58.022,8.3963,4.9518,0.0053,0.1000,0.0000,1788738227.108
58.043,8.3983,4.9519,0.0053,0.1000,0.0000,1788738227.128
58.062,8.4003,4.9519,0.0053,0.1000,0.0000,1788738227.148
58.082,8.4023,4.9519,0.0053,0.1000,0.0000,1788738227.168
58.102,8.4043,4.9519,0.0053,0.1000,0.0000,1788738227.188
58.122,8.4063,4.9519,0.0053,0.1000,0.0000,1788738227.208
58.142,8.4083,4.9519,0.0053,0.1000,0.0000,1788738227.228
58.162,8.4103,4.9519,0.0053,0.1000,0.0000,1788738227.248
58.182,8.4123,4.9519,0.0053,0.1000,0.0000,1788738227.268
58.202,8.4143,4.9519,0.0053,0.1000,0.0000,1788738227.288
58.222,8.4163,4.9520,0.0053,0.1000,0.0000,1788738227.308
58.242,8.4183,4.9520,0.0053,0.1000,0.0000,1788738227.328
58.263,8.4203,4.9520,0.0053,0.1000,0.0000,1788738227.348
58.283,8.4223,4.9520,0.0053,0.1000,0.0000,1788738227.368
58.302,8.4243,4.9520,0.0053,0.1000,0.0000,1788738227.388
58.322,8.4263,4.9520,0.0053,0.1000,0.0000,1788738227.408
58.342,8.4283,4.9520,0.0053,0.1000,0.0000,1788738227.428
58.362,8.4303,4.9520,0.0053,0.1000,0.0000,1788738227.448
58.382,8.4323,4.9520,0.0053,0.1000,0.0000,1788738227.468
58.402,8.4343,4.9520,0.0053,0.1000,0.0000,1788738227.488
58.422,8.4363,4.9521,0.0053,0.1000,0.0000,1788738227.508
58.442,8.4383,4.9521,0.0053,0.1000,0.0000,1788738227.528
58.462,8.4403,4.9521,0.0053,0.1000,0.0000,1788738227.548
58.482,8.4423,4.9521,0.0053,0.1000,0.0000,1788738227.568
58.502,8.4443,4.9521,0.0053,0.1000,0.0000,1788738227.588
58.522,8.4463,4.9521,0.0053,0.1000,0.0000,1788738227.608
58.542,8.4483,4.9521,0.0053,0.1000,0.0000,1788738227.628
58.562,8.4503,4.9521,0.0053,0.1000,0.0000,1788738227.648
58.582,8.4523,4.9521,0.0053,0.1000,0.0000,1788738227.668
58.602,8.4543,4.9522,0.0053,0.1000,0.0000,1788738227.688
58.622,8.4563,4.9522,0.0053,0.1000,0.0000,1788738227.708
58.642,8.4583,4.9522,0.0053,0.1000,0.0000,1788738227.728
58.662,8.4603,4.9522,0.0053,0.1000,0.0000,1788738227.748
58.682,8.4623,4.9522,0.0053,0.1000,0.0000,1788738227.768
58.702,8.4643,4.9522,0.0053,0.1000,0.0000,1788738227.788
58.722,8.4663,4.9522,0.0053,0.1000,0.0000,1788738227.808
58.742,8.4683,4.9522,0.0053,0.1000,0.0000,1788738227.828
58.762,8.4703,4.9522,0.0053,0.1000,0.0000,1788738227.848
58.782,8.4723,4.9522,0.0053,0.1000,0.0000,1788738227.868
58.802,8.4743,4.9523,0.0053,0.1000,0.0000,1788738227.888
58.823,8.4763,4.9523,0.0053,0.1000,0.0000,1788738227.908
58.842,8.4783,4.9523,0.0053,0.1000,0.0000,1788738227.928
58.862,8.4803,4.9523,0.0053,0.1000,0.0000,1788738227.948
58.882,8.4823,4.9523,0.0053,0.1000,0.0000,1788738227.968
58.902,8.4843,4.9523,0.0053,0.1000,0.0000,1788738227.988
58.923,8.4863,4.9523,0.0053,0.1000,0.0000,1788738228.008
58.942,8.4883,4.9523,0.0053,0.1000,0.0000,1788738228.028
58.962,8.4903,4.9523,0.0053,0.1000,0.0000,1788738228.048
58.982,8.4923,4.9524,0.0053,0.1000,0.0000,1788738228.068
59.002,8.4943,4.9524,0.0053,0.1000,0.0000,1788738228.088
59.023,8.4963,4.9524,0.0053,0.1000,0.0000,1788738228.108
59.043,8.4983,4.9524,0.0053,0.1000,0.0000,1788738228.128
59.063,8.5003,4.9524,0.0053,0.1000,0.0000,1788738228.148
59.083,8.5023,4.9524,0.0053,0.1000,0.0000,1788738228.168
59.102,8.5043,4.9524,0.0053,0.1000,0.0000,1788738228.188
59.123,8.5063,4.9524,0.0053,0.1000,0.0000,1788738228.208
59.142,8.5090,4.9524,0.0053,0.1316,0.0000,1788738228.228
59.162,8.5116,4.9525,0.0053,0.1316,0.0000,1788738228.248
59.182,8.5142,4.9525,0.0053,0.1316,0.0000,1788738228.268
59.202,8.5169,4.9525,0.0053,0.1316,0.0000,1788738228.288
59.222,8.5195,4.9525,0.0053,0.1316,0.0000,1788738228.308
59.242,8.5221,4.9525,0.0084,0.1316,0.1579,1788738228.328
59.263,8.5248,4.9526,0.0116,0.1316,0.1579,1788738228.348
59.282,8.5274,4.9526,0.0147,0.1316,0.1579,1788738228.368
59.302,8.5300,4.9526,0.0179,0.1316,0.1579,1788738228.388
59.322,8.5327,4.9527,0.0211,0.1316,0.1579,1788738228.408
59.342,8.5353,4.9528,0.0242,0.1316,0.1579,1788738228.428
59.363,8.5379,4.9528,0.0274,0.1316,0.1579,1788738228.448
59.382,8.5406,4.9529,0.0305,0.1316,0.1579,1788738228.468
59.402,8.5432,4.9530,0.0337,0.1316,0.1579,1788738228.488
59.423,8.5458,4.9531,0.0368,0.1316,0.1579,1788738228.508
59.442,8.5481,4.9532,0.0400,0.1158,0.1579,1788738228.528
59.462,8.5504,4.9533,0.0432,0.1158,0.1579,1788738228.548
59.483,8.5528,4.9534,0.0463,0.1158,0.1579,1788738228.568
59.502,8.5551,4.9535,0.0495,0.1158,0.1579,1788738228.588
59.522,8.5574,4.9536,0.0526,0.1158,0.1579,1788738228.608
59.542,8.5574,4.9536,0.0526,0.0000,0.0000,1788738228.628
59.562,8.5574,4.9536,0.0526,0.0000,0.0000,1788738228.648
59.582,8.5574,4.9536,0.0526,0.0000,0.0000,1788738228.668
59.602,8.5574,4.9536,0.0526,0.0000,0.0000,1788738228.688
59.622,8.5574,4.9536,0.0526,0.0000,0.0000,1788738228.708
59.642,8.5574,4.9536,0.0526,0.0000,0.0000,1788738228.728
