t,x,y,yaw,v,w,t_abs
0.022,1.2000,5.0000,0.0000,0.0000,0.0000,1788738035.617
0.042,1.2000,5.0000,0.0000,0.0000,0.0000,1788738035.637
0.062,1.2000,5.0000,0.0000,0.0000,0.0000,1788738035.657
0.082,1.2000,5.0000,0.0000,0.0000,0.0000,1788738035.677
0.103,1.2000,5.0000,0.0000,0.0000,0.0000,1788738035.697
0.123,1.2000,5.0000,0.0000,0.0000,0.0000,1788738035.717
0.142,1.2000,5.0000,0.0000,0.0000,0.0000,1788738035.737
0.162,1.2000,5.0000,0.0000,0.0000,0.0000,1788738035.757
0.182,1.2000,5.0000,0.0000,0.0000,0.0000,1788738035.777
0.202,1.2000,5.0000,0.0000,0.0000,0.0000,1788738035.797
0.222,1.2000,5.0000,0.0000,0.0000,0.0000,1788738035.817
0.242,1.2000,5.0000,0.0000,0.0000,0.0000,1788738035.837
0.262,1.2000,5.0000,0.0000,0.0000,0.0000,1788738035.857
0.282,1.2000,5.0000,0.0000,0.0000,0.0000,1788738035.877
0.302,1.2000,5.0000,0.0000,0.0000,0.0000,1788738035.897
0.322,1.2000,5.0000,0.0000,0.0000,0.0000,1788738035.917
0.342,1.2000,5.0000,0.0000,0.0000,0.0000,1788738035.937
0.362,1.2000,5.0000,0.0000,0.0000,0.0000,1788738035.957
0.382,1.2000,5.0000,0.0000,0.0000,0.0000,1788738035.977
0.402,1.2000,5.0000,0.0000,0.0000,0.0000,1788738035.997
0.422,1.2000,5.0000,0.0000,0.0000,0.0000,1788738036.017
0.442,1.2000,5.0000,0.0000,0.0000,0.0000,1788738036.037
0.462,1.2000,5.0000,0.0000,0.0000,0.0000,1788738036.057
0.482,1.2000,5.0000,0.0000,0.0000,0.0000,1788738036.077
0.502,1.2000,5.0000,0.0000,0.0000,0.0000,1788738036.097
0.522,1.2000,5.0000,0.0000,0.0000,0.0000,1788738036.117
0.542,1.2000,5.0000,0.0000,0.0000,0.0000,1788738036.137
0.562,1.2000,5.0000,0.0000,0.0000,0.0000,1788738036.157
0.582,1.2000,5.0000,0.0000,0.0000,0.0000,1788738036.177
0.602,1.2000,5.0000,0.0000,0.0000,0.0000,1788738036.197
0.622,1.2000,5.0000,0.0000,0.0000,0.0000,1788738036.217
0.642,1.2000,5.0000,0.0000,0.0000,0.0000,1788738036.237
0.662,1.2000,5.0000,0.0000,0.0000,0.0000,1788738036.257
0.682,1.2000,5.0000,0.0000,0.0000,0.0000,1788738036.277
0.703,1.2000,5.0000,0.0000,0.0000,0.0000,1788738036.297
0.722,1.2000,5.0000,0.0000,0.0000,0.0000,1788738036.317
0.742,1.2000,5.0000,0.0000,0.0000,0.0000,1788738036.337
0.763,1.2000,5.0000,0.0000,0.0000,0.0000,1788738036.357
0.782,1.2000,5.0000,0.0000,0.0000,0.0000,1788738036.377
0.802,1.2000,5.0000,0.0000,0.0000,0.0000,1788738036.397
0.822,1.2000,5.0000,0.0000,0.0000,0.0000,1788738036.417
0.842,1.2000,5.0000,0.0000,0.0000,0.0000,1788738036.437
0.862,1.2000,5.0000,0.0000,0.0000,0.0000,1788738036.457
0.882,1.2000,5.0000,0.0000,0.0000,0.0000,1788738036.477
0.902,1.2000,5.0000,0.0000,0.0000,0.0000,1788738036.497
0.922,1.2000,5.0000,0.0000,0.0000,0.0000,1788738036.517
0.942,1.2000,5.0000,0.0000,0.0000,0.0000,1788738036.537
0.962,1.2000,5.0000,0.0000,0.0000,0.0000,1788738036.557
0.983,1.2000,5.0000,0.0000,0.0000,0.0000,1788738036.577
1.003,1.2000,5.0000,0.0000,0.0000,0.0000,1788738036.597
1.022,1.2000,5.0000,0.0000,0.0000,0.0000,1788738036.617
1.042,1.2000,5.0000,0.0000,0.0000,0.0000,1788738036.637
1.062,1.2000,5.0000,0.0000,0.0000,0.0000,1788738036.657
1.082,1.2000,5.0000,0.0000,0.0000,0.0000,1788738036.677
1.102,1.2000,5.0000,0.0000,0.0000,0.0000,1788738036.697
1.122,1.2000,5.0000,0.0000,0.0000,0.0000,1788738036.717
1.142,1.2000,5.0000,0.0000,0.0000,0.0000,1788738036.737
1.162,1.2000,5.0000,0.0000,0.0000,0.0000,1788738036.757
1.182,1.2000,5.0000,0.0000,0.0000,0.0000,1788738036.777
1.202,1.2000,5.0000,0.0000,0.0000,0.0000,1788738036.797
1.222,1.2000,5.0000,0.0000,0.0000,0.0000,1788738036.817
1.243,1.2000,5.0000,0.0000,0.0000,0.0000,1788738036.837
1.262,1.2000,5.0000,0.0000,0.0000,0.0000,1788738036.857
1.282,1.2000,5.0000,0.0000,0.0000,0.0000,1788738036.877
1.302,1.2000,5.0000,0.0000,0.0000,0.0000,1788738036.897
1.322,1.2000,5.0000,0.0000,0.0000,0.0000,1788738036.917
1.342,1.2000,5.0000,0.0000,0.0000,0.0000,1788738036.937
1.362,1.2000,5.0000,0.0000,0.0000,0.0000,1788738036.957
1.382,1.2000,5.0000,0.0000,0.0000,0.0000,1788738036.977
1.402,1.2000,5.0000,0.0000,0.0000,0.0000,1788738036.997
1.422,1.2000,5.0000,0.0000,0.0000,0.0000,1788738037.017
1.442,1.2000,5.0000,0.0000,0.0000,0.0000,1788738037.037
1.462,1.2000,5.0000,0.0000,0.0000,0.0000,1788738037.057
1.482,1.2000,5.0000,0.0000,0.0000,0.0000,1788738037.077
1.503,1.2000,5.0000,0.0000,0.0000,0.0000,1788738037.097
1.522,1.2000,5.0000,0.0000,0.0000,0.0000,1788738037.117
1.542,1.2000,5.0000,0.0000,0.0000,0.0000,1788738037.137
1.562,1.2000,5.0000,0.0000,0.0000,0.0000,1788738037.157
1.582,1.2000,5.0000,0.0000,0.0000,0.0000,1788738037.177
1.602,1.2000,5.0000,0.0000,0.0000,0.0000,1788738037.197
1.622,1.2000,5.0000,0.0000,0.0000,0.0000,1788738037.217
1.643,1.2000,5.0000,0.0000,0.0000,0.0000,1788738037.237
1.662,1.2000,5.0000,0.0000,0.0000,0.0000,1788738037.257
1.682,1.2000,5.0000,0.0000,0.0000,0.0000,1788738037.277
1.703,1.2000,5.0000,0.0000,0.0000,0.0000,1788738037.297
1.722,1.2000,5.0000,0.0000,0.0000,0.0000,1788738037.317
1.742,1.2000,5.0000,0.0000,0.0000,0.0000,1788738037.337
1.762,1.2000,5.0000,0.0000,0.0000,0.0000,1788738037.357
1.782,1.2000,5.0000,0.0000,0.0000,0.0000,1788738037.377
1.802,1.2000,5.0000,0.0000,0.0000,0.0000,1788738037.397
1.822,1.2000,5.0000,0.0000,0.0000,0.0000,1788738037.417
1.842,1.2000,5.0000,0.0000,0.0000,0.0000,1788738037.437
1.862,1.2000,5.0000,0.0000,0.0000,0.0000,1788738037.457
1.882,1.2000,5.0000,0.0000,0.0000,0.0000,1788738037.477
1.902,1.2000,5.0000,0.0000,0.0000,0.0000,1788738037.497
1.922,1.2000,5.0000,0.0000,0.0000,0.0000,1788738037.517
1.942,1.2000,5.0000,0.0000,0.0000,0.0000,1788738037.537
1.962,1.2000,5.0000,0.0000,0.0000,0.0000,1788738037.557
1.982,1.2000,5.0000,0.0000,0.0000,0.0000,1788738037.577
2.002,1.2000,5.0000,0.0000,0.0000,0.0000,1788738037.597
2.022,1.2000,5.0000,0.0000,0.0000,0.0000,1788738037.617
2.043,1.2000,5.0000,0.0000,0.0000,0.0000,1788738037.637
2.063,1.2000,5.0000,0.0000,0.0000,0.0000,1788738037.657
2.082,1.2000,5.0000,0.0000,0.0000,0.0000,1788738037.677
2.102,1.2000,5.0000,0.0000,0.0000,0.0000,1788738037.697
2.122,1.2000,5.0000,0.0000,0.0000,0.0000,1788738037.717
2.142,1.2000,5.0000,0.0000,0.0000,0.0000,1788738037.737
2.162,1.2000,5.0000,0.0000,0.0000,0.0000,1788738037.757
2.182,1.2000,5.0000,0.0000,0.0000,0.0000,1788738037.777
2.202,1.2000,5.0000,0.0000,0.0000,0.0000,1788738037.797
2.222,1.2000,5.0000,0.0000,0.0000,0.0000,1788738037.817
2.242,1.2000,5.0000,0.0000,0.0000,0.0000,1788738037.837
2.262,1.2000,5.0000,0.0000,0.0000,0.0000,1788738037.857
2.282,1.2000,5.0000,0.0000,0.0000,0.0000,1788738037.877
2.303,1.2000,5.0000,0.0000,0.0000,0.0000,1788738037.897
2.322,1.2000,5.0000,0.0000,0.0000,0.0000,1788738037.917
2.342,1.2000,5.0000,0.0000,0.0000,0.0000,1788738037.937
2.362,1.2000,5.0000,0.0000,0.0000,0.0000,1788738037.957
2.382,1.2000,5.0000,0.0000,0.0000,0.0000,1788738037.977
2.402,1.2000,5.0000,0.0000,0.0000,0.0000,1788738037.997
2.422,1.2000,5.0000,0.0000,0.0000,0.0000,1788738038.017
2.442,1.2000,5.0000,0.0000,0.0000,0.0000,1788738038.037
2.462,1.2000,5.0000,0.0000,0.0000,0.0000,1788738038.057
2.482,1.2000,5.0000,0.0000,0.0000,0.0000,1788738038.077
2.502,1.2000,5.0000,0.0000,0.0000,0.0000,1788738038.097
2.522,1.2000,5.0000,0.0000,0.0000,0.0000,1788738038.117
2.542,1.2000,5.0000,0.0000,0.0000,0.0000,1788738038.137
2.562,1.2000,5.0000,0.0000,0.0000,0.0000,1788738038.157
2.582,1.2000,5.0000,0.0000,0.0000,0.0000,1788738038.177
2.602,1.2000,5.0000,0.0000,0.0000,0.0000,1788738038.197
2.622,1.2000,5.0000,0.0000,0.0000,0.0000,1788738038.217
2.642,1.2000,5.0000,0.0000,0.0000,0.0000,1788738038.237
2.662,1.2000,5.0000,0.0000,0.0000,0.0000,1788738038.257
2.682,1.2000,5.0000,0.0000,0.0000,0.0000,1788738038.277
2.702,1.2000,5.0000,0.0000,0.0000,0.0000,1788738038.297
2.722,1.2000,5.0000,0.0000,0.0000,0.0000,1788738038.317
2.742,1.2000,5.0000,0.0000,0.0000,0.0000,1788738038.337
2.762,1.2000,5.0000,0.0000,0.0000,0.0000,1788738038.357
2.783,1.2000,5.0000,0.0000,0.0000,0.0000,1788738038.377
2.802,1.2000,5.0000,0.0000,0.0000,0.0000,1788738038.397
2.822,1.2000,5.0000,0.0000,0.0000,0.0000,1788738038.417
2.842,1.2000,5.0000,0.0000,0.0000,0.0000,1788738038.437
2.862,1.2000,5.0000,0.0000,0.0000,0.0000,1788738038.457
2.882,1.2000,5.0000,0.0000,0.0000,0.0000,1788738038.477
2.902,1.2000,5.0000,0.0000,0.0000,0.0000,1788738038.497
2.922,1.2000,5.0000,0.0000,0.0000,0.0000,1788738038.517
2.942,1.2000,5.0000,0.0000,0.0000,0.0000,1788738038.537
2.962,1.2000,5.0000,0.0000,0.0000,0.0000,1788738038.557
2.982,1.2000,5.0000,0.0000,0.0000,0.0000,1788738038.577
3.002,1.2000,5.0000,0.0000,0.0000,0.0000,1788738038.597
3.023,1.2000,5.0000,0.0000,0.0000,0.0000,1788738038.617
3.042,1.2000,5.0000,0.0000,0.0000,0.0000,1788738038.637
3.062,1.2000,5.0000,0.0000,0.0000,0.0000,1788738038.657
3.082,1.2000,5.0000,0.0000,0.0000,0.0000,1788738038.677
3.103,1.2000,5.0000,0.0000,0.0000,0.0000,1788738038.697
3.123,1.2000,5.0000,0.0000,0.0000,0.0000,1788738038.717
3.142,1.2000,5.0000,0.0000,0.0000,0.0000,1788738038.737
3.162,1.2000,5.0000,0.0000,0.0000,0.0000,1788738038.757
3.182,1.2000,5.0000,0.0000,0.0000,0.0000,1788738038.777
3.202,1.2000,5.0000,0.0000,0.0000,0.0000,1788738038.797
3.222,1.2000,5.0000,0.0000,0.0000,0.0000,1788738038.817
3.242,1.2000,5.0000,0.0000,0.0000,0.0000,1788738038.837
3.262,1.2000,5.0000,0.0000,0.0000,0.0000,1788738038.857
3.282,1.2000,5.0000,0.0000,0.0000,0.0000,1788738038.877
3.302,1.2000,5.0000,0.0000,0.0000,0.0000,1788738038.897
3.322,1.2000,5.0000,0.0000,0.0000,0.0000,1788738038.917
3.342,1.2000,5.0000,0.0000,0.0000,0.0000,1788738038.937
3.362,1.2000,5.0000,0.0000,0.0000,0.0000,1788738038.957
3.382,1.2000,5.0000,0.0000,0.0000,0.0000,1788738038.977
3.402,1.2000,5.0000,0.0000,0.0000,0.0000,1788738038.997
3.422,1.2000,5.0000,0.0000,0.0000,0.0000,1788738039.017
3.442,1.2000,5.0000,0.0000,0.0000,0.0000,1788738039.037
3.462,1.2000,5.0000,0.0000,0.0000,0.0000,1788738039.057
3.482,1.2000,5.0000,0.0000,0.0000,0.0000,1788738039.077
3.502,1.2000,5.0000,0.0000,0.0000,0.0000,1788738039.097
3.522,1.2000,5.0000,0.0000,0.0000,0.0000,1788738039.117
3.542,1.2000,5.0000,0.0000,0.0000,0.0000,1788738039.137
3.562,1.2000,5.0000,0.0000,0.0000,0.0000,1788738039.157
3.582,1.2000,5.0000,0.0000,0.0000,0.0000,1788738039.177
3.602,1.2000,5.0000,0.0000,0.0000,0.0000,1788738039.197
3.622,1.2000,5.0000,0.0000,0.0000,0.0000,1788738039.217
3.643,1.2000,5.0000,0.0000,0.0000,0.0000,1788738039.237
3.662,1.2000,5.0000,0.0000,0.0000,0.0000,1788738039.257
3.682,1.2000,5.0000,0.0000,0.0000,0.0000,1788738039.277
3.702,1.2000,5.0000,0.0000,0.0000,0.0000,1788738039.297
3.723,1.2000,5.0000,0.0000,0.0000,0.0000,1788738039.317
3.742,1.2000,5.0000,0.0000,0.0000,0.0000,1788738039.337
3.762,1.2000,5.0000,0.0000,0.0000,0.0000,1788738039.357
3.782,1.2000,5.0000,0.0000,0.0000,0.0000,1788738039.377
3.802,1.2000,5.0000,0.0000,0.0000,0.0000,1788738039.397
3.822,1.2000,5.0000,0.0000,0.0000,0.0000,1788738039.417
3.842,1.2000,5.0000,0.0000,0.0000,0.0000,1788738039.437
3.862,1.2000,5.0000,0.0000,0.0000,0.0000,1788738039.457
3.882,1.2000,5.0000,0.0000,0.0000,0.0000,1788738039.477
3.902,1.2000,5.0000,0.0000,0.0000,0.0000,1788738039.497
3.922,1.2000,5.0000,0.0000,0.0000,0.0000,1788738039.517
3.942,1.2000,5.0000,0.0000,0.0000,0.0000,1788738039.537
3.962,1.2000,5.0000,0.0000,0.0000,0.0000,1788738039.557
3.982,1.2000,5.0000,0.0000,0.0000,0.0000,1788738039.577
4.002,1.2000,5.0000,0.0000,0.0000,0.0000,1788738039.597
4.022,1.2000,5.0000,0.0000,0.0000,0.0000,1788738039.617
4.042,1.2000,5.0000,0.0000,0.0000,0.0000,1788738039.637
4.062,1.2000,5.0000,0.0000,0.0000,0.0000,1788738039.657
4.082,1.2000,5.0000,0.0000,0.0000,0.0000,1788738039.677
4.102,1.2000,5.0000,0.0000,0.0000,0.0000,1788738039.697
4.122,1.2000,5.0000,0.0000,0.0000,0.0000,1788738039.717
4.142,1.2000,5.0000,0.0000,0.0000,0.0000,1788738039.737
4.162,1.2000,5.0000,0.0000,0.0000,0.0000,1788738039.757
4.182,1.2000,5.0000,0.0000,0.0000,0.0000,1788738039.777
4.202,1.2000,5.0000,0.0000,0.0000,0.0000,1788738039.797
4.222,1.2000,5.0000,0.0000,0.0000,0.0000,1788738039.817
4.242,1.2000,5.0000,0.0000,0.0000,0.0000,1788738039.837
4.262,1.2000,5.0000,0.0000,0.0000,0.0000,1788738039.857
4.282,1.2000,5.0000,0.0000,0.0000,0.0000,1788738039.877
4.302,1.2000,5.0000,0.0000,0.0000,0.0000,1788738039.897
4.322,1.2000,5.0000,0.0000,0.0000,0.0000,1788738039.917
4.342,1.2000,5.0000,0.0000,0.0000,0.0000,1788738039.937
4.362,1.2000,5.0000,0.0000,0.0000,0.0000,1788738039.957
4.382,1.2000,5.0000,0.0000,0.0000,0.0000,1788738039.977
4.403,1.2000,5.0000,0.0000,0.0000,0.0000,1788738039.997
4.423,1.2000,5.0000,0.0000,0.0000,0.0000,1788738040.017
4.443,1.2000,5.0000,0.0000,0.0000,0.0000,1788738040.037
4.462,1.2000,5.0000,0.0000,0.0000,0.0000,1788738040.057
4.483,1.2000,5.0000,0.0000,0.0000,0.0000,1788738040.077
4.502,1.2000,5.0000,0.0000,0.0000,0.0000,1788738040.097
4.522,1.2000,5.0000,0.0000,0.0000,0.0000,1788738040.117
4.542,1.2000,5.0000,0.0000,0.0000,0.0000,1788738040.137
4.562,1.2000,5.0000,0.0000,0.0000,0.0000,1788738040.157
4.582,1.2000,5.0000,0.0000,0.0000,0.0000,1788738040.177
4.602,1.2000,5.0000,0.0000,0.0000,0.0000,1788738040.197
4.622,1.2000,5.0000,0.0000,0.0000,0.0000,1788738040.217
4.642,1.2000,5.0000,0.0000,0.0000,0.0000,1788738040.237
4.662,1.2000,5.0000,0.0000,0.0000,0.0000,1788738040.257
4.682,1.2000,5.0000,0.0000,0.0000,0.0000,1788738040.277
4.702,1.2000,5.0000,0.0000,0.0000,0.0000,1788738040.297
4.723,1.2000,5.0000,0.0000,0.0000,0.0000,1788738040.317
4.742,1.2000,5.0000,0.0000,0.0000,0.0000,1788738040.337
4.762,1.2000,5.0000,0.0000,0.0000,0.0000,1788738040.357
4.782,1.2000,5.0000,0.0000,0.0000,0.0000,1788738040.377
4.802,1.2000,5.0000,0.0000,0.0000,0.0000,1788738040.397
4.822,1.2000,5.0000,0.0000,0.0000,0.0000,1788738040.417
4.842,1.2000,5.0000,0.0000,0.0000,0.0000,1788738040.437
4.862,1.2000,5.0000,0.0000,0.0000,0.0000,1788738040.457
4.882,1.2000,5.0000,0.0000,0.0000,0.0000,1788738040.477
4.902,1.2000,5.0000,0.0000,0.0000,0.0000,1788738040.497
4.922,1.2000,5.0000,0.0000,0.0000,0.0000,1788738040.517
4.942,1.2000,5.0000,0.0000,0.0000,0.0000,1788738040.537
4.962,1.2000,5.0000,0.0000,0.0000,0.0000,1788738040.557
4.982,1.2000,5.0000,0.0000,0.0000,0.0000,1788738040.577
5.002,1.2000,5.0000,0.0000,0.0000,0.0000,1788738040.597
5.022,1.2000,5.0000,0.0000,0.0000,0.0000,1788738040.617
5.042,1.2000,5.0000,0.0000,0.0000,0.0000,1788738040.637
5.062,1.2000,5.0000,0.0000,0.0000,0.0000,1788738040.657
5.082,1.2000,5.0000,0.0000,0.0000,0.0000,1788738040.677
5.102,1.2000,5.0000,0.0000,0.0000,0.0000,1788738040.697
5.122,1.2000,5.0000,0.0000,0.0000,0.0000,1788738040.717
5.142,1.2000,5.0000,0.0000,0.0000,0.0000,1788738040.737
5.162,1.2000,5.0000,0.0000,0.0000,0.0000,1788738040.757
5.182,1.2000,5.0000,0.0000,0.0000,0.0000,1788738040.777
5.202,1.2000,5.0000,0.0000,0.0000,0.0000,1788738040.797
5.222,1.2000,5.0000,0.0000,0.0000,0.0000,1788738040.817
5.242,1.2000,5.0000,0.0000,0.0000,0.0000,1788738040.837
5.262,1.2000,5.0000,0.0000,0.0000,0.0000,1788738040.857
5.282,1.2000,5.0000,0.0000,0.0000,0.0000,1788738040.877
5.302,1.2000,5.0000,0.0000,0.0000,0.0000,1788738040.897
5.322,1.2000,5.0000,0.0000,0.0000,0.0000,1788738040.917
5.342,1.2000,5.0000,0.0000,0.0000,0.0000,1788738040.937
5.362,1.2000,5.0000,0.0000,0.0000,0.0000,1788738040.957
5.382,1.2000,5.0000,0.0000,0.0000,0.0000,1788738040.977
5.402,1.2000,5.0000,0.0000,0.0000,0.0000,1788738040.997
5.422,1.2000,5.0000,0.0000,0.0000,0.0000,1788738041.017
5.442,1.2000,5.0000,0.0000,0.0000,0.0000,1788738041.037
5.462,1.2000,5.0000,0.0000,0.0000,0.0000,1788738041.057
5.482,1.2000,5.0000,0.0000,0.0000,0.0000,1788738041.077
5.502,1.2000,5.0000,0.0000,0.0000,0.0000,1788738041.097
5.523,1.2000,5.0000,0.0000,0.0000,0.0000,1788738041.117
5.542,1.2000,5.0000,0.0000,0.0000,0.0000,1788738041.137
5.562,1.2000,5.0000,0.0000,0.0000,0.0000,1788738041.157
5.582,1.2000,5.0000,0.0000,0.0000,0.0000,1788738041.177
5.602,1.2000,5.0000,0.0000,0.0000,0.0000,1788738041.197
5.622,1.2000,5.0000,0.0000,0.0000,0.0000,1788738041.217
5.642,1.2000,5.0000,0.0000,0.0000,0.0000,1788738041.237
5.662,1.2000,5.0000,0.0000,0.0000,0.0000,1788738041.257
5.682,1.2000,5.0000,0.0000,0.0000,0.0000,1788738041.277
5.702,1.2000,5.0000,0.0000,0.0000,0.0000,1788738041.297
5.722,1.2000,5.0000,0.0000,0.0000,0.0000,1788738041.317
5.742,1.2000,5.0000,0.0000,0.0000,0.0000,1788738041.337
5.762,1.2000,5.0000,0.0000,0.0000,0.0000,1788738041.357
5.782,1.2000,5.0000,0.0000,0.0000,0.0000,1788738041.377
5.802,1.2000,5.0000,0.0000,0.0000,0.0000,1788738041.397
5.822,1.2000,5.0000,0.0000,0.0000,0.0000,1788738041.417
5.842,1.2000,5.0000,0.0000,0.0000,0.0000,1788738041.437
5.862,1.2000,5.0000,0.0000,0.0000,0.0000,1788738041.457
5.882,1.2000,5.0000,0.0000,0.0000,0.0000,1788738041.477
5.902,1.2000,5.0000,0.0000,0.0000,0.0000,1788738041.497
5.922,1.2000,5.0000,0.0000,0.0000,0.0000,1788738041.517
5.942,1.2000,5.0000,0.0000,0.0000,0.0000,1788738041.537
5.962,1.2000,5.0000,0.0000,0.0000,0.0000,1788738041.557
5.982,1.2000,5.0000,0.0000,0.0000,0.0000,1788738041.577
6.002,1.2000,5.0000,0.0000,0.0000,0.0000,1788738041.597
6.022,1.2000,5.0000,0.0000,0.0000,0.0000,1788738041.617
6.043,1.2000,5.0000,0.0000,0.0000,0.0000,1788738041.637
6.062,1.2000,5.0000,0.0000,0.0000,0.0000,1788738041.657
6.082,1.2000,5.0000,0.0000,0.0000,0.0000,1788738041.677
6.102,1.2000,5.0000,0.0000,0.0000,0.0000,1788738041.697
6.122,1.2000,5.0000,0.0000,0.0000,0.0000,1788738041.717
6.142,1.2000,5.0000,0.0000,0.0000,0.0000,1788738041.737
6.162,1.2000,5.0000,0.0000,0.0000,0.0000,1788738041.757
6.182,1.2000,5.0000,0.0000,0.0000,0.0000,1788738041.777
6.202,1.2000,5.0000,0.0000,0.0000,0.0000,1788738041.797
6.222,1.2000,5.0000,0.0000,0.0000,0.0000,1788738041.817
6.242,1.2000,5.0000,0.0000,0.0000,0.0000,1788738041.837
6.262,1.2000,5.0000,0.0000,0.0000,0.0000,1788738041.857
6.282,1.2000,5.0000,0.0000,0.0000,0.0000,1788738041.877
6.302,1.2000,5.0000,0.0000,0.0000,0.0000,1788738041.897
6.323,1.2000,5.0000,0.0000,0.0000,0.0000,1788738041.917
6.342,1.2000,5.0000,0.0000,0.0000,0.0000,1788738041.937
6.362,1.2000,5.0000,0.0000,0.0000,0.0000,1788738041.957
6.382,1.2000,5.0000,0.0000,0.0000,0.0000,1788738041.977
6.402,1.2000,5.0000,0.0000,0.0000,0.0000,1788738041.997
6.422,1.2000,5.0000,0.0000,0.0000,0.0000,1788738042.017
6.442,1.2000,5.0000,0.0000,0.0000,0.0000,1788738042.037
6.462,1.2000,5.0000,0.0000,0.0000,0.0000,1788738042.057
6.482,1.2000,5.0000,0.0000,0.0000,0.0000,1788738042.077
6.502,1.2000,5.0000,0.0000,0.0000,0.0000,1788738042.097
6.522,1.2000,5.0000,0.0000,0.0000,0.0000,1788738042.117
6.542,1.2000,5.0000,0.0000,0.0000,0.0000,1788738042.137
6.562,1.2000,5.0000,0.0000,0.0000,0.0000,1788738042.157
6.582,1.2000,5.0000,0.0000,0.0000,0.0000,1788738042.177
6.602,1.2000,5.0000,0.0000,0.0000,0.0000,1788738042.197
6.622,1.2000,5.0000,0.0000,0.0000,0.0000,1788738042.217
6.642,1.2000,5.0000,0.0000,0.0000,0.0000,1788738042.237
6.662,1.2000,5.0000,0.0000,0.0000,0.0000,1788738042.257
6.683,1.2000,5.0000,0.0000,0.0000,0.0000,1788738042.277
6.702,1.2000,5.0000,0.0000,0.0000,0.0000,1788738042.297
6.722,1.2000,5.0000,0.0000,0.0000,0.0000,1788738042.317
6.743,1.2000,5.0000,0.0000,0.0000,0.0000,1788738042.337
6.762,1.2000,5.0000,0.0000,0.0000,0.0000,1788738042.357
6.782,1.2000,5.0000,0.0000,0.0000,0.0000,1788738042.377
6.802,1.2000,5.0000,0.0000,0.0000,0.0000,1788738042.397
6.822,1.2000,5.0000,0.0000,0.0000,0.0000,1788738042.417
6.842,1.2000,5.0000,0.0000,0.0000,0.0000,1788738042.437
6.862,1.2000,5.0000,0.0000,0.0000,0.0000,1788738042.457
6.882,1.2000,5.0000,0.0000,0.0000,0.0000,1788738042.477
6.902,1.2000,5.0000,0.0000,0.0000,0.0000,1788738042.497
6.922,1.2000,5.0000,0.0000,0.0000,0.0000,1788738042.517
6.942,1.2000,5.0000,0.0000,0.0000,0.0000,1788738042.537
6.962,1.2000,5.0000,0.0000,0.0000,0.0000,1788738042.557
6.982,1.2000,5.0000,0.0000,0.0000,0.0000,1788738042.577
7.002,1.2000,5.0000,0.0000,0.0000,0.0000,1788738042.597
7.022,1.2000,5.0000,0.0000,0.0000,0.0000,1788738042.617
7.043,1.2000,5.0000,0.0000,0.0000,0.0000,1788738042.637
7.062,1.2000,5.0000,0.0000,0.0000,0.0000,1788738042.657
7.082,1.2000,5.0000,0.0000,0.0000,0.0000,1788738042.677
7.102,1.2000,5.0000,0.0000,0.0000,0.0000,1788738042.697
7.122,1.2000,5.0000,0.0000,0.0000,0.0000,1788738042.717
7.142,1.2000,5.0000,0.0000,0.0000,0.0000,1788738042.737
7.162,1.2000,5.0000,0.0000,0.0000,0.0000,1788738042.757
7.182,1.2000,5.0000,0.0000,0.0000,0.0000,1788738042.777
7.202,1.2000,5.0000,0.0000,0.0000,0.0000,1788738042.797
7.222,1.2000,5.0000,0.0000,0.0000,0.0000,1788738042.817
7.243,1.2000,5.0000,0.0000,0.0000,0.0000,1788738042.837
7.262,1.2000,5.0000,0.0000,0.0000,0.0000,1788738042.857
7.283,1.2000,5.0000,0.0000,0.0000,0.0000,1788738042.877
7.302,1.2000,5.0000,0.0000,0.0000,0.0000,1788738042.897
7.322,1.2000,5.0000,0.0000,0.0000,0.0000,1788738042.917
7.342,1.2000,5.0000,0.0000,0.0000,0.0000,1788738042.937
7.362,1.2000,5.0000,0.0000,0.0000,0.0000,1788738042.957
7.382,1.2000,5.0000,0.0000,0.0000,0.0000,1788738042.977
7.402,1.2000,5.0000,0.0000,0.0000,0.0000,1788738042.997
7.422,1.2000,5.0000,0.0000,0.0000,0.0000,1788738043.017
7.442,1.2000,5.0000,0.0000,0.0000,0.0000,1788738043.037
7.462,1.2000,5.0000,0.0000,0.0000,0.0000,1788738043.057
7.482,1.2000,5.0000,0.0000,0.0000,0.0000,1788738043.077
7.502,1.2000,5.0000,0.0000,0.0000,0.0000,1788738043.097
7.522,1.2000,5.0000,0.0000,0.0000,0.0000,1788738043.117
7.543,1.2000,5.0000,0.0000,0.0000,0.0000,1788738043.137
7.562,1.2000,5.0000,0.0000,0.0000,0.0000,1788738043.157
7.582,1.2000,5.0000,0.0000,0.0000,0.0000,1788738043.177
7.602,1.2000,5.0000,0.0000,0.0000,0.0000,1788738043.197
7.622,1.2000,5.0000,0.0000,0.0000,0.0000,1788738043.217
7.642,1.2000,5.0000,0.0000,0.0000,0.0000,1788738043.237
7.662,1.2000,5.0000,0.0000,0.0000,0.0000,1788738043.257
7.682,1.2000,5.0000,0.0000,0.0000,0.0000,1788738043.277
7.702,1.2000,5.0000,0.0000,0.0000,0.0000,1788738043.297
7.722,1.2000,5.0000,0.0000,0.0000,0.0000,1788738043.317
7.742,1.2000,5.0000,0.0000,0.0000,0.0000,1788738043.337
7.762,1.2000,5.0000,0.0000,0.0000,0.0000,1788738043.357
7.782,1.2000,5.0000,0.0000,0.0000,0.0000,1788738043.377
7.802,1.2000,5.0000,0.0000,0.0000,0.0000,1788738043.397
7.825,1.2000,5.0000,0.0000,0.0000,0.0000,1788738043.419
7.842,1.2000,5.0000,0.0000,0.0000,0.0000,1788738043.437
7.862,1.2000,5.0000,0.0000,0.0000,0.0000,1788738043.457
7.883,1.2000,5.0000,0.0000,0.0000,0.0000,1788738043.477
7.902,1.2000,5.0000,0.0000,0.0000,0.0000,1788738043.497
7.922,1.2000,5.0000,0.0000,0.0000,0.0000,1788738043.517
7.942,1.2000,5.0000,0.0000,0.0000,0.0000,1788738043.537
7.962,1.2000,5.0000,0.0000,0.0000,0.0000,1788738043.557
7.982,1.2000,5.0000,0.0000,0.0000,0.0000,1788738043.577
8.002,1.2000,5.0000,0.0000,0.0000,0.0000,1788738043.597
8.022,1.2000,5.0000,0.0000,0.0000,0.0000,1788738043.617
8.042,1.2000,5.0000,0.0000,0.0000,0.0000,1788738043.637
8.062,1.2000,5.0000,0.0000,0.0000,0.0000,1788738043.657
8.082,1.2000,5.0000,0.0000,0.0000,0.0000,1788738043.677
8.102,1.2000,5.0000,0.0000,0.0000,0.0000,1788738043.697
8.122,1.2000,5.0000,0.0000,0.0000,0.0000,1788738043.717
8.142,1.2000,5.0000,0.0000,0.0000,0.0000,1788738043.737
8.162,1.2000,5.0000,0.0000,0.0000,0.0000,1788738043.757
8.182,1.2000,5.0000,0.0000,0.0000,0.0000,1788738043.777
8.202,1.2000,5.0000,0.0000,0.0000,0.0000,1788738043.797
8.222,1.2000,5.0000,0.0000,0.0000,0.0000,1788738043.817
8.242,1.2000,5.0000,0.0000,0.0000,0.0000,1788738043.837
8.262,1.2000,5.0000,0.0000,0.0000,0.0000,1788738043.857
8.282,1.2000,5.0000,0.0000,0.0000,0.0000,1788738043.877
8.302,1.2000,5.0000,0.0000,0.0000,0.0000,1788738043.897
8.322,1.2080,5.0000,0.0000,0.4000,0.0000,1788738043.917
8.342,1.2160,5.0000,0.0000,0.4000,0.0000,1788738043.937
8.362,1.2240,5.0000,0.0000,0.4000,0.0000,1788738043.957
8.382,1.2320,5.0000,0.0000,0.4000,0.0000,1788738043.977
8.402,1.2397,5.0000,0.0000,0.3842,0.0000,1788738043.997
8.422,1.2474,5.0000,0.0000,0.3842,0.0000,1788738044.017
8.443,1.2551,5.0000,0.0000,0.3842,0.0000,1788738044.037
8.462,1.2627,5.0000,0.0000,0.3842,0.0000,1788738044.057
8.482,1.2704,5.0000,0.0000,0.3842,0.0000,1788738044.077
8.502,1.2784,5.0000,0.0000,0.4000,0.0000,1788738044.097
8.522,1.2864,5.0000,0.0000,0.4000,0.0000,1788738044.117
8.542,1.2944,5.0000,0.0000,0.4000,0.0000,1788738044.137
8.562,1.3024,5.0000,0.0000,0.4000,0.0000,1788738044.157
8.582,1.3104,5.0000,0.0000,0.4000,0.0000,1788738044.177
8.602,1.3184,5.0000,0.0000,0.4000,0.0000,1788738044.197
8.622,1.3264,5.0000,0.0000,0.4000,0.0000,1788738044.217
8.642,1.3344,5.0000,0.0000,0.4000,0.0000,1788738044.237
8.662,1.3424,5.0000,0.0000,0.4000,0.0000,1788738044.257
8.682,1.3504,5.0000,0.0000,0.4000,0.0000,1788738044.277
8.702,1.3584,5.0000,0.0000,0.4000,0.0000,1788738044.297
8.723,1.3664,5.0000,0.0000,0.4000,0.0000,1788738044.317
8.742,1.3744,5.0000,0.0000,0.4000,0.0000,1788738044.337
8.763,1.3824,5.0000,0.0000,0.4000,0.0000,1788738044.357
8.782,1.3904,5.0000,0.0000,0.4000,0.0000,1788738044.377
8.802,1.3981,5.0000,0.0000,0.3842,0.0000,1788738044.397
8.822,1.4058,5.0000,0.0000,0.3842,0.0000,1788738044.417
8.842,1.4135,5.0000,0.0000,0.3842,0.0000,1788738044.437
8.862,1.4212,5.0000,0.0000,0.3842,0.0000,1788738044.457
8.882,1.4288,5.0000,0.0000,0.3842,0.0000,1788738044.477
8.902,1.4368,5.0000,0.0000,0.4000,0.0000,1788738044.497
8.922,1.4448,5.0000,0.0000,0.4000,0.0000,1788738044.517
8.942,1.4528,5.0000,0.0000,0.4000,0.0000,1788738044.537
8.962,1.4608,5.0000,0.0000,0.4000,0.0000,1788738044.557
8.982,1.4688,5.0000,0.0000,0.4000,0.0000,1788738044.577
9.002,1.4768,5.0000,0.0000,0.4000,0.0000,1788738044.597
9.022,1.4848,5.0000,0.0000,0.4000,0.0000,1788738044.617
9.042,1.4928,5.0000,0.0000,0.4000,0.0000,1788738044.637
9.062,1.5008,5.0000,0.0000,0.4000,0.0000,1788738044.657
9.082,1.5088,5.0000,0.0000,0.4000,0.0000,1788738044.677
9.102,1.5168,5.0000,0.0000,0.4000,0.0000,1788738044.697
9.123,1.5248,5.0000,0.0000,0.4000,0.0000,1788738044.717
9.142,1.5328,5.0000,0.0000,0.4000,0.0000,1788738044.737
9.162,1.5408,5.0000,0.0000,0.4000,0.0000,1788738044.757
9.182,1.5488,5.0000,0.0000,0.4000,0.0000,1788738044.777
9.202,1.5565,5.0000,0.0000,0.3842,0.0000,1788738044.797
9.222,1.5642,5.0000,0.0000,0.3842,0.0000,1788738044.817
9.242,1.5719,5.0000,0.0000,0.3842,0.0000,1788738044.837
9.263,1.5796,5.0000,0.0000,0.3842,0.0000,1788738044.857
9.282,1.5873,5.0000,0.0000,0.3842,0.0000,1788738044.877
9.302,1.5949,5.0000,0.0000,0.3842,0.0000,1788738044.897
9.322,1.6026,5.0000,0.0000,0.3842,0.0000,1788738044.917
9.342,1.6103,5.0000,0.0000,0.3842,0.0000,1788738044.937
9.362,1.6180,5.0000,0.0000,0.3842,0.0000,1788738044.957
9.382,1.6257,5.0000,0.0000,0.3842,0.0000,1788738044.977
9.402,1.6337,5.0000,0.0000,0.4000,0.0000,1788738044.997
9.422,1.6417,5.0000,0.0000,0.4000,0.0000,1788738045.017
9.442,1.6497,5.0000,0.0000,0.4000,0.0000,1788738045.037
9.462,1.6577,5.0000,0.0000,0.4000,0.0000,1788738045.057
9.482,1.6657,5.0000,0.0000,0.4000,0.0000,1788738045.077
9.502,1.6737,5.0000,0.0000,0.4000,0.0000,1788738045.097
9.522,1.6817,5.0000,0.0000,0.4000,0.0000,1788738045.117
9.542,1.6897,5.0000,0.0000,0.4000,0.0000,1788738045.137
9.562,1.6977,5.0000,0.0000,0.4000,0.0000,1788738045.157
9.582,1.7057,5.0000,0.0000,0.4000,0.0000,1788738045.177
9.602,1.7137,5.0000,0.0000,0.4000,0.0000,1788738045.197
9.622,1.7217,5.0000,0.0000,0.4000,0.0000,1788738045.217
9.642,1.7297,5.0000,0.0000,0.4000,0.0000,1788738045.237
9.663,1.7377,5.0000,0.0000,0.4000,0.0000,1788738045.257
9.682,1.7457,5.0000,0.0000,0.4000,0.0000,1788738045.277
9.702,1.7534,5.0000,0.0000,0.3842,0.0000,1788738045.297
9.722,1.7611,5.0000,0.0000,0.3842,0.0000,1788738045.317
9.742,1.7687,5.0000,0.0000,0.3842,0.0000,1788738045.337
9.762,1.7764,5.0000,0.0000,0.3842,0.0000,1788738045.357
9.782,1.7841,5.0000,0.0000,0.3842,0.0000,1788738045.377
9.802,1.7918,5.0000,0.0000,0.3842,0.0000,1788738045.397
9.822,1.7995,5.0000,0.0000,0.3842,0.0000,1788738045.417
9.842,1.8072,5.0000,0.0000,0.3842,0.0000,1788738045.437
9.862,1.8148,5.0000,0.0000,0.3842,0.0000,1788738045.457
9.882,1.8225,5.0000,0.0000,0.3842,0.0000,1788738045.477
9.902,1.8305,5.0000,0.0000,0.4000,0.0000,1788738045.497
9.923,1.8385,5.0000,0.0000,0.4000,0.0000,1788738045.517
9.943,1.8465,5.0000,0.0000,0.4000,0.0000,1788738045.537
9.962,1.8545,5.0000,0.0000,0.4000,0.0000,1788738045.557
9.982,1.8625,5.0000,0.0000,0.4000,0.0000,1788738045.577
10.002,1.8705,5.0000,0.0000,0.4000,0.0000,1788738045.597
10.022,1.8785,5.0000,0.0000,0.4000,0.0000,1788738045.617
10.042,1.8865,5.0000,0.0000,0.4000,0.0000,1788738045.637
10.062,1.8945,5.0000,0.0000,0.4000,0.0000,1788738045.657
10.082,1.9025,5.0000,0.0000,0.4000,0.0000,1788738045.677
10.102,1.9105,5.0000,0.0000,0.4000,0.0000,1788738045.697
10.123,1.9185,5.0000,0.0000,0.4000,0.0000,1788738045.717
10.142,1.9265,5.0000,0.0000,0.4000,0.0000,1788738045.737
10.163,1.9345,5.0000,0.0000,0.4000,0.0000,1788738045.757
10.182,1.9425,5.0000,0.0000,0.4000,0.0000,1788738045.777
10.202,1.9502,5.0000,0.0000,0.3842,0.0000,1788738045.797
10.223,1.9579,5.0000,0.0000,0.3842,0.0000,1788738045.817
10.243,1.9656,5.0000,0.0000,0.3842,0.0000,1788738045.837
10.263,1.9733,5.0000,0.0000,0.3842,0.0000,1788738045.857
10.283,1.9809,5.0000,0.0000,0.3842,0.0000,1788738045.877
10.302,1.9889,5.0000,0.0000,0.4000,0.0000,1788738045.897
10.323,1.9969,5.0000,0.0000,0.4000,0.0000,1788738045.917
10.343,2.0049,5.0000,0.0000,0.4000,0.0000,1788738045.937
10.362,2.0129,5.0000,0.0000,0.4000,0.0000,1788738045.957
10.383,2.0209,5.0000,0.0000,0.4000,0.0000,1788738045.977
10.402,2.0289,5.0000,0.0000,0.4000,0.0000,1788738045.997
10.423,2.0369,5.0000,0.0000,0.4000,0.0000,1788738046.017
10.443,2.0449,5.0000,0.0000,0.4000,0.0000,1788738046.037
10.462,2.0529,5.0000,0.0000,0.4000,0.0000,1788738046.057
10.483,2.0609,5.0000,0.0000,0.4000,0.0000,1788738046.077
10.502,2.0689,5.0000,0.0000,0.4000,0.0000,1788738046.097
10.523,2.0769,5.0000,0.0000,0.4000,0.0000,1788738046.117
10.543,2.0849,5.0000,0.0000,0.4000,0.0000,1788738046.137
10.563,2.0929,5.0000,0.0000,0.4000,0.0000,1788738046.157
10.583,2.1009,5.0000,0.0000,0.4000,0.0000,1788738046.177
10.602,2.1089,5.0000,0.0000,0.4000,0.0000,1788738046.197
10.623,2.1169,5.0000,0.0000,0.4000,0.0000,1788738046.217
10.643,2.1249,5.0000,0.0000,0.4000,0.0000,1788738046.237
10.663,2.1329,5.0000,0.0000,0.4000,0.0000,1788738046.257
10.683,2.1409,5.0000,0.0000,0.4000,0.0000,1788738046.277
10.702,2.1486,5.0000,0.0000,0.3842,0.0000,1788738046.297
10.723,2.1563,5.0000,0.0000,0.3842,0.0000,1788738046.317
10.743,2.1640,5.0000,0.0000,0.3842,0.0000,1788738046.337
10.763,2.1717,5.0000,0.0000,0.3842,0.0000,1788738046.357
10.783,2.1794,5.0000,0.0000,0.3842,0.0000,1788738046.377
10.802,2.1874,5.0000,0.0000,0.4000,0.0000,1788738046.397
10.822,2.1954,5.0000,0.0000,0.4000,0.0000,1788738046.417
10.843,2.2034,5.0000,0.0000,0.4000,0.0000,1788738046.437
10.862,2.2114,5.0000,0.0000,0.4000,0.0000,1788738046.457
10.882,2.2194,5.0000,0.0000,0.4000,0.0000,1788738046.477
10.902,2.2274,5.0000,0.0000,0.4000,0.0000,1788738046.497
10.922,2.2354,5.0000,0.0000,0.4000,0.0000,1788738046.517
10.942,2.2434,5.0000,0.0000,0.4000,0.0000,1788738046.537
10.962,2.2514,5.0000,0.0000,0.4000,0.0000,1788738046.557
10.982,2.2594,5.0000,0.0000,0.4000,0.0000,1788738046.577
11.002,2.2674,5.0000,0.0000,0.4000,0.0000,1788738046.597
11.022,2.2754,5.0000,0.0000,0.4000,0.0000,1788738046.617
11.042,2.2834,5.0000,0.0000,0.4000,0.0000,1788738046.637
11.062,2.2914,5.0000,0.0000,0.4000,0.0000,1788738046.657
11.082,2.2994,5.0000,0.0000,0.4000,0.0000,1788738046.677
11.102,2.3071,5.0000,0.0000,0.3842,0.0000,1788738046.697
11.122,2.3147,5.0000,0.0000,0.3842,0.0000,1788738046.717
11.142,2.3224,5.0000,0.0000,0.3842,0.0000,1788738046.737
11.162,2.3301,5.0000,0.0000,0.3842,0.0000,1788738046.757
11.182,2.3378,5.0000,0.0000,0.3842,0.0000,1788738046.777
11.202,2.3455,5.0000,0.0000,0.3842,0.0000,1788738046.797
11.222,2.3532,5.0000,0.0000,0.3842,0.0000,1788738046.817
11.242,2.3608,5.0000,0.0000,0.3842,0.0000,1788738046.837
11.263,2.3685,5.0000,0.0000,0.3842,0.0000,1788738046.857
11.283,2.3762,5.0000,0.0000,0.3842,0.0000,1788738046.877
11.302,2.3842,5.0000,0.0000,0.4000,0.0000,1788738046.897
11.322,2.3922,5.0000,0.0000,0.4000,0.0000,1788738046.917
11.342,2.4002,5.0000,0.0000,0.4000,0.0000,1788738046.937
11.362,2.4082,5.0000,0.0000,0.4000,0.0000,1788738046.957
11.382,2.4162,5.0000,0.0000,0.4000,0.0000,1788738046.977
11.402,2.4242,5.0000,0.0000,0.4000,0.0000,1788738046.997
11.422,2.4322,5.0000,0.0000,0.4000,0.0000,1788738047.017
11.442,2.4402,5.0000,0.0000,0.4000,0.0000,1788738047.037
11.462,2.4482,5.0000,0.0000,0.4000,0.0000,1788738047.057
11.482,2.4562,5.0000,0.0000,0.4000,0.0000,1788738047.077
11.502,2.4642,5.0000,0.0000,0.4000,0.0000,1788738047.097
11.522,2.4722,5.0000,0.0000,0.4000,0.0000,1788738047.117
11.542,2.4802,5.0000,0.0000,0.4000,0.0000,1788738047.137
11.562,2.4882,5.0000,0.0000,0.4000,0.0000,1788738047.157
11.582,2.4962,5.0000,0.0000,0.4000,0.0000,1788738047.177
11.602,2.5039,5.0000,0.0000,0.3842,0.0000,1788738047.197
11.622,2.5116,5.0000,0.0000,0.3842,0.0000,1788738047.217
11.642,2.5193,5.0000,0.0000,0.3842,0.0000,1788738047.237
11.662,2.5269,5.0000,0.0000,0.3842,0.0000,1788738047.257
11.682,2.5346,5.0000,0.0000,0.3842,0.0000,1788738047.277
11.702,2.5423,5.0000,0.0000,0.3842,0.0000,1788738047.297
11.722,2.5500,5.0000,0.0000,0.3842,0.0000,1788738047.317
11.742,2.5577,5.0000,0.0000,0.3842,0.0000,1788738047.337
11.762,2.5654,5.0000,0.0000,0.3842,0.0000,1788738047.357
11.782,2.5731,5.0000,0.0000,0.3842,0.0000,1788738047.377
11.802,2.5811,5.0000,0.0000,0.4000,0.0000,1788738047.397
11.822,2.5891,5.0000,0.0000,0.4000,0.0000,1788738047.417
11.842,2.5971,5.0000,0.0000,0.4000,0.0000,1788738047.437
11.862,2.6051,5.0000,0.0000,0.4000,0.0000,1788738047.457
11.882,2.6131,5.0000,0.0000,0.4000,0.0000,1788738047.477
11.902,2.6211,5.0000,0.0000,0.4000,0.0000,1788738047.497
11.922,2.6291,5.0000,0.0000,0.4000,0.0000,1788738047.517
11.942,2.6371,5.0000,0.0000,0.4000,0.0000,1788738047.537
11.962,2.6451,5.0000,0.0000,0.4000,0.0000,1788738047.557
11.982,2.6531,5.0000,0.0000,0.4000,0.0000,1788738047.577
12.002,2.6611,5.0000,0.0000,0.4000,0.0000,1788738047.597
12.022,2.6691,5.0000,0.0000,0.4000,0.0000,1788738047.617
12.042,2.6771,5.0000,0.0000,0.4000,0.0000,1788738047.637
12.062,2.6851,5.0000,0.0000,0.4000,0.0000,1788738047.657
12.082,2.6931,5.0000,0.0000,0.4000,0.0000,1788738047.677
12.102,2.7007,5.0000,0.0000,0.3842,0.0000,1788738047.697
12.122,2.7084,5.0000,0.0000,0.3842,0.0000,1788738047.717
12.142,2.7161,5.0000,0.0000,0.3842,0.0000,1788738047.737
12.162,2.7238,5.0000,0.0000,0.3842,0.0000,1788738047.757
12.182,2.7315,5.0000,0.0000,0.3842,0.0000,1788738047.777
12.202,2.7395,5.0000,0.0000,0.4000,0.0000,1788738047.797
12.222,2.7475,5.0000,0.0000,0.4000,0.0000,1788738047.817
12.242,2.7555,5.0000,0.0000,0.4000,0.0000,1788738047.837
12.262,2.7635,5.0000,0.0000,0.4000,0.0000,1788738047.857
12.282,2.7715,5.0000,0.0000,0.4000,0.0000,1788738047.877
12.302,2.7795,5.0000,0.0000,0.4000,0.0000,1788738047.897
12.323,2.7875,5.0000,0.0000,0.4000,0.0000,1788738047.917
12.343,2.7955,5.0000,0.0000,0.4000,0.0000,1788738047.937
12.363,2.8035,5.0000,0.0000,0.4000,0.0000,1788738047.957
12.382,2.8115,5.0000,0.0000,0.4000,0.0000,1788738047.977
12.402,2.8195,5.0000,0.0000,0.4000,0.0000,1788738047.997
12.423,2.8275,5.0000,0.0000,0.4000,0.0000,1788738048.017
12.443,2.8355,5.0000,0.0000,0.4000,0.0000,1788738048.037
12.463,2.8435,5.0000,0.0000,0.4000,0.0000,1788738048.057
12.482,2.8515,5.0000,0.0000,0.4000,0.0000,1788738048.077
12.502,2.8595,5.0000,0.0000,0.4000,0.0000,1788738048.097
12.522,2.8675,5.0000,0.0000,0.4000,0.0000,1788738048.117
12.542,2.8755,5.0000,0.0000,0.4000,0.0000,1788738048.137
12.562,2.8835,5.0000,0.0000,0.4000,0.0000,1788738048.157
12.582,2.8915,5.0000,0.0000,0.4000,0.0000,1788738048.177
12.602,2.8992,5.0000,0.0000,0.3842,0.0000,1788738048.197
12.622,2.9068,5.0000,0.0000,0.3842,0.0000,1788738048.217
12.642,2.9145,5.0000,0.0000,0.3842,0.0000,1788738048.237
12.663,2.9222,5.0000,0.0000,0.3842,0.0000,1788738048.257
12.682,2.9299,5.0000,0.0000,0.3842,0.0000,1788738048.277
12.702,2.9379,5.0000,0.0000,0.4000,0.0000,1788738048.297
12.722,2.9459,5.0000,0.0000,0.4000,0.0000,1788738048.317
12.742,2.9539,5.0000,0.0000,0.4000,0.0000,1788738048.337
12.762,2.9619,5.0000,0.0000,0.4000,0.0000,1788738048.357
12.782,2.9699,5.0000,0.0000,0.4000,0.0000,1788738048.377
12.802,2.9779,5.0000,0.0000,0.4000,0.0000,1788738048.397
12.822,2.9859,5.0000,0.0000,0.4000,0.0000,1788738048.417
12.842,2.9939,5.0000,0.0000,0.4000,0.0000,1788738048.437
12.862,3.0019,5.0000,0.0000,0.4000,0.0000,1788738048.457
12.882,3.0099,5.0000,0.0000,0.4000,0.0000,1788738048.477
12.902,3.0179,5.0000,0.0000,0.4000,0.0000,1788738048.497
12.922,3.0259,5.0000,0.0000,0.4000,0.0000,1788738048.517
12.942,3.0339,5.0000,0.0000,0.4000,0.0000,1788738048.537
12.962,3.0419,5.0000,0.0000,0.4000,0.0000,1788738048.557
12.983,3.0499,5.0000,0.0000,0.4000,0.0000,1788738048.577
13.002,3.0576,5.0000,0.0000,0.3842,0.0000,1788738048.597
13.022,3.0653,5.0000,0.0000,0.3842,0.0000,1788738048.617
13.042,3.0729,5.0000,0.0000,0.3842,0.0000,1788738048.637
13.062,3.0806,5.0000,0.0000,0.3842,0.0000,1788738048.657
13.082,3.0883,5.0000,0.0000,0.3842,0.0000,1788738048.677
13.102,3.0960,5.0000,0.0000,0.3842,0.0000,1788738048.697
13.122,3.1037,5.0000,0.0000,0.3842,0.0000,1788738048.717
13.142,3.1114,5.0000,0.0000,0.3842,0.0000,1788738048.737
13.162,3.1191,5.0000,0.0000,0.3842,0.0000,1788738048.757
13.182,3.1267,5.0000,0.0000,0.3842,0.0000,1788738048.777
13.202,3.1347,5.0000,0.0000,0.4000,0.0000,1788738048.797
13.222,3.1427,5.0000,0.0000,0.4000,0.0000,1788738048.817
13.242,3.1507,5.0000,0.0000,0.4000,0.0000,1788738048.837
13.262,3.1587,5.0000,0.0000,0.4000,0.0000,1788738048.857
13.282,3.1667,5.0000,0.0000,0.4000,0.0000,1788738048.877
13.302,3.1747,5.0000,0.0000,0.4000,0.0000,1788738048.897
13.322,3.1827,5.0000,0.0000,0.4000,0.0000,1788738048.917
13.342,3.1907,5.0000,0.0000,0.4000,0.0000,1788738048.937
13.362,3.1987,5.0000,0.0000,0.4000,0.0000,1788738048.957
13.382,3.2067,5.0000,0.0000,0.4000,0.0000,1788738048.977
13.402,3.2147,5.0000,0.0000,0.4000,0.0000,1788738048.997
13.422,3.2227,5.0000,0.0000,0.4000,0.0000,1788738049.017
13.443,3.2307,5.0000,0.0000,0.4000,0.0000,1788738049.037
13.462,3.2387,5.0000,0.0000,0.4000,0.0000,1788738049.057
13.482,3.2467,5.0000,0.0000,0.4000,0.0000,1788738049.077
13.502,3.2544,5.0000,0.0000,0.3842,0.0000,1788738049.097
13.522,3.2621,5.0000,0.0000,0.3842,0.0000,1788738049.117
13.542,3.2698,5.0000,0.0000,0.3842,0.0000,1788738049.137
13.562,3.2775,5.0000,0.0000,0.3842,0.0000,1788738049.157
13.582,3.2852,5.0000,0.0000,0.3842,0.0000,1788738049.177
13.602,3.2928,5.0000,0.0000,0.3842,0.0000,1788738049.197
13.622,3.3005,5.0000,0.0000,0.3842,0.0000,1788738049.217
13.642,3.3082,5.0000,0.0000,0.3842,0.0000,1788738049.237
13.662,3.3159,5.0000,0.0000,0.3842,0.0000,1788738049.257
13.682,3.3236,5.0000,0.0000,0.3842,0.0000,1788738049.277
13.702,3.3316,5.0000,0.0000,0.4000,0.0000,1788738049.297
13.723,3.3396,5.0000,0.0000,0.4000,0.0000,1788738049.317
13.743,3.3476,5.0000,0.0000,0.4000,0.0000,1788738049.337
13.762,3.3556,5.0000,0.0000,0.4000,0.0000,1788738049.357
13.782,3.3636,5.0000,0.0000,0.4000,0.0000,1788738049.377
13.802,3.3716,5.0000,0.0000,0.4000,0.0000,1788738049.397
13.822,3.3796,5.0000,0.0000,0.4000,0.0000,1788738049.417
13.842,3.3876,5.0000,0.0000,0.4000,0.0000,1788738049.437
13.862,3.3956,5.0000,0.0000,0.4000,0.0000,1788738049.457
13.882,3.4036,5.0000,0.0000,0.4000,0.0000,1788738049.477
13.902,3.4116,5.0000,0.0000,0.4000,0.0000,1788738049.497
13.922,3.4196,5.0000,0.0000,0.4000,0.0000,1788738049.517
13.942,3.4276,5.0000,0.0000,0.4000,0.0000,1788738049.537
13.962,3.4356,5.0000,0.0000,0.4000,0.0000,1788738049.557
13.982,3.4436,5.0000,0.0000,0.4000,0.0000,1788738049.577
14.002,3.4513,5.0000,0.0000,0.3842,0.0000,1788738049.597
14.022,3.4589,5.0000,0.0000,0.3842,0.0000,1788738049.617
14.042,3.4666,5.0000,0.0000,0.3842,0.0000,1788738049.637
14.062,3.4743,5.0000,0.0000,0.3842,0.0000,1788738049.657
14.082,3.4820,5.0000,0.0000,0.3842,0.0000,1788738049.677
14.102,3.4897,5.0000,0.0000,0.3842,0.0000,1788738049.697
14.123,3.4974,5.0000,0.0000,0.3842,0.0000,1788738049.717
14.143,3.5051,5.0000,0.0000,0.3842,0.0000,1788738049.737
14.162,3.5127,5.0000,0.0000,0.3842,0.0000,1788738049.757
14.183,3.5204,5.0000,0.0000,0.3842,0.0000,1788738049.777
14.202,3.5284,5.0000,0.0000,0.4000,0.0000,1788738049.797
14.223,3.5364,5.0000,0.0000,0.4000,0.0000,1788738049.817
14.242,3.5444,5.0000,0.0000,0.4000,0.0000,1788738049.837
14.262,3.5524,5.0000,0.0000,0.4000,0.0000,1788738049.857
14.282,3.5604,5.0000,0.0000,0.4000,0.0000,1788738049.877
14.302,3.5684,5.0000,0.0000,0.4000,0.0000,1788738049.897
14.322,3.5764,5.0000,0.0000,0.4000,0.0000,1788738049.917
14.342,3.5844,5.0000,0.0000,0.4000,0.0000,1788738049.937
14.362,3.5924,5.0000,0.0000,0.4000,0.0000,1788738049.957
14.382,3.6004,5.0000,0.0000,0.4000,0.0000,1788738049.977
14.402,3.6084,5.0000,0.0000,0.4000,0.0000,1788738049.997
14.423,3.6164,5.0000,0.0000,0.4000,0.0000,1788738050.017
14.443,3.6244,5.0000,0.0000,0.4000,0.0000,1788738050.037
14.462,3.6324,5.0000,0.0000,0.4000,0.0000,1788738050.057
14.482,3.6404,5.0000,0.0000,0.4000,0.0000,1788738050.077
14.502,3.6481,5.0000,0.0000,0.3842,0.0000,1788738050.097
14.522,3.6558,5.0000,0.0000,0.3842,0.0000,1788738050.117
14.542,3.6635,5.0000,0.0000,0.3842,0.0000,1788738050.137
14.562,3.6712,5.0000,0.0000,0.3842,0.0000,1788738050.157
14.582,3.6788,5.0000,0.0000,0.3842,0.0000,1788738050.177
14.602,3.6868,5.0000,0.0000,0.4000,0.0000,1788738050.197
14.622,3.6948,5.0000,0.0000,0.4000,0.0000,1788738050.217
14.642,3.7028,5.0000,0.0000,0.4000,0.0000,1788738050.237
14.662,3.7108,5.0000,0.0000,0.4000,0.0000,1788738050.257
14.682,3.7188,5.0000,0.0000,0.4000,0.0000,1788738050.277
14.702,3.7268,5.0000,0.0000,0.4000,0.0000,1788738050.297
14.722,3.7348,5.0000,0.0000,0.4000,0.0000,1788738050.317
14.742,3.7428,5.0000,0.0000,0.4000,0.0000,1788738050.337
14.762,3.7508,5.0000,0.0000,0.4000,0.0000,1788738050.357
14.782,3.7588,5.0000,0.0000,0.4000,0.0000,1788738050.377
14.802,3.7668,5.0000,0.0000,0.4000,0.0000,1788738050.397
14.822,3.7748,5.0000,0.0000,0.4000,0.0000,1788738050.417
14.842,3.7828,5.0000,0.0000,0.4000,0.0000,1788738050.437
14.862,3.7908,5.0000,0.0000,0.4000,0.0000,1788738050.457
14.882,3.7988,5.0000,0.0000,0.4000,0.0000,1788738050.477
14.902,3.8065,5.0000,0.0000,0.3842,0.0000,1788738050.497
14.922,3.8142,5.0000,0.0000,0.3842,0.0000,1788738050.517
14.942,3.8219,5.0000,0.0000,0.3842,0.0000,1788738050.537
14.962,3.8296,5.0000,0.0000,0.3842,0.0000,1788738050.557
14.982,3.8373,5.0000,0.0000,0.3842,0.0000,1788738050.577
15.002,3.8449,5.0000,0.0000,0.3842,0.0000,1788738050.597
15.022,3.8526,5.0000,0.0000,0.3842,0.0000,1788738050.617
15.042,3.8603,5.0000,0.0000,0.3842,0.0000,1788738050.637
15.062,3.8680,5.0000,0.0000,0.3842,0.0000,1788738050.657
15.082,3.8757,5.0000,0.0000,0.3842,0.0000,1788738050.677
15.102,3.8812,5.0000,0.0000,0.2737,0.0000,1788738050.697
15.122,3.8866,5.0000,0.0000,0.2737,0.0000,1788738050.717
15.143,3.8921,5.0000,0.0000,0.2737,0.0000,1788738050.737
15.163,3.8976,5.0000,0.0000,0.2737,0.0000,1788738050.757
15.182,3.9031,5.0000,0.0000,0.2737,0.0000,1788738050.777
15.202,3.9082,5.0000,0.0000,0.2579,0.0000,1788738050.797
15.222,3.9134,5.0000,0.0000,0.2579,0.0000,1788738050.817
15.242,3.9185,5.0000,0.0000,0.2579,0.0000,1788738050.837
15.262,3.9237,5.0000,0.0000,0.2579,0.0000,1788738050.857
15.282,3.9288,5.0000,0.0000,0.2579,0.0000,1788738050.877
15.302,3.9318,5.0000,-0.0011,0.1474,-0.0526,1788738050.897
15.322,3.9347,5.0000,-0.0021,0.1474,-0.0526,1788738050.917
15.342,3.9377,5.0000,-0.0032,0.1474,-0.0526,1788738050.937
15.362,3.9406,5.0000,-0.0042,0.1474,-0.0526,1788738050.957
15.382,3.9436,5.0000,-0.0053,0.1474,-0.0526,1788738050.977
15.402,3.9462,4.9999,-0.0063,0.1316,-0.0526,1788738050.997
15.422,3.9488,4.9999,-0.0074,0.1316,-0.0526,1788738051.017
15.442,3.9515,4.9999,-0.0084,0.1316,-0.0526,1788738051.037
15.462,3.9541,4.9999,-0.0095,0.1316,-0.0526,1788738051.057
15.482,3.9567,4.9998,-0.0105,0.1316,-0.0526,1788738051.077
15.502,3.9587,4.9998,-0.0116,0.1000,-0.0526,1788738051.097
15.522,3.9607,4.9998,-0.0126,0.1000,-0.0526,1788738051.117
15.542,3.9627,4.9998,-0.0137,0.1000,-0.0526,1788738051.137
15.562,3.9647,4.9997,-0.0147,0.1000,-0.0526,1788738051.157
15.582,3.9667,4.9997,-0.0158,0.1000,-0.0526,1788738051.177
15.602,3.9687,4.9997,-0.0168,0.1000,-0.0526,1788738051.197
15.622,3.9707,4.9996,-0.0179,0.1000,-0.0526,1788738051.217
15.642,3.9727,4.9996,-0.0189,0.1000,-0.0526,1788738051.237
15.662,3.9747,4.9996,-0.0200,0.1000,-0.0526,1788738051.257
15.682,3.9767,4.9995,-0.0211,0.1000,-0.0526,1788738051.277
15.702,3.9790,4.9995,-0.0263,0.1158,-0.2632,1788738051.297
15.722,3.9814,4.9994,-0.0316,0.1158,-0.2632,1788738051.317
15.742,3.9837,4.9993,-0.0368,0.1158,-0.2632,1788738051.337
15.762,3.9860,4.9992,-0.0421,0.1158,-0.2632,1788738051.357
15.782,3.9883,4.9991,-0.0474,0.1158,-0.2632,1788738051.377
15.802,3.9903,4.9990,-0.0526,0.1000,-0.2632,1788738051.397
15.822,3.9923,4.9989,-0.0579,0.1000,-0.2632,1788738051.417
15.842,3.9943,4.9987,-0.0632,0.1000,-0.2632,1788738051.437
15.862,3.9963,4.9986,-0.0684,0.1000,-0.2632,1788738051.457
15.882,3.9983,4.9985,-0.0737,0.1000,-0.2632,1788738051.477
15.902,4.0006,4.9983,-0.0832,0.1158,-0.4737,1788738051.497
15.922,4.0029,4.9981,-0.0926,0.1158,-0.4737,1788738051.517
15.942,4.0052,4.9978,-0.1021,0.1158,-0.4737,1788738051.537
15.962,4.0075,4.9976,-0.1116,0.1158,-0.4737,1788738051.557
15.982,4.0098,4.9973,-0.1211,0.1158,-0.4737,1788738051.577
16.002,4.0177,4.9963,-0.1263,0.4000,-0.2632,1788738051.597
16.022,4.0257,4.9952,-0.1316,0.4000,-0.2632,1788738051.617
16.042,4.0336,4.9941,-0.1368,0.4000,-0.2632,1788738051.637
16.062,4.0415,4.9930,-0.1421,0.4000,-0.2632,1788738051.657
16.083,4.0494,4.9918,-0.1474,0.4000,-0.2632,1788738051.677
16.102,4.0570,4.9907,-0.1526,0.3842,-0.2632,1788738051.697
16.122,4.0646,4.9894,-0.1579,0.3842,-0.2632,1788738051.717
16.142,4.0722,4.9882,-0.1632,0.3842,-0.2632,1788738051.737
16.162,4.0798,4.9869,-0.1684,0.3842,-0.2632,1788738051.757
16.182,4.0873,4.9856,-0.1737,0.3842,-0.2632,1788738051.777
16.202,4.0943,4.9843,-0.1789,0.3526,-0.2632,1788738051.797
16.222,4.1012,4.9830,-0.1842,0.3526,-0.2632,1788738051.817
16.242,4.1081,4.9817,-0.1895,0.3526,-0.2632,1788738051.837
16.262,4.1151,4.9803,-0.1947,0.3526,-0.2632,1788738051.857
16.282,4.1220,4.9789,-0.2000,0.3526,-0.2632,1788738051.877
16.302,4.1298,4.9773,-0.2053,0.4000,-0.2632,1788738051.897
16.322,4.1376,4.9756,-0.2105,0.4000,-0.2632,1788738051.917
16.342,4.1454,4.9739,-0.2158,0.4000,-0.2632,1788738051.937
16.362,4.1532,4.9722,-0.2211,0.4000,-0.2632,1788738051.957
16.382,4.1610,4.9704,-0.2263,0.4000,-0.2632,1788738051.977
16.402,4.1688,4.9685,-0.2316,0.4000,-0.2632,1788738051.997
16.422,4.1766,4.9667,-0.2368,0.4000,-0.2632,1788738052.017
16.443,4.1844,4.9647,-0.2421,0.4000,-0.2632,1788738052.037
16.462,4.1921,4.9628,-0.2474,0.4000,-0.2632,1788738052.057
16.482,4.1999,4.9608,-0.2526,0.4000,-0.2632,1788738052.077
16.502,4.1999,4.9608,-0.2526,0.0000,0.0000,1788738052.097
16.522,4.1999,4.9608,-0.2526,0.0000,0.0000,1788738052.117
16.542,4.1999,4.9608,-0.2526,0.0000,0.0000,1788738052.137
16.563,4.1999,4.9608,-0.2526,0.0000,0.0000,1788738052.157
16.582,4.1999,4.9608,-0.2526,0.0000,0.0000,1788738052.177
16.602,4.2058,4.9592,-0.2684,0.3053,-0.7895,1788738052.197
16.622,4.2116,4.9575,-0.2842,0.3053,-0.7895,1788738052.217
16.642,4.2175,4.9557,-0.3000,0.3053,-0.7895,1788738052.237
16.662,4.2233,4.9538,-0.3158,0.3053,-0.7895,1788738052.257
16.682,4.2290,4.9518,-0.3316,0.3053,-0.7895,1788738052.277
16.702,4.2290,4.9518,-0.3316,0.0000,0.0000,1788738052.297
16.722,4.2290,4.9518,-0.3316,0.0000,0.0000,1788738052.317
16.742,4.2290,4.9518,-0.3316,0.0000,0.0000,1788738052.337
16.762,4.2290,4.9518,-0.3316,0.0000,0.0000,1788738052.357
16.782,4.2290,4.9518,-0.3316,0.0000,0.0000,1788738052.377
16.802,4.2309,4.9511,-0.3516,0.1000,-1.0000,1788738052.397
16.823,4.2328,4.9504,-0.3716,0.1000,-1.0000,1788738052.417
16.843,4.2346,4.9496,-0.3916,0.1000,-1.0000,1788738052.437
16.862,4.2364,4.9488,-0.4116,0.1000,-1.0000,1788738052.457
16.883,4.2383,4.9480,-0.4316,0.1000,-1.0000,1788738052.477
16.902,4.2401,4.9471,-0.4516,0.1000,-1.0000,1788738052.497
16.922,4.2418,4.9462,-0.4716,0.1000,-1.0000,1788738052.517
16.943,4.2436,4.9452,-0.4916,0.1000,-1.0000,1788738052.537
16.963,4.2454,4.9442,-0.5116,0.1000,-1.0000,1788738052.557
16.982,4.2471,4.9432,-0.5316,0.1000,-1.0000,1788738052.577
17.002,4.2488,4.9422,-0.5516,0.1000,-1.0000,1788738052.597
17.022,4.2505,4.9411,-0.5716,0.1000,-1.0000,1788738052.617
17.043,4.2521,4.9400,-0.5916,0.1000,-1.0000,1788738052.637
17.062,4.2538,4.9388,-0.6116,0.1000,-1.0000,1788738052.657
17.082,4.2554,4.9377,-0.6316,0.1000,-1.0000,1788738052.677
17.102,4.2570,4.9364,-0.6516,0.1000,-1.0000,1788738052.697
17.122,4.2585,4.9352,-0.6716,0.1000,-1.0000,1788738052.717
17.142,4.2601,4.9339,-0.6916,0.1000,-1.0000,1788738052.737
17.162,4.2616,4.9326,-0.7116,0.1000,-1.0000,1788738052.757
17.182,4.2631,4.9313,-0.7316,0.1000,-1.0000,1788738052.777
17.202,4.2645,4.9299,-0.7516,0.1000,-1.0000,1788738052.797
17.222,4.2660,4.9285,-0.7716,0.1000,-1.0000,1788738052.817
17.242,4.2674,4.9271,-0.7916,0.1000,-1.0000,1788738052.837
17.263,4.2688,4.9257,-0.8116,0.1000,-1.0000,1788738052.857
17.282,4.2701,4.9242,-0.8316,0.1000,-1.0000,1788738052.877
17.302,4.2714,4.9227,-0.8516,0.1000,-1.0000,1788738052.897
17.322,4.2727,4.9211,-0.8716,0.1000,-1.0000,1788738052.917
17.342,4.2740,4.9196,-0.8916,0.1000,-1.0000,1788738052.937
17.362,4.2752,4.9180,-0.9116,0.1000,-1.0000,1788738052.957
17.382,4.2764,4.9164,-0.9316,0.1000,-1.0000,1788738052.977
17.402,4.2777,4.9145,-0.9516,0.1158,-1.0000,1788738052.997
17.422,4.2790,4.9126,-0.9716,0.1158,-1.0000,1788738053.017
17.442,4.2803,4.9107,-0.9916,0.1158,-1.0000,1788738053.037
17.462,4.2815,4.9087,-1.0116,0.1158,-1.0000,1788738053.057
17.482,4.2827,4.9067,-1.0316,0.1158,-1.0000,1788738053.077
17.502,4.2839,4.9047,-1.0516,0.1158,-1.0000,1788738053.097
17.522,4.2850,4.9027,-1.0716,0.1158,-1.0000,1788738053.117
17.542,4.2860,4.9006,-1.0916,0.1158,-1.0000,1788738053.137
17.562,4.2871,4.8985,-1.1116,0.1158,-1.0000,1788738053.157
17.582,4.2881,4.8964,-1.1316,0.1158,-1.0000,1788738053.177
17.602,4.2890,4.8943,-1.1516,0.1158,-1.0000,1788738053.197
17.623,4.2899,4.8922,-1.1716,0.1158,-1.0000,1788738053.217
17.643,4.2908,4.8900,-1.1916,0.1158,-1.0000,1788738053.237
17.663,4.2916,4.8879,-1.2116,0.1158,-1.0000,1788738053.257
17.683,4.2923,4.8857,-1.2316,0.1158,-1.0000,1788738053.277
17.702,4.2930,4.8838,-1.2516,0.1000,-1.0000,1788738053.297
17.723,4.2936,4.8819,-1.2716,0.1000,-1.0000,1788738053.317
17.743,4.2941,4.8800,-1.2916,0.1000,-1.0000,1788738053.337
17.763,4.2946,4.8780,-1.3116,0.1000,-1.0000,1788738053.357
17.783,4.2951,4.8761,-1.3316,0.1000,-1.0000,1788738053.377
17.802,4.2961,4.8717,-1.3516,0.2263,-1.0000,1788738053.397
17.823,4.2970,4.8672,-1.3716,0.2263,-1.0000,1788738053.417
17.842,4.2978,4.8628,-1.3916,0.2263,-1.0000,1788738053.437
17.862,4.2985,4.8583,-1.4116,0.2263,-1.0000,1788738053.457
17.882,4.2991,4.8538,-1.4316,0.2263,-1.0000,1788738053.477
17.902,4.2991,4.8538,-1.4316,0.0000,0.0000,1788738053.497
17.922,4.2991,4.8538,-1.4316,0.0000,0.0000,1788738053.517
17.942,4.2991,4.8538,-1.4316,0.0000,0.0000,1788738053.537
17.962,4.2991,4.8538,-1.4316,0.0000,0.0000,1788738053.557
17.982,4.2991,4.8538,-1.4316,0.0000,0.0000,1788738053.577
18.002,4.2991,4.8538,-1.4316,0.0000,0.0000,1788738053.597
18.022,4.2991,4.8538,-1.4316,0.0000,0.0000,1788738053.617
18.042,4.2991,4.8538,-1.4316,0.0000,0.0000,1788738053.637
18.062,4.2991,4.8538,-1.4316,0.0000,0.0000,1788738053.657
18.082,4.2991,4.8538,-1.4316,0.0000,0.0000,1788738053.677
18.102,4.2991,4.8538,-1.4316,0.0000,0.0000,1788738053.697
18.122,4.2991,4.8538,-1.4316,0.0000,0.0000,1788738053.717
18.142,4.2991,4.8538,-1.4316,0.0000,0.0000,1788738053.737
18.162,4.2991,4.8538,-1.4316,0.0000,0.0000,1788738053.757
18.182,4.2991,4.8538,-1.4316,0.0000,0.0000,1788738053.777
18.202,4.2991,4.8538,-1.4316,0.0000,0.0000,1788738053.797
18.222,4.2991,4.8538,-1.4316,0.0000,0.0000,1788738053.817
18.242,4.2991,4.8538,-1.4316,0.0000,0.0000,1788738053.837
18.262,4.2991,4.8538,-1.4316,0.0000,0.0000,1788738053.857
18.282,4.2991,4.8538,-1.4316,0.0000,0.0000,1788738053.877
18.302,4.2991,4.8538,-1.4316,0.0000,0.0000,1788738053.897
18.322,4.2991,4.8538,-1.4316,0.0000,0.0000,1788738053.917
18.342,4.2991,4.8538,-1.4316,0.0000,0.0000,1788738053.937
18.362,4.2991,4.8538,-1.4316,0.0000,0.0000,1788738053.957
18.382,4.2991,4.8538,-1.4316,0.0000,0.0000,1788738053.977
18.402,4.2991,4.8538,-1.4316,0.0000,0.0000,1788738053.997
18.422,4.2991,4.8538,-1.4316,0.0000,0.0000,1788738054.017
18.442,4.2991,4.8538,-1.4316,0.0000,0.0000,1788738054.037
18.462,4.2991,4.8538,-1.4316,0.0000,0.0000,1788738054.057
18.482,4.2991,4.8538,-1.4316,0.0000,0.0000,1788738054.077
18.502,4.2991,4.8538,-1.4316,0.0000,0.0000,1788738054.097
18.522,4.2991,4.8538,-1.4316,0.0000,0.0000,1788738054.117
18.542,4.2991,4.8538,-1.4316,0.0000,0.0000,1788738054.137
18.562,4.2991,4.8538,-1.4316,0.0000,0.0000,1788738054.157
18.582,4.2991,4.8538,-1.4316,0.0000,0.0000,1788738054.177
18.602,4.2991,4.8538,-1.4316,0.0000,0.0000,1788738054.197
18.622,4.2991,4.8538,-1.4316,0.0000,0.0000,1788738054.217
18.642,4.2991,4.8538,-1.4316,0.0000,0.0000,1788738054.237
18.662,4.2991,4.8538,-1.4316,0.0000,0.0000,1788738054.257
18.682,4.2991,4.8538,-1.4316,0.0000,0.0000,1788738054.277
18.702,4.2991,4.8538,-1.4316,0.0000,0.0000,1788738054.297
18.722,4.2991,4.8538,-1.4316,0.0000,0.0000,1788738054.317
18.742,4.2991,4.8538,-1.4316,0.0000,0.0000,1788738054.337
18.762,4.2991,4.8538,-1.4316,0.0000,0.0000,1788738054.357
18.783,4.2991,4.8538,-1.4316,0.0000,0.0000,1788738054.377
18.802,4.2991,4.8538,-1.4316,0.0000,0.0000,1788738054.397
18.822,4.2991,4.8538,-1.4316,0.0000,0.0000,1788738054.417
18.843,4.2991,4.8538,-1.4316,0.0000,0.0000,1788738054.437
18.862,4.2991,4.8538,-1.4316,0.0000,0.0000,1788738054.457
18.883,4.2991,4.8538,-1.4316,0.0000,0.0000,1788738054.477
18.902,4.2991,4.8538,-1.4316,0.0000,0.0000,1788738054.497
18.923,4.2991,4.8538,-1.4316,0.0000,0.0000,1788738054.517
18.942,4.2991,4.8538,-1.4316,0.0000,0.0000,1788738054.537
18.962,4.2991,4.8538,-1.4316,0.0000,0.0000,1788738054.557
18.982,4.2991,4.8538,-1.4316,0.0000,0.0000,1788738054.577
19.002,4.2991,4.8538,-1.4316,0.0000,0.0000,1788738054.597
19.022,4.2991,4.8538,-1.4316,0.0000,0.0000,1788738054.617
19.042,4.2991,4.8538,-1.4316,0.0000,0.0000,1788738054.637
19.062,4.2991,4.8538,-1.4316,0.0000,0.0000,1788738054.657
19.082,4.2991,4.8538,-1.4316,0.0000,0.0000,1788738054.677
19.102,4.2991,4.8538,-1.4316,0.0000,0.0000,1788738054.697
19.122,4.2991,4.8538,-1.4316,0.0000,0.0000,1788738054.717
19.143,4.2991,4.8538,-1.4316,0.0000,0.0000,1788738054.737
19.162,4.2991,4.8538,-1.4316,0.0000,0.0000,1788738054.757
19.182,4.2991,4.8538,-1.4316,0.0000,0.0000,1788738054.777
19.202,4.2991,4.8538,-1.4316,0.0000,0.0000,1788738054.797
19.222,4.2991,4.8538,-1.4316,0.0000,0.0000,1788738054.817
19.242,4.2991,4.8538,-1.4316,0.0000,0.0000,1788738054.837
19.262,4.2991,4.8538,-1.4316,0.0000,0.0000,1788738054.857
19.282,4.2991,4.8538,-1.4316,0.0000,0.0000,1788738054.877
19.302,4.2991,4.8538,-1.4316,0.0000,0.0000,1788738054.897
19.323,4.2991,4.8538,-1.4316,0.0000,0.0000,1788738054.917
19.342,4.2991,4.8538,-1.4316,0.0000,0.0000,1788738054.937
19.362,4.2991,4.8538,-1.4316,0.0000,0.0000,1788738054.957
19.383,4.2991,4.8538,-1.4316,0.0000,0.0000,1788738054.977
19.402,4.2991,4.8538,-1.4316,0.0000,0.0000,1788738054.997
19.423,4.2991,4.8538,-1.4316,0.0000,0.0000,1788738055.017
19.442,4.2991,4.8538,-1.4316,0.0000,0.0000,1788738055.037
19.462,4.2991,4.8538,-1.4316,0.0000,0.0000,1788738055.057
19.482,4.2991,4.8538,-1.4316,0.0000,0.0000,1788738055.077
19.502,4.2998,4.8481,-1.4516,0.2895,-1.0000,1788738055.097
19.523,4.3004,4.8423,-1.4716,0.2895,-1.0000,1788738055.117
19.543,4.3008,4.8365,-1.4916,0.2895,-1.0000,1788738055.137
19.562,4.3012,4.8308,-1.5116,0.2895,-1.0000,1788738055.157
19.583,4.3014,4.8250,-1.5316,0.2895,-1.0000,1788738055.177
19.602,4.3014,4.8250,-1.5316,0.0000,0.0000,1788738055.197
19.622,4.3014,4.8250,-1.5316,0.0000,0.0000,1788738055.217
19.642,4.3014,4.8250,-1.5316,0.0000,0.0000,1788738055.237
19.662,4.3014,4.8250,-1.5316,0.0000,0.0000,1788738055.257
19.683,4.3014,4.8250,-1.5316,0.0000,0.0000,1788738055.277
19.702,4.3015,4.8204,-1.5516,0.2263,-1.0000,1788738055.297
19.722,4.3015,4.8159,-1.5716,0.2263,-1.0000,1788738055.317
19.743,4.3014,4.8114,-1.5916,0.2263,-1.0000,1788738055.337
19.762,4.3012,4.8069,-1.6116,0.2263,-1.0000,1788738055.357
19.782,4.3009,4.8024,-1.6316,0.2263,-1.0000,1788738055.377
19.802,4.3007,4.7988,-1.6516,0.1789,-1.0000,1788738055.397
19.822,4.3003,4.7952,-1.6716,0.1789,-1.0000,1788738055.417
19.842,4.2999,4.7917,-1.6916,0.1789,-1.0000,1788738055.437
19.862,4.2994,4.7881,-1.7116,0.1789,-1.0000,1788738055.457
19.882,4.2988,4.7846,-1.7316,0.1789,-1.0000,1788738055.477
19.902,4.2982,4.7814,-1.7516,0.1632,-1.0000,1788738055.497
19.922,4.2976,4.7782,-1.7716,0.1632,-1.0000,1788738055.517
19.942,4.2968,4.7750,-1.7916,0.1632,-1.0000,1788738055.537
19.962,4.2961,4.7718,-1.8116,0.1632,-1.0000,1788738055.557
19.982,4.2952,4.7687,-1.8316,0.1632,-1.0000,1788738055.577
20.002,4.2943,4.7655,-1.8516,0.1632,-1.0000,1788738055.597
20.022,4.2933,4.7624,-1.8716,0.1632,-1.0000,1788738055.617
20.042,4.2923,4.7593,-1.8916,0.1632,-1.0000,1788738055.637
20.062,4.2912,4.7563,-1.9116,0.1632,-1.0000,1788738055.657
20.082,4.2901,4.7532,-1.9316,0.1632,-1.0000,1788738055.677
20.102,4.2890,4.7505,-1.9516,0.1474,-1.0000,1788738055.697
20.122,4.2878,4.7478,-1.9716,0.1474,-1.0000,1788738055.717
20.142,4.2866,4.7451,-1.9916,0.1474,-1.0000,1788738055.737
20.162,4.2854,4.7424,-2.0116,0.1474,-1.0000,1788738055.757
20.182,4.2841,4.7398,-2.0316,0.1474,-1.0000,1788738055.777
20.202,4.2827,4.7371,-2.0516,0.1474,-1.0000,1788738055.797
20.222,4.2813,4.7346,-2.0716,0.1474,-1.0000,1788738055.817
20.242,4.2798,4.7320,-2.0916,0.1474,-1.0000,1788738055.837
20.262,4.2783,4.7295,-2.1116,0.1474,-1.0000,1788738055.857
20.282,4.2767,4.7270,-2.1316,0.1474,-1.0000,1788738055.877
20.302,4.2755,4.7250,-2.1516,0.1158,-1.0000,1788738055.897
20.322,4.2741,4.7231,-2.1716,0.1158,-1.0000,1788738055.917
20.342,4.2728,4.7213,-2.1916,0.1158,-1.0000,1788738055.937
20.362,4.2714,4.7194,-2.2116,0.1158,-1.0000,1788738055.957
20.382,4.2700,4.7176,-2.2316,0.1158,-1.0000,1788738055.977
20.402,4.2685,4.7158,-2.2516,0.1158,-1.0000,1788738055.997
20.423,4.2670,4.7140,-2.2716,0.1158,-1.0000,1788738056.017
20.443,4.2655,4.7123,-2.2916,0.1158,-1.0000,1788738056.037
20.462,4.2640,4.7105,-2.3116,0.1158,-1.0000,1788738056.057
20.483,4.2624,4.7089,-2.3316,0.1158,-1.0000,1788738056.077
20.502,4.2610,4.7074,-2.3495,0.1000,-0.8947,1788738056.097
20.523,4.2595,4.7060,-2.3674,0.1000,-0.8947,1788738056.117
20.543,4.2581,4.7047,-2.3853,0.1000,-0.8947,1788738056.137
20.563,4.2566,4.7033,-2.4032,0.1000,-0.8947,1788738056.157
20.583,4.2551,4.7020,-2.4211,0.1000,-0.8947,1788738056.177
20.602,4.2536,4.7007,-2.4389,0.1000,-0.8947,1788738056.197
20.623,4.2520,4.6995,-2.4568,0.1000,-0.8947,1788738056.217
20.643,4.2504,4.6982,-2.4747,0.1000,-0.8947,1788738056.237
20.663,4.2488,4.6970,-2.4926,0.1000,-0.8947,1788738056.257
20.683,4.2472,4.6958,-2.5105,0.1000,-0.8947,1788738056.277
20.702,4.2456,4.6947,-2.5305,0.1000,-1.0000,1788738056.297
20.723,4.2439,4.6936,-2.5505,0.1000,-1.0000,1788738056.317
20.743,4.2422,4.6925,-2.5705,0.1000,-1.0000,1788738056.337
20.763,4.2405,4.6914,-2.5905,0.1000,-1.0000,1788738056.357
20.782,4.2388,4.6904,-2.6105,0.1000,-1.0000,1788738056.377
20.802,4.2371,4.6894,-2.6263,0.1000,-0.7895,1788738056.397
20.822,4.2353,4.6885,-2.6421,0.1000,-0.7895,1788738056.417
20.842,4.2336,4.6876,-2.6579,0.1000,-0.7895,1788738056.437
20.862,4.2318,4.6866,-2.6737,0.1000,-0.7895,1788738056.457
20.882,4.2300,4.6858,-2.6895,0.1000,-0.7895,1788738056.477
20.902,4.2282,4.6849,-2.7032,0.1000,-0.6842,1788738056.497
20.922,4.2263,4.6841,-2.7168,0.1000,-0.6842,1788738056.517
20.942,4.2245,4.6833,-2.7305,0.1000,-0.6842,1788738056.537
20.962,4.2227,4.6825,-2.7442,0.1000,-0.6842,1788738056.557
20.982,4.2208,4.6818,-2.7579,0.1000,-0.6842,1788738056.577
21.002,4.2189,4.6811,-2.7716,0.1000,-0.6842,1788738056.597
21.022,4.2171,4.6804,-2.7853,0.1000,-0.6842,1788738056.617
21.043,4.2152,4.6797,-2.7989,0.1000,-0.6842,1788738056.637
21.062,4.2133,4.6790,-2.8126,0.1000,-0.6842,1788738056.657
21.082,4.2114,4.6784,-2.8263,0.1000,-0.6842,1788738056.677
21.102,4.2095,4.6778,-2.8421,0.1000,-0.7895,1788738056.697
21.122,4.2076,4.6773,-2.8579,0.1000,-0.7895,1788738056.717
21.142,4.2056,4.6767,-2.8737,0.1000,-0.7895,1788738056.737
21.162,4.2037,4.6762,-2.8895,0.1000,-0.7895,1788738056.757
21.182,4.2017,4.6758,-2.9053,0.1000,-0.7895,1788738056.777
21.202,4.1992,4.6752,-2.9168,0.1316,-0.5789,1788738056.797
21.222,4.1966,4.6746,-2.9284,0.1316,-0.5789,1788738056.817
21.243,4.1940,4.6741,-2.9400,0.1316,-0.5789,1788738056.837
21.262,4.1914,4.6736,-2.9516,0.1316,-0.5789,1788738056.857
21.282,4.1889,4.6731,-2.9632,0.1316,-0.5789,1788738056.877
21.302,4.1869,4.6728,-2.9747,0.1000,-0.5789,1788738056.897
21.323,4.1849,4.6725,-2.9863,0.1000,-0.5789,1788738056.917
21.342,4.1829,4.6722,-2.9979,0.1000,-0.5789,1788738056.937
21.362,4.1809,4.6719,-3.0095,0.1000,-0.5789,1788738056.957
21.382,4.1790,4.6717,-3.0211,0.1000,-0.5789,1788738056.977
21.402,4.1763,4.6714,-3.0305,0.1316,-0.4737,1788738056.997
21.422,4.1737,4.6712,-3.0400,0.1316,-0.4737,1788738057.017
21.442,4.1711,4.6709,-3.0495,0.1316,-0.4737,1788738057.037
21.462,4.1685,4.6707,-3.0589,0.1316,-0.4737,1788738057.057
21.482,4.1659,4.6705,-3.0684,0.1316,-0.4737,1788738057.077
21.502,4.1635,4.6704,-3.0779,0.1158,-0.4737,1788738057.097
21.522,4.1612,4.6702,-3.0874,0.1158,-0.4737,1788738057.117
21.542,4.1589,4.6701,-3.0968,0.1158,-0.4737,1788738057.137
21.562,4.1566,4.6700,-3.1063,0.1158,-0.4737,1788738057.157
21.582,4.1543,4.6700,-3.1158,0.1158,-0.4737,1788738057.177
21.602,4.1523,4.6699,-3.1253,0.1000,-0.4737,1788738057.197
21.622,4.1503,4.6699,-3.1347,0.1000,-0.4737,1788738057.217
21.642,4.1483,4.6699,-3.1442,0.1000,-0.4737,1788738057.237
21.662,4.1463,4.6700,-3.1537,0.1000,-0.4737,1788738057.257
21.682,4.1443,4.6700,-3.1632,0.1000,-0.4737,1788738057.277
21.702,4.1423,4.6701,-3.1832,0.1000,-1.0000,1788738057.297
21.722,4.1403,4.6702,-3.2032,0.1000,-1.0000,1788738057.317
21.742,4.1383,4.6704,-3.2232,0.1000,-1.0000,1788738057.337
21.762,4.1363,4.6706,-3.2432,0.1000,-1.0000,1788738057.357
21.782,4.1343,4.6708,-3.2632,0.1000,-1.0000,1788738057.377
21.802,4.1324,4.6711,-3.2832,0.1000,-1.0000,1788738057.397
21.822,4.1304,4.6714,-3.3032,0.1000,-1.0000,1788738057.417
21.842,4.1284,4.6718,-3.3232,0.1000,-1.0000,1788738057.437
21.862,4.1265,4.6722,-3.3432,0.1000,-1.0000,1788738057.457
21.882,4.1245,4.6726,-3.3632,0.1000,-1.0000,1788738057.477
21.902,4.1223,4.6732,-3.3832,0.1158,-1.0000,1788738057.497
21.922,4.1200,4.6738,-3.4032,0.1158,-1.0000,1788738057.517
21.942,4.1178,4.6744,-3.4232,0.1158,-1.0000,1788738057.537
21.962,4.1156,4.6751,-3.4432,0.1158,-1.0000,1788738057.557
21.982,4.1134,4.6758,-3.4632,0.1158,-1.0000,1788738057.577
22.002,4.1112,4.6766,-3.4832,0.1158,-1.0000,1788738057.597
22.022,4.1090,4.6774,-3.5032,0.1158,-1.0000,1788738057.617
22.042,4.1069,4.6783,-3.5232,0.1158,-1.0000,1788738057.637
22.062,4.1048,4.6792,-3.5432,0.1158,-1.0000,1788738057.657
22.082,4.1026,4.6802,-3.5632,0.1158,-1.0000,1788738057.677
22.102,4.1008,4.6810,-3.5832,0.1000,-1.0000,1788738057.697
22.122,4.0990,4.6819,-3.6032,0.1000,-1.0000,1788738057.717
22.142,4.0973,4.6828,-3.6232,0.1000,-1.0000,1788738057.737
22.162,4.0955,4.6838,-3.6432,0.1000,-1.0000,1788738057.757
22.183,4.0938,4.6848,-3.6632,0.1000,-1.0000,1788738057.777
22.202,4.0921,4.6858,-3.6832,0.1000,-1.0000,1788738057.797
22.222,4.0904,4.6869,-3.7032,0.1000,-1.0000,1788738057.817
22.242,4.0887,4.6880,-3.7232,0.1000,-1.0000,1788738057.837
22.262,4.0871,4.6891,-3.7432,0.1000,-1.0000,1788738057.857
22.282,4.0854,4.6903,-3.7632,0.1000,-1.0000,1788738057.877
22.302,4.0838,4.6915,-3.7832,0.1000,-1.0000,1788738057.897
22.322,4.0822,4.6927,-3.8032,0.1000,-1.0000,1788738057.917
22.342,4.0807,4.6940,-3.8232,0.1000,-1.0000,1788738057.937
22.362,4.0792,4.6952,-3.8432,0.1000,-1.0000,1788738057.957
22.382,4.0777,4.6966,-3.8632,0.1000,-1.0000,1788738057.977
22.402,4.0762,4.6979,-3.8832,0.1000,-1.0000,1788738057.997
22.422,4.0747,4.6993,-3.9032,0.1000,-1.0000,1788738058.017
22.443,4.0733,4.7007,-3.9232,0.1000,-1.0000,1788738058.037
22.463,4.0719,4.7021,-3.9432,0.1000,-1.0000,1788738058.057
22.482,4.0706,4.7036,-3.9632,0.1000,-1.0000,1788738058.077
22.502,4.0690,4.7053,-3.9832,0.1158,-1.0000,1788738058.097
22.522,4.0675,4.7071,-4.0032,0.1158,-1.0000,1788738058.117
22.542,4.0660,4.7089,-4.0232,0.1158,-1.0000,1788738058.137
22.562,4.0646,4.7107,-4.0432,0.1158,-1.0000,1788738058.157
22.582,4.0632,4.7125,-4.0632,0.1158,-1.0000,1788738058.177
22.602,4.0617,4.7147,-4.0832,0.1316,-1.0000,1788738058.197
22.622,4.0602,4.7168,-4.1032,0.1316,-1.0000,1788738058.217
22.642,4.0587,4.7190,-4.1232,0.1316,-1.0000,1788738058.237
22.662,4.0573,4.7212,-4.1432,0.1316,-1.0000,1788738058.257
22.682,4.0559,4.7235,-4.1632,0.1316,-1.0000,1788738058.277
22.702,4.0544,4.7260,-4.1832,0.1474,-1.0000,1788738058.297
22.722,4.0530,4.7286,-4.2032,0.1474,-1.0000,1788738058.317
22.742,4.0516,4.7312,-4.2232,0.1474,-1.0000,1788738058.337
22.762,4.0503,4.7338,-4.2432,0.1474,-1.0000,1788738058.357
22.782,4.0490,4.7365,-4.2632,0.1474,-1.0000,1788738058.377
22.802,4.0475,4.7397,-4.2832,0.1789,-1.0000,1788738058.397
22.822,4.0461,4.7430,-4.3032,0.1789,-1.0000,1788738058.417
22.842,4.0447,4.7463,-4.3232,0.1789,-1.0000,1788738058.437
22.862,4.0434,4.7497,-4.3432,0.1789,-1.0000,1788738058.457
22.882,4.0422,4.7530,-4.3632,0.1789,-1.0000,1788738058.477
22.902,4.0410,4.7564,-4.3832,0.1789,-1.0000,1788738058.497
22.922,4.0399,4.7598,-4.4032,0.1789,-1.0000,1788738058.517
22.942,4.0389,4.7633,-4.4232,0.1789,-1.0000,1788738058.537
22.962,4.0380,4.7667,-4.4432,0.1789,-1.0000,1788738058.557
22.982,4.0371,4.7702,-4.4632,0.1789,-1.0000,1788738058.577
23.002,4.0362,4.7740,-4.4832,0.1947,-1.0000,1788738058.597
23.022,4.0354,4.7778,-4.5032,0.1947,-1.0000,1788738058.617
23.042,4.0347,4.7816,-4.5232,0.1947,-1.0000,1788738058.637
23.062,4.0340,4.7854,-4.5432,0.1947,-1.0000,1788738058.657
23.082,4.0334,4.7893,-4.5632,0.1947,-1.0000,1788738058.677
23.102,4.0328,4.7938,-4.5832,0.2263,-1.0000,1788738058.697
23.123,4.0323,4.7983,-4.6032,0.2263,-1.0000,1788738058.717
23.142,4.0319,4.8028,-4.6232,0.2263,-1.0000,1788738058.737
23.162,4.0316,4.8073,-4.6432,0.2263,-1.0000,1788738058.757
23.183,4.0314,4.8118,-4.6632,0.2263,-1.0000,1788738058.777
23.202,4.0312,4.8176,-4.6832,0.2895,-1.0000,1788738058.797
23.222,4.0312,4.8234,-4.7032,0.2895,-1.0000,1788738058.817
23.242,4.0312,4.8292,-4.7232,0.2895,-1.0000,1788738058.837
23.262,4.0314,4.8350,-4.7432,0.2895,-1.0000,1788738058.857
23.282,4.0317,4.8408,-4.7632,0.2895,-1.0000,1788738058.877
23.302,4.0322,4.8478,-4.7832,0.3526,-1.0000,1788738058.897
23.322,4.0329,4.8548,-4.8032,0.3526,-1.0000,1788738058.917
23.342,4.0336,4.8618,-4.8232,0.3526,-1.0000,1788738058.937
23.362,4.0346,4.8688,-4.8432,0.3526,-1.0000,1788738058.957
23.382,4.0356,4.8758,-4.8632,0.3526,-1.0000,1788738058.977
23.402,4.0369,4.8834,-4.8832,0.3842,-1.0000,1788738058.997
23.422,4.0384,4.8909,-4.9032,0.3842,-1.0000,1788738059.017
23.442,4.0400,4.8984,-4.9232,0.3842,-1.0000,1788738059.037
23.462,4.0417,4.9059,-4.9432,0.3842,-1.0000,1788738059.057
23.482,4.0437,4.9133,-4.9632,0.3842,-1.0000,1788738059.077
23.502,4.0452,4.9189,-4.9811,0.2895,-0.8947,1788738059.097
23.522,4.0468,4.9245,-4.9989,0.2895,-0.8947,1788738059.117
23.542,4.0486,4.9300,-5.0168,0.2895,-0.8947,1788738059.137
23.562,4.0504,4.9355,-5.0347,0.2895,-0.8947,1788738059.157
23.582,4.0523,4.9410,-5.0526,0.2895,-0.8947,1788738059.177
23.602,4.0549,4.9479,-5.0705,0.3684,-0.8947,1788738059.197
23.622,4.0576,4.9547,-5.0884,0.3684,-0.8947,1788738059.217
23.642,4.0604,4.9615,-5.1063,0.3684,-0.8947,1788738059.237
23.663,4.0634,4.9683,-5.1242,0.3684,-0.8947,1788738059.257
23.682,4.0665,4.9750,-5.1421,0.3684,-0.8947,1788738059.277
23.702,4.0698,4.9819,-5.1600,0.3842,-0.8947,1788738059.297
23.722,4.0732,4.9888,-5.1779,0.3842,-0.8947,1788738059.317
23.742,4.0768,4.9956,-5.1958,0.3842,-0.8947,1788738059.337
23.762,4.0805,5.0023,-5.2137,0.3842,-0.8947,1788738059.357
23.782,4.0843,5.0090,-5.2316,0.3842,-0.8947,1788738059.377
23.802,4.0871,5.0137,-5.2474,0.2737,-0.7895,1788738059.397
23.822,4.0900,5.0183,-5.2632,0.2737,-0.7895,1788738059.417
23.843,4.0929,5.0230,-5.2789,0.2737,-0.7895,1788738059.437
23.862,4.0959,5.0275,-5.2947,0.2737,-0.7895,1788738059.457
23.882,4.0990,5.0321,-5.3105,0.2737,-0.7895,1788738059.477
23.902,4.1034,5.0383,-5.3263,0.3842,-0.7895,1788738059.497
23.922,4.1080,5.0446,-5.3421,0.3842,-0.7895,1788738059.517
23.942,4.1126,5.0507,-5.3579,0.3842,-0.7895,1788738059.537
23.962,4.1173,5.0568,-5.3737,0.3842,-0.7895,1788738059.557
23.982,4.1221,5.0627,-5.3895,0.3842,-0.7895,1788738059.577
24.002,4.1272,5.0689,-5.4053,0.4000,-0.7895,1788738059.597
24.022,4.1324,5.0750,-5.4211,0.4000,-0.7895,1788738059.617
24.042,4.1377,5.0810,-5.4368,0.4000,-0.7895,1788738059.637
24.062,4.1431,5.0869,-5.4526,0.4000,-0.7895,1788738059.657
24.082,4.1486,5.0927,-5.4684,0.4000,-0.7895,1788738059.677
24.102,4.1542,5.0984,-5.4842,0.4000,-0.7895,1788738059.697
24.122,4.1599,5.1041,-5.5000,0.4000,-0.7895,1788738059.717
24.142,4.1656,5.1096,-5.5158,0.4000,-0.7895,1788738059.737
24.162,4.1715,5.1151,-5.5316,0.4000,-0.7895,1788738059.757
24.183,4.1774,5.1205,-5.5474,0.4000,-0.7895,1788738059.777
24.202,4.1834,5.1257,-5.5611,0.4000,-0.6842,1788738059.797
24.222,4.1895,5.1309,-5.5747,0.4000,-0.6842,1788738059.817
24.242,4.1956,5.1361,-5.5884,0.4000,-0.6842,1788738059.837
24.262,4.2018,5.1411,-5.6021,0.4000,-0.6842,1788738059.857
24.282,4.2081,5.1461,-5.6158,0.4000,-0.6842,1788738059.877
24.302,4.2135,5.1502,-5.6295,0.3368,-0.6842,1788738059.897
24.322,4.2189,5.1542,-5.6432,0.3368,-0.6842,1788738059.917
24.342,4.2243,5.1581,-5.6568,0.3368,-0.6842,1788738059.937
24.362,4.2298,5.1620,-5.6705,0.3368,-0.6842,1788738059.957
24.382,4.2354,5.1658,-5.6842,0.3368,-0.6842,1788738059.977
24.402,4.2418,5.1700,-5.6979,0.3842,-0.6842,1788738059.997
24.422,4.2483,5.1742,-5.7116,0.3842,-0.6842,1788738060.017
24.442,4.2548,5.1783,-5.7253,0.3842,-0.6842,1788738060.037
24.462,4.2614,5.1822,-5.7389,0.3842,-0.6842,1788738060.057
24.482,4.2680,5.1861,-5.7526,0.3842,-0.6842,1788738060.077
24.502,4.2749,5.1901,-5.7642,0.4000,-0.5789,1788738060.097
24.522,4.2819,5.1940,-5.7758,0.4000,-0.5789,1788738060.117
24.542,4.2890,5.1978,-5.7874,0.4000,-0.5789,1788738060.137
24.562,4.2960,5.2015,-5.7989,0.4000,-0.5789,1788738060.157
24.582,4.3032,5.2052,-5.8105,0.4000,-0.5789,1788738060.177
24.602,4.3095,5.2083,-5.8221,0.3526,-0.5789,1788738060.197
24.622,4.3158,5.2114,-5.8337,0.3526,-0.5789,1788738060.217
24.642,4.3222,5.2144,-5.8453,0.3526,-0.5789,1788738060.237
24.662,4.3286,5.2173,-5.8568,0.3526,-0.5789,1788738060.257
24.682,4.3351,5.2201,-5.8684,0.3526,-0.5789,1788738060.277
24.702,4.3425,5.2233,-5.8800,0.4000,-0.5789,1788738060.297
24.722,4.3499,5.2263,-5.8916,0.4000,-0.5789,1788738060.317
24.742,4.3573,5.2293,-5.9032,0.4000,-0.5789,1788738060.337
24.762,4.3647,5.2322,-5.9147,0.4000,-0.5789,1788738060.357
24.782,4.3722,5.2350,-5.9263,0.4000,-0.5789,1788738060.377
24.802,4.3795,5.2376,-5.9358,0.3842,-0.4737,1788738060.397
24.822,4.3867,5.2401,-5.9453,0.3842,-0.4737,1788738060.417
24.842,4.3940,5.2426,-5.9547,0.3842,-0.4737,1788738060.437
24.862,4.4013,5.2450,-5.9642,0.3842,-0.4737,1788738060.457
24.882,4.4086,5.2473,-5.9737,0.3842,-0.4737,1788738060.477
24.902,4.4162,5.2497,-5.9832,0.4000,-0.4737,1788738060.497
24.922,4.4239,5.2520,-5.9926,0.4000,-0.4737,1788738060.517
24.942,4.4316,5.2542,-6.0021,0.4000,-0.4737,1788738060.537
24.962,4.4393,5.2564,-6.0116,0.4000,-0.4737,1788738060.557
24.982,4.4470,5.2584,-6.0211,0.4000,-0.4737,1788738060.577
25.002,4.4529,5.2600,-6.0305,0.3053,-0.4737,1788738060.597
25.022,4.4589,5.2614,-6.0400,0.3053,-0.4737,1788738060.617
25.042,4.4648,5.2628,-6.0495,0.3053,-0.4737,1788738060.637
25.062,4.4708,5.2642,-6.0589,0.3053,-0.4737,1788738060.657
25.082,4.4767,5.2655,-6.0684,0.3053,-0.4737,1788738060.677
25.102,4.4842,5.2671,-6.0758,0.3842,-0.3684,1788738060.697
25.122,4.4918,5.2686,-6.0832,0.3842,-0.3684,1788738060.717
25.142,4.4993,5.2701,-6.0905,0.3842,-0.3684,1788738060.737
25.162,4.5069,5.2715,-6.0979,0.3842,-0.3684,1788738060.757
25.182,4.5144,5.2729,-6.1053,0.3842,-0.3684,1788738060.777
25.202,4.5220,5.2742,-6.1126,0.3842,-0.3684,1788738060.797
25.222,4.5296,5.2754,-6.1200,0.3842,-0.3684,1788738060.817
25.242,4.5372,5.2766,-6.1274,0.3842,-0.3684,1788738060.837
25.262,4.5448,5.2777,-6.1347,0.3842,-0.3684,1788738060.857
25.282,4.5524,5.2788,-6.1421,0.3842,-0.3684,1788738060.877
25.302,4.5597,5.2798,-6.1495,0.3684,-0.3684,1788738060.897
25.322,4.5670,5.2807,-6.1568,0.3684,-0.3684,1788738060.917
25.342,4.5743,5.2816,-6.1642,0.3684,-0.3684,1788738060.937
25.362,4.5816,5.2824,-6.1716,0.3684,-0.3684,1788738060.957
25.382,4.5890,5.2832,-6.1789,0.3684,-0.3684,1788738060.977
25.402,4.5966,5.2839,-6.1863,0.3842,-0.3684,1788738060.997
25.423,4.6043,5.2846,-6.1937,0.3842,-0.3684,1788738061.017
25.442,4.6119,5.2853,-6.2011,0.3842,-0.3684,1788738061.037
25.462,4.6196,5.2858,-6.2084,0.3842,-0.3684,1788738061.057
25.482,4.6273,5.2864,-6.2158,0.3842,-0.3684,1788738061.077
25.502,4.6352,5.2868,-6.2211,0.4000,-0.2632,1788738061.097
25.522,4.6432,5.2873,-6.2263,0.4000,-0.2632,1788738061.117
25.542,4.6512,5.2877,-6.2316,0.4000,-0.2632,1788738061.137
25.562,4.6592,5.2881,-6.2368,0.4000,-0.2632,1788738061.157
25.582,4.6672,5.2884,-6.2421,0.4000,-0.2632,1788738061.177
25.602,4.6752,5.2887,-6.2474,0.4000,-0.2632,1788738061.197
25.622,4.6832,5.2889,-6.2526,0.4000,-0.2632,1788738061.217
25.642,4.6912,5.2891,-6.2579,0.4000,-0.2632,1788738061.237
25.662,4.6992,5.2893,-6.2632,0.4000,-0.2632,1788738061.257
25.682,4.7072,5.2894,-6.2684,0.4000,-0.2632,1788738061.277
25.702,4.7152,5.2895,-6.2737,0.4000,-0.2632,1788738061.297
25.723,4.7232,5.2895,-6.2789,0.4000,-0.2632,1788738061.317
25.742,4.7312,5.2895,-6.2842,0.4000,-0.2632,1788738061.337
25.762,4.7392,5.2895,-6.2895,0.4000,-0.2632,1788738061.357
25.782,4.7472,5.2894,-6.2947,0.4000,-0.2632,1788738061.377
25.802,4.7542,5.2893,-6.3000,0.3526,-0.2632,1788738061.397
25.822,4.7613,5.2891,-6.3053,0.3526,-0.2632,1788738061.417
25.842,4.7683,5.2889,-6.3105,0.3526,-0.2632,1788738061.437
25.862,4.7754,5.2887,-6.3158,0.3526,-0.2632,1788738061.457
25.882,4.7824,5.2884,-6.3211,0.3526,-0.2632,1788738061.477
25.902,4.7901,5.2881,-6.3263,0.3842,-0.2632,1788738061.497
25.922,4.7978,5.2877,-6.3316,0.3842,-0.2632,1788738061.517
25.942,4.8055,5.2873,-6.3368,0.3842,-0.2632,1788738061.537
25.962,4.8131,5.2869,-6.3421,0.3842,-0.2632,1788738061.557
25.982,4.8208,5.2864,-6.3474,0.3842,-0.2632,1788738061.577
26.002,4.8288,5.2858,-6.3505,0.4000,-0.1579,1788738061.597
26.022,4.8368,5.2853,-6.3537,0.4000,-0.1579,1788738061.617
26.042,4.8447,5.2847,-6.3568,0.4000,-0.1579,1788738061.637
26.062,4.8527,5.2841,-6.3600,0.4000,-0.1579,1788738061.657
26.082,4.8607,5.2834,-6.3632,0.4000,-0.1579,1788738061.677
26.102,4.8687,5.2828,-6.3663,0.4000,-0.1579,1788738061.697
26.123,4.8766,5.2821,-6.3695,0.4000,-0.1579,1788738061.717
26.142,4.8846,5.2813,-6.3726,0.4000,-0.1579,1788738061.737
26.162,4.8926,5.2806,-6.3758,0.4000,-0.1579,1788738061.757
26.182,4.9005,5.2798,-6.3789,0.4000,-0.1579,1788738061.777
26.202,4.9085,5.2791,-6.3821,0.4000,-0.1579,1788738061.797
26.222,4.9165,5.2782,-6.3853,0.4000,-0.1579,1788738061.817
26.242,4.9244,5.2774,-6.3884,0.4000,-0.1579,1788738061.837
26.262,4.9324,5.2765,-6.3916,0.4000,-0.1579,1788738061.857
26.282,4.9403,5.2756,-6.3947,0.4000,-0.1579,1788738061.877
26.302,4.9479,5.2748,-6.3979,0.3842,-0.1579,1788738061.897
26.322,4.9556,5.2739,-6.4011,0.3842,-0.1579,1788738061.917
26.342,4.9632,5.2729,-6.4042,0.3842,-0.1579,1788738061.937
26.362,4.9708,5.2720,-6.4074,0.3842,-0.1579,1788738061.957
26.382,4.9784,5.2710,-6.4105,0.3842,-0.1579,1788738061.977
26.402,4.9854,5.2701,-6.4137,0.3526,-0.1579,1788738061.997
26.422,4.9924,5.2691,-6.4168,0.3526,-0.1579,1788738062.017
26.442,4.9994,5.2682,-6.4200,0.3526,-0.1579,1788738062.037
26.462,5.0064,5.2672,-6.4232,0.3526,-0.1579,1788738062.057
26.482,5.0134,5.2662,-6.4263,0.3526,-0.1579,1788738062.077
26.502,5.0213,5.2650,-6.4295,0.4000,-0.1579,1788738062.097
26.522,5.0292,5.2638,-6.4326,0.4000,-0.1579,1788738062.117
26.542,5.0371,5.2626,-6.4358,0.4000,-0.1579,1788738062.137
26.562,5.0450,5.2614,-6.4389,0.4000,-0.1579,1788738062.157
26.582,5.0529,5.2601,-6.4421,0.4000,-0.1579,1788738062.177
26.602,5.0608,5.2588,-6.4432,0.4000,-0.0526,1788738062.197
26.622,5.0687,5.2576,-6.4442,0.4000,-0.0526,1788738062.217
26.642,5.0766,5.2563,-6.4453,0.4000,-0.0526,1788738062.237
26.662,5.0845,5.2550,-6.4463,0.4000,-0.0526,1788738062.257
26.682,5.0924,5.2537,-6.4474,0.4000,-0.0526,1788738062.277
26.702,5.1003,5.2523,-6.4484,0.4000,-0.0526,1788738062.297
26.722,5.1082,5.2510,-6.4495,0.4000,-0.0526,1788738062.317
26.742,5.1161,5.2497,-6.4505,0.4000,-0.0526,1788738062.337
26.762,5.1239,5.2483,-6.4516,0.4000,-0.0526,1788738062.357
26.782,5.1318,5.2470,-6.4526,0.4000,-0.0526,1788738062.377
26.802,5.1397,5.2456,-6.4537,0.4000,-0.0526,1788738062.397
26.822,5.1476,5.2443,-6.4547,0.4000,-0.0526,1788738062.417
26.842,5.1555,5.2429,-6.4558,0.4000,-0.0526,1788738062.437
26.862,5.1634,5.2415,-6.4568,0.4000,-0.0526,1788738062.457
26.882,5.1712,5.2401,-6.4579,0.4000,-0.0526,1788738062.477
26.902,5.1791,5.2387,-6.4589,0.4000,-0.0526,1788738062.497
26.922,5.1870,5.2373,-6.4600,0.4000,-0.0526,1788738062.517
26.942,5.1949,5.2359,-6.4611,0.4000,-0.0526,1788738062.537
26.962,5.2027,5.2345,-6.4621,0.4000,-0.0526,1788738062.557
26.982,5.2106,5.2330,-6.4632,0.4000,-0.0526,1788738062.577
27.002,5.2185,5.2316,-6.4642,0.4000,-0.0526,1788738062.597
27.022,5.2263,5.2302,-6.4653,0.4000,-0.0526,1788738062.617
27.042,5.2342,5.2287,-6.4663,0.4000,-0.0526,1788738062.637
27.062,5.2421,5.2272,-6.4674,0.4000,-0.0526,1788738062.657
27.082,5.2499,5.2258,-6.4684,0.4000,-0.0526,1788738062.677
27.102,5.2578,5.2243,-6.4695,0.4000,-0.0526,1788738062.697
27.122,5.2657,5.2228,-6.4705,0.4000,-0.0526,1788738062.717
27.143,5.2735,5.2213,-6.4716,0.4000,-0.0526,1788738062.737
27.163,5.2814,5.2198,-6.4726,0.4000,-0.0526,1788738062.757
27.183,5.2892,5.2183,-6.4737,0.4000,-0.0526,1788738062.777
27.202,5.2965,5.2169,-6.4747,0.3684,-0.0526,1788738062.797
27.222,5.3037,5.2155,-6.4758,0.3684,-0.0526,1788738062.817
27.242,5.3109,5.2140,-6.4768,0.3684,-0.0526,1788738062.837
27.262,5.3182,5.2126,-6.4779,0.3684,-0.0526,1788738062.857
27.282,5.3254,5.2112,-6.4789,0.3684,-0.0526,1788738062.877
27.302,5.3332,5.2096,-6.4789,0.4000,0.0000,1788738062.897
27.322,5.3411,5.2081,-6.4789,0.4000,0.0000,1788738062.917
27.342,5.3489,5.2065,-6.4789,0.4000,0.0000,1788738062.937
27.362,5.3568,5.2050,-6.4789,0.4000,0.0000,1788738062.957
27.382,5.3646,5.2034,-6.4789,0.4000,0.0000,1788738062.977
27.402,5.3725,5.2018,-6.4789,0.4000,0.0000,1788738062.997
27.422,5.3803,5.2003,-6.4789,0.4000,0.0000,1788738063.017
27.442,5.3882,5.1987,-6.4789,0.4000,0.0000,1788738063.037
27.462,5.3960,5.1972,-6.4789,0.4000,0.0000,1788738063.057
27.482,5.4039,5.1956,-6.4789,0.4000,0.0000,1788738063.077
27.502,5.4114,5.1941,-6.4789,0.3842,0.0000,1788738063.097
27.522,5.4189,5.1926,-6.4789,0.3842,0.0000,1788738063.117
27.542,5.4265,5.1911,-6.4789,0.3842,0.0000,1788738063.137
27.562,5.4340,5.1896,-6.4789,0.3842,0.0000,1788738063.157
27.582,5.4415,5.1881,-6.4789,0.3842,0.0000,1788738063.177
27.602,5.4494,5.1866,-6.4789,0.4000,0.0000,1788738063.197
27.622,5.4572,5.1850,-6.4789,0.4000,0.0000,1788738063.217
27.643,5.4651,5.1835,-6.4789,0.4000,0.0000,1788738063.237
27.663,5.4729,5.1819,-6.4789,0.4000,0.0000,1788738063.257
27.682,5.4808,5.1804,-6.4789,0.4000,0.0000,1788738063.277
27.702,5.4886,5.1788,-6.4789,0.4000,0.0000,1788738063.297
27.722,5.4965,5.1773,-6.4789,0.4000,0.0000,1788738063.317
27.742,5.5043,5.1757,-6.4789,0.4000,0.0000,1788738063.337
27.762,5.5122,5.1741,-6.4789,0.4000,0.0000,1788738063.357
27.782,5.5200,5.1726,-6.4789,0.4000,0.0000,1788738063.377
27.802,5.5279,5.1710,-6.4789,0.4000,0.0000,1788738063.397
27.823,5.5357,5.1695,-6.4789,0.4000,0.0000,1788738063.417
27.842,5.5436,5.1679,-6.4789,0.4000,0.0000,1788738063.437
27.862,5.5514,5.1664,-6.4789,0.4000,0.0000,1788738063.457
27.882,5.5593,5.1648,-6.4789,0.4000,0.0000,1788738063.477
27.902,5.5668,5.1633,-6.4789,0.3842,0.0000,1788738063.497
27.922,5.5743,5.1618,-6.4789,0.3842,0.0000,1788738063.517
27.942,5.5819,5.1603,-6.4789,0.3842,0.0000,1788738063.537
27.962,5.5894,5.1588,-6.4789,0.3842,0.0000,1788738063.557
27.982,5.5969,5.1573,-6.4789,0.3842,0.0000,1788738063.577
28.002,5.6042,5.1559,-6.4789,0.3684,0.0000,1788738063.597
28.022,5.6114,5.1545,-6.4789,0.3684,0.0000,1788738063.617
28.042,5.6186,5.1530,-6.4789,0.3684,0.0000,1788738063.637
28.062,5.6259,5.1516,-6.4789,0.3684,0.0000,1788738063.657
28.082,5.6331,5.1502,-6.4789,0.3684,0.0000,1788738063.677
28.102,5.6400,5.1488,-6.4789,0.3526,0.0000,1788738063.697
28.122,5.6469,5.1474,-6.4789,0.3526,0.0000,1788738063.717
28.142,5.6538,5.1461,-6.4789,0.3526,0.0000,1788738063.737
28.162,5.6607,5.1447,-6.4789,0.3526,0.0000,1788738063.757
28.182,5.6677,5.1433,-6.4789,0.3526,0.0000,1788738063.777
28.202,5.6755,5.1418,-6.4779,0.4000,0.0526,1788738063.797
28.222,5.6834,5.1402,-6.4768,0.4000,0.0526,1788738063.817
28.242,5.6912,5.1387,-6.4758,0.4000,0.0526,1788738063.837
28.262,5.6991,5.1372,-6.4747,0.4000,0.0526,1788738063.857
28.282,5.7069,5.1357,-6.4737,0.4000,0.0526,1788738063.877
28.302,5.7148,5.1341,-6.4726,0.4000,0.0526,1788738063.897
28.322,5.7226,5.1326,-6.4716,0.4000,0.0526,1788738063.917
28.342,5.7305,5.1312,-6.4705,0.4000,0.0526,1788738063.937
28.362,5.7384,5.1297,-6.4695,0.4000,0.0526,1788738063.957
28.382,5.7462,5.1282,-6.4684,0.4000,0.0526,1788738063.977
28.402,5.7541,5.1267,-6.4674,0.4000,0.0526,1788738063.997
28.422,5.7620,5.1253,-6.4663,0.4000,0.0526,1788738064.017
28.442,5.7698,5.1238,-6.4653,0.4000,0.0526,1788738064.037
28.462,5.7777,5.1224,-6.4642,0.4000,0.0526,1788738064.057
28.482,5.7856,5.1210,-6.4632,0.4000,0.0526,1788738064.077
28.502,5.7934,5.1195,-6.4621,0.4000,0.0526,1788738064.097
28.522,5.8013,5.1181,-6.4611,0.4000,0.0526,1788738064.117
28.542,5.8092,5.1167,-6.4600,0.4000,0.0526,1788738064.137
28.562,5.8171,5.1153,-6.4589,0.4000,0.0526,1788738064.157
28.582,5.8249,5.1139,-6.4579,0.4000,0.0526,1788738064.177
28.602,5.8328,5.1125,-6.4568,0.4000,0.0526,1788738064.197
28.622,5.8407,5.1112,-6.4558,0.4000,0.0526,1788738064.217
28.642,5.8486,5.1098,-6.4547,0.4000,0.0526,1788738064.237
28.662,5.8565,5.1084,-6.4537,0.4000,0.0526,1788738064.257
28.682,5.8644,5.1071,-6.4526,0.4000,0.0526,1788738064.277
28.702,5.8722,5.1058,-6.4516,0.4000,0.0526,1788738064.297
28.722,5.8801,5.1044,-6.4505,0.4000,0.0526,1788738064.317
28.742,5.8880,5.1031,-6.4495,0.4000,0.0526,1788738064.337
28.762,5.8959,5.1018,-6.4484,0.4000,0.0526,1788738064.357
28.782,5.9038,5.1005,-6.4474,0.4000,0.0526,1788738064.377
28.802,5.9114,5.0992,-6.4463,0.3842,0.0526,1788738064.397
28.822,5.9190,5.0980,-6.4453,0.3842,0.0526,1788738064.417
28.842,5.9266,5.0968,-6.4442,0.3842,0.0526,1788738064.437
28.862,5.9341,5.0955,-6.4432,0.3842,0.0526,1788738064.457
28.882,5.9417,5.0943,-6.4421,0.3842,0.0526,1788738064.477
28.902,5.9493,5.0931,-6.4411,0.3842,0.0526,1788738064.497
28.922,5.9569,5.0919,-6.4400,0.3842,0.0526,1788738064.517
28.942,5.9645,5.0907,-6.4389,0.3842,0.0526,1788738064.537
28.962,5.9721,5.0895,-6.4379,0.3842,0.0526,1788738064.557
28.982,5.9797,5.0884,-6.4368,0.3842,0.0526,1788738064.577
29.002,5.9876,5.0871,-6.4358,0.4000,0.0526,1788738064.597
29.022,5.9955,5.0859,-6.4347,0.4000,0.0526,1788738064.617
29.042,6.0034,5.0847,-6.4337,0.4000,0.0526,1788738064.637
29.062,6.0113,5.0835,-6.4326,0.4000,0.0526,1788738064.657
29.082,6.0192,5.0824,-6.4316,0.4000,0.0526,1788738064.677
29.102,6.0271,5.0812,-6.4305,0.4000,0.0526,1788738064.697
29.122,6.0351,5.0800,-6.4295,0.4000,0.0526,1788738064.717
29.142,6.0430,5.0789,-6.4284,0.4000,0.0526,1788738064.737
29.162,6.0509,5.0777,-6.4274,0.4000,0.0526,1788738064.757
29.182,6.0588,5.0766,-6.4263,0.4000,0.0526,1788738064.777
29.202,6.0667,5.0754,-6.4253,0.4000,0.0526,1788738064.797
29.222,6.0747,5.0743,-6.4242,0.4000,0.0526,1788738064.817
29.242,6.0826,5.0732,-6.4232,0.4000,0.0526,1788738064.837
29.262,6.0905,5.0721,-6.4221,0.4000,0.0526,1788738064.857
29.282,6.0984,5.0710,-6.4211,0.4000,0.0526,1788738064.877
29.302,6.1060,5.0699,-6.4200,0.3842,0.0526,1788738064.897
29.322,6.1136,5.0689,-6.4189,0.3842,0.0526,1788738064.917
29.342,6.1213,5.0679,-6.4179,0.3842,0.0526,1788738064.937
29.362,6.1289,5.0668,-6.4168,0.3842,0.0526,1788738064.957
29.382,6.1365,5.0658,-6.4158,0.3842,0.0526,1788738064.977
29.402,6.1444,5.0648,-6.4147,0.4000,0.0526,1788738064.997
29.422,6.1524,5.0637,-6.4137,0.4000,0.0526,1788738065.017
29.442,6.1603,5.0627,-6.4126,0.4000,0.0526,1788738065.037
29.462,6.1682,5.0617,-6.4116,0.4000,0.0526,1788738065.057
29.482,6.1762,5.0607,-6.4105,0.4000,0.0526,1788738065.077
29.502,6.1841,5.0597,-6.4095,0.4000,0.0526,1788738065.097
29.522,6.1920,5.0587,-6.4084,0.4000,0.0526,1788738065.117
29.542,6.2000,5.0577,-6.4074,0.4000,0.0526,1788738065.137
29.562,6.2079,5.0567,-6.4063,0.4000,0.0526,1788738065.157
29.582,6.2158,5.0557,-6.4053,0.4000,0.0526,1788738065.177
29.602,6.2238,5.0547,-6.4042,0.4000,0.0526,1788738065.197
29.622,6.2317,5.0538,-6.4032,0.4000,0.0526,1788738065.217
29.642,6.2397,5.0528,-6.4021,0.4000,0.0526,1788738065.237
29.662,6.2476,5.0519,-6.4011,0.4000,0.0526,1788738065.257
29.682,6.2556,5.0510,-6.4000,0.4000,0.0526,1788738065.277
29.702,6.2635,5.0500,-6.3989,0.4000,0.0526,1788738065.297
29.722,6.2715,5.0491,-6.3979,0.4000,0.0526,1788738065.317
29.742,6.2794,5.0482,-6.3968,0.4000,0.0526,1788738065.337
29.762,6.2874,5.0473,-6.3958,0.4000,0.0526,1788738065.357
29.782,6.2953,5.0464,-6.3947,0.4000,0.0526,1788738065.377
29.802,6.3029,5.0456,-6.3937,0.3842,0.0526,1788738065.397
29.822,6.3106,5.0447,-6.3926,0.3842,0.0526,1788738065.417
29.842,6.3182,5.0439,-6.3916,0.3842,0.0526,1788738065.437
29.862,6.3259,5.0431,-6.3905,0.3842,0.0526,1788738065.457
29.882,6.3335,5.0423,-6.3895,0.3842,0.0526,1788738065.477
29.902,6.3411,5.0415,-6.3884,0.3842,0.0526,1788738065.497
29.922,6.3488,5.0407,-6.3874,0.3842,0.0526,1788738065.517
29.943,6.3564,5.0399,-6.3863,0.3842,0.0526,1788738065.537
29.962,6.3641,5.0391,-6.3853,0.3842,0.0526,1788738065.557
29.982,6.3717,5.0383,-6.3842,0.3842,0.0526,1788738065.577
30.002,6.3797,5.0375,-6.3832,0.4000,0.0526,1788738065.597
30.022,6.3876,5.0367,-6.3821,0.4000,0.0526,1788738065.617
30.042,6.3956,5.0359,-6.3811,0.4000,0.0526,1788738065.637
30.062,6.4036,5.0352,-6.3800,0.4000,0.0526,1788738065.657
30.082,6.4115,5.0344,-6.3789,0.4000,0.0526,1788738065.677
30.102,6.4195,5.0336,-6.3789,0.4000,0.0000,1788738065.697
30.122,6.4275,5.0329,-6.3789,0.4000,0.0000,1788738065.717
30.142,6.4354,5.0321,-6.3789,0.4000,0.0000,1788738065.737
30.162,6.4434,5.0313,-6.3789,0.4000,0.0000,1788738065.757
30.182,6.4513,5.0306,-6.3789,0.4000,0.0000,1788738065.777
30.202,6.4593,5.0298,-6.3779,0.4000,0.0526,1788738065.797
30.222,6.4673,5.0291,-6.3768,0.4000,0.0526,1788738065.817
30.242,6.4752,5.0283,-6.3758,0.4000,0.0526,1788738065.837
30.262,6.4832,5.0276,-6.3747,0.4000,0.0526,1788738065.857
30.282,6.4912,5.0269,-6.3737,0.4000,0.0526,1788738065.877
30.302,6.4988,5.0262,-6.3726,0.3842,0.0526,1788738065.897
30.322,6.5065,5.0255,-6.3716,0.3842,0.0526,1788738065.917
30.342,6.5141,5.0248,-6.3705,0.3842,0.0526,1788738065.937
30.362,6.5218,5.0242,-6.3695,0.3842,0.0526,1788738065.957
30.382,6.5294,5.0235,-6.3684,0.3842,0.0526,1788738065.977
30.402,6.5374,5.0228,-6.3684,0.4000,0.0000,1788738065.997
30.422,6.5454,5.0222,-6.3684,0.4000,0.0000,1788738066.017
30.442,6.5534,5.0215,-6.3684,0.4000,0.0000,1788738066.037
30.462,6.5613,5.0208,-6.3684,0.4000,0.0000,1788738066.057
30.482,6.5693,5.0201,-6.3684,0.4000,0.0000,1788738066.077
30.503,6.5773,5.0195,-6.3674,0.4000,0.0526,1788738066.097
30.522,6.5852,5.0188,-6.3663,0.4000,0.0526,1788738066.117
30.543,6.5932,5.0181,-6.3653,0.4000,0.0526,1788738066.137
30.562,6.6012,5.0175,-6.3642,0.4000,0.0526,1788738066.157
30.582,6.6092,5.0168,-6.3632,0.4000,0.0526,1788738066.177
30.602,6.6171,5.0162,-6.3621,0.4000,0.0526,1788738066.197
30.622,6.6251,5.0156,-6.3611,0.4000,0.0526,1788738066.217
30.642,6.6331,5.0150,-6.3600,0.4000,0.0526,1788738066.237
30.662,6.6411,5.0144,-6.3589,0.4000,0.0526,1788738066.257
30.682,6.6491,5.0138,-6.3579,0.4000,0.0526,1788738066.277
30.702,6.6567,5.0132,-6.3579,0.3842,0.0000,1788738066.297
30.722,6.6644,5.0126,-6.3579,0.3842,0.0000,1788738066.317
30.742,6.6720,5.0121,-6.3579,0.3842,0.0000,1788738066.337
30.762,6.6797,5.0115,-6.3579,0.3842,0.0000,1788738066.357
30.782,6.6874,5.0109,-6.3579,0.3842,0.0000,1788738066.377
30.802,6.6953,5.0103,-6.3568,0.4000,0.0526,1788738066.397
30.822,6.7033,5.0097,-6.3558,0.4000,0.0526,1788738066.417
30.842,6.7113,5.0092,-6.3547,0.4000,0.0526,1788738066.437
30.862,6.7193,5.0086,-6.3537,0.4000,0.0526,1788738066.457
30.882,6.7273,5.0080,-6.3526,0.4000,0.0526,1788738066.477
30.902,6.7352,5.0075,-6.3526,0.4000,0.0000,1788738066.497
30.922,6.7432,5.0069,-6.3526,0.4000,0.0000,1788738066.517
30.942,6.7512,5.0064,-6.3526,0.4000,0.0000,1788738066.537
30.962,6.7592,5.0058,-6.3526,0.4000,0.0000,1788738066.557
30.982,6.7672,5.0053,-6.3526,0.4000,0.0000,1788738066.577
31.002,6.7751,5.0047,-6.3516,0.4000,0.0526,1788738066.597
31.022,6.7831,5.0042,-6.3505,0.4000,0.0526,1788738066.617
31.042,6.7911,5.0037,-6.3495,0.4000,0.0526,1788738066.637
31.062,6.7991,5.0031,-6.3484,0.4000,0.0526,1788738066.657
31.082,6.8071,5.0026,-6.3474,0.4000,0.0526,1788738066.677
31.102,6.8151,5.0021,-6.3474,0.4000,0.0000,1788738066.697
31.122,6.8230,5.0016,-6.3474,0.4000,0.0000,1788738066.717
31.142,6.8310,5.0011,-6.3474,0.4000,0.0000,1788738066.737
31.162,6.8390,5.0006,-6.3474,0.4000,0.0000,1788738066.757
31.182,6.8470,5.0001,-6.3474,0.4000,0.0000,1788738066.777
31.202,6.8547,4.9996,-6.3474,0.3842,0.0000,1788738066.797
31.222,6.8623,4.9991,-6.3474,0.3842,0.0000,1788738066.817
31.242,6.8700,4.9986,-6.3474,0.3842,0.0000,1788738066.837
31.262,6.8777,4.9981,-6.3474,0.3842,0.0000,1788738066.857
31.282,6.8853,4.9976,-6.3474,0.3842,0.0000,1788738066.877
31.302,6.8930,4.9971,-6.3463,0.3842,0.0526,1788738066.897
31.322,6.9007,4.9966,-6.3453,0.3842,0.0526,1788738066.917
31.342,6.9083,4.9962,-6.3442,0.3842,0.0526,1788738066.937
31.362,6.9160,4.9957,-6.3432,0.3842,0.0526,1788738066.957
31.382,6.9237,4.9953,-6.3421,0.3842,0.0526,1788738066.977
31.402,6.9317,4.9948,-6.3411,0.4000,0.0526,1788738066.997
31.422,6.9397,4.9943,-6.3400,0.4000,0.0526,1788738067.017
31.442,6.9476,4.9939,-6.3389,0.4000,0.0526,1788738067.037
31.462,6.9556,4.9935,-6.3379,0.4000,0.0526,1788738067.057
31.482,6.9636,4.9930,-6.3368,0.4000,0.0526,1788738067.077
31.502,6.9716,4.9926,-6.3358,0.4000,0.0526,1788738067.097
31.522,6.9796,4.9922,-6.3347,0.4000,0.0526,1788738067.117
31.542,6.9876,4.9918,-6.3337,0.4000,0.0526,1788738067.137
31.562,6.9956,4.9914,-6.3326,0.4000,0.0526,1788738067.157
31.582,7.0036,4.9910,-6.3316,0.4000,0.0526,1788738067.177
31.602,7.0116,4.9906,-6.3305,0.4000,0.0526,1788738067.197
31.622,7.0196,4.9903,-6.3295,0.4000,0.0526,1788738067.217
31.642,7.0275,4.9899,-6.3284,0.4000,0.0526,1788738067.237
31.662,7.0355,4.9895,-6.3274,0.4000,0.0526,1788738067.257
31.682,7.0435,4.9892,-6.3263,0.4000,0.0526,1788738067.277
31.702,7.0512,4.9889,-6.3253,0.3842,0.0526,1788738067.297
31.722,7.0589,4.9886,-6.3242,0.3842,0.0526,1788738067.317
31.742,7.0666,4.9882,-6.3232,0.3842,0.0526,1788738067.337
31.762,7.0742,4.9879,-6.3221,0.3842,0.0526,1788738067.357
31.782,7.0819,4.9877,-6.3211,0.3842,0.0526,1788738067.377
31.802,7.0887,4.9874,-6.3211,0.3368,0.0000,1788738067.397
31.822,7.0954,4.9871,-6.3211,0.3368,0.0000,1788738067.417
31.842,7.1021,4.9869,-6.3211,0.3368,0.0000,1788738067.437
31.862,7.1089,4.9866,-6.3211,0.3368,0.0000,1788738067.457
31.882,7.1156,4.9864,-6.3211,0.3368,0.0000,1788738067.477
31.902,7.1236,4.9861,-6.3200,0.4000,0.0526,1788738067.497
31.922,7.1316,4.9858,-6.3189,0.4000,0.0526,1788738067.517
31.942,7.1396,4.9855,-6.3179,0.4000,0.0526,1788738067.537
31.962,7.1476,4.9853,-6.3168,0.4000,0.0526,1788738067.557
31.982,7.1556,4.9850,-6.3158,0.4000,0.0526,1788738067.577
32.002,7.1632,4.9847,-6.3158,0.3842,0.0000,1788738067.597
32.022,7.1709,4.9845,-6.3158,0.3842,0.0000,1788738067.617
32.042,7.1786,4.9842,-6.3158,0.3842,0.0000,1788738067.637
32.062,7.1863,4.9840,-6.3158,0.3842,0.0000,1788738067.657
32.082,7.1940,4.9837,-6.3158,0.3842,0.0000,1788738067.677
32.102,7.2007,4.9835,-6.3158,0.3368,0.0000,1788738067.697
32.122,7.2074,4.9833,-6.3158,0.3368,0.0000,1788738067.717
32.142,7.2142,4.9831,-6.3158,0.3368,0.0000,1788738067.737
32.162,7.2209,4.9829,-6.3158,0.3368,0.0000,1788738067.757
32.182,7.2276,4.9826,-6.3158,0.3368,0.0000,1788738067.777
32.202,7.2344,4.9824,-6.3158,0.3368,0.0000,1788738067.797
32.222,7.2411,4.9822,-6.3158,0.3368,0.0000,1788738067.817
32.242,7.2478,4.9820,-6.3158,0.3368,0.0000,1788738067.837
32.262,7.2546,4.9818,-6.3158,0.3368,0.0000,1788738067.857
32.283,7.2613,4.9815,-6.3158,0.3368,0.0000,1788738067.877
32.302,7.2693,4.9813,-6.3147,0.4000,0.0526,1788738067.897
32.322,7.2773,4.9810,-6.3137,0.4000,0.0526,1788738067.917
32.342,7.2853,4.9808,-6.3126,0.4000,0.0526,1788738067.937
32.362,7.2933,4.9806,-6.3116,0.4000,0.0526,1788738067.957
32.382,7.3013,4.9804,-6.3105,0.4000,0.0526,1788738067.977
32.402,7.3093,4.9801,-6.3105,0.4000,0.0000,1788738067.997
32.422,7.3173,4.9799,-6.3105,0.4000,0.0000,1788738068.017
32.442,7.3253,4.9797,-6.3105,0.4000,0.0000,1788738068.037
32.462,7.3333,4.9795,-6.3105,0.4000,0.0000,1788738068.057
32.482,7.3413,4.9793,-6.3105,0.4000,0.0000,1788738068.077
32.502,7.3489,4.9791,-6.3105,0.3842,0.0000,1788738068.097
32.522,7.3566,4.9789,-6.3105,0.3842,0.0000,1788738068.117
32.542,7.3643,4.9786,-6.3105,0.3842,0.0000,1788738068.137
32.562,7.3720,4.9784,-6.3105,0.3842,0.0000,1788738068.157
32.582,7.3797,4.9782,-6.3105,0.3842,0.0000,1788738068.177
32.602,7.3864,4.9780,-6.3105,0.3368,0.0000,1788738068.197
32.622,7.3931,4.9779,-6.3105,0.3368,0.0000,1788738068.217
32.642,7.3999,4.9777,-6.3105,0.3368,0.0000,1788738068.237
32.663,7.4066,4.9775,-6.3105,0.3368,0.0000,1788738068.257
32.682,7.4133,4.9773,-6.3105,0.3368,0.0000,1788738068.277
32.702,7.4213,4.9771,-6.3095,0.4000,0.0526,1788738068.297
32.722,7.4293,4.9769,-6.3084,0.4000,0.0526,1788738068.317
32.742,7.4373,4.9767,-6.3074,0.4000,0.0526,1788738068.337
32.762,7.4453,4.9765,-6.3063,0.4000,0.0526,1788738068.357
32.782,7.4533,4.9763,-6.3053,0.4000,0.0526,1788738068.377
32.802,7.4613,4.9762,-6.3053,0.4000,0.0000,1788738068.397
32.822,7.4693,4.9760,-6.3053,0.4000,0.0000,1788738068.417
32.842,7.4773,4.9758,-6.3053,0.4000,0.0000,1788738068.437
32.862,7.4853,4.9756,-6.3053,0.4000,0.0000,1788738068.457
32.882,7.4933,4.9755,-6.3053,0.4000,0.0000,1788738068.477
32.902,7.5010,4.9753,-6.3053,0.3842,0.0000,1788738068.497
32.922,7.5087,4.9751,-6.3053,0.3842,0.0000,1788738068.517
32.942,7.5164,4.9749,-6.3053,0.3842,0.0000,1788738068.537
32.962,7.5240,4.9748,-6.3053,0.3842,0.0000,1788738068.557
32.982,7.5317,4.9746,-6.3053,0.3842,0.0000,1788738068.577
33.002,7.5397,4.9744,-6.3053,0.4000,0.0000,1788738068.597
33.022,7.5477,4.9743,-6.3053,0.4000,0.0000,1788738068.617
33.043,7.5557,4.9741,-6.3053,0.4000,0.0000,1788738068.637
33.062,7.5637,4.9739,-6.3053,0.4000,0.0000,1788738068.657
33.083,7.5717,4.9737,-6.3053,0.4000,0.0000,1788738068.677
33.102,7.5791,4.9736,-6.3053,0.3684,0.0000,1788738068.697
33.122,7.5865,4.9734,-6.3053,0.3684,0.0000,1788738068.717
33.142,7.5938,4.9732,-6.3053,0.3684,0.0000,1788738068.737
33.162,7.6012,4.9731,-6.3053,0.3684,0.0000,1788738068.757
33.182,7.6086,4.9729,-6.3053,0.3684,0.0000,1788738068.777
33.202,7.6156,4.9728,-6.3053,0.3526,0.0000,1788738068.797
33.222,7.6227,4.9726,-6.3053,0.3526,0.0000,1788738068.817
33.242,7.6297,4.9724,-6.3053,0.3526,0.0000,1788738068.837
33.263,7.6368,4.9723,-6.3053,0.3526,0.0000,1788738068.857
33.283,7.6438,4.9721,-6.3053,0.3526,0.0000,1788738068.877
33.302,7.6505,4.9720,-6.3053,0.3368,0.0000,1788738068.897
33.322,7.6573,4.9718,-6.3053,0.3368,0.0000,1788738068.917
33.342,7.6640,4.9717,-6.3053,0.3368,0.0000,1788738068.937
33.362,7.6707,4.9715,-6.3053,0.3368,0.0000,1788738068.957
33.382,7.6775,4.9714,-6.3053,0.3368,0.0000,1788738068.977
33.402,7.6855,4.9712,-6.3042,0.4000,0.0526,1788738068.997
33.422,7.6935,4.9711,-6.3032,0.4000,0.0526,1788738069.017
33.442,7.7015,4.9709,-6.3021,0.4000,0.0526,1788738069.037
33.462,7.7095,4.9708,-6.3011,0.4000,0.0526,1788738069.057
33.482,7.7175,4.9706,-6.3000,0.4000,0.0526,1788738069.077
33.502,7.7248,4.9705,-6.3000,0.3684,0.0000,1788738069.097
33.522,7.7322,4.9704,-6.3000,0.3684,0.0000,1788738069.117
33.542,7.7396,4.9703,-6.3000,0.3684,0.0000,1788738069.137
33.562,7.7469,4.9701,-6.3000,0.3684,0.0000,1788738069.157
33.583,7.7543,4.9700,-6.3000,0.3684,0.0000,1788738069.177
33.602,7.7614,4.9699,-6.3000,0.3526,0.0000,1788738069.197
33.623,7.7684,4.9698,-6.3000,0.3526,0.0000,1788738069.217
33.642,7.7755,4.9697,-6.3000,0.3526,0.0000,1788738069.237
33.662,7.7825,4.9695,-6.3000,0.3526,0.0000,1788738069.257
33.682,7.7896,4.9694,-6.3000,0.3526,0.0000,1788738069.277
33.702,7.7963,4.9693,-6.3000,0.3368,0.0000,1788738069.297
33.722,7.8030,4.9692,-6.3000,0.3368,0.0000,1788738069.317
33.742,7.8098,4.9691,-6.3000,0.3368,0.0000,1788738069.337
33.762,7.8165,4.9690,-6.3000,0.3368,0.0000,1788738069.357
33.782,7.8233,4.9689,-6.3000,0.3368,0.0000,1788738069.377
33.802,7.8297,4.9687,-6.3000,0.3211,0.0000,1788738069.397
33.822,7.8361,4.9686,-6.3000,0.3211,0.0000,1788738069.417
33.842,7.8425,4.9685,-6.3000,0.3211,0.0000,1788738069.437
33.862,7.8489,4.9684,-6.3000,0.3211,0.0000,1788738069.457
33.882,7.8554,4.9683,-6.3000,0.3211,0.0000,1788738069.477
33.902,7.8615,4.9682,-6.3000,0.3053,0.0000,1788738069.497
33.922,7.8676,4.9681,-6.3000,0.3053,0.0000,1788738069.517
33.942,7.8737,4.9680,-6.3000,0.3053,0.0000,1788738069.537
33.962,7.8798,4.9679,-6.3000,0.3053,0.0000,1788738069.557
33.982,7.8859,4.9678,-6.3000,0.3053,0.0000,1788738069.577
34.002,7.8917,4.9677,-6.3000,0.2895,0.0000,1788738069.597
34.022,7.8975,4.9676,-6.3000,0.2895,0.0000,1788738069.617
34.042,7.9032,4.9675,-6.3000,0.2895,0.0000,1788738069.637
34.062,7.9090,4.9674,-6.3000,0.2895,0.0000,1788738069.657
34.083,7.9148,4.9673,-6.3000,0.2895,0.0000,1788738069.677
34.102,7.9203,4.9672,-6.3000,0.2737,0.0000,1788738069.697
34.122,7.9258,4.9671,-6.3000,0.2737,0.0000,1788738069.717
34.142,7.9312,4.9670,-6.3000,0.2737,0.0000,1788738069.737
34.162,7.9367,4.9669,-6.3000,0.2737,0.0000,1788738069.757
34.182,7.9422,4.9669,-6.3000,0.2737,0.0000,1788738069.777
34.202,7.9473,4.9668,-6.3000,0.2579,0.0000,1788738069.797
34.222,7.9525,4.9667,-6.3000,0.2579,0.0000,1788738069.817
34.242,7.9577,4.9666,-6.3000,0.2579,0.0000,1788738069.837
34.262,7.9628,4.9665,-6.3000,0.2579,0.0000,1788738069.857
34.282,7.9680,4.9664,-6.3000,0.2579,0.0000,1788738069.877
34.302,7.9728,4.9663,-6.3000,0.2421,0.0000,1788738069.897
34.322,7.9777,4.9663,-6.3000,0.2421,0.0000,1788738069.917
34.342,7.9825,4.9662,-6.3000,0.2421,0.0000,1788738069.937
34.362,7.9873,4.9661,-6.3000,0.2421,0.0000,1788738069.957
34.382,7.9922,4.9660,-6.3000,0.2421,0.0000,1788738069.977
34.402,7.9970,4.9659,-6.3000,0.2421,0.0000,1788738069.997
34.422,8.0019,4.9658,-6.3000,0.2421,0.0000,1788738070.017
34.442,8.0067,4.9658,-6.3000,0.2421,0.0000,1788738070.037
34.462,8.0115,4.9657,-6.3000,0.2421,0.0000,1788738070.057
34.482,8.0164,4.9656,-6.3000,0.2421,0.0000,1788738070.077
34.502,8.0209,4.9655,-6.3000,0.2263,0.0000,1788738070.097
34.522,8.0254,4.9655,-6.3000,0.2263,0.0000,1788738070.117
34.542,8.0300,4.9654,-6.3000,0.2263,0.0000,1788738070.137
34.562,8.0345,4.9653,-6.3000,0.2263,0.0000,1788738070.157
34.582,8.0390,4.9652,-6.3000,0.2263,0.0000,1788738070.177
34.602,8.0432,4.9652,-6.3000,0.2105,0.0000,1788738070.197
34.622,8.0474,4.9651,-6.3000,0.2105,0.0000,1788738070.217
34.642,8.0516,4.9650,-6.3000,0.2105,0.0000,1788738070.237
34.662,8.0558,4.9649,-6.3000,0.2105,0.0000,1788738070.257
34.682,8.0601,4.9649,-6.3000,0.2105,0.0000,1788738070.277
34.702,8.0643,4.9648,-6.3000,0.2105,0.0000,1788738070.297
34.722,8.0685,4.9647,-6.3000,0.2105,0.0000,1788738070.317
34.743,8.0727,4.9647,-6.3000,0.2105,0.0000,1788738070.337
34.763,8.0769,4.9646,-6.3000,0.2105,0.0000,1788738070.357
34.782,8.0811,4.9645,-6.3000,0.2105,0.0000,1788738070.377
34.802,8.0850,4.9644,-6.3000,0.1947,0.0000,1788738070.397
34.822,8.0889,4.9644,-6.3000,0.1947,0.0000,1788738070.417
34.842,8.0928,4.9643,-6.3000,0.1947,0.0000,1788738070.437
34.863,8.0967,4.9643,-6.3000,0.1947,0.0000,1788738070.457
34.882,8.1006,4.9642,-6.3000,0.1947,0.0000,1788738070.477
34.903,8.1042,4.9641,-6.3000,0.1789,0.0000,1788738070.497
34.922,8.1077,4.9641,-6.3000,0.1789,0.0000,1788738070.517
34.942,8.1113,4.9640,-6.3000,0.1789,0.0000,1788738070.537
34.962,8.1149,4.9639,-6.3000,0.1789,0.0000,1788738070.557
34.982,8.1185,4.9639,-6.3000,0.1789,0.0000,1788738070.577
35.002,8.1221,4.9638,-6.3000,0.1789,0.0000,1788738070.597
35.022,8.1256,4.9638,-6.3000,0.1789,0.0000,1788738070.617
35.042,8.1292,4.9637,-6.3000,0.1789,0.0000,1788738070.637
35.063,8.1328,4.9636,-6.3000,0.1789,0.0000,1788738070.657
35.082,8.1364,4.9636,-6.3000,0.1789,0.0000,1788738070.677
35.102,8.1396,4.9635,-6.3000,0.1632,0.0000,1788738070.697
35.122,8.1429,4.9635,-6.3000,0.1632,0.0000,1788738070.717
35.142,8.1462,4.9634,-6.3000,0.1632,0.0000,1788738070.737
35.162,8.1494,4.9634,-6.3000,0.1632,0.0000,1788738070.757
35.182,8.1527,4.9633,-6.3000,0.1632,0.0000,1788738070.777
35.202,8.1559,4.9633,-6.3000,0.1632,0.0000,1788738070.797
35.222,8.1592,4.9632,-6.3000,0.1632,0.0000,1788738070.817
35.242,8.1625,4.9631,-6.3000,0.1632,0.0000,1788738070.837
35.262,8.1657,4.9631,-6.3000,0.1632,0.0000,1788738070.857
35.282,8.1690,4.9630,-6.3000,0.1632,0.0000,1788738070.877
35.302,8.1719,4.9630,-6.3000,0.1474,0.0000,1788738070.897
35.322,8.1749,4.9629,-6.3000,0.1474,0.0000,1788738070.917
35.342,8.1778,4.9629,-6.3000,0.1474,0.0000,1788738070.937
35.362,8.1808,4.9628,-6.3000,0.1474,0.0000,1788738070.957
35.382,8.1837,4.9628,-6.3000,0.1474,0.0000,1788738070.977
35.402,8.1867,4.9627,-6.3000,0.1474,0.0000,1788738070.997
35.422,8.1896,4.9627,-6.3000,0.1474,0.0000,1788738071.017
35.442,8.1926,4.9626,-6.3000,0.1474,0.0000,1788738071.037
35.462,8.1955,4.9626,-6.3000,0.1474,0.0000,1788738071.057
35.482,8.1985,4.9625,-6.3000,0.1474,0.0000,1788738071.077
35.502,8.2011,4.9625,-6.3000,0.1316,0.0000,1788738071.097
35.522,8.2037,4.9625,-6.3000,0.1316,0.0000,1788738071.117
35.542,8.2064,4.9624,-6.3000,0.1316,0.0000,1788738071.137
35.562,8.2090,4.9624,-6.3000,0.1316,0.0000,1788738071.157
35.582,8.2116,4.9623,-6.3000,0.1316,0.0000,1788738071.177
35.602,8.2142,4.9623,-6.3000,0.1316,0.0000,1788738071.197
35.622,8.2169,4.9622,-6.3000,0.1316,0.0000,1788738071.217
35.642,8.2195,4.9622,-6.3000,0.1316,0.0000,1788738071.237
35.662,8.2221,4.9621,-6.3000,0.1316,0.0000,1788738071.257
35.682,8.2248,4.9621,-6.3000,0.1316,0.0000,1788738071.277
35.702,8.2271,4.9621,-6.3000,0.1158,0.0000,1788738071.297
35.722,8.2294,4.9620,-6.3000,0.1158,0.0000,1788738071.317
35.743,8.2317,4.9620,-6.3000,0.1158,0.0000,1788738071.337
35.762,8.2340,4.9619,-6.3000,0.1158,0.0000,1788738071.357
35.782,8.2364,4.9619,-6.3000,0.1158,0.0000,1788738071.377
35.802,8.2387,4.9619,-6.3000,0.1158,0.0000,1788738071.397
35.822,8.2410,4.9618,-6.3000,0.1158,0.0000,1788738071.417
35.842,8.2433,4.9618,-6.3000,0.1158,0.0000,1788738071.437
35.862,8.2456,4.9617,-6.3000,0.1158,0.0000,1788738071.457
35.882,8.2479,4.9617,-6.3000,0.1158,0.0000,1788738071.477
35.902,8.2502,4.9617,-6.3000,0.1158,0.0000,1788738071.497
35.922,8.2526,4.9616,-6.3000,0.1158,0.0000,1788738071.517
35.942,8.2549,4.9616,-6.3000,0.1158,0.0000,1788738071.537
35.962,8.2572,4.9616,-6.3000,0.1158,0.0000,1788738071.557
35.982,8.2595,4.9615,-6.3000,0.1158,0.0000,1788738071.577
36.002,8.2615,4.9615,-6.3000,0.1000,0.0000,1788738071.597
36.022,8.2635,4.9614,-6.3000,0.1000,0.0000,1788738071.617
36.042,8.2655,4.9614,-6.3000,0.1000,0.0000,1788738071.637
36.062,8.2675,4.9614,-6.3000,0.1000,0.0000,1788738071.657
36.082,8.2695,4.9613,-6.3000,0.1000,0.0000,1788738071.677
36.102,8.2718,4.9613,-6.2989,0.1158,0.0526,1788738071.697
36.122,8.2741,4.9613,-6.2979,0.1158,0.0526,1788738071.717
36.142,8.2765,4.9612,-6.2968,0.1158,0.0526,1788738071.737
36.162,8.2788,4.9612,-6.2958,0.1158,0.0526,1788738071.757
36.182,8.2811,4.9612,-6.2947,0.1158,0.0526,1788738071.777
36.202,8.2831,4.9612,-6.2947,0.1000,0.0000,1788738071.797
36.222,8.2851,4.9611,-6.2947,0.1000,0.0000,1788738071.817
36.242,8.2871,4.9611,-6.2947,0.1000,0.0000,1788738071.837
36.262,8.2891,4.9611,-6.2947,0.1000,0.0000,1788738071.857
36.282,8.2911,4.9611,-6.2947,0.1000,0.0000,1788738071.877
36.302,8.2931,4.9611,-6.2947,0.1000,0.0000,1788738071.897
36.322,8.2951,4.9610,-6.2947,0.1000,0.0000,1788738071.917
36.342,8.2971,4.9610,-6.2947,0.1000,0.0000,1788738071.937
36.362,8.2991,4.9610,-6.2947,0.1000,0.0000,1788738071.957
36.382,8.3011,4.9610,-6.2947,0.1000,0.0000,1788738071.977
36.402,8.3031,4.9609,-6.2937,0.1000,0.0526,1788738071.997
36.422,8.3051,4.9609,-6.2926,0.1000,0.0526,1788738072.017
36.442,8.3071,4.9609,-6.2916,0.1000,0.0526,1788738072.037
36.462,8.3091,4.9609,-6.2905,0.1000,0.0526,1788738072.057
36.482,8.3111,4.9609,-6.2895,0.1000,0.0526,1788738072.077
36.502,8.3131,4.9609,-6.2895,0.1000,0.0000,1788738072.097
36.522,8.3151,4.9608,-6.2895,0.1000,0.0000,1788738072.117
36.542,8.3171,4.9608,-6.2895,0.1000,0.0000,1788738072.137
36.562,8.3191,4.9608,-6.2895,0.1000,0.0000,1788738072.157
36.582,8.3211,4.9608,-6.2895,0.1000,0.0000,1788738072.177
36.602,8.3231,4.9608,-6.2895,0.1000,0.0000,1788738072.197
36.622,8.3251,4.9608,-6.2895,0.1000,0.0000,1788738072.217
36.642,8.3271,4.9608,-6.2895,0.1000,0.0000,1788738072.237
36.662,8.3291,4.9608,-6.2895,0.1000,0.0000,1788738072.257
36.682,8.3311,4.9607,-6.2895,0.1000,0.0000,1788738072.277
36.702,8.3331,4.9607,-6.2895,0.1000,0.0000,1788738072.297
36.722,8.3351,4.9607,-6.2895,0.1000,0.0000,1788738072.317
36.742,8.3371,4.9607,-6.2895,0.1000,0.0000,1788738072.337
36.762,8.3391,4.9607,-6.2895,0.1000,0.0000,1788738072.357
36.782,8.3411,4.9607,-6.2895,0.1000,0.0000,1788738072.377
36.802,8.3431,4.9607,-6.2895,0.1000,0.0000,1788738072.397
36.822,8.3451,4.9607,-6.2895,0.1000,0.0000,1788738072.417
36.842,8.3471,4.9606,-6.2895,0.1000,0.0000,1788738072.437
36.862,8.3491,4.9606,-6.2895,0.1000,0.0000,1788738072.457
36.882,8.3511,4.9606,-6.2895,0.1000,0.0000,1788738072.477
36.902,8.3531,4.9606,-6.2884,0.1000,0.0526,1788738072.497
36.922,8.3551,4.9606,-6.2874,0.1000,0.0526,1788738072.517
36.942,8.3571,4.9606,-6.2863,0.1000,0.0526,1788738072.537
36.962,8.3591,4.9606,-6.2853,0.1000,0.0526,1788738072.557
36.982,8.3611,4.9606,-6.2842,0.1000,0.0526,1788738072.577
37.002,8.3631,4.9606,-6.2842,0.1000,0.0000,1788738072.597
37.022,8.3651,4.9606,-6.2842,0.1000,0.0000,1788738072.617
37.042,8.3671,4.9606,-6.2842,0.1000,0.0000,1788738072.637
37.062,8.3691,4.9606,-6.2842,0.1000,0.0000,1788738072.657
37.082,8.3711,4.9606,-6.2842,0.1000,0.0000,1788738072.677
37.102,8.3731,4.9606,-6.2842,0.1000,0.0000,1788738072.697
37.122,8.3751,4.9606,-6.2842,0.1000,0.0000,1788738072.717
37.142,8.3771,4.9606,-6.2842,0.1000,0.0000,1788738072.737
37.162,8.3791,4.9606,-6.2842,0.1000,0.0000,1788738072.757
37.182,8.3811,4.9606,-6.2842,0.1000,0.0000,1788738072.777
37.202,8.3831,4.9606,-6.2842,0.1000,0.0000,1788738072.797
37.222,8.3851,4.9606,-6.2842,0.1000,0.0000,1788738072.817
37.242,8.3871,4.9606,-6.2842,0.1000,0.0000,1788738072.837
37.262,8.3891,4.9606,-6.2842,0.1000,0.0000,1788738072.857
37.282,8.3911,4.9606,-6.2842,0.1000,0.0000,1788738072.877
37.302,8.3931,4.9606,-6.2842,0.1000,0.0000,1788738072.897
37.322,8.3951,4.9606,-6.2842,0.1000,0.0000,1788738072.917
37.342,8.3971,4.9606,-6.2842,0.1000,0.0000,1788738072.937
37.362,8.3991,4.9606,-6.2842,0.1000,0.0000,1788738072.957
37.382,8.4011,4.9606,-6.2842,0.1000,0.0000,1788738072.977
37.402,8.4031,4.9606,-6.2832,0.1000,0.0526,1788738072.997
37.422,8.4051,4.9606,-6.2821,0.1000,0.0526,1788738073.017
37.442,8.4071,4.9606,-6.2811,0.1000,0.0526,1788738073.037
37.462,8.4091,4.9606,-6.2800,0.1000,0.0526,1788738073.057
37.482,8.4111,4.9606,-6.2789,0.1000,0.0526,1788738073.077
37.502,8.4131,4.9606,-6.2789,0.1000,0.0000,1788738073.097
37.522,8.4151,4.9606,-6.2789,0.1000,0.0000,1788738073.117
37.543,8.4171,4.9606,-6.2789,0.1000,0.0000,1788738073.137
37.562,8.4191,4.9606,-6.2789,0.1000,0.0000,1788738073.157
37.582,8.4211,4.9606,-6.2789,0.1000,0.0000,1788738073.177
37.602,8.4231,4.9606,-6.2789,0.1000,0.0000,1788738073.197
37.622,8.4251,4.9606,-6.2789,0.1000,0.0000,1788738073.217
37.642,8.4271,4.9606,-6.2789,0.1000,0.0000,1788738073.237
37.662,8.4291,4.9606,-6.2789,0.1000,0.0000,1788738073.257
37.682,8.4311,4.9607,-6.2789,0.1000,0.0000,1788738073.277
37.702,8.4331,4.9607,-6.2789,0.1000,0.0000,1788738073.297
37.722,8.4351,4.9607,-6.2789,0.1000,0.0000,1788738073.317
37.742,8.4371,4.9607,-6.2789,0.1000,0.0000,1788738073.337
37.762,8.4391,4.9607,-6.2789,0.1000,0.0000,1788738073.357
37.782,8.4411,4.9607,-6.2789,0.1000,0.0000,1788738073.377
37.802,8.4431,4.9607,-6.2789,0.1000,0.0000,1788738073.397
37.822,8.4451,4.9607,-6.2789,0.1000,0.0000,1788738073.417
37.842,8.4471,4.9607,-6.2789,0.1000,0.0000,1788738073.437
37.862,8.4491,4.9607,-6.2789,0.1000,0.0000,1788738073.457
37.882,8.4511,4.9607,-6.2789,0.1000,0.0000,1788738073.477
37.902,8.4531,4.9607,-6.2789,0.1000,0.0000,1788738073.497
37.922,8.4551,4.9608,-6.2789,0.1000,0.0000,1788738073.517
37.942,8.4571,4.9608,-6.2789,0.1000,0.0000,1788738073.537
37.962,8.4591,4.9608,-6.2789,0.1000,0.0000,1788738073.557
37.982,8.4611,4.9608,-6.2789,0.1000,0.0000,1788738073.577
38.002,8.4631,4.9608,-6.2789,0.1000,0.0000,1788738073.597
38.022,8.4651,4.9608,-6.2789,0.1000,0.0000,1788738073.617
38.042,8.4671,4.9608,-6.2789,0.1000,0.0000,1788738073.637
38.062,8.4691,4.9608,-6.2789,0.1000,0.0000,1788738073.657
38.082,8.4711,4.9608,-6.2789,0.1000,0.0000,1788738073.677
38.102,8.4731,4.9608,-6.2789,0.1000,0.0000,1788738073.697
38.122,8.4751,4.9608,-6.2789,0.1000,0.0000,1788738073.717
38.142,8.4771,4.9609,-6.2789,0.1000,0.0000,1788738073.737
38.162,8.4791,4.9609,-6.2789,0.1000,0.0000,1788738073.757
38.182,8.4811,4.9609,-6.2789,0.1000,0.0000,1788738073.777
38.202,8.4831,4.9609,-6.2789,0.1000,0.0000,1788738073.797
38.222,8.4851,4.9609,-6.2789,0.1000,0.0000,1788738073.817
38.242,8.4871,4.9609,-6.2789,0.1000,0.0000,1788738073.837
38.262,8.4891,4.9609,-6.2789,0.1000,0.0000,1788738073.857
38.282,8.4911,4.9609,-6.2789,0.1000,0.0000,1788738073.877
38.302,8.4931,4.9609,-6.2789,0.1000,0.0000,1788738073.897
38.322,8.4951,4.9609,-6.2789,0.1000,0.0000,1788738073.917
38.342,8.4971,4.9609,-6.2789,0.1000,0.0000,1788738073.937
38.362,8.4991,4.9609,-6.2789,0.1000,0.0000,1788738073.957
38.382,8.5011,4.9610,-6.2789,0.1000,0.0000,1788738073.977
38.402,8.5031,4.9610,-6.2789,0.1000,0.0000,1788738073.997
38.422,8.5051,4.9610,-6.2789,0.1000,0.0000,1788738074.017
38.442,8.5071,4.9610,-6.2789,0.1000,0.0000,1788738074.037
38.462,8.5091,4.9610,-6.2789,0.1000,0.0000,1788738074.057
38.482,8.5111,4.9610,-6.2789,0.1000,0.0000,1788738074.077
38.502,8.5137,4.9610,-6.2779,0.1316,0.0526,1788738074.097
38.522,8.5163,4.9610,-6.2768,0.1316,0.0526,1788738074.117
38.542,8.5190,4.9610,-6.2758,0.1316,0.0526,1788738074.137
38.562,8.5216,4.9611,-6.2747,0.1316,0.0526,1788738074.157
38.582,8.5242,4.9611,-6.2737,0.1316,0.0526,1788738074.177
38.602,8.5266,4.9611,-6.2726,0.1158,0.0526,1788738074.197
38.622,8.5289,4.9611,-6.2716,0.1158,0.0526,1788738074.217
38.642,8.5312,4.9612,-6.2705,0.1158,0.0526,1788738074.237
38.662,8.5335,4.9612,-6.2695,0.1158,0.0526,1788738074.257
38.682,8.5358,4.9612,-6.2684,0.1158,0.0526,1788738074.277
38.702,8.5381,4.9613,-6.2674,0.1158,0.0526,1788738074.297
38.722,8.5404,4.9613,-6.2663,0.1158,0.0526,1788738074.317
38.742,8.5428,4.9614,-6.2653,0.1158,0.0526,1788738074.337
38.762,8.5451,4.9614,-6.2642,0.1158,0.0526,1788738074.357
38.783,8.5474,4.9614,-6.2632,0.1158,0.0526,1788738074.377
38.802,8.5497,4.9615,-6.2621,0.1158,0.0526,1788738074.397
38.822,8.5520,4.9615,-6.2611,0.1158,0.0526,1788738074.417
38.842,8.5543,4.9616,-6.2600,0.1158,0.0526,1788738074.437
38.862,8.5567,4.9617,-6.2589,0.1158,0.0526,1788738074.457
38.882,8.5590,4.9617,-6.2579,0.1158,0.0526,1788738074.477
38.902,8.5590,4.9617,-6.2579,0.0000,0.0000,1788738074.497
38.922,8.5590,4.9617,-6.2579,0.0000,0.0000,1788738074.517
38.942,8.5590,4.9617,-6.2579,0.0000,0.0000,1788738074.537
38.962,8.5590,4.9617,-6.2579,0.0000,0.0000,1788738074.557
38.982,8.5590,4.9617,-6.2579,0.0000,0.0000,1788738074.577
39.002,8.5590,4.9617,-6.2579,0.0000,0.0000,1788738074.597
