t,x,y,yaw,v,w,t_abs
0.022,1.2000,5.0000,0.0000,0.0000,0.0000,1788739626.417
0.042,1.2000,5.0000,0.0000,0.0000,0.0000,1788739626.437
0.062,1.2000,5.0000,0.0000,0.0000,0.0000,1788739626.457
0.082,1.2000,5.0000,0.0000,0.0000,0.0000,1788739626.477
0.103,1.2000,5.0000,0.0000,0.0000,0.0000,1788739626.497
0.122,1.2000,5.0000,0.0000,0.0000,0.0000,1788739626.517
0.142,1.2000,5.0000,0.0000,0.0000,0.0000,1788739626.537
0.162,1.2000,5.0000,0.0000,0.0000,0.0000,1788739626.557
0.182,1.2000,5.0000,0.0000,0.0000,0.0000,1788739626.577
0.202,1.2000,5.0000,0.0000,0.0000,0.0000,1788739626.597
0.222,1.2000,5.0000,0.0000,0.0000,0.0000,1788739626.617
0.242,1.2000,5.0000,0.0000,0.0000,0.0000,1788739626.637
0.262,1.2000,5.0000,0.0000,0.0000,0.0000,1788739626.657
0.282,1.2000,5.0000,0.0000,0.0000,0.0000,1788739626.677
0.302,1.2000,5.0000,0.0000,0.0000,0.0000,1788739626.697
0.322,1.2000,5.0000,0.0000,0.0000,0.0000,1788739626.717
0.342,1.2000,5.0000,0.0000,0.0000,0.0000,1788739626.737
0.362,1.2000,5.0000,0.0000,0.0000,0.0000,1788739626.757
0.382,1.2000,5.0000,0.0000,0.0000,0.0000,1788739626.777
0.403,1.2000,5.0000,0.0000,0.0000,0.0000,1788739626.797
0.422,1.2000,5.0000,0.0000,0.0000,0.0000,1788739626.817
0.443,1.2000,5.0000,0.0000,0.0000,0.0000,1788739626.837
0.462,1.2000,5.0000,0.0000,0.0000,0.0000,1788739626.857
0.482,1.2000,5.0000,0.0000,0.0000,0.0000,1788739626.877
0.502,1.2000,5.0000,0.0000,0.0000,0.0000,1788739626.897
0.522,1.2000,5.0000,0.0000,0.0000,0.0000,1788739626.917
0.542,1.2000,5.0000,0.0000,0.0000,0.0000,1788739626.937
0.562,1.2000,5.0000,0.0000,0.0000,0.0000,1788739626.957
0.582,1.2000,5.0000,0.0000,0.0000,0.0000,1788739626.977
0.602,1.2000,5.0000,0.0000,0.0000,0.0000,1788739626.997
0.622,1.2000,5.0000,0.0000,0.0000,0.0000,1788739627.017
0.642,1.2000,5.0000,0.0000,0.0000,0.0000,1788739627.037
0.662,1.2000,5.0000,0.0000,0.0000,0.0000,1788739627.057
0.682,1.2000,5.0000,0.0000,0.0000,0.0000,1788739627.077
0.703,1.2000,5.0000,0.0000,0.0000,0.0000,1788739627.097
0.722,1.2000,5.0000,0.0000,0.0000,0.0000,1788739627.117
0.742,1.2000,5.0000,0.0000,0.0000,0.0000,1788739627.137
0.763,1.2000,5.0000,0.0000,0.0000,0.0000,1788739627.157
0.782,1.2000,5.0000,0.0000,0.0000,0.0000,1788739627.177
0.802,1.2000,5.0000,0.0000,0.0000,0.0000,1788739627.197
0.822,1.2000,5.0000,0.0000,0.0000,0.0000,1788739627.217
0.842,1.2000,5.0000,0.0000,0.0000,0.0000,1788739627.237
0.862,1.2000,5.0000,0.0000,0.0000,0.0000,1788739627.257
0.882,1.2000,5.0000,0.0000,0.0000,0.0000,1788739627.277
0.902,1.2000,5.0000,0.0000,0.0000,0.0000,1788739627.297
0.922,1.2000,5.0000,0.0000,0.0000,0.0000,1788739627.317
0.942,1.2000,5.0000,0.0000,0.0000,0.0000,1788739627.337
0.962,1.2000,5.0000,0.0000,0.0000,0.0000,1788739627.357
0.982,1.2000,5.0000,0.0000,0.0000,0.0000,1788739627.377
1.002,1.2000,5.0000,0.0000,0.0000,0.0000,1788739627.397
1.022,1.2000,5.0000,0.0000,0.0000,0.0000,1788739627.417
1.042,1.2000,5.0000,0.0000,0.0000,0.0000,1788739627.437
1.062,1.2000,5.0000,0.0000,0.0000,0.0000,1788739627.457
1.082,1.2000,5.0000,0.0000,0.0000,0.0000,1788739627.477
1.102,1.2000,5.0000,0.0000,0.0000,0.0000,1788739627.497
1.122,1.2000,5.0000,0.0000,0.0000,0.0000,1788739627.517
1.142,1.2000,5.0000,0.0000,0.0000,0.0000,1788739627.537
1.163,1.2000,5.0000,0.0000,0.0000,0.0000,1788739627.557
1.183,1.2000,5.0000,0.0000,0.0000,0.0000,1788739627.577
1.202,1.2000,5.0000,0.0000,0.0000,0.0000,1788739627.597
1.222,1.2000,5.0000,0.0000,0.0000,0.0000,1788739627.617
1.242,1.2000,5.0000,0.0000,0.0000,0.0000,1788739627.637
1.262,1.2000,5.0000,0.0000,0.0000,0.0000,1788739627.657
1.282,1.2000,5.0000,0.0000,0.0000,0.0000,1788739627.677
1.302,1.2000,5.0000,0.0000,0.0000,0.0000,1788739627.697
1.323,1.2000,5.0000,0.0000,0.0000,0.0000,1788739627.717
1.342,1.2000,5.0000,0.0000,0.0000,0.0000,1788739627.737
1.362,1.2000,5.0000,0.0000,0.0000,0.0000,1788739627.757
1.382,1.2000,5.0000,0.0000,0.0000,0.0000,1788739627.777
1.402,1.2000,5.0000,0.0000,0.0000,0.0000,1788739627.797
1.422,1.2000,5.0000,0.0000,0.0000,0.0000,1788739627.817
1.442,1.2000,5.0000,0.0000,0.0000,0.0000,1788739627.837
1.462,1.2000,5.0000,0.0000,0.0000,0.0000,1788739627.857
1.482,1.2000,5.0000,0.0000,0.0000,0.0000,1788739627.877
1.502,1.2000,5.0000,0.0000,0.0000,0.0000,1788739627.897
1.522,1.2000,5.0000,0.0000,0.0000,0.0000,1788739627.917
1.542,1.2000,5.0000,0.0000,0.0000,0.0000,1788739627.937
1.562,1.2000,5.0000,0.0000,0.0000,0.0000,1788739627.957
1.582,1.2000,5.0000,0.0000,0.0000,0.0000,1788739627.977
1.602,1.2000,5.0000,0.0000,0.0000,0.0000,1788739627.997
1.622,1.2000,5.0000,0.0000,0.0000,0.0000,1788739628.017
1.642,1.2000,5.0000,0.0000,0.0000,0.0000,1788739628.037
1.662,1.2000,5.0000,0.0000,0.0000,0.0000,1788739628.057
1.682,1.2000,5.0000,0.0000,0.0000,0.0000,1788739628.077
1.702,1.2000,5.0000,0.0000,0.0000,0.0000,1788739628.097
1.722,1.2000,5.0000,0.0000,0.0000,0.0000,1788739628.117
1.742,1.2000,5.0000,0.0000,0.0000,0.0000,1788739628.137
1.762,1.2000,5.0000,0.0000,0.0000,0.0000,1788739628.157
1.782,1.2000,5.0000,0.0000,0.0000,0.0000,1788739628.177
1.802,1.2000,5.0000,0.0000,0.0000,0.0000,1788739628.197
1.822,1.2000,5.0000,0.0000,0.0000,0.0000,1788739628.217
1.842,1.2000,5.0000,0.0000,0.0000,0.0000,1788739628.237
1.862,1.2000,5.0000,0.0000,0.0000,0.0000,1788739628.257
1.882,1.2000,5.0000,0.0000,0.0000,0.0000,1788739628.277
1.902,1.2000,5.0000,0.0000,0.0000,0.0000,1788739628.297
1.922,1.2000,5.0000,0.0000,0.0000,0.0000,1788739628.317
1.942,1.2000,5.0000,0.0000,0.0000,0.0000,1788739628.337
1.962,1.2000,5.0000,0.0000,0.0000,0.0000,1788739628.357
1.982,1.2000,5.0000,0.0000,0.0000,0.0000,1788739628.377
2.002,1.2000,5.0000,0.0000,0.0000,0.0000,1788739628.397
2.022,1.2000,5.0000,0.0000,0.0000,0.0000,1788739628.417
2.042,1.2000,5.0000,0.0000,0.0000,0.0000,1788739628.437
2.062,1.2000,5.0000,0.0000,0.0000,0.0000,1788739628.457
2.083,1.2000,5.0000,0.0000,0.0000,0.0000,1788739628.477
2.103,1.2000,5.0000,0.0000,0.0000,0.0000,1788739628.497
2.122,1.2000,5.0000,0.0000,0.0000,0.0000,1788739628.517
2.142,1.2000,5.0000,0.0000,0.0000,0.0000,1788739628.537
2.162,1.2000,5.0000,0.0000,0.0000,0.0000,1788739628.557
2.182,1.2000,5.0000,0.0000,0.0000,0.0000,1788739628.577
2.202,1.2000,5.0000,0.0000,0.0000,0.0000,1788739628.597
2.222,1.2000,5.0000,0.0000,0.0000,0.0000,1788739628.617
2.242,1.2000,5.0000,0.0000,0.0000,0.0000,1788739628.637
2.262,1.2000,5.0000,0.0000,0.0000,0.0000,1788739628.657
2.282,1.2000,5.0000,0.0000,0.0000,0.0000,1788739628.677
2.302,1.2000,5.0000,0.0000,0.0000,0.0000,1788739628.697
2.322,1.2000,5.0000,0.0000,0.0000,0.0000,1788739628.717
2.342,1.2000,5.0000,0.0000,0.0000,0.0000,1788739628.737
2.363,1.2000,5.0000,0.0000,0.0000,0.0000,1788739628.757
2.383,1.2000,5.0000,0.0000,0.0000,0.0000,1788739628.777
2.402,1.2000,5.0000,0.0000,0.0000,0.0000,1788739628.797
2.422,1.2000,5.0000,0.0000,0.0000,0.0000,1788739628.817
2.442,1.2000,5.0000,0.0000,0.0000,0.0000,1788739628.837
2.462,1.2000,5.0000,0.0000,0.0000,0.0000,1788739628.857
2.482,1.2000,5.0000,0.0000,0.0000,0.0000,1788739628.877
2.502,1.2000,5.0000,0.0000,0.0000,0.0000,1788739628.897
2.522,1.2000,5.0000,0.0000,0.0000,0.0000,1788739628.917
2.543,1.2000,5.0000,0.0000,0.0000,0.0000,1788739628.937
2.563,1.2000,5.0000,0.0000,0.0000,0.0000,1788739628.957
2.582,1.2000,5.0000,0.0000,0.0000,0.0000,1788739628.977
2.602,1.2000,5.0000,0.0000,0.0000,0.0000,1788739628.997
2.622,1.2000,5.0000,0.0000,0.0000,0.0000,1788739629.017
2.642,1.2000,5.0000,0.0000,0.0000,0.0000,1788739629.037
2.662,1.2000,5.0000,0.0000,0.0000,0.0000,1788739629.057
2.682,1.2000,5.0000,0.0000,0.0000,0.0000,1788739629.077
2.702,1.2000,5.0000,0.0000,0.0000,0.0000,1788739629.097
2.722,1.2000,5.0000,0.0000,0.0000,0.0000,1788739629.117
2.742,1.2000,5.0000,0.0000,0.0000,0.0000,1788739629.137
2.762,1.2000,5.0000,0.0000,0.0000,0.0000,1788739629.157
2.782,1.2000,5.0000,0.0000,0.0000,0.0000,1788739629.177
2.802,1.2000,5.0000,0.0000,0.0000,0.0000,1788739629.197
2.822,1.2000,5.0000,0.0000,0.0000,0.0000,1788739629.217
2.842,1.2000,5.0000,0.0000,0.0000,0.0000,1788739629.237
2.862,1.2000,5.0000,0.0000,0.0000,0.0000,1788739629.257
2.882,1.2000,5.0000,0.0000,0.0000,0.0000,1788739629.277
2.902,1.2000,5.0000,0.0000,0.0000,0.0000,1788739629.297
2.922,1.2000,5.0000,0.0000,0.0000,0.0000,1788739629.317
2.942,1.2000,5.0000,0.0000,0.0000,0.0000,1788739629.337
2.962,1.2000,5.0000,0.0000,0.0000,0.0000,1788739629.357
2.982,1.2000,5.0000,0.0000,0.0000,0.0000,1788739629.377
3.002,1.2000,5.0000,0.0000,0.0000,0.0000,1788739629.397
3.022,1.2000,5.0000,0.0000,0.0000,0.0000,1788739629.417
3.042,1.2000,5.0000,0.0000,0.0000,0.0000,1788739629.437
3.062,1.2000,5.0000,0.0000,0.0000,0.0000,1788739629.457
3.082,1.2000,5.0000,0.0000,0.0000,0.0000,1788739629.477
3.102,1.2000,5.0000,0.0000,0.0000,0.0000,1788739629.497
3.122,1.2000,5.0000,0.0000,0.0000,0.0000,1788739629.517
3.142,1.2000,5.0000,0.0000,0.0000,0.0000,1788739629.537
3.162,1.2000,5.0000,0.0000,0.0000,0.0000,1788739629.557
3.182,1.2000,5.0000,0.0000,0.0000,0.0000,1788739629.577
3.202,1.2000,5.0000,0.0000,0.0000,0.0000,1788739629.597
3.222,1.2000,5.0000,0.0000,0.0000,0.0000,1788739629.617
3.242,1.2000,5.0000,0.0000,0.0000,0.0000,1788739629.637
3.262,1.2000,5.0000,0.0000,0.0000,0.0000,1788739629.657
3.282,1.2000,5.0000,0.0000,0.0000,0.0000,1788739629.677
3.302,1.2000,5.0000,0.0000,0.0000,0.0000,1788739629.697
3.322,1.2000,5.0000,0.0000,0.0000,0.0000,1788739629.717
3.342,1.2000,5.0000,0.0000,0.0000,0.0000,1788739629.737
3.362,1.2000,5.0000,0.0000,0.0000,0.0000,1788739629.757
3.382,1.2000,5.0000,0.0000,0.0000,0.0000,1788739629.777
3.403,1.2000,5.0000,0.0000,0.0000,0.0000,1788739629.797
3.422,1.2000,5.0000,0.0000,0.0000,0.0000,1788739629.817
3.442,1.2000,5.0000,0.0000,0.0000,0.0000,1788739629.837
3.462,1.2000,5.0000,0.0000,0.0000,0.0000,1788739629.857
3.482,1.2000,5.0000,0.0000,0.0000,0.0000,1788739629.877
3.502,1.2000,5.0000,0.0000,0.0000,0.0000,1788739629.897
3.522,1.2000,5.0000,0.0000,0.0000,0.0000,1788739629.917
3.542,1.2000,5.0000,0.0000,0.0000,0.0000,1788739629.937
3.562,1.2000,5.0000,0.0000,0.0000,0.0000,1788739629.957
3.582,1.2000,5.0000,0.0000,0.0000,0.0000,1788739629.977
3.602,1.2000,5.0000,0.0000,0.0000,0.0000,1788739629.997
3.622,1.2000,5.0000,0.0000,0.0000,0.0000,1788739630.017
3.642,1.2000,5.0000,0.0000,0.0000,0.0000,1788739630.037
3.662,1.2000,5.0000,0.0000,0.0000,0.0000,1788739630.057
3.682,1.2000,5.0000,0.0000,0.0000,0.0000,1788739630.077
3.702,1.2000,5.0000,0.0000,0.0000,0.0000,1788739630.097
3.722,1.2000,5.0000,0.0000,0.0000,0.0000,1788739630.117
3.742,1.2000,5.0000,0.0000,0.0000,0.0000,1788739630.137
3.762,1.2000,5.0000,0.0000,0.0000,0.0000,1788739630.157
3.782,1.2000,5.0000,0.0000,0.0000,0.0000,1788739630.177
3.802,1.2000,5.0000,0.0000,0.0000,0.0000,1788739630.197
3.822,1.2000,5.0000,0.0000,0.0000,0.0000,1788739630.217
3.842,1.2000,5.0000,0.0000,0.0000,0.0000,1788739630.237
3.863,1.2000,5.0000,0.0000,0.0000,0.0000,1788739630.257
3.882,1.2000,5.0000,0.0000,0.0000,0.0000,1788739630.277
3.903,1.2000,5.0000,0.0000,0.0000,0.0000,1788739630.297
3.922,1.2000,5.0000,0.0000,0.0000,0.0000,1788739630.317
3.942,1.2000,5.0000,0.0000,0.0000,0.0000,1788739630.337
3.962,1.2000,5.0000,0.0000,0.0000,0.0000,1788739630.357
3.982,1.2000,5.0000,0.0000,0.0000,0.0000,1788739630.377
4.002,1.2000,5.0000,0.0000,0.0000,0.0000,1788739630.397
4.022,1.2000,5.0000,0.0000,0.0000,0.0000,1788739630.417
4.042,1.2000,5.0000,0.0000,0.0000,0.0000,1788739630.437
4.062,1.2000,5.0000,0.0000,0.0000,0.0000,1788739630.457
4.083,1.2000,5.0000,0.0000,0.0000,0.0000,1788739630.477
4.102,1.2000,5.0000,0.0000,0.0000,0.0000,1788739630.497
4.122,1.2000,5.0000,0.0000,0.0000,0.0000,1788739630.517
4.142,1.2000,5.0000,0.0000,0.0000,0.0000,1788739630.537
4.162,1.2000,5.0000,0.0000,0.0000,0.0000,1788739630.557
4.182,1.2000,5.0000,0.0000,0.0000,0.0000,1788739630.577
4.202,1.2000,5.0000,0.0000,0.0000,0.0000,1788739630.597
4.222,1.2000,5.0000,0.0000,0.0000,0.0000,1788739630.617
4.242,1.2000,5.0000,0.0000,0.0000,0.0000,1788739630.637
4.262,1.2000,5.0000,0.0000,0.0000,0.0000,1788739630.657
4.282,1.2000,5.0000,0.0000,0.0000,0.0000,1788739630.677
4.302,1.2000,5.0000,0.0000,0.0000,0.0000,1788739630.697
4.323,1.2000,5.0000,0.0000,0.0000,0.0000,1788739630.717
4.342,1.2000,5.0000,0.0000,0.0000,0.0000,1788739630.737
4.362,1.2000,5.0000,0.0000,0.0000,0.0000,1788739630.757
4.382,1.2000,5.0000,0.0000,0.0000,0.0000,1788739630.777
4.402,1.2000,5.0000,0.0000,0.0000,0.0000,1788739630.797
4.422,1.2000,5.0000,0.0000,0.0000,0.0000,1788739630.817
4.442,1.2000,5.0000,0.0000,0.0000,0.0000,1788739630.837
4.462,1.2000,5.0000,0.0000,0.0000,0.0000,1788739630.857
4.483,1.2000,5.0000,0.0000,0.0000,0.0000,1788739630.877
4.502,1.2000,5.0000,0.0000,0.0000,0.0000,1788739630.897
4.522,1.2000,5.0000,0.0000,0.0000,0.0000,1788739630.917
4.542,1.2000,5.0000,0.0000,0.0000,0.0000,1788739630.937
4.562,1.2000,5.0000,0.0000,0.0000,0.0000,1788739630.957
4.583,1.2000,5.0000,0.0000,0.0000,0.0000,1788739630.977
4.602,1.2000,5.0000,0.0000,0.0000,0.0000,1788739630.997
4.622,1.2000,5.0000,0.0000,0.0000,0.0000,1788739631.017
4.642,1.2000,5.0000,0.0000,0.0000,0.0000,1788739631.037
4.662,1.2000,5.0000,0.0000,0.0000,0.0000,1788739631.057
4.682,1.2000,5.0000,0.0000,0.0000,0.0000,1788739631.077
4.702,1.2000,5.0000,0.0000,0.0000,0.0000,1788739631.097
4.722,1.2000,5.0000,0.0000,0.0000,0.0000,1788739631.117
4.742,1.2000,5.0000,0.0000,0.0000,0.0000,1788739631.137
4.762,1.2000,5.0000,0.0000,0.0000,0.0000,1788739631.157
4.782,1.2000,5.0000,0.0000,0.0000,0.0000,1788739631.177
4.803,1.2000,5.0000,0.0000,0.0000,0.0000,1788739631.197
4.822,1.2000,5.0000,0.0000,0.0000,0.0000,1788739631.217
4.842,1.2000,5.0000,0.0000,0.0000,0.0000,1788739631.237
4.862,1.2000,5.0000,0.0000,0.0000,0.0000,1788739631.257
4.882,1.2000,5.0000,0.0000,0.0000,0.0000,1788739631.277
4.902,1.2000,5.0000,0.0000,0.0000,0.0000,1788739631.297
4.922,1.2000,5.0000,0.0000,0.0000,0.0000,1788739631.317
4.942,1.2000,5.0000,0.0000,0.0000,0.0000,1788739631.337
4.962,1.2000,5.0000,0.0000,0.0000,0.0000,1788739631.357
4.982,1.2000,5.0000,0.0000,0.0000,0.0000,1788739631.377
5.002,1.2000,5.0000,0.0000,0.0000,0.0000,1788739631.397
5.022,1.2000,5.0000,0.0000,0.0000,0.0000,1788739631.417
5.042,1.2000,5.0000,0.0000,0.0000,0.0000,1788739631.437
5.062,1.2000,5.0000,0.0000,0.0000,0.0000,1788739631.457
5.083,1.2000,5.0000,0.0000,0.0000,0.0000,1788739631.477
5.102,1.2000,5.0000,0.0000,0.0000,0.0000,1788739631.497
5.122,1.2000,5.0000,0.0000,0.0000,0.0000,1788739631.517
5.142,1.2000,5.0000,0.0000,0.0000,0.0000,1788739631.537
5.163,1.2000,5.0000,0.0000,0.0000,0.0000,1788739631.557
5.182,1.2000,5.0000,0.0000,0.0000,0.0000,1788739631.577
5.202,1.2000,5.0000,0.0000,0.0000,0.0000,1788739631.597
5.222,1.2000,5.0000,0.0000,0.0000,0.0000,1788739631.617
5.242,1.2000,5.0000,0.0000,0.0000,0.0000,1788739631.637
5.262,1.2000,5.0000,0.0000,0.0000,0.0000,1788739631.657
5.282,1.2000,5.0000,0.0000,0.0000,0.0000,1788739631.677
5.302,1.2000,5.0000,0.0000,0.0000,0.0000,1788739631.697
5.323,1.2000,5.0000,0.0000,0.0000,0.0000,1788739631.717
5.342,1.2000,5.0000,0.0000,0.0000,0.0000,1788739631.737
5.362,1.2000,5.0000,0.0000,0.0000,0.0000,1788739631.757
5.383,1.2000,5.0000,0.0000,0.0000,0.0000,1788739631.777
5.402,1.2000,5.0000,0.0000,0.0000,0.0000,1788739631.797
5.422,1.2000,5.0000,0.0000,0.0000,0.0000,1788739631.817
5.442,1.2000,5.0000,0.0000,0.0000,0.0000,1788739631.837
5.462,1.2000,5.0000,0.0000,0.0000,0.0000,1788739631.857
5.482,1.2000,5.0000,0.0000,0.0000,0.0000,1788739631.877
5.502,1.2000,5.0000,0.0000,0.0000,0.0000,1788739631.897
5.523,1.2000,5.0000,0.0000,0.0000,0.0000,1788739631.917
5.542,1.2000,5.0000,0.0000,0.0000,0.0000,1788739631.937
5.563,1.2000,5.0000,0.0000,0.0000,0.0000,1788739631.957
5.583,1.2000,5.0000,0.0000,0.0000,0.0000,1788739631.977
5.602,1.2000,5.0000,0.0000,0.0000,0.0000,1788739631.997
5.622,1.2000,5.0000,0.0000,0.0000,0.0000,1788739632.017
5.642,1.2000,5.0000,0.0000,0.0000,0.0000,1788739632.037
5.662,1.2000,5.0000,0.0000,0.0000,0.0000,1788739632.057
5.682,1.2000,5.0000,0.0000,0.0000,0.0000,1788739632.077
5.702,1.2000,5.0000,0.0000,0.0000,0.0000,1788739632.097
5.722,1.2000,5.0000,0.0000,0.0000,0.0000,1788739632.117
5.742,1.2000,5.0000,0.0000,0.0000,0.0000,1788739632.137
5.762,1.2000,5.0000,0.0000,0.0000,0.0000,1788739632.157
5.782,1.2000,5.0000,0.0000,0.0000,0.0000,1788739632.177
5.802,1.2000,5.0000,0.0000,0.0000,0.0000,1788739632.197
5.822,1.2000,5.0000,0.0000,0.0000,0.0000,1788739632.217
5.842,1.2000,5.0000,0.0000,0.0000,0.0000,1788739632.237
5.862,1.2000,5.0000,0.0000,0.0000,0.0000,1788739632.257
5.883,1.2000,5.0000,0.0000,0.0000,0.0000,1788739632.277
5.902,1.2000,5.0000,0.0000,0.0000,0.0000,1788739632.297
5.922,1.2000,5.0000,0.0000,0.0000,0.0000,1788739632.317
5.942,1.2000,5.0000,0.0000,0.0000,0.0000,1788739632.337
5.963,1.2000,5.0000,0.0000,0.0000,0.0000,1788739632.357
5.982,1.2000,5.0000,0.0000,0.0000,0.0000,1788739632.377
6.002,1.2000,5.0000,0.0000,0.0000,0.0000,1788739632.397
6.022,1.2000,5.0000,0.0000,0.0000,0.0000,1788739632.417
6.043,1.2000,5.0000,0.0000,0.0000,0.0000,1788739632.437
6.062,1.2000,5.0000,0.0000,0.0000,0.0000,1788739632.457
6.082,1.2000,5.0000,0.0000,0.0000,0.0000,1788739632.477
6.102,1.2000,5.0000,0.0000,0.0000,0.0000,1788739632.497
6.122,1.2000,5.0000,0.0000,0.0000,0.0000,1788739632.517
6.142,1.2000,5.0000,0.0000,0.0000,0.0000,1788739632.537
6.162,1.2000,5.0000,0.0000,0.0000,0.0000,1788739632.557
6.182,1.2000,5.0000,0.0000,0.0000,0.0000,1788739632.577
6.202,1.2000,5.0000,0.0000,0.0000,0.0000,1788739632.597
6.222,1.2000,5.0000,0.0000,0.0000,0.0000,1788739632.617
6.242,1.2000,5.0000,0.0000,0.0000,0.0000,1788739632.637
6.262,1.2000,5.0000,0.0000,0.0000,0.0000,1788739632.657
6.282,1.2000,5.0000,0.0000,0.0000,0.0000,1788739632.677
6.302,1.2000,5.0000,0.0000,0.0000,0.0000,1788739632.697
6.322,1.2000,5.0000,0.0000,0.0000,0.0000,1788739632.717
6.342,1.2000,5.0000,0.0000,0.0000,0.0000,1788739632.737
6.363,1.2000,5.0000,0.0000,0.0000,0.0000,1788739632.757
6.382,1.2000,5.0000,0.0000,0.0000,0.0000,1788739632.777
6.402,1.2000,5.0000,0.0000,0.0000,0.0000,1788739632.797
6.422,1.2000,5.0000,0.0000,0.0000,0.0000,1788739632.817
6.442,1.2000,5.0000,0.0000,0.0000,0.0000,1788739632.837
6.462,1.2000,5.0000,0.0000,0.0000,0.0000,1788739632.857
6.482,1.2000,5.0000,0.0000,0.0000,0.0000,1788739632.877
6.502,1.2000,5.0000,0.0000,0.0000,0.0000,1788739632.897
6.522,1.2000,5.0000,0.0000,0.0000,0.0000,1788739632.917
6.542,1.2000,5.0000,0.0000,0.0000,0.0000,1788739632.937
6.563,1.2000,5.0000,0.0000,0.0000,0.0000,1788739632.957
6.582,1.2000,5.0000,0.0000,0.0000,0.0000,1788739632.977
6.602,1.2000,5.0000,0.0000,0.0000,0.0000,1788739632.997
6.622,1.2000,5.0000,0.0000,0.0000,0.0000,1788739633.017
6.642,1.2000,5.0000,0.0000,0.0000,0.0000,1788739633.037
6.662,1.2000,5.0000,0.0000,0.0000,0.0000,1788739633.057
6.682,1.2000,5.0000,0.0000,0.0000,0.0000,1788739633.077
6.702,1.2000,5.0000,0.0000,0.0000,0.0000,1788739633.097
6.722,1.2000,5.0000,0.0000,0.0000,0.0000,1788739633.117
6.742,1.2000,5.0000,0.0000,0.0000,0.0000,1788739633.137
6.762,1.2000,5.0000,0.0000,0.0000,0.0000,1788739633.157
6.782,1.2000,5.0000,0.0000,0.0000,0.0000,1788739633.177
6.802,1.2000,5.0000,0.0000,0.0000,0.0000,1788739633.197
6.822,1.2000,5.0000,0.0000,0.0000,0.0000,1788739633.217
6.843,1.2000,5.0000,0.0000,0.0000,0.0000,1788739633.237
6.862,1.2000,5.0000,0.0000,0.0000,0.0000,1788739633.257
6.882,1.2000,5.0000,0.0000,0.0000,0.0000,1788739633.277
6.903,1.2000,5.0000,0.0000,0.0000,0.0000,1788739633.297
6.922,1.2000,5.0000,0.0000,0.0000,0.0000,1788739633.317
6.942,1.2000,5.0000,0.0000,0.0000,0.0000,1788739633.337
6.962,1.2000,5.0000,0.0000,0.0000,0.0000,1788739633.357
6.982,1.2000,5.0000,0.0000,0.0000,0.0000,1788739633.377
7.002,1.2000,5.0000,0.0000,0.0000,0.0000,1788739633.397
7.022,1.2000,5.0000,0.0000,0.0000,0.0000,1788739633.417
7.042,1.2000,5.0000,0.0000,0.0000,0.0000,1788739633.437
7.062,1.2000,5.0000,0.0000,0.0000,0.0000,1788739633.457
7.082,1.2000,5.0000,0.0000,0.0000,0.0000,1788739633.477
7.102,1.2000,5.0000,0.0000,0.0000,0.0000,1788739633.497
7.122,1.2000,5.0000,0.0000,0.0000,0.0000,1788739633.517
7.142,1.2000,5.0000,0.0000,0.0000,0.0000,1788739633.537
7.162,1.2000,5.0000,0.0000,0.0000,0.0000,1788739633.557
7.182,1.2000,5.0000,0.0000,0.0000,0.0000,1788739633.577
7.202,1.2000,5.0000,0.0000,0.0000,0.0000,1788739633.597
7.222,1.2000,5.0000,0.0000,0.0000,0.0000,1788739633.617
7.242,1.2000,5.0000,0.0000,0.0000,0.0000,1788739633.637
7.262,1.2000,5.0000,0.0000,0.0000,0.0000,1788739633.657
7.282,1.2000,5.0000,0.0000,0.0000,0.0000,1788739633.677
7.302,1.2000,5.0000,0.0000,0.0000,0.0000,1788739633.697
7.322,1.2000,5.0000,0.0000,0.0000,0.0000,1788739633.717
7.342,1.2000,5.0000,0.0000,0.0000,0.0000,1788739633.737
7.362,1.2000,5.0000,0.0000,0.0000,0.0000,1788739633.757
7.382,1.2000,5.0000,0.0000,0.0000,0.0000,1788739633.777
7.402,1.2000,5.0000,0.0000,0.0000,0.0000,1788739633.797
7.423,1.2000,5.0000,0.0000,0.0000,0.0000,1788739633.817
7.442,1.2000,5.0000,0.0000,0.0000,0.0000,1788739633.837
7.462,1.2000,5.0000,0.0000,0.0000,0.0000,1788739633.857
7.482,1.2000,5.0000,0.0000,0.0000,0.0000,1788739633.877
7.502,1.2000,5.0000,0.0000,0.0000,0.0000,1788739633.897
7.522,1.2000,5.0000,0.0000,0.0000,0.0000,1788739633.917
7.543,1.2000,5.0000,0.0000,0.0000,0.0000,1788739633.937
7.562,1.2000,5.0000,0.0000,0.0000,0.0000,1788739633.957
7.582,1.2000,5.0000,0.0000,0.0000,0.0000,1788739633.977
7.602,1.2000,5.0000,0.0000,0.0000,0.0000,1788739633.997
7.622,1.2000,5.0000,0.0000,0.0000,0.0000,1788739634.017
7.642,1.2000,5.0000,0.0000,0.0000,0.0000,1788739634.037
7.662,1.2000,5.0000,0.0000,0.0000,0.0000,1788739634.057
7.682,1.2000,5.0000,0.0000,0.0000,0.0000,1788739634.077
7.702,1.2000,5.0000,0.0000,0.0000,0.0000,1788739634.097
7.722,1.2000,5.0000,0.0000,0.0000,0.0000,1788739634.117
7.742,1.2000,5.0000,0.0000,0.0000,0.0000,1788739634.137
7.762,1.2000,5.0000,0.0000,0.0000,0.0000,1788739634.157
7.783,1.2000,5.0000,0.0000,0.0000,0.0000,1788739634.177
7.803,1.2000,5.0000,0.0000,0.0000,0.0000,1788739634.197
7.823,1.2000,5.0000,0.0000,0.0000,0.0000,1788739634.217
7.844,1.2000,5.0000,0.0000,0.0000,0.0000,1788739634.238
7.862,1.2000,5.0000,0.0000,0.0000,0.0000,1788739634.257
7.882,1.2000,5.0000,0.0000,0.0000,0.0000,1788739634.277
7.902,1.2000,5.0000,0.0000,0.0000,0.0000,1788739634.297
7.922,1.2000,5.0000,0.0000,0.0000,0.0000,1788739634.317
7.942,1.2000,5.0000,0.0000,0.0000,0.0000,1788739634.337
7.962,1.2000,5.0000,0.0000,0.0000,0.0000,1788739634.357
7.982,1.2000,5.0000,0.0000,0.0000,0.0000,1788739634.377
8.002,1.2000,5.0000,0.0000,0.0000,0.0000,1788739634.397
8.022,1.2000,5.0000,0.0000,0.0000,0.0000,1788739634.417
8.042,1.2000,5.0000,0.0000,0.0000,0.0000,1788739634.437
8.062,1.2000,5.0000,0.0000,0.0000,0.0000,1788739634.457
8.082,1.2000,5.0000,0.0000,0.0000,0.0000,1788739634.477
8.102,1.2000,5.0000,0.0000,0.0000,0.0000,1788739634.497
8.122,1.2000,5.0000,0.0000,0.0000,0.0000,1788739634.517
8.142,1.2000,5.0000,0.0000,0.0000,0.0000,1788739634.537
8.162,1.2000,5.0000,0.0000,0.0000,0.0000,1788739634.557
8.182,1.2000,5.0000,0.0000,0.0000,0.0000,1788739634.577
8.202,1.2000,5.0000,0.0000,0.0000,0.0000,1788739634.597
8.222,1.2000,5.0000,0.0000,0.0000,0.0000,1788739634.617
8.242,1.2000,5.0000,0.0000,0.0000,0.0000,1788739634.637
8.262,1.2000,5.0000,0.0000,0.0000,0.0000,1788739634.657
8.282,1.2000,5.0000,0.0000,0.0000,0.0000,1788739634.677
8.302,1.2000,5.0000,0.0000,0.0000,0.0000,1788739634.697
8.322,1.2000,5.0000,0.0000,0.0000,0.0000,1788739634.717
8.343,1.2000,5.0000,0.0000,0.0000,0.0000,1788739634.737
8.362,1.2080,5.0000,0.0000,0.4000,0.0000,1788739634.757
8.382,1.2160,5.0000,0.0000,0.4000,0.0000,1788739634.777
8.402,1.2240,5.0000,0.0000,0.4000,0.0000,1788739634.797
8.422,1.2320,5.0000,0.0000,0.4000,0.0000,1788739634.817
8.442,1.2397,5.0000,0.0000,0.3842,0.0000,1788739634.837
8.462,1.2474,5.0000,0.0000,0.3842,0.0000,1788739634.857
8.482,1.2551,5.0000,0.0000,0.3842,0.0000,1788739634.877
8.502,1.2627,5.0000,0.0000,0.3842,0.0000,1788739634.897
8.522,1.2704,5.0000,0.0000,0.3842,0.0000,1788739634.917
8.542,1.2784,5.0000,0.0000,0.4000,0.0000,1788739634.937
8.562,1.2864,5.0000,0.0000,0.4000,0.0000,1788739634.957
8.582,1.2944,5.0000,0.0000,0.4000,0.0000,1788739634.977
8.602,1.3024,5.0000,0.0000,0.4000,0.0000,1788739634.997
8.622,1.3104,5.0000,0.0000,0.4000,0.0000,1788739635.017
8.642,1.3184,5.0000,0.0000,0.4000,0.0000,1788739635.037
8.662,1.3264,5.0000,0.0000,0.4000,0.0000,1788739635.057
8.682,1.3344,5.0000,0.0000,0.4000,0.0000,1788739635.077
8.702,1.3424,5.0000,0.0000,0.4000,0.0000,1788739635.097
8.722,1.3504,5.0000,0.0000,0.4000,0.0000,1788739635.117
8.742,1.3584,5.0000,0.0000,0.4000,0.0000,1788739635.137
8.762,1.3664,5.0000,0.0000,0.4000,0.0000,1788739635.157
8.782,1.3744,5.0000,0.0000,0.4000,0.0000,1788739635.177
8.802,1.3824,5.0000,0.0000,0.4000,0.0000,1788739635.197
8.822,1.3904,5.0000,0.0000,0.4000,0.0000,1788739635.217
8.842,1.3981,5.0000,0.0000,0.3842,0.0000,1788739635.237
8.862,1.4058,5.0000,0.0000,0.3842,0.0000,1788739635.257
8.883,1.4135,5.0000,0.0000,0.3842,0.0000,1788739635.277
8.902,1.4212,5.0000,0.0000,0.3842,0.0000,1788739635.297
8.922,1.4288,5.0000,0.0000,0.3842,0.0000,1788739635.317
8.942,1.4368,5.0000,0.0000,0.4000,0.0000,1788739635.337
8.962,1.4448,5.0000,0.0000,0.4000,0.0000,1788739635.357
8.982,1.4528,5.0000,0.0000,0.4000,0.0000,1788739635.377
9.002,1.4608,5.0000,0.0000,0.4000,0.0000,1788739635.397
9.022,1.4688,5.0000,0.0000,0.4000,0.0000,1788739635.417
9.042,1.4768,5.0000,0.0000,0.4000,0.0000,1788739635.437
9.062,1.4848,5.0000,0.0000,0.4000,0.0000,1788739635.457
9.082,1.4928,5.0000,0.0000,0.4000,0.0000,1788739635.477
9.102,1.5008,5.0000,0.0000,0.4000,0.0000,1788739635.497
9.122,1.5088,5.0000,0.0000,0.4000,0.0000,1788739635.517
9.142,1.5168,5.0000,0.0000,0.4000,0.0000,1788739635.537
9.162,1.5248,5.0000,0.0000,0.4000,0.0000,1788739635.557
9.182,1.5328,5.0000,0.0000,0.4000,0.0000,1788739635.577
9.202,1.5408,5.0000,0.0000,0.4000,0.0000,1788739635.597
9.222,1.5488,5.0000,0.0000,0.4000,0.0000,1788739635.617
9.242,1.5565,5.0000,0.0000,0.3842,0.0000,1788739635.637
9.262,1.5642,5.0000,0.0000,0.3842,0.0000,1788739635.657
9.282,1.5719,5.0000,0.0000,0.3842,0.0000,1788739635.677
9.302,1.5796,5.0000,0.0000,0.3842,0.0000,1788739635.697
9.322,1.5873,5.0000,0.0000,0.3842,0.0000,1788739635.717
9.342,1.5949,5.0000,0.0000,0.3842,0.0000,1788739635.737
9.362,1.6026,5.0000,0.0000,0.3842,0.0000,1788739635.757
9.382,1.6103,5.0000,0.0000,0.3842,0.0000,1788739635.777
9.402,1.6180,5.0000,0.0000,0.3842,0.0000,1788739635.797
9.422,1.6257,5.0000,0.0000,0.3842,0.0000,1788739635.817
9.442,1.6337,5.0000,0.0000,0.4000,0.0000,1788739635.837
9.462,1.6417,5.0000,0.0000,0.4000,0.0000,1788739635.857
9.482,1.6497,5.0000,0.0000,0.4000,0.0000,1788739635.877
9.502,1.6577,5.0000,0.0000,0.4000,0.0000,1788739635.897
9.522,1.6657,5.0000,0.0000,0.4000,0.0000,1788739635.917
9.543,1.6737,5.0000,0.0000,0.4000,0.0000,1788739635.937
9.562,1.6817,5.0000,0.0000,0.4000,0.0000,1788739635.957
9.583,1.6897,5.0000,0.0000,0.4000,0.0000,1788739635.977
9.602,1.6977,5.0000,0.0000,0.4000,0.0000,1788739635.997
9.622,1.7057,5.0000,0.0000,0.4000,0.0000,1788739636.017
9.642,1.7137,5.0000,0.0000,0.4000,0.0000,1788739636.037
9.662,1.7217,5.0000,0.0000,0.4000,0.0000,1788739636.057
9.682,1.7297,5.0000,0.0000,0.4000,0.0000,1788739636.077
9.702,1.7377,5.0000,0.0000,0.4000,0.0000,1788739636.097
9.722,1.7457,5.0000,0.0000,0.4000,0.0000,1788739636.117
9.742,1.7534,5.0000,0.0000,0.3842,0.0000,1788739636.137
9.762,1.7611,5.0000,0.0000,0.3842,0.0000,1788739636.157
9.783,1.7687,5.0000,0.0000,0.3842,0.0000,1788739636.177
9.802,1.7764,5.0000,0.0000,0.3842,0.0000,1788739636.197
9.822,1.7841,5.0000,0.0000,0.3842,0.0000,1788739636.217
9.842,1.7918,5.0000,0.0000,0.3842,0.0000,1788739636.237
9.862,1.7995,5.0000,0.0000,0.3842,0.0000,1788739636.257
9.882,1.8072,5.0000,0.0000,0.3842,0.0000,1788739636.277
9.902,1.8148,5.0000,0.0000,0.3842,0.0000,1788739636.297
9.922,1.8225,5.0000,0.0000,0.3842,0.0000,1788739636.317
9.942,1.8305,5.0000,0.0000,0.4000,0.0000,1788739636.337
9.962,1.8385,5.0000,0.0000,0.4000,0.0000,1788739636.357
9.982,1.8465,5.0000,0.0000,0.4000,0.0000,1788739636.377
10.002,1.8545,5.0000,0.0000,0.4000,0.0000,1788739636.397
10.022,1.8625,5.0000,0.0000,0.4000,0.0000,1788739636.417
10.042,1.8705,5.0000,0.0000,0.4000,0.0000,1788739636.437
10.062,1.8785,5.0000,0.0000,0.4000,0.0000,1788739636.457
10.082,1.8865,5.0000,0.0000,0.4000,0.0000,1788739636.477
10.103,1.8945,5.0000,0.0000,0.4000,0.0000,1788739636.497
10.123,1.9025,5.0000,0.0000,0.4000,0.0000,1788739636.517
10.142,1.9105,5.0000,0.0000,0.4000,0.0000,1788739636.537
10.162,1.9185,5.0000,0.0000,0.4000,0.0000,1788739636.557
10.182,1.9265,5.0000,0.0000,0.4000,0.0000,1788739636.577
10.202,1.9345,5.0000,0.0000,0.4000,0.0000,1788739636.597
10.222,1.9425,5.0000,0.0000,0.4000,0.0000,1788739636.617
10.242,1.9502,5.0000,0.0000,0.3842,0.0000,1788739636.637
10.262,1.9579,5.0000,0.0000,0.3842,0.0000,1788739636.657
10.283,1.9656,5.0000,0.0000,0.3842,0.0000,1788739636.677
10.303,1.9733,5.0000,0.0000,0.3842,0.0000,1788739636.697
10.322,1.9809,5.0000,0.0000,0.3842,0.0000,1788739636.717
10.343,1.9889,5.0000,0.0000,0.4000,0.0000,1788739636.737
10.362,1.9969,5.0000,0.0000,0.4000,0.0000,1788739636.757
10.382,2.0049,5.0000,0.0000,0.4000,0.0000,1788739636.777
10.402,2.0129,5.0000,0.0000,0.4000,0.0000,1788739636.797
10.422,2.0209,5.0000,0.0000,0.4000,0.0000,1788739636.817
10.442,2.0289,5.0000,0.0000,0.4000,0.0000,1788739636.837
10.462,2.0369,5.0000,0.0000,0.4000,0.0000,1788739636.857
10.482,2.0449,5.0000,0.0000,0.4000,0.0000,1788739636.877
10.502,2.0529,5.0000,0.0000,0.4000,0.0000,1788739636.897
10.523,2.0609,5.0000,0.0000,0.4000,0.0000,1788739636.917
10.542,2.0689,5.0000,0.0000,0.4000,0.0000,1788739636.937
10.562,2.0769,5.0000,0.0000,0.4000,0.0000,1788739636.957
10.582,2.0849,5.0000,0.0000,0.4000,0.0000,1788739636.977
10.602,2.0929,5.0000,0.0000,0.4000,0.0000,1788739636.997
10.622,2.1009,5.0000,0.0000,0.4000,0.0000,1788739637.017
10.642,2.1089,5.0000,0.0000,0.4000,0.0000,1788739637.037
10.663,2.1169,5.0000,0.0000,0.4000,0.0000,1788739637.057
10.682,2.1249,5.0000,0.0000,0.4000,0.0000,1788739637.077
10.702,2.1329,5.0000,0.0000,0.4000,0.0000,1788739637.097
10.722,2.1409,5.0000,0.0000,0.4000,0.0000,1788739637.117
10.742,2.1486,5.0000,0.0000,0.3842,0.0000,1788739637.137
10.762,2.1563,5.0000,0.0000,0.3842,0.0000,1788739637.157
10.782,2.1640,5.0000,0.0000,0.3842,0.0000,1788739637.177
10.802,2.1717,5.0000,0.0000,0.3842,0.0000,1788739637.197
10.822,2.1794,5.0000,0.0000,0.3842,0.0000,1788739637.217
10.842,2.1874,5.0000,0.0000,0.4000,0.0000,1788739637.237
10.862,2.1954,5.0000,0.0000,0.4000,0.0000,1788739637.257
10.882,2.2034,5.0000,0.0000,0.4000,0.0000,1788739637.277
10.902,2.2114,5.0000,0.0000,0.4000,0.0000,1788739637.297
10.922,2.2194,5.0000,0.0000,0.4000,0.0000,1788739637.317
10.942,2.2274,5.0000,0.0000,0.4000,0.0000,1788739637.337
10.962,2.2354,5.0000,0.0000,0.4000,0.0000,1788739637.357
10.982,2.2434,5.0000,0.0000,0.4000,0.0000,1788739637.377
11.002,2.2514,5.0000,0.0000,0.4000,0.0000,1788739637.397
11.022,2.2594,5.0000,0.0000,0.4000,0.0000,1788739637.417
11.042,2.2674,5.0000,0.0000,0.4000,0.0000,1788739637.437
11.063,2.2754,5.0000,0.0000,0.4000,0.0000,1788739637.457
11.082,2.2834,5.0000,0.0000,0.4000,0.0000,1788739637.477
11.103,2.2914,5.0000,0.0000,0.4000,0.0000,1788739637.497
11.122,2.2994,5.0000,0.0000,0.4000,0.0000,1788739637.517
11.142,2.3071,5.0000,0.0000,0.3842,0.0000,1788739637.537
11.162,2.3147,5.0000,0.0000,0.3842,0.0000,1788739637.557
11.182,2.3224,5.0000,0.0000,0.3842,0.0000,1788739637.577
11.203,2.3301,5.0000,0.0000,0.3842,0.0000,1788739637.597
11.222,2.3378,5.0000,0.0000,0.3842,0.0000,1788739637.617
11.242,2.3455,5.0000,0.0000,0.3842,0.0000,1788739637.637
11.262,2.3532,5.0000,0.0000,0.3842,0.0000,1788739637.657
11.283,2.3608,5.0000,0.0000,0.3842,0.0000,1788739637.677
11.302,2.3685,5.0000,0.0000,0.3842,0.0000,1788739637.697
11.322,2.3762,5.0000,0.0000,0.3842,0.0000,1788739637.717
11.343,2.3842,5.0000,0.0000,0.4000,0.0000,1788739637.737
11.363,2.3922,5.0000,0.0000,0.4000,0.0000,1788739637.757
11.382,2.4002,5.0000,0.0000,0.4000,0.0000,1788739637.777
11.402,2.4082,5.0000,0.0000,0.4000,0.0000,1788739637.797
11.422,2.4162,5.0000,0.0000,0.4000,0.0000,1788739637.817
11.442,2.4242,5.0000,0.0000,0.4000,0.0000,1788739637.837
11.463,2.4322,5.0000,0.0000,0.4000,0.0000,1788739637.857
11.482,2.4402,5.0000,0.0000,0.4000,0.0000,1788739637.877
11.502,2.4482,5.0000,0.0000,0.4000,0.0000,1788739637.897
11.522,2.4562,5.0000,0.0000,0.4000,0.0000,1788739637.917
11.542,2.4642,5.0000,0.0000,0.4000,0.0000,1788739637.937
11.562,2.4722,5.0000,0.0000,0.4000,0.0000,1788739637.957
11.583,2.4802,5.0000,0.0000,0.4000,0.0000,1788739637.977
11.602,2.4882,5.0000,0.0000,0.4000,0.0000,1788739637.997
11.622,2.4962,5.0000,0.0000,0.4000,0.0000,1788739638.017
11.642,2.5039,5.0000,0.0000,0.3842,0.0000,1788739638.037
11.662,2.5116,5.0000,0.0000,0.3842,0.0000,1788739638.057
11.683,2.5193,5.0000,0.0000,0.3842,0.0000,1788739638.077
11.702,2.5269,5.0000,0.0000,0.3842,0.0000,1788739638.097
11.722,2.5346,5.0000,0.0000,0.3842,0.0000,1788739638.117
11.742,2.5423,5.0000,0.0000,0.3842,0.0000,1788739638.137
11.762,2.5500,5.0000,0.0000,0.3842,0.0000,1788739638.157
11.782,2.5577,5.0000,0.0000,0.3842,0.0000,1788739638.177
11.802,2.5654,5.0000,0.0000,0.3842,0.0000,1788739638.197
11.822,2.5731,5.0000,0.0000,0.3842,0.0000,1788739638.217
11.842,2.5811,5.0000,0.0000,0.4000,0.0000,1788739638.237
11.862,2.5891,5.0000,0.0000,0.4000,0.0000,1788739638.257
11.882,2.5971,5.0000,0.0000,0.4000,0.0000,1788739638.277
11.902,2.6051,5.0000,0.0000,0.4000,0.0000,1788739638.297
11.922,2.6131,5.0000,0.0000,0.4000,0.0000,1788739638.317
11.942,2.6211,5.0000,0.0000,0.4000,0.0000,1788739638.337
11.963,2.6291,5.0000,0.0000,0.4000,0.0000,1788739638.357
11.982,2.6371,5.0000,0.0000,0.4000,0.0000,1788739638.377
12.002,2.6451,5.0000,0.0000,0.4000,0.0000,1788739638.397
12.022,2.6531,5.0000,0.0000,0.4000,0.0000,1788739638.417
12.042,2.6611,5.0000,0.0000,0.4000,0.0000,1788739638.437
12.062,2.6691,5.0000,0.0000,0.4000,0.0000,1788739638.457
12.082,2.6771,5.0000,0.0000,0.4000,0.0000,1788739638.477
12.103,2.6851,5.0000,0.0000,0.4000,0.0000,1788739638.497
12.122,2.6931,5.0000,0.0000,0.4000,0.0000,1788739638.517
12.143,2.7007,5.0000,0.0000,0.3842,0.0000,1788739638.537
12.163,2.7084,5.0000,0.0000,0.3842,0.0000,1788739638.557
12.182,2.7161,5.0000,0.0000,0.3842,0.0000,1788739638.577
12.202,2.7238,5.0000,0.0000,0.3842,0.0000,1788739638.597
12.222,2.7315,5.0000,0.0000,0.3842,0.0000,1788739638.617
12.242,2.7395,5.0000,0.0000,0.4000,0.0000,1788739638.637
12.262,2.7475,5.0000,0.0000,0.4000,0.0000,1788739638.657
12.282,2.7555,5.0000,0.0000,0.4000,0.0000,1788739638.677
12.302,2.7635,5.0000,0.0000,0.4000,0.0000,1788739638.697
12.322,2.7715,5.0000,0.0000,0.4000,0.0000,1788739638.717
12.342,2.7795,5.0000,0.0000,0.4000,0.0000,1788739638.737
12.363,2.7875,5.0000,0.0000,0.4000,0.0000,1788739638.757
12.382,2.7955,5.0000,0.0000,0.4000,0.0000,1788739638.777
12.403,2.8035,5.0000,0.0000,0.4000,0.0000,1788739638.797
12.422,2.8115,5.0000,0.0000,0.4000,0.0000,1788739638.817
12.442,2.8195,5.0000,0.0000,0.4000,0.0000,1788739638.837
12.462,2.8275,5.0000,0.0000,0.4000,0.0000,1788739638.857
12.482,2.8355,5.0000,0.0000,0.4000,0.0000,1788739638.877
12.502,2.8435,5.0000,0.0000,0.4000,0.0000,1788739638.897
12.522,2.8515,5.0000,0.0000,0.4000,0.0000,1788739638.917
12.542,2.8595,5.0000,0.0000,0.4000,0.0000,1788739638.937
12.562,2.8675,5.0000,0.0000,0.4000,0.0000,1788739638.957
12.582,2.8755,5.0000,0.0000,0.4000,0.0000,1788739638.977
12.602,2.8835,5.0000,0.0000,0.4000,0.0000,1788739638.997
12.622,2.8915,5.0000,0.0000,0.4000,0.0000,1788739639.017
12.642,2.8992,5.0000,0.0000,0.3842,0.0000,1788739639.037
12.662,2.9068,5.0000,0.0000,0.3842,0.0000,1788739639.057
12.682,2.9145,5.0000,0.0000,0.3842,0.0000,1788739639.077
12.702,2.9222,5.0000,0.0000,0.3842,0.0000,1788739639.097
12.722,2.9299,5.0000,0.0000,0.3842,0.0000,1788739639.117
12.743,2.9379,5.0000,0.0000,0.4000,0.0000,1788739639.137
12.762,2.9459,5.0000,0.0000,0.4000,0.0000,1788739639.157
12.783,2.9539,5.0000,0.0000,0.4000,0.0000,1788739639.177
12.802,2.9619,5.0000,0.0000,0.4000,0.0000,1788739639.197
12.822,2.9699,5.0000,0.0000,0.4000,0.0000,1788739639.217
12.842,2.9779,5.0000,0.0000,0.4000,0.0000,1788739639.237
12.862,2.9859,5.0000,0.0000,0.4000,0.0000,1788739639.257
12.882,2.9939,5.0000,0.0000,0.4000,0.0000,1788739639.277
12.902,3.0019,5.0000,0.0000,0.4000,0.0000,1788739639.297
12.922,3.0099,5.0000,0.0000,0.4000,0.0000,1788739639.317
12.942,3.0179,5.0000,0.0000,0.4000,0.0000,1788739639.337
12.962,3.0259,5.0000,0.0000,0.4000,0.0000,1788739639.357
12.982,3.0339,5.0000,0.0000,0.4000,0.0000,1788739639.377
13.002,3.0419,5.0000,0.0000,0.4000,0.0000,1788739639.397
13.022,3.0499,5.0000,0.0000,0.4000,0.0000,1788739639.417
13.042,3.0576,5.0000,0.0000,0.3842,0.0000,1788739639.437
13.063,3.0653,5.0000,0.0000,0.3842,0.0000,1788739639.457
13.082,3.0729,5.0000,0.0000,0.3842,0.0000,1788739639.477
13.102,3.0806,5.0000,0.0000,0.3842,0.0000,1788739639.497
13.122,3.0883,5.0000,0.0000,0.3842,0.0000,1788739639.517
13.142,3.0960,5.0000,0.0000,0.3842,0.0000,1788739639.537
13.162,3.1037,5.0000,0.0000,0.3842,0.0000,1788739639.557
13.182,3.1114,5.0000,0.0000,0.3842,0.0000,1788739639.577
13.202,3.1191,5.0000,0.0000,0.3842,0.0000,1788739639.597
13.222,3.1267,5.0000,0.0000,0.3842,0.0000,1788739639.617
13.242,3.1347,5.0000,0.0000,0.4000,0.0000,1788739639.637
13.262,3.1427,5.0000,0.0000,0.4000,0.0000,1788739639.657
13.282,3.1507,5.0000,0.0000,0.4000,0.0000,1788739639.677
13.302,3.1587,5.0000,0.0000,0.4000,0.0000,1788739639.697
13.323,3.1667,5.0000,0.0000,0.4000,0.0000,1788739639.717
13.342,3.1747,5.0000,0.0000,0.4000,0.0000,1788739639.737
13.362,3.1827,5.0000,0.0000,0.4000,0.0000,1788739639.757
13.382,3.1907,5.0000,0.0000,0.4000,0.0000,1788739639.777
13.403,3.1987,5.0000,0.0000,0.4000,0.0000,1788739639.797
13.422,3.2067,5.0000,0.0000,0.4000,0.0000,1788739639.817
13.442,3.2147,5.0000,0.0000,0.4000,0.0000,1788739639.837
13.463,3.2227,5.0000,0.0000,0.4000,0.0000,1788739639.857
13.482,3.2307,5.0000,0.0000,0.4000,0.0000,1788739639.877
13.502,3.2387,5.0000,0.0000,0.4000,0.0000,1788739639.897
13.522,3.2467,5.0000,0.0000,0.4000,0.0000,1788739639.917
13.542,3.2544,5.0000,0.0000,0.3842,0.0000,1788739639.937
13.562,3.2621,5.0000,0.0000,0.3842,0.0000,1788739639.957
13.582,3.2698,5.0000,0.0000,0.3842,0.0000,1788739639.977
13.602,3.2775,5.0000,0.0000,0.3842,0.0000,1788739639.997
13.622,3.2852,5.0000,0.0000,0.3842,0.0000,1788739640.017
13.642,3.2928,5.0000,0.0000,0.3842,0.0000,1788739640.037
13.662,3.3005,5.0000,0.0000,0.3842,0.0000,1788739640.057
13.682,3.3082,5.0000,0.0000,0.3842,0.0000,1788739640.077
13.702,3.3159,5.0000,0.0000,0.3842,0.0000,1788739640.097
13.722,3.3236,5.0000,0.0000,0.3842,0.0000,1788739640.117
13.742,3.3316,5.0000,0.0000,0.4000,0.0000,1788739640.137
13.762,3.3396,5.0000,0.0000,0.4000,0.0000,1788739640.157
13.782,3.3476,5.0000,0.0000,0.4000,0.0000,1788739640.177
13.802,3.3556,5.0000,0.0000,0.4000,0.0000,1788739640.197
13.822,3.3636,5.0000,0.0000,0.4000,0.0000,1788739640.217
13.842,3.3716,5.0000,0.0000,0.4000,0.0000,1788739640.237
13.862,3.3796,5.0000,0.0000,0.4000,0.0000,1788739640.257
13.883,3.3876,5.0000,0.0000,0.4000,0.0000,1788739640.277
13.902,3.3956,5.0000,0.0000,0.4000,0.0000,1788739640.297
13.922,3.4036,5.0000,0.0000,0.4000,0.0000,1788739640.317
13.942,3.4116,5.0000,0.0000,0.4000,0.0000,1788739640.337
13.962,3.4196,5.0000,0.0000,0.4000,0.0000,1788739640.357
13.982,3.4276,5.0000,0.0000,0.4000,0.0000,1788739640.377
14.002,3.4356,5.0000,0.0000,0.4000,0.0000,1788739640.397
14.022,3.4436,5.0000,0.0000,0.4000,0.0000,1788739640.417
14.042,3.4513,5.0000,0.0000,0.3842,0.0000,1788739640.437
14.062,3.4589,5.0000,0.0000,0.3842,0.0000,1788739640.457
14.082,3.4666,5.0000,0.0000,0.3842,0.0000,1788739640.477
14.102,3.4743,5.0000,0.0000,0.3842,0.0000,1788739640.497
14.122,3.4820,5.0000,0.0000,0.3842,0.0000,1788739640.517
14.142,3.4897,5.0000,0.0000,0.3842,0.0000,1788739640.537
14.162,3.4974,5.0000,0.0000,0.3842,0.0000,1788739640.557
14.182,3.5051,5.0000,0.0000,0.3842,0.0000,1788739640.577
14.202,3.5127,5.0000,0.0000,0.3842,0.0000,1788739640.597
14.222,3.5204,5.0000,0.0000,0.3842,0.0000,1788739640.617
14.242,3.5284,5.0000,0.0000,0.4000,0.0000,1788739640.637
14.263,3.5364,5.0000,0.0000,0.4000,0.0000,1788739640.657
14.283,3.5444,5.0000,0.0000,0.4000,0.0000,1788739640.677
14.302,3.5524,5.0000,0.0000,0.4000,0.0000,1788739640.697
14.322,3.5604,5.0000,0.0000,0.4000,0.0000,1788739640.717
14.342,3.5684,5.0000,0.0000,0.4000,0.0000,1788739640.737
14.363,3.5764,5.0000,0.0000,0.4000,0.0000,1788739640.757
14.382,3.5844,5.0000,0.0000,0.4000,0.0000,1788739640.777
14.402,3.5924,5.0000,0.0000,0.4000,0.0000,1788739640.797
14.422,3.6004,5.0000,0.0000,0.4000,0.0000,1788739640.817
14.442,3.6084,5.0000,0.0000,0.4000,0.0000,1788739640.837
14.462,3.6164,5.0000,0.0000,0.4000,0.0000,1788739640.857
14.482,3.6244,5.0000,0.0000,0.4000,0.0000,1788739640.877
14.502,3.6324,5.0000,0.0000,0.4000,0.0000,1788739640.897
14.522,3.6404,5.0000,0.0000,0.4000,0.0000,1788739640.917
14.542,3.6481,5.0000,0.0000,0.3842,0.0000,1788739640.937
14.562,3.6558,5.0000,0.0000,0.3842,0.0000,1788739640.957
14.583,3.6635,5.0000,0.0000,0.3842,0.0000,1788739640.977
14.602,3.6712,5.0000,0.0000,0.3842,0.0000,1788739640.997
14.623,3.6788,5.0000,0.0000,0.3842,0.0000,1788739641.017
14.642,3.6868,5.0000,0.0000,0.4000,0.0000,1788739641.037
14.662,3.6948,5.0000,0.0000,0.4000,0.0000,1788739641.057
14.682,3.7028,5.0000,0.0000,0.4000,0.0000,1788739641.077
14.702,3.7108,5.0000,0.0000,0.4000,0.0000,1788739641.097
14.722,3.7188,5.0000,0.0000,0.4000,0.0000,1788739641.117
14.742,3.7268,5.0000,0.0000,0.4000,0.0000,1788739641.137
14.763,3.7348,5.0000,0.0000,0.4000,0.0000,1788739641.157
14.782,3.7428,5.0000,0.0000,0.4000,0.0000,1788739641.177
14.802,3.7508,5.0000,0.0000,0.4000,0.0000,1788739641.197
14.822,3.7588,5.0000,0.0000,0.4000,0.0000,1788739641.217
14.842,3.7668,5.0000,0.0000,0.4000,0.0000,1788739641.237
14.862,3.7748,5.0000,0.0000,0.4000,0.0000,1788739641.257
14.882,3.7828,5.0000,0.0000,0.4000,0.0000,1788739641.277
14.902,3.7908,5.0000,0.0000,0.4000,0.0000,1788739641.297
14.922,3.7988,5.0000,0.0000,0.4000,0.0000,1788739641.317
14.942,3.8065,5.0000,0.0000,0.3842,0.0000,1788739641.337
14.963,3.8142,5.0000,0.0000,0.3842,0.0000,1788739641.357
14.983,3.8219,5.0000,0.0000,0.3842,0.0000,1788739641.377
15.002,3.8296,5.0000,0.0000,0.3842,0.0000,1788739641.397
15.022,3.8373,5.0000,0.0000,0.3842,0.0000,1788739641.417
15.042,3.8449,5.0000,0.0000,0.3842,0.0000,1788739641.437
15.062,3.8526,5.0000,0.0000,0.3842,0.0000,1788739641.457
15.082,3.8603,5.0000,0.0000,0.3842,0.0000,1788739641.477
15.102,3.8680,5.0000,0.0000,0.3842,0.0000,1788739641.497
15.122,3.8757,5.0000,0.0000,0.3842,0.0000,1788739641.517
15.142,3.8837,5.0000,0.0000,0.4000,0.0000,1788739641.537
15.162,3.8917,5.0000,0.0000,0.4000,0.0000,1788739641.557
15.182,3.8997,5.0000,0.0000,0.4000,0.0000,1788739641.577
15.202,3.9077,5.0000,0.0000,0.4000,0.0000,1788739641.597
15.222,3.9157,5.0000,0.0000,0.4000,0.0000,1788739641.617
15.242,3.9237,5.0000,0.0000,0.4000,0.0000,1788739641.637
15.263,3.9317,5.0000,0.0000,0.4000,0.0000,1788739641.657
15.283,3.9397,5.0000,0.0000,0.4000,0.0000,1788739641.677
15.302,3.9477,5.0000,0.0000,0.4000,0.0000,1788739641.697
15.322,3.9557,5.0000,0.0000,0.4000,0.0000,1788739641.717
15.342,3.9637,5.0000,0.0000,0.4000,0.0000,1788739641.737
15.363,3.9717,5.0000,0.0000,0.4000,0.0000,1788739641.757
15.382,3.9797,5.0000,0.0000,0.4000,0.0000,1788739641.777
15.402,3.9877,5.0000,0.0000,0.4000,0.0000,1788739641.797
15.422,3.9957,5.0000,0.0000,0.4000,0.0000,1788739641.817
15.442,4.0034,5.0000,0.0000,0.3842,0.0000,1788739641.837
15.462,4.0111,5.0000,0.0000,0.3842,0.0000,1788739641.857
15.482,4.0187,5.0000,0.0000,0.3842,0.0000,1788739641.877
15.502,4.0264,5.0000,0.0000,0.3842,0.0000,1788739641.897
15.522,4.0341,5.0000,0.0000,0.3842,0.0000,1788739641.917
15.542,4.0418,5.0000,0.0000,0.3842,0.0000,1788739641.937
15.563,4.0495,5.0000,0.0000,0.3842,0.0000,1788739641.957
15.583,4.0572,5.0000,0.0000,0.3842,0.0000,1788739641.977
15.602,4.0648,5.0000,0.0000,0.3842,0.0000,1788739641.997
15.622,4.0725,5.0000,0.0000,0.3842,0.0000,1788739642.017
15.642,4.0805,5.0000,0.0000,0.4000,0.0000,1788739642.037
15.662,4.0885,5.0000,0.0000,0.4000,0.0000,1788739642.057
15.682,4.0965,5.0000,0.0000,0.4000,0.0000,1788739642.077
15.702,4.1045,5.0000,0.0000,0.4000,0.0000,1788739642.097
15.722,4.1125,5.0000,0.0000,0.4000,0.0000,1788739642.117
15.743,4.1205,5.0000,0.0000,0.4000,0.0000,1788739642.137
15.762,4.1285,5.0000,0.0000,0.4000,0.0000,1788739642.157
15.782,4.1365,5.0000,0.0000,0.4000,0.0000,1788739642.177
15.802,4.1445,5.0000,0.0000,0.4000,0.0000,1788739642.197
15.822,4.1525,5.0000,0.0000,0.4000,0.0000,1788739642.217
15.842,4.1605,5.0000,0.0000,0.4000,0.0000,1788739642.237
15.863,4.1685,5.0000,0.0000,0.4000,0.0000,1788739642.257
15.883,4.1765,5.0000,0.0000,0.4000,0.0000,1788739642.277
15.902,4.1845,5.0000,0.0000,0.4000,0.0000,1788739642.297
15.922,4.1925,5.0000,0.0000,0.4000,0.0000,1788739642.317
15.942,4.1983,5.0000,0.0000,0.2895,0.0000,1788739642.337
15.962,4.2041,5.0000,0.0000,0.2895,0.0000,1788739642.357
15.982,4.2099,5.0000,0.0000,0.2895,0.0000,1788739642.377
16.002,4.2157,5.0000,0.0000,0.2895,0.0000,1788739642.397
16.022,4.2215,5.0000,0.0000,0.2895,0.0000,1788739642.417
16.042,4.2269,5.0000,0.0000,0.2737,0.0000,1788739642.437
16.062,4.2324,5.0000,0.0000,0.2737,0.0000,1788739642.457
16.082,4.2379,5.0000,0.0000,0.2737,0.0000,1788739642.477
16.102,4.2434,5.0000,0.0000,0.2737,0.0000,1788739642.497
16.122,4.2488,5.0000,0.0000,0.2737,0.0000,1788739642.517
16.142,4.2521,5.0000,-0.0011,0.1632,-0.0526,1788739642.537
16.163,4.2554,5.0000,-0.0021,0.1632,-0.0526,1788739642.557
16.182,4.2586,5.0000,-0.0032,0.1632,-0.0526,1788739642.577
16.202,4.2619,5.0000,-0.0042,0.1632,-0.0526,1788739642.597
16.222,4.2652,4.9999,-0.0053,0.1632,-0.0526,1788739642.617
16.242,4.2681,4.9999,-0.0063,0.1474,-0.0526,1788739642.637
16.262,4.2711,4.9999,-0.0074,0.1474,-0.0526,1788739642.657
16.283,4.2740,4.9999,-0.0084,0.1474,-0.0526,1788739642.677
16.302,4.2769,4.9999,-0.0095,0.1474,-0.0526,1788739642.697
16.322,4.2799,4.9998,-0.0105,0.1474,-0.0526,1788739642.717
16.343,4.2822,4.9998,-0.0116,0.1158,-0.0526,1788739642.737
16.362,4.2845,4.9998,-0.0126,0.1158,-0.0526,1788739642.757
16.382,4.2868,4.9997,-0.0137,0.1158,-0.0526,1788739642.777
16.402,4.2892,4.9997,-0.0147,0.1158,-0.0526,1788739642.797
16.422,4.2915,4.9997,-0.0158,0.1158,-0.0526,1788739642.817
16.442,4.2938,4.9996,-0.0168,0.1158,-0.0526,1788739642.837
16.462,4.2961,4.9996,-0.0179,0.1158,-0.0526,1788739642.857
16.482,4.2984,4.9995,-0.0189,0.1158,-0.0526,1788739642.877
16.502,4.3007,4.9995,-0.0200,0.1158,-0.0526,1788739642.897
16.522,4.3030,4.9994,-0.0211,0.1158,-0.0526,1788739642.917
16.542,4.3050,4.9994,-0.0200,0.1000,0.0526,1788739642.937
16.562,4.3070,4.9994,-0.0189,0.1000,0.0526,1788739642.957
16.582,4.3090,4.9993,-0.0179,0.1000,0.0526,1788739642.977
16.602,4.3110,4.9993,-0.0168,0.1000,0.0526,1788739642.997
16.622,4.3130,4.9993,-0.0158,0.1000,0.0526,1788739643.017
16.642,4.3150,4.9992,-0.0147,0.1000,0.0526,1788739643.037
16.663,4.3170,4.9992,-0.0137,0.1000,0.0526,1788739643.057
16.683,4.3190,4.9992,-0.0126,0.1000,0.0526,1788739643.077
16.703,4.3210,4.9992,-0.0116,0.1000,0.0526,1788739643.097
16.723,4.3230,4.9991,-0.0105,0.1000,0.0526,1788739643.117
16.743,4.3250,4.9991,-0.0011,0.1000,0.4737,1788739643.137
16.763,4.3270,4.9992,0.0084,0.1000,0.4737,1788739643.157
16.783,4.3290,4.9992,0.0179,0.1000,0.4737,1788739643.177
16.803,4.3310,4.9992,0.0274,0.1000,0.4737,1788739643.197
16.823,4.3330,4.9993,0.0368,0.1000,0.4737,1788739643.217
16.843,4.3354,4.9994,0.0463,0.1158,0.4737,1788739643.237
16.863,4.3377,4.9996,0.0558,0.1158,0.4737,1788739643.257
16.883,4.3400,4.9997,0.0653,0.1158,0.4737,1788739643.277
16.903,4.3423,4.9999,0.0747,0.1158,0.4737,1788739643.297
16.923,4.3446,5.0001,0.0842,0.1158,0.4737,1788739643.317
16.943,4.3466,5.0003,0.0958,0.1000,0.5789,1788739643.337
16.963,4.3486,5.0005,0.1074,0.1000,0.5789,1788739643.357
16.983,4.3506,5.0007,0.1189,0.1000,0.5789,1788739643.377
17.003,4.3525,5.0010,0.1305,0.1000,0.5789,1788739643.397
17.023,4.3545,5.0013,0.1421,0.1000,0.5789,1788739643.417
17.043,4.3565,5.0016,0.1537,0.1000,0.5789,1788739643.437
17.063,4.3585,5.0019,0.1653,0.1000,0.5789,1788739643.457
17.083,4.3604,5.0022,0.1768,0.1000,0.5789,1788739643.477
17.103,4.3624,5.0026,0.1884,0.1000,0.5789,1788739643.497
17.123,4.3644,5.0030,0.2000,0.1000,0.5789,1788739643.517
17.143,4.3663,5.0034,0.2158,0.1000,0.7895,1788739643.537
17.163,4.3683,5.0039,0.2316,0.1000,0.7895,1788739643.557
17.183,4.3702,5.0044,0.2474,0.1000,0.7895,1788739643.577
17.203,4.3721,5.0049,0.2632,0.1000,0.7895,1788739643.597
17.223,4.3741,5.0055,0.2789,0.1000,0.7895,1788739643.617
17.243,4.3760,5.0061,0.2989,0.1000,1.0000,1788739643.637
17.263,4.3779,5.0067,0.3189,0.1000,1.0000,1788739643.657
17.283,4.3798,5.0073,0.3389,0.1000,1.0000,1788739643.677
17.303,4.3816,5.0081,0.3589,0.1000,1.0000,1788739643.697
17.323,4.3835,5.0088,0.3789,0.1000,1.0000,1788739643.717
17.343,4.3853,5.0096,0.3989,0.1000,1.0000,1788739643.737
17.363,4.3872,5.0104,0.4189,0.1000,1.0000,1788739643.757
17.383,4.3890,5.0112,0.4389,0.1000,1.0000,1788739643.777
17.403,4.3908,5.0121,0.4589,0.1000,1.0000,1788739643.797
17.423,4.3925,5.0130,0.4789,0.1000,1.0000,1788739643.817
17.443,4.3943,5.0140,0.4989,0.1000,1.0000,1788739643.837
17.463,4.3960,5.0150,0.5189,0.1000,1.0000,1788739643.857
17.483,4.3977,5.0160,0.5389,0.1000,1.0000,1788739643.877
17.503,4.3994,5.0171,0.5589,0.1000,1.0000,1788739643.897
17.523,4.4011,5.0182,0.5789,0.1000,1.0000,1788739643.917
17.543,4.4036,5.0198,0.5989,0.1474,1.0000,1788739643.937
17.563,4.4060,5.0215,0.6189,0.1474,1.0000,1788739643.957
17.583,4.4083,5.0233,0.6389,0.1474,1.0000,1788739643.977
17.603,4.4106,5.0251,0.6589,0.1474,1.0000,1788739643.997
17.623,4.4129,5.0270,0.6789,0.1474,1.0000,1788739644.017
17.643,4.4145,5.0282,0.6989,0.1000,1.0000,1788739644.037
17.663,4.4160,5.0296,0.7189,0.1000,1.0000,1788739644.057
17.683,4.4175,5.0309,0.7389,0.1000,1.0000,1788739644.077
17.703,4.4189,5.0323,0.7589,0.1000,1.0000,1788739644.097
17.723,4.4203,5.0337,0.7789,0.1000,1.0000,1788739644.117
17.743,4.4217,5.0351,0.7989,0.1000,1.0000,1788739644.137
17.763,4.4231,5.0366,0.8189,0.1000,1.0000,1788739644.157
17.783,4.4244,5.0381,0.8389,0.1000,1.0000,1788739644.177
17.803,4.4257,5.0396,0.8589,0.1000,1.0000,1788739644.197
17.823,4.4270,5.0411,0.8789,0.1000,1.0000,1788739644.217
17.842,4.4283,5.0427,0.8989,0.1000,1.0000,1788739644.237
17.862,4.4295,5.0443,0.9189,0.1000,1.0000,1788739644.257
17.883,4.4306,5.0459,0.9389,0.1000,1.0000,1788739644.277
17.902,4.4318,5.0475,0.9589,0.1000,1.0000,1788739644.297
17.922,4.4329,5.0492,0.9789,0.1000,1.0000,1788739644.317
17.942,4.4340,5.0509,0.9989,0.1000,1.0000,1788739644.337
17.962,4.4350,5.0526,1.0189,0.1000,1.0000,1788739644.357
17.982,4.4361,5.0543,1.0389,0.1000,1.0000,1788739644.377
18.002,4.4370,5.0560,1.0589,0.1000,1.0000,1788739644.397
18.022,4.4380,5.0578,1.0789,0.1000,1.0000,1788739644.417
18.042,4.4389,5.0596,1.0989,0.1000,1.0000,1788739644.437
18.062,4.4398,5.0614,1.1189,0.1000,1.0000,1788739644.457
18.082,4.4406,5.0632,1.1389,0.1000,1.0000,1788739644.477
18.102,4.4414,5.0650,1.1589,0.1000,1.0000,1788739644.497
18.122,4.4422,5.0669,1.1789,0.1000,1.0000,1788739644.517
18.142,4.4429,5.0687,1.1989,0.1000,1.0000,1788739644.537
18.162,4.4436,5.0706,1.2189,0.1000,1.0000,1788739644.557
18.182,4.4442,5.0725,1.2389,0.1000,1.0000,1788739644.577
18.202,4.4448,5.0744,1.2589,0.1000,1.0000,1788739644.597
18.223,4.4454,5.0763,1.2789,0.1000,1.0000,1788739644.617
18.242,4.4460,5.0783,1.2989,0.1000,1.0000,1788739644.637
18.262,4.4465,5.0802,1.3189,0.1000,1.0000,1788739644.657
18.282,4.4469,5.0821,1.3389,0.1000,1.0000,1788739644.677
18.302,4.4473,5.0841,1.3589,0.1000,1.0000,1788739644.697
18.322,4.4477,5.0861,1.3789,0.1000,1.0000,1788739644.717
18.343,4.4481,5.0880,1.3989,0.1000,1.0000,1788739644.737
18.362,4.4484,5.0900,1.4189,0.1000,1.0000,1788739644.757
18.382,4.4486,5.0920,1.4389,0.1000,1.0000,1788739644.777
18.402,4.4489,5.0940,1.4589,0.1000,1.0000,1788739644.797
18.422,4.4490,5.0960,1.4789,0.1000,1.0000,1788739644.817
18.442,4.4492,5.0980,1.4989,0.1000,1.0000,1788739644.837
18.462,4.4493,5.1000,1.5189,0.1000,1.0000,1788739644.857
18.482,4.4493,5.1020,1.5389,0.1000,1.0000,1788739644.877
18.502,4.4494,5.1040,1.5589,0.1000,1.0000,1788739644.897
18.522,4.4494,5.1060,1.5789,0.1000,1.0000,1788739644.917
18.542,4.4493,5.1080,1.5989,0.1000,1.0000,1788739644.937
18.563,4.4492,5.1100,1.6189,0.1000,1.0000,1788739644.957
18.583,4.4491,5.1120,1.6389,0.1000,1.0000,1788739644.977
18.602,4.4489,5.1139,1.6589,0.1000,1.0000,1788739644.997
18.622,4.4487,5.1159,1.6789,0.1000,1.0000,1788739645.017
18.643,4.4484,5.1179,1.6989,0.1000,1.0000,1788739645.037
18.662,4.4481,5.1199,1.7189,0.1000,1.0000,1788739645.057
18.682,4.4478,5.1219,1.7389,0.1000,1.0000,1788739645.077
18.702,4.4474,5.1238,1.7589,0.1000,1.0000,1788739645.097
18.722,4.4470,5.1258,1.7789,0.1000,1.0000,1788739645.117
18.742,4.4465,5.1277,1.7989,0.1000,1.0000,1788739645.137
18.762,4.4461,5.1297,1.8189,0.1000,1.0000,1788739645.157
18.782,4.4455,5.1316,1.8389,0.1000,1.0000,1788739645.177
18.802,4.4450,5.1335,1.8589,0.1000,1.0000,1788739645.197
18.822,4.4444,5.1354,1.8789,0.1000,1.0000,1788739645.217
18.842,4.4437,5.1373,1.8989,0.1000,1.0000,1788739645.237
18.862,4.4430,5.1392,1.9189,0.1000,1.0000,1788739645.257
18.882,4.4423,5.1411,1.9389,0.1000,1.0000,1788739645.277
18.902,4.4415,5.1429,1.9589,0.1000,1.0000,1788739645.297
18.922,4.4408,5.1448,1.9789,0.1000,1.0000,1788739645.317
18.942,4.4399,5.1466,1.9989,0.1000,1.0000,1788739645.337
18.962,4.4391,5.1484,2.0189,0.1000,1.0000,1788739645.357
18.982,4.4382,5.1502,2.0389,0.1000,1.0000,1788739645.377
19.002,4.4372,5.1519,2.0589,0.1000,1.0000,1788739645.397
19.022,4.4362,5.1537,2.0789,0.1000,1.0000,1788739645.417
19.042,4.4352,5.1554,2.0968,0.1000,0.8947,1788739645.437
19.062,4.4342,5.1571,2.1147,0.1000,0.8947,1788739645.457
19.082,4.4331,5.1588,2.1326,0.1000,0.8947,1788739645.477
19.102,4.4320,5.1605,2.1505,0.1000,0.8947,1788739645.497
19.122,4.4309,5.1621,2.1684,0.1000,0.8947,1788739645.517
19.142,4.4298,5.1638,2.1863,0.1000,0.8947,1788739645.537
19.162,4.4286,5.1654,2.2042,0.1000,0.8947,1788739645.557
19.182,4.4274,5.1670,2.2221,0.1000,0.8947,1788739645.577
19.203,4.4261,5.1685,2.2400,0.1000,0.8947,1788739645.597
19.222,4.4249,5.1701,2.2579,0.1000,0.8947,1788739645.617
19.242,4.4236,5.1716,2.2737,0.1000,0.7895,1788739645.637
19.263,4.4222,5.1731,2.2895,0.1000,0.7895,1788739645.657
19.282,4.4209,5.1746,2.3053,0.1000,0.7895,1788739645.677
19.302,4.4195,5.1761,2.3211,0.1000,0.7895,1788739645.697
19.323,4.4182,5.1775,2.3368,0.1000,0.7895,1788739645.717
19.342,4.4167,5.1789,2.3526,0.1000,0.7895,1788739645.737
19.363,4.4153,5.1803,2.3684,0.1000,0.7895,1788739645.757
19.382,4.4139,5.1817,2.3842,0.1000,0.7895,1788739645.777
19.402,4.4124,5.1830,2.4000,0.1000,0.7895,1788739645.797
19.422,4.4109,5.1844,2.4158,0.1000,0.7895,1788739645.817
19.442,4.4094,5.1857,2.4316,0.1000,0.7895,1788739645.837
19.462,4.4078,5.1870,2.4474,0.1000,0.7895,1788739645.857
19.482,4.4063,5.1882,2.4632,0.1000,0.7895,1788739645.877
19.502,4.4047,5.1894,2.4789,0.1000,0.7895,1788739645.897
19.522,4.4031,5.1906,2.4947,0.1000,0.7895,1788739645.917
19.543,4.4015,5.1918,2.5084,0.1000,0.6842,1788739645.937
19.562,4.3999,5.1930,2.5221,0.1000,0.6842,1788739645.957
19.582,4.3982,5.1941,2.5358,0.1000,0.6842,1788739645.977
19.602,4.3966,5.1952,2.5495,0.1000,0.6842,1788739645.997
19.622,4.3949,5.1963,2.5632,0.1000,0.6842,1788739646.017
19.642,4.3932,5.1974,2.5768,0.1000,0.6842,1788739646.037
19.662,4.3915,5.1985,2.5905,0.1000,0.6842,1788739646.057
19.682,4.3898,5.1995,2.6042,0.1000,0.6842,1788739646.077
19.703,4.3880,5.2005,2.6179,0.1000,0.6842,1788739646.097
19.723,4.3863,5.2015,2.6316,0.1000,0.6842,1788739646.117
19.743,4.3834,5.2030,2.6432,0.1632,0.5789,1788739646.137
19.762,4.3805,5.2045,2.6547,0.1632,0.5789,1788739646.157
19.782,4.3776,5.2060,2.6663,0.1632,0.5789,1788739646.177
19.802,4.3747,5.2075,2.6779,0.1632,0.5789,1788739646.197
19.822,4.3718,5.2089,2.6895,0.1632,0.5789,1788739646.217
19.842,4.3700,5.2098,2.7011,0.1000,0.5789,1788739646.237
19.863,4.3682,5.2106,2.7126,0.1000,0.5789,1788739646.257
19.882,4.3663,5.2114,2.7242,0.1000,0.5789,1788739646.277
19.902,4.3645,5.2122,2.7358,0.1000,0.5789,1788739646.297
19.922,4.3627,5.2130,2.7474,0.1000,0.5789,1788739646.317
19.942,4.3608,5.2137,2.7589,0.1000,0.5789,1788739646.337
19.962,4.3589,5.2145,2.7705,0.1000,0.5789,1788739646.357
19.982,4.3571,5.2152,2.7821,0.1000,0.5789,1788739646.377
20.002,4.3552,5.2158,2.7937,0.1000,0.5789,1788739646.397
20.022,4.3533,5.2165,2.8053,0.1000,0.5789,1788739646.417
20.042,4.3514,5.2171,2.8168,0.1000,0.5789,1788739646.437
20.062,4.3495,5.2178,2.8284,0.1000,0.5789,1788739646.457
20.082,4.3476,5.2183,2.8400,0.1000,0.5789,1788739646.477
20.102,4.3457,5.2189,2.8516,0.1000,0.5789,1788739646.497
20.122,4.3437,5.2195,2.8632,0.1000,0.5789,1788739646.517
20.142,4.3418,5.2200,2.8726,0.1000,0.4737,1788739646.537
20.162,4.3399,5.2205,2.8821,0.1000,0.4737,1788739646.557
20.182,4.3379,5.2210,2.8916,0.1000,0.4737,1788739646.577
20.202,4.3360,5.2215,2.9011,0.1000,0.4737,1788739646.597
20.222,4.3341,5.2219,2.9105,0.1000,0.4737,1788739646.617
20.242,4.3321,5.2224,2.9200,0.1000,0.4737,1788739646.637
20.262,4.3302,5.2228,2.9295,0.1000,0.4737,1788739646.657
20.282,4.3282,5.2232,2.9389,0.1000,0.4737,1788739646.677
20.302,4.3262,5.2236,2.9484,0.1000,0.4737,1788739646.697
20.322,4.3243,5.2240,2.9579,0.1000,0.4737,1788739646.717
20.343,4.3223,5.2243,2.9674,0.1000,0.4737,1788739646.737
20.363,4.3203,5.2246,2.9768,0.1000,0.4737,1788739646.757
20.382,4.3183,5.2249,2.9863,0.1000,0.4737,1788739646.777
20.402,4.3164,5.2252,2.9958,0.1000,0.4737,1788739646.797
20.422,4.3144,5.2255,3.0053,0.1000,0.4737,1788739646.817
20.442,4.3118,5.2258,3.0126,0.1316,0.3684,1788739646.837
20.462,4.3092,5.2262,3.0200,0.1316,0.3684,1788739646.857
20.483,4.3065,5.2265,3.0274,0.1316,0.3684,1788739646.877
20.502,4.3039,5.2267,3.0347,0.1316,0.3684,1788739646.897
20.522,4.3013,5.2270,3.0421,0.1316,0.3684,1788739646.917
20.542,4.2993,5.2272,3.0495,0.1000,0.3684,1788739646.937
20.562,4.2973,5.2274,3.0568,0.1000,0.3684,1788739646.957
20.582,4.2953,5.2275,3.0642,0.1000,0.3684,1788739646.977
20.602,4.2933,5.2276,3.0716,0.1000,0.3684,1788739646.997
20.622,4.2913,5.2278,3.0789,0.1000,0.3684,1788739647.017
20.642,4.2893,5.2279,3.0863,0.1000,0.3684,1788739647.037
20.662,4.2874,5.2280,3.0937,0.1000,0.3684,1788739647.057
20.682,4.2854,5.2281,3.1011,0.1000,0.3684,1788739647.077
20.702,4.2834,5.2281,3.1084,0.1000,0.3684,1788739647.097
20.722,4.2814,5.2282,3.1158,0.1000,0.3684,1788739647.117
20.742,4.2794,5.2282,3.1232,0.1000,0.3684,1788739647.137
20.762,4.2774,5.2282,3.1305,0.1000,0.3684,1788739647.157
20.782,4.2754,5.2282,3.1379,0.1000,0.3684,1788739647.177
20.802,4.2734,5.2282,3.1453,0.1000,0.3684,1788739647.197
20.822,4.2714,5.2282,3.1526,0.1000,0.3684,1788739647.217
20.843,4.2694,5.2282,3.1600,0.1000,0.3684,1788739647.237
20.862,4.2674,5.2281,3.1674,0.1000,0.3684,1788739647.257
20.882,4.2654,5.2281,3.1747,0.1000,0.3684,1788739647.277
20.902,4.2634,5.2280,3.1821,0.1000,0.3684,1788739647.297
20.922,4.2614,5.2279,3.1895,0.1000,0.3684,1788739647.317
20.942,4.2584,5.2277,3.1947,0.1474,0.2632,1788739647.337
20.962,4.2555,5.2276,3.2000,0.1474,0.2632,1788739647.357
20.982,4.2525,5.2274,3.2053,0.1474,0.2632,1788739647.377
21.002,4.2496,5.2272,3.2105,0.1474,0.2632,1788739647.397
21.022,4.2467,5.2269,3.2158,0.1474,0.2632,1788739647.417
21.042,4.2440,5.2267,3.2211,0.1316,0.2632,1788739647.437
21.063,4.2414,5.2265,3.2263,0.1316,0.2632,1788739647.457
21.083,4.2388,5.2263,3.2316,0.1316,0.2632,1788739647.477
21.102,4.2362,5.2260,3.2368,0.1316,0.2632,1788739647.497
21.122,4.2335,5.2258,3.2421,0.1316,0.2632,1788739647.517
21.142,4.2312,5.2255,3.2474,0.1158,0.2632,1788739647.537
21.162,4.2289,5.2253,3.2526,0.1158,0.2632,1788739647.557
21.183,4.2266,5.2250,3.2579,0.1158,0.2632,1788739647.577
21.202,4.2243,5.2247,3.2632,0.1158,0.2632,1788739647.597
21.222,4.2220,5.2244,3.2684,0.1158,0.2632,1788739647.617
21.242,4.2198,5.2241,3.2737,0.1158,0.2632,1788739647.637
21.263,4.2175,5.2238,3.2789,0.1158,0.2632,1788739647.657
21.282,4.2152,5.2235,3.2842,0.1158,0.2632,1788739647.677
21.302,4.2129,5.2231,3.2895,0.1158,0.2632,1788739647.697
21.322,4.2106,5.2228,3.2947,0.1158,0.2632,1788739647.717
21.342,4.2086,5.2225,3.3000,0.1000,0.2632,1788739647.737
21.362,4.2066,5.2221,3.3053,0.1000,0.2632,1788739647.757
21.382,4.2047,5.2218,3.3105,0.1000,0.2632,1788739647.777
21.402,4.2027,5.2214,3.3158,0.1000,0.2632,1788739647.797
21.422,4.2007,5.2211,3.3211,0.1000,0.2632,1788739647.817
21.443,4.1981,5.2206,3.3242,0.1316,0.1579,1788739647.837
21.462,4.1956,5.2201,3.3274,0.1316,0.1579,1788739647.857
21.482,4.1930,5.2196,3.3305,0.1316,0.1579,1788739647.877
21.502,4.1904,5.2191,3.3337,0.1316,0.1579,1788739647.897
21.522,4.1878,5.2186,3.3368,0.1316,0.1579,1788739647.917
21.543,4.1855,5.2182,3.3400,0.1158,0.1579,1788739647.937
21.562,4.1833,5.2177,3.3432,0.1158,0.1579,1788739647.957
21.582,4.1810,5.2172,3.3463,0.1158,0.1579,1788739647.977
21.602,4.1787,5.2168,3.3495,0.1158,0.1579,1788739647.997
21.622,4.1765,5.2163,3.3526,0.1158,0.1579,1788739648.017
21.642,4.1745,5.2158,3.3558,0.1000,0.1579,1788739648.037
21.662,4.1726,5.2154,3.3589,0.1000,0.1579,1788739648.057
21.682,4.1706,5.2150,3.3621,0.1000,0.1579,1788739648.077
21.702,4.1687,5.2145,3.3653,0.1000,0.1579,1788739648.097
21.722,4.1667,5.2141,3.3684,0.1000,0.1579,1788739648.117
21.742,4.1648,5.2136,3.3716,0.1000,0.1579,1788739648.137
21.763,4.1628,5.2132,3.3747,0.1000,0.1579,1788739648.157
21.782,4.1609,5.2127,3.3779,0.1000,0.1579,1788739648.177
21.802,4.1589,5.2122,3.3811,0.1000,0.1579,1788739648.197
21.822,4.1570,5.2117,3.3842,0.1000,0.1579,1788739648.217
21.843,4.1551,5.2113,3.3874,0.1000,0.1579,1788739648.237
21.862,4.1531,5.2108,3.3905,0.1000,0.1579,1788739648.257
21.882,4.1512,5.2103,3.3937,0.1000,0.1579,1788739648.277
21.902,4.1492,5.2098,3.3968,0.1000,0.1579,1788739648.297
21.922,4.1473,5.2092,3.4000,0.1000,0.1579,1788739648.317
21.942,4.1454,5.2087,3.4032,0.1000,0.1579,1788739648.337
21.962,4.1434,5.2082,3.4063,0.1000,0.1579,1788739648.357
21.982,4.1415,5.2077,3.4095,0.1000,0.1579,1788739648.377
22.002,4.1396,5.2071,3.4126,0.1000,0.1579,1788739648.397
22.022,4.1377,5.2066,3.4158,0.1000,0.1579,1788739648.417
22.043,4.1357,5.2060,3.4189,0.1000,0.1579,1788739648.437
22.062,4.1338,5.2055,3.4221,0.1000,0.1579,1788739648.457
22.082,4.1319,5.2049,3.4253,0.1000,0.1579,1788739648.477
22.102,4.1300,5.2044,3.4284,0.1000,0.1579,1788739648.497
22.122,4.1281,5.2038,3.4316,0.1000,0.1579,1788739648.517
22.142,4.1249,5.2029,3.4326,0.1632,0.0526,1788739648.537
22.162,4.1218,5.2019,3.4337,0.1632,0.0526,1788739648.557
22.183,4.1187,5.2010,3.4347,0.1632,0.0526,1788739648.577
22.202,4.1156,5.2000,3.4358,0.1632,0.0526,1788739648.597
22.222,4.1124,5.1991,3.4368,0.1632,0.0526,1788739648.617
22.242,4.1093,5.1981,3.4379,0.1632,0.0526,1788739648.637
22.262,4.1062,5.1972,3.4389,0.1632,0.0526,1788739648.657
22.283,4.1031,5.1962,3.4400,0.1632,0.0526,1788739648.677
22.302,4.1000,5.1953,3.4411,0.1632,0.0526,1788739648.697
22.323,4.0968,5.1943,3.4421,0.1632,0.0526,1788739648.717
22.342,4.0946,5.1936,3.4432,0.1158,0.0526,1788739648.737
22.362,4.0924,5.1929,3.4442,0.1158,0.0526,1788739648.757
22.382,4.0902,5.1922,3.4453,0.1158,0.0526,1788739648.777
22.402,4.0880,5.1915,3.4463,0.1158,0.0526,1788739648.797
22.422,4.0858,5.1908,3.4474,0.1158,0.0526,1788739648.817
22.442,4.0830,5.1899,3.4484,0.1474,0.0526,1788739648.837
22.462,4.0802,5.1890,3.4495,0.1474,0.0526,1788739648.857
22.482,4.0774,5.1881,3.4505,0.1474,0.0526,1788739648.877
22.502,4.0746,5.1872,3.4516,0.1474,0.0526,1788739648.897
22.522,4.0718,5.1863,3.4526,0.1474,0.0526,1788739648.917
22.542,4.0693,5.1855,3.4537,0.1316,0.0526,1788739648.937
22.562,4.0668,5.1847,3.4547,0.1316,0.0526,1788739648.957
22.582,4.0642,5.1839,3.4558,0.1316,0.0526,1788739648.977
22.602,4.0617,5.1831,3.4568,0.1316,0.0526,1788739648.997
22.622,4.0592,5.1823,3.4579,0.1316,0.0526,1788739649.017
22.642,4.0567,5.1815,3.4589,0.1316,0.0526,1788739649.037
22.662,4.0542,5.1806,3.4600,0.1316,0.0526,1788739649.057
22.682,4.0517,5.1798,3.4611,0.1316,0.0526,1788739649.077
22.702,4.0493,5.1790,3.4621,0.1316,0.0526,1788739649.097
22.722,4.0468,5.1781,3.4632,0.1316,0.0526,1788739649.117
22.742,4.0446,5.1774,3.4642,0.1158,0.0526,1788739649.137
22.762,4.0424,5.1767,3.4653,0.1158,0.0526,1788739649.157
22.782,4.0402,5.1759,3.4663,0.1158,0.0526,1788739649.177
22.802,4.0380,5.1752,3.4674,0.1158,0.0526,1788739649.197
22.822,4.0358,5.1745,3.4684,0.1158,0.0526,1788739649.217
22.842,4.0336,5.1737,3.4695,0.1158,0.0526,1788739649.237
22.862,4.0314,5.1730,3.4705,0.1158,0.0526,1788739649.257
22.882,4.0292,5.1722,3.4716,0.1158,0.0526,1788739649.277
22.902,4.0270,5.1715,3.4726,0.1158,0.0526,1788739649.297
22.922,4.0248,5.1707,3.4737,0.1158,0.0526,1788739649.317
22.942,4.0229,5.1700,3.4747,0.1000,0.0526,1788739649.337
22.962,4.0210,5.1694,3.4758,0.1000,0.0526,1788739649.357
22.982,4.0192,5.1687,3.4768,0.1000,0.0526,1788739649.377
23.002,4.0173,5.1681,3.4779,0.1000,0.0526,1788739649.397
23.022,4.0154,5.1674,3.4789,0.1000,0.0526,1788739649.417
23.043,4.0135,5.1667,3.4800,0.1000,0.0526,1788739649.437
23.062,4.0116,5.1661,3.4811,0.1000,0.0526,1788739649.457
23.082,4.0097,5.1654,3.4821,0.1000,0.0526,1788739649.477
23.102,4.0078,5.1647,3.4832,0.1000,0.0526,1788739649.497
23.122,4.0060,5.1641,3.4842,0.1000,0.0526,1788739649.517
23.142,4.0041,5.1634,3.4853,0.1000,0.0526,1788739649.537
23.162,4.0022,5.1627,3.4863,0.1000,0.0526,1788739649.557
23.182,4.0003,5.1620,3.4874,0.1000,0.0526,1788739649.577
23.202,3.9984,5.1614,3.4884,0.1000,0.0526,1788739649.597
23.222,3.9965,5.1607,3.4895,0.1000,0.0526,1788739649.617
23.242,3.9947,5.1600,3.4895,0.1000,0.0000,1788739649.637
23.262,3.9928,5.1593,3.4895,0.1000,0.0000,1788739649.657
23.282,3.9909,5.1586,3.4895,0.1000,0.0000,1788739649.677
23.302,3.9890,5.1580,3.4895,0.1000,0.0000,1788739649.697
23.322,3.9871,5.1573,3.4895,0.1000,0.0000,1788739649.717
23.342,3.9853,5.1566,3.4895,0.1000,0.0000,1788739649.737
23.363,3.9834,5.1559,3.4895,0.1000,0.0000,1788739649.757
23.382,3.9815,5.1552,3.4895,0.1000,0.0000,1788739649.777
23.402,3.9796,5.1545,3.4895,0.1000,0.0000,1788739649.797
23.422,3.9777,5.1539,3.4895,0.1000,0.0000,1788739649.817
23.442,3.9759,5.1532,3.4895,0.1000,0.0000,1788739649.837
23.462,3.9740,5.1525,3.4895,0.1000,0.0000,1788739649.857
23.482,3.9721,5.1518,3.4895,0.1000,0.0000,1788739649.877
23.502,3.9702,5.1511,3.4895,0.1000,0.0000,1788739649.897
23.522,3.9683,5.1505,3.4895,0.1000,0.0000,1788739649.917
23.542,3.9665,5.1498,3.4895,0.1000,0.0000,1788739649.937
23.563,3.9646,5.1491,3.4895,0.1000,0.0000,1788739649.957
23.582,3.9627,5.1484,3.4895,0.1000,0.0000,1788739649.977
23.602,3.9608,5.1477,3.4895,0.1000,0.0000,1788739649.997
23.622,3.9589,5.1470,3.4895,0.1000,0.0000,1788739650.017
23.642,3.9571,5.1464,3.4895,0.1000,0.0000,1788739650.037
23.662,3.9552,5.1457,3.4895,0.1000,0.0000,1788739650.057
23.682,3.9533,5.1450,3.4895,0.1000,0.0000,1788739650.077
23.702,3.9514,5.1443,3.4895,0.1000,0.0000,1788739650.097
23.722,3.9495,5.1436,3.4895,0.1000,0.0000,1788739650.117
23.742,3.9477,5.1430,3.4895,0.1000,0.0000,1788739650.137
23.763,3.9458,5.1423,3.4895,0.1000,0.0000,1788739650.157
23.782,3.9439,5.1416,3.4895,0.1000,0.0000,1788739650.177
23.802,3.9420,5.1409,3.4895,0.1000,0.0000,1788739650.197
23.822,3.9401,5.1402,3.4895,0.1000,0.0000,1788739650.217
23.843,3.9383,5.1395,3.4895,0.1000,0.0000,1788739650.237
23.862,3.9364,5.1389,3.4895,0.1000,0.0000,1788739650.257
23.882,3.9345,5.1382,3.4895,0.1000,0.0000,1788739650.277
23.902,3.9326,5.1375,3.4895,0.1000,0.0000,1788739650.297
23.922,3.9307,5.1368,3.4895,0.1000,0.0000,1788739650.317
23.942,3.9289,5.1361,3.4895,0.1000,0.0000,1788739650.337
23.962,3.9270,5.1355,3.4895,0.1000,0.0000,1788739650.357
23.982,3.9251,5.1348,3.4895,0.1000,0.0000,1788739650.377
24.002,3.9232,5.1341,3.4895,0.1000,0.0000,1788739650.397
24.022,3.9213,5.1334,3.4895,0.1000,0.0000,1788739650.417
24.042,3.9195,5.1327,3.4895,0.1000,0.0000,1788739650.437
24.063,3.9176,5.1320,3.4895,0.1000,0.0000,1788739650.457
24.082,3.9157,5.1314,3.4895,0.1000,0.0000,1788739650.477
24.102,3.9138,5.1307,3.4895,0.1000,0.0000,1788739650.497
24.122,3.9119,5.1300,3.4895,0.1000,0.0000,1788739650.517
24.142,3.9101,5.1293,3.4884,0.1000,-0.0526,1788739650.537
24.162,3.9082,5.1286,3.4874,0.1000,-0.0526,1788739650.557
24.182,3.9063,5.1280,3.4863,0.1000,-0.0526,1788739650.577
24.202,3.9044,5.1273,3.4853,0.1000,-0.0526,1788739650.597
24.222,3.9025,5.1266,3.4842,0.1000,-0.0526,1788739650.617
24.242,3.9000,5.1257,3.4832,0.1316,-0.0526,1788739650.637
24.262,3.8976,5.1249,3.4821,0.1316,-0.0526,1788739650.657
24.282,3.8951,5.1240,3.4811,0.1316,-0.0526,1788739650.677
24.303,3.8926,5.1231,3.4800,0.1316,-0.0526,1788739650.697
24.322,3.8901,5.1222,3.4789,0.1316,-0.0526,1788739650.717
24.342,3.8882,5.1216,3.4789,0.1000,0.0000,1788739650.737
24.362,3.8863,5.1209,3.4789,0.1000,0.0000,1788739650.757
24.382,3.8845,5.1203,3.4789,0.1000,0.0000,1788739650.777
24.402,3.8826,5.1196,3.4789,0.1000,0.0000,1788739650.797
24.422,3.8807,5.1189,3.4789,0.1000,0.0000,1788739650.817
24.442,3.8788,5.1183,3.4789,0.1000,0.0000,1788739650.837
24.462,3.8769,5.1176,3.4789,0.1000,0.0000,1788739650.857
24.482,3.8750,5.1169,3.4789,0.1000,0.0000,1788739650.877
24.502,3.8731,5.1163,3.4789,0.1000,0.0000,1788739650.897
24.522,3.8712,5.1156,3.4789,0.1000,0.0000,1788739650.917
24.542,3.8694,5.1150,3.4789,0.1000,0.0000,1788739650.937
24.562,3.8675,5.1143,3.4789,0.1000,0.0000,1788739650.957
24.583,3.8656,5.1136,3.4789,0.1000,0.0000,1788739650.977
24.602,3.8637,5.1130,3.4789,0.1000,0.0000,1788739650.997
24.622,3.8618,5.1123,3.4789,0.1000,0.0000,1788739651.017
24.642,3.8596,5.1115,3.4779,0.1158,-0.0526,1788739651.037
24.662,3.8574,5.1108,3.4768,0.1158,-0.0526,1788739651.057
24.682,3.8553,5.1100,3.4758,0.1158,-0.0526,1788739651.077
24.702,3.8531,5.1093,3.4747,0.1158,-0.0526,1788739651.097
24.722,3.8509,5.1085,3.4737,0.1158,-0.0526,1788739651.117
24.742,3.8487,5.1078,3.4726,0.1158,-0.0526,1788739651.137
24.763,3.8465,5.1070,3.4716,0.1158,-0.0526,1788739651.157
24.783,3.8443,5.1063,3.4705,0.1158,-0.0526,1788739651.177
24.802,3.8421,5.1055,3.4695,0.1158,-0.0526,1788739651.197
24.822,3.8399,5.1048,3.4684,0.1158,-0.0526,1788739651.217
24.842,3.8380,5.1041,3.4674,0.1000,-0.0526,1788739651.237
24.862,3.8361,5.1035,3.4663,0.1000,-0.0526,1788739651.257
24.882,3.8342,5.1029,3.4653,0.1000,-0.0526,1788739651.277
24.902,3.8323,5.1022,3.4642,0.1000,-0.0526,1788739651.297
24.922,3.8304,5.1016,3.4632,0.1000,-0.0526,1788739651.317
24.942,3.8285,5.1010,3.4621,0.1000,-0.0526,1788739651.337
24.962,3.8266,5.1003,3.4611,0.1000,-0.0526,1788739651.357
24.982,3.8247,5.0997,3.4600,0.1000,-0.0526,1788739651.377
25.002,3.8228,5.0991,3.4589,0.1000,-0.0526,1788739651.397
25.022,3.8209,5.0985,3.4579,0.1000,-0.0526,1788739651.417
25.042,3.8190,5.0978,3.4568,0.1000,-0.0526,1788739651.437
25.062,3.8171,5.0972,3.4558,0.1000,-0.0526,1788739651.457
25.082,3.8152,5.0966,3.4547,0.1000,-0.0526,1788739651.477
25.102,3.8133,5.0960,3.4537,0.1000,-0.0526,1788739651.497
25.122,3.8114,5.0954,3.4526,0.1000,-0.0526,1788739651.517
25.142,3.8095,5.0948,3.4516,0.1000,-0.0526,1788739651.537
25.162,3.8076,5.0942,3.4505,0.1000,-0.0526,1788739651.557
25.182,3.8057,5.0936,3.4495,0.1000,-0.0526,1788739651.577
25.202,3.8038,5.0930,3.4484,0.1000,-0.0526,1788739651.597
25.222,3.8019,5.0923,3.4474,0.1000,-0.0526,1788739651.617
25.242,3.8000,5.0917,3.4463,0.1000,-0.0526,1788739651.637
25.262,3.7981,5.0911,3.4453,0.1000,-0.0526,1788739651.657
25.282,3.7962,5.0906,3.4442,0.1000,-0.0526,1788739651.677
25.302,3.7943,5.0900,3.4432,0.1000,-0.0526,1788739651.697
25.323,3.7923,5.0894,3.4421,0.1000,-0.0526,1788739651.717
25.343,3.7904,5.0888,3.4411,0.1000,-0.0526,1788739651.737
25.362,3.7885,5.0882,3.4400,0.1000,-0.0526,1788739651.757
25.382,3.7866,5.0876,3.4389,0.1000,-0.0526,1788739651.777
25.402,3.7847,5.0870,3.4379,0.1000,-0.0526,1788739651.797
25.422,3.7828,5.0864,3.4368,0.1000,-0.0526,1788739651.817
25.442,3.7809,5.0859,3.4358,0.1000,-0.0526,1788739651.837
25.462,3.7790,5.0853,3.4347,0.1000,-0.0526,1788739651.857
25.482,3.7770,5.0847,3.4337,0.1000,-0.0526,1788739651.877
25.502,3.7751,5.0841,3.4326,0.1000,-0.0526,1788739651.897
25.522,3.7732,5.0836,3.4316,0.1000,-0.0526,1788739651.917
25.542,3.7713,5.0830,3.4305,0.1000,-0.0526,1788739651.937
25.562,3.7694,5.0824,3.4295,0.1000,-0.0526,1788739651.957
25.582,3.7675,5.0819,3.4284,0.1000,-0.0526,1788739651.977
25.602,3.7655,5.0813,3.4274,0.1000,-0.0526,1788739651.997
25.622,3.7636,5.0807,3.4263,0.1000,-0.0526,1788739652.017
25.642,3.7617,5.0802,3.4253,0.1000,-0.0526,1788739652.037
25.662,3.7598,5.0796,3.4242,0.1000,-0.0526,1788739652.057
25.682,3.7579,5.0791,3.4232,0.1000,-0.0526,1788739652.077
25.702,3.7559,5.0785,3.4221,0.1000,-0.0526,1788739652.097
25.723,3.7540,5.0780,3.4211,0.1000,-0.0526,1788739652.117
25.742,3.7521,5.0774,3.4200,0.1000,-0.0526,1788739652.137
25.762,3.7502,5.0769,3.4189,0.1000,-0.0526,1788739652.157
25.782,3.7482,5.0763,3.4179,0.1000,-0.0526,1788739652.177
25.802,3.7463,5.0758,3.4168,0.1000,-0.0526,1788739652.197
25.822,3.7444,5.0752,3.4158,0.1000,-0.0526,1788739652.217
25.842,3.7425,5.0747,3.4147,0.1000,-0.0526,1788739652.237
25.862,3.7405,5.0741,3.4137,0.1000,-0.0526,1788739652.257
25.882,3.7386,5.0736,3.4126,0.1000,-0.0526,1788739652.277
25.902,3.7367,5.0731,3.4116,0.1000,-0.0526,1788739652.297
25.923,3.7348,5.0725,3.4105,0.1000,-0.0526,1788739652.317
25.943,3.7328,5.0720,3.4095,0.1000,-0.0526,1788739652.337
25.962,3.7309,5.0715,3.4084,0.1000,-0.0526,1788739652.357
25.982,3.7290,5.0710,3.4074,0.1000,-0.0526,1788739652.377
26.002,3.7270,5.0704,3.4063,0.1000,-0.0526,1788739652.397
26.022,3.7251,5.0699,3.4053,0.1000,-0.0526,1788739652.417
26.042,3.7232,5.0694,3.4042,0.1000,-0.0526,1788739652.437
26.062,3.7212,5.0689,3.4032,0.1000,-0.0526,1788739652.457
26.082,3.7193,5.0684,3.4021,0.1000,-0.0526,1788739652.477
26.102,3.7174,5.0679,3.4011,0.1000,-0.0526,1788739652.497
26.122,3.7154,5.0673,3.4000,0.1000,-0.0526,1788739652.517
26.142,3.7135,5.0668,3.3989,0.1000,-0.0526,1788739652.537
26.162,3.7116,5.0663,3.3979,0.1000,-0.0526,1788739652.557
26.182,3.7096,5.0658,3.3968,0.1000,-0.0526,1788739652.577
26.202,3.7077,5.0653,3.3958,0.1000,-0.0526,1788739652.597
26.222,3.7058,5.0648,3.3947,0.1000,-0.0526,1788739652.617
26.242,3.7038,5.0643,3.3937,0.1000,-0.0526,1788739652.637
26.263,3.7019,5.0638,3.3926,0.1000,-0.0526,1788739652.657
26.282,3.7000,5.0633,3.3916,0.1000,-0.0526,1788739652.677
26.302,3.6980,5.0628,3.3905,0.1000,-0.0526,1788739652.697
26.322,3.6961,5.0623,3.3895,0.1000,-0.0526,1788739652.717
26.342,3.6941,5.0619,3.3884,0.1000,-0.0526,1788739652.737
26.362,3.6922,5.0614,3.3874,0.1000,-0.0526,1788739652.757
26.382,3.6903,5.0609,3.3863,0.1000,-0.0526,1788739652.777
26.402,3.6883,5.0604,3.3853,0.1000,-0.0526,1788739652.797
26.422,3.6864,5.0599,3.3842,0.1000,-0.0526,1788739652.817
26.442,3.6844,5.0594,3.3832,0.1000,-0.0526,1788739652.837
26.462,3.6825,5.0590,3.3821,0.1000,-0.0526,1788739652.857
26.482,3.6806,5.0585,3.3811,0.1000,-0.0526,1788739652.877
26.502,3.6786,5.0580,3.3800,0.1000,-0.0526,1788739652.897
26.523,3.6767,5.0575,3.3789,0.1000,-0.0526,1788739652.917
26.542,3.6747,5.0571,3.3779,0.1000,-0.0526,1788739652.937
26.562,3.6728,5.0566,3.3768,0.1000,-0.0526,1788739652.957
26.582,3.6708,5.0562,3.3758,0.1000,-0.0526,1788739652.977
26.602,3.6689,5.0557,3.3747,0.1000,-0.0526,1788739652.997
26.623,3.6669,5.0552,3.3737,0.1000,-0.0526,1788739653.017
26.642,3.6650,5.0548,3.3726,0.1000,-0.0526,1788739653.037
26.662,3.6630,5.0543,3.3716,0.1000,-0.0526,1788739653.057
26.683,3.6611,5.0539,3.3705,0.1000,-0.0526,1788739653.077
26.702,3.6591,5.0534,3.3695,0.1000,-0.0526,1788739653.097
26.722,3.6572,5.0530,3.3684,0.1000,-0.0526,1788739653.117
26.742,3.6552,5.0525,3.3674,0.1000,-0.0526,1788739653.137
26.763,3.6533,5.0521,3.3663,0.1000,-0.0526,1788739653.157
26.782,3.6513,5.0516,3.3653,0.1000,-0.0526,1788739653.177
26.802,3.6494,5.0512,3.3642,0.1000,-0.0526,1788739653.197
26.822,3.6474,5.0507,3.3632,0.1000,-0.0526,1788739653.217
26.843,3.6455,5.0503,3.3621,0.1000,-0.0526,1788739653.237
26.863,3.6435,5.0499,3.3611,0.1000,-0.0526,1788739653.257
26.882,3.6416,5.0494,3.3600,0.1000,-0.0526,1788739653.277
26.902,3.6396,5.0490,3.3589,0.1000,-0.0526,1788739653.297
26.922,3.6377,5.0486,3.3579,0.1000,-0.0526,1788739653.317
26.942,3.6357,5.0481,3.3568,0.1000,-0.0526,1788739653.337
26.962,3.6338,5.0477,3.3558,0.1000,-0.0526,1788739653.357
26.982,3.6318,5.0473,3.3547,0.1000,-0.0526,1788739653.377
27.002,3.6299,5.0469,3.3537,0.1000,-0.0526,1788739653.397
27.022,3.6279,5.0465,3.3526,0.1000,-0.0526,1788739653.417
27.043,3.6260,5.0460,3.3516,0.1000,-0.0526,1788739653.437
27.062,3.6240,5.0456,3.3505,0.1000,-0.0526,1788739653.457
27.082,3.6220,5.0452,3.3495,0.1000,-0.0526,1788739653.477
27.102,3.6201,5.0448,3.3484,0.1000,-0.0526,1788739653.497
27.122,3.6181,5.0444,3.3474,0.1000,-0.0526,1788739653.517
27.142,3.6162,5.0440,3.3463,0.1000,-0.0526,1788739653.537
27.162,3.6142,5.0436,3.3453,0.1000,-0.0526,1788739653.557
27.183,3.6123,5.0432,3.3442,0.1000,-0.0526,1788739653.577
27.202,3.6103,5.0428,3.3432,0.1000,-0.0526,1788739653.597
27.222,3.6083,5.0424,3.3421,0.1000,-0.0526,1788739653.617
27.242,3.6064,5.0420,3.3411,0.1000,-0.0526,1788739653.637
27.262,3.6044,5.0416,3.3400,0.1000,-0.0526,1788739653.657
27.282,3.6024,5.0412,3.3389,0.1000,-0.0526,1788739653.677
27.302,3.6005,5.0408,3.3379,0.1000,-0.0526,1788739653.697
27.322,3.5985,5.0404,3.3368,0.1000,-0.0526,1788739653.717
27.342,3.5966,5.0400,3.3358,0.1000,-0.0526,1788739653.737
27.363,3.5946,5.0397,3.3347,0.1000,-0.0526,1788739653.757
27.382,3.5926,5.0393,3.3337,0.1000,-0.0526,1788739653.777
27.402,3.5907,5.0389,3.3326,0.1000,-0.0526,1788739653.797
27.422,3.5887,5.0385,3.3316,0.1000,-0.0526,1788739653.817
27.442,3.5867,5.0381,3.3305,0.1000,-0.0526,1788739653.837
27.463,3.5848,5.0378,3.3295,0.1000,-0.0526,1788739653.857
27.482,3.5828,5.0374,3.3284,0.1000,-0.0526,1788739653.877
27.502,3.5808,5.0370,3.3274,0.1000,-0.0526,1788739653.897
27.522,3.5789,5.0367,3.3263,0.1000,-0.0526,1788739653.917
27.542,3.5763,5.0362,3.3253,0.1316,-0.0526,1788739653.937
27.562,3.5737,5.0357,3.3242,0.1316,-0.0526,1788739653.957
27.582,3.5711,5.0352,3.3232,0.1316,-0.0526,1788739653.977
27.602,3.5685,5.0347,3.3221,0.1316,-0.0526,1788739653.997
27.622,3.5659,5.0343,3.3211,0.1316,-0.0526,1788739654.017
27.642,3.5634,5.0338,3.3200,0.1316,-0.0526,1788739654.037
27.662,3.5608,5.0333,3.3189,0.1316,-0.0526,1788739654.057
27.683,3.5582,5.0329,3.3179,0.1316,-0.0526,1788739654.077
27.702,3.5556,5.0324,3.3168,0.1316,-0.0526,1788739654.097
27.723,3.5530,5.0320,3.3158,0.1316,-0.0526,1788739654.117
27.742,3.5510,5.0316,3.3147,0.1000,-0.0526,1788739654.137
27.762,3.5490,5.0313,3.3137,0.1000,-0.0526,1788739654.157
27.782,3.5471,5.0309,3.3126,0.1000,-0.0526,1788739654.177
27.802,3.5451,5.0306,3.3116,0.1000,-0.0526,1788739654.197
27.822,3.5431,5.0303,3.3105,0.1000,-0.0526,1788739654.217
27.842,3.5405,5.0298,3.3095,0.1316,-0.0526,1788739654.237
27.862,3.5379,5.0294,3.3084,0.1316,-0.0526,1788739654.257
27.882,3.5353,5.0290,3.3074,0.1316,-0.0526,1788739654.277
27.902,3.5328,5.0285,3.3063,0.1316,-0.0526,1788739654.297
27.922,3.5302,5.0281,3.3053,0.1316,-0.0526,1788739654.317
27.942,3.5276,5.0277,3.3042,0.1316,-0.0526,1788739654.337
27.962,3.5250,5.0272,3.3032,0.1316,-0.0526,1788739654.357
27.982,3.5224,5.0268,3.3021,0.1316,-0.0526,1788739654.377
28.002,3.5198,5.0264,3.3011,0.1316,-0.0526,1788739654.397
28.022,3.5172,5.0260,3.3000,0.1316,-0.0526,1788739654.417
28.042,3.5149,5.0256,3.2989,0.1158,-0.0526,1788739654.437
28.062,3.5126,5.0253,3.2979,0.1158,-0.0526,1788739654.457
28.082,3.5103,5.0249,3.2968,0.1158,-0.0526,1788739654.477
28.102,3.5080,5.0246,3.2958,0.1158,-0.0526,1788739654.497
28.122,3.5057,5.0242,3.2947,0.1158,-0.0526,1788739654.517
28.142,3.5034,5.0239,3.2937,0.1158,-0.0526,1788739654.537
28.162,3.5011,5.0235,3.2926,0.1158,-0.0526,1788739654.557
28.182,3.4989,5.0232,3.2916,0.1158,-0.0526,1788739654.577
28.202,3.4966,5.0228,3.2905,0.1158,-0.0526,1788739654.597
28.222,3.4943,5.0225,3.2895,0.1158,-0.0526,1788739654.617
28.243,3.4920,5.0221,3.2884,0.1158,-0.0526,1788739654.637
28.262,3.4897,5.0218,3.2874,0.1158,-0.0526,1788739654.657
28.282,3.4874,5.0215,3.2863,0.1158,-0.0526,1788739654.677
28.302,3.4851,5.0211,3.2853,0.1158,-0.0526,1788739654.697
28.323,3.4828,5.0208,3.2842,0.1158,-0.0526,1788739654.717
28.342,3.4805,5.0205,3.2832,0.1158,-0.0526,1788739654.737
28.362,3.4782,5.0202,3.2821,0.1158,-0.0526,1788739654.757
28.382,3.4759,5.0198,3.2811,0.1158,-0.0526,1788739654.777
28.402,3.4736,5.0195,3.2800,0.1158,-0.0526,1788739654.797
28.422,3.4714,5.0192,3.2789,0.1158,-0.0526,1788739654.817
28.442,3.4694,5.0189,3.2789,0.1000,0.0000,1788739654.837
28.462,3.4674,5.0186,3.2789,0.1000,0.0000,1788739654.857
28.482,3.4654,5.0184,3.2789,0.1000,0.0000,1788739654.877
28.502,3.4634,5.0181,3.2789,0.1000,0.0000,1788739654.897
28.522,3.4614,5.0178,3.2789,0.1000,0.0000,1788739654.917
28.543,3.4595,5.0176,3.2779,0.1000,-0.0526,1788739654.937
28.563,3.4575,5.0173,3.2768,0.1000,-0.0526,1788739654.957
28.583,3.4555,5.0170,3.2758,0.1000,-0.0526,1788739654.977
28.603,3.4535,5.0168,3.2747,0.1000,-0.0526,1788739654.997
28.623,3.4515,5.0165,3.2737,0.1000,-0.0526,1788739655.017
28.643,3.4496,5.0162,3.2726,0.1000,-0.0526,1788739655.037
28.663,3.4476,5.0160,3.2716,0.1000,-0.0526,1788739655.057
28.683,3.4456,5.0157,3.2705,0.1000,-0.0526,1788739655.077
28.703,3.4436,5.0155,3.2695,0.1000,-0.0526,1788739655.097
28.723,3.4416,5.0152,3.2684,0.1000,-0.0526,1788739655.117
28.743,3.4396,5.0150,3.2674,0.1000,-0.0526,1788739655.137
28.762,3.4377,5.0147,3.2663,0.1000,-0.0526,1788739655.157
28.782,3.4357,5.0145,3.2653,0.1000,-0.0526,1788739655.177
28.802,3.4337,5.0142,3.2642,0.1000,-0.0526,1788739655.197
28.822,3.4317,5.0140,3.2632,0.1000,-0.0526,1788739655.217
28.843,3.4297,5.0137,3.2621,0.1000,-0.0526,1788739655.237
28.863,3.4277,5.0135,3.2611,0.1000,-0.0526,1788739655.257
28.882,3.4257,5.0133,3.2600,0.1000,-0.0526,1788739655.277
28.902,3.4238,5.0130,3.2589,0.1000,-0.0526,1788739655.297
28.922,3.4218,5.0128,3.2579,0.1000,-0.0526,1788739655.317
28.942,3.4198,5.0126,3.2568,0.1000,-0.0526,1788739655.337
28.962,3.4178,5.0123,3.2558,0.1000,-0.0526,1788739655.357
28.982,3.4158,5.0121,3.2547,0.1000,-0.0526,1788739655.377
29.002,3.4138,5.0119,3.2537,0.1000,-0.0526,1788739655.397
29.022,3.4118,5.0117,3.2526,0.1000,-0.0526,1788739655.417
29.042,3.4098,5.0114,3.2516,0.1000,-0.0526,1788739655.437
29.062,3.4079,5.0112,3.2505,0.1000,-0.0526,1788739655.457
29.082,3.4059,5.0110,3.2495,0.1000,-0.0526,1788739655.477
29.102,3.4039,5.0108,3.2484,0.1000,-0.0526,1788739655.497
29.122,3.4019,5.0106,3.2474,0.1000,-0.0526,1788739655.517
29.143,3.3999,5.0104,3.2463,0.1000,-0.0526,1788739655.537
29.163,3.3979,5.0102,3.2453,0.1000,-0.0526,1788739655.557
29.182,3.3959,5.0100,3.2442,0.1000,-0.0526,1788739655.577
29.202,3.3939,5.0098,3.2432,0.1000,-0.0526,1788739655.597
29.222,3.3919,5.0096,3.2421,0.1000,-0.0526,1788739655.617
29.242,3.3900,5.0094,3.2411,0.1000,-0.0526,1788739655.637
29.262,3.3880,5.0092,3.2400,0.1000,-0.0526,1788739655.657
29.282,3.3860,5.0090,3.2389,0.1000,-0.0526,1788739655.677
29.302,3.3840,5.0088,3.2379,0.1000,-0.0526,1788739655.697
29.322,3.3820,5.0086,3.2368,0.1000,-0.0526,1788739655.717
29.342,3.3800,5.0084,3.2368,0.1000,0.0000,1788739655.737
29.363,3.3780,5.0082,3.2368,0.1000,0.0000,1788739655.757
29.382,3.3760,5.0080,3.2368,0.1000,0.0000,1788739655.777
29.402,3.3740,5.0078,3.2368,0.1000,0.0000,1788739655.797
29.422,3.3720,5.0076,3.2368,0.1000,0.0000,1788739655.817
29.442,3.3700,5.0074,3.2368,0.1000,0.0000,1788739655.837
29.463,3.3681,5.0073,3.2368,0.1000,0.0000,1788739655.857
29.482,3.3661,5.0071,3.2368,0.1000,0.0000,1788739655.877
29.502,3.3641,5.0069,3.2368,0.1000,0.0000,1788739655.897
29.522,3.3621,5.0067,3.2368,0.1000,0.0000,1788739655.917
29.542,3.3601,5.0065,3.2358,0.1000,-0.0526,1788739655.937
29.562,3.3581,5.0063,3.2347,0.1000,-0.0526,1788739655.957
29.582,3.3561,5.0061,3.2337,0.1000,-0.0526,1788739655.977
29.602,3.3541,5.0059,3.2326,0.1000,-0.0526,1788739655.997
29.622,3.3521,5.0058,3.2316,0.1000,-0.0526,1788739656.017
29.642,3.3501,5.0056,3.2316,0.1000,0.0000,1788739656.037
29.662,3.3481,5.0054,3.2316,0.1000,0.0000,1788739656.057
29.682,3.3461,5.0052,3.2316,0.1000,0.0000,1788739656.077
29.702,3.3442,5.0050,3.2316,0.1000,0.0000,1788739656.097
29.722,3.3422,5.0049,3.2316,0.1000,0.0000,1788739656.117
29.742,3.3402,5.0047,3.2305,0.1000,-0.0526,1788739656.137
29.762,3.3382,5.0045,3.2295,0.1000,-0.0526,1788739656.157
29.782,3.3362,5.0043,3.2284,0.1000,-0.0526,1788739656.177
29.802,3.3342,5.0042,3.2274,0.1000,-0.0526,1788739656.197
29.822,3.3322,5.0040,3.2263,0.1000,-0.0526,1788739656.217
29.842,3.3302,5.0038,3.2263,0.1000,0.0000,1788739656.237
29.862,3.3282,5.0037,3.2263,0.1000,0.0000,1788739656.257
29.882,3.3262,5.0035,3.2263,0.1000,0.0000,1788739656.277
29.902,3.3242,5.0033,3.2263,0.1000,0.0000,1788739656.297
29.922,3.3222,5.0032,3.2263,0.1000,0.0000,1788739656.317
29.943,3.3202,5.0030,3.2263,0.1000,0.0000,1788739656.337
29.962,3.3183,5.0028,3.2263,0.1000,0.0000,1788739656.357
29.982,3.3163,5.0026,3.2263,0.1000,0.0000,1788739656.377
30.002,3.3143,5.0025,3.2263,0.1000,0.0000,1788739656.397
30.022,3.3123,5.0023,3.2263,0.1000,0.0000,1788739656.417
30.042,3.3103,5.0021,3.2253,0.1000,-0.0526,1788739656.437
30.062,3.3083,5.0020,3.2242,0.1000,-0.0526,1788739656.457
30.082,3.3063,5.0018,3.2232,0.1000,-0.0526,1788739656.477
30.102,3.3043,5.0016,3.2221,0.1000,-0.0526,1788739656.497
30.122,3.3023,5.0015,3.2211,0.1000,-0.0526,1788739656.517
30.142,3.3003,5.0013,3.2211,0.1000,0.0000,1788739656.537
30.162,3.2983,5.0012,3.2211,0.1000,0.0000,1788739656.557
30.182,3.2963,5.0010,3.2211,0.1000,0.0000,1788739656.577
30.202,3.2943,5.0009,3.2211,0.1000,0.0000,1788739656.597
30.222,3.2923,5.0007,3.2211,0.1000,0.0000,1788739656.617
30.242,3.2903,5.0005,3.2211,0.1000,0.0000,1788739656.637
30.262,3.2884,5.0004,3.2211,0.1000,0.0000,1788739656.657
30.282,3.2864,5.0002,3.2211,0.1000,0.0000,1788739656.677
30.302,3.2844,5.0001,3.2211,0.1000,0.0000,1788739656.697
30.322,3.2824,4.9999,3.2211,0.1000,0.0000,1788739656.717
30.342,3.2804,4.9997,3.2211,0.1000,0.0000,1788739656.737
30.363,3.2784,4.9996,3.2211,0.1000,0.0000,1788739656.757
30.382,3.2764,4.9994,3.2211,0.1000,0.0000,1788739656.777
30.402,3.2744,4.9993,3.2211,0.1000,0.0000,1788739656.797
30.422,3.2724,4.9991,3.2211,0.1000,0.0000,1788739656.817
30.442,3.2704,4.9990,3.2200,0.1000,-0.0526,1788739656.837
30.462,3.2684,4.9988,3.2189,0.1000,-0.0526,1788739656.857
30.482,3.2664,4.9986,3.2179,0.1000,-0.0526,1788739656.877
30.502,3.2644,4.9985,3.2168,0.1000,-0.0526,1788739656.897
30.522,3.2624,4.9983,3.2158,0.1000,-0.0526,1788739656.917
30.543,3.2604,4.9982,3.2158,0.1000,0.0000,1788739656.937
30.562,3.2584,4.9981,3.2158,0.1000,0.0000,1788739656.957
30.583,3.2564,4.9979,3.2158,0.1000,0.0000,1788739656.977
30.602,3.2545,4.9978,3.2158,0.1000,0.0000,1788739656.997
30.622,3.2525,4.9976,3.2158,0.1000,0.0000,1788739657.017
30.643,3.2505,4.9975,3.2158,0.1000,0.0000,1788739657.037
30.662,3.2485,4.9973,3.2158,0.1000,0.0000,1788739657.057
30.682,3.2465,4.9972,3.2158,0.1000,0.0000,1788739657.077
30.702,3.2445,4.9970,3.2158,0.1000,0.0000,1788739657.097
30.722,3.2425,4.9969,3.2158,0.1000,0.0000,1788739657.117
30.742,3.2405,4.9967,3.2147,0.1000,-0.0526,1788739657.137
30.762,3.2385,4.9966,3.2137,0.1000,-0.0526,1788739657.157
30.782,3.2365,4.9964,3.2126,0.1000,-0.0526,1788739657.177
30.802,3.2345,4.9963,3.2116,0.1000,-0.0526,1788739657.197
30.822,3.2325,4.9962,3.2105,0.1000,-0.0526,1788739657.217
30.842,3.2305,4.9960,3.2105,0.1000,0.0000,1788739657.237
30.862,3.2285,4.9959,3.2105,0.1000,0.0000,1788739657.257
30.882,3.2265,4.9957,3.2105,0.1000,0.0000,1788739657.277
30.902,3.2245,4.9956,3.2105,0.1000,0.0000,1788739657.297
30.922,3.2225,4.9955,3.2105,0.1000,0.0000,1788739657.317
30.942,3.2205,4.9953,3.2105,0.1000,0.0000,1788739657.337
30.962,3.2185,4.9952,3.2105,0.1000,0.0000,1788739657.357
30.982,3.2165,4.9951,3.2105,0.1000,0.0000,1788739657.377
31.002,3.2146,4.9949,3.2105,0.1000,0.0000,1788739657.397
31.022,3.2126,4.9948,3.2105,0.1000,0.0000,1788739657.417
31.042,3.2106,4.9946,3.2105,0.1000,0.0000,1788739657.437
31.063,3.2086,4.9945,3.2105,0.1000,0.0000,1788739657.457
31.082,3.2066,4.9944,3.2105,0.1000,0.0000,1788739657.477
31.102,3.2046,4.9942,3.2105,0.1000,0.0000,1788739657.497
31.122,3.2026,4.9941,3.2105,0.1000,0.0000,1788739657.517
31.142,3.2006,4.9940,3.2095,0.1000,-0.0526,1788739657.537
31.162,3.1986,4.9938,3.2084,0.1000,-0.0526,1788739657.557
31.182,3.1966,4.9937,3.2074,0.1000,-0.0526,1788739657.577
31.202,3.1946,4.9936,3.2063,0.1000,-0.0526,1788739657.597
31.222,3.1926,4.9934,3.2053,0.1000,-0.0526,1788739657.617
31.242,3.1906,4.9933,3.2053,0.1000,0.0000,1788739657.637
31.262,3.1886,4.9932,3.2053,0.1000,0.0000,1788739657.657
31.282,3.1866,4.9930,3.2053,0.1000,0.0000,1788739657.677
31.302,3.1846,4.9929,3.2053,0.1000,0.0000,1788739657.697
31.322,3.1826,4.9928,3.2053,0.1000,0.0000,1788739657.717
31.342,3.1806,4.9927,3.2053,0.1000,0.0000,1788739657.737
31.362,3.1786,4.9925,3.2053,0.1000,0.0000,1788739657.757
31.382,3.1766,4.9924,3.2053,0.1000,0.0000,1788739657.777
31.402,3.1746,4.9923,3.2053,0.1000,0.0000,1788739657.797
31.423,3.1726,4.9922,3.2053,0.1000,0.0000,1788739657.817
31.442,3.1706,4.9920,3.2053,0.1000,0.0000,1788739657.837
31.462,3.1687,4.9919,3.2053,0.1000,0.0000,1788739657.857
31.482,3.1667,4.9918,3.2053,0.1000,0.0000,1788739657.877
31.503,3.1647,4.9917,3.2053,0.1000,0.0000,1788739657.897
31.522,3.1627,4.9915,3.2053,0.1000,0.0000,1788739657.917
31.542,3.1607,4.9914,3.2042,0.1000,-0.0526,1788739657.937
31.562,3.1587,4.9913,3.2032,0.1000,-0.0526,1788739657.957
31.582,3.1567,4.9912,3.2021,0.1000,-0.0526,1788739657.977
31.602,3.1547,4.9910,3.2011,0.1000,-0.0526,1788739657.997
31.622,3.1527,4.9909,3.2000,0.1000,-0.0526,1788739658.017
31.642,3.1507,4.9908,3.2000,0.1000,0.0000,1788739658.037
31.662,3.1487,4.9907,3.2000,0.1000,0.0000,1788739658.057
31.682,3.1467,4.9906,3.2000,0.1000,0.0000,1788739658.077
31.702,3.1447,4.9905,3.2000,0.1000,0.0000,1788739658.097
31.722,3.1427,4.9903,3.2000,0.1000,0.0000,1788739658.117
31.743,3.1407,4.9902,3.2000,0.1000,0.0000,1788739658.137
31.762,3.1387,4.9901,3.2000,0.1000,0.0000,1788739658.157
31.782,3.1367,4.9900,3.2000,0.1000,0.0000,1788739658.177
31.802,3.1347,4.9899,3.2000,0.1000,0.0000,1788739658.197
31.822,3.1327,4.9898,3.2000,0.1000,0.0000,1788739658.217
31.842,3.1307,4.9896,3.2000,0.1000,0.0000,1788739658.237
31.862,3.1287,4.9895,3.2000,0.1000,0.0000,1788739658.257
31.882,3.1267,4.9894,3.2000,0.1000,0.0000,1788739658.277
31.902,3.1247,4.9893,3.2000,0.1000,0.0000,1788739658.297
31.922,3.1227,4.9892,3.2000,0.1000,0.0000,1788739658.317
31.942,3.1207,4.9891,3.1989,0.1000,-0.0526,1788739658.337
31.963,3.1187,4.9889,3.1979,0.1000,-0.0526,1788739658.357
31.983,3.1167,4.9888,3.1968,0.1000,-0.0526,1788739658.377
32.002,3.1147,4.9887,3.1958,0.1000,-0.0526,1788739658.397
32.022,3.1127,4.9886,3.1947,0.1000,-0.0526,1788739658.417
32.042,3.1108,4.9885,3.1947,0.1000,0.0000,1788739658.437
32.062,3.1088,4.9884,3.1947,0.1000,0.0000,1788739658.457
32.082,3.1068,4.9883,3.1947,0.1000,0.0000,1788739658.477
32.102,3.1048,4.9882,3.1947,0.1000,0.0000,1788739658.497
32.122,3.1028,4.9881,3.1947,0.1000,0.0000,1788739658.517
32.142,3.1008,4.9880,3.1947,0.1000,0.0000,1788739658.537
32.162,3.0988,4.9879,3.1947,0.1000,0.0000,1788739658.557
32.182,3.0968,4.9878,3.1947,0.1000,0.0000,1788739658.577
32.202,3.0948,4.9877,3.1947,0.1000,0.0000,1788739658.597
32.222,3.0928,4.9876,3.1947,0.1000,0.0000,1788739658.617
32.242,3.0908,4.9874,3.1947,0.1000,0.0000,1788739658.637
32.262,3.0888,4.9873,3.1947,0.1000,0.0000,1788739658.657
32.282,3.0868,4.9872,3.1947,0.1000,0.0000,1788739658.677
32.303,3.0848,4.9871,3.1947,0.1000,0.0000,1788739658.697
32.322,3.0828,4.9870,3.1947,0.1000,0.0000,1788739658.717
32.342,3.0808,4.9869,3.1947,0.1000,0.0000,1788739658.737
32.362,3.0788,4.9868,3.1947,0.1000,0.0000,1788739658.757
32.382,3.0768,4.9867,3.1947,0.1000,0.0000,1788739658.777
32.402,3.0748,4.9866,3.1947,0.1000,0.0000,1788739658.797
32.422,3.0728,4.9865,3.1947,0.1000,0.0000,1788739658.817
32.442,3.0708,4.9864,3.1937,0.1000,-0.0526,1788739658.837
32.462,3.0688,4.9863,3.1926,0.1000,-0.0526,1788739658.857
32.483,3.0668,4.9862,3.1916,0.1000,-0.0526,1788739658.877
32.502,3.0648,4.9861,3.1905,0.1000,-0.0526,1788739658.897
32.523,3.0628,4.9860,3.1895,0.1000,-0.0526,1788739658.917
32.543,3.0608,4.9859,3.1895,0.1000,0.0000,1788739658.937
32.562,3.0588,4.9858,3.1895,0.1000,0.0000,1788739658.957
32.582,3.0568,4.9857,3.1895,0.1000,0.0000,1788739658.977
32.602,3.0548,4.9856,3.1895,0.1000,0.0000,1788739658.997
32.622,3.0528,4.9855,3.1895,0.1000,0.0000,1788739659.017
32.642,3.0508,4.9854,3.1895,0.1000,0.0000,1788739659.037
32.662,3.0488,4.9853,3.1895,0.1000,0.0000,1788739659.057
32.682,3.0468,4.9852,3.1895,0.1000,0.0000,1788739659.077
32.702,3.0448,4.9851,3.1895,0.1000,0.0000,1788739659.097
32.722,3.0428,4.9850,3.1895,0.1000,0.0000,1788739659.117
32.742,3.0408,4.9849,3.1895,0.1000,0.0000,1788739659.137
32.762,3.0388,4.9848,3.1895,0.1000,0.0000,1788739659.157
32.782,3.0368,4.9847,3.1895,0.1000,0.0000,1788739659.177
32.802,3.0348,4.9846,3.1895,0.1000,0.0000,1788739659.197
32.822,3.0329,4.9846,3.1895,0.1000,0.0000,1788739659.217
32.843,3.0309,4.9845,3.1895,0.1000,0.0000,1788739659.237
32.862,3.0289,4.9844,3.1895,0.1000,0.0000,1788739659.257
32.882,3.0269,4.9843,3.1895,0.1000,0.0000,1788739659.277
32.903,3.0249,4.9842,3.1895,0.1000,0.0000,1788739659.297
32.922,3.0229,4.9841,3.1895,0.1000,0.0000,1788739659.317
32.942,3.0209,4.9840,3.1895,0.1000,0.0000,1788739659.337
32.962,3.0189,4.9839,3.1895,0.1000,0.0000,1788739659.357
32.982,3.0169,4.9838,3.1895,0.1000,0.0000,1788739659.377
33.002,3.0149,4.9837,3.1895,0.1000,0.0000,1788739659.397
33.022,3.0129,4.9836,3.1895,0.1000,0.0000,1788739659.417
33.042,3.0109,4.9835,3.1884,0.1000,-0.0526,1788739659.437
33.062,3.0089,4.9834,3.1874,0.1000,-0.0526,1788739659.457
33.082,3.0069,4.9833,3.1863,0.1000,-0.0526,1788739659.477
33.102,3.0049,4.9832,3.1853,0.1000,-0.0526,1788739659.497
33.122,3.0029,4.9831,3.1842,0.1000,-0.0526,1788739659.517
33.142,3.0009,4.9831,3.1842,0.1000,0.0000,1788739659.537
33.162,2.9989,4.9830,3.1842,0.1000,0.0000,1788739659.557
33.182,2.9969,4.9829,3.1842,0.1000,0.0000,1788739659.577
33.202,2.9949,4.9828,3.1842,0.1000,0.0000,1788739659.597
33.222,2.9929,4.9827,3.1842,0.1000,0.0000,1788739659.617
33.242,2.9909,4.9826,3.1842,0.1000,0.0000,1788739659.637
33.262,2.9889,4.9826,3.1842,0.1000,0.0000,1788739659.657
33.282,2.9869,4.9825,3.1842,0.1000,0.0000,1788739659.677
33.302,2.9849,4.9824,3.1842,0.1000,0.0000,1788739659.697
33.322,2.9829,4.9823,3.1842,0.1000,0.0000,1788739659.717
33.342,2.9809,4.9822,3.1842,0.1000,0.0000,1788739659.737
33.362,2.9789,4.9821,3.1842,0.1000,0.0000,1788739659.757
33.382,2.9769,4.9820,3.1842,0.1000,0.0000,1788739659.777
33.402,2.9749,4.9820,3.1842,0.1000,0.0000,1788739659.797
33.422,2.9729,4.9819,3.1842,0.1000,0.0000,1788739659.817
33.442,2.9709,4.9818,3.1842,0.1000,0.0000,1788739659.837
33.462,2.9689,4.9817,3.1842,0.1000,0.0000,1788739659.857
33.482,2.9669,4.9816,3.1842,0.1000,0.0000,1788739659.877
33.502,2.9649,4.9815,3.1842,0.1000,0.0000,1788739659.897
33.522,2.9629,4.9814,3.1842,0.1000,0.0000,1788739659.917
33.542,2.9609,4.9814,3.1842,0.1000,0.0000,1788739659.937
33.562,2.9589,4.9813,3.1842,0.1000,0.0000,1788739659.957
33.582,2.9569,4.9812,3.1842,0.1000,0.0000,1788739659.977
33.602,2.9549,4.9811,3.1842,0.1000,0.0000,1788739659.997
33.622,2.9529,4.9810,3.1842,0.1000,0.0000,1788739660.017
33.642,2.9509,4.9809,3.1832,0.1000,-0.0526,1788739660.037
33.662,2.9489,4.9809,3.1821,0.1000,-0.0526,1788739660.057
33.682,2.9469,4.9808,3.1811,0.1000,-0.0526,1788739660.077
33.702,2.9449,4.9807,3.1800,0.1000,-0.0526,1788739660.097
33.723,2.9429,4.9806,3.1789,0.1000,-0.0526,1788739660.117
33.742,2.9409,4.9806,3.1789,0.1000,0.0000,1788739660.137
33.762,2.9389,4.9805,3.1789,0.1000,0.0000,1788739660.157
33.782,2.9369,4.9804,3.1789,0.1000,0.0000,1788739660.177
33.803,2.9349,4.9803,3.1789,0.1000,0.0000,1788739660.197
33.822,2.9329,4.9803,3.1789,0.1000,0.0000,1788739660.217
33.842,2.9309,4.9802,3.1789,0.1000,0.0000,1788739660.237
33.862,2.9289,4.9801,3.1789,0.1000,0.0000,1788739660.257
33.882,2.9269,4.9800,3.1789,0.1000,0.0000,1788739660.277
33.902,2.9250,4.9800,3.1789,0.1000,0.0000,1788739660.297
33.922,2.9230,4.9799,3.1789,0.1000,0.0000,1788739660.317
33.942,2.9210,4.9798,3.1789,0.1000,0.0000,1788739660.337
33.962,2.9190,4.9797,3.1789,0.1000,0.0000,1788739660.357
33.982,2.9170,4.9797,3.1789,0.1000,0.0000,1788739660.377
34.002,2.9150,4.9796,3.1789,0.1000,0.0000,1788739660.397
34.022,2.9130,4.9795,3.1789,0.1000,0.0000,1788739660.417
34.042,2.9110,4.9794,3.1789,0.1000,0.0000,1788739660.437
34.062,2.9090,4.9794,3.1789,0.1000,0.0000,1788739660.457
34.082,2.9070,4.9793,3.1789,0.1000,0.0000,1788739660.477
34.102,2.9050,4.9792,3.1789,0.1000,0.0000,1788739660.497
34.122,2.9030,4.9791,3.1789,0.1000,0.0000,1788739660.517
34.142,2.9010,4.9791,3.1789,0.1000,0.0000,1788739660.537
34.162,2.8990,4.9790,3.1789,0.1000,0.0000,1788739660.557
34.182,2.8970,4.9789,3.1789,0.1000,0.0000,1788739660.577
34.202,2.8950,4.9788,3.1789,0.1000,0.0000,1788739660.597
34.222,2.8930,4.9788,3.1789,0.1000,0.0000,1788739660.617
34.242,2.8910,4.9787,3.1789,0.1000,0.0000,1788739660.637
34.262,2.8890,4.9786,3.1789,0.1000,0.0000,1788739660.657
34.282,2.8870,4.9785,3.1789,0.1000,0.0000,1788739660.677
34.302,2.8850,4.9785,3.1789,0.1000,0.0000,1788739660.697
34.322,2.8830,4.9784,3.1789,0.1000,0.0000,1788739660.717
34.342,2.8810,4.9783,3.1779,0.1000,-0.0526,1788739660.737
34.362,2.8790,4.9782,3.1768,0.1000,-0.0526,1788739660.757
34.382,2.8770,4.9782,3.1758,0.1000,-0.0526,1788739660.777
34.402,2.8750,4.9781,3.1747,0.1000,-0.0526,1788739660.797
34.422,2.8730,4.9780,3.1737,0.1000,-0.0526,1788739660.817
34.442,2.8710,4.9780,3.1737,0.1000,0.0000,1788739660.837
34.462,2.8690,4.9779,3.1737,0.1000,0.0000,1788739660.857
34.482,2.8670,4.9778,3.1737,0.1000,0.0000,1788739660.877
34.502,2.8650,4.9778,3.1737,0.1000,0.0000,1788739660.897
34.522,2.8630,4.9777,3.1737,0.1000,0.0000,1788739660.917
34.542,2.8610,4.9777,3.1737,0.1000,0.0000,1788739660.937
34.562,2.8590,4.9776,3.1737,0.1000,0.0000,1788739660.957
34.582,2.8570,4.9775,3.1737,0.1000,0.0000,1788739660.977
34.602,2.8550,4.9775,3.1737,0.1000,0.0000,1788739660.997
34.622,2.8530,4.9774,3.1737,0.1000,0.0000,1788739661.017
34.643,2.8510,4.9773,3.1737,0.1000,0.0000,1788739661.037
34.662,2.8490,4.9773,3.1737,0.1000,0.0000,1788739661.057
34.682,2.8470,4.9772,3.1737,0.1000,0.0000,1788739661.077
34.702,2.8450,4.9771,3.1737,0.1000,0.0000,1788739661.097
34.723,2.8430,4.9771,3.1737,0.1000,0.0000,1788739661.117
34.743,2.8410,4.9770,3.1737,0.1000,0.0000,1788739661.137
34.762,2.8390,4.9770,3.1737,0.1000,0.0000,1788739661.157
34.782,2.8370,4.9769,3.1737,0.1000,0.0000,1788739661.177
34.802,2.8350,4.9768,3.1737,0.1000,0.0000,1788739661.197
34.822,2.8330,4.9768,3.1737,0.1000,0.0000,1788739661.217
34.842,2.8310,4.9767,3.1737,0.1000,0.0000,1788739661.237
34.862,2.8290,4.9766,3.1737,0.1000,0.0000,1788739661.257
34.882,2.8270,4.9766,3.1737,0.1000,0.0000,1788739661.277
34.902,2.8250,4.9765,3.1737,0.1000,0.0000,1788739661.297
34.922,2.8230,4.9764,3.1737,0.1000,0.0000,1788739661.317
34.942,2.8210,4.9764,3.1737,0.1000,0.0000,1788739661.337
34.962,2.8190,4.9763,3.1737,0.1000,0.0000,1788739661.357
34.982,2.8170,4.9762,3.1737,0.1000,0.0000,1788739661.377
35.002,2.8150,4.9762,3.1737,0.1000,0.0000,1788739661.397
35.022,2.8130,4.9761,3.1737,0.1000,0.0000,1788739661.417
35.042,2.8110,4.9761,3.1737,0.1000,0.0000,1788739661.437
35.062,2.8090,4.9760,3.1737,0.1000,0.0000,1788739661.457
35.083,2.8070,4.9759,3.1737,0.1000,0.0000,1788739661.477
35.102,2.8050,4.9759,3.1737,0.1000,0.0000,1788739661.497
35.122,2.8030,4.9758,3.1737,0.1000,0.0000,1788739661.517
35.142,2.8010,4.9757,3.1726,0.1000,-0.0526,1788739661.537
35.162,2.7990,4.9757,3.1716,0.1000,-0.0526,1788739661.557
35.182,2.7970,4.9756,3.1705,0.1000,-0.0526,1788739661.577
35.202,2.7950,4.9756,3.1695,0.1000,-0.0526,1788739661.597
35.222,2.7930,4.9755,3.1684,0.1000,-0.0526,1788739661.617
35.242,2.7910,4.9755,3.1684,0.1000,0.0000,1788739661.637
35.262,2.7890,4.9754,3.1684,0.1000,0.0000,1788739661.657
35.282,2.7870,4.9753,3.1684,0.1000,0.0000,1788739661.677
35.302,2.7850,4.9753,3.1684,0.1000,0.0000,1788739661.697
35.322,2.7830,4.9752,3.1684,0.1000,0.0000,1788739661.717
35.342,2.7810,4.9752,3.1684,0.1000,0.0000,1788739661.737
35.362,2.7790,4.9751,3.1684,0.1000,0.0000,1788739661.757
35.382,2.7770,4.9751,3.1684,0.1000,0.0000,1788739661.777
35.402,2.7750,4.9750,3.1684,0.1000,0.0000,1788739661.797
35.422,2.7730,4.9750,3.1684,0.1000,0.0000,1788739661.817
35.442,2.7710,4.9749,3.1684,0.1000,0.0000,1788739661.837
35.462,2.7690,4.9749,3.1684,0.1000,0.0000,1788739661.857
35.482,2.7670,4.9748,3.1684,0.1000,0.0000,1788739661.877
35.502,2.7650,4.9748,3.1684,0.1000,0.0000,1788739661.897
35.523,2.7630,4.9747,3.1684,0.1000,0.0000,1788739661.917
35.542,2.7610,4.9746,3.1684,0.1000,0.0000,1788739661.937
35.562,2.7590,4.9746,3.1684,0.1000,0.0000,1788739661.957
35.582,2.7570,4.9745,3.1684,0.1000,0.0000,1788739661.977
35.602,2.7550,4.9745,3.1684,0.1000,0.0000,1788739661.997
35.622,2.7530,4.9744,3.1684,0.1000,0.0000,1788739662.017
35.642,2.7510,4.9744,3.1684,0.1000,0.0000,1788739662.037
35.662,2.7490,4.9743,3.1684,0.1000,0.0000,1788739662.057
35.682,2.7470,4.9743,3.1684,0.1000,0.0000,1788739662.077
35.702,2.7450,4.9742,3.1684,0.1000,0.0000,1788739662.097
35.722,2.7430,4.9742,3.1684,0.1000,0.0000,1788739662.117
35.743,2.7410,4.9741,3.1684,0.1000,0.0000,1788739662.137
35.762,2.7390,4.9741,3.1684,0.1000,0.0000,1788739662.157
35.782,2.7370,4.9740,3.1684,0.1000,0.0000,1788739662.177
35.802,2.7350,4.9740,3.1684,0.1000,0.0000,1788739662.197
35.822,2.7330,4.9739,3.1684,0.1000,0.0000,1788739662.217
35.842,2.7310,4.9738,3.1684,0.1000,0.0000,1788739662.237
35.862,2.7290,4.9738,3.1684,0.1000,0.0000,1788739662.257
35.882,2.7271,4.9737,3.1684,0.1000,0.0000,1788739662.277
35.902,2.7251,4.9737,3.1684,0.1000,0.0000,1788739662.297
35.922,2.7231,4.9736,3.1684,0.1000,0.0000,1788739662.317
35.942,2.7211,4.9736,3.1684,0.1000,0.0000,1788739662.337
35.962,2.7191,4.9735,3.1684,0.1000,0.0000,1788739662.357
35.982,2.7171,4.9735,3.1684,0.1000,0.0000,1788739662.377
36.002,2.7151,4.9734,3.1684,0.1000,0.0000,1788739662.397
36.022,2.7131,4.9734,3.1684,0.1000,0.0000,1788739662.417
36.042,2.7111,4.9733,3.1674,0.1000,-0.0526,1788739662.437
36.063,2.7091,4.9733,3.1663,0.1000,-0.0526,1788739662.457
36.082,2.7071,4.9732,3.1653,0.1000,-0.0526,1788739662.477
36.102,2.7051,4.9732,3.1642,0.1000,-0.0526,1788739662.497
36.122,2.7031,4.9731,3.1632,0.1000,-0.0526,1788739662.517
36.142,2.7011,4.9731,3.1632,0.1000,0.0000,1788739662.537
36.162,2.6991,4.9730,3.1632,0.1000,0.0000,1788739662.557
36.182,2.6971,4.9730,3.1632,0.1000,0.0000,1788739662.577
36.202,2.6951,4.9730,3.1632,0.1000,0.0000,1788739662.597
36.222,2.6931,4.9729,3.1632,0.1000,0.0000,1788739662.617
36.242,2.6911,4.9729,3.1632,0.1000,0.0000,1788739662.637
36.262,2.6891,4.9728,3.1632,0.1000,0.0000,1788739662.657
36.282,2.6871,4.9728,3.1632,0.1000,0.0000,1788739662.677
36.302,2.6851,4.9727,3.1632,0.1000,0.0000,1788739662.697
36.322,2.6831,4.9727,3.1632,0.1000,0.0000,1788739662.717
36.342,2.6811,4.9727,3.1632,0.1000,0.0000,1788739662.737
36.363,2.6791,4.9726,3.1632,0.1000,0.0000,1788739662.757
36.383,2.6771,4.9726,3.1632,0.1000,0.0000,1788739662.777
36.402,2.6751,4.9725,3.1632,0.1000,0.0000,1788739662.797
36.422,2.6731,4.9725,3.1632,0.1000,0.0000,1788739662.817
36.442,2.6711,4.9724,3.1632,0.1000,0.0000,1788739662.837
36.462,2.6691,4.9724,3.1632,0.1000,0.0000,1788739662.857
36.482,2.6671,4.9723,3.1632,0.1000,0.0000,1788739662.877
36.502,2.6651,4.9723,3.1632,0.1000,0.0000,1788739662.897
36.522,2.6631,4.9723,3.1632,0.1000,0.0000,1788739662.917
36.542,2.6611,4.9722,3.1632,0.1000,0.0000,1788739662.937
36.562,2.6591,4.9722,3.1632,0.1000,0.0000,1788739662.957
36.582,2.6571,4.9721,3.1632,0.1000,0.0000,1788739662.977
36.602,2.6551,4.9721,3.1632,0.1000,0.0000,1788739662.997
36.622,2.6531,4.9720,3.1632,0.1000,0.0000,1788739663.017
36.642,2.6511,4.9720,3.1632,0.1000,0.0000,1788739663.037
36.662,2.6491,4.9720,3.1632,0.1000,0.0000,1788739663.057
36.682,2.6471,4.9719,3.1632,0.1000,0.0000,1788739663.077
36.702,2.6451,4.9719,3.1632,0.1000,0.0000,1788739663.097
36.722,2.6431,4.9718,3.1632,0.1000,0.0000,1788739663.117
36.742,2.6411,4.9718,3.1632,0.1000,0.0000,1788739663.137
36.762,2.6391,4.9717,3.1632,0.1000,0.0000,1788739663.157
36.782,2.6371,4.9717,3.1632,0.1000,0.0000,1788739663.177
36.802,2.6351,4.9717,3.1632,0.1000,0.0000,1788739663.197
36.822,2.6331,4.9716,3.1632,0.1000,0.0000,1788739663.217
36.842,2.6311,4.9716,3.1632,0.1000,0.0000,1788739663.237
36.863,2.6291,4.9715,3.1632,0.1000,0.0000,1788739663.257
36.882,2.6271,4.9715,3.1632,0.1000,0.0000,1788739663.277
36.902,2.6251,4.9714,3.1632,0.1000,0.0000,1788739663.297
36.922,2.6231,4.9714,3.1632,0.1000,0.0000,1788739663.317
36.942,2.6211,4.9714,3.1632,0.1000,0.0000,1788739663.337
36.962,2.6191,4.9713,3.1632,0.1000,0.0000,1788739663.357
36.982,2.6171,4.9713,3.1632,0.1000,0.0000,1788739663.377
37.002,2.6151,4.9712,3.1632,0.1000,0.0000,1788739663.397
37.022,2.6131,4.9712,3.1632,0.1000,0.0000,1788739663.417
37.042,2.6111,4.9711,3.1632,0.1000,0.0000,1788739663.437
37.062,2.6091,4.9711,3.1632,0.1000,0.0000,1788739663.457
37.082,2.6071,4.9711,3.1632,0.1000,0.0000,1788739663.477
37.103,2.6051,4.9710,3.1632,0.1000,0.0000,1788739663.497
37.122,2.6031,4.9710,3.1632,0.1000,0.0000,1788739663.517
37.142,2.6011,4.9709,3.1632,0.1000,0.0000,1788739663.537
37.162,2.5991,4.9709,3.1632,0.1000,0.0000,1788739663.557
37.182,2.5971,4.9708,3.1632,0.1000,0.0000,1788739663.577
37.202,2.5951,4.9708,3.1632,0.1000,0.0000,1788739663.597
37.222,2.5931,4.9708,3.1632,0.1000,0.0000,1788739663.617
37.242,2.5911,4.9707,3.1432,0.1000,-1.0000,1788739663.637
37.262,2.5891,4.9708,3.1232,0.1000,-1.0000,1788739663.657
37.283,2.5871,4.9709,3.1032,0.1000,-1.0000,1788739663.677
37.302,2.5851,4.9710,3.0832,0.1000,-1.0000,1788739663.697
37.322,2.5831,4.9711,3.0632,0.1000,-1.0000,1788739663.717
37.342,2.5811,4.9713,3.0432,0.1000,-1.0000,1788739663.737
37.362,2.5791,4.9716,3.0232,0.1000,-1.0000,1788739663.757
37.382,2.5771,4.9718,3.0032,0.1000,-1.0000,1788739663.777
37.402,2.5752,4.9722,2.9832,0.1000,-1.0000,1788739663.797
37.422,2.5732,4.9725,2.9632,0.1000,-1.0000,1788739663.817
37.442,2.5712,4.9729,2.9432,0.1000,-1.0000,1788739663.837
37.462,2.5693,4.9733,2.9232,0.1000,-1.0000,1788739663.857
37.482,2.5673,4.9738,2.9032,0.1000,-1.0000,1788739663.877
37.502,2.5654,4.9743,2.8832,0.1000,-1.0000,1788739663.897
37.522,2.5635,4.9749,2.8632,0.1000,-1.0000,1788739663.917
37.543,2.5616,4.9755,2.8432,0.1000,-1.0000,1788739663.937
37.562,2.5597,4.9761,2.8232,0.1000,-1.0000,1788739663.957
37.582,2.5578,4.9768,2.8032,0.1000,-1.0000,1788739663.977
37.602,2.5559,4.9775,2.7832,0.1000,-1.0000,1788739663.997
37.622,2.5541,4.9782,2.7632,0.1000,-1.0000,1788739664.017
37.642,2.5522,4.9790,2.7432,0.1000,-1.0000,1788739664.037
37.662,2.5504,4.9798,2.7232,0.1000,-1.0000,1788739664.057
37.683,2.5486,4.9806,2.7032,0.1000,-1.0000,1788739664.077
37.702,2.5468,4.9815,2.6832,0.1000,-1.0000,1788739664.097
37.722,2.5450,4.9824,2.6632,0.1000,-1.0000,1788739664.117
37.742,2.5432,4.9834,2.6432,0.1000,-1.0000,1788739664.137
37.762,2.5415,4.9844,2.6232,0.1000,-1.0000,1788739664.157
37.782,2.5398,4.9854,2.6032,0.1000,-1.0000,1788739664.177
37.802,2.5381,4.9865,2.5832,0.1000,-1.0000,1788739664.197
37.822,2.5364,4.9876,2.5632,0.1000,-1.0000,1788739664.217
37.842,2.5348,4.9887,2.5432,0.1000,-1.0000,1788739664.237
37.863,2.5331,4.9899,2.5232,0.1000,-1.0000,1788739664.257
37.882,2.5315,4.9910,2.5032,0.1000,-1.0000,1788739664.277
37.902,2.5300,4.9923,2.4832,0.1000,-1.0000,1788739664.297
37.922,2.5284,4.9935,2.4632,0.1000,-1.0000,1788739664.317
37.942,2.5269,4.9948,2.4432,0.1000,-1.0000,1788739664.337
37.962,2.5254,4.9961,2.4232,0.1000,-1.0000,1788739664.357
37.982,2.5239,4.9975,2.4032,0.1000,-1.0000,1788739664.377
38.002,2.5224,4.9988,2.3832,0.1000,-1.0000,1788739664.397
38.022,2.5210,5.0003,2.3632,0.1000,-1.0000,1788739664.417
38.042,2.5196,5.0017,2.3432,0.1000,-1.0000,1788739664.437
38.063,2.5182,5.0031,2.3232,0.1000,-1.0000,1788739664.457
38.082,2.5169,5.0046,2.3032,0.1000,-1.0000,1788739664.477
38.102,2.5156,5.0061,2.2832,0.1000,-1.0000,1788739664.497
38.122,2.5143,5.0077,2.2632,0.1000,-1.0000,1788739664.517
38.142,2.5131,5.0092,2.2432,0.1000,-1.0000,1788739664.537
38.162,2.5119,5.0108,2.2232,0.1000,-1.0000,1788739664.557
38.182,2.5107,5.0125,2.2032,0.1000,-1.0000,1788739664.577
38.202,2.5095,5.0141,2.1832,0.1000,-1.0000,1788739664.597
38.222,2.5084,5.0157,2.1632,0.1000,-1.0000,1788739664.617
38.243,2.5073,5.0174,2.1432,0.1000,-1.0000,1788739664.637
38.262,2.5063,5.0191,2.1232,0.1000,-1.0000,1788739664.657
38.283,2.5053,5.0209,2.1032,0.1000,-1.0000,1788739664.677
38.302,2.5043,5.0226,2.0832,0.1000,-1.0000,1788739664.697
38.322,2.5033,5.0244,2.0632,0.1000,-1.0000,1788739664.717
38.342,2.5024,5.0261,2.0432,0.1000,-1.0000,1788739664.737
38.362,2.5016,5.0279,2.0232,0.1000,-1.0000,1788739664.757
38.382,2.5007,5.0298,2.0032,0.1000,-1.0000,1788739664.777
38.402,2.4999,5.0316,1.9832,0.1000,-1.0000,1788739664.797
38.422,2.4991,5.0334,1.9632,0.1000,-1.0000,1788739664.817
38.442,2.4983,5.0356,1.9432,0.1158,-1.0000,1788739664.837
38.462,2.4975,5.0378,1.9232,0.1158,-1.0000,1788739664.857
38.482,2.4967,5.0400,1.9032,0.1158,-1.0000,1788739664.877
38.502,2.4960,5.0422,1.8832,0.1158,-1.0000,1788739664.897
38.523,2.4954,5.0444,1.8632,0.1158,-1.0000,1788739664.917
38.542,2.4948,5.0463,1.8432,0.1000,-1.0000,1788739664.937
38.562,2.4943,5.0482,1.8232,0.1000,-1.0000,1788739664.957
38.583,2.4939,5.0502,1.8032,0.1000,-1.0000,1788739664.977
38.602,2.4935,5.0521,1.7832,0.1000,-1.0000,1788739664.997
38.622,2.4931,5.0541,1.7632,0.1000,-1.0000,1788739665.017
38.642,2.4927,5.0561,1.7432,0.1000,-1.0000,1788739665.037
38.662,2.4924,5.0581,1.7232,0.1000,-1.0000,1788739665.057
38.682,2.4922,5.0600,1.7032,0.1000,-1.0000,1788739665.077
38.702,2.4919,5.0620,1.6832,0.1000,-1.0000,1788739665.097
38.722,2.4917,5.0640,1.6632,0.1000,-1.0000,1788739665.117
38.742,2.4916,5.0660,1.6432,0.1000,-1.0000,1788739665.137
38.762,2.4915,5.0680,1.6232,0.1000,-1.0000,1788739665.157
38.782,2.4914,5.0700,1.6032,0.1000,-1.0000,1788739665.177
38.802,2.4914,5.0720,1.5832,0.1000,-1.0000,1788739665.197
38.822,2.4914,5.0740,1.5632,0.1000,-1.0000,1788739665.217
38.843,2.4915,5.0760,1.5432,0.1000,-1.0000,1788739665.237
38.862,2.4916,5.0780,1.5232,0.1000,-1.0000,1788739665.257
38.882,2.4917,5.0800,1.5032,0.1000,-1.0000,1788739665.277
38.902,2.4919,5.0820,1.4832,0.1000,-1.0000,1788739665.297
38.922,2.4921,5.0840,1.4632,0.1000,-1.0000,1788739665.317
38.942,2.4931,5.0919,1.4432,0.4000,-1.0000,1788739665.337
38.962,2.4943,5.0998,1.4232,0.4000,-1.0000,1788739665.357
38.982,2.4956,5.1077,1.4032,0.4000,-1.0000,1788739665.377
39.002,2.4971,5.1156,1.3832,0.4000,-1.0000,1788739665.397
39.022,2.4988,5.1234,1.3632,0.4000,-1.0000,1788739665.417
39.042,2.4992,5.1253,1.3432,0.1000,-1.0000,1788739665.437
39.062,2.4997,5.1273,1.3232,0.1000,-1.0000,1788739665.457
39.082,2.5002,5.1292,1.3032,0.1000,-1.0000,1788739665.477
39.102,2.5008,5.1311,1.2832,0.1000,-1.0000,1788739665.497
39.123,2.5014,5.1330,1.2632,0.1000,-1.0000,1788739665.517
39.143,2.5039,5.1403,1.2432,0.3842,-1.0000,1788739665.537
39.162,2.5065,5.1475,1.2232,0.3842,-1.0000,1788739665.557
39.182,2.5093,5.1547,1.2032,0.3842,-1.0000,1788739665.577
39.202,2.5122,5.1618,1.1832,0.3842,-1.0000,1788739665.597
39.222,2.5152,5.1689,1.1632,0.3842,-1.0000,1788739665.617
39.242,2.5181,5.1753,1.1432,0.3526,-1.0000,1788739665.637
39.262,2.5212,5.1817,1.1232,0.3526,-1.0000,1788739665.657
39.282,2.5244,5.1880,1.1032,0.3526,-1.0000,1788739665.677
39.302,2.5277,5.1942,1.0832,0.3526,-1.0000,1788739665.697
39.322,2.5311,5.2003,1.0632,0.3526,-1.0000,1788739665.717
39.342,2.5343,5.2059,1.0432,0.3211,-1.0000,1788739665.737
39.362,2.5377,5.2114,1.0232,0.3211,-1.0000,1788739665.757
39.383,2.5411,5.2168,1.0032,0.3211,-1.0000,1788739665.777
39.402,2.5447,5.2221,0.9832,0.3211,-1.0000,1788739665.797
39.422,2.5484,5.2274,0.9632,0.3211,-1.0000,1788739665.817
39.442,2.5527,5.2334,0.9432,0.3684,-1.0000,1788739665.837
39.463,2.5571,5.2392,0.9232,0.3684,-1.0000,1788739665.857
39.482,2.5617,5.2450,0.9032,0.3684,-1.0000,1788739665.877
39.502,2.5664,5.2507,0.8832,0.3684,-1.0000,1788739665.897
39.522,2.5712,5.2563,0.8632,0.3684,-1.0000,1788739665.917
39.543,2.5765,5.2623,0.8453,0.4000,-0.8947,1788739665.937
39.563,2.5819,5.2682,0.8274,0.4000,-0.8947,1788739665.957
39.583,2.5874,5.2740,0.8095,0.4000,-0.8947,1788739665.977
39.602,2.5930,5.2797,0.7916,0.4000,-0.8947,1788739665.997
39.622,2.5988,5.2853,0.7737,0.4000,-0.8947,1788739666.017
39.642,2.6046,5.2908,0.7558,0.4000,-0.8947,1788739666.037
39.663,2.6105,5.2961,0.7379,0.4000,-0.8947,1788739666.057
39.682,2.6165,5.3014,0.7200,0.4000,-0.8947,1788739666.077
39.702,2.6226,5.3066,0.7021,0.4000,-0.8947,1788739666.097
39.722,2.6288,5.3116,0.6842,0.4000,-0.8947,1788739666.117
39.742,2.6351,5.3166,0.6663,0.4000,-0.8947,1788739666.137
39.762,2.6415,5.3214,0.6484,0.4000,-0.8947,1788739666.157
39.782,2.6479,5.3261,0.6305,0.4000,-0.8947,1788739666.177
39.802,2.6545,5.3307,0.6126,0.4000,-0.8947,1788739666.197
39.822,2.6611,5.3352,0.5947,0.4000,-0.8947,1788739666.217
39.842,2.6678,5.3396,0.5789,0.4000,-0.7895,1788739666.237
39.862,2.6746,5.3439,0.5632,0.4000,-0.7895,1788739666.257
39.882,2.6814,5.3480,0.5474,0.4000,-0.7895,1788739666.277
39.902,2.6883,5.3521,0.5316,0.4000,-0.7895,1788739666.297
39.922,2.6953,5.3560,0.5158,0.4000,-0.7895,1788739666.317
39.942,2.7023,5.3599,0.5021,0.4000,-0.6842,1788739666.337
39.962,2.7093,5.3636,0.4884,0.4000,-0.6842,1788739666.357
39.982,2.7165,5.3673,0.4747,0.4000,-0.6842,1788739666.377
40.002,2.7236,5.3708,0.4611,0.4000,-0.6842,1788739666.397
40.022,2.7308,5.3743,0.4474,0.4000,-0.6842,1788739666.417
40.042,2.7381,5.3777,0.4337,0.4000,-0.6842,1788739666.437
40.062,2.7454,5.3809,0.4200,0.4000,-0.6842,1788739666.457
40.082,2.7527,5.3841,0.4063,0.4000,-0.6842,1788739666.477
40.102,2.7601,5.3872,0.3926,0.4000,-0.6842,1788739666.497
40.122,2.7676,5.3901,0.3789,0.4000,-0.6842,1788739666.517
40.142,2.7742,5.3926,0.3653,0.3526,-0.6842,1788739666.537
40.162,2.7808,5.3951,0.3516,0.3526,-0.6842,1788739666.557
40.183,2.7874,5.3974,0.3379,0.3526,-0.6842,1788739666.577
40.202,2.7941,5.3996,0.3242,0.3526,-0.6842,1788739666.597
40.222,2.8008,5.4018,0.3105,0.3526,-0.6842,1788739666.617
40.242,2.8082,5.4041,0.2989,0.3842,-0.5789,1788739666.637
40.262,2.8155,5.4062,0.2874,0.3842,-0.5789,1788739666.657
40.283,2.8229,5.4083,0.2758,0.3842,-0.5789,1788739666.677
40.302,2.8304,5.4103,0.2642,0.3842,-0.5789,1788739666.697
40.322,2.8378,5.4123,0.2526,0.3842,-0.5789,1788739666.717
40.342,2.8453,5.4141,0.2411,0.3842,-0.5789,1788739666.737
40.362,2.8527,5.4158,0.2295,0.3842,-0.5789,1788739666.757
40.382,2.8602,5.4175,0.2179,0.3842,-0.5789,1788739666.777
40.402,2.8678,5.4191,0.2063,0.3842,-0.5789,1788739666.797
40.422,2.8753,5.4206,0.1947,0.3842,-0.5789,1788739666.817
40.442,2.8832,5.4220,0.1853,0.4000,-0.4737,1788739666.837
40.462,2.8910,5.4234,0.1758,0.4000,-0.4737,1788739666.857
40.482,2.8989,5.4248,0.1663,0.4000,-0.4737,1788739666.877
40.502,2.9068,5.4260,0.1568,0.4000,-0.4737,1788739666.897
40.522,2.9147,5.4272,0.1474,0.4000,-0.4737,1788739666.917
40.542,2.9227,5.4283,0.1379,0.4000,-0.4737,1788739666.937
40.562,2.9306,5.4293,0.1284,0.4000,-0.4737,1788739666.957
40.582,2.9385,5.4303,0.1189,0.4000,-0.4737,1788739666.977
40.602,2.9465,5.4311,0.1095,0.4000,-0.4737,1788739666.997
40.622,2.9545,5.4319,0.1000,0.4000,-0.4737,1788739667.017
40.642,2.9618,5.4326,0.0905,0.3684,-0.4737,1788739667.037
40.662,2.9691,5.4332,0.0811,0.3684,-0.4737,1788739667.057
40.682,2.9765,5.4337,0.0716,0.3684,-0.4737,1788739667.077
40.702,2.9838,5.4342,0.0621,0.3684,-0.4737,1788739667.097
40.722,2.9912,5.4346,0.0526,0.3684,-0.4737,1788739667.117
40.742,2.9989,5.4349,0.0432,0.3842,-0.4737,1788739667.137
40.762,3.0066,5.4352,0.0337,0.3842,-0.4737,1788739667.157
40.782,3.0142,5.4353,0.0242,0.3842,-0.4737,1788739667.177
40.802,3.0219,5.4355,0.0147,0.3842,-0.4737,1788739667.197
40.822,3.0296,5.4355,0.0053,0.3842,-0.4737,1788739667.217
40.842,3.0376,5.4355,-0.0021,0.4000,-0.3684,1788739667.237
40.862,3.0456,5.4354,-0.0095,0.4000,-0.3684,1788739667.257
40.882,3.0536,5.4353,-0.0168,0.4000,-0.3684,1788739667.277
40.902,3.0616,5.4351,-0.0242,0.4000,-0.3684,1788739667.297
40.922,3.0696,5.4348,-0.0316,0.4000,-0.3684,1788739667.317
40.942,3.0770,5.4345,-0.0389,0.3684,-0.3684,1788739667.337
40.962,3.0843,5.4342,-0.0463,0.3684,-0.3684,1788739667.357
40.982,3.0917,5.4338,-0.0537,0.3684,-0.3684,1788739667.377
41.002,3.0990,5.4334,-0.0611,0.3684,-0.3684,1788739667.397
41.022,3.1064,5.4328,-0.0684,0.3684,-0.3684,1788739667.417
41.042,3.1144,5.4323,-0.0737,0.4000,-0.2632,1788739667.437
41.062,3.1223,5.4316,-0.0789,0.4000,-0.2632,1788739667.457
41.082,3.1303,5.4310,-0.0842,0.4000,-0.2632,1788739667.477
41.102,3.1383,5.4302,-0.0895,0.4000,-0.2632,1788739667.497
41.122,3.1462,5.4295,-0.0947,0.4000,-0.2632,1788739667.517
41.143,3.1539,5.4287,-0.1000,0.3842,-0.2632,1788739667.537
41.162,3.1615,5.4279,-0.1053,0.3842,-0.2632,1788739667.557
41.182,3.1692,5.4271,-0.1105,0.3842,-0.2632,1788739667.577
41.202,3.1768,5.4262,-0.1158,0.3842,-0.2632,1788739667.597
41.222,3.1844,5.4252,-0.1211,0.3842,-0.2632,1788739667.617
41.242,3.1924,5.4242,-0.1263,0.4000,-0.2632,1788739667.637
41.262,3.2003,5.4232,-0.1316,0.4000,-0.2632,1788739667.657
41.282,3.2082,5.4221,-0.1368,0.4000,-0.2632,1788739667.677
41.302,3.2161,5.4210,-0.1421,0.4000,-0.2632,1788739667.697
41.322,3.2241,5.4198,-0.1474,0.4000,-0.2632,1788739667.717
41.342,3.2310,5.4187,-0.1526,0.3526,-0.2632,1788739667.737
41.362,3.2380,5.4176,-0.1579,0.3526,-0.2632,1788739667.757
41.382,3.2450,5.4165,-0.1632,0.3526,-0.2632,1788739667.777
41.402,3.2519,5.4153,-0.1684,0.3526,-0.2632,1788739667.797
41.422,3.2589,5.4141,-0.1737,0.3526,-0.2632,1788739667.817
41.442,3.2667,5.4127,-0.1768,0.4000,-0.1579,1788739667.837
41.463,3.2746,5.4112,-0.1800,0.4000,-0.1579,1788739667.857
41.482,3.2825,5.4098,-0.1832,0.4000,-0.1579,1788739667.877
41.502,3.2903,5.4083,-0.1863,0.4000,-0.1579,1788739667.897
41.522,3.2982,5.4068,-0.1895,0.4000,-0.1579,1788739667.917
41.542,3.3060,5.4052,-0.1926,0.4000,-0.1579,1788739667.937
41.562,3.3139,5.4037,-0.1958,0.4000,-0.1579,1788739667.957
41.582,3.3217,5.4021,-0.1989,0.4000,-0.1579,1788739667.977
41.602,3.3296,5.4005,-0.2021,0.4000,-0.1579,1788739667.997
41.622,3.3374,5.3989,-0.2053,0.4000,-0.1579,1788739668.017
41.642,3.3449,5.3973,-0.2084,0.3842,-0.1579,1788739668.037
41.662,3.3524,5.3957,-0.2116,0.3842,-0.1579,1788739668.057
41.682,3.3599,5.3940,-0.2147,0.3842,-0.1579,1788739668.077
41.702,3.3674,5.3924,-0.2179,0.3842,-0.1579,1788739668.097
41.722,3.3749,5.3907,-0.2211,0.3842,-0.1579,1788739668.117
41.742,3.3821,5.3890,-0.2242,0.3684,-0.1579,1788739668.137
41.763,3.3893,5.3874,-0.2274,0.3684,-0.1579,1788739668.157
41.782,3.3965,5.3857,-0.2305,0.3684,-0.1579,1788739668.177
41.802,3.4036,5.3840,-0.2337,0.3684,-0.1579,1788739668.197
41.822,3.4108,5.3823,-0.2368,0.3684,-0.1579,1788739668.217
41.842,3.4176,5.3806,-0.2400,0.3526,-0.1579,1788739668.237
41.863,3.4245,5.3789,-0.2432,0.3526,-0.1579,1788739668.257
41.883,3.4313,5.3772,-0.2463,0.3526,-0.1579,1788739668.277
41.902,3.4382,5.3754,-0.2495,0.3526,-0.1579,1788739668.297
41.922,3.4450,5.3737,-0.2526,0.3526,-0.1579,1788739668.317
41.942,3.4515,5.3720,-0.2558,0.3368,-0.1579,1788739668.337
41.962,3.4580,5.3702,-0.2589,0.3368,-0.1579,1788739668.357
41.982,3.4645,5.3685,-0.2621,0.3368,-0.1579,1788739668.377
42.002,3.4710,5.3667,-0.2653,0.3368,-0.1579,1788739668.397
42.022,3.4775,5.3649,-0.2684,0.3368,-0.1579,1788739668.417
42.042,3.4852,5.3628,-0.2695,0.4000,-0.0526,1788739668.437
42.063,3.4929,5.3607,-0.2705,0.4000,-0.0526,1788739668.457
42.082,3.5007,5.3585,-0.2716,0.4000,-0.0526,1788739668.477
42.102,3.5084,5.3564,-0.2726,0.4000,-0.0526,1788739668.497
42.122,3.5161,5.3542,-0.2737,0.4000,-0.0526,1788739668.517
42.142,3.5238,5.3520,-0.2747,0.4000,-0.0526,1788739668.537
42.162,3.5315,5.3499,-0.2758,0.4000,-0.0526,1788739668.557
42.182,3.5392,5.3477,-0.2768,0.4000,-0.0526,1788739668.577
42.203,3.5468,5.3455,-0.2779,0.4000,-0.0526,1788739668.597
42.222,3.5545,5.3433,-0.2789,0.4000,-0.0526,1788739668.617
42.242,3.5622,5.3411,-0.2800,0.4000,-0.0526,1788739668.637
42.262,3.5699,5.3388,-0.2811,0.4000,-0.0526,1788739668.657
42.282,3.5776,5.3366,-0.2821,0.4000,-0.0526,1788739668.677
42.302,3.5853,5.3344,-0.2832,0.4000,-0.0526,1788739668.697
42.322,3.5930,5.3321,-0.2842,0.4000,-0.0526,1788739668.717
42.342,3.6006,5.3299,-0.2853,0.4000,-0.0526,1788739668.737
42.362,3.6083,5.3276,-0.2863,0.4000,-0.0526,1788739668.757
42.382,3.6160,5.3254,-0.2874,0.4000,-0.0526,1788739668.777
42.402,3.6237,5.3231,-0.2884,0.4000,-0.0526,1788739668.797
42.422,3.6313,5.3208,-0.2895,0.4000,-0.0526,1788739668.817
42.442,3.6387,5.3186,-0.2905,0.3842,-0.0526,1788739668.837
42.462,3.6460,5.3164,-0.2916,0.3842,-0.0526,1788739668.857
42.482,3.6534,5.3142,-0.2926,0.3842,-0.0526,1788739668.877
42.502,3.6608,5.3120,-0.2937,0.3842,-0.0526,1788739668.897
42.522,3.6681,5.3097,-0.2947,0.3842,-0.0526,1788739668.917
42.542,3.6758,5.3074,-0.2947,0.4000,0.0000,1788739668.937
42.562,3.6834,5.3051,-0.2947,0.4000,0.0000,1788739668.957
42.582,3.6911,5.3027,-0.2947,0.4000,0.0000,1788739668.977
42.602,3.6987,5.3004,-0.2947,0.4000,0.0000,1788739668.997
42.622,3.7064,5.2981,-0.2947,0.4000,0.0000,1788739669.017
42.642,3.7140,5.2958,-0.2947,0.4000,0.0000,1788739669.037
42.662,3.7217,5.2935,-0.2947,0.4000,0.0000,1788739669.057
42.682,3.7293,5.2911,-0.2947,0.4000,0.0000,1788739669.077
42.702,3.7370,5.2888,-0.2947,0.4000,0.0000,1788739669.097
42.723,3.7447,5.2865,-0.2947,0.4000,0.0000,1788739669.117
42.743,3.7523,5.2842,-0.2947,0.4000,0.0000,1788739669.137
42.763,3.7600,5.2818,-0.2947,0.4000,0.0000,1788739669.157
42.782,3.7676,5.2795,-0.2947,0.4000,0.0000,1788739669.177
42.802,3.7753,5.2772,-0.2947,0.4000,0.0000,1788739669.197
42.822,3.7829,5.2749,-0.2947,0.4000,0.0000,1788739669.217
42.842,3.7906,5.2725,-0.2947,0.4000,0.0000,1788739669.237
42.862,3.7982,5.2702,-0.2947,0.4000,0.0000,1788739669.257
42.882,3.8059,5.2679,-0.2947,0.4000,0.0000,1788739669.277
42.902,3.8136,5.2656,-0.2947,0.4000,0.0000,1788739669.297
42.922,3.8212,5.2632,-0.2947,0.4000,0.0000,1788739669.317
42.942,3.8286,5.2610,-0.2947,0.3842,0.0000,1788739669.337
42.962,3.8359,5.2588,-0.2947,0.3842,0.0000,1788739669.357
42.982,3.8433,5.2565,-0.2947,0.3842,0.0000,1788739669.377
43.002,3.8506,5.2543,-0.2947,0.3842,0.0000,1788739669.397
43.022,3.8580,5.2521,-0.2947,0.3842,0.0000,1788739669.417
43.042,3.8650,5.2499,-0.2947,0.3684,0.0000,1788739669.437
43.062,3.8721,5.2478,-0.2947,0.3684,0.0000,1788739669.457
43.082,3.8791,5.2457,-0.2947,0.3684,0.0000,1788739669.477
43.102,3.8862,5.2435,-0.2947,0.3684,0.0000,1788739669.497
43.122,3.8932,5.2414,-0.2947,0.3684,0.0000,1788739669.517
43.142,3.9009,5.2391,-0.2937,0.4000,0.0526,1788739669.537
43.162,3.9085,5.2368,-0.2926,0.4000,0.0526,1788739669.557
43.182,3.9162,5.2345,-0.2916,0.4000,0.0526,1788739669.577
43.202,3.9239,5.2322,-0.2905,0.4000,0.0526,1788739669.597
43.222,3.9315,5.2299,-0.2895,0.4000,0.0526,1788739669.617
43.242,3.9392,5.2276,-0.2884,0.4000,0.0526,1788739669.637
43.262,3.9469,5.2253,-0.2874,0.4000,0.0526,1788739669.657
43.282,3.9546,5.2231,-0.2863,0.4000,0.0526,1788739669.677
43.302,3.9622,5.2208,-0.2853,0.4000,0.0526,1788739669.697
43.322,3.9699,5.2186,-0.2842,0.4000,0.0526,1788739669.717
43.342,3.9773,5.2164,-0.2832,0.3842,0.0526,1788739669.737
43.362,3.9847,5.2143,-0.2821,0.3842,0.0526,1788739669.757
43.382,3.9920,5.2122,-0.2811,0.3842,0.0526,1788739669.777
43.402,3.9994,5.2100,-0.2800,0.3842,0.0526,1788739669.797
43.422,4.0068,5.2079,-0.2789,0.3842,0.0526,1788739669.817
43.442,4.0142,5.2058,-0.2779,0.3842,0.0526,1788739669.837
43.462,4.0216,5.2037,-0.2768,0.3842,0.0526,1788739669.857
43.482,4.0290,5.2016,-0.2758,0.3842,0.0526,1788739669.877
43.502,4.0364,5.1995,-0.2747,0.3842,0.0526,1788739669.897
43.522,4.0438,5.1975,-0.2737,0.3842,0.0526,1788739669.917
43.542,4.0515,5.1953,-0.2726,0.4000,0.0526,1788739669.937
43.562,4.0592,5.1932,-0.2716,0.4000,0.0526,1788739669.957
43.582,4.0669,5.1910,-0.2705,0.4000,0.0526,1788739669.977
43.602,4.0746,5.1889,-0.2695,0.4000,0.0526,1788739669.997
43.622,4.0823,5.1868,-0.2684,0.4000,0.0526,1788739670.017
43.643,4.0901,5.1847,-0.2674,0.4000,0.0526,1788739670.037
43.662,4.0978,5.1826,-0.2663,0.4000,0.0526,1788739670.057
43.682,4.1055,5.1805,-0.2653,0.4000,0.0526,1788739670.077
43.702,4.1132,5.1784,-0.2642,0.4000,0.0526,1788739670.097
43.722,4.1209,5.1763,-0.2632,0.4000,0.0526,1788739670.117
43.742,4.1287,5.1742,-0.2621,0.4000,0.0526,1788739670.137
43.762,4.1364,5.1722,-0.2611,0.4000,0.0526,1788739670.157
43.782,4.1441,5.1701,-0.2600,0.4000,0.0526,1788739670.177
43.802,4.1519,5.1680,-0.2589,0.4000,0.0526,1788739670.197
43.822,4.1596,5.1660,-0.2579,0.4000,0.0526,1788739670.217
43.842,4.1670,5.1641,-0.2568,0.3842,0.0526,1788739670.237
43.863,4.1745,5.1621,-0.2558,0.3842,0.0526,1788739670.257
43.883,4.1819,5.1602,-0.2547,0.3842,0.0526,1788739670.277
43.902,4.1893,5.1582,-0.2537,0.3842,0.0526,1788739670.297
43.922,4.1968,5.1563,-0.2526,0.3842,0.0526,1788739670.317
43.942,4.2045,5.1543,-0.2516,0.4000,0.0526,1788739670.337
43.962,4.2123,5.1523,-0.2505,0.4000,0.0526,1788739670.357
43.982,4.2200,5.1504,-0.2495,0.4000,0.0526,1788739670.377
44.002,4.2278,5.1484,-0.2484,0.4000,0.0526,1788739670.397
44.022,4.2355,5.1464,-0.2474,0.4000,0.0526,1788739670.417
44.042,4.2430,5.1446,-0.2463,0.3842,0.0526,1788739670.437
44.062,4.2504,5.1427,-0.2453,0.3842,0.0526,1788739670.457
44.082,4.2579,5.1409,-0.2442,0.3842,0.0526,1788739670.477
44.102,4.2654,5.1390,-0.2432,0.3842,0.0526,1788739670.497
44.122,4.2728,5.1372,-0.2421,0.3842,0.0526,1788739670.517
44.142,4.2800,5.1354,-0.2411,0.3684,0.0526,1788739670.537
44.162,4.2871,5.1336,-0.2400,0.3684,0.0526,1788739670.557
44.182,4.2943,5.1319,-0.2389,0.3684,0.0526,1788739670.577
44.202,4.3014,5.1302,-0.2379,0.3684,0.0526,1788739670.597
44.222,4.3086,5.1284,-0.2368,0.3684,0.0526,1788739670.617
44.242,4.3158,5.1267,-0.2358,0.3684,0.0526,1788739670.637
44.262,4.3229,5.1250,-0.2347,0.3684,0.0526,1788739670.657
44.282,4.3301,5.1233,-0.2337,0.3684,0.0526,1788739670.677
44.302,4.3373,5.1216,-0.2326,0.3684,0.0526,1788739670.697
44.322,4.3445,5.1199,-0.2316,0.3684,0.0526,1788739670.717
44.342,4.3510,5.1184,-0.2305,0.3368,0.0526,1788739670.737
44.362,4.3576,5.1168,-0.2295,0.3368,0.0526,1788739670.757
44.382,4.3641,5.1153,-0.2284,0.3368,0.0526,1788739670.777
44.402,4.3707,5.1138,-0.2274,0.3368,0.0526,1788739670.797
44.422,4.3773,5.1123,-0.2263,0.3368,0.0526,1788739670.817
44.442,4.3841,5.1107,-0.2253,0.3526,0.0526,1788739670.837
44.462,4.3910,5.1091,-0.2242,0.3526,0.0526,1788739670.857
44.482,4.3979,5.1076,-0.2232,0.3526,0.0526,1788739670.877
44.502,4.4048,5.1060,-0.2221,0.3526,0.0526,1788739670.897
44.522,4.4116,5.1045,-0.2211,0.3526,0.0526,1788739670.917
44.542,4.4182,5.1030,-0.2200,0.3368,0.0526,1788739670.937
44.562,4.4248,5.1015,-0.2189,0.3368,0.0526,1788739670.957
44.582,4.4314,5.1001,-0.2179,0.3368,0.0526,1788739670.977
44.602,4.4380,5.0986,-0.2168,0.3368,0.0526,1788739670.997
44.622,4.4445,5.0972,-0.2158,0.3368,0.0526,1788739671.017
44.642,4.4511,5.0958,-0.2147,0.3368,0.0526,1788739671.037
44.662,4.4577,5.0943,-0.2137,0.3368,0.0526,1788739671.057
44.682,4.4643,5.0929,-0.2126,0.3368,0.0526,1788739671.077
44.702,4.4709,5.0915,-0.2116,0.3368,0.0526,1788739671.097
44.722,4.4775,5.0901,-0.2105,0.3368,0.0526,1788739671.117
44.743,4.4837,5.0888,-0.2095,0.3211,0.0526,1788739671.137
44.762,4.4900,5.0874,-0.2084,0.3211,0.0526,1788739671.157
44.783,4.4963,5.0861,-0.2074,0.3211,0.0526,1788739671.177
44.802,4.5026,5.0848,-0.2063,0.3211,0.0526,1788739671.197
44.822,4.5089,5.0835,-0.2053,0.3211,0.0526,1788739671.217
44.842,4.5149,5.0822,-0.2042,0.3053,0.0526,1788739671.237
44.862,4.5208,5.0810,-0.2032,0.3053,0.0526,1788739671.257
44.882,4.5268,5.0798,-0.2021,0.3053,0.0526,1788739671.277
44.902,4.5328,5.0786,-0.2011,0.3053,0.0526,1788739671.297
44.922,4.5388,5.0773,-0.2000,0.3053,0.0526,1788739671.317
44.942,4.5451,5.0761,-0.1989,0.3211,0.0526,1788739671.337
44.962,4.5514,5.0748,-0.1979,0.3211,0.0526,1788739671.357
44.982,4.5577,5.0736,-0.1968,0.3211,0.0526,1788739671.377
45.002,4.5640,5.0723,-0.1958,0.3211,0.0526,1788739671.397
45.022,4.5703,5.0711,-0.1947,0.3211,0.0526,1788739671.417
45.043,4.5766,5.0698,-0.1937,0.3211,0.0526,1788739671.437
45.062,4.5829,5.0686,-0.1926,0.3211,0.0526,1788739671.457
45.082,4.5892,5.0674,-0.1916,0.3211,0.0526,1788739671.477
45.102,4.5955,5.0662,-0.1905,0.3211,0.0526,1788739671.497
45.122,4.6018,5.0650,-0.1895,0.3211,0.0526,1788739671.517
45.143,4.6078,5.0638,-0.1884,0.3053,0.0526,1788739671.537
45.162,4.6138,5.0627,-0.1874,0.3053,0.0526,1788739671.557
45.182,4.6198,5.0615,-0.1863,0.3053,0.0526,1788739671.577
45.202,4.6258,5.0604,-0.1853,0.3053,0.0526,1788739671.597
45.222,4.6318,5.0593,-0.1842,0.3053,0.0526,1788739671.617
45.242,4.6397,5.0578,-0.1832,0.4000,0.0526,1788739671.637
45.262,4.6475,5.0564,-0.1821,0.4000,0.0526,1788739671.657
45.282,4.6554,5.0550,-0.1811,0.4000,0.0526,1788739671.677
45.302,4.6633,5.0535,-0.1800,0.4000,0.0526,1788739671.697
45.322,4.6711,5.0521,-0.1789,0.4000,0.0526,1788739671.717
45.342,4.6771,5.0510,-0.1779,0.3053,0.0526,1788739671.737
45.362,4.6832,5.0499,-0.1768,0.3053,0.0526,1788739671.757
45.382,4.6892,5.0489,-0.1758,0.3053,0.0526,1788739671.777
45.402,4.6952,5.0478,-0.1747,0.3053,0.0526,1788739671.797
45.422,4.7012,5.0468,-0.1737,0.3053,0.0526,1788739671.817
45.442,4.7072,5.0457,-0.1726,0.3053,0.0526,1788739671.837
45.462,4.7132,5.0447,-0.1716,0.3053,0.0526,1788739671.857
45.482,4.7192,5.0436,-0.1705,0.3053,0.0526,1788739671.877
45.502,4.7253,5.0426,-0.1695,0.3053,0.0526,1788739671.897
45.522,4.7313,5.0416,-0.1684,0.3053,0.0526,1788739671.917
45.542,4.7370,5.0406,-0.1674,0.2895,0.0526,1788739671.937
45.562,4.7427,5.0397,-0.1663,0.2895,0.0526,1788739671.957
45.582,4.7484,5.0387,-0.1653,0.2895,0.0526,1788739671.977
45.602,4.7541,5.0378,-0.1642,0.2895,0.0526,1788739671.997
45.622,4.7598,5.0368,-0.1632,0.2895,0.0526,1788739672.017
45.642,4.7674,5.0356,-0.1621,0.3842,0.0526,1788739672.037
45.662,4.7750,5.0343,-0.1611,0.3842,0.0526,1788739672.057
45.682,4.7826,5.0331,-0.1600,0.3842,0.0526,1788739672.077
45.702,4.7902,5.0319,-0.1589,0.3842,0.0526,1788739672.097
45.722,4.7978,5.0307,-0.1579,0.3842,0.0526,1788739672.117
45.743,4.8035,5.0298,-0.1568,0.2895,0.0526,1788739672.137
45.762,4.8092,5.0289,-0.1558,0.2895,0.0526,1788739672.157
45.782,4.8149,5.0280,-0.1547,0.2895,0.0526,1788739672.177
45.802,4.8206,5.0271,-0.1537,0.2895,0.0526,1788739672.197
45.822,4.8264,5.0262,-0.1526,0.2895,0.0526,1788739672.217
45.842,4.8321,5.0254,-0.1516,0.2895,0.0526,1788739672.237
45.862,4.8378,5.0245,-0.1505,0.2895,0.0526,1788739672.257
45.882,4.8435,5.0236,-0.1495,0.2895,0.0526,1788739672.277
45.902,4.8493,5.0228,-0.1484,0.2895,0.0526,1788739672.297
45.922,4.8550,5.0219,-0.1474,0.2895,0.0526,1788739672.317
45.942,4.8607,5.0211,-0.1463,0.2895,0.0526,1788739672.337
45.962,4.8664,5.0202,-0.1453,0.2895,0.0526,1788739672.357
45.982,4.8722,5.0194,-0.1442,0.2895,0.0526,1788739672.377
46.002,4.8779,5.0186,-0.1432,0.2895,0.0526,1788739672.397
46.022,4.8836,5.0178,-0.1421,0.2895,0.0526,1788739672.417
46.042,4.8894,5.0170,-0.1411,0.2895,0.0526,1788739672.437
46.062,4.8951,5.0161,-0.1400,0.2895,0.0526,1788739672.457
46.082,4.9008,5.0153,-0.1389,0.2895,0.0526,1788739672.477
46.102,4.9066,5.0145,-0.1379,0.2895,0.0526,1788739672.497
46.122,4.9123,5.0138,-0.1368,0.2895,0.0526,1788739672.517
46.142,4.9183,5.0129,-0.1358,0.3053,0.0526,1788739672.537
46.162,4.9244,5.0121,-0.1347,0.3053,0.0526,1788739672.557
46.182,4.9304,5.0113,-0.1337,0.3053,0.0526,1788739672.577
46.202,4.9365,5.0105,-0.1326,0.3053,0.0526,1788739672.597
46.222,4.9425,5.0097,-0.1316,0.3053,0.0526,1788739672.617
46.242,4.9486,5.0089,-0.1305,0.3053,0.0526,1788739672.637
46.262,4.9547,5.0081,-0.1295,0.3053,0.0526,1788739672.657
46.282,4.9607,5.0073,-0.1284,0.3053,0.0526,1788739672.677
46.302,4.9668,5.0065,-0.1274,0.3053,0.0526,1788739672.697
46.322,4.9728,5.0058,-0.1263,0.3053,0.0526,1788739672.717
46.342,4.9789,5.0050,-0.1253,0.3053,0.0526,1788739672.737
46.362,4.9849,5.0043,-0.1242,0.3053,0.0526,1788739672.757
46.382,4.9910,5.0035,-0.1232,0.3053,0.0526,1788739672.777
46.402,4.9971,5.0028,-0.1221,0.3053,0.0526,1788739672.797
46.422,5.0031,5.0020,-0.1211,0.3053,0.0526,1788739672.817
46.442,5.0092,5.0013,-0.1200,0.3053,0.0526,1788739672.837
46.462,5.0152,5.0006,-0.1189,0.3053,0.0526,1788739672.857
46.482,5.0213,4.9999,-0.1179,0.3053,0.0526,1788739672.877
46.502,5.0274,4.9991,-0.1168,0.3053,0.0526,1788739672.897
46.522,5.0334,4.9984,-0.1158,0.3053,0.0526,1788739672.917
46.542,5.0401,4.9977,-0.1147,0.3368,0.0526,1788739672.937
46.562,5.0468,4.9969,-0.1137,0.3368,0.0526,1788739672.957
46.582,5.0535,4.9961,-0.1126,0.3368,0.0526,1788739672.977
46.602,5.0602,4.9954,-0.1116,0.3368,0.0526,1788739672.997
46.622,5.0669,4.9947,-0.1105,0.3368,0.0526,1788739673.017
46.642,5.0733,4.9939,-0.1095,0.3211,0.0526,1788739673.037
46.662,5.0797,4.9933,-0.1084,0.3211,0.0526,1788739673.057
46.682,5.0861,4.9926,-0.1074,0.3211,0.0526,1788739673.077
46.702,5.0924,4.9919,-0.1063,0.3211,0.0526,1788739673.097
46.722,5.0988,4.9912,-0.1053,0.3211,0.0526,1788739673.117
46.742,5.1058,4.9905,-0.1042,0.3526,0.0526,1788739673.137
46.762,5.1129,4.9898,-0.1032,0.3526,0.0526,1788739673.157
46.782,5.1199,4.9890,-0.1021,0.3526,0.0526,1788739673.177
46.802,5.1269,4.9883,-0.1011,0.3526,0.0526,1788739673.197
46.822,5.1339,4.9876,-0.1000,0.3526,0.0526,1788739673.217
46.842,5.1412,4.9869,-0.0989,0.3684,0.0526,1788739673.237
46.862,5.1486,4.9862,-0.0979,0.3684,0.0526,1788739673.257
46.882,5.1559,4.9855,-0.0968,0.3684,0.0526,1788739673.277
46.902,5.1632,4.9848,-0.0958,0.3684,0.0526,1788739673.297
46.922,5.1706,4.9841,-0.0947,0.3684,0.0526,1788739673.317
46.942,5.1779,4.9834,-0.0937,0.3684,0.0526,1788739673.337
46.962,5.1852,4.9827,-0.0926,0.3684,0.0526,1788739673.357
46.982,5.1926,4.9820,-0.0916,0.3684,0.0526,1788739673.377
47.002,5.1999,4.9813,-0.0905,0.3684,0.0526,1788739673.397
47.022,5.2073,4.9807,-0.0895,0.3684,0.0526,1788739673.417
47.042,5.2152,4.9800,-0.0884,0.4000,0.0526,1788739673.437
47.062,5.2232,4.9793,-0.0874,0.4000,0.0526,1788739673.457
47.082,5.2312,4.9786,-0.0863,0.4000,0.0526,1788739673.477
47.102,5.2391,4.9779,-0.0853,0.4000,0.0526,1788739673.497
47.122,5.2471,4.9772,-0.0842,0.4000,0.0526,1788739673.517
47.142,5.2548,4.9766,-0.0832,0.3842,0.0526,1788739673.537
47.162,5.2624,4.9760,-0.0821,0.3842,0.0526,1788739673.557
47.182,5.2701,4.9753,-0.0811,0.3842,0.0526,1788739673.577
47.202,5.2777,4.9747,-0.0800,0.3842,0.0526,1788739673.597
47.222,5.2854,4.9741,-0.0789,0.3842,0.0526,1788739673.617
47.243,5.2931,4.9735,-0.0779,0.3842,0.0526,1788739673.637
47.262,5.3007,4.9729,-0.0768,0.3842,0.0526,1788739673.657
47.282,5.3084,4.9724,-0.0758,0.3842,0.0526,1788739673.677
47.302,5.3161,4.9718,-0.0747,0.3842,0.0526,1788739673.697
47.322,5.3237,4.9712,-0.0737,0.3842,0.0526,1788739673.717
47.342,5.3317,4.9706,-0.0726,0.4000,0.0526,1788739673.737
47.362,5.3397,4.9701,-0.0716,0.4000,0.0526,1788739673.757
47.382,5.3477,4.9695,-0.0705,0.4000,0.0526,1788739673.777
47.402,5.3556,4.9689,-0.0695,0.4000,0.0526,1788739673.797
47.422,5.3636,4.9684,-0.0684,0.4000,0.0526,1788739673.817
47.443,5.3716,4.9679,-0.0674,0.4000,0.0526,1788739673.837
47.462,5.3796,4.9673,-0.0663,0.4000,0.0526,1788739673.857
47.483,5.3876,4.9668,-0.0653,0.4000,0.0526,1788739673.877
47.502,5.3955,4.9663,-0.0642,0.4000,0.0526,1788739673.897
47.522,5.4035,4.9658,-0.0632,0.4000,0.0526,1788739673.917
47.542,5.4115,4.9653,-0.0621,0.4000,0.0526,1788739673.937
47.562,5.4195,4.9648,-0.0611,0.4000,0.0526,1788739673.957
47.582,5.4275,4.9643,-0.0600,0.4000,0.0526,1788739673.977
47.602,5.4355,4.9639,-0.0589,0.4000,0.0526,1788739673.997
47.622,5.4435,4.9634,-0.0579,0.4000,0.0526,1788739674.017
47.642,5.4511,4.9630,-0.0568,0.3842,0.0526,1788739674.037
47.662,5.4588,4.9625,-0.0558,0.3842,0.0526,1788739674.057
47.682,5.4665,4.9621,-0.0547,0.3842,0.0526,1788739674.077
47.702,5.4742,4.9617,-0.0537,0.3842,0.0526,1788739674.097
47.722,5.4818,4.9613,-0.0526,0.3842,0.0526,1788739674.117
47.742,5.4898,4.9609,-0.0516,0.4000,0.0526,1788739674.137
47.762,5.4978,4.9605,-0.0505,0.4000,0.0526,1788739674.157
47.782,5.5058,4.9601,-0.0495,0.4000,0.0526,1788739674.177
47.802,5.5138,4.9597,-0.0484,0.4000,0.0526,1788739674.197
47.822,5.5218,4.9593,-0.0474,0.4000,0.0526,1788739674.217
47.842,5.5298,4.9589,-0.0463,0.4000,0.0526,1788739674.237
47.862,5.5378,4.9586,-0.0453,0.4000,0.0526,1788739674.257
47.882,5.5458,4.9582,-0.0442,0.4000,0.0526,1788739674.277
47.902,5.5537,4.9579,-0.0432,0.4000,0.0526,1788739674.297
47.922,5.5617,4.9575,-0.0421,0.4000,0.0526,1788739674.317
47.942,5.5697,4.9572,-0.0411,0.4000,0.0526,1788739674.337
47.962,5.5777,4.9569,-0.0400,0.4000,0.0526,1788739674.357
47.983,5.5857,4.9566,-0.0389,0.4000,0.0526,1788739674.377
48.002,5.5937,4.9563,-0.0379,0.4000,0.0526,1788739674.397
48.022,5.6017,4.9560,-0.0368,0.4000,0.0526,1788739674.417
48.043,5.6097,4.9557,-0.0358,0.4000,0.0526,1788739674.437
48.063,5.6177,4.9554,-0.0347,0.4000,0.0526,1788739674.457
48.082,5.6257,4.9552,-0.0337,0.4000,0.0526,1788739674.477
48.102,5.6337,4.9549,-0.0326,0.4000,0.0526,1788739674.497
48.122,5.6417,4.9546,-0.0316,0.4000,0.0526,1788739674.517
48.143,5.6494,4.9544,-0.0305,0.3842,0.0526,1788739674.537
48.162,5.6570,4.9542,-0.0295,0.3842,0.0526,1788739674.557
48.182,5.6647,4.9540,-0.0284,0.3842,0.0526,1788739674.577
48.202,5.6724,4.9537,-0.0274,0.3842,0.0526,1788739674.597
48.222,5.6801,4.9535,-0.0263,0.3842,0.0526,1788739674.617
48.242,5.6881,4.9533,-0.0253,0.4000,0.0526,1788739674.637
48.262,5.6961,4.9531,-0.0242,0.4000,0.0526,1788739674.657
48.282,5.7041,4.9530,-0.0232,0.4000,0.0526,1788739674.677
48.302,5.7121,4.9528,-0.0221,0.4000,0.0526,1788739674.697
48.322,5.7201,4.9526,-0.0211,0.4000,0.0526,1788739674.717
48.342,5.7274,4.9525,-0.0200,0.3684,0.0526,1788739674.737
48.362,5.7348,4.9523,-0.0189,0.3684,0.0526,1788739674.757
48.382,5.7422,4.9522,-0.0179,0.3684,0.0526,1788739674.777
48.402,5.7495,4.9521,-0.0168,0.3684,0.0526,1788739674.797
48.422,5.7569,4.9520,-0.0158,0.3684,0.0526,1788739674.817
48.442,5.7649,4.9518,-0.0147,0.4000,0.0526,1788739674.837
48.462,5.7729,4.9517,-0.0137,0.4000,0.0526,1788739674.857
48.482,5.7809,4.9516,-0.0126,0.4000,0.0526,1788739674.877
48.502,5.7889,4.9515,-0.0116,0.4000,0.0526,1788739674.897
48.523,5.7969,4.9515,-0.0105,0.4000,0.0526,1788739674.917
48.542,5.8046,4.9514,-0.0095,0.3842,0.0526,1788739674.937
48.562,5.8123,4.9513,-0.0084,0.3842,0.0526,1788739674.957
48.582,5.8200,4.9513,-0.0074,0.3842,0.0526,1788739674.977
48.602,5.8276,4.9512,-0.0063,0.3842,0.0526,1788739674.997
48.622,5.8353,4.9512,-0.0053,0.3842,0.0526,1788739675.017
48.642,5.8430,4.9511,-0.0042,0.3842,0.0526,1788739675.037
48.663,5.8507,4.9511,-0.0032,0.3842,0.0526,1788739675.057
48.682,5.8584,4.9511,-0.0021,0.3842,0.0526,1788739675.077
48.702,5.8661,4.9511,-0.0011,0.3842,0.0526,1788739675.097
48.722,5.8738,4.9511,-0.0000,0.3842,0.0526,1788739675.117
48.742,5.8818,4.9511,-0.0000,0.4000,0.0000,1788739675.137
48.762,5.8898,4.9511,-0.0000,0.4000,0.0000,1788739675.157
48.782,5.8978,4.9511,-0.0000,0.4000,0.0000,1788739675.177
48.802,5.9058,4.9511,-0.0000,0.4000,0.0000,1788739675.197
48.822,5.9138,4.9511,-0.0000,0.4000,0.0000,1788739675.217
48.842,5.9218,4.9511,-0.0000,0.4000,0.0000,1788739675.237
48.862,5.9298,4.9511,-0.0000,0.4000,0.0000,1788739675.257
48.882,5.9378,4.9511,-0.0000,0.4000,0.0000,1788739675.277
48.902,5.9458,4.9511,-0.0000,0.4000,0.0000,1788739675.297
48.922,5.9538,4.9511,-0.0000,0.4000,0.0000,1788739675.317
48.943,5.9618,4.9511,-0.0000,0.4000,0.0000,1788739675.337
48.963,5.9698,4.9511,-0.0000,0.4000,0.0000,1788739675.357
48.983,5.9778,4.9511,-0.0000,0.4000,0.0000,1788739675.377
49.002,5.9858,4.9511,-0.0000,0.4000,0.0000,1788739675.397
49.022,5.9938,4.9511,-0.0000,0.4000,0.0000,1788739675.417
49.042,6.0014,4.9511,-0.0000,0.3842,0.0000,1788739675.437
49.062,6.0091,4.9511,-0.0000,0.3842,0.0000,1788739675.457
49.083,6.0168,4.9511,-0.0000,0.3842,0.0000,1788739675.477
49.102,6.0245,4.9511,-0.0000,0.3842,0.0000,1788739675.497
49.122,6.0322,4.9511,-0.0000,0.3842,0.0000,1788739675.517
49.143,6.0399,4.9511,-0.0000,0.3842,0.0000,1788739675.537
49.162,6.0475,4.9511,-0.0000,0.3842,0.0000,1788739675.557
49.182,6.0552,4.9511,-0.0000,0.3842,0.0000,1788739675.577
49.202,6.0629,4.9511,-0.0000,0.3842,0.0000,1788739675.597
49.222,6.0706,4.9511,-0.0000,0.3842,0.0000,1788739675.617
49.242,6.0786,4.9511,-0.0000,0.4000,0.0000,1788739675.637
49.262,6.0866,4.9511,-0.0000,0.4000,0.0000,1788739675.657
49.282,6.0946,4.9511,-0.0000,0.4000,0.0000,1788739675.677
49.302,6.1026,4.9511,-0.0000,0.4000,0.0000,1788739675.697
49.322,6.1106,4.9511,-0.0000,0.4000,0.0000,1788739675.717
49.342,6.1186,4.9511,-0.0000,0.4000,0.0000,1788739675.737
49.362,6.1266,4.9511,-0.0000,0.4000,0.0000,1788739675.757
49.382,6.1346,4.9511,-0.0000,0.4000,0.0000,1788739675.777
49.402,6.1426,4.9511,-0.0000,0.4000,0.0000,1788739675.797
49.422,6.1506,4.9511,-0.0000,0.4000,0.0000,1788739675.817
49.442,6.1586,4.9511,-0.0000,0.4000,0.0000,1788739675.837
49.462,6.1666,4.9511,-0.0000,0.4000,0.0000,1788739675.857
49.482,6.1746,4.9511,-0.0000,0.4000,0.0000,1788739675.877
49.502,6.1826,4.9511,-0.0000,0.4000,0.0000,1788739675.897
49.522,6.1906,4.9511,-0.0000,0.4000,0.0000,1788739675.917
49.542,6.1983,4.9511,-0.0000,0.3842,0.0000,1788739675.937
49.562,6.2060,4.9511,-0.0000,0.3842,0.0000,1788739675.957
49.582,6.2136,4.9511,-0.0000,0.3842,0.0000,1788739675.977
49.602,6.2213,4.9511,-0.0000,0.3842,0.0000,1788739675.997
49.622,6.2290,4.9511,-0.0000,0.3842,0.0000,1788739676.017
49.643,6.2370,4.9511,-0.0000,0.4000,0.0000,1788739676.037
49.663,6.2450,4.9511,-0.0000,0.4000,0.0000,1788739676.057
49.682,6.2530,4.9511,-0.0000,0.4000,0.0000,1788739676.077
49.702,6.2610,4.9511,-0.0000,0.4000,0.0000,1788739676.097
49.722,6.2690,4.9511,-0.0000,0.4000,0.0000,1788739676.117
49.742,6.2770,4.9511,-0.0000,0.4000,0.0000,1788739676.137
49.762,6.2850,4.9511,-0.0000,0.4000,0.0000,1788739676.157
49.782,6.2930,4.9511,-0.0000,0.4000,0.0000,1788739676.177
49.802,6.3010,4.9511,-0.0000,0.4000,0.0000,1788739676.197
49.822,6.3090,4.9511,-0.0000,0.4000,0.0000,1788739676.217
49.843,6.3170,4.9511,-0.0000,0.4000,0.0000,1788739676.237
49.862,6.3250,4.9511,-0.0000,0.4000,0.0000,1788739676.257
49.882,6.3330,4.9511,-0.0000,0.4000,0.0000,1788739676.277
49.902,6.3410,4.9511,-0.0000,0.4000,0.0000,1788739676.297
49.922,6.3490,4.9511,-0.0000,0.4000,0.0000,1788739676.317
49.942,6.3567,4.9511,-0.0000,0.3842,0.0000,1788739676.337
49.962,6.3644,4.9511,-0.0000,0.3842,0.0000,1788739676.357
49.982,6.3721,4.9511,-0.0000,0.3842,0.0000,1788739676.377
50.002,6.3798,4.9511,-0.0000,0.3842,0.0000,1788739676.397
50.022,6.3874,4.9511,-0.0000,0.3842,0.0000,1788739676.417
50.042,6.3951,4.9511,-0.0000,0.3842,0.0000,1788739676.437
50.062,6.4028,4.9511,-0.0000,0.3842,0.0000,1788739676.457
50.082,6.4105,4.9511,-0.0000,0.3842,0.0000,1788739676.477
50.102,6.4182,4.9511,-0.0000,0.3842,0.0000,1788739676.497
50.122,6.4259,4.9511,-0.0000,0.3842,0.0000,1788739676.517
50.142,6.4339,4.9511,-0.0000,0.4000,0.0000,1788739676.537
50.162,6.4419,4.9511,-0.0000,0.4000,0.0000,1788739676.557
50.182,6.4499,4.9511,-0.0000,0.4000,0.0000,1788739676.577
50.202,6.4579,4.9511,-0.0000,0.4000,0.0000,1788739676.597
50.222,6.4659,4.9511,-0.0000,0.4000,0.0000,1788739676.617
50.242,6.4739,4.9511,-0.0000,0.4000,0.0000,1788739676.637
50.262,6.4819,4.9511,-0.0000,0.4000,0.0000,1788739676.657
50.282,6.4899,4.9511,-0.0000,0.4000,0.0000,1788739676.677
50.302,6.4979,4.9511,-0.0000,0.4000,0.0000,1788739676.697
50.322,6.5059,4.9511,-0.0000,0.4000,0.0000,1788739676.717
50.342,6.5139,4.9511,-0.0000,0.4000,0.0000,1788739676.737
50.362,6.5219,4.9511,-0.0000,0.4000,0.0000,1788739676.757
50.382,6.5299,4.9511,-0.0000,0.4000,0.0000,1788739676.777
50.402,6.5379,4.9511,-0.0000,0.4000,0.0000,1788739676.797
50.422,6.5459,4.9511,-0.0000,0.4000,0.0000,1788739676.817
50.442,6.5535,4.9511,-0.0000,0.3842,0.0000,1788739676.837
50.462,6.5612,4.9511,-0.0000,0.3842,0.0000,1788739676.857
50.482,6.5689,4.9511,-0.0000,0.3842,0.0000,1788739676.877
50.502,6.5766,4.9511,-0.0000,0.3842,0.0000,1788739676.897
50.522,6.5843,4.9511,-0.0000,0.3842,0.0000,1788739676.917
50.542,6.5920,4.9511,-0.0000,0.3842,0.0000,1788739676.937
50.562,6.5996,4.9511,-0.0000,0.3842,0.0000,1788739676.957
50.583,6.6073,4.9511,-0.0000,0.3842,0.0000,1788739676.977
50.602,6.6150,4.9511,-0.0000,0.3842,0.0000,1788739676.997
50.622,6.6227,4.9511,-0.0000,0.3842,0.0000,1788739677.017
50.643,6.6307,4.9511,-0.0000,0.4000,0.0000,1788739677.037
50.663,6.6387,4.9511,-0.0000,0.4000,0.0000,1788739677.057
50.682,6.6467,4.9511,-0.0000,0.4000,0.0000,1788739677.077
50.702,6.6547,4.9511,-0.0000,0.4000,0.0000,1788739677.097
50.722,6.6627,4.9511,-0.0000,0.4000,0.0000,1788739677.117
50.742,6.6707,4.9511,-0.0000,0.4000,0.0000,1788739677.137
50.762,6.6787,4.9511,-0.0000,0.4000,0.0000,1788739677.157
50.782,6.6867,4.9511,-0.0000,0.4000,0.0000,1788739677.177
50.802,6.6947,4.9511,-0.0000,0.4000,0.0000,1788739677.197
50.822,6.7027,4.9511,-0.0000,0.4000,0.0000,1788739677.217
50.842,6.7107,4.9511,-0.0000,0.4000,0.0000,1788739677.237
50.862,6.7187,4.9511,-0.0000,0.4000,0.0000,1788739677.257
50.882,6.7267,4.9511,-0.0000,0.4000,0.0000,1788739677.277
50.902,6.7347,4.9511,-0.0000,0.4000,0.0000,1788739677.297
50.922,6.7427,4.9511,-0.0000,0.4000,0.0000,1788739677.317
50.943,6.7504,4.9511,-0.0000,0.3842,0.0000,1788739677.337
50.962,6.7581,4.9511,-0.0000,0.3842,0.0000,1788739677.357
50.983,6.7658,4.9511,-0.0000,0.3842,0.0000,1788739677.377
51.002,6.7734,4.9511,-0.0000,0.3842,0.0000,1788739677.397
51.022,6.7811,4.9511,-0.0000,0.3842,0.0000,1788739677.417
51.042,6.7891,4.9511,-0.0000,0.4000,0.0000,1788739677.437
51.062,6.7971,4.9511,-0.0000,0.4000,0.0000,1788739677.457
51.082,6.8051,4.9511,-0.0000,0.4000,0.0000,1788739677.477
51.102,6.8131,4.9511,-0.0000,0.4000,0.0000,1788739677.497
51.122,6.8211,4.9511,-0.0000,0.4000,0.0000,1788739677.517
51.142,6.8291,4.9511,-0.0000,0.4000,0.0000,1788739677.537
51.162,6.8371,4.9511,-0.0000,0.4000,0.0000,1788739677.557
51.182,6.8451,4.9511,-0.0000,0.4000,0.0000,1788739677.577
51.202,6.8531,4.9511,-0.0000,0.4000,0.0000,1788739677.597
51.222,6.8611,4.9511,-0.0000,0.4000,0.0000,1788739677.617
51.242,6.8691,4.9511,-0.0000,0.4000,0.0000,1788739677.637
51.262,6.8771,4.9511,-0.0000,0.4000,0.0000,1788739677.657
51.282,6.8851,4.9511,-0.0000,0.4000,0.0000,1788739677.677
51.302,6.8931,4.9511,-0.0000,0.4000,0.0000,1788739677.697
51.322,6.9011,4.9511,-0.0000,0.4000,0.0000,1788739677.717
51.342,6.9091,4.9511,-0.0000,0.4000,0.0000,1788739677.737
51.362,6.9171,4.9511,-0.0000,0.4000,0.0000,1788739677.757
51.382,6.9251,4.9511,-0.0000,0.4000,0.0000,1788739677.777
51.402,6.9331,4.9511,-0.0000,0.4000,0.0000,1788739677.797
51.422,6.9411,4.9511,-0.0000,0.4000,0.0000,1788739677.817
51.442,6.9488,4.9511,-0.0000,0.3842,0.0000,1788739677.837
51.462,6.9565,4.9511,-0.0000,0.3842,0.0000,1788739677.857
51.482,6.9642,4.9511,-0.0000,0.3842,0.0000,1788739677.877
51.502,6.9719,4.9511,-0.0000,0.3842,0.0000,1788739677.897
51.522,6.9795,4.9511,-0.0000,0.3842,0.0000,1788739677.917
51.542,6.9875,4.9511,-0.0000,0.4000,0.0000,1788739677.937
51.562,6.9955,4.9511,-0.0000,0.4000,0.0000,1788739677.957
51.582,7.0035,4.9511,-0.0000,0.4000,0.0000,1788739677.977
51.602,7.0115,4.9511,-0.0000,0.4000,0.0000,1788739677.997
51.622,7.0195,4.9511,-0.0000,0.4000,0.0000,1788739678.017
51.642,7.0275,4.9511,-0.0000,0.4000,0.0000,1788739678.037
51.662,7.0355,4.9511,-0.0000,0.4000,0.0000,1788739678.057
51.682,7.0435,4.9511,-0.0000,0.4000,0.0000,1788739678.077
51.702,7.0515,4.9511,-0.0000,0.4000,0.0000,1788739678.097
51.722,7.0595,4.9511,-0.0000,0.4000,0.0000,1788739678.117
51.742,7.0675,4.9511,-0.0000,0.4000,0.0000,1788739678.137
51.762,7.0755,4.9511,-0.0000,0.4000,0.0000,1788739678.157
51.782,7.0835,4.9511,-0.0000,0.4000,0.0000,1788739678.177
51.802,7.0915,4.9511,-0.0000,0.4000,0.0000,1788739678.197
51.822,7.0995,4.9511,-0.0000,0.4000,0.0000,1788739678.217
51.842,7.1072,4.9511,-0.0000,0.3842,0.0000,1788739678.237
51.862,7.1149,4.9511,-0.0000,0.3842,0.0000,1788739678.257
51.882,7.1226,4.9511,-0.0000,0.3842,0.0000,1788739678.277
51.902,7.1303,4.9511,-0.0000,0.3842,0.0000,1788739678.297
51.922,7.1380,4.9511,-0.0000,0.3842,0.0000,1788739678.317
51.942,7.1456,4.9511,-0.0000,0.3842,0.0000,1788739678.337
51.963,7.1533,4.9511,-0.0000,0.3842,0.0000,1788739678.357
51.982,7.1610,4.9511,-0.0000,0.3842,0.0000,1788739678.377
52.002,7.1687,4.9511,-0.0000,0.3842,0.0000,1788739678.397
52.022,7.1764,4.9511,-0.0000,0.3842,0.0000,1788739678.417
52.042,7.1844,4.9511,-0.0000,0.4000,0.0000,1788739678.437
52.062,7.1924,4.9511,-0.0000,0.4000,0.0000,1788739678.457
52.082,7.2004,4.9511,-0.0000,0.4000,0.0000,1788739678.477
52.102,7.2084,4.9511,-0.0000,0.4000,0.0000,1788739678.497
52.122,7.2164,4.9511,-0.0000,0.4000,0.0000,1788739678.517
52.142,7.2244,4.9511,-0.0000,0.4000,0.0000,1788739678.537
52.162,7.2324,4.9511,-0.0000,0.4000,0.0000,1788739678.557
52.183,7.2404,4.9511,-0.0000,0.4000,0.0000,1788739678.577
52.202,7.2484,4.9511,-0.0000,0.4000,0.0000,1788739678.597
52.222,7.2564,4.9511,-0.0000,0.4000,0.0000,1788739678.617
52.242,7.2644,4.9511,-0.0000,0.4000,0.0000,1788739678.637
52.262,7.2724,4.9511,-0.0000,0.4000,0.0000,1788739678.657
52.282,7.2804,4.9511,-0.0000,0.4000,0.0000,1788739678.677
52.302,7.2884,4.9511,-0.0000,0.4000,0.0000,1788739678.697
52.322,7.2964,4.9511,-0.0000,0.4000,0.0000,1788739678.717
52.342,7.3041,4.9511,-0.0000,0.3842,0.0000,1788739678.737
52.362,7.3118,4.9511,-0.0000,0.3842,0.0000,1788739678.757
52.382,7.3194,4.9511,-0.0000,0.3842,0.0000,1788739678.777
52.402,7.3271,4.9511,-0.0000,0.3842,0.0000,1788739678.797
52.422,7.3348,4.9511,-0.0000,0.3842,0.0000,1788739678.817
52.442,7.3425,4.9511,-0.0000,0.3842,0.0000,1788739678.837
52.462,7.3502,4.9511,-0.0000,0.3842,0.0000,1788739678.857
52.483,7.3579,4.9511,-0.0000,0.3842,0.0000,1788739678.877
52.502,7.3655,4.9511,-0.0000,0.3842,0.0000,1788739678.897
52.522,7.3732,4.9511,-0.0000,0.3842,0.0000,1788739678.917
52.542,7.3812,4.9511,-0.0000,0.4000,0.0000,1788739678.937
52.562,7.3892,4.9511,-0.0000,0.4000,0.0000,1788739678.957
52.582,7.3972,4.9511,-0.0000,0.4000,0.0000,1788739678.977
52.602,7.4052,4.9511,-0.0000,0.4000,0.0000,1788739678.997
52.622,7.4132,4.9511,-0.0000,0.4000,0.0000,1788739679.017
52.642,7.4212,4.9511,-0.0000,0.4000,0.0000,1788739679.037
52.662,7.4292,4.9511,-0.0000,0.4000,0.0000,1788739679.057
52.682,7.4372,4.9511,-0.0000,0.4000,0.0000,1788739679.077
52.702,7.4452,4.9511,-0.0000,0.4000,0.0000,1788739679.097
52.722,7.4532,4.9511,-0.0000,0.4000,0.0000,1788739679.117
52.742,7.4612,4.9511,-0.0000,0.4000,0.0000,1788739679.137
52.763,7.4692,4.9511,-0.0000,0.4000,0.0000,1788739679.157
52.782,7.4772,4.9511,-0.0000,0.4000,0.0000,1788739679.177
52.802,7.4852,4.9511,-0.0000,0.4000,0.0000,1788739679.197
52.822,7.4932,4.9511,-0.0000,0.4000,0.0000,1788739679.217
52.842,7.5009,4.9511,-0.0000,0.3842,0.0000,1788739679.237
52.862,7.5086,4.9511,-0.0000,0.3842,0.0000,1788739679.257
52.882,7.5163,4.9511,-0.0000,0.3842,0.0000,1788739679.277
52.902,7.5240,4.9511,-0.0000,0.3842,0.0000,1788739679.297
52.922,7.5316,4.9511,-0.0000,0.3842,0.0000,1788739679.317
52.942,7.5393,4.9511,-0.0000,0.3842,0.0000,1788739679.337
52.962,7.5470,4.9511,-0.0000,0.3842,0.0000,1788739679.357
52.982,7.5547,4.9511,-0.0000,0.3842,0.0000,1788739679.377
53.002,7.5624,4.9511,-0.0000,0.3842,0.0000,1788739679.397
53.022,7.5701,4.9511,-0.0000,0.3842,0.0000,1788739679.417
53.042,7.5781,4.9511,-0.0000,0.4000,0.0000,1788739679.437
53.062,7.5861,4.9511,-0.0000,0.4000,0.0000,1788739679.457
53.082,7.5941,4.9511,-0.0000,0.4000,0.0000,1788739679.477
53.102,7.6021,4.9511,-0.0000,0.4000,0.0000,1788739679.497
53.122,7.6101,4.9511,-0.0000,0.4000,0.0000,1788739679.517
53.142,7.6181,4.9511,-0.0000,0.4000,0.0000,1788739679.537
53.162,7.6261,4.9511,-0.0000,0.4000,0.0000,1788739679.557
53.182,7.6341,4.9511,-0.0000,0.4000,0.0000,1788739679.577
53.202,7.6421,4.9511,-0.0000,0.4000,0.0000,1788739679.597
53.222,7.6501,4.9511,-0.0000,0.4000,0.0000,1788739679.617
53.242,7.6581,4.9511,-0.0000,0.4000,0.0000,1788739679.637
53.262,7.6661,4.9511,-0.0000,0.4000,0.0000,1788739679.657
53.282,7.6741,4.9511,-0.0000,0.4000,0.0000,1788739679.677
53.302,7.6821,4.9511,-0.0000,0.4000,0.0000,1788739679.697
53.322,7.6901,4.9511,-0.0000,0.4000,0.0000,1788739679.717
53.343,7.6978,4.9511,-0.0000,0.3842,0.0000,1788739679.737
53.362,7.7054,4.9511,-0.0000,0.3842,0.0000,1788739679.757
53.383,7.7131,4.9511,-0.0000,0.3842,0.0000,1788739679.777
53.402,7.7208,4.9511,-0.0000,0.3842,0.0000,1788739679.797
53.422,7.7285,4.9511,-0.0000,0.3842,0.0000,1788739679.817
53.442,7.7359,4.9511,-0.0000,0.3684,0.0000,1788739679.837
53.462,7.7432,4.9511,-0.0000,0.3684,0.0000,1788739679.857
53.483,7.7506,4.9511,-0.0000,0.3684,0.0000,1788739679.877
53.502,7.7580,4.9511,-0.0000,0.3684,0.0000,1788739679.897
53.522,7.7653,4.9511,-0.0000,0.3684,0.0000,1788739679.917
53.542,7.7724,4.9511,-0.0000,0.3526,0.0000,1788739679.937
53.562,7.7794,4.9511,-0.0000,0.3526,0.0000,1788739679.957
53.582,7.7865,4.9511,-0.0000,0.3526,0.0000,1788739679.977
53.602,7.7935,4.9511,-0.0000,0.3526,0.0000,1788739679.997
53.622,7.8006,4.9511,-0.0000,0.3526,0.0000,1788739680.017
53.642,7.8073,4.9511,-0.0000,0.3368,0.0000,1788739680.037
53.662,7.8141,4.9511,-0.0000,0.3368,0.0000,1788739680.057
53.682,7.8208,4.9511,-0.0000,0.3368,0.0000,1788739680.077
53.702,7.8275,4.9511,-0.0000,0.3368,0.0000,1788739680.097
53.722,7.8343,4.9511,-0.0000,0.3368,0.0000,1788739680.117
53.742,7.8407,4.9511,-0.0000,0.3211,0.0000,1788739680.137
53.762,7.8471,4.9511,-0.0000,0.3211,0.0000,1788739680.157
53.782,7.8535,4.9511,-0.0000,0.3211,0.0000,1788739680.177
53.802,7.8600,4.9511,-0.0000,0.3211,0.0000,1788739680.197
53.822,7.8664,4.9511,-0.0000,0.3211,0.0000,1788739680.217
53.842,7.8725,4.9511,-0.0000,0.3053,0.0000,1788739680.237
53.862,7.8786,4.9511,-0.0000,0.3053,0.0000,1788739680.257
53.882,7.8847,4.9511,-0.0000,0.3053,0.0000,1788739680.277
53.902,7.8908,4.9511,-0.0000,0.3053,0.0000,1788739680.297
53.922,7.8969,4.9511,-0.0000,0.3053,0.0000,1788739680.317
53.942,7.9027,4.9511,-0.0000,0.2895,0.0000,1788739680.337
53.962,7.9085,4.9511,-0.0000,0.2895,0.0000,1788739680.357
53.982,7.9143,4.9511,-0.0000,0.2895,0.0000,1788739680.377
54.002,7.9201,4.9511,-0.0000,0.2895,0.0000,1788739680.397
54.022,7.9259,4.9511,-0.0000,0.2895,0.0000,1788739680.417
54.042,7.9313,4.9511,-0.0000,0.2737,0.0000,1788739680.437
54.062,7.9368,4.9511,-0.0000,0.2737,0.0000,1788739680.457
54.082,7.9423,4.9511,-0.0000,0.2737,0.0000,1788739680.477
54.102,7.9478,4.9511,-0.0000,0.2737,0.0000,1788739680.497
54.122,7.9532,4.9511,-0.0000,0.2737,0.0000,1788739680.517
54.143,7.9584,4.9511,-0.0000,0.2579,0.0000,1788739680.537
54.162,7.9635,4.9511,-0.0000,0.2579,0.0000,1788739680.557
54.183,7.9687,4.9511,-0.0000,0.2579,0.0000,1788739680.577
54.202,7.9739,4.9511,-0.0000,0.2579,0.0000,1788739680.597
54.222,7.9790,4.9511,-0.0000,0.2579,0.0000,1788739680.617
54.243,7.9839,4.9511,-0.0000,0.2421,0.0000,1788739680.637
54.262,7.9887,4.9511,-0.0000,0.2421,0.0000,1788739680.657
54.282,7.9935,4.9511,-0.0000,0.2421,0.0000,1788739680.677
54.302,7.9984,4.9511,-0.0000,0.2421,0.0000,1788739680.697
54.322,8.0032,4.9511,-0.0000,0.2421,0.0000,1788739680.717
54.342,8.0078,4.9511,-0.0000,0.2263,0.0000,1788739680.737
54.362,8.0123,4.9511,-0.0000,0.2263,0.0000,1788739680.757
54.383,8.0168,4.9511,-0.0000,0.2263,0.0000,1788739680.777
54.402,8.0213,4.9511,-0.0000,0.2263,0.0000,1788739680.797
54.422,8.0259,4.9511,-0.0000,0.2263,0.0000,1788739680.817
54.442,8.0304,4.9511,-0.0000,0.2263,0.0000,1788739680.837
54.462,8.0349,4.9511,-0.0000,0.2263,0.0000,1788739680.857
54.482,8.0394,4.9511,-0.0000,0.2263,0.0000,1788739680.877
54.502,8.0440,4.9511,-0.0000,0.2263,0.0000,1788739680.897
54.522,8.0485,4.9511,-0.0000,0.2263,0.0000,1788739680.917
54.542,8.0527,4.9511,-0.0000,0.2105,0.0000,1788739680.937
54.562,8.0569,4.9511,-0.0000,0.2105,0.0000,1788739680.957
54.582,8.0611,4.9511,-0.0000,0.2105,0.0000,1788739680.977
54.602,8.0653,4.9511,-0.0000,0.2105,0.0000,1788739680.997
54.622,8.0695,4.9511,-0.0000,0.2105,0.0000,1788739681.017
54.642,8.0734,4.9511,-0.0000,0.1947,0.0000,1788739681.037
54.662,8.0773,4.9511,-0.0000,0.1947,0.0000,1788739681.057
54.682,8.0812,4.9511,-0.0000,0.1947,0.0000,1788739681.077
54.702,8.0851,4.9511,-0.0000,0.1947,0.0000,1788739681.097
54.722,8.0890,4.9511,-0.0000,0.1947,0.0000,1788739681.117
54.742,8.0929,4.9511,-0.0000,0.1947,0.0000,1788739681.137
54.762,8.0968,4.9511,-0.0000,0.1947,0.0000,1788739681.157
54.782,8.1007,4.9511,-0.0000,0.1947,0.0000,1788739681.177
54.802,8.1046,4.9511,-0.0000,0.1947,0.0000,1788739681.197
54.822,8.1085,4.9511,-0.0000,0.1947,0.0000,1788739681.217
54.842,8.1121,4.9511,-0.0000,0.1789,0.0000,1788739681.237
54.862,8.1156,4.9511,-0.0000,0.1789,0.0000,1788739681.257
54.882,8.1192,4.9511,-0.0000,0.1789,0.0000,1788739681.277
54.902,8.1228,4.9511,-0.0000,0.1789,0.0000,1788739681.297
54.922,8.1264,4.9511,-0.0000,0.1789,0.0000,1788739681.317
54.942,8.1296,4.9511,-0.0000,0.1632,0.0000,1788739681.337
54.962,8.1329,4.9511,-0.0000,0.1632,0.0000,1788739681.357
54.982,8.1362,4.9511,-0.0000,0.1632,0.0000,1788739681.377
55.002,8.1394,4.9511,-0.0000,0.1632,0.0000,1788739681.397
55.022,8.1427,4.9511,-0.0000,0.1632,0.0000,1788739681.417
55.042,8.1463,4.9511,0.0011,0.1789,0.0526,1788739681.437
55.062,8.1499,4.9511,0.0021,0.1789,0.0526,1788739681.457
55.082,8.1534,4.9511,0.0032,0.1789,0.0526,1788739681.477
55.102,8.1570,4.9511,0.0042,0.1789,0.0526,1788739681.497
55.122,8.1606,4.9511,0.0053,0.1789,0.0526,1788739681.517
55.142,8.1635,4.9512,0.0053,0.1474,0.0000,1788739681.537
55.162,8.1665,4.9512,0.0053,0.1474,0.0000,1788739681.557
55.182,8.1694,4.9512,0.0053,0.1474,0.0000,1788739681.577
55.202,8.1724,4.9512,0.0053,0.1474,0.0000,1788739681.597
55.222,8.1753,4.9512,0.0053,0.1474,0.0000,1788739681.617
55.242,8.1783,4.9512,0.0053,0.1474,0.0000,1788739681.637
55.262,8.1812,4.9513,0.0053,0.1474,0.0000,1788739681.657
55.282,8.1842,4.9513,0.0053,0.1474,0.0000,1788739681.677
55.302,8.1871,4.9513,0.0053,0.1474,0.0000,1788739681.697
55.322,8.1901,4.9513,0.0053,0.1474,0.0000,1788739681.717
55.342,8.1927,4.9513,0.0053,0.1316,0.0000,1788739681.737
55.362,8.1953,4.9513,0.0053,0.1316,0.0000,1788739681.757
55.382,8.1980,4.9513,0.0053,0.1316,0.0000,1788739681.777
55.402,8.2006,4.9514,0.0053,0.1316,0.0000,1788739681.797
55.422,8.2032,4.9514,0.0053,0.1316,0.0000,1788739681.817
55.442,8.2059,4.9514,0.0053,0.1316,0.0000,1788739681.837
55.462,8.2085,4.9514,0.0053,0.1316,0.0000,1788739681.857
55.482,8.2111,4.9514,0.0053,0.1316,0.0000,1788739681.877
55.502,8.2138,4.9514,0.0053,0.1316,0.0000,1788739681.897
55.522,8.2164,4.9514,0.0053,0.1316,0.0000,1788739681.917
55.542,8.2190,4.9515,0.0053,0.1316,0.0000,1788739681.937
55.562,8.2216,4.9515,0.0053,0.1316,0.0000,1788739681.957
55.582,8.2243,4.9515,0.0053,0.1316,0.0000,1788739681.977
55.602,8.2269,4.9515,0.0053,0.1316,0.0000,1788739681.997
55.622,8.2295,4.9515,0.0053,0.1316,0.0000,1788739682.017
55.642,8.2319,4.9515,0.0053,0.1158,0.0000,1788739682.037
55.662,8.2342,4.9515,0.0053,0.1158,0.0000,1788739682.057
55.683,8.2365,4.9515,0.0053,0.1158,0.0000,1788739682.077
55.702,8.2388,4.9516,0.0053,0.1158,0.0000,1788739682.097
55.722,8.2411,4.9516,0.0053,0.1158,0.0000,1788739682.117
55.742,8.2434,4.9516,0.0053,0.1158,0.0000,1788739682.137
55.762,8.2458,4.9516,0.0053,0.1158,0.0000,1788739682.157
55.782,8.2481,4.9516,0.0053,0.1158,0.0000,1788739682.177
55.802,8.2504,4.9516,0.0053,0.1158,0.0000,1788739682.197
55.822,8.2527,4.9516,0.0053,0.1158,0.0000,1788739682.217
55.842,8.2547,4.9516,0.0053,0.1000,0.0000,1788739682.237
55.862,8.2567,4.9517,0.0053,0.1000,0.0000,1788739682.257
55.882,8.2587,4.9517,0.0053,0.1000,0.0000,1788739682.277
55.902,8.2607,4.9517,0.0053,0.1000,0.0000,1788739682.297
55.923,8.2627,4.9517,0.0053,0.1000,0.0000,1788739682.317
55.943,8.2647,4.9517,0.0053,0.1000,0.0000,1788739682.337
55.962,8.2667,4.9517,0.0053,0.1000,0.0000,1788739682.357
55.982,8.2687,4.9517,0.0053,0.1000,0.0000,1788739682.377
56.002,8.2707,4.9517,0.0053,0.1000,0.0000,1788739682.397
56.022,8.2727,4.9517,0.0053,0.1000,0.0000,1788739682.417
56.042,8.2747,4.9517,0.0053,0.1000,0.0000,1788739682.437
56.062,8.2767,4.9518,0.0053,0.1000,0.0000,1788739682.457
56.082,8.2787,4.9518,0.0053,0.1000,0.0000,1788739682.477
56.102,8.2807,4.9518,0.0053,0.1000,0.0000,1788739682.497
56.122,8.2827,4.9518,0.0053,0.1000,0.0000,1788739682.517
56.142,8.2847,4.9518,0.0053,0.1000,0.0000,1788739682.537
56.163,8.2867,4.9518,0.0053,0.1000,0.0000,1788739682.557
56.183,8.2887,4.9518,0.0053,0.1000,0.0000,1788739682.577
56.202,8.2907,4.9518,0.0053,0.1000,0.0000,1788739682.597
56.222,8.2927,4.9518,0.0053,0.1000,0.0000,1788739682.617
56.242,8.2947,4.9519,0.0053,0.1000,0.0000,1788739682.637
56.262,8.2967,4.9519,0.0053,0.1000,0.0000,1788739682.657
56.282,8.2987,4.9519,0.0053,0.1000,0.0000,1788739682.677
56.302,8.3007,4.9519,0.0053,0.1000,0.0000,1788739682.697
56.322,8.3027,4.9519,0.0053,0.1000,0.0000,1788739682.717
56.342,8.3047,4.9519,0.0053,0.1000,0.0000,1788739682.737
56.362,8.3067,4.9519,0.0053,0.1000,0.0000,1788739682.757
56.383,8.3087,4.9519,0.0053,0.1000,0.0000,1788739682.777
56.402,8.3107,4.9519,0.0053,0.1000,0.0000,1788739682.797
56.422,8.3127,4.9519,0.0053,0.1000,0.0000,1788739682.817
56.443,8.3147,4.9520,0.0053,0.1000,0.0000,1788739682.837
56.463,8.3167,4.9520,0.0053,0.1000,0.0000,1788739682.857
56.482,8.3187,4.9520,0.0053,0.1000,0.0000,1788739682.877
56.502,8.3207,4.9520,0.0053,0.1000,0.0000,1788739682.897
56.522,8.3227,4.9520,0.0053,0.1000,0.0000,1788739682.917
56.542,8.3247,4.9520,0.0053,0.1000,0.0000,1788739682.937
56.562,8.3267,4.9520,0.0053,0.1000,0.0000,1788739682.957
56.582,8.3287,4.9520,0.0053,0.1000,0.0000,1788739682.977
56.602,8.3307,4.9520,0.0053,0.1000,0.0000,1788739682.997
56.622,8.3327,4.9521,0.0053,0.1000,0.0000,1788739683.017
56.642,8.3347,4.9521,0.0053,0.1000,0.0000,1788739683.037
56.662,8.3367,4.9521,0.0053,0.1000,0.0000,1788739683.057
56.683,8.3387,4.9521,0.0053,0.1000,0.0000,1788739683.077
56.702,8.3407,4.9521,0.0053,0.1000,0.0000,1788739683.097
56.722,8.3427,4.9521,0.0053,0.1000,0.0000,1788739683.117
56.743,8.3447,4.9521,0.0053,0.1000,0.0000,1788739683.137
56.762,8.3467,4.9521,0.0053,0.1000,0.0000,1788739683.157
56.782,8.3487,4.9521,0.0053,0.1000,0.0000,1788739683.177
56.802,8.3507,4.9521,0.0053,0.1000,0.0000,1788739683.197
56.822,8.3527,4.9522,0.0053,0.1000,0.0000,1788739683.217
56.842,8.3547,4.9522,0.0053,0.1000,0.0000,1788739683.237
56.862,8.3567,4.9522,0.0053,0.1000,0.0000,1788739683.257
56.882,8.3587,4.9522,0.0053,0.1000,0.0000,1788739683.277
56.902,8.3607,4.9522,0.0053,0.1000,0.0000,1788739683.297
56.922,8.3627,4.9522,0.0053,0.1000,0.0000,1788739683.317
56.942,8.3647,4.9522,0.0053,0.1000,0.0000,1788739683.337
56.962,8.3667,4.9522,0.0053,0.1000,0.0000,1788739683.357
56.982,8.3687,4.9522,0.0053,0.1000,0.0000,1788739683.377
57.002,8.3707,4.9523,0.0053,0.1000,0.0000,1788739683.397
57.023,8.3727,4.9523,0.0053,0.1000,0.0000,1788739683.417
57.042,8.3747,4.9523,0.0053,0.1000,0.0000,1788739683.437
57.063,8.3767,4.9523,0.0053,0.1000,0.0000,1788739683.457
57.083,8.3787,4.9523,0.0053,0.1000,0.0000,1788739683.477
57.102,8.3807,4.9523,0.0053,0.1000,0.0000,1788739683.497
57.122,8.3827,4.9523,0.0053,0.1000,0.0000,1788739683.517
57.142,8.3847,4.9523,0.0053,0.1000,0.0000,1788739683.537
57.162,8.3867,4.9523,0.0053,0.1000,0.0000,1788739683.557
57.182,8.3887,4.9523,0.0053,0.1000,0.0000,1788739683.577
57.202,8.3907,4.9524,0.0053,0.1000,0.0000,1788739683.597
57.222,8.3927,4.9524,0.0053,0.1000,0.0000,1788739683.617
57.242,8.3947,4.9524,0.0053,0.1000,0.0000,1788739683.637
57.262,8.3967,4.9524,0.0053,0.1000,0.0000,1788739683.657
57.282,8.3987,4.9524,0.0053,0.1000,0.0000,1788739683.677
57.302,8.4007,4.9524,0.0053,0.1000,0.0000,1788739683.697
57.322,8.4027,4.9524,0.0053,0.1000,0.0000,1788739683.717
57.342,8.4047,4.9524,0.0053,0.1000,0.0000,1788739683.737
57.362,8.4067,4.9524,0.0053,0.1000,0.0000,1788739683.757
57.382,8.4087,4.9525,0.0053,0.1000,0.0000,1788739683.777
57.402,8.4107,4.9525,0.0053,0.1000,0.0000,1788739683.797
57.422,8.4127,4.9525,0.0053,0.1000,0.0000,1788739683.817
57.442,8.4147,4.9525,0.0053,0.1000,0.0000,1788739683.837
57.462,8.4167,4.9525,0.0053,0.1000,0.0000,1788739683.857
57.482,8.4187,4.9525,0.0053,0.1000,0.0000,1788739683.877
57.502,8.4207,4.9525,0.0053,0.1000,0.0000,1788739683.897
57.522,8.4227,4.9525,0.0053,0.1000,0.0000,1788739683.917
57.543,8.4247,4.9525,0.0053,0.1000,0.0000,1788739683.937
57.562,8.4267,4.9525,0.0053,0.1000,0.0000,1788739683.957
57.582,8.4287,4.9526,0.0053,0.1000,0.0000,1788739683.977
57.602,8.4307,4.9526,0.0053,0.1000,0.0000,1788739683.997
57.622,8.4327,4.9526,0.0053,0.1000,0.0000,1788739684.017
57.642,8.4347,4.9526,0.0053,0.1000,0.0000,1788739684.037
57.662,8.4367,4.9526,0.0053,0.1000,0.0000,1788739684.057
57.682,8.4387,4.9526,0.0053,0.1000,0.0000,1788739684.077
57.702,8.4407,4.9526,0.0053,0.1000,0.0000,1788739684.097
57.722,8.4427,4.9526,0.0053,0.1000,0.0000,1788739684.117
57.742,8.4447,4.9526,0.0053,0.1000,0.0000,1788739684.137
57.762,8.4467,4.9527,0.0053,0.1000,0.0000,1788739684.157
57.782,8.4487,4.9527,0.0053,0.1000,0.0000,1788739684.177
57.802,8.4507,4.9527,0.0053,0.1000,0.0000,1788739684.197
57.822,8.4527,4.9527,0.0053,0.1000,0.0000,1788739684.217
57.842,8.4547,4.9527,0.0053,0.1000,0.0000,1788739684.237
57.862,8.4567,4.9527,0.0053,0.1000,0.0000,1788739684.257
57.882,8.4587,4.9527,0.0053,0.1000,0.0000,1788739684.277
57.902,8.4607,4.9527,0.0053,0.1000,0.0000,1788739684.297
57.922,8.4627,4.9527,0.0053,0.1000,0.0000,1788739684.317
57.942,8.4647,4.9527,0.0053,0.1000,0.0000,1788739684.337
57.962,8.4667,4.9528,0.0053,0.1000,0.0000,1788739684.357
57.982,8.4687,4.9528,0.0053,0.1000,0.0000,1788739684.377
58.002,8.4707,4.9528,0.0053,0.1000,0.0000,1788739684.397
58.022,8.4727,4.9528,0.0053,0.1000,0.0000,1788739684.417
58.042,8.4747,4.9528,0.0053,0.1000,0.0000,1788739684.437
58.062,8.4767,4.9528,0.0053,0.1000,0.0000,1788739684.457
58.082,8.4787,4.9528,0.0053,0.1000,0.0000,1788739684.477
58.102,8.4807,4.9528,0.0053,0.1000,0.0000,1788739684.497
58.122,8.4827,4.9528,0.0053,0.1000,0.0000,1788739684.517
58.142,8.4847,4.9529,0.0053,0.1000,0.0000,1788739684.537
58.162,8.4867,4.9529,0.0053,0.1000,0.0000,1788739684.557
58.182,8.4887,4.9529,0.0053,0.1000,0.0000,1788739684.577
58.202,8.4907,4.9529,0.0053,0.1000,0.0000,1788739684.597
58.222,8.4927,4.9529,0.0053,0.1000,0.0000,1788739684.617
58.242,8.4947,4.9529,0.0053,0.1000,0.0000,1788739684.637
58.262,8.4967,4.9529,0.0053,0.1000,0.0000,1788739684.657
58.282,8.4987,4.9529,0.0053,0.1000,0.0000,1788739684.677
58.302,8.5007,4.9529,0.0053,0.1000,0.0000,1788739684.697
58.322,8.5027,4.9529,0.0053,0.1000,0.0000,1788739684.717
58.342,8.5047,4.9530,0.0053,0.1000,0.0000,1788739684.737
58.362,8.5067,4.9530,0.0053,0.1000,0.0000,1788739684.757
58.382,8.5087,4.9530,0.0053,0.1000,0.0000,1788739684.777
58.402,8.5107,4.9530,0.0053,0.1000,0.0000,1788739684.797
58.422,8.5127,4.9530,0.0053,0.1000,0.0000,1788739684.817
58.442,8.5153,4.9530,0.0053,0.1316,0.0000,1788739684.837
58.462,8.5180,4.9530,0.0053,0.1316,0.0000,1788739684.857
58.482,8.5206,4.9530,0.0053,0.1316,0.0000,1788739684.877
58.502,8.5232,4.9531,0.0053,0.1316,0.0000,1788739684.897
58.522,8.5259,4.9531,0.0053,0.1316,0.0000,1788739684.917
58.542,8.5285,4.9531,0.0084,0.1316,0.1579,1788739684.937
58.562,8.5311,4.9531,0.0116,0.1316,0.1579,1788739684.957
58.582,8.5337,4.9532,0.0147,0.1316,0.1579,1788739684.977
58.602,8.5364,4.9532,0.0179,0.1316,0.1579,1788739684.997
58.622,8.5390,4.9533,0.0211,0.1316,0.1579,1788739685.017
58.642,8.5416,4.9533,0.0242,0.1316,0.1579,1788739685.037
58.663,8.5443,4.9534,0.0274,0.1316,0.1579,1788739685.057
58.683,8.5469,4.9535,0.0305,0.1316,0.1579,1788739685.077
58.702,8.5495,4.9536,0.0337,0.1316,0.1579,1788739685.097
58.723,8.5522,4.9537,0.0368,0.1316,0.1579,1788739685.117
58.743,8.5545,4.9538,0.0400,0.1158,0.1579,1788739685.137
58.762,8.5568,4.9539,0.0432,0.1158,0.1579,1788739685.157
58.782,8.5591,4.9540,0.0463,0.1158,0.1579,1788739685.177
58.802,8.5614,4.9541,0.0495,0.1158,0.1579,1788739685.197
58.822,8.5637,4.9542,0.0526,0.1158,0.1579,1788739685.217
58.843,8.5637,4.9542,0.0526,0.0000,0.0000,1788739685.237
58.862,8.5637,4.9542,0.0526,0.0000,0.0000,1788739685.257
58.882,8.5637,4.9542,0.0526,0.0000,0.0000,1788739685.277
58.902,8.5637,4.9542,0.0526,0.0000,0.0000,1788739685.297
58.922,8.5637,4.9542,0.0526,0.0000,0.0000,1788739685.317
58.942,8.5637,4.9542,0.0526,0.0000,0.0000,1788739685.337
