t,x,y,yaw,v,w,t_abs
0.031,1.2000,5.0000,0.0000,0.0000,0.0000,1788374661.214
0.050,1.2000,5.0000,0.0000,0.0000,0.0000,1788374661.233
0.070,1.2000,5.0000,0.0000,0.0000,0.0000,1788374661.253
0.090,1.2000,5.0000,0.0000,0.0000,0.0000,1788374661.273
0.110,1.2000,5.0000,0.0000,0.0000,0.0000,1788374661.293
0.130,1.2000,5.0000,0.0000,0.0000,0.0000,1788374661.313
0.150,1.2000,5.0000,0.0000,0.0000,0.0000,1788374661.333
0.170,1.2000,5.0000,0.0000,0.0000,0.0000,1788374661.353
0.190,1.2000,5.0000,0.0000,0.0000,0.0000,1788374661.373
0.210,1.2000,5.0000,0.0000,0.0000,0.0000,1788374661.393
0.230,1.2000,5.0000,0.0000,0.0000,0.0000,1788374661.413
0.250,1.2000,5.0000,0.0000,0.0000,0.0000,1788374661.433
0.270,1.2000,5.0000,0.0000,0.0000,0.0000,1788374661.453
0.290,1.2000,5.0000,0.0000,0.0000,0.0000,1788374661.473
0.310,1.2000,5.0000,0.0000,0.0000,0.0000,1788374661.493
0.330,1.2000,5.0000,0.0000,0.0000,0.0000,1788374661.513
0.350,1.2000,5.0000,0.0000,0.0000,0.0000,1788374661.533
0.370,1.2000,5.0000,0.0000,0.0000,0.0000,1788374661.553
0.390,1.2000,5.0000,0.0000,0.0000,0.0000,1788374661.573
0.410,1.2000,5.0000,0.0000,0.0000,0.0000,1788374661.593
0.430,1.2000,5.0000,0.0000,0.0000,0.0000,1788374661.613
0.450,1.2000,5.0000,0.0000,0.0000,0.0000,1788374661.633
0.470,1.2000,5.0000,0.0000,0.0000,0.0000,1788374661.653
0.490,1.2000,5.0000,0.0000,0.0000,0.0000,1788374661.673
0.510,1.2000,5.0000,0.0000,0.0000,0.0000,1788374661.693
0.530,1.2000,5.0000,0.0000,0.0000,0.0000,1788374661.713
0.550,1.2000,5.0000,0.0000,0.0000,0.0000,1788374661.733
0.570,1.2000,5.0000,0.0000,0.0000,0.0000,1788374661.753
0.590,1.2000,5.0000,0.0000,0.0000,0.0000,1788374661.773
0.610,1.2000,5.0000,0.0000,0.0000,0.0000,1788374661.793
0.630,1.2000,5.0000,0.0000,0.0000,0.0000,1788374661.813
0.650,1.2000,5.0000,0.0000,0.0000,0.0000,1788374661.833
0.670,1.2000,5.0000,0.0000,0.0000,0.0000,1788374661.853
0.690,1.2000,5.0000,0.0000,0.0000,0.0000,1788374661.873
0.710,1.2000,5.0000,0.0000,0.0000,0.0000,1788374661.893
0.730,1.2000,5.0000,0.0000,0.0000,0.0000,1788374661.913
0.750,1.2000,5.0000,0.0000,0.0000,0.0000,1788374661.933
0.770,1.2000,5.0000,0.0000,0.0000,0.0000,1788374661.953
0.790,1.2000,5.0000,0.0000,0.0000,0.0000,1788374661.973
0.811,1.2000,5.0000,0.0000,0.0000,0.0000,1788374661.994
0.830,1.2000,5.0000,0.0000,0.0000,0.0000,1788374662.014
0.851,1.2000,5.0000,0.0000,0.0000,0.0000,1788374662.034
0.870,1.2000,5.0000,0.0000,0.0000,0.0000,1788374662.053
0.890,1.2000,5.0000,0.0000,0.0000,0.0000,1788374662.073
0.910,1.2000,5.0000,0.0000,0.0000,0.0000,1788374662.093
0.930,1.2000,5.0000,0.0000,0.0000,0.0000,1788374662.113
0.950,1.2000,5.0000,0.0000,0.0000,0.0000,1788374662.133
0.970,1.2000,5.0000,0.0000,0.0000,0.0000,1788374662.153
0.990,1.2000,5.0000,0.0000,0.0000,0.0000,1788374662.173
1.010,1.2000,5.0000,0.0000,0.0000,0.0000,1788374662.193
1.030,1.2000,5.0000,0.0000,0.0000,0.0000,1788374662.213
1.050,1.2000,5.0000,0.0000,0.0000,0.0000,1788374662.233
1.070,1.2000,5.0000,0.0000,0.0000,0.0000,1788374662.253
1.090,1.2000,5.0000,0.0000,0.0000,0.0000,1788374662.273
1.110,1.2000,5.0000,0.0000,0.0000,0.0000,1788374662.293
1.130,1.2000,5.0000,0.0000,0.0000,0.0000,1788374662.313
1.150,1.2000,5.0000,0.0000,0.0000,0.0000,1788374662.333
1.170,1.2000,5.0000,0.0000,0.0000,0.0000,1788374662.353
1.190,1.2000,5.0000,0.0000,0.0000,0.0000,1788374662.373
1.210,1.2000,5.0000,0.0000,0.0000,0.0000,1788374662.393
1.230,1.2000,5.0000,0.0000,0.0000,0.0000,1788374662.413
1.250,1.2000,5.0000,0.0000,0.0000,0.0000,1788374662.433
1.270,1.2000,5.0000,0.0000,0.0000,0.0000,1788374662.453
1.290,1.2000,5.0000,0.0000,0.0000,0.0000,1788374662.473
1.310,1.2000,5.0000,0.0000,0.0000,0.0000,1788374662.493
1.330,1.2000,5.0000,0.0000,0.0000,0.0000,1788374662.513
1.350,1.2000,5.0000,0.0000,0.0000,0.0000,1788374662.533
1.370,1.2000,5.0000,0.0000,0.0000,0.0000,1788374662.553
1.390,1.2000,5.0000,0.0000,0.0000,0.0000,1788374662.573
1.410,1.2000,5.0000,0.0000,0.0000,0.0000,1788374662.593
1.430,1.2000,5.0000,0.0000,0.0000,0.0000,1788374662.613
1.450,1.2000,5.0000,0.0000,0.0000,0.0000,1788374662.633
1.470,1.2000,5.0000,0.0000,0.0000,0.0000,1788374662.653
1.490,1.2000,5.0000,0.0000,0.0000,0.0000,1788374662.673
1.510,1.2000,5.0000,0.0000,0.0000,0.0000,1788374662.693
1.530,1.2000,5.0000,0.0000,0.0000,0.0000,1788374662.713
1.550,1.2000,5.0000,0.0000,0.0000,0.0000,1788374662.733
1.570,1.2000,5.0000,0.0000,0.0000,0.0000,1788374662.753
1.590,1.2000,5.0000,0.0000,0.0000,0.0000,1788374662.773
1.610,1.2000,5.0000,0.0000,0.0000,0.0000,1788374662.793
1.630,1.2000,5.0000,0.0000,0.0000,0.0000,1788374662.813
1.650,1.2000,5.0000,0.0000,0.0000,0.0000,1788374662.833
1.670,1.2000,5.0000,0.0000,0.0000,0.0000,1788374662.853
1.690,1.2000,5.0000,0.0000,0.0000,0.0000,1788374662.873
1.710,1.2000,5.0000,0.0000,0.0000,0.0000,1788374662.893
1.730,1.2000,5.0000,0.0000,0.0000,0.0000,1788374662.913
1.750,1.2000,5.0000,0.0000,0.0000,0.0000,1788374662.933
1.770,1.2000,5.0000,0.0000,0.0000,0.0000,1788374662.953
1.790,1.2000,5.0000,0.0000,0.0000,0.0000,1788374662.973
1.810,1.2000,5.0000,0.0000,0.0000,0.0000,1788374662.993
1.830,1.2000,5.0000,0.0000,0.0000,0.0000,1788374663.013
1.851,1.2000,5.0000,0.0000,0.0000,0.0000,1788374663.034
1.871,1.2000,5.0000,0.0000,0.0000,0.0000,1788374663.054
1.891,1.2000,5.0000,0.0000,0.0000,0.0000,1788374663.074
1.910,1.2000,5.0000,0.0000,0.0000,0.0000,1788374663.093
1.930,1.2000,5.0000,0.0000,0.0000,0.0000,1788374663.113
1.950,1.2000,5.0000,0.0000,0.0000,0.0000,1788374663.133
1.970,1.2000,5.0000,0.0000,0.0000,0.0000,1788374663.153
1.990,1.2000,5.0000,0.0000,0.0000,0.0000,1788374663.173
2.010,1.2000,5.0000,0.0000,0.0000,0.0000,1788374663.193
2.030,1.2000,5.0000,0.0000,0.0000,0.0000,1788374663.213
2.050,1.2000,5.0000,0.0000,0.0000,0.0000,1788374663.233
2.070,1.2000,5.0000,0.0000,0.0000,0.0000,1788374663.253
2.090,1.2000,5.0000,0.0000,0.0000,0.0000,1788374663.273
2.110,1.2000,5.0000,0.0000,0.0000,0.0000,1788374663.293
2.130,1.2000,5.0000,0.0000,0.0000,0.0000,1788374663.313
2.150,1.2000,5.0000,0.0000,0.0000,0.0000,1788374663.333
2.170,1.2000,5.0000,0.0000,0.0000,0.0000,1788374663.353
2.190,1.2000,5.0000,0.0000,0.0000,0.0000,1788374663.373
2.210,1.2000,5.0000,0.0000,0.0000,0.0000,1788374663.393
2.230,1.2000,5.0000,0.0000,0.0000,0.0000,1788374663.413
2.250,1.2000,5.0000,0.0000,0.0000,0.0000,1788374663.433
2.270,1.2000,5.0000,0.0000,0.0000,0.0000,1788374663.453
2.290,1.2000,5.0000,0.0000,0.0000,0.0000,1788374663.473
2.310,1.2000,5.0000,0.0000,0.0000,0.0000,1788374663.493
2.330,1.2000,5.0000,0.0000,0.0000,0.0000,1788374663.513
2.350,1.2000,5.0000,0.0000,0.0000,0.0000,1788374663.533
2.370,1.2000,5.0000,0.0000,0.0000,0.0000,1788374663.553
2.390,1.2000,5.0000,0.0000,0.0000,0.0000,1788374663.573
2.410,1.2000,5.0000,0.0000,0.0000,0.0000,1788374663.593
2.430,1.2000,5.0000,0.0000,0.0000,0.0000,1788374663.613
2.450,1.2000,5.0000,0.0000,0.0000,0.0000,1788374663.633
2.470,1.2000,5.0000,0.0000,0.0000,0.0000,1788374663.653
2.490,1.2000,5.0000,0.0000,0.0000,0.0000,1788374663.673
2.510,1.2000,5.0000,0.0000,0.0000,0.0000,1788374663.693
2.530,1.2000,5.0000,0.0000,0.0000,0.0000,1788374663.713
2.550,1.2000,5.0000,0.0000,0.0000,0.0000,1788374663.733
2.570,1.2000,5.0000,0.0000,0.0000,0.0000,1788374663.753
2.590,1.2000,5.0000,0.0000,0.0000,0.0000,1788374663.773
2.610,1.2000,5.0000,0.0000,0.0000,0.0000,1788374663.793
2.630,1.2000,5.0000,0.0000,0.0000,0.0000,1788374663.813
2.650,1.2000,5.0000,0.0000,0.0000,0.0000,1788374663.833
2.670,1.2000,5.0000,0.0000,0.0000,0.0000,1788374663.853
2.690,1.2000,5.0000,0.0000,0.0000,0.0000,1788374663.873
2.710,1.2000,5.0000,0.0000,0.0000,0.0000,1788374663.893
2.730,1.2000,5.0000,0.0000,0.0000,0.0000,1788374663.913
2.750,1.2000,5.0000,0.0000,0.0000,0.0000,1788374663.933
2.770,1.2000,5.0000,0.0000,0.0000,0.0000,1788374663.953
2.790,1.2000,5.0000,0.0000,0.0000,0.0000,1788374663.973
2.810,1.2000,5.0000,0.0000,0.0000,0.0000,1788374663.993
2.830,1.2000,5.0000,0.0000,0.0000,0.0000,1788374664.013
2.850,1.2000,5.0000,0.0000,0.0000,0.0000,1788374664.033
2.870,1.2000,5.0000,0.0000,0.0000,0.0000,1788374664.053
2.891,1.2000,5.0000,0.0000,0.0000,0.0000,1788374664.074
2.911,1.2000,5.0000,0.0000,0.0000,0.0000,1788374664.094
2.930,1.2000,5.0000,0.0000,0.0000,0.0000,1788374664.113
2.950,1.2000,5.0000,0.0000,0.0000,0.0000,1788374664.133
2.970,1.2000,5.0000,0.0000,0.0000,0.0000,1788374664.153
2.990,1.2000,5.0000,0.0000,0.0000,0.0000,1788374664.173
3.010,1.2000,5.0000,0.0000,0.0000,0.0000,1788374664.193
3.030,1.2000,5.0000,0.0000,0.0000,0.0000,1788374664.213
3.050,1.2000,5.0000,0.0000,0.0000,0.0000,1788374664.233
3.070,1.2000,5.0000,0.0000,0.0000,0.0000,1788374664.253
3.090,1.2000,5.0000,0.0000,0.0000,0.0000,1788374664.273
3.110,1.2000,5.0000,0.0000,0.0000,0.0000,1788374664.293
3.130,1.2000,5.0000,0.0000,0.0000,0.0000,1788374664.313
3.150,1.2000,5.0000,0.0000,0.0000,0.0000,1788374664.333
3.170,1.2000,5.0000,0.0000,0.0000,0.0000,1788374664.353
3.190,1.2000,5.0000,0.0000,0.0000,0.0000,1788374664.373
3.210,1.2000,5.0000,0.0000,0.0000,0.0000,1788374664.393
3.230,1.2000,5.0000,0.0000,0.0000,0.0000,1788374664.413
3.250,1.2000,5.0000,0.0000,0.0000,0.0000,1788374664.433
3.270,1.2000,5.0000,0.0000,0.0000,0.0000,1788374664.453
3.290,1.2000,5.0000,0.0000,0.0000,0.0000,1788374664.473
3.310,1.2000,5.0000,0.0000,0.0000,0.0000,1788374664.493
3.330,1.2000,5.0000,0.0000,0.0000,0.0000,1788374664.513
3.350,1.2000,5.0000,0.0000,0.0000,0.0000,1788374664.533
3.370,1.2000,5.0000,0.0000,0.0000,0.0000,1788374664.553
3.390,1.2000,5.0000,0.0000,0.0000,0.0000,1788374664.573
3.410,1.2000,5.0000,0.0000,0.0000,0.0000,1788374664.593
3.430,1.2000,5.0000,0.0000,0.0000,0.0000,1788374664.613
3.450,1.2000,5.0000,0.0000,0.0000,0.0000,1788374664.633
3.470,1.2000,5.0000,0.0000,0.0000,0.0000,1788374664.653
3.490,1.2000,5.0000,0.0000,0.0000,0.0000,1788374664.673
3.510,1.2000,5.0000,0.0000,0.0000,0.0000,1788374664.693
3.530,1.2000,5.0000,0.0000,0.0000,0.0000,1788374664.713
3.550,1.2000,5.0000,0.0000,0.0000,0.0000,1788374664.733
3.570,1.2000,5.0000,0.0000,0.0000,0.0000,1788374664.753
3.590,1.2000,5.0000,0.0000,0.0000,0.0000,1788374664.773
3.610,1.2000,5.0000,0.0000,0.0000,0.0000,1788374664.793
3.630,1.2000,5.0000,0.0000,0.0000,0.0000,1788374664.813
3.650,1.2000,5.0000,0.0000,0.0000,0.0000,1788374664.833
3.670,1.2000,5.0000,0.0000,0.0000,0.0000,1788374664.853
3.690,1.2000,5.0000,0.0000,0.0000,0.0000,1788374664.873
3.710,1.2000,5.0000,0.0000,0.0000,0.0000,1788374664.893
3.730,1.2000,5.0000,0.0000,0.0000,0.0000,1788374664.913
3.750,1.2000,5.0000,0.0000,0.0000,0.0000,1788374664.933
3.770,1.2000,5.0000,0.0000,0.0000,0.0000,1788374664.953
3.790,1.2000,5.0000,0.0000,0.0000,0.0000,1788374664.973
3.810,1.2000,5.0000,0.0000,0.0000,0.0000,1788374664.993
3.830,1.2000,5.0000,0.0000,0.0000,0.0000,1788374665.013
3.850,1.2000,5.0000,0.0000,0.0000,0.0000,1788374665.033
3.870,1.2000,5.0000,0.0000,0.0000,0.0000,1788374665.053
3.890,1.2000,5.0000,0.0000,0.0000,0.0000,1788374665.073
3.911,1.2000,5.0000,0.0000,0.0000,0.0000,1788374665.094
3.931,1.2000,5.0000,0.0000,0.0000,0.0000,1788374665.114
3.951,1.2000,5.0000,0.0000,0.0000,0.0000,1788374665.134
3.970,1.2000,5.0000,0.0000,0.0000,0.0000,1788374665.153
3.990,1.2000,5.0000,0.0000,0.0000,0.0000,1788374665.173
4.010,1.2000,5.0000,0.0000,0.0000,0.0000,1788374665.193
4.030,1.2000,5.0000,0.0000,0.0000,0.0000,1788374665.213
4.050,1.2000,5.0000,0.0000,0.0000,0.0000,1788374665.233
4.070,1.2000,5.0000,0.0000,0.0000,0.0000,1788374665.253
4.090,1.2000,5.0000,0.0000,0.0000,0.0000,1788374665.273
4.110,1.2000,5.0000,0.0000,0.0000,0.0000,1788374665.293
4.130,1.2000,5.0000,0.0000,0.0000,0.0000,1788374665.313
4.150,1.2000,5.0000,0.0000,0.0000,0.0000,1788374665.333
4.170,1.2000,5.0000,0.0000,0.0000,0.0000,1788374665.353
4.190,1.2000,5.0000,0.0000,0.0000,0.0000,1788374665.373
4.210,1.2000,5.0000,0.0000,0.0000,0.0000,1788374665.393
4.230,1.2000,5.0000,0.0000,0.0000,0.0000,1788374665.413
4.250,1.2000,5.0000,0.0000,0.0000,0.0000,1788374665.433
4.270,1.2000,5.0000,0.0000,0.0000,0.0000,1788374665.453
4.290,1.2000,5.0000,0.0000,0.0000,0.0000,1788374665.473
4.310,1.2000,5.0000,0.0000,0.0000,0.0000,1788374665.493
4.330,1.2000,5.0000,0.0000,0.0000,0.0000,1788374665.513
4.350,1.2000,5.0000,0.0000,0.0000,0.0000,1788374665.533
4.370,1.2000,5.0000,0.0000,0.0000,0.0000,1788374665.553
4.390,1.2000,5.0000,0.0000,0.0000,0.0000,1788374665.573
4.410,1.2000,5.0000,0.0000,0.0000,0.0000,1788374665.593
4.430,1.2000,5.0000,0.0000,0.0000,0.0000,1788374665.613
4.450,1.2000,5.0000,0.0000,0.0000,0.0000,1788374665.633
4.470,1.2000,5.0000,0.0000,0.0000,0.0000,1788374665.653
4.490,1.2000,5.0000,0.0000,0.0000,0.0000,1788374665.673
4.510,1.2000,5.0000,0.0000,0.0000,0.0000,1788374665.693
4.530,1.2000,5.0000,0.0000,0.0000,0.0000,1788374665.713
4.550,1.2000,5.0000,0.0000,0.0000,0.0000,1788374665.733
4.570,1.2000,5.0000,0.0000,0.0000,0.0000,1788374665.753
4.590,1.2000,5.0000,0.0000,0.0000,0.0000,1788374665.773
4.610,1.2000,5.0000,0.0000,0.0000,0.0000,1788374665.793
4.630,1.2000,5.0000,0.0000,0.0000,0.0000,1788374665.813
4.650,1.2000,5.0000,0.0000,0.0000,0.0000,1788374665.833
4.670,1.2000,5.0000,0.0000,0.0000,0.0000,1788374665.853
4.690,1.2000,5.0000,0.0000,0.0000,0.0000,1788374665.873
4.710,1.2000,5.0000,0.0000,0.0000,0.0000,1788374665.893
4.730,1.2000,5.0000,0.0000,0.0000,0.0000,1788374665.913
4.750,1.2000,5.0000,0.0000,0.0000,0.0000,1788374665.933
4.770,1.2000,5.0000,0.0000,0.0000,0.0000,1788374665.953
4.790,1.2000,5.0000,0.0000,0.0000,0.0000,1788374665.973
4.810,1.2000,5.0000,0.0000,0.0000,0.0000,1788374665.993
4.830,1.2000,5.0000,0.0000,0.0000,0.0000,1788374666.013
4.850,1.2000,5.0000,0.0000,0.0000,0.0000,1788374666.033
4.870,1.2000,5.0000,0.0000,0.0000,0.0000,1788374666.053
4.890,1.2000,5.0000,0.0000,0.0000,0.0000,1788374666.073
4.910,1.2000,5.0000,0.0000,0.0000,0.0000,1788374666.093
4.930,1.2000,5.0000,0.0000,0.0000,0.0000,1788374666.113
4.951,1.2000,5.0000,0.0000,0.0000,0.0000,1788374666.134
4.971,1.2000,5.0000,0.0000,0.0000,0.0000,1788374666.154
4.990,1.2000,5.0000,0.0000,0.0000,0.0000,1788374666.173
5.010,1.2000,5.0000,0.0000,0.0000,0.0000,1788374666.193
5.030,1.2000,5.0000,0.0000,0.0000,0.0000,1788374666.213
5.050,1.2000,5.0000,0.0000,0.0000,0.0000,1788374666.233
5.070,1.2000,5.0000,0.0000,0.0000,0.0000,1788374666.253
5.090,1.2000,5.0000,0.0000,0.0000,0.0000,1788374666.273
5.110,1.2000,5.0000,0.0000,0.0000,0.0000,1788374666.293
5.130,1.2000,5.0000,0.0000,0.0000,0.0000,1788374666.313
5.150,1.2000,5.0000,0.0000,0.0000,0.0000,1788374666.333
5.170,1.2000,5.0000,0.0000,0.0000,0.0000,1788374666.353
5.190,1.2000,5.0000,0.0000,0.0000,0.0000,1788374666.373
5.210,1.2000,5.0000,0.0000,0.0000,0.0000,1788374666.393
5.230,1.2000,5.0000,0.0000,0.0000,0.0000,1788374666.413
5.250,1.2000,5.0000,0.0000,0.0000,0.0000,1788374666.433
5.270,1.2000,5.0000,0.0000,0.0000,0.0000,1788374666.453
5.290,1.2000,5.0000,0.0000,0.0000,0.0000,1788374666.473
5.310,1.2000,5.0000,0.0000,0.0000,0.0000,1788374666.493
5.330,1.2000,5.0000,0.0000,0.0000,0.0000,1788374666.513
5.350,1.2000,5.0000,0.0000,0.0000,0.0000,1788374666.533
5.370,1.2000,5.0000,0.0000,0.0000,0.0000,1788374666.553
5.390,1.2000,5.0000,0.0000,0.0000,0.0000,1788374666.573
5.410,1.2000,5.0000,0.0000,0.0000,0.0000,1788374666.593
5.430,1.2000,5.0000,0.0000,0.0000,0.0000,1788374666.613
5.450,1.2000,5.0000,0.0000,0.0000,0.0000,1788374666.633
5.470,1.2000,5.0000,0.0000,0.0000,0.0000,1788374666.653
5.490,1.2000,5.0000,0.0000,0.0000,0.0000,1788374666.673
5.510,1.2000,5.0000,0.0000,0.0000,0.0000,1788374666.693
5.530,1.2000,5.0000,0.0000,0.0000,0.0000,1788374666.713
5.550,1.2000,5.0000,0.0000,0.0000,0.0000,1788374666.733
5.570,1.2000,5.0000,0.0000,0.0000,0.0000,1788374666.753
5.590,1.2000,5.0000,0.0000,0.0000,0.0000,1788374666.773
5.610,1.2000,5.0000,0.0000,0.0000,0.0000,1788374666.793
5.630,1.2000,5.0000,0.0000,0.0000,0.0000,1788374666.813
5.650,1.2000,5.0000,0.0000,0.0000,0.0000,1788374666.833
5.670,1.2000,5.0000,0.0000,0.0000,0.0000,1788374666.853
5.690,1.2000,5.0000,0.0000,0.0000,0.0000,1788374666.873
5.710,1.2000,5.0000,0.0000,0.0000,0.0000,1788374666.893
5.730,1.2000,5.0000,0.0000,0.0000,0.0000,1788374666.913
5.750,1.2000,5.0000,0.0000,0.0000,0.0000,1788374666.933
5.770,1.2000,5.0000,0.0000,0.0000,0.0000,1788374666.953
5.790,1.2000,5.0000,0.0000,0.0000,0.0000,1788374666.973
5.810,1.2000,5.0000,0.0000,0.0000,0.0000,1788374666.993
5.830,1.2000,5.0000,0.0000,0.0000,0.0000,1788374667.013
5.850,1.2000,5.0000,0.0000,0.0000,0.0000,1788374667.033
5.870,1.2000,5.0000,0.0000,0.0000,0.0000,1788374667.053
5.890,1.2000,5.0000,0.0000,0.0000,0.0000,1788374667.073
5.910,1.2000,5.0000,0.0000,0.0000,0.0000,1788374667.093
5.930,1.2000,5.0000,0.0000,0.0000,0.0000,1788374667.113
5.950,1.2000,5.0000,0.0000,0.0000,0.0000,1788374667.133
5.970,1.2000,5.0000,0.0000,0.0000,0.0000,1788374667.154
5.991,1.2000,5.0000,0.0000,0.0000,0.0000,1788374667.174
6.011,1.2000,5.0000,0.0000,0.0000,0.0000,1788374667.194
6.030,1.2000,5.0000,0.0000,0.0000,0.0000,1788374667.213
6.050,1.2000,5.0000,0.0000,0.0000,0.0000,1788374667.233
6.070,1.2000,5.0000,0.0000,0.0000,0.0000,1788374667.253
6.090,1.2000,5.0000,0.0000,0.0000,0.0000,1788374667.273
6.110,1.2000,5.0000,0.0000,0.0000,0.0000,1788374667.293
6.130,1.2000,5.0000,0.0000,0.0000,0.0000,1788374667.313
6.150,1.2000,5.0000,0.0000,0.0000,0.0000,1788374667.333
6.170,1.2000,5.0000,0.0000,0.0000,0.0000,1788374667.353
6.190,1.2000,5.0000,0.0000,0.0000,0.0000,1788374667.373
6.210,1.2000,5.0000,0.0000,0.0000,0.0000,1788374667.393
6.230,1.2000,5.0000,0.0000,0.0000,0.0000,1788374667.413
6.250,1.2000,5.0000,0.0000,0.0000,0.0000,1788374667.433
6.270,1.2000,5.0000,0.0000,0.0000,0.0000,1788374667.453
6.290,1.2000,5.0000,0.0000,0.0000,0.0000,1788374667.473
6.310,1.2000,5.0000,0.0000,0.0000,0.0000,1788374667.493
6.330,1.2000,5.0000,0.0000,0.0000,0.0000,1788374667.513
6.350,1.2000,5.0000,0.0000,0.0000,0.0000,1788374667.533
6.370,1.2000,5.0000,0.0000,0.0000,0.0000,1788374667.553
6.390,1.2000,5.0000,0.0000,0.0000,0.0000,1788374667.573
6.410,1.2000,5.0000,0.0000,0.0000,0.0000,1788374667.593
6.430,1.2000,5.0000,0.0000,0.0000,0.0000,1788374667.613
6.450,1.2000,5.0000,0.0000,0.0000,0.0000,1788374667.633
6.470,1.2000,5.0000,0.0000,0.0000,0.0000,1788374667.653
6.490,1.2000,5.0000,0.0000,0.0000,0.0000,1788374667.673
6.510,1.2000,5.0000,0.0000,0.0000,0.0000,1788374667.693
6.530,1.2000,5.0000,0.0000,0.0000,0.0000,1788374667.713
6.550,1.2000,5.0000,0.0000,0.0000,0.0000,1788374667.733
6.570,1.2000,5.0000,0.0000,0.0000,0.0000,1788374667.753
6.590,1.2000,5.0000,0.0000,0.0000,0.0000,1788374667.773
6.610,1.2000,5.0000,0.0000,0.0000,0.0000,1788374667.793
6.630,1.2000,5.0000,0.0000,0.0000,0.0000,1788374667.813
6.650,1.2000,5.0000,0.0000,0.0000,0.0000,1788374667.833
6.670,1.2000,5.0000,0.0000,0.0000,0.0000,1788374667.853
6.690,1.2000,5.0000,0.0000,0.0000,0.0000,1788374667.873
6.710,1.2000,5.0000,0.0000,0.0000,0.0000,1788374667.893
6.730,1.2000,5.0000,0.0000,0.0000,0.0000,1788374667.913
6.750,1.2000,5.0000,0.0000,0.0000,0.0000,1788374667.933
6.770,1.2000,5.0000,0.0000,0.0000,0.0000,1788374667.953
6.790,1.2000,5.0000,0.0000,0.0000,0.0000,1788374667.973
6.810,1.2000,5.0000,0.0000,0.0000,0.0000,1788374667.993
6.830,1.2000,5.0000,0.0000,0.0000,0.0000,1788374668.013
6.850,1.2000,5.0000,0.0000,0.0000,0.0000,1788374668.033
6.870,1.2000,5.0000,0.0000,0.0000,0.0000,1788374668.053
6.890,1.2000,5.0000,0.0000,0.0000,0.0000,1788374668.073
6.910,1.2000,5.0000,0.0000,0.0000,0.0000,1788374668.093
6.930,1.2000,5.0000,0.0000,0.0000,0.0000,1788374668.113
6.950,1.2000,5.0000,0.0000,0.0000,0.0000,1788374668.133
6.970,1.2000,5.0000,0.0000,0.0000,0.0000,1788374668.153
6.990,1.2000,5.0000,0.0000,0.0000,0.0000,1788374668.173
7.011,1.2000,5.0000,0.0000,0.0000,0.0000,1788374668.194
7.031,1.2000,5.0000,0.0000,0.0000,0.0000,1788374668.214
7.051,1.2000,5.0000,0.0000,0.0000,0.0000,1788374668.234
7.070,1.2000,5.0000,0.0000,0.0000,0.0000,1788374668.253
7.090,1.2000,5.0000,0.0000,0.0000,0.0000,1788374668.273
7.110,1.2000,5.0000,0.0000,0.0000,0.0000,1788374668.293
7.130,1.2000,5.0000,0.0000,0.0000,0.0000,1788374668.313
7.150,1.2000,5.0000,0.0000,0.0000,0.0000,1788374668.333
7.170,1.2000,5.0000,0.0000,0.0000,0.0000,1788374668.353
7.190,1.2000,5.0000,0.0000,0.0000,0.0000,1788374668.373
7.210,1.2000,5.0000,0.0000,0.0000,0.0000,1788374668.393
7.230,1.2000,5.0000,0.0000,0.0000,0.0000,1788374668.413
7.250,1.2000,5.0000,0.0000,0.0000,0.0000,1788374668.433
7.270,1.2000,5.0000,0.0000,0.0000,0.0000,1788374668.453
7.290,1.2000,5.0000,0.0000,0.0000,0.0000,1788374668.473
7.310,1.2000,5.0000,0.0000,0.0000,0.0000,1788374668.493
7.330,1.2000,5.0000,0.0000,0.0000,0.0000,1788374668.513
7.350,1.2000,5.0000,0.0000,0.0000,0.0000,1788374668.533
7.370,1.2000,5.0000,0.0000,0.0000,0.0000,1788374668.553
7.390,1.2000,5.0000,0.0000,0.0000,0.0000,1788374668.573
7.410,1.2000,5.0000,0.0000,0.0000,0.0000,1788374668.593
7.430,1.2000,5.0000,0.0000,0.0000,0.0000,1788374668.613
7.450,1.2000,5.0000,0.0000,0.0000,0.0000,1788374668.633
7.470,1.2000,5.0000,0.0000,0.0000,0.0000,1788374668.653
7.490,1.2000,5.0000,0.0000,0.0000,0.0000,1788374668.673
7.510,1.2000,5.0000,0.0000,0.0000,0.0000,1788374668.693
7.530,1.2000,5.0000,0.0000,0.0000,0.0000,1788374668.713
7.550,1.2000,5.0000,0.0000,0.0000,0.0000,1788374668.733
7.570,1.2000,5.0000,0.0000,0.0000,0.0000,1788374668.753
7.590,1.2000,5.0000,0.0000,0.0000,0.0000,1788374668.773
7.610,1.2000,5.0000,0.0000,0.0000,0.0000,1788374668.793
7.630,1.2000,5.0000,0.0000,0.0000,0.0000,1788374668.813
7.650,1.2000,5.0000,0.0000,0.0000,0.0000,1788374668.833
7.670,1.2000,5.0000,0.0000,0.0000,0.0000,1788374668.853
7.690,1.2000,5.0000,0.0000,0.0000,0.0000,1788374668.873
7.710,1.2000,5.0000,0.0000,0.0000,0.0000,1788374668.893
7.730,1.2000,5.0000,0.0000,0.0000,0.0000,1788374668.913
7.750,1.2000,5.0000,0.0000,0.0000,0.0000,1788374668.933
7.770,1.2000,5.0000,0.0000,0.0000,0.0000,1788374668.953
7.790,1.2000,5.0000,0.0000,0.0000,0.0000,1788374668.973
7.810,1.2000,5.0000,0.0000,0.0000,0.0000,1788374668.993
7.830,1.2000,5.0000,0.0000,0.0000,0.0000,1788374669.013
7.850,1.2000,5.0000,0.0000,0.0000,0.0000,1788374669.033
7.870,1.2000,5.0000,0.0000,0.0000,0.0000,1788374669.053
7.890,1.2000,5.0000,0.0000,0.0000,0.0000,1788374669.073
7.910,1.2000,5.0000,0.0000,0.0000,0.0000,1788374669.093
7.930,1.2000,5.0000,0.0000,0.0000,0.0000,1788374669.113
7.950,1.2000,5.0000,0.0000,0.0000,0.0000,1788374669.133
7.970,1.2000,5.0000,0.0000,0.0000,0.0000,1788374669.153
7.990,1.2000,5.0000,0.0000,0.0000,0.0000,1788374669.173
8.010,1.2000,5.0000,0.0000,0.0000,0.0000,1788374669.193
8.030,1.2000,5.0000,0.0000,0.0000,0.0000,1788374669.213
8.051,1.2000,5.0000,0.0000,0.0000,0.0000,1788374669.234
8.071,1.2000,5.0000,0.0000,0.0000,0.0000,1788374669.254
8.091,1.2000,5.0000,0.0000,0.0000,0.0000,1788374669.274
8.110,1.2000,5.0000,0.0000,0.0000,0.0000,1788374669.293
8.130,1.2000,5.0000,0.0000,0.0000,0.0000,1788374669.313
8.150,1.2000,5.0000,0.0000,0.0000,0.0000,1788374669.333
8.170,1.2000,5.0000,0.0000,0.0000,0.0000,1788374669.353
8.190,1.2000,5.0000,0.0000,0.0000,0.0000,1788374669.373
8.210,1.2000,5.0000,0.0000,0.0000,0.0000,1788374669.393
8.230,1.2000,5.0000,0.0000,0.0000,0.0000,1788374669.413
8.250,1.2000,5.0000,0.0000,0.0000,0.0000,1788374669.433
8.270,1.2000,5.0000,0.0000,0.0000,0.0000,1788374669.453
8.290,1.2000,5.0000,0.0000,0.0000,0.0000,1788374669.473
8.310,1.2000,5.0000,0.0000,0.0000,0.0000,1788374669.493
8.330,1.2000,5.0000,0.0000,0.0000,0.0000,1788374669.513
8.350,1.2000,5.0000,0.0000,0.0000,0.0000,1788374669.533
8.370,1.2000,5.0000,0.0000,0.0000,0.0000,1788374669.553
8.390,1.2000,5.0000,0.0000,0.0000,0.0000,1788374669.573
8.410,1.2000,5.0000,0.0000,0.0000,0.0000,1788374669.593
8.430,1.2000,5.0000,0.0000,0.0000,0.0000,1788374669.613
8.450,1.2000,5.0000,0.0000,0.0000,0.0000,1788374669.633
8.470,1.2000,5.0000,0.0000,0.0000,0.0000,1788374669.653
8.490,1.2000,5.0000,0.0000,0.0000,0.0000,1788374669.673
8.510,1.2000,5.0000,0.0000,0.0000,0.0000,1788374669.693
8.530,1.2000,5.0000,0.0000,0.0000,0.0000,1788374669.713
8.550,1.2000,5.0000,0.0000,0.0000,0.0000,1788374669.733
8.570,1.2000,5.0000,0.0000,0.0000,0.0000,1788374669.753
8.590,1.2000,5.0000,0.0000,0.0000,0.0000,1788374669.773
8.610,1.2000,5.0000,0.0000,0.0000,0.0000,1788374669.793
8.630,1.2000,5.0000,0.0000,0.0000,0.0000,1788374669.813
8.650,1.2000,5.0000,0.0000,0.0000,0.0000,1788374669.833
8.670,1.2000,5.0000,0.0000,0.0000,0.0000,1788374669.853
8.690,1.2000,5.0000,0.0000,0.0000,0.0000,1788374669.873
8.710,1.2000,5.0000,0.0000,0.0000,0.0000,1788374669.893
8.730,1.2000,5.0000,0.0000,0.0000,0.0000,1788374669.913
8.750,1.2000,5.0000,0.0000,0.0000,0.0000,1788374669.933
8.770,1.2000,5.0000,0.0000,0.0000,0.0000,1788374669.953
8.790,1.2000,5.0000,0.0000,0.0000,0.0000,1788374669.973
8.810,1.2000,5.0000,0.0000,0.0000,0.0000,1788374669.993
8.830,1.2000,5.0000,0.0000,0.0000,0.0000,1788374670.013
8.850,1.2000,5.0000,0.0000,0.0000,0.0000,1788374670.033
8.870,1.2000,5.0000,0.0000,0.0000,0.0000,1788374670.053
8.890,1.2000,5.0000,0.0000,0.0000,0.0000,1788374670.073
8.910,1.2000,5.0000,0.0000,0.0000,0.0000,1788374670.093
8.930,1.2000,5.0000,0.0000,0.0000,0.0000,1788374670.113
8.950,1.2000,5.0000,0.0000,0.0000,0.0000,1788374670.133
8.970,1.2000,5.0000,0.0000,0.0000,0.0000,1788374670.153
8.990,1.2000,5.0000,0.0000,0.0000,0.0000,1788374670.173
9.010,1.2000,5.0000,0.0000,0.0000,0.0000,1788374670.193
9.030,1.2000,5.0000,0.0000,0.0000,0.0000,1788374670.213
9.050,1.2000,5.0000,0.0000,0.0000,0.0000,1788374670.233
9.071,1.2000,5.0000,0.0000,0.0000,0.0000,1788374670.254
9.091,1.2000,5.0000,0.0000,0.0000,0.0000,1788374670.274
9.111,1.2000,5.0000,0.0000,0.0000,0.0000,1788374670.294
9.130,1.2000,5.0000,0.0000,0.0000,0.0000,1788374670.313
9.150,1.2000,5.0000,0.0000,0.0000,0.0000,1788374670.333
9.170,1.2000,5.0000,0.0000,0.0000,0.0000,1788374670.353
9.190,1.2000,5.0000,0.0000,0.0000,0.0000,1788374670.373
9.210,1.2000,5.0000,0.0000,0.0000,0.0000,1788374670.393
9.230,1.2000,5.0000,0.0000,0.0000,0.0000,1788374670.413
9.250,1.2000,5.0000,0.0000,0.0000,0.0000,1788374670.433
9.270,1.2000,5.0000,0.0000,0.0000,0.0000,1788374670.453
9.290,1.2000,5.0000,0.0000,0.0000,0.0000,1788374670.473
9.310,1.2000,5.0000,0.0000,0.0000,0.0000,1788374670.493
9.330,1.2000,5.0000,0.0000,0.0000,0.0000,1788374670.513
9.350,1.2000,5.0000,0.0000,0.0000,0.0000,1788374670.533
9.370,1.2000,5.0000,0.0000,0.0000,0.0000,1788374670.553
9.390,1.2000,5.0000,0.0000,0.0000,0.0000,1788374670.573
9.410,1.2000,5.0000,0.0000,0.0000,0.0000,1788374670.593
9.430,1.2000,5.0000,0.0000,0.0000,0.0000,1788374670.613
9.450,1.2000,5.0000,0.0000,0.0000,0.0000,1788374670.633
9.470,1.2000,5.0000,0.0000,0.0000,0.0000,1788374670.653
9.490,1.2000,5.0000,0.0000,0.0000,0.0000,1788374670.673
9.510,1.2000,5.0000,0.0000,0.0000,0.0000,1788374670.693
9.530,1.2000,5.0000,0.0000,0.0000,0.0000,1788374670.713
9.550,1.2000,5.0000,0.0000,0.0000,0.0000,1788374670.733
9.570,1.2000,5.0000,0.0000,0.0000,0.0000,1788374670.753
9.590,1.2000,5.0000,0.0000,0.0000,0.0000,1788374670.773
9.610,1.2000,5.0000,0.0000,0.0000,0.0000,1788374670.793
9.630,1.2000,5.0000,0.0000,0.0000,0.0000,1788374670.813
9.650,1.2000,5.0000,0.0000,0.0000,0.0000,1788374670.833
9.670,1.2000,5.0000,0.0000,0.0000,0.0000,1788374670.853
9.690,1.2000,5.0000,0.0000,0.0000,0.0000,1788374670.873
9.711,1.2000,5.0000,0.0000,0.0000,0.0000,1788374670.894
9.731,1.2000,5.0000,0.0000,0.0000,0.0000,1788374670.914
9.751,1.2000,5.0000,0.0000,0.0000,0.0000,1788374670.934
9.771,1.2000,5.0000,0.0000,0.0000,0.0000,1788374670.954
9.791,1.2000,5.0000,0.0000,0.0000,0.0000,1788374670.974
9.811,1.2000,5.0000,0.0000,0.0000,0.0000,1788374670.994
9.831,1.2000,5.0000,0.0000,0.0000,0.0000,1788374671.014
9.851,1.2000,5.0000,0.0000,0.0000,0.0000,1788374671.034
9.871,1.2000,5.0000,0.0000,0.0000,0.0000,1788374671.054
9.891,1.2000,5.0000,0.0000,0.0000,0.0000,1788374671.074
9.911,1.2000,5.0000,0.0000,0.0000,0.0000,1788374671.094
9.931,1.2000,5.0000,0.0000,0.0000,0.0000,1788374671.114
9.951,1.2000,5.0000,0.0000,0.0000,0.0000,1788374671.134
9.970,1.2000,5.0000,0.0000,0.0000,0.0000,1788374671.153
9.990,1.2000,5.0000,0.0000,0.0000,0.0000,1788374671.173
10.010,1.2000,5.0000,0.0000,0.0000,0.0000,1788374671.193
10.030,1.2000,5.0000,0.0000,0.0000,0.0000,1788374671.213
10.050,1.2000,5.0000,0.0000,0.0000,0.0000,1788374671.233
10.070,1.2000,5.0000,0.0000,0.0000,0.0000,1788374671.253
10.090,1.2000,5.0000,0.0000,0.0000,0.0000,1788374671.273
10.111,1.2000,5.0000,0.0000,0.0000,0.0000,1788374671.294
10.131,1.2000,5.0000,0.0000,0.0000,0.0000,1788374671.314
10.150,1.2000,5.0000,0.0000,0.0000,0.0000,1788374671.334
10.170,1.2000,5.0000,0.0000,0.0000,0.0000,1788374671.353
10.190,1.2000,5.0000,0.0000,0.0000,0.0000,1788374671.373
10.210,1.2000,5.0000,0.0000,0.0000,0.0000,1788374671.393
10.230,1.2000,5.0000,0.0000,0.0000,0.0000,1788374671.413
10.250,1.2000,5.0000,0.0000,0.0000,0.0000,1788374671.433
10.270,1.2000,5.0000,0.0000,0.0000,0.0000,1788374671.453
10.291,1.2000,5.0000,0.0000,0.0000,0.0000,1788374671.474
10.311,1.2000,5.0000,0.0000,0.0000,0.0000,1788374671.494
10.331,1.2000,5.0000,0.0000,0.0000,0.0000,1788374671.514
10.351,1.2000,5.0000,0.0000,0.0000,0.0000,1788374671.534
10.371,1.2000,5.0000,0.0000,0.0000,0.0000,1788374671.554
10.390,1.2004,5.0000,0.0009,0.0214,0.0448,1788374671.573
10.410,1.2009,5.0000,0.0018,0.0214,0.0448,1788374671.593
10.430,1.2013,5.0000,0.0027,0.0214,0.0448,1788374671.613
10.450,1.2017,5.0000,0.0036,0.0214,0.0448,1788374671.633
10.470,1.2021,5.0000,0.0045,0.0214,0.0448,1788374671.653
10.490,1.2030,5.0000,0.0054,0.0440,0.0480,1788374671.673
10.510,1.2039,5.0000,0.0064,0.0440,0.0480,1788374671.693
10.530,1.2048,5.0000,0.0074,0.0440,0.0480,1788374671.713
10.550,1.2057,5.0000,0.0083,0.0440,0.0480,1788374671.733
10.570,1.2065,5.0000,0.0093,0.0440,0.0480,1788374671.753
10.590,1.2078,5.0001,0.0100,0.0642,0.0357,1788374671.773
10.610,1.2091,5.0001,0.0107,0.0642,0.0357,1788374671.793
10.630,1.2104,5.0001,0.0114,0.0642,0.0357,1788374671.813
10.650,1.2117,5.0001,0.0121,0.0642,0.0357,1788374671.833
10.670,1.2130,5.0001,0.0128,0.0642,0.0357,1788374671.853
10.690,1.2147,5.0001,0.0128,0.0851,-0.0016,1788374671.873
10.710,1.2164,5.0002,0.0128,0.0851,-0.0016,1788374671.893
10.730,1.2181,5.0002,0.0128,0.0851,-0.0016,1788374671.913
10.750,1.2198,5.0002,0.0127,0.0851,-0.0016,1788374671.933
10.770,1.2215,5.0002,0.0127,0.0851,-0.0016,1788374671.953
10.790,1.2236,5.0002,0.0134,0.1068,0.0335,1788374671.973
10.810,1.2257,5.0003,0.0140,0.1068,0.0335,1788374671.993
10.830,1.2279,5.0003,0.0147,0.1068,0.0335,1788374672.013
10.850,1.2300,5.0003,0.0154,0.1068,0.0335,1788374672.033
10.870,1.2322,5.0004,0.0160,0.1068,0.0335,1788374672.053
10.890,1.2346,5.0004,0.0165,0.1249,0.0225,1788374672.073
10.910,1.2371,5.0005,0.0169,0.1249,0.0225,1788374672.093
10.930,1.2396,5.0005,0.0174,0.1249,0.0225,1788374672.113
10.950,1.2421,5.0005,0.0178,0.1249,0.0225,1788374672.133
10.970,1.2446,5.0006,0.0183,0.1249,0.0225,1788374672.153
10.990,1.2475,5.0006,0.0186,0.1424,0.0163,1788374672.173
11.010,1.2503,5.0007,0.0189,0.1424,0.0163,1788374672.193
11.030,1.2532,5.0008,0.0193,0.1424,0.0163,1788374672.213
11.050,1.2560,5.0008,0.0196,0.1424,0.0163,1788374672.233
11.070,1.2589,5.0009,0.0199,0.1424,0.0163,1788374672.253
11.090,1.2620,5.0009,0.0202,0.1581,0.0139,1788374672.273
11.110,1.2652,5.0010,0.0205,0.1581,0.0139,1788374672.293
11.130,1.2684,5.0011,0.0208,0.1581,0.0139,1788374672.313
11.150,1.2715,5.0011,0.0210,0.1581,0.0139,1788374672.334
11.171,1.2747,5.0012,0.0213,0.1581,0.0139,1788374672.354
11.190,1.2782,5.0013,0.0220,0.1776,0.0321,1788374672.373
11.210,1.2818,5.0014,0.0226,0.1776,0.0321,1788374672.393
11.230,1.2853,5.0014,0.0232,0.1776,0.0321,1788374672.413
11.250,1.2889,5.0015,0.0239,0.1776,0.0321,1788374672.433
11.270,1.2924,5.0016,0.0245,0.1776,0.0321,1788374672.453
11.290,1.2963,5.0017,0.0260,0.1934,0.0731,1788374672.473
11.310,1.3002,5.0018,0.0275,0.1934,0.0731,1788374672.493
11.330,1.3040,5.0019,0.0289,0.1934,0.0731,1788374672.513
11.350,1.3079,5.0020,0.0304,0.1934,0.0731,1788374672.533
11.370,1.3118,5.0022,0.0318,0.1934,0.0731,1788374672.553
11.390,1.3159,5.0023,0.0342,0.2059,0.1174,1788374672.573
11.410,1.3200,5.0025,0.0365,0.2059,0.1174,1788374672.593
11.430,1.3241,5.0026,0.0389,0.2059,0.1174,1788374672.613
11.450,1.3282,5.0028,0.0412,0.2059,0.1174,1788374672.633
11.470,1.3324,5.0030,0.0436,0.2059,0.1174,1788374672.653
11.490,1.3367,5.0032,0.0457,0.2199,0.1061,1788374672.673
11.510,1.3411,5.0034,0.0478,0.2199,0.1061,1788374672.693
11.530,1.3455,5.0036,0.0499,0.2199,0.1061,1788374672.713
11.550,1.3499,5.0038,0.0521,0.2199,0.1061,1788374672.733
11.570,1.3543,5.0041,0.0542,0.2199,0.1061,1788374672.753
11.590,1.3590,5.0043,0.0558,0.2334,0.0820,1788374672.773
11.610,1.3636,5.0046,0.0575,0.2334,0.0820,1788374672.793
11.630,1.3683,5.0049,0.0591,0.2334,0.0820,1788374672.813
11.650,1.3730,5.0052,0.0608,0.2334,0.0820,1788374672.833
11.670,1.3776,5.0054,0.0624,0.2334,0.0820,1788374672.853
11.690,1.3826,5.0058,0.0634,0.2475,0.0515,1788374672.873
11.710,1.3875,5.0061,0.0645,0.2475,0.0515,1788374672.893
11.730,1.3924,5.0064,0.0655,0.2475,0.0515,1788374672.913
11.750,1.3974,5.0067,0.0665,0.2475,0.0515,1788374672.933
11.770,1.4023,5.0071,0.0675,0.2475,0.0515,1788374672.953
11.790,1.4076,5.0074,0.0683,0.2648,0.0401,1788374672.973
11.810,1.4129,5.0078,0.0691,0.2648,0.0401,1788374672.993
11.830,1.4182,5.0082,0.0699,0.2648,0.0401,1788374673.013
11.850,1.4235,5.0085,0.0707,0.2648,0.0401,1788374673.033
11.870,1.4287,5.0089,0.0716,0.2648,0.0401,1788374673.053
11.890,1.4343,5.0093,0.0722,0.2806,0.0316,1788374673.073
11.910,1.4399,5.0097,0.0728,0.2806,0.0316,1788374673.093
11.930,1.4455,5.0101,0.0734,0.2806,0.0316,1788374673.113
11.950,1.4511,5.0106,0.0741,0.2806,0.0316,1788374673.133
11.970,1.4567,5.0110,0.0747,0.2806,0.0316,1788374673.153
11.990,1.4627,5.0114,0.0753,0.2985,0.0280,1788374673.173
12.010,1.4686,5.0119,0.0758,0.2985,0.0280,1788374673.193
12.030,1.4746,5.0123,0.0764,0.2985,0.0280,1788374673.213
12.050,1.4805,5.0128,0.0769,0.2985,0.0280,1788374673.233
12.070,1.4865,5.0133,0.0775,0.2985,0.0280,1788374673.253
12.090,1.4929,5.0137,0.0766,0.3201,-0.0464,1788374673.273
12.110,1.4993,5.0142,0.0757,0.3201,-0.0464,1788374673.293
12.130,1.5056,5.0147,0.0747,0.3201,-0.0464,1788374673.313
12.150,1.5120,5.0152,0.0738,0.3201,-0.0464,1788374673.333
12.171,1.5184,5.0156,0.0729,0.3201,-0.0464,1788374673.354
12.191,1.5251,5.0161,0.0711,0.3347,-0.0869,1788374673.374
12.211,1.5318,5.0166,0.0694,0.3347,-0.0869,1788374673.394
12.230,1.5384,5.0170,0.0677,0.3347,-0.0869,1788374673.413
12.250,1.5451,5.0175,0.0659,0.3347,-0.0869,1788374673.433
12.270,1.5518,5.0179,0.0642,0.3347,-0.0869,1788374673.453
12.290,1.5588,5.0183,0.0621,0.3515,-0.1023,1788374673.473
12.310,1.5658,5.0188,0.0601,0.3515,-0.1023,1788374673.493
12.330,1.5728,5.0192,0.0580,0.3515,-0.1023,1788374673.513
12.350,1.5799,5.0196,0.0560,0.3515,-0.1023,1788374673.533
12.370,1.5869,5.0199,0.0539,0.3515,-0.1023,1788374673.553
12.390,1.5942,5.0203,0.0520,0.3673,-0.0962,1788374673.573
12.410,1.6016,5.0207,0.0501,0.3673,-0.0962,1788374673.593
12.430,1.6089,5.0210,0.0482,0.3673,-0.0962,1788374673.613
12.450,1.6162,5.0214,0.0463,0.3673,-0.0962,1788374673.633
12.471,1.6236,5.0217,0.0443,0.3673,-0.0962,1788374673.654
12.490,1.6312,5.0220,0.0422,0.3834,-0.1080,1788374673.673
12.510,1.6389,5.0223,0.0400,0.3834,-0.1080,1788374673.693
12.530,1.6466,5.0226,0.0378,0.3834,-0.1080,1788374673.714
12.550,1.6542,5.0229,0.0357,0.3834,-0.1080,1788374673.733
12.570,1.6619,5.0232,0.0335,0.3834,-0.1080,1788374673.753
12.590,1.6696,5.0234,0.0322,0.3882,-0.0651,1788374673.773
12.610,1.6774,5.0237,0.0309,0.3882,-0.0651,1788374673.793
12.630,1.6852,5.0239,0.0296,0.3882,-0.0651,1788374673.813
12.650,1.6929,5.0241,0.0283,0.3882,-0.0651,1788374673.833
12.670,1.7007,5.0243,0.0270,0.3882,-0.0651,1788374673.853
12.690,1.7085,5.0245,0.0257,0.3905,-0.0659,1788374673.873
12.710,1.7163,5.0247,0.0244,0.3905,-0.0659,1788374673.893
12.730,1.7241,5.0249,0.0231,0.3905,-0.0659,1788374673.913
12.750,1.7319,5.0251,0.0217,0.3905,-0.0659,1788374673.933
12.770,1.7397,5.0252,0.0204,0.3905,-0.0659,1788374673.953
12.790,1.7474,5.0254,0.0198,0.3833,-0.0338,1788374673.973
12.810,1.7551,5.0255,0.0191,0.3833,-0.0338,1788374673.993
12.830,1.7627,5.0257,0.0184,0.3833,-0.0338,1788374674.013
12.850,1.7704,5.0258,0.0177,0.3833,-0.0338,1788374674.033
12.870,1.7781,5.0259,0.0170,0.3833,-0.0338,1788374674.053
12.890,1.7859,5.0260,0.0164,0.3911,-0.0317,1788374674.073
12.910,1.7937,5.0262,0.0158,0.3911,-0.0317,1788374674.093
12.930,1.8015,5.0263,0.0151,0.3911,-0.0317,1788374674.113
12.950,1.8093,5.0264,0.0145,0.3911,-0.0317,1788374674.133
12.970,1.8172,5.0265,0.0139,0.3911,-0.0317,1788374674.153
12.990,1.8249,5.0266,0.0139,0.3875,-0.0010,1788374674.173
13.010,1.8327,5.0267,0.0138,0.3875,-0.0010,1788374674.193
13.030,1.8404,5.0268,0.0138,0.3875,-0.0010,1788374674.213
13.050,1.8482,5.0269,0.0138,0.3875,-0.0010,1788374674.233
13.070,1.8559,5.0270,0.0138,0.3875,-0.0010,1788374674.253
13.090,1.8637,5.0272,0.0147,0.3922,0.0459,1788374674.273
13.110,1.8716,5.0273,0.0156,0.3922,0.0459,1788374674.293
13.130,1.8794,5.0274,0.0165,0.3922,0.0459,1788374674.313
13.150,1.8873,5.0276,0.0175,0.3922,0.0459,1788374674.333
13.170,1.8951,5.0277,0.0184,0.3922,0.0459,1788374674.353
13.190,1.9027,5.0278,0.0192,0.3795,0.0416,1788374674.373
13.211,1.9103,5.0280,0.0200,0.3795,0.0416,1788374674.394
13.231,1.9179,5.0282,0.0209,0.3795,0.0416,1788374674.414
13.251,1.9255,5.0283,0.0217,0.3795,0.0416,1788374674.434
13.270,1.9331,5.0285,0.0225,0.3795,0.0416,1788374674.453
13.290,1.9407,5.0287,0.0237,0.3823,0.0563,1788374674.473
13.310,1.9484,5.0289,0.0248,0.3823,0.0563,1788374674.493
13.330,1.9560,5.0291,0.0259,0.3823,0.0563,1788374674.513
13.350,1.9636,5.0293,0.0270,0.3823,0.0563,1788374674.533
13.370,1.9713,5.0295,0.0282,0.3823,0.0563,1788374674.553
13.390,1.9791,5.0297,0.0298,0.3912,0.0811,1788374674.573
13.410,1.9869,5.0300,0.0314,0.3912,0.0811,1788374674.593
13.430,1.9947,5.0302,0.0330,0.3912,0.0811,1788374674.613
13.450,2.0026,5.0305,0.0347,0.3912,0.0811,1788374674.633
13.470,2.0104,5.0308,0.0363,0.3912,0.0811,1788374674.653
13.490,2.0181,5.0311,0.0389,0.3873,0.1318,1788374674.673
13.510,2.0259,5.0314,0.0415,0.3873,0.1318,1788374674.693
13.530,2.0336,5.0317,0.0442,0.3873,0.1318,1788374674.713
13.550,2.0413,5.0321,0.0468,0.3873,0.1318,1788374674.733
13.570,2.0491,5.0325,0.0495,0.3873,0.1318,1788374674.753
13.590,2.0569,5.0329,0.0514,0.3919,0.0955,1788374674.773
13.610,2.0647,5.0333,0.0533,0.3919,0.0955,1788374674.793
13.630,2.0725,5.0337,0.0552,0.3919,0.0955,1788374674.813
13.650,2.0804,5.0342,0.0571,0.3919,0.0955,1788374674.833
13.670,2.0882,5.0346,0.0590,0.3919,0.0955,1788374674.853
13.690,2.0960,5.0351,0.0608,0.3927,0.0901,1788374674.873
13.710,2.1039,5.0356,0.0626,0.3927,0.0901,1788374674.893
13.730,2.1117,5.0361,0.0644,0.3927,0.0901,1788374674.913
13.750,2.1195,5.0366,0.0662,0.3927,0.0901,1788374674.933
13.770,2.1274,5.0372,0.0680,0.3927,0.0901,1788374674.953
13.790,2.1352,5.0377,0.0700,0.3901,0.0972,1788374674.973
13.810,2.1429,5.0383,0.0719,0.3901,0.0972,1788374674.993
13.830,2.1507,5.0389,0.0738,0.3901,0.0972,1788374675.013
13.850,2.1585,5.0394,0.0758,0.3901,0.0972,1788374675.033
13.870,2.1663,5.0400,0.0777,0.3901,0.0972,1788374675.053
13.890,2.1741,5.0407,0.0790,0.3902,0.0611,1788374675.073
13.910,2.1818,5.0413,0.0802,0.3902,0.0611,1788374675.093
13.930,2.1896,5.0419,0.0814,0.3902,0.0611,1788374675.113
13.950,2.1974,5.0426,0.0826,0.3902,0.0611,1788374675.133
13.970,2.2052,5.0432,0.0838,0.3902,0.0611,1788374675.153
13.990,2.2130,5.0439,0.0854,0.3917,0.0769,1788374675.173
14.010,2.2208,5.0446,0.0869,0.3917,0.0769,1788374675.193
14.030,2.2286,5.0453,0.0885,0.3917,0.0769,1788374675.213
14.050,2.2364,5.0460,0.0900,0.3917,0.0769,1788374675.233
14.070,2.2442,5.0467,0.0915,0.3917,0.0769,1788374675.253
14.090,2.2520,5.0474,0.0917,0.3915,0.0092,1788374675.273
14.110,2.2598,5.0481,0.0919,0.3915,0.0092,1788374675.293
14.130,2.2676,5.0488,0.0921,0.3915,0.0092,1788374675.313
14.150,2.2754,5.0496,0.0923,0.3915,0.0092,1788374675.333
14.170,2.2832,5.0503,0.0925,0.3915,0.0092,1788374675.353
14.190,2.2909,5.0510,0.0927,0.3896,0.0113,1788374675.373
14.210,2.2987,5.0517,0.0929,0.3896,0.0113,1788374675.393
14.231,2.3065,5.0525,0.0931,0.3896,0.0113,1788374675.414
14.251,2.3142,5.0532,0.0934,0.3896,0.0113,1788374675.434
14.270,2.3220,5.0539,0.0936,0.3896,0.0113,1788374675.454
14.290,2.3296,5.0546,0.0935,0.3832,-0.0038,1788374675.473
14.310,2.3372,5.0553,0.0934,0.3832,-0.0038,1788374675.493
14.330,2.3449,5.0561,0.0934,0.3832,-0.0038,1788374675.513
14.350,2.3525,5.0568,0.0933,0.3832,-0.0038,1788374675.533
14.370,2.3601,5.0575,0.0932,0.3832,-0.0038,1788374675.553
14.390,2.3677,5.0582,0.0929,0.3825,-0.0135,1788374675.573
14.410,2.3754,5.0589,0.0927,0.3825,-0.0135,1788374675.593
14.430,2.3830,5.0596,0.0924,0.3825,-0.0135,1788374675.613
14.450,2.3906,5.0603,0.0921,0.3825,-0.0135,1788374675.633
14.470,2.3982,5.0610,0.0919,0.3825,-0.0135,1788374675.653
14.490,2.4060,5.0617,0.0917,0.3890,-0.0066,1788374675.673
14.510,2.4137,5.0624,0.0916,0.3890,-0.0066,1788374675.693
14.530,2.4215,5.0631,0.0915,0.3890,-0.0066,1788374675.713
14.550,2.4292,5.0639,0.0913,0.3890,-0.0066,1788374675.733
14.570,2.4369,5.0646,0.0912,0.3890,-0.0066,1788374675.753
14.590,2.4448,5.0653,0.0910,0.3937,-0.0122,1788374675.773
14.610,2.4526,5.0660,0.0907,0.3937,-0.0122,1788374675.793
14.630,2.4605,5.0667,0.0905,0.3937,-0.0122,1788374675.813
14.650,2.4683,5.0674,0.0902,0.3937,-0.0122,1788374675.833
14.670,2.4762,5.0681,0.0900,0.3937,-0.0122,1788374675.853
14.690,2.4838,5.0688,0.0892,0.3845,-0.0400,1788374675.873
14.710,2.4915,5.0695,0.0884,0.3845,-0.0400,1788374675.893
14.730,2.4991,5.0702,0.0876,0.3845,-0.0400,1788374675.913
14.750,2.5068,5.0708,0.0868,0.3845,-0.0400,1788374675.933
14.770,2.5145,5.0715,0.0860,0.3845,-0.0400,1788374675.953
14.790,2.5222,5.0721,0.0847,0.3890,-0.0626,1788374675.973
14.810,2.5300,5.0728,0.0835,0.3890,-0.0626,1788374675.993
14.830,2.5377,5.0734,0.0822,0.3890,-0.0626,1788374676.013
14.850,2.5455,5.0741,0.0810,0.3890,-0.0626,1788374676.033
14.870,2.5532,5.0747,0.0797,0.3890,-0.0626,1788374676.053
14.890,2.5610,5.0753,0.0776,0.3920,-0.1081,1788374676.073
14.910,2.5689,5.0759,0.0754,0.3920,-0.1081,1788374676.093
14.930,2.5767,5.0764,0.0732,0.3920,-0.1081,1788374676.113
14.950,2.5845,5.0770,0.0711,0.3920,-0.1081,1788374676.133
14.970,2.5923,5.0775,0.0689,0.3920,-0.1081,1788374676.153
14.990,2.6001,5.0781,0.0660,0.3907,-0.1470,1788374676.173
15.010,2.6079,5.0786,0.0630,0.3907,-0.1470,1788374676.193
15.030,2.6157,5.0790,0.0601,0.3907,-0.1470,1788374676.213
15.050,2.6235,5.0795,0.0572,0.3907,-0.1470,1788374676.233
15.070,2.6313,5.0799,0.0542,0.3907,-0.1470,1788374676.253
15.090,2.6389,5.0803,0.0518,0.3783,-0.1192,1788374676.273
15.110,2.6464,5.0807,0.0494,0.3783,-0.1192,1788374676.293
15.130,2.6540,5.0810,0.0471,0.3783,-0.1192,1788374676.313
15.150,2.6616,5.0814,0.0447,0.3783,-0.1192,1788374676.333
15.170,2.6691,5.0817,0.0423,0.3783,-0.1192,1788374676.353
15.190,2.6769,5.0820,0.0406,0.3887,-0.0823,1788374676.373
15.210,2.6846,5.0823,0.0390,0.3887,-0.0823,1788374676.393
15.230,2.6924,5.0826,0.0374,0.3887,-0.0823,1788374676.413
15.250,2.7002,5.0829,0.0357,0.3887,-0.0823,1788374676.433
15.271,2.7080,5.0831,0.0341,0.3887,-0.0823,1788374676.454
15.290,2.7158,5.0834,0.0327,0.3918,-0.0693,1788374676.473
15.310,2.7236,5.0836,0.0313,0.3918,-0.0693,1788374676.493
15.330,2.7315,5.0839,0.0299,0.3918,-0.0693,1788374676.513
15.350,2.7393,5.0841,0.0285,0.3918,-0.0693,1788374676.533
15.370,2.7471,5.0843,0.0271,0.3918,-0.0693,1788374676.553
15.390,2.7550,5.0845,0.0272,0.3924,0.0048,1788374676.573
15.410,2.7628,5.0847,0.0273,0.3924,0.0048,1788374676.593
15.430,2.7707,5.0849,0.0274,0.3924,0.0048,1788374676.613
15.450,2.7785,5.0852,0.0275,0.3924,0.0048,1788374676.633
15.470,2.7863,5.0854,0.0276,0.3924,0.0048,1788374676.653
15.490,2.7941,5.0856,0.0298,0.3905,0.1097,1788374676.673
15.510,2.8020,5.0859,0.0320,0.3905,0.1097,1788374676.693
15.530,2.8098,5.0861,0.0342,0.3905,0.1097,1788374676.713
15.550,2.8176,5.0864,0.0364,0.3905,0.1097,1788374676.733
15.570,2.8254,5.0867,0.0386,0.3905,0.1097,1788374676.753
15.590,2.8331,5.0870,0.0420,0.3878,0.1703,1788374676.773
15.610,2.8409,5.0874,0.0454,0.3878,0.1703,1788374676.793
15.630,2.8486,5.0878,0.0488,0.3878,0.1703,1788374676.813
15.650,2.8564,5.0882,0.0522,0.3878,0.1703,1788374676.833
15.670,2.8641,5.0886,0.0556,0.3878,0.1703,1788374676.853
15.690,2.8718,5.0891,0.0592,0.3851,0.1782,1788374676.873
15.710,2.8795,5.0895,0.0628,0.3851,0.1782,1788374676.893
15.730,2.8872,5.0900,0.0663,0.3851,0.1782,1788374676.913
15.750,2.8948,5.0906,0.0699,0.3851,0.1782,1788374676.933
15.770,2.9025,5.0912,0.0734,0.3851,0.1782,1788374676.953
15.790,2.9103,5.0917,0.0769,0.3900,0.1750,1788374676.973
15.810,2.9181,5.0924,0.0804,0.3900,0.1750,1788374676.993
15.830,2.9259,5.0930,0.0839,0.3900,0.1750,1788374677.013
15.850,2.9336,5.0937,0.0874,0.3900,0.1750,1788374677.033
15.870,2.9414,5.0944,0.0910,0.3900,0.1750,1788374677.053
15.890,2.9492,5.0952,0.0945,0.3925,0.1785,1788374677.073
15.910,2.9570,5.0959,0.0981,0.3925,0.1785,1788374677.093
15.930,2.9648,5.0967,0.1017,0.3925,0.1785,1788374677.113
15.950,2.9726,5.0976,0.1052,0.3925,0.1785,1788374677.133
15.970,2.9804,5.0984,0.1088,0.3925,0.1785,1788374677.153
15.990,2.9882,5.0993,0.1121,0.3902,0.1646,1788374677.173
16.010,2.9959,5.1002,0.1154,0.3902,0.1646,1788374677.193
16.030,3.0037,5.1011,0.1187,0.3902,0.1646,1788374677.213
16.050,3.0114,5.1020,0.1220,0.3902,0.1646,1788374677.233
16.070,3.0192,5.1030,0.1253,0.3902,0.1646,1788374677.253
16.090,3.0270,5.1040,0.1279,0.3918,0.1307,1788374677.273
16.110,3.0347,5.1050,0.1305,0.3918,0.1307,1788374677.293
16.130,3.0425,5.1061,0.1331,0.3918,0.1307,1788374677.313
16.150,3.0503,5.1071,0.1357,0.3918,0.1307,1788374677.333
16.170,3.0580,5.1082,0.1383,0.3918,0.1307,1788374677.353
16.190,3.0658,5.1093,0.1397,0.3910,0.0686,1788374677.373
16.210,3.0735,5.1104,0.1411,0.3910,0.0686,1788374677.393
16.230,3.0812,5.1115,0.1424,0.3910,0.0686,1788374677.413
16.250,3.0890,5.1126,0.1438,0.3910,0.0686,1788374677.433
16.270,3.0967,5.1138,0.1452,0.3910,0.0686,1788374677.453
16.291,3.1045,5.1149,0.1455,0.3919,0.0164,1788374677.474
16.311,3.1122,5.1160,0.1458,0.3919,0.0164,1788374677.494
16.331,3.1200,5.1172,0.1462,0.3919,0.0164,1788374677.514
16.350,3.1277,5.1183,0.1465,0.3919,0.0164,1788374677.533
16.370,3.1355,5.1195,0.1468,0.3919,0.0164,1788374677.553
16.390,3.1432,5.1206,0.1455,0.3879,-0.0657,1788374677.573
16.410,3.1508,5.1217,0.1442,0.3879,-0.0657,1788374677.593
16.430,3.1585,5.1228,0.1429,0.3879,-0.0657,1788374677.613
16.450,3.1662,5.1239,0.1416,0.3879,-0.0657,1788374677.633
16.470,3.1739,5.1250,0.1403,0.3879,-0.0657,1788374677.653
16.490,3.1817,5.1261,0.1384,0.3933,-0.0914,1788374677.673
16.510,3.1895,5.1272,0.1366,0.3933,-0.0914,1788374677.693
16.530,3.1973,5.1282,0.1348,0.3933,-0.0914,1788374677.713
16.550,3.2051,5.1293,0.1330,0.3933,-0.0914,1788374677.733
16.570,3.2129,5.1303,0.1311,0.3933,-0.0914,1788374677.753
16.590,3.2206,5.1313,0.1288,0.3900,-0.1154,1788374677.773
16.610,3.2283,5.1323,0.1265,0.3900,-0.1154,1788374677.793
16.630,3.2361,5.1332,0.1242,0.3900,-0.1154,1788374677.813
16.650,3.2438,5.1342,0.1219,0.3900,-0.1154,1788374677.833
16.670,3.2516,5.1351,0.1196,0.3900,-0.1154,1788374677.853
16.690,3.2593,5.1360,0.1170,0.3894,-0.1318,1788374677.873
16.710,3.2670,5.1369,0.1143,0.3894,-0.1318,1788374677.893
16.730,3.2748,5.1378,0.1117,0.3894,-0.1318,1788374677.913
16.750,3.2825,5.1386,0.1090,0.3894,-0.1318,1788374677.933
16.770,3.2903,5.1395,0.1064,0.3894,-0.1318,1788374677.953
16.790,3.2980,5.1403,0.1040,0.3905,-0.1220,1788374677.973
16.810,3.3058,5.1411,0.1015,0.3905,-0.1220,1788374677.993
16.830,3.3136,5.1418,0.0991,0.3905,-0.1220,1788374678.013
16.850,3.3213,5.1426,0.0967,0.3905,-0.1220,1788374678.033
16.870,3.3291,5.1433,0.0942,0.3905,-0.1220,1788374678.053
16.890,3.3369,5.1440,0.0922,0.3902,-0.1018,1788374678.073
16.910,3.3447,5.1447,0.0901,0.3902,-0.1018,1788374678.093
16.930,3.3524,5.1454,0.0881,0.3902,-0.1018,1788374678.113
16.950,3.3602,5.1461,0.0861,0.3902,-0.1018,1788374678.133
16.970,3.3680,5.1468,0.0840,0.3902,-0.1018,1788374678.153
16.990,3.3758,5.1474,0.0824,0.3921,-0.0819,1788374678.173
17.010,3.3836,5.1480,0.0808,0.3921,-0.0819,1788374678.193
17.030,3.3914,5.1487,0.0791,0.3921,-0.0819,1788374678.213
17.050,3.3993,5.1493,0.0775,0.3921,-0.0819,1788374678.233
17.070,3.4071,5.1499,0.0758,0.3921,-0.0819,1788374678.253
17.090,3.4148,5.1504,0.0751,0.3897,-0.0351,1788374678.273
17.110,3.4226,5.1510,0.0744,0.3897,-0.0351,1788374678.293
17.130,3.4304,5.1516,0.0737,0.3897,-0.0351,1788374678.313
17.150,3.4382,5.1522,0.0730,0.3897,-0.0351,1788374678.333
17.170,3.4459,5.1527,0.0723,0.3897,-0.0351,1788374678.353
17.190,3.4537,5.1533,0.0721,0.3911,-0.0119,1788374678.373
17.210,3.4615,5.1539,0.0719,0.3911,-0.0119,1788374678.393
17.230,3.4693,5.1544,0.0716,0.3911,-0.0119,1788374678.413
17.250,3.4772,5.1550,0.0714,0.3911,-0.0119,1788374678.433
17.270,3.4850,5.1555,0.0711,0.3911,-0.0119,1788374678.453
17.290,3.4928,5.1561,0.0713,0.3919,0.0079,1788374678.473
17.311,3.5006,5.1566,0.0715,0.3919,0.0079,1788374678.494
17.331,3.5084,5.1572,0.0716,0.3919,0.0079,1788374678.514
17.351,3.5162,5.1578,0.0718,0.3919,0.0079,1788374678.534
17.370,3.5240,5.1583,0.0719,0.3919,0.0079,1788374678.553
17.390,3.5318,5.1589,0.0739,0.3879,0.0991,1788374678.573
17.410,3.5395,5.1595,0.0759,0.3879,0.0991,1788374678.593
17.430,3.5472,5.1601,0.0779,0.3879,0.0991,1788374678.613
17.450,3.5550,5.1607,0.0799,0.3879,0.0991,1788374678.633
17.470,3.5627,5.1614,0.0818,0.3879,0.0991,1788374678.653
17.490,3.5705,5.1620,0.0838,0.3898,0.0958,1788374678.673
17.510,3.5782,5.1627,0.0857,0.3898,0.0958,1788374678.693
17.530,3.5860,5.1634,0.0876,0.3898,0.0958,1788374678.713
17.550,3.5938,5.1640,0.0895,0.3898,0.0958,1788374678.733
17.570,3.6015,5.1648,0.0914,0.3898,0.0958,1788374678.753
17.590,3.6093,5.1655,0.0932,0.3885,0.0873,1788374678.773
17.610,3.6170,5.1662,0.0949,0.3885,0.0873,1788374678.793
17.630,3.6247,5.1670,0.0967,0.3885,0.0873,1788374678.813
17.650,3.6325,5.1677,0.0984,0.3885,0.0873,1788374678.833
17.670,3.6402,5.1685,0.1002,0.3885,0.0873,1788374678.853
17.690,3.6480,5.1693,0.1016,0.3894,0.0735,1788374678.873
17.710,3.6557,5.1701,0.1031,0.3894,0.0735,1788374678.893
17.730,3.6634,5.1709,0.1046,0.3894,0.0735,1788374678.913
17.750,3.6712,5.1717,0.1060,0.3894,0.0735,1788374678.933
17.770,3.6789,5.1726,0.1075,0.3894,0.0735,1788374678.953
17.790,3.6867,5.1734,0.1083,0.3891,0.0377,1788374678.973
17.810,3.6944,5.1743,0.1090,0.3891,0.0377,1788374678.993
17.830,3.7021,5.1751,0.1098,0.3891,0.0377,1788374679.013
17.850,3.7099,5.1760,0.1105,0.3891,0.0377,1788374679.033
17.870,3.7176,5.1768,0.1113,0.3891,0.0377,1788374679.053
17.890,3.7254,5.1777,0.1114,0.3905,0.0036,1788374679.073
17.910,3.7331,5.1786,0.1114,0.3905,0.0036,1788374679.093
17.930,3.7409,5.1794,0.1115,0.3905,0.0036,1788374679.113
17.950,3.7487,5.1803,0.1116,0.3905,0.0036,1788374679.133
17.970,3.7564,5.1812,0.1116,0.3905,0.0036,1788374679.153
17.990,3.7642,5.1820,0.1111,0.3909,-0.0245,1788374679.173
18.010,3.7720,5.1829,0.1107,0.3909,-0.0245,1788374679.193
18.030,3.7797,5.1838,0.1102,0.3909,-0.0245,1788374679.213
18.050,3.7875,5.1846,0.1097,0.3909,-0.0245,1788374679.233
18.070,3.7953,5.1855,0.1092,0.3909,-0.0245,1788374679.253
18.090,3.8031,5.1863,0.1079,0.3929,-0.0653,1788374679.273
18.110,3.8109,5.1872,0.1066,0.3929,-0.0653,1788374679.293
18.130,3.8187,5.1880,0.1053,0.3929,-0.0653,1788374679.313
18.150,3.8265,5.1888,0.1040,0.3929,-0.0653,1788374679.333
18.170,3.8343,5.1896,0.1027,0.3929,-0.0653,1788374679.353
18.190,3.8422,5.1904,0.1003,0.3926,-0.1191,1788374679.373
18.210,3.8500,5.1912,0.0979,0.3926,-0.1191,1788374679.393
18.230,3.8578,5.1919,0.0955,0.3926,-0.1191,1788374679.413
18.250,3.8656,5.1926,0.0931,0.3926,-0.1191,1788374679.433
18.270,3.8734,5.1934,0.0908,0.3926,-0.1191,1788374679.453
18.290,3.8811,5.1940,0.0877,0.3874,-0.1505,1788374679.473
18.310,3.8889,5.1947,0.0847,0.3874,-0.1505,1788374679.493
18.330,3.8966,5.1953,0.0817,0.3874,-0.1505,1788374679.513
18.351,3.9043,5.1959,0.0787,0.3874,-0.1505,1788374679.534
18.375,3.9120,5.1965,0.0757,0.3874,-0.1505,1788374679.558
18.390,3.9199,5.1971,0.0725,0.3926,-0.1589,1788374679.573
18.410,3.9277,5.1976,0.0693,0.3926,-0.1589,1788374679.593
18.430,3.9355,5.1981,0.0662,0.3926,-0.1589,1788374679.613
18.450,3.9434,5.1986,0.0630,0.3926,-0.1589,1788374679.633
18.470,3.9512,5.1991,0.0598,0.3926,-0.1589,1788374679.653
18.490,3.9589,5.1995,0.0566,0.3857,-0.1585,1788374679.673
18.510,3.9666,5.2000,0.0535,0.3857,-0.1585,1788374679.693
18.530,3.9743,5.2003,0.0503,0.3857,-0.1585,1788374679.713
18.550,3.9820,5.2007,0.0471,0.3857,-0.1585,1788374679.733
18.570,3.9897,5.2010,0.0440,0.3857,-0.1585,1788374679.753
18.590,3.9975,5.2014,0.0413,0.3875,-0.1336,1788374679.773
18.610,4.0052,5.2017,0.0386,0.3875,-0.1336,1788374679.793
18.630,4.0130,5.2019,0.0359,0.3875,-0.1336,1788374679.813
18.650,4.0207,5.2022,0.0333,0.3875,-0.1336,1788374679.833
18.670,4.0284,5.2024,0.0306,0.3875,-0.1336,1788374679.853
18.690,4.0362,5.2027,0.0288,0.3881,-0.0919,1788374679.873
18.710,4.0440,5.2029,0.0269,0.3881,-0.0919,1788374679.893
18.730,4.0517,5.2031,0.0251,0.3881,-0.0919,1788374679.913
18.750,4.0595,5.2032,0.0232,0.3881,-0.0919,1788374679.933
18.770,4.0672,5.2034,0.0214,0.3881,-0.0919,1788374679.953
18.790,4.0751,5.2036,0.0192,0.3906,-0.1085,1788374679.973
18.810,4.0829,5.2037,0.0171,0.3906,-0.1085,1788374679.993
18.830,4.0907,5.2038,0.0149,0.3906,-0.1085,1788374680.013
18.850,4.0985,5.2039,0.0127,0.3906,-0.1085,1788374680.033
18.870,4.1063,5.2040,0.0106,0.3906,-0.1085,1788374680.053
18.890,4.1141,5.2041,0.0093,0.3893,-0.0609,1788374680.073
18.910,4.1219,5.2041,0.0081,0.3893,-0.0609,1788374680.093
18.930,4.1297,5.2042,0.0069,0.3893,-0.0609,1788374680.113
18.950,4.1374,5.2042,0.0057,0.3893,-0.0609,1788374680.133
18.970,4.1452,5.2043,0.0045,0.3893,-0.0609,1788374680.153
18.990,4.1530,5.2043,0.0041,0.3904,-0.0209,1788374680.173
19.010,4.1608,5.2043,0.0036,0.3904,-0.0209,1788374680.193
19.030,4.1686,5.2044,0.0032,0.3904,-0.0209,1788374680.213
19.050,4.1765,5.2044,0.0028,0.3904,-0.0209,1788374680.233
19.070,4.1843,5.2044,0.0024,0.3904,-0.0209,1788374680.253
19.090,4.1920,5.2044,0.0037,0.3891,0.0662,1788374680.273
19.110,4.1998,5.2045,0.0050,0.3891,0.0662,1788374680.293
19.130,4.2076,5.2045,0.0064,0.3891,0.0662,1788374680.313
19.150,4.2154,5.2046,0.0077,0.3891,0.0662,1788374680.333
19.170,4.2232,5.2046,0.0090,0.3891,0.0662,1788374680.353
19.190,4.2310,5.2047,0.0120,0.3913,0.1490,1788374680.373
19.210,4.2388,5.2048,0.0150,0.3913,0.1490,1788374680.393
19.230,4.2466,5.2050,0.0179,0.3913,0.1490,1788374680.413
19.250,4.2545,5.2052,0.0209,0.3913,0.1490,1788374680.433
19.270,4.2623,5.2053,0.0239,0.3913,0.1490,1788374680.453
19.290,4.2702,5.2056,0.0268,0.3934,0.1473,1788374680.473
19.310,4.2780,5.2058,0.0298,0.3934,0.1473,1788374680.493
19.330,4.2859,5.2060,0.0327,0.3934,0.1473,1788374680.513
19.350,4.2938,5.2063,0.0357,0.3934,0.1473,1788374680.533
19.370,4.3016,5.2066,0.0386,0.3934,0.1473,1788374680.553
19.391,4.3094,5.2070,0.0411,0.3919,0.1249,1788374680.574
19.411,4.3173,5.2073,0.0436,0.3919,0.1249,1788374680.594
19.430,4.3251,5.2077,0.0461,0.3919,0.1249,1788374680.613
19.450,4.3329,5.2080,0.0486,0.3919,0.1249,1788374680.633
19.470,4.3408,5.2084,0.0511,0.3919,0.1249,1788374680.653
19.490,4.3485,5.2088,0.0530,0.3861,0.0932,1788374680.673
19.510,4.3562,5.2093,0.0548,0.3861,0.0932,1788374680.693
19.530,4.3639,5.2097,0.0567,0.3861,0.0932,1788374680.713
19.550,4.3716,5.2102,0.0586,0.3861,0.0932,1788374680.733
19.570,4.3793,5.2106,0.0604,0.3861,0.0932,1788374680.753
19.590,4.3869,5.2111,0.0627,0.3828,0.1147,1788374680.773
19.610,4.3946,5.2116,0.0650,0.3828,0.1147,1788374680.793
19.630,4.4022,5.2121,0.0673,0.3828,0.1147,1788374680.813
19.650,4.4099,5.2126,0.0696,0.3828,0.1147,1788374680.833
19.670,4.4175,5.2132,0.0719,0.3828,0.1147,1788374680.853
19.690,4.4251,5.2138,0.0737,0.3808,0.0879,1788374680.873
19.710,4.4327,5.2143,0.0754,0.3808,0.0879,1788374680.893
19.730,4.4403,5.2149,0.0772,0.3808,0.0879,1788374680.913
19.750,4.4479,5.2155,0.0789,0.3808,0.0879,1788374680.933
19.770,4.4555,5.2161,0.0807,0.3808,0.0879,1788374680.953
19.790,4.4633,5.2168,0.0818,0.3905,0.0574,1788374680.973
19.810,4.4710,5.2174,0.0830,0.3905,0.0574,1788374680.993
19.830,4.4788,5.2181,0.0841,0.3905,0.0574,1788374681.013
19.850,4.4866,5.2187,0.0853,0.3905,0.0574,1788374681.033
19.870,4.4944,5.2194,0.0864,0.3905,0.0574,1788374681.053
19.890,4.5022,5.2201,0.0865,0.3899,0.0049,1788374681.073
19.910,4.5099,5.2208,0.0866,0.3899,0.0049,1788374681.093
19.930,4.5177,5.2214,0.0867,0.3899,0.0049,1788374681.113
19.950,4.5255,5.2221,0.0868,0.3899,0.0049,1788374681.133
19.970,4.5332,5.2228,0.0869,0.3899,0.0049,1788374681.153
19.990,4.5410,5.2235,0.0861,0.3883,-0.0399,1788374681.173
20.010,4.5487,5.2241,0.0853,0.3883,-0.0399,1788374681.193
20.030,4.5564,5.2248,0.0845,0.3883,-0.0399,1788374681.213
20.050,4.5642,5.2254,0.0837,0.3883,-0.0399,1788374681.233
20.070,4.5719,5.2261,0.0829,0.3883,-0.0399,1788374681.253
20.090,4.5797,5.2267,0.0819,0.3923,-0.0497,1788374681.273
20.110,4.5876,5.2273,0.0810,0.3923,-0.0497,1788374681.293
20.130,4.5954,5.2280,0.0800,0.3923,-0.0497,1788374681.313
20.150,4.6032,5.2286,0.0790,0.3923,-0.0497,1788374681.333
20.170,4.6110,5.2292,0.0780,0.3923,-0.0497,1788374681.353
20.190,4.6188,5.2298,0.0768,0.3885,-0.0596,1788374681.373
20.210,4.6265,5.2304,0.0756,0.3885,-0.0596,1788374681.393
20.230,4.6343,5.2310,0.0744,0.3885,-0.0596,1788374681.413
20.250,4.6420,5.2315,0.0732,0.3885,-0.0596,1788374681.433
20.270,4.6498,5.2321,0.0720,0.3885,-0.0596,1788374681.453
20.290,4.6575,5.2326,0.0710,0.3867,-0.0486,1788374681.473
20.310,4.6652,5.2332,0.0701,0.3867,-0.0486,1788374681.493
20.330,4.6729,5.2337,0.0691,0.3867,-0.0486,1788374681.513
20.350,4.6806,5.2342,0.0681,0.3867,-0.0486,1788374681.533
20.370,4.6883,5.2348,0.0671,0.3867,-0.0486,1788374681.553
20.390,4.6962,5.2353,0.0667,0.3913,-0.0207,1788374681.573
20.411,4.7040,5.2358,0.0663,0.3913,-0.0207,1788374681.594
20.431,4.7118,5.2363,0.0659,0.3913,-0.0207,1788374681.614
20.451,4.7196,5.2368,0.0655,0.3913,-0.0207,1788374681.634
20.470,4.7274,5.2373,0.0651,0.3913,-0.0207,1788374681.653
20.491,4.7352,5.2378,0.0641,0.3928,-0.0513,1788374681.674
20.510,4.7431,5.2383,0.0630,0.3928,-0.0513,1788374681.693
20.530,4.7509,5.2388,0.0620,0.3928,-0.0513,1788374681.713
20.550,4.7587,5.2393,0.0610,0.3928,-0.0513,1788374681.733
20.570,4.7666,5.2398,0.0600,0.3928,-0.0513,1788374681.753
20.590,4.7744,5.2402,0.0584,0.3911,-0.0773,1788374681.773
20.610,4.7822,5.2407,0.0569,0.3911,-0.0773,1788374681.793
20.630,4.7900,5.2411,0.0553,0.3911,-0.0773,1788374681.813
20.650,4.7978,5.2415,0.0538,0.3911,-0.0773,1788374681.833
20.670,4.8056,5.2419,0.0522,0.3911,-0.0773,1788374681.853
20.690,4.8133,5.2423,0.0511,0.3858,-0.0560,1788374681.873
20.710,4.8210,5.2427,0.0500,0.3858,-0.0560,1788374681.893
20.730,4.8288,5.2431,0.0489,0.3858,-0.0560,1788374681.913
20.750,4.8365,5.2435,0.0477,0.3858,-0.0560,1788374681.933
20.770,4.8442,5.2438,0.0466,0.3858,-0.0560,1788374681.953
20.790,4.8519,5.2442,0.0449,0.3865,-0.0844,1788374681.973
20.810,4.8596,5.2445,0.0432,0.3865,-0.0844,1788374681.993
20.830,4.8673,5.2448,0.0416,0.3865,-0.0844,1788374682.013
20.850,4.8751,5.2451,0.0399,0.3865,-0.0844,1788374682.033
20.870,4.8828,5.2454,0.0382,0.3865,-0.0844,1788374682.053
20.890,4.8905,5.2457,0.0367,0.3838,-0.0727,1788374682.073
20.910,4.8981,5.2460,0.0353,0.3838,-0.0727,1788374682.093
20.930,4.9058,5.2462,0.0338,0.3838,-0.0727,1788374682.113
20.950,4.9135,5.2465,0.0324,0.3838,-0.0727,1788374682.133
20.970,4.9212,5.2467,0.0309,0.3838,-0.0727,1788374682.153
20.990,4.9288,5.2469,0.0292,0.3811,-0.0843,1788374682.173
21.010,4.9364,5.2472,0.0275,0.3811,-0.0843,1788374682.193
21.030,4.9440,5.2474,0.0258,0.3811,-0.0843,1788374682.213
21.050,4.9516,5.2475,0.0242,0.3811,-0.0843,1788374682.233
21.070,4.9592,5.2477,0.0225,0.3811,-0.0843,1788374682.253
21.090,4.9670,5.2479,0.0211,0.3894,-0.0671,1788374682.273
21.110,4.9748,5.2480,0.0198,0.3894,-0.0671,1788374682.293
21.130,4.9826,5.2482,0.0184,0.3894,-0.0671,1788374682.313
21.150,4.9904,5.2483,0.0171,0.3894,-0.0671,1788374682.333
21.170,4.9982,5.2484,0.0158,0.3894,-0.0671,1788374682.353
21.190,5.0060,5.2485,0.0142,0.3931,-0.0767,1788374682.373
21.210,5.0139,5.2486,0.0127,0.3931,-0.0767,1788374682.393
21.230,5.0218,5.2487,0.0112,0.3931,-0.0767,1788374682.413
21.250,5.0296,5.2488,0.0096,0.3931,-0.0767,1788374682.433
21.270,5.0375,5.2489,0.0081,0.3931,-0.0767,1788374682.453
21.290,5.0453,5.2489,0.0077,0.3920,-0.0192,1788374682.473
21.310,5.0532,5.2490,0.0073,0.3920,-0.0192,1788374682.493
21.330,5.0610,5.2490,0.0069,0.3920,-0.0192,1788374682.513
21.350,5.0688,5.2491,0.0066,0.3920,-0.0192,1788374682.533
21.370,5.0767,5.2491,0.0062,0.3920,-0.0192,1788374682.553
21.390,5.0845,5.2492,0.0064,0.3893,0.0122,1788374682.573
21.410,5.0923,5.2492,0.0067,0.3893,0.0122,1788374682.593
21.430,5.1000,5.2493,0.0069,0.3893,0.0122,1788374682.613
21.451,5.1078,5.2493,0.0072,0.3893,0.0122,1788374682.634
21.471,5.1156,5.2494,0.0074,0.3893,0.0122,1788374682.654
21.490,5.1232,5.2495,0.0081,0.3801,0.0342,1788374682.673
21.510,5.1308,5.2495,0.0088,0.3801,0.0342,1788374682.693
21.530,5.1384,5.2496,0.0094,0.3801,0.0342,1788374682.713
21.550,5.1460,5.2497,0.0101,0.3801,0.0342,1788374682.733
21.570,5.1536,5.2498,0.0108,0.3801,0.0342,1788374682.753
21.590,5.1613,5.2499,0.0113,0.3848,0.0253,1788374682.773
21.610,5.1690,5.2499,0.0118,0.3848,0.0253,1788374682.793
21.630,5.1767,5.2500,0.0123,0.3848,0.0253,1788374682.813
21.650,5.1844,5.2501,0.0128,0.3848,0.0253,1788374682.833
21.670,5.1921,5.2502,0.0133,0.3848,0.0253,1788374682.853
21.690,5.1996,5.2503,0.0146,0.3752,0.0654,1788374682.873
21.710,5.2071,5.2505,0.0160,0.3752,0.0654,1788374682.893
21.730,5.2146,5.2506,0.0173,0.3752,0.0654,1788374682.913
21.750,5.2221,5.2507,0.0186,0.3752,0.0654,1788374682.933
21.770,5.2296,5.2509,0.0199,0.3752,0.0654,1788374682.953
21.790,5.2374,5.2510,0.0204,0.3920,0.0279,1788374682.973
21.810,5.2453,5.2512,0.0210,0.3920,0.0279,1788374682.993
21.830,5.2531,5.2514,0.0216,0.3920,0.0279,1788374683.013
21.850,5.2610,5.2516,0.0221,0.3920,0.0279,1788374683.033
21.870,5.2688,5.2517,0.0227,0.3920,0.0279,1788374683.053
21.890,5.2764,5.2519,0.0241,0.3824,0.0713,1788374683.073
21.910,5.2841,5.2521,0.0255,0.3824,0.0713,1788374683.093
21.930,5.2917,5.2523,0.0269,0.3824,0.0713,1788374683.113
21.950,5.2994,5.2525,0.0284,0.3824,0.0713,1788374683.133
21.970,5.3070,5.2528,0.0298,0.3824,0.0713,1788374683.153
21.990,5.3146,5.2530,0.0314,0.3795,0.0821,1788374683.173
22.010,5.3222,5.2533,0.0331,0.3795,0.0821,1788374683.193
22.030,5.3298,5.2535,0.0347,0.3795,0.0821,1788374683.213
22.050,5.3374,5.2538,0.0364,0.3795,0.0821,1788374683.233
22.070,5.3450,5.2541,0.0380,0.3795,0.0821,1788374683.253
22.090,5.3526,5.2544,0.0396,0.3829,0.0808,1788374683.273
22.110,5.3603,5.2547,0.0412,0.3829,0.0808,1788374683.293
22.130,5.3679,5.2550,0.0429,0.3829,0.0808,1788374683.313
22.150,5.3756,5.2554,0.0445,0.3829,0.0808,1788374683.333
22.170,5.3832,5.2557,0.0461,0.3829,0.0808,1788374683.353
22.190,5.3909,5.2561,0.0469,0.3849,0.0389,1788374683.373
22.210,5.3986,5.2564,0.0476,0.3849,0.0389,1788374683.393
22.230,5.4063,5.2568,0.0484,0.3849,0.0389,1788374683.413
22.250,5.4140,5.2572,0.0492,0.3849,0.0389,1788374683.433
22.270,5.4216,5.2576,0.0500,0.3849,0.0389,1788374683.453
22.290,5.4294,5.2580,0.0506,0.3856,0.0314,1788374683.473
22.310,5.4371,5.2584,0.0512,0.3856,0.0314,1788374683.493
22.330,5.4448,5.2588,0.0519,0.3856,0.0314,1788374683.513
22.350,5.4525,5.2592,0.0525,0.3856,0.0314,1788374683.533
22.370,5.4602,5.2596,0.0531,0.3856,0.0314,1788374683.553
22.390,5.4680,5.2600,0.0539,0.3948,0.0392,1788374683.573
22.410,5.4759,5.2604,0.0547,0.3948,0.0392,1788374683.593
22.430,5.4838,5.2609,0.0555,0.3948,0.0392,1788374683.613
22.450,5.4917,5.2613,0.0563,0.3948,0.0392,1788374683.633
22.474,5.4996,5.2618,0.0570,0.3948,0.0392,1788374683.657
22.491,5.5073,5.2622,0.0587,0.3878,0.0806,1788374683.674
22.511,5.5151,5.2627,0.0603,0.3878,0.0806,1788374683.694
22.530,5.5228,5.2632,0.0619,0.3878,0.0806,1788374683.713
22.550,5.5305,5.2637,0.0635,0.3878,0.0806,1788374683.733
22.570,5.5383,5.2642,0.0651,0.3878,0.0806,1788374683.753
22.590,5.5461,5.2647,0.0668,0.3936,0.0871,1788374683.773
22.610,5.5540,5.2652,0.0686,0.3936,0.0871,1788374683.793
22.630,5.5618,5.2658,0.0703,0.3936,0.0871,1788374683.813
22.650,5.5697,5.2664,0.0721,0.3936,0.0871,1788374683.833
22.670,5.5776,5.2669,0.0738,0.3936,0.0871,1788374683.853
22.690,5.5854,5.2675,0.0735,0.3932,-0.0178,1788374683.873
22.710,5.5932,5.2681,0.0731,0.3932,-0.0178,1788374683.893
22.730,5.6011,5.2687,0.0727,0.3932,-0.0178,1788374683.913
22.750,5.6089,5.2692,0.0724,0.3932,-0.0178,1788374683.933
22.770,5.6168,5.2698,0.0720,0.3932,-0.0178,1788374683.953
22.790,5.6246,5.2704,0.0710,0.3938,-0.0536,1788374683.973
22.810,5.6325,5.2709,0.0699,0.3938,-0.0536,1788374683.993
22.830,5.6403,5.2714,0.0688,0.3938,-0.0536,1788374684.013
22.850,5.6482,5.2720,0.0677,0.3938,-0.0536,1788374684.033
22.870,5.6561,5.2725,0.0667,0.3938,-0.0536,1788374684.053
22.890,5.6639,5.2730,0.0655,0.3915,-0.0599,1788374684.073
22.910,5.6717,5.2735,0.0643,0.3915,-0.0599,1788374684.093
22.930,5.6795,5.2740,0.0631,0.3915,-0.0599,1788374684.113
22.950,5.6873,5.2745,0.0619,0.3915,-0.0599,1788374684.133
22.970,5.6951,5.2750,0.0607,0.3915,-0.0599,1788374684.153
22.990,5.7029,5.2754,0.0599,0.3914,-0.0391,1788374684.173
23.010,5.7108,5.2759,0.0591,0.3914,-0.0391,1788374684.193
23.030,5.7186,5.2764,0.0583,0.3914,-0.0391,1788374684.213
23.050,5.7264,5.2768,0.0575,0.3914,-0.0391,1788374684.233
23.070,5.7342,5.2772,0.0568,0.3914,-0.0391,1788374684.253
23.090,5.7420,5.2777,0.0551,0.3895,-0.0822,1788374684.273
23.110,5.7498,5.2781,0.0535,0.3895,-0.0822,1788374684.293
23.130,5.7575,5.2785,0.0518,0.3895,-0.0822,1788374684.313
23.150,5.7653,5.2789,0.0502,0.3895,-0.0822,1788374684.333
23.170,5.7731,5.2793,0.0485,0.3895,-0.0822,1788374684.353
23.190,5.7808,5.2796,0.0465,0.3878,-0.1011,1788374684.373
23.210,5.7886,5.2800,0.0445,0.3878,-0.1011,1788374684.393
23.230,5.7963,5.2803,0.0425,0.3878,-0.1011,1788374684.413
23.250,5.8041,5.2806,0.0405,0.3878,-0.1011,1788374684.433
23.270,5.8118,5.2809,0.0384,0.3878,-0.1011,1788374684.453
23.290,5.8197,5.2812,0.0360,0.3914,-0.1196,1788374684.473
23.310,5.8275,5.2815,0.0336,0.3914,-0.1196,1788374684.493
23.330,5.8353,5.2817,0.0313,0.3914,-0.1196,1788374684.513
23.350,5.8431,5.2819,0.0289,0.3914,-0.1196,1788374684.533
23.370,5.8510,5.2821,0.0265,0.3914,-0.1196,1788374684.553
23.390,5.8588,5.2823,0.0242,0.3928,-0.1111,1788374684.573
23.410,5.8667,5.2825,0.0220,0.3928,-0.1111,1788374684.593
23.430,5.8745,5.2827,0.0198,0.3928,-0.1111,1788374684.613
23.450,5.8824,5.2828,0.0176,0.3928,-0.1111,1788374684.633
23.470,5.8902,5.2829,0.0154,0.3928,-0.1111,1788374684.653
23.490,5.8981,5.2830,0.0142,0.3946,-0.0559,1788374684.673
23.511,5.9060,5.2831,0.0131,0.3946,-0.0559,1788374684.694
23.531,5.9139,5.2832,0.0120,0.3946,-0.0559,1788374684.714
23.551,5.9218,5.2833,0.0109,0.3946,-0.0559,1788374684.734
23.570,5.9297,5.2834,0.0098,0.3946,-0.0559,1788374684.753
23.590,5.9375,5.2835,0.0091,0.3926,-0.0343,1788374684.773
23.610,5.9454,5.2835,0.0084,0.3926,-0.0343,1788374684.793
23.630,5.9532,5.2836,0.0077,0.3926,-0.0343,1788374684.813
23.650,5.9611,5.2836,0.0070,0.3926,-0.0343,1788374684.833
23.670,5.9689,5.2837,0.0063,0.3926,-0.0343,1788374684.853
23.690,5.9768,5.2837,0.0065,0.3926,0.0059,1788374684.873
23.710,5.9846,5.2838,0.0066,0.3926,0.0059,1788374684.893
23.730,5.9925,5.2838,0.0067,0.3926,0.0059,1788374684.913
23.750,6.0004,5.2839,0.0068,0.3926,0.0059,1788374684.933
23.770,6.0082,5.2840,0.0069,0.3926,0.0059,1788374684.953
23.790,6.0160,5.2840,0.0062,0.3875,-0.0352,1788374684.973
23.810,6.0237,5.2840,0.0055,0.3875,-0.0352,1788374684.993
23.830,6.0315,5.2841,0.0048,0.3875,-0.0352,1788374685.013
23.850,6.0392,5.2841,0.0041,0.3875,-0.0352,1788374685.033
23.870,6.0470,5.2841,0.0034,0.3875,-0.0352,1788374685.053
23.890,6.0548,5.2842,0.0021,0.3925,-0.0648,1788374685.073
23.910,6.0627,5.2842,0.0008,0.3925,-0.0648,1788374685.093
23.930,6.0705,5.2842,-0.0005,0.3925,-0.0648,1788374685.113
23.950,6.0784,5.2841,-0.0018,0.3925,-0.0648,1788374685.133
23.970,6.0862,5.2841,-0.0031,0.3925,-0.0648,1788374685.153
23.990,6.0940,5.2841,-0.0051,0.3881,-0.1012,1788374685.173
24.010,6.1017,5.2840,-0.0071,0.3881,-0.1012,1788374685.193
24.030,6.1095,5.2840,-0.0091,0.3881,-0.1012,1788374685.213
24.050,6.1173,5.2839,-0.0112,0.3881,-0.1012,1788374685.233
24.070,6.1250,5.2838,-0.0132,0.3881,-0.1012,1788374685.253
24.090,6.1329,5.2836,-0.0153,0.3940,-0.1074,1788374685.273
24.110,6.1408,5.2835,-0.0175,0.3940,-0.1074,1788374685.293
24.130,6.1486,5.2834,-0.0196,0.3940,-0.1074,1788374685.313
24.150,6.1565,5.2832,-0.0218,0.3940,-0.1074,1788374685.333
24.170,6.1644,5.2830,-0.0239,0.3940,-0.1074,1788374685.353
24.190,6.1722,5.2828,-0.0255,0.3919,-0.0801,1788374685.373
24.210,6.1801,5.2826,-0.0271,0.3919,-0.0801,1788374685.393
24.230,6.1879,5.2824,-0.0287,0.3919,-0.0801,1788374685.413
24.250,6.1957,5.2821,-0.0303,0.3919,-0.0801,1788374685.433
24.270,6.2036,5.2819,-0.0319,0.3919,-0.0801,1788374685.453
24.290,6.2113,5.2816,-0.0333,0.3881,-0.0691,1788374685.473
24.310,6.2191,5.2813,-0.0347,0.3881,-0.0691,1788374685.493
24.330,6.2268,5.2811,-0.0361,0.3881,-0.0691,1788374685.513
24.350,6.2346,5.2808,-0.0375,0.3881,-0.0691,1788374685.533
24.370,6.2424,5.2805,-0.0388,0.3881,-0.0691,1788374685.553
24.390,6.2502,5.2802,-0.0394,0.3923,-0.0279,1788374685.573
24.410,6.2580,5.2798,-0.0400,0.3923,-0.0279,1788374685.593
24.430,6.2659,5.2795,-0.0405,0.3923,-0.0279,1788374685.613
24.450,6.2737,5.2792,-0.0411,0.3923,-0.0279,1788374685.633
24.470,6.2816,5.2789,-0.0416,0.3923,-0.0279,1788374685.653
24.490,6.2892,5.2786,-0.0419,0.3831,-0.0128,1788374685.673
24.510,6.2969,5.2782,-0.0421,0.3831,-0.0128,1788374685.693
24.530,6.3045,5.2779,-0.0424,0.3831,-0.0128,1788374685.713
24.551,6.3122,5.2776,-0.0426,0.3831,-0.0128,1788374685.734
24.571,6.3198,5.2773,-0.0429,0.3831,-0.0128,1788374685.754
24.590,6.3275,5.2769,-0.0425,0.3865,0.0212,1788374685.773
24.610,6.3353,5.2766,-0.0421,0.3865,0.0212,1788374685.793
24.630,6.3430,5.2763,-0.0416,0.3865,0.0212,1788374685.813
24.650,6.3507,5.2760,-0.0412,0.3865,0.0212,1788374685.833
24.670,6.3584,5.2756,-0.0408,0.3865,0.0212,1788374685.853
24.690,6.3663,5.2753,-0.0393,0.3913,0.0741,1788374685.873
24.710,6.3741,5.2750,-0.0378,0.3913,0.0741,1788374685.893
24.730,6.3819,5.2748,-0.0363,0.3913,0.0741,1788374685.913
24.750,6.3897,5.2745,-0.0349,0.3913,0.0741,1788374685.933
24.770,6.3975,5.2742,-0.0334,0.3913,0.0741,1788374685.953
24.790,6.4054,5.2740,-0.0317,0.3928,0.0814,1788374685.973
24.810,6.4132,5.2737,-0.0301,0.3928,0.0814,1788374685.993
24.830,6.4211,5.2735,-0.0285,0.3928,0.0814,1788374686.013
24.850,6.4290,5.2733,-0.0269,0.3928,0.0814,1788374686.033
24.870,6.4368,5.2731,-0.0252,0.3928,0.0814,1788374686.053
24.890,6.4447,5.2729,-0.0238,0.3928,0.0719,1788374686.073
24.910,6.4525,5.2727,-0.0224,0.3928,0.0719,1788374686.093
24.930,6.4604,5.2726,-0.0209,0.3928,0.0719,1788374686.113
24.950,6.4682,5.2724,-0.0195,0.3928,0.0719,1788374686.133
24.970,6.4761,5.2723,-0.0181,0.3928,0.0719,1788374686.153
24.990,6.4839,5.2721,-0.0179,0.3885,0.0096,1788374686.173
25.010,6.4916,5.2720,-0.0177,0.3885,0.0096,1788374686.193
25.030,6.4994,5.2719,-0.0175,0.3885,0.0096,1788374686.213
25.050,6.5072,5.2717,-0.0173,0.3885,0.0096,1788374686.233
25.070,6.5149,5.2716,-0.0171,0.3885,0.0096,1788374686.253
25.090,6.5228,5.2715,-0.0182,0.3925,-0.0552,1788374686.273
25.110,6.5306,5.2713,-0.0193,0.3925,-0.0552,1788374686.293
25.130,6.5385,5.2712,-0.0204,0.3925,-0.0552,1788374686.313
25.150,6.5463,5.2710,-0.0215,0.3925,-0.0552,1788374686.333
25.170,6.5542,5.2708,-0.0226,0.3925,-0.0552,1788374686.353
25.190,6.5619,5.2706,-0.0239,0.3859,-0.0647,1788374686.373
25.210,6.5696,5.2704,-0.0252,0.3859,-0.0647,1788374686.393
25.230,6.5773,5.2702,-0.0265,0.3859,-0.0647,1788374686.413
25.250,6.5850,5.2700,-0.0278,0.3859,-0.0647,1788374686.433
25.270,6.5928,5.2698,-0.0291,0.3859,-0.0647,1788374686.453
25.290,6.6004,5.2695,-0.0318,0.3831,-0.1356,1788374686.473
25.310,6.6081,5.2693,-0.0345,0.3831,-0.1356,1788374686.493
25.330,6.6157,5.2690,-0.0372,0.3831,-0.1356,1788374686.513
25.350,6.6234,5.2687,-0.0399,0.3831,-0.1356,1788374686.533
25.370,6.6310,5.2684,-0.0426,0.3831,-0.1356,1788374686.553
25.390,6.6389,5.2680,-0.0450,0.3915,-0.1171,1788374686.573
25.410,6.6467,5.2676,-0.0473,0.3915,-0.1171,1788374686.593
25.430,6.6545,5.2672,-0.0497,0.3915,-0.1171,1788374686.613
25.450,6.6623,5.2668,-0.0520,0.3915,-0.1171,1788374686.633
25.470,6.6701,5.2664,-0.0544,0.3915,-0.1171,1788374686.653
25.490,6.6778,5.2660,-0.0563,0.3860,-0.0959,1788374686.673
25.510,6.6855,5.2655,-0.0582,0.3860,-0.0959,1788374686.693
25.530,6.6932,5.2651,-0.0601,0.3860,-0.0959,1788374686.713
25.550,6.7010,5.2646,-0.0620,0.3860,-0.0959,1788374686.733
25.575,6.7087,5.2641,-0.0639,0.3860,-0.0959,1788374686.758
25.591,6.7164,5.2636,-0.0659,0.3901,-0.0983,1788374686.774
25.611,6.7242,5.2631,-0.0679,0.3901,-0.0983,1788374686.794
25.630,6.7320,5.2625,-0.0698,0.3901,-0.0983,1788374686.813
25.650,6.7398,5.2619,-0.0718,0.3901,-0.0983,1788374686.833
25.670,6.7476,5.2614,-0.0738,0.3901,-0.0983,1788374686.853
25.690,6.7554,5.2608,-0.0757,0.3914,-0.0985,1788374686.873
25.710,6.7632,5.2602,-0.0777,0.3914,-0.0985,1788374686.893
25.730,6.7710,5.2596,-0.0797,0.3914,-0.0985,1788374686.913
25.750,6.7788,5.2589,-0.0817,0.3914,-0.0985,1788374686.933
25.770,6.7866,5.2583,-0.0836,0.3914,-0.0985,1788374686.953
25.790,6.7943,5.2576,-0.0853,0.3874,-0.0814,1788374686.973
25.810,6.8020,5.2569,-0.0869,0.3874,-0.0814,1788374686.993
25.830,6.8097,5.2562,-0.0885,0.3874,-0.0814,1788374687.013
25.850,6.8175,5.2555,-0.0901,0.3874,-0.0814,1788374687.033
25.870,6.8252,5.2548,-0.0918,0.3874,-0.0814,1788374687.053
25.890,6.8329,5.2541,-0.0932,0.3892,-0.0708,1788374687.073
25.910,6.8407,5.2534,-0.0946,0.3892,-0.0708,1788374687.093
25.930,6.8484,5.2526,-0.0960,0.3892,-0.0708,1788374687.113
25.950,6.8562,5.2519,-0.0974,0.3892,-0.0708,1788374687.133
25.970,6.8639,5.2511,-0.0988,0.3892,-0.0708,1788374687.153
25.990,6.8717,5.2503,-0.1000,0.3912,-0.0591,1788374687.173
26.010,6.8795,5.2495,-0.1012,0.3912,-0.0591,1788374687.193
26.030,6.8873,5.2487,-0.1024,0.3912,-0.0591,1788374687.213
26.050,6.8950,5.2479,-0.1036,0.3912,-0.0591,1788374687.233
26.070,6.9028,5.2471,-0.1048,0.3912,-0.0591,1788374687.253
26.090,6.9106,5.2463,-0.1053,0.3914,-0.0262,1788374687.273
26.110,6.9184,5.2455,-0.1058,0.3914,-0.0262,1788374687.293
26.130,6.9262,5.2446,-0.1063,0.3914,-0.0262,1788374687.313
26.150,6.9340,5.2438,-0.1068,0.3914,-0.0262,1788374687.333
26.170,6.9417,5.2430,-0.1074,0.3914,-0.0262,1788374687.353
26.190,6.9495,5.2421,-0.1074,0.3913,-0.0036,1788374687.373
26.210,6.9573,5.2413,-0.1075,0.3913,-0.0036,1788374687.393
26.230,6.9651,5.2404,-0.1076,0.3913,-0.0036,1788374687.413
26.250,6.9729,5.2396,-0.1077,0.3913,-0.0036,1788374687.433
26.270,6.9806,5.2388,-0.1077,0.3913,-0.0036,1788374687.453
26.290,6.9884,5.2379,-0.1079,0.3896,-0.0108,1788374687.473
26.310,6.9961,5.2371,-0.1082,0.3896,-0.0108,1788374687.493
26.330,7.0039,5.2362,-0.1084,0.3896,-0.0108,1788374687.513
26.350,7.0116,5.2354,-0.1086,0.3896,-0.0108,1788374687.533
26.370,7.0194,5.2345,-0.1088,0.3896,-0.0108,1788374687.553
26.390,7.0270,5.2337,-0.1100,0.3835,-0.0579,1788374687.573
26.410,7.0346,5.2328,-0.1111,0.3835,-0.0579,1788374687.593
26.430,7.0422,5.2320,-0.1123,0.3835,-0.0579,1788374687.613
26.450,7.0499,5.2311,-0.1134,0.3835,-0.0579,1788374687.633
26.470,7.0575,5.2302,-0.1146,0.3835,-0.0579,1788374687.653
26.490,7.0653,5.2293,-0.1155,0.3926,-0.0469,1788374687.673
26.510,7.0731,5.2284,-0.1165,0.3926,-0.0469,1788374687.693
26.530,7.0809,5.2275,-0.1174,0.3926,-0.0469,1788374687.713
26.550,7.0887,5.2266,-0.1183,0.3926,-0.0469,1788374687.733
26.570,7.0965,5.2256,-0.1193,0.3926,-0.0469,1788374687.753
26.590,7.1042,5.2247,-0.1208,0.3870,-0.0750,1788374687.773
26.611,7.1118,5.2238,-0.1223,0.3870,-0.0750,1788374687.794
26.631,7.1195,5.2228,-0.1238,0.3870,-0.0750,1788374687.814
26.650,7.1272,5.2218,-0.1253,0.3870,-0.0750,1788374687.833
26.670,7.1349,5.2209,-0.1268,0.3870,-0.0750,1788374687.853
26.690,7.1426,5.2199,-0.1284,0.3884,-0.0814,1788374687.873
26.710,7.1503,5.2189,-0.1300,0.3884,-0.0814,1788374687.893
26.730,7.1580,5.2178,-0.1317,0.3884,-0.0814,1788374687.913
26.750,7.1657,5.2168,-0.1333,0.3884,-0.0814,1788374687.933
26.770,7.1734,5.2158,-0.1349,0.3884,-0.0814,1788374687.953
26.790,7.1810,5.2147,-0.1366,0.3850,-0.0865,1788374687.973
26.810,7.1886,5.2137,-0.1384,0.3850,-0.0865,1788374687.993
26.830,7.1963,5.2126,-0.1401,0.3850,-0.0865,1788374688.013
26.850,7.2039,5.2115,-0.1418,0.3850,-0.0865,1788374688.033
26.870,7.2115,5.2104,-0.1436,0.3850,-0.0865,1788374688.053
26.890,7.2191,5.2093,-0.1458,0.3828,-0.1125,1788374688.073
26.910,7.2267,5.2081,-0.1481,0.3828,-0.1125,1788374688.093
26.930,7.2342,5.2070,-0.1503,0.3828,-0.1125,1788374688.113
26.950,7.2418,5.2058,-0.1526,0.3828,-0.1125,1788374688.133
26.970,7.2494,5.2047,-0.1548,0.3828,-0.1125,1788374688.153
26.990,7.2570,5.2034,-0.1565,0.3878,-0.0840,1788374688.173
27.010,7.2647,5.2022,-0.1582,0.3878,-0.0840,1788374688.193
27.030,7.2723,5.2010,-0.1599,0.3878,-0.0840,1788374688.213
27.050,7.2800,5.1997,-0.1615,0.3878,-0.0840,1788374688.233
27.070,7.2876,5.1985,-0.1632,0.3878,-0.0840,1788374688.253
27.090,7.2952,5.1972,-0.1639,0.3833,-0.0361,1788374688.273
27.110,7.3028,5.1960,-0.1647,0.3833,-0.0361,1788374688.293
27.130,7.3103,5.1947,-0.1654,0.3833,-0.0361,1788374688.313
27.150,7.3179,5.1934,-0.1661,0.3833,-0.0361,1788374688.333
27.170,7.3254,5.1922,-0.1668,0.3833,-0.0361,1788374688.353
27.190,7.3331,5.1909,-0.1661,0.3874,0.0353,1788374688.373
27.210,7.3407,5.1896,-0.1654,0.3874,0.0353,1788374688.393
27.230,7.3484,5.1883,-0.1647,0.3874,0.0353,1788374688.413
27.250,7.3560,5.1871,-0.1640,0.3874,0.0353,1788374688.433
27.270,7.3637,5.1858,-0.1633,0.3874,0.0353,1788374688.453
27.290,7.3712,5.1846,-0.1615,0.3842,0.0890,1788374688.473
27.310,7.3788,5.1834,-0.1597,0.3842,0.0890,1788374688.493
27.330,7.3864,5.1822,-0.1580,0.3842,0.0890,1788374688.513
27.350,7.3940,5.1810,-0.1562,0.3842,0.0890,1788374688.533
27.370,7.4016,5.1798,-0.1544,0.3842,0.0890,1788374688.553
27.390,7.4094,5.1786,-0.1520,0.3926,0.1175,1788374688.573
27.410,7.4171,5.1774,-0.1497,0.3926,0.1175,1788374688.593
27.430,7.4249,5.1763,-0.1473,0.3926,0.1175,1788374688.613
27.450,7.4327,5.1751,-0.1450,0.3926,0.1175,1788374688.633
27.470,7.4404,5.1740,-0.1426,0.3926,0.1175,1788374688.653
27.490,7.4481,5.1729,-0.1397,0.3872,0.1453,1788374688.673
27.510,7.4558,5.1719,-0.1368,0.3872,0.1453,1788374688.693
27.530,7.4634,5.1708,-0.1339,0.3872,0.1453,1788374688.713
27.550,7.4711,5.1698,-0.1310,0.3872,0.1453,1788374688.733
27.570,7.4788,5.1688,-0.1281,0.3872,0.1453,1788374688.753
27.590,7.4865,5.1679,-0.1252,0.3877,0.1447,1788374688.773
27.610,7.4942,5.1669,-0.1223,0.3877,0.1447,1788374688.793
27.631,7.5019,5.1660,-0.1194,0.3877,0.1447,1788374688.814
27.651,7.5096,5.1651,-0.1165,0.3877,0.1447,1788374688.834
27.671,7.5173,5.1642,-0.1136,0.3877,0.1447,1788374688.854
27.691,7.5251,5.1634,-0.1113,0.3908,0.1152,1788374688.874
27.710,7.5328,5.1625,-0.1090,0.3908,0.1152,1788374688.893
27.730,7.5406,5.1617,-0.1067,0.3908,0.1152,1788374688.913
27.750,7.5484,5.1609,-0.1044,0.3908,0.1152,1788374688.933
27.770,7.5561,5.1601,-0.1021,0.3908,0.1152,1788374688.953
27.790,7.5638,5.1593,-0.1005,0.3862,0.0813,1788374688.973
27.810,7.5715,5.1585,-0.0989,0.3862,0.0813,1788374688.993
27.830,7.5792,5.1578,-0.0972,0.3862,0.0813,1788374689.013
27.850,7.5869,5.1570,-0.0956,0.3862,0.0813,1788374689.033
27.870,7.5946,5.1563,-0.0940,0.3862,0.0813,1788374689.053
27.890,7.6022,5.1556,-0.0933,0.3810,0.0355,1788374689.073
27.910,7.6098,5.1549,-0.0926,0.3810,0.0355,1788374689.093
27.930,7.6174,5.1542,-0.0919,0.3810,0.0355,1788374689.113
27.950,7.6249,5.1535,-0.0912,0.3810,0.0355,1788374689.133
27.970,7.6325,5.1528,-0.0904,0.3810,0.0355,1788374689.153
27.990,7.6402,5.1521,-0.0905,0.3854,-0.0043,1788374689.173
28.010,7.6479,5.1514,-0.0906,0.3854,-0.0043,1788374689.193
28.030,7.6556,5.1507,-0.0907,0.3854,-0.0043,1788374689.213
28.050,7.6632,5.1500,-0.0908,0.3854,-0.0043,1788374689.233
28.070,7.6709,5.1493,-0.0909,0.3854,-0.0043,1788374689.253
28.090,7.6780,5.1487,-0.0919,0.3549,-0.0497,1788374689.273
28.110,7.6850,5.1480,-0.0929,0.3549,-0.0497,1788374689.293
28.130,7.6921,5.1474,-0.0939,0.3549,-0.0497,1788374689.313
28.150,7.6992,5.1467,-0.0949,0.3549,-0.0497,1788374689.333
28.170,7.7062,5.1460,-0.0958,0.3549,-0.0497,1788374689.353
28.190,7.7135,5.1453,-0.0975,0.3627,-0.0822,1788374689.373
28.210,7.7207,5.1446,-0.0991,0.3627,-0.0822,1788374689.393
28.230,7.7279,5.1438,-0.1008,0.3627,-0.0822,1788374689.413
28.250,7.7351,5.1431,-0.1024,0.3627,-0.0822,1788374689.433
28.270,7.7423,5.1424,-0.1041,0.3627,-0.0822,1788374689.453
28.290,7.7496,5.1416,-0.1059,0.3657,-0.0909,1788374689.473
28.310,7.7569,5.1408,-0.1077,0.3657,-0.0909,1788374689.493
28.330,7.7641,5.1400,-0.1095,0.3657,-0.0909,1788374689.513
28.350,7.7714,5.1392,-0.1113,0.3657,-0.0909,1788374689.533
28.370,7.7787,5.1384,-0.1132,0.3657,-0.0909,1788374689.553
28.390,7.7859,5.1375,-0.1151,0.3616,-0.0971,1788374689.573
28.410,7.7931,5.1367,-0.1170,0.3616,-0.0971,1788374689.593
28.430,7.8002,5.1358,-0.1190,0.3616,-0.0971,1788374689.613
28.450,7.8074,5.1349,-0.1209,0.3616,-0.0971,1788374689.633
28.470,7.8146,5.1341,-0.1229,0.3616,-0.0971,1788374689.653
28.490,7.8216,5.1332,-0.1242,0.3547,-0.0651,1788374689.673
28.510,7.8287,5.1323,-0.1255,0.3547,-0.0651,1788374689.693
28.530,7.8357,5.1314,-0.1268,0.3547,-0.0651,1788374689.713
28.550,7.8427,5.1305,-0.1281,0.3547,-0.0651,1788374689.733
28.570,7.8498,5.1296,-0.1294,0.3547,-0.0651,1788374689.753
28.590,7.8565,5.1287,-0.1306,0.3394,-0.0635,1788374689.773
28.610,7.8632,5.1278,-0.1319,0.3394,-0.0635,1788374689.793
28.630,7.8700,5.1269,-0.1332,0.3394,-0.0635,1788374689.813
28.650,7.8767,5.1260,-0.1344,0.3394,-0.0635,1788374689.833
28.671,7.8834,5.1251,-0.1357,0.3394,-0.0635,1788374689.854
28.691,7.8900,5.1242,-0.1362,0.3328,-0.0267,1788374689.874
28.710,7.8966,5.1233,-0.1368,0.3328,-0.0267,1788374689.893
28.730,7.9032,5.1223,-0.1373,0.3328,-0.0267,1788374689.913
28.750,7.9098,5.1214,-0.1379,0.3328,-0.0267,1788374689.933
28.770,7.9164,5.1205,-0.1384,0.3328,-0.0267,1788374689.953
28.790,7.9228,5.1196,-0.1381,0.3251,0.0145,1788374689.973
28.810,7.9293,5.1187,-0.1378,0.3251,0.0145,1788374689.993
28.830,7.9357,5.1178,-0.1375,0.3251,0.0145,1788374690.013
28.850,7.9421,5.1169,-0.1372,0.3251,0.0145,1788374690.033
28.870,7.9486,5.1161,-0.1369,0.3251,0.0145,1788374690.053
28.890,7.9549,5.1152,-0.1362,0.3185,0.0351,1788374690.073
28.910,7.9612,5.1143,-0.1355,0.3185,0.0351,1788374690.093
28.930,7.9675,5.1135,-0.1348,0.3185,0.0351,1788374690.113
28.950,7.9738,5.1126,-0.1341,0.3185,0.0351,1788374690.133
28.970,7.9801,5.1118,-0.1334,0.3185,0.0351,1788374690.153
28.990,7.9864,5.1109,-0.1324,0.3171,0.0506,1788374690.173
29.010,7.9927,5.1101,-0.1314,0.3171,0.0506,1788374690.193
29.030,7.9990,5.1093,-0.1304,0.3171,0.0506,1788374690.213
29.050,8.0053,5.1085,-0.1294,0.3171,0.0506,1788374690.233
29.070,8.0116,5.1077,-0.1284,0.3171,0.0506,1788374690.253
29.090,8.0179,5.1068,-0.1278,0.3202,0.0284,1788374690.273
29.110,8.0243,5.1060,-0.1272,0.3202,0.0284,1788374690.293
29.130,8.0306,5.1052,-0.1267,0.3202,0.0284,1788374690.313
29.150,8.0370,5.1044,-0.1261,0.3202,0.0284,1788374690.333
29.170,8.0434,5.1036,-0.1255,0.3202,0.0284,1788374690.353
29.190,8.0496,5.1028,-0.1254,0.3155,0.0052,1788374690.373
29.210,8.0559,5.1020,-0.1253,0.3155,0.0052,1788374690.393
29.230,8.0621,5.1012,-0.1252,0.3155,0.0052,1788374690.413
29.250,8.0684,5.1005,-0.1251,0.3155,0.0052,1788374690.433
29.270,8.0747,5.0997,-0.1250,0.3155,0.0052,1788374690.453
29.290,8.0808,5.0989,-0.1247,0.3107,0.0172,1788374690.473
29.310,8.0870,5.0981,-0.1243,0.3107,0.0172,1788374690.493
29.330,8.0932,5.0974,-0.1240,0.3107,0.0172,1788374690.513
29.350,8.0993,5.0966,-0.1236,0.3107,0.0172,1788374690.533
29.370,8.1055,5.0958,-0.1233,0.3107,0.0172,1788374690.553
29.390,8.1114,5.0951,-0.1224,0.2996,0.0417,1788374690.573
29.410,8.1174,5.0944,-0.1216,0.2996,0.0417,1788374690.593
29.430,8.1233,5.0936,-0.1208,0.2996,0.0417,1788374690.613
29.450,8.1293,5.0929,-0.1199,0.2996,0.0417,1788374690.633
29.470,8.1352,5.0922,-0.1191,0.2996,0.0417,1788374690.653
29.490,8.1411,5.0915,-0.1189,0.2977,0.0115,1788374690.673
29.510,8.1471,5.0908,-0.1186,0.2977,0.0115,1788374690.693
29.530,8.1530,5.0901,-0.1184,0.2977,0.0115,1788374690.713
29.550,8.1589,5.0894,-0.1182,0.2977,0.0115,1788374690.733
29.570,8.1648,5.0887,-0.1180,0.2977,0.0115,1788374690.753
29.590,8.1706,5.0880,-0.1176,0.2904,0.0162,1788374690.773
29.610,8.1763,5.0873,-0.1173,0.2904,0.0162,1788374690.793
29.630,8.1821,5.0867,-0.1170,0.2904,0.0162,1788374690.813
29.650,8.1879,5.0860,-0.1167,0.2904,0.0162,1788374690.833
29.670,8.1936,5.0853,-0.1163,0.2904,0.0162,1788374690.853
29.690,8.1995,5.0846,-0.1162,0.2939,0.0091,1788374690.873
29.711,8.2053,5.0839,-0.1160,0.2939,0.0091,1788374690.894
29.731,8.2112,5.0833,-0.1158,0.2939,0.0091,1788374690.914
29.750,8.2170,5.0826,-0.1156,0.2939,0.0091,1788374690.934
29.770,8.2228,5.0819,-0.1154,0.2939,0.0091,1788374690.953
29.790,8.2286,5.0812,-0.1155,0.2899,-0.0023,1788374690.973
29.810,8.2344,5.0806,-0.1155,0.2899,-0.0023,1788374690.993
29.830,8.2401,5.0799,-0.1156,0.2899,-0.0023,1788374691.013
29.850,8.2459,5.0792,-0.1156,0.2899,-0.0023,1788374691.033
29.870,8.2516,5.0786,-0.1157,0.2899,-0.0023,1788374691.053
29.890,8.2574,5.0779,-0.1158,0.2877,-0.0077,1788374691.073
29.910,8.2631,5.0772,-0.1160,0.2877,-0.0077,1788374691.093
29.930,8.2688,5.0766,-0.1161,0.2877,-0.0077,1788374691.113
29.950,8.2745,5.0759,-0.1163,0.2877,-0.0077,1788374691.133
29.970,8.2802,5.0752,-0.1164,0.2877,-0.0077,1788374691.153
29.990,8.2858,5.0746,-0.1167,0.2803,-0.0154,1788374691.173
30.010,8.2914,5.0739,-0.1170,0.2803,-0.0154,1788374691.193
30.030,8.2969,5.0733,-0.1173,0.2803,-0.0154,1788374691.213
30.050,8.3025,5.0726,-0.1177,0.2803,-0.0154,1788374691.233
30.070,8.3081,5.0720,-0.1180,0.2803,-0.0154,1788374691.253
30.090,8.3136,5.0713,-0.1186,0.2781,-0.0309,1788374691.273
30.110,8.3191,5.0706,-0.1192,0.2781,-0.0309,1788374691.293
30.130,8.3246,5.0700,-0.1198,0.2781,-0.0309,1788374691.313
30.150,8.3301,5.0693,-0.1204,0.2781,-0.0309,1788374691.333
30.170,8.3357,5.0686,-0.1211,0.2781,-0.0309,1788374691.353
30.190,8.3412,5.0680,-0.1219,0.2772,-0.0431,1788374691.373
30.210,8.3467,5.0673,-0.1228,0.2772,-0.0431,1788374691.393
30.230,8.3522,5.0666,-0.1236,0.2772,-0.0431,1788374691.413
30.250,8.3577,5.0659,-0.1245,0.2772,-0.0431,1788374691.433
30.270,8.3632,5.0652,-0.1254,0.2772,-0.0431,1788374691.453
30.290,8.3685,5.0645,-0.1261,0.2685,-0.0377,1788374691.473
30.310,8.3738,5.0639,-0.1269,0.2685,-0.0377,1788374691.493
30.330,8.3792,5.0632,-0.1276,0.2685,-0.0377,1788374691.513
30.350,8.3845,5.0625,-0.1284,0.2685,-0.0377,1788374691.533
30.370,8.3898,5.0618,-0.1291,0.2685,-0.0377,1788374691.553
30.390,8.3950,5.0611,-0.1299,0.2604,-0.0387,1788374691.573
30.410,8.4001,5.0604,-0.1307,0.2604,-0.0387,1788374691.593
30.430,8.4053,5.0598,-0.1315,0.2604,-0.0387,1788374691.613
30.450,8.4105,5.0591,-0.1322,0.2604,-0.0387,1788374691.633
30.470,8.4156,5.0584,-0.1330,0.2604,-0.0387,1788374691.653
30.490,8.4204,5.0577,-0.1339,0.2417,-0.0433,1788374691.673
30.510,8.4252,5.0571,-0.1347,0.2417,-0.0433,1788374691.693
30.530,8.4300,5.0564,-0.1356,0.2417,-0.0433,1788374691.713
30.550,8.4348,5.0558,-0.1365,0.2417,-0.0433,1788374691.733
30.570,8.4396,5.0551,-0.1373,0.2417,-0.0433,1788374691.753
30.590,8.4440,5.0545,-0.1385,0.2245,-0.0569,1788374691.773
30.610,8.4485,5.0539,-0.1396,0.2245,-0.0569,1788374691.793
30.630,8.4529,5.0532,-0.1408,0.2245,-0.0569,1788374691.813
30.650,8.4574,5.0526,-0.1419,0.2245,-0.0569,1788374691.833
30.670,8.4618,5.0520,-0.1430,0.2245,-0.0569,1788374691.853
30.690,8.4658,5.0514,-0.1443,0.1998,-0.0630,1788374691.873
30.710,8.4697,5.0508,-0.1456,0.1998,-0.0630,1788374691.893
30.731,8.4737,5.0502,-0.1468,0.1998,-0.0630,1788374691.914
30.751,8.4776,5.0496,-0.1481,0.1998,-0.0630,1788374691.934
30.771,8.4816,5.0490,-0.1493,0.1998,-0.0630,1788374691.954
30.790,8.4849,5.0485,-0.1504,0.1702,-0.0522,1788374691.973
30.810,8.4883,5.0480,-0.1514,0.1702,-0.0522,1788374691.993
30.830,8.4917,5.0475,-0.1525,0.1702,-0.0522,1788374692.013
30.850,8.4950,5.0470,-0.1535,0.1702,-0.0522,1788374692.033
30.870,8.4984,5.0465,-0.1546,0.1702,-0.0522,1788374692.053
30.890,8.5013,5.0460,-0.1560,0.1489,-0.0718,1788374692.073
30.910,8.5043,5.0455,-0.1574,0.1489,-0.0718,1788374692.093
30.930,8.5072,5.0451,-0.1589,0.1489,-0.0718,1788374692.113
30.950,8.5102,5.0446,-0.1603,0.1489,-0.0718,1788374692.133
30.970,8.5131,5.0441,-0.1617,0.1489,-0.0718,1788374692.153
30.990,8.5159,5.0436,-0.1623,0.1403,-0.0292,1788374692.173
31.010,8.5186,5.0432,-0.1629,0.1403,-0.0292,1788374692.193
31.030,8.5214,5.0427,-0.1635,0.1403,-0.0292,1788374692.213
31.050,8.5242,5.0423,-0.1641,0.1403,-0.0292,1788374692.233
31.070,8.5269,5.0418,-0.1646,0.1403,-0.0292,1788374692.253
31.090,8.5293,5.0414,-0.1655,0.1189,-0.0407,1788374692.273
31.110,8.5316,5.0410,-0.1663,0.1189,-0.0407,1788374692.293
31.130,8.5340,5.0406,-0.1671,0.1189,-0.0407,1788374692.313
31.150,8.5363,5.0402,-0.1679,0.1189,-0.0407,1788374692.333
31.170,8.5387,5.0398,-0.1687,0.1189,-0.0407,1788374692.353
31.190,8.5407,5.0395,-0.1696,0.1026,-0.0448,1788374692.373
31.210,8.5427,5.0391,-0.1705,0.1026,-0.0448,1788374692.393
31.230,8.5447,5.0388,-0.1714,0.1026,-0.0448,1788374692.413
31.250,8.5468,5.0384,-0.1723,0.1026,-0.0448,1788374692.433
31.270,8.5488,5.0381,-0.1732,0.1026,-0.0448,1788374692.453
31.290,8.5505,5.0378,-0.1743,0.0851,-0.0540,1788374692.473
31.310,8.5521,5.0375,-0.1754,0.0851,-0.0540,1788374692.493
31.330,8.5538,5.0372,-0.1764,0.0851,-0.0540,1788374692.513
31.350,8.5555,5.0369,-0.1775,0.0851,-0.0540,1788374692.533
31.370,8.5572,5.0366,-0.1786,0.0851,-0.0540,1788374692.553
31.391,8.5572,5.0366,-0.1786,0.0000,0.0000,1788374692.574
31.411,8.5572,5.0366,-0.1786,0.0000,0.0000,1788374692.594
31.431,8.5572,5.0366,-0.1786,0.0000,0.0000,1788374692.614
31.451,8.5572,5.0366,-0.1786,0.0000,0.0000,1788374692.634
31.471,8.5572,5.0366,-0.1786,0.0000,0.0000,1788374692.654
31.491,8.5572,5.0366,-0.1786,0.0000,0.0000,1788374692.674
31.511,8.5572,5.0366,-0.1786,0.0000,0.0000,1788374692.694
31.531,8.5572,5.0366,-0.1786,0.0000,0.0000,1788374692.714
31.550,8.5572,5.0366,-0.1786,0.0000,0.0000,1788374692.733
31.570,8.5572,5.0366,-0.1786,0.0000,0.0000,1788374692.753
31.590,8.5572,5.0366,-0.1786,0.0000,0.0000,1788374692.773
31.610,8.5572,5.0366,-0.1786,0.0000,0.0000,1788374692.793
31.631,8.5572,5.0366,-0.1786,0.0000,0.0000,1788374692.814
31.651,8.5572,5.0366,-0.1786,0.0000,0.0000,1788374692.834
31.670,8.5572,5.0366,-0.1786,0.0000,0.0000,1788374692.853
31.690,8.5572,5.0366,-0.1786,0.0000,0.0000,1788374692.873
31.710,8.5572,5.0366,-0.1786,0.0000,0.0000,1788374692.893
31.730,8.5572,5.0366,-0.1786,0.0000,0.0000,1788374692.913
31.750,8.5572,5.0366,-0.1786,0.0000,0.0000,1788374692.933
31.771,8.5572,5.0366,-0.1786,0.0000,0.0000,1788374692.954
31.791,8.5572,5.0366,-0.1786,0.0000,0.0000,1788374692.974
31.811,8.5572,5.0366,-0.1786,0.0000,0.0000,1788374692.994
31.830,8.5572,5.0366,-0.1786,0.0000,0.0000,1788374693.013
31.850,8.5572,5.0366,-0.1786,0.0000,0.0000,1788374693.033
31.870,8.5572,5.0366,-0.1786,0.0000,0.0000,1788374693.053
31.890,8.5572,5.0366,-0.1786,0.0000,0.0000,1788374693.073
31.910,8.5572,5.0366,-0.1786,0.0000,0.0000,1788374693.093
31.930,8.5572,5.0366,-0.1786,0.0000,0.0000,1788374693.113
31.950,8.5572,5.0366,-0.1786,0.0000,0.0000,1788374693.133
31.970,8.5572,5.0366,-0.1786,0.0000,0.0000,1788374693.153
31.990,8.5572,5.0366,-0.1786,0.0000,0.0000,1788374693.173
32.010,8.5572,5.0366,-0.1786,0.0000,0.0000,1788374693.193
32.030,8.5572,5.0366,-0.1786,0.0000,0.0000,1788374693.213
32.050,8.5572,5.0366,-0.1786,0.0000,0.0000,1788374693.233
32.070,8.5572,5.0366,-0.1786,0.0000,0.0000,1788374693.253
32.090,8.5572,5.0366,-0.1786,0.0000,0.0000,1788374693.273
32.110,8.5572,5.0366,-0.1786,0.0000,0.0000,1788374693.293
32.130,8.5572,5.0366,-0.1786,0.0000,0.0000,1788374693.313
32.150,8.5572,5.0366,-0.1786,0.0000,0.0000,1788374693.333
32.170,8.5572,5.0366,-0.1786,0.0000,0.0000,1788374693.353
32.190,8.5572,5.0366,-0.1786,0.0000,0.0000,1788374693.373
32.210,8.5572,5.0366,-0.1786,0.0000,0.0000,1788374693.393
32.230,8.5572,5.0366,-0.1786,0.0000,0.0000,1788374693.413
32.250,8.5572,5.0366,-0.1786,0.0000,0.0000,1788374693.433
32.270,8.5572,5.0366,-0.1786,0.0000,0.0000,1788374693.453
32.290,8.5572,5.0366,-0.1786,0.0000,0.0000,1788374693.473
32.310,8.5572,5.0366,-0.1786,0.0000,0.0000,1788374693.493
32.330,8.5572,5.0366,-0.1786,0.0000,0.0000,1788374693.513
32.350,8.5572,5.0366,-0.1786,0.0000,0.0000,1788374693.533
32.370,8.5572,5.0366,-0.1786,0.0000,0.0000,1788374693.553
32.390,8.5572,5.0366,-0.1786,0.0000,0.0000,1788374693.573
32.410,8.5572,5.0366,-0.1786,0.0000,0.0000,1788374693.593
32.430,8.5572,5.0366,-0.1786,0.0000,0.0000,1788374693.613
32.450,8.5572,5.0366,-0.1786,0.0000,0.0000,1788374693.633
32.470,8.5572,5.0366,-0.1786,0.0000,0.0000,1788374693.653
32.490,8.5572,5.0366,-0.1786,0.0000,0.0000,1788374693.673
32.510,8.5572,5.0366,-0.1786,0.0000,0.0000,1788374693.693
32.530,8.5572,5.0366,-0.1786,0.0000,0.0000,1788374693.713
32.550,8.5572,5.0366,-0.1786,0.0000,0.0000,1788374693.733
32.570,8.5572,5.0366,-0.1786,0.0000,0.0000,1788374693.753
32.590,8.5572,5.0366,-0.1786,0.0000,0.0000,1788374693.773
32.610,8.5572,5.0366,-0.1786,0.0000,0.0000,1788374693.793
32.630,8.5572,5.0366,-0.1786,0.0000,0.0000,1788374693.813
32.650,8.5572,5.0366,-0.1786,0.0000,0.0000,1788374693.833
32.670,8.5572,5.0366,-0.1786,0.0000,0.0000,1788374693.853
32.690,8.5572,5.0366,-0.1786,0.0000,0.0000,1788374693.873
32.710,8.5572,5.0366,-0.1786,0.0000,0.0000,1788374693.893
32.730,8.5572,5.0366,-0.1786,0.0000,0.0000,1788374693.913
32.750,8.5572,5.0366,-0.1786,0.0000,0.0000,1788374693.933
32.770,8.5572,5.0366,-0.1786,0.0000,0.0000,1788374693.953
32.790,8.5572,5.0366,-0.1786,0.0000,0.0000,1788374693.973
32.811,8.5572,5.0366,-0.1786,0.0000,0.0000,1788374693.994
32.831,8.5572,5.0366,-0.1786,0.0000,0.0000,1788374694.014
32.850,8.5572,5.0366,-0.1786,0.0000,0.0000,1788374694.033
32.870,8.5572,5.0366,-0.1786,0.0000,0.0000,1788374694.053
32.890,8.5572,5.0366,-0.1786,0.0000,0.0000,1788374694.073
32.910,8.5572,5.0366,-0.1786,0.0000,0.0000,1788374694.093
32.930,8.5572,5.0366,-0.1786,0.0000,0.0000,1788374694.113
32.950,8.5572,5.0366,-0.1786,0.0000,0.0000,1788374694.133
32.970,8.5572,5.0366,-0.1786,0.0000,0.0000,1788374694.153
32.990,8.5572,5.0366,-0.1786,0.0000,0.0000,1788374694.173
33.010,8.5572,5.0366,-0.1786,0.0000,0.0000,1788374694.193
33.030,8.5572,5.0366,-0.1786,0.0000,0.0000,1788374694.213
33.050,8.5572,5.0366,-0.1786,0.0000,0.0000,1788374694.233
33.070,8.5572,5.0366,-0.1786,0.0000,0.0000,1788374694.253
33.090,8.5572,5.0366,-0.1786,0.0000,0.0000,1788374694.273
33.110,8.5572,5.0366,-0.1786,0.0000,0.0000,1788374694.293
33.130,8.5572,5.0366,-0.1786,0.0000,0.0000,1788374694.313
33.150,8.5572,5.0366,-0.1786,0.0000,0.0000,1788374694.333
33.170,8.5572,5.0366,-0.1786,0.0000,0.0000,1788374694.353
33.190,8.5572,5.0366,-0.1786,0.0000,0.0000,1788374694.373
33.210,8.5572,5.0366,-0.1786,0.0000,0.0000,1788374694.393
33.230,8.5572,5.0366,-0.1786,0.0000,0.0000,1788374694.413
33.250,8.5572,5.0366,-0.1786,0.0000,0.0000,1788374694.433
33.270,8.5572,5.0366,-0.1786,0.0000,0.0000,1788374694.453
33.290,8.5572,5.0366,-0.1786,0.0000,0.0000,1788374694.473
33.310,8.5572,5.0366,-0.1786,0.0000,0.0000,1788374694.493
33.330,8.5572,5.0366,-0.1786,0.0000,0.0000,1788374694.513
33.350,8.5572,5.0366,-0.1786,0.0000,0.0000,1788374694.533
33.370,8.5572,5.0366,-0.1786,0.0000,0.0000,1788374694.553
33.390,8.5572,5.0366,-0.1786,0.0000,0.0000,1788374694.573
33.410,8.5572,5.0366,-0.1786,0.0000,0.0000,1788374694.593
33.430,8.5572,5.0366,-0.1786,0.0000,0.0000,1788374694.613
33.450,8.5572,5.0366,-0.1786,0.0000,0.0000,1788374694.633
33.470,8.5572,5.0366,-0.1786,0.0000,0.0000,1788374694.653
33.490,8.5572,5.0366,-0.1786,0.0000,0.0000,1788374694.673
33.510,8.5572,5.0366,-0.1786,0.0000,0.0000,1788374694.693
33.530,8.5572,5.0366,-0.1786,0.0000,0.0000,1788374694.713
33.550,8.5572,5.0366,-0.1786,0.0000,0.0000,1788374694.733
33.570,8.5572,5.0366,-0.1786,0.0000,0.0000,1788374694.753
33.590,8.5572,5.0366,-0.1786,0.0000,0.0000,1788374694.773
33.610,8.5572,5.0366,-0.1786,0.0000,0.0000,1788374694.793
33.630,8.5572,5.0366,-0.1786,0.0000,0.0000,1788374694.813
33.650,8.5572,5.0366,-0.1786,0.0000,0.0000,1788374694.833
33.670,8.5572,5.0366,-0.1786,0.0000,0.0000,1788374694.853
33.690,8.5572,5.0366,-0.1786,0.0000,0.0000,1788374694.873
33.710,8.5572,5.0366,-0.1786,0.0000,0.0000,1788374694.893
33.730,8.5572,5.0366,-0.1786,0.0000,0.0000,1788374694.913
33.750,8.5572,5.0366,-0.1786,0.0000,0.0000,1788374694.933
33.770,8.5572,5.0366,-0.1786,0.0000,0.0000,1788374694.953
33.790,8.5572,5.0366,-0.1786,0.0000,0.0000,1788374694.973
33.810,8.5572,5.0366,-0.1786,0.0000,0.0000,1788374694.993
33.831,8.5572,5.0366,-0.1786,0.0000,0.0000,1788374695.014
33.851,8.5572,5.0366,-0.1786,0.0000,0.0000,1788374695.034
33.871,8.5572,5.0366,-0.1786,0.0000,0.0000,1788374695.054
33.890,8.5572,5.0366,-0.1786,0.0000,0.0000,1788374695.073
33.910,8.5572,5.0366,-0.1786,0.0000,0.0000,1788374695.093
33.930,8.5572,5.0366,-0.1786,0.0000,0.0000,1788374695.113
33.950,8.5572,5.0366,-0.1786,0.0000,0.0000,1788374695.133
33.970,8.5572,5.0366,-0.1786,0.0000,0.0000,1788374695.153
33.990,8.5572,5.0366,-0.1786,0.0000,0.0000,1788374695.173
34.010,8.5572,5.0366,-0.1786,0.0000,0.0000,1788374695.193
34.030,8.5572,5.0366,-0.1786,0.0000,0.0000,1788374695.213
34.050,8.5572,5.0366,-0.1786,0.0000,0.0000,1788374695.233
34.070,8.5572,5.0366,-0.1786,0.0000,0.0000,1788374695.253
34.090,8.5572,5.0366,-0.1786,0.0000,0.0000,1788374695.273
34.110,8.5572,5.0366,-0.1786,0.0000,0.0000,1788374695.293
34.130,8.5572,5.0366,-0.1786,0.0000,0.0000,1788374695.313
34.150,8.5572,5.0366,-0.1786,0.0000,0.0000,1788374695.333
34.170,8.5572,5.0366,-0.1786,0.0000,0.0000,1788374695.353
34.190,8.5572,5.0366,-0.1786,0.0000,0.0000,1788374695.373
34.210,8.5572,5.0366,-0.1786,0.0000,0.0000,1788374695.393
34.230,8.5572,5.0366,-0.1786,0.0000,0.0000,1788374695.413
34.250,8.5572,5.0366,-0.1786,0.0000,0.0000,1788374695.433
34.270,8.5572,5.0366,-0.1786,0.0000,0.0000,1788374695.453
34.290,8.5572,5.0366,-0.1786,0.0000,0.0000,1788374695.473
34.310,8.5572,5.0366,-0.1786,0.0000,0.0000,1788374695.493
34.330,8.5572,5.0366,-0.1786,0.0000,0.0000,1788374695.513
34.350,8.5572,5.0366,-0.1786,0.0000,0.0000,1788374695.533
34.370,8.5572,5.0366,-0.1786,0.0000,0.0000,1788374695.553
34.390,8.5572,5.0366,-0.1786,0.0000,0.0000,1788374695.573
34.410,8.5572,5.0366,-0.1786,0.0000,0.0000,1788374695.593
34.430,8.5572,5.0366,-0.1786,0.0000,0.0000,1788374695.613
34.450,8.5572,5.0366,-0.1786,0.0000,0.0000,1788374695.633
34.470,8.5572,5.0366,-0.1786,0.0000,0.0000,1788374695.653
34.490,8.5572,5.0366,-0.1786,0.0000,0.0000,1788374695.673
34.510,8.5572,5.0366,-0.1786,0.0000,0.0000,1788374695.693
34.530,8.5572,5.0366,-0.1786,0.0000,0.0000,1788374695.713
34.550,8.5572,5.0366,-0.1786,0.0000,0.0000,1788374695.733
34.570,8.5572,5.0366,-0.1786,0.0000,0.0000,1788374695.753
34.590,8.5572,5.0366,-0.1786,0.0000,0.0000,1788374695.773
34.610,8.5572,5.0366,-0.1786,0.0000,0.0000,1788374695.793
34.630,8.5572,5.0366,-0.1786,0.0000,0.0000,1788374695.813
34.650,8.5572,5.0366,-0.1786,0.0000,0.0000,1788374695.833
34.670,8.5572,5.0366,-0.1786,0.0000,0.0000,1788374695.853
34.690,8.5572,5.0366,-0.1786,0.0000,0.0000,1788374695.873
34.710,8.5572,5.0366,-0.1786,0.0000,0.0000,1788374695.893
34.730,8.5572,5.0366,-0.1786,0.0000,0.0000,1788374695.913
34.750,8.5572,5.0366,-0.1786,0.0000,0.0000,1788374695.933
34.770,8.5572,5.0366,-0.1786,0.0000,0.0000,1788374695.953
34.790,8.5572,5.0366,-0.1786,0.0000,0.0000,1788374695.973
34.810,8.5572,5.0366,-0.1786,0.0000,0.0000,1788374695.993
34.830,8.5572,5.0366,-0.1786,0.0000,0.0000,1788374696.013
34.850,8.5572,5.0366,-0.1786,0.0000,0.0000,1788374696.033
34.871,8.5572,5.0366,-0.1786,0.0000,0.0000,1788374696.054
34.891,8.5572,5.0366,-0.1786,0.0000,0.0000,1788374696.074
34.911,8.5572,5.0366,-0.1786,0.0000,0.0000,1788374696.094
34.930,8.5572,5.0366,-0.1786,0.0000,0.0000,1788374696.113
34.950,8.5572,5.0366,-0.1786,0.0000,0.0000,1788374696.133
34.970,8.5572,5.0366,-0.1786,0.0000,0.0000,1788374696.153
34.990,8.5572,5.0366,-0.1786,0.0000,0.0000,1788374696.173
35.010,8.5572,5.0366,-0.1786,0.0000,0.0000,1788374696.193
35.030,8.5572,5.0366,-0.1786,0.0000,0.0000,1788374696.213
35.050,8.5572,5.0366,-0.1786,0.0000,0.0000,1788374696.233
35.070,8.5572,5.0366,-0.1786,0.0000,0.0000,1788374696.253
35.090,8.5572,5.0366,-0.1786,0.0000,0.0000,1788374696.273
35.110,8.5572,5.0366,-0.1786,0.0000,0.0000,1788374696.293
35.130,8.5572,5.0366,-0.1786,0.0000,0.0000,1788374696.313
35.150,8.5572,5.0366,-0.1786,0.0000,0.0000,1788374696.333
35.170,8.5572,5.0366,-0.1786,0.0000,0.0000,1788374696.353
35.190,8.5572,5.0366,-0.1786,0.0000,0.0000,1788374696.373
35.210,8.5572,5.0366,-0.1786,0.0000,0.0000,1788374696.393
35.230,8.5572,5.0366,-0.1786,0.0000,0.0000,1788374696.413
35.250,8.5572,5.0366,-0.1786,0.0000,0.0000,1788374696.433
35.270,8.5572,5.0366,-0.1786,0.0000,0.0000,1788374696.453
35.290,8.5572,5.0366,-0.1786,0.0000,0.0000,1788374696.473
35.310,8.5572,5.0366,-0.1786,0.0000,0.0000,1788374696.493
35.330,8.5572,5.0366,-0.1786,0.0000,0.0000,1788374696.513
35.350,8.5572,5.0366,-0.1786,0.0000,0.0000,1788374696.533
35.370,8.5572,5.0366,-0.1786,0.0000,0.0000,1788374696.553
35.390,8.5572,5.0366,-0.1786,0.0000,0.0000,1788374696.573
35.410,8.5572,5.0366,-0.1786,0.0000,0.0000,1788374696.593
35.430,8.5572,5.0366,-0.1786,0.0000,0.0000,1788374696.613
35.450,8.5572,5.0366,-0.1786,0.0000,0.0000,1788374696.633
35.470,8.5572,5.0366,-0.1786,0.0000,0.0000,1788374696.653
35.490,8.5572,5.0366,-0.1786,0.0000,0.0000,1788374696.673
35.510,8.5572,5.0366,-0.1786,0.0000,0.0000,1788374696.693
35.530,8.5572,5.0366,-0.1786,0.0000,0.0000,1788374696.713
35.550,8.5572,5.0366,-0.1786,0.0000,0.0000,1788374696.733
35.570,8.5572,5.0366,-0.1786,0.0000,0.0000,1788374696.753
35.590,8.5572,5.0366,-0.1786,0.0000,0.0000,1788374696.773
35.610,8.5572,5.0366,-0.1786,0.0000,0.0000,1788374696.793
35.630,8.5572,5.0366,-0.1786,0.0000,0.0000,1788374696.813
35.650,8.5572,5.0366,-0.1786,0.0000,0.0000,1788374696.833
35.670,8.5572,5.0366,-0.1786,0.0000,0.0000,1788374696.853
35.690,8.5572,5.0366,-0.1786,0.0000,0.0000,1788374696.873
35.710,8.5572,5.0366,-0.1786,0.0000,0.0000,1788374696.893
35.730,8.5572,5.0366,-0.1786,0.0000,0.0000,1788374696.913
35.750,8.5572,5.0366,-0.1786,0.0000,0.0000,1788374696.933
35.770,8.5572,5.0366,-0.1786,0.0000,0.0000,1788374696.953
35.790,8.5572,5.0366,-0.1786,0.0000,0.0000,1788374696.973
35.810,8.5572,5.0366,-0.1786,0.0000,0.0000,1788374696.993
35.830,8.5572,5.0366,-0.1786,0.0000,0.0000,1788374697.013
35.850,8.5572,5.0366,-0.1786,0.0000,0.0000,1788374697.033
35.870,8.5572,5.0366,-0.1786,0.0000,0.0000,1788374697.053
35.890,8.5572,5.0366,-0.1786,0.0000,0.0000,1788374697.073
35.911,8.5572,5.0366,-0.1786,0.0000,0.0000,1788374697.094
35.931,8.5572,5.0366,-0.1786,0.0000,0.0000,1788374697.114
35.951,8.5572,5.0366,-0.1786,0.0000,0.0000,1788374697.134
35.970,8.5572,5.0366,-0.1786,0.0000,0.0000,1788374697.153
35.990,8.5572,5.0366,-0.1786,0.0000,0.0000,1788374697.173
36.010,8.5572,5.0366,-0.1786,0.0000,0.0000,1788374697.193
36.030,8.5572,5.0366,-0.1786,0.0000,0.0000,1788374697.213
36.050,8.5572,5.0366,-0.1786,0.0000,0.0000,1788374697.233
36.070,8.5572,5.0366,-0.1786,0.0000,0.0000,1788374697.253
36.090,8.5572,5.0366,-0.1786,0.0000,0.0000,1788374697.273
36.110,8.5572,5.0366,-0.1786,0.0000,0.0000,1788374697.293
36.130,8.5572,5.0366,-0.1786,0.0000,0.0000,1788374697.313
36.150,8.5572,5.0366,-0.1786,0.0000,0.0000,1788374697.333
36.170,8.5572,5.0366,-0.1786,0.0000,0.0000,1788374697.353
36.190,8.5572,5.0366,-0.1786,0.0000,0.0000,1788374697.373
36.210,8.5572,5.0366,-0.1786,0.0000,0.0000,1788374697.393
36.230,8.5572,5.0366,-0.1786,0.0000,0.0000,1788374697.413
36.250,8.5572,5.0366,-0.1786,0.0000,0.0000,1788374697.433
36.270,8.5572,5.0366,-0.1786,0.0000,0.0000,1788374697.453
36.290,8.5572,5.0366,-0.1786,0.0000,0.0000,1788374697.473
36.310,8.5572,5.0366,-0.1786,0.0000,0.0000,1788374697.493
36.330,8.5572,5.0366,-0.1786,0.0000,0.0000,1788374697.513
36.350,8.5572,5.0366,-0.1786,0.0000,0.0000,1788374697.533
36.370,8.5572,5.0366,-0.1786,0.0000,0.0000,1788374697.553
36.390,8.5572,5.0366,-0.1786,0.0000,0.0000,1788374697.573
36.410,8.5572,5.0366,-0.1786,0.0000,0.0000,1788374697.593
36.430,8.5572,5.0366,-0.1786,0.0000,0.0000,1788374697.613
36.450,8.5572,5.0366,-0.1786,0.0000,0.0000,1788374697.633
36.470,8.5572,5.0366,-0.1786,0.0000,0.0000,1788374697.653
36.490,8.5572,5.0366,-0.1786,0.0000,0.0000,1788374697.673
36.510,8.5572,5.0366,-0.1786,0.0000,0.0000,1788374697.693
36.530,8.5572,5.0366,-0.1786,0.0000,0.0000,1788374697.713
36.550,8.5572,5.0366,-0.1786,0.0000,0.0000,1788374697.733
36.570,8.5572,5.0366,-0.1786,0.0000,0.0000,1788374697.753
36.590,8.5572,5.0366,-0.1786,0.0000,0.0000,1788374697.773
36.610,8.5572,5.0366,-0.1786,0.0000,0.0000,1788374697.793
36.630,8.5572,5.0366,-0.1786,0.0000,0.0000,1788374697.813
36.650,8.5572,5.0366,-0.1786,0.0000,0.0000,1788374697.833
36.670,8.5572,5.0366,-0.1786,0.0000,0.0000,1788374697.853
36.690,8.5572,5.0366,-0.1786,0.0000,0.0000,1788374697.873
36.710,8.5572,5.0366,-0.1786,0.0000,0.0000,1788374697.893
36.730,8.5572,5.0366,-0.1786,0.0000,0.0000,1788374697.913
36.750,8.5572,5.0366,-0.1786,0.0000,0.0000,1788374697.933
36.770,8.5572,5.0366,-0.1786,0.0000,0.0000,1788374697.953
36.790,8.5572,5.0366,-0.1786,0.0000,0.0000,1788374697.973
36.810,8.5572,5.0366,-0.1786,0.0000,0.0000,1788374697.993
36.830,8.5572,5.0366,-0.1786,0.0000,0.0000,1788374698.013
36.850,8.5572,5.0366,-0.1786,0.0000,0.0000,1788374698.033
36.870,8.5572,5.0366,-0.1786,0.0000,0.0000,1788374698.053
36.890,8.5572,5.0366,-0.1786,0.0000,0.0000,1788374698.073
36.910,8.5572,5.0366,-0.1786,0.0000,0.0000,1788374698.093
36.931,8.5572,5.0366,-0.1786,0.0000,0.0000,1788374698.114
36.951,8.5572,5.0366,-0.1786,0.0000,0.0000,1788374698.134
36.971,8.5572,5.0366,-0.1786,0.0000,0.0000,1788374698.154
36.990,8.5572,5.0366,-0.1786,0.0000,0.0000,1788374698.173
37.010,8.5572,5.0366,-0.1786,0.0000,0.0000,1788374698.193
37.030,8.5572,5.0366,-0.1786,0.0000,0.0000,1788374698.213
37.050,8.5572,5.0366,-0.1786,0.0000,0.0000,1788374698.233
37.070,8.5572,5.0366,-0.1786,0.0000,0.0000,1788374698.253
37.090,8.5572,5.0366,-0.1786,0.0000,0.0000,1788374698.273
37.110,8.5572,5.0366,-0.1786,0.0000,0.0000,1788374698.293
37.130,8.5572,5.0366,-0.1786,0.0000,0.0000,1788374698.313
37.150,8.5572,5.0366,-0.1786,0.0000,0.0000,1788374698.333
37.170,8.5572,5.0366,-0.1786,0.0000,0.0000,1788374698.353
37.190,8.5572,5.0366,-0.1786,0.0000,0.0000,1788374698.373
37.210,8.5572,5.0366,-0.1786,0.0000,0.0000,1788374698.393
37.230,8.5572,5.0366,-0.1786,0.0000,0.0000,1788374698.413
37.250,8.5572,5.0366,-0.1786,0.0000,0.0000,1788374698.433
37.270,8.5572,5.0366,-0.1786,0.0000,0.0000,1788374698.453
37.290,8.5572,5.0366,-0.1786,0.0000,0.0000,1788374698.473
37.310,8.5572,5.0366,-0.1786,0.0000,0.0000,1788374698.493
37.330,8.5572,5.0366,-0.1786,0.0000,0.0000,1788374698.513
37.350,8.5572,5.0366,-0.1786,0.0000,0.0000,1788374698.533
37.370,8.5572,5.0366,-0.1786,0.0000,0.0000,1788374698.553
37.390,8.5572,5.0366,-0.1786,0.0000,0.0000,1788374698.573
37.410,8.5572,5.0366,-0.1786,0.0000,0.0000,1788374698.593
37.430,8.5572,5.0366,-0.1786,0.0000,0.0000,1788374698.613
37.450,8.5572,5.0366,-0.1786,0.0000,0.0000,1788374698.633
37.470,8.5572,5.0366,-0.1786,0.0000,0.0000,1788374698.653
37.490,8.5572,5.0366,-0.1786,0.0000,0.0000,1788374698.673
37.510,8.5572,5.0366,-0.1786,0.0000,0.0000,1788374698.693
37.530,8.5572,5.0366,-0.1786,0.0000,0.0000,1788374698.713
37.550,8.5572,5.0366,-0.1786,0.0000,0.0000,1788374698.733
37.570,8.5572,5.0366,-0.1786,0.0000,0.0000,1788374698.753
37.590,8.5572,5.0366,-0.1786,0.0000,0.0000,1788374698.773
37.610,8.5572,5.0366,-0.1786,0.0000,0.0000,1788374698.793
37.630,8.5572,5.0366,-0.1786,0.0000,0.0000,1788374698.813
37.650,8.5572,5.0366,-0.1786,0.0000,0.0000,1788374698.833
37.670,8.5572,5.0366,-0.1786,0.0000,0.0000,1788374698.853
37.690,8.5572,5.0366,-0.1786,0.0000,0.0000,1788374698.873
37.710,8.5572,5.0366,-0.1786,0.0000,0.0000,1788374698.893
37.730,8.5572,5.0366,-0.1786,0.0000,0.0000,1788374698.913
37.750,8.5572,5.0366,-0.1786,0.0000,0.0000,1788374698.933
37.770,8.5572,5.0366,-0.1786,0.0000,0.0000,1788374698.953
37.790,8.5572,5.0366,-0.1786,0.0000,0.0000,1788374698.973
37.810,8.5572,5.0366,-0.1786,0.0000,0.0000,1788374698.993
37.830,8.5572,5.0366,-0.1786,0.0000,0.0000,1788374699.013
37.850,8.5572,5.0366,-0.1786,0.0000,0.0000,1788374699.033
37.870,8.5572,5.0366,-0.1786,0.0000,0.0000,1788374699.053
37.890,8.5572,5.0366,-0.1786,0.0000,0.0000,1788374699.073
37.910,8.5572,5.0366,-0.1786,0.0000,0.0000,1788374699.093
37.930,8.5572,5.0366,-0.1786,0.0000,0.0000,1788374699.113
37.950,8.5572,5.0366,-0.1786,0.0000,0.0000,1788374699.133
37.971,8.5572,5.0366,-0.1786,0.0000,0.0000,1788374699.154
37.991,8.5572,5.0366,-0.1786,0.0000,0.0000,1788374699.174
38.010,8.5572,5.0366,-0.1786,0.0000,0.0000,1788374699.193
38.030,8.5572,5.0366,-0.1786,0.0000,0.0000,1788374699.213
38.050,8.5572,5.0366,-0.1786,0.0000,0.0000,1788374699.233
38.070,8.5572,5.0366,-0.1786,0.0000,0.0000,1788374699.253
38.090,8.5572,5.0366,-0.1786,0.0000,0.0000,1788374699.273
38.110,8.5572,5.0366,-0.1786,0.0000,0.0000,1788374699.293
38.130,8.5572,5.0366,-0.1786,0.0000,0.0000,1788374699.313
38.150,8.5572,5.0366,-0.1786,0.0000,0.0000,1788374699.333
38.170,8.5572,5.0366,-0.1786,0.0000,0.0000,1788374699.353
38.190,8.5572,5.0366,-0.1786,0.0000,0.0000,1788374699.373
38.210,8.5572,5.0366,-0.1786,0.0000,0.0000,1788374699.393
38.230,8.5572,5.0366,-0.1786,0.0000,0.0000,1788374699.413
38.250,8.5572,5.0366,-0.1786,0.0000,0.0000,1788374699.433
38.270,8.5572,5.0366,-0.1786,0.0000,0.0000,1788374699.453
38.290,8.5572,5.0366,-0.1786,0.0000,0.0000,1788374699.473
38.310,8.5572,5.0366,-0.1786,0.0000,0.0000,1788374699.493
38.330,8.5572,5.0366,-0.1786,0.0000,0.0000,1788374699.513
38.350,8.5572,5.0366,-0.1786,0.0000,0.0000,1788374699.533
38.370,8.5572,5.0366,-0.1786,0.0000,0.0000,1788374699.553
38.390,8.5572,5.0366,-0.1786,0.0000,0.0000,1788374699.573
38.410,8.5572,5.0366,-0.1786,0.0000,0.0000,1788374699.593
38.430,8.5572,5.0366,-0.1786,0.0000,0.0000,1788374699.613
38.450,8.5572,5.0366,-0.1786,0.0000,0.0000,1788374699.633
38.470,8.5572,5.0366,-0.1786,0.0000,0.0000,1788374699.653
38.490,8.5572,5.0366,-0.1786,0.0000,0.0000,1788374699.673
38.510,8.5572,5.0366,-0.1786,0.0000,0.0000,1788374699.693
38.530,8.5572,5.0366,-0.1786,0.0000,0.0000,1788374699.713
38.550,8.5572,5.0366,-0.1786,0.0000,0.0000,1788374699.733
38.570,8.5572,5.0366,-0.1786,0.0000,0.0000,1788374699.753
38.590,8.5572,5.0366,-0.1786,0.0000,0.0000,1788374699.773
38.610,8.5572,5.0366,-0.1786,0.0000,0.0000,1788374699.793
38.630,8.5572,5.0366,-0.1786,0.0000,0.0000,1788374699.813
38.650,8.5572,5.0366,-0.1786,0.0000,0.0000,1788374699.833
38.670,8.5572,5.0366,-0.1786,0.0000,0.0000,1788374699.853
38.690,8.5572,5.0366,-0.1786,0.0000,0.0000,1788374699.873
38.710,8.5572,5.0366,-0.1786,0.0000,0.0000,1788374699.893
38.730,8.5572,5.0366,-0.1786,0.0000,0.0000,1788374699.913
38.750,8.5572,5.0366,-0.1786,0.0000,0.0000,1788374699.933
38.770,8.5572,5.0366,-0.1786,0.0000,0.0000,1788374699.953
38.790,8.5572,5.0366,-0.1786,0.0000,0.0000,1788374699.973
38.810,8.5572,5.0366,-0.1786,0.0000,0.0000,1788374699.993
38.830,8.5572,5.0366,-0.1786,0.0000,0.0000,1788374700.013
38.850,8.5572,5.0366,-0.1786,0.0000,0.0000,1788374700.033
38.870,8.5572,5.0366,-0.1786,0.0000,0.0000,1788374700.053
38.890,8.5572,5.0366,-0.1786,0.0000,0.0000,1788374700.073
38.910,8.5572,5.0366,-0.1786,0.0000,0.0000,1788374700.093
38.930,8.5572,5.0366,-0.1786,0.0000,0.0000,1788374700.113
38.950,8.5572,5.0366,-0.1786,0.0000,0.0000,1788374700.133
38.970,8.5572,5.0366,-0.1786,0.0000,0.0000,1788374700.153
38.991,8.5572,5.0366,-0.1786,0.0000,0.0000,1788374700.174
39.011,8.5572,5.0366,-0.1786,0.0000,0.0000,1788374700.194
39.031,8.5572,5.0366,-0.1786,0.0000,0.0000,1788374700.214
39.050,8.5572,5.0366,-0.1786,0.0000,0.0000,1788374700.234
39.070,8.5572,5.0366,-0.1786,0.0000,0.0000,1788374700.253
39.090,8.5572,5.0366,-0.1786,0.0000,0.0000,1788374700.273
39.110,8.5572,5.0366,-0.1786,0.0000,0.0000,1788374700.293
39.130,8.5572,5.0366,-0.1786,0.0000,0.0000,1788374700.313
39.150,8.5572,5.0366,-0.1786,0.0000,0.0000,1788374700.333
39.170,8.5572,5.0366,-0.1786,0.0000,0.0000,1788374700.353
39.190,8.5572,5.0366,-0.1786,0.0000,0.0000,1788374700.373
39.210,8.5572,5.0366,-0.1786,0.0000,0.0000,1788374700.393
39.230,8.5572,5.0366,-0.1786,0.0000,0.0000,1788374700.413
39.250,8.5572,5.0366,-0.1786,0.0000,0.0000,1788374700.433
39.270,8.5572,5.0366,-0.1786,0.0000,0.0000,1788374700.453
39.290,8.5572,5.0366,-0.1786,0.0000,0.0000,1788374700.473
39.310,8.5572,5.0366,-0.1786,0.0000,0.0000,1788374700.493
39.330,8.5572,5.0366,-0.1786,0.0000,0.0000,1788374700.513
39.350,8.5572,5.0366,-0.1786,0.0000,0.0000,1788374700.533
39.370,8.5572,5.0366,-0.1786,0.0000,0.0000,1788374700.553
39.390,8.5572,5.0366,-0.1786,0.0000,0.0000,1788374700.573
39.410,8.5572,5.0366,-0.1786,0.0000,0.0000,1788374700.593
39.430,8.5572,5.0366,-0.1786,0.0000,0.0000,1788374700.613
39.450,8.5572,5.0366,-0.1786,0.0000,0.0000,1788374700.633
39.470,8.5572,5.0366,-0.1786,0.0000,0.0000,1788374700.653
39.490,8.5572,5.0366,-0.1786,0.0000,0.0000,1788374700.673
39.510,8.5572,5.0366,-0.1786,0.0000,0.0000,1788374700.693
39.530,8.5572,5.0366,-0.1786,0.0000,0.0000,1788374700.713
39.550,8.5572,5.0366,-0.1786,0.0000,0.0000,1788374700.733
39.570,8.5572,5.0366,-0.1786,0.0000,0.0000,1788374700.753
39.590,8.5572,5.0366,-0.1786,0.0000,0.0000,1788374700.773
39.610,8.5572,5.0366,-0.1786,0.0000,0.0000,1788374700.793
39.630,8.5572,5.0366,-0.1786,0.0000,0.0000,1788374700.813
39.650,8.5572,5.0366,-0.1786,0.0000,0.0000,1788374700.833
39.670,8.5572,5.0366,-0.1786,0.0000,0.0000,1788374700.853
39.690,8.5572,5.0366,-0.1786,0.0000,0.0000,1788374700.873
39.710,8.5572,5.0366,-0.1786,0.0000,0.0000,1788374700.893
39.730,8.5572,5.0366,-0.1786,0.0000,0.0000,1788374700.913
39.750,8.5572,5.0366,-0.1786,0.0000,0.0000,1788374700.933
39.770,8.5572,5.0366,-0.1786,0.0000,0.0000,1788374700.953
39.790,8.5572,5.0366,-0.1786,0.0000,0.0000,1788374700.973
39.810,8.5572,5.0366,-0.1786,0.0000,0.0000,1788374700.993
39.830,8.5572,5.0366,-0.1786,0.0000,0.0000,1788374701.013
39.850,8.5572,5.0366,-0.1786,0.0000,0.0000,1788374701.033
39.870,8.5572,5.0366,-0.1786,0.0000,0.0000,1788374701.053
39.890,8.5572,5.0366,-0.1786,0.0000,0.0000,1788374701.073
39.910,8.5572,5.0366,-0.1786,0.0000,0.0000,1788374701.093
39.930,8.5572,5.0366,-0.1786,0.0000,0.0000,1788374701.113
39.950,8.5572,5.0366,-0.1786,0.0000,0.0000,1788374701.133
39.970,8.5572,5.0366,-0.1786,0.0000,0.0000,1788374701.153
39.990,8.5572,5.0366,-0.1786,0.0000,0.0000,1788374701.173
40.010,8.5572,5.0366,-0.1786,0.0000,0.0000,1788374701.193
40.031,8.5572,5.0366,-0.1786,0.0000,0.0000,1788374701.214
40.051,8.5572,5.0366,-0.1786,0.0000,0.0000,1788374701.234
40.070,8.5572,5.0366,-0.1786,0.0000,0.0000,1788374701.253
40.090,8.5572,5.0366,-0.1786,0.0000,0.0000,1788374701.273
40.110,8.5572,5.0366,-0.1786,0.0000,0.0000,1788374701.293
40.130,8.5572,5.0366,-0.1786,0.0000,0.0000,1788374701.313
40.150,8.5572,5.0366,-0.1786,0.0000,0.0000,1788374701.333
40.170,8.5572,5.0366,-0.1786,0.0000,0.0000,1788374701.353
40.190,8.5572,5.0366,-0.1786,0.0000,0.0000,1788374701.373
40.210,8.5572,5.0366,-0.1786,0.0000,0.0000,1788374701.393
40.230,8.5572,5.0366,-0.1786,0.0000,0.0000,1788374701.413
40.250,8.5572,5.0366,-0.1786,0.0000,0.0000,1788374701.433
40.270,8.5572,5.0366,-0.1786,0.0000,0.0000,1788374701.453
40.290,8.5572,5.0366,-0.1786,0.0000,0.0000,1788374701.473
40.310,8.5572,5.0366,-0.1786,0.0000,0.0000,1788374701.493
40.330,8.5572,5.0366,-0.1786,0.0000,0.0000,1788374701.513
40.350,8.5572,5.0366,-0.1786,0.0000,0.0000,1788374701.533
40.370,8.5572,5.0366,-0.1786,0.0000,0.0000,1788374701.553
40.390,8.5572,5.0366,-0.1786,0.0000,0.0000,1788374701.573
40.410,8.5572,5.0366,-0.1786,0.0000,0.0000,1788374701.593
40.430,8.5572,5.0366,-0.1786,0.0000,0.0000,1788374701.613
40.450,8.5572,5.0366,-0.1786,0.0000,0.0000,1788374701.633
40.470,8.5572,5.0366,-0.1786,0.0000,0.0000,1788374701.653
40.490,8.5572,5.0366,-0.1786,0.0000,0.0000,1788374701.673
40.510,8.5572,5.0366,-0.1786,0.0000,0.0000,1788374701.693
40.530,8.5572,5.0366,-0.1786,0.0000,0.0000,1788374701.713
40.550,8.5572,5.0366,-0.1786,0.0000,0.0000,1788374701.733
40.570,8.5572,5.0366,-0.1786,0.0000,0.0000,1788374701.753
40.590,8.5572,5.0366,-0.1786,0.0000,0.0000,1788374701.773
40.610,8.5572,5.0366,-0.1786,0.0000,0.0000,1788374701.793
40.630,8.5572,5.0366,-0.1786,0.0000,0.0000,1788374701.813
40.650,8.5572,5.0366,-0.1786,0.0000,0.0000,1788374701.833
40.670,8.5572,5.0366,-0.1786,0.0000,0.0000,1788374701.853
40.690,8.5572,5.0366,-0.1786,0.0000,0.0000,1788374701.873
40.710,8.5572,5.0366,-0.1786,0.0000,0.0000,1788374701.893
40.730,8.5572,5.0366,-0.1786,0.0000,0.0000,1788374701.913
40.750,8.5572,5.0366,-0.1786,0.0000,0.0000,1788374701.933
40.770,8.5572,5.0366,-0.1786,0.0000,0.0000,1788374701.953
40.790,8.5572,5.0366,-0.1786,0.0000,0.0000,1788374701.973
40.810,8.5572,5.0366,-0.1786,0.0000,0.0000,1788374701.993
40.830,8.5572,5.0366,-0.1786,0.0000,0.0000,1788374702.013
40.850,8.5572,5.0366,-0.1786,0.0000,0.0000,1788374702.033
40.870,8.5572,5.0366,-0.1786,0.0000,0.0000,1788374702.053
40.890,8.5572,5.0366,-0.1786,0.0000,0.0000,1788374702.073
40.910,8.5572,5.0366,-0.1786,0.0000,0.0000,1788374702.093
40.930,8.5572,5.0366,-0.1786,0.0000,0.0000,1788374702.113
40.950,8.5572,5.0366,-0.1786,0.0000,0.0000,1788374702.133
40.970,8.5572,5.0366,-0.1786,0.0000,0.0000,1788374702.153
40.990,8.5572,5.0366,-0.1786,0.0000,0.0000,1788374702.173
41.010,8.5572,5.0366,-0.1786,0.0000,0.0000,1788374702.193
41.030,8.5572,5.0366,-0.1786,0.0000,0.0000,1788374702.213
41.050,8.5572,5.0366,-0.1786,0.0000,0.0000,1788374702.233
41.071,8.5572,5.0366,-0.1786,0.0000,0.0000,1788374702.254
41.091,8.5572,5.0366,-0.1786,0.0000,0.0000,1788374702.274
41.110,8.5572,5.0366,-0.1786,0.0000,0.0000,1788374702.293
41.130,8.5572,5.0366,-0.1786,0.0000,0.0000,1788374702.313
41.150,8.5572,5.0366,-0.1786,0.0000,0.0000,1788374702.333
41.170,8.5572,5.0366,-0.1786,0.0000,0.0000,1788374702.353
41.190,8.5572,5.0366,-0.1786,0.0000,0.0000,1788374702.373
41.210,8.5572,5.0366,-0.1786,0.0000,0.0000,1788374702.393
41.230,8.5572,5.0366,-0.1786,0.0000,0.0000,1788374702.413
41.250,8.5572,5.0366,-0.1786,0.0000,0.0000,1788374702.433
41.270,8.5572,5.0366,-0.1786,0.0000,0.0000,1788374702.453
41.290,8.5572,5.0366,-0.1786,0.0000,0.0000,1788374702.473
41.310,8.5572,5.0366,-0.1786,0.0000,0.0000,1788374702.493
41.330,8.5572,5.0366,-0.1786,0.0000,0.0000,1788374702.513
41.350,8.5572,5.0366,-0.1786,0.0000,0.0000,1788374702.533
41.370,8.5572,5.0366,-0.1786,0.0000,0.0000,1788374702.553
41.390,8.5572,5.0366,-0.1786,0.0000,0.0000,1788374702.573
41.410,8.5572,5.0366,-0.1786,0.0000,0.0000,1788374702.593
41.430,8.5572,5.0366,-0.1786,0.0000,0.0000,1788374702.613
41.450,8.5572,5.0366,-0.1786,0.0000,0.0000,1788374702.633
41.470,8.5572,5.0366,-0.1786,0.0000,0.0000,1788374702.653
41.490,8.5572,5.0366,-0.1786,0.0000,0.0000,1788374702.673
41.510,8.5572,5.0366,-0.1786,0.0000,0.0000,1788374702.693
41.530,8.5572,5.0366,-0.1786,0.0000,0.0000,1788374702.713
41.550,8.5572,5.0366,-0.1786,0.0000,0.0000,1788374702.733
41.570,8.5572,5.0366,-0.1786,0.0000,0.0000,1788374702.753
41.590,8.5572,5.0366,-0.1786,0.0000,0.0000,1788374702.773
41.610,8.5572,5.0366,-0.1786,0.0000,0.0000,1788374702.793
41.630,8.5572,5.0366,-0.1786,0.0000,0.0000,1788374702.813
41.650,8.5572,5.0366,-0.1786,0.0000,0.0000,1788374702.833
41.670,8.5572,5.0366,-0.1786,0.0000,0.0000,1788374702.853
41.690,8.5572,5.0366,-0.1786,0.0000,0.0000,1788374702.873
41.710,8.5572,5.0366,-0.1786,0.0000,0.0000,1788374702.893
41.730,8.5572,5.0366,-0.1786,0.0000,0.0000,1788374702.913
41.750,8.5572,5.0366,-0.1786,0.0000,0.0000,1788374702.933
41.770,8.5572,5.0366,-0.1786,0.0000,0.0000,1788374702.953
41.790,8.5572,5.0366,-0.1786,0.0000,0.0000,1788374702.973
41.810,8.5572,5.0366,-0.1786,0.0000,0.0000,1788374702.993
41.830,8.5572,5.0366,-0.1786,0.0000,0.0000,1788374703.013
41.850,8.5572,5.0366,-0.1786,0.0000,0.0000,1788374703.033
41.870,8.5572,5.0366,-0.1786,0.0000,0.0000,1788374703.053
41.890,8.5572,5.0366,-0.1786,0.0000,0.0000,1788374703.073
41.910,8.5572,5.0366,-0.1786,0.0000,0.0000,1788374703.093
41.930,8.5572,5.0366,-0.1786,0.0000,0.0000,1788374703.113
41.950,8.5572,5.0366,-0.1786,0.0000,0.0000,1788374703.133
41.970,8.5572,5.0366,-0.1786,0.0000,0.0000,1788374703.153
41.990,8.5572,5.0366,-0.1786,0.0000,0.0000,1788374703.173
42.010,8.5572,5.0366,-0.1786,0.0000,0.0000,1788374703.193
42.030,8.5572,5.0366,-0.1786,0.0000,0.0000,1788374703.213
42.050,8.5572,5.0366,-0.1786,0.0000,0.0000,1788374703.233
42.070,8.5572,5.0366,-0.1786,0.0000,0.0000,1788374703.253
42.091,8.5572,5.0366,-0.1786,0.0000,0.0000,1788374703.274
42.111,8.5572,5.0366,-0.1786,0.0000,0.0000,1788374703.294
42.130,8.5572,5.0366,-0.1786,0.0000,0.0000,1788374703.313
42.150,8.5572,5.0366,-0.1786,0.0000,0.0000,1788374703.333
42.170,8.5572,5.0366,-0.1786,0.0000,0.0000,1788374703.353
42.190,8.5572,5.0366,-0.1786,0.0000,0.0000,1788374703.373
42.210,8.5572,5.0366,-0.1786,0.0000,0.0000,1788374703.393
42.230,8.5572,5.0366,-0.1786,0.0000,0.0000,1788374703.413
42.250,8.5572,5.0366,-0.1786,0.0000,0.0000,1788374703.433
42.270,8.5572,5.0366,-0.1786,0.0000,0.0000,1788374703.453
42.290,8.5572,5.0366,-0.1786,0.0000,0.0000,1788374703.473
42.310,8.5572,5.0366,-0.1786,0.0000,0.0000,1788374703.493
42.330,8.5572,5.0366,-0.1786,0.0000,0.0000,1788374703.513
42.350,8.5572,5.0366,-0.1786,0.0000,0.0000,1788374703.533
42.370,8.5572,5.0366,-0.1786,0.0000,0.0000,1788374703.553
42.390,8.5572,5.0366,-0.1786,0.0000,0.0000,1788374703.573
42.410,8.5572,5.0366,-0.1786,0.0000,0.0000,1788374703.593
42.430,8.5572,5.0366,-0.1786,0.0000,0.0000,1788374703.613
42.450,8.5572,5.0366,-0.1786,0.0000,0.0000,1788374703.633
42.470,8.5572,5.0366,-0.1786,0.0000,0.0000,1788374703.653
42.490,8.5572,5.0366,-0.1786,0.0000,0.0000,1788374703.673
42.510,8.5572,5.0366,-0.1786,0.0000,0.0000,1788374703.693
42.530,8.5572,5.0366,-0.1786,0.0000,0.0000,1788374703.713
42.550,8.5572,5.0366,-0.1786,0.0000,0.0000,1788374703.733
42.570,8.5572,5.0366,-0.1786,0.0000,0.0000,1788374703.753
42.590,8.5572,5.0366,-0.1786,0.0000,0.0000,1788374703.773
42.610,8.5572,5.0366,-0.1786,0.0000,0.0000,1788374703.793
42.630,8.5572,5.0366,-0.1786,0.0000,0.0000,1788374703.813
42.650,8.5572,5.0366,-0.1786,0.0000,0.0000,1788374703.833
42.670,8.5572,5.0366,-0.1786,0.0000,0.0000,1788374703.853
42.690,8.5572,5.0366,-0.1786,0.0000,0.0000,1788374703.873
42.710,8.5572,5.0366,-0.1786,0.0000,0.0000,1788374703.893
42.730,8.5572,5.0366,-0.1786,0.0000,0.0000,1788374703.913
42.750,8.5572,5.0366,-0.1786,0.0000,0.0000,1788374703.933
42.770,8.5572,5.0366,-0.1786,0.0000,0.0000,1788374703.953
42.790,8.5572,5.0366,-0.1786,0.0000,0.0000,1788374703.973
42.810,8.5572,5.0366,-0.1786,0.0000,0.0000,1788374703.993
42.830,8.5572,5.0366,-0.1786,0.0000,0.0000,1788374704.013
42.850,8.5572,5.0366,-0.1786,0.0000,0.0000,1788374704.033
42.870,8.5572,5.0366,-0.1786,0.0000,0.0000,1788374704.053
42.890,8.5572,5.0366,-0.1786,0.0000,0.0000,1788374704.073
42.912,8.5572,5.0366,-0.1786,0.0000,0.0000,1788374704.095
42.930,8.5572,5.0366,-0.1786,0.0000,0.0000,1788374704.113
42.950,8.5572,5.0366,-0.1786,0.0000,0.0000,1788374704.133
42.970,8.5572,5.0366,-0.1786,0.0000,0.0000,1788374704.153
42.990,8.5572,5.0366,-0.1786,0.0000,0.0000,1788374704.173
43.010,8.5572,5.0366,-0.1786,0.0000,0.0000,1788374704.193
43.030,8.5572,5.0366,-0.1786,0.0000,0.0000,1788374704.213
43.050,8.5572,5.0366,-0.1786,0.0000,0.0000,1788374704.233
43.070,8.5572,5.0366,-0.1786,0.0000,0.0000,1788374704.253
43.090,8.5572,5.0366,-0.1786,0.0000,0.0000,1788374704.273
43.110,8.5572,5.0366,-0.1786,0.0000,0.0000,1788374704.293
43.131,8.5572,5.0366,-0.1786,0.0000,0.0000,1788374704.314
43.151,8.5572,5.0366,-0.1786,0.0000,0.0000,1788374704.334
43.170,8.5572,5.0366,-0.1786,0.0000,0.0000,1788374704.353
43.190,8.5572,5.0366,-0.1786,0.0000,0.0000,1788374704.373
43.210,8.5572,5.0366,-0.1786,0.0000,0.0000,1788374704.393
43.230,8.5572,5.0366,-0.1786,0.0000,0.0000,1788374704.413
43.250,8.5572,5.0366,-0.1786,0.0000,0.0000,1788374704.433
43.270,8.5572,5.0366,-0.1786,0.0000,0.0000,1788374704.453
43.290,8.5572,5.0366,-0.1786,0.0000,0.0000,1788374704.473
43.310,8.5572,5.0366,-0.1786,0.0000,0.0000,1788374704.493
43.330,8.5572,5.0366,-0.1786,0.0000,0.0000,1788374704.513
43.350,8.5572,5.0366,-0.1786,0.0000,0.0000,1788374704.533
43.370,8.5572,5.0366,-0.1786,0.0000,0.0000,1788374704.553
43.390,8.5572,5.0366,-0.1786,0.0000,0.0000,1788374704.573
43.410,8.5572,5.0366,-0.1786,0.0000,0.0000,1788374704.593
43.430,8.5572,5.0366,-0.1786,0.0000,0.0000,1788374704.613
43.450,8.5572,5.0366,-0.1786,0.0000,0.0000,1788374704.633
43.470,8.5572,5.0366,-0.1786,0.0000,0.0000,1788374704.653
43.490,8.5572,5.0366,-0.1786,0.0000,0.0000,1788374704.673
43.510,8.5572,5.0366,-0.1786,0.0000,0.0000,1788374704.693
43.530,8.5572,5.0366,-0.1786,0.0000,0.0000,1788374704.713
43.550,8.5572,5.0366,-0.1786,0.0000,0.0000,1788374704.733
43.570,8.5572,5.0366,-0.1786,0.0000,0.0000,1788374704.753
43.590,8.5572,5.0366,-0.1786,0.0000,0.0000,1788374704.773
43.610,8.5572,5.0366,-0.1786,0.0000,0.0000,1788374704.793
43.630,8.5572,5.0366,-0.1786,0.0000,0.0000,1788374704.813
43.650,8.5572,5.0366,-0.1786,0.0000,0.0000,1788374704.833
43.670,8.5572,5.0366,-0.1786,0.0000,0.0000,1788374704.853
43.690,8.5572,5.0366,-0.1786,0.0000,0.0000,1788374704.873
43.710,8.5572,5.0366,-0.1786,0.0000,0.0000,1788374704.893
43.730,8.5572,5.0366,-0.1786,0.0000,0.0000,1788374704.913
43.750,8.5572,5.0366,-0.1786,0.0000,0.0000,1788374704.933
43.770,8.5572,5.0366,-0.1786,0.0000,0.0000,1788374704.953
43.790,8.5572,5.0366,-0.1786,0.0000,0.0000,1788374704.973
43.810,8.5572,5.0366,-0.1786,0.0000,0.0000,1788374704.993
43.830,8.5572,5.0366,-0.1786,0.0000,0.0000,1788374705.013
43.850,8.5572,5.0366,-0.1786,0.0000,0.0000,1788374705.033
43.870,8.5572,5.0366,-0.1786,0.0000,0.0000,1788374705.053
43.890,8.5572,5.0366,-0.1786,0.0000,0.0000,1788374705.073
43.910,8.5572,5.0366,-0.1786,0.0000,0.0000,1788374705.093
43.930,8.5572,5.0366,-0.1786,0.0000,0.0000,1788374705.113
43.950,8.5572,5.0366,-0.1786,0.0000,0.0000,1788374705.133
43.970,8.5572,5.0366,-0.1786,0.0000,0.0000,1788374705.153
43.990,8.5572,5.0366,-0.1786,0.0000,0.0000,1788374705.173
44.010,8.5572,5.0366,-0.1786,0.0000,0.0000,1788374705.193
44.030,8.5572,5.0366,-0.1786,0.0000,0.0000,1788374705.213
44.050,8.5572,5.0366,-0.1786,0.0000,0.0000,1788374705.233
44.070,8.5572,5.0366,-0.1786,0.0000,0.0000,1788374705.253
44.090,8.5572,5.0366,-0.1786,0.0000,0.0000,1788374705.273
44.110,8.5572,5.0366,-0.1786,0.0000,0.0000,1788374705.293
44.130,8.5572,5.0366,-0.1786,0.0000,0.0000,1788374705.313
44.151,8.5572,5.0366,-0.1786,0.0000,0.0000,1788374705.334
44.171,8.5572,5.0366,-0.1786,0.0000,0.0000,1788374705.354
44.190,8.5572,5.0366,-0.1786,0.0000,0.0000,1788374705.373
44.210,8.5572,5.0366,-0.1786,0.0000,0.0000,1788374705.393
44.230,8.5572,5.0366,-0.1786,0.0000,0.0000,1788374705.413
44.250,8.5572,5.0366,-0.1786,0.0000,0.0000,1788374705.433
44.270,8.5572,5.0366,-0.1786,0.0000,0.0000,1788374705.453
44.290,8.5572,5.0366,-0.1786,0.0000,0.0000,1788374705.473
44.310,8.5572,5.0366,-0.1786,0.0000,0.0000,1788374705.493
44.330,8.5572,5.0366,-0.1786,0.0000,0.0000,1788374705.513
44.350,8.5572,5.0366,-0.1786,0.0000,0.0000,1788374705.533
44.370,8.5572,5.0366,-0.1786,0.0000,0.0000,1788374705.553
44.390,8.5572,5.0366,-0.1786,0.0000,0.0000,1788374705.573
44.410,8.5572,5.0366,-0.1786,0.0000,0.0000,1788374705.593
44.430,8.5572,5.0366,-0.1786,0.0000,0.0000,1788374705.613
44.450,8.5572,5.0366,-0.1786,0.0000,0.0000,1788374705.633
44.470,8.5572,5.0366,-0.1786,0.0000,0.0000,1788374705.653
44.490,8.5572,5.0366,-0.1786,0.0000,0.0000,1788374705.673
44.510,8.5572,5.0366,-0.1786,0.0000,0.0000,1788374705.693
44.530,8.5572,5.0366,-0.1786,0.0000,0.0000,1788374705.713
44.550,8.5572,5.0366,-0.1786,0.0000,0.0000,1788374705.733
44.570,8.5572,5.0366,-0.1786,0.0000,0.0000,1788374705.753
44.590,8.5572,5.0366,-0.1786,0.0000,0.0000,1788374705.773
44.610,8.5572,5.0366,-0.1786,0.0000,0.0000,1788374705.793
44.630,8.5572,5.0366,-0.1786,0.0000,0.0000,1788374705.813
44.650,8.5572,5.0366,-0.1786,0.0000,0.0000,1788374705.833
44.670,8.5572,5.0366,-0.1786,0.0000,0.0000,1788374705.853
44.690,8.5572,5.0366,-0.1786,0.0000,0.0000,1788374705.873
44.710,8.5572,5.0366,-0.1786,0.0000,0.0000,1788374705.893
44.730,8.5572,5.0366,-0.1786,0.0000,0.0000,1788374705.913
44.750,8.5572,5.0366,-0.1786,0.0000,0.0000,1788374705.933
44.770,8.5572,5.0366,-0.1786,0.0000,0.0000,1788374705.953
44.790,8.5572,5.0366,-0.1786,0.0000,0.0000,1788374705.973
44.810,8.5572,5.0366,-0.1786,0.0000,0.0000,1788374705.993
44.830,8.5572,5.0366,-0.1786,0.0000,0.0000,1788374706.013
44.850,8.5572,5.0366,-0.1786,0.0000,0.0000,1788374706.033
44.870,8.5572,5.0366,-0.1786,0.0000,0.0000,1788374706.053
44.890,8.5572,5.0366,-0.1786,0.0000,0.0000,1788374706.073
44.910,8.5572,5.0366,-0.1786,0.0000,0.0000,1788374706.093
44.930,8.5572,5.0366,-0.1786,0.0000,0.0000,1788374706.113
44.950,8.5572,5.0366,-0.1786,0.0000,0.0000,1788374706.133
44.970,8.5572,5.0366,-0.1786,0.0000,0.0000,1788374706.153
44.990,8.5572,5.0366,-0.1786,0.0000,0.0000,1788374706.173
45.010,8.5572,5.0366,-0.1786,0.0000,0.0000,1788374706.193
45.030,8.5572,5.0366,-0.1786,0.0000,0.0000,1788374706.213
45.050,8.5572,5.0366,-0.1786,0.0000,0.0000,1788374706.233
45.070,8.5572,5.0366,-0.1786,0.0000,0.0000,1788374706.253
45.090,8.5572,5.0366,-0.1786,0.0000,0.0000,1788374706.273
45.110,8.5572,5.0366,-0.1786,0.0000,0.0000,1788374706.293
45.130,8.5572,5.0366,-0.1786,0.0000,0.0000,1788374706.313
45.150,8.5572,5.0366,-0.1786,0.0000,0.0000,1788374706.333
45.170,8.5572,5.0366,-0.1786,0.0000,0.0000,1788374706.353
45.191,8.5572,5.0366,-0.1786,0.0000,0.0000,1788374706.374
45.211,8.5572,5.0366,-0.1786,0.0000,0.0000,1788374706.394
45.230,8.5572,5.0366,-0.1786,0.0000,0.0000,1788374706.413
45.250,8.5572,5.0366,-0.1786,0.0000,0.0000,1788374706.433
45.270,8.5572,5.0366,-0.1786,0.0000,0.0000,1788374706.453
45.290,8.5572,5.0366,-0.1786,0.0000,0.0000,1788374706.473
45.310,8.5572,5.0366,-0.1786,0.0000,0.0000,1788374706.493
45.330,8.5572,5.0366,-0.1786,0.0000,0.0000,1788374706.513
45.350,8.5572,5.0366,-0.1786,0.0000,0.0000,1788374706.533
45.370,8.5572,5.0366,-0.1786,0.0000,0.0000,1788374706.553
45.390,8.5572,5.0366,-0.1786,0.0000,0.0000,1788374706.573
45.410,8.5572,5.0366,-0.1786,0.0000,0.0000,1788374706.593
45.430,8.5572,5.0366,-0.1786,0.0000,0.0000,1788374706.613
45.450,8.5572,5.0366,-0.1786,0.0000,0.0000,1788374706.633
45.470,8.5572,5.0366,-0.1786,0.0000,0.0000,1788374706.653
45.490,8.5572,5.0366,-0.1786,0.0000,0.0000,1788374706.673
45.510,8.5572,5.0366,-0.1786,0.0000,0.0000,1788374706.693
45.530,8.5572,5.0366,-0.1786,0.0000,0.0000,1788374706.713
45.550,8.5572,5.0366,-0.1786,0.0000,0.0000,1788374706.733
45.570,8.5572,5.0366,-0.1786,0.0000,0.0000,1788374706.753
45.590,8.5572,5.0366,-0.1786,0.0000,0.0000,1788374706.773
45.610,8.5572,5.0366,-0.1786,0.0000,0.0000,1788374706.793
45.630,8.5572,5.0366,-0.1786,0.0000,0.0000,1788374706.813
45.650,8.5572,5.0366,-0.1786,0.0000,0.0000,1788374706.833
45.670,8.5572,5.0366,-0.1786,0.0000,0.0000,1788374706.853
45.690,8.5572,5.0366,-0.1786,0.0000,0.0000,1788374706.873
45.710,8.5572,5.0366,-0.1786,0.0000,0.0000,1788374706.893
45.730,8.5572,5.0366,-0.1786,0.0000,0.0000,1788374706.913
45.750,8.5572,5.0366,-0.1786,0.0000,0.0000,1788374706.933
45.770,8.5572,5.0366,-0.1786,0.0000,0.0000,1788374706.953
45.790,8.5572,5.0366,-0.1786,0.0000,0.0000,1788374706.973
45.810,8.5572,5.0366,-0.1786,0.0000,0.0000,1788374706.993
45.830,8.5572,5.0366,-0.1786,0.0000,0.0000,1788374707.013
45.850,8.5572,5.0366,-0.1786,0.0000,0.0000,1788374707.033
45.870,8.5572,5.0366,-0.1786,0.0000,0.0000,1788374707.053
45.890,8.5572,5.0366,-0.1786,0.0000,0.0000,1788374707.073
45.910,8.5572,5.0366,-0.1786,0.0000,0.0000,1788374707.093
45.930,8.5572,5.0366,-0.1786,0.0000,0.0000,1788374707.113
45.950,8.5572,5.0366,-0.1786,0.0000,0.0000,1788374707.133
45.970,8.5572,5.0366,-0.1786,0.0000,0.0000,1788374707.153
45.990,8.5572,5.0366,-0.1786,0.0000,0.0000,1788374707.173
46.010,8.5572,5.0366,-0.1786,0.0000,0.0000,1788374707.193
46.030,8.5572,5.0366,-0.1786,0.0000,0.0000,1788374707.213
46.050,8.5572,5.0366,-0.1786,0.0000,0.0000,1788374707.233
46.070,8.5572,5.0366,-0.1786,0.0000,0.0000,1788374707.253
46.090,8.5572,5.0366,-0.1786,0.0000,0.0000,1788374707.273
46.110,8.5572,5.0366,-0.1786,0.0000,0.0000,1788374707.293
46.130,8.5572,5.0366,-0.1786,0.0000,0.0000,1788374707.313
46.150,8.5572,5.0366,-0.1786,0.0000,0.0000,1788374707.333
46.170,8.5572,5.0366,-0.1786,0.0000,0.0000,1788374707.353
46.190,8.5572,5.0366,-0.1786,0.0000,0.0000,1788374707.373
46.211,8.5572,5.0366,-0.1786,0.0000,0.0000,1788374707.394
46.231,8.5572,5.0366,-0.1786,0.0000,0.0000,1788374707.414
46.251,8.5572,5.0366,-0.1786,0.0000,0.0000,1788374707.434
46.271,8.5572,5.0366,-0.1786,0.0000,0.0000,1788374707.454
46.290,8.5572,5.0366,-0.1786,0.0000,0.0000,1788374707.473
46.310,8.5572,5.0366,-0.1786,0.0000,0.0000,1788374707.493
46.330,8.5572,5.0366,-0.1786,0.0000,0.0000,1788374707.513
46.350,8.5572,5.0366,-0.1786,0.0000,0.0000,1788374707.533
46.370,8.5572,5.0366,-0.1786,0.0000,0.0000,1788374707.553
46.390,8.5572,5.0366,-0.1786,0.0000,0.0000,1788374707.573
46.410,8.5572,5.0366,-0.1786,0.0000,0.0000,1788374707.593
46.430,8.5572,5.0366,-0.1786,0.0000,0.0000,1788374707.613
46.450,8.5572,5.0366,-0.1786,0.0000,0.0000,1788374707.633
46.470,8.5572,5.0366,-0.1786,0.0000,0.0000,1788374707.653
46.490,8.5572,5.0366,-0.1786,0.0000,0.0000,1788374707.673
46.510,8.5572,5.0366,-0.1786,0.0000,0.0000,1788374707.693
46.530,8.5572,5.0366,-0.1786,0.0000,0.0000,1788374707.713
46.550,8.5572,5.0366,-0.1786,0.0000,0.0000,1788374707.733
46.570,8.5572,5.0366,-0.1786,0.0000,0.0000,1788374707.753
46.590,8.5572,5.0366,-0.1786,0.0000,0.0000,1788374707.773
46.610,8.5572,5.0366,-0.1786,0.0000,0.0000,1788374707.793
46.630,8.5572,5.0366,-0.1786,0.0000,0.0000,1788374707.813
46.650,8.5572,5.0366,-0.1786,0.0000,0.0000,1788374707.833
46.670,8.5572,5.0366,-0.1786,0.0000,0.0000,1788374707.853
46.690,8.5572,5.0366,-0.1786,0.0000,0.0000,1788374707.873
46.710,8.5572,5.0366,-0.1786,0.0000,0.0000,1788374707.893
46.730,8.5572,5.0366,-0.1786,0.0000,0.0000,1788374707.913
46.750,8.5572,5.0366,-0.1786,0.0000,0.0000,1788374707.933
46.770,8.5572,5.0366,-0.1786,0.0000,0.0000,1788374707.953
46.790,8.5572,5.0366,-0.1786,0.0000,0.0000,1788374707.973
46.810,8.5572,5.0366,-0.1786,0.0000,0.0000,1788374707.993
46.830,8.5572,5.0366,-0.1786,0.0000,0.0000,1788374708.013
46.850,8.5572,5.0366,-0.1786,0.0000,0.0000,1788374708.033
46.870,8.5572,5.0366,-0.1786,0.0000,0.0000,1788374708.053
46.890,8.5572,5.0366,-0.1786,0.0000,0.0000,1788374708.073
46.910,8.5572,5.0366,-0.1786,0.0000,0.0000,1788374708.093
46.930,8.5572,5.0366,-0.1786,0.0000,0.0000,1788374708.113
46.950,8.5572,5.0366,-0.1786,0.0000,0.0000,1788374708.133
46.970,8.5572,5.0366,-0.1786,0.0000,0.0000,1788374708.153
46.990,8.5572,5.0366,-0.1786,0.0000,0.0000,1788374708.173
47.010,8.5572,5.0366,-0.1786,0.0000,0.0000,1788374708.193
47.030,8.5572,5.0366,-0.1786,0.0000,0.0000,1788374708.213
47.050,8.5572,5.0366,-0.1786,0.0000,0.0000,1788374708.233
47.070,8.5572,5.0366,-0.1786,0.0000,0.0000,1788374708.253
47.090,8.5572,5.0366,-0.1786,0.0000,0.0000,1788374708.273
47.110,8.5572,5.0366,-0.1786,0.0000,0.0000,1788374708.293
47.130,8.5572,5.0366,-0.1786,0.0000,0.0000,1788374708.313
47.150,8.5572,5.0366,-0.1786,0.0000,0.0000,1788374708.333
47.170,8.5572,5.0366,-0.1786,0.0000,0.0000,1788374708.353
47.190,8.5572,5.0366,-0.1786,0.0000,0.0000,1788374708.373
47.210,8.5572,5.0366,-0.1786,0.0000,0.0000,1788374708.393
47.230,8.5572,5.0366,-0.1786,0.0000,0.0000,1788374708.413
47.250,8.5572,5.0366,-0.1786,0.0000,0.0000,1788374708.434
47.271,8.5572,5.0366,-0.1786,0.0000,0.0000,1788374708.454
47.291,8.5572,5.0366,-0.1786,0.0000,0.0000,1788374708.474
47.310,8.5572,5.0366,-0.1786,0.0000,0.0000,1788374708.493
47.330,8.5572,5.0366,-0.1786,0.0000,0.0000,1788374708.513
47.350,8.5572,5.0366,-0.1786,0.0000,0.0000,1788374708.533
47.370,8.5572,5.0366,-0.1786,0.0000,0.0000,1788374708.553
47.390,8.5572,5.0366,-0.1786,0.0000,0.0000,1788374708.573
47.410,8.5572,5.0366,-0.1786,0.0000,0.0000,1788374708.593
47.430,8.5572,5.0366,-0.1786,0.0000,0.0000,1788374708.613
47.450,8.5572,5.0366,-0.1786,0.0000,0.0000,1788374708.633
47.470,8.5572,5.0366,-0.1786,0.0000,0.0000,1788374708.653
47.490,8.5572,5.0366,-0.1786,0.0000,0.0000,1788374708.673
47.510,8.5572,5.0366,-0.1786,0.0000,0.0000,1788374708.693
47.530,8.5572,5.0366,-0.1786,0.0000,0.0000,1788374708.713
47.550,8.5572,5.0366,-0.1786,0.0000,0.0000,1788374708.733
47.570,8.5572,5.0366,-0.1786,0.0000,0.0000,1788374708.753
47.590,8.5572,5.0366,-0.1786,0.0000,0.0000,1788374708.773
47.610,8.5572,5.0366,-0.1786,0.0000,0.0000,1788374708.793
47.630,8.5572,5.0366,-0.1786,0.0000,0.0000,1788374708.813
47.650,8.5572,5.0366,-0.1786,0.0000,0.0000,1788374708.833
47.670,8.5572,5.0366,-0.1786,0.0000,0.0000,1788374708.853
47.690,8.5572,5.0366,-0.1786,0.0000,0.0000,1788374708.873
47.710,8.5572,5.0366,-0.1786,0.0000,0.0000,1788374708.893
47.730,8.5572,5.0366,-0.1786,0.0000,0.0000,1788374708.913
47.750,8.5572,5.0366,-0.1786,0.0000,0.0000,1788374708.933
47.770,8.5572,5.0366,-0.1786,0.0000,0.0000,1788374708.953
47.790,8.5572,5.0366,-0.1786,0.0000,0.0000,1788374708.973
47.810,8.5572,5.0366,-0.1786,0.0000,0.0000,1788374708.993
47.830,8.5572,5.0366,-0.1786,0.0000,0.0000,1788374709.013
47.850,8.5572,5.0366,-0.1786,0.0000,0.0000,1788374709.033
47.870,8.5572,5.0366,-0.1786,0.0000,0.0000,1788374709.053
47.890,8.5572,5.0366,-0.1786,0.0000,0.0000,1788374709.073
47.910,8.5572,5.0366,-0.1786,0.0000,0.0000,1788374709.093
47.930,8.5572,5.0366,-0.1786,0.0000,0.0000,1788374709.113
47.950,8.5572,5.0366,-0.1786,0.0000,0.0000,1788374709.133
47.970,8.5572,5.0366,-0.1786,0.0000,0.0000,1788374709.153
47.990,8.5572,5.0366,-0.1786,0.0000,0.0000,1788374709.173
48.010,8.5572,5.0366,-0.1786,0.0000,0.0000,1788374709.193
48.030,8.5572,5.0366,-0.1786,0.0000,0.0000,1788374709.213
48.050,8.5572,5.0366,-0.1786,0.0000,0.0000,1788374709.233
48.070,8.5572,5.0366,-0.1786,0.0000,0.0000,1788374709.253
48.090,8.5572,5.0366,-0.1786,0.0000,0.0000,1788374709.273
48.110,8.5572,5.0366,-0.1786,0.0000,0.0000,1788374709.293
48.130,8.5572,5.0366,-0.1786,0.0000,0.0000,1788374709.313
48.150,8.5572,5.0366,-0.1786,0.0000,0.0000,1788374709.333
48.170,8.5572,5.0366,-0.1786,0.0000,0.0000,1788374709.353
48.190,8.5572,5.0366,-0.1786,0.0000,0.0000,1788374709.373
48.210,8.5572,5.0366,-0.1786,0.0000,0.0000,1788374709.393
48.230,8.5572,5.0366,-0.1786,0.0000,0.0000,1788374709.413
48.250,8.5572,5.0366,-0.1786,0.0000,0.0000,1788374709.433
48.270,8.5572,5.0366,-0.1786,0.0000,0.0000,1788374709.453
48.291,8.5572,5.0366,-0.1786,0.0000,0.0000,1788374709.474
48.311,8.5572,5.0366,-0.1786,0.0000,0.0000,1788374709.494
48.330,8.5572,5.0366,-0.1786,0.0000,0.0000,1788374709.513
48.350,8.5572,5.0366,-0.1786,0.0000,0.0000,1788374709.533
48.370,8.5572,5.0366,-0.1786,0.0000,0.0000,1788374709.553
48.390,8.5572,5.0366,-0.1786,0.0000,0.0000,1788374709.573
48.410,8.5572,5.0366,-0.1786,0.0000,0.0000,1788374709.593
48.430,8.5572,5.0366,-0.1786,0.0000,0.0000,1788374709.613
48.450,8.5572,5.0366,-0.1786,0.0000,0.0000,1788374709.633
48.470,8.5572,5.0366,-0.1786,0.0000,0.0000,1788374709.653
48.490,8.5572,5.0366,-0.1786,0.0000,0.0000,1788374709.673
48.510,8.5572,5.0366,-0.1786,0.0000,0.0000,1788374709.693
48.530,8.5572,5.0366,-0.1786,0.0000,0.0000,1788374709.713
48.550,8.5572,5.0366,-0.1786,0.0000,0.0000,1788374709.733
48.570,8.5572,5.0366,-0.1786,0.0000,0.0000,1788374709.753
48.590,8.5572,5.0366,-0.1786,0.0000,0.0000,1788374709.773
48.610,8.5572,5.0366,-0.1786,0.0000,0.0000,1788374709.793
48.630,8.5572,5.0366,-0.1786,0.0000,0.0000,1788374709.813
48.650,8.5572,5.0366,-0.1786,0.0000,0.0000,1788374709.833
48.670,8.5572,5.0366,-0.1786,0.0000,0.0000,1788374709.853
48.690,8.5572,5.0366,-0.1786,0.0000,0.0000,1788374709.873
48.710,8.5572,5.0366,-0.1786,0.0000,0.0000,1788374709.893
48.730,8.5572,5.0366,-0.1786,0.0000,0.0000,1788374709.913
48.750,8.5572,5.0366,-0.1786,0.0000,0.0000,1788374709.933
48.770,8.5572,5.0366,-0.1786,0.0000,0.0000,1788374709.953
48.790,8.5572,5.0366,-0.1786,0.0000,0.0000,1788374709.973
48.810,8.5572,5.0366,-0.1786,0.0000,0.0000,1788374709.993
48.830,8.5572,5.0366,-0.1786,0.0000,0.0000,1788374710.013
48.850,8.5572,5.0366,-0.1786,0.0000,0.0000,1788374710.033
48.870,8.5572,5.0366,-0.1786,0.0000,0.0000,1788374710.053
48.890,8.5572,5.0366,-0.1786,0.0000,0.0000,1788374710.073
48.910,8.5572,5.0366,-0.1786,0.0000,0.0000,1788374710.093
48.930,8.5572,5.0366,-0.1786,0.0000,0.0000,1788374710.113
48.950,8.5572,5.0366,-0.1786,0.0000,0.0000,1788374710.133
48.970,8.5572,5.0366,-0.1786,0.0000,0.0000,1788374710.153
48.990,8.5572,5.0366,-0.1786,0.0000,0.0000,1788374710.173
49.010,8.5572,5.0366,-0.1786,0.0000,0.0000,1788374710.193
49.030,8.5572,5.0366,-0.1786,0.0000,0.0000,1788374710.213
49.050,8.5572,5.0366,-0.1786,0.0000,0.0000,1788374710.233
49.070,8.5572,5.0366,-0.1786,0.0000,0.0000,1788374710.253
49.090,8.5572,5.0366,-0.1786,0.0000,0.0000,1788374710.273
49.110,8.5572,5.0366,-0.1786,0.0000,0.0000,1788374710.293
49.130,8.5572,5.0366,-0.1786,0.0000,0.0000,1788374710.313
49.150,8.5572,5.0366,-0.1786,0.0000,0.0000,1788374710.333
49.170,8.5572,5.0366,-0.1786,0.0000,0.0000,1788374710.353
49.190,8.5572,5.0366,-0.1786,0.0000,0.0000,1788374710.373
49.210,8.5572,5.0366,-0.1786,0.0000,0.0000,1788374710.393
49.230,8.5572,5.0366,-0.1786,0.0000,0.0000,1788374710.413
49.250,8.5572,5.0366,-0.1786,0.0000,0.0000,1788374710.433
49.270,8.5572,5.0366,-0.1786,0.0000,0.0000,1788374710.453
49.290,8.5572,5.0366,-0.1786,0.0000,0.0000,1788374710.473
49.311,8.5572,5.0366,-0.1786,0.0000,0.0000,1788374710.494
49.331,8.5572,5.0366,-0.1786,0.0000,0.0000,1788374710.514
49.351,8.5572,5.0366,-0.1786,0.0000,0.0000,1788374710.534
49.370,8.5572,5.0366,-0.1786,0.0000,0.0000,1788374710.553
49.390,8.5572,5.0366,-0.1786,0.0000,0.0000,1788374710.573
49.410,8.5572,5.0366,-0.1786,0.0000,0.0000,1788374710.593
49.430,8.5572,5.0366,-0.1786,0.0000,0.0000,1788374710.613
49.450,8.5572,5.0366,-0.1786,0.0000,0.0000,1788374710.633
49.470,8.5572,5.0366,-0.1786,0.0000,0.0000,1788374710.653
49.490,8.5572,5.0366,-0.1786,0.0000,0.0000,1788374710.673
49.510,8.5572,5.0366,-0.1786,0.0000,0.0000,1788374710.693
49.530,8.5572,5.0366,-0.1786,0.0000,0.0000,1788374710.713
49.550,8.5572,5.0366,-0.1786,0.0000,0.0000,1788374710.733
49.570,8.5572,5.0366,-0.1786,0.0000,0.0000,1788374710.753
49.590,8.5572,5.0366,-0.1786,0.0000,0.0000,1788374710.773
49.610,8.5572,5.0366,-0.1786,0.0000,0.0000,1788374710.793
49.630,8.5572,5.0366,-0.1786,0.0000,0.0000,1788374710.813
49.650,8.5572,5.0366,-0.1786,0.0000,0.0000,1788374710.833
49.670,8.5572,5.0366,-0.1786,0.0000,0.0000,1788374710.853
49.690,8.5572,5.0366,-0.1786,0.0000,0.0000,1788374710.873
49.710,8.5572,5.0366,-0.1786,0.0000,0.0000,1788374710.893
49.730,8.5572,5.0366,-0.1786,0.0000,0.0000,1788374710.913
49.750,8.5572,5.0366,-0.1786,0.0000,0.0000,1788374710.933
49.770,8.5572,5.0366,-0.1786,0.0000,0.0000,1788374710.953
49.790,8.5572,5.0366,-0.1786,0.0000,0.0000,1788374710.973
49.810,8.5572,5.0366,-0.1786,0.0000,0.0000,1788374710.993
49.830,8.5572,5.0366,-0.1786,0.0000,0.0000,1788374711.013
49.850,8.5572,5.0366,-0.1786,0.0000,0.0000,1788374711.033
49.870,8.5572,5.0366,-0.1786,0.0000,0.0000,1788374711.053
49.890,8.5572,5.0366,-0.1786,0.0000,0.0000,1788374711.073
49.910,8.5572,5.0366,-0.1786,0.0000,0.0000,1788374711.093
49.930,8.5572,5.0366,-0.1786,0.0000,0.0000,1788374711.113
49.950,8.5572,5.0366,-0.1786,0.0000,0.0000,1788374711.133
49.970,8.5572,5.0366,-0.1786,0.0000,0.0000,1788374711.153
49.990,8.5572,5.0366,-0.1786,0.0000,0.0000,1788374711.173
50.010,8.5572,5.0366,-0.1786,0.0000,0.0000,1788374711.193
50.030,8.5572,5.0366,-0.1786,0.0000,0.0000,1788374711.213
50.050,8.5572,5.0366,-0.1786,0.0000,0.0000,1788374711.233
50.070,8.5572,5.0366,-0.1786,0.0000,0.0000,1788374711.253
50.090,8.5572,5.0366,-0.1786,0.0000,0.0000,1788374711.273
50.110,8.5572,5.0366,-0.1786,0.0000,0.0000,1788374711.293
50.130,8.5572,5.0366,-0.1786,0.0000,0.0000,1788374711.313
50.150,8.5572,5.0366,-0.1786,0.0000,0.0000,1788374711.333
50.170,8.5572,5.0366,-0.1786,0.0000,0.0000,1788374711.353
50.190,8.5572,5.0366,-0.1786,0.0000,0.0000,1788374711.373
50.210,8.5572,5.0366,-0.1786,0.0000,0.0000,1788374711.393
50.230,8.5572,5.0366,-0.1786,0.0000,0.0000,1788374711.413
50.250,8.5572,5.0366,-0.1786,0.0000,0.0000,1788374711.433
50.270,8.5572,5.0366,-0.1786,0.0000,0.0000,1788374711.453
50.290,8.5572,5.0366,-0.1786,0.0000,0.0000,1788374711.473
50.310,8.5572,5.0366,-0.1786,0.0000,0.0000,1788374711.493
50.330,8.5572,5.0366,-0.1786,0.0000,0.0000,1788374711.513
50.351,8.5572,5.0366,-0.1786,0.0000,0.0000,1788374711.534
50.371,8.5572,5.0366,-0.1786,0.0000,0.0000,1788374711.554
50.390,8.5572,5.0366,-0.1786,0.0000,0.0000,1788374711.573
50.410,8.5572,5.0366,-0.1786,0.0000,0.0000,1788374711.593
50.430,8.5572,5.0366,-0.1786,0.0000,0.0000,1788374711.613
50.450,8.5572,5.0366,-0.1786,0.0000,0.0000,1788374711.633
50.470,8.5572,5.0366,-0.1786,0.0000,0.0000,1788374711.653
50.490,8.5572,5.0366,-0.1786,0.0000,0.0000,1788374711.673
50.510,8.5572,5.0366,-0.1786,0.0000,0.0000,1788374711.693
50.530,8.5572,5.0366,-0.1786,0.0000,0.0000,1788374711.713
50.550,8.5572,5.0366,-0.1786,0.0000,0.0000,1788374711.733
50.570,8.5572,5.0366,-0.1786,0.0000,0.0000,1788374711.753
50.590,8.5572,5.0366,-0.1786,0.0000,0.0000,1788374711.773
50.610,8.5572,5.0366,-0.1786,0.0000,0.0000,1788374711.793
50.630,8.5572,5.0366,-0.1786,0.0000,0.0000,1788374711.813
50.650,8.5572,5.0366,-0.1786,0.0000,0.0000,1788374711.833
50.670,8.5572,5.0366,-0.1786,0.0000,0.0000,1788374711.853
50.690,8.5572,5.0366,-0.1786,0.0000,0.0000,1788374711.873
50.710,8.5572,5.0366,-0.1786,0.0000,0.0000,1788374711.893
50.730,8.5572,5.0366,-0.1786,0.0000,0.0000,1788374711.913
50.750,8.5572,5.0366,-0.1786,0.0000,0.0000,1788374711.933
50.770,8.5572,5.0366,-0.1786,0.0000,0.0000,1788374711.953
50.790,8.5572,5.0366,-0.1786,0.0000,0.0000,1788374711.973
50.810,8.5572,5.0366,-0.1786,0.0000,0.0000,1788374711.993
50.830,8.5572,5.0366,-0.1786,0.0000,0.0000,1788374712.013
50.850,8.5572,5.0366,-0.1786,0.0000,0.0000,1788374712.033
50.870,8.5572,5.0366,-0.1786,0.0000,0.0000,1788374712.053
50.890,8.5572,5.0366,-0.1786,0.0000,0.0000,1788374712.073
50.910,8.5572,5.0366,-0.1786,0.0000,0.0000,1788374712.093
50.930,8.5572,5.0366,-0.1786,0.0000,0.0000,1788374712.113
50.950,8.5572,5.0366,-0.1786,0.0000,0.0000,1788374712.133
50.970,8.5572,5.0366,-0.1786,0.0000,0.0000,1788374712.153
50.990,8.5572,5.0366,-0.1786,0.0000,0.0000,1788374712.173
51.010,8.5572,5.0366,-0.1786,0.0000,0.0000,1788374712.193
51.030,8.5572,5.0366,-0.1786,0.0000,0.0000,1788374712.213
51.050,8.5572,5.0366,-0.1786,0.0000,0.0000,1788374712.233
51.070,8.5572,5.0366,-0.1786,0.0000,0.0000,1788374712.253
51.090,8.5572,5.0366,-0.1786,0.0000,0.0000,1788374712.273
51.110,8.5572,5.0366,-0.1786,0.0000,0.0000,1788374712.293
51.130,8.5572,5.0366,-0.1786,0.0000,0.0000,1788374712.313
51.150,8.5572,5.0366,-0.1786,0.0000,0.0000,1788374712.333
51.170,8.5572,5.0366,-0.1786,0.0000,0.0000,1788374712.353
51.190,8.5572,5.0366,-0.1786,0.0000,0.0000,1788374712.373
51.210,8.5572,5.0366,-0.1786,0.0000,0.0000,1788374712.393
51.230,8.5572,5.0366,-0.1786,0.0000,0.0000,1788374712.413
51.250,8.5572,5.0366,-0.1786,0.0000,0.0000,1788374712.433
51.270,8.5572,5.0366,-0.1786,0.0000,0.0000,1788374712.453
51.290,8.5572,5.0366,-0.1786,0.0000,0.0000,1788374712.473
51.310,8.5572,5.0366,-0.1786,0.0000,0.0000,1788374712.493
51.330,8.5572,5.0366,-0.1786,0.0000,0.0000,1788374712.513
51.350,8.5572,5.0366,-0.1786,0.0000,0.0000,1788374712.533
51.370,8.5572,5.0366,-0.1786,0.0000,0.0000,1788374712.553
51.391,8.5572,5.0366,-0.1786,0.0000,0.0000,1788374712.574
51.411,8.5572,5.0366,-0.1786,0.0000,0.0000,1788374712.594
51.430,8.5572,5.0366,-0.1786,0.0000,0.0000,1788374712.614
51.450,8.5572,5.0366,-0.1786,0.0000,0.0000,1788374712.633
51.470,8.5572,5.0366,-0.1786,0.0000,0.0000,1788374712.653
51.490,8.5572,5.0366,-0.1786,0.0000,0.0000,1788374712.673
51.510,8.5572,5.0366,-0.1786,0.0000,0.0000,1788374712.693
51.530,8.5572,5.0366,-0.1786,0.0000,0.0000,1788374712.713
51.550,8.5572,5.0366,-0.1786,0.0000,0.0000,1788374712.733
51.570,8.5572,5.0366,-0.1786,0.0000,0.0000,1788374712.753
51.590,8.5572,5.0366,-0.1786,0.0000,0.0000,1788374712.773
51.610,8.5572,5.0366,-0.1786,0.0000,0.0000,1788374712.793
51.630,8.5572,5.0366,-0.1786,0.0000,0.0000,1788374712.813
51.650,8.5572,5.0366,-0.1786,0.0000,0.0000,1788374712.833
51.670,8.5572,5.0366,-0.1786,0.0000,0.0000,1788374712.853
51.690,8.5572,5.0366,-0.1786,0.0000,0.0000,1788374712.873
51.710,8.5572,5.0366,-0.1786,0.0000,0.0000,1788374712.893
51.730,8.5572,5.0366,-0.1786,0.0000,0.0000,1788374712.913
51.750,8.5572,5.0366,-0.1786,0.0000,0.0000,1788374712.933
51.770,8.5572,5.0366,-0.1786,0.0000,0.0000,1788374712.953
51.790,8.5572,5.0366,-0.1786,0.0000,0.0000,1788374712.973
51.810,8.5572,5.0366,-0.1786,0.0000,0.0000,1788374712.993
51.830,8.5572,5.0366,-0.1786,0.0000,0.0000,1788374713.013
51.850,8.5572,5.0366,-0.1786,0.0000,0.0000,1788374713.033
51.870,8.5572,5.0366,-0.1786,0.0000,0.0000,1788374713.053
51.890,8.5572,5.0366,-0.1786,0.0000,0.0000,1788374713.073
51.910,8.5572,5.0366,-0.1786,0.0000,0.0000,1788374713.093
51.930,8.5572,5.0366,-0.1786,0.0000,0.0000,1788374713.113
51.950,8.5572,5.0366,-0.1786,0.0000,0.0000,1788374713.133
51.970,8.5572,5.0366,-0.1786,0.0000,0.0000,1788374713.153
51.990,8.5572,5.0366,-0.1786,0.0000,0.0000,1788374713.173
52.010,8.5572,5.0366,-0.1786,0.0000,0.0000,1788374713.193
52.030,8.5572,5.0366,-0.1786,0.0000,0.0000,1788374713.213
52.050,8.5572,5.0366,-0.1786,0.0000,0.0000,1788374713.233
52.070,8.5572,5.0366,-0.1786,0.0000,0.0000,1788374713.253
52.090,8.5572,5.0366,-0.1786,0.0000,0.0000,1788374713.273
52.110,8.5572,5.0366,-0.1786,0.0000,0.0000,1788374713.293
52.130,8.5572,5.0366,-0.1786,0.0000,0.0000,1788374713.313
52.150,8.5572,5.0366,-0.1786,0.0000,0.0000,1788374713.333
52.170,8.5572,5.0366,-0.1786,0.0000,0.0000,1788374713.353
52.190,8.5572,5.0366,-0.1786,0.0000,0.0000,1788374713.373
52.210,8.5572,5.0366,-0.1786,0.0000,0.0000,1788374713.393
52.230,8.5572,5.0366,-0.1786,0.0000,0.0000,1788374713.413
52.250,8.5572,5.0366,-0.1786,0.0000,0.0000,1788374713.433
52.270,8.5572,5.0366,-0.1786,0.0000,0.0000,1788374713.453
52.290,8.5572,5.0366,-0.1786,0.0000,0.0000,1788374713.473
52.310,8.5572,5.0366,-0.1786,0.0000,0.0000,1788374713.493
52.330,8.5572,5.0366,-0.1786,0.0000,0.0000,1788374713.513
52.350,8.5572,5.0366,-0.1786,0.0000,0.0000,1788374713.533
52.370,8.5572,5.0366,-0.1786,0.0000,0.0000,1788374713.553
52.390,8.5572,5.0366,-0.1786,0.0000,0.0000,1788374713.573
52.411,8.5572,5.0366,-0.1786,0.0000,0.0000,1788374713.594
52.431,8.5572,5.0366,-0.1786,0.0000,0.0000,1788374713.614
52.451,8.5572,5.0366,-0.1786,0.0000,0.0000,1788374713.634
52.470,8.5572,5.0366,-0.1786,0.0000,0.0000,1788374713.653
52.490,8.5572,5.0366,-0.1786,0.0000,0.0000,1788374713.673
52.510,8.5572,5.0366,-0.1786,0.0000,0.0000,1788374713.693
52.530,8.5572,5.0366,-0.1786,0.0000,0.0000,1788374713.713
52.550,8.5572,5.0366,-0.1786,0.0000,0.0000,1788374713.733
52.570,8.5572,5.0366,-0.1786,0.0000,0.0000,1788374713.753
52.590,8.5572,5.0366,-0.1786,0.0000,0.0000,1788374713.773
52.610,8.5572,5.0366,-0.1786,0.0000,0.0000,1788374713.793
52.630,8.5572,5.0366,-0.1786,0.0000,0.0000,1788374713.813
52.650,8.5572,5.0366,-0.1786,0.0000,0.0000,1788374713.833
52.670,8.5572,5.0366,-0.1786,0.0000,0.0000,1788374713.853
52.690,8.5572,5.0366,-0.1786,0.0000,0.0000,1788374713.873
52.710,8.5572,5.0366,-0.1786,0.0000,0.0000,1788374713.893
52.730,8.5572,5.0366,-0.1786,0.0000,0.0000,1788374713.913
52.750,8.5572,5.0366,-0.1786,0.0000,0.0000,1788374713.933
52.770,8.5572,5.0366,-0.1786,0.0000,0.0000,1788374713.953
52.790,8.5572,5.0366,-0.1786,0.0000,0.0000,1788374713.973
52.810,8.5572,5.0366,-0.1786,0.0000,0.0000,1788374713.993
52.830,8.5572,5.0366,-0.1786,0.0000,0.0000,1788374714.013
52.850,8.5572,5.0366,-0.1786,0.0000,0.0000,1788374714.033
52.870,8.5572,5.0366,-0.1786,0.0000,0.0000,1788374714.053
52.890,8.5572,5.0366,-0.1786,0.0000,0.0000,1788374714.073
52.910,8.5572,5.0366,-0.1786,0.0000,0.0000,1788374714.093
52.930,8.5572,5.0366,-0.1786,0.0000,0.0000,1788374714.113
52.950,8.5572,5.0366,-0.1786,0.0000,0.0000,1788374714.133
52.970,8.5572,5.0366,-0.1786,0.0000,0.0000,1788374714.153
52.990,8.5572,5.0366,-0.1786,0.0000,0.0000,1788374714.173
53.010,8.5572,5.0366,-0.1786,0.0000,0.0000,1788374714.193
53.030,8.5572,5.0366,-0.1786,0.0000,0.0000,1788374714.213
53.050,8.5572,5.0366,-0.1786,0.0000,0.0000,1788374714.233
53.070,8.5572,5.0366,-0.1786,0.0000,0.0000,1788374714.253
53.090,8.5572,5.0366,-0.1786,0.0000,0.0000,1788374714.273
53.110,8.5572,5.0366,-0.1786,0.0000,0.0000,1788374714.293
53.130,8.5572,5.0366,-0.1786,0.0000,0.0000,1788374714.313
53.150,8.5572,5.0366,-0.1786,0.0000,0.0000,1788374714.333
53.170,8.5572,5.0366,-0.1786,0.0000,0.0000,1788374714.353
53.190,8.5572,5.0366,-0.1786,0.0000,0.0000,1788374714.373
53.210,8.5572,5.0366,-0.1786,0.0000,0.0000,1788374714.393
53.230,8.5572,5.0366,-0.1786,0.0000,0.0000,1788374714.413
53.250,8.5572,5.0366,-0.1786,0.0000,0.0000,1788374714.433
53.270,8.5572,5.0366,-0.1786,0.0000,0.0000,1788374714.453
53.290,8.5572,5.0366,-0.1786,0.0000,0.0000,1788374714.473
53.310,8.5572,5.0366,-0.1786,0.0000,0.0000,1788374714.493
53.330,8.5572,5.0366,-0.1786,0.0000,0.0000,1788374714.513
53.350,8.5572,5.0366,-0.1786,0.0000,0.0000,1788374714.533
53.370,8.5572,5.0366,-0.1786,0.0000,0.0000,1788374714.553
53.390,8.5572,5.0366,-0.1786,0.0000,0.0000,1788374714.573
53.410,8.5572,5.0366,-0.1786,0.0000,0.0000,1788374714.593
53.430,8.5572,5.0366,-0.1786,0.0000,0.0000,1788374714.613
53.451,8.5572,5.0366,-0.1786,0.0000,0.0000,1788374714.634
53.471,8.5572,5.0366,-0.1786,0.0000,0.0000,1788374714.654
53.491,8.5572,5.0366,-0.1786,0.0000,0.0000,1788374714.674
53.510,8.5572,5.0366,-0.1786,0.0000,0.0000,1788374714.693
53.530,8.5572,5.0366,-0.1786,0.0000,0.0000,1788374714.713
53.550,8.5572,5.0366,-0.1786,0.0000,0.0000,1788374714.733
53.570,8.5572,5.0366,-0.1786,0.0000,0.0000,1788374714.753
53.590,8.5572,5.0366,-0.1786,0.0000,0.0000,1788374714.773
53.610,8.5572,5.0366,-0.1786,0.0000,0.0000,1788374714.793
53.630,8.5572,5.0366,-0.1786,0.0000,0.0000,1788374714.813
53.650,8.5572,5.0366,-0.1786,0.0000,0.0000,1788374714.833
53.670,8.5572,5.0366,-0.1786,0.0000,0.0000,1788374714.853
53.690,8.5572,5.0366,-0.1786,0.0000,0.0000,1788374714.873
53.710,8.5572,5.0366,-0.1786,0.0000,0.0000,1788374714.893
53.730,8.5572,5.0366,-0.1786,0.0000,0.0000,1788374714.913
53.750,8.5572,5.0366,-0.1786,0.0000,0.0000,1788374714.933
53.770,8.5572,5.0366,-0.1786,0.0000,0.0000,1788374714.953
53.790,8.5572,5.0366,-0.1786,0.0000,0.0000,1788374714.973
53.810,8.5572,5.0366,-0.1786,0.0000,0.0000,1788374714.993
53.830,8.5572,5.0366,-0.1786,0.0000,0.0000,1788374715.013
53.850,8.5572,5.0366,-0.1786,0.0000,0.0000,1788374715.033
53.870,8.5572,5.0366,-0.1786,0.0000,0.0000,1788374715.053
53.890,8.5572,5.0366,-0.1786,0.0000,0.0000,1788374715.073
53.910,8.5572,5.0366,-0.1786,0.0000,0.0000,1788374715.093
53.930,8.5572,5.0366,-0.1786,0.0000,0.0000,1788374715.113
53.950,8.5572,5.0366,-0.1786,0.0000,0.0000,1788374715.133
53.970,8.5572,5.0366,-0.1786,0.0000,0.0000,1788374715.153
53.990,8.5572,5.0366,-0.1786,0.0000,0.0000,1788374715.173
54.010,8.5572,5.0366,-0.1786,0.0000,0.0000,1788374715.193
54.030,8.5572,5.0366,-0.1786,0.0000,0.0000,1788374715.213
54.050,8.5572,5.0366,-0.1786,0.0000,0.0000,1788374715.233
54.070,8.5572,5.0366,-0.1786,0.0000,0.0000,1788374715.253
54.090,8.5572,5.0366,-0.1786,0.0000,0.0000,1788374715.273
54.110,8.5572,5.0366,-0.1786,0.0000,0.0000,1788374715.293
54.130,8.5572,5.0366,-0.1786,0.0000,0.0000,1788374715.313
54.150,8.5572,5.0366,-0.1786,0.0000,0.0000,1788374715.333
54.170,8.5572,5.0366,-0.1786,0.0000,0.0000,1788374715.353
54.190,8.5572,5.0366,-0.1786,0.0000,0.0000,1788374715.373
54.210,8.5572,5.0366,-0.1786,0.0000,0.0000,1788374715.393
54.230,8.5572,5.0366,-0.1786,0.0000,0.0000,1788374715.413
54.250,8.5572,5.0366,-0.1786,0.0000,0.0000,1788374715.433
54.270,8.5572,5.0366,-0.1786,0.0000,0.0000,1788374715.453
54.290,8.5572,5.0366,-0.1786,0.0000,0.0000,1788374715.473
54.310,8.5572,5.0366,-0.1786,0.0000,0.0000,1788374715.493
54.330,8.5572,5.0366,-0.1786,0.0000,0.0000,1788374715.513
54.350,8.5572,5.0366,-0.1786,0.0000,0.0000,1788374715.533
54.370,8.5572,5.0366,-0.1786,0.0000,0.0000,1788374715.553
54.390,8.5572,5.0366,-0.1786,0.0000,0.0000,1788374715.573
54.410,8.5572,5.0366,-0.1786,0.0000,0.0000,1788374715.593
54.430,8.5572,5.0366,-0.1786,0.0000,0.0000,1788374715.613
54.450,8.5572,5.0366,-0.1786,0.0000,0.0000,1788374715.633
54.471,8.5572,5.0366,-0.1786,0.0000,0.0000,1788374715.654
54.491,8.5572,5.0366,-0.1786,0.0000,0.0000,1788374715.674
54.510,8.5572,5.0366,-0.1786,0.0000,0.0000,1788374715.694
54.530,8.5572,5.0366,-0.1786,0.0000,0.0000,1788374715.713
54.550,8.5572,5.0366,-0.1786,0.0000,0.0000,1788374715.733
54.570,8.5572,5.0366,-0.1786,0.0000,0.0000,1788374715.753
54.590,8.5572,5.0366,-0.1786,0.0000,0.0000,1788374715.773
54.610,8.5572,5.0366,-0.1786,0.0000,0.0000,1788374715.793
54.630,8.5572,5.0366,-0.1786,0.0000,0.0000,1788374715.813
54.650,8.5572,5.0366,-0.1786,0.0000,0.0000,1788374715.833
54.670,8.5572,5.0366,-0.1786,0.0000,0.0000,1788374715.853
54.690,8.5572,5.0366,-0.1786,0.0000,0.0000,1788374715.873
54.710,8.5572,5.0366,-0.1786,0.0000,0.0000,1788374715.893
54.730,8.5572,5.0366,-0.1786,0.0000,0.0000,1788374715.913
54.750,8.5572,5.0366,-0.1786,0.0000,0.0000,1788374715.933
54.770,8.5572,5.0366,-0.1786,0.0000,0.0000,1788374715.953
54.790,8.5572,5.0366,-0.1786,0.0000,0.0000,1788374715.973
54.810,8.5572,5.0366,-0.1786,0.0000,0.0000,1788374715.993
54.830,8.5572,5.0366,-0.1786,0.0000,0.0000,1788374716.013
54.850,8.5572,5.0366,-0.1786,0.0000,0.0000,1788374716.033
54.870,8.5572,5.0366,-0.1786,0.0000,0.0000,1788374716.053
54.890,8.5572,5.0366,-0.1786,0.0000,0.0000,1788374716.073
54.910,8.5572,5.0366,-0.1786,0.0000,0.0000,1788374716.093
54.930,8.5572,5.0366,-0.1786,0.0000,0.0000,1788374716.113
54.950,8.5572,5.0366,-0.1786,0.0000,0.0000,1788374716.133
54.970,8.5572,5.0366,-0.1786,0.0000,0.0000,1788374716.153
54.990,8.5572,5.0366,-0.1786,0.0000,0.0000,1788374716.173
55.010,8.5572,5.0366,-0.1786,0.0000,0.0000,1788374716.193
55.030,8.5572,5.0366,-0.1786,0.0000,0.0000,1788374716.213
55.050,8.5572,5.0366,-0.1786,0.0000,0.0000,1788374716.233
55.070,8.5572,5.0366,-0.1786,0.0000,0.0000,1788374716.253
55.090,8.5572,5.0366,-0.1786,0.0000,0.0000,1788374716.273
55.110,8.5572,5.0366,-0.1786,0.0000,0.0000,1788374716.293
55.130,8.5572,5.0366,-0.1786,0.0000,0.0000,1788374716.313
55.150,8.5572,5.0366,-0.1786,0.0000,0.0000,1788374716.333
55.170,8.5572,5.0366,-0.1786,0.0000,0.0000,1788374716.353
55.190,8.5572,5.0366,-0.1786,0.0000,0.0000,1788374716.373
55.210,8.5572,5.0366,-0.1786,0.0000,0.0000,1788374716.393
55.230,8.5572,5.0366,-0.1786,0.0000,0.0000,1788374716.413
55.250,8.5572,5.0366,-0.1786,0.0000,0.0000,1788374716.433
55.270,8.5572,5.0366,-0.1786,0.0000,0.0000,1788374716.453
55.290,8.5572,5.0366,-0.1786,0.0000,0.0000,1788374716.473
55.310,8.5572,5.0366,-0.1786,0.0000,0.0000,1788374716.493
55.330,8.5572,5.0366,-0.1786,0.0000,0.0000,1788374716.513
55.350,8.5572,5.0366,-0.1786,0.0000,0.0000,1788374716.533
55.371,8.5572,5.0366,-0.1786,0.0000,0.0000,1788374716.554
55.391,8.5572,5.0366,-0.1786,0.0000,0.0000,1788374716.574
55.411,8.5572,5.0366,-0.1786,0.0000,0.0000,1788374716.594
55.431,8.5572,5.0366,-0.1786,0.0000,0.0000,1788374716.614
55.451,8.5572,5.0366,-0.1786,0.0000,0.0000,1788374716.634
55.471,8.5572,5.0366,-0.1786,0.0000,0.0000,1788374716.654
55.491,8.5572,5.0366,-0.1786,0.0000,0.0000,1788374716.674
55.511,8.5572,5.0366,-0.1786,0.0000,0.0000,1788374716.694
55.531,8.5572,5.0366,-0.1786,0.0000,0.0000,1788374716.714
55.550,8.5572,5.0366,-0.1786,0.0000,0.0000,1788374716.733
55.570,8.5572,5.0366,-0.1786,0.0000,0.0000,1788374716.753
55.590,8.5572,5.0366,-0.1786,0.0000,0.0000,1788374716.773
55.611,8.5572,5.0366,-0.1786,0.0000,0.0000,1788374716.794
55.631,8.5572,5.0366,-0.1786,0.0000,0.0000,1788374716.814
55.651,8.5572,5.0366,-0.1786,0.0000,0.0000,1788374716.834
55.672,8.5572,5.0366,-0.1786,0.0000,0.0000,1788374716.855
