t,x,y,yaw,v,w,t_abs
0.031,1.2000,5.0000,0.0000,0.0000,0.0000,1788374603.197
0.051,1.2000,5.0000,0.0000,0.0000,0.0000,1788374603.217
0.071,1.2000,5.0000,0.0000,0.0000,0.0000,1788374603.237
0.091,1.2000,5.0000,0.0000,0.0000,0.0000,1788374603.257
0.111,1.2000,5.0000,0.0000,0.0000,0.0000,1788374603.277
0.131,1.2000,5.0000,0.0000,0.0000,0.0000,1788374603.297
0.151,1.2000,5.0000,0.0000,0.0000,0.0000,1788374603.317
0.171,1.2000,5.0000,0.0000,0.0000,0.0000,1788374603.337
0.191,1.2000,5.0000,0.0000,0.0000,0.0000,1788374603.357
0.211,1.2000,5.0000,0.0000,0.0000,0.0000,1788374603.377
0.231,1.2000,5.0000,0.0000,0.0000,0.0000,1788374603.397
0.251,1.2000,5.0000,0.0000,0.0000,0.0000,1788374603.417
0.271,1.2000,5.0000,0.0000,0.0000,0.0000,1788374603.437
0.291,1.2000,5.0000,0.0000,0.0000,0.0000,1788374603.457
0.311,1.2000,5.0000,0.0000,0.0000,0.0000,1788374603.477
0.331,1.2000,5.0000,0.0000,0.0000,0.0000,1788374603.497
0.351,1.2000,5.0000,0.0000,0.0000,0.0000,1788374603.517
0.371,1.2000,5.0000,0.0000,0.0000,0.0000,1788374603.537
0.391,1.2000,5.0000,0.0000,0.0000,0.0000,1788374603.557
0.411,1.2000,5.0000,0.0000,0.0000,0.0000,1788374603.577
0.431,1.2000,5.0000,0.0000,0.0000,0.0000,1788374603.597
0.451,1.2000,5.0000,0.0000,0.0000,0.0000,1788374603.617
0.471,1.2000,5.0000,0.0000,0.0000,0.0000,1788374603.637
0.491,1.2000,5.0000,0.0000,0.0000,0.0000,1788374603.657
0.511,1.2000,5.0000,0.0000,0.0000,0.0000,1788374603.677
0.531,1.2000,5.0000,0.0000,0.0000,0.0000,1788374603.697
0.551,1.2000,5.0000,0.0000,0.0000,0.0000,1788374603.717
0.571,1.2000,5.0000,0.0000,0.0000,0.0000,1788374603.737
0.591,1.2000,5.0000,0.0000,0.0000,0.0000,1788374603.757
0.611,1.2000,5.0000,0.0000,0.0000,0.0000,1788374603.777
0.631,1.2000,5.0000,0.0000,0.0000,0.0000,1788374603.797
0.651,1.2000,5.0000,0.0000,0.0000,0.0000,1788374603.817
0.671,1.2000,5.0000,0.0000,0.0000,0.0000,1788374603.837
0.691,1.2000,5.0000,0.0000,0.0000,0.0000,1788374603.857
0.711,1.2000,5.0000,0.0000,0.0000,0.0000,1788374603.877
0.731,1.2000,5.0000,0.0000,0.0000,0.0000,1788374603.897
0.751,1.2000,5.0000,0.0000,0.0000,0.0000,1788374603.917
0.771,1.2000,5.0000,0.0000,0.0000,0.0000,1788374603.937
0.791,1.2000,5.0000,0.0000,0.0000,0.0000,1788374603.957
0.811,1.2000,5.0000,0.0000,0.0000,0.0000,1788374603.977
0.831,1.2000,5.0000,0.0000,0.0000,0.0000,1788374603.997
0.851,1.2000,5.0000,0.0000,0.0000,0.0000,1788374604.017
0.871,1.2000,5.0000,0.0000,0.0000,0.0000,1788374604.037
0.891,1.2000,5.0000,0.0000,0.0000,0.0000,1788374604.057
0.911,1.2000,5.0000,0.0000,0.0000,0.0000,1788374604.077
0.931,1.2000,5.0000,0.0000,0.0000,0.0000,1788374604.097
0.951,1.2000,5.0000,0.0000,0.0000,0.0000,1788374604.117
0.971,1.2000,5.0000,0.0000,0.0000,0.0000,1788374604.137
0.991,1.2000,5.0000,0.0000,0.0000,0.0000,1788374604.157
1.011,1.2000,5.0000,0.0000,0.0000,0.0000,1788374604.177
1.031,1.2000,5.0000,0.0000,0.0000,0.0000,1788374604.197
1.052,1.2000,5.0000,0.0000,0.0000,0.0000,1788374604.218
1.071,1.2000,5.0000,0.0000,0.0000,0.0000,1788374604.237
1.091,1.2000,5.0000,0.0000,0.0000,0.0000,1788374604.257
1.111,1.2000,5.0000,0.0000,0.0000,0.0000,1788374604.277
1.131,1.2000,5.0000,0.0000,0.0000,0.0000,1788374604.297
1.151,1.2000,5.0000,0.0000,0.0000,0.0000,1788374604.317
1.171,1.2000,5.0000,0.0000,0.0000,0.0000,1788374604.337
1.191,1.2000,5.0000,0.0000,0.0000,0.0000,1788374604.357
1.211,1.2000,5.0000,0.0000,0.0000,0.0000,1788374604.377
1.231,1.2000,5.0000,0.0000,0.0000,0.0000,1788374604.397
1.251,1.2000,5.0000,0.0000,0.0000,0.0000,1788374604.417
1.271,1.2000,5.0000,0.0000,0.0000,0.0000,1788374604.437
1.291,1.2000,5.0000,0.0000,0.0000,0.0000,1788374604.457
1.311,1.2000,5.0000,0.0000,0.0000,0.0000,1788374604.477
1.331,1.2000,5.0000,0.0000,0.0000,0.0000,1788374604.497
1.351,1.2000,5.0000,0.0000,0.0000,0.0000,1788374604.517
1.371,1.2000,5.0000,0.0000,0.0000,0.0000,1788374604.537
1.391,1.2000,5.0000,0.0000,0.0000,0.0000,1788374604.557
1.411,1.2000,5.0000,0.0000,0.0000,0.0000,1788374604.577
1.431,1.2000,5.0000,0.0000,0.0000,0.0000,1788374604.597
1.451,1.2000,5.0000,0.0000,0.0000,0.0000,1788374604.617
1.471,1.2000,5.0000,0.0000,0.0000,0.0000,1788374604.637
1.491,1.2000,5.0000,0.0000,0.0000,0.0000,1788374604.657
1.511,1.2000,5.0000,0.0000,0.0000,0.0000,1788374604.677
1.531,1.2000,5.0000,0.0000,0.0000,0.0000,1788374604.697
1.551,1.2000,5.0000,0.0000,0.0000,0.0000,1788374604.717
1.571,1.2000,5.0000,0.0000,0.0000,0.0000,1788374604.737
1.591,1.2000,5.0000,0.0000,0.0000,0.0000,1788374604.757
1.611,1.2000,5.0000,0.0000,0.0000,0.0000,1788374604.777
1.631,1.2000,5.0000,0.0000,0.0000,0.0000,1788374604.797
1.651,1.2000,5.0000,0.0000,0.0000,0.0000,1788374604.817
1.671,1.2000,5.0000,0.0000,0.0000,0.0000,1788374604.837
1.691,1.2000,5.0000,0.0000,0.0000,0.0000,1788374604.857
1.711,1.2000,5.0000,0.0000,0.0000,0.0000,1788374604.877
1.731,1.2000,5.0000,0.0000,0.0000,0.0000,1788374604.897
1.751,1.2000,5.0000,0.0000,0.0000,0.0000,1788374604.917
1.771,1.2000,5.0000,0.0000,0.0000,0.0000,1788374604.937
1.791,1.2000,5.0000,0.0000,0.0000,0.0000,1788374604.957
1.811,1.2000,5.0000,0.0000,0.0000,0.0000,1788374604.977
1.831,1.2000,5.0000,0.0000,0.0000,0.0000,1788374604.997
1.851,1.2000,5.0000,0.0000,0.0000,0.0000,1788374605.017
1.871,1.2000,5.0000,0.0000,0.0000,0.0000,1788374605.037
1.891,1.2000,5.0000,0.0000,0.0000,0.0000,1788374605.057
1.911,1.2000,5.0000,0.0000,0.0000,0.0000,1788374605.077
1.931,1.2000,5.0000,0.0000,0.0000,0.0000,1788374605.097
1.951,1.2000,5.0000,0.0000,0.0000,0.0000,1788374605.117
1.971,1.2000,5.0000,0.0000,0.0000,0.0000,1788374605.137
1.991,1.2000,5.0000,0.0000,0.0000,0.0000,1788374605.157
2.011,1.2000,5.0000,0.0000,0.0000,0.0000,1788374605.177
2.031,1.2000,5.0000,0.0000,0.0000,0.0000,1788374605.197
2.051,1.2000,5.0000,0.0000,0.0000,0.0000,1788374605.217
2.072,1.2000,5.0000,0.0000,0.0000,0.0000,1788374605.237
2.092,1.2000,5.0000,0.0000,0.0000,0.0000,1788374605.257
2.111,1.2000,5.0000,0.0000,0.0000,0.0000,1788374605.277
2.131,1.2000,5.0000,0.0000,0.0000,0.0000,1788374605.297
2.151,1.2000,5.0000,0.0000,0.0000,0.0000,1788374605.317
2.171,1.2000,5.0000,0.0000,0.0000,0.0000,1788374605.337
2.191,1.2000,5.0000,0.0000,0.0000,0.0000,1788374605.357
2.211,1.2000,5.0000,0.0000,0.0000,0.0000,1788374605.377
2.231,1.2000,5.0000,0.0000,0.0000,0.0000,1788374605.397
2.251,1.2000,5.0000,0.0000,0.0000,0.0000,1788374605.417
2.271,1.2000,5.0000,0.0000,0.0000,0.0000,1788374605.437
2.291,1.2000,5.0000,0.0000,0.0000,0.0000,1788374605.457
2.311,1.2000,5.0000,0.0000,0.0000,0.0000,1788374605.477
2.331,1.2000,5.0000,0.0000,0.0000,0.0000,1788374605.497
2.351,1.2000,5.0000,0.0000,0.0000,0.0000,1788374605.517
2.371,1.2000,5.0000,0.0000,0.0000,0.0000,1788374605.537
2.391,1.2000,5.0000,0.0000,0.0000,0.0000,1788374605.557
2.411,1.2000,5.0000,0.0000,0.0000,0.0000,1788374605.577
2.431,1.2000,5.0000,0.0000,0.0000,0.0000,1788374605.597
2.451,1.2000,5.0000,0.0000,0.0000,0.0000,1788374605.617
2.471,1.2000,5.0000,0.0000,0.0000,0.0000,1788374605.637
2.491,1.2000,5.0000,0.0000,0.0000,0.0000,1788374605.657
2.511,1.2000,5.0000,0.0000,0.0000,0.0000,1788374605.677
2.531,1.2000,5.0000,0.0000,0.0000,0.0000,1788374605.697
2.551,1.2000,5.0000,0.0000,0.0000,0.0000,1788374605.717
2.571,1.2000,5.0000,0.0000,0.0000,0.0000,1788374605.737
2.591,1.2000,5.0000,0.0000,0.0000,0.0000,1788374605.757
2.611,1.2000,5.0000,0.0000,0.0000,0.0000,1788374605.777
2.631,1.2000,5.0000,0.0000,0.0000,0.0000,1788374605.797
2.651,1.2000,5.0000,0.0000,0.0000,0.0000,1788374605.817
2.671,1.2000,5.0000,0.0000,0.0000,0.0000,1788374605.837
2.691,1.2000,5.0000,0.0000,0.0000,0.0000,1788374605.857
2.711,1.2000,5.0000,0.0000,0.0000,0.0000,1788374605.877
2.731,1.2000,5.0000,0.0000,0.0000,0.0000,1788374605.897
2.751,1.2000,5.0000,0.0000,0.0000,0.0000,1788374605.917
2.771,1.2000,5.0000,0.0000,0.0000,0.0000,1788374605.937
2.791,1.2000,5.0000,0.0000,0.0000,0.0000,1788374605.957
2.811,1.2000,5.0000,0.0000,0.0000,0.0000,1788374605.977
2.831,1.2000,5.0000,0.0000,0.0000,0.0000,1788374605.997
2.851,1.2000,5.0000,0.0000,0.0000,0.0000,1788374606.017
2.871,1.2000,5.0000,0.0000,0.0000,0.0000,1788374606.037
2.891,1.2000,5.0000,0.0000,0.0000,0.0000,1788374606.057
2.911,1.2000,5.0000,0.0000,0.0000,0.0000,1788374606.077
2.931,1.2000,5.0000,0.0000,0.0000,0.0000,1788374606.097
2.951,1.2000,5.0000,0.0000,0.0000,0.0000,1788374606.117
2.971,1.2000,5.0000,0.0000,0.0000,0.0000,1788374606.137
2.991,1.2000,5.0000,0.0000,0.0000,0.0000,1788374606.157
3.011,1.2000,5.0000,0.0000,0.0000,0.0000,1788374606.177
3.031,1.2000,5.0000,0.0000,0.0000,0.0000,1788374606.197
3.051,1.2000,5.0000,0.0000,0.0000,0.0000,1788374606.217
3.071,1.2000,5.0000,0.0000,0.0000,0.0000,1788374606.237
3.091,1.2000,5.0000,0.0000,0.0000,0.0000,1788374606.257
3.112,1.2000,5.0000,0.0000,0.0000,0.0000,1788374606.277
3.132,1.2000,5.0000,0.0000,0.0000,0.0000,1788374606.297
3.151,1.2000,5.0000,0.0000,0.0000,0.0000,1788374606.317
3.171,1.2000,5.0000,0.0000,0.0000,0.0000,1788374606.337
3.191,1.2000,5.0000,0.0000,0.0000,0.0000,1788374606.357
3.211,1.2000,5.0000,0.0000,0.0000,0.0000,1788374606.377
3.231,1.2000,5.0000,0.0000,0.0000,0.0000,1788374606.397
3.251,1.2000,5.0000,0.0000,0.0000,0.0000,1788374606.417
3.271,1.2000,5.0000,0.0000,0.0000,0.0000,1788374606.437
3.291,1.2000,5.0000,0.0000,0.0000,0.0000,1788374606.457
3.311,1.2000,5.0000,0.0000,0.0000,0.0000,1788374606.477
3.331,1.2000,5.0000,0.0000,0.0000,0.0000,1788374606.497
3.351,1.2000,5.0000,0.0000,0.0000,0.0000,1788374606.517
3.371,1.2000,5.0000,0.0000,0.0000,0.0000,1788374606.537
3.391,1.2000,5.0000,0.0000,0.0000,0.0000,1788374606.557
3.411,1.2000,5.0000,0.0000,0.0000,0.0000,1788374606.577
3.431,1.2000,5.0000,0.0000,0.0000,0.0000,1788374606.597
3.451,1.2000,5.0000,0.0000,0.0000,0.0000,1788374606.617
3.471,1.2000,5.0000,0.0000,0.0000,0.0000,1788374606.637
3.491,1.2000,5.0000,0.0000,0.0000,0.0000,1788374606.657
3.511,1.2000,5.0000,0.0000,0.0000,0.0000,1788374606.677
3.531,1.2000,5.0000,0.0000,0.0000,0.0000,1788374606.697
3.551,1.2000,5.0000,0.0000,0.0000,0.0000,1788374606.717
3.571,1.2000,5.0000,0.0000,0.0000,0.0000,1788374606.737
3.591,1.2000,5.0000,0.0000,0.0000,0.0000,1788374606.757
3.611,1.2000,5.0000,0.0000,0.0000,0.0000,1788374606.777
3.631,1.2000,5.0000,0.0000,0.0000,0.0000,1788374606.797
3.651,1.2000,5.0000,0.0000,0.0000,0.0000,1788374606.817
3.671,1.2000,5.0000,0.0000,0.0000,0.0000,1788374606.837
3.691,1.2000,5.0000,0.0000,0.0000,0.0000,1788374606.857
3.711,1.2000,5.0000,0.0000,0.0000,0.0000,1788374606.877
3.731,1.2000,5.0000,0.0000,0.0000,0.0000,1788374606.897
3.751,1.2000,5.0000,0.0000,0.0000,0.0000,1788374606.917
3.771,1.2000,5.0000,0.0000,0.0000,0.0000,1788374606.937
3.791,1.2000,5.0000,0.0000,0.0000,0.0000,1788374606.957
3.811,1.2000,5.0000,0.0000,0.0000,0.0000,1788374606.977
3.831,1.2000,5.0000,0.0000,0.0000,0.0000,1788374606.997
3.851,1.2000,5.0000,0.0000,0.0000,0.0000,1788374607.017
3.871,1.2000,5.0000,0.0000,0.0000,0.0000,1788374607.037
3.891,1.2000,5.0000,0.0000,0.0000,0.0000,1788374607.057
3.911,1.2000,5.0000,0.0000,0.0000,0.0000,1788374607.077
3.931,1.2000,5.0000,0.0000,0.0000,0.0000,1788374607.097
3.951,1.2000,5.0000,0.0000,0.0000,0.0000,1788374607.117
3.971,1.2000,5.0000,0.0000,0.0000,0.0000,1788374607.137
3.991,1.2000,5.0000,0.0000,0.0000,0.0000,1788374607.157
4.011,1.2000,5.0000,0.0000,0.0000,0.0000,1788374607.177
4.031,1.2000,5.0000,0.0000,0.0000,0.0000,1788374607.197
4.051,1.2000,5.0000,0.0000,0.0000,0.0000,1788374607.217
4.071,1.2000,5.0000,0.0000,0.0000,0.0000,1788374607.237
4.091,1.2000,5.0000,0.0000,0.0000,0.0000,1788374607.257
4.111,1.2000,5.0000,0.0000,0.0000,0.0000,1788374607.277
4.132,1.2000,5.0000,0.0000,0.0000,0.0000,1788374607.297
4.152,1.2000,5.0000,0.0000,0.0000,0.0000,1788374607.317
4.171,1.2000,5.0000,0.0000,0.0000,0.0000,1788374607.337
4.191,1.2000,5.0000,0.0000,0.0000,0.0000,1788374607.357
4.211,1.2000,5.0000,0.0000,0.0000,0.0000,1788374607.377
4.231,1.2000,5.0000,0.0000,0.0000,0.0000,1788374607.397
4.251,1.2000,5.0000,0.0000,0.0000,0.0000,1788374607.417
4.271,1.2000,5.0000,0.0000,0.0000,0.0000,1788374607.437
4.291,1.2000,5.0000,0.0000,0.0000,0.0000,1788374607.457
4.311,1.2000,5.0000,0.0000,0.0000,0.0000,1788374607.477
4.331,1.2000,5.0000,0.0000,0.0000,0.0000,1788374607.497
4.351,1.2000,5.0000,0.0000,0.0000,0.0000,1788374607.517
4.371,1.2000,5.0000,0.0000,0.0000,0.0000,1788374607.537
4.391,1.2000,5.0000,0.0000,0.0000,0.0000,1788374607.557
4.411,1.2000,5.0000,0.0000,0.0000,0.0000,1788374607.577
4.431,1.2000,5.0000,0.0000,0.0000,0.0000,1788374607.597
4.451,1.2000,5.0000,0.0000,0.0000,0.0000,1788374607.617
4.471,1.2000,5.0000,0.0000,0.0000,0.0000,1788374607.637
4.491,1.2000,5.0000,0.0000,0.0000,0.0000,1788374607.657
4.511,1.2000,5.0000,0.0000,0.0000,0.0000,1788374607.677
4.531,1.2000,5.0000,0.0000,0.0000,0.0000,1788374607.697
4.551,1.2000,5.0000,0.0000,0.0000,0.0000,1788374607.717
4.571,1.2000,5.0000,0.0000,0.0000,0.0000,1788374607.737
4.591,1.2000,5.0000,0.0000,0.0000,0.0000,1788374607.757
4.611,1.2000,5.0000,0.0000,0.0000,0.0000,1788374607.777
4.631,1.2000,5.0000,0.0000,0.0000,0.0000,1788374607.797
4.651,1.2000,5.0000,0.0000,0.0000,0.0000,1788374607.817
4.671,1.2000,5.0000,0.0000,0.0000,0.0000,1788374607.837
4.691,1.2000,5.0000,0.0000,0.0000,0.0000,1788374607.857
4.711,1.2000,5.0000,0.0000,0.0000,0.0000,1788374607.877
4.731,1.2000,5.0000,0.0000,0.0000,0.0000,1788374607.897
4.751,1.2000,5.0000,0.0000,0.0000,0.0000,1788374607.917
4.771,1.2000,5.0000,0.0000,0.0000,0.0000,1788374607.937
4.791,1.2000,5.0000,0.0000,0.0000,0.0000,1788374607.957
4.811,1.2000,5.0000,0.0000,0.0000,0.0000,1788374607.977
4.831,1.2000,5.0000,0.0000,0.0000,0.0000,1788374607.997
4.851,1.2000,5.0000,0.0000,0.0000,0.0000,1788374608.017
4.871,1.2000,5.0000,0.0000,0.0000,0.0000,1788374608.037
4.891,1.2000,5.0000,0.0000,0.0000,0.0000,1788374608.057
4.911,1.2000,5.0000,0.0000,0.0000,0.0000,1788374608.077
4.931,1.2000,5.0000,0.0000,0.0000,0.0000,1788374608.097
4.951,1.2000,5.0000,0.0000,0.0000,0.0000,1788374608.117
4.971,1.2000,5.0000,0.0000,0.0000,0.0000,1788374608.137
4.991,1.2000,5.0000,0.0000,0.0000,0.0000,1788374608.157
5.011,1.2000,5.0000,0.0000,0.0000,0.0000,1788374608.177
5.031,1.2000,5.0000,0.0000,0.0000,0.0000,1788374608.197
5.051,1.2000,5.0000,0.0000,0.0000,0.0000,1788374608.217
5.071,1.2000,5.0000,0.0000,0.0000,0.0000,1788374608.237
5.091,1.2000,5.0000,0.0000,0.0000,0.0000,1788374608.257
5.111,1.2000,5.0000,0.0000,0.0000,0.0000,1788374608.277
5.131,1.2000,5.0000,0.0000,0.0000,0.0000,1788374608.297
5.151,1.2000,5.0000,0.0000,0.0000,0.0000,1788374608.317
5.172,1.2000,5.0000,0.0000,0.0000,0.0000,1788374608.338
5.192,1.2000,5.0000,0.0000,0.0000,0.0000,1788374608.357
5.211,1.2000,5.0000,0.0000,0.0000,0.0000,1788374608.377
5.231,1.2000,5.0000,0.0000,0.0000,0.0000,1788374608.397
5.251,1.2000,5.0000,0.0000,0.0000,0.0000,1788374608.417
5.271,1.2000,5.0000,0.0000,0.0000,0.0000,1788374608.437
5.291,1.2000,5.0000,0.0000,0.0000,0.0000,1788374608.457
5.311,1.2000,5.0000,0.0000,0.0000,0.0000,1788374608.477
5.331,1.2000,5.0000,0.0000,0.0000,0.0000,1788374608.497
5.351,1.2000,5.0000,0.0000,0.0000,0.0000,1788374608.517
5.371,1.2000,5.0000,0.0000,0.0000,0.0000,1788374608.537
5.391,1.2000,5.0000,0.0000,0.0000,0.0000,1788374608.557
5.411,1.2000,5.0000,0.0000,0.0000,0.0000,1788374608.577
5.431,1.2000,5.0000,0.0000,0.0000,0.0000,1788374608.597
5.451,1.2000,5.0000,0.0000,0.0000,0.0000,1788374608.617
5.471,1.2000,5.0000,0.0000,0.0000,0.0000,1788374608.637
5.491,1.2000,5.0000,0.0000,0.0000,0.0000,1788374608.657
5.511,1.2000,5.0000,0.0000,0.0000,0.0000,1788374608.677
5.531,1.2000,5.0000,0.0000,0.0000,0.0000,1788374608.697
5.551,1.2000,5.0000,0.0000,0.0000,0.0000,1788374608.717
5.571,1.2000,5.0000,0.0000,0.0000,0.0000,1788374608.737
5.591,1.2000,5.0000,0.0000,0.0000,0.0000,1788374608.757
5.611,1.2000,5.0000,0.0000,0.0000,0.0000,1788374608.777
5.631,1.2000,5.0000,0.0000,0.0000,0.0000,1788374608.797
5.651,1.2000,5.0000,0.0000,0.0000,0.0000,1788374608.817
5.671,1.2000,5.0000,0.0000,0.0000,0.0000,1788374608.837
5.691,1.2000,5.0000,0.0000,0.0000,0.0000,1788374608.857
5.711,1.2000,5.0000,0.0000,0.0000,0.0000,1788374608.877
5.731,1.2000,5.0000,0.0000,0.0000,0.0000,1788374608.897
5.751,1.2000,5.0000,0.0000,0.0000,0.0000,1788374608.917
5.771,1.2000,5.0000,0.0000,0.0000,0.0000,1788374608.937
5.791,1.2000,5.0000,0.0000,0.0000,0.0000,1788374608.957
5.811,1.2000,5.0000,0.0000,0.0000,0.0000,1788374608.977
5.831,1.2000,5.0000,0.0000,0.0000,0.0000,1788374608.997
5.851,1.2000,5.0000,0.0000,0.0000,0.0000,1788374609.017
5.871,1.2000,5.0000,0.0000,0.0000,0.0000,1788374609.037
5.891,1.2000,5.0000,0.0000,0.0000,0.0000,1788374609.057
5.911,1.2000,5.0000,0.0000,0.0000,0.0000,1788374609.077
5.931,1.2000,5.0000,0.0000,0.0000,0.0000,1788374609.097
5.951,1.2000,5.0000,0.0000,0.0000,0.0000,1788374609.117
5.971,1.2000,5.0000,0.0000,0.0000,0.0000,1788374609.137
5.991,1.2000,5.0000,0.0000,0.0000,0.0000,1788374609.157
6.011,1.2000,5.0000,0.0000,0.0000,0.0000,1788374609.177
6.031,1.2000,5.0000,0.0000,0.0000,0.0000,1788374609.197
6.051,1.2000,5.0000,0.0000,0.0000,0.0000,1788374609.217
6.071,1.2000,5.0000,0.0000,0.0000,0.0000,1788374609.237
6.091,1.2000,5.0000,0.0000,0.0000,0.0000,1788374609.257
6.111,1.2000,5.0000,0.0000,0.0000,0.0000,1788374609.277
6.131,1.2000,5.0000,0.0000,0.0000,0.0000,1788374609.297
6.151,1.2000,5.0000,0.0000,0.0000,0.0000,1788374609.317
6.171,1.2000,5.0000,0.0000,0.0000,0.0000,1788374609.337
6.192,1.2000,5.0000,0.0000,0.0000,0.0000,1788374609.357
6.212,1.2000,5.0000,0.0000,0.0000,0.0000,1788374609.378
6.231,1.2000,5.0000,0.0000,0.0000,0.0000,1788374609.397
6.251,1.2000,5.0000,0.0000,0.0000,0.0000,1788374609.417
6.271,1.2000,5.0000,0.0000,0.0000,0.0000,1788374609.437
6.291,1.2000,5.0000,0.0000,0.0000,0.0000,1788374609.457
6.311,1.2000,5.0000,0.0000,0.0000,0.0000,1788374609.477
6.331,1.2000,5.0000,0.0000,0.0000,0.0000,1788374609.497
6.351,1.2000,5.0000,0.0000,0.0000,0.0000,1788374609.517
6.371,1.2000,5.0000,0.0000,0.0000,0.0000,1788374609.537
6.391,1.2000,5.0000,0.0000,0.0000,0.0000,1788374609.557
6.411,1.2000,5.0000,0.0000,0.0000,0.0000,1788374609.577
6.431,1.2000,5.0000,0.0000,0.0000,0.0000,1788374609.597
6.451,1.2000,5.0000,0.0000,0.0000,0.0000,1788374609.617
6.471,1.2000,5.0000,0.0000,0.0000,0.0000,1788374609.637
6.491,1.2000,5.0000,0.0000,0.0000,0.0000,1788374609.657
6.511,1.2000,5.0000,0.0000,0.0000,0.0000,1788374609.677
6.531,1.2000,5.0000,0.0000,0.0000,0.0000,1788374609.697
6.551,1.2000,5.0000,0.0000,0.0000,0.0000,1788374609.717
6.571,1.2000,5.0000,0.0000,0.0000,0.0000,1788374609.737
6.591,1.2000,5.0000,0.0000,0.0000,0.0000,1788374609.757
6.611,1.2000,5.0000,0.0000,0.0000,0.0000,1788374609.777
6.631,1.2000,5.0000,0.0000,0.0000,0.0000,1788374609.797
6.651,1.2000,5.0000,0.0000,0.0000,0.0000,1788374609.817
6.671,1.2000,5.0000,0.0000,0.0000,0.0000,1788374609.837
6.691,1.2000,5.0000,0.0000,0.0000,0.0000,1788374609.857
6.711,1.2000,5.0000,0.0000,0.0000,0.0000,1788374609.877
6.731,1.2000,5.0000,0.0000,0.0000,0.0000,1788374609.897
6.751,1.2000,5.0000,0.0000,0.0000,0.0000,1788374609.917
6.771,1.2000,5.0000,0.0000,0.0000,0.0000,1788374609.937
6.791,1.2000,5.0000,0.0000,0.0000,0.0000,1788374609.957
6.811,1.2000,5.0000,0.0000,0.0000,0.0000,1788374609.977
6.831,1.2000,5.0000,0.0000,0.0000,0.0000,1788374609.997
6.851,1.2000,5.0000,0.0000,0.0000,0.0000,1788374610.017
6.871,1.2000,5.0000,0.0000,0.0000,0.0000,1788374610.037
6.891,1.2000,5.0000,0.0000,0.0000,0.0000,1788374610.057
6.911,1.2000,5.0000,0.0000,0.0000,0.0000,1788374610.077
6.931,1.2000,5.0000,0.0000,0.0000,0.0000,1788374610.097
6.951,1.2000,5.0000,0.0000,0.0000,0.0000,1788374610.117
6.971,1.2000,5.0000,0.0000,0.0000,0.0000,1788374610.137
6.991,1.2000,5.0000,0.0000,0.0000,0.0000,1788374610.157
7.011,1.2000,5.0000,0.0000,0.0000,0.0000,1788374610.177
7.031,1.2000,5.0000,0.0000,0.0000,0.0000,1788374610.197
7.051,1.2000,5.0000,0.0000,0.0000,0.0000,1788374610.217
7.071,1.2000,5.0000,0.0000,0.0000,0.0000,1788374610.237
7.091,1.2000,5.0000,0.0000,0.0000,0.0000,1788374610.257
7.111,1.2000,5.0000,0.0000,0.0000,0.0000,1788374610.277
7.131,1.2000,5.0000,0.0000,0.0000,0.0000,1788374610.297
7.151,1.2000,5.0000,0.0000,0.0000,0.0000,1788374610.317
7.171,1.2000,5.0000,0.0000,0.0000,0.0000,1788374610.337
7.191,1.2000,5.0000,0.0000,0.0000,0.0000,1788374610.357
7.211,1.2000,5.0000,0.0000,0.0000,0.0000,1788374610.377
7.232,1.2000,5.0000,0.0000,0.0000,0.0000,1788374610.398
7.252,1.2000,5.0000,0.0000,0.0000,0.0000,1788374610.418
7.271,1.2000,5.0000,0.0000,0.0000,0.0000,1788374610.437
7.291,1.2000,5.0000,0.0000,0.0000,0.0000,1788374610.457
7.311,1.2000,5.0000,0.0000,0.0000,0.0000,1788374610.477
7.331,1.2000,5.0000,0.0000,0.0000,0.0000,1788374610.497
7.351,1.2000,5.0000,0.0000,0.0000,0.0000,1788374610.517
7.371,1.2000,5.0000,0.0000,0.0000,0.0000,1788374610.537
7.391,1.2000,5.0000,0.0000,0.0000,0.0000,1788374610.557
7.411,1.2000,5.0000,0.0000,0.0000,0.0000,1788374610.577
7.431,1.2000,5.0000,0.0000,0.0000,0.0000,1788374610.597
7.451,1.2000,5.0000,0.0000,0.0000,0.0000,1788374610.617
7.471,1.2000,5.0000,0.0000,0.0000,0.0000,1788374610.637
7.491,1.2000,5.0000,0.0000,0.0000,0.0000,1788374610.657
7.511,1.2000,5.0000,0.0000,0.0000,0.0000,1788374610.677
7.531,1.2000,5.0000,0.0000,0.0000,0.0000,1788374610.697
7.551,1.2000,5.0000,0.0000,0.0000,0.0000,1788374610.717
7.571,1.2000,5.0000,0.0000,0.0000,0.0000,1788374610.737
7.591,1.2000,5.0000,0.0000,0.0000,0.0000,1788374610.757
7.611,1.2000,5.0000,0.0000,0.0000,0.0000,1788374610.777
7.631,1.2000,5.0000,0.0000,0.0000,0.0000,1788374610.797
7.651,1.2000,5.0000,0.0000,0.0000,0.0000,1788374610.817
7.671,1.2000,5.0000,0.0000,0.0000,0.0000,1788374610.837
7.691,1.2000,5.0000,0.0000,0.0000,0.0000,1788374610.857
7.711,1.2000,5.0000,0.0000,0.0000,0.0000,1788374610.877
7.731,1.2000,5.0000,0.0000,0.0000,0.0000,1788374610.897
7.751,1.2000,5.0000,0.0000,0.0000,0.0000,1788374610.917
7.771,1.2000,5.0000,0.0000,0.0000,0.0000,1788374610.937
7.791,1.2000,5.0000,0.0000,0.0000,0.0000,1788374610.957
7.811,1.2000,5.0000,0.0000,0.0000,0.0000,1788374610.977
7.831,1.2000,5.0000,0.0000,0.0000,0.0000,1788374610.997
7.851,1.2000,5.0000,0.0000,0.0000,0.0000,1788374611.017
7.871,1.2000,5.0000,0.0000,0.0000,0.0000,1788374611.037
7.891,1.2000,5.0000,0.0000,0.0000,0.0000,1788374611.057
7.911,1.2000,5.0000,0.0000,0.0000,0.0000,1788374611.077
7.931,1.2000,5.0000,0.0000,0.0000,0.0000,1788374611.097
7.951,1.2000,5.0000,0.0000,0.0000,0.0000,1788374611.117
7.971,1.2000,5.0000,0.0000,0.0000,0.0000,1788374611.137
7.991,1.2000,5.0000,0.0000,0.0000,0.0000,1788374611.157
8.011,1.2000,5.0000,0.0000,0.0000,0.0000,1788374611.177
8.031,1.2000,5.0000,0.0000,0.0000,0.0000,1788374611.197
8.051,1.2000,5.0000,0.0000,0.0000,0.0000,1788374611.217
8.071,1.2000,5.0000,0.0000,0.0000,0.0000,1788374611.237
8.091,1.2000,5.0000,0.0000,0.0000,0.0000,1788374611.257
8.111,1.2000,5.0000,0.0000,0.0000,0.0000,1788374611.277
8.131,1.2000,5.0000,0.0000,0.0000,0.0000,1788374611.297
8.151,1.2000,5.0000,0.0000,0.0000,0.0000,1788374611.317
8.171,1.2000,5.0000,0.0000,0.0000,0.0000,1788374611.337
8.191,1.2000,5.0000,0.0000,0.0000,0.0000,1788374611.357
8.211,1.2000,5.0000,0.0000,0.0000,0.0000,1788374611.377
8.231,1.2000,5.0000,0.0000,0.0000,0.0000,1788374611.397
8.251,1.2000,5.0000,0.0000,0.0000,0.0000,1788374611.417
8.272,1.2000,5.0000,0.0000,0.0000,0.0000,1788374611.438
8.291,1.2000,5.0000,0.0000,0.0000,0.0000,1788374611.457
8.311,1.2000,5.0000,0.0000,0.0000,0.0000,1788374611.477
8.331,1.2000,5.0000,0.0000,0.0000,0.0000,1788374611.497
8.351,1.2000,5.0000,0.0000,0.0000,0.0000,1788374611.517
8.371,1.2000,5.0000,0.0000,0.0000,0.0000,1788374611.537
8.391,1.2000,5.0000,0.0000,0.0000,0.0000,1788374611.557
8.411,1.2000,5.0000,0.0000,0.0000,0.0000,1788374611.577
8.431,1.2000,5.0000,0.0000,0.0000,0.0000,1788374611.597
8.451,1.2000,5.0000,0.0000,0.0000,0.0000,1788374611.617
8.471,1.2000,5.0000,0.0000,0.0000,0.0000,1788374611.637
8.491,1.2000,5.0000,0.0000,0.0000,0.0000,1788374611.657
8.511,1.2000,5.0000,0.0000,0.0000,0.0000,1788374611.677
8.531,1.2000,5.0000,0.0000,0.0000,0.0000,1788374611.697
8.551,1.2000,5.0000,0.0000,0.0000,0.0000,1788374611.717
8.571,1.2000,5.0000,0.0000,0.0000,0.0000,1788374611.737
8.591,1.2000,5.0000,0.0000,0.0000,0.0000,1788374611.757
8.611,1.2000,5.0000,0.0000,0.0000,0.0000,1788374611.777
8.631,1.2000,5.0000,0.0000,0.0000,0.0000,1788374611.797
8.651,1.2000,5.0000,0.0000,0.0000,0.0000,1788374611.817
8.671,1.2000,5.0000,0.0000,0.0000,0.0000,1788374611.837
8.691,1.2000,5.0000,0.0000,0.0000,0.0000,1788374611.857
8.711,1.2000,5.0000,0.0000,0.0000,0.0000,1788374611.877
8.731,1.2000,5.0000,0.0000,0.0000,0.0000,1788374611.897
8.751,1.2000,5.0000,0.0000,0.0000,0.0000,1788374611.917
8.771,1.2000,5.0000,0.0000,0.0000,0.0000,1788374611.937
8.791,1.2000,5.0000,0.0000,0.0000,0.0000,1788374611.957
8.811,1.2000,5.0000,0.0000,0.0000,0.0000,1788374611.977
8.831,1.2000,5.0000,0.0000,0.0000,0.0000,1788374611.997
8.851,1.2000,5.0000,0.0000,0.0000,0.0000,1788374612.017
8.871,1.2000,5.0000,0.0000,0.0000,0.0000,1788374612.037
8.891,1.2000,5.0000,0.0000,0.0000,0.0000,1788374612.057
8.911,1.2000,5.0000,0.0000,0.0000,0.0000,1788374612.077
8.931,1.2000,5.0000,0.0000,0.0000,0.0000,1788374612.097
8.951,1.2000,5.0000,0.0000,0.0000,0.0000,1788374612.117
8.971,1.2000,5.0000,0.0000,0.0000,0.0000,1788374612.137
8.991,1.2000,5.0000,0.0000,0.0000,0.0000,1788374612.157
9.011,1.2000,5.0000,0.0000,0.0000,0.0000,1788374612.177
9.031,1.2000,5.0000,0.0000,0.0000,0.0000,1788374612.197
9.051,1.2000,5.0000,0.0000,0.0000,0.0000,1788374612.217
9.071,1.2000,5.0000,0.0000,0.0000,0.0000,1788374612.237
9.091,1.2000,5.0000,0.0000,0.0000,0.0000,1788374612.257
9.111,1.2000,5.0000,0.0000,0.0000,0.0000,1788374612.277
9.131,1.2000,5.0000,0.0000,0.0000,0.0000,1788374612.297
9.151,1.2000,5.0000,0.0000,0.0000,0.0000,1788374612.317
9.171,1.2000,5.0000,0.0000,0.0000,0.0000,1788374612.337
9.191,1.2000,5.0000,0.0000,0.0000,0.0000,1788374612.357
9.211,1.2000,5.0000,0.0000,0.0000,0.0000,1788374612.377
9.231,1.2000,5.0000,0.0000,0.0000,0.0000,1788374612.397
9.251,1.2000,5.0000,0.0000,0.0000,0.0000,1788374612.417
9.271,1.2000,5.0000,0.0000,0.0000,0.0000,1788374612.437
9.292,1.2000,5.0000,0.0000,0.0000,0.0000,1788374612.457
9.312,1.2000,5.0000,0.0000,0.0000,0.0000,1788374612.477
9.331,1.2000,5.0000,0.0000,0.0000,0.0000,1788374612.497
9.351,1.2000,5.0000,0.0000,0.0000,0.0000,1788374612.517
9.371,1.2000,5.0000,0.0000,0.0000,0.0000,1788374612.537
9.391,1.2000,5.0000,0.0000,0.0000,0.0000,1788374612.557
9.411,1.2000,5.0000,0.0000,0.0000,0.0000,1788374612.577
9.431,1.2000,5.0000,0.0000,0.0000,0.0000,1788374612.597
9.451,1.2000,5.0000,0.0000,0.0000,0.0000,1788374612.617
9.471,1.2000,5.0000,0.0000,0.0000,0.0000,1788374612.637
9.491,1.2000,5.0000,0.0000,0.0000,0.0000,1788374612.657
9.511,1.2000,5.0000,0.0000,0.0000,0.0000,1788374612.677
9.531,1.2000,5.0000,0.0000,0.0000,0.0000,1788374612.697
9.551,1.2000,5.0000,0.0000,0.0000,0.0000,1788374612.717
9.571,1.2000,5.0000,0.0000,0.0000,0.0000,1788374612.737
9.591,1.2000,5.0000,0.0000,0.0000,0.0000,1788374612.757
9.611,1.2000,5.0000,0.0000,0.0000,0.0000,1788374612.777
9.631,1.2000,5.0000,0.0000,0.0000,0.0000,1788374612.797
9.651,1.2000,5.0000,0.0000,0.0000,0.0000,1788374612.817
9.672,1.2000,5.0000,0.0000,0.0000,0.0000,1788374612.837
9.692,1.2000,5.0000,0.0000,0.0000,0.0000,1788374612.858
9.712,1.2000,5.0000,0.0000,0.0000,0.0000,1788374612.878
9.732,1.2000,5.0000,0.0000,0.0000,0.0000,1788374612.898
9.752,1.2000,5.0000,0.0000,0.0000,0.0000,1788374612.917
9.772,1.2000,5.0000,0.0000,0.0000,0.0000,1788374612.937
9.792,1.2000,5.0000,0.0000,0.0000,0.0000,1788374612.958
9.812,1.2000,5.0000,0.0000,0.0000,0.0000,1788374612.977
9.832,1.2000,5.0000,0.0000,0.0000,0.0000,1788374612.997
9.852,1.2000,5.0000,0.0000,0.0000,0.0000,1788374613.018
9.872,1.2000,5.0000,0.0000,0.0000,0.0000,1788374613.037
9.893,1.2000,5.0000,0.0000,0.0000,0.0000,1788374613.058
9.912,1.2000,5.0000,0.0000,0.0000,0.0000,1788374613.077
9.931,1.2000,5.0000,0.0000,0.0000,0.0000,1788374613.097
9.951,1.2000,5.0000,0.0000,0.0000,0.0000,1788374613.117
9.971,1.2000,5.0000,0.0000,0.0000,0.0000,1788374613.137
9.991,1.2000,5.0000,0.0000,0.0000,0.0000,1788374613.157
10.011,1.2000,5.0000,0.0000,0.0000,0.0000,1788374613.177
10.031,1.2000,5.0000,0.0000,0.0000,0.0000,1788374613.197
10.051,1.2000,5.0000,0.0000,0.0000,0.0000,1788374613.217
10.071,1.2000,5.0000,0.0000,0.0000,0.0000,1788374613.237
10.091,1.2000,5.0000,0.0000,0.0000,0.0000,1788374613.257
10.111,1.2000,5.0000,0.0000,0.0000,0.0000,1788374613.277
10.131,1.2000,5.0000,0.0000,0.0000,0.0000,1788374613.297
10.151,1.2000,5.0000,0.0000,0.0000,0.0000,1788374613.317
10.171,1.2000,5.0000,0.0000,0.0000,0.0000,1788374613.337
10.191,1.2000,5.0000,0.0000,0.0000,0.0000,1788374613.357
10.211,1.2000,5.0000,0.0000,0.0000,0.0000,1788374613.377
10.236,1.2000,5.0000,0.0000,0.0000,0.0000,1788374613.402
10.251,1.2000,5.0000,0.0000,0.0000,0.0000,1788374613.417
10.272,1.2000,5.0000,0.0000,0.0000,0.0000,1788374613.437
10.292,1.2000,5.0000,0.0000,0.0000,0.0000,1788374613.457
10.312,1.2000,5.0000,0.0000,0.0000,0.0000,1788374613.477
10.332,1.2000,5.0000,0.0000,0.0000,0.0000,1788374613.497
10.351,1.2016,5.0000,0.0019,0.0780,0.0944,1788374613.517
10.371,1.2031,5.0000,0.0038,0.0780,0.0944,1788374613.537
10.391,1.2047,5.0000,0.0057,0.0780,0.0944,1788374613.557
10.411,1.2062,5.0000,0.0075,0.0780,0.0944,1788374613.577
10.431,1.2089,5.0001,0.0096,0.1345,0.1022,1788374613.597
10.451,1.2116,5.0001,0.0116,0.1345,0.1022,1788374613.617
10.471,1.2143,5.0001,0.0137,0.1345,0.1022,1788374613.637
10.491,1.2170,5.0002,0.0157,0.1345,0.1022,1788374613.657
10.511,1.2197,5.0002,0.0178,0.1345,0.1022,1788374613.677
10.531,1.2235,5.0003,0.0195,0.1903,0.0882,1788374613.697
10.551,1.2273,5.0004,0.0213,0.1903,0.0882,1788374613.717
10.571,1.2311,5.0005,0.0231,0.1903,0.0882,1788374613.737
10.591,1.2349,5.0006,0.0248,0.1903,0.0882,1788374613.757
10.611,1.2387,5.0007,0.0266,0.1903,0.0882,1788374613.777
10.631,1.2437,5.0008,0.0280,0.2516,0.0723,1788374613.797
10.651,1.2488,5.0009,0.0295,0.2516,0.0723,1788374613.817
10.671,1.2538,5.0011,0.0309,0.2516,0.0723,1788374613.837
10.691,1.2588,5.0013,0.0324,0.2516,0.0723,1788374613.857
10.711,1.2639,5.0014,0.0338,0.2516,0.0723,1788374613.877
10.731,1.2698,5.0016,0.0349,0.2994,0.0563,1788374613.897
10.751,1.2758,5.0019,0.0361,0.2994,0.0563,1788374613.917
10.771,1.2818,5.0021,0.0372,0.2994,0.0563,1788374613.937
10.791,1.2878,5.0023,0.0383,0.2994,0.0563,1788374613.957
10.811,1.2938,5.0025,0.0394,0.2994,0.0563,1788374613.977
10.831,1.3006,5.0028,0.0409,0.3397,0.0734,1788374613.997
10.851,1.3074,5.0031,0.0424,0.3397,0.0734,1788374614.017
10.871,1.3141,5.0034,0.0438,0.3397,0.0734,1788374614.037
10.891,1.3209,5.0037,0.0453,0.3397,0.0734,1788374614.057
10.911,1.3277,5.0040,0.0468,0.3397,0.0734,1788374614.077
10.931,1.3351,5.0044,0.0485,0.3700,0.0880,1788374614.097
10.951,1.3425,5.0048,0.0503,0.3700,0.0880,1788374614.117
10.971,1.3499,5.0051,0.0521,0.3700,0.0880,1788374614.137
10.991,1.3573,5.0055,0.0538,0.3700,0.0880,1788374614.157
11.011,1.3647,5.0060,0.0556,0.3700,0.0880,1788374614.177
11.031,1.3725,5.0064,0.0572,0.3939,0.0817,1788374614.197
11.051,1.3804,5.0069,0.0589,0.3939,0.0817,1788374614.217
11.071,1.3883,5.0073,0.0605,0.3939,0.0817,1788374614.237
11.091,1.3961,5.0078,0.0621,0.3939,0.0817,1788374614.257
11.111,1.4040,5.0083,0.0638,0.3939,0.0817,1788374614.277
11.131,1.4120,5.0089,0.0651,0.4024,0.0689,1788374614.297
11.151,1.4200,5.0094,0.0665,0.4024,0.0689,1788374614.317
11.171,1.4281,5.0099,0.0679,0.4024,0.0689,1788374614.337
11.191,1.4361,5.0105,0.0693,0.4024,0.0689,1788374614.357
11.211,1.4441,5.0111,0.0706,0.4024,0.0689,1788374614.377
11.231,1.4522,5.0116,0.0714,0.4037,0.0375,1788374614.397
11.251,1.4602,5.0122,0.0721,0.4037,0.0375,1788374614.417
11.271,1.4683,5.0128,0.0729,0.4037,0.0375,1788374614.437
11.291,1.4763,5.0134,0.0736,0.4037,0.0375,1788374614.457
11.311,1.4844,5.0140,0.0744,0.4037,0.0375,1788374614.477
11.331,1.4924,5.0146,0.0745,0.4022,0.0061,1788374614.497
11.352,1.5004,5.0152,0.0746,0.4022,0.0061,1788374614.517
11.372,1.5085,5.0158,0.0748,0.4022,0.0061,1788374614.537
11.391,1.5165,5.0164,0.0749,0.4022,0.0061,1788374614.557
11.411,1.5245,5.0170,0.0750,0.4022,0.0061,1788374614.577
11.431,1.5325,5.0176,0.0746,0.4009,-0.0222,1788374614.597
11.451,1.5405,5.0182,0.0741,0.4009,-0.0222,1788374614.617
11.471,1.5485,5.0188,0.0737,0.4009,-0.0222,1788374614.637
11.491,1.5565,5.0194,0.0732,0.4009,-0.0222,1788374614.657
11.511,1.5645,5.0200,0.0728,0.4009,-0.0222,1788374614.677
11.531,1.5725,5.0205,0.0720,0.4002,-0.0385,1788374614.697
11.551,1.5804,5.0211,0.0712,0.4002,-0.0385,1788374614.717
11.571,1.5884,5.0217,0.0705,0.4002,-0.0385,1788374614.737
11.591,1.5964,5.0222,0.0697,0.4002,-0.0385,1788374614.757
11.611,1.6044,5.0228,0.0689,0.4002,-0.0385,1788374614.777
11.631,1.6124,5.0233,0.0681,0.4000,-0.0414,1788374614.797
11.651,1.6204,5.0239,0.0673,0.4000,-0.0414,1788374614.817
11.671,1.6283,5.0244,0.0664,0.4000,-0.0414,1788374614.837
11.691,1.6363,5.0249,0.0656,0.4000,-0.0414,1788374614.857
11.711,1.6443,5.0254,0.0648,0.4000,-0.0414,1788374614.877
11.731,1.6523,5.0259,0.0642,0.4001,-0.0319,1788374614.897
11.751,1.6603,5.0265,0.0635,0.4001,-0.0319,1788374614.917
11.771,1.6683,5.0270,0.0629,0.4001,-0.0319,1788374614.937
11.791,1.6763,5.0275,0.0622,0.4001,-0.0319,1788374614.957
11.811,1.6842,5.0280,0.0616,0.4001,-0.0319,1788374614.977
11.831,1.6922,5.0284,0.0613,0.4001,-0.0150,1788374614.997
11.851,1.7002,5.0289,0.0610,0.4001,-0.0150,1788374615.017
11.871,1.7082,5.0294,0.0607,0.4001,-0.0150,1788374615.037
11.891,1.7162,5.0299,0.0604,0.4001,-0.0150,1788374615.057
11.911,1.7242,5.0304,0.0601,0.4001,-0.0150,1788374615.077
11.931,1.7322,5.0309,0.0601,0.4001,0.0002,1788374615.097
11.951,1.7401,5.0313,0.0601,0.4001,0.0002,1788374615.117
11.971,1.7481,5.0318,0.0601,0.4001,0.0002,1788374615.137
11.991,1.7561,5.0323,0.0601,0.4001,0.0002,1788374615.157
12.011,1.7641,5.0328,0.0601,0.4001,0.0002,1788374615.177
12.031,1.7721,5.0333,0.0604,0.4001,0.0131,1788374615.197
12.051,1.7801,5.0337,0.0606,0.4001,0.0131,1788374615.217
12.071,1.7881,5.0342,0.0609,0.4001,0.0131,1788374615.237
12.091,1.7961,5.0347,0.0612,0.4001,0.0131,1788374615.257
12.111,1.8041,5.0352,0.0614,0.4001,0.0131,1788374615.277
12.131,1.8120,5.0357,0.0618,0.4002,0.0206,1788374615.297
12.151,1.8200,5.0362,0.0623,0.4002,0.0206,1788374615.317
12.171,1.8280,5.0367,0.0627,0.4002,0.0206,1788374615.337
12.191,1.8360,5.0372,0.0631,0.4002,0.0206,1788374615.357
12.211,1.8440,5.0377,0.0635,0.4002,0.0206,1788374615.377
12.231,1.8520,5.0382,0.0639,0.4003,0.0227,1788374615.397
12.251,1.8600,5.0387,0.0644,0.4003,0.0227,1788374615.417
12.271,1.8680,5.0393,0.0649,0.4003,0.0227,1788374615.437
12.291,1.8760,5.0398,0.0653,0.4003,0.0227,1788374615.457
12.311,1.8839,5.0403,0.0658,0.4003,0.0227,1788374615.477
12.331,1.8919,5.0408,0.0662,0.4002,0.0202,1788374615.497
12.351,1.8999,5.0414,0.0666,0.4002,0.0202,1788374615.517
12.371,1.9079,5.0419,0.0670,0.4002,0.0202,1788374615.537
12.392,1.9159,5.0425,0.0674,0.4002,0.0202,1788374615.557
12.412,1.9239,5.0430,0.0678,0.4002,0.0202,1788374615.577
12.432,1.9319,5.0435,0.0681,0.4002,0.0137,1788374615.597
12.451,1.9398,5.0441,0.0683,0.4002,0.0137,1788374615.617
12.471,1.9478,5.0446,0.0686,0.4002,0.0137,1788374615.637
12.491,1.9558,5.0452,0.0689,0.4002,0.0137,1788374615.657
12.511,1.9638,5.0457,0.0691,0.4002,0.0137,1788374615.677
12.532,1.9718,5.0463,0.0693,0.4002,0.0054,1788374615.697
12.551,1.9798,5.0468,0.0694,0.4002,0.0054,1788374615.717
12.571,1.9878,5.0474,0.0695,0.4002,0.0054,1788374615.737
12.591,1.9957,5.0480,0.0696,0.4002,0.0054,1788374615.757
12.611,2.0037,5.0485,0.0697,0.4002,0.0054,1788374615.777
12.631,2.0117,5.0491,0.0697,0.4003,-0.0019,1788374615.797
12.651,2.0197,5.0496,0.0696,0.4003,-0.0019,1788374615.817
12.671,2.0277,5.0502,0.0696,0.4003,-0.0019,1788374615.837
12.691,2.0357,5.0507,0.0695,0.4003,-0.0019,1788374615.857
12.711,2.0437,5.0513,0.0695,0.4003,-0.0019,1788374615.877
12.731,2.0516,5.0519,0.0694,0.4003,-0.0070,1788374615.897
12.751,2.0596,5.0524,0.0692,0.4003,-0.0070,1788374615.917
12.771,2.0676,5.0530,0.0691,0.4003,-0.0070,1788374615.937
12.791,2.0756,5.0535,0.0689,0.4003,-0.0070,1788374615.957
12.811,2.0836,5.0541,0.0688,0.4003,-0.0070,1788374615.977
12.831,2.0916,5.0546,0.0686,0.4003,-0.0089,1788374615.997
12.851,2.0996,5.0552,0.0684,0.4003,-0.0089,1788374616.017
12.871,2.1076,5.0557,0.0683,0.4003,-0.0089,1788374616.037
12.891,2.1155,5.0563,0.0681,0.4003,-0.0089,1788374616.057
12.911,2.1235,5.0568,0.0679,0.4003,-0.0089,1788374616.077
12.931,2.1315,5.0573,0.0677,0.4003,-0.0109,1788374616.097
12.951,2.1395,5.0579,0.0675,0.4003,-0.0109,1788374616.117
12.971,2.1475,5.0584,0.0673,0.4003,-0.0109,1788374616.137
12.991,2.1555,5.0589,0.0670,0.4003,-0.0109,1788374616.157
13.011,2.1635,5.0595,0.0668,0.4003,-0.0109,1788374616.177
13.031,2.1715,5.0600,0.0666,0.4003,-0.0106,1788374616.197
13.051,2.1794,5.0605,0.0664,0.4003,-0.0106,1788374616.217
13.071,2.1874,5.0611,0.0662,0.4003,-0.0106,1788374616.237
13.091,2.1954,5.0616,0.0660,0.4003,-0.0106,1788374616.257
13.111,2.2034,5.0621,0.0658,0.4003,-0.0106,1788374616.277
13.131,2.2114,5.0627,0.0656,0.4003,-0.0091,1788374616.297
13.151,2.2194,5.0632,0.0654,0.4003,-0.0091,1788374616.317
13.171,2.2274,5.0637,0.0652,0.4003,-0.0091,1788374616.337
13.191,2.2354,5.0642,0.0650,0.4003,-0.0091,1788374616.357
13.211,2.2434,5.0647,0.0648,0.4003,-0.0091,1788374616.377
13.231,2.2513,5.0653,0.0647,0.4003,-0.0066,1788374616.397
13.251,2.2593,5.0658,0.0646,0.4003,-0.0066,1788374616.417
13.271,2.2673,5.0663,0.0644,0.4003,-0.0066,1788374616.437
13.291,2.2753,5.0668,0.0643,0.4003,-0.0066,1788374616.457
13.311,2.2833,5.0673,0.0642,0.4003,-0.0066,1788374616.477
13.331,2.2913,5.0678,0.0641,0.4003,-0.0036,1788374616.497
13.351,2.2993,5.0683,0.0640,0.4003,-0.0036,1788374616.517
13.371,2.3073,5.0689,0.0640,0.4003,-0.0036,1788374616.537
13.391,2.3153,5.0694,0.0639,0.4003,-0.0036,1788374616.557
13.412,2.3232,5.0699,0.0638,0.4003,-0.0036,1788374616.578
13.431,2.3312,5.0704,0.0638,0.4002,-0.0027,1788374616.597
13.451,2.3392,5.0709,0.0637,0.4002,-0.0027,1788374616.617
13.471,2.3472,5.0714,0.0637,0.4002,-0.0027,1788374616.637
13.491,2.3552,5.0719,0.0636,0.4002,-0.0027,1788374616.657
13.511,2.3632,5.0724,0.0636,0.4002,-0.0027,1788374616.677
13.531,2.3712,5.0729,0.0635,0.4002,-0.0023,1788374616.697
13.551,2.3792,5.0734,0.0635,0.4002,-0.0023,1788374616.717
13.571,2.3871,5.0739,0.0634,0.4002,-0.0023,1788374616.737
13.591,2.3951,5.0745,0.0634,0.4002,-0.0023,1788374616.757
13.611,2.4031,5.0750,0.0633,0.4002,-0.0023,1788374616.777
13.631,2.4111,5.0755,0.0633,0.4003,-0.0018,1788374616.797
13.651,2.4191,5.0760,0.0633,0.4003,-0.0018,1788374616.817
13.671,2.4271,5.0765,0.0632,0.4003,-0.0018,1788374616.837
13.691,2.4351,5.0770,0.0632,0.4003,-0.0018,1788374616.857
13.711,2.4431,5.0775,0.0632,0.4003,-0.0018,1788374616.877
13.731,2.4511,5.0780,0.0631,0.4003,-0.0009,1788374616.897
13.751,2.4591,5.0785,0.0631,0.4003,-0.0009,1788374616.917
13.771,2.4670,5.0790,0.0631,0.4003,-0.0009,1788374616.937
13.791,2.4750,5.0795,0.0631,0.4003,-0.0009,1788374616.957
13.811,2.4830,5.0800,0.0631,0.4003,-0.0009,1788374616.977
13.831,2.4910,5.0805,0.0631,0.4003,0.0005,1788374616.997
13.851,2.4990,5.0810,0.0631,0.4003,0.0005,1788374617.017
13.871,2.5070,5.0815,0.0631,0.4003,0.0005,1788374617.037
13.891,2.5150,5.0820,0.0631,0.4003,0.0005,1788374617.057
13.911,2.5230,5.0825,0.0631,0.4003,0.0005,1788374617.077
13.931,2.5310,5.0830,0.0631,0.4002,-0.0000,1788374617.097
13.951,2.5389,5.0835,0.0631,0.4002,-0.0000,1788374617.117
13.971,2.5469,5.0841,0.0631,0.4002,-0.0000,1788374617.137
13.991,2.5549,5.0846,0.0631,0.4002,-0.0000,1788374617.157
14.011,2.5629,5.0851,0.0631,0.4002,-0.0000,1788374617.177
14.031,2.5709,5.0856,0.0631,0.4002,-0.0006,1788374617.197
14.051,2.5789,5.0861,0.0631,0.4002,-0.0006,1788374617.217
14.071,2.5869,5.0866,0.0631,0.4002,-0.0006,1788374617.237
14.091,2.5949,5.0871,0.0631,0.4002,-0.0006,1788374617.257
14.111,2.6029,5.0876,0.0630,0.4002,-0.0006,1788374617.277
14.131,2.6108,5.0881,0.0630,0.4003,-0.0011,1788374617.297
14.151,2.6188,5.0886,0.0630,0.4003,-0.0011,1788374617.317
14.171,2.6268,5.0891,0.0630,0.4003,-0.0011,1788374617.337
14.191,2.6348,5.0896,0.0630,0.4003,-0.0011,1788374617.357
14.211,2.6428,5.0901,0.0629,0.4003,-0.0011,1788374617.377
14.231,2.6508,5.0906,0.0629,0.4003,-0.0006,1788374617.397
14.251,2.6588,5.0911,0.0629,0.4003,-0.0006,1788374617.417
14.271,2.6668,5.0916,0.0629,0.4003,-0.0006,1788374617.437
14.291,2.6748,5.0921,0.0629,0.4003,-0.0006,1788374617.457
14.311,2.6828,5.0926,0.0629,0.4003,-0.0006,1788374617.477
14.332,2.6907,5.0931,0.0629,0.4003,0.0006,1788374617.498
14.351,2.6987,5.0936,0.0629,0.4003,0.0006,1788374617.517
14.371,2.7067,5.0941,0.0629,0.4003,0.0006,1788374617.537
14.391,2.7147,5.0946,0.0629,0.4003,0.0006,1788374617.557
14.411,2.7227,5.0951,0.0629,0.4003,0.0006,1788374617.577
14.431,2.7307,5.0956,0.0629,0.4002,-0.0001,1788374617.597
14.452,2.7387,5.0961,0.0629,0.4002,-0.0001,1788374617.617
14.472,2.7467,5.0966,0.0629,0.4002,-0.0001,1788374617.637
14.491,2.7547,5.0971,0.0629,0.4002,-0.0001,1788374617.657
14.511,2.7626,5.0977,0.0629,0.4002,-0.0001,1788374617.677
14.531,2.7706,5.0982,0.0629,0.4002,-0.0006,1788374617.697
14.551,2.7786,5.0987,0.0629,0.4002,-0.0006,1788374617.717
14.571,2.7866,5.0992,0.0629,0.4002,-0.0006,1788374617.737
14.591,2.7946,5.0997,0.0629,0.4002,-0.0006,1788374617.757
14.611,2.8026,5.1002,0.0629,0.4002,-0.0006,1788374617.777
14.631,2.8106,5.1007,0.0629,0.4003,-0.0010,1788374617.797
14.651,2.8186,5.1012,0.0628,0.4003,-0.0010,1788374617.817
14.671,2.8266,5.1017,0.0628,0.4003,-0.0010,1788374617.837
14.691,2.8345,5.1022,0.0628,0.4003,-0.0010,1788374617.857
14.711,2.8425,5.1027,0.0628,0.4003,-0.0010,1788374617.877
14.731,2.8505,5.1032,0.0628,0.4003,-0.0004,1788374617.897
14.751,2.8585,5.1037,0.0628,0.4003,-0.0004,1788374617.917
14.771,2.8665,5.1042,0.0628,0.4003,-0.0004,1788374617.937
14.791,2.8745,5.1047,0.0627,0.4003,-0.0004,1788374617.957
14.811,2.8825,5.1052,0.0627,0.4003,-0.0004,1788374617.977
14.831,2.8905,5.1057,0.0628,0.4003,0.0010,1788374617.997
14.851,2.8985,5.1062,0.0628,0.4003,0.0010,1788374618.017
14.871,2.9065,5.1067,0.0628,0.4003,0.0010,1788374618.037
14.891,2.9144,5.1072,0.0628,0.4003,0.0010,1788374618.057
14.911,2.9224,5.1077,0.0628,0.4003,0.0010,1788374618.077
14.931,2.9304,5.1082,0.0628,0.4002,0.0001,1788374618.097
14.951,2.9384,5.1087,0.0628,0.4002,0.0001,1788374618.117
14.971,2.9464,5.1092,0.0628,0.4002,0.0001,1788374618.137
14.991,2.9544,5.1097,0.0629,0.4002,0.0001,1788374618.157
15.011,2.9624,5.1102,0.0629,0.4002,0.0001,1788374618.177
15.031,2.9704,5.1107,0.0628,0.4002,-0.0003,1788374618.197
15.051,2.9784,5.1112,0.0628,0.4002,-0.0003,1788374618.217
15.071,2.9863,5.1117,0.0628,0.4002,-0.0003,1788374618.237
15.091,2.9943,5.1122,0.0628,0.4002,-0.0003,1788374618.257
15.111,3.0023,5.1127,0.0628,0.4002,-0.0003,1788374618.277
15.131,3.0103,5.1132,0.0628,0.4003,-0.0007,1788374618.297
15.151,3.0183,5.1137,0.0628,0.4003,-0.0007,1788374618.317
15.171,3.0263,5.1142,0.0628,0.4003,-0.0007,1788374618.337
15.191,3.0343,5.1147,0.0628,0.4003,-0.0007,1788374618.357
15.211,3.0423,5.1152,0.0628,0.4003,-0.0007,1788374618.377
15.231,3.0503,5.1157,0.0628,0.4003,-0.0002,1788374618.397
15.251,3.0583,5.1162,0.0628,0.4003,-0.0002,1788374618.417
15.271,3.0662,5.1167,0.0627,0.4003,-0.0002,1788374618.437
15.291,3.0742,5.1173,0.0627,0.4003,-0.0002,1788374618.457
15.311,3.0822,5.1178,0.0627,0.4003,-0.0002,1788374618.477
15.331,3.0902,5.1183,0.0628,0.4003,0.0012,1788374618.497
15.351,3.0982,5.1188,0.0628,0.4003,0.0012,1788374618.517
15.371,3.1062,5.1193,0.0628,0.4003,0.0012,1788374618.537
15.391,3.1142,5.1198,0.0628,0.4003,0.0012,1788374618.557
15.411,3.1222,5.1203,0.0629,0.4003,0.0012,1788374618.577
15.431,3.1302,5.1208,0.0629,0.4002,0.0002,1788374618.597
15.451,3.1382,5.1213,0.0629,0.4002,0.0002,1788374618.617
15.471,3.1461,5.1218,0.0629,0.4002,0.0002,1788374618.637
15.492,3.1541,5.1223,0.0629,0.4002,0.0002,1788374618.657
15.512,3.1621,5.1228,0.0629,0.4002,0.0002,1788374618.677
15.531,3.1701,5.1233,0.0629,0.4002,-0.0002,1788374618.697
15.551,3.1781,5.1238,0.0629,0.4002,-0.0002,1788374618.717
15.571,3.1861,5.1243,0.0629,0.4002,-0.0002,1788374618.737
15.591,3.1941,5.1248,0.0629,0.4002,-0.0002,1788374618.757
15.611,3.2021,5.1253,0.0629,0.4002,-0.0002,1788374618.777
15.631,3.2101,5.1258,0.0629,0.4003,-0.0006,1788374618.797
15.651,3.2180,5.1263,0.0628,0.4003,-0.0006,1788374618.817
15.671,3.2260,5.1268,0.0628,0.4003,-0.0006,1788374618.837
15.691,3.2340,5.1273,0.0628,0.4003,-0.0006,1788374618.857
15.711,3.2420,5.1278,0.0628,0.4003,-0.0006,1788374618.877
15.731,3.2500,5.1283,0.0628,0.4003,-0.0002,1788374618.897
15.751,3.2580,5.1288,0.0628,0.4003,-0.0002,1788374618.917
15.771,3.2660,5.1293,0.0628,0.4003,-0.0002,1788374618.937
15.791,3.2740,5.1298,0.0628,0.4003,-0.0002,1788374618.957
15.811,3.2820,5.1303,0.0628,0.4003,-0.0002,1788374618.977
15.831,3.2900,5.1308,0.0628,0.4003,0.0013,1788374618.997
15.851,3.2979,5.1313,0.0628,0.4003,0.0013,1788374619.017
15.871,3.3059,5.1318,0.0629,0.4003,0.0013,1788374619.037
15.891,3.3139,5.1323,0.0629,0.4003,0.0013,1788374619.057
15.911,3.3219,5.1328,0.0629,0.4003,0.0013,1788374619.077
15.931,3.3299,5.1333,0.0629,0.4002,0.0002,1788374619.097
15.951,3.3379,5.1338,0.0629,0.4002,0.0002,1788374619.117
15.971,3.3459,5.1343,0.0629,0.4002,0.0002,1788374619.137
15.991,3.3539,5.1348,0.0629,0.4002,0.0002,1788374619.157
16.011,3.3619,5.1354,0.0629,0.4002,0.0002,1788374619.177
16.031,3.3698,5.1359,0.0629,0.4002,-0.0002,1788374619.197
16.051,3.3778,5.1364,0.0629,0.4002,-0.0002,1788374619.217
16.071,3.3858,5.1369,0.0629,0.4002,-0.0002,1788374619.237
16.091,3.3938,5.1374,0.0629,0.4002,-0.0002,1788374619.257
16.111,3.4018,5.1379,0.0629,0.4002,-0.0002,1788374619.277
16.131,3.4098,5.1384,0.0629,0.4003,-0.0006,1788374619.297
16.151,3.4178,5.1389,0.0629,0.4003,-0.0006,1788374619.317
16.171,3.4258,5.1394,0.0629,0.4003,-0.0006,1788374619.337
16.191,3.4338,5.1399,0.0629,0.4003,-0.0006,1788374619.357
16.211,3.4418,5.1404,0.0629,0.4003,-0.0006,1788374619.377
16.231,3.4497,5.1409,0.0629,0.4003,-0.0001,1788374619.397
16.251,3.4577,5.1414,0.0629,0.4003,-0.0001,1788374619.417
16.271,3.4657,5.1419,0.0629,0.4003,-0.0001,1788374619.437
16.291,3.4737,5.1424,0.0629,0.4003,-0.0001,1788374619.457
16.311,3.4817,5.1429,0.0629,0.4003,-0.0001,1788374619.477
16.331,3.4897,5.1434,0.0629,0.4003,0.0014,1788374619.497
16.351,3.4977,5.1439,0.0629,0.4003,0.0014,1788374619.517
16.371,3.5057,5.1444,0.0629,0.4003,0.0014,1788374619.537
16.391,3.5137,5.1449,0.0630,0.4003,0.0014,1788374619.557
16.411,3.5217,5.1454,0.0630,0.4003,0.0014,1788374619.577
16.431,3.5296,5.1459,0.0630,0.4002,0.0003,1788374619.597
16.451,3.5376,5.1464,0.0630,0.4002,0.0003,1788374619.617
16.471,3.5456,5.1469,0.0630,0.4002,0.0003,1788374619.637
16.491,3.5536,5.1474,0.0630,0.4002,0.0003,1788374619.657
16.511,3.5616,5.1479,0.0630,0.4002,0.0003,1788374619.677
16.532,3.5696,5.1484,0.0630,0.4002,-0.0002,1788374619.697
16.551,3.5776,5.1489,0.0630,0.4002,-0.0002,1788374619.717
16.571,3.5856,5.1494,0.0630,0.4002,-0.0002,1788374619.737
16.591,3.5936,5.1500,0.0630,0.4002,-0.0002,1788374619.757
16.611,3.6015,5.1505,0.0630,0.4002,-0.0002,1788374619.777
16.631,3.6095,5.1510,0.0630,0.4003,-0.0006,1788374619.797
16.651,3.6175,5.1515,0.0630,0.4003,-0.0006,1788374619.817
16.671,3.6255,5.1520,0.0630,0.4003,-0.0006,1788374619.837
16.691,3.6335,5.1525,0.0630,0.4003,-0.0006,1788374619.857
16.711,3.6415,5.1530,0.0629,0.4003,-0.0006,1788374619.877
16.731,3.6495,5.1535,0.0629,0.4003,-0.0001,1788374619.897
16.751,3.6575,5.1540,0.0629,0.4003,-0.0001,1788374619.917
16.771,3.6655,5.1545,0.0629,0.4003,-0.0001,1788374619.937
16.791,3.6735,5.1550,0.0629,0.4003,-0.0001,1788374619.957
16.811,3.6814,5.1555,0.0629,0.4003,-0.0001,1788374619.977
16.831,3.6894,5.1560,0.0630,0.4003,0.0014,1788374619.997
16.851,3.6974,5.1565,0.0630,0.4003,0.0014,1788374620.017
16.871,3.7054,5.1570,0.0630,0.4003,0.0014,1788374620.037
16.891,3.7134,5.1575,0.0631,0.4003,0.0014,1788374620.057
16.911,3.7214,5.1580,0.0631,0.4003,0.0014,1788374620.077
16.931,3.7294,5.1585,0.0631,0.4002,0.0002,1788374620.097
16.951,3.7374,5.1590,0.0631,0.4002,0.0002,1788374620.117
16.971,3.7454,5.1595,0.0631,0.4002,0.0002,1788374620.137
16.991,3.7533,5.1600,0.0631,0.4002,0.0002,1788374620.157
17.011,3.7613,5.1605,0.0631,0.4002,0.0002,1788374620.177
17.031,3.7693,5.1610,0.0631,0.4002,-0.0002,1788374620.197
17.051,3.7773,5.1615,0.0631,0.4002,-0.0002,1788374620.217
17.071,3.7853,5.1621,0.0631,0.4002,-0.0002,1788374620.237
17.091,3.7933,5.1626,0.0631,0.4002,-0.0002,1788374620.257
17.111,3.8013,5.1631,0.0631,0.4002,-0.0002,1788374620.277
17.131,3.8093,5.1636,0.0631,0.4003,-0.0006,1788374620.297
17.151,3.8173,5.1641,0.0631,0.4003,-0.0006,1788374620.317
17.171,3.8253,5.1646,0.0630,0.4003,-0.0006,1788374620.337
17.191,3.8332,5.1651,0.0630,0.4003,-0.0006,1788374620.357
17.211,3.8412,5.1656,0.0630,0.4003,-0.0006,1788374620.377
17.231,3.8492,5.1661,0.0630,0.4003,-0.0001,1788374620.397
17.251,3.8572,5.1666,0.0630,0.4003,-0.0001,1788374620.417
17.271,3.8652,5.1671,0.0630,0.4003,-0.0001,1788374620.437
17.291,3.8732,5.1676,0.0630,0.4003,-0.0001,1788374620.457
17.311,3.8812,5.1681,0.0630,0.4003,-0.0001,1788374620.477
17.331,3.8892,5.1686,0.0630,0.4003,0.0014,1788374620.497
17.351,3.8972,5.1691,0.0631,0.4003,0.0014,1788374620.517
17.371,3.9052,5.1696,0.0631,0.4003,0.0014,1788374620.537
17.391,3.9131,5.1701,0.0631,0.4003,0.0014,1788374620.557
17.411,3.9211,5.1706,0.0631,0.4003,0.0014,1788374620.577
17.431,3.9291,5.1711,0.0632,0.4002,0.0002,1788374620.597
17.451,3.9371,5.1716,0.0632,0.4002,0.0002,1788374620.617
17.471,3.9451,5.1721,0.0632,0.4002,0.0002,1788374620.637
17.491,3.9531,5.1727,0.0632,0.4002,0.0002,1788374620.657
17.511,3.9611,5.1732,0.0632,0.4002,0.0002,1788374620.677
17.531,3.9691,5.1737,0.0632,0.4002,-0.0003,1788374620.697
17.552,3.9771,5.1742,0.0632,0.4002,-0.0003,1788374620.718
17.572,3.9850,5.1747,0.0632,0.4002,-0.0003,1788374620.737
17.591,3.9930,5.1752,0.0631,0.4002,-0.0003,1788374620.757
17.611,4.0010,5.1757,0.0631,0.4002,-0.0003,1788374620.777
17.631,4.0090,5.1762,0.0631,0.4003,-0.0008,1788374620.797
17.651,4.0170,5.1767,0.0631,0.4003,-0.0008,1788374620.817
17.671,4.0250,5.1772,0.0631,0.4003,-0.0008,1788374620.837
17.691,4.0330,5.1777,0.0631,0.4003,-0.0008,1788374620.857
17.711,4.0410,5.1782,0.0631,0.4003,-0.0008,1788374620.877
17.731,4.0490,5.1787,0.0630,0.4003,-0.0005,1788374620.897
17.751,4.0569,5.1792,0.0630,0.4003,-0.0005,1788374620.917
17.771,4.0649,5.1797,0.0630,0.4003,-0.0005,1788374620.937
17.791,4.0729,5.1802,0.0630,0.4003,-0.0005,1788374620.957
17.811,4.0809,5.1807,0.0630,0.4003,-0.0005,1788374620.977
17.832,4.0889,5.1812,0.0630,0.4003,0.0009,1788374620.997
17.851,4.0969,5.1817,0.0630,0.4003,0.0009,1788374621.017
17.871,4.1049,5.1822,0.0631,0.4003,0.0009,1788374621.037
17.891,4.1129,5.1827,0.0631,0.4003,0.0009,1788374621.057
17.911,4.1209,5.1833,0.0631,0.4003,0.0009,1788374621.077
17.931,4.1289,5.1838,0.0631,0.4002,-0.0004,1788374621.097
17.951,4.1368,5.1843,0.0631,0.4002,-0.0004,1788374621.117
17.971,4.1448,5.1848,0.0631,0.4002,-0.0004,1788374621.137
17.991,4.1528,5.1853,0.0631,0.4002,-0.0004,1788374621.157
18.011,4.1608,5.1858,0.0631,0.4002,-0.0004,1788374621.177
18.031,4.1688,5.1863,0.0630,0.4003,-0.0009,1788374621.197
18.051,4.1768,5.1868,0.0630,0.4003,-0.0009,1788374621.217
18.071,4.1848,5.1873,0.0630,0.4003,-0.0009,1788374621.237
18.091,4.1928,5.1878,0.0630,0.4003,-0.0009,1788374621.257
18.111,4.2008,5.1883,0.0630,0.4003,-0.0009,1788374621.277
18.131,4.2087,5.1888,0.0629,0.4003,-0.0015,1788374621.297
18.151,4.2167,5.1893,0.0629,0.4003,-0.0015,1788374621.317
18.171,4.2247,5.1898,0.0629,0.4003,-0.0015,1788374621.337
18.191,4.2327,5.1903,0.0628,0.4003,-0.0015,1788374621.357
18.211,4.2407,5.1908,0.0628,0.4003,-0.0015,1788374621.377
18.231,4.2487,5.1913,0.0628,0.4003,-0.0001,1788374621.397
18.251,4.2567,5.1918,0.0628,0.4003,-0.0001,1788374621.417
18.271,4.2647,5.1923,0.0628,0.4003,-0.0001,1788374621.437
18.291,4.2727,5.1928,0.0628,0.4003,-0.0001,1788374621.457
18.311,4.2807,5.1933,0.0628,0.4003,-0.0001,1788374621.477
18.331,4.2886,5.1938,0.0628,0.4003,0.0018,1788374621.497
18.351,4.2966,5.1943,0.0629,0.4003,0.0018,1788374621.517
18.371,4.3046,5.1948,0.0629,0.4003,0.0018,1788374621.537
18.391,4.3126,5.1953,0.0630,0.4003,0.0018,1788374621.557
18.411,4.3206,5.1958,0.0630,0.4003,0.0018,1788374621.577
18.431,4.3286,5.1963,0.0630,0.4005,0.0016,1788374621.597
18.451,4.3366,5.1968,0.0630,0.4005,0.0016,1788374621.617
18.471,4.3446,5.1974,0.0631,0.4005,0.0016,1788374621.637
18.491,4.3526,5.1979,0.0631,0.4005,0.0016,1788374621.657
18.511,4.3606,5.1984,0.0631,0.4005,0.0016,1788374621.677
18.531,4.3686,5.1989,0.0632,0.4007,0.0004,1788374621.697
18.551,4.3766,5.1994,0.0632,0.4007,0.0004,1788374621.717
18.571,4.3846,5.1999,0.0632,0.4007,0.0004,1788374621.737
18.592,4.3926,5.2004,0.0632,0.4007,0.0004,1788374621.757
18.611,4.4006,5.2009,0.0632,0.4007,0.0004,1788374621.777
18.631,4.4086,5.2014,0.0632,0.4009,-0.0002,1788374621.797
18.651,4.4166,5.2019,0.0632,0.4009,-0.0002,1788374621.817
18.671,4.4246,5.2024,0.0632,0.4009,-0.0002,1788374621.837
18.691,4.4326,5.2029,0.0632,0.4009,-0.0002,1788374621.857
18.711,4.4406,5.2034,0.0632,0.4009,-0.0002,1788374621.877
18.731,4.4486,5.2039,0.0632,0.4009,0.0029,1788374621.897
18.751,4.4566,5.2044,0.0633,0.4009,0.0029,1788374621.917
18.771,4.4646,5.2049,0.0633,0.4009,0.0029,1788374621.937
18.791,4.4726,5.2055,0.0634,0.4009,0.0029,1788374621.957
18.811,4.4806,5.2060,0.0634,0.4009,0.0029,1788374621.977
18.831,4.4886,5.2065,0.0636,0.4007,0.0096,1788374621.997
18.851,4.4966,5.2070,0.0638,0.4007,0.0096,1788374622.017
18.871,4.5046,5.2075,0.0640,0.4007,0.0096,1788374622.037
18.891,4.5126,5.2080,0.0642,0.4007,0.0096,1788374622.057
18.911,4.5206,5.2085,0.0644,0.4007,0.0096,1788374622.077
18.931,4.5285,5.2090,0.0646,0.3983,0.0120,1788374622.097
18.951,4.5365,5.2096,0.0649,0.3983,0.0120,1788374622.117
18.971,4.5444,5.2101,0.0651,0.3983,0.0120,1788374622.137
18.991,4.5524,5.2106,0.0654,0.3983,0.0120,1788374622.157
19.011,4.5603,5.2111,0.0656,0.3983,0.0120,1788374622.177
19.031,4.5683,5.2116,0.0658,0.4002,0.0081,1788374622.197
19.051,4.5763,5.2122,0.0659,0.4002,0.0081,1788374622.217
19.071,4.5843,5.2127,0.0661,0.4002,0.0081,1788374622.237
19.091,4.5923,5.2132,0.0663,0.4002,0.0081,1788374622.257
19.111,4.6002,5.2138,0.0664,0.4002,0.0081,1788374622.277
19.131,4.6082,5.2143,0.0665,0.4005,0.0046,1788374622.297
19.151,4.6162,5.2148,0.0666,0.4005,0.0046,1788374622.317
19.171,4.6242,5.2154,0.0667,0.4005,0.0046,1788374622.337
19.191,4.6322,5.2159,0.0668,0.4005,0.0046,1788374622.357
19.211,4.6402,5.2164,0.0669,0.4005,0.0046,1788374622.377
19.231,4.6482,5.2170,0.0669,0.4001,0.0022,1788374622.397
19.251,4.6562,5.2175,0.0670,0.4001,0.0022,1788374622.417
19.271,4.6642,5.2180,0.0670,0.4001,0.0022,1788374622.437
19.291,4.6721,5.2186,0.0670,0.4001,0.0022,1788374622.457
19.311,4.6801,5.2191,0.0671,0.4001,0.0022,1788374622.477
19.331,4.6881,5.2196,0.0673,0.4011,0.0097,1788374622.497
19.351,4.6961,5.2202,0.0675,0.4011,0.0097,1788374622.517
19.371,4.7041,5.2207,0.0677,0.4011,0.0097,1788374622.537
19.391,4.7121,5.2213,0.0679,0.4011,0.0097,1788374622.557
19.411,4.7201,5.2218,0.0681,0.4011,0.0097,1788374622.577
19.431,4.7282,5.2224,0.0685,0.4013,0.0229,1788374622.597
19.451,4.7362,5.2229,0.0690,0.4013,0.0229,1788374622.617
19.471,4.7442,5.2235,0.0694,0.4013,0.0229,1788374622.637
19.491,4.7522,5.2240,0.0699,0.4013,0.0229,1788374622.657
19.511,4.7602,5.2246,0.0703,0.4013,0.0229,1788374622.677
19.531,4.7682,5.2252,0.0709,0.4004,0.0264,1788374622.697
19.551,4.7762,5.2257,0.0714,0.4004,0.0264,1788374622.717
19.571,4.7841,5.2263,0.0719,0.4004,0.0264,1788374622.737
19.591,4.7921,5.2269,0.0725,0.4004,0.0264,1788374622.757
19.612,4.8001,5.2275,0.0730,0.4004,0.0264,1788374622.778
19.631,4.8081,5.2281,0.0736,0.4005,0.0290,1788374622.797
19.651,4.8161,5.2287,0.0742,0.4005,0.0290,1788374622.817
19.671,4.8241,5.2293,0.0747,0.4005,0.0290,1788374622.837
19.691,4.8321,5.2299,0.0753,0.4005,0.0290,1788374622.857
19.711,4.8400,5.2305,0.0759,0.4005,0.0290,1788374622.877
19.731,4.8480,5.2311,0.0763,0.4000,0.0217,1788374622.897
19.751,4.8560,5.2317,0.0768,0.4000,0.0217,1788374622.917
19.771,4.8640,5.2323,0.0772,0.4000,0.0217,1788374622.937
19.791,4.8720,5.2329,0.0776,0.4000,0.0217,1788374622.957
19.811,4.8799,5.2336,0.0781,0.4000,0.0217,1788374622.977
19.831,4.8879,5.2342,0.0784,0.4008,0.0170,1788374622.997
19.851,4.8959,5.2348,0.0787,0.4008,0.0170,1788374623.017
19.871,4.9039,5.2354,0.0791,0.4008,0.0170,1788374623.037
19.891,4.9119,5.2361,0.0794,0.4008,0.0170,1788374623.057
19.911,4.9199,5.2367,0.0798,0.4008,0.0170,1788374623.077
19.931,4.9279,5.2374,0.0803,0.4007,0.0259,1788374623.097
19.951,4.9359,5.2380,0.0808,0.4007,0.0259,1788374623.117
19.971,4.9439,5.2387,0.0813,0.4007,0.0259,1788374623.137
19.991,4.9518,5.2393,0.0818,0.4007,0.0259,1788374623.157
20.011,4.9598,5.2400,0.0823,0.4007,0.0259,1788374623.177
20.031,4.9678,5.2406,0.0827,0.4007,0.0155,1788374623.197
20.051,4.9758,5.2413,0.0830,0.4007,0.0155,1788374623.217
20.071,4.9838,5.2420,0.0833,0.4007,0.0155,1788374623.237
20.091,4.9918,5.2426,0.0836,0.4007,0.0155,1788374623.257
20.111,4.9998,5.2433,0.0839,0.4007,0.0155,1788374623.277
20.131,5.0077,5.2440,0.0843,0.4003,0.0181,1788374623.297
20.151,5.0157,5.2447,0.0846,0.4003,0.0181,1788374623.317
20.171,5.0237,5.2453,0.0850,0.4003,0.0181,1788374623.337
20.191,5.0317,5.2460,0.0853,0.4003,0.0181,1788374623.357
20.211,5.0396,5.2467,0.0857,0.4003,0.0181,1788374623.377
20.231,5.0476,5.2474,0.0861,0.4011,0.0222,1788374623.397
20.251,5.0556,5.2481,0.0866,0.4011,0.0222,1788374623.417
20.271,5.0636,5.2488,0.0870,0.4011,0.0222,1788374623.437
20.291,5.0716,5.2495,0.0875,0.4011,0.0222,1788374623.457
20.311,5.0796,5.2502,0.0879,0.4011,0.0222,1788374623.477
20.331,5.0876,5.2509,0.0885,0.3999,0.0302,1788374623.497
20.351,5.0955,5.2516,0.0891,0.3999,0.0302,1788374623.517
20.371,5.1035,5.2523,0.0897,0.3999,0.0302,1788374623.537
20.391,5.1115,5.2531,0.0903,0.3999,0.0302,1788374623.557
20.411,5.1194,5.2538,0.0910,0.3999,0.0302,1788374623.577
20.431,5.1274,5.2545,0.0920,0.4002,0.0532,1788374623.597
20.451,5.1354,5.2553,0.0931,0.4002,0.0532,1788374623.617
20.471,5.1433,5.2560,0.0941,0.4002,0.0532,1788374623.637
20.491,5.1513,5.2568,0.0952,0.4002,0.0532,1788374623.657
20.511,5.1593,5.2575,0.0963,0.4002,0.0532,1788374623.677
20.531,5.1673,5.2583,0.0973,0.4010,0.0541,1788374623.697
20.551,5.1752,5.2591,0.0984,0.4010,0.0541,1788374623.717
20.571,5.1832,5.2599,0.0995,0.4010,0.0541,1788374623.737
20.591,5.1912,5.2607,0.1006,0.4010,0.0541,1788374623.757
20.611,5.1992,5.2615,0.1017,0.4010,0.0541,1788374623.777
20.631,5.2071,5.2623,0.1028,0.3996,0.0544,1788374623.797
20.652,5.2151,5.2632,0.1039,0.3996,0.0544,1788374623.817
20.671,5.2230,5.2640,0.1049,0.3996,0.0544,1788374623.837
20.691,5.2310,5.2649,0.1060,0.3996,0.0544,1788374623.857
20.711,5.2389,5.2657,0.1071,0.3996,0.0544,1788374623.877
20.731,5.2469,5.2666,0.1079,0.4004,0.0414,1788374623.897
20.751,5.2548,5.2674,0.1088,0.4004,0.0414,1788374623.917
20.771,5.2628,5.2683,0.1096,0.4004,0.0414,1788374623.937
20.791,5.2707,5.2692,0.1104,0.4004,0.0414,1788374623.957
20.811,5.2787,5.2701,0.1113,0.4004,0.0414,1788374623.977
20.831,5.2866,5.2710,0.1118,0.3986,0.0276,1788374623.997
20.851,5.2946,5.2719,0.1124,0.3986,0.0276,1788374624.017
20.871,5.3025,5.2728,0.1129,0.3986,0.0276,1788374624.037
20.891,5.3104,5.2737,0.1135,0.3986,0.0276,1788374624.057
20.911,5.3183,5.2746,0.1140,0.3986,0.0276,1788374624.077
20.931,5.3263,5.2755,0.1147,0.3994,0.0356,1788374624.097
20.951,5.3342,5.2764,0.1154,0.3994,0.0356,1788374624.117
20.971,5.3421,5.2773,0.1161,0.3994,0.0356,1788374624.137
20.991,5.3501,5.2783,0.1169,0.3994,0.0356,1788374624.157
21.011,5.3580,5.2792,0.1176,0.3994,0.0356,1788374624.177
21.031,5.3659,5.2801,0.1178,0.4004,0.0136,1788374624.197
21.051,5.3739,5.2811,0.1181,0.4004,0.0136,1788374624.217
21.071,5.3818,5.2820,0.1184,0.4004,0.0136,1788374624.237
21.091,5.3898,5.2830,0.1187,0.4004,0.0136,1788374624.257
21.111,5.3977,5.2839,0.1189,0.4004,0.0136,1788374624.277
21.131,5.4057,5.2849,0.1187,0.4003,-0.0132,1788374624.297
21.151,5.4136,5.2858,0.1184,0.4003,-0.0132,1788374624.317
21.171,5.4216,5.2868,0.1181,0.4003,-0.0132,1788374624.337
21.191,5.4295,5.2877,0.1179,0.4003,-0.0132,1788374624.357
21.211,5.4375,5.2887,0.1176,0.4003,-0.0132,1788374624.377
21.231,5.4455,5.2896,0.1170,0.4005,-0.0318,1788374624.397
21.251,5.4534,5.2905,0.1163,0.4005,-0.0318,1788374624.417
21.271,5.4614,5.2914,0.1157,0.4005,-0.0318,1788374624.437
21.291,5.4693,5.2924,0.1151,0.4005,-0.0318,1788374624.457
21.311,5.4773,5.2933,0.1144,0.4005,-0.0318,1788374624.477
21.332,5.4852,5.2942,0.1138,0.4005,-0.0318,1788374624.498
21.351,5.4932,5.2951,0.1127,0.4001,-0.0561,1788374624.517
21.371,5.5011,5.2960,0.1115,0.4001,-0.0561,1788374624.537
21.391,5.5091,5.2969,0.1104,0.4001,-0.0561,1788374624.557
21.411,5.5170,5.2977,0.1093,0.4001,-0.0561,1788374624.577
21.432,5.5250,5.2986,0.1083,0.4000,-0.0499,1788374624.597
21.451,5.5330,5.2995,0.1073,0.4000,-0.0499,1788374624.617
21.471,5.5409,5.3003,0.1063,0.4000,-0.0499,1788374624.637
21.491,5.5489,5.3011,0.1053,0.4000,-0.0499,1788374624.657
21.511,5.5568,5.3020,0.1043,0.4000,-0.0499,1788374624.677
21.531,5.5648,5.3028,0.1033,0.4000,-0.0526,1788374624.697
21.551,5.5727,5.3036,0.1022,0.4000,-0.0526,1788374624.717
21.571,5.5807,5.3044,0.1012,0.4000,-0.0526,1788374624.737
21.591,5.5887,5.3052,0.1001,0.4000,-0.0526,1788374624.757
21.611,5.5966,5.3060,0.0991,0.4000,-0.0526,1788374624.777
21.631,5.6046,5.3068,0.0980,0.4000,-0.0540,1788374624.797
21.651,5.6125,5.3076,0.0969,0.4000,-0.0540,1788374624.817
21.672,5.6205,5.3083,0.0958,0.4000,-0.0540,1788374624.837
21.692,5.6285,5.3091,0.0947,0.4000,-0.0540,1788374624.857
21.711,5.6364,5.3098,0.0937,0.4000,-0.0540,1788374624.877
21.731,5.6444,5.3106,0.0924,0.4000,-0.0604,1788374624.897
21.751,5.6524,5.3113,0.0912,0.4000,-0.0604,1788374624.917
21.771,5.6603,5.3120,0.0900,0.4000,-0.0604,1788374624.937
21.791,5.6683,5.3127,0.0888,0.4000,-0.0604,1788374624.957
21.811,5.6763,5.3134,0.0876,0.4000,-0.0604,1788374624.977
21.831,5.6842,5.3141,0.0866,0.4000,-0.0524,1788374624.997
21.851,5.6922,5.3148,0.0855,0.4000,-0.0524,1788374625.017
21.871,5.7002,5.3155,0.0845,0.4000,-0.0524,1788374625.037
21.891,5.7082,5.3162,0.0834,0.4000,-0.0524,1788374625.057
21.911,5.7161,5.3168,0.0824,0.4000,-0.0524,1788374625.077
21.931,5.7241,5.3175,0.0817,0.4000,-0.0324,1788374625.097
21.951,5.7321,5.3181,0.0811,0.4000,-0.0324,1788374625.117
21.971,5.7400,5.3188,0.0804,0.4000,-0.0324,1788374625.137
21.991,5.7480,5.3194,0.0798,0.4000,-0.0324,1788374625.157
22.011,5.7560,5.3200,0.0791,0.4000,-0.0324,1788374625.177
22.032,5.7640,5.3207,0.0786,0.4000,-0.0267,1788374625.197
22.051,5.7719,5.3213,0.0781,0.4000,-0.0267,1788374625.217
22.071,5.7799,5.3219,0.0775,0.4000,-0.0267,1788374625.237
22.091,5.7879,5.3225,0.0770,0.4000,-0.0267,1788374625.257
22.111,5.7959,5.3231,0.0765,0.4000,-0.0267,1788374625.277
22.131,5.8039,5.3237,0.0759,0.4000,-0.0265,1788374625.297
22.151,5.8118,5.3243,0.0754,0.4000,-0.0265,1788374625.317
22.171,5.8198,5.3249,0.0749,0.4000,-0.0265,1788374625.337
22.191,5.8278,5.3255,0.0743,0.4000,-0.0265,1788374625.357
22.211,5.8358,5.3261,0.0738,0.4000,-0.0265,1788374625.377
22.231,5.8437,5.3267,0.0732,0.4000,-0.0309,1788374625.397
22.251,5.8517,5.3273,0.0726,0.4000,-0.0309,1788374625.417
22.271,5.8597,5.3279,0.0720,0.4000,-0.0309,1788374625.437
22.291,5.8677,5.3284,0.0713,0.4000,-0.0309,1788374625.457
22.311,5.8757,5.3290,0.0707,0.4000,-0.0309,1788374625.477
22.331,5.8836,5.3296,0.0698,0.4000,-0.0476,1788374625.497
22.351,5.8916,5.3301,0.0688,0.4000,-0.0476,1788374625.517
22.371,5.8996,5.3306,0.0679,0.4000,-0.0476,1788374625.537
22.391,5.9076,5.3312,0.0669,0.4000,-0.0476,1788374625.557
22.411,5.9156,5.3317,0.0660,0.4000,-0.0476,1788374625.577
22.432,5.9236,5.3322,0.0650,0.4000,-0.0476,1788374625.598
22.451,5.9315,5.3327,0.0639,0.4000,-0.0542,1788374625.617
22.471,5.9395,5.3332,0.0629,0.4000,-0.0542,1788374625.637
22.491,5.9475,5.3337,0.0618,0.4000,-0.0542,1788374625.657
22.511,5.9555,5.3342,0.0607,0.4000,-0.0542,1788374625.677
22.531,5.9635,5.3347,0.0591,0.4000,-0.0777,1788374625.697
22.551,5.9715,5.3352,0.0576,0.4000,-0.0777,1788374625.717
22.571,5.9795,5.3356,0.0560,0.4000,-0.0777,1788374625.737
22.591,5.9874,5.3360,0.0545,0.4000,-0.0777,1788374625.757
22.611,5.9954,5.3365,0.0529,0.4000,-0.0777,1788374625.777
22.631,6.0034,5.3369,0.0509,0.4000,-0.0990,1788374625.797
22.651,6.0114,5.3373,0.0490,0.4000,-0.0990,1788374625.817
22.671,6.0194,5.3376,0.0470,0.4000,-0.0990,1788374625.837
22.691,6.0274,5.3380,0.0450,0.4000,-0.0990,1788374625.857
22.725,6.0354,5.3383,0.0430,0.4000,-0.0990,1788374625.891
22.731,6.0434,5.3387,0.0410,0.4000,-0.0990,1788374625.897
22.751,6.0514,5.3390,0.0385,0.4000,-0.1266,1788374625.917
22.771,6.0594,5.3393,0.0360,0.4000,-0.1266,1788374625.937
22.791,6.0674,5.3395,0.0334,0.4000,-0.1266,1788374625.957
22.811,6.0754,5.3398,0.0309,0.4000,-0.1266,1788374625.977
22.831,6.0834,5.3400,0.0279,0.4000,-0.1498,1788374625.997
22.851,6.0914,5.3402,0.0249,0.4000,-0.1498,1788374626.017
22.871,6.0994,5.3404,0.0219,0.4000,-0.1498,1788374626.037
22.891,6.1073,5.3405,0.0189,0.4000,-0.1498,1788374626.057
22.911,6.1153,5.3407,0.0159,0.4000,-0.1498,1788374626.077
22.932,6.1233,5.3408,0.0127,0.4000,-0.1615,1788374626.097
22.951,6.1313,5.3408,0.0095,0.4000,-0.1615,1788374626.117
22.971,6.1393,5.3409,0.0063,0.4000,-0.1615,1788374626.137
22.991,6.1473,5.3409,0.0030,0.4000,-0.1615,1788374626.157
23.011,6.1553,5.3409,-0.0002,0.4000,-0.1615,1788374626.177
23.031,6.1633,5.3409,-0.0036,0.4000,-0.1719,1788374626.197
23.051,6.1713,5.3408,-0.0071,0.4000,-0.1719,1788374626.217
23.071,6.1793,5.3407,-0.0105,0.4000,-0.1719,1788374626.237
23.091,6.1873,5.3406,-0.0140,0.4000,-0.1719,1788374626.257
23.111,6.1953,5.3405,-0.0174,0.4000,-0.1719,1788374626.277
23.131,6.2033,5.3403,-0.0209,0.4000,-0.1735,1788374626.297
23.151,6.2113,5.3401,-0.0243,0.4000,-0.1735,1788374626.317
23.171,6.2193,5.3399,-0.0278,0.4000,-0.1735,1788374626.337
23.191,6.2273,5.3396,-0.0313,0.4000,-0.1735,1788374626.357
23.211,6.2353,5.3394,-0.0348,0.4000,-0.1735,1788374626.377
23.231,6.2433,5.3391,-0.0382,0.4000,-0.1740,1788374626.397
23.251,6.2513,5.3387,-0.0417,0.4000,-0.1740,1788374626.417
23.271,6.2593,5.3384,-0.0452,0.4000,-0.1740,1788374626.437
23.291,6.2673,5.3380,-0.0487,0.4000,-0.1740,1788374626.457
23.311,6.2753,5.3376,-0.0522,0.4000,-0.1740,1788374626.477
23.331,6.2833,5.3371,-0.0554,0.4000,-0.1646,1788374626.497
23.351,6.2913,5.3366,-0.0587,0.4000,-0.1646,1788374626.517
23.371,6.2992,5.3362,-0.0620,0.4000,-0.1646,1788374626.537
23.391,6.3072,5.3356,-0.0653,0.4000,-0.1646,1788374626.557
23.411,6.3152,5.3351,-0.0686,0.4000,-0.1646,1788374626.577
23.431,6.3232,5.3345,-0.0716,0.4000,-0.1484,1788374626.597
23.451,6.3312,5.3339,-0.0745,0.4000,-0.1484,1788374626.617
23.471,6.3391,5.3333,-0.0775,0.4000,-0.1484,1788374626.637
23.491,6.3471,5.3327,-0.0805,0.4000,-0.1484,1788374626.657
23.511,6.3551,5.3320,-0.0835,0.4000,-0.1484,1788374626.677
23.531,6.3631,5.3313,-0.0861,0.4000,-0.1318,1788374626.697
23.551,6.3710,5.3306,-0.0887,0.4000,-0.1318,1788374626.717
23.571,6.3790,5.3299,-0.0914,0.4000,-0.1318,1788374626.737
23.591,6.3870,5.3291,-0.0940,0.4000,-0.1318,1788374626.757
23.611,6.3949,5.3283,-0.0966,0.4000,-0.1318,1788374626.777
23.631,6.4029,5.3275,-0.0989,0.4000,-0.1127,1788374626.797
23.651,6.4108,5.3267,-0.1011,0.4000,-0.1127,1788374626.817
23.671,6.4188,5.3259,-0.1034,0.4000,-0.1127,1788374626.837
23.691,6.4268,5.3251,-0.1057,0.4000,-0.1127,1788374626.857
23.711,6.4347,5.3242,-0.1079,0.4000,-0.1127,1788374626.877
23.731,6.4427,5.3233,-0.1099,0.4000,-0.0973,1788374626.897
23.752,6.4506,5.3224,-0.1118,0.4000,-0.0973,1788374626.917
23.771,6.4586,5.3215,-0.1137,0.4000,-0.0973,1788374626.937
23.791,6.4665,5.3206,-0.1157,0.4000,-0.0973,1788374626.957
23.811,6.4744,5.3197,-0.1176,0.4000,-0.0973,1788374626.977
23.831,6.4824,5.3187,-0.1193,0.4000,-0.0837,1788374626.997
23.851,6.4903,5.3177,-0.1210,0.4000,-0.0837,1788374627.017
23.871,6.4983,5.3168,-0.1227,0.4000,-0.0837,1788374627.037
23.891,6.5062,5.3158,-0.1243,0.4000,-0.0837,1788374627.057
23.911,6.5141,5.3148,-0.1260,0.4000,-0.0837,1788374627.077
23.931,6.5221,5.3138,-0.1274,0.4000,-0.0713,1788374627.097
23.951,6.5300,5.3127,-0.1289,0.4000,-0.0713,1788374627.117
23.971,6.5379,5.3117,-0.1303,0.4000,-0.0713,1788374627.137
23.991,6.5459,5.3106,-0.1317,0.4000,-0.0713,1788374627.157
24.011,6.5538,5.3096,-0.1331,0.4000,-0.0713,1788374627.177
24.031,6.5617,5.3085,-0.1343,0.4000,-0.0582,1788374627.197
24.051,6.5697,5.3074,-0.1355,0.4000,-0.0582,1788374627.217
24.071,6.5776,5.3063,-0.1366,0.4000,-0.0582,1788374627.237
24.091,6.5855,5.3052,-0.1378,0.4000,-0.0582,1788374627.257
24.111,6.5934,5.3041,-0.1390,0.4000,-0.0582,1788374627.277
24.131,6.6014,5.3030,-0.1399,0.4000,-0.0464,1788374627.297
24.151,6.6093,5.3019,-0.1408,0.4000,-0.0464,1788374627.317
24.171,6.6172,5.3008,-0.1417,0.4000,-0.0464,1788374627.337
24.191,6.6251,5.2996,-0.1427,0.4000,-0.0464,1788374627.357
24.211,6.6330,5.2985,-0.1436,0.4000,-0.0464,1788374627.377
24.231,6.6410,5.2973,-0.1443,0.4000,-0.0349,1788374627.397
24.251,6.6489,5.2962,-0.1450,0.4000,-0.0349,1788374627.417
24.271,6.6568,5.2950,-0.1457,0.4000,-0.0349,1788374627.437
24.291,6.6647,5.2938,-0.1464,0.4000,-0.0349,1788374627.457
24.311,6.6726,5.2927,-0.1471,0.4000,-0.0349,1788374627.477
24.331,6.6805,5.2915,-0.1476,0.4000,-0.0243,1788374627.497
24.351,6.6884,5.2903,-0.1481,0.4000,-0.0243,1788374627.517
24.371,6.6964,5.2891,-0.1485,0.4000,-0.0243,1788374627.537
24.391,6.7043,5.2879,-0.1490,0.4000,-0.0243,1788374627.557
24.411,6.7122,5.2868,-0.1495,0.4000,-0.0243,1788374627.577
24.431,6.7201,5.2856,-0.1498,0.4001,-0.0149,1788374627.597
24.451,6.7280,5.2844,-0.1501,0.4001,-0.0149,1788374627.617
24.471,6.7359,5.2832,-0.1504,0.4001,-0.0149,1788374627.637
24.491,6.7438,5.2820,-0.1507,0.4001,-0.0149,1788374627.657
24.511,6.7517,5.2808,-0.1510,0.4001,-0.0149,1788374627.677
24.531,6.7596,5.2796,-0.1512,0.4001,-0.0080,1788374627.697
24.551,6.7676,5.2783,-0.1513,0.4001,-0.0080,1788374627.717
24.571,6.7755,5.2771,-0.1515,0.4001,-0.0080,1788374627.737
24.591,6.7834,5.2759,-0.1516,0.4001,-0.0080,1788374627.757
24.611,6.7913,5.2747,-0.1518,0.4001,-0.0080,1788374627.777
24.631,6.7992,5.2735,-0.1519,0.4001,-0.0037,1788374627.797
24.651,6.8071,5.2723,-0.1519,0.4001,-0.0037,1788374627.817
24.671,6.8150,5.2711,-0.1520,0.4001,-0.0037,1788374627.837
24.691,6.8229,5.2699,-0.1521,0.4001,-0.0037,1788374627.857
24.711,6.8308,5.2687,-0.1522,0.4001,-0.0037,1788374627.877
24.731,6.8388,5.2674,-0.1522,0.4002,-0.0004,1788374627.897
24.751,6.8467,5.2662,-0.1522,0.4002,-0.0004,1788374627.917
24.772,6.8546,5.2650,-0.1522,0.4002,-0.0004,1788374627.938
24.792,6.8625,5.2638,-0.1522,0.4002,-0.0004,1788374627.957
24.811,6.8704,5.2626,-0.1522,0.4002,-0.0004,1788374627.977
24.831,6.8783,5.2614,-0.1522,0.4003,0.0022,1788374627.997
24.851,6.8862,5.2602,-0.1521,0.4003,0.0022,1788374628.017
24.871,6.8941,5.2590,-0.1521,0.4003,0.0022,1788374628.037
24.891,6.9021,5.2577,-0.1520,0.4003,0.0022,1788374628.057
24.911,6.9100,5.2565,-0.1520,0.4003,0.0022,1788374628.077
24.931,6.9179,5.2553,-0.1519,0.4003,0.0054,1788374628.097
24.951,6.9258,5.2541,-0.1518,0.4003,0.0054,1788374628.117
24.971,6.9337,5.2529,-0.1517,0.4003,0.0054,1788374628.137
24.991,6.9416,5.2517,-0.1516,0.4003,0.0054,1788374628.157
25.011,6.9495,5.2505,-0.1514,0.4003,0.0054,1788374628.177
25.031,6.9574,5.2493,-0.1513,0.4002,0.0076,1788374628.197
25.051,6.9654,5.2481,-0.1511,0.4002,0.0076,1788374628.217
25.071,6.9733,5.2469,-0.1510,0.4002,0.0076,1788374628.237
25.091,6.9812,5.2457,-0.1508,0.4002,0.0076,1788374628.257
25.111,6.9891,5.2445,-0.1507,0.4002,0.0076,1788374628.277
25.131,6.9970,5.2433,-0.1505,0.4002,0.0093,1788374628.297
25.151,7.0049,5.2421,-0.1503,0.4002,0.0093,1788374628.317
25.171,7.0128,5.2409,-0.1501,0.4002,0.0093,1788374628.337
25.191,7.0208,5.2397,-0.1499,0.4002,0.0093,1788374628.357
25.211,7.0287,5.2385,-0.1498,0.4002,0.0093,1788374628.377
25.231,7.0366,5.2373,-0.1495,0.4003,0.0104,1788374628.397
25.251,7.0445,5.2361,-0.1493,0.4003,0.0104,1788374628.417
25.271,7.0524,5.2349,-0.1491,0.4003,0.0104,1788374628.437
25.291,7.0603,5.2337,-0.1489,0.4003,0.0104,1788374628.457
25.311,7.0683,5.2325,-0.1487,0.4003,0.0104,1788374628.477
25.331,7.0762,5.2313,-0.1485,0.4003,0.0117,1788374628.497
25.351,7.0841,5.2302,-0.1482,0.4003,0.0117,1788374628.517
25.371,7.0920,5.2290,-0.1480,0.4003,0.0117,1788374628.537
25.391,7.0999,5.2278,-0.1478,0.4003,0.0117,1788374628.557
25.411,7.1078,5.2266,-0.1475,0.4003,0.0117,1788374628.577
25.431,7.1158,5.2255,-0.1473,0.4003,0.0130,1788374628.597
25.451,7.1237,5.2243,-0.1470,0.4003,0.0130,1788374628.617
25.471,7.1316,5.2231,-0.1468,0.4003,0.0130,1788374628.637
25.491,7.1395,5.2219,-0.1465,0.4003,0.0130,1788374628.657
25.511,7.1474,5.2208,-0.1462,0.4003,0.0130,1788374628.677
25.531,7.1554,5.2196,-0.1460,0.4003,0.0119,1788374628.697
25.551,7.1633,5.2184,-0.1458,0.4003,0.0119,1788374628.717
25.571,7.1712,5.2173,-0.1455,0.4003,0.0119,1788374628.737
25.591,7.1791,5.2161,-0.1453,0.4003,0.0119,1788374628.757
25.611,7.1870,5.2150,-0.1451,0.4003,0.0119,1788374628.777
25.631,7.1950,5.2138,-0.1449,0.4003,0.0098,1788374628.797
25.651,7.2029,5.2127,-0.1447,0.4003,0.0098,1788374628.817
25.671,7.2108,5.2115,-0.1445,0.4003,0.0098,1788374628.837
25.691,7.2187,5.2104,-0.1443,0.4003,0.0098,1788374628.857
25.711,7.2267,5.2092,-0.1441,0.4003,0.0098,1788374628.877
25.731,7.2346,5.2081,-0.1439,0.4003,0.0077,1788374628.897
25.751,7.2425,5.2069,-0.1438,0.4003,0.0077,1788374628.917
25.771,7.2504,5.2058,-0.1436,0.4003,0.0077,1788374628.937
25.791,7.2583,5.2046,-0.1435,0.4003,0.0077,1788374628.957
25.825,7.2663,5.2035,-0.1433,0.4003,0.0077,1788374628.991
25.831,7.2742,5.2023,-0.1432,0.4003,0.0063,1788374628.997
25.851,7.2821,5.2012,-0.1430,0.4003,0.0063,1788374629.017
25.871,7.2900,5.2001,-0.1429,0.4003,0.0063,1788374629.037
25.891,7.2980,5.1989,-0.1428,0.4003,0.0063,1788374629.057
25.911,7.3059,5.1978,-0.1427,0.4003,0.0063,1788374629.077
25.931,7.3138,5.1966,-0.1425,0.4003,0.0061,1788374629.097
25.951,7.3217,5.1955,-0.1424,0.4003,0.0061,1788374629.117
25.971,7.3297,5.1944,-0.1423,0.4003,0.0061,1788374629.137
25.991,7.3376,5.1932,-0.1422,0.4003,0.0061,1788374629.157
26.011,7.3455,5.1921,-0.1421,0.4003,0.0061,1788374629.177
26.031,7.3534,5.1910,-0.1420,0.4002,0.0030,1788374629.197
26.051,7.3614,5.1898,-0.1419,0.4002,0.0030,1788374629.217
26.071,7.3693,5.1887,-0.1419,0.4002,0.0030,1788374629.237
26.091,7.3772,5.1876,-0.1418,0.4002,0.0030,1788374629.257
26.111,7.3851,5.1864,-0.1418,0.4002,0.0030,1788374629.277
26.131,7.3931,5.1853,-0.1417,0.4003,0.0009,1788374629.297
26.151,7.4010,5.1842,-0.1417,0.4003,0.0009,1788374629.317
26.171,7.4089,5.1830,-0.1417,0.4003,0.0009,1788374629.337
26.191,7.4168,5.1819,-0.1417,0.4003,0.0009,1788374629.357
26.211,7.4248,5.1808,-0.1417,0.4003,0.0009,1788374629.377
26.231,7.4327,5.1797,-0.1417,0.4003,0.0009,1788374629.397
26.251,7.4406,5.1785,-0.1418,0.4017,-0.0049,1788374629.417
26.271,7.4486,5.1774,-0.1419,0.4017,-0.0049,1788374629.437
26.291,7.4566,5.1762,-0.1420,0.4017,-0.0049,1788374629.457
26.311,7.4645,5.1751,-0.1421,0.4017,-0.0049,1788374629.477
26.331,7.4725,5.1740,-0.1422,0.4017,-0.0049,1788374629.497
26.351,7.4804,5.1728,-0.1422,0.4024,-0.0024,1788374629.517
26.371,7.4884,5.1717,-0.1423,0.4024,-0.0024,1788374629.537
26.391,7.4964,5.1705,-0.1423,0.4024,-0.0024,1788374629.557
26.411,7.5043,5.1694,-0.1423,0.4024,-0.0024,1788374629.577
26.431,7.5123,5.1683,-0.1424,0.4024,-0.0024,1788374629.597
26.451,7.5203,5.1671,-0.1424,0.4033,0.0000,1788374629.617
26.471,7.5283,5.1660,-0.1424,0.4033,0.0000,1788374629.637
26.491,7.5362,5.1648,-0.1424,0.4033,0.0000,1788374629.657
26.511,7.5442,5.1637,-0.1424,0.4033,0.0000,1788374629.677
26.531,7.5522,5.1625,-0.1424,0.4033,0.0000,1788374629.697
26.551,7.5602,5.1614,-0.1424,0.4025,-0.0014,1788374629.717
26.571,7.5682,5.1603,-0.1424,0.4025,-0.0014,1788374629.737
26.591,7.5761,5.1591,-0.1425,0.4025,-0.0014,1788374629.757
26.611,7.5841,5.1580,-0.1425,0.4025,-0.0014,1788374629.777
26.631,7.5921,5.1568,-0.1425,0.4025,-0.0014,1788374629.797
26.651,7.6000,5.1557,-0.1425,0.4028,0.0014,1788374629.817
26.671,7.6080,5.1545,-0.1425,0.4028,0.0014,1788374629.837
26.691,7.6160,5.1534,-0.1424,0.4028,0.0014,1788374629.857
26.711,7.6240,5.1523,-0.1424,0.4028,0.0014,1788374629.877
26.731,7.6319,5.1511,-0.1424,0.4028,0.0014,1788374629.897
26.751,7.6399,5.1500,-0.1423,0.4028,0.0065,1788374629.917
26.771,7.6479,5.1488,-0.1421,0.4028,0.0065,1788374629.937
26.791,7.6559,5.1477,-0.1420,0.4028,0.0065,1788374629.957
26.811,7.6638,5.1465,-0.1419,0.4028,0.0065,1788374629.977
26.832,7.6718,5.1454,-0.1417,0.4028,0.0065,1788374629.997
26.852,7.6798,5.1443,-0.1415,0.4028,0.0142,1788374630.018
26.871,7.6878,5.1431,-0.1412,0.4028,0.0142,1788374630.037
26.891,7.6957,5.1420,-0.1409,0.4028,0.0142,1788374630.057
26.911,7.7037,5.1409,-0.1406,0.4028,0.0142,1788374630.077
26.931,7.7117,5.1397,-0.1403,0.4028,0.0142,1788374630.097
26.951,7.7197,5.1386,-0.1399,0.4021,0.0232,1788374630.117
26.971,7.7276,5.1375,-0.1394,0.4021,0.0232,1788374630.137
26.991,7.7356,5.1364,-0.1389,0.4021,0.0232,1788374630.157
27.011,7.7436,5.1353,-0.1385,0.4021,0.0232,1788374630.177
27.031,7.7515,5.1342,-0.1380,0.4021,0.0232,1788374630.197
27.051,7.7595,5.1331,-0.1376,0.4020,0.0189,1788374630.217
27.071,7.7674,5.1320,-0.1372,0.4020,0.0189,1788374630.237
27.091,7.7754,5.1309,-0.1369,0.4020,0.0189,1788374630.257
27.111,7.7834,5.1298,-0.1365,0.4020,0.0189,1788374630.277
27.131,7.7913,5.1287,-0.1361,0.4020,0.0189,1788374630.297
27.151,7.7993,5.1276,-0.1358,0.4022,0.0153,1788374630.317
27.171,7.8073,5.1265,-0.1355,0.4022,0.0153,1788374630.337
27.191,7.8153,5.1254,-0.1352,0.4022,0.0153,1788374630.357
27.211,7.8232,5.1244,-0.1349,0.4022,0.0153,1788374630.377
27.231,7.8312,5.1233,-0.1346,0.4022,0.0153,1788374630.397
27.251,7.8391,5.1222,-0.1343,0.4014,0.0121,1788374630.417
27.271,7.8471,5.1211,-0.1341,0.4014,0.0121,1788374630.437
27.291,7.8551,5.1201,-0.1339,0.4014,0.0121,1788374630.457
27.311,7.8630,5.1190,-0.1336,0.4014,0.0121,1788374630.477
27.333,7.8710,5.1179,-0.1334,0.4014,0.0121,1788374630.499
27.351,7.8789,5.1169,-0.1333,0.3999,0.0037,1788374630.517
27.371,7.8868,5.1158,-0.1332,0.3999,0.0037,1788374630.537
27.391,7.8948,5.1147,-0.1331,0.3999,0.0037,1788374630.557
27.411,7.9027,5.1137,-0.1331,0.3999,0.0037,1788374630.577
27.432,7.9106,5.1126,-0.1330,0.3999,0.0037,1788374630.597
27.451,7.9185,5.1116,-0.1331,0.3972,-0.0067,1788374630.617
27.471,7.9264,5.1105,-0.1333,0.3972,-0.0067,1788374630.637
27.491,7.9342,5.1094,-0.1334,0.3972,-0.0067,1788374630.657
27.511,7.9421,5.1084,-0.1335,0.3972,-0.0067,1788374630.677
27.531,7.9500,5.1073,-0.1337,0.3972,-0.0067,1788374630.697
27.551,7.9578,5.1063,-0.1340,0.3923,-0.0170,1788374630.717
27.571,7.9655,5.1052,-0.1343,0.3923,-0.0170,1788374630.737
27.591,7.9733,5.1042,-0.1347,0.3923,-0.0170,1788374630.757
27.611,7.9811,5.1031,-0.1350,0.3923,-0.0170,1788374630.777
27.634,7.9889,5.1021,-0.1354,0.3923,-0.0170,1788374630.799
27.651,7.9965,5.1010,-0.1358,0.3864,-0.0233,1788374630.817
27.671,8.0042,5.1000,-0.1363,0.3864,-0.0233,1788374630.837
27.691,8.0118,5.0989,-0.1368,0.3864,-0.0233,1788374630.857
27.711,8.0195,5.0979,-0.1372,0.3864,-0.0233,1788374630.877
27.731,8.0271,5.0968,-0.1377,0.3864,-0.0233,1788374630.897
27.751,8.0347,5.0957,-0.1382,0.3793,-0.0256,1788374630.917
27.771,8.0422,5.0947,-0.1387,0.3793,-0.0256,1788374630.937
27.791,8.0497,5.0936,-0.1392,0.3793,-0.0256,1788374630.957
27.811,8.0572,5.0926,-0.1397,0.3793,-0.0256,1788374630.977
27.831,8.0647,5.0915,-0.1403,0.3793,-0.0256,1788374630.997
27.851,8.0721,5.0905,-0.1407,0.3712,-0.0238,1788374631.017
27.871,8.0794,5.0894,-0.1412,0.3712,-0.0238,1788374631.037
27.891,8.0868,5.0884,-0.1417,0.3712,-0.0238,1788374631.057
27.911,8.0941,5.0873,-0.1422,0.3712,-0.0238,1788374631.077
27.931,8.1015,5.0863,-0.1426,0.3712,-0.0238,1788374631.097
27.951,8.1086,5.0853,-0.1430,0.3623,-0.0187,1788374631.117
27.971,8.1158,5.0842,-0.1434,0.3623,-0.0187,1788374631.137
27.991,8.1230,5.0832,-0.1438,0.3623,-0.0187,1788374631.157
28.011,8.1301,5.0821,-0.1441,0.3623,-0.0187,1788374631.177
28.031,8.1373,5.0811,-0.1445,0.3623,-0.0187,1788374631.197
28.051,8.1443,5.0801,-0.1447,0.3526,-0.0116,1788374631.217
28.071,8.1513,5.0791,-0.1450,0.3526,-0.0116,1788374631.237
28.091,8.1582,5.0780,-0.1452,0.3526,-0.0116,1788374631.257
28.111,8.1652,5.0770,-0.1454,0.3526,-0.0116,1788374631.277
28.131,8.1722,5.0760,-0.1457,0.3526,-0.0116,1788374631.297
28.151,8.1790,5.0750,-0.1457,0.3423,-0.0039,1788374631.317
28.171,8.1857,5.0740,-0.1458,0.3423,-0.0039,1788374631.337
28.191,8.1925,5.0730,-0.1459,0.3423,-0.0039,1788374631.357
28.211,8.1993,5.0720,-0.1460,0.3423,-0.0039,1788374631.377
28.231,8.2061,5.0710,-0.1460,0.3423,-0.0039,1788374631.397
28.251,8.2126,5.0701,-0.1460,0.3316,0.0032,1788374631.417
28.271,8.2192,5.0691,-0.1459,0.3316,0.0032,1788374631.437
28.291,8.2257,5.0681,-0.1459,0.3316,0.0032,1788374631.457
28.311,8.2323,5.0672,-0.1458,0.3316,0.0032,1788374631.477
28.331,8.2389,5.0662,-0.1457,0.3316,0.0032,1788374631.497
28.351,8.2452,5.0653,-0.1455,0.3205,0.0089,1788374631.517
28.371,8.2515,5.0643,-0.1454,0.3205,0.0089,1788374631.537
28.391,8.2579,5.0634,-0.1452,0.3205,0.0089,1788374631.557
28.411,8.2642,5.0625,-0.1450,0.3205,0.0089,1788374631.577
28.431,8.2706,5.0616,-0.1448,0.3205,0.0089,1788374631.597
28.451,8.2767,5.0607,-0.1446,0.3093,0.0132,1788374631.617
28.471,8.2828,5.0598,-0.1443,0.3093,0.0132,1788374631.637
28.491,8.2889,5.0589,-0.1440,0.3093,0.0132,1788374631.657
28.511,8.2951,5.0580,-0.1438,0.3093,0.0132,1788374631.677
28.531,8.3012,5.0571,-0.1435,0.3093,0.0132,1788374631.697
28.551,8.3071,5.0563,-0.1432,0.2981,0.0161,1788374631.717
28.571,8.3130,5.0554,-0.1429,0.2981,0.0161,1788374631.737
28.591,8.3189,5.0546,-0.1426,0.2981,0.0161,1788374631.757
28.611,8.3248,5.0537,-0.1422,0.2981,0.0161,1788374631.777
28.632,8.3307,5.0529,-0.1419,0.2981,0.0161,1788374631.797
28.651,8.3364,5.0521,-0.1417,0.2859,0.0118,1788374631.817
28.671,8.3420,5.0513,-0.1414,0.2859,0.0118,1788374631.837
28.691,8.3477,5.0505,-0.1412,0.2859,0.0118,1788374631.857
28.711,8.3533,5.0497,-0.1410,0.2859,0.0118,1788374631.877
28.731,8.3590,5.0489,-0.1407,0.2859,0.0118,1788374631.897
28.751,8.3644,5.0481,-0.1404,0.2743,0.0141,1788374631.917
28.771,8.3699,5.0473,-0.1402,0.2743,0.0141,1788374631.937
28.791,8.3753,5.0466,-0.1399,0.2743,0.0141,1788374631.957
28.811,8.3807,5.0458,-0.1396,0.2743,0.0141,1788374631.977
28.831,8.3862,5.0450,-0.1393,0.2743,0.0141,1788374631.997
28.851,8.3914,5.0443,-0.1390,0.2636,0.0170,1788374632.017
28.871,8.3966,5.0436,-0.1386,0.2636,0.0170,1788374632.037
28.891,8.4018,5.0429,-0.1383,0.2636,0.0170,1788374632.057
28.912,8.4070,5.0421,-0.1380,0.2636,0.0170,1788374632.078
28.932,8.4123,5.0414,-0.1376,0.2636,0.0170,1788374632.097
28.951,8.4173,5.0407,-0.1372,0.2537,0.0184,1788374632.117
28.971,8.4223,5.0400,-0.1369,0.2537,0.0184,1788374632.137
28.991,8.4273,5.0393,-0.1365,0.2537,0.0184,1788374632.157
29.011,8.4324,5.0386,-0.1361,0.2537,0.0184,1788374632.177
29.031,8.4374,5.0380,-0.1358,0.2537,0.0184,1788374632.197
29.051,8.4422,5.0373,-0.1354,0.2444,0.0174,1788374632.217
29.071,8.4471,5.0366,-0.1351,0.2444,0.0174,1788374632.237
29.091,8.4519,5.0360,-0.1347,0.2444,0.0174,1788374632.257
29.111,8.4568,5.0353,-0.1344,0.2444,0.0174,1788374632.277
29.131,8.4616,5.0347,-0.1340,0.2444,0.0174,1788374632.297
29.151,8.4663,5.0340,-0.1337,0.2351,0.0147,1788374632.317
29.171,8.4709,5.0334,-0.1334,0.2351,0.0147,1788374632.337
29.191,8.4756,5.0328,-0.1332,0.2351,0.0147,1788374632.357
29.211,8.4803,5.0322,-0.1329,0.2351,0.0147,1788374632.377
29.231,8.4849,5.0315,-0.1326,0.2351,0.0147,1788374632.397
29.251,8.4894,5.0310,-0.1323,0.2256,0.0116,1788374632.417
29.271,8.4939,5.0304,-0.1321,0.2256,0.0116,1788374632.437
29.291,8.4983,5.0298,-0.1319,0.2256,0.0116,1788374632.457
29.311,8.5028,5.0292,-0.1316,0.2256,0.0116,1788374632.477
29.331,8.5073,5.0286,-0.1314,0.2256,0.0116,1788374632.497
29.351,8.5116,5.0280,-0.1312,0.2157,0.0086,1788374632.517
29.371,8.5158,5.0275,-0.1311,0.2157,0.0086,1788374632.537
29.391,8.5201,5.0269,-0.1309,0.2157,0.0086,1788374632.557
29.411,8.5244,5.0263,-0.1307,0.2157,0.0086,1788374632.577
29.431,8.5287,5.0258,-0.1305,0.2157,0.0086,1788374632.597
29.451,8.5328,5.0252,-0.1304,0.2056,0.0061,1788374632.617
29.471,8.5368,5.0247,-0.1303,0.2056,0.0061,1788374632.637
29.491,8.5409,5.0242,-0.1302,0.2056,0.0061,1788374632.657
29.511,8.5450,5.0236,-0.1301,0.2056,0.0061,1788374632.677
29.531,8.5491,5.0231,-0.1299,0.2056,0.0061,1788374632.697
29.551,8.5529,5.0226,-0.1299,0.1955,0.0042,1788374632.717
29.571,8.5568,5.0221,-0.1298,0.1955,0.0042,1788374632.737
29.591,8.5607,5.0216,-0.1297,0.1955,0.0042,1788374632.757
29.611,8.5646,5.0211,-0.1296,0.1955,0.0042,1788374632.777
29.631,8.5684,5.0206,-0.1295,0.1955,0.0042,1788374632.797
29.651,8.5684,5.0206,-0.1295,0.0000,0.0000,1788374632.817
29.672,8.5684,5.0206,-0.1295,0.0000,0.0000,1788374632.837
29.692,8.5684,5.0206,-0.1295,0.0000,0.0000,1788374632.857
29.712,8.5684,5.0206,-0.1295,0.0000,0.0000,1788374632.878
29.732,8.5684,5.0206,-0.1295,0.0000,0.0000,1788374632.897
29.752,8.5684,5.0206,-0.1295,0.0000,0.0000,1788374632.917
29.772,8.5684,5.0206,-0.1295,0.0000,0.0000,1788374632.937
29.792,8.5684,5.0206,-0.1295,0.0000,0.0000,1788374632.957
29.811,8.5684,5.0206,-0.1295,0.0000,0.0000,1788374632.977
29.831,8.5684,5.0206,-0.1295,0.0000,0.0000,1788374632.997
29.851,8.5684,5.0206,-0.1295,0.0000,0.0000,1788374633.017
29.871,8.5684,5.0206,-0.1295,0.0000,0.0000,1788374633.037
29.892,8.5684,5.0206,-0.1295,0.0000,0.0000,1788374633.057
29.911,8.5684,5.0206,-0.1295,0.0000,0.0000,1788374633.077
29.932,8.5684,5.0206,-0.1295,0.0000,0.0000,1788374633.097
29.952,8.5684,5.0206,-0.1295,0.0000,0.0000,1788374633.117
29.971,8.5684,5.0206,-0.1295,0.0000,0.0000,1788374633.137
29.991,8.5684,5.0206,-0.1295,0.0000,0.0000,1788374633.157
30.011,8.5684,5.0206,-0.1295,0.0000,0.0000,1788374633.177
30.031,8.5684,5.0206,-0.1295,0.0000,0.0000,1788374633.197
30.051,8.5684,5.0206,-0.1295,0.0000,0.0000,1788374633.217
30.071,8.5684,5.0206,-0.1295,0.0000,0.0000,1788374633.237
30.091,8.5684,5.0206,-0.1295,0.0000,0.0000,1788374633.257
30.111,8.5684,5.0206,-0.1295,0.0000,0.0000,1788374633.277
30.131,8.5684,5.0206,-0.1295,0.0000,0.0000,1788374633.297
30.151,8.5684,5.0206,-0.1295,0.0000,0.0000,1788374633.317
30.171,8.5684,5.0206,-0.1295,0.0000,0.0000,1788374633.337
30.191,8.5684,5.0206,-0.1295,0.0000,0.0000,1788374633.357
30.211,8.5684,5.0206,-0.1295,0.0000,0.0000,1788374633.377
30.231,8.5684,5.0206,-0.1295,0.0000,0.0000,1788374633.397
30.251,8.5684,5.0206,-0.1295,0.0000,0.0000,1788374633.417
30.271,8.5684,5.0206,-0.1295,0.0000,0.0000,1788374633.437
30.291,8.5684,5.0206,-0.1295,0.0000,0.0000,1788374633.457
30.311,8.5684,5.0206,-0.1295,0.0000,0.0000,1788374633.477
30.331,8.5684,5.0206,-0.1295,0.0000,0.0000,1788374633.497
30.351,8.5684,5.0206,-0.1295,0.0000,0.0000,1788374633.517
30.371,8.5684,5.0206,-0.1295,0.0000,0.0000,1788374633.537
30.391,8.5684,5.0206,-0.1295,0.0000,0.0000,1788374633.557
30.411,8.5684,5.0206,-0.1295,0.0000,0.0000,1788374633.577
30.431,8.5684,5.0206,-0.1295,0.0000,0.0000,1788374633.597
30.451,8.5684,5.0206,-0.1295,0.0000,0.0000,1788374633.617
30.471,8.5684,5.0206,-0.1295,0.0000,0.0000,1788374633.637
30.491,8.5684,5.0206,-0.1295,0.0000,0.0000,1788374633.657
30.511,8.5684,5.0206,-0.1295,0.0000,0.0000,1788374633.677
30.531,8.5684,5.0206,-0.1295,0.0000,0.0000,1788374633.697
30.551,8.5684,5.0206,-0.1295,0.0000,0.0000,1788374633.717
30.571,8.5684,5.0206,-0.1295,0.0000,0.0000,1788374633.737
30.591,8.5684,5.0206,-0.1295,0.0000,0.0000,1788374633.757
30.611,8.5684,5.0206,-0.1295,0.0000,0.0000,1788374633.777
30.631,8.5684,5.0206,-0.1295,0.0000,0.0000,1788374633.797
30.651,8.5684,5.0206,-0.1295,0.0000,0.0000,1788374633.817
30.671,8.5684,5.0206,-0.1295,0.0000,0.0000,1788374633.837
30.691,8.5684,5.0206,-0.1295,0.0000,0.0000,1788374633.857
30.711,8.5684,5.0206,-0.1295,0.0000,0.0000,1788374633.877
30.731,8.5684,5.0206,-0.1295,0.0000,0.0000,1788374633.897
30.751,8.5684,5.0206,-0.1295,0.0000,0.0000,1788374633.917
30.771,8.5684,5.0206,-0.1295,0.0000,0.0000,1788374633.937
30.791,8.5684,5.0206,-0.1295,0.0000,0.0000,1788374633.957
30.811,8.5684,5.0206,-0.1295,0.0000,0.0000,1788374633.977
30.831,8.5684,5.0206,-0.1295,0.0000,0.0000,1788374633.997
30.851,8.5684,5.0206,-0.1295,0.0000,0.0000,1788374634.017
30.871,8.5684,5.0206,-0.1295,0.0000,0.0000,1788374634.037
30.891,8.5684,5.0206,-0.1295,0.0000,0.0000,1788374634.057
30.911,8.5684,5.0206,-0.1295,0.0000,0.0000,1788374634.077
30.931,8.5684,5.0206,-0.1295,0.0000,0.0000,1788374634.097
30.951,8.5684,5.0206,-0.1295,0.0000,0.0000,1788374634.117
30.972,8.5684,5.0206,-0.1295,0.0000,0.0000,1788374634.138
30.992,8.5684,5.0206,-0.1295,0.0000,0.0000,1788374634.157
31.011,8.5684,5.0206,-0.1295,0.0000,0.0000,1788374634.177
31.031,8.5684,5.0206,-0.1295,0.0000,0.0000,1788374634.197
31.051,8.5684,5.0206,-0.1295,0.0000,0.0000,1788374634.217
31.071,8.5684,5.0206,-0.1295,0.0000,0.0000,1788374634.237
31.091,8.5684,5.0206,-0.1295,0.0000,0.0000,1788374634.257
31.111,8.5684,5.0206,-0.1295,0.0000,0.0000,1788374634.277
31.131,8.5684,5.0206,-0.1295,0.0000,0.0000,1788374634.297
31.151,8.5684,5.0206,-0.1295,0.0000,0.0000,1788374634.317
31.171,8.5684,5.0206,-0.1295,0.0000,0.0000,1788374634.337
31.191,8.5684,5.0206,-0.1295,0.0000,0.0000,1788374634.357
31.211,8.5684,5.0206,-0.1295,0.0000,0.0000,1788374634.377
31.231,8.5684,5.0206,-0.1295,0.0000,0.0000,1788374634.397
31.251,8.5684,5.0206,-0.1295,0.0000,0.0000,1788374634.417
31.271,8.5684,5.0206,-0.1295,0.0000,0.0000,1788374634.437
31.291,8.5684,5.0206,-0.1295,0.0000,0.0000,1788374634.457
31.311,8.5684,5.0206,-0.1295,0.0000,0.0000,1788374634.477
31.331,8.5684,5.0206,-0.1295,0.0000,0.0000,1788374634.497
31.351,8.5684,5.0206,-0.1295,0.0000,0.0000,1788374634.517
31.371,8.5684,5.0206,-0.1295,0.0000,0.0000,1788374634.537
31.391,8.5684,5.0206,-0.1295,0.0000,0.0000,1788374634.557
31.411,8.5684,5.0206,-0.1295,0.0000,0.0000,1788374634.577
31.431,8.5684,5.0206,-0.1295,0.0000,0.0000,1788374634.597
31.451,8.5684,5.0206,-0.1295,0.0000,0.0000,1788374634.617
31.471,8.5684,5.0206,-0.1295,0.0000,0.0000,1788374634.637
31.491,8.5684,5.0206,-0.1295,0.0000,0.0000,1788374634.657
31.511,8.5684,5.0206,-0.1295,0.0000,0.0000,1788374634.677
31.531,8.5684,5.0206,-0.1295,0.0000,0.0000,1788374634.697
31.551,8.5684,5.0206,-0.1295,0.0000,0.0000,1788374634.717
31.571,8.5684,5.0206,-0.1295,0.0000,0.0000,1788374634.737
31.591,8.5684,5.0206,-0.1295,0.0000,0.0000,1788374634.757
31.611,8.5684,5.0206,-0.1295,0.0000,0.0000,1788374634.777
31.631,8.5684,5.0206,-0.1295,0.0000,0.0000,1788374634.797
31.651,8.5684,5.0206,-0.1295,0.0000,0.0000,1788374634.817
31.671,8.5684,5.0206,-0.1295,0.0000,0.0000,1788374634.837
31.691,8.5684,5.0206,-0.1295,0.0000,0.0000,1788374634.857
31.711,8.5684,5.0206,-0.1295,0.0000,0.0000,1788374634.877
31.731,8.5684,5.0206,-0.1295,0.0000,0.0000,1788374634.897
31.751,8.5684,5.0206,-0.1295,0.0000,0.0000,1788374634.917
31.771,8.5684,5.0206,-0.1295,0.0000,0.0000,1788374634.937
31.791,8.5684,5.0206,-0.1295,0.0000,0.0000,1788374634.957
31.811,8.5684,5.0206,-0.1295,0.0000,0.0000,1788374634.977
31.831,8.5684,5.0206,-0.1295,0.0000,0.0000,1788374634.997
31.851,8.5684,5.0206,-0.1295,0.0000,0.0000,1788374635.017
31.871,8.5684,5.0206,-0.1295,0.0000,0.0000,1788374635.037
31.891,8.5684,5.0206,-0.1295,0.0000,0.0000,1788374635.057
31.911,8.5684,5.0206,-0.1295,0.0000,0.0000,1788374635.077
31.931,8.5684,5.0206,-0.1295,0.0000,0.0000,1788374635.097
31.951,8.5684,5.0206,-0.1295,0.0000,0.0000,1788374635.117
31.971,8.5684,5.0206,-0.1295,0.0000,0.0000,1788374635.137
31.991,8.5684,5.0206,-0.1295,0.0000,0.0000,1788374635.157
32.011,8.5684,5.0206,-0.1295,0.0000,0.0000,1788374635.177
32.031,8.5684,5.0206,-0.1295,0.0000,0.0000,1788374635.197
32.051,8.5684,5.0206,-0.1295,0.0000,0.0000,1788374635.217
32.071,8.5684,5.0206,-0.1295,0.0000,0.0000,1788374635.237
32.091,8.5684,5.0206,-0.1295,0.0000,0.0000,1788374635.257
32.111,8.5684,5.0206,-0.1295,0.0000,0.0000,1788374635.277
32.131,8.5684,5.0206,-0.1295,0.0000,0.0000,1788374635.297
32.151,8.5684,5.0206,-0.1295,0.0000,0.0000,1788374635.317
32.171,8.5684,5.0206,-0.1295,0.0000,0.0000,1788374635.337
32.191,8.5684,5.0206,-0.1295,0.0000,0.0000,1788374635.357
32.211,8.5684,5.0206,-0.1295,0.0000,0.0000,1788374635.377
32.231,8.5684,5.0206,-0.1295,0.0000,0.0000,1788374635.397
32.251,8.5684,5.0206,-0.1295,0.0000,0.0000,1788374635.417
32.271,8.5684,5.0206,-0.1295,0.0000,0.0000,1788374635.437
32.291,8.5684,5.0206,-0.1295,0.0000,0.0000,1788374635.457
32.311,8.5684,5.0206,-0.1295,0.0000,0.0000,1788374635.477
32.331,8.5684,5.0206,-0.1295,0.0000,0.0000,1788374635.497
32.351,8.5684,5.0206,-0.1295,0.0000,0.0000,1788374635.517
32.371,8.5684,5.0206,-0.1295,0.0000,0.0000,1788374635.537
32.391,8.5684,5.0206,-0.1295,0.0000,0.0000,1788374635.557
32.411,8.5684,5.0206,-0.1295,0.0000,0.0000,1788374635.577
32.431,8.5684,5.0206,-0.1295,0.0000,0.0000,1788374635.597
32.451,8.5684,5.0206,-0.1295,0.0000,0.0000,1788374635.617
32.471,8.5684,5.0206,-0.1295,0.0000,0.0000,1788374635.637
32.491,8.5684,5.0206,-0.1295,0.0000,0.0000,1788374635.657
32.511,8.5684,5.0206,-0.1295,0.0000,0.0000,1788374635.677
32.531,8.5684,5.0206,-0.1295,0.0000,0.0000,1788374635.697
32.551,8.5684,5.0206,-0.1295,0.0000,0.0000,1788374635.717
32.571,8.5684,5.0206,-0.1295,0.0000,0.0000,1788374635.737
32.591,8.5684,5.0206,-0.1295,0.0000,0.0000,1788374635.757
32.611,8.5684,5.0206,-0.1295,0.0000,0.0000,1788374635.777
32.631,8.5684,5.0206,-0.1295,0.0000,0.0000,1788374635.797
32.651,8.5684,5.0206,-0.1295,0.0000,0.0000,1788374635.817
32.671,8.5684,5.0206,-0.1295,0.0000,0.0000,1788374635.837
32.691,8.5684,5.0206,-0.1295,0.0000,0.0000,1788374635.857
32.711,8.5684,5.0206,-0.1295,0.0000,0.0000,1788374635.877
32.731,8.5684,5.0206,-0.1295,0.0000,0.0000,1788374635.897
32.751,8.5684,5.0206,-0.1295,0.0000,0.0000,1788374635.917
32.771,8.5684,5.0206,-0.1295,0.0000,0.0000,1788374635.937
32.791,8.5684,5.0206,-0.1295,0.0000,0.0000,1788374635.957
32.811,8.5684,5.0206,-0.1295,0.0000,0.0000,1788374635.977
32.831,8.5684,5.0206,-0.1295,0.0000,0.0000,1788374635.997
32.851,8.5684,5.0206,-0.1295,0.0000,0.0000,1788374636.017
32.871,8.5684,5.0206,-0.1295,0.0000,0.0000,1788374636.037
32.891,8.5684,5.0206,-0.1295,0.0000,0.0000,1788374636.057
32.911,8.5684,5.0206,-0.1295,0.0000,0.0000,1788374636.077
32.931,8.5684,5.0206,-0.1295,0.0000,0.0000,1788374636.097
32.951,8.5684,5.0206,-0.1295,0.0000,0.0000,1788374636.117
32.971,8.5684,5.0206,-0.1295,0.0000,0.0000,1788374636.137
32.991,8.5684,5.0206,-0.1295,0.0000,0.0000,1788374636.157
33.011,8.5684,5.0206,-0.1295,0.0000,0.0000,1788374636.177
33.032,8.5684,5.0206,-0.1295,0.0000,0.0000,1788374636.197
33.052,8.5684,5.0206,-0.1295,0.0000,0.0000,1788374636.217
33.071,8.5684,5.0206,-0.1295,0.0000,0.0000,1788374636.237
33.091,8.5684,5.0206,-0.1295,0.0000,0.0000,1788374636.257
33.111,8.5684,5.0206,-0.1295,0.0000,0.0000,1788374636.277
33.131,8.5684,5.0206,-0.1295,0.0000,0.0000,1788374636.297
33.151,8.5684,5.0206,-0.1295,0.0000,0.0000,1788374636.317
33.171,8.5684,5.0206,-0.1295,0.0000,0.0000,1788374636.337
33.191,8.5684,5.0206,-0.1295,0.0000,0.0000,1788374636.357
33.211,8.5684,5.0206,-0.1295,0.0000,0.0000,1788374636.377
33.231,8.5684,5.0206,-0.1295,0.0000,0.0000,1788374636.397
33.251,8.5684,5.0206,-0.1295,0.0000,0.0000,1788374636.417
33.271,8.5684,5.0206,-0.1295,0.0000,0.0000,1788374636.437
33.291,8.5684,5.0206,-0.1295,0.0000,0.0000,1788374636.457
33.311,8.5684,5.0206,-0.1295,0.0000,0.0000,1788374636.477
33.331,8.5684,5.0206,-0.1295,0.0000,0.0000,1788374636.497
33.351,8.5684,5.0206,-0.1295,0.0000,0.0000,1788374636.517
33.371,8.5684,5.0206,-0.1295,0.0000,0.0000,1788374636.537
33.391,8.5684,5.0206,-0.1295,0.0000,0.0000,1788374636.557
33.411,8.5684,5.0206,-0.1295,0.0000,0.0000,1788374636.577
33.431,8.5684,5.0206,-0.1295,0.0000,0.0000,1788374636.597
33.451,8.5684,5.0206,-0.1295,0.0000,0.0000,1788374636.617
33.471,8.5684,5.0206,-0.1295,0.0000,0.0000,1788374636.637
33.491,8.5684,5.0206,-0.1295,0.0000,0.0000,1788374636.657
33.511,8.5684,5.0206,-0.1295,0.0000,0.0000,1788374636.677
33.531,8.5684,5.0206,-0.1295,0.0000,0.0000,1788374636.697
33.551,8.5684,5.0206,-0.1295,0.0000,0.0000,1788374636.717
33.571,8.5684,5.0206,-0.1295,0.0000,0.0000,1788374636.737
33.591,8.5684,5.0206,-0.1295,0.0000,0.0000,1788374636.757
33.611,8.5684,5.0206,-0.1295,0.0000,0.0000,1788374636.777
33.631,8.5684,5.0206,-0.1295,0.0000,0.0000,1788374636.797
33.651,8.5684,5.0206,-0.1295,0.0000,0.0000,1788374636.817
33.671,8.5684,5.0206,-0.1295,0.0000,0.0000,1788374636.837
33.691,8.5684,5.0206,-0.1295,0.0000,0.0000,1788374636.857
33.711,8.5684,5.0206,-0.1295,0.0000,0.0000,1788374636.877
33.731,8.5684,5.0206,-0.1295,0.0000,0.0000,1788374636.897
33.751,8.5684,5.0206,-0.1295,0.0000,0.0000,1788374636.917
33.771,8.5684,5.0206,-0.1295,0.0000,0.0000,1788374636.937
33.791,8.5684,5.0206,-0.1295,0.0000,0.0000,1788374636.957
33.811,8.5684,5.0206,-0.1295,0.0000,0.0000,1788374636.977
33.831,8.5684,5.0206,-0.1295,0.0000,0.0000,1788374636.997
33.851,8.5684,5.0206,-0.1295,0.0000,0.0000,1788374637.017
33.871,8.5684,5.0206,-0.1295,0.0000,0.0000,1788374637.037
33.891,8.5684,5.0206,-0.1295,0.0000,0.0000,1788374637.057
33.911,8.5684,5.0206,-0.1295,0.0000,0.0000,1788374637.077
33.931,8.5684,5.0206,-0.1295,0.0000,0.0000,1788374637.097
33.951,8.5684,5.0206,-0.1295,0.0000,0.0000,1788374637.117
33.971,8.5684,5.0206,-0.1295,0.0000,0.0000,1788374637.137
33.991,8.5684,5.0206,-0.1295,0.0000,0.0000,1788374637.157
34.011,8.5684,5.0206,-0.1295,0.0000,0.0000,1788374637.177
34.031,8.5684,5.0206,-0.1295,0.0000,0.0000,1788374637.197
34.052,8.5684,5.0206,-0.1295,0.0000,0.0000,1788374637.217
34.072,8.5684,5.0206,-0.1295,0.0000,0.0000,1788374637.238
34.091,8.5684,5.0206,-0.1295,0.0000,0.0000,1788374637.257
34.111,8.5684,5.0206,-0.1295,0.0000,0.0000,1788374637.277
34.131,8.5684,5.0206,-0.1295,0.0000,0.0000,1788374637.297
34.151,8.5684,5.0206,-0.1295,0.0000,0.0000,1788374637.317
34.171,8.5684,5.0206,-0.1295,0.0000,0.0000,1788374637.337
34.191,8.5684,5.0206,-0.1295,0.0000,0.0000,1788374637.357
34.211,8.5684,5.0206,-0.1295,0.0000,0.0000,1788374637.377
34.231,8.5684,5.0206,-0.1295,0.0000,0.0000,1788374637.397
34.251,8.5684,5.0206,-0.1295,0.0000,0.0000,1788374637.417
34.271,8.5684,5.0206,-0.1295,0.0000,0.0000,1788374637.437
34.291,8.5684,5.0206,-0.1295,0.0000,0.0000,1788374637.457
34.311,8.5684,5.0206,-0.1295,0.0000,0.0000,1788374637.477
34.331,8.5684,5.0206,-0.1295,0.0000,0.0000,1788374637.497
34.351,8.5684,5.0206,-0.1295,0.0000,0.0000,1788374637.517
34.371,8.5684,5.0206,-0.1295,0.0000,0.0000,1788374637.537
34.391,8.5684,5.0206,-0.1295,0.0000,0.0000,1788374637.557
34.411,8.5684,5.0206,-0.1295,0.0000,0.0000,1788374637.577
34.431,8.5684,5.0206,-0.1295,0.0000,0.0000,1788374637.597
34.451,8.5684,5.0206,-0.1295,0.0000,0.0000,1788374637.617
34.471,8.5684,5.0206,-0.1295,0.0000,0.0000,1788374637.637
34.491,8.5684,5.0206,-0.1295,0.0000,0.0000,1788374637.657
34.511,8.5684,5.0206,-0.1295,0.0000,0.0000,1788374637.677
34.531,8.5684,5.0206,-0.1295,0.0000,0.0000,1788374637.697
34.551,8.5684,5.0206,-0.1295,0.0000,0.0000,1788374637.717
34.571,8.5684,5.0206,-0.1295,0.0000,0.0000,1788374637.737
34.591,8.5684,5.0206,-0.1295,0.0000,0.0000,1788374637.757
34.611,8.5684,5.0206,-0.1295,0.0000,0.0000,1788374637.777
34.631,8.5684,5.0206,-0.1295,0.0000,0.0000,1788374637.797
34.651,8.5684,5.0206,-0.1295,0.0000,0.0000,1788374637.817
34.671,8.5684,5.0206,-0.1295,0.0000,0.0000,1788374637.837
34.691,8.5684,5.0206,-0.1295,0.0000,0.0000,1788374637.857
34.711,8.5684,5.0206,-0.1295,0.0000,0.0000,1788374637.877
34.731,8.5684,5.0206,-0.1295,0.0000,0.0000,1788374637.897
34.751,8.5684,5.0206,-0.1295,0.0000,0.0000,1788374637.917
34.771,8.5684,5.0206,-0.1295,0.0000,0.0000,1788374637.937
34.791,8.5684,5.0206,-0.1295,0.0000,0.0000,1788374637.957
34.811,8.5684,5.0206,-0.1295,0.0000,0.0000,1788374637.977
34.831,8.5684,5.0206,-0.1295,0.0000,0.0000,1788374637.997
34.851,8.5684,5.0206,-0.1295,0.0000,0.0000,1788374638.017
34.871,8.5684,5.0206,-0.1295,0.0000,0.0000,1788374638.037
34.891,8.5684,5.0206,-0.1295,0.0000,0.0000,1788374638.057
34.911,8.5684,5.0206,-0.1295,0.0000,0.0000,1788374638.077
34.931,8.5684,5.0206,-0.1295,0.0000,0.0000,1788374638.097
34.951,8.5684,5.0206,-0.1295,0.0000,0.0000,1788374638.117
34.971,8.5684,5.0206,-0.1295,0.0000,0.0000,1788374638.137
34.991,8.5684,5.0206,-0.1295,0.0000,0.0000,1788374638.157
35.011,8.5684,5.0206,-0.1295,0.0000,0.0000,1788374638.177
35.031,8.5684,5.0206,-0.1295,0.0000,0.0000,1788374638.197
35.051,8.5684,5.0206,-0.1295,0.0000,0.0000,1788374638.217
35.071,8.5684,5.0206,-0.1295,0.0000,0.0000,1788374638.237
35.092,8.5684,5.0206,-0.1295,0.0000,0.0000,1788374638.257
35.112,8.5684,5.0206,-0.1295,0.0000,0.0000,1788374638.277
35.131,8.5684,5.0206,-0.1295,0.0000,0.0000,1788374638.297
35.151,8.5684,5.0206,-0.1295,0.0000,0.0000,1788374638.317
35.171,8.5684,5.0206,-0.1295,0.0000,0.0000,1788374638.337
35.191,8.5684,5.0206,-0.1295,0.0000,0.0000,1788374638.357
35.211,8.5684,5.0206,-0.1295,0.0000,0.0000,1788374638.377
35.231,8.5684,5.0206,-0.1295,0.0000,0.0000,1788374638.397
35.251,8.5684,5.0206,-0.1295,0.0000,0.0000,1788374638.417
35.271,8.5684,5.0206,-0.1295,0.0000,0.0000,1788374638.437
35.291,8.5684,5.0206,-0.1295,0.0000,0.0000,1788374638.457
35.311,8.5684,5.0206,-0.1295,0.0000,0.0000,1788374638.477
35.331,8.5684,5.0206,-0.1295,0.0000,0.0000,1788374638.497
35.351,8.5684,5.0206,-0.1295,0.0000,0.0000,1788374638.517
35.371,8.5684,5.0206,-0.1295,0.0000,0.0000,1788374638.537
35.391,8.5684,5.0206,-0.1295,0.0000,0.0000,1788374638.557
35.411,8.5684,5.0206,-0.1295,0.0000,0.0000,1788374638.577
35.431,8.5684,5.0206,-0.1295,0.0000,0.0000,1788374638.597
35.451,8.5684,5.0206,-0.1295,0.0000,0.0000,1788374638.617
35.471,8.5684,5.0206,-0.1295,0.0000,0.0000,1788374638.637
35.491,8.5684,5.0206,-0.1295,0.0000,0.0000,1788374638.657
35.511,8.5684,5.0206,-0.1295,0.0000,0.0000,1788374638.677
35.531,8.5684,5.0206,-0.1295,0.0000,0.0000,1788374638.697
35.551,8.5684,5.0206,-0.1295,0.0000,0.0000,1788374638.717
35.571,8.5684,5.0206,-0.1295,0.0000,0.0000,1788374638.737
35.591,8.5684,5.0206,-0.1295,0.0000,0.0000,1788374638.757
35.611,8.5684,5.0206,-0.1295,0.0000,0.0000,1788374638.777
35.631,8.5684,5.0206,-0.1295,0.0000,0.0000,1788374638.797
35.651,8.5684,5.0206,-0.1295,0.0000,0.0000,1788374638.817
35.671,8.5684,5.0206,-0.1295,0.0000,0.0000,1788374638.837
35.691,8.5684,5.0206,-0.1295,0.0000,0.0000,1788374638.857
35.711,8.5684,5.0206,-0.1295,0.0000,0.0000,1788374638.877
35.731,8.5684,5.0206,-0.1295,0.0000,0.0000,1788374638.897
35.751,8.5684,5.0206,-0.1295,0.0000,0.0000,1788374638.917
35.771,8.5684,5.0206,-0.1295,0.0000,0.0000,1788374638.937
35.791,8.5684,5.0206,-0.1295,0.0000,0.0000,1788374638.957
35.811,8.5684,5.0206,-0.1295,0.0000,0.0000,1788374638.977
35.831,8.5684,5.0206,-0.1295,0.0000,0.0000,1788374638.997
35.851,8.5684,5.0206,-0.1295,0.0000,0.0000,1788374639.017
35.871,8.5684,5.0206,-0.1295,0.0000,0.0000,1788374639.037
35.891,8.5684,5.0206,-0.1295,0.0000,0.0000,1788374639.057
35.911,8.5684,5.0206,-0.1295,0.0000,0.0000,1788374639.077
35.931,8.5684,5.0206,-0.1295,0.0000,0.0000,1788374639.097
35.951,8.5684,5.0206,-0.1295,0.0000,0.0000,1788374639.117
35.971,8.5684,5.0206,-0.1295,0.0000,0.0000,1788374639.137
35.991,8.5684,5.0206,-0.1295,0.0000,0.0000,1788374639.157
36.011,8.5684,5.0206,-0.1295,0.0000,0.0000,1788374639.177
36.031,8.5684,5.0206,-0.1295,0.0000,0.0000,1788374639.197
36.051,8.5684,5.0206,-0.1295,0.0000,0.0000,1788374639.217
36.071,8.5684,5.0206,-0.1295,0.0000,0.0000,1788374639.237
36.091,8.5684,5.0206,-0.1295,0.0000,0.0000,1788374639.257
36.112,8.5684,5.0206,-0.1295,0.0000,0.0000,1788374639.277
36.132,8.5684,5.0206,-0.1295,0.0000,0.0000,1788374639.298
36.151,8.5684,5.0206,-0.1295,0.0000,0.0000,1788374639.317
36.171,8.5684,5.0206,-0.1295,0.0000,0.0000,1788374639.337
36.191,8.5684,5.0206,-0.1295,0.0000,0.0000,1788374639.357
36.211,8.5684,5.0206,-0.1295,0.0000,0.0000,1788374639.377
36.231,8.5684,5.0206,-0.1295,0.0000,0.0000,1788374639.397
36.251,8.5684,5.0206,-0.1295,0.0000,0.0000,1788374639.417
36.271,8.5684,5.0206,-0.1295,0.0000,0.0000,1788374639.437
36.291,8.5684,5.0206,-0.1295,0.0000,0.0000,1788374639.457
36.311,8.5684,5.0206,-0.1295,0.0000,0.0000,1788374639.477
36.331,8.5684,5.0206,-0.1295,0.0000,0.0000,1788374639.497
36.351,8.5684,5.0206,-0.1295,0.0000,0.0000,1788374639.517
36.371,8.5684,5.0206,-0.1295,0.0000,0.0000,1788374639.537
36.391,8.5684,5.0206,-0.1295,0.0000,0.0000,1788374639.557
36.411,8.5684,5.0206,-0.1295,0.0000,0.0000,1788374639.577
36.431,8.5684,5.0206,-0.1295,0.0000,0.0000,1788374639.597
36.451,8.5684,5.0206,-0.1295,0.0000,0.0000,1788374639.617
36.471,8.5684,5.0206,-0.1295,0.0000,0.0000,1788374639.637
36.491,8.5684,5.0206,-0.1295,0.0000,0.0000,1788374639.657
36.511,8.5684,5.0206,-0.1295,0.0000,0.0000,1788374639.677
36.531,8.5684,5.0206,-0.1295,0.0000,0.0000,1788374639.697
36.551,8.5684,5.0206,-0.1295,0.0000,0.0000,1788374639.717
36.571,8.5684,5.0206,-0.1295,0.0000,0.0000,1788374639.737
36.591,8.5684,5.0206,-0.1295,0.0000,0.0000,1788374639.757
36.611,8.5684,5.0206,-0.1295,0.0000,0.0000,1788374639.777
36.631,8.5684,5.0206,-0.1295,0.0000,0.0000,1788374639.797
36.651,8.5684,5.0206,-0.1295,0.0000,0.0000,1788374639.817
36.671,8.5684,5.0206,-0.1295,0.0000,0.0000,1788374639.837
36.691,8.5684,5.0206,-0.1295,0.0000,0.0000,1788374639.857
36.711,8.5684,5.0206,-0.1295,0.0000,0.0000,1788374639.877
36.731,8.5684,5.0206,-0.1295,0.0000,0.0000,1788374639.897
36.751,8.5684,5.0206,-0.1295,0.0000,0.0000,1788374639.917
36.771,8.5684,5.0206,-0.1295,0.0000,0.0000,1788374639.937
36.791,8.5684,5.0206,-0.1295,0.0000,0.0000,1788374639.957
36.811,8.5684,5.0206,-0.1295,0.0000,0.0000,1788374639.977
36.831,8.5684,5.0206,-0.1295,0.0000,0.0000,1788374639.997
36.851,8.5684,5.0206,-0.1295,0.0000,0.0000,1788374640.017
36.871,8.5684,5.0206,-0.1295,0.0000,0.0000,1788374640.037
36.891,8.5684,5.0206,-0.1295,0.0000,0.0000,1788374640.057
36.911,8.5684,5.0206,-0.1295,0.0000,0.0000,1788374640.077
36.931,8.5684,5.0206,-0.1295,0.0000,0.0000,1788374640.097
36.951,8.5684,5.0206,-0.1295,0.0000,0.0000,1788374640.117
36.971,8.5684,5.0206,-0.1295,0.0000,0.0000,1788374640.137
36.991,8.5684,5.0206,-0.1295,0.0000,0.0000,1788374640.157
37.011,8.5684,5.0206,-0.1295,0.0000,0.0000,1788374640.177
37.031,8.5684,5.0206,-0.1295,0.0000,0.0000,1788374640.197
37.051,8.5684,5.0206,-0.1295,0.0000,0.0000,1788374640.217
37.071,8.5684,5.0206,-0.1295,0.0000,0.0000,1788374640.237
37.091,8.5684,5.0206,-0.1295,0.0000,0.0000,1788374640.257
37.111,8.5684,5.0206,-0.1295,0.0000,0.0000,1788374640.277
37.131,8.5684,5.0206,-0.1295,0.0000,0.0000,1788374640.297
37.152,8.5684,5.0206,-0.1295,0.0000,0.0000,1788374640.317
37.172,8.5684,5.0206,-0.1295,0.0000,0.0000,1788374640.337
37.191,8.5684,5.0206,-0.1295,0.0000,0.0000,1788374640.357
37.211,8.5684,5.0206,-0.1295,0.0000,0.0000,1788374640.377
37.231,8.5684,5.0206,-0.1295,0.0000,0.0000,1788374640.397
37.251,8.5684,5.0206,-0.1295,0.0000,0.0000,1788374640.417
37.271,8.5684,5.0206,-0.1295,0.0000,0.0000,1788374640.437
37.291,8.5684,5.0206,-0.1295,0.0000,0.0000,1788374640.457
37.311,8.5684,5.0206,-0.1295,0.0000,0.0000,1788374640.477
37.331,8.5684,5.0206,-0.1295,0.0000,0.0000,1788374640.497
37.351,8.5684,5.0206,-0.1295,0.0000,0.0000,1788374640.517
37.371,8.5684,5.0206,-0.1295,0.0000,0.0000,1788374640.537
37.391,8.5684,5.0206,-0.1295,0.0000,0.0000,1788374640.557
37.411,8.5684,5.0206,-0.1295,0.0000,0.0000,1788374640.577
37.431,8.5684,5.0206,-0.1295,0.0000,0.0000,1788374640.597
37.451,8.5684,5.0206,-0.1295,0.0000,0.0000,1788374640.617
37.471,8.5684,5.0206,-0.1295,0.0000,0.0000,1788374640.637
37.491,8.5684,5.0206,-0.1295,0.0000,0.0000,1788374640.657
37.511,8.5684,5.0206,-0.1295,0.0000,0.0000,1788374640.677
37.531,8.5684,5.0206,-0.1295,0.0000,0.0000,1788374640.697
37.551,8.5684,5.0206,-0.1295,0.0000,0.0000,1788374640.717
37.571,8.5684,5.0206,-0.1295,0.0000,0.0000,1788374640.737
37.591,8.5684,5.0206,-0.1295,0.0000,0.0000,1788374640.757
37.611,8.5684,5.0206,-0.1295,0.0000,0.0000,1788374640.777
37.631,8.5684,5.0206,-0.1295,0.0000,0.0000,1788374640.797
37.651,8.5684,5.0206,-0.1295,0.0000,0.0000,1788374640.817
37.671,8.5684,5.0206,-0.1295,0.0000,0.0000,1788374640.837
37.691,8.5684,5.0206,-0.1295,0.0000,0.0000,1788374640.857
37.711,8.5684,5.0206,-0.1295,0.0000,0.0000,1788374640.877
37.731,8.5684,5.0206,-0.1295,0.0000,0.0000,1788374640.897
37.751,8.5684,5.0206,-0.1295,0.0000,0.0000,1788374640.917
37.771,8.5684,5.0206,-0.1295,0.0000,0.0000,1788374640.937
37.791,8.5684,5.0206,-0.1295,0.0000,0.0000,1788374640.957
37.811,8.5684,5.0206,-0.1295,0.0000,0.0000,1788374640.977
37.831,8.5684,5.0206,-0.1295,0.0000,0.0000,1788374640.997
37.851,8.5684,5.0206,-0.1295,0.0000,0.0000,1788374641.017
37.871,8.5684,5.0206,-0.1295,0.0000,0.0000,1788374641.037
37.891,8.5684,5.0206,-0.1295,0.0000,0.0000,1788374641.057
37.911,8.5684,5.0206,-0.1295,0.0000,0.0000,1788374641.077
37.931,8.5684,5.0206,-0.1295,0.0000,0.0000,1788374641.097
37.951,8.5684,5.0206,-0.1295,0.0000,0.0000,1788374641.117
37.971,8.5684,5.0206,-0.1295,0.0000,0.0000,1788374641.137
37.991,8.5684,5.0206,-0.1295,0.0000,0.0000,1788374641.157
38.011,8.5684,5.0206,-0.1295,0.0000,0.0000,1788374641.177
38.031,8.5684,5.0206,-0.1295,0.0000,0.0000,1788374641.197
38.051,8.5684,5.0206,-0.1295,0.0000,0.0000,1788374641.217
38.071,8.5684,5.0206,-0.1295,0.0000,0.0000,1788374641.237
38.091,8.5684,5.0206,-0.1295,0.0000,0.0000,1788374641.257
38.111,8.5684,5.0206,-0.1295,0.0000,0.0000,1788374641.277
38.131,8.5684,5.0206,-0.1295,0.0000,0.0000,1788374641.297
38.151,8.5684,5.0206,-0.1295,0.0000,0.0000,1788374641.317
38.171,8.5684,5.0206,-0.1295,0.0000,0.0000,1788374641.337
38.192,8.5684,5.0206,-0.1295,0.0000,0.0000,1788374641.357
38.212,8.5684,5.0206,-0.1295,0.0000,0.0000,1788374641.377
38.231,8.5684,5.0206,-0.1295,0.0000,0.0000,1788374641.397
38.251,8.5684,5.0206,-0.1295,0.0000,0.0000,1788374641.417
38.271,8.5684,5.0206,-0.1295,0.0000,0.0000,1788374641.437
38.291,8.5684,5.0206,-0.1295,0.0000,0.0000,1788374641.457
38.311,8.5684,5.0206,-0.1295,0.0000,0.0000,1788374641.477
38.331,8.5684,5.0206,-0.1295,0.0000,0.0000,1788374641.497
38.351,8.5684,5.0206,-0.1295,0.0000,0.0000,1788374641.517
38.371,8.5684,5.0206,-0.1295,0.0000,0.0000,1788374641.537
38.391,8.5684,5.0206,-0.1295,0.0000,0.0000,1788374641.557
38.411,8.5684,5.0206,-0.1295,0.0000,0.0000,1788374641.577
38.431,8.5684,5.0206,-0.1295,0.0000,0.0000,1788374641.597
38.451,8.5684,5.0206,-0.1295,0.0000,0.0000,1788374641.617
38.471,8.5684,5.0206,-0.1295,0.0000,0.0000,1788374641.637
38.491,8.5684,5.0206,-0.1295,0.0000,0.0000,1788374641.657
38.511,8.5684,5.0206,-0.1295,0.0000,0.0000,1788374641.677
38.531,8.5684,5.0206,-0.1295,0.0000,0.0000,1788374641.697
38.551,8.5684,5.0206,-0.1295,0.0000,0.0000,1788374641.717
38.571,8.5684,5.0206,-0.1295,0.0000,0.0000,1788374641.737
38.591,8.5684,5.0206,-0.1295,0.0000,0.0000,1788374641.757
38.611,8.5684,5.0206,-0.1295,0.0000,0.0000,1788374641.777
38.631,8.5684,5.0206,-0.1295,0.0000,0.0000,1788374641.797
38.651,8.5684,5.0206,-0.1295,0.0000,0.0000,1788374641.817
38.671,8.5684,5.0206,-0.1295,0.0000,0.0000,1788374641.837
38.691,8.5684,5.0206,-0.1295,0.0000,0.0000,1788374641.857
38.711,8.5684,5.0206,-0.1295,0.0000,0.0000,1788374641.877
38.731,8.5684,5.0206,-0.1295,0.0000,0.0000,1788374641.897
38.751,8.5684,5.0206,-0.1295,0.0000,0.0000,1788374641.917
38.771,8.5684,5.0206,-0.1295,0.0000,0.0000,1788374641.937
38.791,8.5684,5.0206,-0.1295,0.0000,0.0000,1788374641.957
38.811,8.5684,5.0206,-0.1295,0.0000,0.0000,1788374641.977
38.831,8.5684,5.0206,-0.1295,0.0000,0.0000,1788374641.997
38.851,8.5684,5.0206,-0.1295,0.0000,0.0000,1788374642.017
38.871,8.5684,5.0206,-0.1295,0.0000,0.0000,1788374642.037
38.891,8.5684,5.0206,-0.1295,0.0000,0.0000,1788374642.057
38.911,8.5684,5.0206,-0.1295,0.0000,0.0000,1788374642.077
38.931,8.5684,5.0206,-0.1295,0.0000,0.0000,1788374642.097
38.951,8.5684,5.0206,-0.1295,0.0000,0.0000,1788374642.117
38.971,8.5684,5.0206,-0.1295,0.0000,0.0000,1788374642.137
38.991,8.5684,5.0206,-0.1295,0.0000,0.0000,1788374642.157
39.011,8.5684,5.0206,-0.1295,0.0000,0.0000,1788374642.177
39.031,8.5684,5.0206,-0.1295,0.0000,0.0000,1788374642.197
39.051,8.5684,5.0206,-0.1295,0.0000,0.0000,1788374642.217
39.071,8.5684,5.0206,-0.1295,0.0000,0.0000,1788374642.237
39.091,8.5684,5.0206,-0.1295,0.0000,0.0000,1788374642.257
39.111,8.5684,5.0206,-0.1295,0.0000,0.0000,1788374642.277
39.131,8.5684,5.0206,-0.1295,0.0000,0.0000,1788374642.297
39.151,8.5684,5.0206,-0.1295,0.0000,0.0000,1788374642.317
39.171,8.5684,5.0206,-0.1295,0.0000,0.0000,1788374642.337
39.191,8.5684,5.0206,-0.1295,0.0000,0.0000,1788374642.357
39.212,8.5684,5.0206,-0.1295,0.0000,0.0000,1788374642.377
39.232,8.5684,5.0206,-0.1295,0.0000,0.0000,1788374642.397
39.251,8.5684,5.0206,-0.1295,0.0000,0.0000,1788374642.417
39.271,8.5684,5.0206,-0.1295,0.0000,0.0000,1788374642.437
39.291,8.5684,5.0206,-0.1295,0.0000,0.0000,1788374642.457
39.311,8.5684,5.0206,-0.1295,0.0000,0.0000,1788374642.477
39.331,8.5684,5.0206,-0.1295,0.0000,0.0000,1788374642.497
39.351,8.5684,5.0206,-0.1295,0.0000,0.0000,1788374642.517
39.371,8.5684,5.0206,-0.1295,0.0000,0.0000,1788374642.537
39.391,8.5684,5.0206,-0.1295,0.0000,0.0000,1788374642.557
39.411,8.5684,5.0206,-0.1295,0.0000,0.0000,1788374642.577
39.431,8.5684,5.0206,-0.1295,0.0000,0.0000,1788374642.597
39.451,8.5684,5.0206,-0.1295,0.0000,0.0000,1788374642.617
39.471,8.5684,5.0206,-0.1295,0.0000,0.0000,1788374642.637
39.491,8.5684,5.0206,-0.1295,0.0000,0.0000,1788374642.657
39.511,8.5684,5.0206,-0.1295,0.0000,0.0000,1788374642.677
39.531,8.5684,5.0206,-0.1295,0.0000,0.0000,1788374642.697
39.551,8.5684,5.0206,-0.1295,0.0000,0.0000,1788374642.717
39.571,8.5684,5.0206,-0.1295,0.0000,0.0000,1788374642.737
39.591,8.5684,5.0206,-0.1295,0.0000,0.0000,1788374642.757
39.611,8.5684,5.0206,-0.1295,0.0000,0.0000,1788374642.777
39.631,8.5684,5.0206,-0.1295,0.0000,0.0000,1788374642.797
39.651,8.5684,5.0206,-0.1295,0.0000,0.0000,1788374642.817
39.671,8.5684,5.0206,-0.1295,0.0000,0.0000,1788374642.837
39.691,8.5684,5.0206,-0.1295,0.0000,0.0000,1788374642.857
39.711,8.5684,5.0206,-0.1295,0.0000,0.0000,1788374642.877
39.731,8.5684,5.0206,-0.1295,0.0000,0.0000,1788374642.897
39.751,8.5684,5.0206,-0.1295,0.0000,0.0000,1788374642.917
39.771,8.5684,5.0206,-0.1295,0.0000,0.0000,1788374642.937
39.791,8.5684,5.0206,-0.1295,0.0000,0.0000,1788374642.957
39.811,8.5684,5.0206,-0.1295,0.0000,0.0000,1788374642.977
39.831,8.5684,5.0206,-0.1295,0.0000,0.0000,1788374642.997
39.851,8.5684,5.0206,-0.1295,0.0000,0.0000,1788374643.017
39.871,8.5684,5.0206,-0.1295,0.0000,0.0000,1788374643.037
39.891,8.5684,5.0206,-0.1295,0.0000,0.0000,1788374643.057
39.911,8.5684,5.0206,-0.1295,0.0000,0.0000,1788374643.077
39.931,8.5684,5.0206,-0.1295,0.0000,0.0000,1788374643.097
39.951,8.5684,5.0206,-0.1295,0.0000,0.0000,1788374643.117
39.971,8.5684,5.0206,-0.1295,0.0000,0.0000,1788374643.137
39.991,8.5684,5.0206,-0.1295,0.0000,0.0000,1788374643.157
40.011,8.5684,5.0206,-0.1295,0.0000,0.0000,1788374643.177
40.031,8.5684,5.0206,-0.1295,0.0000,0.0000,1788374643.197
40.051,8.5684,5.0206,-0.1295,0.0000,0.0000,1788374643.217
40.071,8.5684,5.0206,-0.1295,0.0000,0.0000,1788374643.237
40.091,8.5684,5.0206,-0.1295,0.0000,0.0000,1788374643.257
40.111,8.5684,5.0206,-0.1295,0.0000,0.0000,1788374643.277
40.131,8.5684,5.0206,-0.1295,0.0000,0.0000,1788374643.297
40.151,8.5684,5.0206,-0.1295,0.0000,0.0000,1788374643.317
40.171,8.5684,5.0206,-0.1295,0.0000,0.0000,1788374643.337
40.191,8.5684,5.0206,-0.1295,0.0000,0.0000,1788374643.357
40.211,8.5684,5.0206,-0.1295,0.0000,0.0000,1788374643.377
40.231,8.5684,5.0206,-0.1295,0.0000,0.0000,1788374643.397
40.252,8.5684,5.0206,-0.1295,0.0000,0.0000,1788374643.417
40.272,8.5684,5.0206,-0.1295,0.0000,0.0000,1788374643.437
40.291,8.5684,5.0206,-0.1295,0.0000,0.0000,1788374643.457
40.311,8.5684,5.0206,-0.1295,0.0000,0.0000,1788374643.477
40.331,8.5684,5.0206,-0.1295,0.0000,0.0000,1788374643.497
40.351,8.5684,5.0206,-0.1295,0.0000,0.0000,1788374643.517
40.371,8.5684,5.0206,-0.1295,0.0000,0.0000,1788374643.537
40.391,8.5684,5.0206,-0.1295,0.0000,0.0000,1788374643.557
40.411,8.5684,5.0206,-0.1295,0.0000,0.0000,1788374643.577
40.431,8.5684,5.0206,-0.1295,0.0000,0.0000,1788374643.597
40.451,8.5684,5.0206,-0.1295,0.0000,0.0000,1788374643.617
40.471,8.5684,5.0206,-0.1295,0.0000,0.0000,1788374643.637
40.491,8.5684,5.0206,-0.1295,0.0000,0.0000,1788374643.657
40.511,8.5684,5.0206,-0.1295,0.0000,0.0000,1788374643.677
40.531,8.5684,5.0206,-0.1295,0.0000,0.0000,1788374643.697
40.551,8.5684,5.0206,-0.1295,0.0000,0.0000,1788374643.717
40.571,8.5684,5.0206,-0.1295,0.0000,0.0000,1788374643.737
40.591,8.5684,5.0206,-0.1295,0.0000,0.0000,1788374643.757
40.611,8.5684,5.0206,-0.1295,0.0000,0.0000,1788374643.777
40.631,8.5684,5.0206,-0.1295,0.0000,0.0000,1788374643.797
40.651,8.5684,5.0206,-0.1295,0.0000,0.0000,1788374643.817
40.671,8.5684,5.0206,-0.1295,0.0000,0.0000,1788374643.837
40.691,8.5684,5.0206,-0.1295,0.0000,0.0000,1788374643.857
40.711,8.5684,5.0206,-0.1295,0.0000,0.0000,1788374643.877
40.731,8.5684,5.0206,-0.1295,0.0000,0.0000,1788374643.897
40.751,8.5684,5.0206,-0.1295,0.0000,0.0000,1788374643.917
40.771,8.5684,5.0206,-0.1295,0.0000,0.0000,1788374643.937
40.791,8.5684,5.0206,-0.1295,0.0000,0.0000,1788374643.957
40.811,8.5684,5.0206,-0.1295,0.0000,0.0000,1788374643.977
40.831,8.5684,5.0206,-0.1295,0.0000,0.0000,1788374643.997
40.851,8.5684,5.0206,-0.1295,0.0000,0.0000,1788374644.017
40.871,8.5684,5.0206,-0.1295,0.0000,0.0000,1788374644.037
40.891,8.5684,5.0206,-0.1295,0.0000,0.0000,1788374644.057
40.911,8.5684,5.0206,-0.1295,0.0000,0.0000,1788374644.077
40.931,8.5684,5.0206,-0.1295,0.0000,0.0000,1788374644.097
40.951,8.5684,5.0206,-0.1295,0.0000,0.0000,1788374644.117
40.971,8.5684,5.0206,-0.1295,0.0000,0.0000,1788374644.137
40.991,8.5684,5.0206,-0.1295,0.0000,0.0000,1788374644.157
41.011,8.5684,5.0206,-0.1295,0.0000,0.0000,1788374644.177
41.031,8.5684,5.0206,-0.1295,0.0000,0.0000,1788374644.197
41.051,8.5684,5.0206,-0.1295,0.0000,0.0000,1788374644.217
41.071,8.5684,5.0206,-0.1295,0.0000,0.0000,1788374644.237
41.091,8.5684,5.0206,-0.1295,0.0000,0.0000,1788374644.257
41.111,8.5684,5.0206,-0.1295,0.0000,0.0000,1788374644.277
41.131,8.5684,5.0206,-0.1295,0.0000,0.0000,1788374644.297
41.151,8.5684,5.0206,-0.1295,0.0000,0.0000,1788374644.317
41.171,8.5684,5.0206,-0.1295,0.0000,0.0000,1788374644.337
41.191,8.5684,5.0206,-0.1295,0.0000,0.0000,1788374644.357
41.211,8.5684,5.0206,-0.1295,0.0000,0.0000,1788374644.377
41.231,8.5684,5.0206,-0.1295,0.0000,0.0000,1788374644.397
41.251,8.5684,5.0206,-0.1295,0.0000,0.0000,1788374644.417
41.271,8.5684,5.0206,-0.1295,0.0000,0.0000,1788374644.437
41.291,8.5684,5.0206,-0.1295,0.0000,0.0000,1788374644.457
41.311,8.5684,5.0206,-0.1295,0.0000,0.0000,1788374644.477
41.331,8.5684,5.0206,-0.1295,0.0000,0.0000,1788374644.497
41.351,8.5684,5.0206,-0.1295,0.0000,0.0000,1788374644.517
41.371,8.5684,5.0206,-0.1295,0.0000,0.0000,1788374644.537
41.391,8.5684,5.0206,-0.1295,0.0000,0.0000,1788374644.557
41.411,8.5684,5.0206,-0.1295,0.0000,0.0000,1788374644.577
41.431,8.5684,5.0206,-0.1295,0.0000,0.0000,1788374644.597
41.451,8.5684,5.0206,-0.1295,0.0000,0.0000,1788374644.617
41.471,8.5684,5.0206,-0.1295,0.0000,0.0000,1788374644.637
41.491,8.5684,5.0206,-0.1295,0.0000,0.0000,1788374644.657
41.511,8.5684,5.0206,-0.1295,0.0000,0.0000,1788374644.677
41.531,8.5684,5.0206,-0.1295,0.0000,0.0000,1788374644.697
41.551,8.5684,5.0206,-0.1295,0.0000,0.0000,1788374644.717
41.571,8.5684,5.0206,-0.1295,0.0000,0.0000,1788374644.737
41.591,8.5684,5.0206,-0.1295,0.0000,0.0000,1788374644.757
41.611,8.5684,5.0206,-0.1295,0.0000,0.0000,1788374644.777
41.631,8.5684,5.0206,-0.1295,0.0000,0.0000,1788374644.797
41.651,8.5684,5.0206,-0.1295,0.0000,0.0000,1788374644.817
41.671,8.5684,5.0206,-0.1295,0.0000,0.0000,1788374644.837
41.691,8.5684,5.0206,-0.1295,0.0000,0.0000,1788374644.857
41.711,8.5684,5.0206,-0.1295,0.0000,0.0000,1788374644.877
41.731,8.5684,5.0206,-0.1295,0.0000,0.0000,1788374644.897
41.751,8.5684,5.0206,-0.1295,0.0000,0.0000,1788374644.917
41.771,8.5684,5.0206,-0.1295,0.0000,0.0000,1788374644.937
41.791,8.5684,5.0206,-0.1295,0.0000,0.0000,1788374644.957
41.811,8.5684,5.0206,-0.1295,0.0000,0.0000,1788374644.977
41.831,8.5684,5.0206,-0.1295,0.0000,0.0000,1788374644.997
41.851,8.5684,5.0206,-0.1295,0.0000,0.0000,1788374645.017
41.871,8.5684,5.0206,-0.1295,0.0000,0.0000,1788374645.037
41.891,8.5684,5.0206,-0.1295,0.0000,0.0000,1788374645.057
41.911,8.5684,5.0206,-0.1295,0.0000,0.0000,1788374645.077
41.931,8.5684,5.0206,-0.1295,0.0000,0.0000,1788374645.097
41.951,8.5684,5.0206,-0.1295,0.0000,0.0000,1788374645.117
41.971,8.5684,5.0206,-0.1295,0.0000,0.0000,1788374645.137
41.991,8.5684,5.0206,-0.1295,0.0000,0.0000,1788374645.157
42.011,8.5684,5.0206,-0.1295,0.0000,0.0000,1788374645.177
42.031,8.5684,5.0206,-0.1295,0.0000,0.0000,1788374645.197
42.051,8.5684,5.0206,-0.1295,0.0000,0.0000,1788374645.217
42.071,8.5684,5.0206,-0.1295,0.0000,0.0000,1788374645.237
42.091,8.5684,5.0206,-0.1295,0.0000,0.0000,1788374645.257
42.111,8.5684,5.0206,-0.1295,0.0000,0.0000,1788374645.277
42.131,8.5684,5.0206,-0.1295,0.0000,0.0000,1788374645.297
42.151,8.5684,5.0206,-0.1295,0.0000,0.0000,1788374645.317
42.171,8.5684,5.0206,-0.1295,0.0000,0.0000,1788374645.337
42.191,8.5684,5.0206,-0.1295,0.0000,0.0000,1788374645.357
42.211,8.5684,5.0206,-0.1295,0.0000,0.0000,1788374645.377
42.231,8.5684,5.0206,-0.1295,0.0000,0.0000,1788374645.397
42.251,8.5684,5.0206,-0.1295,0.0000,0.0000,1788374645.417
42.271,8.5684,5.0206,-0.1295,0.0000,0.0000,1788374645.437
42.291,8.5684,5.0206,-0.1295,0.0000,0.0000,1788374645.457
42.312,8.5684,5.0206,-0.1295,0.0000,0.0000,1788374645.478
42.332,8.5684,5.0206,-0.1295,0.0000,0.0000,1788374645.497
42.351,8.5684,5.0206,-0.1295,0.0000,0.0000,1788374645.517
42.371,8.5684,5.0206,-0.1295,0.0000,0.0000,1788374645.537
42.391,8.5684,5.0206,-0.1295,0.0000,0.0000,1788374645.557
42.411,8.5684,5.0206,-0.1295,0.0000,0.0000,1788374645.577
42.431,8.5684,5.0206,-0.1295,0.0000,0.0000,1788374645.597
42.451,8.5684,5.0206,-0.1295,0.0000,0.0000,1788374645.617
42.471,8.5684,5.0206,-0.1295,0.0000,0.0000,1788374645.637
42.491,8.5684,5.0206,-0.1295,0.0000,0.0000,1788374645.657
42.511,8.5684,5.0206,-0.1295,0.0000,0.0000,1788374645.677
42.531,8.5684,5.0206,-0.1295,0.0000,0.0000,1788374645.697
42.551,8.5684,5.0206,-0.1295,0.0000,0.0000,1788374645.717
42.571,8.5684,5.0206,-0.1295,0.0000,0.0000,1788374645.737
42.591,8.5684,5.0206,-0.1295,0.0000,0.0000,1788374645.757
42.611,8.5684,5.0206,-0.1295,0.0000,0.0000,1788374645.777
42.631,8.5684,5.0206,-0.1295,0.0000,0.0000,1788374645.797
42.651,8.5684,5.0206,-0.1295,0.0000,0.0000,1788374645.817
42.671,8.5684,5.0206,-0.1295,0.0000,0.0000,1788374645.837
42.691,8.5684,5.0206,-0.1295,0.0000,0.0000,1788374645.857
42.711,8.5684,5.0206,-0.1295,0.0000,0.0000,1788374645.877
42.731,8.5684,5.0206,-0.1295,0.0000,0.0000,1788374645.897
42.751,8.5684,5.0206,-0.1295,0.0000,0.0000,1788374645.917
42.771,8.5684,5.0206,-0.1295,0.0000,0.0000,1788374645.937
42.791,8.5684,5.0206,-0.1295,0.0000,0.0000,1788374645.957
42.811,8.5684,5.0206,-0.1295,0.0000,0.0000,1788374645.977
42.831,8.5684,5.0206,-0.1295,0.0000,0.0000,1788374645.997
42.851,8.5684,5.0206,-0.1295,0.0000,0.0000,1788374646.017
42.871,8.5684,5.0206,-0.1295,0.0000,0.0000,1788374646.037
42.891,8.5684,5.0206,-0.1295,0.0000,0.0000,1788374646.057
42.911,8.5684,5.0206,-0.1295,0.0000,0.0000,1788374646.077
42.931,8.5684,5.0206,-0.1295,0.0000,0.0000,1788374646.097
42.951,8.5684,5.0206,-0.1295,0.0000,0.0000,1788374646.117
42.971,8.5684,5.0206,-0.1295,0.0000,0.0000,1788374646.137
42.991,8.5684,5.0206,-0.1295,0.0000,0.0000,1788374646.157
43.011,8.5684,5.0206,-0.1295,0.0000,0.0000,1788374646.177
43.031,8.5684,5.0206,-0.1295,0.0000,0.0000,1788374646.197
43.051,8.5684,5.0206,-0.1295,0.0000,0.0000,1788374646.217
43.071,8.5684,5.0206,-0.1295,0.0000,0.0000,1788374646.237
43.091,8.5684,5.0206,-0.1295,0.0000,0.0000,1788374646.257
43.111,8.5684,5.0206,-0.1295,0.0000,0.0000,1788374646.277
43.131,8.5684,5.0206,-0.1295,0.0000,0.0000,1788374646.297
43.151,8.5684,5.0206,-0.1295,0.0000,0.0000,1788374646.317
43.171,8.5684,5.0206,-0.1295,0.0000,0.0000,1788374646.337
43.191,8.5684,5.0206,-0.1295,0.0000,0.0000,1788374646.357
43.211,8.5684,5.0206,-0.1295,0.0000,0.0000,1788374646.377
43.231,8.5684,5.0206,-0.1295,0.0000,0.0000,1788374646.397
43.251,8.5684,5.0206,-0.1295,0.0000,0.0000,1788374646.417
43.271,8.5684,5.0206,-0.1295,0.0000,0.0000,1788374646.437
43.291,8.5684,5.0206,-0.1295,0.0000,0.0000,1788374646.457
43.311,8.5684,5.0206,-0.1295,0.0000,0.0000,1788374646.477
43.331,8.5684,5.0206,-0.1295,0.0000,0.0000,1788374646.497
43.352,8.5684,5.0206,-0.1295,0.0000,0.0000,1788374646.517
43.372,8.5684,5.0206,-0.1295,0.0000,0.0000,1788374646.537
43.391,8.5684,5.0206,-0.1295,0.0000,0.0000,1788374646.557
43.411,8.5684,5.0206,-0.1295,0.0000,0.0000,1788374646.577
43.431,8.5684,5.0206,-0.1295,0.0000,0.0000,1788374646.597
43.451,8.5684,5.0206,-0.1295,0.0000,0.0000,1788374646.617
43.471,8.5684,5.0206,-0.1295,0.0000,0.0000,1788374646.637
43.491,8.5684,5.0206,-0.1295,0.0000,0.0000,1788374646.657
43.511,8.5684,5.0206,-0.1295,0.0000,0.0000,1788374646.677
43.531,8.5684,5.0206,-0.1295,0.0000,0.0000,1788374646.697
43.551,8.5684,5.0206,-0.1295,0.0000,0.0000,1788374646.717
43.571,8.5684,5.0206,-0.1295,0.0000,0.0000,1788374646.737
43.591,8.5684,5.0206,-0.1295,0.0000,0.0000,1788374646.757
43.611,8.5684,5.0206,-0.1295,0.0000,0.0000,1788374646.777
43.631,8.5684,5.0206,-0.1295,0.0000,0.0000,1788374646.797
43.651,8.5684,5.0206,-0.1295,0.0000,0.0000,1788374646.817
43.671,8.5684,5.0206,-0.1295,0.0000,0.0000,1788374646.837
43.691,8.5684,5.0206,-0.1295,0.0000,0.0000,1788374646.857
43.711,8.5684,5.0206,-0.1295,0.0000,0.0000,1788374646.877
43.731,8.5684,5.0206,-0.1295,0.0000,0.0000,1788374646.897
43.751,8.5684,5.0206,-0.1295,0.0000,0.0000,1788374646.917
43.771,8.5684,5.0206,-0.1295,0.0000,0.0000,1788374646.937
43.791,8.5684,5.0206,-0.1295,0.0000,0.0000,1788374646.957
43.811,8.5684,5.0206,-0.1295,0.0000,0.0000,1788374646.977
43.831,8.5684,5.0206,-0.1295,0.0000,0.0000,1788374646.997
43.851,8.5684,5.0206,-0.1295,0.0000,0.0000,1788374647.017
43.871,8.5684,5.0206,-0.1295,0.0000,0.0000,1788374647.037
43.891,8.5684,5.0206,-0.1295,0.0000,0.0000,1788374647.057
43.911,8.5684,5.0206,-0.1295,0.0000,0.0000,1788374647.077
43.931,8.5684,5.0206,-0.1295,0.0000,0.0000,1788374647.097
43.951,8.5684,5.0206,-0.1295,0.0000,0.0000,1788374647.117
43.971,8.5684,5.0206,-0.1295,0.0000,0.0000,1788374647.137
43.991,8.5684,5.0206,-0.1295,0.0000,0.0000,1788374647.157
44.011,8.5684,5.0206,-0.1295,0.0000,0.0000,1788374647.177
44.031,8.5684,5.0206,-0.1295,0.0000,0.0000,1788374647.197
44.051,8.5684,5.0206,-0.1295,0.0000,0.0000,1788374647.217
44.071,8.5684,5.0206,-0.1295,0.0000,0.0000,1788374647.237
44.091,8.5684,5.0206,-0.1295,0.0000,0.0000,1788374647.257
44.111,8.5684,5.0206,-0.1295,0.0000,0.0000,1788374647.277
44.131,8.5684,5.0206,-0.1295,0.0000,0.0000,1788374647.297
44.151,8.5684,5.0206,-0.1295,0.0000,0.0000,1788374647.317
44.171,8.5684,5.0206,-0.1295,0.0000,0.0000,1788374647.337
44.191,8.5684,5.0206,-0.1295,0.0000,0.0000,1788374647.357
44.211,8.5684,5.0206,-0.1295,0.0000,0.0000,1788374647.377
44.231,8.5684,5.0206,-0.1295,0.0000,0.0000,1788374647.397
44.251,8.5684,5.0206,-0.1295,0.0000,0.0000,1788374647.417
44.271,8.5684,5.0206,-0.1295,0.0000,0.0000,1788374647.437
44.291,8.5684,5.0206,-0.1295,0.0000,0.0000,1788374647.457
44.311,8.5684,5.0206,-0.1295,0.0000,0.0000,1788374647.477
44.331,8.5684,5.0206,-0.1295,0.0000,0.0000,1788374647.497
44.351,8.5684,5.0206,-0.1295,0.0000,0.0000,1788374647.517
44.371,8.5684,5.0206,-0.1295,0.0000,0.0000,1788374647.537
44.391,8.5684,5.0206,-0.1295,0.0000,0.0000,1788374647.557
44.411,8.5684,5.0206,-0.1295,0.0000,0.0000,1788374647.577
44.431,8.5684,5.0206,-0.1295,0.0000,0.0000,1788374647.597
44.451,8.5684,5.0206,-0.1295,0.0000,0.0000,1788374647.617
44.471,8.5684,5.0206,-0.1295,0.0000,0.0000,1788374647.637
44.491,8.5684,5.0206,-0.1295,0.0000,0.0000,1788374647.657
44.511,8.5684,5.0206,-0.1295,0.0000,0.0000,1788374647.677
44.531,8.5684,5.0206,-0.1295,0.0000,0.0000,1788374647.697
44.551,8.5684,5.0206,-0.1295,0.0000,0.0000,1788374647.717
44.571,8.5684,5.0206,-0.1295,0.0000,0.0000,1788374647.737
44.591,8.5684,5.0206,-0.1295,0.0000,0.0000,1788374647.757
44.611,8.5684,5.0206,-0.1295,0.0000,0.0000,1788374647.777
44.631,8.5684,5.0206,-0.1295,0.0000,0.0000,1788374647.797
44.651,8.5684,5.0206,-0.1295,0.0000,0.0000,1788374647.817
44.671,8.5684,5.0206,-0.1295,0.0000,0.0000,1788374647.837
44.691,8.5684,5.0206,-0.1295,0.0000,0.0000,1788374647.857
44.711,8.5684,5.0206,-0.1295,0.0000,0.0000,1788374647.877
44.731,8.5684,5.0206,-0.1295,0.0000,0.0000,1788374647.897
44.751,8.5684,5.0206,-0.1295,0.0000,0.0000,1788374647.917
44.771,8.5684,5.0206,-0.1295,0.0000,0.0000,1788374647.937
44.791,8.5684,5.0206,-0.1295,0.0000,0.0000,1788374647.957
44.811,8.5684,5.0206,-0.1295,0.0000,0.0000,1788374647.977
44.831,8.5684,5.0206,-0.1295,0.0000,0.0000,1788374647.997
44.851,8.5684,5.0206,-0.1295,0.0000,0.0000,1788374648.017
44.871,8.5684,5.0206,-0.1295,0.0000,0.0000,1788374648.037
44.891,8.5684,5.0206,-0.1295,0.0000,0.0000,1788374648.057
44.911,8.5684,5.0206,-0.1295,0.0000,0.0000,1788374648.077
44.931,8.5684,5.0206,-0.1295,0.0000,0.0000,1788374648.097
44.951,8.5684,5.0206,-0.1295,0.0000,0.0000,1788374648.117
44.971,8.5684,5.0206,-0.1295,0.0000,0.0000,1788374648.137
44.991,8.5684,5.0206,-0.1295,0.0000,0.0000,1788374648.157
45.011,8.5684,5.0206,-0.1295,0.0000,0.0000,1788374648.177
45.031,8.5684,5.0206,-0.1295,0.0000,0.0000,1788374648.197
45.051,8.5684,5.0206,-0.1295,0.0000,0.0000,1788374648.217
45.071,8.5684,5.0206,-0.1295,0.0000,0.0000,1788374648.237
45.091,8.5684,5.0206,-0.1295,0.0000,0.0000,1788374648.257
45.111,8.5684,5.0206,-0.1295,0.0000,0.0000,1788374648.277
45.131,8.5684,5.0206,-0.1295,0.0000,0.0000,1788374648.297
45.151,8.5684,5.0206,-0.1295,0.0000,0.0000,1788374648.317
45.171,8.5684,5.0206,-0.1295,0.0000,0.0000,1788374648.337
45.191,8.5684,5.0206,-0.1295,0.0000,0.0000,1788374648.357
45.211,8.5684,5.0206,-0.1295,0.0000,0.0000,1788374648.377
45.231,8.5684,5.0206,-0.1295,0.0000,0.0000,1788374648.397
45.251,8.5684,5.0206,-0.1295,0.0000,0.0000,1788374648.417
45.271,8.5684,5.0206,-0.1295,0.0000,0.0000,1788374648.437
45.291,8.5684,5.0206,-0.1295,0.0000,0.0000,1788374648.457
45.311,8.5684,5.0206,-0.1295,0.0000,0.0000,1788374648.477
45.331,8.5684,5.0206,-0.1295,0.0000,0.0000,1788374648.497
45.351,8.5684,5.0206,-0.1295,0.0000,0.0000,1788374648.517
45.371,8.5684,5.0206,-0.1295,0.0000,0.0000,1788374648.537
45.391,8.5684,5.0206,-0.1295,0.0000,0.0000,1788374648.557
45.412,8.5684,5.0206,-0.1295,0.0000,0.0000,1788374648.577
45.432,8.5684,5.0206,-0.1295,0.0000,0.0000,1788374648.597
45.451,8.5684,5.0206,-0.1295,0.0000,0.0000,1788374648.617
45.471,8.5684,5.0206,-0.1295,0.0000,0.0000,1788374648.637
45.491,8.5684,5.0206,-0.1295,0.0000,0.0000,1788374648.657
45.511,8.5684,5.0206,-0.1295,0.0000,0.0000,1788374648.677
45.531,8.5684,5.0206,-0.1295,0.0000,0.0000,1788374648.697
45.551,8.5684,5.0206,-0.1295,0.0000,0.0000,1788374648.717
45.571,8.5684,5.0206,-0.1295,0.0000,0.0000,1788374648.737
45.591,8.5684,5.0206,-0.1295,0.0000,0.0000,1788374648.757
45.611,8.5684,5.0206,-0.1295,0.0000,0.0000,1788374648.777
45.631,8.5684,5.0206,-0.1295,0.0000,0.0000,1788374648.797
45.651,8.5684,5.0206,-0.1295,0.0000,0.0000,1788374648.817
45.671,8.5684,5.0206,-0.1295,0.0000,0.0000,1788374648.837
45.691,8.5684,5.0206,-0.1295,0.0000,0.0000,1788374648.857
45.711,8.5684,5.0206,-0.1295,0.0000,0.0000,1788374648.877
45.731,8.5684,5.0206,-0.1295,0.0000,0.0000,1788374648.897
45.751,8.5684,5.0206,-0.1295,0.0000,0.0000,1788374648.917
45.771,8.5684,5.0206,-0.1295,0.0000,0.0000,1788374648.937
45.791,8.5684,5.0206,-0.1295,0.0000,0.0000,1788374648.957
45.811,8.5684,5.0206,-0.1295,0.0000,0.0000,1788374648.977
45.831,8.5684,5.0206,-0.1295,0.0000,0.0000,1788374648.997
45.851,8.5684,5.0206,-0.1295,0.0000,0.0000,1788374649.017
45.871,8.5684,5.0206,-0.1295,0.0000,0.0000,1788374649.037
45.891,8.5684,5.0206,-0.1295,0.0000,0.0000,1788374649.057
45.911,8.5684,5.0206,-0.1295,0.0000,0.0000,1788374649.077
45.931,8.5684,5.0206,-0.1295,0.0000,0.0000,1788374649.097
45.951,8.5684,5.0206,-0.1295,0.0000,0.0000,1788374649.117
45.971,8.5684,5.0206,-0.1295,0.0000,0.0000,1788374649.137
45.991,8.5684,5.0206,-0.1295,0.0000,0.0000,1788374649.157
46.011,8.5684,5.0206,-0.1295,0.0000,0.0000,1788374649.177
46.031,8.5684,5.0206,-0.1295,0.0000,0.0000,1788374649.197
46.051,8.5684,5.0206,-0.1295,0.0000,0.0000,1788374649.217
46.071,8.5684,5.0206,-0.1295,0.0000,0.0000,1788374649.237
46.091,8.5684,5.0206,-0.1295,0.0000,0.0000,1788374649.257
46.111,8.5684,5.0206,-0.1295,0.0000,0.0000,1788374649.277
46.131,8.5684,5.0206,-0.1295,0.0000,0.0000,1788374649.297
46.151,8.5684,5.0206,-0.1295,0.0000,0.0000,1788374649.317
46.171,8.5684,5.0206,-0.1295,0.0000,0.0000,1788374649.337
46.191,8.5684,5.0206,-0.1295,0.0000,0.0000,1788374649.357
46.211,8.5684,5.0206,-0.1295,0.0000,0.0000,1788374649.377
46.231,8.5684,5.0206,-0.1295,0.0000,0.0000,1788374649.397
46.251,8.5684,5.0206,-0.1295,0.0000,0.0000,1788374649.417
46.271,8.5684,5.0206,-0.1295,0.0000,0.0000,1788374649.437
46.291,8.5684,5.0206,-0.1295,0.0000,0.0000,1788374649.457
46.311,8.5684,5.0206,-0.1295,0.0000,0.0000,1788374649.477
46.331,8.5684,5.0206,-0.1295,0.0000,0.0000,1788374649.497
46.351,8.5684,5.0206,-0.1295,0.0000,0.0000,1788374649.517
46.371,8.5684,5.0206,-0.1295,0.0000,0.0000,1788374649.537
46.391,8.5684,5.0206,-0.1295,0.0000,0.0000,1788374649.557
46.411,8.5684,5.0206,-0.1295,0.0000,0.0000,1788374649.577
46.431,8.5684,5.0206,-0.1295,0.0000,0.0000,1788374649.597
46.452,8.5684,5.0206,-0.1295,0.0000,0.0000,1788374649.618
46.471,8.5684,5.0206,-0.1295,0.0000,0.0000,1788374649.637
46.491,8.5684,5.0206,-0.1295,0.0000,0.0000,1788374649.657
46.511,8.5684,5.0206,-0.1295,0.0000,0.0000,1788374649.677
46.531,8.5684,5.0206,-0.1295,0.0000,0.0000,1788374649.697
46.551,8.5684,5.0206,-0.1295,0.0000,0.0000,1788374649.717
46.571,8.5684,5.0206,-0.1295,0.0000,0.0000,1788374649.737
46.591,8.5684,5.0206,-0.1295,0.0000,0.0000,1788374649.757
46.611,8.5684,5.0206,-0.1295,0.0000,0.0000,1788374649.777
46.631,8.5684,5.0206,-0.1295,0.0000,0.0000,1788374649.797
46.651,8.5684,5.0206,-0.1295,0.0000,0.0000,1788374649.817
46.671,8.5684,5.0206,-0.1295,0.0000,0.0000,1788374649.837
46.691,8.5684,5.0206,-0.1295,0.0000,0.0000,1788374649.857
46.711,8.5684,5.0206,-0.1295,0.0000,0.0000,1788374649.877
46.731,8.5684,5.0206,-0.1295,0.0000,0.0000,1788374649.897
46.751,8.5684,5.0206,-0.1295,0.0000,0.0000,1788374649.917
46.771,8.5684,5.0206,-0.1295,0.0000,0.0000,1788374649.937
46.791,8.5684,5.0206,-0.1295,0.0000,0.0000,1788374649.957
46.811,8.5684,5.0206,-0.1295,0.0000,0.0000,1788374649.977
46.831,8.5684,5.0206,-0.1295,0.0000,0.0000,1788374649.997
46.851,8.5684,5.0206,-0.1295,0.0000,0.0000,1788374650.017
46.871,8.5684,5.0206,-0.1295,0.0000,0.0000,1788374650.037
46.891,8.5684,5.0206,-0.1295,0.0000,0.0000,1788374650.057
46.911,8.5684,5.0206,-0.1295,0.0000,0.0000,1788374650.077
46.931,8.5684,5.0206,-0.1295,0.0000,0.0000,1788374650.097
46.951,8.5684,5.0206,-0.1295,0.0000,0.0000,1788374650.117
46.971,8.5684,5.0206,-0.1295,0.0000,0.0000,1788374650.137
46.991,8.5684,5.0206,-0.1295,0.0000,0.0000,1788374650.157
47.011,8.5684,5.0206,-0.1295,0.0000,0.0000,1788374650.177
47.031,8.5684,5.0206,-0.1295,0.0000,0.0000,1788374650.197
47.051,8.5684,5.0206,-0.1295,0.0000,0.0000,1788374650.217
47.071,8.5684,5.0206,-0.1295,0.0000,0.0000,1788374650.237
47.091,8.5684,5.0206,-0.1295,0.0000,0.0000,1788374650.257
47.111,8.5684,5.0206,-0.1295,0.0000,0.0000,1788374650.277
47.131,8.5684,5.0206,-0.1295,0.0000,0.0000,1788374650.297
47.151,8.5684,5.0206,-0.1295,0.0000,0.0000,1788374650.317
47.171,8.5684,5.0206,-0.1295,0.0000,0.0000,1788374650.337
47.191,8.5684,5.0206,-0.1295,0.0000,0.0000,1788374650.357
47.211,8.5684,5.0206,-0.1295,0.0000,0.0000,1788374650.377
47.231,8.5684,5.0206,-0.1295,0.0000,0.0000,1788374650.397
47.251,8.5684,5.0206,-0.1295,0.0000,0.0000,1788374650.417
47.271,8.5684,5.0206,-0.1295,0.0000,0.0000,1788374650.437
47.291,8.5684,5.0206,-0.1295,0.0000,0.0000,1788374650.457
47.311,8.5684,5.0206,-0.1295,0.0000,0.0000,1788374650.477
47.331,8.5684,5.0206,-0.1295,0.0000,0.0000,1788374650.497
47.351,8.5684,5.0206,-0.1295,0.0000,0.0000,1788374650.517
47.371,8.5684,5.0206,-0.1295,0.0000,0.0000,1788374650.537
47.391,8.5684,5.0206,-0.1295,0.0000,0.0000,1788374650.557
47.411,8.5684,5.0206,-0.1295,0.0000,0.0000,1788374650.577
47.431,8.5684,5.0206,-0.1295,0.0000,0.0000,1788374650.597
47.451,8.5684,5.0206,-0.1295,0.0000,0.0000,1788374650.617
47.472,8.5684,5.0206,-0.1295,0.0000,0.0000,1788374650.637
47.492,8.5684,5.0206,-0.1295,0.0000,0.0000,1788374650.657
47.511,8.5684,5.0206,-0.1295,0.0000,0.0000,1788374650.677
47.531,8.5684,5.0206,-0.1295,0.0000,0.0000,1788374650.697
47.551,8.5684,5.0206,-0.1295,0.0000,0.0000,1788374650.717
47.571,8.5684,5.0206,-0.1295,0.0000,0.0000,1788374650.737
47.591,8.5684,5.0206,-0.1295,0.0000,0.0000,1788374650.757
47.611,8.5684,5.0206,-0.1295,0.0000,0.0000,1788374650.777
47.631,8.5684,5.0206,-0.1295,0.0000,0.0000,1788374650.797
47.651,8.5684,5.0206,-0.1295,0.0000,0.0000,1788374650.817
47.671,8.5684,5.0206,-0.1295,0.0000,0.0000,1788374650.837
47.691,8.5684,5.0206,-0.1295,0.0000,0.0000,1788374650.857
47.711,8.5684,5.0206,-0.1295,0.0000,0.0000,1788374650.877
47.731,8.5684,5.0206,-0.1295,0.0000,0.0000,1788374650.897
47.751,8.5684,5.0206,-0.1295,0.0000,0.0000,1788374650.917
47.771,8.5684,5.0206,-0.1295,0.0000,0.0000,1788374650.937
47.791,8.5684,5.0206,-0.1295,0.0000,0.0000,1788374650.957
47.811,8.5684,5.0206,-0.1295,0.0000,0.0000,1788374650.977
47.831,8.5684,5.0206,-0.1295,0.0000,0.0000,1788374650.997
47.851,8.5684,5.0206,-0.1295,0.0000,0.0000,1788374651.017
47.871,8.5684,5.0206,-0.1295,0.0000,0.0000,1788374651.037
47.891,8.5684,5.0206,-0.1295,0.0000,0.0000,1788374651.057
47.911,8.5684,5.0206,-0.1295,0.0000,0.0000,1788374651.077
47.931,8.5684,5.0206,-0.1295,0.0000,0.0000,1788374651.097
47.951,8.5684,5.0206,-0.1295,0.0000,0.0000,1788374651.117
47.971,8.5684,5.0206,-0.1295,0.0000,0.0000,1788374651.137
47.991,8.5684,5.0206,-0.1295,0.0000,0.0000,1788374651.157
48.011,8.5684,5.0206,-0.1295,0.0000,0.0000,1788374651.177
48.031,8.5684,5.0206,-0.1295,0.0000,0.0000,1788374651.197
48.051,8.5684,5.0206,-0.1295,0.0000,0.0000,1788374651.217
48.071,8.5684,5.0206,-0.1295,0.0000,0.0000,1788374651.237
48.091,8.5684,5.0206,-0.1295,0.0000,0.0000,1788374651.257
48.111,8.5684,5.0206,-0.1295,0.0000,0.0000,1788374651.277
48.131,8.5684,5.0206,-0.1295,0.0000,0.0000,1788374651.297
48.151,8.5684,5.0206,-0.1295,0.0000,0.0000,1788374651.317
48.171,8.5684,5.0206,-0.1295,0.0000,0.0000,1788374651.337
48.191,8.5684,5.0206,-0.1295,0.0000,0.0000,1788374651.357
48.211,8.5684,5.0206,-0.1295,0.0000,0.0000,1788374651.377
48.231,8.5684,5.0206,-0.1295,0.0000,0.0000,1788374651.397
48.251,8.5684,5.0206,-0.1295,0.0000,0.0000,1788374651.417
48.271,8.5684,5.0206,-0.1295,0.0000,0.0000,1788374651.437
48.291,8.5684,5.0206,-0.1295,0.0000,0.0000,1788374651.457
48.311,8.5684,5.0206,-0.1295,0.0000,0.0000,1788374651.477
48.331,8.5684,5.0206,-0.1295,0.0000,0.0000,1788374651.497
48.351,8.5684,5.0206,-0.1295,0.0000,0.0000,1788374651.517
48.371,8.5684,5.0206,-0.1295,0.0000,0.0000,1788374651.537
48.391,8.5684,5.0206,-0.1295,0.0000,0.0000,1788374651.557
48.411,8.5684,5.0206,-0.1295,0.0000,0.0000,1788374651.577
48.431,8.5684,5.0206,-0.1295,0.0000,0.0000,1788374651.597
48.451,8.5684,5.0206,-0.1295,0.0000,0.0000,1788374651.617
48.471,8.5684,5.0206,-0.1295,0.0000,0.0000,1788374651.637
48.491,8.5684,5.0206,-0.1295,0.0000,0.0000,1788374651.657
48.511,8.5684,5.0206,-0.1295,0.0000,0.0000,1788374651.677
48.531,8.5684,5.0206,-0.1295,0.0000,0.0000,1788374651.697
48.551,8.5684,5.0206,-0.1295,0.0000,0.0000,1788374651.717
48.571,8.5684,5.0206,-0.1295,0.0000,0.0000,1788374651.737
48.591,8.5684,5.0206,-0.1295,0.0000,0.0000,1788374651.757
48.611,8.5684,5.0206,-0.1295,0.0000,0.0000,1788374651.777
48.631,8.5684,5.0206,-0.1295,0.0000,0.0000,1788374651.797
48.651,8.5684,5.0206,-0.1295,0.0000,0.0000,1788374651.817
48.671,8.5684,5.0206,-0.1295,0.0000,0.0000,1788374651.837
48.691,8.5684,5.0206,-0.1295,0.0000,0.0000,1788374651.857
48.711,8.5684,5.0206,-0.1295,0.0000,0.0000,1788374651.877
48.731,8.5684,5.0206,-0.1295,0.0000,0.0000,1788374651.897
48.751,8.5684,5.0206,-0.1295,0.0000,0.0000,1788374651.917
48.771,8.5684,5.0206,-0.1295,0.0000,0.0000,1788374651.937
48.791,8.5684,5.0206,-0.1295,0.0000,0.0000,1788374651.957
48.811,8.5684,5.0206,-0.1295,0.0000,0.0000,1788374651.977
48.831,8.5684,5.0206,-0.1295,0.0000,0.0000,1788374651.997
48.851,8.5684,5.0206,-0.1295,0.0000,0.0000,1788374652.017
48.871,8.5684,5.0206,-0.1295,0.0000,0.0000,1788374652.037
48.891,8.5684,5.0206,-0.1295,0.0000,0.0000,1788374652.057
48.911,8.5684,5.0206,-0.1295,0.0000,0.0000,1788374652.077
48.931,8.5684,5.0206,-0.1295,0.0000,0.0000,1788374652.097
48.951,8.5684,5.0206,-0.1295,0.0000,0.0000,1788374652.117
48.971,8.5684,5.0206,-0.1295,0.0000,0.0000,1788374652.137
48.991,8.5684,5.0206,-0.1295,0.0000,0.0000,1788374652.157
49.011,8.5684,5.0206,-0.1295,0.0000,0.0000,1788374652.177
49.031,8.5684,5.0206,-0.1295,0.0000,0.0000,1788374652.197
49.051,8.5684,5.0206,-0.1295,0.0000,0.0000,1788374652.217
49.071,8.5684,5.0206,-0.1295,0.0000,0.0000,1788374652.237
49.091,8.5684,5.0206,-0.1295,0.0000,0.0000,1788374652.257
49.111,8.5684,5.0206,-0.1295,0.0000,0.0000,1788374652.277
49.131,8.5684,5.0206,-0.1295,0.0000,0.0000,1788374652.297
49.151,8.5684,5.0206,-0.1295,0.0000,0.0000,1788374652.317
49.171,8.5684,5.0206,-0.1295,0.0000,0.0000,1788374652.337
49.191,8.5684,5.0206,-0.1295,0.0000,0.0000,1788374652.357
49.211,8.5684,5.0206,-0.1295,0.0000,0.0000,1788374652.377
49.231,8.5684,5.0206,-0.1295,0.0000,0.0000,1788374652.397
49.251,8.5684,5.0206,-0.1295,0.0000,0.0000,1788374652.417
49.271,8.5684,5.0206,-0.1295,0.0000,0.0000,1788374652.437
49.291,8.5684,5.0206,-0.1295,0.0000,0.0000,1788374652.457
49.311,8.5684,5.0206,-0.1295,0.0000,0.0000,1788374652.477
49.331,8.5684,5.0206,-0.1295,0.0000,0.0000,1788374652.497
49.351,8.5684,5.0206,-0.1295,0.0000,0.0000,1788374652.517
49.371,8.5684,5.0206,-0.1295,0.0000,0.0000,1788374652.537
49.391,8.5684,5.0206,-0.1295,0.0000,0.0000,1788374652.557
49.411,8.5684,5.0206,-0.1295,0.0000,0.0000,1788374652.577
49.431,8.5684,5.0206,-0.1295,0.0000,0.0000,1788374652.597
49.451,8.5684,5.0206,-0.1295,0.0000,0.0000,1788374652.617
49.471,8.5684,5.0206,-0.1295,0.0000,0.0000,1788374652.637
49.491,8.5684,5.0206,-0.1295,0.0000,0.0000,1788374652.657
49.511,8.5684,5.0206,-0.1295,0.0000,0.0000,1788374652.677
49.532,8.5684,5.0206,-0.1295,0.0000,0.0000,1788374652.697
49.552,8.5684,5.0206,-0.1295,0.0000,0.0000,1788374652.717
49.571,8.5684,5.0206,-0.1295,0.0000,0.0000,1788374652.737
49.591,8.5684,5.0206,-0.1295,0.0000,0.0000,1788374652.757
49.611,8.5684,5.0206,-0.1295,0.0000,0.0000,1788374652.777
49.631,8.5684,5.0206,-0.1295,0.0000,0.0000,1788374652.797
49.651,8.5684,5.0206,-0.1295,0.0000,0.0000,1788374652.817
49.671,8.5684,5.0206,-0.1295,0.0000,0.0000,1788374652.837
49.691,8.5684,5.0206,-0.1295,0.0000,0.0000,1788374652.857
49.711,8.5684,5.0206,-0.1295,0.0000,0.0000,1788374652.877
49.731,8.5684,5.0206,-0.1295,0.0000,0.0000,1788374652.897
49.751,8.5684,5.0206,-0.1295,0.0000,0.0000,1788374652.917
49.771,8.5684,5.0206,-0.1295,0.0000,0.0000,1788374652.937
49.791,8.5684,5.0206,-0.1295,0.0000,0.0000,1788374652.957
49.811,8.5684,5.0206,-0.1295,0.0000,0.0000,1788374652.977
49.831,8.5684,5.0206,-0.1295,0.0000,0.0000,1788374652.997
49.851,8.5684,5.0206,-0.1295,0.0000,0.0000,1788374653.017
49.871,8.5684,5.0206,-0.1295,0.0000,0.0000,1788374653.037
49.891,8.5684,5.0206,-0.1295,0.0000,0.0000,1788374653.057
49.911,8.5684,5.0206,-0.1295,0.0000,0.0000,1788374653.077
49.931,8.5684,5.0206,-0.1295,0.0000,0.0000,1788374653.097
49.951,8.5684,5.0206,-0.1295,0.0000,0.0000,1788374653.117
49.971,8.5684,5.0206,-0.1295,0.0000,0.0000,1788374653.137
49.991,8.5684,5.0206,-0.1295,0.0000,0.0000,1788374653.157
50.011,8.5684,5.0206,-0.1295,0.0000,0.0000,1788374653.177
50.031,8.5684,5.0206,-0.1295,0.0000,0.0000,1788374653.197
50.051,8.5684,5.0206,-0.1295,0.0000,0.0000,1788374653.217
50.071,8.5684,5.0206,-0.1295,0.0000,0.0000,1788374653.237
50.091,8.5684,5.0206,-0.1295,0.0000,0.0000,1788374653.257
50.111,8.5684,5.0206,-0.1295,0.0000,0.0000,1788374653.277
50.131,8.5684,5.0206,-0.1295,0.0000,0.0000,1788374653.297
50.151,8.5684,5.0206,-0.1295,0.0000,0.0000,1788374653.317
50.171,8.5684,5.0206,-0.1295,0.0000,0.0000,1788374653.337
50.191,8.5684,5.0206,-0.1295,0.0000,0.0000,1788374653.357
50.211,8.5684,5.0206,-0.1295,0.0000,0.0000,1788374653.377
50.231,8.5684,5.0206,-0.1295,0.0000,0.0000,1788374653.397
50.251,8.5684,5.0206,-0.1295,0.0000,0.0000,1788374653.417
50.271,8.5684,5.0206,-0.1295,0.0000,0.0000,1788374653.437
50.291,8.5684,5.0206,-0.1295,0.0000,0.0000,1788374653.457
50.311,8.5684,5.0206,-0.1295,0.0000,0.0000,1788374653.477
50.331,8.5684,5.0206,-0.1295,0.0000,0.0000,1788374653.497
50.351,8.5684,5.0206,-0.1295,0.0000,0.0000,1788374653.517
50.371,8.5684,5.0206,-0.1295,0.0000,0.0000,1788374653.537
50.391,8.5684,5.0206,-0.1295,0.0000,0.0000,1788374653.557
50.411,8.5684,5.0206,-0.1295,0.0000,0.0000,1788374653.577
50.431,8.5684,5.0206,-0.1295,0.0000,0.0000,1788374653.597
50.451,8.5684,5.0206,-0.1295,0.0000,0.0000,1788374653.617
50.471,8.5684,5.0206,-0.1295,0.0000,0.0000,1788374653.637
50.491,8.5684,5.0206,-0.1295,0.0000,0.0000,1788374653.657
50.511,8.5684,5.0206,-0.1295,0.0000,0.0000,1788374653.677
50.531,8.5684,5.0206,-0.1295,0.0000,0.0000,1788374653.697
50.551,8.5684,5.0206,-0.1295,0.0000,0.0000,1788374653.717
50.572,8.5684,5.0206,-0.1295,0.0000,0.0000,1788374653.737
50.592,8.5684,5.0206,-0.1295,0.0000,0.0000,1788374653.757
50.611,8.5684,5.0206,-0.1295,0.0000,0.0000,1788374653.777
50.631,8.5684,5.0206,-0.1295,0.0000,0.0000,1788374653.797
50.651,8.5684,5.0206,-0.1295,0.0000,0.0000,1788374653.817
50.671,8.5684,5.0206,-0.1295,0.0000,0.0000,1788374653.837
50.691,8.5684,5.0206,-0.1295,0.0000,0.0000,1788374653.857
50.711,8.5684,5.0206,-0.1295,0.0000,0.0000,1788374653.877
50.731,8.5684,5.0206,-0.1295,0.0000,0.0000,1788374653.897
50.751,8.5684,5.0206,-0.1295,0.0000,0.0000,1788374653.917
50.771,8.5684,5.0206,-0.1295,0.0000,0.0000,1788374653.937
50.791,8.5684,5.0206,-0.1295,0.0000,0.0000,1788374653.957
50.811,8.5684,5.0206,-0.1295,0.0000,0.0000,1788374653.977
50.831,8.5684,5.0206,-0.1295,0.0000,0.0000,1788374653.997
50.851,8.5684,5.0206,-0.1295,0.0000,0.0000,1788374654.017
50.871,8.5684,5.0206,-0.1295,0.0000,0.0000,1788374654.037
50.891,8.5684,5.0206,-0.1295,0.0000,0.0000,1788374654.057
50.911,8.5684,5.0206,-0.1295,0.0000,0.0000,1788374654.077
50.931,8.5684,5.0206,-0.1295,0.0000,0.0000,1788374654.097
50.951,8.5684,5.0206,-0.1295,0.0000,0.0000,1788374654.117
50.971,8.5684,5.0206,-0.1295,0.0000,0.0000,1788374654.137
50.991,8.5684,5.0206,-0.1295,0.0000,0.0000,1788374654.157
51.011,8.5684,5.0206,-0.1295,0.0000,0.0000,1788374654.177
51.031,8.5684,5.0206,-0.1295,0.0000,0.0000,1788374654.197
51.051,8.5684,5.0206,-0.1295,0.0000,0.0000,1788374654.217
51.071,8.5684,5.0206,-0.1295,0.0000,0.0000,1788374654.237
51.091,8.5684,5.0206,-0.1295,0.0000,0.0000,1788374654.257
51.111,8.5684,5.0206,-0.1295,0.0000,0.0000,1788374654.277
51.131,8.5684,5.0206,-0.1295,0.0000,0.0000,1788374654.297
51.151,8.5684,5.0206,-0.1295,0.0000,0.0000,1788374654.317
51.171,8.5684,5.0206,-0.1295,0.0000,0.0000,1788374654.337
51.191,8.5684,5.0206,-0.1295,0.0000,0.0000,1788374654.357
51.211,8.5684,5.0206,-0.1295,0.0000,0.0000,1788374654.377
51.231,8.5684,5.0206,-0.1295,0.0000,0.0000,1788374654.397
51.251,8.5684,5.0206,-0.1295,0.0000,0.0000,1788374654.417
51.271,8.5684,5.0206,-0.1295,0.0000,0.0000,1788374654.437
51.291,8.5684,5.0206,-0.1295,0.0000,0.0000,1788374654.457
51.311,8.5684,5.0206,-0.1295,0.0000,0.0000,1788374654.477
51.331,8.5684,5.0206,-0.1295,0.0000,0.0000,1788374654.497
51.351,8.5684,5.0206,-0.1295,0.0000,0.0000,1788374654.517
51.371,8.5684,5.0206,-0.1295,0.0000,0.0000,1788374654.537
51.391,8.5684,5.0206,-0.1295,0.0000,0.0000,1788374654.557
51.411,8.5684,5.0206,-0.1295,0.0000,0.0000,1788374654.577
51.431,8.5684,5.0206,-0.1295,0.0000,0.0000,1788374654.597
51.451,8.5684,5.0206,-0.1295,0.0000,0.0000,1788374654.617
51.471,8.5684,5.0206,-0.1295,0.0000,0.0000,1788374654.637
51.491,8.5684,5.0206,-0.1295,0.0000,0.0000,1788374654.657
51.511,8.5684,5.0206,-0.1295,0.0000,0.0000,1788374654.677
51.531,8.5684,5.0206,-0.1295,0.0000,0.0000,1788374654.697
51.551,8.5684,5.0206,-0.1295,0.0000,0.0000,1788374654.717
51.571,8.5684,5.0206,-0.1295,0.0000,0.0000,1788374654.737
51.591,8.5684,5.0206,-0.1295,0.0000,0.0000,1788374654.757
51.612,8.5684,5.0206,-0.1295,0.0000,0.0000,1788374654.777
51.631,8.5684,5.0206,-0.1295,0.0000,0.0000,1788374654.797
51.651,8.5684,5.0206,-0.1295,0.0000,0.0000,1788374654.817
51.671,8.5684,5.0206,-0.1295,0.0000,0.0000,1788374654.837
51.691,8.5684,5.0206,-0.1295,0.0000,0.0000,1788374654.857
51.711,8.5684,5.0206,-0.1295,0.0000,0.0000,1788374654.877
51.731,8.5684,5.0206,-0.1295,0.0000,0.0000,1788374654.897
51.751,8.5684,5.0206,-0.1295,0.0000,0.0000,1788374654.917
51.771,8.5684,5.0206,-0.1295,0.0000,0.0000,1788374654.937
51.791,8.5684,5.0206,-0.1295,0.0000,0.0000,1788374654.957
51.811,8.5684,5.0206,-0.1295,0.0000,0.0000,1788374654.977
51.831,8.5684,5.0206,-0.1295,0.0000,0.0000,1788374654.997
51.851,8.5684,5.0206,-0.1295,0.0000,0.0000,1788374655.017
51.871,8.5684,5.0206,-0.1295,0.0000,0.0000,1788374655.037
51.891,8.5684,5.0206,-0.1295,0.0000,0.0000,1788374655.057
51.911,8.5684,5.0206,-0.1295,0.0000,0.0000,1788374655.077
51.931,8.5684,5.0206,-0.1295,0.0000,0.0000,1788374655.097
51.951,8.5684,5.0206,-0.1295,0.0000,0.0000,1788374655.117
51.971,8.5684,5.0206,-0.1295,0.0000,0.0000,1788374655.137
51.991,8.5684,5.0206,-0.1295,0.0000,0.0000,1788374655.157
52.011,8.5684,5.0206,-0.1295,0.0000,0.0000,1788374655.177
52.031,8.5684,5.0206,-0.1295,0.0000,0.0000,1788374655.197
52.051,8.5684,5.0206,-0.1295,0.0000,0.0000,1788374655.217
52.071,8.5684,5.0206,-0.1295,0.0000,0.0000,1788374655.237
52.091,8.5684,5.0206,-0.1295,0.0000,0.0000,1788374655.257
52.111,8.5684,5.0206,-0.1295,0.0000,0.0000,1788374655.277
52.131,8.5684,5.0206,-0.1295,0.0000,0.0000,1788374655.297
52.151,8.5684,5.0206,-0.1295,0.0000,0.0000,1788374655.317
52.171,8.5684,5.0206,-0.1295,0.0000,0.0000,1788374655.337
52.191,8.5684,5.0206,-0.1295,0.0000,0.0000,1788374655.357
52.211,8.5684,5.0206,-0.1295,0.0000,0.0000,1788374655.377
52.231,8.5684,5.0206,-0.1295,0.0000,0.0000,1788374655.397
52.251,8.5684,5.0206,-0.1295,0.0000,0.0000,1788374655.417
52.271,8.5684,5.0206,-0.1295,0.0000,0.0000,1788374655.437
52.291,8.5684,5.0206,-0.1295,0.0000,0.0000,1788374655.457
52.311,8.5684,5.0206,-0.1295,0.0000,0.0000,1788374655.477
52.331,8.5684,5.0206,-0.1295,0.0000,0.0000,1788374655.497
52.351,8.5684,5.0206,-0.1295,0.0000,0.0000,1788374655.517
52.371,8.5684,5.0206,-0.1295,0.0000,0.0000,1788374655.537
52.391,8.5684,5.0206,-0.1295,0.0000,0.0000,1788374655.557
52.411,8.5684,5.0206,-0.1295,0.0000,0.0000,1788374655.577
52.431,8.5684,5.0206,-0.1295,0.0000,0.0000,1788374655.597
52.451,8.5684,5.0206,-0.1295,0.0000,0.0000,1788374655.617
52.471,8.5684,5.0206,-0.1295,0.0000,0.0000,1788374655.637
52.491,8.5684,5.0206,-0.1295,0.0000,0.0000,1788374655.657
52.511,8.5684,5.0206,-0.1295,0.0000,0.0000,1788374655.677
52.531,8.5684,5.0206,-0.1295,0.0000,0.0000,1788374655.697
52.551,8.5684,5.0206,-0.1295,0.0000,0.0000,1788374655.717
52.571,8.5684,5.0206,-0.1295,0.0000,0.0000,1788374655.737
52.591,8.5684,5.0206,-0.1295,0.0000,0.0000,1788374655.757
52.611,8.5684,5.0206,-0.1295,0.0000,0.0000,1788374655.777
52.632,8.5684,5.0206,-0.1295,0.0000,0.0000,1788374655.797
52.652,8.5684,5.0206,-0.1295,0.0000,0.0000,1788374655.817
52.671,8.5684,5.0206,-0.1295,0.0000,0.0000,1788374655.837
52.691,8.5684,5.0206,-0.1295,0.0000,0.0000,1788374655.857
52.711,8.5684,5.0206,-0.1295,0.0000,0.0000,1788374655.877
52.731,8.5684,5.0206,-0.1295,0.0000,0.0000,1788374655.897
52.751,8.5684,5.0206,-0.1295,0.0000,0.0000,1788374655.917
52.771,8.5684,5.0206,-0.1295,0.0000,0.0000,1788374655.937
52.791,8.5684,5.0206,-0.1295,0.0000,0.0000,1788374655.957
52.811,8.5684,5.0206,-0.1295,0.0000,0.0000,1788374655.977
52.831,8.5684,5.0206,-0.1295,0.0000,0.0000,1788374655.997
52.851,8.5684,5.0206,-0.1295,0.0000,0.0000,1788374656.017
52.871,8.5684,5.0206,-0.1295,0.0000,0.0000,1788374656.037
52.891,8.5684,5.0206,-0.1295,0.0000,0.0000,1788374656.057
52.911,8.5684,5.0206,-0.1295,0.0000,0.0000,1788374656.077
52.931,8.5684,5.0206,-0.1295,0.0000,0.0000,1788374656.097
52.951,8.5684,5.0206,-0.1295,0.0000,0.0000,1788374656.117
52.971,8.5684,5.0206,-0.1295,0.0000,0.0000,1788374656.137
52.991,8.5684,5.0206,-0.1295,0.0000,0.0000,1788374656.157
53.011,8.5684,5.0206,-0.1295,0.0000,0.0000,1788374656.177
53.031,8.5684,5.0206,-0.1295,0.0000,0.0000,1788374656.197
53.051,8.5684,5.0206,-0.1295,0.0000,0.0000,1788374656.217
53.071,8.5684,5.0206,-0.1295,0.0000,0.0000,1788374656.237
53.091,8.5684,5.0206,-0.1295,0.0000,0.0000,1788374656.257
53.111,8.5684,5.0206,-0.1295,0.0000,0.0000,1788374656.277
53.131,8.5684,5.0206,-0.1295,0.0000,0.0000,1788374656.297
53.151,8.5684,5.0206,-0.1295,0.0000,0.0000,1788374656.317
53.171,8.5684,5.0206,-0.1295,0.0000,0.0000,1788374656.337
53.191,8.5684,5.0206,-0.1295,0.0000,0.0000,1788374656.357
53.211,8.5684,5.0206,-0.1295,0.0000,0.0000,1788374656.377
53.231,8.5684,5.0206,-0.1295,0.0000,0.0000,1788374656.397
53.251,8.5684,5.0206,-0.1295,0.0000,0.0000,1788374656.417
53.271,8.5684,5.0206,-0.1295,0.0000,0.0000,1788374656.437
53.291,8.5684,5.0206,-0.1295,0.0000,0.0000,1788374656.457
53.311,8.5684,5.0206,-0.1295,0.0000,0.0000,1788374656.477
53.331,8.5684,5.0206,-0.1295,0.0000,0.0000,1788374656.497
53.351,8.5684,5.0206,-0.1295,0.0000,0.0000,1788374656.517
53.371,8.5684,5.0206,-0.1295,0.0000,0.0000,1788374656.537
53.391,8.5684,5.0206,-0.1295,0.0000,0.0000,1788374656.557
53.411,8.5684,5.0206,-0.1295,0.0000,0.0000,1788374656.577
53.431,8.5684,5.0206,-0.1295,0.0000,0.0000,1788374656.597
53.451,8.5684,5.0206,-0.1295,0.0000,0.0000,1788374656.617
53.471,8.5684,5.0206,-0.1295,0.0000,0.0000,1788374656.637
53.491,8.5684,5.0206,-0.1295,0.0000,0.0000,1788374656.657
53.511,8.5684,5.0206,-0.1295,0.0000,0.0000,1788374656.677
53.531,8.5684,5.0206,-0.1295,0.0000,0.0000,1788374656.697
53.551,8.5684,5.0206,-0.1295,0.0000,0.0000,1788374656.717
53.571,8.5684,5.0206,-0.1295,0.0000,0.0000,1788374656.737
53.591,8.5684,5.0206,-0.1295,0.0000,0.0000,1788374656.757
53.611,8.5684,5.0206,-0.1295,0.0000,0.0000,1788374656.777
53.631,8.5684,5.0206,-0.1295,0.0000,0.0000,1788374656.797
53.651,8.5684,5.0206,-0.1295,0.0000,0.0000,1788374656.817
53.672,8.5684,5.0206,-0.1295,0.0000,0.0000,1788374656.837
53.691,8.5684,5.0206,-0.1295,0.0000,0.0000,1788374656.857
53.711,8.5684,5.0206,-0.1295,0.0000,0.0000,1788374656.877
53.731,8.5684,5.0206,-0.1295,0.0000,0.0000,1788374656.897
53.751,8.5684,5.0206,-0.1295,0.0000,0.0000,1788374656.917
53.771,8.5684,5.0206,-0.1295,0.0000,0.0000,1788374656.937
53.791,8.5684,5.0206,-0.1295,0.0000,0.0000,1788374656.957
53.811,8.5684,5.0206,-0.1295,0.0000,0.0000,1788374656.977
53.831,8.5684,5.0206,-0.1295,0.0000,0.0000,1788374656.997
53.851,8.5684,5.0206,-0.1295,0.0000,0.0000,1788374657.017
53.871,8.5684,5.0206,-0.1295,0.0000,0.0000,1788374657.037
53.891,8.5684,5.0206,-0.1295,0.0000,0.0000,1788374657.057
53.911,8.5684,5.0206,-0.1295,0.0000,0.0000,1788374657.077
53.931,8.5684,5.0206,-0.1295,0.0000,0.0000,1788374657.097
53.951,8.5684,5.0206,-0.1295,0.0000,0.0000,1788374657.117
53.971,8.5684,5.0206,-0.1295,0.0000,0.0000,1788374657.137
53.991,8.5684,5.0206,-0.1295,0.0000,0.0000,1788374657.157
54.011,8.5684,5.0206,-0.1295,0.0000,0.0000,1788374657.177
54.031,8.5684,5.0206,-0.1295,0.0000,0.0000,1788374657.197
54.051,8.5684,5.0206,-0.1295,0.0000,0.0000,1788374657.217
54.071,8.5684,5.0206,-0.1295,0.0000,0.0000,1788374657.237
54.091,8.5684,5.0206,-0.1295,0.0000,0.0000,1788374657.257
54.111,8.5684,5.0206,-0.1295,0.0000,0.0000,1788374657.277
54.131,8.5684,5.0206,-0.1295,0.0000,0.0000,1788374657.297
54.151,8.5684,5.0206,-0.1295,0.0000,0.0000,1788374657.317
54.171,8.5684,5.0206,-0.1295,0.0000,0.0000,1788374657.337
54.191,8.5684,5.0206,-0.1295,0.0000,0.0000,1788374657.357
54.211,8.5684,5.0206,-0.1295,0.0000,0.0000,1788374657.377
54.231,8.5684,5.0206,-0.1295,0.0000,0.0000,1788374657.397
54.251,8.5684,5.0206,-0.1295,0.0000,0.0000,1788374657.417
54.271,8.5684,5.0206,-0.1295,0.0000,0.0000,1788374657.437
54.291,8.5684,5.0206,-0.1295,0.0000,0.0000,1788374657.457
54.311,8.5684,5.0206,-0.1295,0.0000,0.0000,1788374657.477
54.331,8.5684,5.0206,-0.1295,0.0000,0.0000,1788374657.497
54.351,8.5684,5.0206,-0.1295,0.0000,0.0000,1788374657.517
54.371,8.5684,5.0206,-0.1295,0.0000,0.0000,1788374657.537
54.391,8.5684,5.0206,-0.1295,0.0000,0.0000,1788374657.557
54.411,8.5684,5.0206,-0.1295,0.0000,0.0000,1788374657.577
54.431,8.5684,5.0206,-0.1295,0.0000,0.0000,1788374657.597
54.451,8.5684,5.0206,-0.1295,0.0000,0.0000,1788374657.617
54.471,8.5684,5.0206,-0.1295,0.0000,0.0000,1788374657.637
54.491,8.5684,5.0206,-0.1295,0.0000,0.0000,1788374657.657
54.511,8.5684,5.0206,-0.1295,0.0000,0.0000,1788374657.677
54.531,8.5684,5.0206,-0.1295,0.0000,0.0000,1788374657.697
54.551,8.5684,5.0206,-0.1295,0.0000,0.0000,1788374657.717
54.571,8.5684,5.0206,-0.1295,0.0000,0.0000,1788374657.737
54.591,8.5684,5.0206,-0.1295,0.0000,0.0000,1788374657.757
54.611,8.5684,5.0206,-0.1295,0.0000,0.0000,1788374657.777
54.631,8.5684,5.0206,-0.1295,0.0000,0.0000,1788374657.797
54.651,8.5684,5.0206,-0.1295,0.0000,0.0000,1788374657.817
54.671,8.5684,5.0206,-0.1295,0.0000,0.0000,1788374657.837
54.692,8.5684,5.0206,-0.1295,0.0000,0.0000,1788374657.857
54.712,8.5684,5.0206,-0.1295,0.0000,0.0000,1788374657.878
54.731,8.5684,5.0206,-0.1295,0.0000,0.0000,1788374657.897
54.751,8.5684,5.0206,-0.1295,0.0000,0.0000,1788374657.917
54.771,8.5684,5.0206,-0.1295,0.0000,0.0000,1788374657.937
54.791,8.5684,5.0206,-0.1295,0.0000,0.0000,1788374657.957
54.811,8.5684,5.0206,-0.1295,0.0000,0.0000,1788374657.977
54.831,8.5684,5.0206,-0.1295,0.0000,0.0000,1788374657.997
54.851,8.5684,5.0206,-0.1295,0.0000,0.0000,1788374658.017
54.871,8.5684,5.0206,-0.1295,0.0000,0.0000,1788374658.037
54.891,8.5684,5.0206,-0.1295,0.0000,0.0000,1788374658.057
54.911,8.5684,5.0206,-0.1295,0.0000,0.0000,1788374658.077
54.931,8.5684,5.0206,-0.1295,0.0000,0.0000,1788374658.097
54.951,8.5684,5.0206,-0.1295,0.0000,0.0000,1788374658.117
54.971,8.5684,5.0206,-0.1295,0.0000,0.0000,1788374658.137
54.991,8.5684,5.0206,-0.1295,0.0000,0.0000,1788374658.157
55.011,8.5684,5.0206,-0.1295,0.0000,0.0000,1788374658.177
55.031,8.5684,5.0206,-0.1295,0.0000,0.0000,1788374658.197
55.051,8.5684,5.0206,-0.1295,0.0000,0.0000,1788374658.217
55.071,8.5684,5.0206,-0.1295,0.0000,0.0000,1788374658.237
55.091,8.5684,5.0206,-0.1295,0.0000,0.0000,1788374658.257
55.111,8.5684,5.0206,-0.1295,0.0000,0.0000,1788374658.277
55.131,8.5684,5.0206,-0.1295,0.0000,0.0000,1788374658.297
55.151,8.5684,5.0206,-0.1295,0.0000,0.0000,1788374658.317
55.171,8.5684,5.0206,-0.1295,0.0000,0.0000,1788374658.337
55.191,8.5684,5.0206,-0.1295,0.0000,0.0000,1788374658.357
55.211,8.5684,5.0206,-0.1295,0.0000,0.0000,1788374658.377
55.231,8.5684,5.0206,-0.1295,0.0000,0.0000,1788374658.397
55.251,8.5684,5.0206,-0.1295,0.0000,0.0000,1788374658.417
55.271,8.5684,5.0206,-0.1295,0.0000,0.0000,1788374658.437
55.292,8.5684,5.0206,-0.1295,0.0000,0.0000,1788374658.457
55.312,8.5684,5.0206,-0.1295,0.0000,0.0000,1788374658.477
55.332,8.5684,5.0206,-0.1295,0.0000,0.0000,1788374658.497
55.352,8.5684,5.0206,-0.1295,0.0000,0.0000,1788374658.518
55.372,8.5684,5.0206,-0.1295,0.0000,0.0000,1788374658.538
55.392,8.5684,5.0206,-0.1295,0.0000,0.0000,1788374658.558
55.412,8.5684,5.0206,-0.1295,0.0000,0.0000,1788374658.578
55.431,8.5684,5.0206,-0.1295,0.0000,0.0000,1788374658.597
55.451,8.5684,5.0206,-0.1295,0.0000,0.0000,1788374658.617
55.471,8.5684,5.0206,-0.1295,0.0000,0.0000,1788374658.637
55.491,8.5684,5.0206,-0.1295,0.0000,0.0000,1788374658.657
55.511,8.5684,5.0206,-0.1295,0.0000,0.0000,1788374658.677
55.532,8.5684,5.0206,-0.1295,0.0000,0.0000,1788374658.698
55.552,8.5684,5.0206,-0.1295,0.0000,0.0000,1788374658.717
55.572,8.5684,5.0206,-0.1295,0.0000,0.0000,1788374658.738
55.592,8.5684,5.0206,-0.1295,0.0000,0.0000,1788374658.758
