t,x,y,yaw,v,w,t_abs
0.022,1.2000,5.0000,0.0000,0.0000,0.0000,1788738358.217
0.042,1.2000,5.0000,0.0000,0.0000,0.0000,1788738358.237
0.062,1.2000,5.0000,0.0000,0.0000,0.0000,1788738358.257
0.082,1.2000,5.0000,0.0000,0.0000,0.0000,1788738358.277
0.102,1.2000,5.0000,0.0000,0.0000,0.0000,1788738358.297
0.122,1.2000,5.0000,0.0000,0.0000,0.0000,1788738358.317
0.142,1.2000,5.0000,0.0000,0.0000,0.0000,1788738358.337
0.162,1.2000,5.0000,0.0000,0.0000,0.0000,1788738358.357
0.182,1.2000,5.0000,0.0000,0.0000,0.0000,1788738358.377
0.202,1.2000,5.0000,0.0000,0.0000,0.0000,1788738358.397
0.222,1.2000,5.0000,0.0000,0.0000,0.0000,1788738358.417
0.242,1.2000,5.0000,0.0000,0.0000,0.0000,1788738358.437
0.262,1.2000,5.0000,0.0000,0.0000,0.0000,1788738358.457
0.282,1.2000,5.0000,0.0000,0.0000,0.0000,1788738358.477
0.302,1.2000,5.0000,0.0000,0.0000,0.0000,1788738358.497
0.322,1.2000,5.0000,0.0000,0.0000,0.0000,1788738358.517
0.342,1.2000,5.0000,0.0000,0.0000,0.0000,1788738358.537
0.362,1.2000,5.0000,0.0000,0.0000,0.0000,1788738358.557
0.382,1.2000,5.0000,0.0000,0.0000,0.0000,1788738358.577
0.402,1.2000,5.0000,0.0000,0.0000,0.0000,1788738358.597
0.422,1.2000,5.0000,0.0000,0.0000,0.0000,1788738358.617
0.442,1.2000,5.0000,0.0000,0.0000,0.0000,1788738358.637
0.462,1.2000,5.0000,0.0000,0.0000,0.0000,1788738358.657
0.482,1.2000,5.0000,0.0000,0.0000,0.0000,1788738358.677
0.502,1.2000,5.0000,0.0000,0.0000,0.0000,1788738358.697
0.522,1.2000,5.0000,0.0000,0.0000,0.0000,1788738358.717
0.542,1.2000,5.0000,0.0000,0.0000,0.0000,1788738358.737
0.562,1.2000,5.0000,0.0000,0.0000,0.0000,1788738358.757
0.582,1.2000,5.0000,0.0000,0.0000,0.0000,1788738358.777
0.602,1.2000,5.0000,0.0000,0.0000,0.0000,1788738358.797
0.622,1.2000,5.0000,0.0000,0.0000,0.0000,1788738358.817
0.642,1.2000,5.0000,0.0000,0.0000,0.0000,1788738358.837
0.662,1.2000,5.0000,0.0000,0.0000,0.0000,1788738358.857
0.682,1.2000,5.0000,0.0000,0.0000,0.0000,1788738358.877
0.702,1.2000,5.0000,0.0000,0.0000,0.0000,1788738358.897
0.722,1.2000,5.0000,0.0000,0.0000,0.0000,1788738358.917
0.742,1.2000,5.0000,0.0000,0.0000,0.0000,1788738358.937
0.762,1.2000,5.0000,0.0000,0.0000,0.0000,1788738358.957
0.782,1.2000,5.0000,0.0000,0.0000,0.0000,1788738358.977
0.802,1.2000,5.0000,0.0000,0.0000,0.0000,1788738358.997
0.822,1.2000,5.0000,0.0000,0.0000,0.0000,1788738359.017
0.842,1.2000,5.0000,0.0000,0.0000,0.0000,1788738359.037
0.862,1.2000,5.0000,0.0000,0.0000,0.0000,1788738359.057
0.882,1.2000,5.0000,0.0000,0.0000,0.0000,1788738359.077
0.902,1.2000,5.0000,0.0000,0.0000,0.0000,1788738359.097
0.922,1.2000,5.0000,0.0000,0.0000,0.0000,1788738359.117
0.942,1.2000,5.0000,0.0000,0.0000,0.0000,1788738359.137
0.962,1.2000,5.0000,0.0000,0.0000,0.0000,1788738359.157
0.982,1.2000,5.0000,0.0000,0.0000,0.0000,1788738359.177
1.002,1.2000,5.0000,0.0000,0.0000,0.0000,1788738359.197
1.022,1.2000,5.0000,0.0000,0.0000,0.0000,1788738359.217
1.042,1.2000,5.0000,0.0000,0.0000,0.0000,1788738359.237
1.062,1.2000,5.0000,0.0000,0.0000,0.0000,1788738359.257
1.082,1.2000,5.0000,0.0000,0.0000,0.0000,1788738359.277
1.102,1.2000,5.0000,0.0000,0.0000,0.0000,1788738359.297
1.122,1.2000,5.0000,0.0000,0.0000,0.0000,1788738359.317
1.142,1.2000,5.0000,0.0000,0.0000,0.0000,1788738359.337
1.162,1.2000,5.0000,0.0000,0.0000,0.0000,1788738359.357
1.182,1.2000,5.0000,0.0000,0.0000,0.0000,1788738359.377
1.203,1.2000,5.0000,0.0000,0.0000,0.0000,1788738359.397
1.222,1.2000,5.0000,0.0000,0.0000,0.0000,1788738359.417
1.242,1.2000,5.0000,0.0000,0.0000,0.0000,1788738359.437
1.262,1.2000,5.0000,0.0000,0.0000,0.0000,1788738359.457
1.283,1.2000,5.0000,0.0000,0.0000,0.0000,1788738359.477
1.302,1.2000,5.0000,0.0000,0.0000,0.0000,1788738359.497
1.322,1.2000,5.0000,0.0000,0.0000,0.0000,1788738359.517
1.342,1.2000,5.0000,0.0000,0.0000,0.0000,1788738359.537
1.362,1.2000,5.0000,0.0000,0.0000,0.0000,1788738359.557
1.382,1.2000,5.0000,0.0000,0.0000,0.0000,1788738359.577
1.402,1.2000,5.0000,0.0000,0.0000,0.0000,1788738359.597
1.422,1.2000,5.0000,0.0000,0.0000,0.0000,1788738359.617
1.442,1.2000,5.0000,0.0000,0.0000,0.0000,1788738359.637
1.462,1.2000,5.0000,0.0000,0.0000,0.0000,1788738359.657
1.482,1.2000,5.0000,0.0000,0.0000,0.0000,1788738359.677
1.502,1.2000,5.0000,0.0000,0.0000,0.0000,1788738359.697
1.522,1.2000,5.0000,0.0000,0.0000,0.0000,1788738359.717
1.542,1.2000,5.0000,0.0000,0.0000,0.0000,1788738359.737
1.562,1.2000,5.0000,0.0000,0.0000,0.0000,1788738359.757
1.582,1.2000,5.0000,0.0000,0.0000,0.0000,1788738359.777
1.602,1.2000,5.0000,0.0000,0.0000,0.0000,1788738359.797
1.622,1.2000,5.0000,0.0000,0.0000,0.0000,1788738359.817
1.642,1.2000,5.0000,0.0000,0.0000,0.0000,1788738359.837
1.662,1.2000,5.0000,0.0000,0.0000,0.0000,1788738359.857
1.683,1.2000,5.0000,0.0000,0.0000,0.0000,1788738359.877
1.703,1.2000,5.0000,0.0000,0.0000,0.0000,1788738359.897
1.722,1.2000,5.0000,0.0000,0.0000,0.0000,1788738359.917
1.742,1.2000,5.0000,0.0000,0.0000,0.0000,1788738359.937
1.762,1.2000,5.0000,0.0000,0.0000,0.0000,1788738359.957
1.782,1.2000,5.0000,0.0000,0.0000,0.0000,1788738359.977
1.802,1.2000,5.0000,0.0000,0.0000,0.0000,1788738359.997
1.822,1.2000,5.0000,0.0000,0.0000,0.0000,1788738360.017
1.842,1.2000,5.0000,0.0000,0.0000,0.0000,1788738360.037
1.862,1.2000,5.0000,0.0000,0.0000,0.0000,1788738360.057
1.882,1.2000,5.0000,0.0000,0.0000,0.0000,1788738360.077
1.902,1.2000,5.0000,0.0000,0.0000,0.0000,1788738360.097
1.922,1.2000,5.0000,0.0000,0.0000,0.0000,1788738360.117
1.942,1.2000,5.0000,0.0000,0.0000,0.0000,1788738360.137
1.962,1.2000,5.0000,0.0000,0.0000,0.0000,1788738360.157
1.982,1.2000,5.0000,0.0000,0.0000,0.0000,1788738360.177
2.002,1.2000,5.0000,0.0000,0.0000,0.0000,1788738360.197
2.022,1.2000,5.0000,0.0000,0.0000,0.0000,1788738360.217
2.042,1.2000,5.0000,0.0000,0.0000,0.0000,1788738360.237
2.062,1.2000,5.0000,0.0000,0.0000,0.0000,1788738360.257
2.082,1.2000,5.0000,0.0000,0.0000,0.0000,1788738360.277
2.102,1.2000,5.0000,0.0000,0.0000,0.0000,1788738360.297
2.122,1.2000,5.0000,0.0000,0.0000,0.0000,1788738360.317
2.142,1.2000,5.0000,0.0000,0.0000,0.0000,1788738360.337
2.162,1.2000,5.0000,0.0000,0.0000,0.0000,1788738360.357
2.182,1.2000,5.0000,0.0000,0.0000,0.0000,1788738360.377
2.202,1.2000,5.0000,0.0000,0.0000,0.0000,1788738360.397
2.222,1.2000,5.0000,0.0000,0.0000,0.0000,1788738360.417
2.242,1.2000,5.0000,0.0000,0.0000,0.0000,1788738360.437
2.262,1.2000,5.0000,0.0000,0.0000,0.0000,1788738360.457
2.282,1.2000,5.0000,0.0000,0.0000,0.0000,1788738360.477
2.302,1.2000,5.0000,0.0000,0.0000,0.0000,1788738360.497
2.322,1.2000,5.0000,0.0000,0.0000,0.0000,1788738360.517
2.342,1.2000,5.0000,0.0000,0.0000,0.0000,1788738360.537
2.362,1.2000,5.0000,0.0000,0.0000,0.0000,1788738360.557
2.382,1.2000,5.0000,0.0000,0.0000,0.0000,1788738360.577
2.402,1.2000,5.0000,0.0000,0.0000,0.0000,1788738360.597
2.422,1.2000,5.0000,0.0000,0.0000,0.0000,1788738360.617
2.442,1.2000,5.0000,0.0000,0.0000,0.0000,1788738360.637
2.462,1.2000,5.0000,0.0000,0.0000,0.0000,1788738360.657
2.482,1.2000,5.0000,0.0000,0.0000,0.0000,1788738360.677
2.503,1.2000,5.0000,0.0000,0.0000,0.0000,1788738360.697
2.522,1.2000,5.0000,0.0000,0.0000,0.0000,1788738360.717
2.542,1.2000,5.0000,0.0000,0.0000,0.0000,1788738360.737
2.562,1.2000,5.0000,0.0000,0.0000,0.0000,1788738360.757
2.582,1.2000,5.0000,0.0000,0.0000,0.0000,1788738360.777
2.602,1.2000,5.0000,0.0000,0.0000,0.0000,1788738360.797
2.622,1.2000,5.0000,0.0000,0.0000,0.0000,1788738360.817
2.642,1.2000,5.0000,0.0000,0.0000,0.0000,1788738360.837
2.662,1.2000,5.0000,0.0000,0.0000,0.0000,1788738360.857
2.682,1.2000,5.0000,0.0000,0.0000,0.0000,1788738360.877
2.702,1.2000,5.0000,0.0000,0.0000,0.0000,1788738360.897
2.722,1.2000,5.0000,0.0000,0.0000,0.0000,1788738360.917
2.742,1.2000,5.0000,0.0000,0.0000,0.0000,1788738360.937
2.762,1.2000,5.0000,0.0000,0.0000,0.0000,1788738360.957
2.782,1.2000,5.0000,0.0000,0.0000,0.0000,1788738360.977
2.802,1.2000,5.0000,0.0000,0.0000,0.0000,1788738360.997
2.823,1.2000,5.0000,0.0000,0.0000,0.0000,1788738361.017
2.842,1.2000,5.0000,0.0000,0.0000,0.0000,1788738361.037
2.862,1.2000,5.0000,0.0000,0.0000,0.0000,1788738361.057
2.882,1.2000,5.0000,0.0000,0.0000,0.0000,1788738361.077
2.902,1.2000,5.0000,0.0000,0.0000,0.0000,1788738361.097
2.922,1.2000,5.0000,0.0000,0.0000,0.0000,1788738361.117
2.942,1.2000,5.0000,0.0000,0.0000,0.0000,1788738361.137
2.963,1.2000,5.0000,0.0000,0.0000,0.0000,1788738361.157
2.982,1.2000,5.0000,0.0000,0.0000,0.0000,1788738361.177
3.002,1.2000,5.0000,0.0000,0.0000,0.0000,1788738361.197
3.022,1.2000,5.0000,0.0000,0.0000,0.0000,1788738361.217
3.042,1.2000,5.0000,0.0000,0.0000,0.0000,1788738361.237
3.062,1.2000,5.0000,0.0000,0.0000,0.0000,1788738361.257
3.082,1.2000,5.0000,0.0000,0.0000,0.0000,1788738361.277
3.102,1.2000,5.0000,0.0000,0.0000,0.0000,1788738361.297
3.123,1.2000,5.0000,0.0000,0.0000,0.0000,1788738361.317
3.142,1.2000,5.0000,0.0000,0.0000,0.0000,1788738361.337
3.162,1.2000,5.0000,0.0000,0.0000,0.0000,1788738361.357
3.182,1.2000,5.0000,0.0000,0.0000,0.0000,1788738361.377
3.202,1.2000,5.0000,0.0000,0.0000,0.0000,1788738361.397
3.222,1.2000,5.0000,0.0000,0.0000,0.0000,1788738361.417
3.242,1.2000,5.0000,0.0000,0.0000,0.0000,1788738361.437
3.262,1.2000,5.0000,0.0000,0.0000,0.0000,1788738361.457
3.282,1.2000,5.0000,0.0000,0.0000,0.0000,1788738361.477
3.302,1.2000,5.0000,0.0000,0.0000,0.0000,1788738361.497
3.322,1.2000,5.0000,0.0000,0.0000,0.0000,1788738361.517
3.342,1.2000,5.0000,0.0000,0.0000,0.0000,1788738361.537
3.362,1.2000,5.0000,0.0000,0.0000,0.0000,1788738361.557
3.382,1.2000,5.0000,0.0000,0.0000,0.0000,1788738361.577
3.402,1.2000,5.0000,0.0000,0.0000,0.0000,1788738361.597
3.422,1.2000,5.0000,0.0000,0.0000,0.0000,1788738361.617
3.442,1.2000,5.0000,0.0000,0.0000,0.0000,1788738361.637
3.462,1.2000,5.0000,0.0000,0.0000,0.0000,1788738361.657
3.482,1.2000,5.0000,0.0000,0.0000,0.0000,1788738361.677
3.502,1.2000,5.0000,0.0000,0.0000,0.0000,1788738361.697
3.522,1.2000,5.0000,0.0000,0.0000,0.0000,1788738361.717
3.542,1.2000,5.0000,0.0000,0.0000,0.0000,1788738361.737
3.562,1.2000,5.0000,0.0000,0.0000,0.0000,1788738361.757
3.582,1.2000,5.0000,0.0000,0.0000,0.0000,1788738361.777
3.602,1.2000,5.0000,0.0000,0.0000,0.0000,1788738361.797
3.622,1.2000,5.0000,0.0000,0.0000,0.0000,1788738361.817
3.642,1.2000,5.0000,0.0000,0.0000,0.0000,1788738361.837
3.662,1.2000,5.0000,0.0000,0.0000,0.0000,1788738361.857
3.682,1.2000,5.0000,0.0000,0.0000,0.0000,1788738361.877
3.702,1.2000,5.0000,0.0000,0.0000,0.0000,1788738361.897
3.722,1.2000,5.0000,0.0000,0.0000,0.0000,1788738361.917
3.742,1.2000,5.0000,0.0000,0.0000,0.0000,1788738361.937
3.762,1.2000,5.0000,0.0000,0.0000,0.0000,1788738361.957
3.782,1.2000,5.0000,0.0000,0.0000,0.0000,1788738361.977
3.802,1.2000,5.0000,0.0000,0.0000,0.0000,1788738361.997
3.822,1.2000,5.0000,0.0000,0.0000,0.0000,1788738362.017
3.842,1.2000,5.0000,0.0000,0.0000,0.0000,1788738362.037
3.862,1.2000,5.0000,0.0000,0.0000,0.0000,1788738362.057
3.882,1.2000,5.0000,0.0000,0.0000,0.0000,1788738362.077
3.902,1.2000,5.0000,0.0000,0.0000,0.0000,1788738362.097
3.922,1.2000,5.0000,0.0000,0.0000,0.0000,1788738362.117
3.942,1.2000,5.0000,0.0000,0.0000,0.0000,1788738362.137
3.962,1.2000,5.0000,0.0000,0.0000,0.0000,1788738362.157
3.982,1.2000,5.0000,0.0000,0.0000,0.0000,1788738362.177
4.002,1.2000,5.0000,0.0000,0.0000,0.0000,1788738362.197
4.022,1.2000,5.0000,0.0000,0.0000,0.0000,1788738362.217
4.042,1.2000,5.0000,0.0000,0.0000,0.0000,1788738362.237
4.062,1.2000,5.0000,0.0000,0.0000,0.0000,1788738362.257
4.082,1.2000,5.0000,0.0000,0.0000,0.0000,1788738362.277
4.102,1.2000,5.0000,0.0000,0.0000,0.0000,1788738362.297
4.122,1.2000,5.0000,0.0000,0.0000,0.0000,1788738362.317
4.142,1.2000,5.0000,0.0000,0.0000,0.0000,1788738362.337
4.162,1.2000,5.0000,0.0000,0.0000,0.0000,1788738362.357
4.183,1.2000,5.0000,0.0000,0.0000,0.0000,1788738362.377
4.203,1.2000,5.0000,0.0000,0.0000,0.0000,1788738362.397
4.222,1.2000,5.0000,0.0000,0.0000,0.0000,1788738362.417
4.242,1.2000,5.0000,0.0000,0.0000,0.0000,1788738362.437
4.262,1.2000,5.0000,0.0000,0.0000,0.0000,1788738362.457
4.282,1.2000,5.0000,0.0000,0.0000,0.0000,1788738362.477
4.302,1.2000,5.0000,0.0000,0.0000,0.0000,1788738362.497
4.322,1.2000,5.0000,0.0000,0.0000,0.0000,1788738362.517
4.342,1.2000,5.0000,0.0000,0.0000,0.0000,1788738362.537
4.362,1.2000,5.0000,0.0000,0.0000,0.0000,1788738362.557
4.382,1.2000,5.0000,0.0000,0.0000,0.0000,1788738362.577
4.402,1.2000,5.0000,0.0000,0.0000,0.0000,1788738362.597
4.422,1.2000,5.0000,0.0000,0.0000,0.0000,1788738362.617
4.442,1.2000,5.0000,0.0000,0.0000,0.0000,1788738362.637
4.463,1.2000,5.0000,0.0000,0.0000,0.0000,1788738362.657
4.483,1.2000,5.0000,0.0000,0.0000,0.0000,1788738362.677
4.503,1.2000,5.0000,0.0000,0.0000,0.0000,1788738362.697
4.522,1.2000,5.0000,0.0000,0.0000,0.0000,1788738362.717
4.542,1.2000,5.0000,0.0000,0.0000,0.0000,1788738362.737
4.562,1.2000,5.0000,0.0000,0.0000,0.0000,1788738362.757
4.582,1.2000,5.0000,0.0000,0.0000,0.0000,1788738362.777
4.602,1.2000,5.0000,0.0000,0.0000,0.0000,1788738362.797
4.622,1.2000,5.0000,0.0000,0.0000,0.0000,1788738362.817
4.642,1.2000,5.0000,0.0000,0.0000,0.0000,1788738362.837
4.662,1.2000,5.0000,0.0000,0.0000,0.0000,1788738362.857
4.682,1.2000,5.0000,0.0000,0.0000,0.0000,1788738362.877
4.703,1.2000,5.0000,0.0000,0.0000,0.0000,1788738362.897
4.722,1.2000,5.0000,0.0000,0.0000,0.0000,1788738362.917
4.742,1.2000,5.0000,0.0000,0.0000,0.0000,1788738362.937
4.762,1.2000,5.0000,0.0000,0.0000,0.0000,1788738362.957
4.782,1.2000,5.0000,0.0000,0.0000,0.0000,1788738362.977
4.802,1.2000,5.0000,0.0000,0.0000,0.0000,1788738362.997
4.822,1.2000,5.0000,0.0000,0.0000,0.0000,1788738363.017
4.842,1.2000,5.0000,0.0000,0.0000,0.0000,1788738363.037
4.862,1.2000,5.0000,0.0000,0.0000,0.0000,1788738363.057
4.882,1.2000,5.0000,0.0000,0.0000,0.0000,1788738363.077
4.902,1.2000,5.0000,0.0000,0.0000,0.0000,1788738363.097
4.922,1.2000,5.0000,0.0000,0.0000,0.0000,1788738363.117
4.942,1.2000,5.0000,0.0000,0.0000,0.0000,1788738363.137
4.963,1.2000,5.0000,0.0000,0.0000,0.0000,1788738363.157
4.982,1.2000,5.0000,0.0000,0.0000,0.0000,1788738363.177
5.003,1.2000,5.0000,0.0000,0.0000,0.0000,1788738363.197
5.022,1.2000,5.0000,0.0000,0.0000,0.0000,1788738363.217
5.042,1.2000,5.0000,0.0000,0.0000,0.0000,1788738363.237
5.062,1.2000,5.0000,0.0000,0.0000,0.0000,1788738363.257
5.082,1.2000,5.0000,0.0000,0.0000,0.0000,1788738363.277
5.102,1.2000,5.0000,0.0000,0.0000,0.0000,1788738363.297
5.122,1.2000,5.0000,0.0000,0.0000,0.0000,1788738363.317
5.142,1.2000,5.0000,0.0000,0.0000,0.0000,1788738363.337
5.162,1.2000,5.0000,0.0000,0.0000,0.0000,1788738363.357
5.182,1.2000,5.0000,0.0000,0.0000,0.0000,1788738363.377
5.202,1.2000,5.0000,0.0000,0.0000,0.0000,1788738363.397
5.222,1.2000,5.0000,0.0000,0.0000,0.0000,1788738363.417
5.242,1.2000,5.0000,0.0000,0.0000,0.0000,1788738363.437
5.262,1.2000,5.0000,0.0000,0.0000,0.0000,1788738363.457
5.282,1.2000,5.0000,0.0000,0.0000,0.0000,1788738363.477
5.302,1.2000,5.0000,0.0000,0.0000,0.0000,1788738363.497
5.322,1.2000,5.0000,0.0000,0.0000,0.0000,1788738363.517
5.342,1.2000,5.0000,0.0000,0.0000,0.0000,1788738363.537
5.362,1.2000,5.0000,0.0000,0.0000,0.0000,1788738363.557
5.382,1.2000,5.0000,0.0000,0.0000,0.0000,1788738363.577
5.402,1.2000,5.0000,0.0000,0.0000,0.0000,1788738363.597
5.422,1.2000,5.0000,0.0000,0.0000,0.0000,1788738363.617
5.442,1.2000,5.0000,0.0000,0.0000,0.0000,1788738363.637
5.462,1.2000,5.0000,0.0000,0.0000,0.0000,1788738363.657
5.482,1.2000,5.0000,0.0000,0.0000,0.0000,1788738363.677
5.502,1.2000,5.0000,0.0000,0.0000,0.0000,1788738363.697
5.522,1.2000,5.0000,0.0000,0.0000,0.0000,1788738363.717
5.542,1.2000,5.0000,0.0000,0.0000,0.0000,1788738363.737
5.562,1.2000,5.0000,0.0000,0.0000,0.0000,1788738363.757
5.583,1.2000,5.0000,0.0000,0.0000,0.0000,1788738363.777
5.602,1.2000,5.0000,0.0000,0.0000,0.0000,1788738363.797
5.622,1.2000,5.0000,0.0000,0.0000,0.0000,1788738363.817
5.642,1.2000,5.0000,0.0000,0.0000,0.0000,1788738363.837
5.662,1.2000,5.0000,0.0000,0.0000,0.0000,1788738363.857
5.682,1.2000,5.0000,0.0000,0.0000,0.0000,1788738363.877
5.702,1.2000,5.0000,0.0000,0.0000,0.0000,1788738363.897
5.722,1.2000,5.0000,0.0000,0.0000,0.0000,1788738363.917
5.742,1.2000,5.0000,0.0000,0.0000,0.0000,1788738363.937
5.762,1.2000,5.0000,0.0000,0.0000,0.0000,1788738363.957
5.782,1.2000,5.0000,0.0000,0.0000,0.0000,1788738363.977
5.802,1.2000,5.0000,0.0000,0.0000,0.0000,1788738363.997
5.822,1.2000,5.0000,0.0000,0.0000,0.0000,1788738364.017
5.842,1.2000,5.0000,0.0000,0.0000,0.0000,1788738364.037
5.862,1.2000,5.0000,0.0000,0.0000,0.0000,1788738364.057
5.882,1.2000,5.0000,0.0000,0.0000,0.0000,1788738364.077
5.902,1.2000,5.0000,0.0000,0.0000,0.0000,1788738364.097
5.922,1.2000,5.0000,0.0000,0.0000,0.0000,1788738364.117
5.942,1.2000,5.0000,0.0000,0.0000,0.0000,1788738364.137
5.962,1.2000,5.0000,0.0000,0.0000,0.0000,1788738364.157
5.982,1.2000,5.0000,0.0000,0.0000,0.0000,1788738364.177
6.002,1.2000,5.0000,0.0000,0.0000,0.0000,1788738364.197
6.022,1.2000,5.0000,0.0000,0.0000,0.0000,1788738364.217
6.042,1.2000,5.0000,0.0000,0.0000,0.0000,1788738364.237
6.062,1.2000,5.0000,0.0000,0.0000,0.0000,1788738364.257
6.083,1.2000,5.0000,0.0000,0.0000,0.0000,1788738364.277
6.103,1.2000,5.0000,0.0000,0.0000,0.0000,1788738364.297
6.122,1.2000,5.0000,0.0000,0.0000,0.0000,1788738364.317
6.142,1.2000,5.0000,0.0000,0.0000,0.0000,1788738364.337
6.162,1.2000,5.0000,0.0000,0.0000,0.0000,1788738364.357
6.182,1.2000,5.0000,0.0000,0.0000,0.0000,1788738364.377
6.202,1.2000,5.0000,0.0000,0.0000,0.0000,1788738364.397
6.222,1.2000,5.0000,0.0000,0.0000,0.0000,1788738364.417
6.242,1.2000,5.0000,0.0000,0.0000,0.0000,1788738364.437
6.262,1.2000,5.0000,0.0000,0.0000,0.0000,1788738364.457
6.282,1.2000,5.0000,0.0000,0.0000,0.0000,1788738364.477
6.302,1.2000,5.0000,0.0000,0.0000,0.0000,1788738364.497
6.322,1.2000,5.0000,0.0000,0.0000,0.0000,1788738364.517
6.342,1.2000,5.0000,0.0000,0.0000,0.0000,1788738364.537
6.362,1.2000,5.0000,0.0000,0.0000,0.0000,1788738364.557
6.382,1.2000,5.0000,0.0000,0.0000,0.0000,1788738364.577
6.402,1.2000,5.0000,0.0000,0.0000,0.0000,1788738364.597
6.422,1.2000,5.0000,0.0000,0.0000,0.0000,1788738364.617
6.442,1.2000,5.0000,0.0000,0.0000,0.0000,1788738364.637
6.462,1.2000,5.0000,0.0000,0.0000,0.0000,1788738364.657
6.482,1.2000,5.0000,0.0000,0.0000,0.0000,1788738364.677
6.502,1.2000,5.0000,0.0000,0.0000,0.0000,1788738364.697
6.522,1.2000,5.0000,0.0000,0.0000,0.0000,1788738364.717
6.542,1.2000,5.0000,0.0000,0.0000,0.0000,1788738364.737
6.563,1.2000,5.0000,0.0000,0.0000,0.0000,1788738364.757
6.582,1.2000,5.0000,0.0000,0.0000,0.0000,1788738364.777
6.602,1.2000,5.0000,0.0000,0.0000,0.0000,1788738364.797
6.622,1.2000,5.0000,0.0000,0.0000,0.0000,1788738364.817
6.642,1.2000,5.0000,0.0000,0.0000,0.0000,1788738364.837
6.662,1.2000,5.0000,0.0000,0.0000,0.0000,1788738364.857
6.682,1.2000,5.0000,0.0000,0.0000,0.0000,1788738364.877
6.702,1.2000,5.0000,0.0000,0.0000,0.0000,1788738364.897
6.722,1.2000,5.0000,0.0000,0.0000,0.0000,1788738364.917
6.742,1.2000,5.0000,0.0000,0.0000,0.0000,1788738364.937
6.762,1.2000,5.0000,0.0000,0.0000,0.0000,1788738364.957
6.782,1.2000,5.0000,0.0000,0.0000,0.0000,1788738364.977
6.802,1.2000,5.0000,0.0000,0.0000,0.0000,1788738364.997
6.822,1.2000,5.0000,0.0000,0.0000,0.0000,1788738365.017
6.842,1.2000,5.0000,0.0000,0.0000,0.0000,1788738365.037
6.862,1.2000,5.0000,0.0000,0.0000,0.0000,1788738365.057
6.882,1.2000,5.0000,0.0000,0.0000,0.0000,1788738365.077
6.902,1.2000,5.0000,0.0000,0.0000,0.0000,1788738365.097
6.922,1.2000,5.0000,0.0000,0.0000,0.0000,1788738365.117
6.942,1.2000,5.0000,0.0000,0.0000,0.0000,1788738365.137
6.963,1.2000,5.0000,0.0000,0.0000,0.0000,1788738365.157
6.982,1.2000,5.0000,0.0000,0.0000,0.0000,1788738365.177
7.002,1.2000,5.0000,0.0000,0.0000,0.0000,1788738365.197
7.022,1.2000,5.0000,0.0000,0.0000,0.0000,1788738365.217
7.042,1.2000,5.0000,0.0000,0.0000,0.0000,1788738365.237
7.062,1.2000,5.0000,0.0000,0.0000,0.0000,1788738365.257
7.082,1.2000,5.0000,0.0000,0.0000,0.0000,1788738365.277
7.102,1.2000,5.0000,0.0000,0.0000,0.0000,1788738365.297
7.122,1.2000,5.0000,0.0000,0.0000,0.0000,1788738365.317
7.142,1.2000,5.0000,0.0000,0.0000,0.0000,1788738365.337
7.162,1.2000,5.0000,0.0000,0.0000,0.0000,1788738365.357
7.182,1.2000,5.0000,0.0000,0.0000,0.0000,1788738365.377
7.202,1.2000,5.0000,0.0000,0.0000,0.0000,1788738365.397
7.223,1.2000,5.0000,0.0000,0.0000,0.0000,1788738365.417
7.242,1.2000,5.0000,0.0000,0.0000,0.0000,1788738365.437
7.262,1.2000,5.0000,0.0000,0.0000,0.0000,1788738365.457
7.283,1.2000,5.0000,0.0000,0.0000,0.0000,1788738365.477
7.302,1.2000,5.0000,0.0000,0.0000,0.0000,1788738365.497
7.322,1.2000,5.0000,0.0000,0.0000,0.0000,1788738365.517
7.342,1.2000,5.0000,0.0000,0.0000,0.0000,1788738365.537
7.362,1.2000,5.0000,0.0000,0.0000,0.0000,1788738365.557
7.382,1.2000,5.0000,0.0000,0.0000,0.0000,1788738365.577
7.402,1.2000,5.0000,0.0000,0.0000,0.0000,1788738365.597
7.422,1.2000,5.0000,0.0000,0.0000,0.0000,1788738365.617
7.442,1.2000,5.0000,0.0000,0.0000,0.0000,1788738365.637
7.462,1.2000,5.0000,0.0000,0.0000,0.0000,1788738365.657
7.482,1.2000,5.0000,0.0000,0.0000,0.0000,1788738365.677
7.503,1.2000,5.0000,0.0000,0.0000,0.0000,1788738365.697
7.522,1.2000,5.0000,0.0000,0.0000,0.0000,1788738365.717
7.542,1.2000,5.0000,0.0000,0.0000,0.0000,1788738365.737
7.562,1.2000,5.0000,0.0000,0.0000,0.0000,1788738365.757
7.582,1.2000,5.0000,0.0000,0.0000,0.0000,1788738365.777
7.602,1.2000,5.0000,0.0000,0.0000,0.0000,1788738365.797
7.622,1.2000,5.0000,0.0000,0.0000,0.0000,1788738365.817
7.642,1.2000,5.0000,0.0000,0.0000,0.0000,1788738365.837
7.662,1.2000,5.0000,0.0000,0.0000,0.0000,1788738365.857
7.682,1.2000,5.0000,0.0000,0.0000,0.0000,1788738365.877
7.702,1.2000,5.0000,0.0000,0.0000,0.0000,1788738365.897
7.722,1.2000,5.0000,0.0000,0.0000,0.0000,1788738365.917
7.742,1.2000,5.0000,0.0000,0.0000,0.0000,1788738365.937
7.762,1.2000,5.0000,0.0000,0.0000,0.0000,1788738365.957
7.782,1.2000,5.0000,0.0000,0.0000,0.0000,1788738365.977
7.802,1.2000,5.0000,0.0000,0.0000,0.0000,1788738365.997
7.822,1.2000,5.0000,0.0000,0.0000,0.0000,1788738366.017
7.842,1.2000,5.0000,0.0000,0.0000,0.0000,1788738366.037
7.863,1.2000,5.0000,0.0000,0.0000,0.0000,1788738366.058
7.882,1.2000,5.0000,0.0000,0.0000,0.0000,1788738366.077
7.903,1.2000,5.0000,0.0000,0.0000,0.0000,1788738366.097
7.922,1.2000,5.0000,0.0000,0.0000,0.0000,1788738366.117
7.942,1.2000,5.0000,0.0000,0.0000,0.0000,1788738366.137
7.962,1.2000,5.0000,0.0000,0.0000,0.0000,1788738366.157
7.982,1.2000,5.0000,0.0000,0.0000,0.0000,1788738366.177
8.002,1.2000,5.0000,0.0000,0.0000,0.0000,1788738366.197
8.022,1.2000,5.0000,0.0000,0.0000,0.0000,1788738366.217
8.042,1.2000,5.0000,0.0000,0.0000,0.0000,1788738366.237
8.063,1.2000,5.0000,0.0000,0.0000,0.0000,1788738366.257
8.082,1.2000,5.0000,0.0000,0.0000,0.0000,1788738366.277
8.102,1.2000,5.0000,0.0000,0.0000,0.0000,1788738366.297
8.122,1.2000,5.0000,0.0000,0.0000,0.0000,1788738366.317
8.142,1.2000,5.0000,0.0000,0.0000,0.0000,1788738366.337
8.162,1.2000,5.0000,0.0000,0.0000,0.0000,1788738366.357
8.182,1.2000,5.0000,0.0000,0.0000,0.0000,1788738366.377
8.202,1.2000,5.0000,0.0000,0.0000,0.0000,1788738366.397
8.222,1.2000,5.0000,0.0000,0.0000,0.0000,1788738366.417
8.242,1.2000,5.0000,0.0000,0.0000,0.0000,1788738366.437
8.262,1.2000,5.0000,0.0000,0.0000,0.0000,1788738366.457
8.282,1.2000,5.0000,0.0000,0.0000,0.0000,1788738366.477
8.302,1.2000,5.0000,0.0000,0.0000,0.0000,1788738366.497
8.322,1.2000,5.0000,0.0000,0.0000,0.0000,1788738366.517
8.342,1.2005,5.0000,0.0030,0.0245,0.1502,1788738366.537
8.362,1.2010,5.0000,0.0060,0.0245,0.1502,1788738366.557
8.382,1.2015,5.0000,0.0090,0.0245,0.1502,1788738366.577
8.402,1.2020,5.0000,0.0120,0.0245,0.1502,1788738366.597
8.422,1.2029,5.0000,0.0126,0.0467,0.0289,1788738366.617
8.442,1.2038,5.0000,0.0132,0.0467,0.0289,1788738366.637
8.462,1.2048,5.0001,0.0137,0.0467,0.0289,1788738366.657
8.482,1.2057,5.0001,0.0143,0.0467,0.0289,1788738366.677
8.502,1.2066,5.0001,0.0149,0.0467,0.0289,1788738366.697
8.522,1.2080,5.0001,0.0152,0.0687,0.0140,1788738366.717
8.542,1.2094,5.0001,0.0155,0.0687,0.0140,1788738366.737
8.562,1.2107,5.0001,0.0157,0.0687,0.0140,1788738366.757
8.582,1.2121,5.0002,0.0160,0.0687,0.0140,1788738366.777
8.602,1.2135,5.0002,0.0163,0.0687,0.0140,1788738366.797
8.622,1.2153,5.0002,0.0160,0.0899,-0.0152,1788738366.817
8.642,1.2171,5.0002,0.0157,0.0899,-0.0152,1788738366.837
8.662,1.2189,5.0003,0.0154,0.0899,-0.0152,1788738366.857
8.682,1.2207,5.0003,0.0151,0.0899,-0.0152,1788738366.877
8.702,1.2225,5.0003,0.0148,0.0899,-0.0152,1788738366.897
8.722,1.2247,5.0004,0.0142,0.1100,-0.0300,1788738366.917
8.742,1.2269,5.0004,0.0136,0.1100,-0.0300,1788738366.937
8.762,1.2291,5.0004,0.0130,0.1100,-0.0300,1788738366.957
8.782,1.2313,5.0004,0.0124,0.1100,-0.0300,1788738366.977
8.802,1.2335,5.0005,0.0118,0.1100,-0.0300,1788738366.997
8.822,1.2361,5.0005,0.0116,0.1302,-0.0108,1788738367.017
8.842,1.2387,5.0005,0.0114,0.1302,-0.0108,1788738367.037
8.862,1.2413,5.0006,0.0112,0.1302,-0.0108,1788738367.057
8.883,1.2439,5.0006,0.0109,0.1302,-0.0108,1788738367.077
8.902,1.2465,5.0006,0.0107,0.1302,-0.0108,1788738367.097
8.922,1.2495,5.0006,0.0095,0.1502,-0.0633,1788738367.117
8.942,1.2525,5.0007,0.0082,0.1502,-0.0633,1788738367.137
8.962,1.2555,5.0007,0.0069,0.1502,-0.0633,1788738367.157
8.982,1.2585,5.0007,0.0057,0.1502,-0.0633,1788738367.177
9.002,1.2615,5.0007,0.0044,0.1502,-0.0633,1788738367.197
9.022,1.2649,5.0007,0.0020,0.1709,-0.1196,1788738367.217
9.042,1.2684,5.0007,-0.0004,0.1709,-0.1196,1788738367.237
9.062,1.2718,5.0007,-0.0028,0.1709,-0.1196,1788738367.257
9.082,1.2752,5.0007,-0.0052,0.1709,-0.1196,1788738367.277
9.103,1.2786,5.0007,-0.0076,0.1709,-0.1196,1788738367.297
9.122,1.2824,5.0006,-0.0105,0.1911,-0.1487,1788738367.317
9.142,1.2863,5.0006,-0.0135,0.1911,-0.1487,1788738367.337
9.162,1.2901,5.0005,-0.0165,0.1911,-0.1487,1788738367.357
9.182,1.2939,5.0004,-0.0195,0.1911,-0.1487,1788738367.377
9.202,1.2977,5.0004,-0.0224,0.1911,-0.1487,1788738367.397
9.222,1.3019,5.0003,-0.0245,0.2090,-0.1024,1788738367.417
9.242,1.3061,5.0001,-0.0265,0.2090,-0.1024,1788738367.437
9.262,1.3103,5.0000,-0.0286,0.2090,-0.1024,1788738367.457
9.282,1.3144,4.9999,-0.0306,0.2090,-0.1024,1788738367.477
9.302,1.3186,4.9998,-0.0327,0.2090,-0.1024,1788738367.497
9.322,1.3231,4.9996,-0.0332,0.2250,-0.0244,1788738367.517
9.342,1.3276,4.9995,-0.0336,0.2250,-0.0244,1788738367.537
9.362,1.3321,4.9993,-0.0341,0.2250,-0.0244,1788738367.557
9.382,1.3366,4.9991,-0.0346,0.2250,-0.0244,1788738367.577
9.402,1.3411,4.9990,-0.0351,0.2250,-0.0244,1788738367.597
9.422,1.3460,4.9988,-0.0349,0.2440,0.0093,1788738367.617
9.442,1.3509,4.9987,-0.0347,0.2440,0.0093,1788738367.637
9.462,1.3557,4.9985,-0.0346,0.2440,0.0093,1788738367.657
9.482,1.3606,4.9983,-0.0344,0.2440,0.0093,1788738367.677
9.502,1.3655,4.9981,-0.0342,0.2440,0.0093,1788738367.697
9.522,1.3707,4.9980,-0.0324,0.2607,0.0879,1788738367.717
9.542,1.3759,4.9978,-0.0307,0.2607,0.0879,1788738367.737
9.562,1.3811,4.9977,-0.0289,0.2607,0.0879,1788738367.757
9.582,1.3863,4.9975,-0.0271,0.2607,0.0879,1788738367.777
9.602,1.3915,4.9974,-0.0254,0.2607,0.0879,1788738367.797
9.622,1.3971,4.9973,-0.0234,0.2768,0.0972,1788738367.817
9.642,1.4026,4.9971,-0.0215,0.2768,0.0972,1788738367.837
9.662,1.4082,4.9970,-0.0196,0.2768,0.0972,1788738367.857
9.682,1.4137,4.9969,-0.0176,0.2768,0.0972,1788738367.877
9.702,1.4192,4.9969,-0.0157,0.2768,0.0972,1788738367.897
9.722,1.4250,4.9968,-0.0132,0.2882,0.1256,1788738367.917
9.742,1.4308,4.9967,-0.0106,0.2882,0.1256,1788738367.937
9.762,1.4365,4.9967,-0.0081,0.2882,0.1256,1788738367.957
9.783,1.4423,4.9966,-0.0056,0.2882,0.1256,1788738367.977
9.802,1.4480,4.9966,-0.0031,0.2882,0.1256,1788738367.997
9.822,1.4541,4.9966,-0.0004,0.3035,0.1348,1788738368.017
9.843,1.4602,4.9966,0.0023,0.3035,0.1348,1788738368.037
9.862,1.4663,4.9967,0.0050,0.3035,0.1348,1788738368.057
9.882,1.4723,4.9967,0.0077,0.3035,0.1348,1788738368.077
9.902,1.4784,4.9968,0.0104,0.3035,0.1348,1788738368.097
9.922,1.4848,4.9969,0.0126,0.3211,0.1114,1788738368.117
9.942,1.4912,4.9969,0.0148,0.3211,0.1114,1788738368.137
9.962,1.4977,4.9971,0.0171,0.3211,0.1114,1788738368.157
9.982,1.5041,4.9972,0.0193,0.3211,0.1114,1788738368.177
10.002,1.5105,4.9973,0.0215,0.3211,0.1114,1788738368.197
10.022,1.5173,4.9975,0.0227,0.3383,0.0590,1788738368.217
10.042,1.5240,4.9976,0.0239,0.3383,0.0590,1788738368.237
10.062,1.5308,4.9978,0.0251,0.3383,0.0590,1788738368.257
10.082,1.5376,4.9980,0.0262,0.3383,0.0590,1788738368.277
10.102,1.5443,4.9982,0.0274,0.3383,0.0590,1788738368.297
10.122,1.5514,4.9984,0.0285,0.3553,0.0546,1788738368.317
10.142,1.5585,4.9986,0.0296,0.3553,0.0546,1788738368.337
10.162,1.5656,4.9988,0.0307,0.3553,0.0546,1788738368.357
10.182,1.5727,4.9990,0.0318,0.3553,0.0546,1788738368.377
10.202,1.5798,4.9993,0.0329,0.3553,0.0546,1788738368.397
10.222,1.5873,4.9995,0.0331,0.3714,0.0123,1788738368.417
10.242,1.5947,4.9997,0.0334,0.3714,0.0123,1788738368.437
10.262,1.6021,5.0000,0.0336,0.3714,0.0123,1788738368.457
10.282,1.6095,5.0003,0.0339,0.3714,0.0123,1788738368.477
10.302,1.6169,5.0005,0.0341,0.3714,0.0123,1788738368.497
10.322,1.6247,5.0008,0.0337,0.3873,-0.0207,1788738368.517
10.342,1.6324,5.0010,0.0333,0.3873,-0.0207,1788738368.537
10.362,1.6402,5.0013,0.0329,0.3873,-0.0207,1788738368.557
10.382,1.6479,5.0015,0.0325,0.3873,-0.0207,1788738368.577
10.402,1.6557,5.0018,0.0320,0.3873,-0.0207,1788738368.597
10.422,1.6635,5.0020,0.0311,0.3920,-0.0476,1788738368.617
10.442,1.6713,5.0023,0.0301,0.3920,-0.0476,1788738368.637
10.462,1.6792,5.0025,0.0292,0.3920,-0.0476,1788738368.657
10.482,1.6870,5.0027,0.0282,0.3920,-0.0476,1788738368.677
10.502,1.6948,5.0029,0.0273,0.3920,-0.0476,1788738368.697
10.522,1.7026,5.0031,0.0264,0.3891,-0.0461,1788738368.717
10.542,1.7104,5.0033,0.0254,0.3891,-0.0461,1788738368.737
10.562,1.7182,5.0035,0.0245,0.3891,-0.0461,1788738368.757
10.582,1.7260,5.0037,0.0236,0.3891,-0.0461,1788738368.777
10.602,1.7337,5.0039,0.0227,0.3891,-0.0461,1788738368.797
10.622,1.7415,5.0040,0.0216,0.3880,-0.0533,1788738368.817
10.642,1.7493,5.0042,0.0205,0.3880,-0.0533,1788738368.837
10.663,1.7570,5.0044,0.0195,0.3880,-0.0533,1788738368.857
10.682,1.7648,5.0045,0.0184,0.3880,-0.0533,1788738368.877
10.702,1.7725,5.0046,0.0173,0.3880,-0.0533,1788738368.897
10.722,1.7804,5.0048,0.0172,0.3917,-0.0062,1788738368.917
10.742,1.7882,5.0049,0.0171,0.3917,-0.0062,1788738368.937
10.762,1.7960,5.0050,0.0170,0.3917,-0.0062,1788738368.957
10.782,1.8039,5.0052,0.0168,0.3917,-0.0062,1788738368.977
10.803,1.8117,5.0053,0.0167,0.3917,-0.0062,1788738368.997
10.823,1.8195,5.0054,0.0165,0.3890,-0.0109,1788738369.017
10.843,1.8273,5.0055,0.0163,0.3890,-0.0109,1788738369.037
10.862,1.8350,5.0057,0.0161,0.3890,-0.0109,1788738369.057
10.882,1.8428,5.0058,0.0159,0.3890,-0.0109,1788738369.077
10.902,1.8506,5.0059,0.0156,0.3890,-0.0109,1788738369.097
10.922,1.8585,5.0060,0.0154,0.3932,-0.0124,1788738369.117
10.942,1.8663,5.0062,0.0151,0.3932,-0.0124,1788738369.137
10.962,1.8742,5.0063,0.0149,0.3932,-0.0124,1788738369.157
10.982,1.8820,5.0064,0.0146,0.3932,-0.0124,1788738369.177
11.002,1.8899,5.0065,0.0144,0.3932,-0.0124,1788738369.197
11.022,1.8977,5.0066,0.0130,0.3908,-0.0717,1788738369.217
11.042,1.9055,5.0067,0.0115,0.3908,-0.0717,1788738369.237
11.062,1.9133,5.0068,0.0101,0.3908,-0.0717,1788738369.257
11.082,1.9212,5.0068,0.0087,0.3908,-0.0717,1788738369.277
11.102,1.9290,5.0069,0.0072,0.3908,-0.0717,1788738369.297
11.122,1.9368,5.0069,0.0059,0.3890,-0.0682,1788738369.317
11.142,1.9445,5.0070,0.0045,0.3890,-0.0682,1788738369.337
11.162,1.9523,5.0070,0.0031,0.3890,-0.0682,1788738369.357
11.182,1.9601,5.0070,0.0018,0.3890,-0.0682,1788738369.377
11.202,1.9679,5.0070,0.0004,0.3890,-0.0682,1788738369.397
11.222,1.9757,5.0070,-0.0006,0.3888,-0.0518,1788738369.417
11.242,1.9834,5.0070,-0.0017,0.3888,-0.0518,1788738369.437
11.262,1.9912,5.0070,-0.0027,0.3888,-0.0518,1788738369.457
11.282,1.9990,5.0070,-0.0037,0.3888,-0.0518,1788738369.477
11.302,2.0068,5.0069,-0.0048,0.3888,-0.0518,1788738369.497
11.322,2.0146,5.0069,-0.0067,0.3934,-0.0967,1788738369.517
11.342,2.0225,5.0068,-0.0086,0.3934,-0.0967,1788738369.537
11.362,2.0304,5.0067,-0.0106,0.3934,-0.0967,1788738369.557
11.383,2.0382,5.0066,-0.0125,0.3934,-0.0967,1788738369.577
11.402,2.0461,5.0065,-0.0144,0.3934,-0.0967,1788738369.597
11.422,2.0540,5.0064,-0.0169,0.3932,-0.1242,1788738369.617
11.442,2.0618,5.0062,-0.0194,0.3932,-0.1242,1788738369.637
11.463,2.0697,5.0060,-0.0219,0.3932,-0.1242,1788738369.657
11.482,2.0775,5.0059,-0.0244,0.3932,-0.1242,1788738369.677
11.503,2.0854,5.0056,-0.0269,0.3932,-0.1242,1788738369.697
11.522,2.0933,5.0054,-0.0294,0.3924,-0.1245,1788738369.717
11.542,2.1011,5.0052,-0.0318,0.3924,-0.1245,1788738369.737
11.563,2.1089,5.0049,-0.0343,0.3924,-0.1245,1788738369.757
11.582,2.1168,5.0046,-0.0368,0.3924,-0.1245,1788738369.777
11.602,2.1246,5.0043,-0.0393,0.3924,-0.1245,1788738369.797
11.622,2.1324,5.0040,-0.0409,0.3872,-0.0803,1788738369.817
11.642,2.1401,5.0036,-0.0425,0.3872,-0.0803,1788738369.837
11.662,2.1478,5.0033,-0.0441,0.3872,-0.0803,1788738369.857
11.682,2.1556,5.0029,-0.0457,0.3872,-0.0803,1788738369.877
11.702,2.1633,5.0026,-0.0474,0.3872,-0.0803,1788738369.897
11.722,2.1710,5.0022,-0.0481,0.3834,-0.0374,1788738369.917
11.742,2.1786,5.0018,-0.0488,0.3834,-0.0374,1788738369.937
11.762,2.1863,5.0015,-0.0496,0.3834,-0.0374,1788738369.957
11.783,2.1939,5.0011,-0.0503,0.3834,-0.0374,1788738369.977
11.802,2.2016,5.0007,-0.0511,0.3834,-0.0374,1788738369.997
11.822,2.2094,5.0003,-0.0509,0.3897,0.0116,1788738370.017
11.842,2.2172,4.9999,-0.0506,0.3897,0.0116,1788738370.037
11.862,2.2250,4.9995,-0.0504,0.3897,0.0116,1788738370.057
11.882,2.2327,4.9991,-0.0502,0.3897,0.0116,1788738370.077
11.902,2.2405,4.9987,-0.0499,0.3897,0.0116,1788738370.097
11.922,2.2482,4.9983,-0.0497,0.3862,0.0133,1788738370.117
11.942,2.2560,4.9980,-0.0494,0.3862,0.0133,1788738370.137
11.962,2.2637,4.9976,-0.0491,0.3862,0.0133,1788738370.157
11.982,2.2714,4.9972,-0.0489,0.3862,0.0133,1788738370.177
12.002,2.2791,4.9968,-0.0486,0.3862,0.0133,1788738370.197
12.022,2.2869,4.9964,-0.0479,0.3901,0.0335,1788738370.217
12.042,2.2947,4.9961,-0.0473,0.3901,0.0335,1788738370.237
12.062,2.3025,4.9957,-0.0466,0.3901,0.0335,1788738370.257
12.082,2.3103,4.9954,-0.0459,0.3901,0.0335,1788738370.277
12.102,2.3181,4.9950,-0.0452,0.3901,0.0335,1788738370.297
12.122,2.3259,4.9947,-0.0442,0.3921,0.0509,1788738370.317
12.142,2.3337,4.9943,-0.0432,0.3921,0.0509,1788738370.337
12.162,2.3416,4.9940,-0.0422,0.3921,0.0509,1788738370.357
12.182,2.3494,4.9937,-0.0412,0.3921,0.0509,1788738370.377
12.202,2.3572,4.9934,-0.0402,0.3921,0.0509,1788738370.397
12.222,2.3649,4.9931,-0.0383,0.3849,0.0911,1788738370.417
12.242,2.3726,4.9928,-0.0365,0.3849,0.0911,1788738370.437
12.262,2.3803,4.9925,-0.0347,0.3849,0.0911,1788738370.457
12.282,2.3880,4.9923,-0.0329,0.3849,0.0911,1788738370.477
12.302,2.3957,4.9920,-0.0311,0.3849,0.0911,1788738370.497
12.322,2.4035,4.9918,-0.0287,0.3888,0.1190,1788738370.517
12.342,2.4113,4.9916,-0.0263,0.3888,0.1190,1788738370.537
12.362,2.4190,4.9914,-0.0239,0.3888,0.1190,1788738370.557
12.382,2.4268,4.9912,-0.0215,0.3888,0.1190,1788738370.577
12.402,2.4346,4.9911,-0.0192,0.3888,0.1190,1788738370.597
12.422,2.4423,4.9910,-0.0178,0.3847,0.0694,1788738370.617
12.442,2.4500,4.9908,-0.0164,0.3847,0.0694,1788738370.637
12.462,2.4577,4.9907,-0.0150,0.3847,0.0694,1788738370.657
12.482,2.4654,4.9906,-0.0136,0.3847,0.0694,1788738370.677
12.502,2.4730,4.9905,-0.0122,0.3847,0.0694,1788738370.697
12.522,2.4809,4.9904,-0.0112,0.3912,0.0523,1788738370.717
12.542,2.4887,4.9903,-0.0101,0.3912,0.0523,1788738370.737
12.562,2.4965,4.9903,-0.0091,0.3912,0.0523,1788738370.757
12.582,2.5043,4.9902,-0.0080,0.3912,0.0523,1788738370.777
12.602,2.5122,4.9902,-0.0070,0.3912,0.0523,1788738370.797
12.622,2.5199,4.9901,-0.0065,0.3876,0.0261,1788738370.817
12.642,2.5277,4.9901,-0.0059,0.3876,0.0261,1788738370.837
12.662,2.5354,4.9900,-0.0054,0.3876,0.0261,1788738370.857
12.682,2.5432,4.9900,-0.0049,0.3876,0.0261,1788738370.877
12.702,2.5509,4.9899,-0.0044,0.3876,0.0261,1788738370.897
12.722,2.5588,4.9899,-0.0034,0.3919,0.0485,1788738370.917
12.742,2.5666,4.9899,-0.0024,0.3919,0.0485,1788738370.937
12.762,2.5744,4.9899,-0.0015,0.3919,0.0485,1788738370.957
12.783,2.5823,4.9899,-0.0005,0.3919,0.0485,1788738370.977
12.802,2.5901,4.9899,0.0005,0.3919,0.0485,1788738370.997
12.822,2.5980,4.9899,0.0024,0.3926,0.0946,1788738371.017
12.842,2.6058,4.9899,0.0043,0.3926,0.0946,1788738371.037
12.862,2.6137,4.9900,0.0062,0.3926,0.0946,1788738371.057
12.882,2.6215,4.9901,0.0080,0.3926,0.0946,1788738371.077
12.903,2.6294,4.9901,0.0099,0.3926,0.0946,1788738371.097
12.923,2.6372,4.9902,0.0114,0.3901,0.0736,1788738371.117
12.942,2.6450,4.9903,0.0129,0.3901,0.0736,1788738371.137
12.962,2.6528,4.9904,0.0144,0.3901,0.0736,1788738371.157
12.982,2.6606,4.9906,0.0158,0.3901,0.0736,1788738371.177
13.002,2.6684,4.9907,0.0173,0.3901,0.0736,1788738371.197
13.022,2.6761,4.9908,0.0176,0.3887,0.0156,1788738371.217
13.043,2.6839,4.9910,0.0179,0.3887,0.0156,1788738371.237
13.062,2.6917,4.9911,0.0182,0.3887,0.0156,1788738371.257
13.082,2.6995,4.9913,0.0185,0.3887,0.0156,1788738371.277
13.102,2.7072,4.9914,0.0189,0.3887,0.0156,1788738371.297
13.122,2.7150,4.9915,0.0186,0.3858,-0.0119,1788738371.317
13.142,2.7227,4.9917,0.0184,0.3858,-0.0119,1788738371.337
13.162,2.7304,4.9918,0.0181,0.3858,-0.0119,1788738371.357
13.182,2.7381,4.9920,0.0179,0.3858,-0.0119,1788738371.377
13.202,2.7458,4.9921,0.0177,0.3858,-0.0119,1788738371.397
13.222,2.7536,4.9922,0.0170,0.3902,-0.0317,1788738371.417
13.242,2.7614,4.9924,0.0164,0.3902,-0.0317,1788738371.437
13.262,2.7692,4.9925,0.0158,0.3902,-0.0317,1788738371.457
13.282,2.7770,4.9926,0.0151,0.3902,-0.0317,1788738371.477
13.302,2.7848,4.9927,0.0145,0.3902,-0.0317,1788738371.497
13.323,2.7926,4.9928,0.0141,0.3887,-0.0219,1788738371.517
13.342,2.8004,4.9929,0.0136,0.3887,-0.0219,1788738371.537
13.363,2.8081,4.9930,0.0132,0.3887,-0.0219,1788738371.557
13.383,2.8159,4.9931,0.0128,0.3887,-0.0219,1788738371.577
13.403,2.8237,4.9932,0.0123,0.3887,-0.0219,1788738371.597
13.423,2.8316,4.9933,0.0120,0.3940,-0.0154,1788738371.617
13.443,2.8394,4.9934,0.0117,0.3940,-0.0154,1788738371.637
13.462,2.8473,4.9935,0.0114,0.3940,-0.0154,1788738371.657
13.482,2.8552,4.9936,0.0111,0.3940,-0.0154,1788738371.677
13.503,2.8631,4.9937,0.0108,0.3940,-0.0154,1788738371.697
13.522,2.8710,4.9938,0.0105,0.3949,-0.0142,1788738371.717
13.542,2.8789,4.9938,0.0102,0.3949,-0.0142,1788738371.737
13.562,2.8868,4.9939,0.0099,0.3949,-0.0142,1788738371.757
13.582,2.8947,4.9940,0.0096,0.3949,-0.0142,1788738371.777
13.602,2.9026,4.9941,0.0093,0.3949,-0.0142,1788738371.797
13.622,2.9105,4.9941,0.0079,0.3948,-0.0722,1788738371.817
13.642,2.9184,4.9942,0.0065,0.3948,-0.0722,1788738371.837
13.662,2.9263,4.9942,0.0050,0.3948,-0.0722,1788738371.857
13.682,2.9341,4.9942,0.0036,0.3948,-0.0722,1788738371.877
13.702,2.9420,4.9943,0.0021,0.3948,-0.0722,1788738371.897
13.722,2.9499,4.9943,0.0006,0.3916,-0.0775,1788738371.917
13.743,2.9577,4.9943,-0.0010,0.3916,-0.0775,1788738371.937
13.763,2.9655,4.9942,-0.0025,0.3916,-0.0775,1788738371.957
13.782,2.9734,4.9942,-0.0041,0.3916,-0.0775,1788738371.977
13.802,2.9812,4.9942,-0.0056,0.3916,-0.0775,1788738371.997
13.822,2.9890,4.9941,-0.0069,0.3884,-0.0629,1788738372.017
13.842,2.9967,4.9940,-0.0081,0.3884,-0.0629,1788738372.037
13.862,3.0045,4.9940,-0.0094,0.3884,-0.0629,1788738372.057
13.882,3.0123,4.9939,-0.0107,0.3884,-0.0629,1788738372.077
13.902,3.0200,4.9938,-0.0119,0.3884,-0.0629,1788738372.097
13.922,3.0278,4.9937,-0.0119,0.3869,0.0022,1788738372.117
13.942,3.0355,4.9936,-0.0118,0.3869,0.0022,1788738372.137
13.962,3.0433,4.9935,-0.0118,0.3869,0.0022,1788738372.157
13.982,3.0510,4.9934,-0.0117,0.3869,0.0022,1788738372.177
14.002,3.0587,4.9933,-0.0117,0.3869,0.0022,1788738372.197
14.022,3.0665,4.9933,-0.0110,0.3901,0.0339,1788738372.217
14.042,3.0743,4.9932,-0.0103,0.3901,0.0339,1788738372.237
14.062,3.0821,4.9931,-0.0097,0.3901,0.0339,1788738372.257
14.082,3.0899,4.9930,-0.0090,0.3901,0.0339,1788738372.277
14.102,3.0977,4.9930,-0.0083,0.3901,0.0339,1788738372.297
14.122,3.1055,4.9929,-0.0077,0.3872,0.0310,1788738372.317
14.142,3.1132,4.9929,-0.0071,0.3872,0.0310,1788738372.337
14.162,3.1210,4.9928,-0.0064,0.3872,0.0310,1788738372.357
14.182,3.1287,4.9928,-0.0058,0.3872,0.0310,1788738372.377
14.202,3.1365,4.9927,-0.0052,0.3872,0.0310,1788738372.397
14.222,3.1443,4.9927,-0.0039,0.3915,0.0624,1788738372.417
14.242,3.1521,4.9927,-0.0027,0.3915,0.0624,1788738372.437
14.262,3.1599,4.9927,-0.0014,0.3915,0.0624,1788738372.457
14.282,3.1678,4.9927,-0.0002,0.3915,0.0624,1788738372.477
14.302,3.1756,4.9927,0.0010,0.3915,0.0624,1788738372.497
14.322,3.1834,4.9927,0.0022,0.3887,0.0589,1788738372.517
14.342,3.1911,4.9927,0.0034,0.3887,0.0589,1788738372.537
14.362,3.1989,4.9927,0.0046,0.3887,0.0589,1788738372.557
14.382,3.2067,4.9928,0.0058,0.3887,0.0589,1788738372.577
14.402,3.2145,4.9928,0.0069,0.3887,0.0589,1788738372.597
14.422,3.2223,4.9929,0.0081,0.3909,0.0570,1788738372.617
14.442,3.2301,4.9930,0.0092,0.3909,0.0570,1788738372.637
14.462,3.2379,4.9931,0.0104,0.3909,0.0570,1788738372.657
14.482,3.2457,4.9931,0.0115,0.3909,0.0570,1788738372.677
14.502,3.2536,4.9932,0.0126,0.3909,0.0570,1788738372.697
14.522,3.2613,4.9934,0.0145,0.3891,0.0926,1788738372.717
14.542,3.2691,4.9935,0.0163,0.3891,0.0926,1788738372.737
14.562,3.2769,4.9936,0.0182,0.3891,0.0926,1788738372.757
14.582,3.2847,4.9938,0.0201,0.3891,0.0926,1788738372.777
14.602,3.2925,4.9940,0.0219,0.3891,0.0926,1788738372.797
14.622,3.3002,4.9941,0.0233,0.3885,0.0716,1788738372.817
14.642,3.3080,4.9943,0.0248,0.3885,0.0716,1788738372.837
14.662,3.3158,4.9945,0.0262,0.3885,0.0716,1788738372.857
14.683,3.3235,4.9947,0.0276,0.3885,0.0716,1788738372.877
14.702,3.3313,4.9950,0.0291,0.3885,0.0716,1788738372.897
14.722,3.3391,4.9952,0.0298,0.3926,0.0366,1788738372.917
14.742,3.3470,4.9954,0.0305,0.3926,0.0366,1788738372.937
14.762,3.3548,4.9957,0.0313,0.3926,0.0366,1788738372.957
14.782,3.3627,4.9959,0.0320,0.3926,0.0366,1788738372.977
14.802,3.3705,4.9962,0.0327,0.3926,0.0366,1788738372.997
14.822,3.3783,4.9965,0.0333,0.3888,0.0276,1788738373.017
14.842,3.3861,4.9967,0.0338,0.3888,0.0276,1788738373.037
14.862,3.3939,4.9970,0.0344,0.3888,0.0276,1788738373.057
14.882,3.4016,4.9973,0.0349,0.3888,0.0276,1788738373.077
14.902,3.4094,4.9975,0.0355,0.3888,0.0276,1788738373.097
14.922,3.4172,4.9978,0.0341,0.3886,-0.0693,1788738373.117
14.942,3.4249,4.9981,0.0327,0.3886,-0.0693,1788738373.137
14.962,3.4327,4.9983,0.0313,0.3886,-0.0693,1788738373.157
14.982,3.4405,4.9985,0.0299,0.3886,-0.0693,1788738373.177
15.002,3.4482,4.9988,0.0286,0.3886,-0.0693,1788738373.197
15.022,3.4561,4.9990,0.0274,0.3940,-0.0559,1788738373.217
15.042,3.4640,4.9992,0.0263,0.3940,-0.0559,1788738373.237
15.062,3.4719,4.9994,0.0252,0.3940,-0.0559,1788738373.257
15.082,3.4797,4.9996,0.0241,0.3940,-0.0559,1788738373.277
15.102,3.4876,4.9997,0.0230,0.3940,-0.0559,1788738373.297
15.122,3.4954,4.9999,0.0217,0.3897,-0.0612,1788738373.317
15.142,3.5032,5.0001,0.0205,0.3897,-0.0612,1788738373.337
15.162,3.5110,5.0002,0.0193,0.3897,-0.0612,1788738373.357
15.182,3.5188,5.0004,0.0181,0.3897,-0.0612,1788738373.377
15.202,3.5266,5.0005,0.0168,0.3897,-0.0612,1788738373.397
15.222,3.5344,5.0006,0.0158,0.3892,-0.0534,1788738373.417
15.243,3.5421,5.0007,0.0147,0.3892,-0.0534,1788738373.437
15.262,3.5499,5.0008,0.0136,0.3892,-0.0534,1788738373.457
15.282,3.5577,5.0009,0.0126,0.3892,-0.0534,1788738373.477
15.302,3.5655,5.0010,0.0115,0.3892,-0.0534,1788738373.497
15.322,3.5731,5.0011,0.0108,0.3823,-0.0354,1788738373.517
15.342,3.5808,5.0012,0.0101,0.3823,-0.0354,1788738373.537
15.362,3.5884,5.0013,0.0094,0.3823,-0.0354,1788738373.557
15.382,3.5961,5.0013,0.0087,0.3823,-0.0354,1788738373.577
15.402,3.6037,5.0014,0.0080,0.3823,-0.0354,1788738373.597
15.422,3.6115,5.0014,0.0075,0.3897,-0.0239,1788738373.617
15.442,3.6193,5.0015,0.0070,0.3897,-0.0239,1788738373.637
15.462,3.6271,5.0015,0.0065,0.3897,-0.0239,1788738373.657
15.482,3.6349,5.0016,0.0060,0.3897,-0.0239,1788738373.677
15.502,3.6427,5.0016,0.0056,0.3897,-0.0239,1788738373.697
15.522,3.6503,5.0017,0.0053,0.3828,-0.0157,1788738373.717
15.542,3.6580,5.0017,0.0049,0.3828,-0.0157,1788738373.737
15.562,3.6657,5.0018,0.0046,0.3828,-0.0157,1788738373.757
15.582,3.6733,5.0018,0.0043,0.3828,-0.0157,1788738373.777
15.602,3.6810,5.0018,0.0040,0.3828,-0.0157,1788738373.797
15.622,3.6885,5.0018,0.0025,0.3789,-0.0735,1788738373.817
15.643,3.6961,5.0018,0.0011,0.3789,-0.0735,1788738373.837
15.663,3.7037,5.0018,-0.0004,0.3789,-0.0735,1788738373.857
15.682,3.7113,5.0018,-0.0019,0.3789,-0.0735,1788738373.877
15.702,3.7189,5.0018,-0.0033,0.3789,-0.0735,1788738373.897
15.722,3.7265,5.0018,-0.0055,0.3831,-0.1096,1788738373.917
15.742,3.7342,5.0017,-0.0077,0.3831,-0.1096,1788738373.937
15.763,3.7418,5.0016,-0.0099,0.3831,-0.1096,1788738373.957
15.782,3.7495,5.0015,-0.0121,0.3831,-0.1096,1788738373.977
15.802,3.7572,5.0014,-0.0143,0.3831,-0.1096,1788738373.997
15.822,3.7651,5.0013,-0.0214,0.3947,-0.3566,1788738374.017
15.843,3.7730,5.0010,-0.0286,0.3947,-0.3566,1788738374.037
15.862,3.7808,5.0007,-0.0357,0.3947,-0.3566,1788738374.057
15.882,3.7887,5.0004,-0.0428,0.3947,-0.3566,1788738374.077
15.902,3.7966,5.0000,-0.0500,0.3947,-0.3566,1788738374.097
15.922,3.8044,4.9996,-0.0569,0.3882,-0.3444,1788738374.117
15.943,3.8121,4.9991,-0.0638,0.3882,-0.3444,1788738374.137
15.962,3.8199,4.9985,-0.0706,0.3882,-0.3444,1788738374.157
15.983,3.8276,4.9979,-0.0775,0.3882,-0.3444,1788738374.177
16.003,3.8353,4.9973,-0.0844,0.3882,-0.3444,1788738374.197
16.022,3.8414,4.9967,-0.0973,0.3050,-0.6444,1788738374.217
16.042,3.8475,4.9960,-0.1102,0.3050,-0.6444,1788738374.237
16.063,3.8535,4.9953,-0.1231,0.3050,-0.6444,1788738374.257
16.083,3.8596,4.9944,-0.1360,0.3050,-0.6444,1788738374.277
16.102,3.8656,4.9935,-0.1489,0.3050,-0.6444,1788738374.297
16.122,3.8721,4.9924,-0.1664,0.3292,-0.8764,1788738374.317
16.142,3.8786,4.9912,-0.1839,0.3292,-0.8764,1788738374.337
16.162,3.8850,4.9899,-0.2014,0.3292,-0.8764,1788738374.357
16.182,3.8914,4.9885,-0.2190,0.3292,-0.8764,1788738374.377
16.202,3.8978,4.9869,-0.2365,0.3292,-0.8764,1788738374.397
16.222,3.9023,4.9858,-0.2565,0.2306,-0.9991,1788738374.417
16.242,3.9067,4.9845,-0.2765,0.2306,-0.9991,1788738374.437
16.262,3.9111,4.9832,-0.2965,0.2306,-0.9991,1788738374.457
16.282,3.9155,4.9817,-0.3164,0.2306,-0.9991,1788738374.477
16.302,3.9199,4.9802,-0.3364,0.2306,-0.9991,1788738374.497
16.322,3.9223,4.9793,-0.3564,0.1306,-1.0000,1788738374.517
16.342,3.9248,4.9783,-0.3764,0.1306,-1.0000,1788738374.537
16.362,3.9272,4.9773,-0.3964,0.1306,-1.0000,1788738374.557
16.382,3.9296,4.9763,-0.4164,0.1306,-1.0000,1788738374.577
16.402,3.9319,4.9752,-0.4364,0.1306,-1.0000,1788738374.597
16.422,3.9325,4.9749,-0.4564,0.0306,-1.0000,1788738374.617
16.442,3.9330,4.9746,-0.4764,0.0306,-1.0000,1788738374.637
16.462,3.9336,4.9743,-0.4964,0.0306,-1.0000,1788738374.657
16.482,3.9341,4.9740,-0.5164,0.0306,-1.0000,1788738374.677
16.502,3.9346,4.9737,-0.5364,0.0306,-1.0000,1788738374.697
16.522,3.9346,4.9737,-0.5564,0.0005,-1.0000,1788738374.717
16.542,3.9346,4.9737,-0.5764,0.0005,-1.0000,1788738374.737
16.562,3.9346,4.9737,-0.5964,0.0005,-1.0000,1788738374.757
16.582,3.9347,4.9737,-0.6164,0.0005,-1.0000,1788738374.777
16.602,3.9347,4.9737,-0.6364,0.0005,-1.0000,1788738374.797
16.622,3.9347,4.9737,-0.6564,0.0008,-1.0000,1788738374.817
16.642,3.9347,4.9737,-0.6764,0.0008,-1.0000,1788738374.837
16.662,3.9347,4.9737,-0.6964,0.0008,-1.0000,1788738374.857
16.682,3.9347,4.9736,-0.7164,0.0008,-1.0000,1788738374.877
16.702,3.9347,4.9736,-0.7364,0.0008,-1.0000,1788738374.897
16.722,3.9349,4.9735,-0.7564,0.0116,-0.9997,1788738374.917
16.742,3.9351,4.9733,-0.7764,0.0116,-0.9997,1788738374.937
16.763,3.9352,4.9731,-0.7964,0.0116,-0.9997,1788738374.957
16.782,3.9354,4.9730,-0.8164,0.0116,-0.9997,1788738374.977
16.802,3.9355,4.9728,-0.8364,0.0116,-0.9997,1788738374.997
16.822,3.9359,4.9723,-0.8564,0.0299,-0.9999,1788738375.017
16.843,3.9363,4.9719,-0.8764,0.0299,-0.9999,1788738375.037
16.862,3.9367,4.9714,-0.8964,0.0299,-0.9999,1788738375.057
16.882,3.9370,4.9709,-0.9164,0.0299,-0.9999,1788738375.077
16.902,3.9374,4.9705,-0.9364,0.0299,-0.9999,1788738375.097
16.922,3.9377,4.9700,-0.9564,0.0296,-1.0000,1788738375.117
16.942,3.9381,4.9695,-0.9764,0.0296,-1.0000,1788738375.137
16.962,3.9384,4.9690,-0.9964,0.0296,-1.0000,1788738375.157
16.982,3.9387,4.9685,-1.0164,0.0296,-1.0000,1788738375.177
17.002,3.9390,4.9680,-1.0364,0.0296,-1.0000,1788738375.197
17.022,3.9395,4.9670,-1.0562,0.0545,-0.9912,1788738375.217
17.042,3.9401,4.9661,-1.0760,0.0545,-0.9912,1788738375.237
17.062,3.9406,4.9651,-1.0959,0.0545,-0.9912,1788738375.257
17.082,3.9410,4.9641,-1.1157,0.0545,-0.9912,1788738375.277
17.102,3.9415,4.9631,-1.1355,0.0545,-0.9912,1788738375.297
17.122,3.9421,4.9617,-1.1554,0.0781,-0.9942,1788738375.317
17.142,3.9427,4.9603,-1.1753,0.0781,-0.9942,1788738375.337
17.162,3.9433,4.9588,-1.1952,0.0781,-0.9942,1788738375.357
17.182,3.9439,4.9573,-1.2150,0.0781,-0.9942,1788738375.377
17.202,3.9444,4.9559,-1.2349,0.0781,-0.9942,1788738375.397
17.222,3.9450,4.9539,-1.2549,0.1030,-1.0000,1788738375.417
17.242,3.9456,4.9519,-1.2749,0.1030,-1.0000,1788738375.437
17.262,3.9462,4.9500,-1.2949,0.1030,-1.0000,1788738375.457
17.282,3.9467,4.9480,-1.3149,0.1030,-1.0000,1788738375.477
17.302,3.9472,4.9460,-1.3349,0.1030,-1.0000,1788738375.497
17.322,3.9477,4.9435,-1.3548,0.1277,-0.9965,1788738375.517
17.342,3.9482,4.9410,-1.3748,0.1277,-0.9965,1788738375.537
17.362,3.9487,4.9385,-1.3947,0.1277,-0.9965,1788738375.557
17.382,3.9491,4.9359,-1.4146,0.1277,-0.9965,1788738375.577
17.402,3.9494,4.9334,-1.4346,0.1277,-0.9965,1788738375.597
17.422,3.9498,4.9304,-1.4546,0.1520,-1.0000,1788738375.617
17.442,3.9501,4.9274,-1.4746,0.1520,-1.0000,1788738375.637
17.462,3.9503,4.9243,-1.4946,0.1520,-1.0000,1788738375.657
17.482,3.9505,4.9213,-1.5146,0.1520,-1.0000,1788738375.677
17.502,3.9506,4.9182,-1.5346,0.1520,-1.0000,1788738375.697
17.522,3.9506,4.9147,-1.5539,0.1768,-0.9653,1788738375.717
17.542,3.9506,4.9112,-1.5732,0.1768,-0.9653,1788738375.737
17.562,3.9505,4.9076,-1.5925,0.1768,-0.9653,1788738375.757
17.582,3.9504,4.9041,-1.6118,0.1768,-0.9653,1788738375.777
17.602,3.9502,4.9006,-1.6311,0.1768,-0.9653,1788738375.797
17.622,3.9499,4.8966,-1.6493,0.1997,-0.9079,1788738375.817
17.643,3.9495,4.8926,-1.6674,0.1997,-0.9079,1788738375.837
17.662,3.9490,4.8887,-1.6856,0.1997,-0.9079,1788738375.857
17.682,3.9485,4.8847,-1.7037,0.1997,-0.9079,1788738375.877
17.702,3.9479,4.8807,-1.7219,0.1997,-0.9079,1788738375.897
17.722,3.9472,4.8763,-1.7341,0.2241,-0.6090,1788738375.917
17.742,3.9464,4.8719,-1.7462,0.2241,-0.6090,1788738375.937
17.762,3.9455,4.8675,-1.7584,0.2241,-0.6090,1788738375.957
17.782,3.9447,4.8631,-1.7706,0.2241,-0.6090,1788738375.977
17.802,3.9437,4.8587,-1.7828,0.2241,-0.6090,1788738375.997
17.822,3.9426,4.8539,-1.7916,0.2484,-0.4431,1788738376.017
17.842,3.9415,4.8491,-1.8005,0.2484,-0.4431,1788738376.037
17.862,3.9403,4.8442,-1.8094,0.2484,-0.4431,1788738376.057
17.882,3.9391,4.8394,-1.8182,0.2484,-0.4431,1788738376.077
17.903,3.9378,4.8346,-1.8271,0.2484,-0.4431,1788738376.097
17.922,3.9364,4.8293,-1.8300,0.2733,-0.1436,1788738376.117
17.943,3.9350,4.8240,-1.8328,0.2733,-0.1436,1788738376.137
17.963,3.9336,4.8188,-1.8357,0.2733,-0.1436,1788738376.157
17.982,3.9322,4.8135,-1.8386,0.2733,-0.1436,1788738376.177
18.002,3.9307,4.8082,-1.8415,0.2733,-0.1436,1788738376.197
18.022,3.9291,4.8025,-1.8417,0.2974,-0.0122,1788738376.217
18.042,3.9275,4.7968,-1.8419,0.2974,-0.0122,1788738376.237
18.063,3.9259,4.7910,-1.8422,0.2974,-0.0122,1788738376.257
18.082,3.9243,4.7853,-1.8424,0.2974,-0.0122,1788738376.277
18.102,3.9227,4.7796,-1.8427,0.2974,-0.0122,1788738376.297
18.122,3.9210,4.7734,-1.8370,0.3223,0.2858,1788738376.317
18.142,3.9194,4.7671,-1.8312,0.3223,0.2858,1788738376.337
18.162,3.9177,4.7609,-1.8255,0.3223,0.2858,1788738376.357
18.182,3.9162,4.7547,-1.8198,0.3223,0.2858,1788738376.377
18.202,3.9146,4.7484,-1.8141,0.3223,0.2858,1788738376.397
18.222,3.9130,4.7417,-1.8073,0.3469,0.3400,1788738376.417
18.242,3.9114,4.7349,-1.8005,0.3469,0.3400,1788738376.437
18.262,3.9099,4.7281,-1.7937,0.3469,0.3400,1788738376.457
18.282,3.9084,4.7214,-1.7869,0.3469,0.3400,1788738376.477
18.302,3.9069,4.7146,-1.7801,0.3469,0.3400,1788738376.497
18.322,3.9055,4.7073,-1.7675,0.3717,0.6301,1788738376.517
18.342,3.9041,4.7000,-1.7549,0.3717,0.6301,1788738376.537
18.362,3.9028,4.6926,-1.7423,0.3717,0.6301,1788738376.557
18.382,3.9017,4.6853,-1.7297,0.3717,0.6301,1788738376.577
18.402,3.9006,4.6779,-1.7171,0.3717,0.6301,1788738376.597
18.422,3.8995,4.6701,-1.7048,0.3962,0.6123,1788738376.617
18.442,3.8986,4.6622,-1.6926,0.3962,0.6123,1788738376.637
18.462,3.8977,4.6543,-1.6804,0.3962,0.6123,1788738376.657
18.482,3.8969,4.6465,-1.6681,0.3962,0.6123,1788738376.677
18.502,3.8963,4.6386,-1.6559,0.3962,0.6123,1788738376.697
18.522,3.8957,4.6306,-1.6433,0.3989,0.6299,1788738376.717
18.542,3.8952,4.6226,-1.6307,0.3989,0.6299,1788738376.737
18.562,3.8948,4.6147,-1.6181,0.3989,0.6299,1788738376.757
18.582,3.8945,4.6067,-1.6055,0.3989,0.6299,1788738376.777
18.602,3.8944,4.5987,-1.5929,0.3989,0.6299,1788738376.797
18.622,3.8943,4.5907,-1.5845,0.3999,0.4197,1788738376.817
18.642,3.8942,4.5827,-1.5761,0.3999,0.4197,1788738376.837
18.662,3.8942,4.5747,-1.5677,0.3999,0.4197,1788738376.857
18.682,3.8943,4.5667,-1.5593,0.3999,0.4197,1788738376.877
18.702,3.8945,4.5587,-1.5509,0.3999,0.4197,1788738376.897
18.722,3.8947,4.5507,-1.5416,0.3997,0.4666,1788738376.917
18.742,3.8950,4.5428,-1.5322,0.3997,0.4666,1788738376.937
18.762,3.8954,4.5348,-1.5229,0.3997,0.4666,1788738376.957
18.782,3.8959,4.5268,-1.5136,0.3997,0.4666,1788738376.977
18.802,3.8964,4.5188,-1.5042,0.3997,0.4666,1788738376.997
18.822,3.8970,4.5109,-1.5001,0.3959,0.2052,1788738377.017
18.842,3.8976,4.5030,-1.4960,0.3959,0.2052,1788738377.037
18.862,3.8982,4.4951,-1.4919,0.3959,0.2052,1788738377.057
18.882,3.8988,4.4872,-1.4878,0.3959,0.2052,1788738377.077
18.902,3.8995,4.4793,-1.4837,0.3959,0.2052,1788738377.097
18.922,3.9003,4.4714,-1.4795,0.3992,0.2084,1788738377.117
18.942,3.9010,4.4634,-1.4754,0.3992,0.2084,1788738377.137
18.962,3.9018,4.4555,-1.4712,0.3992,0.2084,1788738377.157
18.982,3.9026,4.4476,-1.4670,0.3992,0.2084,1788738377.177
19.002,3.9035,4.4396,-1.4629,0.3992,0.2084,1788738377.197
19.022,3.9044,4.4318,-1.4616,0.3950,0.0640,1788738377.217
19.042,3.9052,4.4239,-1.4603,0.3950,0.0640,1788738377.237
19.062,3.9061,4.4161,-1.4590,0.3950,0.0640,1788738377.257
19.082,3.9070,4.4082,-1.4578,0.3950,0.0640,1788738377.277
19.102,3.9079,4.4004,-1.4565,0.3950,0.0640,1788738377.297
19.122,3.9088,4.3925,-1.4530,0.3962,0.1716,1788738377.317
19.142,3.9098,4.3846,-1.4496,0.3962,0.1716,1788738377.337
19.162,3.9108,4.3768,-1.4462,0.3962,0.1716,1788738377.357
19.182,3.9118,4.3689,-1.4427,0.3962,0.1716,1788738377.377
19.203,3.9128,4.3611,-1.4393,0.3962,0.1716,1788738377.397
19.222,3.9137,4.3541,-1.4395,0.3494,-0.0105,1788738377.417
19.242,3.9147,4.3472,-1.4397,0.3494,-0.0105,1788738377.437
19.262,3.9156,4.3403,-1.4399,0.3494,-0.0105,1788738377.457
19.282,3.9165,4.3333,-1.4401,0.3494,-0.0105,1788738377.477
19.302,3.9174,4.3264,-1.4404,0.3494,-0.0105,1788738377.497
19.322,3.9183,4.3197,-1.4395,0.3367,0.0419,1788738377.517
19.342,3.9192,4.3131,-1.4387,0.3367,0.0419,1788738377.537
19.362,3.9200,4.3064,-1.4378,0.3367,0.0419,1788738377.557
19.382,3.9209,4.2997,-1.4370,0.3367,0.0419,1788738377.577
19.402,3.9218,4.2930,-1.4362,0.3367,0.0419,1788738377.597
19.422,3.9227,4.2870,-1.4393,0.3072,-0.1552,1788738377.617
19.442,3.9234,4.2809,-1.4424,0.3072,-0.1552,1788738377.637
19.462,3.9242,4.2748,-1.4455,0.3072,-0.1552,1788738377.657
19.482,3.9250,4.2687,-1.4486,0.3072,-0.1552,1788738377.677
19.502,3.9257,4.2626,-1.4517,0.3072,-0.1552,1788738377.697
19.522,3.9264,4.2564,-1.4530,0.3122,-0.0635,1788738377.717
19.542,3.9271,4.2502,-1.4542,0.3122,-0.0635,1788738377.737
19.562,3.9279,4.2440,-1.4555,0.3122,-0.0635,1788738377.757
19.583,3.9286,4.2378,-1.4568,0.3122,-0.0635,1788738377.777
19.602,3.9293,4.2315,-1.4580,0.3122,-0.0635,1788738377.797
19.622,3.9298,4.2273,-1.4536,0.2144,0.2234,1788738377.817
19.642,3.9303,4.2230,-1.4491,0.2144,0.2234,1788738377.837
19.662,3.9308,4.2188,-1.4446,0.2144,0.2234,1788738377.857
19.682,3.9314,4.2145,-1.4402,0.2144,0.2234,1788738377.877
19.702,3.9320,4.2103,-1.4357,0.2144,0.2234,1788738377.897
19.722,3.9323,4.2080,-1.4259,0.1144,0.4905,1788738377.917
19.742,3.9327,4.2058,-1.4161,0.1144,0.4905,1788738377.937
19.762,3.9330,4.2035,-1.4063,0.1144,0.4905,1788738377.957
19.782,3.9334,4.2012,-1.3965,0.1144,0.4905,1788738377.977
19.802,3.9339,4.1990,-1.3866,0.1144,0.4905,1788738377.997
19.822,3.9339,4.1987,-1.3716,0.0158,0.7548,1788738378.017
19.842,3.9340,4.1984,-1.3565,0.0158,0.7548,1788738378.037
19.862,3.9341,4.1981,-1.3414,0.0158,0.7548,1788738378.057
19.882,3.9341,4.1978,-1.3263,0.0158,0.7548,1788738378.077
19.902,3.9342,4.1975,-1.3112,0.0158,0.7548,1788738378.097
19.922,3.9342,4.1974,-1.2924,0.0005,0.9400,1788738378.117
19.942,3.9342,4.1974,-1.2736,0.0005,0.9400,1788738378.137
19.962,3.9342,4.1974,-1.2548,0.0005,0.9400,1788738378.157
19.982,3.9342,4.1974,-1.2360,0.0005,0.9400,1788738378.177
20.002,3.9342,4.1974,-1.2172,0.0005,0.9400,1788738378.197
20.022,3.9342,4.1974,-1.1980,0.0002,0.9601,1788738378.217
20.042,3.9342,4.1974,-1.1788,0.0002,0.9601,1788738378.237
20.062,3.9342,4.1974,-1.1596,0.0002,0.9601,1788738378.257
20.082,3.9342,4.1974,-1.1403,0.0002,0.9601,1788738378.277
20.102,3.9342,4.1974,-1.1211,0.0002,0.9601,1788738378.297
20.122,3.9342,4.1974,-1.1020,0.0009,0.9596,1788738378.317
20.142,3.9343,4.1974,-1.0828,0.0009,0.9596,1788738378.337
20.162,3.9343,4.1973,-1.0636,0.0009,0.9596,1788738378.357
20.182,3.9343,4.1973,-1.0444,0.0009,0.9596,1788738378.377
20.202,3.9343,4.1973,-1.0252,0.0009,0.9596,1788738378.397
20.222,3.9343,4.1973,-1.0059,0.0011,0.9651,1788738378.417
20.242,3.9343,4.1973,-0.9866,0.0011,0.9651,1788738378.437
20.262,3.9343,4.1973,-0.9673,0.0011,0.9651,1788738378.457
20.282,3.9343,4.1972,-0.9480,0.0011,0.9651,1788738378.477
20.302,3.9343,4.1972,-0.9287,0.0011,0.9651,1788738378.497
20.322,3.9344,4.1972,-0.9093,0.0011,0.9690,1788738378.517
20.342,3.9344,4.1972,-0.8899,0.0011,0.9690,1788738378.537
20.362,3.9344,4.1972,-0.8705,0.0011,0.9690,1788738378.557
20.382,3.9344,4.1971,-0.8512,0.0011,0.9690,1788738378.577
20.402,3.9344,4.1971,-0.8318,0.0011,0.9690,1788738378.597
20.422,3.9344,4.1971,-0.8126,0.0011,0.9592,1788738378.617
20.442,3.9344,4.1971,-0.7934,0.0011,0.9592,1788738378.637
20.462,3.9345,4.1971,-0.7742,0.0011,0.9592,1788738378.657
20.482,3.9345,4.1971,-0.7550,0.0011,0.9592,1788738378.677
20.502,3.9345,4.1971,-0.7359,0.0011,0.9592,1788738378.697
20.522,3.9345,4.1970,-0.7165,0.0004,0.9656,1788738378.717
20.542,3.9345,4.1970,-0.6972,0.0004,0.9656,1788738378.737
20.562,3.9345,4.1970,-0.6779,0.0004,0.9656,1788738378.757
20.582,3.9345,4.1970,-0.6586,0.0004,0.9656,1788738378.777
20.603,3.9345,4.1970,-0.6393,0.0004,0.9656,1788738378.797
20.622,3.9345,4.1970,-0.6199,0.0007,0.9712,1788738378.817
20.642,3.9345,4.1970,-0.6004,0.0007,0.9712,1788738378.837
20.662,3.9346,4.1970,-0.5810,0.0007,0.9712,1788738378.857
20.682,3.9346,4.1970,-0.5616,0.0007,0.9712,1788738378.877
20.702,3.9346,4.1970,-0.5422,0.0007,0.9712,1788738378.897
20.722,3.9346,4.1970,-0.5228,0.0005,0.9699,1788738378.917
20.742,3.9346,4.1970,-0.5034,0.0005,0.9699,1788738378.937
20.762,3.9346,4.1970,-0.4840,0.0005,0.9699,1788738378.957
20.782,3.9346,4.1970,-0.4646,0.0005,0.9699,1788738378.977
20.802,3.9346,4.1970,-0.4452,0.0005,0.9699,1788738378.997
20.822,3.9347,4.1969,-0.4255,0.0034,0.9855,1788738379.017
20.842,3.9347,4.1969,-0.4058,0.0034,0.9855,1788738379.037
20.862,3.9348,4.1969,-0.3861,0.0034,0.9855,1788738379.057
20.882,3.9349,4.1969,-0.3663,0.0034,0.9855,1788738379.077
20.903,3.9349,4.1968,-0.3466,0.0034,0.9855,1788738379.097
20.922,3.9349,4.1968,-0.3274,0.0000,0.9625,1788738379.117
20.943,3.9349,4.1968,-0.3081,0.0000,0.9625,1788738379.137
20.962,3.9349,4.1968,-0.2889,0.0000,0.9625,1788738379.157
20.982,3.9349,4.1968,-0.2696,0.0000,0.9625,1788738379.177
21.002,3.9349,4.1968,-0.2504,0.0000,0.9625,1788738379.197
21.022,3.9349,4.1968,-0.2315,0.0003,0.9465,1788738379.217
21.042,3.9350,4.1968,-0.2125,0.0003,0.9465,1788738379.237
21.062,3.9350,4.1968,-0.1936,0.0003,0.9465,1788738379.257
21.082,3.9350,4.1968,-0.1747,0.0003,0.9465,1788738379.277
21.102,3.9350,4.1968,-0.1557,0.0003,0.9465,1788738379.297
21.122,3.9350,4.1968,-0.1380,0.0001,0.8882,1788738379.317
21.142,3.9350,4.1968,-0.1202,0.0001,0.8882,1788738379.337
21.162,3.9350,4.1968,-0.1024,0.0001,0.8882,1788738379.357
21.182,3.9350,4.1968,-0.0847,0.0001,0.8882,1788738379.377
21.202,3.9350,4.1968,-0.0669,0.0001,0.8882,1788738379.397
21.222,3.9350,4.1968,-0.0499,0.0004,0.8489,1788738379.417
21.242,3.9350,4.1968,-0.0330,0.0004,0.8489,1788738379.437
21.262,3.9350,4.1968,-0.0160,0.0004,0.8489,1788738379.457
21.282,3.9350,4.1968,0.0010,0.0004,0.8489,1788738379.477
21.302,3.9350,4.1968,0.0180,0.0004,0.8489,1788738379.497
21.322,3.9350,4.1968,0.0349,0.0005,0.8443,1788738379.517
21.342,3.9350,4.1968,0.0517,0.0005,0.8443,1788738379.537
21.362,3.9350,4.1968,0.0686,0.0005,0.8443,1788738379.557
21.382,3.9351,4.1968,0.0855,0.0005,0.8443,1788738379.577
21.402,3.9351,4.1968,0.1024,0.0005,0.8443,1788738379.597
21.422,3.9351,4.1968,0.1209,0.0001,0.9242,1788738379.617
21.442,3.9351,4.1968,0.1394,0.0001,0.9242,1788738379.637
21.462,3.9351,4.1968,0.1579,0.0001,0.9242,1788738379.657
21.482,3.9351,4.1968,0.1763,0.0001,0.9242,1788738379.677
21.502,3.9351,4.1968,0.1948,0.0001,0.9242,1788738379.697
21.522,3.9351,4.1968,0.2140,0.0000,0.9596,1788738379.717
21.542,3.9351,4.1968,0.2332,0.0000,0.9596,1788738379.737
21.562,3.9351,4.1968,0.2524,0.0000,0.9596,1788738379.757
21.582,3.9351,4.1968,0.2716,0.0000,0.9596,1788738379.777
21.602,3.9351,4.1968,0.2908,0.0000,0.9596,1788738379.797
21.622,3.9351,4.1968,0.3100,0.0002,0.9594,1788738379.817
21.642,3.9351,4.1968,0.3292,0.0002,0.9594,1788738379.837
21.662,3.9351,4.1968,0.3483,0.0002,0.9594,1788738379.857
21.682,3.9351,4.1968,0.3675,0.0002,0.9594,1788738379.877
21.702,3.9351,4.1968,0.3867,0.0002,0.9594,1788738379.897
21.722,3.9351,4.1969,0.4051,0.0007,0.9177,1788738379.917
21.742,3.9351,4.1969,0.4234,0.0007,0.9177,1788738379.937
21.762,3.9351,4.1969,0.4418,0.0007,0.9177,1788738379.957
21.782,3.9351,4.1969,0.4601,0.0007,0.9177,1788738379.977
21.802,3.9352,4.1969,0.4785,0.0007,0.9177,1788738379.997
21.822,3.9356,4.1971,0.4910,0.0256,0.6267,1788738380.017
21.842,3.9361,4.1974,0.5036,0.0256,0.6267,1788738380.037
21.862,3.9365,4.1976,0.5161,0.0256,0.6267,1788738380.057
21.882,3.9369,4.1979,0.5286,0.0256,0.6267,1788738380.077
21.902,3.9374,4.1981,0.5412,0.0256,0.6267,1788738380.097
21.922,3.9382,4.1987,0.5498,0.0498,0.4325,1788738380.117
21.942,3.9391,4.1992,0.5585,0.0498,0.4325,1788738380.137
21.962,3.9399,4.1997,0.5671,0.0498,0.4325,1788738380.157
21.982,3.9407,4.2003,0.5758,0.0498,0.4325,1788738380.177
22.002,3.9416,4.2008,0.5844,0.0498,0.4325,1788738380.197
22.022,3.9428,4.2016,0.5905,0.0724,0.3045,1788738380.217
22.042,3.9440,4.2024,0.5966,0.0724,0.3045,1788738380.237
22.062,3.9452,4.2033,0.6027,0.0724,0.3045,1788738380.257
22.082,3.9464,4.2041,0.6088,0.0724,0.3045,1788738380.277
22.103,3.9475,4.2049,0.6149,0.0724,0.3045,1788738380.297
22.122,3.9491,4.2060,0.6181,0.0949,0.1607,1788738380.317
22.142,3.9506,4.2071,0.6213,0.0949,0.1607,1788738380.337
22.162,3.9522,4.2082,0.6245,0.0949,0.1607,1788738380.357
22.182,3.9537,4.2093,0.6277,0.0949,0.1607,1788738380.377
22.202,3.9552,4.2105,0.6309,0.0949,0.1607,1788738380.397
22.222,3.9572,4.2119,0.6327,0.1180,0.0909,1788738380.417
22.242,3.9591,4.2133,0.6346,0.1180,0.0909,1788738380.437
22.262,3.9609,4.2147,0.6364,0.1180,0.0909,1788738380.457
22.282,3.9628,4.2161,0.6382,0.1180,0.0909,1788738380.477
22.302,3.9647,4.2175,0.6400,0.1180,0.0909,1788738380.497
22.322,3.9670,4.2192,0.6396,0.1404,-0.0231,1788738380.517
22.342,3.9692,4.2208,0.6391,0.1404,-0.0231,1788738380.537
22.363,3.9715,4.2225,0.6386,0.1404,-0.0231,1788738380.557
22.382,3.9738,4.2242,0.6382,0.1404,-0.0231,1788738380.577
22.402,3.9760,4.2258,0.6377,0.1404,-0.0231,1788738380.597
22.422,3.9786,4.2278,0.6345,0.1628,-0.1590,1788738380.617
22.442,3.9813,4.2297,0.6313,0.1628,-0.1590,1788738380.637
22.462,3.9839,4.2316,0.6282,0.1628,-0.1590,1788738380.657
22.482,3.9865,4.2335,0.6250,0.1628,-0.1590,1788738380.677
22.502,3.9892,4.2354,0.6218,0.1628,-0.1590,1788738380.697
22.522,3.9922,4.2376,0.6180,0.1853,-0.1900,1788738380.717
22.542,3.9952,4.2397,0.6142,0.1853,-0.1900,1788738380.737
22.562,3.9983,4.2418,0.6104,0.1853,-0.1900,1788738380.757
22.582,4.0013,4.2439,0.6066,0.1853,-0.1900,1788738380.777
22.602,4.0044,4.2460,0.6028,0.1853,-0.1900,1788738380.797
22.622,4.0078,4.2484,0.5986,0.2075,-0.2102,1788738380.817
22.642,4.0112,4.2507,0.5944,0.2075,-0.2102,1788738380.837
22.662,4.0147,4.2530,0.5902,0.2075,-0.2102,1788738380.857
22.682,4.0181,4.2553,0.5860,0.2075,-0.2102,1788738380.877
22.703,4.0216,4.2576,0.5818,0.2075,-0.2102,1788738380.897
22.722,4.0254,4.2601,0.5792,0.2264,-0.1277,1788738380.917
22.742,4.0292,4.2625,0.5767,0.2264,-0.1277,1788738380.937
22.763,4.0330,4.2650,0.5741,0.2264,-0.1277,1788738380.957
22.782,4.0368,4.2674,0.5716,0.2264,-0.1277,1788738380.977
22.802,4.0406,4.2699,0.5690,0.2264,-0.1277,1788738380.997
22.822,4.0448,4.2725,0.5681,0.2474,-0.0451,1788738381.017
22.842,4.0490,4.2752,0.5672,0.2474,-0.0451,1788738381.037
22.862,4.0531,4.2779,0.5663,0.2474,-0.0451,1788738381.057
22.882,4.0573,4.2805,0.5654,0.2474,-0.0451,1788738381.077
22.902,4.0615,4.2832,0.5645,0.2474,-0.0451,1788738381.097
22.922,4.0661,4.2860,0.5646,0.2700,0.0040,1788738381.117
22.942,4.0706,4.2889,0.5647,0.2700,0.0040,1788738381.137
22.962,4.0752,4.2918,0.5647,0.2700,0.0040,1788738381.157
22.982,4.0797,4.2947,0.5648,0.2700,0.0040,1788738381.177
23.002,4.0843,4.2976,0.5649,0.2700,0.0040,1788738381.197
23.022,4.0892,4.3007,0.5661,0.2923,0.0599,1788738381.217
23.042,4.0942,4.3039,0.5673,0.2923,0.0599,1788738381.237
23.062,4.0991,4.3070,0.5685,0.2923,0.0599,1788738381.257
23.082,4.1040,4.3102,0.5697,0.2923,0.0599,1788738381.277
23.102,4.1089,4.3133,0.5709,0.2923,0.0599,1788738381.297
23.122,4.1142,4.3167,0.5713,0.3119,0.0220,1788738381.317
23.143,4.1194,4.3201,0.5718,0.3119,0.0220,1788738381.337
23.162,4.1247,4.3235,0.5722,0.3119,0.0220,1788738381.357
23.182,4.1299,4.3268,0.5726,0.3119,0.0220,1788738381.377
23.202,4.1352,4.3302,0.5731,0.3119,0.0220,1788738381.397
23.222,4.1407,4.3338,0.5738,0.3312,0.0355,1788738381.417
23.242,4.1463,4.3374,0.5745,0.3312,0.0355,1788738381.437
23.262,4.1518,4.3410,0.5752,0.3312,0.0355,1788738381.457
23.282,4.1574,4.3446,0.5759,0.3312,0.0355,1788738381.477
23.302,4.1629,4.3482,0.5766,0.3312,0.0355,1788738381.497
23.322,4.1689,4.3521,0.5766,0.3534,-0.0021,1788738381.517
23.342,4.1748,4.3560,0.5766,0.3534,-0.0021,1788738381.537
23.362,4.1807,4.3598,0.5765,0.3534,-0.0021,1788738381.557
23.382,4.1866,4.3637,0.5765,0.3534,-0.0021,1788738381.577
23.402,4.1926,4.3675,0.5764,0.3534,-0.0021,1788738381.597
23.422,4.1989,4.3716,0.5748,0.3760,-0.0827,1788738381.617
23.442,4.2052,4.3757,0.5731,0.3760,-0.0827,1788738381.637
23.462,4.2115,4.3797,0.5715,0.3760,-0.0827,1788738381.657
23.482,4.2179,4.3838,0.5698,0.3760,-0.0827,1788738381.677
23.502,4.2242,4.3878,0.5682,0.3760,-0.0827,1788738381.697
23.522,4.2309,4.3921,0.5670,0.3960,-0.0584,1788738381.717
23.542,4.2376,4.3963,0.5658,0.3960,-0.0584,1788738381.737
23.562,4.2443,4.4006,0.5647,0.3960,-0.0584,1788738381.757
23.582,4.2510,4.4048,0.5635,0.3960,-0.0584,1788738381.777
23.603,4.2577,4.4090,0.5623,0.3960,-0.0584,1788738381.797
23.622,4.2644,4.4133,0.5604,0.3978,-0.0962,1788738381.817
23.642,4.2711,4.4175,0.5585,0.3978,-0.0962,1788738381.837
23.662,4.2779,4.4217,0.5565,0.3978,-0.0962,1788738381.857
23.682,4.2847,4.4259,0.5546,0.3978,-0.0962,1788738381.877
23.702,4.2914,4.4301,0.5527,0.3978,-0.0962,1788738381.897
23.722,4.2982,4.4342,0.5508,0.3954,-0.0941,1788738381.917
23.742,4.3049,4.4383,0.5489,0.3954,-0.0941,1788738381.937
23.762,4.3117,4.4424,0.5470,0.3954,-0.0941,1788738381.957
23.782,4.3184,4.4465,0.5452,0.3954,-0.0941,1788738381.977
23.802,4.3252,4.4506,0.5433,0.3954,-0.0941,1788738381.997
23.822,4.3319,4.4547,0.5423,0.3919,-0.0499,1788738382.017
23.842,4.3386,4.4587,0.5413,0.3919,-0.0499,1788738382.037
23.862,4.3453,4.4627,0.5403,0.3919,-0.0499,1788738382.057
23.882,4.3521,4.4668,0.5393,0.3919,-0.0499,1788738382.077
23.902,4.3588,4.4708,0.5383,0.3919,-0.0499,1788738382.097
23.922,4.3656,4.4748,0.5363,0.3941,-0.0995,1788738382.117
23.942,4.3724,4.4788,0.5343,0.3941,-0.0995,1788738382.137
23.962,4.3792,4.4828,0.5323,0.3941,-0.0995,1788738382.157
23.982,4.3860,4.4868,0.5303,0.3941,-0.0995,1788738382.177
24.003,4.3928,4.4908,0.5283,0.3941,-0.0995,1788738382.197
24.022,4.3995,4.4947,0.5268,0.3918,-0.0795,1788738382.217
24.042,4.4063,4.4986,0.5252,0.3918,-0.0795,1788738382.237
24.063,4.4131,4.5026,0.5236,0.3918,-0.0795,1788738382.257
24.082,4.4199,4.5065,0.5220,0.3918,-0.0795,1788738382.277
24.102,4.4267,4.5104,0.5204,0.3918,-0.0795,1788738382.297
24.122,4.4335,4.5143,0.5194,0.3947,-0.0513,1788738382.317
24.142,4.4404,4.5182,0.5183,0.3947,-0.0513,1788738382.337
24.162,4.4473,4.5221,0.5173,0.3947,-0.0513,1788738382.357
24.182,4.4541,4.5260,0.5163,0.3947,-0.0513,1788738382.377
24.202,4.4610,4.5299,0.5153,0.3947,-0.0513,1788738382.397
24.222,4.4679,4.5338,0.5147,0.3956,-0.0266,1788738382.417
24.243,4.4748,4.5377,0.5142,0.3956,-0.0266,1788738382.437
24.262,4.4817,4.5416,0.5137,0.3956,-0.0266,1788738382.457
24.282,4.4885,4.5454,0.5131,0.3956,-0.0266,1788738382.477
24.302,4.4954,4.5493,0.5126,0.3956,-0.0266,1788738382.497
24.322,4.5023,4.5532,0.5118,0.3931,-0.0407,1788738382.517
24.342,4.5092,4.5570,0.5110,0.3931,-0.0407,1788738382.537
24.362,4.5160,4.5609,0.5102,0.3931,-0.0407,1788738382.557
24.382,4.5229,4.5647,0.5093,0.3931,-0.0407,1788738382.577
24.402,4.5297,4.5685,0.5085,0.3931,-0.0407,1788738382.597
24.422,4.5367,4.5724,0.5073,0.3962,-0.0601,1788738382.617
24.442,4.5436,4.5762,0.5061,0.3962,-0.0601,1788738382.637
24.462,4.5505,4.5800,0.5049,0.3962,-0.0601,1788738382.657
24.482,4.5575,4.5839,0.5037,0.3962,-0.0601,1788738382.677
24.502,4.5644,4.5877,0.5025,0.3962,-0.0601,1788738382.697
24.522,4.5714,4.5915,0.5015,0.3966,-0.0531,1788738382.717
24.542,4.5783,4.5953,0.5004,0.3966,-0.0531,1788738382.737
24.562,4.5853,4.5991,0.4993,0.3966,-0.0531,1788738382.757
24.582,4.5923,4.6029,0.4983,0.3966,-0.0531,1788738382.777
24.602,4.5992,4.6067,0.4972,0.3966,-0.0531,1788738382.797
24.622,4.6062,4.6104,0.4956,0.3935,-0.0795,1788738382.817
24.642,4.6131,4.6141,0.4940,0.3935,-0.0795,1788738382.837
24.662,4.6200,4.6179,0.4924,0.3935,-0.0795,1788738382.857
24.682,4.6270,4.6216,0.4909,0.3935,-0.0795,1788738382.877
24.702,4.6339,4.6253,0.4893,0.3935,-0.0795,1788738382.897
24.722,4.6408,4.6289,0.4875,0.3919,-0.0869,1788738382.917
24.742,4.6478,4.6326,0.4858,0.3919,-0.0869,1788738382.937
24.762,4.6547,4.6363,0.4840,0.3919,-0.0869,1788738382.957
24.782,4.6616,4.6399,0.4823,0.3919,-0.0869,1788738382.977
24.802,4.6686,4.6435,0.4806,0.3919,-0.0869,1788738382.997
24.822,4.6756,4.6471,0.4784,0.3951,-0.1110,1788738383.017
24.842,4.6826,4.6508,0.4761,0.3951,-0.1110,1788738383.037
24.862,4.6897,4.6544,0.4739,0.3951,-0.1110,1788738383.057
24.882,4.6967,4.6580,0.4717,0.3951,-0.1110,1788738383.077
24.902,4.7037,4.6615,0.4695,0.3951,-0.1110,1788738383.097
24.922,4.7108,4.6651,0.4661,0.3947,-0.1693,1788738383.117
24.942,4.7179,4.6686,0.4627,0.3947,-0.1693,1788738383.137
24.962,4.7249,4.6721,0.4593,0.3947,-0.1693,1788738383.157
24.982,4.7320,4.6756,0.4559,0.3947,-0.1693,1788738383.177
25.002,4.7391,4.6790,0.4525,0.3947,-0.1693,1788738383.197
25.022,4.7462,4.6825,0.4487,0.3938,-0.1905,1788738383.217
25.042,4.7533,4.6858,0.4449,0.3938,-0.1905,1788738383.237
25.062,4.7605,4.6892,0.4411,0.3938,-0.1905,1788738383.257
25.082,4.7676,4.6925,0.4373,0.3938,-0.1905,1788738383.277
25.102,4.7747,4.6959,0.4335,0.3938,-0.1905,1788738383.297
25.122,4.7819,4.6991,0.4298,0.3949,-0.1848,1788738383.317
25.142,4.7891,4.7024,0.4261,0.3949,-0.1848,1788738383.337
25.162,4.7963,4.7056,0.4224,0.3949,-0.1848,1788738383.357
25.182,4.8035,4.7089,0.4187,0.3949,-0.1848,1788738383.377
25.202,4.8108,4.7120,0.4150,0.3949,-0.1848,1788738383.397
25.222,4.8180,4.7152,0.4107,0.3949,-0.2143,1788738383.417
25.242,4.8253,4.7183,0.4064,0.3949,-0.2143,1788738383.437
25.263,4.8325,4.7214,0.4021,0.3949,-0.2143,1788738383.457
25.283,4.8398,4.7245,0.3979,0.3949,-0.2143,1788738383.477
25.302,4.8471,4.7275,0.3936,0.3949,-0.2143,1788738383.497
25.322,4.8544,4.7305,0.3905,0.3945,-0.1526,1788738383.517
25.342,4.8617,4.7335,0.3875,0.3945,-0.1526,1788738383.537
25.362,4.8690,4.7364,0.3844,0.3945,-0.1526,1788738383.557
25.382,4.8763,4.7394,0.3814,0.3945,-0.1526,1788738383.577
25.402,4.8837,4.7423,0.3783,0.3945,-0.1526,1788738383.597
25.422,4.8910,4.7452,0.3760,0.3929,-0.1148,1788738383.617
25.442,4.8983,4.7480,0.3737,0.3929,-0.1148,1788738383.637
25.462,4.9056,4.7509,0.3714,0.3929,-0.1148,1788738383.657
25.482,4.9129,4.7537,0.3691,0.3929,-0.1148,1788738383.677
25.502,4.9203,4.7566,0.3668,0.3929,-0.1148,1788738383.697
25.522,4.9277,4.7594,0.3650,0.3946,-0.0928,1788738383.717
25.542,4.9350,4.7622,0.3631,0.3946,-0.0928,1788738383.737
25.562,4.9424,4.7650,0.3613,0.3946,-0.0928,1788738383.757
25.582,4.9498,4.7677,0.3594,0.3946,-0.0928,1788738383.777
25.603,4.9572,4.7705,0.3576,0.3946,-0.0928,1788738383.797
25.622,4.9646,4.7733,0.3552,0.3958,-0.1188,1788738383.817
25.642,4.9720,4.7760,0.3528,0.3958,-0.1188,1788738383.837
25.662,4.9795,4.7787,0.3504,0.3958,-0.1188,1788738383.857
25.682,4.9869,4.7814,0.3481,0.3958,-0.1188,1788738383.877
25.702,4.9944,4.7841,0.3457,0.3958,-0.1188,1788738383.897
25.722,5.0017,4.7867,0.3442,0.3915,-0.0747,1788738383.917
25.742,5.0091,4.7894,0.3427,0.3915,-0.0747,1788738383.937
25.762,5.0165,4.7920,0.3412,0.3915,-0.0747,1788738383.957
25.782,5.0239,4.7946,0.3397,0.3915,-0.0747,1788738383.977
25.802,5.0313,4.7972,0.3382,0.3915,-0.0747,1788738383.997
25.822,5.0387,4.7998,0.3370,0.3958,-0.0622,1788738384.017
25.843,5.0462,4.8024,0.3357,0.3958,-0.0622,1788738384.037
25.862,5.0537,4.8050,0.3345,0.3958,-0.0622,1788738384.057
25.882,5.0612,4.8076,0.3332,0.3958,-0.0622,1788738384.077
25.902,5.0687,4.8102,0.3320,0.3958,-0.0622,1788738384.097
25.922,5.0760,4.8127,0.3312,0.3902,-0.0374,1788738384.117
25.942,5.0834,4.8153,0.3305,0.3902,-0.0374,1788738384.137
25.962,5.0908,4.8178,0.3297,0.3902,-0.0374,1788738384.157
25.982,5.0982,4.8203,0.3290,0.3902,-0.0374,1788738384.177
26.002,5.1056,4.8228,0.3283,0.3902,-0.0374,1788738384.197
26.022,5.1130,4.8253,0.3274,0.3927,-0.0410,1788738384.217
26.042,5.1204,4.8279,0.3266,0.3927,-0.0410,1788738384.237
26.063,5.1279,4.8304,0.3258,0.3927,-0.0410,1788738384.257
26.082,5.1353,4.8329,0.3250,0.3927,-0.0410,1788738384.277
26.102,5.1428,4.8354,0.3242,0.3927,-0.0410,1788738384.297
26.122,5.1502,4.8379,0.3223,0.3932,-0.0918,1788738384.317
26.143,5.1577,4.8404,0.3205,0.3932,-0.0918,1788738384.337
26.162,5.1652,4.8428,0.3186,0.3932,-0.0918,1788738384.357
26.182,5.1726,4.8453,0.3168,0.3932,-0.0918,1788738384.377
26.202,5.1801,4.8477,0.3150,0.3932,-0.0918,1788738384.397
26.222,5.1875,4.8501,0.3127,0.3901,-0.1160,1788738384.417
26.242,5.1950,4.8525,0.3103,0.3901,-0.1160,1788738384.437
26.262,5.2024,4.8549,0.3080,0.3901,-0.1160,1788738384.457
26.282,5.2098,4.8572,0.3057,0.3901,-0.1160,1788738384.477
26.302,5.2173,4.8595,0.3034,0.3901,-0.1160,1788738384.497
26.322,5.2247,4.8618,0.3006,0.3896,-0.1380,1788738384.517
26.342,5.2322,4.8641,0.2978,0.3896,-0.1380,1788738384.537
26.362,5.2396,4.8664,0.2951,0.3896,-0.1380,1788738384.557
26.382,5.2471,4.8686,0.2923,0.3896,-0.1380,1788738384.577
26.402,5.2546,4.8709,0.2896,0.3896,-0.1380,1788738384.597
26.422,5.2621,4.8731,0.2869,0.3920,-0.1330,1788738384.617
26.442,5.2696,4.8753,0.2842,0.3920,-0.1330,1788738384.637
26.462,5.2771,4.8775,0.2816,0.3920,-0.1330,1788738384.657
26.482,5.2847,4.8796,0.2789,0.3920,-0.1330,1788738384.677
26.502,5.2922,4.8818,0.2763,0.3920,-0.1330,1788738384.697
26.522,5.2997,4.8839,0.2727,0.3902,-0.1777,1788738384.717
26.542,5.3073,4.8859,0.2692,0.3902,-0.1777,1788738384.737
26.562,5.3148,4.8880,0.2656,0.3902,-0.1777,1788738384.757
26.582,5.3223,4.8900,0.2620,0.3902,-0.1777,1788738384.777
26.602,5.3299,4.8920,0.2585,0.3902,-0.1777,1788738384.797
26.622,5.3374,4.8940,0.2548,0.3908,-0.1853,1788738384.817
26.642,5.3450,4.8959,0.2511,0.3908,-0.1853,1788738384.837
26.662,5.3526,4.8978,0.2474,0.3908,-0.1853,1788738384.857
26.682,5.3602,4.8997,0.2437,0.3908,-0.1853,1788738384.877
26.702,5.3678,4.9016,0.2400,0.3908,-0.1853,1788738384.897
26.722,5.3753,4.9034,0.2363,0.3881,-0.1852,1788738384.917
26.742,5.3829,4.9052,0.2326,0.3881,-0.1852,1788738384.937
26.762,5.3904,4.9069,0.2289,0.3881,-0.1852,1788738384.957
26.782,5.3980,4.9087,0.2252,0.3881,-0.1852,1788738384.977
26.803,5.4056,4.9104,0.2214,0.3881,-0.1852,1788738384.997
26.822,5.4132,4.9121,0.2175,0.3912,-0.1959,1788738385.017
26.842,5.4208,4.9137,0.2136,0.3912,-0.1959,1788738385.037
26.862,5.4285,4.9153,0.2097,0.3912,-0.1959,1788738385.057
26.882,5.4361,4.9169,0.2058,0.3912,-0.1959,1788738385.077
26.902,5.4438,4.9185,0.2019,0.3912,-0.1959,1788738385.097
26.922,5.4515,4.9201,0.1985,0.3911,-0.1674,1788738385.117
26.942,5.4592,4.9216,0.1952,0.3911,-0.1674,1788738385.137
26.962,5.4668,4.9231,0.1918,0.3911,-0.1674,1788738385.157
26.982,5.4745,4.9245,0.1885,0.3911,-0.1674,1788738385.177
27.002,5.4822,4.9260,0.1851,0.3911,-0.1674,1788738385.197
27.022,5.4899,4.9274,0.1823,0.3910,-0.1413,1788738385.217
27.042,5.4976,4.9288,0.1795,0.3910,-0.1413,1788738385.237
27.063,5.5053,4.9302,0.1766,0.3910,-0.1413,1788738385.257
27.082,5.5130,4.9315,0.1738,0.3910,-0.1413,1788738385.277
27.102,5.5207,4.9328,0.1710,0.3910,-0.1413,1788738385.297
27.122,5.5283,4.9341,0.1685,0.3882,-0.1222,1788738385.317
27.142,5.5360,4.9354,0.1661,0.3882,-0.1222,1788738385.337
27.163,5.5437,4.9367,0.1637,0.3882,-0.1222,1788738385.357
27.182,5.5513,4.9379,0.1612,0.3882,-0.1222,1788738385.377
27.202,5.5590,4.9392,0.1588,0.3882,-0.1222,1788738385.397
27.222,5.5667,4.9404,0.1563,0.3885,-0.1212,1788738385.417
27.242,5.5743,4.9416,0.1539,0.3885,-0.1212,1788738385.437
27.262,5.5820,4.9427,0.1515,0.3885,-0.1212,1788738385.457
27.282,5.5897,4.9439,0.1491,0.3885,-0.1212,1788738385.477
27.302,5.5974,4.9450,0.1467,0.3885,-0.1212,1788738385.497
27.322,5.6051,4.9461,0.1440,0.3907,-0.1331,1788738385.517
27.342,5.6129,4.9472,0.1413,0.3907,-0.1331,1788738385.537
27.362,5.6206,4.9483,0.1387,0.3907,-0.1331,1788738385.557
27.382,5.6284,4.9494,0.1360,0.3907,-0.1331,1788738385.577
27.402,5.6361,4.9504,0.1333,0.3907,-0.1331,1788738385.597
27.422,5.6438,4.9514,0.1302,0.3904,-0.1560,1788738385.617
27.442,5.6516,4.9524,0.1271,0.3904,-0.1560,1788738385.637
27.463,5.6593,4.9534,0.1240,0.3904,-0.1560,1788738385.657
27.482,5.6671,4.9543,0.1209,0.3904,-0.1560,1788738385.677
27.502,5.6748,4.9553,0.1177,0.3904,-0.1560,1788738385.697
27.522,5.6826,4.9561,0.1142,0.3891,-0.1773,1788738385.717
27.542,5.6903,4.9570,0.1107,0.3891,-0.1773,1788738385.737
27.562,5.6980,4.9578,0.1071,0.3891,-0.1773,1788738385.757
27.582,5.7058,4.9586,0.1036,0.3891,-0.1773,1788738385.777
27.602,5.7135,4.9594,0.1000,0.3891,-0.1773,1788738385.797
27.622,5.7214,4.9602,0.0964,0.3938,-0.1800,1788738385.817
27.642,5.7292,4.9609,0.0928,0.3938,-0.1800,1788738385.837
27.662,5.7371,4.9616,0.0892,0.3938,-0.1800,1788738385.857
27.682,5.7449,4.9623,0.0856,0.3938,-0.1800,1788738385.877
27.702,5.7527,4.9629,0.0820,0.3938,-0.1800,1788738385.897
27.722,5.7606,4.9635,0.0786,0.3930,-0.1723,1788738385.917
27.742,5.7684,4.9641,0.0751,0.3930,-0.1723,1788738385.937
27.762,5.7763,4.9647,0.0717,0.3930,-0.1723,1788738385.957
27.782,5.7841,4.9652,0.0682,0.3930,-0.1723,1788738385.977
27.802,5.7919,4.9657,0.0648,0.3930,-0.1723,1788738385.997
27.822,5.7997,4.9662,0.0615,0.3883,-0.1661,1788738386.017
27.842,5.8074,4.9667,0.0581,0.3883,-0.1661,1788738386.037
27.862,5.8152,4.9671,0.0548,0.3883,-0.1661,1788738386.057
27.882,5.8230,4.9675,0.0515,0.3883,-0.1661,1788738386.077
27.902,5.8307,4.9679,0.0482,0.3883,-0.1661,1788738386.097
27.922,5.8385,4.9682,0.0455,0.3905,-0.1329,1788738386.117
27.942,5.8463,4.9686,0.0429,0.3905,-0.1329,1788738386.137
27.962,5.8541,4.9689,0.0402,0.3905,-0.1329,1788738386.157
27.982,5.8619,4.9692,0.0375,0.3905,-0.1329,1788738386.177
28.002,5.8697,4.9694,0.0349,0.3905,-0.1329,1788738386.197
28.022,5.8775,4.9697,0.0319,0.3887,-0.1496,1788738386.217
28.042,5.8853,4.9699,0.0289,0.3887,-0.1496,1788738386.237
28.062,5.8930,4.9701,0.0259,0.3887,-0.1496,1788738386.257
28.082,5.9008,4.9703,0.0229,0.3887,-0.1496,1788738386.277
28.102,5.9086,4.9704,0.0199,0.3887,-0.1496,1788738386.297
28.122,5.9164,4.9706,0.0186,0.3924,-0.0638,1788738386.317
28.142,5.9243,4.9707,0.0174,0.3924,-0.0638,1788738386.337
28.162,5.9321,4.9709,0.0161,0.3924,-0.0638,1788738386.357
28.182,5.9400,4.9710,0.0148,0.3924,-0.0638,1788738386.377
28.203,5.9478,4.9711,0.0135,0.3924,-0.0638,1788738386.397
28.222,5.9557,4.9712,0.0133,0.3941,-0.0112,1788738386.417
28.242,5.9636,4.9713,0.0131,0.3941,-0.0112,1788738386.437
28.262,5.9715,4.9714,0.0129,0.3941,-0.0112,1788738386.457
28.282,5.9793,4.9715,0.0126,0.3941,-0.0112,1788738386.477
28.303,5.9872,4.9716,0.0124,0.3941,-0.0112,1788738386.497
28.322,5.9951,4.9717,0.0132,0.3913,0.0378,1788738386.517
28.342,6.0029,4.9718,0.0139,0.3913,0.0378,1788738386.537
28.362,6.0107,4.9719,0.0147,0.3913,0.0378,1788738386.557
28.382,6.0185,4.9720,0.0154,0.3913,0.0378,1788738386.577
28.402,6.0264,4.9722,0.0162,0.3913,0.0378,1788738386.597
28.422,6.0341,4.9723,0.0175,0.3884,0.0647,1788738386.617
28.442,6.0419,4.9724,0.0188,0.3884,0.0647,1788738386.637
28.462,6.0497,4.9726,0.0201,0.3884,0.0647,1788738386.657
28.482,6.0574,4.9728,0.0214,0.3884,0.0647,1788738386.677
28.502,6.0652,4.9729,0.0227,0.3884,0.0647,1788738386.697
28.522,6.0728,4.9731,0.0236,0.3834,0.0451,1788738386.717
28.542,6.0805,4.9733,0.0245,0.3834,0.0451,1788738386.737
28.563,6.0882,4.9735,0.0254,0.3834,0.0451,1788738386.757
28.582,6.0958,4.9737,0.0263,0.3834,0.0451,1788738386.777
28.602,6.1035,4.9739,0.0272,0.3834,0.0451,1788738386.797
28.622,6.1111,4.9741,0.0280,0.3810,0.0408,1788738386.817
28.642,6.1187,4.9743,0.0288,0.3810,0.0408,1788738386.837
28.662,6.1264,4.9746,0.0296,0.3810,0.0408,1788738386.857
28.682,6.1340,4.9748,0.0304,0.3810,0.0408,1788738386.877
28.702,6.1416,4.9750,0.0313,0.3810,0.0408,1788738386.897
28.722,6.1493,4.9753,0.0309,0.3879,-0.0165,1788738386.917
28.742,6.1571,4.9755,0.0306,0.3879,-0.0165,1788738386.937
28.763,6.1649,4.9757,0.0303,0.3879,-0.0165,1788738386.957
28.782,6.1726,4.9760,0.0299,0.3879,-0.0165,1788738386.977
28.802,6.1804,4.9762,0.0296,0.3879,-0.0165,1788738386.997
28.822,6.1882,4.9764,0.0296,0.3901,0.0002,1788738387.017
28.842,6.1960,4.9767,0.0296,0.3901,0.0002,1788738387.037
28.862,6.2038,4.9769,0.0296,0.3901,0.0002,1788738387.057
28.882,6.2116,4.9771,0.0296,0.3901,0.0002,1788738387.077
28.902,6.2194,4.9774,0.0296,0.3901,0.0002,1788738387.097
28.922,6.2270,4.9776,0.0289,0.3808,-0.0343,1788738387.117
28.942,6.2346,4.9778,0.0283,0.3808,-0.0343,1788738387.137
28.962,6.2422,4.9780,0.0276,0.3808,-0.0343,1788738387.157
28.982,6.2498,4.9782,0.0269,0.3808,-0.0343,1788738387.177
29.002,6.2574,4.9784,0.0262,0.3808,-0.0343,1788738387.197
29.022,6.2651,4.9786,0.0244,0.3858,-0.0920,1788738387.217
29.042,6.2728,4.9788,0.0225,0.3858,-0.0920,1788738387.237
29.062,6.2806,4.9789,0.0207,0.3858,-0.0920,1788738387.257
29.082,6.2883,4.9791,0.0188,0.3858,-0.0920,1788738387.277
29.102,6.2960,4.9792,0.0170,0.3858,-0.0920,1788738387.297
29.122,6.3038,4.9793,0.0156,0.3932,-0.0708,1788738387.317
29.142,6.3117,4.9794,0.0142,0.3932,-0.0708,1788738387.337
29.162,6.3196,4.9795,0.0128,0.3932,-0.0708,1788738387.357
29.182,6.3274,4.9796,0.0113,0.3932,-0.0708,1788738387.377
29.202,6.3353,4.9797,0.0099,0.3932,-0.0708,1788738387.397
29.222,6.3430,4.9798,0.0084,0.3869,-0.0754,1788738387.417
29.242,6.3508,4.9798,0.0069,0.3869,-0.0754,1788738387.437
29.262,6.3585,4.9799,0.0054,0.3869,-0.0754,1788738387.457
29.282,6.3663,4.9799,0.0039,0.3869,-0.0754,1788738387.477
29.302,6.3740,4.9799,0.0024,0.3869,-0.0754,1788738387.497
29.322,6.3818,4.9799,0.0015,0.3900,-0.0423,1788738387.517
29.342,6.3896,4.9799,0.0007,0.3900,-0.0423,1788738387.537
29.362,6.3974,4.9799,-0.0002,0.3900,-0.0423,1788738387.557
29.382,6.4052,4.9799,-0.0010,0.3900,-0.0423,1788738387.577
29.402,6.4130,4.9799,-0.0018,0.3900,-0.0423,1788738387.597
29.422,6.4208,4.9799,-0.0014,0.3890,0.0235,1788738387.617
29.442,6.4286,4.9799,-0.0009,0.3890,0.0235,1788738387.637
29.462,6.4363,4.9799,-0.0004,0.3890,0.0235,1788738387.657
29.482,6.4441,4.9799,0.0000,0.3890,0.0235,1788738387.677
29.503,6.4519,4.9799,0.0005,0.3890,0.0235,1788738387.697
29.522,6.4596,4.9799,0.0015,0.3875,0.0516,1788738387.717
29.542,6.4674,4.9799,0.0026,0.3875,0.0516,1788738387.737
29.562,6.4751,4.9800,0.0036,0.3875,0.0516,1788738387.757
29.582,6.4829,4.9800,0.0046,0.3875,0.0516,1788738387.777
29.602,6.4906,4.9800,0.0057,0.3875,0.0516,1788738387.797
29.622,6.4985,4.9801,0.0075,0.3901,0.0893,1788738387.817
29.642,6.5063,4.9802,0.0092,0.3901,0.0893,1788738387.837
29.662,6.5141,4.9803,0.0110,0.3901,0.0893,1788738387.857
29.682,6.5219,4.9804,0.0128,0.3901,0.0893,1788738387.877
29.702,6.5297,4.9805,0.0146,0.3901,0.0893,1788738387.897
29.722,6.5375,4.9806,0.0159,0.3896,0.0653,1788738387.917
29.742,6.5452,4.9807,0.0172,0.3896,0.0653,1788738387.937
29.762,6.5530,4.9809,0.0185,0.3896,0.0653,1788738387.957
29.782,6.5608,4.9810,0.0198,0.3896,0.0653,1788738387.977
29.802,6.5686,4.9812,0.0211,0.3896,0.0653,1788738387.997
29.822,6.5764,4.9814,0.0224,0.3903,0.0614,1788738388.017
29.842,6.5842,4.9816,0.0236,0.3903,0.0614,1788738388.037
29.862,6.5920,4.9817,0.0248,0.3903,0.0614,1788738388.057
29.882,6.5998,4.9819,0.0260,0.3903,0.0614,1788738388.077
29.902,6.6076,4.9822,0.0273,0.3903,0.0614,1788738388.097
29.922,6.6153,4.9824,0.0282,0.3837,0.0463,1788738388.117
29.942,6.6230,4.9826,0.0291,0.3837,0.0463,1788738388.137
29.962,6.6306,4.9828,0.0300,0.3837,0.0463,1788738388.157
29.982,6.6383,4.9831,0.0310,0.3837,0.0463,1788738388.177
30.003,6.6460,4.9833,0.0319,0.3837,0.0463,1788738388.197
30.022,6.6538,4.9836,0.0327,0.3884,0.0400,1788738388.217
30.042,6.6615,4.9838,0.0335,0.3884,0.0400,1788738388.237
30.062,6.6693,4.9841,0.0343,0.3884,0.0400,1788738388.257
30.082,6.6770,4.9844,0.0351,0.3884,0.0400,1788738388.277
30.102,6.6848,4.9846,0.0359,0.3884,0.0400,1788738388.297
30.122,6.6926,4.9849,0.0361,0.3902,0.0114,1788738388.317
30.142,6.7004,4.9852,0.0364,0.3902,0.0114,1788738388.337
30.162,6.7082,4.9855,0.0366,0.3902,0.0114,1788738388.357
30.182,6.7160,4.9858,0.0368,0.3902,0.0114,1788738388.377
30.202,6.7238,4.9861,0.0370,0.3902,0.0114,1788738388.397
30.222,6.7315,4.9864,0.0368,0.3848,-0.0117,1788738388.417
30.242,6.7392,4.9866,0.0366,0.3848,-0.0117,1788738388.437
30.262,6.7469,4.9869,0.0363,0.3848,-0.0117,1788738388.457
30.282,6.7546,4.9872,0.0361,0.3848,-0.0117,1788738388.477
30.302,6.7623,4.9875,0.0359,0.3848,-0.0117,1788738388.497
30.322,6.7700,4.9877,0.0349,0.3864,-0.0499,1788738388.517
30.342,6.7777,4.9880,0.0339,0.3864,-0.0499,1788738388.537
30.362,6.7854,4.9883,0.0329,0.3864,-0.0499,1788738388.557
30.382,6.7931,4.9885,0.0319,0.3864,-0.0499,1788738388.577
30.402,6.8009,4.9887,0.0309,0.3864,-0.0499,1788738388.597
30.422,6.8086,4.9890,0.0291,0.3868,-0.0872,1788738388.617
30.442,6.8163,4.9892,0.0274,0.3868,-0.0872,1788738388.637
30.462,6.8241,4.9894,0.0256,0.3868,-0.0872,1788738388.657
30.482,6.8318,4.9896,0.0239,0.3868,-0.0872,1788738388.677
30.502,6.8395,4.9897,0.0222,0.3868,-0.0872,1788738388.697
30.522,6.8474,4.9899,0.0196,0.3925,-0.1288,1788738388.717
30.542,6.8552,4.9900,0.0170,0.3925,-0.1288,1788738388.737
30.562,6.8631,4.9901,0.0144,0.3925,-0.1288,1788738388.757
30.582,6.8709,4.9902,0.0119,0.3925,-0.1288,1788738388.777
30.602,6.8788,4.9903,0.0093,0.3925,-0.1288,1788738388.797
30.622,6.8866,4.9904,0.0071,0.3893,-0.1112,1788738388.817
30.642,6.8944,4.9904,0.0048,0.3893,-0.1112,1788738388.837
30.663,6.9022,4.9904,0.0026,0.3893,-0.1112,1788738388.857
30.682,6.9099,4.9904,0.0004,0.3893,-0.1112,1788738388.877
30.702,6.9177,4.9904,-0.0018,0.3893,-0.1112,1788738388.897
30.722,6.9255,4.9904,-0.0036,0.3906,-0.0874,1788738388.917
30.742,6.9333,4.9903,-0.0053,0.3906,-0.0874,1788738388.937
30.762,6.9412,4.9903,-0.0071,0.3906,-0.0874,1788738388.957
30.782,6.9490,4.9902,-0.0088,0.3906,-0.0874,1788738388.977
30.802,6.9568,4.9901,-0.0106,0.3906,-0.0874,1788738388.997
30.822,6.9646,4.9900,-0.0119,0.3935,-0.0648,1788738389.017
30.842,6.9725,4.9899,-0.0132,0.3935,-0.0648,1788738389.037
30.862,6.9804,4.9898,-0.0145,0.3935,-0.0648,1788738389.057
30.882,6.9883,4.9897,-0.0158,0.3935,-0.0648,1788738389.077
30.902,6.9961,4.9896,-0.0171,0.3935,-0.0648,1788738389.097
30.922,7.0040,4.9894,-0.0182,0.3932,-0.0553,1788738389.117
30.942,7.0118,4.9893,-0.0193,0.3932,-0.0553,1788738389.137
30.962,7.0197,4.9891,-0.0204,0.3932,-0.0553,1788738389.157
30.982,7.0276,4.9889,-0.0215,0.3932,-0.0553,1788738389.177
31.002,7.0354,4.9888,-0.0226,0.3932,-0.0553,1788738389.197
31.022,7.0431,4.9886,-0.0225,0.3849,0.0023,1788738389.217
31.042,7.0508,4.9884,-0.0225,0.3849,0.0023,1788738389.237
31.062,7.0585,4.9882,-0.0225,0.3849,0.0023,1788738389.257
31.082,7.0662,4.9881,-0.0224,0.3849,0.0023,1788738389.277
31.102,7.0739,4.9879,-0.0224,0.3849,0.0023,1788738389.297
31.122,7.0815,4.9877,-0.0220,0.3811,0.0169,1788738389.317
31.142,7.0892,4.9876,-0.0217,0.3811,0.0169,1788738389.337
31.162,7.0968,4.9874,-0.0213,0.3811,0.0169,1788738389.357
31.182,7.1044,4.9872,-0.0210,0.3811,0.0169,1788738389.377
31.202,7.1120,4.9871,-0.0207,0.3811,0.0169,1788738389.397
31.222,7.1197,4.9869,-0.0199,0.3829,0.0400,1788738389.417
31.242,7.1273,4.9868,-0.0191,0.3829,0.0400,1788738389.437
31.262,7.1350,4.9866,-0.0183,0.3829,0.0400,1788738389.457
31.282,7.1426,4.9865,-0.0175,0.3829,0.0400,1788738389.477
31.302,7.1503,4.9864,-0.0167,0.3829,0.0400,1788738389.497
31.322,7.1580,4.9863,-0.0159,0.3865,0.0399,1788738389.517
31.342,7.1658,4.9861,-0.0151,0.3865,0.0399,1788738389.537
31.363,7.1735,4.9860,-0.0143,0.3865,0.0399,1788738389.557
31.382,7.1812,4.9859,-0.0135,0.3865,0.0399,1788738389.577
31.402,7.1890,4.9858,-0.0127,0.3865,0.0399,1788738389.597
31.422,7.1968,4.9857,-0.0125,0.3921,0.0113,1788738389.617
31.442,7.2046,4.9856,-0.0122,0.3921,0.0113,1788738389.637
31.462,7.2125,4.9855,-0.0120,0.3921,0.0113,1788738389.657
31.482,7.2203,4.9854,-0.0118,0.3921,0.0113,1788738389.677
31.502,7.2282,4.9854,-0.0115,0.3921,0.0113,1788738389.697
31.522,7.2359,4.9853,-0.0114,0.3854,0.0093,1788738389.717
31.542,7.2436,4.9852,-0.0112,0.3854,0.0093,1788738389.737
31.562,7.2513,4.9851,-0.0110,0.3854,0.0093,1788738389.757
31.582,7.2590,4.9850,-0.0108,0.3854,0.0093,1788738389.777
31.602,7.2667,4.9849,-0.0106,0.3854,0.0093,1788738389.797
31.622,7.2745,4.9848,-0.0106,0.3886,-0.0006,1788738389.817
31.642,7.2822,4.9848,-0.0106,0.3886,-0.0006,1788738389.837
31.662,7.2900,4.9847,-0.0106,0.3886,-0.0006,1788738389.857
31.682,7.2978,4.9846,-0.0107,0.3886,-0.0006,1788738389.877
31.702,7.3056,4.9845,-0.0107,0.3886,-0.0006,1788738389.897
31.722,7.3134,4.9844,-0.0100,0.3929,0.0318,1788738389.917
31.742,7.3213,4.9844,-0.0094,0.3929,0.0318,1788738389.937
31.762,7.3291,4.9843,-0.0088,0.3929,0.0318,1788738389.957
31.782,7.3370,4.9842,-0.0081,0.3929,0.0318,1788738389.977
31.802,7.3448,4.9842,-0.0075,0.3929,0.0318,1788738389.997
31.822,7.3526,4.9841,-0.0066,0.3894,0.0434,1788738390.017
31.842,7.3604,4.9841,-0.0058,0.3894,0.0434,1788738390.037
31.862,7.3682,4.9840,-0.0049,0.3894,0.0434,1788738390.057
31.882,7.3760,4.9840,-0.0040,0.3894,0.0434,1788738390.077
31.902,7.3838,4.9840,-0.0032,0.3894,0.0434,1788738390.097
31.922,7.3916,4.9840,-0.0024,0.3894,0.0371,1788738390.117
31.942,7.3994,4.9839,-0.0017,0.3894,0.0371,1788738390.137
31.962,7.4072,4.9839,-0.0009,0.3894,0.0371,1788738390.157
31.982,7.4149,4.9839,-0.0002,0.3894,0.0371,1788738390.177
32.002,7.4227,4.9839,0.0006,0.3894,0.0371,1788738390.197
32.022,7.4305,4.9840,0.0022,0.3871,0.0832,1788738390.217
32.042,7.4382,4.9840,0.0039,0.3871,0.0832,1788738390.237
32.063,7.4460,4.9840,0.0055,0.3871,0.0832,1788738390.257
32.082,7.4537,4.9841,0.0072,0.3871,0.0832,1788738390.277
32.102,7.4614,4.9842,0.0089,0.3871,0.0832,1788738390.297
32.122,7.4692,4.9842,0.0107,0.3862,0.0901,1788738390.317
32.142,7.4769,4.9843,0.0125,0.3862,0.0901,1788738390.337
32.162,7.4846,4.9844,0.0143,0.3862,0.0901,1788738390.357
32.182,7.4923,4.9846,0.0161,0.3862,0.0901,1788738390.377
32.202,7.5001,4.9847,0.0179,0.3862,0.0901,1788738390.397
32.222,7.5079,4.9849,0.0199,0.3911,0.1022,1788738390.417
32.242,7.5157,4.9850,0.0220,0.3911,0.1022,1788738390.437
32.262,7.5235,4.9852,0.0240,0.3911,0.1022,1788738390.457
32.282,7.5313,4.9854,0.0261,0.3911,0.1022,1788738390.477
32.303,7.5391,4.9856,0.0281,0.3911,0.1022,1788738390.497
32.322,7.5469,4.9859,0.0307,0.3899,0.1302,1788738390.517
32.342,7.5547,4.9861,0.0333,0.3899,0.1302,1788738390.537
32.362,7.5625,4.9864,0.0359,0.3899,0.1302,1788738390.557
32.382,7.5703,4.9867,0.0385,0.3899,0.1302,1788738390.577
32.402,7.5781,4.9870,0.0411,0.3899,0.1302,1788738390.597
32.422,7.5859,4.9874,0.0432,0.3885,0.1025,1788738390.617
32.442,7.5936,4.9877,0.0452,0.3885,0.1025,1788738390.637
32.462,7.6014,4.9881,0.0473,0.3885,0.1025,1788738390.657
32.482,7.6092,4.9885,0.0493,0.3885,0.1025,1788738390.677
32.502,7.6169,4.9889,0.0514,0.3885,0.1025,1788738390.697
32.522,7.6244,4.9893,0.0528,0.3751,0.0704,1788738390.717
32.542,7.6319,4.9897,0.0542,0.3751,0.0704,1788738390.737
32.562,7.6394,4.9901,0.0556,0.3751,0.0704,1788738390.757
32.582,7.6469,4.9905,0.0570,0.3751,0.0704,1788738390.777
32.603,7.6544,4.9910,0.0584,0.3751,0.0704,1788738390.797
32.622,7.6619,4.9914,0.0587,0.3784,0.0131,1788738390.817
32.642,7.6695,4.9919,0.0589,0.3784,0.0131,1788738390.837
32.662,7.6770,4.9923,0.0592,0.3784,0.0131,1788738390.857
32.682,7.6846,4.9928,0.0595,0.3784,0.0131,1788738390.877
32.702,7.6921,4.9932,0.0597,0.3784,0.0131,1788738390.897
32.722,7.6997,4.9937,0.0591,0.3777,-0.0332,1788738390.917
32.742,7.7072,4.9941,0.0584,0.3777,-0.0332,1788738390.937
32.762,7.7148,4.9945,0.0577,0.3777,-0.0332,1788738390.957
32.782,7.7223,4.9950,0.0571,0.3777,-0.0332,1788738390.977
32.802,7.7298,4.9954,0.0564,0.3777,-0.0332,1788738390.997
32.822,7.7372,4.9958,0.0549,0.3706,-0.0743,1788738391.017
32.842,7.7446,4.9962,0.0534,0.3706,-0.0743,1788738391.037
32.862,7.7520,4.9966,0.0519,0.3706,-0.0743,1788738391.057
32.882,7.7595,4.9969,0.0505,0.3706,-0.0743,1788738391.077
32.902,7.7669,4.9973,0.0490,0.3706,-0.0743,1788738391.097
32.922,7.7740,4.9976,0.0471,0.3558,-0.0929,1788738391.117
32.942,7.7811,4.9980,0.0453,0.3558,-0.0929,1788738391.137
32.962,7.7882,4.9983,0.0434,0.3558,-0.0929,1788738391.157
32.982,7.7953,4.9986,0.0415,0.3558,-0.0929,1788738391.177
33.002,7.8024,4.9989,0.0397,0.3558,-0.0929,1788738391.197
33.022,7.8093,4.9991,0.0379,0.3458,-0.0904,1788738391.217
33.042,7.8162,4.9994,0.0361,0.3458,-0.0904,1788738391.237
33.062,7.8231,4.9996,0.0343,0.3458,-0.0904,1788738391.257
33.082,7.8300,4.9998,0.0324,0.3458,-0.0904,1788738391.277
33.102,7.8370,5.0000,0.0306,0.3458,-0.0904,1788738391.297
33.122,7.8440,5.0002,0.0289,0.3514,-0.0876,1788738391.317
33.142,7.8510,5.0004,0.0271,0.3514,-0.0876,1788738391.337
33.162,7.8580,5.0006,0.0254,0.3514,-0.0876,1788738391.357
33.182,7.8651,5.0008,0.0236,0.3514,-0.0876,1788738391.377
33.202,7.8721,5.0009,0.0219,0.3514,-0.0876,1788738391.397
33.222,7.8791,5.0011,0.0197,0.3514,-0.1081,1788738391.417
33.242,7.8861,5.0012,0.0176,0.3514,-0.1081,1788738391.437
33.262,7.8932,5.0013,0.0154,0.3514,-0.1081,1788738391.457
33.282,7.9002,5.0014,0.0132,0.3514,-0.1081,1788738391.477
33.302,7.9072,5.0015,0.0111,0.3514,-0.1081,1788738391.497
33.322,7.9142,5.0015,0.0086,0.3466,-0.1223,1788738391.517
33.342,7.9211,5.0016,0.0062,0.3466,-0.1223,1788738391.537
33.362,7.9280,5.0016,0.0037,0.3466,-0.1223,1788738391.557
33.382,7.9350,5.0016,0.0013,0.3466,-0.1223,1788738391.577
33.402,7.9419,5.0016,-0.0012,0.3466,-0.1223,1788738391.597
33.422,7.9488,5.0016,-0.0031,0.3462,-0.0983,1788738391.617
33.442,7.9557,5.0015,-0.0051,0.3462,-0.0983,1788738391.637
33.462,7.9627,5.0015,-0.0071,0.3462,-0.0983,1788738391.657
33.482,7.9696,5.0014,-0.0090,0.3462,-0.0983,1788738391.677
33.502,7.9765,5.0014,-0.0110,0.3462,-0.0983,1788738391.697
33.522,7.9834,5.0013,-0.0120,0.3430,-0.0492,1788738391.717
33.542,7.9902,5.0012,-0.0130,0.3430,-0.0492,1788738391.737
33.562,7.9971,5.0011,-0.0139,0.3430,-0.0492,1788738391.757
33.582,8.0039,5.0010,-0.0149,0.3430,-0.0492,1788738391.777
33.602,8.0108,5.0009,-0.0159,0.3430,-0.0492,1788738391.797
33.622,8.0176,5.0008,-0.0156,0.3422,0.0167,1788738391.817
33.642,8.0245,5.0007,-0.0152,0.3422,0.0167,1788738391.837
33.662,8.0313,5.0006,-0.0149,0.3422,0.0167,1788738391.857
33.682,8.0382,5.0005,-0.0146,0.3422,0.0167,1788738391.877
33.702,8.0450,5.0004,-0.0142,0.3422,0.0167,1788738391.897
33.722,8.0517,5.0003,-0.0129,0.3357,0.0677,1788738391.917
33.742,8.0584,5.0002,-0.0115,0.3357,0.0677,1788738391.937
33.762,8.0652,5.0001,-0.0102,0.3357,0.0677,1788738391.957
33.782,8.0719,5.0001,-0.0088,0.3357,0.0677,1788738391.977
33.802,8.0786,5.0000,-0.0075,0.3357,0.0677,1788738391.997
33.822,8.0853,5.0000,-0.0053,0.3335,0.1087,1788738392.017
33.842,8.0919,5.0000,-0.0031,0.3335,0.1087,1788738392.037
33.862,8.0986,5.0000,-0.0009,0.3335,0.1087,1788738392.057
33.882,8.1053,5.0000,0.0012,0.3335,0.1087,1788738392.077
33.902,8.1119,5.0000,0.0034,0.3335,0.1087,1788738392.097
33.922,8.1185,5.0000,0.0053,0.3299,0.0953,1788738392.117
33.942,8.1251,5.0001,0.0072,0.3299,0.0953,1788738392.137
33.962,8.1317,5.0001,0.0091,0.3299,0.0953,1788738392.157
33.982,8.1383,5.0002,0.0110,0.3299,0.0953,1788738392.177
34.002,8.1449,5.0003,0.0129,0.3299,0.0953,1788738392.197
34.022,8.1512,5.0004,0.0147,0.3150,0.0901,1788738392.217
34.042,8.1575,5.0005,0.0165,0.3150,0.0901,1788738392.237
34.062,8.1638,5.0006,0.0183,0.3150,0.0901,1788738392.257
34.082,8.1701,5.0007,0.0201,0.3150,0.0901,1788738392.277
34.102,8.1764,5.0009,0.0219,0.3150,0.0901,1788738392.297
34.122,8.1826,5.0010,0.0233,0.3103,0.0661,1788738392.317
34.142,8.1888,5.0012,0.0246,0.3103,0.0661,1788738392.337
34.162,8.1950,5.0013,0.0259,0.3103,0.0661,1788738392.357
34.182,8.2012,5.0015,0.0272,0.3103,0.0661,1788738392.377
34.202,8.2074,5.0017,0.0286,0.3103,0.0661,1788738392.397
34.222,8.2135,5.0019,0.0298,0.3043,0.0595,1788738392.417
34.242,8.2196,5.0020,0.0309,0.3043,0.0595,1788738392.437
34.262,8.2257,5.0022,0.0321,0.3043,0.0595,1788738392.457
34.282,8.2318,5.0024,0.0333,0.3043,0.0595,1788738392.477
34.302,8.2379,5.0027,0.0345,0.3043,0.0595,1788738392.497
34.322,8.2438,5.0029,0.0352,0.2967,0.0338,1788738392.517
34.342,8.2497,5.0031,0.0359,0.2967,0.0338,1788738392.537
34.362,8.2557,5.0033,0.0365,0.2967,0.0338,1788738392.557
34.382,8.2616,5.0035,0.0372,0.2967,0.0338,1788738392.577
34.402,8.2675,5.0037,0.0379,0.2967,0.0338,1788738392.597
34.422,8.2733,5.0040,0.0380,0.2893,0.0078,1788738392.617
34.442,8.2791,5.0042,0.0382,0.2893,0.0078,1788738392.637
34.462,8.2849,5.0044,0.0384,0.2893,0.0078,1788738392.657
34.482,8.2906,5.0046,0.0385,0.2893,0.0078,1788738392.677
34.502,8.2964,5.0048,0.0387,0.2893,0.0078,1788738392.697
34.522,8.3020,5.0051,0.0383,0.2811,-0.0186,1788738392.717
34.542,8.3077,5.0053,0.0379,0.2811,-0.0186,1788738392.737
34.562,8.3133,5.0055,0.0376,0.2811,-0.0186,1788738392.757
34.582,8.3189,5.0057,0.0372,0.2811,-0.0186,1788738392.777
34.602,8.3245,5.0059,0.0368,0.2811,-0.0186,1788738392.797
34.622,8.3298,5.0061,0.0357,0.2653,-0.0576,1788738392.817
34.642,8.3351,5.0063,0.0345,0.2653,-0.0576,1788738392.837
34.662,8.3404,5.0065,0.0334,0.2653,-0.0576,1788738392.857
34.682,8.3457,5.0066,0.0322,0.2653,-0.0576,1788738392.877
34.702,8.3510,5.0068,0.0311,0.2653,-0.0576,1788738392.897
34.722,8.3563,5.0069,0.0297,0.2627,-0.0686,1788738392.917
34.742,8.3615,5.0071,0.0283,0.2627,-0.0686,1788738392.937
34.762,8.3668,5.0072,0.0269,0.2627,-0.0686,1788738392.957
34.782,8.3720,5.0074,0.0256,0.2627,-0.0686,1788738392.977
34.802,8.3773,5.0075,0.0242,0.2627,-0.0686,1788738392.997
34.822,8.3823,5.0076,0.0220,0.2506,-0.1092,1788738393.017
34.842,8.3873,5.0077,0.0198,0.2506,-0.1092,1788738393.037
34.862,8.3923,5.0078,0.0176,0.2506,-0.1092,1788738393.057
34.882,8.3973,5.0079,0.0155,0.2506,-0.1092,1788738393.077
34.902,8.4023,5.0079,0.0133,0.2506,-0.1092,1788738393.097
34.922,8.4072,5.0080,0.0111,0.2436,-0.1081,1788738393.117
34.942,8.4121,5.0080,0.0090,0.2436,-0.1081,1788738393.137
34.962,8.4170,5.0081,0.0068,0.2436,-0.1081,1788738393.157
34.982,8.4218,5.0081,0.0046,0.2436,-0.1081,1788738393.177
35.002,8.4267,5.0081,0.0025,0.2436,-0.1081,1788738393.197
35.022,8.4312,5.0081,0.0004,0.2251,-0.1052,1788738393.217
35.043,8.4357,5.0081,-0.0017,0.2251,-0.1052,1788738393.237
35.062,8.4402,5.0081,-0.0038,0.2251,-0.1052,1788738393.257
35.082,8.4447,5.0081,-0.0060,0.2251,-0.1052,1788738393.277
35.102,8.4492,5.0080,-0.0081,0.2251,-0.1052,1788738393.297
35.122,8.4535,5.0080,-0.0095,0.2130,-0.0734,1788738393.317
35.142,8.4577,5.0079,-0.0110,0.2130,-0.0734,1788738393.337
35.162,8.4620,5.0079,-0.0125,0.2130,-0.0734,1788738393.357
35.182,8.4663,5.0078,-0.0139,0.2130,-0.0734,1788738393.377
35.202,8.4705,5.0078,-0.0154,0.2130,-0.0734,1788738393.397
35.222,8.4743,5.0077,-0.0169,0.1887,-0.0731,1788738393.417
35.242,8.4781,5.0076,-0.0183,0.1887,-0.0731,1788738393.437
35.262,8.4818,5.0075,-0.0198,0.1887,-0.0731,1788738393.457
35.282,8.4856,5.0075,-0.0212,0.1887,-0.0731,1788738393.477
35.302,8.4894,5.0074,-0.0227,0.1887,-0.0731,1788738393.497
35.322,8.4929,5.0073,-0.0234,0.1735,-0.0365,1788738393.517
35.342,8.4963,5.0072,-0.0242,0.1735,-0.0365,1788738393.537
35.362,8.4998,5.0071,-0.0249,0.1735,-0.0365,1788738393.557
35.382,8.5033,5.0070,-0.0256,0.1735,-0.0365,1788738393.577
35.403,8.5067,5.0069,-0.0264,0.1735,-0.0365,1788738393.597
35.422,8.5099,5.0069,-0.0268,0.1600,-0.0208,1788738393.617
35.442,8.5131,5.0068,-0.0272,0.1600,-0.0208,1788738393.637
35.462,8.5163,5.0067,-0.0276,0.1600,-0.0208,1788738393.657
35.483,8.5195,5.0066,-0.0280,0.1600,-0.0208,1788738393.677
35.502,8.5227,5.0065,-0.0284,0.1600,-0.0208,1788738393.697
35.522,8.5254,5.0064,-0.0286,0.1347,-0.0088,1788738393.717
35.542,8.5281,5.0064,-0.0288,0.1347,-0.0088,1788738393.737
35.562,8.5308,5.0063,-0.0290,0.1347,-0.0088,1788738393.757
35.582,8.5335,5.0062,-0.0291,0.1347,-0.0088,1788738393.777
35.602,8.5362,5.0061,-0.0293,0.1347,-0.0088,1788738393.797
35.622,8.5383,5.0061,-0.0291,0.1077,0.0127,1788738393.817
35.642,8.5405,5.0060,-0.0288,0.1077,0.0127,1788738393.837
35.662,8.5426,5.0059,-0.0286,0.1077,0.0127,1788738393.857
35.682,8.5448,5.0059,-0.0283,0.1077,0.0127,1788738393.877
35.702,8.5469,5.0058,-0.0280,0.1077,0.0127,1788738393.897
35.722,8.5488,5.0058,-0.0273,0.0915,0.0382,1788738393.917
35.742,8.5506,5.0057,-0.0265,0.0915,0.0382,1788738393.937
35.762,8.5524,5.0057,-0.0258,0.0915,0.0382,1788738393.957
35.782,8.5543,5.0056,-0.0250,0.0915,0.0382,1788738393.977
35.802,8.5561,5.0056,-0.0242,0.0915,0.0382,1788738393.997
35.822,8.5561,5.0056,-0.0242,0.0000,0.0000,1788738394.017
35.842,8.5561,5.0056,-0.0242,0.0000,0.0000,1788738394.037
35.862,8.5561,5.0056,-0.0242,0.0000,0.0000,1788738394.057
35.882,8.5561,5.0056,-0.0242,0.0000,0.0000,1788738394.077
35.902,8.5561,5.0056,-0.0242,0.0000,0.0000,1788738394.097
35.922,8.5561,5.0056,-0.0242,0.0000,0.0000,1788738394.117
