t,x,y,yaw,v,w,t_abs
0.032,1.2000,5.0000,0.0000,0.0000,0.0000,1788374203.557
0.052,1.2000,5.0000,0.0000,0.0000,0.0000,1788374203.577
0.072,1.2000,5.0000,0.0000,0.0000,0.0000,1788374203.597
0.092,1.2000,5.0000,0.0000,0.0000,0.0000,1788374203.617
0.112,1.2000,5.0000,0.0000,0.0000,0.0000,1788374203.637
0.132,1.2000,5.0000,0.0000,0.0000,0.0000,1788374203.658
0.152,1.2000,5.0000,0.0000,0.0000,0.0000,1788374203.677
0.172,1.2000,5.0000,0.0000,0.0000,0.0000,1788374203.697
0.192,1.2000,5.0000,0.0000,0.0000,0.0000,1788374203.717
0.212,1.2000,5.0000,0.0000,0.0000,0.0000,1788374203.738
0.233,1.2000,5.0000,0.0000,0.0000,0.0000,1788374203.758
0.252,1.2000,5.0000,0.0000,0.0000,0.0000,1788374203.777
0.272,1.2000,5.0000,0.0000,0.0000,0.0000,1788374203.798
0.292,1.2000,5.0000,0.0000,0.0000,0.0000,1788374203.817
0.313,1.2000,5.0000,0.0000,0.0000,0.0000,1788374203.839
0.332,1.2000,5.0000,0.0000,0.0000,0.0000,1788374203.858
0.352,1.2000,5.0000,0.0000,0.0000,0.0000,1788374203.877
0.372,1.2000,5.0000,0.0000,0.0000,0.0000,1788374203.897
0.393,1.2000,5.0000,0.0000,0.0000,0.0000,1788374203.918
0.413,1.2000,5.0000,0.0000,0.0000,0.0000,1788374203.938
0.432,1.2000,5.0000,0.0000,0.0000,0.0000,1788374203.957
0.452,1.2000,5.0000,0.0000,0.0000,0.0000,1788374203.977
0.472,1.2000,5.0000,0.0000,0.0000,0.0000,1788374203.997
0.492,1.2000,5.0000,0.0000,0.0000,0.0000,1788374204.017
0.513,1.2000,5.0000,0.0000,0.0000,0.0000,1788374204.039
0.532,1.2000,5.0000,0.0000,0.0000,0.0000,1788374204.057
0.552,1.2000,5.0000,0.0000,0.0000,0.0000,1788374204.077
0.572,1.2000,5.0000,0.0000,0.0000,0.0000,1788374204.097
0.592,1.2000,5.0000,0.0000,0.0000,0.0000,1788374204.117
0.612,1.2000,5.0000,0.0000,0.0000,0.0000,1788374204.137
0.633,1.2000,5.0000,0.0000,0.0000,0.0000,1788374204.158
0.652,1.2000,5.0000,0.0000,0.0000,0.0000,1788374204.177
0.672,1.2000,5.0000,0.0000,0.0000,0.0000,1788374204.197
0.692,1.2000,5.0000,0.0000,0.0000,0.0000,1788374204.217
0.712,1.2000,5.0000,0.0000,0.0000,0.0000,1788374204.237
0.732,1.2000,5.0000,0.0000,0.0000,0.0000,1788374204.257
0.753,1.2000,5.0000,0.0000,0.0000,0.0000,1788374204.278
0.772,1.2000,5.0000,0.0000,0.0000,0.0000,1788374204.297
0.792,1.2000,5.0000,0.0000,0.0000,0.0000,1788374204.317
0.813,1.2000,5.0000,0.0000,0.0000,0.0000,1788374204.338
0.832,1.2000,5.0000,0.0000,0.0000,0.0000,1788374204.357
0.852,1.2000,5.0000,0.0000,0.0000,0.0000,1788374204.377
0.873,1.2000,5.0000,0.0000,0.0000,0.0000,1788374204.399
0.892,1.2000,5.0000,0.0000,0.0000,0.0000,1788374204.417
0.912,1.2000,5.0000,0.0000,0.0000,0.0000,1788374204.437
0.932,1.2000,5.0000,0.0000,0.0000,0.0000,1788374204.457
0.952,1.2000,5.0000,0.0000,0.0000,0.0000,1788374204.477
0.972,1.2000,5.0000,0.0000,0.0000,0.0000,1788374204.497
0.992,1.2000,5.0000,0.0000,0.0000,0.0000,1788374204.517
1.012,1.2000,5.0000,0.0000,0.0000,0.0000,1788374204.537
1.032,1.2000,5.0000,0.0000,0.0000,0.0000,1788374204.558
1.053,1.2000,5.0000,0.0000,0.0000,0.0000,1788374204.578
1.072,1.2000,5.0000,0.0000,0.0000,0.0000,1788374204.597
1.092,1.2000,5.0000,0.0000,0.0000,0.0000,1788374204.617
1.113,1.2000,5.0000,0.0000,0.0000,0.0000,1788374204.638
1.132,1.2000,5.0000,0.0000,0.0000,0.0000,1788374204.657
1.152,1.2000,5.0000,0.0000,0.0000,0.0000,1788374204.678
1.172,1.2000,5.0000,0.0000,0.0000,0.0000,1788374204.697
1.193,1.2000,5.0000,0.0000,0.0000,0.0000,1788374204.718
1.213,1.2000,5.0000,0.0000,0.0000,0.0000,1788374204.738
1.232,1.2000,5.0000,0.0000,0.0000,0.0000,1788374204.757
1.252,1.2000,5.0000,0.0000,0.0000,0.0000,1788374204.778
1.272,1.2000,5.0000,0.0000,0.0000,0.0000,1788374204.798
1.293,1.2000,5.0000,0.0000,0.0000,0.0000,1788374204.819
1.312,1.2000,5.0000,0.0000,0.0000,0.0000,1788374204.837
1.332,1.2000,5.0000,0.0000,0.0000,0.0000,1788374204.857
1.352,1.2000,5.0000,0.0000,0.0000,0.0000,1788374204.877
1.372,1.2000,5.0000,0.0000,0.0000,0.0000,1788374204.897
1.392,1.2000,5.0000,0.0000,0.0000,0.0000,1788374204.917
1.412,1.2000,5.0000,0.0000,0.0000,0.0000,1788374204.937
1.433,1.2000,5.0000,0.0000,0.0000,0.0000,1788374204.958
1.452,1.2000,5.0000,0.0000,0.0000,0.0000,1788374204.977
1.473,1.2000,5.0000,0.0000,0.0000,0.0000,1788374204.998
1.492,1.2000,5.0000,0.0000,0.0000,0.0000,1788374205.017
1.512,1.2000,5.0000,0.0000,0.0000,0.0000,1788374205.037
1.533,1.2000,5.0000,0.0000,0.0000,0.0000,1788374205.058
1.552,1.2000,5.0000,0.0000,0.0000,0.0000,1788374205.077
1.572,1.2000,5.0000,0.0000,0.0000,0.0000,1788374205.098
1.592,1.2000,5.0000,0.0000,0.0000,0.0000,1788374205.117
1.612,1.2000,5.0000,0.0000,0.0000,0.0000,1788374205.137
1.632,1.2000,5.0000,0.0000,0.0000,0.0000,1788374205.157
1.652,1.2000,5.0000,0.0000,0.0000,0.0000,1788374205.177
1.672,1.2000,5.0000,0.0000,0.0000,0.0000,1788374205.197
1.692,1.2000,5.0000,0.0000,0.0000,0.0000,1788374205.217
1.712,1.2000,5.0000,0.0000,0.0000,0.0000,1788374205.237
1.732,1.2000,5.0000,0.0000,0.0000,0.0000,1788374205.257
1.752,1.2000,5.0000,0.0000,0.0000,0.0000,1788374205.277
1.772,1.2000,5.0000,0.0000,0.0000,0.0000,1788374205.297
1.792,1.2000,5.0000,0.0000,0.0000,0.0000,1788374205.318
1.812,1.2000,5.0000,0.0000,0.0000,0.0000,1788374205.337
1.832,1.2000,5.0000,0.0000,0.0000,0.0000,1788374205.358
1.852,1.2000,5.0000,0.0000,0.0000,0.0000,1788374205.377
1.872,1.2000,5.0000,0.0000,0.0000,0.0000,1788374205.397
1.892,1.2000,5.0000,0.0000,0.0000,0.0000,1788374205.417
1.912,1.2000,5.0000,0.0000,0.0000,0.0000,1788374205.437
1.932,1.2000,5.0000,0.0000,0.0000,0.0000,1788374205.457
1.952,1.2000,5.0000,0.0000,0.0000,0.0000,1788374205.478
1.973,1.2000,5.0000,0.0000,0.0000,0.0000,1788374205.498
1.992,1.2000,5.0000,0.0000,0.0000,0.0000,1788374205.517
2.012,1.2000,5.0000,0.0000,0.0000,0.0000,1788374205.537
2.033,1.2000,5.0000,0.0000,0.0000,0.0000,1788374205.558
2.052,1.2000,5.0000,0.0000,0.0000,0.0000,1788374205.578
2.072,1.2000,5.0000,0.0000,0.0000,0.0000,1788374205.597
2.092,1.2000,5.0000,0.0000,0.0000,0.0000,1788374205.617
2.112,1.2000,5.0000,0.0000,0.0000,0.0000,1788374205.637
2.132,1.2000,5.0000,0.0000,0.0000,0.0000,1788374205.658
2.152,1.2000,5.0000,0.0000,0.0000,0.0000,1788374205.677
2.172,1.2000,5.0000,0.0000,0.0000,0.0000,1788374205.697
2.192,1.2000,5.0000,0.0000,0.0000,0.0000,1788374205.718
2.212,1.2000,5.0000,0.0000,0.0000,0.0000,1788374205.737
2.233,1.2000,5.0000,0.0000,0.0000,0.0000,1788374205.758
2.252,1.2000,5.0000,0.0000,0.0000,0.0000,1788374205.777
2.272,1.2000,5.0000,0.0000,0.0000,0.0000,1788374205.798
2.292,1.2000,5.0000,0.0000,0.0000,0.0000,1788374205.818
2.312,1.2000,5.0000,0.0000,0.0000,0.0000,1788374205.837
2.332,1.2000,5.0000,0.0000,0.0000,0.0000,1788374205.857
2.352,1.2000,5.0000,0.0000,0.0000,0.0000,1788374205.877
2.372,1.2000,5.0000,0.0000,0.0000,0.0000,1788374205.897
2.392,1.2000,5.0000,0.0000,0.0000,0.0000,1788374205.917
2.412,1.2000,5.0000,0.0000,0.0000,0.0000,1788374205.937
2.432,1.2000,5.0000,0.0000,0.0000,0.0000,1788374205.957
2.452,1.2000,5.0000,0.0000,0.0000,0.0000,1788374205.978
2.472,1.2000,5.0000,0.0000,0.0000,0.0000,1788374205.997
2.492,1.2000,5.0000,0.0000,0.0000,0.0000,1788374206.017
2.512,1.2000,5.0000,0.0000,0.0000,0.0000,1788374206.037
2.532,1.2000,5.0000,0.0000,0.0000,0.0000,1788374206.057
2.553,1.2000,5.0000,0.0000,0.0000,0.0000,1788374206.078
2.573,1.2000,5.0000,0.0000,0.0000,0.0000,1788374206.098
2.593,1.2000,5.0000,0.0000,0.0000,0.0000,1788374206.118
2.612,1.2000,5.0000,0.0000,0.0000,0.0000,1788374206.137
2.633,1.2000,5.0000,0.0000,0.0000,0.0000,1788374206.158
2.652,1.2000,5.0000,0.0000,0.0000,0.0000,1788374206.177
2.672,1.2000,5.0000,0.0000,0.0000,0.0000,1788374206.198
2.693,1.2000,5.0000,0.0000,0.0000,0.0000,1788374206.219
2.712,1.2000,5.0000,0.0000,0.0000,0.0000,1788374206.237
2.732,1.2000,5.0000,0.0000,0.0000,0.0000,1788374206.258
2.752,1.2000,5.0000,0.0000,0.0000,0.0000,1788374206.277
2.773,1.2000,5.0000,0.0000,0.0000,0.0000,1788374206.298
2.792,1.2000,5.0000,0.0000,0.0000,0.0000,1788374206.318
2.812,1.2000,5.0000,0.0000,0.0000,0.0000,1788374206.337
2.833,1.2000,5.0000,0.0000,0.0000,0.0000,1788374206.358
2.852,1.2000,5.0000,0.0000,0.0000,0.0000,1788374206.377
2.872,1.2000,5.0000,0.0000,0.0000,0.0000,1788374206.397
2.892,1.2000,5.0000,0.0000,0.0000,0.0000,1788374206.417
2.912,1.2000,5.0000,0.0000,0.0000,0.0000,1788374206.437
2.933,1.2000,5.0000,0.0000,0.0000,0.0000,1788374206.459
2.952,1.2000,5.0000,0.0000,0.0000,0.0000,1788374206.477
2.973,1.2000,5.0000,0.0000,0.0000,0.0000,1788374206.498
2.993,1.2000,5.0000,0.0000,0.0000,0.0000,1788374206.518
3.012,1.2000,5.0000,0.0000,0.0000,0.0000,1788374206.538
3.033,1.2000,5.0000,0.0000,0.0000,0.0000,1788374206.558
3.053,1.2000,5.0000,0.0000,0.0000,0.0000,1788374206.579
3.073,1.2000,5.0000,0.0000,0.0000,0.0000,1788374206.598
3.092,1.2000,5.0000,0.0000,0.0000,0.0000,1788374206.618
3.112,1.2000,5.0000,0.0000,0.0000,0.0000,1788374206.637
3.133,1.2000,5.0000,0.0000,0.0000,0.0000,1788374206.658
3.152,1.2000,5.0000,0.0000,0.0000,0.0000,1788374206.677
3.172,1.2000,5.0000,0.0000,0.0000,0.0000,1788374206.697
3.192,1.2000,5.0000,0.0000,0.0000,0.0000,1788374206.718
3.212,1.2000,5.0000,0.0000,0.0000,0.0000,1788374206.737
3.232,1.2000,5.0000,0.0000,0.0000,0.0000,1788374206.757
3.252,1.2000,5.0000,0.0000,0.0000,0.0000,1788374206.778
3.273,1.2000,5.0000,0.0000,0.0000,0.0000,1788374206.798
3.292,1.2000,5.0000,0.0000,0.0000,0.0000,1788374206.817
3.313,1.2000,5.0000,0.0000,0.0000,0.0000,1788374206.838
3.332,1.2000,5.0000,0.0000,0.0000,0.0000,1788374206.857
3.352,1.2000,5.0000,0.0000,0.0000,0.0000,1788374206.877
3.373,1.2000,5.0000,0.0000,0.0000,0.0000,1788374206.898
3.393,1.2000,5.0000,0.0000,0.0000,0.0000,1788374206.918
3.412,1.2000,5.0000,0.0000,0.0000,0.0000,1788374206.937
3.433,1.2000,5.0000,0.0000,0.0000,0.0000,1788374206.958
3.452,1.2000,5.0000,0.0000,0.0000,0.0000,1788374206.977
3.472,1.2000,5.0000,0.0000,0.0000,0.0000,1788374206.997
3.492,1.2000,5.0000,0.0000,0.0000,0.0000,1788374207.018
3.512,1.2000,5.0000,0.0000,0.0000,0.0000,1788374207.037
3.532,1.2000,5.0000,0.0000,0.0000,0.0000,1788374207.057
3.553,1.2000,5.0000,0.0000,0.0000,0.0000,1788374207.078
3.573,1.2000,5.0000,0.0000,0.0000,0.0000,1788374207.098
3.592,1.2000,5.0000,0.0000,0.0000,0.0000,1788374207.117
3.612,1.2000,5.0000,0.0000,0.0000,0.0000,1788374207.137
3.633,1.2000,5.0000,0.0000,0.0000,0.0000,1788374207.158
3.653,1.2000,5.0000,0.0000,0.0000,0.0000,1788374207.179
3.672,1.2000,5.0000,0.0000,0.0000,0.0000,1788374207.197
3.693,1.2000,5.0000,0.0000,0.0000,0.0000,1788374207.218
3.712,1.2000,5.0000,0.0000,0.0000,0.0000,1788374207.237
3.732,1.2000,5.0000,0.0000,0.0000,0.0000,1788374207.257
3.752,1.2000,5.0000,0.0000,0.0000,0.0000,1788374207.278
3.772,1.2000,5.0000,0.0000,0.0000,0.0000,1788374207.297
3.792,1.2000,5.0000,0.0000,0.0000,0.0000,1788374207.317
3.812,1.2000,5.0000,0.0000,0.0000,0.0000,1788374207.337
3.832,1.2000,5.0000,0.0000,0.0000,0.0000,1788374207.357
3.852,1.2000,5.0000,0.0000,0.0000,0.0000,1788374207.377
3.872,1.2000,5.0000,0.0000,0.0000,0.0000,1788374207.397
3.892,1.2000,5.0000,0.0000,0.0000,0.0000,1788374207.417
3.912,1.2000,5.0000,0.0000,0.0000,0.0000,1788374207.437
3.932,1.2000,5.0000,0.0000,0.0000,0.0000,1788374207.457
3.952,1.2000,5.0000,0.0000,0.0000,0.0000,1788374207.477
3.973,1.2000,5.0000,0.0000,0.0000,0.0000,1788374207.498
3.992,1.2000,5.0000,0.0000,0.0000,0.0000,1788374207.518
4.012,1.2000,5.0000,0.0000,0.0000,0.0000,1788374207.537
4.032,1.2000,5.0000,0.0000,0.0000,0.0000,1788374207.558
4.052,1.2000,5.0000,0.0000,0.0000,0.0000,1788374207.577
4.072,1.2000,5.0000,0.0000,0.0000,0.0000,1788374207.597
4.093,1.2000,5.0000,0.0000,0.0000,0.0000,1788374207.618
4.113,1.2000,5.0000,0.0000,0.0000,0.0000,1788374207.638
4.132,1.2000,5.0000,0.0000,0.0000,0.0000,1788374207.658
4.152,1.2000,5.0000,0.0000,0.0000,0.0000,1788374207.677
4.172,1.2000,5.0000,0.0000,0.0000,0.0000,1788374207.697
4.192,1.2000,5.0000,0.0000,0.0000,0.0000,1788374207.717
4.212,1.2000,5.0000,0.0000,0.0000,0.0000,1788374207.738
4.232,1.2000,5.0000,0.0000,0.0000,0.0000,1788374207.757
4.252,1.2000,5.0000,0.0000,0.0000,0.0000,1788374207.778
4.272,1.2000,5.0000,0.0000,0.0000,0.0000,1788374207.798
4.292,1.2000,5.0000,0.0000,0.0000,0.0000,1788374207.817
4.312,1.2000,5.0000,0.0000,0.0000,0.0000,1788374207.837
4.332,1.2000,5.0000,0.0000,0.0000,0.0000,1788374207.857
4.353,1.2000,5.0000,0.0000,0.0000,0.0000,1788374207.878
4.372,1.2000,5.0000,0.0000,0.0000,0.0000,1788374207.897
4.393,1.2000,5.0000,0.0000,0.0000,0.0000,1788374207.918
4.413,1.2000,5.0000,0.0000,0.0000,0.0000,1788374207.938
4.432,1.2000,5.0000,0.0000,0.0000,0.0000,1788374207.957
4.452,1.2000,5.0000,0.0000,0.0000,0.0000,1788374207.978
4.472,1.2000,5.0000,0.0000,0.0000,0.0000,1788374207.997
4.492,1.2000,5.0000,0.0000,0.0000,0.0000,1788374208.017
4.512,1.2000,5.0000,0.0000,0.0000,0.0000,1788374208.037
4.533,1.2000,5.0000,0.0000,0.0000,0.0000,1788374208.058
4.552,1.2000,5.0000,0.0000,0.0000,0.0000,1788374208.077
4.572,1.2000,5.0000,0.0000,0.0000,0.0000,1788374208.097
4.592,1.2000,5.0000,0.0000,0.0000,0.0000,1788374208.117
4.612,1.2000,5.0000,0.0000,0.0000,0.0000,1788374208.137
4.633,1.2000,5.0000,0.0000,0.0000,0.0000,1788374208.158
4.652,1.2000,5.0000,0.0000,0.0000,0.0000,1788374208.177
4.672,1.2000,5.0000,0.0000,0.0000,0.0000,1788374208.197
4.692,1.2000,5.0000,0.0000,0.0000,0.0000,1788374208.217
4.712,1.2000,5.0000,0.0000,0.0000,0.0000,1788374208.237
4.733,1.2000,5.0000,0.0000,0.0000,0.0000,1788374208.258
4.752,1.2000,5.0000,0.0000,0.0000,0.0000,1788374208.277
4.772,1.2000,5.0000,0.0000,0.0000,0.0000,1788374208.297
4.793,1.2000,5.0000,0.0000,0.0000,0.0000,1788374208.318
4.812,1.2000,5.0000,0.0000,0.0000,0.0000,1788374208.337
4.833,1.2000,5.0000,0.0000,0.0000,0.0000,1788374208.358
4.852,1.2000,5.0000,0.0000,0.0000,0.0000,1788374208.377
4.872,1.2000,5.0000,0.0000,0.0000,0.0000,1788374208.397
4.892,1.2000,5.0000,0.0000,0.0000,0.0000,1788374208.417
4.913,1.2000,5.0000,0.0000,0.0000,0.0000,1788374208.439
4.933,1.2000,5.0000,0.0000,0.0000,0.0000,1788374208.458
4.952,1.2000,5.0000,0.0000,0.0000,0.0000,1788374208.478
4.972,1.2000,5.0000,0.0000,0.0000,0.0000,1788374208.497
4.992,1.2000,5.0000,0.0000,0.0000,0.0000,1788374208.517
5.012,1.2000,5.0000,0.0000,0.0000,0.0000,1788374208.537
5.033,1.2000,5.0000,0.0000,0.0000,0.0000,1788374208.558
5.052,1.2000,5.0000,0.0000,0.0000,0.0000,1788374208.578
5.072,1.2000,5.0000,0.0000,0.0000,0.0000,1788374208.597
5.092,1.2000,5.0000,0.0000,0.0000,0.0000,1788374208.617
5.112,1.2000,5.0000,0.0000,0.0000,0.0000,1788374208.637
5.133,1.2000,5.0000,0.0000,0.0000,0.0000,1788374208.658
5.152,1.2000,5.0000,0.0000,0.0000,0.0000,1788374208.677
5.172,1.2000,5.0000,0.0000,0.0000,0.0000,1788374208.697
5.192,1.2000,5.0000,0.0000,0.0000,0.0000,1788374208.717
5.212,1.2000,5.0000,0.0000,0.0000,0.0000,1788374208.737
5.232,1.2000,5.0000,0.0000,0.0000,0.0000,1788374208.758
5.253,1.2000,5.0000,0.0000,0.0000,0.0000,1788374208.778
5.272,1.2000,5.0000,0.0000,0.0000,0.0000,1788374208.797
5.292,1.2000,5.0000,0.0000,0.0000,0.0000,1788374208.817
5.312,1.2000,5.0000,0.0000,0.0000,0.0000,1788374208.837
5.332,1.2000,5.0000,0.0000,0.0000,0.0000,1788374208.857
5.352,1.2000,5.0000,0.0000,0.0000,0.0000,1788374208.878
5.373,1.2000,5.0000,0.0000,0.0000,0.0000,1788374208.898
5.393,1.2000,5.0000,0.0000,0.0000,0.0000,1788374208.918
5.413,1.2000,5.0000,0.0000,0.0000,0.0000,1788374208.938
5.432,1.2000,5.0000,0.0000,0.0000,0.0000,1788374208.958
5.453,1.2000,5.0000,0.0000,0.0000,0.0000,1788374208.978
5.472,1.2000,5.0000,0.0000,0.0000,0.0000,1788374208.997
5.492,1.2000,5.0000,0.0000,0.0000,0.0000,1788374209.017
5.512,1.2000,5.0000,0.0000,0.0000,0.0000,1788374209.037
5.532,1.2000,5.0000,0.0000,0.0000,0.0000,1788374209.057
5.553,1.2000,5.0000,0.0000,0.0000,0.0000,1788374209.078
5.572,1.2000,5.0000,0.0000,0.0000,0.0000,1788374209.097
5.592,1.2000,5.0000,0.0000,0.0000,0.0000,1788374209.117
5.613,1.2000,5.0000,0.0000,0.0000,0.0000,1788374209.138
5.632,1.2000,5.0000,0.0000,0.0000,0.0000,1788374209.157
5.653,1.2000,5.0000,0.0000,0.0000,0.0000,1788374209.179
5.673,1.2000,5.0000,0.0000,0.0000,0.0000,1788374209.198
5.692,1.2000,5.0000,0.0000,0.0000,0.0000,1788374209.217
5.712,1.2000,5.0000,0.0000,0.0000,0.0000,1788374209.237
5.733,1.2000,5.0000,0.0000,0.0000,0.0000,1788374209.258
5.752,1.2000,5.0000,0.0000,0.0000,0.0000,1788374209.277
5.772,1.2000,5.0000,0.0000,0.0000,0.0000,1788374209.298
5.793,1.2000,5.0000,0.0000,0.0000,0.0000,1788374209.318
5.812,1.2000,5.0000,0.0000,0.0000,0.0000,1788374209.337
5.833,1.2000,5.0000,0.0000,0.0000,0.0000,1788374209.358
5.852,1.2000,5.0000,0.0000,0.0000,0.0000,1788374209.377
5.872,1.2000,5.0000,0.0000,0.0000,0.0000,1788374209.397
5.892,1.2000,5.0000,0.0000,0.0000,0.0000,1788374209.417
5.912,1.2000,5.0000,0.0000,0.0000,0.0000,1788374209.437
5.932,1.2000,5.0000,0.0000,0.0000,0.0000,1788374209.458
5.953,1.2000,5.0000,0.0000,0.0000,0.0000,1788374209.478
5.972,1.2000,5.0000,0.0000,0.0000,0.0000,1788374209.497
5.992,1.2000,5.0000,0.0000,0.0000,0.0000,1788374209.517
6.012,1.2000,5.0000,0.0000,0.0000,0.0000,1788374209.537
6.032,1.2000,5.0000,0.0000,0.0000,0.0000,1788374209.557
6.052,1.2000,5.0000,0.0000,0.0000,0.0000,1788374209.577
6.072,1.2000,5.0000,0.0000,0.0000,0.0000,1788374209.597
6.092,1.2000,5.0000,0.0000,0.0000,0.0000,1788374209.618
6.112,1.2000,5.0000,0.0000,0.0000,0.0000,1788374209.637
6.132,1.2000,5.0000,0.0000,0.0000,0.0000,1788374209.658
6.152,1.2000,5.0000,0.0000,0.0000,0.0000,1788374209.677
6.172,1.2000,5.0000,0.0000,0.0000,0.0000,1788374209.697
6.193,1.2000,5.0000,0.0000,0.0000,0.0000,1788374209.718
6.212,1.2000,5.0000,0.0000,0.0000,0.0000,1788374209.737
6.233,1.2000,5.0000,0.0000,0.0000,0.0000,1788374209.758
6.252,1.2000,5.0000,0.0000,0.0000,0.0000,1788374209.777
6.272,1.2000,5.0000,0.0000,0.0000,0.0000,1788374209.797
6.292,1.2000,5.0000,0.0000,0.0000,0.0000,1788374209.817
6.312,1.2000,5.0000,0.0000,0.0000,0.0000,1788374209.837
6.332,1.2000,5.0000,0.0000,0.0000,0.0000,1788374209.858
6.353,1.2000,5.0000,0.0000,0.0000,0.0000,1788374209.879
6.372,1.2000,5.0000,0.0000,0.0000,0.0000,1788374209.897
6.392,1.2000,5.0000,0.0000,0.0000,0.0000,1788374209.917
6.413,1.2000,5.0000,0.0000,0.0000,0.0000,1788374209.938
6.433,1.2000,5.0000,0.0000,0.0000,0.0000,1788374209.958
6.453,1.2000,5.0000,0.0000,0.0000,0.0000,1788374209.978
6.472,1.2000,5.0000,0.0000,0.0000,0.0000,1788374209.997
6.492,1.2000,5.0000,0.0000,0.0000,0.0000,1788374210.017
6.512,1.2000,5.0000,0.0000,0.0000,0.0000,1788374210.038
6.532,1.2000,5.0000,0.0000,0.0000,0.0000,1788374210.057
6.553,1.2000,5.0000,0.0000,0.0000,0.0000,1788374210.078
6.573,1.2000,5.0000,0.0000,0.0000,0.0000,1788374210.098
6.592,1.2000,5.0000,0.0000,0.0000,0.0000,1788374210.117
6.612,1.2000,5.0000,0.0000,0.0000,0.0000,1788374210.137
6.632,1.2000,5.0000,0.0000,0.0000,0.0000,1788374210.157
6.652,1.2000,5.0000,0.0000,0.0000,0.0000,1788374210.178
6.672,1.2000,5.0000,0.0000,0.0000,0.0000,1788374210.197
6.692,1.2000,5.0000,0.0000,0.0000,0.0000,1788374210.217
6.713,1.2000,5.0000,0.0000,0.0000,0.0000,1788374210.238
6.732,1.2000,5.0000,0.0000,0.0000,0.0000,1788374210.257
6.752,1.2000,5.0000,0.0000,0.0000,0.0000,1788374210.278
6.772,1.2000,5.0000,0.0000,0.0000,0.0000,1788374210.297
6.792,1.2000,5.0000,0.0000,0.0000,0.0000,1788374210.317
6.812,1.2000,5.0000,0.0000,0.0000,0.0000,1788374210.337
6.832,1.2000,5.0000,0.0000,0.0000,0.0000,1788374210.357
6.852,1.2000,5.0000,0.0000,0.0000,0.0000,1788374210.377
6.872,1.2000,5.0000,0.0000,0.0000,0.0000,1788374210.397
6.892,1.2000,5.0000,0.0000,0.0000,0.0000,1788374210.417
6.912,1.2000,5.0000,0.0000,0.0000,0.0000,1788374210.437
6.932,1.2000,5.0000,0.0000,0.0000,0.0000,1788374210.458
6.952,1.2000,5.0000,0.0000,0.0000,0.0000,1788374210.477
6.972,1.2000,5.0000,0.0000,0.0000,0.0000,1788374210.497
6.993,1.2000,5.0000,0.0000,0.0000,0.0000,1788374210.519
7.012,1.2000,5.0000,0.0000,0.0000,0.0000,1788374210.537
7.032,1.2000,5.0000,0.0000,0.0000,0.0000,1788374210.557
7.052,1.2000,5.0000,0.0000,0.0000,0.0000,1788374210.577
7.072,1.2000,5.0000,0.0000,0.0000,0.0000,1788374210.597
7.092,1.2000,5.0000,0.0000,0.0000,0.0000,1788374210.617
7.113,1.2000,5.0000,0.0000,0.0000,0.0000,1788374210.638
7.133,1.2000,5.0000,0.0000,0.0000,0.0000,1788374210.658
7.153,1.2000,5.0000,0.0000,0.0000,0.0000,1788374210.679
7.173,1.2000,5.0000,0.0000,0.0000,0.0000,1788374210.698
7.192,1.2000,5.0000,0.0000,0.0000,0.0000,1788374210.717
7.212,1.2000,5.0000,0.0000,0.0000,0.0000,1788374210.738
7.232,1.2000,5.0000,0.0000,0.0000,0.0000,1788374210.757
7.252,1.2000,5.0000,0.0000,0.0000,0.0000,1788374210.777
7.272,1.2000,5.0000,0.0000,0.0000,0.0000,1788374210.797
7.292,1.2000,5.0000,0.0000,0.0000,0.0000,1788374210.818
7.312,1.2000,5.0000,0.0000,0.0000,0.0000,1788374210.837
7.332,1.2000,5.0000,0.0000,0.0000,0.0000,1788374210.857
7.352,1.2000,5.0000,0.0000,0.0000,0.0000,1788374210.877
7.372,1.2000,5.0000,0.0000,0.0000,0.0000,1788374210.897
7.392,1.2000,5.0000,0.0000,0.0000,0.0000,1788374210.918
7.412,1.2000,5.0000,0.0000,0.0000,0.0000,1788374210.937
7.432,1.2000,5.0000,0.0000,0.0000,0.0000,1788374210.957
7.452,1.2000,5.0000,0.0000,0.0000,0.0000,1788374210.978
7.472,1.2000,5.0000,0.0000,0.0000,0.0000,1788374210.998
7.492,1.2000,5.0000,0.0000,0.0000,0.0000,1788374211.018
7.513,1.2000,5.0000,0.0000,0.0000,0.0000,1788374211.038
7.532,1.2000,5.0000,0.0000,0.0000,0.0000,1788374211.057
7.552,1.2000,5.0000,0.0000,0.0000,0.0000,1788374211.077
7.572,1.2000,5.0000,0.0000,0.0000,0.0000,1788374211.097
7.592,1.2000,5.0000,0.0000,0.0000,0.0000,1788374211.117
7.612,1.2000,5.0000,0.0000,0.0000,0.0000,1788374211.137
7.632,1.2000,5.0000,0.0000,0.0000,0.0000,1788374211.158
7.652,1.2000,5.0000,0.0000,0.0000,0.0000,1788374211.177
7.672,1.2000,5.0000,0.0000,0.0000,0.0000,1788374211.197
7.692,1.2000,5.0000,0.0000,0.0000,0.0000,1788374211.218
7.713,1.2000,5.0000,0.0000,0.0000,0.0000,1788374211.238
7.732,1.2000,5.0000,0.0000,0.0000,0.0000,1788374211.257
7.752,1.2000,5.0000,0.0000,0.0000,0.0000,1788374211.277
7.772,1.2000,5.0000,0.0000,0.0000,0.0000,1788374211.297
7.792,1.2000,5.0000,0.0000,0.0000,0.0000,1788374211.318
7.812,1.2000,5.0000,0.0000,0.0000,0.0000,1788374211.337
7.833,1.2000,5.0000,0.0000,0.0000,0.0000,1788374211.358
7.852,1.2000,5.0000,0.0000,0.0000,0.0000,1788374211.377
7.872,1.2000,5.0000,0.0000,0.0000,0.0000,1788374211.397
7.892,1.2000,5.0000,0.0000,0.0000,0.0000,1788374211.417
7.912,1.2000,5.0000,0.0000,0.0000,0.0000,1788374211.437
7.932,1.2000,5.0000,0.0000,0.0000,0.0000,1788374211.457
7.952,1.2000,5.0000,0.0000,0.0000,0.0000,1788374211.478
7.972,1.2000,5.0000,0.0000,0.0000,0.0000,1788374211.497
7.992,1.2000,5.0000,0.0000,0.0000,0.0000,1788374211.517
8.012,1.2000,5.0000,0.0000,0.0000,0.0000,1788374211.537
8.032,1.2000,5.0000,0.0000,0.0000,0.0000,1788374211.557
8.052,1.2000,5.0000,0.0000,0.0000,0.0000,1788374211.577
8.072,1.2000,5.0000,0.0000,0.0000,0.0000,1788374211.597
8.092,1.2000,5.0000,0.0000,0.0000,0.0000,1788374211.617
8.112,1.2000,5.0000,0.0000,0.0000,0.0000,1788374211.637
8.132,1.2000,5.0000,0.0000,0.0000,0.0000,1788374211.657
8.152,1.2000,5.0000,0.0000,0.0000,0.0000,1788374211.677
8.172,1.2000,5.0000,0.0000,0.0000,0.0000,1788374211.697
8.192,1.2000,5.0000,0.0000,0.0000,0.0000,1788374211.717
8.212,1.2000,5.0000,0.0000,0.0000,0.0000,1788374211.737
8.233,1.2000,5.0000,0.0000,0.0000,0.0000,1788374211.758
8.252,1.2000,5.0000,0.0000,0.0000,0.0000,1788374211.778
8.273,1.2000,5.0000,0.0000,0.0000,0.0000,1788374211.799
8.292,1.2000,5.0000,0.0000,0.0000,0.0000,1788374211.817
8.312,1.2000,5.0000,0.0000,0.0000,0.0000,1788374211.838
8.332,1.2000,5.0000,0.0000,0.0000,0.0000,1788374211.857
8.352,1.2000,5.0000,0.0000,0.0000,0.0000,1788374211.878
8.372,1.2000,5.0000,0.0000,0.0000,0.0000,1788374211.897
8.392,1.2000,5.0000,0.0000,0.0000,0.0000,1788374211.917
8.412,1.2000,5.0000,0.0000,0.0000,0.0000,1788374211.937
8.433,1.2000,5.0000,0.0000,0.0000,0.0000,1788374211.958
8.453,1.2000,5.0000,0.0000,0.0000,0.0000,1788374211.978
8.472,1.2000,5.0000,0.0000,0.0000,0.0000,1788374211.997
8.492,1.2000,5.0000,0.0000,0.0000,0.0000,1788374212.017
8.512,1.2000,5.0000,0.0000,0.0000,0.0000,1788374212.038
8.532,1.2000,5.0000,0.0000,0.0000,0.0000,1788374212.057
8.552,1.2000,5.0000,0.0000,0.0000,0.0000,1788374212.078
8.572,1.2000,5.0000,0.0000,0.0000,0.0000,1788374212.098
8.593,1.2000,5.0000,0.0000,0.0000,0.0000,1788374212.118
8.613,1.2000,5.0000,0.0000,0.0000,0.0000,1788374212.138
8.633,1.2000,5.0000,0.0000,0.0000,0.0000,1788374212.158
8.652,1.2000,5.0000,0.0000,0.0000,0.0000,1788374212.178
8.673,1.2000,5.0000,0.0000,0.0000,0.0000,1788374212.199
8.693,1.2000,5.0000,0.0000,0.0000,0.0000,1788374212.218
8.712,1.2000,5.0000,0.0000,0.0000,0.0000,1788374212.237
8.734,1.2000,5.0000,0.0000,0.0000,0.0000,1788374212.259
8.752,1.2000,5.0000,0.0000,0.0000,0.0000,1788374212.277
8.772,1.2000,5.0000,0.0000,0.0000,0.0000,1788374212.297
8.792,1.2000,5.0000,0.0000,0.0000,0.0000,1788374212.317
8.812,1.2000,5.0000,0.0000,0.0000,0.0000,1788374212.337
8.832,1.2000,5.0000,0.0000,0.0000,0.0000,1788374212.358
8.852,1.2000,5.0000,0.0000,0.0000,0.0000,1788374212.377
8.872,1.2000,5.0000,0.0000,0.0000,0.0000,1788374212.397
8.892,1.2000,5.0000,0.0000,0.0000,0.0000,1788374212.418
8.913,1.2000,5.0000,0.0000,0.0000,0.0000,1788374212.438
8.932,1.2000,5.0000,0.0000,0.0000,0.0000,1788374212.457
8.952,1.2000,5.0000,0.0000,0.0000,0.0000,1788374212.477
8.972,1.2000,5.0000,0.0000,0.0000,0.0000,1788374212.497
8.992,1.2000,5.0000,0.0000,0.0000,0.0000,1788374212.517
9.012,1.2000,5.0000,0.0000,0.0000,0.0000,1788374212.537
9.032,1.2000,5.0000,0.0000,0.0000,0.0000,1788374212.557
9.054,1.2000,5.0000,0.0000,0.0000,0.0000,1788374212.579
9.073,1.2000,5.0000,0.0000,0.0000,0.0000,1788374212.598
9.093,1.2000,5.0000,0.0000,0.0000,0.0000,1788374212.618
9.112,1.2000,5.0000,0.0000,0.0000,0.0000,1788374212.637
9.132,1.2000,5.0000,0.0000,0.0000,0.0000,1788374212.658
9.152,1.2000,5.0000,0.0000,0.0000,0.0000,1788374212.677
9.173,1.2000,5.0000,0.0000,0.0000,0.0000,1788374212.699
9.192,1.2000,5.0000,0.0000,0.0000,0.0000,1788374212.717
9.212,1.2000,5.0000,0.0000,0.0000,0.0000,1788374212.737
9.232,1.2000,5.0000,0.0000,0.0000,0.0000,1788374212.757
9.252,1.2000,5.0000,0.0000,0.0000,0.0000,1788374212.777
9.272,1.2000,5.0000,0.0000,0.0000,0.0000,1788374212.797
9.292,1.2000,5.0000,0.0000,0.0000,0.0000,1788374212.817
9.312,1.2000,5.0000,0.0000,0.0000,0.0000,1788374212.837
9.332,1.2000,5.0000,0.0000,0.0000,0.0000,1788374212.857
9.352,1.2000,5.0000,0.0000,0.0000,0.0000,1788374212.877
9.372,1.2000,5.0000,0.0000,0.0000,0.0000,1788374212.897
9.392,1.2000,5.0000,0.0000,0.0000,0.0000,1788374212.917
9.412,1.2000,5.0000,0.0000,0.0000,0.0000,1788374212.937
9.432,1.2000,5.0000,0.0000,0.0000,0.0000,1788374212.957
9.453,1.2000,5.0000,0.0000,0.0000,0.0000,1788374212.978
9.473,1.2000,5.0000,0.0000,0.0000,0.0000,1788374212.998
9.492,1.2000,5.0000,0.0000,0.0000,0.0000,1788374213.017
9.512,1.2000,5.0000,0.0000,0.0000,0.0000,1788374213.038
9.533,1.2000,5.0000,0.0000,0.0000,0.0000,1788374213.058
9.552,1.2000,5.0000,0.0000,0.0000,0.0000,1788374213.077
9.572,1.2000,5.0000,0.0000,0.0000,0.0000,1788374213.098
9.593,1.2000,5.0000,0.0000,0.0000,0.0000,1788374213.118
9.612,1.2000,5.0000,0.0000,0.0000,0.0000,1788374213.137
9.633,1.2000,5.0000,0.0000,0.0000,0.0000,1788374213.158
9.652,1.2000,5.0000,0.0000,0.0000,0.0000,1788374213.177
9.672,1.2000,5.0000,0.0000,0.0000,0.0000,1788374213.197
9.693,1.2000,5.0000,0.0000,0.0000,0.0000,1788374213.218
9.712,1.2000,5.0000,0.0000,0.0000,0.0000,1788374213.238
9.733,1.2000,5.0000,0.0000,0.0000,0.0000,1788374213.258
9.753,1.2000,5.0000,0.0000,0.0000,0.0000,1788374213.278
9.772,1.2000,5.0000,0.0000,0.0000,0.0000,1788374213.298
9.792,1.2000,5.0000,0.0000,0.0000,0.0000,1788374213.318
9.812,1.2000,5.0000,0.0000,0.0000,0.0000,1788374213.338
9.832,1.2000,5.0000,0.0000,0.0000,0.0000,1788374213.357
9.852,1.2000,5.0000,0.0000,0.0000,0.0000,1788374213.377
9.872,1.2000,5.0000,0.0000,0.0000,0.0000,1788374213.397
9.892,1.2000,5.0000,0.0000,0.0000,0.0000,1788374213.417
9.912,1.2000,5.0000,0.0000,0.0000,0.0000,1788374213.437
9.932,1.2000,5.0000,0.0000,0.0000,0.0000,1788374213.457
9.952,1.2000,5.0000,0.0000,0.0000,0.0000,1788374213.478
9.972,1.2000,5.0000,0.0000,0.0000,0.0000,1788374213.497
9.992,1.2000,5.0000,0.0000,0.0000,0.0000,1788374213.517
10.012,1.2000,5.0000,0.0000,0.0000,0.0000,1788374213.538
10.032,1.2000,5.0000,0.0000,0.0000,0.0000,1788374213.557
10.053,1.2000,5.0000,0.0000,0.0000,0.0000,1788374213.578
10.073,1.2000,5.0000,0.0000,0.0000,0.0000,1788374213.598
10.092,1.2000,5.0000,0.0000,0.0000,0.0000,1788374213.617
10.112,1.2000,5.0000,0.0000,0.0000,0.0000,1788374213.637
10.133,1.2000,5.0000,0.0000,0.0000,0.0000,1788374213.658
10.153,1.2000,5.0000,0.0000,0.0000,0.0000,1788374213.679
10.172,1.2000,5.0000,0.0000,0.0000,0.0000,1788374213.697
10.192,1.2000,5.0000,0.0000,0.0000,0.0000,1788374213.717
10.212,1.2000,5.0000,0.0000,0.0000,0.0000,1788374213.737
10.232,1.2000,5.0000,0.0000,0.0000,0.0000,1788374213.757
10.252,1.2000,5.0000,0.0000,0.0000,0.0000,1788374213.777
10.273,1.2000,5.0000,0.0000,0.0000,0.0000,1788374213.798
10.293,1.2000,5.0000,0.0000,0.0000,0.0000,1788374213.818
10.312,1.2000,5.0000,0.0000,0.0000,0.0000,1788374213.838
10.332,1.2000,5.0000,0.0000,0.0000,0.0000,1788374213.857
10.352,1.2000,5.0000,0.0000,0.0000,0.0000,1788374213.877
10.372,1.2000,5.0000,0.0000,0.0000,0.0000,1788374213.897
10.392,1.2005,5.0000,0.0000,0.0226,0.0013,1788374213.917
10.413,1.2009,5.0000,0.0001,0.0226,0.0013,1788374213.938
10.433,1.2014,5.0000,0.0001,0.0226,0.0013,1788374213.958
10.453,1.2018,5.0000,0.0001,0.0226,0.0013,1788374213.978
10.472,1.2027,5.0000,0.0004,0.0462,0.0136,1788374213.997
10.492,1.2037,5.0000,0.0006,0.0462,0.0136,1788374214.017
10.512,1.2046,5.0000,0.0009,0.0462,0.0136,1788374214.038
10.533,1.2055,5.0000,0.0012,0.0462,0.0136,1788374214.058
10.552,1.2064,5.0000,0.0015,0.0462,0.0136,1788374214.078
10.572,1.2078,5.0000,0.0031,0.0662,0.0833,1788374214.097
10.592,1.2091,5.0000,0.0048,0.0662,0.0833,1788374214.117
10.612,1.2104,5.0000,0.0065,0.0662,0.0833,1788374214.137
10.633,1.2117,5.0000,0.0081,0.0662,0.0833,1788374214.158
10.653,1.2130,5.0000,0.0098,0.0662,0.0833,1788374214.178
10.672,1.2147,5.0001,0.0100,0.0846,0.0125,1788374214.197
10.692,1.2164,5.0001,0.0103,0.0846,0.0125,1788374214.218
10.712,1.2181,5.0001,0.0105,0.0846,0.0125,1788374214.238
10.732,1.2198,5.0001,0.0108,0.0846,0.0125,1788374214.257
10.752,1.2215,5.0001,0.0110,0.0846,0.0125,1788374214.277
10.772,1.2235,5.0002,0.0111,0.1019,0.0011,1788374214.297
10.792,1.2256,5.0002,0.0111,0.1019,0.0011,1788374214.317
10.813,1.2276,5.0002,0.0111,0.1019,0.0011,1788374214.339
10.832,1.2297,5.0002,0.0111,0.1019,0.0011,1788374214.357
10.852,1.2317,5.0002,0.0112,0.1019,0.0011,1788374214.377
10.872,1.2340,5.0003,0.0110,0.1172,-0.0090,1788374214.397
10.892,1.2364,5.0003,0.0108,0.1172,-0.0090,1788374214.417
10.913,1.2387,5.0003,0.0106,0.1172,-0.0090,1788374214.438
10.932,1.2411,5.0004,0.0104,0.1172,-0.0090,1788374214.457
10.952,1.2434,5.0004,0.0103,0.1172,-0.0090,1788374214.477
10.972,1.2461,5.0004,0.0100,0.1353,-0.0126,1788374214.497
10.992,1.2488,5.0004,0.0098,0.1353,-0.0126,1788374214.517
11.012,1.2515,5.0005,0.0095,0.1353,-0.0126,1788374214.537
11.032,1.2542,5.0005,0.0093,0.1353,-0.0126,1788374214.557
11.052,1.2569,5.0005,0.0090,0.1353,-0.0126,1788374214.577
11.072,1.2601,5.0005,0.0088,0.1553,-0.0077,1788374214.597
11.093,1.2632,5.0006,0.0087,0.1553,-0.0077,1788374214.619
11.112,1.2663,5.0006,0.0085,0.1553,-0.0077,1788374214.637
11.133,1.2694,5.0006,0.0084,0.1553,-0.0077,1788374214.658
11.152,1.2725,5.0006,0.0082,0.1553,-0.0077,1788374214.677
11.172,1.2760,5.0007,0.0088,0.1738,0.0261,1788374214.697
11.193,1.2794,5.0007,0.0093,0.1738,0.0261,1788374214.719
11.213,1.2829,5.0007,0.0098,0.1738,0.0261,1788374214.738
11.232,1.2864,5.0008,0.0103,0.1738,0.0261,1788374214.757
11.252,1.2899,5.0008,0.0108,0.1738,0.0261,1788374214.778
11.272,1.2938,5.0009,0.0116,0.1949,0.0367,1788374214.797
11.292,1.2977,5.0009,0.0123,0.1949,0.0367,1788374214.817
11.312,1.3016,5.0009,0.0130,0.1949,0.0367,1788374214.838
11.333,1.3055,5.0010,0.0138,0.1949,0.0367,1788374214.858
11.352,1.3093,5.0011,0.0145,0.1949,0.0367,1788374214.877
11.372,1.3136,5.0011,0.0150,0.2121,0.0225,1788374214.897
11.393,1.3178,5.0012,0.0154,0.2121,0.0225,1788374214.918
11.412,1.3221,5.0013,0.0159,0.2121,0.0225,1788374214.937
11.432,1.3263,5.0013,0.0163,0.2121,0.0225,1788374214.957
11.452,1.3306,5.0014,0.0168,0.2121,0.0225,1788374214.977
11.472,1.3352,5.0015,0.0176,0.2306,0.0417,1788374214.997
11.493,1.3398,5.0016,0.0184,0.2306,0.0417,1788374215.018
11.512,1.3444,5.0017,0.0193,0.2306,0.0417,1788374215.037
11.532,1.3490,5.0017,0.0201,0.2306,0.0417,1788374215.058
11.552,1.3536,5.0018,0.0209,0.2306,0.0417,1788374215.077
11.572,1.3585,5.0019,0.0225,0.2423,0.0771,1788374215.097
11.592,1.3633,5.0021,0.0240,0.2423,0.0771,1788374215.118
11.612,1.3681,5.0022,0.0256,0.2423,0.0771,1788374215.137
11.633,1.3730,5.0023,0.0271,0.2423,0.0771,1788374215.158
11.653,1.3778,5.0025,0.0286,0.2423,0.0771,1788374215.178
11.672,1.3829,5.0026,0.0308,0.2553,0.1055,1788374215.197
11.692,1.3880,5.0028,0.0329,0.2553,0.1055,1788374215.217
11.712,1.3931,5.0030,0.0350,0.2553,0.1055,1788374215.238
11.732,1.3982,5.0032,0.0371,0.2553,0.1055,1788374215.257
11.752,1.4033,5.0034,0.0392,0.2553,0.1055,1788374215.277
11.772,1.4087,5.0036,0.0414,0.2702,0.1123,1788374215.297
11.792,1.4141,5.0038,0.0437,0.2702,0.1123,1788374215.317
11.813,1.4195,5.0041,0.0459,0.2702,0.1123,1788374215.338
11.832,1.4249,5.0043,0.0482,0.2702,0.1123,1788374215.357
11.853,1.4303,5.0046,0.0504,0.2702,0.1123,1788374215.378
11.878,1.4357,5.0049,0.0527,0.2702,0.1123,1788374215.403
11.892,1.4415,5.0052,0.0537,0.2863,0.0507,1788374215.417
11.913,1.4472,5.0055,0.0547,0.2863,0.0507,1788374215.439
11.932,1.4529,5.0058,0.0557,0.2863,0.0507,1788374215.457
11.952,1.4586,5.0061,0.0567,0.2863,0.0507,1788374215.477
11.972,1.4646,5.0065,0.0573,0.3022,0.0287,1788374215.497
11.993,1.4707,5.0068,0.0579,0.3022,0.0287,1788374215.518
12.012,1.4767,5.0072,0.0585,0.3022,0.0287,1788374215.537
12.033,1.4827,5.0075,0.0590,0.3022,0.0287,1788374215.558
12.052,1.4888,5.0079,0.0596,0.3022,0.0287,1788374215.577
12.072,1.4952,5.0083,0.0594,0.3224,-0.0108,1788374215.597
12.094,1.5016,5.0087,0.0592,0.3224,-0.0108,1788374215.619
12.112,1.5081,5.0091,0.0589,0.3224,-0.0108,1788374215.637
12.132,1.5145,5.0094,0.0587,0.3224,-0.0108,1788374215.657
12.152,1.5210,5.0098,0.0585,0.3224,-0.0108,1788374215.677
12.172,1.5278,5.0102,0.0575,0.3405,-0.0485,1788374215.697
12.192,1.5346,5.0106,0.0566,0.3405,-0.0485,1788374215.717
12.212,1.5414,5.0110,0.0556,0.3405,-0.0485,1788374215.737
12.232,1.5482,5.0113,0.0546,0.3405,-0.0485,1788374215.757
12.253,1.5550,5.0117,0.0537,0.3405,-0.0485,1788374215.778
12.272,1.5621,5.0121,0.0529,0.3560,-0.0366,1788374215.797
12.293,1.5692,5.0124,0.0522,0.3560,-0.0366,1788374215.818
12.312,1.5763,5.0128,0.0515,0.3560,-0.0366,1788374215.837
12.332,1.5834,5.0132,0.0507,0.3560,-0.0366,1788374215.857
12.352,1.5905,5.0135,0.0500,0.3560,-0.0366,1788374215.877
12.372,1.5980,5.0139,0.0490,0.3730,-0.0502,1788374215.897
12.393,1.6054,5.0143,0.0480,0.3730,-0.0502,1788374215.918
12.412,1.6129,5.0146,0.0470,0.3730,-0.0502,1788374215.937
12.432,1.6203,5.0149,0.0460,0.3730,-0.0502,1788374215.957
12.452,1.6278,5.0153,0.0450,0.3730,-0.0502,1788374215.978
12.472,1.6355,5.0156,0.0446,0.3876,-0.0210,1788374215.997
12.492,1.6433,5.0160,0.0441,0.3876,-0.0210,1788374216.018
12.512,1.6510,5.0163,0.0437,0.3876,-0.0210,1788374216.037
12.532,1.6587,5.0166,0.0433,0.3876,-0.0210,1788374216.057
12.552,1.6665,5.0170,0.0429,0.3876,-0.0210,1788374216.077
12.572,1.6743,5.0173,0.0421,0.3891,-0.0389,1788374216.098
12.592,1.6820,5.0176,0.0413,0.3891,-0.0389,1788374216.117
12.612,1.6898,5.0179,0.0405,0.3891,-0.0389,1788374216.137
12.632,1.6976,5.0183,0.0398,0.3891,-0.0389,1788374216.157
12.653,1.7054,5.0186,0.0390,0.3891,-0.0389,1788374216.178
12.672,1.7132,5.0189,0.0382,0.3904,-0.0387,1788374216.197
12.693,1.7210,5.0191,0.0374,0.3904,-0.0387,1788374216.218
12.713,1.7288,5.0194,0.0367,0.3904,-0.0387,1788374216.238
12.733,1.7366,5.0197,0.0359,0.3904,-0.0387,1788374216.258
12.752,1.7444,5.0200,0.0351,0.3904,-0.0387,1788374216.277
12.772,1.7522,5.0203,0.0349,0.3932,-0.0115,1788374216.297
12.792,1.7601,5.0205,0.0347,0.3932,-0.0115,1788374216.318
12.813,1.7680,5.0208,0.0344,0.3932,-0.0115,1788374216.338
12.832,1.7758,5.0211,0.0342,0.3932,-0.0115,1788374216.357
12.852,1.7837,5.0213,0.0340,0.3932,-0.0115,1788374216.377
12.872,1.7914,5.0216,0.0342,0.3890,0.0128,1788374216.397
12.893,1.7992,5.0219,0.0345,0.3890,0.0128,1788374216.418
12.913,1.8070,5.0221,0.0347,0.3890,0.0128,1788374216.438
12.932,1.8148,5.0224,0.0350,0.3890,0.0128,1788374216.457
12.952,1.8225,5.0227,0.0352,0.3890,0.0128,1788374216.477
12.972,1.8303,5.0230,0.0359,0.3896,0.0342,1788374216.497
12.992,1.8381,5.0233,0.0366,0.3896,0.0342,1788374216.517
13.013,1.8459,5.0235,0.0373,0.3896,0.0342,1788374216.539
13.032,1.8537,5.0238,0.0380,0.3896,0.0342,1788374216.557
13.052,1.8615,5.0241,0.0387,0.3896,0.0342,1788374216.577
13.072,1.8693,5.0245,0.0397,0.3893,0.0518,1788374216.597
13.093,1.8770,5.0248,0.0407,0.3893,0.0518,1788374216.618
13.112,1.8848,5.0251,0.0418,0.3893,0.0518,1788374216.637
13.133,1.8926,5.0254,0.0428,0.3893,0.0518,1788374216.658
13.152,1.9004,5.0258,0.0439,0.3893,0.0518,1788374216.677
13.172,1.9081,5.0261,0.0454,0.3847,0.0770,1788374216.697
13.193,1.9157,5.0265,0.0469,0.3847,0.0770,1788374216.719
13.212,1.9234,5.0269,0.0485,0.3847,0.0770,1788374216.738
13.232,1.9311,5.0272,0.0500,0.3847,0.0770,1788374216.757
13.252,1.9388,5.0276,0.0516,0.3847,0.0770,1788374216.777
13.272,1.9466,5.0280,0.0524,0.3925,0.0427,1788374216.797
13.292,1.9545,5.0285,0.0533,0.3925,0.0427,1788374216.817
13.313,1.9623,5.0289,0.0541,0.3925,0.0427,1788374216.838
13.332,1.9701,5.0293,0.0550,0.3925,0.0427,1788374216.857
13.352,1.9780,5.0298,0.0558,0.3925,0.0427,1788374216.877
13.372,1.9857,5.0302,0.0565,0.3881,0.0333,1788374216.897
13.392,1.9935,5.0306,0.0572,0.3881,0.0333,1788374216.918
13.412,2.0012,5.0311,0.0578,0.3881,0.0333,1788374216.937
13.433,2.0090,5.0315,0.0585,0.3881,0.0333,1788374216.958
13.452,2.0167,5.0320,0.0592,0.3881,0.0333,1788374216.977
13.472,2.0246,5.0325,0.0599,0.3932,0.0389,1788374216.997
13.492,2.0324,5.0329,0.0607,0.3932,0.0389,1788374217.017
13.512,2.0403,5.0334,0.0615,0.3932,0.0389,1788374217.037
13.532,2.0481,5.0339,0.0623,0.3932,0.0389,1788374217.057
13.552,2.0560,5.0344,0.0630,0.3932,0.0389,1788374217.078
13.572,2.0637,5.0349,0.0645,0.3870,0.0730,1788374217.097
13.594,2.0714,5.0354,0.0660,0.3870,0.0730,1788374217.119
13.612,2.0791,5.0359,0.0674,0.3870,0.0730,1788374217.137
13.632,2.0869,5.0365,0.0689,0.3870,0.0730,1788374217.158
13.653,2.0946,5.0370,0.0703,0.3870,0.0730,1788374217.178
13.672,2.1023,5.0376,0.0728,0.3876,0.1221,1788374217.197
13.693,2.1100,5.0382,0.0752,0.3876,0.1221,1788374217.218
13.712,2.1178,5.0388,0.0777,0.3876,0.1221,1788374217.237
13.733,2.1255,5.0394,0.0801,0.3876,0.1221,1788374217.258
13.753,2.1332,5.0400,0.0826,0.3876,0.1221,1788374217.278
13.772,2.1411,5.0407,0.0836,0.3935,0.0508,1788374217.297
13.793,2.1489,5.0414,0.0846,0.3935,0.0508,1788374217.318
13.812,2.1568,5.0420,0.0856,0.3935,0.0508,1788374217.337
13.832,2.1646,5.0427,0.0866,0.3935,0.0508,1788374217.358
13.853,2.1724,5.0434,0.0876,0.3935,0.0508,1788374217.378
13.872,2.1802,5.0441,0.0879,0.3912,0.0147,1788374217.397
13.893,2.1880,5.0448,0.0882,0.3912,0.0147,1788374217.418
13.913,2.1958,5.0455,0.0885,0.3912,0.0147,1788374217.438
13.933,2.2036,5.0462,0.0888,0.3912,0.0147,1788374217.458
13.952,2.2114,5.0469,0.0891,0.3912,0.0147,1788374217.477
13.972,2.2192,5.0476,0.0892,0.3928,0.0036,1788374217.497
13.992,2.2271,5.0483,0.0893,0.3928,0.0036,1788374217.518
14.012,2.2349,5.0490,0.0893,0.3928,0.0036,1788374217.537
14.033,2.2427,5.0497,0.0894,0.3928,0.0036,1788374217.558
14.052,2.2505,5.0504,0.0895,0.3928,0.0036,1788374217.577
14.072,2.2583,5.0511,0.0902,0.3887,0.0356,1788374217.597
14.094,2.2660,5.0518,0.0909,0.3887,0.0356,1788374217.619
14.112,2.2737,5.0525,0.0916,0.3887,0.0356,1788374217.637
14.132,2.2815,5.0532,0.0923,0.3887,0.0356,1788374217.657
14.152,2.2892,5.0539,0.0930,0.3887,0.0356,1788374217.677
14.172,2.2968,5.0546,0.0938,0.3826,0.0368,1788374217.697
14.192,2.3045,5.0554,0.0945,0.3826,0.0368,1788374217.717
14.213,2.3121,5.0561,0.0952,0.3826,0.0368,1788374217.738
14.232,2.3197,5.0568,0.0960,0.3826,0.0368,1788374217.757
14.252,2.3273,5.0575,0.0967,0.3826,0.0368,1788374217.778
14.272,2.3350,5.0583,0.0973,0.3852,0.0303,1788374217.797
14.293,2.3426,5.0591,0.0979,0.3852,0.0303,1788374217.818
14.312,2.3503,5.0598,0.0985,0.3852,0.0303,1788374217.837
14.332,2.3580,5.0606,0.0991,0.3852,0.0303,1788374217.857
14.352,2.3656,5.0613,0.0997,0.3852,0.0303,1788374217.878
14.372,2.3733,5.0621,0.0988,0.3855,-0.0449,1788374217.897
14.392,2.3810,5.0629,0.0979,0.3855,-0.0449,1788374217.917
14.413,2.3887,5.0636,0.0970,0.3855,-0.0449,1788374217.938
14.432,2.3963,5.0643,0.0962,0.3855,-0.0449,1788374217.957
14.453,2.4040,5.0651,0.0953,0.3855,-0.0449,1788374217.978
14.472,2.4118,5.0658,0.0945,0.3913,-0.0359,1788374217.997
14.493,2.4196,5.0665,0.0938,0.3913,-0.0359,1788374218.018
14.512,2.4274,5.0673,0.0931,0.3913,-0.0359,1788374218.037
14.535,2.4352,5.0680,0.0924,0.3913,-0.0359,1788374218.060
14.552,2.4430,5.0687,0.0917,0.3913,-0.0359,1788374218.077
14.572,2.4506,5.0694,0.0906,0.3830,-0.0516,1788374218.097
14.592,2.4582,5.0701,0.0896,0.3830,-0.0516,1788374218.117
14.612,2.4659,5.0708,0.0886,0.3830,-0.0516,1788374218.138
14.632,2.4735,5.0714,0.0875,0.3830,-0.0516,1788374218.157
14.653,2.4811,5.0721,0.0865,0.3830,-0.0516,1788374218.178
14.672,2.4888,5.0728,0.0860,0.3872,-0.0262,1788374218.197
14.692,2.4965,5.0734,0.0855,0.3872,-0.0262,1788374218.217
14.712,2.5043,5.0741,0.0849,0.3872,-0.0262,1788374218.238
14.732,2.5120,5.0747,0.0844,0.3872,-0.0262,1788374218.257
14.752,2.5197,5.0754,0.0839,0.3872,-0.0262,1788374218.277
14.772,2.5274,5.0760,0.0837,0.3855,-0.0067,1788374218.297
14.792,2.5351,5.0767,0.0836,0.3855,-0.0067,1788374218.317
14.813,2.5427,5.0773,0.0835,0.3855,-0.0067,1788374218.338
14.832,2.5504,5.0780,0.0833,0.3855,-0.0067,1788374218.358
14.853,2.5581,5.0786,0.0832,0.3855,-0.0067,1788374218.378
14.872,2.5658,5.0792,0.0829,0.3877,-0.0176,1788374218.397
14.892,2.5736,5.0799,0.0825,0.3877,-0.0176,1788374218.417
14.913,2.5813,5.0805,0.0821,0.3877,-0.0176,1788374218.438
14.933,2.5890,5.0811,0.0818,0.3877,-0.0176,1788374218.458
14.952,2.5968,5.0818,0.0814,0.3877,-0.0176,1788374218.478
14.972,2.6046,5.0824,0.0812,0.3913,-0.0104,1788374218.497
14.993,2.6123,5.0830,0.0810,0.3913,-0.0104,1788374218.518
15.012,2.6201,5.0837,0.0808,0.3913,-0.0104,1788374218.537
15.032,2.6279,5.0843,0.0806,0.3913,-0.0104,1788374218.558
15.052,2.6357,5.0849,0.0804,0.3913,-0.0104,1788374218.577
15.072,2.6435,5.0856,0.0806,0.3872,0.0082,1788374218.597
15.093,2.6512,5.0862,0.0807,0.3872,0.0082,1788374218.618
15.112,2.6589,5.0868,0.0809,0.3872,0.0082,1788374218.638
15.132,2.6666,5.0874,0.0811,0.3872,0.0082,1788374218.657
15.152,2.6743,5.0881,0.0812,0.3872,0.0082,1788374218.677
15.172,2.6821,5.0887,0.0821,0.3880,0.0414,1788374218.697
15.193,2.6898,5.0893,0.0829,0.3880,0.0414,1788374218.718
15.212,2.6975,5.0900,0.0837,0.3880,0.0414,1788374218.737
15.232,2.7053,5.0907,0.0845,0.3880,0.0414,1788374218.757
15.252,2.7130,5.0913,0.0854,0.3880,0.0414,1788374218.777
15.272,2.7208,5.0920,0.0852,0.3906,-0.0067,1788374218.797
15.292,2.7286,5.0926,0.0851,0.3906,-0.0067,1788374218.817
15.313,2.7364,5.0933,0.0850,0.3906,-0.0067,1788374218.838
15.332,2.7441,5.0940,0.0848,0.3906,-0.0067,1788374218.857
15.352,2.7519,5.0946,0.0847,0.3906,-0.0067,1788374218.878
15.372,2.7597,5.0953,0.0839,0.3913,-0.0411,1788374218.897
15.392,2.7675,5.0959,0.0831,0.3913,-0.0411,1788374218.917
15.412,2.7753,5.0966,0.0822,0.3913,-0.0411,1788374218.937
15.432,2.7831,5.0972,0.0814,0.3913,-0.0411,1788374218.957
15.453,2.7909,5.0978,0.0806,0.3913,-0.0411,1788374218.978
15.472,2.7987,5.0985,0.0799,0.3912,-0.0355,1788374218.997
15.493,2.8065,5.0991,0.0792,0.3912,-0.0355,1788374219.018
15.512,2.8143,5.0997,0.0785,0.3912,-0.0355,1788374219.037
15.532,2.8221,5.1003,0.0778,0.3912,-0.0355,1788374219.057
15.552,2.8299,5.1009,0.0770,0.3912,-0.0355,1788374219.077
15.572,2.8375,5.1015,0.0764,0.3781,-0.0330,1788374219.097
15.592,2.8450,5.1021,0.0757,0.3781,-0.0330,1788374219.118
15.612,2.8526,5.1026,0.0751,0.3781,-0.0330,1788374219.138
15.632,2.8601,5.1032,0.0744,0.3781,-0.0330,1788374219.157
15.652,2.8676,5.1037,0.0737,0.3781,-0.0330,1788374219.177
15.672,2.8754,5.1043,0.0734,0.3874,-0.0153,1788374219.197
15.692,2.8831,5.1049,0.0731,0.3874,-0.0153,1788374219.218
15.712,2.8908,5.1054,0.0728,0.3874,-0.0153,1788374219.238
15.732,2.8985,5.1060,0.0725,0.3874,-0.0153,1788374219.257
15.752,2.9063,5.1066,0.0722,0.3874,-0.0153,1788374219.277
15.772,2.9139,5.1071,0.0728,0.3834,0.0270,1788374219.297
15.793,2.9216,5.1077,0.0733,0.3834,0.0270,1788374219.318
15.812,2.9292,5.1082,0.0738,0.3834,0.0270,1788374219.338
15.832,2.9369,5.1088,0.0744,0.3834,0.0270,1788374219.357
15.853,2.9445,5.1094,0.0749,0.3834,0.0270,1788374219.378
15.872,2.9523,5.1100,0.0752,0.3915,0.0157,1788374219.397
15.892,2.9601,5.1106,0.0755,0.3915,0.0157,1788374219.418
15.912,2.9679,5.1112,0.0759,0.3915,0.0157,1788374219.437
15.932,2.9757,5.1118,0.0762,0.3915,0.0157,1788374219.458
15.952,2.9836,5.1124,0.0765,0.3915,0.0157,1788374219.477
15.972,2.9912,5.1129,0.0772,0.3837,0.0349,1788374219.497
15.993,2.9989,5.1135,0.0779,0.3837,0.0349,1788374219.518
16.013,3.0065,5.1141,0.0786,0.3837,0.0349,1788374219.538
16.032,3.0142,5.1148,0.0793,0.3837,0.0349,1788374219.557
16.052,3.0218,5.1154,0.0800,0.3837,0.0349,1788374219.578
16.072,3.0296,5.1160,0.0811,0.3888,0.0550,1788374219.597
16.093,3.0373,5.1166,0.0822,0.3888,0.0550,1788374219.618
16.112,3.0451,5.1173,0.0833,0.3888,0.0550,1788374219.637
16.132,3.0528,5.1179,0.0844,0.3888,0.0550,1788374219.657
16.152,3.0606,5.1186,0.0855,0.3888,0.0550,1788374219.678
16.172,3.0683,5.1193,0.0865,0.3897,0.0524,1788374219.697
16.193,3.0761,5.1200,0.0876,0.3897,0.0524,1788374219.719
16.212,3.0838,5.1206,0.0886,0.3897,0.0524,1788374219.737
16.232,3.0916,5.1213,0.0897,0.3897,0.0524,1788374219.757
16.253,3.0994,5.1221,0.0907,0.3897,0.0524,1788374219.779
16.272,3.1072,5.1228,0.0920,0.3935,0.0641,1788374219.797
16.292,3.1150,5.1235,0.0933,0.3935,0.0641,1788374219.818
16.312,3.1229,5.1243,0.0946,0.3935,0.0641,1788374219.837
16.332,3.1307,5.1250,0.0958,0.3935,0.0641,1788374219.857
16.353,3.1385,5.1258,0.0971,0.3935,0.0641,1788374219.878
16.372,3.1464,5.1265,0.0981,0.3925,0.0470,1788374219.897
16.393,3.1542,5.1273,0.0990,0.3925,0.0470,1788374219.918
16.412,3.1620,5.1281,0.0999,0.3925,0.0470,1788374219.937
16.433,3.1698,5.1289,0.1009,0.3925,0.0470,1788374219.958
16.452,3.1776,5.1297,0.1018,0.3925,0.0470,1788374219.977
16.472,3.1854,5.1305,0.1028,0.3925,0.0470,1788374219.997
16.492,3.1932,5.1313,0.1030,0.3897,0.0130,1788374220.017
16.512,3.2009,5.1321,0.1033,0.3897,0.0130,1788374220.037
16.532,3.2087,5.1329,0.1035,0.3897,0.0130,1788374220.057
16.552,3.2164,5.1337,0.1038,0.3897,0.0130,1788374220.078
16.572,3.2241,5.1345,0.1030,0.3861,-0.0420,1788374220.097
16.593,3.2318,5.1353,0.1021,0.3861,-0.0420,1788374220.118
16.612,3.2395,5.1361,0.1013,0.3861,-0.0420,1788374220.137
16.632,3.2472,5.1368,0.1004,0.3861,-0.0420,1788374220.157
16.652,3.2548,5.1376,0.0996,0.3861,-0.0420,1788374220.178
16.672,3.2625,5.1384,0.0986,0.3851,-0.0487,1788374220.197
16.692,3.2702,5.1391,0.0977,0.3851,-0.0487,1788374220.218
16.712,3.2778,5.1399,0.0967,0.3851,-0.0487,1788374220.238
16.732,3.2855,5.1406,0.0957,0.3851,-0.0487,1788374220.257
16.753,3.2932,5.1413,0.0947,0.3851,-0.0487,1788374220.278
16.772,3.3008,5.1421,0.0938,0.3851,-0.0487,1788374220.297
16.792,3.3084,5.1428,0.0922,0.3811,-0.0801,1788374220.317
16.812,3.3160,5.1434,0.0905,0.3811,-0.0801,1788374220.337
16.832,3.3236,5.1441,0.0889,0.3811,-0.0801,1788374220.357
16.853,3.3312,5.1448,0.0873,0.3811,-0.0801,1788374220.378
16.872,3.3390,5.1454,0.0855,0.3888,-0.0945,1788374220.397
16.893,3.3467,5.1461,0.0836,0.3888,-0.0945,1788374220.418
16.913,3.3545,5.1467,0.0817,0.3888,-0.0945,1788374220.438
16.933,3.3622,5.1473,0.0798,0.3888,-0.0945,1788374220.458
16.953,3.3700,5.1480,0.0779,0.3888,-0.0945,1788374220.478
16.972,3.3777,5.1485,0.0756,0.3893,-0.1141,1788374220.497
16.992,3.3855,5.1491,0.0733,0.3893,-0.1141,1788374220.518
17.012,3.3933,5.1497,0.0711,0.3893,-0.1141,1788374220.537
17.033,3.4010,5.1502,0.0688,0.3893,-0.1141,1788374220.558
17.052,3.4088,5.1507,0.0665,0.3893,-0.1141,1788374220.577
17.072,3.4164,5.1512,0.0644,0.3796,-0.1037,1788374220.597
17.092,3.4239,5.1517,0.0623,0.3796,-0.1037,1788374220.618
17.112,3.4315,5.1521,0.0603,0.3796,-0.1037,1788374220.637
17.133,3.4391,5.1526,0.0582,0.3796,-0.1037,1788374220.658
17.152,3.4467,5.1530,0.0561,0.3796,-0.1037,1788374220.677
17.172,3.4544,5.1534,0.0548,0.3850,-0.0684,1788374220.697
17.192,3.4621,5.1538,0.0534,0.3850,-0.0684,1788374220.717
17.212,3.4697,5.1542,0.0520,0.3850,-0.0684,1788374220.737
17.232,3.4774,5.1546,0.0506,0.3850,-0.0684,1788374220.758
17.252,3.4851,5.1550,0.0493,0.3850,-0.0684,1788374220.777
17.272,3.4928,5.1554,0.0475,0.3853,-0.0909,1788374220.797
17.292,3.5005,5.1557,0.0456,0.3853,-0.0909,1788374220.817
17.312,3.5082,5.1561,0.0438,0.3853,-0.0909,1788374220.837
17.332,3.5159,5.1564,0.0420,0.3853,-0.0909,1788374220.858
17.352,3.5236,5.1567,0.0402,0.3853,-0.0909,1788374220.877
17.372,3.5314,5.1570,0.0387,0.3873,-0.0732,1788374220.897
17.392,3.5391,5.1573,0.0373,0.3873,-0.0732,1788374220.918
17.412,3.5468,5.1576,0.0358,0.3873,-0.0732,1788374220.937
17.433,3.5546,5.1578,0.0343,0.3873,-0.0732,1788374220.958
17.452,3.5623,5.1581,0.0329,0.3873,-0.0732,1788374220.977
17.472,3.5701,5.1583,0.0317,0.3882,-0.0565,1788374220.997
17.493,3.5778,5.1586,0.0306,0.3882,-0.0565,1788374221.018
17.512,3.5856,5.1588,0.0295,0.3882,-0.0565,1788374221.037
17.533,3.5934,5.1590,0.0283,0.3882,-0.0565,1788374221.058
17.552,3.6011,5.1592,0.0272,0.3882,-0.0565,1788374221.078
17.572,3.6089,5.1594,0.0256,0.3901,-0.0831,1788374221.097
17.593,3.6167,5.1596,0.0239,0.3901,-0.0831,1788374221.118
17.612,3.6245,5.1598,0.0222,0.3901,-0.0831,1788374221.137
17.632,3.6323,5.1599,0.0206,0.3901,-0.0831,1788374221.157
17.652,3.6401,5.1601,0.0189,0.3901,-0.0831,1788374221.177
17.672,3.6478,5.1602,0.0185,0.3829,-0.0208,1788374221.197
17.692,3.6554,5.1604,0.0181,0.3829,-0.0208,1788374221.217
17.712,3.6631,5.1605,0.0177,0.3829,-0.0208,1788374221.238
17.733,3.6707,5.1606,0.0172,0.3829,-0.0208,1788374221.258
17.752,3.6784,5.1608,0.0168,0.3829,-0.0208,1788374221.278
17.772,3.6860,5.1609,0.0170,0.3823,0.0104,1788374221.297
17.793,3.6937,5.1610,0.0172,0.3823,0.0104,1788374221.318
17.812,3.7013,5.1612,0.0174,0.3823,0.0104,1788374221.337
17.833,3.7090,5.1613,0.0177,0.3823,0.0104,1788374221.358
17.852,3.7166,5.1614,0.0179,0.3823,0.0104,1788374221.377
17.872,3.7244,5.1616,0.0190,0.3882,0.0585,1788374221.397
17.893,3.7321,5.1617,0.0202,0.3882,0.0585,1788374221.418
17.912,3.7399,5.1619,0.0214,0.3882,0.0585,1788374221.437
17.933,3.7477,5.1621,0.0225,0.3882,0.0585,1788374221.458
17.953,3.7554,5.1623,0.0237,0.3882,0.0585,1788374221.478
17.972,3.7632,5.1625,0.0253,0.3861,0.0812,1788374221.497
17.992,3.7709,5.1627,0.0270,0.3861,0.0812,1788374221.517
18.013,3.7786,5.1629,0.0286,0.3861,0.0812,1788374221.538
18.033,3.7863,5.1631,0.0302,0.3861,0.0812,1788374221.558
18.052,3.7940,5.1634,0.0318,0.3861,0.0812,1788374221.578
18.072,3.8018,5.1636,0.0331,0.3901,0.0657,1788374221.597
18.093,3.8096,5.1639,0.0345,0.3901,0.0657,1788374221.618
18.112,3.8174,5.1642,0.0358,0.3901,0.0657,1788374221.638
18.133,3.8252,5.1645,0.0371,0.3901,0.0657,1788374221.658
18.152,3.8330,5.1648,0.0384,0.3901,0.0657,1788374221.677
18.172,3.8408,5.1651,0.0398,0.3904,0.0722,1788374221.697
18.193,3.8486,5.1654,0.0413,0.3904,0.0722,1788374221.718
18.213,3.8564,5.1657,0.0427,0.3904,0.0722,1788374221.738
18.232,3.8642,5.1661,0.0442,0.3904,0.0722,1788374221.757
18.252,3.8720,5.1664,0.0456,0.3904,0.0722,1788374221.778
18.272,3.8797,5.1668,0.0470,0.3849,0.0676,1788374221.797
18.293,3.8874,5.1672,0.0483,0.3849,0.0676,1788374221.818
18.312,3.8951,5.1675,0.0497,0.3849,0.0676,1788374221.837
18.332,3.9028,5.1679,0.0510,0.3849,0.0676,1788374221.858
18.352,3.9105,5.1683,0.0524,0.3849,0.0676,1788374221.877
18.372,3.9181,5.1688,0.0535,0.3829,0.0564,1788374221.897
18.392,3.9257,5.1692,0.0546,0.3829,0.0564,1788374221.917
18.413,3.9334,5.1696,0.0558,0.3829,0.0564,1788374221.938
18.432,3.9410,5.1700,0.0569,0.3829,0.0564,1788374221.957
18.452,3.9487,5.1705,0.0580,0.3829,0.0564,1788374221.977
18.472,3.9564,5.1709,0.0591,0.3848,0.0547,1788374221.997
18.492,3.9641,5.1714,0.0602,0.3848,0.0547,1788374222.017
18.513,3.9717,5.1719,0.0613,0.3848,0.0547,1788374222.038
18.532,3.9794,5.1723,0.0624,0.3848,0.0547,1788374222.057
18.552,3.9871,5.1728,0.0635,0.3848,0.0547,1788374222.077
18.572,3.9949,5.1733,0.0636,0.3908,0.0069,1788374222.097
18.594,4.0027,5.1738,0.0638,0.3908,0.0069,1788374222.119
18.612,4.0105,5.1743,0.0639,0.3908,0.0069,1788374222.137
18.632,4.0183,5.1748,0.0640,0.3908,0.0069,1788374222.157
18.653,4.0261,5.1753,0.0642,0.3908,0.0069,1788374222.178
18.672,4.0339,5.1758,0.0632,0.3891,-0.0505,1788374222.197
18.692,4.0416,5.1763,0.0622,0.3891,-0.0505,1788374222.217
18.712,4.0494,5.1768,0.0611,0.3891,-0.0505,1788374222.237
18.732,4.0572,5.1772,0.0601,0.3891,-0.0505,1788374222.257
18.752,4.0649,5.1777,0.0591,0.3891,-0.0505,1788374222.277
18.772,4.0726,5.1782,0.0589,0.3840,-0.0116,1788374222.297
18.792,4.0803,5.1786,0.0587,0.3840,-0.0116,1788374222.317
18.812,4.0879,5.1791,0.0584,0.3840,-0.0116,1788374222.337
18.832,4.0956,5.1795,0.0582,0.3840,-0.0116,1788374222.357
18.852,4.1033,5.1799,0.0580,0.3840,-0.0116,1788374222.377
18.872,4.1109,5.1804,0.0573,0.3827,-0.0351,1788374222.397
18.892,4.1185,5.1808,0.0566,0.3827,-0.0351,1788374222.417
18.913,4.1262,5.1812,0.0559,0.3827,-0.0351,1788374222.438
18.932,4.1338,5.1817,0.0552,0.3827,-0.0351,1788374222.457
18.952,4.1415,5.1821,0.0545,0.3827,-0.0351,1788374222.477
18.972,4.1492,5.1825,0.0550,0.3871,0.0287,1788374222.497
18.992,4.1569,5.1829,0.0556,0.3871,0.0287,1788374222.517
19.013,4.1647,5.1834,0.0562,0.3871,0.0287,1788374222.538
19.032,4.1724,5.1838,0.0568,0.3871,0.0287,1788374222.557
19.052,4.1801,5.1843,0.0573,0.3871,0.0287,1788374222.578
19.072,4.1879,5.1847,0.0583,0.3896,0.0498,1788374222.597
19.092,4.1957,5.1852,0.0593,0.3896,0.0498,1788374222.617
19.112,4.2035,5.1856,0.0603,0.3896,0.0498,1788374222.637
19.132,4.2112,5.1861,0.0613,0.3896,0.0498,1788374222.658
19.152,4.2190,5.1866,0.0623,0.3896,0.0498,1788374222.677
19.172,4.2267,5.1871,0.0635,0.3879,0.0600,1788374222.697
19.192,4.2345,5.1876,0.0647,0.3879,0.0600,1788374222.717
19.212,4.2422,5.1881,0.0659,0.3879,0.0600,1788374222.737
19.233,4.2500,5.1886,0.0671,0.3879,0.0600,1788374222.758
19.253,4.2577,5.1892,0.0683,0.3879,0.0600,1788374222.778
19.272,4.2654,5.1897,0.0695,0.3879,0.0600,1788374222.798
19.295,4.2732,5.1903,0.0708,0.3894,0.0648,1788374222.820
19.312,4.2810,5.1908,0.0721,0.3894,0.0648,1788374222.837
19.334,4.2888,5.1914,0.0734,0.3894,0.0648,1788374222.859
19.352,4.2965,5.1920,0.0747,0.3894,0.0648,1788374222.877
19.372,4.3043,5.1926,0.0763,0.3894,0.0813,1788374222.897
19.393,4.3121,5.1932,0.0779,0.3894,0.0813,1788374222.918
19.412,4.3198,5.1938,0.0796,0.3894,0.0813,1788374222.938
19.432,4.3276,5.1944,0.0812,0.3894,0.0813,1788374222.957
19.452,4.3353,5.1951,0.0828,0.3894,0.0813,1788374222.977
19.472,4.3430,5.1957,0.0846,0.3863,0.0871,1788374222.997
19.493,4.3507,5.1964,0.0863,0.3863,0.0871,1788374223.018
19.512,4.3584,5.1971,0.0880,0.3863,0.0871,1788374223.037
19.532,4.3661,5.1978,0.0898,0.3863,0.0871,1788374223.057
19.552,4.3738,5.1985,0.0915,0.3863,0.0871,1788374223.077
19.572,4.3815,5.1992,0.0928,0.3877,0.0642,1788374223.097
19.593,4.3893,5.1999,0.0941,0.3877,0.0642,1788374223.118
19.612,4.3970,5.2006,0.0954,0.3877,0.0642,1788374223.137
19.632,4.4047,5.2014,0.0967,0.3877,0.0642,1788374223.157
19.653,4.4124,5.2021,0.0979,0.3877,0.0642,1788374223.178
19.672,4.4202,5.2029,0.0981,0.3903,0.0100,1788374223.197
19.693,4.4280,5.2037,0.0983,0.3903,0.0100,1788374223.218
19.712,4.4357,5.2044,0.0985,0.3903,0.0100,1788374223.238
19.732,4.4435,5.2052,0.0987,0.3903,0.0100,1788374223.258
19.753,4.4513,5.2060,0.0989,0.3903,0.0100,1788374223.278
19.772,4.4590,5.2068,0.0990,0.3885,0.0044,1788374223.297
19.792,4.4667,5.2075,0.0991,0.3885,0.0044,1788374223.317
19.812,4.4745,5.2083,0.0992,0.3885,0.0044,1788374223.337
19.832,4.4822,5.2091,0.0993,0.3885,0.0044,1788374223.357
19.852,4.4899,5.2098,0.0994,0.3885,0.0044,1788374223.378
19.872,4.4977,5.2106,0.0995,0.3885,0.0073,1788374223.397
19.893,4.5054,5.2114,0.0997,0.3885,0.0073,1788374223.418
19.913,4.5131,5.2122,0.0998,0.3885,0.0073,1788374223.438
19.932,4.5208,5.2129,0.1000,0.3885,0.0073,1788374223.457
19.952,4.5286,5.2137,0.1001,0.3885,0.0073,1788374223.477
19.972,4.5363,5.2145,0.0992,0.3893,-0.0465,1788374223.497
19.993,4.5441,5.2152,0.0982,0.3893,-0.0465,1788374223.518
20.012,4.5518,5.2160,0.0973,0.3893,-0.0465,1788374223.537
20.032,4.5596,5.2167,0.0964,0.3893,-0.0465,1788374223.558
20.052,4.5673,5.2175,0.0955,0.3893,-0.0465,1788374223.578
20.072,4.5749,5.2182,0.0931,0.3792,-0.1154,1788374223.597
20.093,4.5824,5.2189,0.0908,0.3792,-0.1154,1788374223.618
20.112,4.5900,5.2196,0.0885,0.3792,-0.1154,1788374223.637
20.132,4.5975,5.2202,0.0862,0.3792,-0.1154,1788374223.658
20.153,4.6051,5.2208,0.0839,0.3792,-0.1154,1788374223.678
20.172,4.6127,5.2215,0.0808,0.3800,-0.1561,1788374223.697
20.192,4.6202,5.2220,0.0777,0.3800,-0.1561,1788374223.717
20.213,4.6278,5.2226,0.0746,0.3800,-0.1561,1788374223.738
20.232,4.6354,5.2232,0.0714,0.3800,-0.1561,1788374223.757
20.252,4.6430,5.2237,0.0683,0.3800,-0.1561,1788374223.778
20.272,4.6508,5.2242,0.0656,0.3915,-0.1372,1788374223.797
20.293,4.6586,5.2247,0.0628,0.3915,-0.1372,1788374223.818
20.312,4.6664,5.2251,0.0601,0.3915,-0.1372,1788374223.838
20.332,4.6742,5.2256,0.0573,0.3915,-0.1372,1788374223.857
20.353,4.6821,5.2260,0.0546,0.3915,-0.1372,1788374223.878
20.372,4.6897,5.2264,0.0521,0.3836,-0.1233,1788374223.897
20.393,4.6974,5.2268,0.0497,0.3836,-0.1233,1788374223.918
20.412,4.7050,5.2272,0.0472,0.3836,-0.1233,1788374223.938
20.433,4.7127,5.2275,0.0447,0.3836,-0.1233,1788374223.958
20.452,4.7204,5.2278,0.0423,0.3836,-0.1233,1788374223.977
20.472,4.7280,5.2281,0.0410,0.3822,-0.0614,1788374223.997
20.492,4.7356,5.2285,0.0398,0.3822,-0.0614,1788374224.017
20.512,4.7433,5.2287,0.0386,0.3822,-0.0614,1788374224.037
20.532,4.7509,5.2290,0.0374,0.3822,-0.0614,1788374224.058
20.552,4.7586,5.2293,0.0361,0.3822,-0.0614,1788374224.077
20.572,4.7664,5.2296,0.0349,0.3911,-0.0605,1788374224.097
20.592,4.7742,5.2298,0.0337,0.3911,-0.0605,1788374224.117
20.612,4.7820,5.2301,0.0325,0.3911,-0.0605,1788374224.137
20.632,4.7898,5.2303,0.0313,0.3911,-0.0605,1788374224.158
20.652,4.7977,5.2306,0.0301,0.3911,-0.0605,1788374224.177
20.672,4.8055,5.2308,0.0282,0.3930,-0.0948,1788374224.197
20.693,4.8134,5.2310,0.0263,0.3930,-0.0948,1788374224.218
20.712,4.8212,5.2312,0.0244,0.3930,-0.0948,1788374224.237
20.732,4.8291,5.2314,0.0225,0.3930,-0.0948,1788374224.257
20.752,4.8369,5.2315,0.0206,0.3930,-0.0948,1788374224.277
20.772,4.8447,5.2317,0.0206,0.3903,-0.0016,1788374224.297
20.793,4.8525,5.2319,0.0205,0.3903,-0.0016,1788374224.318
20.812,4.8604,5.2320,0.0205,0.3903,-0.0016,1788374224.337
20.832,4.8682,5.2322,0.0205,0.3903,-0.0016,1788374224.357
20.852,4.8760,5.2323,0.0204,0.3903,-0.0016,1788374224.377
20.872,4.8839,5.2325,0.0213,0.3954,0.0431,1788374224.397
20.893,4.8918,5.2327,0.0222,0.3954,0.0431,1788374224.418
20.912,4.8997,5.2329,0.0230,0.3954,0.0431,1788374224.437
20.933,4.9076,5.2331,0.0239,0.3954,0.0431,1788374224.458
20.952,4.9155,5.2332,0.0248,0.3954,0.0431,1788374224.477
20.972,4.9234,5.2335,0.0269,0.3965,0.1077,1788374224.497
20.992,4.9313,5.2337,0.0291,0.3965,0.1077,1788374224.518
21.012,4.9393,5.2339,0.0312,0.3965,0.1077,1788374224.537
21.032,4.9472,5.2342,0.0334,0.3965,0.1077,1788374224.558
21.053,4.9551,5.2345,0.0355,0.3965,0.1077,1788374224.578
21.072,4.9630,5.2348,0.0371,0.3933,0.0800,1788374224.598
21.092,4.9708,5.2351,0.0387,0.3933,0.0800,1788374224.618
21.113,4.9787,5.2354,0.0403,0.3933,0.0800,1788374224.638
21.132,4.9866,5.2357,0.0419,0.3933,0.0800,1788374224.657
21.152,4.9944,5.2361,0.0435,0.3933,0.0800,1788374224.677
21.172,5.0022,5.2364,0.0450,0.3872,0.0747,1788374224.697
21.192,5.0099,5.2368,0.0465,0.3872,0.0747,1788374224.717
21.213,5.0176,5.2372,0.0480,0.3872,0.0747,1788374224.738
21.233,5.0254,5.2375,0.0495,0.3872,0.0747,1788374224.758
21.252,5.0331,5.2379,0.0510,0.3872,0.0747,1788374224.777
21.272,5.0408,5.2383,0.0520,0.3866,0.0479,1788374224.797
21.293,5.0485,5.2387,0.0529,0.3866,0.0479,1788374224.818
21.312,5.0563,5.2392,0.0539,0.3866,0.0479,1788374224.837
21.332,5.0640,5.2396,0.0548,0.3866,0.0479,1788374224.857
21.352,5.0717,5.2400,0.0558,0.3866,0.0479,1788374224.877
21.372,5.0794,5.2404,0.0567,0.3861,0.0448,1788374224.897
21.392,5.0871,5.2409,0.0576,0.3861,0.0448,1788374224.917
21.412,5.0948,5.2413,0.0585,0.3861,0.0448,1788374224.937
21.432,5.1025,5.2418,0.0594,0.3861,0.0448,1788374224.958
21.452,5.1103,5.2423,0.0603,0.3861,0.0448,1788374224.978
21.472,5.1178,5.2427,0.0610,0.3786,0.0375,1788374224.997
21.493,5.1254,5.2432,0.0618,0.3786,0.0375,1788374225.018
21.512,5.1329,5.2437,0.0625,0.3786,0.0375,1788374225.037
21.532,5.1405,5.2441,0.0633,0.3786,0.0375,1788374225.058
21.552,5.1480,5.2446,0.0640,0.3786,0.0375,1788374225.078
21.572,5.1557,5.2451,0.0636,0.3832,-0.0218,1788374225.097
21.593,5.1633,5.2456,0.0631,0.3832,-0.0218,1788374225.118
21.612,5.1710,5.2461,0.0627,0.3832,-0.0218,1788374225.137
21.632,5.1786,5.2466,0.0623,0.3832,-0.0218,1788374225.158
21.653,5.1863,5.2470,0.0618,0.3832,-0.0218,1788374225.178
21.672,5.1940,5.2475,0.0607,0.3849,-0.0584,1788374225.197
21.692,5.2017,5.2480,0.0595,0.3849,-0.0584,1788374225.217
21.713,5.2093,5.2484,0.0583,0.3849,-0.0584,1788374225.238
21.733,5.2170,5.2488,0.0572,0.3849,-0.0584,1788374225.258
21.752,5.2247,5.2493,0.0560,0.3849,-0.0584,1788374225.277
21.772,5.2326,5.2497,0.0540,0.3930,-0.0974,1788374225.297
21.793,5.2404,5.2501,0.0521,0.3930,-0.0974,1788374225.318
21.812,5.2483,5.2505,0.0501,0.3930,-0.0974,1788374225.337
21.833,5.2561,5.2509,0.0482,0.3930,-0.0974,1788374225.358
21.852,5.2640,5.2512,0.0463,0.3930,-0.0974,1788374225.377
21.872,5.2718,5.2516,0.0447,0.3928,-0.0767,1788374225.397
21.893,5.2797,5.2519,0.0432,0.3928,-0.0767,1788374225.418
21.912,5.2875,5.2523,0.0416,0.3928,-0.0767,1788374225.437
21.932,5.2954,5.2526,0.0401,0.3928,-0.0767,1788374225.457
21.953,5.3032,5.2529,0.0386,0.3928,-0.0767,1788374225.478
21.972,5.3111,5.2532,0.0376,0.3948,-0.0494,1788374225.497
21.992,5.3190,5.2535,0.0366,0.3948,-0.0494,1788374225.517
22.012,5.3269,5.2537,0.0356,0.3948,-0.0494,1788374225.538
22.032,5.3348,5.2540,0.0346,0.3948,-0.0494,1788374225.557
22.053,5.3427,5.2543,0.0336,0.3948,-0.0494,1788374225.578
22.075,5.3505,5.2545,0.0327,0.3948,-0.0494,1788374225.600
22.092,5.3583,5.2548,0.0315,0.3873,-0.0560,1788374225.617
22.112,5.3660,5.2550,0.0304,0.3873,-0.0560,1788374225.638
22.132,5.3738,5.2553,0.0293,0.3873,-0.0560,1788374225.657
22.153,5.3815,5.2555,0.0282,0.3873,-0.0560,1788374225.678
22.172,5.3892,5.2557,0.0276,0.3842,-0.0288,1788374225.697
22.192,5.3969,5.2559,0.0270,0.3842,-0.0288,1788374225.717
22.212,5.4046,5.2561,0.0264,0.3842,-0.0288,1788374225.737
22.233,5.4122,5.2563,0.0259,0.3842,-0.0288,1788374225.759
22.252,5.4199,5.2565,0.0253,0.3842,-0.0288,1788374225.778
22.272,5.4276,5.2567,0.0247,0.3842,-0.0288,1788374225.797
22.292,5.4353,5.2569,0.0251,0.3857,0.0197,1788374225.817
22.312,5.4430,5.2571,0.0255,0.3857,0.0197,1788374225.837
22.332,5.4507,5.2573,0.0259,0.3857,0.0197,1788374225.857
22.352,5.4585,5.2575,0.0263,0.3857,0.0197,1788374225.878
22.372,5.4662,5.2577,0.0286,0.3888,0.1176,1788374225.897
22.393,5.4740,5.2579,0.0310,0.3888,0.1176,1788374225.918
22.412,5.4818,5.2582,0.0333,0.3888,0.1176,1788374225.938
22.432,5.4895,5.2585,0.0357,0.3888,0.1176,1788374225.957
22.453,5.4973,5.2588,0.0380,0.3888,0.1176,1788374225.979
22.472,5.5051,5.2591,0.0410,0.3902,0.1485,1788374225.997
22.493,5.5129,5.2594,0.0440,0.3902,0.1485,1788374226.018
22.512,5.5207,5.2598,0.0470,0.3902,0.1485,1788374226.037
22.532,5.5285,5.2602,0.0499,0.3902,0.1485,1788374226.057
22.552,5.5363,5.2606,0.0529,0.3902,0.1485,1788374226.077
22.572,5.5441,5.2610,0.0553,0.3931,0.1225,1788374226.097
22.593,5.5520,5.2615,0.0578,0.3931,0.1225,1788374226.118
22.612,5.5598,5.2620,0.0602,0.3931,0.1225,1788374226.137
22.632,5.5677,5.2625,0.0627,0.3931,0.1225,1788374226.157
22.653,5.5755,5.2630,0.0651,0.3931,0.1225,1788374226.178
22.672,5.5833,5.2635,0.0669,0.3884,0.0865,1788374226.197
22.692,5.5910,5.2640,0.0686,0.3884,0.0865,1788374226.217
22.713,5.5988,5.2646,0.0703,0.3884,0.0865,1788374226.238
22.732,5.6065,5.2651,0.0721,0.3884,0.0865,1788374226.257
22.752,5.6143,5.2657,0.0738,0.3884,0.0865,1788374226.277
22.772,5.6221,5.2663,0.0758,0.3911,0.1015,1788374226.297
22.793,5.6299,5.2669,0.0779,0.3911,0.1015,1788374226.318
22.813,5.6377,5.2675,0.0799,0.3911,0.1015,1788374226.338
22.833,5.6455,5.2682,0.0819,0.3911,0.1015,1788374226.358
22.852,5.6532,5.2688,0.0839,0.3911,0.1015,1788374226.377
22.872,5.6610,5.2695,0.0863,0.3891,0.1151,1788374226.397
22.892,5.6688,5.2702,0.0886,0.3891,0.1151,1788374226.417
22.913,5.6765,5.2709,0.0909,0.3891,0.1151,1788374226.438
22.932,5.6842,5.2716,0.0932,0.3891,0.1151,1788374226.457
22.953,5.6920,5.2723,0.0955,0.3891,0.1151,1788374226.478
22.972,5.6998,5.2731,0.0973,0.3924,0.0926,1788374226.497
22.992,5.7076,5.2739,0.0992,0.3924,0.0926,1788374226.517
23.013,5.7154,5.2747,0.1010,0.3924,0.0926,1788374226.538
23.034,5.7232,5.2755,0.1029,0.3924,0.0926,1788374226.559
23.052,5.7310,5.2763,0.1047,0.3924,0.0926,1788374226.577
23.072,5.7388,5.2771,0.1056,0.3886,0.0455,1788374226.597
23.094,5.7465,5.2779,0.1065,0.3886,0.0455,1788374226.619
23.112,5.7542,5.2788,0.1074,0.3886,0.0455,1788374226.637
23.132,5.7619,5.2796,0.1084,0.3886,0.0455,1788374226.658
23.152,5.7697,5.2805,0.1093,0.3886,0.0455,1788374226.678
23.172,5.7773,5.2813,0.1100,0.3850,0.0386,1788374226.697
23.192,5.7850,5.2822,0.1108,0.3850,0.0386,1788374226.717
23.212,5.7926,5.2830,0.1116,0.3850,0.0386,1788374226.737
23.232,5.8003,5.2839,0.1124,0.3850,0.0386,1788374226.757
23.253,5.8079,5.2848,0.1131,0.3850,0.0386,1788374226.778
23.272,5.8156,5.2856,0.1131,0.3884,-0.0035,1788374226.797
23.295,5.8234,5.2865,0.1130,0.3884,-0.0035,1788374226.820
23.313,5.8311,5.2874,0.1129,0.3884,-0.0035,1788374226.838
23.332,5.8388,5.2883,0.1128,0.3884,-0.0035,1788374226.857
23.352,5.8465,5.2891,0.1128,0.3884,-0.0035,1788374226.877
23.372,5.8542,5.2900,0.1129,0.3854,0.0047,1788374226.897
23.393,5.8618,5.2909,0.1130,0.3854,0.0047,1788374226.918
23.412,5.8695,5.2917,0.1131,0.3854,0.0047,1788374226.937
23.432,5.8771,5.2926,0.1132,0.3854,0.0047,1788374226.957
23.452,5.8848,5.2935,0.1132,0.3854,0.0047,1788374226.977
23.472,5.8925,5.2944,0.1135,0.3859,0.0126,1788374226.997
23.493,5.9001,5.2952,0.1137,0.3859,0.0126,1788374227.018
23.512,5.9078,5.2961,0.1140,0.3859,0.0126,1788374227.037
23.533,5.9155,5.2970,0.1143,0.3859,0.0126,1788374227.058
23.552,5.9231,5.2979,0.1145,0.3859,0.0126,1788374227.078
23.572,5.9309,5.2988,0.1146,0.3921,0.0065,1788374227.097
23.593,5.9387,5.2997,0.1148,0.3921,0.0065,1788374227.118
23.612,5.9465,5.3006,0.1149,0.3921,0.0065,1788374227.137
23.633,5.9543,5.3015,0.1150,0.3921,0.0065,1788374227.158
23.653,5.9621,5.3024,0.1152,0.3921,0.0065,1788374227.178
23.672,5.9699,5.3033,0.1153,0.3921,0.0065,1788374227.197
23.693,5.9776,5.3042,0.1139,0.3898,-0.0711,1788374227.218
23.712,5.9854,5.3050,0.1124,0.3898,-0.0711,1788374227.237
23.732,5.9931,5.3059,0.1110,0.3898,-0.0711,1788374227.257
23.752,6.0009,5.3067,0.1096,0.3898,-0.0711,1788374227.277
23.772,6.0084,5.3076,0.1075,0.3783,-0.1029,1788374227.297
23.793,6.0159,5.3084,0.1055,0.3783,-0.1029,1788374227.318
23.812,6.0234,5.3091,0.1034,0.3783,-0.1029,1788374227.338
23.832,6.0310,5.3099,0.1014,0.3783,-0.1029,1788374227.357
23.852,6.0385,5.3106,0.0993,0.3783,-0.1029,1788374227.378
23.872,6.0462,5.3114,0.0971,0.3889,-0.1121,1788374227.397
23.893,6.0540,5.3121,0.0948,0.3889,-0.1121,1788374227.418
23.913,6.0617,5.3129,0.0926,0.3889,-0.1121,1788374227.438
23.932,6.0695,5.3136,0.0903,0.3889,-0.1121,1788374227.457
23.953,6.0772,5.3142,0.0881,0.3889,-0.1121,1788374227.478
23.973,6.0850,5.3149,0.0858,0.3889,-0.1121,1788374227.499
23.992,6.0927,5.3156,0.0834,0.3850,-0.1206,1788374227.517
24.013,6.1003,5.3162,0.0810,0.3850,-0.1206,1788374227.538
24.032,6.1080,5.3168,0.0786,0.3850,-0.1206,1788374227.557
24.052,6.1157,5.3174,0.0762,0.3850,-0.1206,1788374227.577
24.072,6.1235,5.3179,0.0728,0.3923,-0.1684,1788374227.597
24.093,6.1313,5.3185,0.0695,0.3923,-0.1684,1788374227.618
24.112,6.1392,5.3190,0.0661,0.3923,-0.1684,1788374227.637
24.132,6.1470,5.3195,0.0627,0.3923,-0.1684,1788374227.657
24.153,6.1548,5.3200,0.0594,0.3923,-0.1684,1788374227.678
24.172,6.1627,5.3204,0.0558,0.3938,-0.1767,1788374227.697
24.192,6.1706,5.3208,0.0523,0.3938,-0.1767,1788374227.717
24.213,6.1784,5.3212,0.0488,0.3938,-0.1767,1788374227.738
24.232,6.1863,5.3215,0.0452,0.3938,-0.1767,1788374227.757
24.252,6.1942,5.3219,0.0417,0.3938,-0.1767,1788374227.778
24.272,6.2020,5.3222,0.0368,0.3910,-0.2435,1788374227.797
24.292,6.2098,5.3224,0.0319,0.3910,-0.2435,1788374227.817
24.312,6.2176,5.3226,0.0271,0.3910,-0.2435,1788374227.837
24.333,6.2254,5.3228,0.0222,0.3910,-0.2435,1788374227.858
24.352,6.2333,5.3229,0.0173,0.3910,-0.2435,1788374227.877
24.372,6.2411,5.3230,0.0117,0.3926,-0.2795,1788374227.897
24.393,6.2490,5.3231,0.0062,0.3926,-0.2795,1788374227.918
24.412,6.2568,5.3231,0.0006,0.3926,-0.2795,1788374227.937
24.432,6.2647,5.3230,-0.0050,0.3926,-0.2795,1788374227.957
24.452,6.2725,5.3230,-0.0106,0.3926,-0.2795,1788374227.977
24.472,6.2803,5.3228,-0.0163,0.3918,-0.2853,1788374227.997
24.492,6.2882,5.3227,-0.0220,0.3918,-0.2853,1788374228.017
24.513,6.2960,5.3224,-0.0277,0.3918,-0.2853,1788374228.039
24.534,6.3038,5.3222,-0.0334,0.3918,-0.2853,1788374228.059
24.553,6.3117,5.3219,-0.0392,0.3918,-0.2853,1788374228.078
24.572,6.3195,5.3215,-0.0442,0.3921,-0.2541,1788374228.097
24.593,6.3273,5.3211,-0.0493,0.3921,-0.2541,1788374228.118
24.612,6.3352,5.3207,-0.0544,0.3921,-0.2541,1788374228.137
24.632,6.3430,5.3202,-0.0595,0.3921,-0.2541,1788374228.157
24.652,6.3508,5.3197,-0.0646,0.3921,-0.2541,1788374228.177
24.672,6.3586,5.3192,-0.0690,0.3884,-0.2240,1788374228.197
24.692,6.3663,5.3186,-0.0735,0.3884,-0.2240,1788374228.217
24.712,6.3741,5.3180,-0.0780,0.3884,-0.2240,1788374228.237
24.732,6.3818,5.3174,-0.0825,0.3884,-0.2240,1788374228.257
24.752,6.3895,5.3167,-0.0870,0.3884,-0.2240,1788374228.277
24.772,6.3972,5.3160,-0.0906,0.3836,-0.1826,1788374228.297
24.792,6.4048,5.3153,-0.0943,0.3836,-0.1826,1788374228.317
24.813,6.4125,5.3145,-0.0979,0.3836,-0.1826,1788374228.338
24.832,6.4201,5.3138,-0.1016,0.3836,-0.1826,1788374228.357
24.852,6.4277,5.3130,-0.1052,0.3836,-0.1826,1788374228.377
24.872,6.4354,5.3121,-0.1082,0.3881,-0.1475,1788374228.397
24.893,6.4432,5.3113,-0.1111,0.3881,-0.1475,1788374228.418
24.912,6.4509,5.3104,-0.1141,0.3881,-0.1475,1788374228.437
24.932,6.4586,5.3095,-0.1170,0.3881,-0.1475,1788374228.458
24.952,6.4663,5.3085,-0.1200,0.3881,-0.1475,1788374228.477
24.972,6.4739,5.3076,-0.1210,0.3842,-0.0537,1788374228.497
24.992,6.4815,5.3067,-0.1221,0.3842,-0.0537,1788374228.517
25.013,6.4892,5.3057,-0.1232,0.3842,-0.0537,1788374228.538
25.032,6.4968,5.3048,-0.1243,0.3842,-0.0537,1788374228.557
25.053,6.5044,5.3038,-0.1253,0.3842,-0.0537,1788374228.578
25.072,6.5119,5.3029,-0.1256,0.3777,-0.0122,1788374228.597
25.093,6.5194,5.3019,-0.1258,0.3777,-0.0122,1788374228.618
25.112,6.5269,5.3010,-0.1261,0.3777,-0.0122,1788374228.637
25.132,6.5344,5.3000,-0.1263,0.3777,-0.0122,1788374228.657
25.152,6.5419,5.2991,-0.1266,0.3777,-0.0122,1788374228.677
25.172,6.5494,5.2981,-0.1253,0.3806,0.0640,1788374228.697
25.192,6.5570,5.2972,-0.1240,0.3806,0.0640,1788374228.717
25.212,6.5645,5.2963,-0.1227,0.3806,0.0640,1788374228.737
25.232,6.5721,5.2953,-0.1214,0.3806,0.0640,1788374228.757
25.252,6.5796,5.2944,-0.1202,0.3806,0.0640,1788374228.777
25.272,6.5873,5.2935,-0.1185,0.3837,0.0808,1788374228.797
25.293,6.5949,5.2926,-0.1169,0.3837,0.0808,1788374228.818
25.312,6.6025,5.2917,-0.1153,0.3837,0.0808,1788374228.837
25.334,6.6101,5.2909,-0.1137,0.3837,0.0808,1788374228.859
25.353,6.6178,5.2900,-0.1121,0.3837,0.0808,1788374228.878
25.372,6.6256,5.2891,-0.1097,0.3920,0.1168,1788374228.897
25.392,6.6334,5.2883,-0.1074,0.3920,0.1168,1788374228.917
25.412,6.6411,5.2875,-0.1051,0.3920,0.1168,1788374228.937
25.432,6.6489,5.2867,-0.1027,0.3920,0.1168,1788374228.957
25.452,6.6567,5.2859,-0.1004,0.3920,0.1168,1788374228.977
25.472,6.6645,5.2851,-0.0981,0.3908,0.1165,1788374228.997
25.493,6.6723,5.2844,-0.0957,0.3908,0.1165,1788374229.018
25.512,6.6801,5.2836,-0.0934,0.3908,0.1165,1788374229.037
25.532,6.6879,5.2829,-0.0911,0.3908,0.1165,1788374229.058
25.552,6.6957,5.2822,-0.0887,0.3908,0.1165,1788374229.078
25.572,6.7035,5.2816,-0.0870,0.3923,0.0888,1788374229.097
25.592,6.7113,5.2809,-0.0852,0.3923,0.0888,1788374229.117
25.612,6.7191,5.2802,-0.0834,0.3923,0.0888,1788374229.137
25.634,6.7269,5.2796,-0.0816,0.3923,0.0888,1788374229.159
25.653,6.7348,5.2790,-0.0799,0.3923,0.0888,1788374229.178
25.672,6.7425,5.2784,-0.0794,0.3885,0.0247,1788374229.197
25.692,6.7502,5.2777,-0.0789,0.3885,0.0247,1788374229.217
25.712,6.7580,5.2771,-0.0784,0.3885,0.0247,1788374229.237
25.732,6.7657,5.2765,-0.0779,0.3885,0.0247,1788374229.257
25.752,6.7735,5.2759,-0.0774,0.3885,0.0247,1788374229.277
25.772,6.7813,5.2753,-0.0771,0.3918,0.0177,1788374229.297
25.792,6.7891,5.2747,-0.0767,0.3918,0.0177,1788374229.317
25.812,6.7969,5.2741,-0.0763,0.3918,0.0177,1788374229.337
25.832,6.8047,5.2735,-0.0760,0.3918,0.0177,1788374229.357
25.852,6.8126,5.2729,-0.0756,0.3918,0.0177,1788374229.377
25.872,6.8204,5.2723,-0.0760,0.3942,-0.0173,1788374229.397
25.892,6.8283,5.2717,-0.0763,0.3942,-0.0173,1788374229.417
25.912,6.8361,5.2711,-0.0767,0.3942,-0.0173,1788374229.437
25.932,6.8440,5.2705,-0.0770,0.3942,-0.0173,1788374229.458
25.952,6.8519,5.2699,-0.0774,0.3942,-0.0173,1788374229.477
25.972,6.8597,5.2693,-0.0785,0.3921,-0.0562,1788374229.497
25.993,6.8675,5.2687,-0.0796,0.3921,-0.0562,1788374229.518
26.012,6.8753,5.2681,-0.0807,0.3921,-0.0562,1788374229.537
26.033,6.8831,5.2674,-0.0819,0.3921,-0.0562,1788374229.558
26.052,6.8910,5.2668,-0.0830,0.3921,-0.0562,1788374229.577
26.072,6.8987,5.2661,-0.0847,0.3872,-0.0861,1788374229.597
26.093,6.9064,5.2654,-0.0864,0.3872,-0.0861,1788374229.618
26.113,6.9141,5.2648,-0.0882,0.3872,-0.0861,1788374229.638
26.132,6.9218,5.2641,-0.0899,0.3872,-0.0861,1788374229.657
26.152,6.9295,5.2634,-0.0916,0.3872,-0.0861,1788374229.677
26.172,6.9373,5.2626,-0.0939,0.3925,-0.1167,1788374229.697
26.192,6.9451,5.2619,-0.0963,0.3925,-0.1167,1788374229.717
26.213,6.9530,5.2611,-0.0986,0.3925,-0.1167,1788374229.738
26.232,6.9608,5.2603,-0.1009,0.3925,-0.1167,1788374229.757
26.253,6.9686,5.2595,-0.1033,0.3925,-0.1167,1788374229.778
26.281,6.9764,5.2587,-0.1056,0.3925,-0.1167,1788374229.806
26.292,6.9841,5.2578,-0.1083,0.3886,-0.1355,1788374229.817
26.313,6.9918,5.2570,-0.1110,0.3886,-0.1355,1788374229.838
26.332,6.9996,5.2561,-0.1137,0.3886,-0.1355,1788374229.858
26.353,7.0073,5.2552,-0.1164,0.3886,-0.1355,1788374229.878
26.372,7.0150,5.2543,-0.1192,0.3886,-0.1355,1788374229.897
26.392,7.0225,5.2533,-0.1217,0.3763,-0.1275,1788374229.917
26.412,7.0299,5.2524,-0.1243,0.3763,-0.1275,1788374229.938
26.432,7.0374,5.2515,-0.1268,0.3763,-0.1275,1788374229.957
26.452,7.0449,5.2505,-0.1294,0.3763,-0.1275,1788374229.978
26.472,7.0527,5.2494,-0.1321,0.3933,-0.1391,1788374229.997
26.493,7.0604,5.2484,-0.1349,0.3933,-0.1391,1788374230.018
26.512,7.0682,5.2473,-0.1377,0.3933,-0.1391,1788374230.037
26.532,7.0760,5.2462,-0.1405,0.3933,-0.1391,1788374230.057
26.552,7.0838,5.2451,-0.1433,0.3933,-0.1391,1788374230.078
26.572,7.0916,5.2439,-0.1452,0.3947,-0.0984,1788374230.097
26.592,7.0994,5.2428,-0.1472,0.3947,-0.0984,1788374230.118
26.612,7.1072,5.2416,-0.1492,0.3947,-0.0984,1788374230.138
26.632,7.1150,5.2404,-0.1511,0.3947,-0.0984,1788374230.157
26.652,7.1228,5.2392,-0.1531,0.3947,-0.0984,1788374230.177
26.672,7.1306,5.2380,-0.1541,0.3943,-0.0516,1788374230.197
26.692,7.1384,5.2368,-0.1552,0.3943,-0.0516,1788374230.217
26.712,7.1462,5.2356,-0.1562,0.3943,-0.0516,1788374230.238
26.732,7.1540,5.2343,-0.1572,0.3943,-0.0516,1788374230.258
26.752,7.1618,5.2331,-0.1583,0.3943,-0.0516,1788374230.278
26.772,7.1695,5.2318,-0.1594,0.3898,-0.0586,1788374230.297
26.793,7.1772,5.2306,-0.1606,0.3898,-0.0586,1788374230.318
26.812,7.1849,5.2293,-0.1618,0.3898,-0.0586,1788374230.337
26.832,7.1926,5.2281,-0.1630,0.3898,-0.0586,1788374230.357
26.852,7.2003,5.2268,-0.1641,0.3898,-0.0586,1788374230.377
26.872,7.2079,5.2255,-0.1646,0.3887,-0.0219,1788374230.397
26.892,7.2156,5.2243,-0.1650,0.3887,-0.0219,1788374230.417
26.912,7.2233,5.2230,-0.1654,0.3887,-0.0219,1788374230.437
26.933,7.2309,5.2217,-0.1659,0.3887,-0.0219,1788374230.458
26.953,7.2386,5.2204,-0.1663,0.3887,-0.0219,1788374230.478
26.972,7.2463,5.2191,-0.1663,0.3912,-0.0006,1788374230.497
26.993,7.2540,5.2178,-0.1663,0.3912,-0.0006,1788374230.518
27.012,7.2618,5.2165,-0.1664,0.3912,-0.0006,1788374230.537
27.032,7.2695,5.2152,-0.1664,0.3912,-0.0006,1788374230.558
27.052,7.2772,5.2139,-0.1664,0.3912,-0.0006,1788374230.578
27.072,7.2849,5.2126,-0.1657,0.3906,0.0323,1788374230.597
27.093,7.2926,5.2114,-0.1651,0.3906,0.0323,1788374230.618
27.112,7.3003,5.2101,-0.1644,0.3906,0.0323,1788374230.637
27.132,7.3080,5.2088,-0.1638,0.3906,0.0323,1788374230.657
27.152,7.3157,5.2075,-0.1632,0.3906,0.0323,1788374230.677
27.172,7.3234,5.2063,-0.1625,0.3862,0.0319,1788374230.697
27.192,7.3310,5.2050,-0.1619,0.3862,0.0319,1788374230.717
27.212,7.3386,5.2038,-0.1612,0.3862,0.0319,1788374230.737
27.233,7.3462,5.2026,-0.1606,0.3862,0.0319,1788374230.758
27.252,7.3538,5.2013,-0.1600,0.3862,0.0319,1788374230.778
27.272,7.3615,5.2001,-0.1594,0.3888,0.0263,1788374230.797
27.293,7.3692,5.1989,-0.1589,0.3888,0.0263,1788374230.818
27.312,7.3769,5.1976,-0.1584,0.3888,0.0263,1788374230.837
27.333,7.3846,5.1964,-0.1579,0.3888,0.0263,1788374230.858
27.352,7.3922,5.1952,-0.1573,0.3888,0.0263,1788374230.878
27.372,7.3999,5.1940,-0.1563,0.3864,0.0503,1788374230.897
27.392,7.4075,5.1928,-0.1553,0.3864,0.0503,1788374230.917
27.412,7.4151,5.1916,-0.1543,0.3864,0.0503,1788374230.937
27.432,7.4228,5.1904,-0.1533,0.3864,0.0503,1788374230.957
27.452,7.4304,5.1893,-0.1523,0.3864,0.0503,1788374230.978
27.472,7.4382,5.1881,-0.1516,0.3908,0.0335,1788374230.997
27.493,7.4459,5.1869,-0.1510,0.3908,0.0335,1788374231.018
27.512,7.4536,5.1857,-0.1503,0.3908,0.0335,1788374231.037
27.532,7.4613,5.1846,-0.1496,0.3908,0.0335,1788374231.057
27.552,7.4691,5.1834,-0.1489,0.3908,0.0335,1788374231.077
27.572,7.4768,5.1822,-0.1489,0.3913,0.0023,1788374231.097
27.593,7.4845,5.1811,-0.1489,0.3913,0.0023,1788374231.118
27.612,7.4923,5.1799,-0.1488,0.3913,0.0023,1788374231.137
27.632,7.5000,5.1788,-0.1488,0.3913,0.0023,1788374231.157
27.652,7.5078,5.1776,-0.1487,0.3913,0.0023,1788374231.178
27.672,7.5155,5.1764,-0.1487,0.3913,0.0025,1788374231.197
27.693,7.5232,5.1753,-0.1486,0.3913,0.0025,1788374231.218
27.712,7.5310,5.1741,-0.1486,0.3913,0.0025,1788374231.237
27.732,7.5387,5.1730,-0.1485,0.3913,0.0025,1788374231.257
27.752,7.5465,5.1718,-0.1485,0.3913,0.0025,1788374231.277
27.772,7.5541,5.1707,-0.1485,0.3869,-0.0039,1788374231.297
27.792,7.5618,5.1695,-0.1486,0.3869,-0.0039,1788374231.317
27.812,7.5694,5.1684,-0.1487,0.3869,-0.0039,1788374231.338
27.832,7.5771,5.1672,-0.1488,0.3869,-0.0039,1788374231.357
27.852,7.5847,5.1661,-0.1489,0.3869,-0.0039,1788374231.377
27.872,7.5923,5.1649,-0.1493,0.3844,-0.0207,1788374231.397
27.893,7.5999,5.1638,-0.1497,0.3844,-0.0207,1788374231.418
27.912,7.6075,5.1626,-0.1501,0.3844,-0.0207,1788374231.437
27.933,7.6151,5.1615,-0.1505,0.3844,-0.0207,1788374231.458
27.952,7.6227,5.1603,-0.1509,0.3844,-0.0207,1788374231.477
27.972,7.6303,5.1592,-0.1514,0.3808,-0.0220,1788374231.497
27.993,7.6378,5.1580,-0.1518,0.3808,-0.0220,1788374231.518
28.012,7.6453,5.1569,-0.1522,0.3808,-0.0220,1788374231.537
28.032,7.6528,5.1557,-0.1527,0.3808,-0.0220,1788374231.557
28.052,7.6604,5.1546,-0.1531,0.3808,-0.0220,1788374231.578
28.072,7.6678,5.1534,-0.1540,0.3744,-0.0459,1788374231.597
28.093,7.6752,5.1523,-0.1550,0.3744,-0.0459,1788374231.618
28.112,7.6826,5.1511,-0.1559,0.3744,-0.0459,1788374231.637
28.132,7.6900,5.1499,-0.1568,0.3744,-0.0459,1788374231.657
28.152,7.6974,5.1487,-0.1577,0.3744,-0.0459,1788374231.677
28.172,7.7046,5.1476,-0.1585,0.3692,-0.0371,1788374231.697
28.193,7.7119,5.1464,-0.1592,0.3692,-0.0371,1788374231.719
28.212,7.7192,5.1452,-0.1599,0.3692,-0.0371,1788374231.737
28.233,7.7265,5.1441,-0.1607,0.3692,-0.0371,1788374231.758
28.253,7.7338,5.1429,-0.1614,0.3692,-0.0371,1788374231.778
28.272,7.7411,5.1417,-0.1617,0.3681,-0.0154,1788374231.797
28.293,7.7483,5.1405,-0.1620,0.3681,-0.0154,1788374231.818
28.312,7.7556,5.1393,-0.1624,0.3681,-0.0154,1788374231.837
28.332,7.7629,5.1381,-0.1627,0.3681,-0.0154,1788374231.858
28.353,7.7701,5.1369,-0.1630,0.3681,-0.0154,1788374231.878
28.372,7.7774,5.1357,-0.1629,0.3704,0.0009,1788374231.897
28.393,7.7848,5.1345,-0.1629,0.3704,0.0009,1788374231.918
28.413,7.7921,5.1333,-0.1629,0.3704,0.0009,1788374231.938
28.433,7.7994,5.1321,-0.1629,0.3704,0.0009,1788374231.958
28.452,7.8067,5.1309,-0.1629,0.3704,0.0009,1788374231.977
28.472,7.8137,5.1298,-0.1627,0.3555,0.0114,1788374231.997
28.492,7.8207,5.1286,-0.1624,0.3555,0.0114,1788374232.018
28.512,7.8277,5.1275,-0.1622,0.3555,0.0114,1788374232.037
28.532,7.8348,5.1263,-0.1620,0.3555,0.0114,1788374232.057
28.553,7.8418,5.1252,-0.1617,0.3555,0.0114,1788374232.078
28.572,7.8486,5.1241,-0.1612,0.3457,0.0293,1788374232.097
28.593,7.8554,5.1230,-0.1606,0.3457,0.0293,1788374232.119
28.612,7.8622,5.1219,-0.1600,0.3457,0.0293,1788374232.137
28.632,7.8691,5.1208,-0.1594,0.3457,0.0293,1788374232.157
28.653,7.8759,5.1197,-0.1588,0.3457,0.0293,1788374232.178
28.672,7.8825,5.1186,-0.1580,0.3322,0.0393,1788374232.197
28.692,7.8890,5.1176,-0.1572,0.3322,0.0393,1788374232.217
28.712,7.8956,5.1165,-0.1565,0.3322,0.0393,1788374232.238
28.733,7.9021,5.1155,-0.1557,0.3322,0.0393,1788374232.258
28.752,7.9087,5.1145,-0.1549,0.3322,0.0393,1788374232.277
28.772,7.9153,5.1135,-0.1535,0.3331,0.0699,1788374232.297
28.792,7.9219,5.1125,-0.1521,0.3331,0.0699,1788374232.317
28.812,7.9285,5.1115,-0.1507,0.3331,0.0699,1788374232.338
28.834,7.9351,5.1105,-0.1493,0.3331,0.0699,1788374232.360
28.853,7.9416,5.1095,-0.1479,0.3331,0.0699,1788374232.378
28.872,7.9481,5.1085,-0.1463,0.3269,0.0811,1788374232.397
28.894,7.9546,5.1076,-0.1447,0.3269,0.0811,1788374232.419
28.912,7.9611,5.1067,-0.1430,0.3269,0.0811,1788374232.438
28.933,7.9675,5.1057,-0.1414,0.3269,0.0811,1788374232.458
28.952,7.9740,5.1048,-0.1398,0.3269,0.0811,1788374232.478
28.972,7.9803,5.1040,-0.1378,0.3161,0.0993,1788374232.497
28.994,7.9865,5.1031,-0.1358,0.3161,0.0993,1788374232.519
29.012,7.9928,5.1023,-0.1338,0.3161,0.0993,1788374232.538
29.032,7.9991,5.1014,-0.1318,0.3161,0.0993,1788374232.557
29.052,8.0053,5.1006,-0.1299,0.3161,0.0993,1788374232.578
29.072,8.0117,5.0998,-0.1286,0.3206,0.0612,1788374232.597
29.092,8.0180,5.0990,-0.1274,0.3206,0.0612,1788374232.617
29.112,8.0244,5.0982,-0.1262,0.3206,0.0612,1788374232.637
29.133,8.0308,5.0974,-0.1250,0.3206,0.0612,1788374232.658
29.152,8.0371,5.0966,-0.1237,0.3206,0.0612,1788374232.677
29.172,8.0434,5.0958,-0.1230,0.3153,0.0370,1788374232.697
29.192,8.0497,5.0950,-0.1223,0.3153,0.0370,1788374232.717
29.212,8.0559,5.0943,-0.1215,0.3153,0.0370,1788374232.737
29.232,8.0622,5.0935,-0.1208,0.3153,0.0370,1788374232.757
29.252,8.0684,5.0927,-0.1200,0.3153,0.0370,1788374232.777
29.272,8.0746,5.0920,-0.1198,0.3084,0.0125,1788374232.797
29.292,8.0807,5.0913,-0.1195,0.3084,0.0125,1788374232.817
29.312,8.0868,5.0905,-0.1193,0.3084,0.0125,1788374232.837
29.332,8.0929,5.0898,-0.1190,0.3084,0.0125,1788374232.857
29.352,8.0990,5.0891,-0.1188,0.3084,0.0125,1788374232.877
29.372,8.1051,5.0883,-0.1191,0.3070,-0.0146,1788374232.897
29.392,8.1112,5.0876,-0.1194,0.3070,-0.0146,1788374232.917
29.413,8.1173,5.0869,-0.1197,0.3070,-0.0146,1788374232.938
29.432,8.1234,5.0862,-0.1200,0.3070,-0.0146,1788374232.957
29.452,8.1295,5.0854,-0.1202,0.3070,-0.0146,1788374232.977
29.472,8.1356,5.0847,-0.1208,0.3060,-0.0273,1788374232.997
29.492,8.1417,5.0839,-0.1213,0.3060,-0.0273,1788374233.017
29.513,8.1478,5.0832,-0.1219,0.3060,-0.0273,1788374233.038
29.532,8.1538,5.0824,-0.1224,0.3060,-0.0273,1788374233.057
29.552,8.1599,5.0817,-0.1230,0.3060,-0.0273,1788374233.078
29.572,8.1659,5.0809,-0.1231,0.3042,-0.0042,1788374233.097
29.593,8.1720,5.0802,-0.1231,0.3042,-0.0042,1788374233.118
29.612,8.1780,5.0795,-0.1232,0.3042,-0.0042,1788374233.137
29.633,8.1841,5.0787,-0.1233,0.3042,-0.0042,1788374233.158
29.652,8.1901,5.0780,-0.1234,0.3042,-0.0042,1788374233.177
29.672,8.1961,5.0772,-0.1235,0.3013,-0.0038,1788374233.197
29.693,8.2021,5.0765,-0.1235,0.3013,-0.0038,1788374233.218
29.712,8.2080,5.0757,-0.1236,0.3013,-0.0038,1788374233.237
29.732,8.2140,5.0750,-0.1237,0.3013,-0.0038,1788374233.257
29.752,8.2200,5.0742,-0.1238,0.3013,-0.0038,1788374233.277
29.772,8.2259,5.0735,-0.1244,0.2961,-0.0294,1788374233.297
29.792,8.2317,5.0728,-0.1249,0.2961,-0.0294,1788374233.317
29.812,8.2376,5.0720,-0.1255,0.2961,-0.0294,1788374233.337
29.833,8.2435,5.0713,-0.1261,0.2961,-0.0294,1788374233.358
29.853,8.2494,5.0705,-0.1267,0.2961,-0.0294,1788374233.378
29.872,8.2551,5.0698,-0.1274,0.2876,-0.0323,1788374233.397
29.892,8.2608,5.0691,-0.1280,0.2876,-0.0323,1788374233.417
29.913,8.2665,5.0683,-0.1287,0.2876,-0.0323,1788374233.438
29.932,8.2722,5.0676,-0.1293,0.2876,-0.0323,1788374233.457
29.952,8.2779,5.0668,-0.1299,0.2876,-0.0323,1788374233.477
29.972,8.2834,5.0661,-0.1305,0.2789,-0.0300,1788374233.497
29.995,8.2890,5.0654,-0.1311,0.2789,-0.0300,1788374233.520
30.012,8.2945,5.0647,-0.1317,0.2789,-0.0300,1788374233.537
30.032,8.3000,5.0639,-0.1323,0.2789,-0.0300,1788374233.557
30.052,8.3055,5.0632,-0.1329,0.2789,-0.0300,1788374233.578
30.072,8.3110,5.0624,-0.1329,0.2750,0.0009,1788374233.597
30.093,8.3164,5.0617,-0.1329,0.2750,0.0009,1788374233.618
30.112,8.3219,5.0610,-0.1329,0.2750,0.0009,1788374233.637
30.132,8.3273,5.0603,-0.1329,0.2750,0.0009,1788374233.657
30.152,8.3328,5.0595,-0.1329,0.2750,0.0009,1788374233.677
30.172,8.3381,5.0588,-0.1331,0.2684,-0.0118,1788374233.697
30.193,8.3434,5.0581,-0.1333,0.2684,-0.0118,1788374233.718
30.213,8.3488,5.0574,-0.1336,0.2684,-0.0118,1788374233.738
30.232,8.3541,5.0567,-0.1338,0.2684,-0.0118,1788374233.757
30.253,8.3594,5.0560,-0.1340,0.2684,-0.0118,1788374233.778
30.272,8.3645,5.0553,-0.1337,0.2563,0.0169,1788374233.797
30.292,8.3696,5.0546,-0.1334,0.2563,0.0169,1788374233.817
30.312,8.3746,5.0539,-0.1330,0.2563,0.0169,1788374233.837
30.332,8.3797,5.0532,-0.1327,0.2563,0.0169,1788374233.857
30.352,8.3848,5.0526,-0.1323,0.2563,0.0169,1788374233.878
30.372,8.3899,5.0519,-0.1313,0.2582,0.0539,1788374233.897
30.393,8.3950,5.0512,-0.1302,0.2582,0.0539,1788374233.918
30.412,8.4002,5.0506,-0.1291,0.2582,0.0539,1788374233.937
30.432,8.4053,5.0499,-0.1280,0.2582,0.0539,1788374233.957
30.452,8.4104,5.0492,-0.1270,0.2582,0.0539,1788374233.978
30.472,8.4153,5.0486,-0.1260,0.2463,0.0474,1788374233.997
30.492,8.4202,5.0480,-0.1251,0.2463,0.0474,1788374234.018
30.513,8.4251,5.0474,-0.1241,0.2463,0.0474,1788374234.038
30.532,8.4300,5.0468,-0.1232,0.2463,0.0474,1788374234.058
30.552,8.4348,5.0462,-0.1222,0.2463,0.0474,1788374234.078
30.572,8.4394,5.0456,-0.1207,0.2302,0.0739,1788374234.097
30.593,8.4440,5.0451,-0.1193,0.2302,0.0739,1788374234.118
30.613,8.4486,5.0445,-0.1178,0.2302,0.0739,1788374234.138
30.633,8.4531,5.0440,-0.1163,0.2302,0.0739,1788374234.158
30.653,8.4577,5.0435,-0.1148,0.2302,0.0739,1788374234.178
30.672,8.4619,5.0430,-0.1131,0.2124,0.0866,1788374234.197
30.693,8.4661,5.0425,-0.1114,0.2124,0.0866,1788374234.218
30.712,8.4704,5.0421,-0.1096,0.2124,0.0866,1788374234.237
30.732,8.4746,5.0416,-0.1079,0.2124,0.0866,1788374234.258
30.752,8.4788,5.0412,-0.1062,0.2124,0.0866,1788374234.277
30.772,8.4826,5.0408,-0.1042,0.1902,0.0990,1788374234.297
30.792,8.4864,5.0404,-0.1022,0.1902,0.0990,1788374234.317
30.812,8.4902,5.0400,-0.1002,0.1902,0.0990,1788374234.337
30.832,8.4939,5.0396,-0.0982,0.1902,0.0990,1788374234.357
30.852,8.4977,5.0393,-0.0963,0.1902,0.0990,1788374234.378
30.872,8.5009,5.0390,-0.0945,0.1567,0.0900,1788374234.397
30.892,8.5040,5.0387,-0.0927,0.1567,0.0900,1788374234.418
30.912,8.5071,5.0384,-0.0909,0.1567,0.0900,1788374234.437
30.932,8.5102,5.0381,-0.0891,0.1567,0.0900,1788374234.457
30.952,8.5133,5.0378,-0.0873,0.1567,0.0900,1788374234.477
30.972,8.5160,5.0376,-0.0855,0.1325,0.0896,1788374234.497
30.992,8.5186,5.0374,-0.0837,0.1325,0.0896,1788374234.517
31.012,8.5213,5.0372,-0.0819,0.1325,0.0896,1788374234.537
31.033,8.5239,5.0370,-0.0801,0.1325,0.0896,1788374234.558
31.053,8.5265,5.0368,-0.0783,0.1325,0.0896,1788374234.578
31.072,8.5287,5.0366,-0.0773,0.1090,0.0519,1788374234.597
31.093,8.5309,5.0364,-0.0762,0.1090,0.0519,1788374234.618
31.113,8.5331,5.0363,-0.0752,0.1090,0.0519,1788374234.639
31.133,8.5352,5.0361,-0.0742,0.1090,0.0519,1788374234.658
31.152,8.5374,5.0359,-0.0731,0.1090,0.0519,1788374234.677
31.172,8.5392,5.0358,-0.0733,0.0884,-0.0092,1788374234.697
31.193,8.5409,5.0357,-0.0735,0.0884,-0.0092,1788374234.718
31.212,8.5427,5.0355,-0.0737,0.0884,-0.0092,1788374234.737
31.232,8.5445,5.0354,-0.0739,0.0884,-0.0092,1788374234.758
31.252,8.5462,5.0353,-0.0740,0.0884,-0.0092,1788374234.777
31.272,8.5478,5.0352,-0.0745,0.0789,-0.0237,1788374234.797
31.292,8.5494,5.0350,-0.0750,0.0789,-0.0237,1788374234.817
31.312,8.5510,5.0349,-0.0755,0.0789,-0.0237,1788374234.837
31.333,8.5525,5.0348,-0.0759,0.0789,-0.0237,1788374234.858
31.352,8.5541,5.0347,-0.0764,0.0789,-0.0237,1788374234.877
31.372,8.5541,5.0347,-0.0764,0.0000,0.0000,1788374234.898
31.392,8.5541,5.0347,-0.0764,0.0000,0.0000,1788374234.918
31.412,8.5541,5.0347,-0.0764,0.0000,0.0000,1788374234.937
31.432,8.5541,5.0347,-0.0764,0.0000,0.0000,1788374234.957
31.452,8.5541,5.0347,-0.0764,0.0000,0.0000,1788374234.978
31.472,8.5541,5.0347,-0.0764,0.0000,0.0000,1788374234.998
31.493,8.5541,5.0347,-0.0764,0.0000,0.0000,1788374235.018
31.513,8.5541,5.0347,-0.0764,0.0000,0.0000,1788374235.038
31.533,8.5541,5.0347,-0.0764,0.0000,0.0000,1788374235.058
31.552,8.5541,5.0347,-0.0764,0.0000,0.0000,1788374235.078
31.573,8.5541,5.0347,-0.0764,0.0000,0.0000,1788374235.098
31.592,8.5541,5.0347,-0.0764,0.0000,0.0000,1788374235.117
31.612,8.5541,5.0347,-0.0764,0.0000,0.0000,1788374235.137
31.632,8.5541,5.0347,-0.0764,0.0000,0.0000,1788374235.157
31.653,8.5541,5.0347,-0.0764,0.0000,0.0000,1788374235.178
31.673,8.5541,5.0347,-0.0764,0.0000,0.0000,1788374235.198
31.692,8.5541,5.0347,-0.0764,0.0000,0.0000,1788374235.217
31.712,8.5541,5.0347,-0.0764,0.0000,0.0000,1788374235.238
31.733,8.5541,5.0347,-0.0764,0.0000,0.0000,1788374235.258
31.752,8.5541,5.0347,-0.0764,0.0000,0.0000,1788374235.278
31.772,8.5541,5.0347,-0.0764,0.0000,0.0000,1788374235.297
31.792,8.5541,5.0347,-0.0764,0.0000,0.0000,1788374235.317
31.812,8.5541,5.0347,-0.0764,0.0000,0.0000,1788374235.337
31.833,8.5541,5.0347,-0.0764,0.0000,0.0000,1788374235.358
31.853,8.5541,5.0347,-0.0764,0.0000,0.0000,1788374235.378
31.873,8.5541,5.0347,-0.0764,0.0000,0.0000,1788374235.399
31.892,8.5541,5.0347,-0.0764,0.0000,0.0000,1788374235.417
31.913,8.5541,5.0347,-0.0764,0.0000,0.0000,1788374235.438
31.932,8.5541,5.0347,-0.0764,0.0000,0.0000,1788374235.457
31.952,8.5541,5.0347,-0.0764,0.0000,0.0000,1788374235.478
31.972,8.5541,5.0347,-0.0764,0.0000,0.0000,1788374235.497
31.992,8.5541,5.0347,-0.0764,0.0000,0.0000,1788374235.518
32.013,8.5541,5.0347,-0.0764,0.0000,0.0000,1788374235.539
32.032,8.5541,5.0347,-0.0764,0.0000,0.0000,1788374235.557
32.052,8.5541,5.0347,-0.0764,0.0000,0.0000,1788374235.577
32.072,8.5541,5.0347,-0.0764,0.0000,0.0000,1788374235.597
32.093,8.5541,5.0347,-0.0764,0.0000,0.0000,1788374235.618
32.112,8.5541,5.0347,-0.0764,0.0000,0.0000,1788374235.637
32.132,8.5541,5.0347,-0.0764,0.0000,0.0000,1788374235.658
32.152,8.5541,5.0347,-0.0764,0.0000,0.0000,1788374235.677
32.172,8.5541,5.0347,-0.0764,0.0000,0.0000,1788374235.697
32.192,8.5541,5.0347,-0.0764,0.0000,0.0000,1788374235.718
32.212,8.5541,5.0347,-0.0764,0.0000,0.0000,1788374235.737
32.232,8.5541,5.0347,-0.0764,0.0000,0.0000,1788374235.757
32.252,8.5541,5.0347,-0.0764,0.0000,0.0000,1788374235.777
32.272,8.5541,5.0347,-0.0764,0.0000,0.0000,1788374235.797
32.292,8.5541,5.0347,-0.0764,0.0000,0.0000,1788374235.817
32.312,8.5541,5.0347,-0.0764,0.0000,0.0000,1788374235.837
32.332,8.5541,5.0347,-0.0764,0.0000,0.0000,1788374235.857
32.352,8.5541,5.0347,-0.0764,0.0000,0.0000,1788374235.877
32.372,8.5541,5.0347,-0.0764,0.0000,0.0000,1788374235.897
32.392,8.5541,5.0347,-0.0764,0.0000,0.0000,1788374235.917
32.413,8.5541,5.0347,-0.0764,0.0000,0.0000,1788374235.938
32.432,8.5541,5.0347,-0.0764,0.0000,0.0000,1788374235.957
32.453,8.5541,5.0347,-0.0764,0.0000,0.0000,1788374235.978
32.472,8.5541,5.0347,-0.0764,0.0000,0.0000,1788374235.997
32.492,8.5541,5.0347,-0.0764,0.0000,0.0000,1788374236.017
32.512,8.5541,5.0347,-0.0764,0.0000,0.0000,1788374236.037
32.532,8.5541,5.0347,-0.0764,0.0000,0.0000,1788374236.057
32.552,8.5541,5.0347,-0.0764,0.0000,0.0000,1788374236.078
32.572,8.5541,5.0347,-0.0764,0.0000,0.0000,1788374236.097
32.593,8.5541,5.0347,-0.0764,0.0000,0.0000,1788374236.118
32.612,8.5541,5.0347,-0.0764,0.0000,0.0000,1788374236.137
32.633,8.5541,5.0347,-0.0764,0.0000,0.0000,1788374236.158
32.652,8.5541,5.0347,-0.0764,0.0000,0.0000,1788374236.178
32.672,8.5541,5.0347,-0.0764,0.0000,0.0000,1788374236.197
32.693,8.5541,5.0347,-0.0764,0.0000,0.0000,1788374236.218
32.712,8.5541,5.0347,-0.0764,0.0000,0.0000,1788374236.237
32.732,8.5541,5.0347,-0.0764,0.0000,0.0000,1788374236.257
32.752,8.5541,5.0347,-0.0764,0.0000,0.0000,1788374236.277
32.772,8.5541,5.0347,-0.0764,0.0000,0.0000,1788374236.297
32.792,8.5541,5.0347,-0.0764,0.0000,0.0000,1788374236.317
32.813,8.5541,5.0347,-0.0764,0.0000,0.0000,1788374236.338
32.832,8.5541,5.0347,-0.0764,0.0000,0.0000,1788374236.357
32.852,8.5541,5.0347,-0.0764,0.0000,0.0000,1788374236.378
32.872,8.5541,5.0347,-0.0764,0.0000,0.0000,1788374236.397
32.892,8.5541,5.0347,-0.0764,0.0000,0.0000,1788374236.417
32.912,8.5541,5.0347,-0.0764,0.0000,0.0000,1788374236.438
32.933,8.5541,5.0347,-0.0764,0.0000,0.0000,1788374236.458
32.952,8.5541,5.0347,-0.0764,0.0000,0.0000,1788374236.477
32.973,8.5541,5.0347,-0.0764,0.0000,0.0000,1788374236.498
32.992,8.5541,5.0347,-0.0764,0.0000,0.0000,1788374236.517
33.012,8.5541,5.0347,-0.0764,0.0000,0.0000,1788374236.537
33.032,8.5541,5.0347,-0.0764,0.0000,0.0000,1788374236.557
33.052,8.5541,5.0347,-0.0764,0.0000,0.0000,1788374236.578
33.072,8.5541,5.0347,-0.0764,0.0000,0.0000,1788374236.597
33.092,8.5541,5.0347,-0.0764,0.0000,0.0000,1788374236.618
33.112,8.5541,5.0347,-0.0764,0.0000,0.0000,1788374236.637
33.132,8.5541,5.0347,-0.0764,0.0000,0.0000,1788374236.658
33.152,8.5541,5.0347,-0.0764,0.0000,0.0000,1788374236.678
33.172,8.5541,5.0347,-0.0764,0.0000,0.0000,1788374236.697
33.192,8.5541,5.0347,-0.0764,0.0000,0.0000,1788374236.717
33.212,8.5541,5.0347,-0.0764,0.0000,0.0000,1788374236.737
33.232,8.5541,5.0347,-0.0764,0.0000,0.0000,1788374236.758
33.252,8.5541,5.0347,-0.0764,0.0000,0.0000,1788374236.777
33.272,8.5541,5.0347,-0.0764,0.0000,0.0000,1788374236.797
33.292,8.5541,5.0347,-0.0764,0.0000,0.0000,1788374236.818
33.312,8.5541,5.0347,-0.0764,0.0000,0.0000,1788374236.837
33.333,8.5541,5.0347,-0.0764,0.0000,0.0000,1788374236.858
33.352,8.5541,5.0347,-0.0764,0.0000,0.0000,1788374236.878
33.372,8.5541,5.0347,-0.0764,0.0000,0.0000,1788374236.897
33.392,8.5541,5.0347,-0.0764,0.0000,0.0000,1788374236.917
33.412,8.5541,5.0347,-0.0764,0.0000,0.0000,1788374236.937
33.432,8.5541,5.0347,-0.0764,0.0000,0.0000,1788374236.958
33.452,8.5541,5.0347,-0.0764,0.0000,0.0000,1788374236.977
33.473,8.5541,5.0347,-0.0764,0.0000,0.0000,1788374236.998
33.493,8.5541,5.0347,-0.0764,0.0000,0.0000,1788374237.018
33.512,8.5541,5.0347,-0.0764,0.0000,0.0000,1788374237.037
33.532,8.5541,5.0347,-0.0764,0.0000,0.0000,1788374237.058
33.552,8.5541,5.0347,-0.0764,0.0000,0.0000,1788374237.077
33.572,8.5541,5.0347,-0.0764,0.0000,0.0000,1788374237.098
33.592,8.5541,5.0347,-0.0764,0.0000,0.0000,1788374237.117
33.612,8.5541,5.0347,-0.0764,0.0000,0.0000,1788374237.137
33.632,8.5541,5.0347,-0.0764,0.0000,0.0000,1788374237.157
33.652,8.5541,5.0347,-0.0764,0.0000,0.0000,1788374237.178
33.672,8.5541,5.0347,-0.0764,0.0000,0.0000,1788374237.197
33.692,8.5541,5.0347,-0.0764,0.0000,0.0000,1788374237.217
33.712,8.5541,5.0347,-0.0764,0.0000,0.0000,1788374237.238
33.734,8.5541,5.0347,-0.0764,0.0000,0.0000,1788374237.259
33.752,8.5541,5.0347,-0.0764,0.0000,0.0000,1788374237.277
33.772,8.5541,5.0347,-0.0764,0.0000,0.0000,1788374237.297
33.792,8.5541,5.0347,-0.0764,0.0000,0.0000,1788374237.317
33.812,8.5541,5.0347,-0.0764,0.0000,0.0000,1788374237.337
33.832,8.5541,5.0347,-0.0764,0.0000,0.0000,1788374237.358
33.853,8.5541,5.0347,-0.0764,0.0000,0.0000,1788374237.378
33.872,8.5541,5.0347,-0.0764,0.0000,0.0000,1788374237.398
33.892,8.5541,5.0347,-0.0764,0.0000,0.0000,1788374237.417
33.912,8.5541,5.0347,-0.0764,0.0000,0.0000,1788374237.437
33.933,8.5541,5.0347,-0.0764,0.0000,0.0000,1788374237.458
33.952,8.5541,5.0347,-0.0764,0.0000,0.0000,1788374237.477
33.973,8.5541,5.0347,-0.0764,0.0000,0.0000,1788374237.498
33.993,8.5541,5.0347,-0.0764,0.0000,0.0000,1788374237.518
34.012,8.5541,5.0347,-0.0764,0.0000,0.0000,1788374237.537
34.033,8.5541,5.0347,-0.0764,0.0000,0.0000,1788374237.558
34.052,8.5541,5.0347,-0.0764,0.0000,0.0000,1788374237.577
34.072,8.5541,5.0347,-0.0764,0.0000,0.0000,1788374237.597
34.092,8.5541,5.0347,-0.0764,0.0000,0.0000,1788374237.618
34.112,8.5541,5.0347,-0.0764,0.0000,0.0000,1788374237.637
34.132,8.5541,5.0347,-0.0764,0.0000,0.0000,1788374237.657
34.152,8.5541,5.0347,-0.0764,0.0000,0.0000,1788374237.677
34.172,8.5541,5.0347,-0.0764,0.0000,0.0000,1788374237.697
34.192,8.5541,5.0347,-0.0764,0.0000,0.0000,1788374237.717
34.212,8.5541,5.0347,-0.0764,0.0000,0.0000,1788374237.737
34.233,8.5541,5.0347,-0.0764,0.0000,0.0000,1788374237.758
34.252,8.5541,5.0347,-0.0764,0.0000,0.0000,1788374237.777
34.272,8.5541,5.0347,-0.0764,0.0000,0.0000,1788374237.797
34.293,8.5541,5.0347,-0.0764,0.0000,0.0000,1788374237.818
34.312,8.5541,5.0347,-0.0764,0.0000,0.0000,1788374237.837
34.332,8.5541,5.0347,-0.0764,0.0000,0.0000,1788374237.857
34.352,8.5541,5.0347,-0.0764,0.0000,0.0000,1788374237.877
34.372,8.5541,5.0347,-0.0764,0.0000,0.0000,1788374237.897
34.392,8.5541,5.0347,-0.0764,0.0000,0.0000,1788374237.918
34.412,8.5541,5.0347,-0.0764,0.0000,0.0000,1788374237.938
34.432,8.5541,5.0347,-0.0764,0.0000,0.0000,1788374237.958
34.452,8.5541,5.0347,-0.0764,0.0000,0.0000,1788374237.977
34.472,8.5541,5.0347,-0.0764,0.0000,0.0000,1788374237.997
34.492,8.5541,5.0347,-0.0764,0.0000,0.0000,1788374238.017
34.512,8.5541,5.0347,-0.0764,0.0000,0.0000,1788374238.037
34.532,8.5541,5.0347,-0.0764,0.0000,0.0000,1788374238.057
34.552,8.5541,5.0347,-0.0764,0.0000,0.0000,1788374238.077
34.572,8.5541,5.0347,-0.0764,0.0000,0.0000,1788374238.097
34.592,8.5541,5.0347,-0.0764,0.0000,0.0000,1788374238.117
34.612,8.5541,5.0347,-0.0764,0.0000,0.0000,1788374238.137
34.632,8.5541,5.0347,-0.0764,0.0000,0.0000,1788374238.157
34.653,8.5541,5.0347,-0.0764,0.0000,0.0000,1788374238.178
34.672,8.5541,5.0347,-0.0764,0.0000,0.0000,1788374238.197
34.693,8.5541,5.0347,-0.0764,0.0000,0.0000,1788374238.218
34.712,8.5541,5.0347,-0.0764,0.0000,0.0000,1788374238.237
34.732,8.5541,5.0347,-0.0764,0.0000,0.0000,1788374238.257
34.753,8.5541,5.0347,-0.0764,0.0000,0.0000,1788374238.278
34.772,8.5541,5.0347,-0.0764,0.0000,0.0000,1788374238.297
34.792,8.5541,5.0347,-0.0764,0.0000,0.0000,1788374238.317
34.812,8.5541,5.0347,-0.0764,0.0000,0.0000,1788374238.338
34.832,8.5541,5.0347,-0.0764,0.0000,0.0000,1788374238.357
34.853,8.5541,5.0347,-0.0764,0.0000,0.0000,1788374238.378
34.872,8.5541,5.0347,-0.0764,0.0000,0.0000,1788374238.397
34.892,8.5541,5.0347,-0.0764,0.0000,0.0000,1788374238.417
34.913,8.5541,5.0347,-0.0764,0.0000,0.0000,1788374238.438
34.932,8.5541,5.0347,-0.0764,0.0000,0.0000,1788374238.457
34.953,8.5541,5.0347,-0.0764,0.0000,0.0000,1788374238.479
34.973,8.5541,5.0347,-0.0764,0.0000,0.0000,1788374238.498
34.992,8.5541,5.0347,-0.0764,0.0000,0.0000,1788374238.517
35.012,8.5541,5.0347,-0.0764,0.0000,0.0000,1788374238.537
35.032,8.5541,5.0347,-0.0764,0.0000,0.0000,1788374238.558
35.052,8.5541,5.0347,-0.0764,0.0000,0.0000,1788374238.577
35.072,8.5541,5.0347,-0.0764,0.0000,0.0000,1788374238.597
35.092,8.5541,5.0347,-0.0764,0.0000,0.0000,1788374238.617
35.112,8.5541,5.0347,-0.0764,0.0000,0.0000,1788374238.637
35.133,8.5541,5.0347,-0.0764,0.0000,0.0000,1788374238.658
35.153,8.5541,5.0347,-0.0764,0.0000,0.0000,1788374238.679
35.173,8.5541,5.0347,-0.0764,0.0000,0.0000,1788374238.698
35.192,8.5541,5.0347,-0.0764,0.0000,0.0000,1788374238.717
35.212,8.5541,5.0347,-0.0764,0.0000,0.0000,1788374238.737
35.233,8.5541,5.0347,-0.0764,0.0000,0.0000,1788374238.759
35.252,8.5541,5.0347,-0.0764,0.0000,0.0000,1788374238.777
35.272,8.5541,5.0347,-0.0764,0.0000,0.0000,1788374238.797
35.292,8.5541,5.0347,-0.0764,0.0000,0.0000,1788374238.817
35.312,8.5541,5.0347,-0.0764,0.0000,0.0000,1788374238.837
35.332,8.5541,5.0347,-0.0764,0.0000,0.0000,1788374238.857
35.352,8.5541,5.0347,-0.0764,0.0000,0.0000,1788374238.878
35.372,8.5541,5.0347,-0.0764,0.0000,0.0000,1788374238.897
35.392,8.5541,5.0347,-0.0764,0.0000,0.0000,1788374238.917
35.412,8.5541,5.0347,-0.0764,0.0000,0.0000,1788374238.937
35.433,8.5541,5.0347,-0.0764,0.0000,0.0000,1788374238.958
35.452,8.5541,5.0347,-0.0764,0.0000,0.0000,1788374238.977
35.472,8.5541,5.0347,-0.0764,0.0000,0.0000,1788374238.998
35.492,8.5541,5.0347,-0.0764,0.0000,0.0000,1788374239.017
35.512,8.5541,5.0347,-0.0764,0.0000,0.0000,1788374239.037
35.534,8.5541,5.0347,-0.0764,0.0000,0.0000,1788374239.059
35.552,8.5541,5.0347,-0.0764,0.0000,0.0000,1788374239.077
35.572,8.5541,5.0347,-0.0764,0.0000,0.0000,1788374239.097
35.592,8.5541,5.0347,-0.0764,0.0000,0.0000,1788374239.117
35.613,8.5541,5.0347,-0.0764,0.0000,0.0000,1788374239.139
35.633,8.5541,5.0347,-0.0764,0.0000,0.0000,1788374239.158
35.652,8.5541,5.0347,-0.0764,0.0000,0.0000,1788374239.177
35.672,8.5541,5.0347,-0.0764,0.0000,0.0000,1788374239.197
35.693,8.5541,5.0347,-0.0764,0.0000,0.0000,1788374239.218
35.712,8.5541,5.0347,-0.0764,0.0000,0.0000,1788374239.238
35.732,8.5541,5.0347,-0.0764,0.0000,0.0000,1788374239.258
35.753,8.5541,5.0347,-0.0764,0.0000,0.0000,1788374239.278
35.773,8.5541,5.0347,-0.0764,0.0000,0.0000,1788374239.298
35.792,8.5541,5.0347,-0.0764,0.0000,0.0000,1788374239.317
35.812,8.5541,5.0347,-0.0764,0.0000,0.0000,1788374239.337
35.833,8.5541,5.0347,-0.0764,0.0000,0.0000,1788374239.358
35.852,8.5541,5.0347,-0.0764,0.0000,0.0000,1788374239.377
35.872,8.5541,5.0347,-0.0764,0.0000,0.0000,1788374239.398
35.892,8.5541,5.0347,-0.0764,0.0000,0.0000,1788374239.417
35.912,8.5541,5.0347,-0.0764,0.0000,0.0000,1788374239.437
35.933,8.5541,5.0347,-0.0764,0.0000,0.0000,1788374239.458
35.952,8.5541,5.0347,-0.0764,0.0000,0.0000,1788374239.477
35.972,8.5541,5.0347,-0.0764,0.0000,0.0000,1788374239.497
35.993,8.5541,5.0347,-0.0764,0.0000,0.0000,1788374239.518
36.012,8.5541,5.0347,-0.0764,0.0000,0.0000,1788374239.537
36.032,8.5541,5.0347,-0.0764,0.0000,0.0000,1788374239.558
36.053,8.5541,5.0347,-0.0764,0.0000,0.0000,1788374239.578
36.072,8.5541,5.0347,-0.0764,0.0000,0.0000,1788374239.597
36.092,8.5541,5.0347,-0.0764,0.0000,0.0000,1788374239.617
36.112,8.5541,5.0347,-0.0764,0.0000,0.0000,1788374239.637
36.132,8.5541,5.0347,-0.0764,0.0000,0.0000,1788374239.658
36.153,8.5541,5.0347,-0.0764,0.0000,0.0000,1788374239.678
36.172,8.5541,5.0347,-0.0764,0.0000,0.0000,1788374239.697
36.192,8.5541,5.0347,-0.0764,0.0000,0.0000,1788374239.717
36.212,8.5541,5.0347,-0.0764,0.0000,0.0000,1788374239.737
36.232,8.5541,5.0347,-0.0764,0.0000,0.0000,1788374239.758
36.252,8.5541,5.0347,-0.0764,0.0000,0.0000,1788374239.777
36.272,8.5541,5.0347,-0.0764,0.0000,0.0000,1788374239.797
36.292,8.5541,5.0347,-0.0764,0.0000,0.0000,1788374239.817
36.312,8.5541,5.0347,-0.0764,0.0000,0.0000,1788374239.837
36.332,8.5541,5.0347,-0.0764,0.0000,0.0000,1788374239.857
36.352,8.5541,5.0347,-0.0764,0.0000,0.0000,1788374239.877
36.373,8.5541,5.0347,-0.0764,0.0000,0.0000,1788374239.898
36.392,8.5541,5.0347,-0.0764,0.0000,0.0000,1788374239.917
36.412,8.5541,5.0347,-0.0764,0.0000,0.0000,1788374239.937
36.433,8.5541,5.0347,-0.0764,0.0000,0.0000,1788374239.959
36.452,8.5541,5.0347,-0.0764,0.0000,0.0000,1788374239.977
36.473,8.5541,5.0347,-0.0764,0.0000,0.0000,1788374239.998
36.492,8.5541,5.0347,-0.0764,0.0000,0.0000,1788374240.017
36.512,8.5541,5.0347,-0.0764,0.0000,0.0000,1788374240.038
36.533,8.5541,5.0347,-0.0764,0.0000,0.0000,1788374240.058
36.552,8.5541,5.0347,-0.0764,0.0000,0.0000,1788374240.077
36.573,8.5541,5.0347,-0.0764,0.0000,0.0000,1788374240.098
36.592,8.5541,5.0347,-0.0764,0.0000,0.0000,1788374240.117
36.612,8.5541,5.0347,-0.0764,0.0000,0.0000,1788374240.137
36.633,8.5541,5.0347,-0.0764,0.0000,0.0000,1788374240.158
36.652,8.5541,5.0347,-0.0764,0.0000,0.0000,1788374240.177
36.672,8.5541,5.0347,-0.0764,0.0000,0.0000,1788374240.197
36.692,8.5541,5.0347,-0.0764,0.0000,0.0000,1788374240.217
36.712,8.5541,5.0347,-0.0764,0.0000,0.0000,1788374240.237
36.733,8.5541,5.0347,-0.0764,0.0000,0.0000,1788374240.258
36.753,8.5541,5.0347,-0.0764,0.0000,0.0000,1788374240.278
36.772,8.5541,5.0347,-0.0764,0.0000,0.0000,1788374240.298
36.792,8.5541,5.0347,-0.0764,0.0000,0.0000,1788374240.317
36.812,8.5541,5.0347,-0.0764,0.0000,0.0000,1788374240.337
36.832,8.5541,5.0347,-0.0764,0.0000,0.0000,1788374240.357
36.852,8.5541,5.0347,-0.0764,0.0000,0.0000,1788374240.377
36.872,8.5541,5.0347,-0.0764,0.0000,0.0000,1788374240.397
36.892,8.5541,5.0347,-0.0764,0.0000,0.0000,1788374240.417
36.912,8.5541,5.0347,-0.0764,0.0000,0.0000,1788374240.437
36.933,8.5541,5.0347,-0.0764,0.0000,0.0000,1788374240.458
36.952,8.5541,5.0347,-0.0764,0.0000,0.0000,1788374240.477
36.972,8.5541,5.0347,-0.0764,0.0000,0.0000,1788374240.497
36.992,8.5541,5.0347,-0.0764,0.0000,0.0000,1788374240.517
37.012,8.5541,5.0347,-0.0764,0.0000,0.0000,1788374240.538
37.033,8.5541,5.0347,-0.0764,0.0000,0.0000,1788374240.558
37.052,8.5541,5.0347,-0.0764,0.0000,0.0000,1788374240.577
37.072,8.5541,5.0347,-0.0764,0.0000,0.0000,1788374240.597
37.092,8.5541,5.0347,-0.0764,0.0000,0.0000,1788374240.618
37.112,8.5541,5.0347,-0.0764,0.0000,0.0000,1788374240.637
37.132,8.5541,5.0347,-0.0764,0.0000,0.0000,1788374240.657
37.152,8.5541,5.0347,-0.0764,0.0000,0.0000,1788374240.677
37.172,8.5541,5.0347,-0.0764,0.0000,0.0000,1788374240.697
37.193,8.5541,5.0347,-0.0764,0.0000,0.0000,1788374240.719
37.212,8.5541,5.0347,-0.0764,0.0000,0.0000,1788374240.737
37.232,8.5541,5.0347,-0.0764,0.0000,0.0000,1788374240.757
37.253,8.5541,5.0347,-0.0764,0.0000,0.0000,1788374240.778
37.272,8.5541,5.0347,-0.0764,0.0000,0.0000,1788374240.797
37.292,8.5541,5.0347,-0.0764,0.0000,0.0000,1788374240.817
37.313,8.5541,5.0347,-0.0764,0.0000,0.0000,1788374240.838
37.332,8.5541,5.0347,-0.0764,0.0000,0.0000,1788374240.857
37.352,8.5541,5.0347,-0.0764,0.0000,0.0000,1788374240.878
37.372,8.5541,5.0347,-0.0764,0.0000,0.0000,1788374240.897
37.392,8.5541,5.0347,-0.0764,0.0000,0.0000,1788374240.917
37.412,8.5541,5.0347,-0.0764,0.0000,0.0000,1788374240.937
37.432,8.5541,5.0347,-0.0764,0.0000,0.0000,1788374240.957
37.453,8.5541,5.0347,-0.0764,0.0000,0.0000,1788374240.978
37.472,8.5541,5.0347,-0.0764,0.0000,0.0000,1788374240.997
37.492,8.5541,5.0347,-0.0764,0.0000,0.0000,1788374241.017
37.513,8.5541,5.0347,-0.0764,0.0000,0.0000,1788374241.039
37.532,8.5541,5.0347,-0.0764,0.0000,0.0000,1788374241.057
37.552,8.5541,5.0347,-0.0764,0.0000,0.0000,1788374241.078
37.572,8.5541,5.0347,-0.0764,0.0000,0.0000,1788374241.097
37.592,8.5541,5.0347,-0.0764,0.0000,0.0000,1788374241.117
37.612,8.5541,5.0347,-0.0764,0.0000,0.0000,1788374241.137
37.632,8.5541,5.0347,-0.0764,0.0000,0.0000,1788374241.157
37.653,8.5541,5.0347,-0.0764,0.0000,0.0000,1788374241.178
37.672,8.5541,5.0347,-0.0764,0.0000,0.0000,1788374241.197
37.693,8.5541,5.0347,-0.0764,0.0000,0.0000,1788374241.218
37.713,8.5541,5.0347,-0.0764,0.0000,0.0000,1788374241.238
37.732,8.5541,5.0347,-0.0764,0.0000,0.0000,1788374241.257
37.752,8.5541,5.0347,-0.0764,0.0000,0.0000,1788374241.277
37.772,8.5541,5.0347,-0.0764,0.0000,0.0000,1788374241.297
37.792,8.5541,5.0347,-0.0764,0.0000,0.0000,1788374241.317
37.813,8.5541,5.0347,-0.0764,0.0000,0.0000,1788374241.338
37.833,8.5541,5.0347,-0.0764,0.0000,0.0000,1788374241.358
37.852,8.5541,5.0347,-0.0764,0.0000,0.0000,1788374241.377
37.873,8.5541,5.0347,-0.0764,0.0000,0.0000,1788374241.398
37.892,8.5541,5.0347,-0.0764,0.0000,0.0000,1788374241.417
37.912,8.5541,5.0347,-0.0764,0.0000,0.0000,1788374241.437
37.932,8.5541,5.0347,-0.0764,0.0000,0.0000,1788374241.457
37.952,8.5541,5.0347,-0.0764,0.0000,0.0000,1788374241.477
37.972,8.5541,5.0347,-0.0764,0.0000,0.0000,1788374241.497
37.992,8.5541,5.0347,-0.0764,0.0000,0.0000,1788374241.517
38.012,8.5541,5.0347,-0.0764,0.0000,0.0000,1788374241.538
38.033,8.5541,5.0347,-0.0764,0.0000,0.0000,1788374241.558
38.052,8.5541,5.0347,-0.0764,0.0000,0.0000,1788374241.577
38.072,8.5541,5.0347,-0.0764,0.0000,0.0000,1788374241.597
38.092,8.5541,5.0347,-0.0764,0.0000,0.0000,1788374241.617
38.112,8.5541,5.0347,-0.0764,0.0000,0.0000,1788374241.637
38.132,8.5541,5.0347,-0.0764,0.0000,0.0000,1788374241.657
38.152,8.5541,5.0347,-0.0764,0.0000,0.0000,1788374241.678
38.173,8.5541,5.0347,-0.0764,0.0000,0.0000,1788374241.698
38.193,8.5541,5.0347,-0.0764,0.0000,0.0000,1788374241.718
38.212,8.5541,5.0347,-0.0764,0.0000,0.0000,1788374241.737
38.232,8.5541,5.0347,-0.0764,0.0000,0.0000,1788374241.757
38.252,8.5541,5.0347,-0.0764,0.0000,0.0000,1788374241.777
38.272,8.5541,5.0347,-0.0764,0.0000,0.0000,1788374241.797
38.292,8.5541,5.0347,-0.0764,0.0000,0.0000,1788374241.817
38.312,8.5541,5.0347,-0.0764,0.0000,0.0000,1788374241.837
38.332,8.5541,5.0347,-0.0764,0.0000,0.0000,1788374241.857
38.352,8.5541,5.0347,-0.0764,0.0000,0.0000,1788374241.877
38.373,8.5541,5.0347,-0.0764,0.0000,0.0000,1788374241.898
38.392,8.5541,5.0347,-0.0764,0.0000,0.0000,1788374241.917
38.412,8.5541,5.0347,-0.0764,0.0000,0.0000,1788374241.937
38.433,8.5541,5.0347,-0.0764,0.0000,0.0000,1788374241.958
38.452,8.5541,5.0347,-0.0764,0.0000,0.0000,1788374241.977
38.472,8.5541,5.0347,-0.0764,0.0000,0.0000,1788374241.997
38.493,8.5541,5.0347,-0.0764,0.0000,0.0000,1788374242.018
38.512,8.5541,5.0347,-0.0764,0.0000,0.0000,1788374242.037
38.532,8.5541,5.0347,-0.0764,0.0000,0.0000,1788374242.057
38.552,8.5541,5.0347,-0.0764,0.0000,0.0000,1788374242.077
38.572,8.5541,5.0347,-0.0764,0.0000,0.0000,1788374242.097
38.592,8.5541,5.0347,-0.0764,0.0000,0.0000,1788374242.117
38.612,8.5541,5.0347,-0.0764,0.0000,0.0000,1788374242.138
38.633,8.5541,5.0347,-0.0764,0.0000,0.0000,1788374242.158
38.652,8.5541,5.0347,-0.0764,0.0000,0.0000,1788374242.177
38.672,8.5541,5.0347,-0.0764,0.0000,0.0000,1788374242.198
38.693,8.5541,5.0347,-0.0764,0.0000,0.0000,1788374242.218
38.713,8.5541,5.0347,-0.0764,0.0000,0.0000,1788374242.239
38.733,8.5541,5.0347,-0.0764,0.0000,0.0000,1788374242.258
38.752,8.5541,5.0347,-0.0764,0.0000,0.0000,1788374242.277
38.772,8.5541,5.0347,-0.0764,0.0000,0.0000,1788374242.297
38.792,8.5541,5.0347,-0.0764,0.0000,0.0000,1788374242.318
38.812,8.5541,5.0347,-0.0764,0.0000,0.0000,1788374242.337
38.832,8.5541,5.0347,-0.0764,0.0000,0.0000,1788374242.357
38.853,8.5541,5.0347,-0.0764,0.0000,0.0000,1788374242.378
38.872,8.5541,5.0347,-0.0764,0.0000,0.0000,1788374242.398
38.892,8.5541,5.0347,-0.0764,0.0000,0.0000,1788374242.418
38.912,8.5541,5.0347,-0.0764,0.0000,0.0000,1788374242.438
38.933,8.5541,5.0347,-0.0764,0.0000,0.0000,1788374242.458
38.952,8.5541,5.0347,-0.0764,0.0000,0.0000,1788374242.478
38.973,8.5541,5.0347,-0.0764,0.0000,0.0000,1788374242.499
38.992,8.5541,5.0347,-0.0764,0.0000,0.0000,1788374242.517
39.012,8.5541,5.0347,-0.0764,0.0000,0.0000,1788374242.537
39.033,8.5541,5.0347,-0.0764,0.0000,0.0000,1788374242.558
39.052,8.5541,5.0347,-0.0764,0.0000,0.0000,1788374242.577
39.072,8.5541,5.0347,-0.0764,0.0000,0.0000,1788374242.598
39.092,8.5541,5.0347,-0.0764,0.0000,0.0000,1788374242.617
39.112,8.5541,5.0347,-0.0764,0.0000,0.0000,1788374242.637
39.132,8.5541,5.0347,-0.0764,0.0000,0.0000,1788374242.657
39.153,8.5541,5.0347,-0.0764,0.0000,0.0000,1788374242.679
39.172,8.5541,5.0347,-0.0764,0.0000,0.0000,1788374242.697
39.192,8.5541,5.0347,-0.0764,0.0000,0.0000,1788374242.717
39.212,8.5541,5.0347,-0.0764,0.0000,0.0000,1788374242.737
39.232,8.5541,5.0347,-0.0764,0.0000,0.0000,1788374242.757
39.252,8.5541,5.0347,-0.0764,0.0000,0.0000,1788374242.777
39.272,8.5541,5.0347,-0.0764,0.0000,0.0000,1788374242.797
39.293,8.5541,5.0347,-0.0764,0.0000,0.0000,1788374242.818
39.312,8.5541,5.0347,-0.0764,0.0000,0.0000,1788374242.837
39.332,8.5541,5.0347,-0.0764,0.0000,0.0000,1788374242.857
39.352,8.5541,5.0347,-0.0764,0.0000,0.0000,1788374242.877
39.372,8.5541,5.0347,-0.0764,0.0000,0.0000,1788374242.897
39.393,8.5541,5.0347,-0.0764,0.0000,0.0000,1788374242.918
39.412,8.5541,5.0347,-0.0764,0.0000,0.0000,1788374242.937
39.432,8.5541,5.0347,-0.0764,0.0000,0.0000,1788374242.957
39.452,8.5541,5.0347,-0.0764,0.0000,0.0000,1788374242.977
39.472,8.5541,5.0347,-0.0764,0.0000,0.0000,1788374242.997
39.493,8.5541,5.0347,-0.0764,0.0000,0.0000,1788374243.018
39.513,8.5541,5.0347,-0.0764,0.0000,0.0000,1788374243.038
39.532,8.5541,5.0347,-0.0764,0.0000,0.0000,1788374243.057
39.552,8.5541,5.0347,-0.0764,0.0000,0.0000,1788374243.077
39.572,8.5541,5.0347,-0.0764,0.0000,0.0000,1788374243.098
39.592,8.5541,5.0347,-0.0764,0.0000,0.0000,1788374243.117
39.612,8.5541,5.0347,-0.0764,0.0000,0.0000,1788374243.137
39.632,8.5541,5.0347,-0.0764,0.0000,0.0000,1788374243.157
39.652,8.5541,5.0347,-0.0764,0.0000,0.0000,1788374243.177
39.672,8.5541,5.0347,-0.0764,0.0000,0.0000,1788374243.197
39.692,8.5541,5.0347,-0.0764,0.0000,0.0000,1788374243.218
39.712,8.5541,5.0347,-0.0764,0.0000,0.0000,1788374243.237
39.732,8.5541,5.0347,-0.0764,0.0000,0.0000,1788374243.257
39.753,8.5541,5.0347,-0.0764,0.0000,0.0000,1788374243.278
39.773,8.5541,5.0347,-0.0764,0.0000,0.0000,1788374243.298
39.792,8.5541,5.0347,-0.0764,0.0000,0.0000,1788374243.317
39.812,8.5541,5.0347,-0.0764,0.0000,0.0000,1788374243.337
39.832,8.5541,5.0347,-0.0764,0.0000,0.0000,1788374243.357
39.852,8.5541,5.0347,-0.0764,0.0000,0.0000,1788374243.378
39.872,8.5541,5.0347,-0.0764,0.0000,0.0000,1788374243.397
39.893,8.5541,5.0347,-0.0764,0.0000,0.0000,1788374243.418
39.912,8.5541,5.0347,-0.0764,0.0000,0.0000,1788374243.437
39.933,8.5541,5.0347,-0.0764,0.0000,0.0000,1788374243.458
39.952,8.5541,5.0347,-0.0764,0.0000,0.0000,1788374243.478
39.972,8.5541,5.0347,-0.0764,0.0000,0.0000,1788374243.498
39.993,8.5541,5.0347,-0.0764,0.0000,0.0000,1788374243.518
40.012,8.5541,5.0347,-0.0764,0.0000,0.0000,1788374243.537
40.032,8.5541,5.0347,-0.0764,0.0000,0.0000,1788374243.557
40.053,8.5541,5.0347,-0.0764,0.0000,0.0000,1788374243.578
40.073,8.5541,5.0347,-0.0764,0.0000,0.0000,1788374243.598
40.093,8.5541,5.0347,-0.0764,0.0000,0.0000,1788374243.618
40.113,8.5541,5.0347,-0.0764,0.0000,0.0000,1788374243.638
40.132,8.5541,5.0347,-0.0764,0.0000,0.0000,1788374243.657
40.153,8.5541,5.0347,-0.0764,0.0000,0.0000,1788374243.678
40.173,8.5541,5.0347,-0.0764,0.0000,0.0000,1788374243.698
40.192,8.5541,5.0347,-0.0764,0.0000,0.0000,1788374243.717
40.212,8.5541,5.0347,-0.0764,0.0000,0.0000,1788374243.737
40.233,8.5541,5.0347,-0.0764,0.0000,0.0000,1788374243.758
40.252,8.5541,5.0347,-0.0764,0.0000,0.0000,1788374243.777
40.272,8.5541,5.0347,-0.0764,0.0000,0.0000,1788374243.797
40.292,8.5541,5.0347,-0.0764,0.0000,0.0000,1788374243.817
40.313,8.5541,5.0347,-0.0764,0.0000,0.0000,1788374243.839
40.333,8.5541,5.0347,-0.0764,0.0000,0.0000,1788374243.858
40.352,8.5541,5.0347,-0.0764,0.0000,0.0000,1788374243.878
40.372,8.5541,5.0347,-0.0764,0.0000,0.0000,1788374243.897
40.392,8.5541,5.0347,-0.0764,0.0000,0.0000,1788374243.917
40.413,8.5541,5.0347,-0.0764,0.0000,0.0000,1788374243.939
40.433,8.5541,5.0347,-0.0764,0.0000,0.0000,1788374243.958
40.452,8.5541,5.0347,-0.0764,0.0000,0.0000,1788374243.977
40.472,8.5541,5.0347,-0.0764,0.0000,0.0000,1788374243.997
40.492,8.5541,5.0347,-0.0764,0.0000,0.0000,1788374244.017
40.513,8.5541,5.0347,-0.0764,0.0000,0.0000,1788374244.038
40.532,8.5541,5.0347,-0.0764,0.0000,0.0000,1788374244.057
40.552,8.5541,5.0347,-0.0764,0.0000,0.0000,1788374244.077
40.572,8.5541,5.0347,-0.0764,0.0000,0.0000,1788374244.097
40.592,8.5541,5.0347,-0.0764,0.0000,0.0000,1788374244.117
40.612,8.5541,5.0347,-0.0764,0.0000,0.0000,1788374244.137
40.632,8.5541,5.0347,-0.0764,0.0000,0.0000,1788374244.158
40.652,8.5541,5.0347,-0.0764,0.0000,0.0000,1788374244.177
40.672,8.5541,5.0347,-0.0764,0.0000,0.0000,1788374244.197
40.692,8.5541,5.0347,-0.0764,0.0000,0.0000,1788374244.217
40.712,8.5541,5.0347,-0.0764,0.0000,0.0000,1788374244.237
40.732,8.5541,5.0347,-0.0764,0.0000,0.0000,1788374244.257
40.753,8.5541,5.0347,-0.0764,0.0000,0.0000,1788374244.278
40.773,8.5541,5.0347,-0.0764,0.0000,0.0000,1788374244.298
40.792,8.5541,5.0347,-0.0764,0.0000,0.0000,1788374244.317
40.812,8.5541,5.0347,-0.0764,0.0000,0.0000,1788374244.338
40.832,8.5541,5.0347,-0.0764,0.0000,0.0000,1788374244.357
40.852,8.5541,5.0347,-0.0764,0.0000,0.0000,1788374244.377
40.872,8.5541,5.0347,-0.0764,0.0000,0.0000,1788374244.398
40.892,8.5541,5.0347,-0.0764,0.0000,0.0000,1788374244.417
40.912,8.5541,5.0347,-0.0764,0.0000,0.0000,1788374244.437
40.933,8.5541,5.0347,-0.0764,0.0000,0.0000,1788374244.458
40.952,8.5541,5.0347,-0.0764,0.0000,0.0000,1788374244.477
40.972,8.5541,5.0347,-0.0764,0.0000,0.0000,1788374244.498
40.993,8.5541,5.0347,-0.0764,0.0000,0.0000,1788374244.518
41.012,8.5541,5.0347,-0.0764,0.0000,0.0000,1788374244.537
41.033,8.5541,5.0347,-0.0764,0.0000,0.0000,1788374244.558
41.052,8.5541,5.0347,-0.0764,0.0000,0.0000,1788374244.578
41.073,8.5541,5.0347,-0.0764,0.0000,0.0000,1788374244.598
41.093,8.5541,5.0347,-0.0764,0.0000,0.0000,1788374244.618
41.112,8.5541,5.0347,-0.0764,0.0000,0.0000,1788374244.637
41.132,8.5541,5.0347,-0.0764,0.0000,0.0000,1788374244.658
41.153,8.5541,5.0347,-0.0764,0.0000,0.0000,1788374244.678
41.173,8.5541,5.0347,-0.0764,0.0000,0.0000,1788374244.699
41.192,8.5541,5.0347,-0.0764,0.0000,0.0000,1788374244.717
41.212,8.5541,5.0347,-0.0764,0.0000,0.0000,1788374244.737
41.232,8.5541,5.0347,-0.0764,0.0000,0.0000,1788374244.757
41.252,8.5541,5.0347,-0.0764,0.0000,0.0000,1788374244.778
41.272,8.5541,5.0347,-0.0764,0.0000,0.0000,1788374244.797
41.292,8.5541,5.0347,-0.0764,0.0000,0.0000,1788374244.817
41.312,8.5541,5.0347,-0.0764,0.0000,0.0000,1788374244.837
41.332,8.5541,5.0347,-0.0764,0.0000,0.0000,1788374244.857
41.352,8.5541,5.0347,-0.0764,0.0000,0.0000,1788374244.877
41.372,8.5541,5.0347,-0.0764,0.0000,0.0000,1788374244.897
41.392,8.5541,5.0347,-0.0764,0.0000,0.0000,1788374244.918
41.412,8.5541,5.0347,-0.0764,0.0000,0.0000,1788374244.937
41.432,8.5541,5.0347,-0.0764,0.0000,0.0000,1788374244.957
41.452,8.5541,5.0347,-0.0764,0.0000,0.0000,1788374244.978
41.472,8.5541,5.0347,-0.0764,0.0000,0.0000,1788374244.997
41.492,8.5541,5.0347,-0.0764,0.0000,0.0000,1788374245.017
41.513,8.5541,5.0347,-0.0764,0.0000,0.0000,1788374245.038
41.533,8.5541,5.0347,-0.0764,0.0000,0.0000,1788374245.058
41.552,8.5541,5.0347,-0.0764,0.0000,0.0000,1788374245.078
41.572,8.5541,5.0347,-0.0764,0.0000,0.0000,1788374245.097
41.592,8.5541,5.0347,-0.0764,0.0000,0.0000,1788374245.118
41.612,8.5541,5.0347,-0.0764,0.0000,0.0000,1788374245.138
41.633,8.5541,5.0347,-0.0764,0.0000,0.0000,1788374245.158
41.653,8.5541,5.0347,-0.0764,0.0000,0.0000,1788374245.178
41.672,8.5541,5.0347,-0.0764,0.0000,0.0000,1788374245.197
41.692,8.5541,5.0347,-0.0764,0.0000,0.0000,1788374245.217
41.712,8.5541,5.0347,-0.0764,0.0000,0.0000,1788374245.237
41.734,8.5541,5.0347,-0.0764,0.0000,0.0000,1788374245.259
41.752,8.5541,5.0347,-0.0764,0.0000,0.0000,1788374245.277
41.772,8.5541,5.0347,-0.0764,0.0000,0.0000,1788374245.298
41.792,8.5541,5.0347,-0.0764,0.0000,0.0000,1788374245.317
41.812,8.5541,5.0347,-0.0764,0.0000,0.0000,1788374245.337
41.832,8.5541,5.0347,-0.0764,0.0000,0.0000,1788374245.357
41.852,8.5541,5.0347,-0.0764,0.0000,0.0000,1788374245.377
41.872,8.5541,5.0347,-0.0764,0.0000,0.0000,1788374245.397
41.892,8.5541,5.0347,-0.0764,0.0000,0.0000,1788374245.418
41.912,8.5541,5.0347,-0.0764,0.0000,0.0000,1788374245.437
41.933,8.5541,5.0347,-0.0764,0.0000,0.0000,1788374245.458
41.952,8.5541,5.0347,-0.0764,0.0000,0.0000,1788374245.478
41.972,8.5541,5.0347,-0.0764,0.0000,0.0000,1788374245.498
41.992,8.5541,5.0347,-0.0764,0.0000,0.0000,1788374245.518
42.012,8.5541,5.0347,-0.0764,0.0000,0.0000,1788374245.538
42.032,8.5541,5.0347,-0.0764,0.0000,0.0000,1788374245.558
42.052,8.5541,5.0347,-0.0764,0.0000,0.0000,1788374245.577
42.072,8.5541,5.0347,-0.0764,0.0000,0.0000,1788374245.598
42.092,8.5541,5.0347,-0.0764,0.0000,0.0000,1788374245.618
42.112,8.5541,5.0347,-0.0764,0.0000,0.0000,1788374245.637
42.133,8.5541,5.0347,-0.0764,0.0000,0.0000,1788374245.658
42.153,8.5541,5.0347,-0.0764,0.0000,0.0000,1788374245.678
42.172,8.5541,5.0347,-0.0764,0.0000,0.0000,1788374245.697
42.192,8.5541,5.0347,-0.0764,0.0000,0.0000,1788374245.717
42.212,8.5541,5.0347,-0.0764,0.0000,0.0000,1788374245.737
42.233,8.5541,5.0347,-0.0764,0.0000,0.0000,1788374245.758
42.252,8.5541,5.0347,-0.0764,0.0000,0.0000,1788374245.777
42.272,8.5541,5.0347,-0.0764,0.0000,0.0000,1788374245.798
42.292,8.5541,5.0347,-0.0764,0.0000,0.0000,1788374245.817
42.312,8.5541,5.0347,-0.0764,0.0000,0.0000,1788374245.838
42.334,8.5541,5.0347,-0.0764,0.0000,0.0000,1788374245.859
42.352,8.5541,5.0347,-0.0764,0.0000,0.0000,1788374245.877
42.372,8.5541,5.0347,-0.0764,0.0000,0.0000,1788374245.897
42.392,8.5541,5.0347,-0.0764,0.0000,0.0000,1788374245.917
42.412,8.5541,5.0347,-0.0764,0.0000,0.0000,1788374245.937
42.433,8.5541,5.0347,-0.0764,0.0000,0.0000,1788374245.958
42.452,8.5541,5.0347,-0.0764,0.0000,0.0000,1788374245.978
42.473,8.5541,5.0347,-0.0764,0.0000,0.0000,1788374245.999
42.492,8.5541,5.0347,-0.0764,0.0000,0.0000,1788374246.017
42.512,8.5541,5.0347,-0.0764,0.0000,0.0000,1788374246.037
42.532,8.5541,5.0347,-0.0764,0.0000,0.0000,1788374246.057
42.552,8.5541,5.0347,-0.0764,0.0000,0.0000,1788374246.077
42.572,8.5541,5.0347,-0.0764,0.0000,0.0000,1788374246.097
42.592,8.5541,5.0347,-0.0764,0.0000,0.0000,1788374246.117
42.613,8.5541,5.0347,-0.0764,0.0000,0.0000,1788374246.139
42.633,8.5541,5.0347,-0.0764,0.0000,0.0000,1788374246.158
42.652,8.5541,5.0347,-0.0764,0.0000,0.0000,1788374246.177
42.672,8.5541,5.0347,-0.0764,0.0000,0.0000,1788374246.197
42.692,8.5541,5.0347,-0.0764,0.0000,0.0000,1788374246.217
42.713,8.5541,5.0347,-0.0764,0.0000,0.0000,1788374246.238
42.733,8.5541,5.0347,-0.0764,0.0000,0.0000,1788374246.258
42.752,8.5541,5.0347,-0.0764,0.0000,0.0000,1788374246.277
42.772,8.5541,5.0347,-0.0764,0.0000,0.0000,1788374246.297
42.792,8.5541,5.0347,-0.0764,0.0000,0.0000,1788374246.317
42.812,8.5541,5.0347,-0.0764,0.0000,0.0000,1788374246.337
42.832,8.5541,5.0347,-0.0764,0.0000,0.0000,1788374246.357
42.852,8.5541,5.0347,-0.0764,0.0000,0.0000,1788374246.377
42.872,8.5541,5.0347,-0.0764,0.0000,0.0000,1788374246.397
42.892,8.5541,5.0347,-0.0764,0.0000,0.0000,1788374246.417
42.912,8.5541,5.0347,-0.0764,0.0000,0.0000,1788374246.437
42.934,8.5541,5.0347,-0.0764,0.0000,0.0000,1788374246.459
42.952,8.5541,5.0347,-0.0764,0.0000,0.0000,1788374246.478
42.972,8.5541,5.0347,-0.0764,0.0000,0.0000,1788374246.497
42.992,8.5541,5.0347,-0.0764,0.0000,0.0000,1788374246.517
43.012,8.5541,5.0347,-0.0764,0.0000,0.0000,1788374246.537
43.032,8.5541,5.0347,-0.0764,0.0000,0.0000,1788374246.557
43.053,8.5541,5.0347,-0.0764,0.0000,0.0000,1788374246.578
43.072,8.5541,5.0347,-0.0764,0.0000,0.0000,1788374246.598
43.093,8.5541,5.0347,-0.0764,0.0000,0.0000,1788374246.618
43.112,8.5541,5.0347,-0.0764,0.0000,0.0000,1788374246.637
43.134,8.5541,5.0347,-0.0764,0.0000,0.0000,1788374246.659
43.152,8.5541,5.0347,-0.0764,0.0000,0.0000,1788374246.677
43.173,8.5541,5.0347,-0.0764,0.0000,0.0000,1788374246.698
43.193,8.5541,5.0347,-0.0764,0.0000,0.0000,1788374246.718
43.212,8.5541,5.0347,-0.0764,0.0000,0.0000,1788374246.738
43.232,8.5541,5.0347,-0.0764,0.0000,0.0000,1788374246.757
43.252,8.5541,5.0347,-0.0764,0.0000,0.0000,1788374246.777
43.272,8.5541,5.0347,-0.0764,0.0000,0.0000,1788374246.797
43.292,8.5541,5.0347,-0.0764,0.0000,0.0000,1788374246.817
43.312,8.5541,5.0347,-0.0764,0.0000,0.0000,1788374246.837
43.332,8.5541,5.0347,-0.0764,0.0000,0.0000,1788374246.857
43.352,8.5541,5.0347,-0.0764,0.0000,0.0000,1788374246.877
43.373,8.5541,5.0347,-0.0764,0.0000,0.0000,1788374246.898
43.393,8.5541,5.0347,-0.0764,0.0000,0.0000,1788374246.918
43.412,8.5541,5.0347,-0.0764,0.0000,0.0000,1788374246.937
43.432,8.5541,5.0347,-0.0764,0.0000,0.0000,1788374246.958
43.452,8.5541,5.0347,-0.0764,0.0000,0.0000,1788374246.977
43.472,8.5541,5.0347,-0.0764,0.0000,0.0000,1788374246.997
43.492,8.5541,5.0347,-0.0764,0.0000,0.0000,1788374247.017
43.512,8.5541,5.0347,-0.0764,0.0000,0.0000,1788374247.038
43.533,8.5541,5.0347,-0.0764,0.0000,0.0000,1788374247.058
43.552,8.5541,5.0347,-0.0764,0.0000,0.0000,1788374247.077
43.572,8.5541,5.0347,-0.0764,0.0000,0.0000,1788374247.097
43.592,8.5541,5.0347,-0.0764,0.0000,0.0000,1788374247.118
43.612,8.5541,5.0347,-0.0764,0.0000,0.0000,1788374247.137
43.633,8.5541,5.0347,-0.0764,0.0000,0.0000,1788374247.158
43.652,8.5541,5.0347,-0.0764,0.0000,0.0000,1788374247.178
43.672,8.5541,5.0347,-0.0764,0.0000,0.0000,1788374247.197
43.693,8.5541,5.0347,-0.0764,0.0000,0.0000,1788374247.218
43.712,8.5541,5.0347,-0.0764,0.0000,0.0000,1788374247.237
43.732,8.5541,5.0347,-0.0764,0.0000,0.0000,1788374247.257
43.752,8.5541,5.0347,-0.0764,0.0000,0.0000,1788374247.277
43.772,8.5541,5.0347,-0.0764,0.0000,0.0000,1788374247.297
43.792,8.5541,5.0347,-0.0764,0.0000,0.0000,1788374247.317
43.812,8.5541,5.0347,-0.0764,0.0000,0.0000,1788374247.337
43.832,8.5541,5.0347,-0.0764,0.0000,0.0000,1788374247.357
43.852,8.5541,5.0347,-0.0764,0.0000,0.0000,1788374247.377
43.872,8.5541,5.0347,-0.0764,0.0000,0.0000,1788374247.397
43.894,8.5541,5.0347,-0.0764,0.0000,0.0000,1788374247.419
43.912,8.5541,5.0347,-0.0764,0.0000,0.0000,1788374247.437
43.933,8.5541,5.0347,-0.0764,0.0000,0.0000,1788374247.458
43.952,8.5541,5.0347,-0.0764,0.0000,0.0000,1788374247.477
43.972,8.5541,5.0347,-0.0764,0.0000,0.0000,1788374247.497
43.992,8.5541,5.0347,-0.0764,0.0000,0.0000,1788374247.517
44.012,8.5541,5.0347,-0.0764,0.0000,0.0000,1788374247.537
44.032,8.5541,5.0347,-0.0764,0.0000,0.0000,1788374247.557
44.052,8.5541,5.0347,-0.0764,0.0000,0.0000,1788374247.577
44.072,8.5541,5.0347,-0.0764,0.0000,0.0000,1788374247.597
44.094,8.5541,5.0347,-0.0764,0.0000,0.0000,1788374247.619
44.112,8.5541,5.0347,-0.0764,0.0000,0.0000,1788374247.637
44.132,8.5541,5.0347,-0.0764,0.0000,0.0000,1788374247.657
44.153,8.5541,5.0347,-0.0764,0.0000,0.0000,1788374247.678
44.172,8.5541,5.0347,-0.0764,0.0000,0.0000,1788374247.697
44.192,8.5541,5.0347,-0.0764,0.0000,0.0000,1788374247.717
44.213,8.5541,5.0347,-0.0764,0.0000,0.0000,1788374247.739
44.232,8.5541,5.0347,-0.0764,0.0000,0.0000,1788374247.757
44.252,8.5541,5.0347,-0.0764,0.0000,0.0000,1788374247.777
44.272,8.5541,5.0347,-0.0764,0.0000,0.0000,1788374247.797
44.292,8.5541,5.0347,-0.0764,0.0000,0.0000,1788374247.817
44.312,8.5541,5.0347,-0.0764,0.0000,0.0000,1788374247.837
44.332,8.5541,5.0347,-0.0764,0.0000,0.0000,1788374247.857
44.352,8.5541,5.0347,-0.0764,0.0000,0.0000,1788374247.878
44.372,8.5541,5.0347,-0.0764,0.0000,0.0000,1788374247.897
44.392,8.5541,5.0347,-0.0764,0.0000,0.0000,1788374247.917
44.412,8.5541,5.0347,-0.0764,0.0000,0.0000,1788374247.937
44.433,8.5541,5.0347,-0.0764,0.0000,0.0000,1788374247.958
44.453,8.5541,5.0347,-0.0764,0.0000,0.0000,1788374247.978
44.472,8.5541,5.0347,-0.0764,0.0000,0.0000,1788374247.997
44.492,8.5541,5.0347,-0.0764,0.0000,0.0000,1788374248.017
44.512,8.5541,5.0347,-0.0764,0.0000,0.0000,1788374248.038
44.533,8.5541,5.0347,-0.0764,0.0000,0.0000,1788374248.058
44.552,8.5541,5.0347,-0.0764,0.0000,0.0000,1788374248.078
44.572,8.5541,5.0347,-0.0764,0.0000,0.0000,1788374248.097
44.592,8.5541,5.0347,-0.0764,0.0000,0.0000,1788374248.117
44.612,8.5541,5.0347,-0.0764,0.0000,0.0000,1788374248.137
44.632,8.5541,5.0347,-0.0764,0.0000,0.0000,1788374248.157
44.653,8.5541,5.0347,-0.0764,0.0000,0.0000,1788374248.179
44.673,8.5541,5.0347,-0.0764,0.0000,0.0000,1788374248.198
44.692,8.5541,5.0347,-0.0764,0.0000,0.0000,1788374248.217
44.712,8.5541,5.0347,-0.0764,0.0000,0.0000,1788374248.237
44.734,8.5541,5.0347,-0.0764,0.0000,0.0000,1788374248.259
44.752,8.5541,5.0347,-0.0764,0.0000,0.0000,1788374248.277
44.772,8.5541,5.0347,-0.0764,0.0000,0.0000,1788374248.297
44.792,8.5541,5.0347,-0.0764,0.0000,0.0000,1788374248.317
44.812,8.5541,5.0347,-0.0764,0.0000,0.0000,1788374248.337
44.832,8.5541,5.0347,-0.0764,0.0000,0.0000,1788374248.357
44.852,8.5541,5.0347,-0.0764,0.0000,0.0000,1788374248.377
44.872,8.5541,5.0347,-0.0764,0.0000,0.0000,1788374248.397
44.892,8.5541,5.0347,-0.0764,0.0000,0.0000,1788374248.417
44.912,8.5541,5.0347,-0.0764,0.0000,0.0000,1788374248.438
44.932,8.5541,5.0347,-0.0764,0.0000,0.0000,1788374248.457
44.952,8.5541,5.0347,-0.0764,0.0000,0.0000,1788374248.478
44.973,8.5541,5.0347,-0.0764,0.0000,0.0000,1788374248.498
44.992,8.5541,5.0347,-0.0764,0.0000,0.0000,1788374248.517
45.012,8.5541,5.0347,-0.0764,0.0000,0.0000,1788374248.537
45.032,8.5541,5.0347,-0.0764,0.0000,0.0000,1788374248.557
45.053,8.5541,5.0347,-0.0764,0.0000,0.0000,1788374248.579
45.073,8.5541,5.0347,-0.0764,0.0000,0.0000,1788374248.598
45.092,8.5541,5.0347,-0.0764,0.0000,0.0000,1788374248.617
45.113,8.5541,5.0347,-0.0764,0.0000,0.0000,1788374248.639
45.132,8.5541,5.0347,-0.0764,0.0000,0.0000,1788374248.657
45.152,8.5541,5.0347,-0.0764,0.0000,0.0000,1788374248.677
45.172,8.5541,5.0347,-0.0764,0.0000,0.0000,1788374248.698
45.192,8.5541,5.0347,-0.0764,0.0000,0.0000,1788374248.717
45.213,8.5541,5.0347,-0.0764,0.0000,0.0000,1788374248.738
45.232,8.5541,5.0347,-0.0764,0.0000,0.0000,1788374248.757
45.252,8.5541,5.0347,-0.0764,0.0000,0.0000,1788374248.777
45.273,8.5541,5.0347,-0.0764,0.0000,0.0000,1788374248.798
45.293,8.5541,5.0347,-0.0764,0.0000,0.0000,1788374248.818
45.312,8.5541,5.0347,-0.0764,0.0000,0.0000,1788374248.837
45.333,8.5541,5.0347,-0.0764,0.0000,0.0000,1788374248.858
45.352,8.5541,5.0347,-0.0764,0.0000,0.0000,1788374248.877
45.372,8.5541,5.0347,-0.0764,0.0000,0.0000,1788374248.897
45.392,8.5541,5.0347,-0.0764,0.0000,0.0000,1788374248.917
45.412,8.5541,5.0347,-0.0764,0.0000,0.0000,1788374248.937
45.433,8.5541,5.0347,-0.0764,0.0000,0.0000,1788374248.958
45.452,8.5541,5.0347,-0.0764,0.0000,0.0000,1788374248.978
45.472,8.5541,5.0347,-0.0764,0.0000,0.0000,1788374248.997
45.493,8.5541,5.0347,-0.0764,0.0000,0.0000,1788374249.018
45.512,8.5541,5.0347,-0.0764,0.0000,0.0000,1788374249.037
45.532,8.5541,5.0347,-0.0764,0.0000,0.0000,1788374249.057
45.552,8.5541,5.0347,-0.0764,0.0000,0.0000,1788374249.077
45.573,8.5541,5.0347,-0.0764,0.0000,0.0000,1788374249.098
45.592,8.5541,5.0347,-0.0764,0.0000,0.0000,1788374249.117
45.612,8.5541,5.0347,-0.0764,0.0000,0.0000,1788374249.137
45.633,8.5541,5.0347,-0.0764,0.0000,0.0000,1788374249.158
45.653,8.5541,5.0347,-0.0764,0.0000,0.0000,1788374249.179
45.673,8.5541,5.0347,-0.0764,0.0000,0.0000,1788374249.198
45.692,8.5541,5.0347,-0.0764,0.0000,0.0000,1788374249.217
45.712,8.5541,5.0347,-0.0764,0.0000,0.0000,1788374249.237
45.733,8.5541,5.0347,-0.0764,0.0000,0.0000,1788374249.258
45.752,8.5541,5.0347,-0.0764,0.0000,0.0000,1788374249.278
45.772,8.5541,5.0347,-0.0764,0.0000,0.0000,1788374249.297
45.792,8.5541,5.0347,-0.0764,0.0000,0.0000,1788374249.317
45.812,8.5541,5.0347,-0.0764,0.0000,0.0000,1788374249.337
45.833,8.5541,5.0347,-0.0764,0.0000,0.0000,1788374249.358
45.852,8.5541,5.0347,-0.0764,0.0000,0.0000,1788374249.377
45.872,8.5541,5.0347,-0.0764,0.0000,0.0000,1788374249.397
45.892,8.5541,5.0347,-0.0764,0.0000,0.0000,1788374249.418
45.912,8.5541,5.0347,-0.0764,0.0000,0.0000,1788374249.437
45.932,8.5541,5.0347,-0.0764,0.0000,0.0000,1788374249.458
45.952,8.5541,5.0347,-0.0764,0.0000,0.0000,1788374249.477
45.972,8.5541,5.0347,-0.0764,0.0000,0.0000,1788374249.498
45.992,8.5541,5.0347,-0.0764,0.0000,0.0000,1788374249.517
46.012,8.5541,5.0347,-0.0764,0.0000,0.0000,1788374249.537
46.032,8.5541,5.0347,-0.0764,0.0000,0.0000,1788374249.557
46.052,8.5541,5.0347,-0.0764,0.0000,0.0000,1788374249.577
46.072,8.5541,5.0347,-0.0764,0.0000,0.0000,1788374249.597
46.092,8.5541,5.0347,-0.0764,0.0000,0.0000,1788374249.617
46.112,8.5541,5.0347,-0.0764,0.0000,0.0000,1788374249.637
46.133,8.5541,5.0347,-0.0764,0.0000,0.0000,1788374249.658
46.153,8.5541,5.0347,-0.0764,0.0000,0.0000,1788374249.678
46.173,8.5541,5.0347,-0.0764,0.0000,0.0000,1788374249.698
46.192,8.5541,5.0347,-0.0764,0.0000,0.0000,1788374249.717
46.212,8.5541,5.0347,-0.0764,0.0000,0.0000,1788374249.737
46.232,8.5541,5.0347,-0.0764,0.0000,0.0000,1788374249.758
46.253,8.5541,5.0347,-0.0764,0.0000,0.0000,1788374249.778
46.273,8.5541,5.0347,-0.0764,0.0000,0.0000,1788374249.798
46.292,8.5541,5.0347,-0.0764,0.0000,0.0000,1788374249.817
46.312,8.5541,5.0347,-0.0764,0.0000,0.0000,1788374249.838
46.332,8.5541,5.0347,-0.0764,0.0000,0.0000,1788374249.857
46.352,8.5541,5.0347,-0.0764,0.0000,0.0000,1788374249.878
46.373,8.5541,5.0347,-0.0764,0.0000,0.0000,1788374249.898
46.392,8.5541,5.0347,-0.0764,0.0000,0.0000,1788374249.917
46.412,8.5541,5.0347,-0.0764,0.0000,0.0000,1788374249.937
46.432,8.5541,5.0347,-0.0764,0.0000,0.0000,1788374249.957
46.453,8.5541,5.0347,-0.0764,0.0000,0.0000,1788374249.978
46.473,8.5541,5.0347,-0.0764,0.0000,0.0000,1788374249.998
46.492,8.5541,5.0347,-0.0764,0.0000,0.0000,1788374250.017
46.513,8.5541,5.0347,-0.0764,0.0000,0.0000,1788374250.038
46.533,8.5541,5.0347,-0.0764,0.0000,0.0000,1788374250.058
46.553,8.5541,5.0347,-0.0764,0.0000,0.0000,1788374250.079
46.573,8.5541,5.0347,-0.0764,0.0000,0.0000,1788374250.098
46.592,8.5541,5.0347,-0.0764,0.0000,0.0000,1788374250.117
46.612,8.5541,5.0347,-0.0764,0.0000,0.0000,1788374250.137
46.632,8.5541,5.0347,-0.0764,0.0000,0.0000,1788374250.157
46.653,8.5541,5.0347,-0.0764,0.0000,0.0000,1788374250.178
46.672,8.5541,5.0347,-0.0764,0.0000,0.0000,1788374250.197
46.692,8.5541,5.0347,-0.0764,0.0000,0.0000,1788374250.218
46.712,8.5541,5.0347,-0.0764,0.0000,0.0000,1788374250.237
46.732,8.5541,5.0347,-0.0764,0.0000,0.0000,1788374250.257
46.752,8.5541,5.0347,-0.0764,0.0000,0.0000,1788374250.278
46.772,8.5541,5.0347,-0.0764,0.0000,0.0000,1788374250.297
46.792,8.5541,5.0347,-0.0764,0.0000,0.0000,1788374250.317
46.812,8.5541,5.0347,-0.0764,0.0000,0.0000,1788374250.338
46.832,8.5541,5.0347,-0.0764,0.0000,0.0000,1788374250.357
46.852,8.5541,5.0347,-0.0764,0.0000,0.0000,1788374250.377
46.872,8.5541,5.0347,-0.0764,0.0000,0.0000,1788374250.397
46.892,8.5541,5.0347,-0.0764,0.0000,0.0000,1788374250.417
46.912,8.5541,5.0347,-0.0764,0.0000,0.0000,1788374250.437
46.934,8.5541,5.0347,-0.0764,0.0000,0.0000,1788374250.459
46.952,8.5541,5.0347,-0.0764,0.0000,0.0000,1788374250.477
46.972,8.5541,5.0347,-0.0764,0.0000,0.0000,1788374250.497
46.992,8.5541,5.0347,-0.0764,0.0000,0.0000,1788374250.517
47.013,8.5541,5.0347,-0.0764,0.0000,0.0000,1788374250.538
47.032,8.5541,5.0347,-0.0764,0.0000,0.0000,1788374250.557
47.052,8.5541,5.0347,-0.0764,0.0000,0.0000,1788374250.577
47.072,8.5541,5.0347,-0.0764,0.0000,0.0000,1788374250.597
47.092,8.5541,5.0347,-0.0764,0.0000,0.0000,1788374250.617
47.113,8.5541,5.0347,-0.0764,0.0000,0.0000,1788374250.638
47.132,8.5541,5.0347,-0.0764,0.0000,0.0000,1788374250.658
47.152,8.5541,5.0347,-0.0764,0.0000,0.0000,1788374250.677
47.172,8.5541,5.0347,-0.0764,0.0000,0.0000,1788374250.698
47.192,8.5541,5.0347,-0.0764,0.0000,0.0000,1788374250.717
47.212,8.5541,5.0347,-0.0764,0.0000,0.0000,1788374250.738
47.234,8.5541,5.0347,-0.0764,0.0000,0.0000,1788374250.759
47.252,8.5541,5.0347,-0.0764,0.0000,0.0000,1788374250.777
47.272,8.5541,5.0347,-0.0764,0.0000,0.0000,1788374250.797
47.292,8.5541,5.0347,-0.0764,0.0000,0.0000,1788374250.817
47.313,8.5541,5.0347,-0.0764,0.0000,0.0000,1788374250.838
47.332,8.5541,5.0347,-0.0764,0.0000,0.0000,1788374250.858
47.353,8.5541,5.0347,-0.0764,0.0000,0.0000,1788374250.878
47.373,8.5541,5.0347,-0.0764,0.0000,0.0000,1788374250.898
47.392,8.5541,5.0347,-0.0764,0.0000,0.0000,1788374250.917
47.412,8.5541,5.0347,-0.0764,0.0000,0.0000,1788374250.937
47.433,8.5541,5.0347,-0.0764,0.0000,0.0000,1788374250.958
47.452,8.5541,5.0347,-0.0764,0.0000,0.0000,1788374250.977
47.472,8.5541,5.0347,-0.0764,0.0000,0.0000,1788374250.998
47.492,8.5541,5.0347,-0.0764,0.0000,0.0000,1788374251.017
47.512,8.5541,5.0347,-0.0764,0.0000,0.0000,1788374251.037
47.532,8.5541,5.0347,-0.0764,0.0000,0.0000,1788374251.057
47.552,8.5541,5.0347,-0.0764,0.0000,0.0000,1788374251.077
47.572,8.5541,5.0347,-0.0764,0.0000,0.0000,1788374251.098
47.592,8.5541,5.0347,-0.0764,0.0000,0.0000,1788374251.117
47.612,8.5541,5.0347,-0.0764,0.0000,0.0000,1788374251.138
47.632,8.5541,5.0347,-0.0764,0.0000,0.0000,1788374251.157
47.653,8.5541,5.0347,-0.0764,0.0000,0.0000,1788374251.178
47.672,8.5541,5.0347,-0.0764,0.0000,0.0000,1788374251.197
47.692,8.5541,5.0347,-0.0764,0.0000,0.0000,1788374251.217
47.712,8.5541,5.0347,-0.0764,0.0000,0.0000,1788374251.237
47.732,8.5541,5.0347,-0.0764,0.0000,0.0000,1788374251.257
47.752,8.5541,5.0347,-0.0764,0.0000,0.0000,1788374251.277
47.772,8.5541,5.0347,-0.0764,0.0000,0.0000,1788374251.297
47.792,8.5541,5.0347,-0.0764,0.0000,0.0000,1788374251.317
47.812,8.5541,5.0347,-0.0764,0.0000,0.0000,1788374251.337
47.833,8.5541,5.0347,-0.0764,0.0000,0.0000,1788374251.358
47.852,8.5541,5.0347,-0.0764,0.0000,0.0000,1788374251.377
47.872,8.5541,5.0347,-0.0764,0.0000,0.0000,1788374251.397
47.892,8.5541,5.0347,-0.0764,0.0000,0.0000,1788374251.417
47.912,8.5541,5.0347,-0.0764,0.0000,0.0000,1788374251.437
47.932,8.5541,5.0347,-0.0764,0.0000,0.0000,1788374251.457
47.952,8.5541,5.0347,-0.0764,0.0000,0.0000,1788374251.477
47.972,8.5541,5.0347,-0.0764,0.0000,0.0000,1788374251.497
47.992,8.5541,5.0347,-0.0764,0.0000,0.0000,1788374251.518
48.012,8.5541,5.0347,-0.0764,0.0000,0.0000,1788374251.537
48.033,8.5541,5.0347,-0.0764,0.0000,0.0000,1788374251.558
48.052,8.5541,5.0347,-0.0764,0.0000,0.0000,1788374251.577
48.072,8.5541,5.0347,-0.0764,0.0000,0.0000,1788374251.597
48.092,8.5541,5.0347,-0.0764,0.0000,0.0000,1788374251.617
48.112,8.5541,5.0347,-0.0764,0.0000,0.0000,1788374251.637
48.132,8.5541,5.0347,-0.0764,0.0000,0.0000,1788374251.658
48.152,8.5541,5.0347,-0.0764,0.0000,0.0000,1788374251.678
48.172,8.5541,5.0347,-0.0764,0.0000,0.0000,1788374251.697
48.192,8.5541,5.0347,-0.0764,0.0000,0.0000,1788374251.717
48.212,8.5541,5.0347,-0.0764,0.0000,0.0000,1788374251.737
48.233,8.5541,5.0347,-0.0764,0.0000,0.0000,1788374251.758
48.253,8.5541,5.0347,-0.0764,0.0000,0.0000,1788374251.778
48.272,8.5541,5.0347,-0.0764,0.0000,0.0000,1788374251.797
48.292,8.5541,5.0347,-0.0764,0.0000,0.0000,1788374251.817
48.312,8.5541,5.0347,-0.0764,0.0000,0.0000,1788374251.838
48.333,8.5541,5.0347,-0.0764,0.0000,0.0000,1788374251.858
48.353,8.5541,5.0347,-0.0764,0.0000,0.0000,1788374251.878
48.373,8.5541,5.0347,-0.0764,0.0000,0.0000,1788374251.898
48.392,8.5541,5.0347,-0.0764,0.0000,0.0000,1788374251.917
48.412,8.5541,5.0347,-0.0764,0.0000,0.0000,1788374251.937
48.433,8.5541,5.0347,-0.0764,0.0000,0.0000,1788374251.958
48.452,8.5541,5.0347,-0.0764,0.0000,0.0000,1788374251.977
48.472,8.5541,5.0347,-0.0764,0.0000,0.0000,1788374251.997
48.493,8.5541,5.0347,-0.0764,0.0000,0.0000,1788374252.018
48.512,8.5541,5.0347,-0.0764,0.0000,0.0000,1788374252.037
48.533,8.5541,5.0347,-0.0764,0.0000,0.0000,1788374252.058
48.552,8.5541,5.0347,-0.0764,0.0000,0.0000,1788374252.077
48.572,8.5541,5.0347,-0.0764,0.0000,0.0000,1788374252.097
48.593,8.5541,5.0347,-0.0764,0.0000,0.0000,1788374252.118
48.612,8.5541,5.0347,-0.0764,0.0000,0.0000,1788374252.137
48.632,8.5541,5.0347,-0.0764,0.0000,0.0000,1788374252.157
48.652,8.5541,5.0347,-0.0764,0.0000,0.0000,1788374252.177
48.672,8.5541,5.0347,-0.0764,0.0000,0.0000,1788374252.197
48.693,8.5541,5.0347,-0.0764,0.0000,0.0000,1788374252.218
48.712,8.5541,5.0347,-0.0764,0.0000,0.0000,1788374252.237
48.732,8.5541,5.0347,-0.0764,0.0000,0.0000,1788374252.257
48.753,8.5541,5.0347,-0.0764,0.0000,0.0000,1788374252.278
48.773,8.5541,5.0347,-0.0764,0.0000,0.0000,1788374252.299
48.792,8.5541,5.0347,-0.0764,0.0000,0.0000,1788374252.317
48.812,8.5541,5.0347,-0.0764,0.0000,0.0000,1788374252.337
48.833,8.5541,5.0347,-0.0764,0.0000,0.0000,1788374252.358
48.852,8.5541,5.0347,-0.0764,0.0000,0.0000,1788374252.377
48.872,8.5541,5.0347,-0.0764,0.0000,0.0000,1788374252.397
48.892,8.5541,5.0347,-0.0764,0.0000,0.0000,1788374252.417
48.912,8.5541,5.0347,-0.0764,0.0000,0.0000,1788374252.437
48.932,8.5541,5.0347,-0.0764,0.0000,0.0000,1788374252.458
48.952,8.5541,5.0347,-0.0764,0.0000,0.0000,1788374252.477
48.972,8.5541,5.0347,-0.0764,0.0000,0.0000,1788374252.497
48.992,8.5541,5.0347,-0.0764,0.0000,0.0000,1788374252.517
49.012,8.5541,5.0347,-0.0764,0.0000,0.0000,1788374252.537
49.033,8.5541,5.0347,-0.0764,0.0000,0.0000,1788374252.558
49.053,8.5541,5.0347,-0.0764,0.0000,0.0000,1788374252.578
49.072,8.5541,5.0347,-0.0764,0.0000,0.0000,1788374252.597
49.092,8.5541,5.0347,-0.0764,0.0000,0.0000,1788374252.618
49.112,8.5541,5.0347,-0.0764,0.0000,0.0000,1788374252.637
49.132,8.5541,5.0347,-0.0764,0.0000,0.0000,1788374252.657
49.153,8.5541,5.0347,-0.0764,0.0000,0.0000,1788374252.679
49.173,8.5541,5.0347,-0.0764,0.0000,0.0000,1788374252.698
49.193,8.5541,5.0347,-0.0764,0.0000,0.0000,1788374252.718
49.213,8.5541,5.0347,-0.0764,0.0000,0.0000,1788374252.738
49.233,8.5541,5.0347,-0.0764,0.0000,0.0000,1788374252.758
49.253,8.5541,5.0347,-0.0764,0.0000,0.0000,1788374252.779
49.272,8.5541,5.0347,-0.0764,0.0000,0.0000,1788374252.797
49.292,8.5541,5.0347,-0.0764,0.0000,0.0000,1788374252.817
49.313,8.5541,5.0347,-0.0764,0.0000,0.0000,1788374252.838
49.332,8.5541,5.0347,-0.0764,0.0000,0.0000,1788374252.857
49.352,8.5541,5.0347,-0.0764,0.0000,0.0000,1788374252.877
49.372,8.5541,5.0347,-0.0764,0.0000,0.0000,1788374252.898
49.392,8.5541,5.0347,-0.0764,0.0000,0.0000,1788374252.918
49.413,8.5541,5.0347,-0.0764,0.0000,0.0000,1788374252.938
49.433,8.5541,5.0347,-0.0764,0.0000,0.0000,1788374252.958
49.452,8.5541,5.0347,-0.0764,0.0000,0.0000,1788374252.978
49.473,8.5541,5.0347,-0.0764,0.0000,0.0000,1788374252.998
49.492,8.5541,5.0347,-0.0764,0.0000,0.0000,1788374253.017
49.512,8.5541,5.0347,-0.0764,0.0000,0.0000,1788374253.037
49.533,8.5541,5.0347,-0.0764,0.0000,0.0000,1788374253.058
49.552,8.5541,5.0347,-0.0764,0.0000,0.0000,1788374253.077
49.573,8.5541,5.0347,-0.0764,0.0000,0.0000,1788374253.098
49.593,8.5541,5.0347,-0.0764,0.0000,0.0000,1788374253.118
49.612,8.5541,5.0347,-0.0764,0.0000,0.0000,1788374253.138
49.633,8.5541,5.0347,-0.0764,0.0000,0.0000,1788374253.158
49.653,8.5541,5.0347,-0.0764,0.0000,0.0000,1788374253.178
49.672,8.5541,5.0347,-0.0764,0.0000,0.0000,1788374253.197
49.693,8.5541,5.0347,-0.0764,0.0000,0.0000,1788374253.218
49.712,8.5541,5.0347,-0.0764,0.0000,0.0000,1788374253.237
49.733,8.5541,5.0347,-0.0764,0.0000,0.0000,1788374253.258
49.752,8.5541,5.0347,-0.0764,0.0000,0.0000,1788374253.277
49.772,8.5541,5.0347,-0.0764,0.0000,0.0000,1788374253.297
49.792,8.5541,5.0347,-0.0764,0.0000,0.0000,1788374253.317
49.812,8.5541,5.0347,-0.0764,0.0000,0.0000,1788374253.337
49.833,8.5541,5.0347,-0.0764,0.0000,0.0000,1788374253.358
49.852,8.5541,5.0347,-0.0764,0.0000,0.0000,1788374253.377
49.872,8.5541,5.0347,-0.0764,0.0000,0.0000,1788374253.398
49.892,8.5541,5.0347,-0.0764,0.0000,0.0000,1788374253.417
49.912,8.5541,5.0347,-0.0764,0.0000,0.0000,1788374253.437
49.933,8.5541,5.0347,-0.0764,0.0000,0.0000,1788374253.458
49.952,8.5541,5.0347,-0.0764,0.0000,0.0000,1788374253.477
49.972,8.5541,5.0347,-0.0764,0.0000,0.0000,1788374253.497
49.992,8.5541,5.0347,-0.0764,0.0000,0.0000,1788374253.518
50.012,8.5541,5.0347,-0.0764,0.0000,0.0000,1788374253.537
50.033,8.5541,5.0347,-0.0764,0.0000,0.0000,1788374253.558
50.052,8.5541,5.0347,-0.0764,0.0000,0.0000,1788374253.577
50.072,8.5541,5.0347,-0.0764,0.0000,0.0000,1788374253.597
50.092,8.5541,5.0347,-0.0764,0.0000,0.0000,1788374253.617
50.112,8.5541,5.0347,-0.0764,0.0000,0.0000,1788374253.637
50.133,8.5541,5.0347,-0.0764,0.0000,0.0000,1788374253.658
50.152,8.5541,5.0347,-0.0764,0.0000,0.0000,1788374253.677
50.172,8.5541,5.0347,-0.0764,0.0000,0.0000,1788374253.697
50.192,8.5541,5.0347,-0.0764,0.0000,0.0000,1788374253.717
50.212,8.5541,5.0347,-0.0764,0.0000,0.0000,1788374253.737
50.233,8.5541,5.0347,-0.0764,0.0000,0.0000,1788374253.758
50.252,8.5541,5.0347,-0.0764,0.0000,0.0000,1788374253.777
50.272,8.5541,5.0347,-0.0764,0.0000,0.0000,1788374253.797
50.293,8.5541,5.0347,-0.0764,0.0000,0.0000,1788374253.818
50.312,8.5541,5.0347,-0.0764,0.0000,0.0000,1788374253.837
50.332,8.5541,5.0347,-0.0764,0.0000,0.0000,1788374253.857
50.352,8.5541,5.0347,-0.0764,0.0000,0.0000,1788374253.877
50.372,8.5541,5.0347,-0.0764,0.0000,0.0000,1788374253.897
50.392,8.5541,5.0347,-0.0764,0.0000,0.0000,1788374253.918
50.412,8.5541,5.0347,-0.0764,0.0000,0.0000,1788374253.937
50.432,8.5541,5.0347,-0.0764,0.0000,0.0000,1788374253.957
50.453,8.5541,5.0347,-0.0764,0.0000,0.0000,1788374253.978
50.472,8.5541,5.0347,-0.0764,0.0000,0.0000,1788374253.997
50.492,8.5541,5.0347,-0.0764,0.0000,0.0000,1788374254.018
50.512,8.5541,5.0347,-0.0764,0.0000,0.0000,1788374254.037
50.532,8.5541,5.0347,-0.0764,0.0000,0.0000,1788374254.057
50.553,8.5541,5.0347,-0.0764,0.0000,0.0000,1788374254.078
50.573,8.5541,5.0347,-0.0764,0.0000,0.0000,1788374254.098
50.592,8.5541,5.0347,-0.0764,0.0000,0.0000,1788374254.118
50.612,8.5541,5.0347,-0.0764,0.0000,0.0000,1788374254.137
50.632,8.5541,5.0347,-0.0764,0.0000,0.0000,1788374254.157
50.653,8.5541,5.0347,-0.0764,0.0000,0.0000,1788374254.178
50.672,8.5541,5.0347,-0.0764,0.0000,0.0000,1788374254.197
50.692,8.5541,5.0347,-0.0764,0.0000,0.0000,1788374254.218
50.712,8.5541,5.0347,-0.0764,0.0000,0.0000,1788374254.237
50.732,8.5541,5.0347,-0.0764,0.0000,0.0000,1788374254.257
50.752,8.5541,5.0347,-0.0764,0.0000,0.0000,1788374254.278
50.772,8.5541,5.0347,-0.0764,0.0000,0.0000,1788374254.297
50.792,8.5541,5.0347,-0.0764,0.0000,0.0000,1788374254.317
50.812,8.5541,5.0347,-0.0764,0.0000,0.0000,1788374254.337
50.832,8.5541,5.0347,-0.0764,0.0000,0.0000,1788374254.357
50.853,8.5541,5.0347,-0.0764,0.0000,0.0000,1788374254.379
50.873,8.5541,5.0347,-0.0764,0.0000,0.0000,1788374254.398
50.892,8.5541,5.0347,-0.0764,0.0000,0.0000,1788374254.417
50.912,8.5541,5.0347,-0.0764,0.0000,0.0000,1788374254.437
50.932,8.5541,5.0347,-0.0764,0.0000,0.0000,1788374254.458
50.953,8.5541,5.0347,-0.0764,0.0000,0.0000,1788374254.478
50.973,8.5541,5.0347,-0.0764,0.0000,0.0000,1788374254.498
50.992,8.5541,5.0347,-0.0764,0.0000,0.0000,1788374254.517
51.012,8.5541,5.0347,-0.0764,0.0000,0.0000,1788374254.537
51.032,8.5541,5.0347,-0.0764,0.0000,0.0000,1788374254.557
51.053,8.5541,5.0347,-0.0764,0.0000,0.0000,1788374254.579
51.072,8.5541,5.0347,-0.0764,0.0000,0.0000,1788374254.597
51.092,8.5541,5.0347,-0.0764,0.0000,0.0000,1788374254.617
51.112,8.5541,5.0347,-0.0764,0.0000,0.0000,1788374254.638
51.134,8.5541,5.0347,-0.0764,0.0000,0.0000,1788374254.659
51.152,8.5541,5.0347,-0.0764,0.0000,0.0000,1788374254.677
51.173,8.5541,5.0347,-0.0764,0.0000,0.0000,1788374254.698
51.192,8.5541,5.0347,-0.0764,0.0000,0.0000,1788374254.717
51.212,8.5541,5.0347,-0.0764,0.0000,0.0000,1788374254.737
51.232,8.5541,5.0347,-0.0764,0.0000,0.0000,1788374254.757
51.252,8.5541,5.0347,-0.0764,0.0000,0.0000,1788374254.777
51.272,8.5541,5.0347,-0.0764,0.0000,0.0000,1788374254.797
51.292,8.5541,5.0347,-0.0764,0.0000,0.0000,1788374254.817
51.312,8.5541,5.0347,-0.0764,0.0000,0.0000,1788374254.838
51.332,8.5541,5.0347,-0.0764,0.0000,0.0000,1788374254.857
51.352,8.5541,5.0347,-0.0764,0.0000,0.0000,1788374254.878
51.372,8.5541,5.0347,-0.0764,0.0000,0.0000,1788374254.897
51.392,8.5541,5.0347,-0.0764,0.0000,0.0000,1788374254.917
51.412,8.5541,5.0347,-0.0764,0.0000,0.0000,1788374254.937
51.433,8.5541,5.0347,-0.0764,0.0000,0.0000,1788374254.958
51.452,8.5541,5.0347,-0.0764,0.0000,0.0000,1788374254.977
51.473,8.5541,5.0347,-0.0764,0.0000,0.0000,1788374254.998
51.493,8.5541,5.0347,-0.0764,0.0000,0.0000,1788374255.018
51.513,8.5541,5.0347,-0.0764,0.0000,0.0000,1788374255.038
51.532,8.5541,5.0347,-0.0764,0.0000,0.0000,1788374255.057
51.553,8.5541,5.0347,-0.0764,0.0000,0.0000,1788374255.078
51.572,8.5541,5.0347,-0.0764,0.0000,0.0000,1788374255.097
51.592,8.5541,5.0347,-0.0764,0.0000,0.0000,1788374255.117
51.612,8.5541,5.0347,-0.0764,0.0000,0.0000,1788374255.137
51.632,8.5541,5.0347,-0.0764,0.0000,0.0000,1788374255.158
51.652,8.5541,5.0347,-0.0764,0.0000,0.0000,1788374255.178
51.672,8.5541,5.0347,-0.0764,0.0000,0.0000,1788374255.197
51.692,8.5541,5.0347,-0.0764,0.0000,0.0000,1788374255.217
51.712,8.5541,5.0347,-0.0764,0.0000,0.0000,1788374255.238
51.733,8.5541,5.0347,-0.0764,0.0000,0.0000,1788374255.258
51.752,8.5541,5.0347,-0.0764,0.0000,0.0000,1788374255.278
51.772,8.5541,5.0347,-0.0764,0.0000,0.0000,1788374255.298
51.792,8.5541,5.0347,-0.0764,0.0000,0.0000,1788374255.317
51.812,8.5541,5.0347,-0.0764,0.0000,0.0000,1788374255.338
51.832,8.5541,5.0347,-0.0764,0.0000,0.0000,1788374255.358
51.852,8.5541,5.0347,-0.0764,0.0000,0.0000,1788374255.377
51.872,8.5541,5.0347,-0.0764,0.0000,0.0000,1788374255.398
51.892,8.5541,5.0347,-0.0764,0.0000,0.0000,1788374255.417
51.912,8.5541,5.0347,-0.0764,0.0000,0.0000,1788374255.437
51.932,8.5541,5.0347,-0.0764,0.0000,0.0000,1788374255.457
51.953,8.5541,5.0347,-0.0764,0.0000,0.0000,1788374255.478
51.972,8.5541,5.0347,-0.0764,0.0000,0.0000,1788374255.497
51.992,8.5541,5.0347,-0.0764,0.0000,0.0000,1788374255.517
52.012,8.5541,5.0347,-0.0764,0.0000,0.0000,1788374255.537
52.033,8.5541,5.0347,-0.0764,0.0000,0.0000,1788374255.558
52.053,8.5541,5.0347,-0.0764,0.0000,0.0000,1788374255.578
52.072,8.5541,5.0347,-0.0764,0.0000,0.0000,1788374255.597
52.092,8.5541,5.0347,-0.0764,0.0000,0.0000,1788374255.617
52.112,8.5541,5.0347,-0.0764,0.0000,0.0000,1788374255.637
52.132,8.5541,5.0347,-0.0764,0.0000,0.0000,1788374255.657
52.153,8.5541,5.0347,-0.0764,0.0000,0.0000,1788374255.678
52.172,8.5541,5.0347,-0.0764,0.0000,0.0000,1788374255.697
52.194,8.5541,5.0347,-0.0764,0.0000,0.0000,1788374255.719
52.212,8.5541,5.0347,-0.0764,0.0000,0.0000,1788374255.737
52.232,8.5541,5.0347,-0.0764,0.0000,0.0000,1788374255.758
52.252,8.5541,5.0347,-0.0764,0.0000,0.0000,1788374255.777
52.272,8.5541,5.0347,-0.0764,0.0000,0.0000,1788374255.797
52.292,8.5541,5.0347,-0.0764,0.0000,0.0000,1788374255.818
52.312,8.5541,5.0347,-0.0764,0.0000,0.0000,1788374255.837
52.334,8.5541,5.0347,-0.0764,0.0000,0.0000,1788374255.859
52.352,8.5541,5.0347,-0.0764,0.0000,0.0000,1788374255.877
52.372,8.5541,5.0347,-0.0764,0.0000,0.0000,1788374255.897
52.394,8.5541,5.0347,-0.0764,0.0000,0.0000,1788374255.919
52.412,8.5541,5.0347,-0.0764,0.0000,0.0000,1788374255.937
52.433,8.5541,5.0347,-0.0764,0.0000,0.0000,1788374255.958
52.453,8.5541,5.0347,-0.0764,0.0000,0.0000,1788374255.978
52.472,8.5541,5.0347,-0.0764,0.0000,0.0000,1788374255.997
52.492,8.5541,5.0347,-0.0764,0.0000,0.0000,1788374256.018
52.513,8.5541,5.0347,-0.0764,0.0000,0.0000,1788374256.038
52.533,8.5541,5.0347,-0.0764,0.0000,0.0000,1788374256.058
52.552,8.5541,5.0347,-0.0764,0.0000,0.0000,1788374256.077
52.572,8.5541,5.0347,-0.0764,0.0000,0.0000,1788374256.097
52.592,8.5541,5.0347,-0.0764,0.0000,0.0000,1788374256.117
52.612,8.5541,5.0347,-0.0764,0.0000,0.0000,1788374256.137
52.632,8.5541,5.0347,-0.0764,0.0000,0.0000,1788374256.157
52.652,8.5541,5.0347,-0.0764,0.0000,0.0000,1788374256.178
52.672,8.5541,5.0347,-0.0764,0.0000,0.0000,1788374256.197
52.692,8.5541,5.0347,-0.0764,0.0000,0.0000,1788374256.217
52.713,8.5541,5.0347,-0.0764,0.0000,0.0000,1788374256.238
52.732,8.5541,5.0347,-0.0764,0.0000,0.0000,1788374256.257
52.752,8.5541,5.0347,-0.0764,0.0000,0.0000,1788374256.277
52.772,8.5541,5.0347,-0.0764,0.0000,0.0000,1788374256.297
52.792,8.5541,5.0347,-0.0764,0.0000,0.0000,1788374256.317
52.812,8.5541,5.0347,-0.0764,0.0000,0.0000,1788374256.337
52.832,8.5541,5.0347,-0.0764,0.0000,0.0000,1788374256.357
52.853,8.5541,5.0347,-0.0764,0.0000,0.0000,1788374256.379
52.873,8.5541,5.0347,-0.0764,0.0000,0.0000,1788374256.398
52.892,8.5541,5.0347,-0.0764,0.0000,0.0000,1788374256.417
52.912,8.5541,5.0347,-0.0764,0.0000,0.0000,1788374256.437
52.932,8.5541,5.0347,-0.0764,0.0000,0.0000,1788374256.457
52.952,8.5541,5.0347,-0.0764,0.0000,0.0000,1788374256.477
52.972,8.5541,5.0347,-0.0764,0.0000,0.0000,1788374256.497
52.992,8.5541,5.0347,-0.0764,0.0000,0.0000,1788374256.517
53.012,8.5541,5.0347,-0.0764,0.0000,0.0000,1788374256.537
53.032,8.5541,5.0347,-0.0764,0.0000,0.0000,1788374256.557
53.052,8.5541,5.0347,-0.0764,0.0000,0.0000,1788374256.578
53.072,8.5541,5.0347,-0.0764,0.0000,0.0000,1788374256.597
53.092,8.5541,5.0347,-0.0764,0.0000,0.0000,1788374256.617
53.112,8.5541,5.0347,-0.0764,0.0000,0.0000,1788374256.637
53.133,8.5541,5.0347,-0.0764,0.0000,0.0000,1788374256.658
53.152,8.5541,5.0347,-0.0764,0.0000,0.0000,1788374256.677
53.172,8.5541,5.0347,-0.0764,0.0000,0.0000,1788374256.698
53.192,8.5541,5.0347,-0.0764,0.0000,0.0000,1788374256.717
53.213,8.5541,5.0347,-0.0764,0.0000,0.0000,1788374256.738
53.232,8.5541,5.0347,-0.0764,0.0000,0.0000,1788374256.757
53.253,8.5541,5.0347,-0.0764,0.0000,0.0000,1788374256.778
53.272,8.5541,5.0347,-0.0764,0.0000,0.0000,1788374256.797
53.292,8.5541,5.0347,-0.0764,0.0000,0.0000,1788374256.817
53.312,8.5541,5.0347,-0.0764,0.0000,0.0000,1788374256.838
53.332,8.5541,5.0347,-0.0764,0.0000,0.0000,1788374256.857
53.353,8.5541,5.0347,-0.0764,0.0000,0.0000,1788374256.878
53.372,8.5541,5.0347,-0.0764,0.0000,0.0000,1788374256.897
53.392,8.5541,5.0347,-0.0764,0.0000,0.0000,1788374256.917
53.412,8.5541,5.0347,-0.0764,0.0000,0.0000,1788374256.938
53.432,8.5541,5.0347,-0.0764,0.0000,0.0000,1788374256.957
53.452,8.5541,5.0347,-0.0764,0.0000,0.0000,1788374256.977
53.472,8.5541,5.0347,-0.0764,0.0000,0.0000,1788374256.997
53.492,8.5541,5.0347,-0.0764,0.0000,0.0000,1788374257.017
53.512,8.5541,5.0347,-0.0764,0.0000,0.0000,1788374257.037
53.532,8.5541,5.0347,-0.0764,0.0000,0.0000,1788374257.057
53.553,8.5541,5.0347,-0.0764,0.0000,0.0000,1788374257.078
53.572,8.5541,5.0347,-0.0764,0.0000,0.0000,1788374257.098
53.593,8.5541,5.0347,-0.0764,0.0000,0.0000,1788374257.118
53.612,8.5541,5.0347,-0.0764,0.0000,0.0000,1788374257.137
53.633,8.5541,5.0347,-0.0764,0.0000,0.0000,1788374257.158
53.652,8.5541,5.0347,-0.0764,0.0000,0.0000,1788374257.178
53.672,8.5541,5.0347,-0.0764,0.0000,0.0000,1788374257.197
53.692,8.5541,5.0347,-0.0764,0.0000,0.0000,1788374257.217
53.712,8.5541,5.0347,-0.0764,0.0000,0.0000,1788374257.237
53.732,8.5541,5.0347,-0.0764,0.0000,0.0000,1788374257.257
53.752,8.5541,5.0347,-0.0764,0.0000,0.0000,1788374257.277
53.772,8.5541,5.0347,-0.0764,0.0000,0.0000,1788374257.297
53.792,8.5541,5.0347,-0.0764,0.0000,0.0000,1788374257.317
53.812,8.5541,5.0347,-0.0764,0.0000,0.0000,1788374257.337
53.833,8.5541,5.0347,-0.0764,0.0000,0.0000,1788374257.358
53.852,8.5541,5.0347,-0.0764,0.0000,0.0000,1788374257.377
53.872,8.5541,5.0347,-0.0764,0.0000,0.0000,1788374257.397
53.892,8.5541,5.0347,-0.0764,0.0000,0.0000,1788374257.418
53.912,8.5541,5.0347,-0.0764,0.0000,0.0000,1788374257.437
53.933,8.5541,5.0347,-0.0764,0.0000,0.0000,1788374257.458
53.952,8.5541,5.0347,-0.0764,0.0000,0.0000,1788374257.477
53.972,8.5541,5.0347,-0.0764,0.0000,0.0000,1788374257.497
53.992,8.5541,5.0347,-0.0764,0.0000,0.0000,1788374257.518
54.012,8.5541,5.0347,-0.0764,0.0000,0.0000,1788374257.537
54.032,8.5541,5.0347,-0.0764,0.0000,0.0000,1788374257.557
54.052,8.5541,5.0347,-0.0764,0.0000,0.0000,1788374257.577
54.072,8.5541,5.0347,-0.0764,0.0000,0.0000,1788374257.597
54.092,8.5541,5.0347,-0.0764,0.0000,0.0000,1788374257.617
54.112,8.5541,5.0347,-0.0764,0.0000,0.0000,1788374257.637
54.132,8.5541,5.0347,-0.0764,0.0000,0.0000,1788374257.657
54.152,8.5541,5.0347,-0.0764,0.0000,0.0000,1788374257.677
54.173,8.5541,5.0347,-0.0764,0.0000,0.0000,1788374257.698
54.192,8.5541,5.0347,-0.0764,0.0000,0.0000,1788374257.717
54.212,8.5541,5.0347,-0.0764,0.0000,0.0000,1788374257.737
54.233,8.5541,5.0347,-0.0764,0.0000,0.0000,1788374257.758
54.252,8.5541,5.0347,-0.0764,0.0000,0.0000,1788374257.778
54.272,8.5541,5.0347,-0.0764,0.0000,0.0000,1788374257.797
54.292,8.5541,5.0347,-0.0764,0.0000,0.0000,1788374257.817
54.312,8.5541,5.0347,-0.0764,0.0000,0.0000,1788374257.837
54.333,8.5541,5.0347,-0.0764,0.0000,0.0000,1788374257.858
54.352,8.5541,5.0347,-0.0764,0.0000,0.0000,1788374257.877
54.372,8.5541,5.0347,-0.0764,0.0000,0.0000,1788374257.897
54.392,8.5541,5.0347,-0.0764,0.0000,0.0000,1788374257.918
54.412,8.5541,5.0347,-0.0764,0.0000,0.0000,1788374257.937
54.434,8.5541,5.0347,-0.0764,0.0000,0.0000,1788374257.959
54.452,8.5541,5.0347,-0.0764,0.0000,0.0000,1788374257.977
54.472,8.5541,5.0347,-0.0764,0.0000,0.0000,1788374257.997
54.493,8.5541,5.0347,-0.0764,0.0000,0.0000,1788374258.018
54.512,8.5541,5.0347,-0.0764,0.0000,0.0000,1788374258.037
54.533,8.5541,5.0347,-0.0764,0.0000,0.0000,1788374258.058
54.552,8.5541,5.0347,-0.0764,0.0000,0.0000,1788374258.077
54.572,8.5541,5.0347,-0.0764,0.0000,0.0000,1788374258.097
54.592,8.5541,5.0347,-0.0764,0.0000,0.0000,1788374258.118
54.615,8.5541,5.0347,-0.0764,0.0000,0.0000,1788374258.140
54.633,8.5541,5.0347,-0.0764,0.0000,0.0000,1788374258.158
54.653,8.5541,5.0347,-0.0764,0.0000,0.0000,1788374258.178
54.672,8.5541,5.0347,-0.0764,0.0000,0.0000,1788374258.197
54.693,8.5541,5.0347,-0.0764,0.0000,0.0000,1788374258.218
54.713,8.5541,5.0347,-0.0764,0.0000,0.0000,1788374258.238
54.732,8.5541,5.0347,-0.0764,0.0000,0.0000,1788374258.257
54.753,8.5541,5.0347,-0.0764,0.0000,0.0000,1788374258.278
54.773,8.5541,5.0347,-0.0764,0.0000,0.0000,1788374258.298
54.792,8.5541,5.0347,-0.0764,0.0000,0.0000,1788374258.317
54.812,8.5541,5.0347,-0.0764,0.0000,0.0000,1788374258.337
54.833,8.5541,5.0347,-0.0764,0.0000,0.0000,1788374258.358
54.852,8.5541,5.0347,-0.0764,0.0000,0.0000,1788374258.377
54.872,8.5541,5.0347,-0.0764,0.0000,0.0000,1788374258.397
54.892,8.5541,5.0347,-0.0764,0.0000,0.0000,1788374258.418
54.912,8.5541,5.0347,-0.0764,0.0000,0.0000,1788374258.437
54.932,8.5541,5.0347,-0.0764,0.0000,0.0000,1788374258.457
54.952,8.5541,5.0347,-0.0764,0.0000,0.0000,1788374258.478
54.972,8.5541,5.0347,-0.0764,0.0000,0.0000,1788374258.497
54.992,8.5541,5.0347,-0.0764,0.0000,0.0000,1788374258.517
55.012,8.5541,5.0347,-0.0764,0.0000,0.0000,1788374258.538
55.032,8.5541,5.0347,-0.0764,0.0000,0.0000,1788374258.557
55.052,8.5541,5.0347,-0.0764,0.0000,0.0000,1788374258.577
55.072,8.5541,5.0347,-0.0764,0.0000,0.0000,1788374258.597
55.092,8.5541,5.0347,-0.0764,0.0000,0.0000,1788374258.618
55.112,8.5541,5.0347,-0.0764,0.0000,0.0000,1788374258.637
55.132,8.5541,5.0347,-0.0764,0.0000,0.0000,1788374258.657
55.153,8.5541,5.0347,-0.0764,0.0000,0.0000,1788374258.678
55.172,8.5541,5.0347,-0.0764,0.0000,0.0000,1788374258.697
55.192,8.5541,5.0347,-0.0764,0.0000,0.0000,1788374258.718
55.213,8.5541,5.0347,-0.0764,0.0000,0.0000,1788374258.739
55.232,8.5541,5.0347,-0.0764,0.0000,0.0000,1788374258.757
55.252,8.5541,5.0347,-0.0764,0.0000,0.0000,1788374258.778
55.272,8.5541,5.0347,-0.0764,0.0000,0.0000,1788374258.797
55.292,8.5541,5.0347,-0.0764,0.0000,0.0000,1788374258.817
55.312,8.5541,5.0347,-0.0764,0.0000,0.0000,1788374258.837
55.332,8.5541,5.0347,-0.0764,0.0000,0.0000,1788374258.857
55.353,8.5541,5.0347,-0.0764,0.0000,0.0000,1788374258.878
55.372,8.5541,5.0347,-0.0764,0.0000,0.0000,1788374258.897
55.392,8.5541,5.0347,-0.0764,0.0000,0.0000,1788374258.917
55.412,8.5541,5.0347,-0.0764,0.0000,0.0000,1788374258.937
55.432,8.5541,5.0347,-0.0764,0.0000,0.0000,1788374258.957
55.453,8.5541,5.0347,-0.0764,0.0000,0.0000,1788374258.978
55.473,8.5541,5.0347,-0.0764,0.0000,0.0000,1788374258.998
55.493,8.5541,5.0347,-0.0764,0.0000,0.0000,1788374259.018
55.513,8.5541,5.0347,-0.0764,0.0000,0.0000,1788374259.038
55.532,8.5541,5.0347,-0.0764,0.0000,0.0000,1788374259.058
55.552,8.5541,5.0347,-0.0764,0.0000,0.0000,1788374259.077
55.573,8.5541,5.0347,-0.0764,0.0000,0.0000,1788374259.098
55.592,8.5541,5.0347,-0.0764,0.0000,0.0000,1788374259.117
55.612,8.5541,5.0347,-0.0764,0.0000,0.0000,1788374259.137
55.633,8.5541,5.0347,-0.0764,0.0000,0.0000,1788374259.158
55.653,8.5541,5.0347,-0.0764,0.0000,0.0000,1788374259.178
55.673,8.5541,5.0347,-0.0764,0.0000,0.0000,1788374259.198
55.693,8.5541,5.0347,-0.0764,0.0000,0.0000,1788374259.218
55.712,8.5541,5.0347,-0.0764,0.0000,0.0000,1788374259.238
