t,x,y,yaw,v,w,t_abs
0.036,1.2000,5.0000,0.0000,0.0000,0.0000,1788374145.700
0.056,1.2000,5.0000,0.0000,0.0000,0.0000,1788374145.721
0.076,1.2000,5.0000,0.0000,0.0000,0.0000,1788374145.740
0.096,1.2000,5.0000,0.0000,0.0000,0.0000,1788374145.760
0.116,1.2000,5.0000,0.0000,0.0000,0.0000,1788374145.781
0.136,1.2000,5.0000,0.0000,0.0000,0.0000,1788374145.801
0.156,1.2000,5.0000,0.0000,0.0000,0.0000,1788374145.821
0.176,1.2000,5.0000,0.0000,0.0000,0.0000,1788374145.840
0.196,1.2000,5.0000,0.0000,0.0000,0.0000,1788374145.861
0.216,1.2000,5.0000,0.0000,0.0000,0.0000,1788374145.880
0.236,1.2000,5.0000,0.0000,0.0000,0.0000,1788374145.901
0.256,1.2000,5.0000,0.0000,0.0000,0.0000,1788374145.921
0.276,1.2000,5.0000,0.0000,0.0000,0.0000,1788374145.941
0.296,1.2000,5.0000,0.0000,0.0000,0.0000,1788374145.960
0.316,1.2000,5.0000,0.0000,0.0000,0.0000,1788374145.981
0.336,1.2000,5.0000,0.0000,0.0000,0.0000,1788374146.000
0.356,1.2000,5.0000,0.0000,0.0000,0.0000,1788374146.021
0.376,1.2000,5.0000,0.0000,0.0000,0.0000,1788374146.041
0.397,1.2000,5.0000,0.0000,0.0000,0.0000,1788374146.061
0.416,1.2000,5.0000,0.0000,0.0000,0.0000,1788374146.081
0.436,1.2000,5.0000,0.0000,0.0000,0.0000,1788374146.101
0.456,1.2000,5.0000,0.0000,0.0000,0.0000,1788374146.120
0.476,1.2000,5.0000,0.0000,0.0000,0.0000,1788374146.141
0.496,1.2000,5.0000,0.0000,0.0000,0.0000,1788374146.161
0.516,1.2000,5.0000,0.0000,0.0000,0.0000,1788374146.181
0.536,1.2000,5.0000,0.0000,0.0000,0.0000,1788374146.201
0.557,1.2000,5.0000,0.0000,0.0000,0.0000,1788374146.221
0.576,1.2000,5.0000,0.0000,0.0000,0.0000,1788374146.240
0.597,1.2000,5.0000,0.0000,0.0000,0.0000,1788374146.261
0.616,1.2000,5.0000,0.0000,0.0000,0.0000,1788374146.280
0.636,1.2000,5.0000,0.0000,0.0000,0.0000,1788374146.300
0.657,1.2000,5.0000,0.0000,0.0000,0.0000,1788374146.321
0.676,1.2000,5.0000,0.0000,0.0000,0.0000,1788374146.341
0.696,1.2000,5.0000,0.0000,0.0000,0.0000,1788374146.361
0.716,1.2000,5.0000,0.0000,0.0000,0.0000,1788374146.380
0.736,1.2000,5.0000,0.0000,0.0000,0.0000,1788374146.401
0.756,1.2000,5.0000,0.0000,0.0000,0.0000,1788374146.421
0.776,1.2000,5.0000,0.0000,0.0000,0.0000,1788374146.441
0.796,1.2000,5.0000,0.0000,0.0000,0.0000,1788374146.460
0.816,1.2000,5.0000,0.0000,0.0000,0.0000,1788374146.481
0.836,1.2000,5.0000,0.0000,0.0000,0.0000,1788374146.501
0.856,1.2000,5.0000,0.0000,0.0000,0.0000,1788374146.521
0.876,1.2000,5.0000,0.0000,0.0000,0.0000,1788374146.541
0.896,1.2000,5.0000,0.0000,0.0000,0.0000,1788374146.560
0.916,1.2000,5.0000,0.0000,0.0000,0.0000,1788374146.581
0.936,1.2000,5.0000,0.0000,0.0000,0.0000,1788374146.600
0.956,1.2000,5.0000,0.0000,0.0000,0.0000,1788374146.621
0.976,1.2000,5.0000,0.0000,0.0000,0.0000,1788374146.641
0.996,1.2000,5.0000,0.0000,0.0000,0.0000,1788374146.661
1.016,1.2000,5.0000,0.0000,0.0000,0.0000,1788374146.680
1.036,1.2000,5.0000,0.0000,0.0000,0.0000,1788374146.701
1.056,1.2000,5.0000,0.0000,0.0000,0.0000,1788374146.721
1.076,1.2000,5.0000,0.0000,0.0000,0.0000,1788374146.740
1.096,1.2000,5.0000,0.0000,0.0000,0.0000,1788374146.761
1.116,1.2000,5.0000,0.0000,0.0000,0.0000,1788374146.780
1.136,1.2000,5.0000,0.0000,0.0000,0.0000,1788374146.801
1.157,1.2000,5.0000,0.0000,0.0000,0.0000,1788374146.821
1.176,1.2000,5.0000,0.0000,0.0000,0.0000,1788374146.841
1.196,1.2000,5.0000,0.0000,0.0000,0.0000,1788374146.861
1.216,1.2000,5.0000,0.0000,0.0000,0.0000,1788374146.880
1.237,1.2000,5.0000,0.0000,0.0000,0.0000,1788374146.901
1.256,1.2000,5.0000,0.0000,0.0000,0.0000,1788374146.921
1.276,1.2000,5.0000,0.0000,0.0000,0.0000,1788374146.941
1.296,1.2000,5.0000,0.0000,0.0000,0.0000,1788374146.961
1.316,1.2000,5.0000,0.0000,0.0000,0.0000,1788374146.980
1.336,1.2000,5.0000,0.0000,0.0000,0.0000,1788374147.001
1.356,1.2000,5.0000,0.0000,0.0000,0.0000,1788374147.021
1.376,1.2000,5.0000,0.0000,0.0000,0.0000,1788374147.041
1.396,1.2000,5.0000,0.0000,0.0000,0.0000,1788374147.061
1.416,1.2000,5.0000,0.0000,0.0000,0.0000,1788374147.080
1.436,1.2000,5.0000,0.0000,0.0000,0.0000,1788374147.101
1.457,1.2000,5.0000,0.0000,0.0000,0.0000,1788374147.121
1.477,1.2000,5.0000,0.0000,0.0000,0.0000,1788374147.141
1.496,1.2000,5.0000,0.0000,0.0000,0.0000,1788374147.160
1.516,1.2000,5.0000,0.0000,0.0000,0.0000,1788374147.181
1.536,1.2000,5.0000,0.0000,0.0000,0.0000,1788374147.201
1.557,1.2000,5.0000,0.0000,0.0000,0.0000,1788374147.222
1.577,1.2000,5.0000,0.0000,0.0000,0.0000,1788374147.241
1.596,1.2000,5.0000,0.0000,0.0000,0.0000,1788374147.261
1.616,1.2000,5.0000,0.0000,0.0000,0.0000,1788374147.281
1.636,1.2000,5.0000,0.0000,0.0000,0.0000,1788374147.301
1.656,1.2000,5.0000,0.0000,0.0000,0.0000,1788374147.321
1.676,1.2000,5.0000,0.0000,0.0000,0.0000,1788374147.341
1.696,1.2000,5.0000,0.0000,0.0000,0.0000,1788374147.361
1.716,1.2000,5.0000,0.0000,0.0000,0.0000,1788374147.380
1.737,1.2000,5.0000,0.0000,0.0000,0.0000,1788374147.401
1.757,1.2000,5.0000,0.0000,0.0000,0.0000,1788374147.421
1.776,1.2000,5.0000,0.0000,0.0000,0.0000,1788374147.440
1.796,1.2000,5.0000,0.0000,0.0000,0.0000,1788374147.461
1.816,1.2000,5.0000,0.0000,0.0000,0.0000,1788374147.480
1.836,1.2000,5.0000,0.0000,0.0000,0.0000,1788374147.501
1.857,1.2000,5.0000,0.0000,0.0000,0.0000,1788374147.522
1.877,1.2000,5.0000,0.0000,0.0000,0.0000,1788374147.541
1.896,1.2000,5.0000,0.0000,0.0000,0.0000,1788374147.560
1.916,1.2000,5.0000,0.0000,0.0000,0.0000,1788374147.580
1.936,1.2000,5.0000,0.0000,0.0000,0.0000,1788374147.601
1.957,1.2000,5.0000,0.0000,0.0000,0.0000,1788374147.621
1.976,1.2000,5.0000,0.0000,0.0000,0.0000,1788374147.641
1.996,1.2000,5.0000,0.0000,0.0000,0.0000,1788374147.661
2.016,1.2000,5.0000,0.0000,0.0000,0.0000,1788374147.680
2.037,1.2000,5.0000,0.0000,0.0000,0.0000,1788374147.701
2.056,1.2000,5.0000,0.0000,0.0000,0.0000,1788374147.721
2.076,1.2000,5.0000,0.0000,0.0000,0.0000,1788374147.741
2.096,1.2000,5.0000,0.0000,0.0000,0.0000,1788374147.760
2.116,1.2000,5.0000,0.0000,0.0000,0.0000,1788374147.780
2.136,1.2000,5.0000,0.0000,0.0000,0.0000,1788374147.801
2.157,1.2000,5.0000,0.0000,0.0000,0.0000,1788374147.821
2.176,1.2000,5.0000,0.0000,0.0000,0.0000,1788374147.841
2.196,1.2000,5.0000,0.0000,0.0000,0.0000,1788374147.861
2.216,1.2000,5.0000,0.0000,0.0000,0.0000,1788374147.880
2.236,1.2000,5.0000,0.0000,0.0000,0.0000,1788374147.901
2.256,1.2000,5.0000,0.0000,0.0000,0.0000,1788374147.921
2.276,1.2000,5.0000,0.0000,0.0000,0.0000,1788374147.941
2.296,1.2000,5.0000,0.0000,0.0000,0.0000,1788374147.961
2.316,1.2000,5.0000,0.0000,0.0000,0.0000,1788374147.980
2.337,1.2000,5.0000,0.0000,0.0000,0.0000,1788374148.001
2.357,1.2000,5.0000,0.0000,0.0000,0.0000,1788374148.021
2.376,1.2000,5.0000,0.0000,0.0000,0.0000,1788374148.041
2.396,1.2000,5.0000,0.0000,0.0000,0.0000,1788374148.061
2.416,1.2000,5.0000,0.0000,0.0000,0.0000,1788374148.080
2.437,1.2000,5.0000,0.0000,0.0000,0.0000,1788374148.101
2.457,1.2000,5.0000,0.0000,0.0000,0.0000,1788374148.121
2.476,1.2000,5.0000,0.0000,0.0000,0.0000,1788374148.141
2.496,1.2000,5.0000,0.0000,0.0000,0.0000,1788374148.161
2.516,1.2000,5.0000,0.0000,0.0000,0.0000,1788374148.181
2.536,1.2000,5.0000,0.0000,0.0000,0.0000,1788374148.201
2.556,1.2000,5.0000,0.0000,0.0000,0.0000,1788374148.221
2.576,1.2000,5.0000,0.0000,0.0000,0.0000,1788374148.240
2.597,1.2000,5.0000,0.0000,0.0000,0.0000,1788374148.261
2.617,1.2000,5.0000,0.0000,0.0000,0.0000,1788374148.281
2.636,1.2000,5.0000,0.0000,0.0000,0.0000,1788374148.300
2.657,1.2000,5.0000,0.0000,0.0000,0.0000,1788374148.321
2.676,1.2000,5.0000,0.0000,0.0000,0.0000,1788374148.340
2.696,1.2000,5.0000,0.0000,0.0000,0.0000,1788374148.361
2.716,1.2000,5.0000,0.0000,0.0000,0.0000,1788374148.380
2.736,1.2000,5.0000,0.0000,0.0000,0.0000,1788374148.401
2.757,1.2000,5.0000,0.0000,0.0000,0.0000,1788374148.421
2.776,1.2000,5.0000,0.0000,0.0000,0.0000,1788374148.440
2.796,1.2000,5.0000,0.0000,0.0000,0.0000,1788374148.461
2.816,1.2000,5.0000,0.0000,0.0000,0.0000,1788374148.480
2.836,1.2000,5.0000,0.0000,0.0000,0.0000,1788374148.501
2.856,1.2000,5.0000,0.0000,0.0000,0.0000,1788374148.521
2.876,1.2000,5.0000,0.0000,0.0000,0.0000,1788374148.541
2.896,1.2000,5.0000,0.0000,0.0000,0.0000,1788374148.560
2.916,1.2000,5.0000,0.0000,0.0000,0.0000,1788374148.580
2.936,1.2000,5.0000,0.0000,0.0000,0.0000,1788374148.601
2.957,1.2000,5.0000,0.0000,0.0000,0.0000,1788374148.621
2.976,1.2000,5.0000,0.0000,0.0000,0.0000,1788374148.641
2.996,1.2000,5.0000,0.0000,0.0000,0.0000,1788374148.660
3.016,1.2000,5.0000,0.0000,0.0000,0.0000,1788374148.680
3.036,1.2000,5.0000,0.0000,0.0000,0.0000,1788374148.701
3.056,1.2000,5.0000,0.0000,0.0000,0.0000,1788374148.720
3.077,1.2000,5.0000,0.0000,0.0000,0.0000,1788374148.742
3.096,1.2000,5.0000,0.0000,0.0000,0.0000,1788374148.760
3.116,1.2000,5.0000,0.0000,0.0000,0.0000,1788374148.780
3.136,1.2000,5.0000,0.0000,0.0000,0.0000,1788374148.801
3.156,1.2000,5.0000,0.0000,0.0000,0.0000,1788374148.821
3.176,1.2000,5.0000,0.0000,0.0000,0.0000,1788374148.841
3.196,1.2000,5.0000,0.0000,0.0000,0.0000,1788374148.860
3.216,1.2000,5.0000,0.0000,0.0000,0.0000,1788374148.881
3.236,1.2000,5.0000,0.0000,0.0000,0.0000,1788374148.900
3.257,1.2000,5.0000,0.0000,0.0000,0.0000,1788374148.921
3.276,1.2000,5.0000,0.0000,0.0000,0.0000,1788374148.940
3.296,1.2000,5.0000,0.0000,0.0000,0.0000,1788374148.961
3.316,1.2000,5.0000,0.0000,0.0000,0.0000,1788374148.981
3.336,1.2000,5.0000,0.0000,0.0000,0.0000,1788374149.001
3.356,1.2000,5.0000,0.0000,0.0000,0.0000,1788374149.021
3.376,1.2000,5.0000,0.0000,0.0000,0.0000,1788374149.041
3.396,1.2000,5.0000,0.0000,0.0000,0.0000,1788374149.060
3.416,1.2000,5.0000,0.0000,0.0000,0.0000,1788374149.080
3.436,1.2000,5.0000,0.0000,0.0000,0.0000,1788374149.100
3.457,1.2000,5.0000,0.0000,0.0000,0.0000,1788374149.121
3.476,1.2000,5.0000,0.0000,0.0000,0.0000,1788374149.140
3.496,1.2000,5.0000,0.0000,0.0000,0.0000,1788374149.161
3.516,1.2000,5.0000,0.0000,0.0000,0.0000,1788374149.181
3.536,1.2000,5.0000,0.0000,0.0000,0.0000,1788374149.201
3.556,1.2000,5.0000,0.0000,0.0000,0.0000,1788374149.221
3.577,1.2000,5.0000,0.0000,0.0000,0.0000,1788374149.241
3.596,1.2000,5.0000,0.0000,0.0000,0.0000,1788374149.260
3.616,1.2000,5.0000,0.0000,0.0000,0.0000,1788374149.281
3.636,1.2000,5.0000,0.0000,0.0000,0.0000,1788374149.301
3.656,1.2000,5.0000,0.0000,0.0000,0.0000,1788374149.321
3.676,1.2000,5.0000,0.0000,0.0000,0.0000,1788374149.341
3.696,1.2000,5.0000,0.0000,0.0000,0.0000,1788374149.361
3.716,1.2000,5.0000,0.0000,0.0000,0.0000,1788374149.380
3.736,1.2000,5.0000,0.0000,0.0000,0.0000,1788374149.400
3.757,1.2000,5.0000,0.0000,0.0000,0.0000,1788374149.422
3.777,1.2000,5.0000,0.0000,0.0000,0.0000,1788374149.442
3.796,1.2000,5.0000,0.0000,0.0000,0.0000,1788374149.461
3.816,1.2000,5.0000,0.0000,0.0000,0.0000,1788374149.481
3.836,1.2000,5.0000,0.0000,0.0000,0.0000,1788374149.501
3.856,1.2000,5.0000,0.0000,0.0000,0.0000,1788374149.521
3.876,1.2000,5.0000,0.0000,0.0000,0.0000,1788374149.541
3.896,1.2000,5.0000,0.0000,0.0000,0.0000,1788374149.560
3.916,1.2000,5.0000,0.0000,0.0000,0.0000,1788374149.580
3.937,1.2000,5.0000,0.0000,0.0000,0.0000,1788374149.601
3.956,1.2000,5.0000,0.0000,0.0000,0.0000,1788374149.620
3.976,1.2000,5.0000,0.0000,0.0000,0.0000,1788374149.640
3.996,1.2000,5.0000,0.0000,0.0000,0.0000,1788374149.661
4.016,1.2000,5.0000,0.0000,0.0000,0.0000,1788374149.681
4.036,1.2000,5.0000,0.0000,0.0000,0.0000,1788374149.701
4.056,1.2000,5.0000,0.0000,0.0000,0.0000,1788374149.720
4.076,1.2000,5.0000,0.0000,0.0000,0.0000,1788374149.741
4.096,1.2000,5.0000,0.0000,0.0000,0.0000,1788374149.761
4.116,1.2000,5.0000,0.0000,0.0000,0.0000,1788374149.781
4.136,1.2000,5.0000,0.0000,0.0000,0.0000,1788374149.800
4.156,1.2000,5.0000,0.0000,0.0000,0.0000,1788374149.821
4.176,1.2000,5.0000,0.0000,0.0000,0.0000,1788374149.841
4.196,1.2000,5.0000,0.0000,0.0000,0.0000,1788374149.861
4.216,1.2000,5.0000,0.0000,0.0000,0.0000,1788374149.880
4.236,1.2000,5.0000,0.0000,0.0000,0.0000,1788374149.901
4.257,1.2000,5.0000,0.0000,0.0000,0.0000,1788374149.921
4.276,1.2000,5.0000,0.0000,0.0000,0.0000,1788374149.940
4.296,1.2000,5.0000,0.0000,0.0000,0.0000,1788374149.961
4.316,1.2000,5.0000,0.0000,0.0000,0.0000,1788374149.980
4.336,1.2000,5.0000,0.0000,0.0000,0.0000,1788374150.001
4.357,1.2000,5.0000,0.0000,0.0000,0.0000,1788374150.022
4.377,1.2000,5.0000,0.0000,0.0000,0.0000,1788374150.042
4.396,1.2000,5.0000,0.0000,0.0000,0.0000,1788374150.061
4.416,1.2000,5.0000,0.0000,0.0000,0.0000,1788374150.080
4.437,1.2000,5.0000,0.0000,0.0000,0.0000,1788374150.101
4.456,1.2000,5.0000,0.0000,0.0000,0.0000,1788374150.121
4.476,1.2000,5.0000,0.0000,0.0000,0.0000,1788374150.141
4.496,1.2000,5.0000,0.0000,0.0000,0.0000,1788374150.161
4.516,1.2000,5.0000,0.0000,0.0000,0.0000,1788374150.180
4.536,1.2000,5.0000,0.0000,0.0000,0.0000,1788374150.201
4.556,1.2000,5.0000,0.0000,0.0000,0.0000,1788374150.221
4.576,1.2000,5.0000,0.0000,0.0000,0.0000,1788374150.241
4.596,1.2000,5.0000,0.0000,0.0000,0.0000,1788374150.261
4.616,1.2000,5.0000,0.0000,0.0000,0.0000,1788374150.281
4.636,1.2000,5.0000,0.0000,0.0000,0.0000,1788374150.300
4.657,1.2000,5.0000,0.0000,0.0000,0.0000,1788374150.321
4.676,1.2000,5.0000,0.0000,0.0000,0.0000,1788374150.340
4.697,1.2000,5.0000,0.0000,0.0000,0.0000,1788374150.362
4.716,1.2000,5.0000,0.0000,0.0000,0.0000,1788374150.380
4.737,1.2000,5.0000,0.0000,0.0000,0.0000,1788374150.402
4.756,1.2000,5.0000,0.0000,0.0000,0.0000,1788374150.421
4.776,1.2000,5.0000,0.0000,0.0000,0.0000,1788374150.441
4.796,1.2000,5.0000,0.0000,0.0000,0.0000,1788374150.461
4.816,1.2000,5.0000,0.0000,0.0000,0.0000,1788374150.481
4.836,1.2000,5.0000,0.0000,0.0000,0.0000,1788374150.501
4.856,1.2000,5.0000,0.0000,0.0000,0.0000,1788374150.520
4.876,1.2000,5.0000,0.0000,0.0000,0.0000,1788374150.541
4.896,1.2000,5.0000,0.0000,0.0000,0.0000,1788374150.560
4.916,1.2000,5.0000,0.0000,0.0000,0.0000,1788374150.580
4.937,1.2000,5.0000,0.0000,0.0000,0.0000,1788374150.601
4.956,1.2000,5.0000,0.0000,0.0000,0.0000,1788374150.620
4.976,1.2000,5.0000,0.0000,0.0000,0.0000,1788374150.641
4.997,1.2000,5.0000,0.0000,0.0000,0.0000,1788374150.661
5.017,1.2000,5.0000,0.0000,0.0000,0.0000,1788374150.681
5.036,1.2000,5.0000,0.0000,0.0000,0.0000,1788374150.700
5.057,1.2000,5.0000,0.0000,0.0000,0.0000,1788374150.721
5.077,1.2000,5.0000,0.0000,0.0000,0.0000,1788374150.741
5.096,1.2000,5.0000,0.0000,0.0000,0.0000,1788374150.761
5.116,1.2000,5.0000,0.0000,0.0000,0.0000,1788374150.780
5.136,1.2000,5.0000,0.0000,0.0000,0.0000,1788374150.801
5.157,1.2000,5.0000,0.0000,0.0000,0.0000,1788374150.822
5.176,1.2000,5.0000,0.0000,0.0000,0.0000,1788374150.840
5.196,1.2000,5.0000,0.0000,0.0000,0.0000,1788374150.861
5.216,1.2000,5.0000,0.0000,0.0000,0.0000,1788374150.880
5.237,1.2000,5.0000,0.0000,0.0000,0.0000,1788374150.901
5.257,1.2000,5.0000,0.0000,0.0000,0.0000,1788374150.921
5.276,1.2000,5.0000,0.0000,0.0000,0.0000,1788374150.941
5.296,1.2000,5.0000,0.0000,0.0000,0.0000,1788374150.961
5.316,1.2000,5.0000,0.0000,0.0000,0.0000,1788374150.980
5.337,1.2000,5.0000,0.0000,0.0000,0.0000,1788374151.001
5.357,1.2000,5.0000,0.0000,0.0000,0.0000,1788374151.021
5.376,1.2000,5.0000,0.0000,0.0000,0.0000,1788374151.041
5.396,1.2000,5.0000,0.0000,0.0000,0.0000,1788374151.061
5.416,1.2000,5.0000,0.0000,0.0000,0.0000,1788374151.080
5.437,1.2000,5.0000,0.0000,0.0000,0.0000,1788374151.101
5.457,1.2000,5.0000,0.0000,0.0000,0.0000,1788374151.121
5.476,1.2000,5.0000,0.0000,0.0000,0.0000,1788374151.140
5.496,1.2000,5.0000,0.0000,0.0000,0.0000,1788374151.161
5.516,1.2000,5.0000,0.0000,0.0000,0.0000,1788374151.180
5.537,1.2000,5.0000,0.0000,0.0000,0.0000,1788374151.201
5.557,1.2000,5.0000,0.0000,0.0000,0.0000,1788374151.221
5.576,1.2000,5.0000,0.0000,0.0000,0.0000,1788374151.240
5.596,1.2000,5.0000,0.0000,0.0000,0.0000,1788374151.261
5.617,1.2000,5.0000,0.0000,0.0000,0.0000,1788374151.281
5.636,1.2000,5.0000,0.0000,0.0000,0.0000,1788374151.301
5.656,1.2000,5.0000,0.0000,0.0000,0.0000,1788374151.321
5.676,1.2000,5.0000,0.0000,0.0000,0.0000,1788374151.341
5.697,1.2000,5.0000,0.0000,0.0000,0.0000,1788374151.361
5.716,1.2000,5.0000,0.0000,0.0000,0.0000,1788374151.380
5.736,1.2000,5.0000,0.0000,0.0000,0.0000,1788374151.400
5.757,1.2000,5.0000,0.0000,0.0000,0.0000,1788374151.421
5.776,1.2000,5.0000,0.0000,0.0000,0.0000,1788374151.441
5.796,1.2000,5.0000,0.0000,0.0000,0.0000,1788374151.461
5.816,1.2000,5.0000,0.0000,0.0000,0.0000,1788374151.480
5.836,1.2000,5.0000,0.0000,0.0000,0.0000,1788374151.501
5.856,1.2000,5.0000,0.0000,0.0000,0.0000,1788374151.521
5.876,1.2000,5.0000,0.0000,0.0000,0.0000,1788374151.541
5.896,1.2000,5.0000,0.0000,0.0000,0.0000,1788374151.560
5.916,1.2000,5.0000,0.0000,0.0000,0.0000,1788374151.581
5.936,1.2000,5.0000,0.0000,0.0000,0.0000,1788374151.601
5.957,1.2000,5.0000,0.0000,0.0000,0.0000,1788374151.621
5.976,1.2000,5.0000,0.0000,0.0000,0.0000,1788374151.640
5.996,1.2000,5.0000,0.0000,0.0000,0.0000,1788374151.661
6.016,1.2000,5.0000,0.0000,0.0000,0.0000,1788374151.680
6.037,1.2000,5.0000,0.0000,0.0000,0.0000,1788374151.701
6.057,1.2000,5.0000,0.0000,0.0000,0.0000,1788374151.721
6.076,1.2000,5.0000,0.0000,0.0000,0.0000,1788374151.740
6.096,1.2000,5.0000,0.0000,0.0000,0.0000,1788374151.761
6.116,1.2000,5.0000,0.0000,0.0000,0.0000,1788374151.780
6.136,1.2000,5.0000,0.0000,0.0000,0.0000,1788374151.801
6.156,1.2000,5.0000,0.0000,0.0000,0.0000,1788374151.821
6.176,1.2000,5.0000,0.0000,0.0000,0.0000,1788374151.841
6.196,1.2000,5.0000,0.0000,0.0000,0.0000,1788374151.860
6.216,1.2000,5.0000,0.0000,0.0000,0.0000,1788374151.881
6.236,1.2000,5.0000,0.0000,0.0000,0.0000,1788374151.901
6.256,1.2000,5.0000,0.0000,0.0000,0.0000,1788374151.921
6.276,1.2000,5.0000,0.0000,0.0000,0.0000,1788374151.941
6.296,1.2000,5.0000,0.0000,0.0000,0.0000,1788374151.961
6.316,1.2000,5.0000,0.0000,0.0000,0.0000,1788374151.981
6.336,1.2000,5.0000,0.0000,0.0000,0.0000,1788374152.001
6.357,1.2000,5.0000,0.0000,0.0000,0.0000,1788374152.021
6.376,1.2000,5.0000,0.0000,0.0000,0.0000,1788374152.040
6.396,1.2000,5.0000,0.0000,0.0000,0.0000,1788374152.061
6.416,1.2000,5.0000,0.0000,0.0000,0.0000,1788374152.080
6.436,1.2000,5.0000,0.0000,0.0000,0.0000,1788374152.100
6.457,1.2000,5.0000,0.0000,0.0000,0.0000,1788374152.122
6.476,1.2000,5.0000,0.0000,0.0000,0.0000,1788374152.140
6.496,1.2000,5.0000,0.0000,0.0000,0.0000,1788374152.160
6.517,1.2000,5.0000,0.0000,0.0000,0.0000,1788374152.181
6.536,1.2000,5.0000,0.0000,0.0000,0.0000,1788374152.200
6.556,1.2000,5.0000,0.0000,0.0000,0.0000,1788374152.221
6.576,1.2000,5.0000,0.0000,0.0000,0.0000,1788374152.241
6.596,1.2000,5.0000,0.0000,0.0000,0.0000,1788374152.260
6.616,1.2000,5.0000,0.0000,0.0000,0.0000,1788374152.280
6.636,1.2000,5.0000,0.0000,0.0000,0.0000,1788374152.301
6.657,1.2000,5.0000,0.0000,0.0000,0.0000,1788374152.321
6.676,1.2000,5.0000,0.0000,0.0000,0.0000,1788374152.341
6.697,1.2000,5.0000,0.0000,0.0000,0.0000,1788374152.361
6.716,1.2000,5.0000,0.0000,0.0000,0.0000,1788374152.380
6.736,1.2000,5.0000,0.0000,0.0000,0.0000,1788374152.400
6.756,1.2000,5.0000,0.0000,0.0000,0.0000,1788374152.421
6.776,1.2000,5.0000,0.0000,0.0000,0.0000,1788374152.441
6.796,1.2000,5.0000,0.0000,0.0000,0.0000,1788374152.460
6.816,1.2000,5.0000,0.0000,0.0000,0.0000,1788374152.481
6.836,1.2000,5.0000,0.0000,0.0000,0.0000,1788374152.501
6.856,1.2000,5.0000,0.0000,0.0000,0.0000,1788374152.521
6.877,1.2000,5.0000,0.0000,0.0000,0.0000,1788374152.541
6.896,1.2000,5.0000,0.0000,0.0000,0.0000,1788374152.560
6.916,1.2000,5.0000,0.0000,0.0000,0.0000,1788374152.580
6.936,1.2000,5.0000,0.0000,0.0000,0.0000,1788374152.601
6.957,1.2000,5.0000,0.0000,0.0000,0.0000,1788374152.621
6.976,1.2000,5.0000,0.0000,0.0000,0.0000,1788374152.640
6.996,1.2000,5.0000,0.0000,0.0000,0.0000,1788374152.661
7.016,1.2000,5.0000,0.0000,0.0000,0.0000,1788374152.680
7.037,1.2000,5.0000,0.0000,0.0000,0.0000,1788374152.701
7.057,1.2000,5.0000,0.0000,0.0000,0.0000,1788374152.721
7.076,1.2000,5.0000,0.0000,0.0000,0.0000,1788374152.741
7.096,1.2000,5.0000,0.0000,0.0000,0.0000,1788374152.761
7.116,1.2000,5.0000,0.0000,0.0000,0.0000,1788374152.780
7.137,1.2000,5.0000,0.0000,0.0000,0.0000,1788374152.801
7.156,1.2000,5.0000,0.0000,0.0000,0.0000,1788374152.820
7.176,1.2000,5.0000,0.0000,0.0000,0.0000,1788374152.841
7.196,1.2000,5.0000,0.0000,0.0000,0.0000,1788374152.860
7.216,1.2000,5.0000,0.0000,0.0000,0.0000,1788374152.880
7.237,1.2000,5.0000,0.0000,0.0000,0.0000,1788374152.901
7.256,1.2000,5.0000,0.0000,0.0000,0.0000,1788374152.921
7.276,1.2000,5.0000,0.0000,0.0000,0.0000,1788374152.941
7.296,1.2000,5.0000,0.0000,0.0000,0.0000,1788374152.961
7.316,1.2000,5.0000,0.0000,0.0000,0.0000,1788374152.980
7.336,1.2000,5.0000,0.0000,0.0000,0.0000,1788374153.001
7.357,1.2000,5.0000,0.0000,0.0000,0.0000,1788374153.021
7.376,1.2000,5.0000,0.0000,0.0000,0.0000,1788374153.041
7.396,1.2000,5.0000,0.0000,0.0000,0.0000,1788374153.061
7.416,1.2000,5.0000,0.0000,0.0000,0.0000,1788374153.080
7.437,1.2000,5.0000,0.0000,0.0000,0.0000,1788374153.101
7.457,1.2000,5.0000,0.0000,0.0000,0.0000,1788374153.121
7.476,1.2000,5.0000,0.0000,0.0000,0.0000,1788374153.141
7.496,1.2000,5.0000,0.0000,0.0000,0.0000,1788374153.161
7.516,1.2000,5.0000,0.0000,0.0000,0.0000,1788374153.180
7.537,1.2000,5.0000,0.0000,0.0000,0.0000,1788374153.201
7.557,1.2000,5.0000,0.0000,0.0000,0.0000,1788374153.221
7.576,1.2000,5.0000,0.0000,0.0000,0.0000,1788374153.241
7.596,1.2000,5.0000,0.0000,0.0000,0.0000,1788374153.261
7.616,1.2000,5.0000,0.0000,0.0000,0.0000,1788374153.280
7.637,1.2000,5.0000,0.0000,0.0000,0.0000,1788374153.301
7.656,1.2000,5.0000,0.0000,0.0000,0.0000,1788374153.321
7.676,1.2000,5.0000,0.0000,0.0000,0.0000,1788374153.341
7.696,1.2000,5.0000,0.0000,0.0000,0.0000,1788374153.361
7.716,1.2000,5.0000,0.0000,0.0000,0.0000,1788374153.381
7.736,1.2000,5.0000,0.0000,0.0000,0.0000,1788374153.401
7.756,1.2000,5.0000,0.0000,0.0000,0.0000,1788374153.421
7.776,1.2000,5.0000,0.0000,0.0000,0.0000,1788374153.441
7.796,1.2000,5.0000,0.0000,0.0000,0.0000,1788374153.461
7.816,1.2000,5.0000,0.0000,0.0000,0.0000,1788374153.480
7.836,1.2000,5.0000,0.0000,0.0000,0.0000,1788374153.500
7.857,1.2000,5.0000,0.0000,0.0000,0.0000,1788374153.521
7.876,1.2000,5.0000,0.0000,0.0000,0.0000,1788374153.541
7.896,1.2000,5.0000,0.0000,0.0000,0.0000,1788374153.561
7.916,1.2000,5.0000,0.0000,0.0000,0.0000,1788374153.580
7.937,1.2000,5.0000,0.0000,0.0000,0.0000,1788374153.601
7.956,1.2000,5.0000,0.0000,0.0000,0.0000,1788374153.620
7.976,1.2000,5.0000,0.0000,0.0000,0.0000,1788374153.641
7.996,1.2000,5.0000,0.0000,0.0000,0.0000,1788374153.661
8.016,1.2000,5.0000,0.0000,0.0000,0.0000,1788374153.680
8.037,1.2000,5.0000,0.0000,0.0000,0.0000,1788374153.701
8.057,1.2000,5.0000,0.0000,0.0000,0.0000,1788374153.721
8.076,1.2000,5.0000,0.0000,0.0000,0.0000,1788374153.741
8.096,1.2000,5.0000,0.0000,0.0000,0.0000,1788374153.761
8.116,1.2000,5.0000,0.0000,0.0000,0.0000,1788374153.780
8.137,1.2000,5.0000,0.0000,0.0000,0.0000,1788374153.801
8.157,1.2000,5.0000,0.0000,0.0000,0.0000,1788374153.821
8.176,1.2000,5.0000,0.0000,0.0000,0.0000,1788374153.840
8.196,1.2000,5.0000,0.0000,0.0000,0.0000,1788374153.861
8.216,1.2000,5.0000,0.0000,0.0000,0.0000,1788374153.880
8.237,1.2000,5.0000,0.0000,0.0000,0.0000,1788374153.901
8.256,1.2000,5.0000,0.0000,0.0000,0.0000,1788374153.921
8.276,1.2000,5.0000,0.0000,0.0000,0.0000,1788374153.941
8.297,1.2000,5.0000,0.0000,0.0000,0.0000,1788374153.962
8.316,1.2000,5.0000,0.0000,0.0000,0.0000,1788374153.980
8.337,1.2000,5.0000,0.0000,0.0000,0.0000,1788374154.001
8.357,1.2000,5.0000,0.0000,0.0000,0.0000,1788374154.021
8.377,1.2000,5.0000,0.0000,0.0000,0.0000,1788374154.042
8.397,1.2000,5.0000,0.0000,0.0000,0.0000,1788374154.061
8.416,1.2000,5.0000,0.0000,0.0000,0.0000,1788374154.080
8.437,1.2000,5.0000,0.0000,0.0000,0.0000,1788374154.101
8.456,1.2000,5.0000,0.0000,0.0000,0.0000,1788374154.121
8.477,1.2000,5.0000,0.0000,0.0000,0.0000,1788374154.141
8.497,1.2000,5.0000,0.0000,0.0000,0.0000,1788374154.161
8.516,1.2000,5.0000,0.0000,0.0000,0.0000,1788374154.180
8.537,1.2000,5.0000,0.0000,0.0000,0.0000,1788374154.201
8.557,1.2000,5.0000,0.0000,0.0000,0.0000,1788374154.221
8.576,1.2000,5.0000,0.0000,0.0000,0.0000,1788374154.240
8.596,1.2000,5.0000,0.0000,0.0000,0.0000,1788374154.261
8.616,1.2000,5.0000,0.0000,0.0000,0.0000,1788374154.280
8.637,1.2000,5.0000,0.0000,0.0000,0.0000,1788374154.301
8.656,1.2000,5.0000,0.0000,0.0000,0.0000,1788374154.321
8.676,1.2000,5.0000,0.0000,0.0000,0.0000,1788374154.341
8.696,1.2000,5.0000,0.0000,0.0000,0.0000,1788374154.360
8.716,1.2000,5.0000,0.0000,0.0000,0.0000,1788374154.380
8.737,1.2000,5.0000,0.0000,0.0000,0.0000,1788374154.401
8.756,1.2000,5.0000,0.0000,0.0000,0.0000,1788374154.421
8.776,1.2000,5.0000,0.0000,0.0000,0.0000,1788374154.441
8.796,1.2000,5.0000,0.0000,0.0000,0.0000,1788374154.461
8.816,1.2000,5.0000,0.0000,0.0000,0.0000,1788374154.481
8.836,1.2000,5.0000,0.0000,0.0000,0.0000,1788374154.501
8.856,1.2000,5.0000,0.0000,0.0000,0.0000,1788374154.520
8.876,1.2000,5.0000,0.0000,0.0000,0.0000,1788374154.541
8.896,1.2000,5.0000,0.0000,0.0000,0.0000,1788374154.560
8.916,1.2000,5.0000,0.0000,0.0000,0.0000,1788374154.580
8.937,1.2000,5.0000,0.0000,0.0000,0.0000,1788374154.601
8.956,1.2000,5.0000,0.0000,0.0000,0.0000,1788374154.621
8.976,1.2000,5.0000,0.0000,0.0000,0.0000,1788374154.641
8.996,1.2000,5.0000,0.0000,0.0000,0.0000,1788374154.660
9.016,1.2000,5.0000,0.0000,0.0000,0.0000,1788374154.680
9.037,1.2000,5.0000,0.0000,0.0000,0.0000,1788374154.701
9.057,1.2000,5.0000,0.0000,0.0000,0.0000,1788374154.721
9.076,1.2000,5.0000,0.0000,0.0000,0.0000,1788374154.740
9.096,1.2000,5.0000,0.0000,0.0000,0.0000,1788374154.760
9.116,1.2000,5.0000,0.0000,0.0000,0.0000,1788374154.781
9.136,1.2000,5.0000,0.0000,0.0000,0.0000,1788374154.800
9.157,1.2000,5.0000,0.0000,0.0000,0.0000,1788374154.821
9.176,1.2000,5.0000,0.0000,0.0000,0.0000,1788374154.841
9.196,1.2000,5.0000,0.0000,0.0000,0.0000,1788374154.860
9.216,1.2000,5.0000,0.0000,0.0000,0.0000,1788374154.880
9.236,1.2000,5.0000,0.0000,0.0000,0.0000,1788374154.901
9.257,1.2000,5.0000,0.0000,0.0000,0.0000,1788374154.921
9.276,1.2000,5.0000,0.0000,0.0000,0.0000,1788374154.941
9.296,1.2000,5.0000,0.0000,0.0000,0.0000,1788374154.961
9.316,1.2000,5.0000,0.0000,0.0000,0.0000,1788374154.980
9.337,1.2000,5.0000,0.0000,0.0000,0.0000,1788374155.001
9.357,1.2000,5.0000,0.0000,0.0000,0.0000,1788374155.021
9.376,1.2000,5.0000,0.0000,0.0000,0.0000,1788374155.041
9.397,1.2000,5.0000,0.0000,0.0000,0.0000,1788374155.061
9.416,1.2000,5.0000,0.0000,0.0000,0.0000,1788374155.080
9.436,1.2000,5.0000,0.0000,0.0000,0.0000,1788374155.100
9.457,1.2000,5.0000,0.0000,0.0000,0.0000,1788374155.121
9.476,1.2000,5.0000,0.0000,0.0000,0.0000,1788374155.141
9.497,1.2000,5.0000,0.0000,0.0000,0.0000,1788374155.162
9.516,1.2000,5.0000,0.0000,0.0000,0.0000,1788374155.180
9.536,1.2000,5.0000,0.0000,0.0000,0.0000,1788374155.200
9.556,1.2000,5.0000,0.0000,0.0000,0.0000,1788374155.220
9.576,1.2000,5.0000,0.0000,0.0000,0.0000,1788374155.241
9.596,1.2000,5.0000,0.0000,0.0000,0.0000,1788374155.261
9.616,1.2000,5.0000,0.0000,0.0000,0.0000,1788374155.280
9.637,1.2000,5.0000,0.0000,0.0000,0.0000,1788374155.301
9.656,1.2000,5.0000,0.0000,0.0000,0.0000,1788374155.320
9.676,1.2000,5.0000,0.0000,0.0000,0.0000,1788374155.340
9.696,1.2000,5.0000,0.0000,0.0000,0.0000,1788374155.360
9.716,1.2000,5.0000,0.0000,0.0000,0.0000,1788374155.381
9.736,1.2000,5.0000,0.0000,0.0000,0.0000,1788374155.401
9.756,1.2000,5.0000,0.0000,0.0000,0.0000,1788374155.421
9.776,1.2000,5.0000,0.0000,0.0000,0.0000,1788374155.441
9.796,1.2000,5.0000,0.0000,0.0000,0.0000,1788374155.461
9.816,1.2000,5.0000,0.0000,0.0000,0.0000,1788374155.481
9.836,1.2000,5.0000,0.0000,0.0000,0.0000,1788374155.501
9.856,1.2000,5.0000,0.0000,0.0000,0.0000,1788374155.521
9.876,1.2000,5.0000,0.0000,0.0000,0.0000,1788374155.541
9.896,1.2000,5.0000,0.0000,0.0000,0.0000,1788374155.561
9.916,1.2000,5.0000,0.0000,0.0000,0.0000,1788374155.581
9.936,1.2000,5.0000,0.0000,0.0000,0.0000,1788374155.600
9.956,1.2000,5.0000,0.0000,0.0000,0.0000,1788374155.620
9.976,1.2000,5.0000,0.0000,0.0000,0.0000,1788374155.640
9.996,1.2000,5.0000,0.0000,0.0000,0.0000,1788374155.660
10.016,1.2000,5.0000,0.0000,0.0000,0.0000,1788374155.680
10.036,1.2000,5.0000,0.0000,0.0000,0.0000,1788374155.700
10.056,1.2000,5.0000,0.0000,0.0000,0.0000,1788374155.720
10.076,1.2000,5.0000,0.0000,0.0000,0.0000,1788374155.741
10.096,1.2016,5.0000,0.0019,0.0780,0.0944,1788374155.761
10.116,1.2031,5.0000,0.0038,0.0780,0.0944,1788374155.781
10.136,1.2047,5.0000,0.0057,0.0780,0.0944,1788374155.800
10.156,1.2062,5.0000,0.0075,0.0780,0.0944,1788374155.820
10.176,1.2089,5.0001,0.0096,0.1345,0.1022,1788374155.841
10.197,1.2116,5.0001,0.0116,0.1345,0.1022,1788374155.861
10.216,1.2143,5.0001,0.0137,0.1345,0.1022,1788374155.880
10.236,1.2170,5.0002,0.0157,0.1345,0.1022,1788374155.900
10.256,1.2197,5.0002,0.0178,0.1345,0.1022,1788374155.921
10.276,1.2235,5.0003,0.0195,0.1903,0.0882,1788374155.941
10.297,1.2273,5.0004,0.0213,0.1903,0.0882,1788374155.961
10.316,1.2311,5.0005,0.0231,0.1903,0.0882,1788374155.980
10.337,1.2349,5.0006,0.0248,0.1903,0.0882,1788374156.001
10.357,1.2387,5.0007,0.0266,0.1903,0.0882,1788374156.021
10.376,1.2437,5.0008,0.0280,0.2516,0.0723,1788374156.040
10.396,1.2488,5.0009,0.0295,0.2516,0.0723,1788374156.061
10.416,1.2538,5.0011,0.0309,0.2516,0.0723,1788374156.080
10.436,1.2588,5.0013,0.0324,0.2516,0.0723,1788374156.101
10.456,1.2639,5.0014,0.0338,0.2516,0.0723,1788374156.121
10.476,1.2698,5.0016,0.0349,0.2994,0.0563,1788374156.140
10.496,1.2758,5.0019,0.0361,0.2994,0.0563,1788374156.161
10.516,1.2818,5.0021,0.0372,0.2994,0.0563,1788374156.181
10.536,1.2878,5.0023,0.0383,0.2994,0.0563,1788374156.201
10.556,1.2938,5.0025,0.0394,0.2994,0.0563,1788374156.221
10.576,1.3006,5.0028,0.0409,0.3397,0.0734,1788374156.241
10.597,1.3074,5.0031,0.0424,0.3397,0.0734,1788374156.261
10.616,1.3141,5.0034,0.0438,0.3397,0.0734,1788374156.280
10.636,1.3209,5.0037,0.0453,0.3397,0.0734,1788374156.301
10.656,1.3277,5.0040,0.0468,0.3397,0.0734,1788374156.321
10.676,1.3351,5.0044,0.0485,0.3700,0.0880,1788374156.341
10.696,1.3425,5.0048,0.0503,0.3700,0.0880,1788374156.361
10.716,1.3499,5.0051,0.0521,0.3700,0.0880,1788374156.380
10.736,1.3573,5.0055,0.0538,0.3700,0.0880,1788374156.401
10.756,1.3647,5.0060,0.0556,0.3700,0.0880,1788374156.421
10.776,1.3725,5.0064,0.0572,0.3939,0.0817,1788374156.440
10.796,1.3804,5.0069,0.0589,0.3939,0.0817,1788374156.461
10.816,1.3883,5.0073,0.0605,0.3939,0.0817,1788374156.480
10.836,1.3961,5.0078,0.0621,0.3939,0.0817,1788374156.501
10.856,1.4040,5.0083,0.0638,0.3939,0.0817,1788374156.521
10.876,1.4120,5.0089,0.0651,0.4024,0.0689,1788374156.541
10.896,1.4200,5.0094,0.0665,0.4024,0.0689,1788374156.561
10.916,1.4281,5.0099,0.0679,0.4024,0.0689,1788374156.580
10.936,1.4361,5.0105,0.0693,0.4024,0.0689,1788374156.601
10.956,1.4441,5.0111,0.0706,0.4024,0.0689,1788374156.621
10.976,1.4522,5.0116,0.0714,0.4037,0.0375,1788374156.641
10.996,1.4602,5.0122,0.0721,0.4037,0.0375,1788374156.661
11.016,1.4683,5.0128,0.0729,0.4037,0.0375,1788374156.681
11.036,1.4763,5.0134,0.0736,0.4037,0.0375,1788374156.700
11.057,1.4844,5.0140,0.0744,0.4037,0.0375,1788374156.721
11.076,1.4924,5.0146,0.0745,0.4022,0.0061,1788374156.740
11.096,1.5004,5.0152,0.0746,0.4022,0.0061,1788374156.761
11.116,1.5085,5.0158,0.0748,0.4022,0.0061,1788374156.780
11.136,1.5165,5.0164,0.0749,0.4022,0.0061,1788374156.800
11.157,1.5245,5.0170,0.0750,0.4022,0.0061,1788374156.821
11.177,1.5325,5.0176,0.0746,0.4009,-0.0222,1788374156.841
11.196,1.5405,5.0182,0.0741,0.4009,-0.0222,1788374156.860
11.216,1.5485,5.0188,0.0737,0.4009,-0.0222,1788374156.880
11.236,1.5565,5.0194,0.0732,0.4009,-0.0222,1788374156.900
11.256,1.5645,5.0200,0.0728,0.4009,-0.0222,1788374156.921
11.276,1.5725,5.0205,0.0720,0.4002,-0.0385,1788374156.940
11.296,1.5804,5.0211,0.0712,0.4002,-0.0385,1788374156.960
11.316,1.5884,5.0217,0.0705,0.4002,-0.0385,1788374156.981
11.336,1.5964,5.0222,0.0697,0.4002,-0.0385,1788374157.001
11.356,1.6044,5.0228,0.0689,0.4002,-0.0385,1788374157.021
11.376,1.6124,5.0233,0.0681,0.4000,-0.0414,1788374157.040
11.396,1.6204,5.0239,0.0673,0.4000,-0.0414,1788374157.061
11.416,1.6283,5.0244,0.0664,0.4000,-0.0414,1788374157.080
11.436,1.6363,5.0249,0.0656,0.4000,-0.0414,1788374157.101
11.456,1.6443,5.0254,0.0648,0.4000,-0.0414,1788374157.121
11.476,1.6523,5.0259,0.0642,0.4001,-0.0319,1788374157.140
11.496,1.6603,5.0265,0.0635,0.4001,-0.0319,1788374157.160
11.516,1.6683,5.0270,0.0629,0.4001,-0.0319,1788374157.181
11.536,1.6763,5.0275,0.0622,0.4001,-0.0319,1788374157.201
11.556,1.6842,5.0280,0.0616,0.4001,-0.0319,1788374157.221
11.576,1.6922,5.0284,0.0613,0.4001,-0.0150,1788374157.240
11.596,1.7002,5.0289,0.0610,0.4001,-0.0150,1788374157.260
11.616,1.7082,5.0294,0.0607,0.4001,-0.0150,1788374157.280
11.637,1.7162,5.0299,0.0604,0.4001,-0.0150,1788374157.301
11.656,1.7242,5.0304,0.0601,0.4001,-0.0150,1788374157.321
11.676,1.7322,5.0309,0.0601,0.4001,0.0002,1788374157.341
11.696,1.7401,5.0313,0.0601,0.4001,0.0002,1788374157.361
11.716,1.7481,5.0318,0.0601,0.4001,0.0002,1788374157.381
11.736,1.7561,5.0323,0.0601,0.4001,0.0002,1788374157.401
11.756,1.7641,5.0328,0.0601,0.4001,0.0002,1788374157.421
11.776,1.7721,5.0333,0.0604,0.4001,0.0131,1788374157.440
11.797,1.7801,5.0337,0.0606,0.4001,0.0131,1788374157.462
11.816,1.7881,5.0342,0.0609,0.4001,0.0131,1788374157.481
11.836,1.7961,5.0347,0.0612,0.4001,0.0131,1788374157.500
11.856,1.8041,5.0352,0.0614,0.4001,0.0131,1788374157.521
11.876,1.8120,5.0357,0.0618,0.4002,0.0206,1788374157.540
11.896,1.8200,5.0362,0.0623,0.4002,0.0206,1788374157.561
11.916,1.8280,5.0367,0.0627,0.4002,0.0206,1788374157.581
11.937,1.8360,5.0372,0.0631,0.4002,0.0206,1788374157.601
11.956,1.8440,5.0377,0.0635,0.4002,0.0206,1788374157.621
11.976,1.8520,5.0382,0.0639,0.4003,0.0227,1788374157.640
11.996,1.8600,5.0387,0.0644,0.4003,0.0227,1788374157.661
12.016,1.8680,5.0393,0.0649,0.4003,0.0227,1788374157.680
12.036,1.8760,5.0398,0.0653,0.4003,0.0227,1788374157.700
12.056,1.8839,5.0403,0.0658,0.4003,0.0227,1788374157.721
12.076,1.8919,5.0408,0.0662,0.4002,0.0202,1788374157.740
12.097,1.8999,5.0414,0.0666,0.4002,0.0202,1788374157.762
12.116,1.9079,5.0419,0.0670,0.4002,0.0202,1788374157.780
12.136,1.9159,5.0425,0.0674,0.4002,0.0202,1788374157.800
12.156,1.9239,5.0430,0.0678,0.4002,0.0202,1788374157.821
12.176,1.9319,5.0435,0.0681,0.4002,0.0137,1788374157.841
12.196,1.9398,5.0441,0.0683,0.4002,0.0137,1788374157.860
12.216,1.9478,5.0446,0.0686,0.4002,0.0137,1788374157.880
12.236,1.9558,5.0452,0.0689,0.4002,0.0137,1788374157.901
12.256,1.9638,5.0457,0.0691,0.4002,0.0137,1788374157.921
12.276,1.9718,5.0463,0.0693,0.4002,0.0054,1788374157.941
12.296,1.9798,5.0468,0.0694,0.4002,0.0054,1788374157.960
12.316,1.9878,5.0474,0.0695,0.4002,0.0054,1788374157.980
12.336,1.9957,5.0480,0.0696,0.4002,0.0054,1788374158.001
12.356,2.0037,5.0485,0.0697,0.4002,0.0054,1788374158.021
12.376,2.0117,5.0491,0.0697,0.4003,-0.0019,1788374158.040
12.396,2.0197,5.0496,0.0696,0.4003,-0.0019,1788374158.061
12.418,2.0277,5.0502,0.0696,0.4003,-0.0019,1788374158.082
12.436,2.0357,5.0507,0.0695,0.4003,-0.0019,1788374158.100
12.456,2.0437,5.0513,0.0695,0.4003,-0.0019,1788374158.121
12.476,2.0516,5.0519,0.0694,0.4003,-0.0070,1788374158.140
12.497,2.0596,5.0524,0.0692,0.4003,-0.0070,1788374158.161
12.516,2.0676,5.0530,0.0691,0.4003,-0.0070,1788374158.180
12.536,2.0756,5.0535,0.0689,0.4003,-0.0070,1788374158.201
12.556,2.0836,5.0541,0.0688,0.4003,-0.0070,1788374158.221
12.576,2.0916,5.0546,0.0686,0.4003,-0.0089,1788374158.240
12.596,2.0996,5.0552,0.0684,0.4003,-0.0089,1788374158.261
12.616,2.1076,5.0557,0.0683,0.4003,-0.0089,1788374158.280
12.636,2.1155,5.0563,0.0681,0.4003,-0.0089,1788374158.301
12.656,2.1235,5.0568,0.0679,0.4003,-0.0089,1788374158.321
12.676,2.1315,5.0573,0.0677,0.4003,-0.0109,1788374158.340
12.696,2.1395,5.0579,0.0675,0.4003,-0.0109,1788374158.360
12.716,2.1475,5.0584,0.0673,0.4003,-0.0109,1788374158.381
12.736,2.1555,5.0589,0.0670,0.4003,-0.0109,1788374158.400
12.756,2.1635,5.0595,0.0668,0.4003,-0.0109,1788374158.421
12.776,2.1715,5.0600,0.0666,0.4003,-0.0106,1788374158.440
12.796,2.1794,5.0605,0.0664,0.4003,-0.0106,1788374158.461
12.816,2.1874,5.0611,0.0662,0.4003,-0.0106,1788374158.480
12.836,2.1954,5.0616,0.0660,0.4003,-0.0106,1788374158.501
12.856,2.2034,5.0621,0.0658,0.4003,-0.0106,1788374158.521
12.876,2.2114,5.0627,0.0656,0.4003,-0.0091,1788374158.540
12.896,2.2194,5.0632,0.0654,0.4003,-0.0091,1788374158.561
12.916,2.2274,5.0637,0.0652,0.4003,-0.0091,1788374158.580
12.936,2.2354,5.0642,0.0650,0.4003,-0.0091,1788374158.601
12.956,2.2434,5.0647,0.0648,0.4003,-0.0091,1788374158.621
12.976,2.2513,5.0653,0.0647,0.4003,-0.0066,1788374158.640
12.997,2.2593,5.0658,0.0646,0.4003,-0.0066,1788374158.661
13.016,2.2673,5.0663,0.0644,0.4003,-0.0066,1788374158.680
13.036,2.2753,5.0668,0.0643,0.4003,-0.0066,1788374158.700
13.056,2.2833,5.0673,0.0642,0.4003,-0.0066,1788374158.721
13.076,2.2913,5.0678,0.0641,0.4003,-0.0036,1788374158.740
13.097,2.2993,5.0683,0.0640,0.4003,-0.0036,1788374158.761
13.116,2.3073,5.0689,0.0640,0.4003,-0.0036,1788374158.780
13.136,2.3153,5.0694,0.0639,0.4003,-0.0036,1788374158.800
13.156,2.3232,5.0699,0.0638,0.4003,-0.0036,1788374158.821
13.176,2.3312,5.0704,0.0638,0.4002,-0.0027,1788374158.840
13.196,2.3392,5.0709,0.0637,0.4002,-0.0027,1788374158.861
13.216,2.3472,5.0714,0.0637,0.4002,-0.0027,1788374158.881
13.237,2.3552,5.0719,0.0636,0.4002,-0.0027,1788374158.901
13.256,2.3632,5.0724,0.0636,0.4002,-0.0027,1788374158.921
13.276,2.3712,5.0729,0.0635,0.4002,-0.0023,1788374158.941
13.296,2.3792,5.0734,0.0635,0.4002,-0.0023,1788374158.960
13.316,2.3871,5.0739,0.0634,0.4002,-0.0023,1788374158.981
13.336,2.3951,5.0745,0.0634,0.4002,-0.0023,1788374159.001
13.357,2.4031,5.0750,0.0633,0.4002,-0.0023,1788374159.021
13.376,2.4111,5.0755,0.0633,0.4003,-0.0018,1788374159.040
13.396,2.4191,5.0760,0.0633,0.4003,-0.0018,1788374159.060
13.417,2.4271,5.0765,0.0632,0.4003,-0.0018,1788374159.082
13.436,2.4351,5.0770,0.0632,0.4003,-0.0018,1788374159.100
13.456,2.4431,5.0775,0.0632,0.4003,-0.0018,1788374159.121
13.476,2.4511,5.0780,0.0631,0.4003,-0.0009,1788374159.140
13.497,2.4591,5.0785,0.0631,0.4003,-0.0009,1788374159.161
13.516,2.4670,5.0790,0.0631,0.4003,-0.0009,1788374159.180
13.536,2.4750,5.0795,0.0631,0.4003,-0.0009,1788374159.200
13.556,2.4830,5.0800,0.0631,0.4003,-0.0009,1788374159.221
13.576,2.4910,5.0805,0.0631,0.4003,0.0005,1788374159.241
13.596,2.4990,5.0810,0.0631,0.4003,0.0005,1788374159.260
13.616,2.5070,5.0815,0.0631,0.4003,0.0005,1788374159.280
13.636,2.5150,5.0820,0.0631,0.4003,0.0005,1788374159.301
13.657,2.5230,5.0825,0.0631,0.4003,0.0005,1788374159.321
13.676,2.5310,5.0830,0.0631,0.4002,-0.0000,1788374159.340
13.696,2.5389,5.0835,0.0631,0.4002,-0.0000,1788374159.360
13.716,2.5469,5.0841,0.0631,0.4002,-0.0000,1788374159.381
13.736,2.5549,5.0846,0.0631,0.4002,-0.0000,1788374159.400
13.756,2.5629,5.0851,0.0631,0.4002,-0.0000,1788374159.421
13.777,2.5709,5.0856,0.0631,0.4002,-0.0006,1788374159.441
13.796,2.5789,5.0861,0.0631,0.4002,-0.0006,1788374159.460
13.816,2.5869,5.0866,0.0631,0.4002,-0.0006,1788374159.480
13.836,2.5949,5.0871,0.0631,0.4002,-0.0006,1788374159.501
13.856,2.6029,5.0876,0.0630,0.4002,-0.0006,1788374159.521
13.876,2.6108,5.0881,0.0630,0.4003,-0.0011,1788374159.540
13.896,2.6188,5.0886,0.0630,0.4003,-0.0011,1788374159.560
13.916,2.6268,5.0891,0.0630,0.4003,-0.0011,1788374159.581
13.936,2.6348,5.0896,0.0630,0.4003,-0.0011,1788374159.601
13.956,2.6428,5.0901,0.0629,0.4003,-0.0011,1788374159.621
13.976,2.6508,5.0906,0.0629,0.4003,-0.0006,1788374159.641
13.996,2.6588,5.0911,0.0629,0.4003,-0.0006,1788374159.661
14.016,2.6668,5.0916,0.0629,0.4003,-0.0006,1788374159.681
14.036,2.6748,5.0921,0.0629,0.4003,-0.0006,1788374159.701
14.056,2.6828,5.0926,0.0629,0.4003,-0.0006,1788374159.721
14.077,2.6907,5.0931,0.0629,0.4003,0.0006,1788374159.742
14.096,2.6987,5.0936,0.0629,0.4003,0.0006,1788374159.760
14.116,2.7067,5.0941,0.0629,0.4003,0.0006,1788374159.780
14.136,2.7147,5.0946,0.0629,0.4003,0.0006,1788374159.801
14.156,2.7227,5.0951,0.0629,0.4003,0.0006,1788374159.821
14.176,2.7307,5.0956,0.0629,0.4002,-0.0001,1788374159.840
14.196,2.7387,5.0961,0.0629,0.4002,-0.0001,1788374159.861
14.216,2.7467,5.0966,0.0629,0.4002,-0.0001,1788374159.880
14.236,2.7547,5.0971,0.0629,0.4002,-0.0001,1788374159.900
14.256,2.7626,5.0977,0.0629,0.4002,-0.0001,1788374159.921
14.276,2.7706,5.0982,0.0629,0.4002,-0.0006,1788374159.940
14.296,2.7786,5.0987,0.0629,0.4002,-0.0006,1788374159.961
14.316,2.7866,5.0992,0.0629,0.4002,-0.0006,1788374159.981
14.336,2.7946,5.0997,0.0629,0.4002,-0.0006,1788374160.000
14.356,2.8026,5.1002,0.0629,0.4002,-0.0006,1788374160.021
14.376,2.8106,5.1007,0.0629,0.4003,-0.0010,1788374160.040
14.396,2.8186,5.1012,0.0628,0.4003,-0.0010,1788374160.061
14.416,2.8266,5.1017,0.0628,0.4003,-0.0010,1788374160.080
14.436,2.8345,5.1022,0.0628,0.4003,-0.0010,1788374160.101
14.456,2.8425,5.1027,0.0628,0.4003,-0.0010,1788374160.120
14.476,2.8505,5.1032,0.0628,0.4003,-0.0004,1788374160.140
14.496,2.8585,5.1037,0.0628,0.4003,-0.0004,1788374160.160
14.516,2.8665,5.1042,0.0628,0.4003,-0.0004,1788374160.180
14.536,2.8745,5.1047,0.0627,0.4003,-0.0004,1788374160.201
14.556,2.8825,5.1052,0.0627,0.4003,-0.0004,1788374160.220
14.576,2.8905,5.1057,0.0628,0.4003,0.0010,1788374160.240
14.596,2.8985,5.1062,0.0628,0.4003,0.0010,1788374160.261
14.616,2.9065,5.1067,0.0628,0.4003,0.0010,1788374160.281
14.636,2.9144,5.1072,0.0628,0.4003,0.0010,1788374160.300
14.656,2.9224,5.1077,0.0628,0.4003,0.0010,1788374160.321
14.676,2.9304,5.1082,0.0628,0.4002,0.0001,1788374160.340
14.696,2.9384,5.1087,0.0628,0.4002,0.0001,1788374160.361
14.716,2.9464,5.1092,0.0628,0.4002,0.0001,1788374160.380
14.737,2.9544,5.1097,0.0629,0.4002,0.0001,1788374160.401
14.756,2.9624,5.1102,0.0629,0.4002,0.0001,1788374160.420
14.777,2.9704,5.1107,0.0628,0.4002,-0.0003,1788374160.441
14.796,2.9784,5.1112,0.0628,0.4002,-0.0003,1788374160.461
14.816,2.9863,5.1117,0.0628,0.4002,-0.0003,1788374160.480
14.836,2.9943,5.1122,0.0628,0.4002,-0.0003,1788374160.501
14.856,3.0023,5.1127,0.0628,0.4002,-0.0003,1788374160.521
14.876,3.0103,5.1132,0.0628,0.4003,-0.0007,1788374160.540
14.896,3.0183,5.1137,0.0628,0.4003,-0.0007,1788374160.560
14.916,3.0263,5.1142,0.0628,0.4003,-0.0007,1788374160.580
14.936,3.0343,5.1147,0.0628,0.4003,-0.0007,1788374160.601
14.956,3.0423,5.1152,0.0628,0.4003,-0.0007,1788374160.621
14.976,3.0503,5.1157,0.0628,0.4003,-0.0002,1788374160.640
14.996,3.0583,5.1162,0.0628,0.4003,-0.0002,1788374160.661
15.016,3.0662,5.1167,0.0627,0.4003,-0.0002,1788374160.680
15.036,3.0742,5.1173,0.0627,0.4003,-0.0002,1788374160.701
15.056,3.0822,5.1178,0.0627,0.4003,-0.0002,1788374160.721
15.076,3.0902,5.1183,0.0628,0.4003,0.0012,1788374160.741
15.097,3.0982,5.1188,0.0628,0.4003,0.0012,1788374160.761
15.116,3.1062,5.1193,0.0628,0.4003,0.0012,1788374160.781
15.136,3.1142,5.1198,0.0628,0.4003,0.0012,1788374160.800
15.156,3.1222,5.1203,0.0629,0.4003,0.0012,1788374160.821
15.176,3.1302,5.1208,0.0629,0.4002,0.0002,1788374160.840
15.196,3.1382,5.1213,0.0629,0.4002,0.0002,1788374160.861
15.216,3.1461,5.1218,0.0629,0.4002,0.0002,1788374160.880
15.236,3.1541,5.1223,0.0629,0.4002,0.0002,1788374160.900
15.256,3.1621,5.1228,0.0629,0.4002,0.0002,1788374160.921
15.276,3.1701,5.1233,0.0629,0.4002,-0.0002,1788374160.940
15.296,3.1781,5.1238,0.0629,0.4002,-0.0002,1788374160.961
15.316,3.1861,5.1243,0.0629,0.4002,-0.0002,1788374160.980
15.337,3.1941,5.1248,0.0629,0.4002,-0.0002,1788374161.001
15.356,3.2021,5.1253,0.0629,0.4002,-0.0002,1788374161.021
15.377,3.2101,5.1258,0.0629,0.4003,-0.0006,1788374161.042
15.396,3.2180,5.1263,0.0628,0.4003,-0.0006,1788374161.061
15.416,3.2260,5.1268,0.0628,0.4003,-0.0006,1788374161.081
15.436,3.2340,5.1273,0.0628,0.4003,-0.0006,1788374161.100
15.456,3.2420,5.1278,0.0628,0.4003,-0.0006,1788374161.121
15.476,3.2500,5.1283,0.0628,0.4003,-0.0002,1788374161.140
15.496,3.2580,5.1288,0.0628,0.4003,-0.0002,1788374161.161
15.516,3.2660,5.1293,0.0628,0.4003,-0.0002,1788374161.180
15.536,3.2740,5.1298,0.0628,0.4003,-0.0002,1788374161.200
15.556,3.2820,5.1303,0.0628,0.4003,-0.0002,1788374161.221
15.576,3.2900,5.1308,0.0628,0.4003,0.0013,1788374161.240
15.596,3.2979,5.1313,0.0628,0.4003,0.0013,1788374161.260
15.616,3.3059,5.1318,0.0629,0.4003,0.0013,1788374161.280
15.636,3.3139,5.1323,0.0629,0.4003,0.0013,1788374161.301
15.656,3.3219,5.1328,0.0629,0.4003,0.0013,1788374161.321
15.676,3.3299,5.1333,0.0629,0.4002,0.0002,1788374161.340
15.696,3.3379,5.1338,0.0629,0.4002,0.0002,1788374161.361
15.716,3.3459,5.1343,0.0629,0.4002,0.0002,1788374161.380
15.736,3.3539,5.1348,0.0629,0.4002,0.0002,1788374161.401
15.756,3.3619,5.1354,0.0629,0.4002,0.0002,1788374161.421
15.776,3.3698,5.1359,0.0629,0.4002,-0.0002,1788374161.441
15.796,3.3778,5.1364,0.0629,0.4002,-0.0002,1788374161.460
15.816,3.3858,5.1369,0.0629,0.4002,-0.0002,1788374161.480
15.836,3.3938,5.1374,0.0629,0.4002,-0.0002,1788374161.501
15.856,3.4018,5.1379,0.0629,0.4002,-0.0002,1788374161.521
15.877,3.4098,5.1384,0.0629,0.4003,-0.0006,1788374161.541
15.896,3.4178,5.1389,0.0629,0.4003,-0.0006,1788374161.560
15.916,3.4258,5.1394,0.0629,0.4003,-0.0006,1788374161.580
15.936,3.4338,5.1399,0.0629,0.4003,-0.0006,1788374161.601
15.956,3.4418,5.1404,0.0629,0.4003,-0.0006,1788374161.621
15.977,3.4497,5.1409,0.0629,0.4003,-0.0001,1788374161.641
15.996,3.4577,5.1414,0.0629,0.4003,-0.0001,1788374161.660
16.016,3.4657,5.1419,0.0629,0.4003,-0.0001,1788374161.680
16.036,3.4737,5.1424,0.0629,0.4003,-0.0001,1788374161.701
16.056,3.4817,5.1429,0.0629,0.4003,-0.0001,1788374161.721
16.076,3.4897,5.1434,0.0629,0.4003,0.0014,1788374161.740
16.096,3.4977,5.1439,0.0629,0.4003,0.0014,1788374161.761
16.116,3.5057,5.1444,0.0629,0.4003,0.0014,1788374161.781
16.136,3.5137,5.1449,0.0630,0.4003,0.0014,1788374161.801
16.156,3.5217,5.1454,0.0630,0.4003,0.0014,1788374161.821
16.176,3.5296,5.1459,0.0630,0.4002,0.0003,1788374161.840
16.197,3.5376,5.1464,0.0630,0.4002,0.0003,1788374161.861
16.216,3.5456,5.1469,0.0630,0.4002,0.0003,1788374161.880
16.236,3.5536,5.1474,0.0630,0.4002,0.0003,1788374161.900
16.256,3.5616,5.1479,0.0630,0.4002,0.0003,1788374161.921
16.276,3.5696,5.1484,0.0630,0.4002,-0.0002,1788374161.941
16.297,3.5776,5.1489,0.0630,0.4002,-0.0002,1788374161.961
16.316,3.5856,5.1494,0.0630,0.4002,-0.0002,1788374161.981
16.336,3.5936,5.1500,0.0630,0.4002,-0.0002,1788374162.000
16.356,3.6015,5.1505,0.0630,0.4002,-0.0002,1788374162.021
16.376,3.6095,5.1510,0.0630,0.4003,-0.0006,1788374162.040
16.396,3.6175,5.1515,0.0630,0.4003,-0.0006,1788374162.061
16.416,3.6255,5.1520,0.0630,0.4003,-0.0006,1788374162.080
16.436,3.6335,5.1525,0.0630,0.4003,-0.0006,1788374162.101
16.456,3.6415,5.1530,0.0629,0.4003,-0.0006,1788374162.121
16.476,3.6495,5.1535,0.0629,0.4003,-0.0001,1788374162.140
16.496,3.6575,5.1540,0.0629,0.4003,-0.0001,1788374162.160
16.516,3.6655,5.1545,0.0629,0.4003,-0.0001,1788374162.181
16.536,3.6735,5.1550,0.0629,0.4003,-0.0001,1788374162.201
16.556,3.6814,5.1555,0.0629,0.4003,-0.0001,1788374162.221
16.576,3.6894,5.1560,0.0630,0.4003,0.0014,1788374162.240
16.596,3.6974,5.1565,0.0630,0.4003,0.0014,1788374162.261
16.616,3.7054,5.1570,0.0630,0.4003,0.0014,1788374162.280
16.636,3.7134,5.1575,0.0631,0.4003,0.0014,1788374162.301
16.656,3.7214,5.1580,0.0631,0.4003,0.0014,1788374162.321
16.676,3.7294,5.1585,0.0631,0.4002,0.0002,1788374162.340
16.697,3.7374,5.1590,0.0631,0.4002,0.0002,1788374162.361
16.716,3.7454,5.1595,0.0631,0.4002,0.0002,1788374162.380
16.737,3.7533,5.1600,0.0631,0.4002,0.0002,1788374162.401
16.756,3.7613,5.1605,0.0631,0.4002,0.0002,1788374162.421
16.777,3.7693,5.1610,0.0631,0.4002,-0.0002,1788374162.441
16.796,3.7773,5.1615,0.0631,0.4002,-0.0002,1788374162.461
16.818,3.7853,5.1621,0.0631,0.4002,-0.0002,1788374162.482
16.836,3.7933,5.1626,0.0631,0.4002,-0.0002,1788374162.501
16.857,3.8013,5.1631,0.0631,0.4002,-0.0002,1788374162.521
16.876,3.8093,5.1636,0.0631,0.4003,-0.0006,1788374162.540
16.896,3.8173,5.1641,0.0631,0.4003,-0.0006,1788374162.560
16.916,3.8253,5.1646,0.0630,0.4003,-0.0006,1788374162.580
16.937,3.8332,5.1651,0.0630,0.4003,-0.0006,1788374162.601
16.956,3.8412,5.1656,0.0630,0.4003,-0.0006,1788374162.621
16.977,3.8492,5.1661,0.0630,0.4003,-0.0001,1788374162.641
16.996,3.8572,5.1666,0.0630,0.4003,-0.0001,1788374162.660
17.016,3.8652,5.1671,0.0630,0.4003,-0.0001,1788374162.680
17.036,3.8732,5.1676,0.0630,0.4003,-0.0001,1788374162.701
17.056,3.8812,5.1681,0.0630,0.4003,-0.0001,1788374162.721
17.076,3.8892,5.1686,0.0630,0.4003,0.0014,1788374162.740
17.096,3.8972,5.1691,0.0631,0.4003,0.0014,1788374162.761
17.116,3.9052,5.1696,0.0631,0.4003,0.0014,1788374162.780
17.136,3.9131,5.1701,0.0631,0.4003,0.0014,1788374162.801
17.156,3.9211,5.1706,0.0631,0.4003,0.0014,1788374162.821
17.176,3.9291,5.1711,0.0632,0.4002,0.0002,1788374162.840
17.196,3.9371,5.1716,0.0632,0.4002,0.0002,1788374162.861
17.216,3.9451,5.1721,0.0632,0.4002,0.0002,1788374162.881
17.236,3.9531,5.1727,0.0632,0.4002,0.0002,1788374162.901
17.256,3.9611,5.1732,0.0632,0.4002,0.0002,1788374162.921
17.276,3.9691,5.1737,0.0632,0.4002,-0.0003,1788374162.940
17.296,3.9771,5.1742,0.0632,0.4002,-0.0003,1788374162.961
17.316,3.9850,5.1747,0.0632,0.4002,-0.0003,1788374162.980
17.336,3.9930,5.1752,0.0631,0.4002,-0.0003,1788374163.001
17.356,4.0010,5.1757,0.0631,0.4002,-0.0003,1788374163.021
17.376,4.0090,5.1762,0.0631,0.4003,-0.0008,1788374163.041
17.396,4.0170,5.1767,0.0631,0.4003,-0.0008,1788374163.060
17.416,4.0250,5.1772,0.0631,0.4003,-0.0008,1788374163.080
17.436,4.0330,5.1777,0.0631,0.4003,-0.0008,1788374163.100
17.456,4.0410,5.1782,0.0631,0.4003,-0.0008,1788374163.121
17.476,4.0490,5.1787,0.0630,0.4003,-0.0005,1788374163.140
17.496,4.0569,5.1792,0.0630,0.4003,-0.0005,1788374163.160
17.516,4.0649,5.1797,0.0630,0.4003,-0.0005,1788374163.181
17.536,4.0729,5.1802,0.0630,0.4003,-0.0005,1788374163.200
17.556,4.0809,5.1807,0.0630,0.4003,-0.0005,1788374163.221
17.577,4.0889,5.1812,0.0630,0.4003,0.0009,1788374163.241
17.596,4.0969,5.1817,0.0630,0.4003,0.0009,1788374163.260
17.616,4.1049,5.1822,0.0631,0.4003,0.0009,1788374163.280
17.636,4.1129,5.1827,0.0631,0.4003,0.0009,1788374163.301
17.657,4.1209,5.1833,0.0631,0.4003,0.0009,1788374163.321
17.676,4.1289,5.1838,0.0631,0.4002,-0.0004,1788374163.340
17.696,4.1368,5.1843,0.0631,0.4002,-0.0004,1788374163.361
17.716,4.1448,5.1848,0.0631,0.4002,-0.0004,1788374163.381
17.736,4.1528,5.1853,0.0631,0.4002,-0.0004,1788374163.400
17.756,4.1608,5.1858,0.0631,0.4002,-0.0004,1788374163.421
17.776,4.1688,5.1863,0.0630,0.4003,-0.0009,1788374163.440
17.797,4.1768,5.1868,0.0630,0.4003,-0.0009,1788374163.461
17.816,4.1848,5.1873,0.0630,0.4003,-0.0009,1788374163.480
17.837,4.1928,5.1878,0.0630,0.4003,-0.0009,1788374163.501
17.856,4.2008,5.1883,0.0630,0.4003,-0.0009,1788374163.521
17.876,4.2087,5.1888,0.0629,0.4003,-0.0015,1788374163.540
17.896,4.2167,5.1893,0.0629,0.4003,-0.0015,1788374163.560
17.916,4.2247,5.1898,0.0629,0.4003,-0.0015,1788374163.581
17.936,4.2327,5.1903,0.0628,0.4003,-0.0015,1788374163.600
17.956,4.2407,5.1908,0.0628,0.4003,-0.0015,1788374163.621
17.976,4.2487,5.1913,0.0628,0.4003,-0.0001,1788374163.641
17.997,4.2567,5.1918,0.0628,0.4003,-0.0001,1788374163.661
18.016,4.2647,5.1923,0.0628,0.4003,-0.0001,1788374163.680
18.036,4.2727,5.1928,0.0628,0.4003,-0.0001,1788374163.700
18.056,4.2807,5.1933,0.0628,0.4003,-0.0001,1788374163.721
18.076,4.2886,5.1938,0.0628,0.4003,0.0018,1788374163.740
18.096,4.2966,5.1943,0.0629,0.4003,0.0018,1788374163.760
18.116,4.3046,5.1948,0.0629,0.4003,0.0018,1788374163.780
18.137,4.3126,5.1953,0.0630,0.4003,0.0018,1788374163.801
18.156,4.3206,5.1958,0.0630,0.4003,0.0018,1788374163.821
18.176,4.3286,5.1963,0.0630,0.4005,0.0016,1788374163.841
18.196,4.3366,5.1968,0.0630,0.4005,0.0016,1788374163.861
18.216,4.3446,5.1974,0.0631,0.4005,0.0016,1788374163.881
18.237,4.3526,5.1979,0.0631,0.4005,0.0016,1788374163.901
18.256,4.3606,5.1984,0.0631,0.4005,0.0016,1788374163.921
18.276,4.3686,5.1989,0.0632,0.4007,0.0004,1788374163.940
18.297,4.3766,5.1994,0.0632,0.4007,0.0004,1788374163.961
18.316,4.3846,5.1999,0.0632,0.4007,0.0004,1788374163.981
18.336,4.3926,5.2004,0.0632,0.4007,0.0004,1788374164.001
18.356,4.4006,5.2009,0.0632,0.4007,0.0004,1788374164.021
18.376,4.4086,5.2014,0.0632,0.4009,-0.0002,1788374164.040
18.397,4.4166,5.2019,0.0632,0.4009,-0.0002,1788374164.061
18.416,4.4246,5.2024,0.0632,0.4009,-0.0002,1788374164.080
18.436,4.4326,5.2029,0.0632,0.4009,-0.0002,1788374164.101
18.456,4.4406,5.2034,0.0632,0.4009,-0.0002,1788374164.121
18.476,4.4486,5.2039,0.0632,0.4009,0.0029,1788374164.140
18.497,4.4566,5.2044,0.0633,0.4009,0.0029,1788374164.162
18.516,4.4646,5.2049,0.0633,0.4009,0.0029,1788374164.180
18.536,4.4726,5.2055,0.0634,0.4009,0.0029,1788374164.200
18.556,4.4806,5.2060,0.0634,0.4009,0.0029,1788374164.221
18.576,4.4886,5.2065,0.0636,0.4007,0.0096,1788374164.240
18.596,4.4966,5.2070,0.0638,0.4007,0.0096,1788374164.261
18.616,4.5046,5.2075,0.0640,0.4007,0.0096,1788374164.280
18.636,4.5126,5.2080,0.0642,0.4007,0.0096,1788374164.301
18.656,4.5206,5.2085,0.0644,0.4007,0.0096,1788374164.321
18.677,4.5285,5.2090,0.0646,0.3983,0.0120,1788374164.341
18.697,4.5365,5.2096,0.0649,0.3983,0.0120,1788374164.361
18.716,4.5444,5.2101,0.0651,0.3983,0.0120,1788374164.380
18.736,4.5524,5.2106,0.0654,0.3983,0.0120,1788374164.400
18.756,4.5603,5.2111,0.0656,0.3983,0.0120,1788374164.421
18.776,4.5683,5.2116,0.0658,0.4002,0.0081,1788374164.441
18.797,4.5763,5.2122,0.0659,0.4002,0.0081,1788374164.462
18.816,4.5843,5.2127,0.0661,0.4002,0.0081,1788374164.481
18.836,4.5923,5.2132,0.0663,0.4002,0.0081,1788374164.500
18.856,4.6002,5.2138,0.0664,0.4002,0.0081,1788374164.521
18.876,4.6082,5.2143,0.0665,0.4005,0.0046,1788374164.540
18.896,4.6162,5.2148,0.0666,0.4005,0.0046,1788374164.560
18.917,4.6242,5.2154,0.0667,0.4005,0.0046,1788374164.581
18.936,4.6322,5.2159,0.0668,0.4005,0.0046,1788374164.601
18.956,4.6402,5.2164,0.0669,0.4005,0.0046,1788374164.621
18.976,4.6482,5.2170,0.0669,0.4001,0.0022,1788374164.640
18.996,4.6562,5.2175,0.0670,0.4001,0.0022,1788374164.661
19.016,4.6642,5.2180,0.0670,0.4001,0.0022,1788374164.680
19.036,4.6721,5.2186,0.0670,0.4001,0.0022,1788374164.701
19.056,4.6801,5.2191,0.0671,0.4001,0.0022,1788374164.720
19.076,4.6881,5.2196,0.0673,0.4011,0.0097,1788374164.740
19.096,4.6961,5.2202,0.0675,0.4011,0.0097,1788374164.761
19.116,4.7041,5.2207,0.0677,0.4011,0.0097,1788374164.780
19.136,4.7121,5.2213,0.0679,0.4011,0.0097,1788374164.801
19.156,4.7201,5.2218,0.0681,0.4011,0.0097,1788374164.821
19.176,4.7282,5.2224,0.0685,0.4013,0.0229,1788374164.840
19.197,4.7362,5.2229,0.0690,0.4013,0.0229,1788374164.861
19.216,4.7442,5.2235,0.0694,0.4013,0.0229,1788374164.880
19.236,4.7522,5.2240,0.0699,0.4013,0.0229,1788374164.901
19.264,4.7602,5.2246,0.0703,0.4013,0.0229,1788374164.929
19.276,4.7682,5.2252,0.0709,0.4004,0.0264,1788374164.940
19.297,4.7762,5.2257,0.0714,0.4004,0.0264,1788374164.961
19.316,4.7841,5.2263,0.0719,0.4004,0.0264,1788374164.980
19.336,4.7921,5.2269,0.0725,0.4004,0.0264,1788374165.000
19.356,4.8001,5.2275,0.0730,0.4004,0.0264,1788374165.021
19.376,4.8081,5.2281,0.0736,0.4005,0.0290,1788374165.040
19.396,4.8161,5.2287,0.0742,0.4005,0.0290,1788374165.061
19.416,4.8241,5.2293,0.0747,0.4005,0.0290,1788374165.080
19.436,4.8321,5.2299,0.0753,0.4005,0.0290,1788374165.101
19.456,4.8400,5.2305,0.0759,0.4005,0.0290,1788374165.121
19.476,4.8480,5.2311,0.0763,0.4000,0.0217,1788374165.140
19.496,4.8560,5.2317,0.0768,0.4000,0.0217,1788374165.160
19.516,4.8640,5.2323,0.0772,0.4000,0.0217,1788374165.180
19.536,4.8720,5.2329,0.0776,0.4000,0.0217,1788374165.201
19.556,4.8799,5.2336,0.0781,0.4000,0.0217,1788374165.221
19.576,4.8879,5.2342,0.0784,0.4008,0.0170,1788374165.240
19.596,4.8959,5.2348,0.0787,0.4008,0.0170,1788374165.261
19.616,4.9039,5.2354,0.0791,0.4008,0.0170,1788374165.280
19.637,4.9119,5.2361,0.0794,0.4008,0.0170,1788374165.301
19.656,4.9199,5.2367,0.0798,0.4008,0.0170,1788374165.321
19.676,4.9279,5.2374,0.0803,0.4007,0.0259,1788374165.341
19.697,4.9359,5.2380,0.0808,0.4007,0.0259,1788374165.361
19.716,4.9439,5.2387,0.0813,0.4007,0.0259,1788374165.380
19.740,4.9518,5.2393,0.0818,0.4007,0.0259,1788374165.405
19.756,4.9598,5.2400,0.0823,0.4007,0.0259,1788374165.421
19.777,4.9678,5.2406,0.0827,0.4007,0.0155,1788374165.441
19.796,4.9758,5.2413,0.0830,0.4007,0.0155,1788374165.460
19.816,4.9838,5.2420,0.0833,0.4007,0.0155,1788374165.480
19.836,4.9918,5.2426,0.0836,0.4007,0.0155,1788374165.501
19.856,4.9998,5.2433,0.0839,0.4007,0.0155,1788374165.521
19.876,5.0077,5.2440,0.0843,0.4003,0.0181,1788374165.540
19.896,5.0157,5.2447,0.0846,0.4003,0.0181,1788374165.560
19.916,5.0237,5.2453,0.0850,0.4003,0.0181,1788374165.580
19.937,5.0317,5.2460,0.0853,0.4003,0.0181,1788374165.601
19.956,5.0396,5.2467,0.0857,0.4003,0.0181,1788374165.621
19.976,5.0476,5.2474,0.0861,0.4011,0.0222,1788374165.641
19.996,5.0556,5.2481,0.0866,0.4011,0.0222,1788374165.660
20.016,5.0636,5.2488,0.0870,0.4011,0.0222,1788374165.681
20.037,5.0716,5.2495,0.0875,0.4011,0.0222,1788374165.701
20.056,5.0796,5.2502,0.0879,0.4011,0.0222,1788374165.721
20.076,5.0876,5.2509,0.0885,0.3999,0.0302,1788374165.740
20.096,5.0955,5.2516,0.0891,0.3999,0.0302,1788374165.761
20.116,5.1035,5.2523,0.0897,0.3999,0.0302,1788374165.780
20.136,5.1115,5.2531,0.0903,0.3999,0.0302,1788374165.800
20.156,5.1194,5.2538,0.0910,0.3999,0.0302,1788374165.821
20.176,5.1274,5.2545,0.0920,0.4002,0.0532,1788374165.840
20.196,5.1354,5.2553,0.0931,0.4002,0.0532,1788374165.860
20.216,5.1433,5.2560,0.0941,0.4002,0.0532,1788374165.881
20.236,5.1513,5.2568,0.0952,0.4002,0.0532,1788374165.901
20.256,5.1593,5.2575,0.0963,0.4002,0.0532,1788374165.921
20.276,5.1673,5.2583,0.0973,0.4010,0.0541,1788374165.941
20.296,5.1752,5.2591,0.0984,0.4010,0.0541,1788374165.961
20.316,5.1832,5.2599,0.0995,0.4010,0.0541,1788374165.981
20.336,5.1912,5.2607,0.1006,0.4010,0.0541,1788374166.001
20.356,5.1992,5.2615,0.1017,0.4010,0.0541,1788374166.021
20.376,5.2071,5.2623,0.1028,0.3996,0.0544,1788374166.040
20.396,5.2151,5.2632,0.1039,0.3996,0.0544,1788374166.060
20.416,5.2230,5.2640,0.1049,0.3996,0.0544,1788374166.080
20.437,5.2310,5.2649,0.1060,0.3996,0.0544,1788374166.101
20.456,5.2389,5.2657,0.1071,0.3996,0.0544,1788374166.120
20.476,5.2469,5.2666,0.1079,0.4004,0.0414,1788374166.140
20.496,5.2548,5.2674,0.1088,0.4004,0.0414,1788374166.161
20.516,5.2628,5.2683,0.1096,0.4004,0.0414,1788374166.180
20.536,5.2707,5.2692,0.1104,0.4004,0.0414,1788374166.200
20.556,5.2787,5.2701,0.1113,0.4004,0.0414,1788374166.221
20.576,5.2866,5.2710,0.1118,0.3986,0.0276,1788374166.240
20.597,5.2946,5.2719,0.1124,0.3986,0.0276,1788374166.261
20.616,5.3025,5.2728,0.1129,0.3986,0.0276,1788374166.280
20.636,5.3104,5.2737,0.1135,0.3986,0.0276,1788374166.300
20.656,5.3183,5.2746,0.1140,0.3986,0.0276,1788374166.321
20.676,5.3263,5.2755,0.1147,0.3994,0.0356,1788374166.340
20.696,5.3342,5.2764,0.1154,0.3994,0.0356,1788374166.361
20.716,5.3421,5.2773,0.1161,0.3994,0.0356,1788374166.380
20.737,5.3501,5.2783,0.1169,0.3994,0.0356,1788374166.401
20.756,5.3580,5.2792,0.1176,0.3994,0.0356,1788374166.421
20.777,5.3659,5.2801,0.1178,0.4004,0.0136,1788374166.441
20.796,5.3739,5.2811,0.1181,0.4004,0.0136,1788374166.461
20.816,5.3818,5.2820,0.1184,0.4004,0.0136,1788374166.480
20.836,5.3898,5.2830,0.1187,0.4004,0.0136,1788374166.500
20.856,5.3977,5.2839,0.1189,0.4004,0.0136,1788374166.521
20.876,5.4057,5.2849,0.1187,0.4003,-0.0132,1788374166.540
20.896,5.4136,5.2858,0.1184,0.4003,-0.0132,1788374166.560
20.916,5.4216,5.2868,0.1181,0.4003,-0.0132,1788374166.581
20.936,5.4295,5.2877,0.1179,0.4003,-0.0132,1788374166.601
20.956,5.4375,5.2887,0.1176,0.4003,-0.0132,1788374166.621
20.976,5.4455,5.2896,0.1170,0.4005,-0.0318,1788374166.640
20.996,5.4534,5.2905,0.1163,0.4005,-0.0318,1788374166.661
21.016,5.4614,5.2914,0.1157,0.4005,-0.0318,1788374166.680
21.037,5.4693,5.2924,0.1151,0.4005,-0.0318,1788374166.701
21.056,5.4773,5.2933,0.1144,0.4005,-0.0318,1788374166.721
21.076,5.4852,5.2942,0.1133,0.4001,-0.0561,1788374166.740
21.096,5.4932,5.2951,0.1122,0.4001,-0.0561,1788374166.761
21.116,5.5011,5.2960,0.1111,0.4001,-0.0561,1788374166.780
21.137,5.5091,5.2968,0.1099,0.4001,-0.0561,1788374166.801
21.156,5.5170,5.2977,0.1088,0.4001,-0.0561,1788374166.821
21.176,5.5250,5.2986,0.1078,0.4001,-0.0501,1788374166.840
21.196,5.5330,5.2994,0.1068,0.4001,-0.0501,1788374166.861
21.216,5.5409,5.3003,0.1058,0.4001,-0.0501,1788374166.880
21.236,5.5489,5.3011,0.1048,0.4001,-0.0501,1788374166.900
21.256,5.5568,5.3019,0.1038,0.4001,-0.0501,1788374166.921
21.276,5.5648,5.3028,0.1028,0.4000,-0.0517,1788374166.940
21.296,5.5727,5.3036,0.1017,0.4000,-0.0517,1788374166.961
21.316,5.5807,5.3044,0.1007,0.4000,-0.0517,1788374166.980
21.336,5.5887,5.3052,0.0997,0.4000,-0.0517,1788374167.001
21.356,5.5966,5.3060,0.0986,0.4000,-0.0517,1788374167.021
21.376,5.6046,5.3067,0.0976,0.4000,-0.0531,1788374167.040
21.396,5.6125,5.3075,0.0965,0.4000,-0.0531,1788374167.060
21.416,5.6205,5.3083,0.0954,0.4000,-0.0531,1788374167.080
21.436,5.6285,5.3090,0.0944,0.4000,-0.0531,1788374167.100
21.456,5.6364,5.3098,0.0933,0.4000,-0.0531,1788374167.121
21.476,5.6444,5.3105,0.0921,0.4000,-0.0603,1788374167.140
21.497,5.6524,5.3112,0.0909,0.4000,-0.0603,1788374167.161
21.516,5.6603,5.3119,0.0897,0.4000,-0.0603,1788374167.180
21.536,5.6683,5.3127,0.0885,0.4000,-0.0603,1788374167.201
21.556,5.6763,5.3134,0.0873,0.4000,-0.0603,1788374167.221
21.576,5.6842,5.3140,0.0862,0.4000,-0.0526,1788374167.240
21.596,5.6922,5.3147,0.0852,0.4000,-0.0526,1788374167.261
21.616,5.7002,5.3154,0.0841,0.4000,-0.0526,1788374167.280
21.637,5.7082,5.3161,0.0831,0.4000,-0.0526,1788374167.301
21.656,5.7161,5.3167,0.0820,0.4000,-0.0526,1788374167.321
21.676,5.7241,5.3174,0.0814,0.4000,-0.0331,1788374167.340
21.696,5.7321,5.3180,0.0807,0.4000,-0.0331,1788374167.360
21.716,5.7401,5.3186,0.0800,0.4000,-0.0331,1788374167.381
21.736,5.7480,5.3193,0.0794,0.4000,-0.0331,1788374167.401
21.756,5.7560,5.3199,0.0787,0.4000,-0.0331,1788374167.421
21.776,5.7640,5.3205,0.0782,0.4000,-0.0267,1788374167.440
21.796,5.7720,5.3212,0.0776,0.4000,-0.0267,1788374167.461
21.816,5.7799,5.3218,0.0771,0.4000,-0.0267,1788374167.481
21.836,5.7879,5.3224,0.0766,0.4000,-0.0267,1788374167.500
21.856,5.7959,5.3230,0.0760,0.4000,-0.0267,1788374167.521
21.876,5.8039,5.3236,0.0755,0.4000,-0.0262,1788374167.540
21.896,5.8118,5.3242,0.0750,0.4000,-0.0262,1788374167.561
21.916,5.8198,5.3248,0.0745,0.4000,-0.0262,1788374167.581
21.936,5.8278,5.3254,0.0740,0.4000,-0.0262,1788374167.600
21.956,5.8358,5.3260,0.0734,0.4000,-0.0262,1788374167.621
21.976,5.8438,5.3266,0.0728,0.4000,-0.0301,1788374167.640
21.996,5.8517,5.3271,0.0722,0.4000,-0.0301,1788374167.661
22.016,5.8597,5.3277,0.0716,0.4000,-0.0301,1788374167.681
22.036,5.8677,5.3283,0.0710,0.4000,-0.0301,1788374167.701
22.056,5.8757,5.3288,0.0704,0.4000,-0.0301,1788374167.721
22.077,5.8837,5.3294,0.0695,0.4000,-0.0465,1788374167.742
22.096,5.8916,5.3299,0.0686,0.4000,-0.0465,1788374167.760
22.116,5.8996,5.3305,0.0676,0.4000,-0.0465,1788374167.781
22.136,5.9076,5.3310,0.0667,0.4000,-0.0465,1788374167.801
22.156,5.9156,5.3315,0.0658,0.4000,-0.0465,1788374167.821
22.176,5.9236,5.3321,0.0647,0.4000,-0.0532,1788374167.841
22.196,5.9315,5.3326,0.0636,0.4000,-0.0532,1788374167.860
22.216,5.9395,5.3331,0.0626,0.4000,-0.0532,1788374167.881
22.236,5.9475,5.3336,0.0615,0.4000,-0.0532,1788374167.900
22.257,5.9555,5.3340,0.0605,0.4000,-0.0532,1788374167.921
22.276,5.9635,5.3345,0.0589,0.4000,-0.0765,1788374167.940
22.297,5.9715,5.3350,0.0574,0.4000,-0.0765,1788374167.961
22.316,5.9795,5.3354,0.0559,0.4000,-0.0765,1788374167.980
22.336,5.9875,5.3358,0.0543,0.4000,-0.0765,1788374168.000
22.356,5.9954,5.3363,0.0528,0.4000,-0.0765,1788374168.020
22.376,6.0034,5.3367,0.0508,0.4000,-0.0979,1788374168.041
22.396,6.0114,5.3371,0.0489,0.4000,-0.0979,1788374168.061
22.416,6.0194,5.3374,0.0469,0.4000,-0.0979,1788374168.080
22.436,6.0274,5.3378,0.0450,0.4000,-0.0979,1788374168.100
22.456,6.0354,5.3381,0.0430,0.4000,-0.0979,1788374168.121
22.476,6.0434,5.3385,0.0405,0.4000,-0.1257,1788374168.140
22.497,6.0514,5.3388,0.0380,0.4000,-0.1257,1788374168.161
22.516,6.0594,5.3391,0.0355,0.4000,-0.1257,1788374168.180
22.536,6.0674,5.3393,0.0330,0.4000,-0.1257,1788374168.200
22.556,6.0754,5.3396,0.0304,0.4000,-0.1257,1788374168.221
22.576,6.0834,5.3398,0.0275,0.4000,-0.1482,1788374168.241
22.596,6.0914,5.3400,0.0245,0.4000,-0.1482,1788374168.260
22.616,6.0994,5.3402,0.0216,0.4000,-0.1482,1788374168.280
22.636,6.1074,5.3403,0.0186,0.4000,-0.1482,1788374168.300
22.656,6.1154,5.3404,0.0156,0.4000,-0.1482,1788374168.321
22.676,6.1234,5.3405,0.0124,0.4000,-0.1603,1788374168.340
22.696,6.1314,5.3406,0.0092,0.4000,-0.1603,1788374168.361
22.716,6.1394,5.3406,0.0060,0.4000,-0.1603,1788374168.380
22.736,6.1474,5.3407,0.0028,0.4000,-0.1603,1788374168.401
22.756,6.1554,5.3407,-0.0004,0.4000,-0.1603,1788374168.421
22.777,6.1634,5.3406,-0.0038,0.4000,-0.1706,1788374168.442
22.797,6.1714,5.3406,-0.0072,0.4000,-0.1706,1788374168.461
22.816,6.1794,5.3405,-0.0106,0.4000,-0.1706,1788374168.480
22.836,6.1874,5.3404,-0.0141,0.4000,-0.1706,1788374168.500
22.856,6.1954,5.3402,-0.0175,0.4000,-0.1706,1788374168.521
22.876,6.2034,5.3401,-0.0209,0.4000,-0.1727,1788374168.540
22.896,6.2114,5.3399,-0.0244,0.4000,-0.1727,1788374168.560
22.916,6.2194,5.3397,-0.0278,0.4000,-0.1727,1788374168.581
22.936,6.2273,5.3394,-0.0313,0.4000,-0.1727,1788374168.601
22.956,6.2353,5.3391,-0.0347,0.4000,-0.1727,1788374168.621
22.976,6.2433,5.3388,-0.0382,0.4000,-0.1729,1788374168.640
22.996,6.2513,5.3385,-0.0417,0.4000,-0.1729,1788374168.660
23.016,6.2593,5.3381,-0.0451,0.4000,-0.1729,1788374168.680
23.036,6.2673,5.3377,-0.0486,0.4000,-0.1729,1788374168.701
23.056,6.2753,5.3373,-0.0520,0.4000,-0.1729,1788374168.721
23.076,6.2833,5.3369,-0.0553,0.4000,-0.1638,1788374168.740
23.097,6.2913,5.3364,-0.0586,0.4000,-0.1638,1788374168.761
23.116,6.2993,5.3359,-0.0619,0.4000,-0.1638,1788374168.780
23.136,6.3072,5.3354,-0.0651,0.4000,-0.1638,1788374168.801
23.157,6.3152,5.3349,-0.0684,0.4000,-0.1638,1788374168.821
23.176,6.3232,5.3343,-0.0714,0.4000,-0.1477,1788374168.840
23.197,6.3312,5.3337,-0.0743,0.4000,-0.1477,1788374168.861
23.216,6.3392,5.3331,-0.0773,0.4000,-0.1477,1788374168.880
23.236,6.3471,5.3324,-0.0802,0.4000,-0.1477,1788374168.901
23.256,6.3551,5.3318,-0.0832,0.4000,-0.1477,1788374168.921
23.276,6.3631,5.3311,-0.0858,0.4000,-0.1314,1788374168.941
23.296,6.3710,5.3304,-0.0884,0.4000,-0.1314,1788374168.960
23.316,6.3790,5.3296,-0.0911,0.4000,-0.1314,1788374168.981
23.336,6.3870,5.3289,-0.0937,0.4000,-0.1314,1788374169.000
23.356,6.3949,5.3281,-0.0963,0.4000,-0.1314,1788374169.021
23.376,6.4029,5.3273,-0.0986,0.4000,-0.1126,1788374169.041
23.397,6.4109,5.3265,-0.1008,0.4000,-0.1126,1788374169.061
23.416,6.4188,5.3257,-0.1031,0.4000,-0.1126,1788374169.081
23.436,6.4268,5.3249,-0.1053,0.4000,-0.1126,1788374169.101
23.456,6.4347,5.3240,-0.1076,0.4000,-0.1126,1788374169.121
23.476,6.4427,5.3231,-0.1095,0.4000,-0.0974,1788374169.141
23.496,6.4506,5.3222,-0.1115,0.4000,-0.0974,1788374169.160
23.516,6.4586,5.3213,-0.1134,0.4000,-0.0974,1788374169.180
23.536,6.4665,5.3204,-0.1154,0.4000,-0.0974,1788374169.201
23.556,6.4745,5.3195,-0.1173,0.4000,-0.0974,1788374169.221
23.576,6.4824,5.3185,-0.1190,0.4000,-0.0838,1788374169.240
23.596,6.4904,5.3176,-0.1207,0.4000,-0.0838,1788374169.261
23.616,6.4983,5.3166,-0.1223,0.4000,-0.0838,1788374169.280
23.636,6.5062,5.3156,-0.1240,0.4000,-0.0838,1788374169.300
23.656,6.5142,5.3146,-0.1257,0.4000,-0.0838,1788374169.321
23.676,6.5221,5.3136,-0.1271,0.4000,-0.0714,1788374169.340
23.697,6.5300,5.3126,-0.1286,0.4000,-0.0714,1788374169.361
23.716,6.5380,5.3115,-0.1300,0.4000,-0.0714,1788374169.380
23.737,6.5459,5.3105,-0.1314,0.4000,-0.0714,1788374169.401
23.756,6.5538,5.3094,-0.1328,0.4000,-0.0714,1788374169.421
23.776,6.5618,5.3084,-0.1340,0.4000,-0.0583,1788374169.440
23.796,6.5697,5.3073,-0.1352,0.4000,-0.0583,1788374169.460
23.816,6.5776,5.3062,-0.1363,0.4000,-0.0583,1788374169.481
23.836,6.5855,5.3051,-0.1375,0.4000,-0.0583,1788374169.501
23.856,6.5935,5.3040,-0.1387,0.4000,-0.0583,1788374169.521
23.876,6.6014,5.3029,-0.1396,0.4000,-0.0465,1788374169.541
23.896,6.6093,5.3017,-0.1405,0.4000,-0.0465,1788374169.561
23.917,6.6172,5.3006,-0.1415,0.4000,-0.0465,1788374169.581
23.936,6.6251,5.2995,-0.1424,0.4000,-0.0465,1788374169.600
23.956,6.6331,5.2983,-0.1433,0.4000,-0.0465,1788374169.620
23.976,6.6410,5.2972,-0.1440,0.4000,-0.0349,1788374169.640
23.996,6.6489,5.2960,-0.1447,0.4000,-0.0349,1788374169.661
24.016,6.6568,5.2949,-0.1454,0.4000,-0.0349,1788374169.681
24.036,6.6647,5.2937,-0.1461,0.4000,-0.0349,1788374169.701
24.056,6.6726,5.2925,-0.1468,0.4000,-0.0349,1788374169.721
24.076,6.6806,5.2914,-0.1473,0.4000,-0.0242,1788374169.740
24.096,6.6885,5.2902,-0.1478,0.4000,-0.0242,1788374169.760
24.116,6.6964,5.2890,-0.1483,0.4000,-0.0242,1788374169.781
24.136,6.7043,5.2878,-0.1487,0.4000,-0.0242,1788374169.801
24.156,6.7122,5.2866,-0.1492,0.4000,-0.0242,1788374169.821
24.176,6.7201,5.2854,-0.1495,0.4001,-0.0149,1788374169.840
24.197,6.7280,5.2843,-0.1498,0.4001,-0.0149,1788374169.861
24.216,6.7359,5.2831,-0.1501,0.4001,-0.0149,1788374169.880
24.236,6.7439,5.2819,-0.1504,0.4001,-0.0149,1788374169.901
24.257,6.7518,5.2807,-0.1507,0.4001,-0.0149,1788374169.921
24.276,6.7597,5.2795,-0.1509,0.4001,-0.0080,1788374169.940
24.296,6.7676,5.2782,-0.1510,0.4001,-0.0080,1788374169.960
24.316,6.7755,5.2770,-0.1512,0.4001,-0.0080,1788374169.981
24.336,6.7834,5.2758,-0.1514,0.4001,-0.0080,1788374170.000
24.356,6.7913,5.2746,-0.1515,0.4001,-0.0080,1788374170.021
24.376,6.7992,5.2734,-0.1516,0.4002,-0.0036,1788374170.040
24.396,6.8071,5.2722,-0.1517,0.4002,-0.0036,1788374170.060
24.416,6.8151,5.2710,-0.1517,0.4002,-0.0036,1788374170.080
24.436,6.8230,5.2698,-0.1518,0.4002,-0.0036,1788374170.101
24.456,6.8309,5.2686,-0.1519,0.4002,-0.0036,1788374170.121
24.476,6.8388,5.2674,-0.1519,0.4002,-0.0003,1788374170.141
24.496,6.8467,5.2662,-0.1519,0.4002,-0.0003,1788374170.161
24.516,6.8546,5.2649,-0.1519,0.4002,-0.0003,1788374170.180
24.536,6.8625,5.2637,-0.1519,0.4002,-0.0003,1788374170.200
24.556,6.8704,5.2625,-0.1519,0.4002,-0.0003,1788374170.221
24.576,6.8783,5.2613,-0.1519,0.4003,0.0022,1788374170.240
24.596,6.8863,5.2601,-0.1518,0.4003,0.0022,1788374170.260
24.616,6.8942,5.2589,-0.1518,0.4003,0.0022,1788374170.280
24.636,6.9021,5.2577,-0.1517,0.4003,0.0022,1788374170.300
24.656,6.9100,5.2565,-0.1517,0.4003,0.0022,1788374170.321
24.676,6.9179,5.2553,-0.1516,0.4003,0.0054,1788374170.341
24.696,6.9258,5.2541,-0.1515,0.4003,0.0054,1788374170.360
24.716,6.9337,5.2528,-0.1514,0.4003,0.0054,1788374170.380
24.736,6.9417,5.2516,-0.1513,0.4003,0.0054,1788374170.401
24.756,6.9496,5.2504,-0.1511,0.4003,0.0054,1788374170.421
24.777,6.9575,5.2492,-0.1510,0.4002,0.0075,1788374170.441
24.797,6.9654,5.2480,-0.1508,0.4002,0.0075,1788374170.461
24.816,6.9733,5.2468,-0.1507,0.4002,0.0075,1788374170.481
24.837,6.9812,5.2456,-0.1505,0.4002,0.0075,1788374170.501
24.856,6.9891,5.2444,-0.1504,0.4002,0.0075,1788374170.521
24.877,6.9971,5.2432,-0.1502,0.4002,0.0091,1788374170.541
24.896,7.0050,5.2420,-0.1500,0.4002,0.0091,1788374170.561
24.916,7.0129,5.2408,-0.1499,0.4002,0.0091,1788374170.581
24.936,7.0208,5.2396,-0.1497,0.4002,0.0091,1788374170.601
24.956,7.0287,5.2385,-0.1495,0.4002,0.0091,1788374170.621
24.976,7.0366,5.2373,-0.1493,0.4003,0.0101,1788374170.640
24.996,7.0445,5.2361,-0.1491,0.4003,0.0101,1788374170.660
25.016,7.0525,5.2349,-0.1489,0.4003,0.0101,1788374170.681
25.036,7.0604,5.2337,-0.1487,0.4003,0.0101,1788374170.701
25.056,7.0683,5.2325,-0.1485,0.4003,0.0101,1788374170.721
25.076,7.0762,5.2313,-0.1482,0.4003,0.0113,1788374170.740
25.096,7.0841,5.2302,-0.1480,0.4003,0.0113,1788374170.761
25.117,7.0921,5.2290,-0.1478,0.4003,0.0113,1788374170.782
25.136,7.1000,5.2278,-0.1476,0.4003,0.0113,1788374170.800
25.156,7.1079,5.2266,-0.1473,0.4003,0.0113,1788374170.821
25.176,7.1158,5.2254,-0.1471,0.4003,0.0126,1788374170.840
25.196,7.1237,5.2243,-0.1468,0.4003,0.0126,1788374170.860
25.216,7.1316,5.2231,-0.1466,0.4003,0.0126,1788374170.880
25.236,7.1396,5.2219,-0.1463,0.4003,0.0126,1788374170.901
25.256,7.1475,5.2208,-0.1461,0.4003,0.0126,1788374170.921
25.276,7.1554,5.2196,-0.1459,0.4003,0.0115,1788374170.940
25.296,7.1633,5.2185,-0.1456,0.4003,0.0115,1788374170.960
25.316,7.1713,5.2173,-0.1454,0.4003,0.0115,1788374170.980
25.337,7.1792,5.2161,-0.1452,0.4003,0.0115,1788374171.001
25.356,7.1871,5.2150,-0.1449,0.4003,0.0115,1788374171.021
25.376,7.1950,5.2138,-0.1447,0.4003,0.0095,1788374171.041
25.396,7.2029,5.2127,-0.1446,0.4003,0.0095,1788374171.061
25.416,7.2109,5.2115,-0.1444,0.4003,0.0095,1788374171.080
25.436,7.2188,5.2104,-0.1442,0.4003,0.0095,1788374171.101
25.456,7.2267,5.2092,-0.1440,0.4003,0.0095,1788374171.121
25.476,7.2346,5.2081,-0.1438,0.4003,0.0075,1788374171.140
25.496,7.2425,5.2069,-0.1437,0.4003,0.0075,1788374171.161
25.516,7.2505,5.2058,-0.1435,0.4003,0.0075,1788374171.181
25.536,7.2584,5.2046,-0.1434,0.4003,0.0075,1788374171.201
25.556,7.2663,5.2035,-0.1432,0.4003,0.0075,1788374171.220
25.576,7.2742,5.2024,-0.1431,0.4003,0.0061,1788374171.241
25.596,7.2822,5.2012,-0.1430,0.4003,0.0061,1788374171.261
25.616,7.2901,5.2001,-0.1429,0.4003,0.0061,1788374171.280
25.636,7.2980,5.1989,-0.1427,0.4003,0.0061,1788374171.300
25.656,7.3059,5.1978,-0.1426,0.4003,0.0061,1788374171.321
25.676,7.3139,5.1967,-0.1425,0.4003,0.0059,1788374171.340
25.697,7.3218,5.1955,-0.1424,0.4003,0.0059,1788374171.361
25.716,7.3297,5.1944,-0.1423,0.4003,0.0059,1788374171.380
25.736,7.3376,5.1932,-0.1422,0.4003,0.0059,1788374171.401
25.756,7.3456,5.1921,-0.1420,0.4003,0.0059,1788374171.421
25.776,7.3535,5.1910,-0.1420,0.4002,0.0029,1788374171.441
25.796,7.3614,5.1899,-0.1419,0.4002,0.0029,1788374171.460
25.816,7.3693,5.1887,-0.1419,0.4002,0.0029,1788374171.480
25.836,7.3773,5.1876,-0.1418,0.4002,0.0029,1788374171.501
25.856,7.3852,5.1865,-0.1417,0.4002,0.0029,1788374171.521
25.877,7.3931,5.1853,-0.1417,0.4003,0.0009,1788374171.541
25.896,7.4010,5.1842,-0.1417,0.4003,0.0009,1788374171.560
25.916,7.4090,5.1831,-0.1417,0.4003,0.0009,1788374171.581
25.936,7.4169,5.1819,-0.1417,0.4003,0.0009,1788374171.601
25.956,7.4248,5.1808,-0.1416,0.4003,0.0009,1788374171.621
25.976,7.4328,5.1797,-0.1417,0.4017,-0.0048,1788374171.640
25.997,7.4407,5.1785,-0.1418,0.4017,-0.0048,1788374171.661
26.016,7.4487,5.1774,-0.1419,0.4017,-0.0048,1788374171.680
26.037,7.4566,5.1763,-0.1420,0.4017,-0.0048,1788374171.701
26.056,7.4646,5.1751,-0.1421,0.4017,-0.0048,1788374171.721
26.076,7.4726,5.1740,-0.1422,0.4025,-0.0024,1788374171.740
26.096,7.4805,5.1728,-0.1422,0.4025,-0.0024,1788374171.760
26.116,7.4885,5.1717,-0.1423,0.4025,-0.0024,1788374171.781
26.136,7.4965,5.1706,-0.1423,0.4025,-0.0024,1788374171.801
26.156,7.5044,5.1694,-0.1424,0.4025,-0.0024,1788374171.820
26.176,7.5124,5.1683,-0.1424,0.4032,-0.0008,1788374171.840
26.196,7.5204,5.1671,-0.1424,0.4032,-0.0008,1788374171.860
26.216,7.5284,5.1660,-0.1424,0.4032,-0.0008,1788374171.880
26.236,7.5364,5.1648,-0.1424,0.4032,-0.0008,1788374171.900
26.256,7.5443,5.1637,-0.1424,0.4032,-0.0008,1788374171.921
26.276,7.5523,5.1626,-0.1425,0.4025,-0.0016,1788374171.940
26.296,7.5603,5.1614,-0.1425,0.4025,-0.0016,1788374171.961
26.316,7.5682,5.1603,-0.1425,0.4025,-0.0016,1788374171.981
26.336,7.5762,5.1591,-0.1426,0.4025,-0.0016,1788374172.000
26.356,7.5842,5.1580,-0.1426,0.4025,-0.0016,1788374172.021
26.376,7.5922,5.1568,-0.1426,0.4027,0.0011,1788374172.040
26.396,7.6001,5.1557,-0.1426,0.4027,0.0011,1788374172.061
26.416,7.6081,5.1545,-0.1425,0.4027,0.0011,1788374172.080
26.436,7.6161,5.1534,-0.1425,0.4027,0.0011,1788374172.100
26.456,7.6241,5.1523,-0.1425,0.4027,0.0011,1788374172.121
26.476,7.6320,5.1511,-0.1424,0.4027,0.0052,1788374172.140
26.497,7.6400,5.1500,-0.1423,0.4027,0.0052,1788374172.162
26.516,7.6480,5.1488,-0.1422,0.4027,0.0052,1788374172.180
26.536,7.6559,5.1477,-0.1421,0.4027,0.0052,1788374172.201
26.556,7.6639,5.1465,-0.1420,0.4027,0.0052,1788374172.221
26.576,7.6719,5.1454,-0.1417,0.4027,0.0140,1788374172.240
26.597,7.6799,5.1443,-0.1414,0.4027,0.0140,1788374172.261
26.616,7.6878,5.1431,-0.1411,0.4027,0.0140,1788374172.280
26.636,7.6958,5.1420,-0.1409,0.4027,0.0140,1788374172.301
26.656,7.7038,5.1409,-0.1406,0.4027,0.0140,1788374172.321
26.676,7.7118,5.1398,-0.1403,0.4027,0.0140,1788374172.340
26.697,7.7197,5.1386,-0.1398,0.4020,0.0233,1788374172.361
26.716,7.7277,5.1375,-0.1394,0.4020,0.0233,1788374172.380
26.736,7.7356,5.1364,-0.1389,0.4020,0.0233,1788374172.400
26.756,7.7436,5.1353,-0.1384,0.4020,0.0233,1788374172.420
26.776,7.7516,5.1342,-0.1381,0.4018,0.0187,1788374172.440
26.796,7.7595,5.1331,-0.1377,0.4018,0.0187,1788374172.460
26.816,7.7675,5.1320,-0.1373,0.4018,0.0187,1788374172.481
26.836,7.7754,5.1309,-0.1369,0.4018,0.0187,1788374172.501
26.856,7.7834,5.1298,-0.1366,0.4018,0.0187,1788374172.521
26.876,7.7914,5.1287,-0.1363,0.4019,0.0153,1788374172.540
26.896,7.7993,5.1276,-0.1360,0.4019,0.0153,1788374172.561
26.916,7.8073,5.1265,-0.1356,0.4019,0.0153,1788374172.580
26.936,7.8153,5.1254,-0.1353,0.4019,0.0153,1788374172.600
26.956,7.8232,5.1244,-0.1350,0.4019,0.0153,1788374172.621
26.976,7.8312,5.1233,-0.1348,0.4011,0.0120,1788374172.640
26.996,7.8391,5.1222,-0.1346,0.4011,0.0120,1788374172.660
27.016,7.8471,5.1211,-0.1343,0.4011,0.0120,1788374172.681
27.036,7.8550,5.1201,-0.1341,0.4011,0.0120,1788374172.700
27.056,7.8630,5.1190,-0.1338,0.4011,0.0120,1788374172.721
27.076,7.8709,5.1179,-0.1338,0.3997,0.0037,1788374172.740
27.097,7.8788,5.1169,-0.1337,0.3997,0.0037,1788374172.761
27.116,7.8867,5.1158,-0.1336,0.3997,0.0037,1788374172.780
27.136,7.8947,5.1147,-0.1335,0.3997,0.0037,1788374172.800
27.156,7.9026,5.1137,-0.1335,0.3997,0.0037,1788374172.821
27.176,7.9105,5.1126,-0.1336,0.3970,-0.0062,1788374172.840
27.197,7.9183,5.1116,-0.1337,0.3970,-0.0062,1788374172.861
27.216,7.9262,5.1105,-0.1338,0.3970,-0.0062,1788374172.880
27.236,7.9341,5.1094,-0.1340,0.3970,-0.0062,1788374172.900
27.256,7.9419,5.1084,-0.1341,0.3970,-0.0062,1788374172.921
27.276,7.9497,5.1073,-0.1344,0.3923,-0.0157,1788374172.940
27.296,7.9575,5.1063,-0.1347,0.3923,-0.0157,1788374172.960
27.316,7.9653,5.1052,-0.1350,0.3923,-0.0157,1788374172.981
27.336,7.9730,5.1042,-0.1353,0.3923,-0.0157,1788374173.001
27.356,7.9808,5.1031,-0.1356,0.3923,-0.0157,1788374173.021
27.376,7.9885,5.1020,-0.1361,0.3865,-0.0214,1788374173.040
27.396,7.9961,5.1010,-0.1365,0.3865,-0.0214,1788374173.060
27.416,8.0038,5.0999,-0.1369,0.3865,-0.0214,1788374173.080
27.436,8.0114,5.0989,-0.1374,0.3865,-0.0214,1788374173.100
27.456,8.0191,5.0978,-0.1378,0.3865,-0.0214,1788374173.121
27.476,8.0266,5.0968,-0.1383,0.3795,-0.0234,1788374173.140
27.497,8.0341,5.0957,-0.1387,0.3795,-0.0234,1788374173.161
27.516,8.0416,5.0947,-0.1392,0.3795,-0.0234,1788374173.180
27.537,8.0492,5.0936,-0.1397,0.3795,-0.0234,1788374173.201
27.556,8.0567,5.0925,-0.1401,0.3795,-0.0234,1788374173.221
27.576,8.0640,5.0915,-0.1406,0.3714,-0.0218,1788374173.240
27.596,8.0714,5.0905,-0.1410,0.3714,-0.0218,1788374173.261
27.616,8.0787,5.0894,-0.1414,0.3714,-0.0218,1788374173.281
27.636,8.0861,5.0884,-0.1419,0.3714,-0.0218,1788374173.301
27.656,8.0934,5.0873,-0.1423,0.3714,-0.0218,1788374173.321
27.676,8.1006,5.0863,-0.1426,0.3625,-0.0171,1788374173.340
27.696,8.1078,5.0852,-0.1430,0.3625,-0.0171,1788374173.360
27.716,8.1150,5.0842,-0.1433,0.3625,-0.0171,1788374173.381
27.736,8.1221,5.0832,-0.1437,0.3625,-0.0171,1788374173.400
27.756,8.1293,5.0821,-0.1440,0.3625,-0.0171,1788374173.421
27.776,8.1363,5.0811,-0.1442,0.3528,-0.0106,1788374173.440
27.796,8.1433,5.0801,-0.1444,0.3528,-0.0106,1788374173.460
27.816,8.1503,5.0791,-0.1446,0.3528,-0.0106,1788374173.480
27.836,8.1572,5.0781,-0.1449,0.3528,-0.0106,1788374173.500
27.856,8.1642,5.0771,-0.1451,0.3528,-0.0106,1788374173.520
27.877,8.1710,5.0761,-0.1451,0.3426,-0.0035,1788374173.541
27.896,8.1778,5.0751,-0.1452,0.3426,-0.0035,1788374173.560
27.916,8.1846,5.0741,-0.1453,0.3426,-0.0035,1788374173.581
27.936,8.1913,5.0731,-0.1453,0.3426,-0.0035,1788374173.601
27.956,8.1981,5.0721,-0.1454,0.3426,-0.0035,1788374173.621
27.976,8.2047,5.0711,-0.1454,0.3319,0.0030,1788374173.640
27.996,8.2113,5.0702,-0.1453,0.3319,0.0030,1788374173.661
28.016,8.2178,5.0692,-0.1452,0.3319,0.0030,1788374173.681
28.036,8.2244,5.0682,-0.1452,0.3319,0.0030,1788374173.701
28.056,8.2310,5.0673,-0.1451,0.3319,0.0030,1788374173.721
28.076,8.2373,5.0664,-0.1449,0.3209,0.0084,1788374173.740
28.097,8.2437,5.0654,-0.1448,0.3209,0.0084,1788374173.761
28.116,8.2500,5.0645,-0.1446,0.3209,0.0084,1788374173.780
28.137,8.2564,5.0636,-0.1444,0.3209,0.0084,1788374173.801
28.156,8.2627,5.0627,-0.1443,0.3209,0.0084,1788374173.821
28.176,8.2688,5.0618,-0.1440,0.3097,0.0125,1788374173.840
28.196,8.2750,5.0609,-0.1438,0.3097,0.0125,1788374173.861
28.216,8.2811,5.0600,-0.1435,0.3097,0.0125,1788374173.880
28.236,8.2872,5.0591,-0.1433,0.3097,0.0125,1788374173.901
28.256,8.2934,5.0582,-0.1430,0.3097,0.0125,1788374173.921
28.276,8.2993,5.0574,-0.1427,0.2986,0.0153,1788374173.940
28.296,8.3052,5.0565,-0.1424,0.2986,0.0153,1788374173.960
28.316,8.3111,5.0557,-0.1421,0.2986,0.0153,1788374173.981
28.336,8.3170,5.0548,-0.1418,0.2986,0.0153,1788374174.001
28.356,8.3229,5.0540,-0.1415,0.2986,0.0153,1788374174.021
28.376,8.3286,5.0532,-0.1413,0.2865,0.0113,1788374174.040
28.396,8.3343,5.0524,-0.1410,0.2865,0.0113,1788374174.061
28.416,8.3399,5.0516,-0.1408,0.2865,0.0113,1788374174.080
28.437,8.3456,5.0508,-0.1406,0.2865,0.0113,1788374174.101
28.456,8.3513,5.0500,-0.1404,0.2865,0.0113,1788374174.121
28.476,8.3567,5.0492,-0.1401,0.2750,0.0136,1788374174.140
28.496,8.3622,5.0485,-0.1398,0.2750,0.0136,1788374174.161
28.516,8.3676,5.0477,-0.1396,0.2750,0.0136,1788374174.180
28.536,8.3731,5.0469,-0.1393,0.2750,0.0136,1788374174.201
28.557,8.3785,5.0462,-0.1390,0.2750,0.0136,1788374174.221
28.576,8.3840,5.0454,-0.1387,0.2750,0.0136,1788374174.240
28.596,8.3892,5.0447,-0.1384,0.2643,0.0166,1788374174.261
28.616,8.3944,5.0439,-0.1381,0.2643,0.0166,1788374174.280
28.637,8.3997,5.0432,-0.1377,0.2643,0.0166,1788374174.301
28.656,8.4049,5.0425,-0.1374,0.2643,0.0166,1788374174.321
28.676,8.4100,5.0418,-0.1370,0.2546,0.0180,1788374174.340
28.696,8.4150,5.0411,-0.1367,0.2546,0.0180,1788374174.360
28.716,8.4200,5.0404,-0.1363,0.2546,0.0180,1788374174.381
28.736,8.4251,5.0397,-0.1360,0.2546,0.0180,1788374174.401
28.756,8.4301,5.0390,-0.1356,0.2546,0.0180,1788374174.421
28.776,8.4350,5.0384,-0.1353,0.2453,0.0169,1788374174.440
28.797,8.4399,5.0377,-0.1349,0.2453,0.0169,1788374174.461
28.816,8.4447,5.0371,-0.1346,0.2453,0.0169,1788374174.481
28.836,8.4496,5.0364,-0.1343,0.2453,0.0169,1788374174.501
28.856,8.4544,5.0357,-0.1339,0.2453,0.0169,1788374174.521
28.876,8.4591,5.0351,-0.1336,0.2361,0.0143,1788374174.540
28.896,8.4638,5.0345,-0.1333,0.2361,0.0143,1788374174.561
28.916,8.4685,5.0339,-0.1331,0.2361,0.0143,1788374174.580
28.936,8.4732,5.0332,-0.1328,0.2361,0.0143,1788374174.601
28.956,8.4778,5.0326,-0.1325,0.2361,0.0143,1788374174.621
28.976,8.4823,5.0320,-0.1323,0.2266,0.0112,1788374174.640
28.997,8.4868,5.0314,-0.1320,0.2266,0.0112,1788374174.661
29.016,8.4913,5.0308,-0.1318,0.2266,0.0112,1788374174.680
29.036,8.4958,5.0302,-0.1316,0.2266,0.0112,1788374174.700
29.056,8.5003,5.0296,-0.1314,0.2266,0.0112,1788374174.721
29.076,8.5046,5.0291,-0.1312,0.2168,0.0082,1788374174.740
29.097,8.5089,5.0285,-0.1310,0.2168,0.0082,1788374174.761
29.116,8.5132,5.0279,-0.1309,0.2168,0.0082,1788374174.780
29.136,8.5175,5.0274,-0.1307,0.2168,0.0082,1788374174.801
29.156,8.5218,5.0268,-0.1306,0.2168,0.0082,1788374174.821
29.176,8.5259,5.0263,-0.1304,0.2068,0.0057,1788374174.840
29.197,8.5300,5.0257,-0.1303,0.2068,0.0057,1788374174.861
29.216,8.5341,5.0252,-0.1302,0.2068,0.0057,1788374174.880
29.236,8.5382,5.0247,-0.1301,0.2068,0.0057,1788374174.900
29.256,8.5423,5.0241,-0.1300,0.2068,0.0057,1788374174.921
29.276,8.5462,5.0236,-0.1299,0.1968,0.0040,1788374174.940
29.297,8.5501,5.0231,-0.1298,0.1968,0.0040,1788374174.961
29.316,8.5540,5.0226,-0.1297,0.1968,0.0040,1788374174.980
29.337,8.5579,5.0221,-0.1297,0.1968,0.0040,1788374175.001
29.356,8.5618,5.0216,-0.1296,0.1968,0.0040,1788374175.021
29.376,8.5618,5.0216,-0.1296,0.0000,0.0000,1788374175.040
29.396,8.5618,5.0216,-0.1296,0.0000,0.0000,1788374175.060
29.416,8.5618,5.0216,-0.1296,0.0000,0.0000,1788374175.081
29.436,8.5618,5.0216,-0.1296,0.0000,0.0000,1788374175.101
29.456,8.5618,5.0216,-0.1296,0.0000,0.0000,1788374175.121
29.476,8.5618,5.0216,-0.1296,0.0000,0.0000,1788374175.141
29.496,8.5618,5.0216,-0.1296,0.0000,0.0000,1788374175.161
29.516,8.5618,5.0216,-0.1296,0.0000,0.0000,1788374175.181
29.536,8.5618,5.0216,-0.1296,0.0000,0.0000,1788374175.201
29.556,8.5618,5.0216,-0.1296,0.0000,0.0000,1788374175.221
29.577,8.5618,5.0216,-0.1296,0.0000,0.0000,1788374175.242
29.596,8.5618,5.0216,-0.1296,0.0000,0.0000,1788374175.260
29.616,8.5618,5.0216,-0.1296,0.0000,0.0000,1788374175.280
29.636,8.5618,5.0216,-0.1296,0.0000,0.0000,1788374175.301
29.657,8.5618,5.0216,-0.1296,0.0000,0.0000,1788374175.321
29.676,8.5618,5.0216,-0.1296,0.0000,0.0000,1788374175.340
29.696,8.5618,5.0216,-0.1296,0.0000,0.0000,1788374175.361
29.716,8.5618,5.0216,-0.1296,0.0000,0.0000,1788374175.381
29.736,8.5618,5.0216,-0.1296,0.0000,0.0000,1788374175.401
29.756,8.5618,5.0216,-0.1296,0.0000,0.0000,1788374175.421
29.776,8.5618,5.0216,-0.1296,0.0000,0.0000,1788374175.441
29.796,8.5618,5.0216,-0.1296,0.0000,0.0000,1788374175.461
29.816,8.5618,5.0216,-0.1296,0.0000,0.0000,1788374175.481
29.836,8.5618,5.0216,-0.1296,0.0000,0.0000,1788374175.501
29.857,8.5618,5.0216,-0.1296,0.0000,0.0000,1788374175.522
29.877,8.5618,5.0216,-0.1296,0.0000,0.0000,1788374175.542
29.896,8.5618,5.0216,-0.1296,0.0000,0.0000,1788374175.560
29.916,8.5618,5.0216,-0.1296,0.0000,0.0000,1788374175.581
29.936,8.5618,5.0216,-0.1296,0.0000,0.0000,1788374175.601
29.956,8.5618,5.0216,-0.1296,0.0000,0.0000,1788374175.620
29.976,8.5618,5.0216,-0.1296,0.0000,0.0000,1788374175.641
29.996,8.5618,5.0216,-0.1296,0.0000,0.0000,1788374175.660
30.016,8.5618,5.0216,-0.1296,0.0000,0.0000,1788374175.681
30.036,8.5618,5.0216,-0.1296,0.0000,0.0000,1788374175.701
30.056,8.5618,5.0216,-0.1296,0.0000,0.0000,1788374175.721
30.076,8.5618,5.0216,-0.1296,0.0000,0.0000,1788374175.740
30.096,8.5618,5.0216,-0.1296,0.0000,0.0000,1788374175.761
30.116,8.5618,5.0216,-0.1296,0.0000,0.0000,1788374175.781
30.136,8.5618,5.0216,-0.1296,0.0000,0.0000,1788374175.801
30.157,8.5618,5.0216,-0.1296,0.0000,0.0000,1788374175.821
30.176,8.5618,5.0216,-0.1296,0.0000,0.0000,1788374175.841
30.197,8.5618,5.0216,-0.1296,0.0000,0.0000,1788374175.862
30.216,8.5618,5.0216,-0.1296,0.0000,0.0000,1788374175.880
30.236,8.5618,5.0216,-0.1296,0.0000,0.0000,1788374175.900
30.256,8.5618,5.0216,-0.1296,0.0000,0.0000,1788374175.921
30.276,8.5618,5.0216,-0.1296,0.0000,0.0000,1788374175.941
30.296,8.5618,5.0216,-0.1296,0.0000,0.0000,1788374175.961
30.316,8.5618,5.0216,-0.1296,0.0000,0.0000,1788374175.980
30.336,8.5618,5.0216,-0.1296,0.0000,0.0000,1788374176.001
30.356,8.5618,5.0216,-0.1296,0.0000,0.0000,1788374176.021
30.377,8.5618,5.0216,-0.1296,0.0000,0.0000,1788374176.042
30.396,8.5618,5.0216,-0.1296,0.0000,0.0000,1788374176.061
30.416,8.5618,5.0216,-0.1296,0.0000,0.0000,1788374176.080
30.436,8.5618,5.0216,-0.1296,0.0000,0.0000,1788374176.101
30.456,8.5618,5.0216,-0.1296,0.0000,0.0000,1788374176.121
30.476,8.5618,5.0216,-0.1296,0.0000,0.0000,1788374176.141
30.496,8.5618,5.0216,-0.1296,0.0000,0.0000,1788374176.160
30.516,8.5618,5.0216,-0.1296,0.0000,0.0000,1788374176.180
30.536,8.5618,5.0216,-0.1296,0.0000,0.0000,1788374176.201
30.556,8.5618,5.0216,-0.1296,0.0000,0.0000,1788374176.220
30.576,8.5618,5.0216,-0.1296,0.0000,0.0000,1788374176.241
30.596,8.5618,5.0216,-0.1296,0.0000,0.0000,1788374176.260
30.616,8.5618,5.0216,-0.1296,0.0000,0.0000,1788374176.280
30.636,8.5618,5.0216,-0.1296,0.0000,0.0000,1788374176.301
30.656,8.5618,5.0216,-0.1296,0.0000,0.0000,1788374176.321
30.676,8.5618,5.0216,-0.1296,0.0000,0.0000,1788374176.340
30.696,8.5618,5.0216,-0.1296,0.0000,0.0000,1788374176.361
30.716,8.5618,5.0216,-0.1296,0.0000,0.0000,1788374176.381
30.736,8.5618,5.0216,-0.1296,0.0000,0.0000,1788374176.401
30.757,8.5618,5.0216,-0.1296,0.0000,0.0000,1788374176.421
30.777,8.5618,5.0216,-0.1296,0.0000,0.0000,1788374176.441
30.796,8.5618,5.0216,-0.1296,0.0000,0.0000,1788374176.460
30.816,8.5618,5.0216,-0.1296,0.0000,0.0000,1788374176.480
30.836,8.5618,5.0216,-0.1296,0.0000,0.0000,1788374176.501
30.856,8.5618,5.0216,-0.1296,0.0000,0.0000,1788374176.521
30.877,8.5618,5.0216,-0.1296,0.0000,0.0000,1788374176.542
30.897,8.5618,5.0216,-0.1296,0.0000,0.0000,1788374176.561
30.916,8.5618,5.0216,-0.1296,0.0000,0.0000,1788374176.580
30.936,8.5618,5.0216,-0.1296,0.0000,0.0000,1788374176.600
30.956,8.5618,5.0216,-0.1296,0.0000,0.0000,1788374176.621
30.976,8.5618,5.0216,-0.1296,0.0000,0.0000,1788374176.640
30.996,8.5618,5.0216,-0.1296,0.0000,0.0000,1788374176.660
31.016,8.5618,5.0216,-0.1296,0.0000,0.0000,1788374176.681
31.036,8.5618,5.0216,-0.1296,0.0000,0.0000,1788374176.701
31.056,8.5618,5.0216,-0.1296,0.0000,0.0000,1788374176.721
31.076,8.5618,5.0216,-0.1296,0.0000,0.0000,1788374176.740
31.097,8.5618,5.0216,-0.1296,0.0000,0.0000,1788374176.761
31.116,8.5618,5.0216,-0.1296,0.0000,0.0000,1788374176.780
31.136,8.5618,5.0216,-0.1296,0.0000,0.0000,1788374176.800
31.157,8.5618,5.0216,-0.1296,0.0000,0.0000,1788374176.821
31.176,8.5618,5.0216,-0.1296,0.0000,0.0000,1788374176.840
31.196,8.5618,5.0216,-0.1296,0.0000,0.0000,1788374176.861
31.216,8.5618,5.0216,-0.1296,0.0000,0.0000,1788374176.880
31.236,8.5618,5.0216,-0.1296,0.0000,0.0000,1788374176.900
31.256,8.5618,5.0216,-0.1296,0.0000,0.0000,1788374176.921
31.276,8.5618,5.0216,-0.1296,0.0000,0.0000,1788374176.940
31.296,8.5618,5.0216,-0.1296,0.0000,0.0000,1788374176.960
31.316,8.5618,5.0216,-0.1296,0.0000,0.0000,1788374176.980
31.336,8.5618,5.0216,-0.1296,0.0000,0.0000,1788374177.000
31.356,8.5618,5.0216,-0.1296,0.0000,0.0000,1788374177.021
31.376,8.5618,5.0216,-0.1296,0.0000,0.0000,1788374177.040
31.396,8.5618,5.0216,-0.1296,0.0000,0.0000,1788374177.060
31.416,8.5618,5.0216,-0.1296,0.0000,0.0000,1788374177.080
31.436,8.5618,5.0216,-0.1296,0.0000,0.0000,1788374177.101
31.456,8.5618,5.0216,-0.1296,0.0000,0.0000,1788374177.121
31.476,8.5618,5.0216,-0.1296,0.0000,0.0000,1788374177.140
31.496,8.5618,5.0216,-0.1296,0.0000,0.0000,1788374177.160
31.516,8.5618,5.0216,-0.1296,0.0000,0.0000,1788374177.181
31.536,8.5618,5.0216,-0.1296,0.0000,0.0000,1788374177.200
31.557,8.5618,5.0216,-0.1296,0.0000,0.0000,1788374177.221
31.576,8.5618,5.0216,-0.1296,0.0000,0.0000,1788374177.240
31.596,8.5618,5.0216,-0.1296,0.0000,0.0000,1788374177.261
31.616,8.5618,5.0216,-0.1296,0.0000,0.0000,1788374177.280
31.636,8.5618,5.0216,-0.1296,0.0000,0.0000,1788374177.301
31.657,8.5618,5.0216,-0.1296,0.0000,0.0000,1788374177.321
31.676,8.5618,5.0216,-0.1296,0.0000,0.0000,1788374177.341
31.696,8.5618,5.0216,-0.1296,0.0000,0.0000,1788374177.360
31.716,8.5618,5.0216,-0.1296,0.0000,0.0000,1788374177.380
31.736,8.5618,5.0216,-0.1296,0.0000,0.0000,1788374177.401
31.756,8.5618,5.0216,-0.1296,0.0000,0.0000,1788374177.421
31.776,8.5618,5.0216,-0.1296,0.0000,0.0000,1788374177.441
31.796,8.5618,5.0216,-0.1296,0.0000,0.0000,1788374177.461
31.816,8.5618,5.0216,-0.1296,0.0000,0.0000,1788374177.480
31.836,8.5618,5.0216,-0.1296,0.0000,0.0000,1788374177.501
31.856,8.5618,5.0216,-0.1296,0.0000,0.0000,1788374177.520
31.876,8.5618,5.0216,-0.1296,0.0000,0.0000,1788374177.540
31.896,8.5618,5.0216,-0.1296,0.0000,0.0000,1788374177.561
31.916,8.5618,5.0216,-0.1296,0.0000,0.0000,1788374177.580
31.936,8.5618,5.0216,-0.1296,0.0000,0.0000,1788374177.601
31.957,8.5618,5.0216,-0.1296,0.0000,0.0000,1788374177.621
31.976,8.5618,5.0216,-0.1296,0.0000,0.0000,1788374177.641
31.996,8.5618,5.0216,-0.1296,0.0000,0.0000,1788374177.660
32.016,8.5618,5.0216,-0.1296,0.0000,0.0000,1788374177.680
32.036,8.5618,5.0216,-0.1296,0.0000,0.0000,1788374177.701
32.057,8.5618,5.0216,-0.1296,0.0000,0.0000,1788374177.721
32.076,8.5618,5.0216,-0.1296,0.0000,0.0000,1788374177.741
32.096,8.5618,5.0216,-0.1296,0.0000,0.0000,1788374177.760
32.116,8.5618,5.0216,-0.1296,0.0000,0.0000,1788374177.781
32.136,8.5618,5.0216,-0.1296,0.0000,0.0000,1788374177.801
32.156,8.5618,5.0216,-0.1296,0.0000,0.0000,1788374177.821
32.176,8.5618,5.0216,-0.1296,0.0000,0.0000,1788374177.840
32.196,8.5618,5.0216,-0.1296,0.0000,0.0000,1788374177.861
32.216,8.5618,5.0216,-0.1296,0.0000,0.0000,1788374177.880
32.237,8.5618,5.0216,-0.1296,0.0000,0.0000,1788374177.901
32.256,8.5618,5.0216,-0.1296,0.0000,0.0000,1788374177.921
32.276,8.5618,5.0216,-0.1296,0.0000,0.0000,1788374177.941
32.296,8.5618,5.0216,-0.1296,0.0000,0.0000,1788374177.960
32.316,8.5618,5.0216,-0.1296,0.0000,0.0000,1788374177.980
32.336,8.5618,5.0216,-0.1296,0.0000,0.0000,1788374178.001
32.357,8.5618,5.0216,-0.1296,0.0000,0.0000,1788374178.021
32.376,8.5618,5.0216,-0.1296,0.0000,0.0000,1788374178.041
32.396,8.5618,5.0216,-0.1296,0.0000,0.0000,1788374178.060
32.416,8.5618,5.0216,-0.1296,0.0000,0.0000,1788374178.081
32.436,8.5618,5.0216,-0.1296,0.0000,0.0000,1788374178.101
32.457,8.5618,5.0216,-0.1296,0.0000,0.0000,1788374178.121
32.476,8.5618,5.0216,-0.1296,0.0000,0.0000,1788374178.141
32.496,8.5618,5.0216,-0.1296,0.0000,0.0000,1788374178.160
32.517,8.5618,5.0216,-0.1296,0.0000,0.0000,1788374178.181
32.536,8.5618,5.0216,-0.1296,0.0000,0.0000,1788374178.201
32.556,8.5618,5.0216,-0.1296,0.0000,0.0000,1788374178.221
32.577,8.5618,5.0216,-0.1296,0.0000,0.0000,1788374178.242
32.597,8.5618,5.0216,-0.1296,0.0000,0.0000,1788374178.262
32.616,8.5618,5.0216,-0.1296,0.0000,0.0000,1788374178.280
32.637,8.5618,5.0216,-0.1296,0.0000,0.0000,1788374178.301
32.656,8.5618,5.0216,-0.1296,0.0000,0.0000,1788374178.320
32.676,8.5618,5.0216,-0.1296,0.0000,0.0000,1788374178.341
32.696,8.5618,5.0216,-0.1296,0.0000,0.0000,1788374178.361
32.716,8.5618,5.0216,-0.1296,0.0000,0.0000,1788374178.380
32.737,8.5618,5.0216,-0.1296,0.0000,0.0000,1788374178.401
32.756,8.5618,5.0216,-0.1296,0.0000,0.0000,1788374178.420
32.776,8.5618,5.0216,-0.1296,0.0000,0.0000,1788374178.440
32.796,8.5618,5.0216,-0.1296,0.0000,0.0000,1788374178.461
32.816,8.5618,5.0216,-0.1296,0.0000,0.0000,1788374178.481
32.836,8.5618,5.0216,-0.1296,0.0000,0.0000,1788374178.501
32.856,8.5618,5.0216,-0.1296,0.0000,0.0000,1788374178.520
32.876,8.5618,5.0216,-0.1296,0.0000,0.0000,1788374178.541
32.896,8.5618,5.0216,-0.1296,0.0000,0.0000,1788374178.560
32.916,8.5618,5.0216,-0.1296,0.0000,0.0000,1788374178.581
32.936,8.5618,5.0216,-0.1296,0.0000,0.0000,1788374178.600
32.956,8.5618,5.0216,-0.1296,0.0000,0.0000,1788374178.620
32.976,8.5618,5.0216,-0.1296,0.0000,0.0000,1788374178.641
32.996,8.5618,5.0216,-0.1296,0.0000,0.0000,1788374178.661
33.016,8.5618,5.0216,-0.1296,0.0000,0.0000,1788374178.680
33.036,8.5618,5.0216,-0.1296,0.0000,0.0000,1788374178.700
33.057,8.5618,5.0216,-0.1296,0.0000,0.0000,1788374178.721
33.076,8.5618,5.0216,-0.1296,0.0000,0.0000,1788374178.741
33.096,8.5618,5.0216,-0.1296,0.0000,0.0000,1788374178.761
33.116,8.5618,5.0216,-0.1296,0.0000,0.0000,1788374178.780
33.137,8.5618,5.0216,-0.1296,0.0000,0.0000,1788374178.801
33.157,8.5618,5.0216,-0.1296,0.0000,0.0000,1788374178.821
33.176,8.5618,5.0216,-0.1296,0.0000,0.0000,1788374178.840
33.196,8.5618,5.0216,-0.1296,0.0000,0.0000,1788374178.861
33.216,8.5618,5.0216,-0.1296,0.0000,0.0000,1788374178.880
33.236,8.5618,5.0216,-0.1296,0.0000,0.0000,1788374178.901
33.256,8.5618,5.0216,-0.1296,0.0000,0.0000,1788374178.921
33.276,8.5618,5.0216,-0.1296,0.0000,0.0000,1788374178.941
33.296,8.5618,5.0216,-0.1296,0.0000,0.0000,1788374178.961
33.316,8.5618,5.0216,-0.1296,0.0000,0.0000,1788374178.980
33.336,8.5618,5.0216,-0.1296,0.0000,0.0000,1788374179.001
33.356,8.5618,5.0216,-0.1296,0.0000,0.0000,1788374179.021
33.376,8.5618,5.0216,-0.1296,0.0000,0.0000,1788374179.040
33.396,8.5618,5.0216,-0.1296,0.0000,0.0000,1788374179.060
33.416,8.5618,5.0216,-0.1296,0.0000,0.0000,1788374179.080
33.436,8.5618,5.0216,-0.1296,0.0000,0.0000,1788374179.101
33.456,8.5618,5.0216,-0.1296,0.0000,0.0000,1788374179.121
33.476,8.5618,5.0216,-0.1296,0.0000,0.0000,1788374179.140
33.496,8.5618,5.0216,-0.1296,0.0000,0.0000,1788374179.160
33.516,8.5618,5.0216,-0.1296,0.0000,0.0000,1788374179.181
33.536,8.5618,5.0216,-0.1296,0.0000,0.0000,1788374179.201
33.556,8.5618,5.0216,-0.1296,0.0000,0.0000,1788374179.221
33.576,8.5618,5.0216,-0.1296,0.0000,0.0000,1788374179.240
33.596,8.5618,5.0216,-0.1296,0.0000,0.0000,1788374179.261
33.616,8.5618,5.0216,-0.1296,0.0000,0.0000,1788374179.280
33.636,8.5618,5.0216,-0.1296,0.0000,0.0000,1788374179.301
33.656,8.5618,5.0216,-0.1296,0.0000,0.0000,1788374179.321
33.676,8.5618,5.0216,-0.1296,0.0000,0.0000,1788374179.340
33.696,8.5618,5.0216,-0.1296,0.0000,0.0000,1788374179.360
33.716,8.5618,5.0216,-0.1296,0.0000,0.0000,1788374179.380
33.736,8.5618,5.0216,-0.1296,0.0000,0.0000,1788374179.400
33.757,8.5618,5.0216,-0.1296,0.0000,0.0000,1788374179.422
33.776,8.5618,5.0216,-0.1296,0.0000,0.0000,1788374179.440
33.796,8.5618,5.0216,-0.1296,0.0000,0.0000,1788374179.460
33.817,8.5618,5.0216,-0.1296,0.0000,0.0000,1788374179.481
33.836,8.5618,5.0216,-0.1296,0.0000,0.0000,1788374179.501
33.856,8.5618,5.0216,-0.1296,0.0000,0.0000,1788374179.521
33.878,8.5618,5.0216,-0.1296,0.0000,0.0000,1788374179.542
33.897,8.5618,5.0216,-0.1296,0.0000,0.0000,1788374179.561
33.916,8.5618,5.0216,-0.1296,0.0000,0.0000,1788374179.581
33.937,8.5618,5.0216,-0.1296,0.0000,0.0000,1788374179.601
33.956,8.5618,5.0216,-0.1296,0.0000,0.0000,1788374179.620
33.976,8.5618,5.0216,-0.1296,0.0000,0.0000,1788374179.640
33.996,8.5618,5.0216,-0.1296,0.0000,0.0000,1788374179.660
34.016,8.5618,5.0216,-0.1296,0.0000,0.0000,1788374179.680
34.036,8.5618,5.0216,-0.1296,0.0000,0.0000,1788374179.701
34.056,8.5618,5.0216,-0.1296,0.0000,0.0000,1788374179.721
34.076,8.5618,5.0216,-0.1296,0.0000,0.0000,1788374179.741
34.096,8.5618,5.0216,-0.1296,0.0000,0.0000,1788374179.761
34.116,8.5618,5.0216,-0.1296,0.0000,0.0000,1788374179.781
34.136,8.5618,5.0216,-0.1296,0.0000,0.0000,1788374179.800
34.156,8.5618,5.0216,-0.1296,0.0000,0.0000,1788374179.821
34.176,8.5618,5.0216,-0.1296,0.0000,0.0000,1788374179.840
34.196,8.5618,5.0216,-0.1296,0.0000,0.0000,1788374179.860
34.216,8.5618,5.0216,-0.1296,0.0000,0.0000,1788374179.880
34.236,8.5618,5.0216,-0.1296,0.0000,0.0000,1788374179.901
34.257,8.5618,5.0216,-0.1296,0.0000,0.0000,1788374179.922
34.277,8.5618,5.0216,-0.1296,0.0000,0.0000,1788374179.941
34.296,8.5618,5.0216,-0.1296,0.0000,0.0000,1788374179.960
34.316,8.5618,5.0216,-0.1296,0.0000,0.0000,1788374179.981
34.336,8.5618,5.0216,-0.1296,0.0000,0.0000,1788374180.000
34.357,8.5618,5.0216,-0.1296,0.0000,0.0000,1788374180.021
34.376,8.5618,5.0216,-0.1296,0.0000,0.0000,1788374180.041
34.396,8.5618,5.0216,-0.1296,0.0000,0.0000,1788374180.061
34.416,8.5618,5.0216,-0.1296,0.0000,0.0000,1788374180.081
34.436,8.5618,5.0216,-0.1296,0.0000,0.0000,1788374180.101
34.456,8.5618,5.0216,-0.1296,0.0000,0.0000,1788374180.121
34.476,8.5618,5.0216,-0.1296,0.0000,0.0000,1788374180.141
34.496,8.5618,5.0216,-0.1296,0.0000,0.0000,1788374180.160
34.516,8.5618,5.0216,-0.1296,0.0000,0.0000,1788374180.181
34.536,8.5618,5.0216,-0.1296,0.0000,0.0000,1788374180.201
34.557,8.5618,5.0216,-0.1296,0.0000,0.0000,1788374180.221
34.576,8.5618,5.0216,-0.1296,0.0000,0.0000,1788374180.240
34.596,8.5618,5.0216,-0.1296,0.0000,0.0000,1788374180.260
34.616,8.5618,5.0216,-0.1296,0.0000,0.0000,1788374180.280
34.637,8.5618,5.0216,-0.1296,0.0000,0.0000,1788374180.301
34.657,8.5618,5.0216,-0.1296,0.0000,0.0000,1788374180.321
34.676,8.5618,5.0216,-0.1296,0.0000,0.0000,1788374180.341
34.696,8.5618,5.0216,-0.1296,0.0000,0.0000,1788374180.360
34.716,8.5618,5.0216,-0.1296,0.0000,0.0000,1788374180.380
34.737,8.5618,5.0216,-0.1296,0.0000,0.0000,1788374180.401
34.756,8.5618,5.0216,-0.1296,0.0000,0.0000,1788374180.421
34.776,8.5618,5.0216,-0.1296,0.0000,0.0000,1788374180.441
34.796,8.5618,5.0216,-0.1296,0.0000,0.0000,1788374180.460
34.816,8.5618,5.0216,-0.1296,0.0000,0.0000,1788374180.481
34.836,8.5618,5.0216,-0.1296,0.0000,0.0000,1788374180.501
34.856,8.5618,5.0216,-0.1296,0.0000,0.0000,1788374180.521
34.876,8.5618,5.0216,-0.1296,0.0000,0.0000,1788374180.541
34.896,8.5618,5.0216,-0.1296,0.0000,0.0000,1788374180.560
34.916,8.5618,5.0216,-0.1296,0.0000,0.0000,1788374180.581
34.936,8.5618,5.0216,-0.1296,0.0000,0.0000,1788374180.601
34.957,8.5618,5.0216,-0.1296,0.0000,0.0000,1788374180.621
34.976,8.5618,5.0216,-0.1296,0.0000,0.0000,1788374180.640
34.996,8.5618,5.0216,-0.1296,0.0000,0.0000,1788374180.660
35.016,8.5618,5.0216,-0.1296,0.0000,0.0000,1788374180.681
35.036,8.5618,5.0216,-0.1296,0.0000,0.0000,1788374180.700
35.056,8.5618,5.0216,-0.1296,0.0000,0.0000,1788374180.720
35.077,8.5618,5.0216,-0.1296,0.0000,0.0000,1788374180.741
35.096,8.5618,5.0216,-0.1296,0.0000,0.0000,1788374180.761
35.116,8.5618,5.0216,-0.1296,0.0000,0.0000,1788374180.780
35.137,8.5618,5.0216,-0.1296,0.0000,0.0000,1788374180.801
35.156,8.5618,5.0216,-0.1296,0.0000,0.0000,1788374180.821
35.176,8.5618,5.0216,-0.1296,0.0000,0.0000,1788374180.840
35.196,8.5618,5.0216,-0.1296,0.0000,0.0000,1788374180.861
35.216,8.5618,5.0216,-0.1296,0.0000,0.0000,1788374180.880
35.236,8.5618,5.0216,-0.1296,0.0000,0.0000,1788374180.900
35.256,8.5618,5.0216,-0.1296,0.0000,0.0000,1788374180.921
35.276,8.5618,5.0216,-0.1296,0.0000,0.0000,1788374180.941
35.296,8.5618,5.0216,-0.1296,0.0000,0.0000,1788374180.961
35.316,8.5618,5.0216,-0.1296,0.0000,0.0000,1788374180.980
35.336,8.5618,5.0216,-0.1296,0.0000,0.0000,1788374181.000
35.356,8.5618,5.0216,-0.1296,0.0000,0.0000,1788374181.020
35.376,8.5618,5.0216,-0.1296,0.0000,0.0000,1788374181.041
35.396,8.5618,5.0216,-0.1296,0.0000,0.0000,1788374181.060
35.416,8.5618,5.0216,-0.1296,0.0000,0.0000,1788374181.080
35.436,8.5618,5.0216,-0.1296,0.0000,0.0000,1788374181.101
35.456,8.5618,5.0216,-0.1296,0.0000,0.0000,1788374181.121
35.476,8.5618,5.0216,-0.1296,0.0000,0.0000,1788374181.141
35.496,8.5618,5.0216,-0.1296,0.0000,0.0000,1788374181.160
35.516,8.5618,5.0216,-0.1296,0.0000,0.0000,1788374181.180
35.536,8.5618,5.0216,-0.1296,0.0000,0.0000,1788374181.200
35.557,8.5618,5.0216,-0.1296,0.0000,0.0000,1788374181.221
35.576,8.5618,5.0216,-0.1296,0.0000,0.0000,1788374181.240
35.596,8.5618,5.0216,-0.1296,0.0000,0.0000,1788374181.260
35.616,8.5618,5.0216,-0.1296,0.0000,0.0000,1788374181.280
35.636,8.5618,5.0216,-0.1296,0.0000,0.0000,1788374181.301
35.657,8.5618,5.0216,-0.1296,0.0000,0.0000,1788374181.321
35.676,8.5618,5.0216,-0.1296,0.0000,0.0000,1788374181.340
35.697,8.5618,5.0216,-0.1296,0.0000,0.0000,1788374181.361
35.716,8.5618,5.0216,-0.1296,0.0000,0.0000,1788374181.380
35.736,8.5618,5.0216,-0.1296,0.0000,0.0000,1788374181.400
35.757,8.5618,5.0216,-0.1296,0.0000,0.0000,1788374181.422
35.776,8.5618,5.0216,-0.1296,0.0000,0.0000,1788374181.440
35.797,8.5618,5.0216,-0.1296,0.0000,0.0000,1788374181.461
35.816,8.5618,5.0216,-0.1296,0.0000,0.0000,1788374181.480
35.837,8.5618,5.0216,-0.1296,0.0000,0.0000,1788374181.501
35.856,8.5618,5.0216,-0.1296,0.0000,0.0000,1788374181.520
35.876,8.5618,5.0216,-0.1296,0.0000,0.0000,1788374181.540
35.896,8.5618,5.0216,-0.1296,0.0000,0.0000,1788374181.560
35.916,8.5618,5.0216,-0.1296,0.0000,0.0000,1788374181.580
35.936,8.5618,5.0216,-0.1296,0.0000,0.0000,1788374181.600
35.956,8.5618,5.0216,-0.1296,0.0000,0.0000,1788374181.621
35.976,8.5618,5.0216,-0.1296,0.0000,0.0000,1788374181.641
35.997,8.5618,5.0216,-0.1296,0.0000,0.0000,1788374181.661
36.016,8.5618,5.0216,-0.1296,0.0000,0.0000,1788374181.681
36.036,8.5618,5.0216,-0.1296,0.0000,0.0000,1788374181.700
36.056,8.5618,5.0216,-0.1296,0.0000,0.0000,1788374181.721
36.076,8.5618,5.0216,-0.1296,0.0000,0.0000,1788374181.740
36.096,8.5618,5.0216,-0.1296,0.0000,0.0000,1788374181.760
36.116,8.5618,5.0216,-0.1296,0.0000,0.0000,1788374181.781
36.136,8.5618,5.0216,-0.1296,0.0000,0.0000,1788374181.801
36.157,8.5618,5.0216,-0.1296,0.0000,0.0000,1788374181.822
36.176,8.5618,5.0216,-0.1296,0.0000,0.0000,1788374181.840
36.196,8.5618,5.0216,-0.1296,0.0000,0.0000,1788374181.860
36.216,8.5618,5.0216,-0.1296,0.0000,0.0000,1788374181.881
36.236,8.5618,5.0216,-0.1296,0.0000,0.0000,1788374181.900
36.257,8.5618,5.0216,-0.1296,0.0000,0.0000,1788374181.921
36.276,8.5618,5.0216,-0.1296,0.0000,0.0000,1788374181.941
36.296,8.5618,5.0216,-0.1296,0.0000,0.0000,1788374181.961
36.316,8.5618,5.0216,-0.1296,0.0000,0.0000,1788374181.980
36.336,8.5618,5.0216,-0.1296,0.0000,0.0000,1788374182.001
36.356,8.5618,5.0216,-0.1296,0.0000,0.0000,1788374182.021
36.377,8.5618,5.0216,-0.1296,0.0000,0.0000,1788374182.042
36.396,8.5618,5.0216,-0.1296,0.0000,0.0000,1788374182.060
36.416,8.5618,5.0216,-0.1296,0.0000,0.0000,1788374182.081
36.436,8.5618,5.0216,-0.1296,0.0000,0.0000,1788374182.101
36.456,8.5618,5.0216,-0.1296,0.0000,0.0000,1788374182.121
36.476,8.5618,5.0216,-0.1296,0.0000,0.0000,1788374182.140
36.497,8.5618,5.0216,-0.1296,0.0000,0.0000,1788374182.162
36.516,8.5618,5.0216,-0.1296,0.0000,0.0000,1788374182.180
36.536,8.5618,5.0216,-0.1296,0.0000,0.0000,1788374182.201
36.557,8.5618,5.0216,-0.1296,0.0000,0.0000,1788374182.221
36.576,8.5618,5.0216,-0.1296,0.0000,0.0000,1788374182.240
36.596,8.5618,5.0216,-0.1296,0.0000,0.0000,1788374182.260
36.616,8.5618,5.0216,-0.1296,0.0000,0.0000,1788374182.280
36.636,8.5618,5.0216,-0.1296,0.0000,0.0000,1788374182.301
36.656,8.5618,5.0216,-0.1296,0.0000,0.0000,1788374182.321
36.676,8.5618,5.0216,-0.1296,0.0000,0.0000,1788374182.341
36.696,8.5618,5.0216,-0.1296,0.0000,0.0000,1788374182.360
36.716,8.5618,5.0216,-0.1296,0.0000,0.0000,1788374182.381
36.736,8.5618,5.0216,-0.1296,0.0000,0.0000,1788374182.401
36.757,8.5618,5.0216,-0.1296,0.0000,0.0000,1788374182.422
36.777,8.5618,5.0216,-0.1296,0.0000,0.0000,1788374182.442
36.796,8.5618,5.0216,-0.1296,0.0000,0.0000,1788374182.461
36.816,8.5618,5.0216,-0.1296,0.0000,0.0000,1788374182.481
36.836,8.5618,5.0216,-0.1296,0.0000,0.0000,1788374182.500
36.856,8.5618,5.0216,-0.1296,0.0000,0.0000,1788374182.521
36.876,8.5618,5.0216,-0.1296,0.0000,0.0000,1788374182.541
36.896,8.5618,5.0216,-0.1296,0.0000,0.0000,1788374182.560
36.916,8.5618,5.0216,-0.1296,0.0000,0.0000,1788374182.581
36.936,8.5618,5.0216,-0.1296,0.0000,0.0000,1788374182.601
36.957,8.5618,5.0216,-0.1296,0.0000,0.0000,1788374182.621
36.976,8.5618,5.0216,-0.1296,0.0000,0.0000,1788374182.641
36.996,8.5618,5.0216,-0.1296,0.0000,0.0000,1788374182.661
37.016,8.5618,5.0216,-0.1296,0.0000,0.0000,1788374182.681
37.036,8.5618,5.0216,-0.1296,0.0000,0.0000,1788374182.701
37.056,8.5618,5.0216,-0.1296,0.0000,0.0000,1788374182.720
37.077,8.5618,5.0216,-0.1296,0.0000,0.0000,1788374182.741
37.096,8.5618,5.0216,-0.1296,0.0000,0.0000,1788374182.761
37.116,8.5618,5.0216,-0.1296,0.0000,0.0000,1788374182.780
37.137,8.5618,5.0216,-0.1296,0.0000,0.0000,1788374182.801
37.156,8.5618,5.0216,-0.1296,0.0000,0.0000,1788374182.820
37.176,8.5618,5.0216,-0.1296,0.0000,0.0000,1788374182.841
37.196,8.5618,5.0216,-0.1296,0.0000,0.0000,1788374182.860
37.216,8.5618,5.0216,-0.1296,0.0000,0.0000,1788374182.881
37.236,8.5618,5.0216,-0.1296,0.0000,0.0000,1788374182.901
37.256,8.5618,5.0216,-0.1296,0.0000,0.0000,1788374182.920
37.276,8.5618,5.0216,-0.1296,0.0000,0.0000,1788374182.940
37.296,8.5618,5.0216,-0.1296,0.0000,0.0000,1788374182.961
37.316,8.5618,5.0216,-0.1296,0.0000,0.0000,1788374182.980
37.337,8.5618,5.0216,-0.1296,0.0000,0.0000,1788374183.001
37.356,8.5618,5.0216,-0.1296,0.0000,0.0000,1788374183.020
37.377,8.5618,5.0216,-0.1296,0.0000,0.0000,1788374183.042
37.396,8.5618,5.0216,-0.1296,0.0000,0.0000,1788374183.060
37.416,8.5618,5.0216,-0.1296,0.0000,0.0000,1788374183.080
37.436,8.5618,5.0216,-0.1296,0.0000,0.0000,1788374183.101
37.456,8.5618,5.0216,-0.1296,0.0000,0.0000,1788374183.121
37.476,8.5618,5.0216,-0.1296,0.0000,0.0000,1788374183.140
37.496,8.5618,5.0216,-0.1296,0.0000,0.0000,1788374183.161
37.516,8.5618,5.0216,-0.1296,0.0000,0.0000,1788374183.180
37.536,8.5618,5.0216,-0.1296,0.0000,0.0000,1788374183.200
37.557,8.5618,5.0216,-0.1296,0.0000,0.0000,1788374183.221
37.576,8.5618,5.0216,-0.1296,0.0000,0.0000,1788374183.240
37.596,8.5618,5.0216,-0.1296,0.0000,0.0000,1788374183.261
37.616,8.5618,5.0216,-0.1296,0.0000,0.0000,1788374183.280
37.636,8.5618,5.0216,-0.1296,0.0000,0.0000,1788374183.301
37.657,8.5618,5.0216,-0.1296,0.0000,0.0000,1788374183.322
37.676,8.5618,5.0216,-0.1296,0.0000,0.0000,1788374183.340
37.696,8.5618,5.0216,-0.1296,0.0000,0.0000,1788374183.361
37.716,8.5618,5.0216,-0.1296,0.0000,0.0000,1788374183.380
37.737,8.5618,5.0216,-0.1296,0.0000,0.0000,1788374183.401
37.757,8.5618,5.0216,-0.1296,0.0000,0.0000,1788374183.421
37.776,8.5618,5.0216,-0.1296,0.0000,0.0000,1788374183.440
37.796,8.5618,5.0216,-0.1296,0.0000,0.0000,1788374183.461
37.816,8.5618,5.0216,-0.1296,0.0000,0.0000,1788374183.480
37.837,8.5618,5.0216,-0.1296,0.0000,0.0000,1788374183.501
37.856,8.5618,5.0216,-0.1296,0.0000,0.0000,1788374183.521
37.876,8.5618,5.0216,-0.1296,0.0000,0.0000,1788374183.540
37.897,8.5618,5.0216,-0.1296,0.0000,0.0000,1788374183.561
37.916,8.5618,5.0216,-0.1296,0.0000,0.0000,1788374183.580
37.936,8.5618,5.0216,-0.1296,0.0000,0.0000,1788374183.601
37.957,8.5618,5.0216,-0.1296,0.0000,0.0000,1788374183.622
37.976,8.5618,5.0216,-0.1296,0.0000,0.0000,1788374183.640
37.996,8.5618,5.0216,-0.1296,0.0000,0.0000,1788374183.661
38.016,8.5618,5.0216,-0.1296,0.0000,0.0000,1788374183.680
38.037,8.5618,5.0216,-0.1296,0.0000,0.0000,1788374183.701
38.056,8.5618,5.0216,-0.1296,0.0000,0.0000,1788374183.721
38.076,8.5618,5.0216,-0.1296,0.0000,0.0000,1788374183.741
38.096,8.5618,5.0216,-0.1296,0.0000,0.0000,1788374183.761
38.116,8.5618,5.0216,-0.1296,0.0000,0.0000,1788374183.781
38.136,8.5618,5.0216,-0.1296,0.0000,0.0000,1788374183.800
38.156,8.5618,5.0216,-0.1296,0.0000,0.0000,1788374183.821
38.176,8.5618,5.0216,-0.1296,0.0000,0.0000,1788374183.841
38.196,8.5618,5.0216,-0.1296,0.0000,0.0000,1788374183.860
38.216,8.5618,5.0216,-0.1296,0.0000,0.0000,1788374183.880
38.236,8.5618,5.0216,-0.1296,0.0000,0.0000,1788374183.900
38.257,8.5618,5.0216,-0.1296,0.0000,0.0000,1788374183.921
38.277,8.5618,5.0216,-0.1296,0.0000,0.0000,1788374183.941
38.296,8.5618,5.0216,-0.1296,0.0000,0.0000,1788374183.961
38.316,8.5618,5.0216,-0.1296,0.0000,0.0000,1788374183.980
38.336,8.5618,5.0216,-0.1296,0.0000,0.0000,1788374184.001
38.356,8.5618,5.0216,-0.1296,0.0000,0.0000,1788374184.021
38.376,8.5618,5.0216,-0.1296,0.0000,0.0000,1788374184.041
38.396,8.5618,5.0216,-0.1296,0.0000,0.0000,1788374184.061
38.416,8.5618,5.0216,-0.1296,0.0000,0.0000,1788374184.080
38.436,8.5618,5.0216,-0.1296,0.0000,0.0000,1788374184.100
38.457,8.5618,5.0216,-0.1296,0.0000,0.0000,1788374184.121
38.476,8.5618,5.0216,-0.1296,0.0000,0.0000,1788374184.141
38.496,8.5618,5.0216,-0.1296,0.0000,0.0000,1788374184.161
38.516,8.5618,5.0216,-0.1296,0.0000,0.0000,1788374184.180
38.536,8.5618,5.0216,-0.1296,0.0000,0.0000,1788374184.201
38.557,8.5618,5.0216,-0.1296,0.0000,0.0000,1788374184.221
38.576,8.5618,5.0216,-0.1296,0.0000,0.0000,1788374184.240
38.596,8.5618,5.0216,-0.1296,0.0000,0.0000,1788374184.260
38.616,8.5618,5.0216,-0.1296,0.0000,0.0000,1788374184.281
38.636,8.5618,5.0216,-0.1296,0.0000,0.0000,1788374184.301
38.656,8.5618,5.0216,-0.1296,0.0000,0.0000,1788374184.321
38.676,8.5618,5.0216,-0.1296,0.0000,0.0000,1788374184.341
38.696,8.5618,5.0216,-0.1296,0.0000,0.0000,1788374184.360
38.716,8.5618,5.0216,-0.1296,0.0000,0.0000,1788374184.380
38.736,8.5618,5.0216,-0.1296,0.0000,0.0000,1788374184.401
38.756,8.5618,5.0216,-0.1296,0.0000,0.0000,1788374184.421
38.776,8.5618,5.0216,-0.1296,0.0000,0.0000,1788374184.441
38.796,8.5618,5.0216,-0.1296,0.0000,0.0000,1788374184.461
38.816,8.5618,5.0216,-0.1296,0.0000,0.0000,1788374184.480
38.837,8.5618,5.0216,-0.1296,0.0000,0.0000,1788374184.501
38.856,8.5618,5.0216,-0.1296,0.0000,0.0000,1788374184.520
38.876,8.5618,5.0216,-0.1296,0.0000,0.0000,1788374184.541
38.896,8.5618,5.0216,-0.1296,0.0000,0.0000,1788374184.560
38.916,8.5618,5.0216,-0.1296,0.0000,0.0000,1788374184.580
38.937,8.5618,5.0216,-0.1296,0.0000,0.0000,1788374184.601
38.957,8.5618,5.0216,-0.1296,0.0000,0.0000,1788374184.621
38.976,8.5618,5.0216,-0.1296,0.0000,0.0000,1788374184.641
38.996,8.5618,5.0216,-0.1296,0.0000,0.0000,1788374184.661
39.016,8.5618,5.0216,-0.1296,0.0000,0.0000,1788374184.680
39.037,8.5618,5.0216,-0.1296,0.0000,0.0000,1788374184.701
39.057,8.5618,5.0216,-0.1296,0.0000,0.0000,1788374184.721
39.076,8.5618,5.0216,-0.1296,0.0000,0.0000,1788374184.741
39.096,8.5618,5.0216,-0.1296,0.0000,0.0000,1788374184.761
39.116,8.5618,5.0216,-0.1296,0.0000,0.0000,1788374184.781
39.136,8.5618,5.0216,-0.1296,0.0000,0.0000,1788374184.801
39.156,8.5618,5.0216,-0.1296,0.0000,0.0000,1788374184.821
39.177,8.5618,5.0216,-0.1296,0.0000,0.0000,1788374184.841
39.196,8.5618,5.0216,-0.1296,0.0000,0.0000,1788374184.860
39.216,8.5618,5.0216,-0.1296,0.0000,0.0000,1788374184.880
39.237,8.5618,5.0216,-0.1296,0.0000,0.0000,1788374184.901
39.256,8.5618,5.0216,-0.1296,0.0000,0.0000,1788374184.921
39.276,8.5618,5.0216,-0.1296,0.0000,0.0000,1788374184.940
39.296,8.5618,5.0216,-0.1296,0.0000,0.0000,1788374184.961
39.316,8.5618,5.0216,-0.1296,0.0000,0.0000,1788374184.980
39.336,8.5618,5.0216,-0.1296,0.0000,0.0000,1788374185.001
39.356,8.5618,5.0216,-0.1296,0.0000,0.0000,1788374185.021
39.376,8.5618,5.0216,-0.1296,0.0000,0.0000,1788374185.040
39.397,8.5618,5.0216,-0.1296,0.0000,0.0000,1788374185.061
39.416,8.5618,5.0216,-0.1296,0.0000,0.0000,1788374185.080
39.436,8.5618,5.0216,-0.1296,0.0000,0.0000,1788374185.100
39.456,8.5618,5.0216,-0.1296,0.0000,0.0000,1788374185.121
39.476,8.5618,5.0216,-0.1296,0.0000,0.0000,1788374185.140
39.496,8.5618,5.0216,-0.1296,0.0000,0.0000,1788374185.161
39.516,8.5618,5.0216,-0.1296,0.0000,0.0000,1788374185.180
39.537,8.5618,5.0216,-0.1296,0.0000,0.0000,1788374185.201
39.556,8.5618,5.0216,-0.1296,0.0000,0.0000,1788374185.220
39.576,8.5618,5.0216,-0.1296,0.0000,0.0000,1788374185.241
39.596,8.5618,5.0216,-0.1296,0.0000,0.0000,1788374185.261
39.616,8.5618,5.0216,-0.1296,0.0000,0.0000,1788374185.280
39.637,8.5618,5.0216,-0.1296,0.0000,0.0000,1788374185.301
39.656,8.5618,5.0216,-0.1296,0.0000,0.0000,1788374185.320
39.677,8.5618,5.0216,-0.1296,0.0000,0.0000,1788374185.341
39.696,8.5618,5.0216,-0.1296,0.0000,0.0000,1788374185.360
39.716,8.5618,5.0216,-0.1296,0.0000,0.0000,1788374185.380
39.737,8.5618,5.0216,-0.1296,0.0000,0.0000,1788374185.401
39.756,8.5618,5.0216,-0.1296,0.0000,0.0000,1788374185.421
39.776,8.5618,5.0216,-0.1296,0.0000,0.0000,1788374185.441
39.797,8.5618,5.0216,-0.1296,0.0000,0.0000,1788374185.461
39.816,8.5618,5.0216,-0.1296,0.0000,0.0000,1788374185.480
39.836,8.5618,5.0216,-0.1296,0.0000,0.0000,1788374185.500
39.856,8.5618,5.0216,-0.1296,0.0000,0.0000,1788374185.520
39.876,8.5618,5.0216,-0.1296,0.0000,0.0000,1788374185.540
39.896,8.5618,5.0216,-0.1296,0.0000,0.0000,1788374185.560
39.916,8.5618,5.0216,-0.1296,0.0000,0.0000,1788374185.581
39.936,8.5618,5.0216,-0.1296,0.0000,0.0000,1788374185.601
39.957,8.5618,5.0216,-0.1296,0.0000,0.0000,1788374185.621
39.977,8.5618,5.0216,-0.1296,0.0000,0.0000,1788374185.641
39.996,8.5618,5.0216,-0.1296,0.0000,0.0000,1788374185.660
40.016,8.5618,5.0216,-0.1296,0.0000,0.0000,1788374185.681
40.036,8.5618,5.0216,-0.1296,0.0000,0.0000,1788374185.700
40.056,8.5618,5.0216,-0.1296,0.0000,0.0000,1788374185.720
40.076,8.5618,5.0216,-0.1296,0.0000,0.0000,1788374185.741
40.097,8.5618,5.0216,-0.1296,0.0000,0.0000,1788374185.761
40.117,8.5618,5.0216,-0.1296,0.0000,0.0000,1788374185.781
40.136,8.5618,5.0216,-0.1296,0.0000,0.0000,1788374185.800
40.156,8.5618,5.0216,-0.1296,0.0000,0.0000,1788374185.821
40.176,8.5618,5.0216,-0.1296,0.0000,0.0000,1788374185.841
40.197,8.5618,5.0216,-0.1296,0.0000,0.0000,1788374185.861
40.216,8.5618,5.0216,-0.1296,0.0000,0.0000,1788374185.880
40.236,8.5618,5.0216,-0.1296,0.0000,0.0000,1788374185.900
40.256,8.5618,5.0216,-0.1296,0.0000,0.0000,1788374185.921
40.277,8.5618,5.0216,-0.1296,0.0000,0.0000,1788374185.941
40.296,8.5618,5.0216,-0.1296,0.0000,0.0000,1788374185.961
40.316,8.5618,5.0216,-0.1296,0.0000,0.0000,1788374185.980
40.336,8.5618,5.0216,-0.1296,0.0000,0.0000,1788374186.001
40.357,8.5618,5.0216,-0.1296,0.0000,0.0000,1788374186.022
40.376,8.5618,5.0216,-0.1296,0.0000,0.0000,1788374186.040
40.396,8.5618,5.0216,-0.1296,0.0000,0.0000,1788374186.061
40.416,8.5618,5.0216,-0.1296,0.0000,0.0000,1788374186.080
40.436,8.5618,5.0216,-0.1296,0.0000,0.0000,1788374186.101
40.456,8.5618,5.0216,-0.1296,0.0000,0.0000,1788374186.121
40.476,8.5618,5.0216,-0.1296,0.0000,0.0000,1788374186.140
40.497,8.5618,5.0216,-0.1296,0.0000,0.0000,1788374186.161
40.516,8.5618,5.0216,-0.1296,0.0000,0.0000,1788374186.180
40.536,8.5618,5.0216,-0.1296,0.0000,0.0000,1788374186.200
40.556,8.5618,5.0216,-0.1296,0.0000,0.0000,1788374186.220
40.576,8.5618,5.0216,-0.1296,0.0000,0.0000,1788374186.240
40.596,8.5618,5.0216,-0.1296,0.0000,0.0000,1788374186.260
40.616,8.5618,5.0216,-0.1296,0.0000,0.0000,1788374186.280
40.636,8.5618,5.0216,-0.1296,0.0000,0.0000,1788374186.301
40.656,8.5618,5.0216,-0.1296,0.0000,0.0000,1788374186.321
40.676,8.5618,5.0216,-0.1296,0.0000,0.0000,1788374186.341
40.697,8.5618,5.0216,-0.1296,0.0000,0.0000,1788374186.361
40.716,8.5618,5.0216,-0.1296,0.0000,0.0000,1788374186.380
40.737,8.5618,5.0216,-0.1296,0.0000,0.0000,1788374186.401
40.757,8.5618,5.0216,-0.1296,0.0000,0.0000,1788374186.421
40.776,8.5618,5.0216,-0.1296,0.0000,0.0000,1788374186.441
40.796,8.5618,5.0216,-0.1296,0.0000,0.0000,1788374186.461
40.816,8.5618,5.0216,-0.1296,0.0000,0.0000,1788374186.481
40.836,8.5618,5.0216,-0.1296,0.0000,0.0000,1788374186.501
40.856,8.5618,5.0216,-0.1296,0.0000,0.0000,1788374186.521
40.876,8.5618,5.0216,-0.1296,0.0000,0.0000,1788374186.541
40.896,8.5618,5.0216,-0.1296,0.0000,0.0000,1788374186.560
40.916,8.5618,5.0216,-0.1296,0.0000,0.0000,1788374186.580
40.936,8.5618,5.0216,-0.1296,0.0000,0.0000,1788374186.601
40.956,8.5618,5.0216,-0.1296,0.0000,0.0000,1788374186.621
40.976,8.5618,5.0216,-0.1296,0.0000,0.0000,1788374186.640
40.996,8.5618,5.0216,-0.1296,0.0000,0.0000,1788374186.661
41.016,8.5618,5.0216,-0.1296,0.0000,0.0000,1788374186.680
41.037,8.5618,5.0216,-0.1296,0.0000,0.0000,1788374186.701
41.056,8.5618,5.0216,-0.1296,0.0000,0.0000,1788374186.721
41.076,8.5618,5.0216,-0.1296,0.0000,0.0000,1788374186.741
41.096,8.5618,5.0216,-0.1296,0.0000,0.0000,1788374186.760
41.116,8.5618,5.0216,-0.1296,0.0000,0.0000,1788374186.781
41.138,8.5618,5.0216,-0.1296,0.0000,0.0000,1788374186.802
41.157,8.5618,5.0216,-0.1296,0.0000,0.0000,1788374186.821
41.176,8.5618,5.0216,-0.1296,0.0000,0.0000,1788374186.840
41.196,8.5618,5.0216,-0.1296,0.0000,0.0000,1788374186.861
41.217,8.5618,5.0216,-0.1296,0.0000,0.0000,1788374186.881
41.236,8.5618,5.0216,-0.1296,0.0000,0.0000,1788374186.901
41.256,8.5618,5.0216,-0.1296,0.0000,0.0000,1788374186.921
41.276,8.5618,5.0216,-0.1296,0.0000,0.0000,1788374186.941
41.296,8.5618,5.0216,-0.1296,0.0000,0.0000,1788374186.960
41.316,8.5618,5.0216,-0.1296,0.0000,0.0000,1788374186.980
41.336,8.5618,5.0216,-0.1296,0.0000,0.0000,1788374187.001
41.357,8.5618,5.0216,-0.1296,0.0000,0.0000,1788374187.021
41.376,8.5618,5.0216,-0.1296,0.0000,0.0000,1788374187.041
41.396,8.5618,5.0216,-0.1296,0.0000,0.0000,1788374187.060
41.416,8.5618,5.0216,-0.1296,0.0000,0.0000,1788374187.081
41.436,8.5618,5.0216,-0.1296,0.0000,0.0000,1788374187.101
41.457,8.5618,5.0216,-0.1296,0.0000,0.0000,1788374187.122
41.476,8.5618,5.0216,-0.1296,0.0000,0.0000,1788374187.140
41.496,8.5618,5.0216,-0.1296,0.0000,0.0000,1788374187.161
41.516,8.5618,5.0216,-0.1296,0.0000,0.0000,1788374187.181
41.536,8.5618,5.0216,-0.1296,0.0000,0.0000,1788374187.201
41.556,8.5618,5.0216,-0.1296,0.0000,0.0000,1788374187.221
41.576,8.5618,5.0216,-0.1296,0.0000,0.0000,1788374187.241
41.596,8.5618,5.0216,-0.1296,0.0000,0.0000,1788374187.261
41.616,8.5618,5.0216,-0.1296,0.0000,0.0000,1788374187.280
41.637,8.5618,5.0216,-0.1296,0.0000,0.0000,1788374187.301
41.656,8.5618,5.0216,-0.1296,0.0000,0.0000,1788374187.320
41.676,8.5618,5.0216,-0.1296,0.0000,0.0000,1788374187.340
41.696,8.5618,5.0216,-0.1296,0.0000,0.0000,1788374187.360
41.716,8.5618,5.0216,-0.1296,0.0000,0.0000,1788374187.381
41.736,8.5618,5.0216,-0.1296,0.0000,0.0000,1788374187.400
41.756,8.5618,5.0216,-0.1296,0.0000,0.0000,1788374187.421
41.776,8.5618,5.0216,-0.1296,0.0000,0.0000,1788374187.441
41.796,8.5618,5.0216,-0.1296,0.0000,0.0000,1788374187.461
41.816,8.5618,5.0216,-0.1296,0.0000,0.0000,1788374187.481
41.836,8.5618,5.0216,-0.1296,0.0000,0.0000,1788374187.501
41.856,8.5618,5.0216,-0.1296,0.0000,0.0000,1788374187.521
41.876,8.5618,5.0216,-0.1296,0.0000,0.0000,1788374187.541
41.896,8.5618,5.0216,-0.1296,0.0000,0.0000,1788374187.560
41.916,8.5618,5.0216,-0.1296,0.0000,0.0000,1788374187.581
41.936,8.5618,5.0216,-0.1296,0.0000,0.0000,1788374187.601
41.956,8.5618,5.0216,-0.1296,0.0000,0.0000,1788374187.621
41.976,8.5618,5.0216,-0.1296,0.0000,0.0000,1788374187.640
41.996,8.5618,5.0216,-0.1296,0.0000,0.0000,1788374187.661
42.016,8.5618,5.0216,-0.1296,0.0000,0.0000,1788374187.680
42.037,8.5618,5.0216,-0.1296,0.0000,0.0000,1788374187.701
42.057,8.5618,5.0216,-0.1296,0.0000,0.0000,1788374187.721
42.076,8.5618,5.0216,-0.1296,0.0000,0.0000,1788374187.741
42.096,8.5618,5.0216,-0.1296,0.0000,0.0000,1788374187.761
42.116,8.5618,5.0216,-0.1296,0.0000,0.0000,1788374187.780
42.136,8.5618,5.0216,-0.1296,0.0000,0.0000,1788374187.801
42.157,8.5618,5.0216,-0.1296,0.0000,0.0000,1788374187.822
42.176,8.5618,5.0216,-0.1296,0.0000,0.0000,1788374187.840
42.196,8.5618,5.0216,-0.1296,0.0000,0.0000,1788374187.861
42.216,8.5618,5.0216,-0.1296,0.0000,0.0000,1788374187.880
42.237,8.5618,5.0216,-0.1296,0.0000,0.0000,1788374187.901
42.256,8.5618,5.0216,-0.1296,0.0000,0.0000,1788374187.921
42.277,8.5618,5.0216,-0.1296,0.0000,0.0000,1788374187.941
42.297,8.5618,5.0216,-0.1296,0.0000,0.0000,1788374187.961
42.316,8.5618,5.0216,-0.1296,0.0000,0.0000,1788374187.980
42.336,8.5618,5.0216,-0.1296,0.0000,0.0000,1788374188.001
42.356,8.5618,5.0216,-0.1296,0.0000,0.0000,1788374188.021
42.376,8.5618,5.0216,-0.1296,0.0000,0.0000,1788374188.041
42.396,8.5618,5.0216,-0.1296,0.0000,0.0000,1788374188.060
42.416,8.5618,5.0216,-0.1296,0.0000,0.0000,1788374188.081
42.436,8.5618,5.0216,-0.1296,0.0000,0.0000,1788374188.101
42.457,8.5618,5.0216,-0.1296,0.0000,0.0000,1788374188.121
42.476,8.5618,5.0216,-0.1296,0.0000,0.0000,1788374188.140
42.496,8.5618,5.0216,-0.1296,0.0000,0.0000,1788374188.160
42.516,8.5618,5.0216,-0.1296,0.0000,0.0000,1788374188.181
42.536,8.5618,5.0216,-0.1296,0.0000,0.0000,1788374188.200
42.557,8.5618,5.0216,-0.1296,0.0000,0.0000,1788374188.221
42.576,8.5618,5.0216,-0.1296,0.0000,0.0000,1788374188.240
42.597,8.5618,5.0216,-0.1296,0.0000,0.0000,1788374188.261
42.616,8.5618,5.0216,-0.1296,0.0000,0.0000,1788374188.280
42.636,8.5618,5.0216,-0.1296,0.0000,0.0000,1788374188.301
42.656,8.5618,5.0216,-0.1296,0.0000,0.0000,1788374188.321
42.676,8.5618,5.0216,-0.1296,0.0000,0.0000,1788374188.340
42.696,8.5618,5.0216,-0.1296,0.0000,0.0000,1788374188.360
42.716,8.5618,5.0216,-0.1296,0.0000,0.0000,1788374188.380
42.736,8.5618,5.0216,-0.1296,0.0000,0.0000,1788374188.400
42.757,8.5618,5.0216,-0.1296,0.0000,0.0000,1788374188.421
42.776,8.5618,5.0216,-0.1296,0.0000,0.0000,1788374188.441
42.797,8.5618,5.0216,-0.1296,0.0000,0.0000,1788374188.461
42.817,8.5618,5.0216,-0.1296,0.0000,0.0000,1788374188.481
42.836,8.5618,5.0216,-0.1296,0.0000,0.0000,1788374188.500
42.857,8.5618,5.0216,-0.1296,0.0000,0.0000,1788374188.521
42.876,8.5618,5.0216,-0.1296,0.0000,0.0000,1788374188.541
42.896,8.5618,5.0216,-0.1296,0.0000,0.0000,1788374188.560
42.916,8.5618,5.0216,-0.1296,0.0000,0.0000,1788374188.580
42.936,8.5618,5.0216,-0.1296,0.0000,0.0000,1788374188.601
42.957,8.5618,5.0216,-0.1296,0.0000,0.0000,1788374188.621
42.976,8.5618,5.0216,-0.1296,0.0000,0.0000,1788374188.641
42.996,8.5618,5.0216,-0.1296,0.0000,0.0000,1788374188.660
43.016,8.5618,5.0216,-0.1296,0.0000,0.0000,1788374188.680
43.036,8.5618,5.0216,-0.1296,0.0000,0.0000,1788374188.701
43.057,8.5618,5.0216,-0.1296,0.0000,0.0000,1788374188.721
43.076,8.5618,5.0216,-0.1296,0.0000,0.0000,1788374188.741
43.096,8.5618,5.0216,-0.1296,0.0000,0.0000,1788374188.761
43.116,8.5618,5.0216,-0.1296,0.0000,0.0000,1788374188.780
43.137,8.5618,5.0216,-0.1296,0.0000,0.0000,1788374188.801
43.156,8.5618,5.0216,-0.1296,0.0000,0.0000,1788374188.821
43.176,8.5618,5.0216,-0.1296,0.0000,0.0000,1788374188.840
43.197,8.5618,5.0216,-0.1296,0.0000,0.0000,1788374188.861
43.216,8.5618,5.0216,-0.1296,0.0000,0.0000,1788374188.880
43.238,8.5618,5.0216,-0.1296,0.0000,0.0000,1788374188.902
43.257,8.5618,5.0216,-0.1296,0.0000,0.0000,1788374188.921
43.276,8.5618,5.0216,-0.1296,0.0000,0.0000,1788374188.941
43.296,8.5618,5.0216,-0.1296,0.0000,0.0000,1788374188.961
43.316,8.5618,5.0216,-0.1296,0.0000,0.0000,1788374188.981
43.337,8.5618,5.0216,-0.1296,0.0000,0.0000,1788374189.001
43.356,8.5618,5.0216,-0.1296,0.0000,0.0000,1788374189.020
43.376,8.5618,5.0216,-0.1296,0.0000,0.0000,1788374189.041
43.396,8.5618,5.0216,-0.1296,0.0000,0.0000,1788374189.061
43.416,8.5618,5.0216,-0.1296,0.0000,0.0000,1788374189.080
43.437,8.5618,5.0216,-0.1296,0.0000,0.0000,1788374189.101
43.456,8.5618,5.0216,-0.1296,0.0000,0.0000,1788374189.121
43.476,8.5618,5.0216,-0.1296,0.0000,0.0000,1788374189.141
43.496,8.5618,5.0216,-0.1296,0.0000,0.0000,1788374189.160
43.516,8.5618,5.0216,-0.1296,0.0000,0.0000,1788374189.181
43.536,8.5618,5.0216,-0.1296,0.0000,0.0000,1788374189.200
43.556,8.5618,5.0216,-0.1296,0.0000,0.0000,1788374189.221
43.576,8.5618,5.0216,-0.1296,0.0000,0.0000,1788374189.241
43.596,8.5618,5.0216,-0.1296,0.0000,0.0000,1788374189.260
43.616,8.5618,5.0216,-0.1296,0.0000,0.0000,1788374189.281
43.636,8.5618,5.0216,-0.1296,0.0000,0.0000,1788374189.300
43.656,8.5618,5.0216,-0.1296,0.0000,0.0000,1788374189.321
43.676,8.5618,5.0216,-0.1296,0.0000,0.0000,1788374189.341
43.696,8.5618,5.0216,-0.1296,0.0000,0.0000,1788374189.361
43.716,8.5618,5.0216,-0.1296,0.0000,0.0000,1788374189.380
43.736,8.5618,5.0216,-0.1296,0.0000,0.0000,1788374189.401
43.756,8.5618,5.0216,-0.1296,0.0000,0.0000,1788374189.420
43.777,8.5618,5.0216,-0.1296,0.0000,0.0000,1788374189.441
43.796,8.5618,5.0216,-0.1296,0.0000,0.0000,1788374189.460
43.816,8.5618,5.0216,-0.1296,0.0000,0.0000,1788374189.480
43.837,8.5618,5.0216,-0.1296,0.0000,0.0000,1788374189.501
43.856,8.5618,5.0216,-0.1296,0.0000,0.0000,1788374189.520
43.876,8.5618,5.0216,-0.1296,0.0000,0.0000,1788374189.541
43.896,8.5618,5.0216,-0.1296,0.0000,0.0000,1788374189.560
43.916,8.5618,5.0216,-0.1296,0.0000,0.0000,1788374189.581
43.937,8.5618,5.0216,-0.1296,0.0000,0.0000,1788374189.602
43.956,8.5618,5.0216,-0.1296,0.0000,0.0000,1788374189.620
43.976,8.5618,5.0216,-0.1296,0.0000,0.0000,1788374189.641
43.997,8.5618,5.0216,-0.1296,0.0000,0.0000,1788374189.661
44.016,8.5618,5.0216,-0.1296,0.0000,0.0000,1788374189.680
44.036,8.5618,5.0216,-0.1296,0.0000,0.0000,1788374189.700
44.056,8.5618,5.0216,-0.1296,0.0000,0.0000,1788374189.721
44.077,8.5618,5.0216,-0.1296,0.0000,0.0000,1788374189.741
44.096,8.5618,5.0216,-0.1296,0.0000,0.0000,1788374189.761
44.116,8.5618,5.0216,-0.1296,0.0000,0.0000,1788374189.780
44.137,8.5618,5.0216,-0.1296,0.0000,0.0000,1788374189.801
44.156,8.5618,5.0216,-0.1296,0.0000,0.0000,1788374189.820
44.176,8.5618,5.0216,-0.1296,0.0000,0.0000,1788374189.841
44.196,8.5618,5.0216,-0.1296,0.0000,0.0000,1788374189.861
44.216,8.5618,5.0216,-0.1296,0.0000,0.0000,1788374189.881
44.236,8.5618,5.0216,-0.1296,0.0000,0.0000,1788374189.900
44.257,8.5618,5.0216,-0.1296,0.0000,0.0000,1788374189.921
44.277,8.5618,5.0216,-0.1296,0.0000,0.0000,1788374189.941
44.296,8.5618,5.0216,-0.1296,0.0000,0.0000,1788374189.961
44.316,8.5618,5.0216,-0.1296,0.0000,0.0000,1788374189.980
44.336,8.5618,5.0216,-0.1296,0.0000,0.0000,1788374190.001
44.356,8.5618,5.0216,-0.1296,0.0000,0.0000,1788374190.021
44.376,8.5618,5.0216,-0.1296,0.0000,0.0000,1788374190.041
44.397,8.5618,5.0216,-0.1296,0.0000,0.0000,1788374190.061
44.416,8.5618,5.0216,-0.1296,0.0000,0.0000,1788374190.080
44.436,8.5618,5.0216,-0.1296,0.0000,0.0000,1788374190.100
44.457,8.5618,5.0216,-0.1296,0.0000,0.0000,1788374190.121
44.477,8.5618,5.0216,-0.1296,0.0000,0.0000,1788374190.141
44.496,8.5618,5.0216,-0.1296,0.0000,0.0000,1788374190.160
44.516,8.5618,5.0216,-0.1296,0.0000,0.0000,1788374190.180
44.537,8.5618,5.0216,-0.1296,0.0000,0.0000,1788374190.201
44.557,8.5618,5.0216,-0.1296,0.0000,0.0000,1788374190.221
44.577,8.5618,5.0216,-0.1296,0.0000,0.0000,1788374190.241
44.596,8.5618,5.0216,-0.1296,0.0000,0.0000,1788374190.261
44.616,8.5618,5.0216,-0.1296,0.0000,0.0000,1788374190.280
44.636,8.5618,5.0216,-0.1296,0.0000,0.0000,1788374190.301
44.656,8.5618,5.0216,-0.1296,0.0000,0.0000,1788374190.321
44.677,8.5618,5.0216,-0.1296,0.0000,0.0000,1788374190.341
44.696,8.5618,5.0216,-0.1296,0.0000,0.0000,1788374190.361
44.716,8.5618,5.0216,-0.1296,0.0000,0.0000,1788374190.380
44.737,8.5618,5.0216,-0.1296,0.0000,0.0000,1788374190.401
44.756,8.5618,5.0216,-0.1296,0.0000,0.0000,1788374190.421
44.776,8.5618,5.0216,-0.1296,0.0000,0.0000,1788374190.441
44.797,8.5618,5.0216,-0.1296,0.0000,0.0000,1788374190.461
44.816,8.5618,5.0216,-0.1296,0.0000,0.0000,1788374190.481
44.836,8.5618,5.0216,-0.1296,0.0000,0.0000,1788374190.500
44.856,8.5618,5.0216,-0.1296,0.0000,0.0000,1788374190.521
44.876,8.5618,5.0216,-0.1296,0.0000,0.0000,1788374190.540
44.896,8.5618,5.0216,-0.1296,0.0000,0.0000,1788374190.560
44.916,8.5618,5.0216,-0.1296,0.0000,0.0000,1788374190.581
44.936,8.5618,5.0216,-0.1296,0.0000,0.0000,1788374190.601
44.957,8.5618,5.0216,-0.1296,0.0000,0.0000,1788374190.622
44.976,8.5618,5.0216,-0.1296,0.0000,0.0000,1788374190.640
44.996,8.5618,5.0216,-0.1296,0.0000,0.0000,1788374190.661
45.016,8.5618,5.0216,-0.1296,0.0000,0.0000,1788374190.680
45.036,8.5618,5.0216,-0.1296,0.0000,0.0000,1788374190.701
45.056,8.5618,5.0216,-0.1296,0.0000,0.0000,1788374190.721
45.076,8.5618,5.0216,-0.1296,0.0000,0.0000,1788374190.740
45.096,8.5618,5.0216,-0.1296,0.0000,0.0000,1788374190.761
45.116,8.5618,5.0216,-0.1296,0.0000,0.0000,1788374190.780
45.136,8.5618,5.0216,-0.1296,0.0000,0.0000,1788374190.801
45.156,8.5618,5.0216,-0.1296,0.0000,0.0000,1788374190.821
45.176,8.5618,5.0216,-0.1296,0.0000,0.0000,1788374190.841
45.196,8.5618,5.0216,-0.1296,0.0000,0.0000,1788374190.861
45.216,8.5618,5.0216,-0.1296,0.0000,0.0000,1788374190.880
45.237,8.5618,5.0216,-0.1296,0.0000,0.0000,1788374190.901
45.256,8.5618,5.0216,-0.1296,0.0000,0.0000,1788374190.920
45.276,8.5618,5.0216,-0.1296,0.0000,0.0000,1788374190.940
45.296,8.5618,5.0216,-0.1296,0.0000,0.0000,1788374190.961
45.316,8.5618,5.0216,-0.1296,0.0000,0.0000,1788374190.981
45.336,8.5618,5.0216,-0.1296,0.0000,0.0000,1788374191.001
45.357,8.5618,5.0216,-0.1296,0.0000,0.0000,1788374191.021
45.376,8.5618,5.0216,-0.1296,0.0000,0.0000,1788374191.040
45.396,8.5618,5.0216,-0.1296,0.0000,0.0000,1788374191.061
45.417,8.5618,5.0216,-0.1296,0.0000,0.0000,1788374191.081
45.437,8.5618,5.0216,-0.1296,0.0000,0.0000,1788374191.101
45.456,8.5618,5.0216,-0.1296,0.0000,0.0000,1788374191.120
45.476,8.5618,5.0216,-0.1296,0.0000,0.0000,1788374191.141
45.496,8.5618,5.0216,-0.1296,0.0000,0.0000,1788374191.160
45.516,8.5618,5.0216,-0.1296,0.0000,0.0000,1788374191.181
45.536,8.5618,5.0216,-0.1296,0.0000,0.0000,1788374191.200
45.556,8.5618,5.0216,-0.1296,0.0000,0.0000,1788374191.221
45.577,8.5618,5.0216,-0.1296,0.0000,0.0000,1788374191.241
45.596,8.5618,5.0216,-0.1296,0.0000,0.0000,1788374191.260
45.616,8.5618,5.0216,-0.1296,0.0000,0.0000,1788374191.280
45.636,8.5618,5.0216,-0.1296,0.0000,0.0000,1788374191.301
45.656,8.5618,5.0216,-0.1296,0.0000,0.0000,1788374191.321
45.676,8.5618,5.0216,-0.1296,0.0000,0.0000,1788374191.341
45.696,8.5618,5.0216,-0.1296,0.0000,0.0000,1788374191.360
45.716,8.5618,5.0216,-0.1296,0.0000,0.0000,1788374191.381
45.736,8.5618,5.0216,-0.1296,0.0000,0.0000,1788374191.400
45.757,8.5618,5.0216,-0.1296,0.0000,0.0000,1788374191.422
45.777,8.5618,5.0216,-0.1296,0.0000,0.0000,1788374191.442
45.796,8.5618,5.0216,-0.1296,0.0000,0.0000,1788374191.460
45.816,8.5618,5.0216,-0.1296,0.0000,0.0000,1788374191.480
45.836,8.5618,5.0216,-0.1296,0.0000,0.0000,1788374191.501
45.857,8.5618,5.0216,-0.1296,0.0000,0.0000,1788374191.521
45.876,8.5618,5.0216,-0.1296,0.0000,0.0000,1788374191.541
45.896,8.5618,5.0216,-0.1296,0.0000,0.0000,1788374191.560
45.916,8.5618,5.0216,-0.1296,0.0000,0.0000,1788374191.581
45.936,8.5618,5.0216,-0.1296,0.0000,0.0000,1788374191.600
45.956,8.5618,5.0216,-0.1296,0.0000,0.0000,1788374191.621
45.977,8.5618,5.0216,-0.1296,0.0000,0.0000,1788374191.642
45.997,8.5618,5.0216,-0.1296,0.0000,0.0000,1788374191.662
46.016,8.5618,5.0216,-0.1296,0.0000,0.0000,1788374191.680
46.036,8.5618,5.0216,-0.1296,0.0000,0.0000,1788374191.701
46.056,8.5618,5.0216,-0.1296,0.0000,0.0000,1788374191.720
46.076,8.5618,5.0216,-0.1296,0.0000,0.0000,1788374191.741
46.096,8.5618,5.0216,-0.1296,0.0000,0.0000,1788374191.761
46.116,8.5618,5.0216,-0.1296,0.0000,0.0000,1788374191.780
46.136,8.5618,5.0216,-0.1296,0.0000,0.0000,1788374191.801
46.156,8.5618,5.0216,-0.1296,0.0000,0.0000,1788374191.820
46.177,8.5618,5.0216,-0.1296,0.0000,0.0000,1788374191.842
46.197,8.5618,5.0216,-0.1296,0.0000,0.0000,1788374191.862
46.216,8.5618,5.0216,-0.1296,0.0000,0.0000,1788374191.880
46.236,8.5618,5.0216,-0.1296,0.0000,0.0000,1788374191.900
46.256,8.5618,5.0216,-0.1296,0.0000,0.0000,1788374191.921
46.276,8.5618,5.0216,-0.1296,0.0000,0.0000,1788374191.941
46.296,8.5618,5.0216,-0.1296,0.0000,0.0000,1788374191.961
46.316,8.5618,5.0216,-0.1296,0.0000,0.0000,1788374191.980
46.337,8.5618,5.0216,-0.1296,0.0000,0.0000,1788374192.001
46.356,8.5618,5.0216,-0.1296,0.0000,0.0000,1788374192.020
46.376,8.5618,5.0216,-0.1296,0.0000,0.0000,1788374192.041
46.396,8.5618,5.0216,-0.1296,0.0000,0.0000,1788374192.061
46.416,8.5618,5.0216,-0.1296,0.0000,0.0000,1788374192.081
46.436,8.5618,5.0216,-0.1296,0.0000,0.0000,1788374192.100
46.456,8.5618,5.0216,-0.1296,0.0000,0.0000,1788374192.121
46.476,8.5618,5.0216,-0.1296,0.0000,0.0000,1788374192.141
46.496,8.5618,5.0216,-0.1296,0.0000,0.0000,1788374192.161
46.516,8.5618,5.0216,-0.1296,0.0000,0.0000,1788374192.180
46.536,8.5618,5.0216,-0.1296,0.0000,0.0000,1788374192.201
46.556,8.5618,5.0216,-0.1296,0.0000,0.0000,1788374192.221
46.576,8.5618,5.0216,-0.1296,0.0000,0.0000,1788374192.241
46.596,8.5618,5.0216,-0.1296,0.0000,0.0000,1788374192.261
46.616,8.5618,5.0216,-0.1296,0.0000,0.0000,1788374192.280
46.636,8.5618,5.0216,-0.1296,0.0000,0.0000,1788374192.301
46.656,8.5618,5.0216,-0.1296,0.0000,0.0000,1788374192.321
46.676,8.5618,5.0216,-0.1296,0.0000,0.0000,1788374192.340
46.696,8.5618,5.0216,-0.1296,0.0000,0.0000,1788374192.361
46.716,8.5618,5.0216,-0.1296,0.0000,0.0000,1788374192.380
46.737,8.5618,5.0216,-0.1296,0.0000,0.0000,1788374192.401
46.756,8.5618,5.0216,-0.1296,0.0000,0.0000,1788374192.421
46.776,8.5618,5.0216,-0.1296,0.0000,0.0000,1788374192.441
46.796,8.5618,5.0216,-0.1296,0.0000,0.0000,1788374192.461
46.816,8.5618,5.0216,-0.1296,0.0000,0.0000,1788374192.480
46.836,8.5618,5.0216,-0.1296,0.0000,0.0000,1788374192.501
46.856,8.5618,5.0216,-0.1296,0.0000,0.0000,1788374192.521
46.876,8.5618,5.0216,-0.1296,0.0000,0.0000,1788374192.540
46.896,8.5618,5.0216,-0.1296,0.0000,0.0000,1788374192.560
46.916,8.5618,5.0216,-0.1296,0.0000,0.0000,1788374192.581
46.936,8.5618,5.0216,-0.1296,0.0000,0.0000,1788374192.601
46.956,8.5618,5.0216,-0.1296,0.0000,0.0000,1788374192.621
46.976,8.5618,5.0216,-0.1296,0.0000,0.0000,1788374192.640
46.997,8.5618,5.0216,-0.1296,0.0000,0.0000,1788374192.662
47.016,8.5618,5.0216,-0.1296,0.0000,0.0000,1788374192.680
47.036,8.5618,5.0216,-0.1296,0.0000,0.0000,1788374192.701
47.056,8.5618,5.0216,-0.1296,0.0000,0.0000,1788374192.721
47.076,8.5618,5.0216,-0.1296,0.0000,0.0000,1788374192.740
47.097,8.5618,5.0216,-0.1296,0.0000,0.0000,1788374192.761
47.116,8.5618,5.0216,-0.1296,0.0000,0.0000,1788374192.780
47.136,8.5618,5.0216,-0.1296,0.0000,0.0000,1788374192.801
47.156,8.5618,5.0216,-0.1296,0.0000,0.0000,1788374192.821
47.176,8.5618,5.0216,-0.1296,0.0000,0.0000,1788374192.840
47.196,8.5618,5.0216,-0.1296,0.0000,0.0000,1788374192.861
47.216,8.5618,5.0216,-0.1296,0.0000,0.0000,1788374192.880
47.236,8.5618,5.0216,-0.1296,0.0000,0.0000,1788374192.900
47.257,8.5618,5.0216,-0.1296,0.0000,0.0000,1788374192.921
47.277,8.5618,5.0216,-0.1296,0.0000,0.0000,1788374192.941
47.297,8.5618,5.0216,-0.1296,0.0000,0.0000,1788374192.961
47.316,8.5618,5.0216,-0.1296,0.0000,0.0000,1788374192.980
47.336,8.5618,5.0216,-0.1296,0.0000,0.0000,1788374193.001
47.356,8.5618,5.0216,-0.1296,0.0000,0.0000,1788374193.020
47.376,8.5618,5.0216,-0.1296,0.0000,0.0000,1788374193.040
47.396,8.5618,5.0216,-0.1296,0.0000,0.0000,1788374193.061
47.416,8.5618,5.0216,-0.1296,0.0000,0.0000,1788374193.080
47.436,8.5618,5.0216,-0.1296,0.0000,0.0000,1788374193.100
47.457,8.5618,5.0216,-0.1296,0.0000,0.0000,1788374193.121
47.476,8.5618,5.0216,-0.1296,0.0000,0.0000,1788374193.140
47.496,8.5618,5.0216,-0.1296,0.0000,0.0000,1788374193.161
47.516,8.5618,5.0216,-0.1296,0.0000,0.0000,1788374193.181
47.536,8.5618,5.0216,-0.1296,0.0000,0.0000,1788374193.200
47.556,8.5618,5.0216,-0.1296,0.0000,0.0000,1788374193.221
47.576,8.5618,5.0216,-0.1296,0.0000,0.0000,1788374193.241
47.597,8.5618,5.0216,-0.1296,0.0000,0.0000,1788374193.261
47.616,8.5618,5.0216,-0.1296,0.0000,0.0000,1788374193.280
47.636,8.5618,5.0216,-0.1296,0.0000,0.0000,1788374193.301
47.657,8.5618,5.0216,-0.1296,0.0000,0.0000,1788374193.322
47.677,8.5618,5.0216,-0.1296,0.0000,0.0000,1788374193.342
47.696,8.5618,5.0216,-0.1296,0.0000,0.0000,1788374193.360
47.716,8.5618,5.0216,-0.1296,0.0000,0.0000,1788374193.380
47.737,8.5618,5.0216,-0.1296,0.0000,0.0000,1788374193.401
47.756,8.5618,5.0216,-0.1296,0.0000,0.0000,1788374193.421
47.776,8.5618,5.0216,-0.1296,0.0000,0.0000,1788374193.441
47.797,8.5618,5.0216,-0.1296,0.0000,0.0000,1788374193.462
47.816,8.5618,5.0216,-0.1296,0.0000,0.0000,1788374193.480
47.836,8.5618,5.0216,-0.1296,0.0000,0.0000,1788374193.501
47.857,8.5618,5.0216,-0.1296,0.0000,0.0000,1788374193.521
47.876,8.5618,5.0216,-0.1296,0.0000,0.0000,1788374193.541
47.896,8.5618,5.0216,-0.1296,0.0000,0.0000,1788374193.561
47.916,8.5618,5.0216,-0.1296,0.0000,0.0000,1788374193.580
47.936,8.5618,5.0216,-0.1296,0.0000,0.0000,1788374193.601
47.956,8.5618,5.0216,-0.1296,0.0000,0.0000,1788374193.621
47.976,8.5618,5.0216,-0.1296,0.0000,0.0000,1788374193.640
47.997,8.5618,5.0216,-0.1296,0.0000,0.0000,1788374193.661
48.016,8.5618,5.0216,-0.1296,0.0000,0.0000,1788374193.680
48.037,8.5618,5.0216,-0.1296,0.0000,0.0000,1788374193.701
48.056,8.5618,5.0216,-0.1296,0.0000,0.0000,1788374193.721
48.076,8.5618,5.0216,-0.1296,0.0000,0.0000,1788374193.741
48.096,8.5618,5.0216,-0.1296,0.0000,0.0000,1788374193.760
48.116,8.5618,5.0216,-0.1296,0.0000,0.0000,1788374193.780
48.136,8.5618,5.0216,-0.1296,0.0000,0.0000,1788374193.801
48.156,8.5618,5.0216,-0.1296,0.0000,0.0000,1788374193.821
48.176,8.5618,5.0216,-0.1296,0.0000,0.0000,1788374193.840
48.196,8.5618,5.0216,-0.1296,0.0000,0.0000,1788374193.861
48.216,8.5618,5.0216,-0.1296,0.0000,0.0000,1788374193.880
48.237,8.5618,5.0216,-0.1296,0.0000,0.0000,1788374193.901
48.256,8.5618,5.0216,-0.1296,0.0000,0.0000,1788374193.921
48.276,8.5618,5.0216,-0.1296,0.0000,0.0000,1788374193.941
48.296,8.5618,5.0216,-0.1296,0.0000,0.0000,1788374193.960
48.316,8.5618,5.0216,-0.1296,0.0000,0.0000,1788374193.981
48.336,8.5618,5.0216,-0.1296,0.0000,0.0000,1788374194.001
48.356,8.5618,5.0216,-0.1296,0.0000,0.0000,1788374194.021
48.376,8.5618,5.0216,-0.1296,0.0000,0.0000,1788374194.040
48.396,8.5618,5.0216,-0.1296,0.0000,0.0000,1788374194.060
48.416,8.5618,5.0216,-0.1296,0.0000,0.0000,1788374194.081
48.436,8.5618,5.0216,-0.1296,0.0000,0.0000,1788374194.100
48.456,8.5618,5.0216,-0.1296,0.0000,0.0000,1788374194.121
48.476,8.5618,5.0216,-0.1296,0.0000,0.0000,1788374194.140
48.497,8.5618,5.0216,-0.1296,0.0000,0.0000,1788374194.161
48.516,8.5618,5.0216,-0.1296,0.0000,0.0000,1788374194.180
48.536,8.5618,5.0216,-0.1296,0.0000,0.0000,1788374194.201
48.556,8.5618,5.0216,-0.1296,0.0000,0.0000,1788374194.220
48.576,8.5618,5.0216,-0.1296,0.0000,0.0000,1788374194.241
48.596,8.5618,5.0216,-0.1296,0.0000,0.0000,1788374194.261
48.617,8.5618,5.0216,-0.1296,0.0000,0.0000,1788374194.281
48.636,8.5618,5.0216,-0.1296,0.0000,0.0000,1788374194.301
48.656,8.5618,5.0216,-0.1296,0.0000,0.0000,1788374194.321
48.676,8.5618,5.0216,-0.1296,0.0000,0.0000,1788374194.341
48.696,8.5618,5.0216,-0.1296,0.0000,0.0000,1788374194.361
48.716,8.5618,5.0216,-0.1296,0.0000,0.0000,1788374194.381
48.736,8.5618,5.0216,-0.1296,0.0000,0.0000,1788374194.400
48.756,8.5618,5.0216,-0.1296,0.0000,0.0000,1788374194.420
48.776,8.5618,5.0216,-0.1296,0.0000,0.0000,1788374194.441
48.796,8.5618,5.0216,-0.1296,0.0000,0.0000,1788374194.461
48.816,8.5618,5.0216,-0.1296,0.0000,0.0000,1788374194.480
48.836,8.5618,5.0216,-0.1296,0.0000,0.0000,1788374194.500
48.856,8.5618,5.0216,-0.1296,0.0000,0.0000,1788374194.521
48.876,8.5618,5.0216,-0.1296,0.0000,0.0000,1788374194.540
48.897,8.5618,5.0216,-0.1296,0.0000,0.0000,1788374194.561
48.916,8.5618,5.0216,-0.1296,0.0000,0.0000,1788374194.581
48.936,8.5618,5.0216,-0.1296,0.0000,0.0000,1788374194.600
48.957,8.5618,5.0216,-0.1296,0.0000,0.0000,1788374194.621
48.976,8.5618,5.0216,-0.1296,0.0000,0.0000,1788374194.641
48.996,8.5618,5.0216,-0.1296,0.0000,0.0000,1788374194.661
49.016,8.5618,5.0216,-0.1296,0.0000,0.0000,1788374194.680
49.036,8.5618,5.0216,-0.1296,0.0000,0.0000,1788374194.701
49.056,8.5618,5.0216,-0.1296,0.0000,0.0000,1788374194.721
49.076,8.5618,5.0216,-0.1296,0.0000,0.0000,1788374194.740
49.096,8.5618,5.0216,-0.1296,0.0000,0.0000,1788374194.761
49.116,8.5618,5.0216,-0.1296,0.0000,0.0000,1788374194.780
49.136,8.5618,5.0216,-0.1296,0.0000,0.0000,1788374194.800
49.156,8.5618,5.0216,-0.1296,0.0000,0.0000,1788374194.821
49.176,8.5618,5.0216,-0.1296,0.0000,0.0000,1788374194.840
49.196,8.5618,5.0216,-0.1296,0.0000,0.0000,1788374194.861
49.216,8.5618,5.0216,-0.1296,0.0000,0.0000,1788374194.880
49.236,8.5618,5.0216,-0.1296,0.0000,0.0000,1788374194.901
49.256,8.5618,5.0216,-0.1296,0.0000,0.0000,1788374194.921
49.276,8.5618,5.0216,-0.1296,0.0000,0.0000,1788374194.940
49.296,8.5618,5.0216,-0.1296,0.0000,0.0000,1788374194.961
49.316,8.5618,5.0216,-0.1296,0.0000,0.0000,1788374194.980
49.336,8.5618,5.0216,-0.1296,0.0000,0.0000,1788374195.001
49.356,8.5618,5.0216,-0.1296,0.0000,0.0000,1788374195.021
49.376,8.5618,5.0216,-0.1296,0.0000,0.0000,1788374195.040
49.396,8.5618,5.0216,-0.1296,0.0000,0.0000,1788374195.061
49.417,8.5618,5.0216,-0.1296,0.0000,0.0000,1788374195.081
49.436,8.5618,5.0216,-0.1296,0.0000,0.0000,1788374195.101
49.456,8.5618,5.0216,-0.1296,0.0000,0.0000,1788374195.121
49.476,8.5618,5.0216,-0.1296,0.0000,0.0000,1788374195.140
49.496,8.5618,5.0216,-0.1296,0.0000,0.0000,1788374195.160
49.516,8.5618,5.0216,-0.1296,0.0000,0.0000,1788374195.180
49.536,8.5618,5.0216,-0.1296,0.0000,0.0000,1788374195.201
49.556,8.5618,5.0216,-0.1296,0.0000,0.0000,1788374195.221
49.576,8.5618,5.0216,-0.1296,0.0000,0.0000,1788374195.241
49.596,8.5618,5.0216,-0.1296,0.0000,0.0000,1788374195.261
49.616,8.5618,5.0216,-0.1296,0.0000,0.0000,1788374195.281
49.636,8.5618,5.0216,-0.1296,0.0000,0.0000,1788374195.301
49.656,8.5618,5.0216,-0.1296,0.0000,0.0000,1788374195.321
49.676,8.5618,5.0216,-0.1296,0.0000,0.0000,1788374195.341
49.697,8.5618,5.0216,-0.1296,0.0000,0.0000,1788374195.361
49.716,8.5618,5.0216,-0.1296,0.0000,0.0000,1788374195.380
49.736,8.5618,5.0216,-0.1296,0.0000,0.0000,1788374195.400
49.757,8.5618,5.0216,-0.1296,0.0000,0.0000,1788374195.422
49.777,8.5618,5.0216,-0.1296,0.0000,0.0000,1788374195.442
49.796,8.5618,5.0216,-0.1296,0.0000,0.0000,1788374195.460
49.816,8.5618,5.0216,-0.1296,0.0000,0.0000,1788374195.481
49.836,8.5618,5.0216,-0.1296,0.0000,0.0000,1788374195.500
49.856,8.5618,5.0216,-0.1296,0.0000,0.0000,1788374195.521
49.876,8.5618,5.0216,-0.1296,0.0000,0.0000,1788374195.541
49.896,8.5618,5.0216,-0.1296,0.0000,0.0000,1788374195.560
49.916,8.5618,5.0216,-0.1296,0.0000,0.0000,1788374195.581
49.936,8.5618,5.0216,-0.1296,0.0000,0.0000,1788374195.601
49.957,8.5618,5.0216,-0.1296,0.0000,0.0000,1788374195.621
49.977,8.5618,5.0216,-0.1296,0.0000,0.0000,1788374195.641
49.996,8.5618,5.0216,-0.1296,0.0000,0.0000,1788374195.660
50.016,8.5618,5.0216,-0.1296,0.0000,0.0000,1788374195.680
50.037,8.5618,5.0216,-0.1296,0.0000,0.0000,1788374195.701
50.057,8.5618,5.0216,-0.1296,0.0000,0.0000,1788374195.721
50.076,8.5618,5.0216,-0.1296,0.0000,0.0000,1788374195.740
50.096,8.5618,5.0216,-0.1296,0.0000,0.0000,1788374195.760
50.116,8.5618,5.0216,-0.1296,0.0000,0.0000,1788374195.781
50.136,8.5618,5.0216,-0.1296,0.0000,0.0000,1788374195.801
50.157,8.5618,5.0216,-0.1296,0.0000,0.0000,1788374195.821
50.176,8.5618,5.0216,-0.1296,0.0000,0.0000,1788374195.840
50.196,8.5618,5.0216,-0.1296,0.0000,0.0000,1788374195.860
50.216,8.5618,5.0216,-0.1296,0.0000,0.0000,1788374195.881
50.236,8.5618,5.0216,-0.1296,0.0000,0.0000,1788374195.901
50.256,8.5618,5.0216,-0.1296,0.0000,0.0000,1788374195.920
50.276,8.5618,5.0216,-0.1296,0.0000,0.0000,1788374195.941
50.296,8.5618,5.0216,-0.1296,0.0000,0.0000,1788374195.960
50.316,8.5618,5.0216,-0.1296,0.0000,0.0000,1788374195.981
50.336,8.5618,5.0216,-0.1296,0.0000,0.0000,1788374196.001
50.356,8.5618,5.0216,-0.1296,0.0000,0.0000,1788374196.020
50.376,8.5618,5.0216,-0.1296,0.0000,0.0000,1788374196.041
50.396,8.5618,5.0216,-0.1296,0.0000,0.0000,1788374196.060
50.416,8.5618,5.0216,-0.1296,0.0000,0.0000,1788374196.080
50.436,8.5618,5.0216,-0.1296,0.0000,0.0000,1788374196.101
50.456,8.5618,5.0216,-0.1296,0.0000,0.0000,1788374196.121
50.476,8.5618,5.0216,-0.1296,0.0000,0.0000,1788374196.141
50.496,8.5618,5.0216,-0.1296,0.0000,0.0000,1788374196.160
50.516,8.5618,5.0216,-0.1296,0.0000,0.0000,1788374196.181
50.536,8.5618,5.0216,-0.1296,0.0000,0.0000,1788374196.201
50.557,8.5618,5.0216,-0.1296,0.0000,0.0000,1788374196.221
50.576,8.5618,5.0216,-0.1296,0.0000,0.0000,1788374196.241
50.596,8.5618,5.0216,-0.1296,0.0000,0.0000,1788374196.261
50.616,8.5618,5.0216,-0.1296,0.0000,0.0000,1788374196.280
50.636,8.5618,5.0216,-0.1296,0.0000,0.0000,1788374196.301
50.656,8.5618,5.0216,-0.1296,0.0000,0.0000,1788374196.321
50.676,8.5618,5.0216,-0.1296,0.0000,0.0000,1788374196.341
50.696,8.5618,5.0216,-0.1296,0.0000,0.0000,1788374196.361
50.716,8.5618,5.0216,-0.1296,0.0000,0.0000,1788374196.381
50.736,8.5618,5.0216,-0.1296,0.0000,0.0000,1788374196.401
50.756,8.5618,5.0216,-0.1296,0.0000,0.0000,1788374196.420
50.777,8.5618,5.0216,-0.1296,0.0000,0.0000,1788374196.442
50.797,8.5618,5.0216,-0.1296,0.0000,0.0000,1788374196.462
50.816,8.5618,5.0216,-0.1296,0.0000,0.0000,1788374196.481
50.836,8.5618,5.0216,-0.1296,0.0000,0.0000,1788374196.501
50.856,8.5618,5.0216,-0.1296,0.0000,0.0000,1788374196.521
50.876,8.5618,5.0216,-0.1296,0.0000,0.0000,1788374196.540
50.896,8.5618,5.0216,-0.1296,0.0000,0.0000,1788374196.560
50.916,8.5618,5.0216,-0.1296,0.0000,0.0000,1788374196.580
50.936,8.5618,5.0216,-0.1296,0.0000,0.0000,1788374196.601
50.957,8.5618,5.0216,-0.1296,0.0000,0.0000,1788374196.622
50.976,8.5618,5.0216,-0.1296,0.0000,0.0000,1788374196.640
50.996,8.5618,5.0216,-0.1296,0.0000,0.0000,1788374196.661
51.016,8.5618,5.0216,-0.1296,0.0000,0.0000,1788374196.680
51.036,8.5618,5.0216,-0.1296,0.0000,0.0000,1788374196.701
51.056,8.5618,5.0216,-0.1296,0.0000,0.0000,1788374196.721
51.076,8.5618,5.0216,-0.1296,0.0000,0.0000,1788374196.741
51.096,8.5618,5.0216,-0.1296,0.0000,0.0000,1788374196.761
51.116,8.5618,5.0216,-0.1296,0.0000,0.0000,1788374196.780
51.136,8.5618,5.0216,-0.1296,0.0000,0.0000,1788374196.801
51.157,8.5618,5.0216,-0.1296,0.0000,0.0000,1788374196.821
51.176,8.5618,5.0216,-0.1296,0.0000,0.0000,1788374196.840
51.196,8.5618,5.0216,-0.1296,0.0000,0.0000,1788374196.861
51.216,8.5618,5.0216,-0.1296,0.0000,0.0000,1788374196.880
51.236,8.5618,5.0216,-0.1296,0.0000,0.0000,1788374196.901
51.257,8.5618,5.0216,-0.1296,0.0000,0.0000,1788374196.921
51.276,8.5618,5.0216,-0.1296,0.0000,0.0000,1788374196.941
51.296,8.5618,5.0216,-0.1296,0.0000,0.0000,1788374196.961
51.316,8.5618,5.0216,-0.1296,0.0000,0.0000,1788374196.980
51.337,8.5618,5.0216,-0.1296,0.0000,0.0000,1788374197.001
51.357,8.5618,5.0216,-0.1296,0.0000,0.0000,1788374197.021
51.376,8.5618,5.0216,-0.1296,0.0000,0.0000,1788374197.040
51.396,8.5618,5.0216,-0.1296,0.0000,0.0000,1788374197.060
51.416,8.5618,5.0216,-0.1296,0.0000,0.0000,1788374197.081
51.436,8.5618,5.0216,-0.1296,0.0000,0.0000,1788374197.101
51.456,8.5618,5.0216,-0.1296,0.0000,0.0000,1788374197.121
51.476,8.5618,5.0216,-0.1296,0.0000,0.0000,1788374197.140
51.497,8.5618,5.0216,-0.1296,0.0000,0.0000,1788374197.161
51.516,8.5618,5.0216,-0.1296,0.0000,0.0000,1788374197.180
51.536,8.5618,5.0216,-0.1296,0.0000,0.0000,1788374197.200
51.556,8.5618,5.0216,-0.1296,0.0000,0.0000,1788374197.220
51.576,8.5618,5.0216,-0.1296,0.0000,0.0000,1788374197.241
51.596,8.5618,5.0216,-0.1296,0.0000,0.0000,1788374197.260
51.617,8.5618,5.0216,-0.1296,0.0000,0.0000,1788374197.281
51.636,8.5618,5.0216,-0.1296,0.0000,0.0000,1788374197.300
51.656,8.5618,5.0216,-0.1296,0.0000,0.0000,1788374197.321
51.676,8.5618,5.0216,-0.1296,0.0000,0.0000,1788374197.341
51.696,8.5618,5.0216,-0.1296,0.0000,0.0000,1788374197.361
51.716,8.5618,5.0216,-0.1296,0.0000,0.0000,1788374197.381
51.736,8.5618,5.0216,-0.1296,0.0000,0.0000,1788374197.401
51.757,8.5618,5.0216,-0.1296,0.0000,0.0000,1788374197.421
51.776,8.5618,5.0216,-0.1296,0.0000,0.0000,1788374197.440
51.796,8.5618,5.0216,-0.1296,0.0000,0.0000,1788374197.460
51.816,8.5618,5.0216,-0.1296,0.0000,0.0000,1788374197.481
51.836,8.5618,5.0216,-0.1296,0.0000,0.0000,1788374197.500
51.856,8.5618,5.0216,-0.1296,0.0000,0.0000,1788374197.520
51.876,8.5618,5.0216,-0.1296,0.0000,0.0000,1788374197.540
51.896,8.5618,5.0216,-0.1296,0.0000,0.0000,1788374197.560
51.916,8.5618,5.0216,-0.1296,0.0000,0.0000,1788374197.581
51.936,8.5618,5.0216,-0.1296,0.0000,0.0000,1788374197.600
51.957,8.5618,5.0216,-0.1296,0.0000,0.0000,1788374197.621
51.976,8.5618,5.0216,-0.1296,0.0000,0.0000,1788374197.641
51.996,8.5618,5.0216,-0.1296,0.0000,0.0000,1788374197.661
52.016,8.5618,5.0216,-0.1296,0.0000,0.0000,1788374197.680
52.036,8.5618,5.0216,-0.1296,0.0000,0.0000,1788374197.700
52.057,8.5618,5.0216,-0.1296,0.0000,0.0000,1788374197.721
52.076,8.5618,5.0216,-0.1296,0.0000,0.0000,1788374197.741
52.096,8.5618,5.0216,-0.1296,0.0000,0.0000,1788374197.761
52.116,8.5618,5.0216,-0.1296,0.0000,0.0000,1788374197.780
52.136,8.5618,5.0216,-0.1296,0.0000,0.0000,1788374197.800
52.157,8.5618,5.0216,-0.1296,0.0000,0.0000,1788374197.822
52.176,8.5618,5.0216,-0.1296,0.0000,0.0000,1788374197.840
52.196,8.5618,5.0216,-0.1296,0.0000,0.0000,1788374197.861
52.216,8.5618,5.0216,-0.1296,0.0000,0.0000,1788374197.880
52.236,8.5618,5.0216,-0.1296,0.0000,0.0000,1788374197.901
52.257,8.5618,5.0216,-0.1296,0.0000,0.0000,1788374197.921
52.276,8.5618,5.0216,-0.1296,0.0000,0.0000,1788374197.941
52.296,8.5618,5.0216,-0.1296,0.0000,0.0000,1788374197.960
52.316,8.5618,5.0216,-0.1296,0.0000,0.0000,1788374197.980
52.336,8.5618,5.0216,-0.1296,0.0000,0.0000,1788374198.001
52.356,8.5618,5.0216,-0.1296,0.0000,0.0000,1788374198.021
52.376,8.5618,5.0216,-0.1296,0.0000,0.0000,1788374198.041
52.396,8.5618,5.0216,-0.1296,0.0000,0.0000,1788374198.060
52.416,8.5618,5.0216,-0.1296,0.0000,0.0000,1788374198.081
52.436,8.5618,5.0216,-0.1296,0.0000,0.0000,1788374198.100
52.456,8.5618,5.0216,-0.1296,0.0000,0.0000,1788374198.120
52.476,8.5618,5.0216,-0.1296,0.0000,0.0000,1788374198.140
52.496,8.5618,5.0216,-0.1296,0.0000,0.0000,1788374198.160
52.516,8.5618,5.0216,-0.1296,0.0000,0.0000,1788374198.180
52.537,8.5618,5.0216,-0.1296,0.0000,0.0000,1788374198.201
52.556,8.5618,5.0216,-0.1296,0.0000,0.0000,1788374198.220
52.576,8.5618,5.0216,-0.1296,0.0000,0.0000,1788374198.240
52.596,8.5618,5.0216,-0.1296,0.0000,0.0000,1788374198.260
52.616,8.5618,5.0216,-0.1296,0.0000,0.0000,1788374198.281
52.636,8.5618,5.0216,-0.1296,0.0000,0.0000,1788374198.301
52.656,8.5618,5.0216,-0.1296,0.0000,0.0000,1788374198.321
52.676,8.5618,5.0216,-0.1296,0.0000,0.0000,1788374198.340
52.696,8.5618,5.0216,-0.1296,0.0000,0.0000,1788374198.360
52.716,8.5618,5.0216,-0.1296,0.0000,0.0000,1788374198.381
52.736,8.5618,5.0216,-0.1296,0.0000,0.0000,1788374198.401
52.756,8.5618,5.0216,-0.1296,0.0000,0.0000,1788374198.421
52.777,8.5618,5.0216,-0.1296,0.0000,0.0000,1788374198.441
52.796,8.5618,5.0216,-0.1296,0.0000,0.0000,1788374198.460
52.816,8.5618,5.0216,-0.1296,0.0000,0.0000,1788374198.480
52.836,8.5618,5.0216,-0.1296,0.0000,0.0000,1788374198.501
52.856,8.5618,5.0216,-0.1296,0.0000,0.0000,1788374198.520
52.876,8.5618,5.0216,-0.1296,0.0000,0.0000,1788374198.541
52.896,8.5618,5.0216,-0.1296,0.0000,0.0000,1788374198.560
52.916,8.5618,5.0216,-0.1296,0.0000,0.0000,1788374198.581
52.936,8.5618,5.0216,-0.1296,0.0000,0.0000,1788374198.601
52.956,8.5618,5.0216,-0.1296,0.0000,0.0000,1788374198.620
52.977,8.5618,5.0216,-0.1296,0.0000,0.0000,1788374198.641
52.996,8.5618,5.0216,-0.1296,0.0000,0.0000,1788374198.661
53.016,8.5618,5.0216,-0.1296,0.0000,0.0000,1788374198.681
53.036,8.5618,5.0216,-0.1296,0.0000,0.0000,1788374198.701
53.056,8.5618,5.0216,-0.1296,0.0000,0.0000,1788374198.720
53.077,8.5618,5.0216,-0.1296,0.0000,0.0000,1788374198.741
53.096,8.5618,5.0216,-0.1296,0.0000,0.0000,1788374198.761
53.116,8.5618,5.0216,-0.1296,0.0000,0.0000,1788374198.780
53.136,8.5618,5.0216,-0.1296,0.0000,0.0000,1788374198.801
53.156,8.5618,5.0216,-0.1296,0.0000,0.0000,1788374198.821
53.177,8.5618,5.0216,-0.1296,0.0000,0.0000,1788374198.842
53.196,8.5618,5.0216,-0.1296,0.0000,0.0000,1788374198.860
53.216,8.5618,5.0216,-0.1296,0.0000,0.0000,1788374198.880
53.236,8.5618,5.0216,-0.1296,0.0000,0.0000,1788374198.901
53.256,8.5618,5.0216,-0.1296,0.0000,0.0000,1788374198.921
53.276,8.5618,5.0216,-0.1296,0.0000,0.0000,1788374198.940
53.296,8.5618,5.0216,-0.1296,0.0000,0.0000,1788374198.961
53.316,8.5618,5.0216,-0.1296,0.0000,0.0000,1788374198.980
53.336,8.5618,5.0216,-0.1296,0.0000,0.0000,1788374199.000
53.356,8.5618,5.0216,-0.1296,0.0000,0.0000,1788374199.020
53.376,8.5618,5.0216,-0.1296,0.0000,0.0000,1788374199.041
53.396,8.5618,5.0216,-0.1296,0.0000,0.0000,1788374199.061
53.416,8.5618,5.0216,-0.1296,0.0000,0.0000,1788374199.080
53.436,8.5618,5.0216,-0.1296,0.0000,0.0000,1788374199.100
53.457,8.5618,5.0216,-0.1296,0.0000,0.0000,1788374199.121
53.476,8.5618,5.0216,-0.1296,0.0000,0.0000,1788374199.141
53.496,8.5618,5.0216,-0.1296,0.0000,0.0000,1788374199.161
53.516,8.5618,5.0216,-0.1296,0.0000,0.0000,1788374199.180
53.536,8.5618,5.0216,-0.1296,0.0000,0.0000,1788374199.201
53.556,8.5618,5.0216,-0.1296,0.0000,0.0000,1788374199.221
53.576,8.5618,5.0216,-0.1296,0.0000,0.0000,1788374199.241
53.596,8.5618,5.0216,-0.1296,0.0000,0.0000,1788374199.261
53.616,8.5618,5.0216,-0.1296,0.0000,0.0000,1788374199.280
53.636,8.5618,5.0216,-0.1296,0.0000,0.0000,1788374199.301
53.656,8.5618,5.0216,-0.1296,0.0000,0.0000,1788374199.321
53.676,8.5618,5.0216,-0.1296,0.0000,0.0000,1788374199.341
53.696,8.5618,5.0216,-0.1296,0.0000,0.0000,1788374199.360
53.716,8.5618,5.0216,-0.1296,0.0000,0.0000,1788374199.381
53.736,8.5618,5.0216,-0.1296,0.0000,0.0000,1788374199.400
53.757,8.5618,5.0216,-0.1296,0.0000,0.0000,1788374199.421
53.776,8.5618,5.0216,-0.1296,0.0000,0.0000,1788374199.441
53.796,8.5618,5.0216,-0.1296,0.0000,0.0000,1788374199.461
53.816,8.5618,5.0216,-0.1296,0.0000,0.0000,1788374199.481
53.836,8.5618,5.0216,-0.1296,0.0000,0.0000,1788374199.501
53.856,8.5618,5.0216,-0.1296,0.0000,0.0000,1788374199.521
53.877,8.5618,5.0216,-0.1296,0.0000,0.0000,1788374199.541
53.896,8.5618,5.0216,-0.1296,0.0000,0.0000,1788374199.560
53.916,8.5618,5.0216,-0.1296,0.0000,0.0000,1788374199.581
53.936,8.5618,5.0216,-0.1296,0.0000,0.0000,1788374199.601
53.956,8.5618,5.0216,-0.1296,0.0000,0.0000,1788374199.620
53.976,8.5618,5.0216,-0.1296,0.0000,0.0000,1788374199.640
53.997,8.5618,5.0216,-0.1296,0.0000,0.0000,1788374199.661
54.016,8.5618,5.0216,-0.1296,0.0000,0.0000,1788374199.680
54.036,8.5618,5.0216,-0.1296,0.0000,0.0000,1788374199.700
54.057,8.5618,5.0216,-0.1296,0.0000,0.0000,1788374199.721
54.076,8.5618,5.0216,-0.1296,0.0000,0.0000,1788374199.740
54.096,8.5618,5.0216,-0.1296,0.0000,0.0000,1788374199.761
54.116,8.5618,5.0216,-0.1296,0.0000,0.0000,1788374199.780
54.136,8.5618,5.0216,-0.1296,0.0000,0.0000,1788374199.801
54.156,8.5618,5.0216,-0.1296,0.0000,0.0000,1788374199.821
54.176,8.5618,5.0216,-0.1296,0.0000,0.0000,1788374199.841
54.197,8.5618,5.0216,-0.1296,0.0000,0.0000,1788374199.861
54.216,8.5618,5.0216,-0.1296,0.0000,0.0000,1788374199.880
54.236,8.5618,5.0216,-0.1296,0.0000,0.0000,1788374199.901
54.257,8.5618,5.0216,-0.1296,0.0000,0.0000,1788374199.921
54.276,8.5618,5.0216,-0.1296,0.0000,0.0000,1788374199.941
54.296,8.5618,5.0216,-0.1296,0.0000,0.0000,1788374199.961
54.316,8.5618,5.0216,-0.1296,0.0000,0.0000,1788374199.980
54.336,8.5618,5.0216,-0.1296,0.0000,0.0000,1788374200.001
54.357,8.5618,5.0216,-0.1296,0.0000,0.0000,1788374200.022
54.376,8.5618,5.0216,-0.1296,0.0000,0.0000,1788374200.040
54.396,8.5618,5.0216,-0.1296,0.0000,0.0000,1788374200.061
54.416,8.5618,5.0216,-0.1296,0.0000,0.0000,1788374200.080
54.436,8.5618,5.0216,-0.1296,0.0000,0.0000,1788374200.101
54.456,8.5618,5.0216,-0.1296,0.0000,0.0000,1788374200.121
54.476,8.5618,5.0216,-0.1296,0.0000,0.0000,1788374200.141
54.497,8.5618,5.0216,-0.1296,0.0000,0.0000,1788374200.162
54.516,8.5618,5.0216,-0.1296,0.0000,0.0000,1788374200.180
54.536,8.5618,5.0216,-0.1296,0.0000,0.0000,1788374200.200
54.556,8.5618,5.0216,-0.1296,0.0000,0.0000,1788374200.221
54.576,8.5618,5.0216,-0.1296,0.0000,0.0000,1788374200.241
54.596,8.5618,5.0216,-0.1296,0.0000,0.0000,1788374200.260
54.616,8.5618,5.0216,-0.1296,0.0000,0.0000,1788374200.280
54.636,8.5618,5.0216,-0.1296,0.0000,0.0000,1788374200.301
54.657,8.5618,5.0216,-0.1296,0.0000,0.0000,1788374200.321
54.676,8.5618,5.0216,-0.1296,0.0000,0.0000,1788374200.341
54.696,8.5618,5.0216,-0.1296,0.0000,0.0000,1788374200.360
54.716,8.5618,5.0216,-0.1296,0.0000,0.0000,1788374200.381
54.736,8.5618,5.0216,-0.1296,0.0000,0.0000,1788374200.400
54.757,8.5618,5.0216,-0.1296,0.0000,0.0000,1788374200.421
54.776,8.5618,5.0216,-0.1296,0.0000,0.0000,1788374200.440
54.796,8.5618,5.0216,-0.1296,0.0000,0.0000,1788374200.460
54.816,8.5618,5.0216,-0.1296,0.0000,0.0000,1788374200.481
54.836,8.5618,5.0216,-0.1296,0.0000,0.0000,1788374200.501
54.856,8.5618,5.0216,-0.1296,0.0000,0.0000,1788374200.521
54.877,8.5618,5.0216,-0.1296,0.0000,0.0000,1788374200.541
54.896,8.5618,5.0216,-0.1296,0.0000,0.0000,1788374200.561
54.916,8.5618,5.0216,-0.1296,0.0000,0.0000,1788374200.581
54.937,8.5618,5.0216,-0.1296,0.0000,0.0000,1788374200.601
54.956,8.5618,5.0216,-0.1296,0.0000,0.0000,1788374200.620
54.976,8.5618,5.0216,-0.1296,0.0000,0.0000,1788374200.640
54.996,8.5618,5.0216,-0.1296,0.0000,0.0000,1788374200.661
55.016,8.5618,5.0216,-0.1296,0.0000,0.0000,1788374200.680
55.036,8.5618,5.0216,-0.1296,0.0000,0.0000,1788374200.700
55.056,8.5618,5.0216,-0.1296,0.0000,0.0000,1788374200.720
55.076,8.5618,5.0216,-0.1296,0.0000,0.0000,1788374200.741
55.096,8.5618,5.0216,-0.1296,0.0000,0.0000,1788374200.761
55.116,8.5618,5.0216,-0.1296,0.0000,0.0000,1788374200.781
55.136,8.5618,5.0216,-0.1296,0.0000,0.0000,1788374200.801
55.156,8.5618,5.0216,-0.1296,0.0000,0.0000,1788374200.821
55.176,8.5618,5.0216,-0.1296,0.0000,0.0000,1788374200.841
55.196,8.5618,5.0216,-0.1296,0.0000,0.0000,1788374200.861
55.216,8.5618,5.0216,-0.1296,0.0000,0.0000,1788374200.880
55.236,8.5618,5.0216,-0.1296,0.0000,0.0000,1788374200.901
55.257,8.5618,5.0216,-0.1296,0.0000,0.0000,1788374200.921
55.276,8.5618,5.0216,-0.1296,0.0000,0.0000,1788374200.940
55.296,8.5618,5.0216,-0.1296,0.0000,0.0000,1788374200.960
55.316,8.5618,5.0216,-0.1296,0.0000,0.0000,1788374200.981
55.337,8.5618,5.0216,-0.1296,0.0000,0.0000,1788374201.001
55.357,8.5618,5.0216,-0.1296,0.0000,0.0000,1788374201.021
